SA1_CODE_DIV,DIVISION,SA2_CODE,SA2_NAME,SA1_CODE,SA1_7_CODE,ACTUAL,PROJECTED
30101100101-BOW,BOWMAN,301011001,Alexandra Hills,30101100101,3100101,322,316
30101100102-BOW,BOWMAN,301011001,Alexandra Hills,30101100102,3100102,225,223
30101100103-BOW,BOWMAN,301011001,Alexandra Hills,30101100103,3100103,450,471
30101100104-BOW,BOWMAN,301011001,Alexandra Hills,30101100104,3100104,298,302
30101100105-BOW,BOWMAN,301011001,Alexandra Hills,30101100105,3100105,159,164
30101100106-BOW,BOWMAN,301011001,Alexandra Hills,30101100106,3100106,193,196
30101100107-BOW,BOWMAN,301011001,Alexandra Hills,30101100107,3100107,180,179
30101100108-BOW,BOWMAN,301011001,Alexandra Hills,30101100108,3100108,314,302
30101100109-BOW,BOWMAN,301011001,Alexandra Hills,30101100109,3100109,348,353
30101100110-BOW,BOWMAN,301011001,Alexandra Hills,30101100110,3100110,306,303
30101100111-BOW,BOWMAN,301011001,Alexandra Hills,30101100111,3100111,386,382
30101100112-BOW,BOWMAN,301011001,Alexandra Hills,30101100112,3100112,191,198
30101100113-BOW,BOWMAN,301011001,Alexandra Hills,30101100113,3100113,215,222
30101100114-BOW,BOWMAN,301011001,Alexandra Hills,30101100114,3100114,364,364
30101100115-BOW,BOWMAN,301011001,Alexandra Hills,30101100115,3100115,342,346
30101100116-BOW,BOWMAN,301011001,Alexandra Hills,30101100116,3100116,405,403
30101100117-BOW,BOWMAN,301011001,Alexandra Hills,30101100117,3100117,447,467
30101100118-BOW,BOWMAN,301011001,Alexandra Hills,30101100118,3100118,376,375
30101100119-BOW,BOWMAN,301011001,Alexandra Hills,30101100119,3100119,323,323
30101100120-BOW,BOWMAN,301011001,Alexandra Hills,30101100120,3100120,208,200
30101100121-BOW,BOWMAN,301011001,Alexandra Hills,30101100121,3100121,353,348
30101100122-BOW,BOWMAN,301011001,Alexandra Hills,30101100122,3100122,281,278
30101100123-BOW,BOWMAN,301011001,Alexandra Hills,30101100123,3100123,370,377
30101100124-BOW,BOWMAN,301011001,Alexandra Hills,30101100124,3100124,177,184
30101100125-BOW,BOWMAN,301011001,Alexandra Hills,30101100125,3100125,220,229
30101100126-BOW,BOWMAN,301011001,Alexandra Hills,30101100126,3100126,258,253
30101100127-BOW,BOWMAN,301011001,Alexandra Hills,30101100127,3100127,188,185
30101100128-BOW,BOWMAN,301011001,Alexandra Hills,30101100128,3100128,307,303
30101100129-BOW,BOWMAN,301011001,Alexandra Hills,30101100129,3100129,281,285
30101100130-BOW,BOWMAN,301011001,Alexandra Hills,30101100130,3100130,402,401
30101100131-BOW,BOWMAN,301011001,Alexandra Hills,30101100131,3100131,296,292
30101100132-BOW,BOWMAN,301011001,Alexandra Hills,30101100132,3100132,132,131
30101100133-BOW,BOWMAN,301011001,Alexandra Hills,30101100133,3100133,322,314
30101100134-BOW,BOWMAN,301011001,Alexandra Hills,30101100134,3100134,241,233
30101100135-BOW,BOWMAN,301011001,Alexandra Hills,30101100135,3100135,251,258
30101100136-BOW,BOWMAN,301011001,Alexandra Hills,30101100136,3100136,311,313
30101100137-BOW,BOWMAN,301011001,Alexandra Hills,30101100137,3100137,218,217
30101100138-BOW,BOWMAN,301011001,Alexandra Hills,30101100138,3100138,176,172
30101100139-BOW,BOWMAN,301011001,Alexandra Hills,30101100139,3100139,313,327
30101100140-BOW,BOWMAN,301011001,Alexandra Hills,30101100140,3100140,347,351
30101100141-BOW,BOWMAN,301011001,Alexandra Hills,30101100141,3100141,290,308
30101100142-BOW,BOWMAN,301011001,Alexandra Hills,30101100142,3100142,259,264
30101100143-BOW,BOWMAN,301011001,Alexandra Hills,30101100143,3100143,0,0
30101100144-BOW,BOWMAN,301011001,Alexandra Hills,30101100144,3100144,0,0
30101100145-BOW,BOWMAN,301011001,Alexandra Hills,30101100145,3100145,293,289
30101100201-BON,BONNER,301011002,Belmont - Gumdale,30101100201,3100201,209,206
30101100202-BON,BONNER,301011002,Belmont - Gumdale,30101100202,3100202,322,315
30101100203-BON,BONNER,301011002,Belmont - Gumdale,30101100203,3100203,217,218
30101100204-BON,BONNER,301011002,Belmont - Gumdale,30101100204,3100204,416,433
30101100205-BON,BONNER,301011002,Belmont - Gumdale,30101100205,3100205,317,314
30101100206-BON,BONNER,301011002,Belmont - Gumdale,30101100206,3100206,413,424
30101100207-BON,BONNER,301011002,Belmont - Gumdale,30101100207,3100207,185,186
30101100208-BON,BONNER,301011002,Belmont - Gumdale,30101100208,3100208,219,227
30101100209-BON,BONNER,301011002,Belmont - Gumdale,30101100209,3100209,323,317
30101100210-BON,BONNER,301011002,Belmont - Gumdale,30101100210,3100210,290,311
30101100211-BON,BONNER,301011002,Belmont - Gumdale,30101100211,3100211,7,7
30101100212-BON,BONNER,301011002,Belmont - Gumdale,30101100212,3100212,188,180
30101100213-BON,BONNER,301011002,Belmont - Gumdale,30101100213,3100213,377,368
30101100214-BON,BONNER,301011002,Belmont - Gumdale,30101100214,3100214,165,162
30101100215-BON,BONNER,301011002,Belmont - Gumdale,30101100215,3100215,333,322
30101100216-BON,BONNER,301011002,Belmont - Gumdale,30101100216,3100216,258,252
30101100217-BON,BONNER,301011002,Belmont - Gumdale,30101100217,3100217,92,89
30101100218-BON,BONNER,301011002,Belmont - Gumdale,30101100218,3100218,238,229
30101100219-BON,BONNER,301011002,Belmont - Gumdale,30101100219,3100219,498,502
30101100220-BON,BONNER,301011002,Belmont - Gumdale,30101100220,3100220,219,223
30101100221-BON,BONNER,301011002,Belmont - Gumdale,30101100221,3100221,305,293
30101100301-BOW,BOWMAN,301011003,Birkdale,30101100301,3100301,305,295
30101100302-BOW,BOWMAN,301011003,Birkdale,30101100302,3100302,406,414
30101100303-BOW,BOWMAN,301011003,Birkdale,30101100303,3100303,368,370
30101100304-BOW,BOWMAN,301011003,Birkdale,30101100304,3100304,478,485
30101100305-BOW,BOWMAN,301011003,Birkdale,30101100305,3100305,356,368
30101100306-BOW,BOWMAN,301011003,Birkdale,30101100306,3100306,372,384
30101100307-BOW,BOWMAN,301011003,Birkdale,30101100307,3100307,475,478
30101100308-BOW,BOWMAN,301011003,Birkdale,30101100308,3100308,206,217
30101100309-BOW,BOWMAN,301011003,Birkdale,30101100309,3100309,214,214
30101100310-BOW,BOWMAN,301011003,Birkdale,30101100310,3100310,545,548
30101100311-BOW,BOWMAN,301011003,Birkdale,30101100311,3100311,364,383
30101100312-BOW,BOWMAN,301011003,Birkdale,30101100312,3100312,220,231
30101100313-BOW,BOWMAN,301011003,Birkdale,30101100313,3100313,360,369
30101100314-BOW,BOWMAN,301011003,Birkdale,30101100314,3100314,298,288
30101100315-BOW,BOWMAN,301011003,Birkdale,30101100315,3100315,288,305
30101100316-BOW,BOWMAN,301011003,Birkdale,30101100316,3100316,560,551
30101100317-BOW,BOWMAN,301011003,Birkdale,30101100317,3100317,395,420
30101100318-BOW,BOWMAN,301011003,Birkdale,30101100318,3100318,295,297
30101100319-BOW,BOWMAN,301011003,Birkdale,30101100319,3100319,352,364
30101100320-BOW,BOWMAN,301011003,Birkdale,30101100320,3100320,347,363
30101100321-BOW,BOWMAN,301011003,Birkdale,30101100321,3100321,404,403
30101100322-BOW,BOWMAN,301011003,Birkdale,30101100322,3100322,234,237
30101100323-BOW,BOWMAN,301011003,Birkdale,30101100323,3100323,397,392
30101100324-BOW,BOWMAN,301011003,Birkdale,30101100324,3100324,447,458
30101100325-BOW,BOWMAN,301011003,Birkdale,30101100325,3100325,444,444
30101100326-BOW,BOWMAN,301011003,Birkdale,30101100326,3100326,3,3
30101100327-BOW,BOWMAN,301011003,Birkdale,30101100327,3100327,17,16
30101100328-BOW,BOWMAN,301011003,Birkdale,30101100328,3100328,246,238
30101100329-BOW,BOWMAN,301011003,Birkdale,30101100329,3100329,272,265
30101100330-BOW,BOWMAN,301011003,Birkdale,30101100330,3100330,300,298
30101100331-BOW,BOWMAN,301011003,Birkdale,30101100331,3100331,242,257
30101100332-BOW,BOWMAN,301011003,Birkdale,30101100332,3100332,312,302
30101100333-BOW,BOWMAN,301011003,Birkdale,30101100333,3100333,205,209
30101100334-BOW,BOWMAN,301011003,Birkdale,30101100334,3100334,237,256
30101100335-BOW,BOWMAN,301011003,Birkdale,30101100335,3100335,507,514
30101100336-BOW,BOWMAN,301011003,Birkdale,30101100336,3100336,289,293
30101100401-BOW,BOWMAN,301011004,Capalaba,30101100401,3100401,320,320
30101100402-BOW,BOWMAN,301011004,Capalaba,30101100402,3100402,424,410
30101100403-BOW,BOWMAN,301011004,Capalaba,30101100403,3100403,442,446
30101100404-BOW,BOWMAN,301011004,Capalaba,30101100404,3100404,425,420
30101100405-BOW,BOWMAN,301011004,Capalaba,30101100405,3100405,345,333
30101100406-BOW,BOWMAN,301011004,Capalaba,30101100406,3100406,204,202
30101100407-BOW,BOWMAN,301011004,Capalaba,30101100407,3100407,289,289
30101100408-BOW,BOWMAN,301011004,Capalaba,30101100408,3100408,373,372
30101100409-BOW,BOWMAN,301011004,Capalaba,30101100409,3100409,425,434
30101100410-BOW,BOWMAN,301011004,Capalaba,30101100410,3100410,430,428
30101100411-BOW,BOWMAN,301011004,Capalaba,30101100411,3100411,184,190
30101100412-BOW,BOWMAN,301011004,Capalaba,30101100412,3100412,185,184
30101100413-BOW,BOWMAN,301011004,Capalaba,30101100413,3100413,370,356
30101100414-BOW,BOWMAN,301011004,Capalaba,30101100414,3100414,197,202
30101100415-BOW,BOWMAN,301011004,Capalaba,30101100415,3100415,227,221
30101100416-BOW,BOWMAN,301011004,Capalaba,30101100416,3100416,276,294
30101100417-BOW,BOWMAN,301011004,Capalaba,30101100417,3100417,332,340
30101100418-BOW,BOWMAN,301011004,Capalaba,30101100418,3100418,199,193
30101100419-BOW,BOWMAN,301011004,Capalaba,30101100419,3100419,234,227
30101100420-BOW,BOWMAN,301011004,Capalaba,30101100420,3100420,284,273
30101100421-BOW,BOWMAN,301011004,Capalaba,30101100421,3100421,396,394
30101100422-BOW,BOWMAN,301011004,Capalaba,30101100422,3100422,123,126
30101100423-BOW,BOWMAN,301011004,Capalaba,30101100423,3100423,190,194
30101100424-BOW,BOWMAN,301011004,Capalaba,30101100424,3100424,195,188
30101100425-BOW,BOWMAN,301011004,Capalaba,30101100425,3100425,223,229
30101100426-BOW,BOWMAN,301011004,Capalaba,30101100426,3100426,416,411
30101100428-BOW,BOWMAN,301011004,Capalaba,30101100428,3100428,330,329
30101100429-BOW,BOWMAN,301011004,Capalaba,30101100429,3100429,202,197
30101100430-BOW,BOWMAN,301011004,Capalaba,30101100430,3100430,465,486
30101100431-BOW,BOWMAN,301011004,Capalaba,30101100431,3100431,417,420
30101100432-BOW,BOWMAN,301011004,Capalaba,30101100432,3100432,90,87
30101100433-BOW,BOWMAN,301011004,Capalaba,30101100433,3100433,344,350
30101100434-BOW,BOWMAN,301011004,Capalaba,30101100434,3100434,329,344
30101100435-BOW,BOWMAN,301011004,Capalaba,30101100435,3100435,287,285
30101100436-BOW,BOWMAN,301011004,Capalaba,30101100436,3100436,245,237
30101100437-BOW,BOWMAN,301011004,Capalaba,30101100437,3100437,1,1
30101100439-BOW,BOWMAN,301011004,Capalaba,30101100439,3100439,379,381
30101100440-BOW,BOWMAN,301011004,Capalaba,30101100440,3100440,318,331
30101100441-BOW,BOWMAN,301011004,Capalaba,30101100441,3100441,245,240
30101100442-BOW,BOWMAN,301011004,Capalaba,30101100442,3100442,413,423
30101100443-BOW,BOWMAN,301011004,Capalaba,30101100443,3100443,291,304
30101100444-BOW,BOWMAN,301011004,Capalaba,30101100444,3100444,247,250
30101100445-BOW,BOWMAN,301011004,Capalaba,30101100445,3100445,250,268
30101100446-BOW,BOWMAN,301011004,Capalaba,30101100446,3100446,318,330
30101100447-BOW,BOWMAN,301011004,Capalaba,30101100447,3100447,448,444
30101100448-BOW,BOWMAN,301011004,Capalaba,30101100448,3100448,328,318
30101100501-BOW,BOWMAN,301011005,Thorneside,30101100501,3100501,344,356
30101100502-BOW,BOWMAN,301011005,Thorneside,30101100502,3100502,353,349
30101100503-BOW,BOWMAN,301011005,Thorneside,30101100503,3100503,340,361
30101100504-BOW,BOWMAN,301011005,Thorneside,30101100504,3100504,304,314
30101100505-BOW,BOWMAN,301011005,Thorneside,30101100505,3100505,224,223
30101100506-BOW,BOWMAN,301011005,Thorneside,30101100506,3100506,96,98
30101100507-BOW,BOWMAN,301011005,Thorneside,30101100507,3100507,333,346
30101100508-BOW,BOWMAN,301011005,Thorneside,30101100508,3100508,399,402
30101100509-BOW,BOWMAN,301011005,Thorneside,30101100509,3100509,220,225
30101100510-BOW,BOWMAN,301011005,Thorneside,30101100510,3100510,257,256
30101100601-BOW,BOWMAN,301011006,Wellington Point,30101100601,3100601,328,331
30101100602-BOW,BOWMAN,301011006,Wellington Point,30101100602,3100602,148,157
30101100603-BOW,BOWMAN,301011006,Wellington Point,30101100603,3100603,258,263
30101100604-BOW,BOWMAN,301011006,Wellington Point,30101100604,3100604,610,615
30101100605-BOW,BOWMAN,301011006,Wellington Point,30101100605,3100605,283,286
30101100606-BOW,BOWMAN,301011006,Wellington Point,30101100606,3100606,359,359
30101100607-BOW,BOWMAN,301011006,Wellington Point,30101100607,3100607,301,308
30101100609-BOW,BOWMAN,301011006,Wellington Point,30101100609,3100609,475,479
30101100610-BOW,BOWMAN,301011006,Wellington Point,30101100610,3100610,249,252
30101100611-BOW,BOWMAN,301011006,Wellington Point,30101100611,3100611,367,371
30101100612-BOW,BOWMAN,301011006,Wellington Point,30101100612,3100612,514,522
30101100613-BOW,BOWMAN,301011006,Wellington Point,30101100613,3100613,419,424
30101100614-BOW,BOWMAN,301011006,Wellington Point,30101100614,3100614,509,508
30101100615-BOW,BOWMAN,301011006,Wellington Point,30101100615,3100615,522,522
30101100616-BOW,BOWMAN,301011006,Wellington Point,30101100616,3100616,382,391
30101100617-BOW,BOWMAN,301011006,Wellington Point,30101100617,3100617,324,333
30101100618-BOW,BOWMAN,301011006,Wellington Point,30101100618,3100618,557,580
30101100619-BOW,BOWMAN,301011006,Wellington Point,30101100619,3100619,489,497
30101100620-BOW,BOWMAN,301011006,Wellington Point,30101100620,3100620,295,307
30101100621-BOW,BOWMAN,301011006,Wellington Point,30101100621,3100621,577,600
30101100622-BOW,BOWMAN,301011006,Wellington Point,30101100622,3100622,314,315
30101100623-BOW,BOWMAN,301011006,Wellington Point,30101100623,3100623,317,319
30101100625-BOW,BOWMAN,301011006,Wellington Point,30101100625,3100625,626,641
30101100626-BOW,BOWMAN,301011006,Wellington Point,30101100626,3100626,0,0
30102100701-BOW,BOWMAN,301021007,Cleveland,30102100701,3100701,221,232
30102100702-BOW,BOWMAN,301021007,Cleveland,30102100702,3100702,232,234
30102100703-BOW,BOWMAN,301021007,Cleveland,30102100703,3100703,383,401
30102100704-BOW,BOWMAN,301021007,Cleveland,30102100704,3100704,379,386
30102100705-BOW,BOWMAN,301021007,Cleveland,30102100705,3100705,334,334
30102100706-BOW,BOWMAN,301021007,Cleveland,30102100706,3100706,581,584
30102100707-BOW,BOWMAN,301021007,Cleveland,30102100707,3100707,302,313
30102100708-BOW,BOWMAN,301021007,Cleveland,30102100708,3100708,370,386
30102100709-BOW,BOWMAN,301021007,Cleveland,30102100709,3100709,318,309
30102100710-BOW,BOWMAN,301021007,Cleveland,30102100710,3100710,400,396
30102100711-BOW,BOWMAN,301021007,Cleveland,30102100711,3100711,325,337
30102100712-BOW,BOWMAN,301021007,Cleveland,30102100712,3100712,406,415
30102100713-BOW,BOWMAN,301021007,Cleveland,30102100713,3100713,398,395
30102100714-BOW,BOWMAN,301021007,Cleveland,30102100714,3100714,174,180
30102100715-BOW,BOWMAN,301021007,Cleveland,30102100715,3100715,511,507
30102100717-BOW,BOWMAN,301021007,Cleveland,30102100717,3100717,184,187
30102100718-BOW,BOWMAN,301021007,Cleveland,30102100718,3100718,385,405
30102100719-BOW,BOWMAN,301021007,Cleveland,30102100719,3100719,446,474
30102100720-BOW,BOWMAN,301021007,Cleveland,30102100720,3100720,281,287
30102100721-BOW,BOWMAN,301021007,Cleveland,30102100721,3100721,265,278
30102100722-BOW,BOWMAN,301021007,Cleveland,30102100722,3100722,315,322
30102100723-BOW,BOWMAN,301021007,Cleveland,30102100723,3100723,228,228
30102100724-BOW,BOWMAN,301021007,Cleveland,30102100724,3100724,268,279
30102100726-BOW,BOWMAN,301021007,Cleveland,30102100726,3100726,729,758
30102100727-BOW,BOWMAN,301021007,Cleveland,30102100727,3100727,422,410
30102100728-BOW,BOWMAN,301021007,Cleveland,30102100728,3100728,93,95
30102100729-BOW,BOWMAN,301021007,Cleveland,30102100729,3100729,1,1
30102100730-BOW,BOWMAN,301021007,Cleveland,30102100730,3100730,470,480
30102100731-BOW,BOWMAN,301021007,Cleveland,30102100731,3100731,497,483
30102100732-BOW,BOWMAN,301021007,Cleveland,30102100732,3100732,233,241
30102100733-BOW,BOWMAN,301021007,Cleveland,30102100733,3100733,259,273
30102100734-BOW,BOWMAN,301021007,Cleveland,30102100734,3100734,249,269
30102100735-BOW,BOWMAN,301021007,Cleveland,30102100735,3100735,400,410
30102100736-BOW,BOWMAN,301021007,Cleveland,30102100736,3100736,276,277
30102100737-BOW,BOWMAN,301021007,Cleveland,30102100737,3100737,287,306
30102100738-BOW,BOWMAN,301021007,Cleveland,30102100738,3100738,406,413
30102100739-BOW,BOWMAN,301021007,Cleveland,30102100739,3100739,249,242
30102100740-BOW,BOWMAN,301021007,Cleveland,30102100740,3100740,291,317
30102100741-BOW,BOWMAN,301021007,Cleveland,30102100741,3100741,284,306
30102100742-BOW,BOWMAN,301021007,Cleveland,30102100742,3100742,157,161
30102100801-BOW,BOWMAN,301021008,Ormiston,30102100801,3100801,452,464
30102100803-BOW,BOWMAN,301021008,Ormiston,30102100803,3100803,327,355
30102100804-BOW,BOWMAN,301021008,Ormiston,30102100804,3100804,536,553
30102100805-BOW,BOWMAN,301021008,Ormiston,30102100805,3100805,512,542
30102100806-BOW,BOWMAN,301021008,Ormiston,30102100806,3100806,483,516
30102100808-BOW,BOWMAN,301021008,Ormiston,30102100808,3100808,572,589
30102100809-BOW,BOWMAN,301021008,Ormiston,30102100809,3100809,548,574
30102100811-BOW,BOWMAN,301021008,Ormiston,30102100811,3100811,326,339
30102100812-BOW,BOWMAN,301021008,Ormiston,30102100812,3100812,352,377
30102100813-BOW,BOWMAN,301021008,Ormiston,30102100813,3100813,236,248
30102100814-BOW,BOWMAN,301021008,Ormiston,30102100814,3100814,357,376
30102100815-BOW,BOWMAN,301021008,Ormiston,30102100815,3100815,534,554
30102100901-BOW,BOWMAN,301021009,Redland Bay,30102100901,3100901,336,366
30102100902-BOW,BOWMAN,301021009,Redland Bay,30102100902,3100902,442,428
30102100903-BOW,BOWMAN,301021009,Redland Bay,30102100903,3100903,532,533
30102100904-BOW,BOWMAN,301021009,Redland Bay,30102100904,3100904,594,624
30102100905-BOW,BOWMAN,301021009,Redland Bay,30102100905,3100905,275,276
30102100906-BOW,BOWMAN,301021009,Redland Bay,30102100906,3100906,439,449
30102100907-BOW,BOWMAN,301021009,Redland Bay,30102100907,3100907,687,729
30102100908-BOW,BOWMAN,301021009,Redland Bay,30102100908,3100908,455,472
30102100909-BOW,BOWMAN,301021009,Redland Bay,30102100909,3100909,226,235
30102100910-BOW,BOWMAN,301021009,Redland Bay,30102100910,3100910,218,224
30102100912-BOW,BOWMAN,301021009,Redland Bay,30102100912,3100912,247,253
30102100913-BOW,BOWMAN,301021009,Redland Bay,30102100913,3100913,312,321
30102100915-BOW,BOWMAN,301021009,Redland Bay,30102100915,3100915,392,406
30102100916-BOW,BOWMAN,301021009,Redland Bay,30102100916,3100916,393,380
30102100917-BOW,BOWMAN,301021009,Redland Bay,30102100917,3100917,170,172
30102100920-BOW,BOWMAN,301021009,Redland Bay,30102100920,3100920,421,427
30102100921-BOW,BOWMAN,301021009,Redland Bay,30102100921,3100921,0,0
30102100922-BOW,BOWMAN,301021009,Redland Bay,30102100922,3100922,417,422
30102100923-BOW,BOWMAN,301021009,Redland Bay,30102100923,3100923,399,404
30102100924-BOW,BOWMAN,301021009,Redland Bay,30102100924,3100924,484,468
30102100925-BOW,BOWMAN,301021009,Redland Bay,30102100925,3100925,346,343
30102100926-BOW,BOWMAN,301021009,Redland Bay,30102100926,3100926,548,605
30102100927-BOW,BOWMAN,301021009,Redland Bay,30102100927,3100927,225,232
30102100929-BOW,BOWMAN,301021009,Redland Bay,30102100929,3100929,254,259
30102100930-BOW,BOWMAN,301021009,Redland Bay,30102100930,3100930,225,229
30102100931-BOW,BOWMAN,301021009,Redland Bay,30102100931,3100931,0,0
30102100932-BOW,BOWMAN,301021009,Redland Bay,30102100932,3100932,320,310
30102100933-BOW,BOWMAN,301021009,Redland Bay,30102100933,3100933,255,279
30102100934-BOW,BOWMAN,301021009,Redland Bay,30102100934,3100934,314,334
30102100936-BOW,BOWMAN,301021009,Redland Bay,30102100936,3100936,218,238
30102100937-BOW,BOWMAN,301021009,Redland Bay,30102100937,3100937,313,320
30102100938-BOW,BOWMAN,301021009,Redland Bay,30102100938,3100938,462,447
30102100939-BOW,BOWMAN,301021009,Redland Bay,30102100939,3100939,371,359
30102100940-BOW,BOWMAN,301021009,Redland Bay,30102100940,3100940,543,586
30102100941-BOW,BOWMAN,301021009,Redland Bay,30102100941,3100941,599,617
30102100942-BOW,BOWMAN,301021009,Redland Bay,30102100942,3100942,283,295
30102100943-BOW,BOWMAN,301021009,Redland Bay,30102100943,3100943,286,283
30102100944-BOW,BOWMAN,301021009,Redland Bay,30102100944,3100944,282,283
30102100945-BOW,BOWMAN,301021009,Redland Bay,30102100945,3100945,238,252
30102100946-BOW,BOWMAN,301021009,Redland Bay,30102100946,3100946,909,1156
30102101101-BOW,BOWMAN,301021011,Sheldon - Mount Cotton,30102101101,3101101,302,309
30102101102-BOW,BOWMAN,301021011,Sheldon - Mount Cotton,30102101102,3101102,235,229
30102101103-BOW,BOWMAN,301021011,Sheldon - Mount Cotton,30102101103,3101103,230,235
30102101105-BOW,BOWMAN,301021011,Sheldon - Mount Cotton,30102101105,3101105,208,204
30102101106-BOW,BOWMAN,301021011,Sheldon - Mount Cotton,30102101106,3101106,176,177
30102101107-BOW,BOWMAN,301021011,Sheldon - Mount Cotton,30102101107,3101107,349,349
30102101108-BOW,BOWMAN,301021011,Sheldon - Mount Cotton,30102101108,3101108,280,282
30102101109-BOW,BOWMAN,301021011,Sheldon - Mount Cotton,30102101109,3101109,202,219
30102101110-BOW,BOWMAN,301021011,Sheldon - Mount Cotton,30102101110,3101110,443,463
30102101112-BOW,BOWMAN,301021011,Sheldon - Mount Cotton,30102101112,3101112,161,164
30102101114-BOW,BOWMAN,301021011,Sheldon - Mount Cotton,30102101114,3101114,373,368
30102101115-BOW,BOWMAN,301021011,Sheldon - Mount Cotton,30102101115,3101115,306,300
30102101116-BOW,BOWMAN,301021011,Sheldon - Mount Cotton,30102101116,3101116,476,468
30102101117-BOW,BOWMAN,301021011,Sheldon - Mount Cotton,30102101117,3101117,644,664
30102101118-BOW,BOWMAN,301021011,Sheldon - Mount Cotton,30102101118,3101118,400,413
30102101119-BOW,BOWMAN,301021011,Sheldon - Mount Cotton,30102101119,3101119,285,309
30102101120-BOW,BOWMAN,301021011,Sheldon - Mount Cotton,30102101120,3101120,265,264
30102101121-BOW,BOWMAN,301021011,Sheldon - Mount Cotton,30102101121,3101121,762,764
30102101202-BOW,BOWMAN,301021012,Thornlands,30102101202,3101202,315,352
30102101204-BOW,BOWMAN,301021012,Thornlands,30102101204,3101204,354,363
30102101206-BOW,BOWMAN,301021012,Thornlands,30102101206,3101206,259,280
30102101208-BOW,BOWMAN,301021012,Thornlands,30102101208,3101208,537,585
30102101209-BOW,BOWMAN,301021012,Thornlands,30102101209,3101209,383,403
30102101210-BOW,BOWMAN,301021012,Thornlands,30102101210,3101210,446,466
30102101211-BOW,BOWMAN,301021012,Thornlands,30102101211,3101211,342,364
30102101212-BOW,BOWMAN,301021012,Thornlands,30102101212,3101212,325,349
30102101213-BOW,BOWMAN,301021012,Thornlands,30102101213,3101213,447,463
30102101214-BOW,BOWMAN,301021012,Thornlands,30102101214,3101214,255,276
30102101215-BOW,BOWMAN,301021012,Thornlands,30102101215,3101215,253,271
30102101216-BOW,BOWMAN,301021012,Thornlands,30102101216,3101216,192,199
30102101217-BOW,BOWMAN,301021012,Thornlands,30102101217,3101217,265,280
30102101218-BOW,BOWMAN,301021012,Thornlands,30102101218,3101218,179,195
30102101219-BOW,BOWMAN,301021012,Thornlands,30102101219,3101219,342,353
30102101220-BOW,BOWMAN,301021012,Thornlands,30102101220,3101220,196,200
30102101221-BOW,BOWMAN,301021012,Thornlands,30102101221,3101221,338,362
30102101222-BOW,BOWMAN,301021012,Thornlands,30102101222,3101222,229,252
30102101223-BOW,BOWMAN,301021012,Thornlands,30102101223,3101223,277,293
30102101224-BOW,BOWMAN,301021012,Thornlands,30102101224,3101224,166,171
30102101227-BOW,BOWMAN,301021012,Thornlands,30102101227,3101227,209,218
30102101228-BOW,BOWMAN,301021012,Thornlands,30102101228,3101228,294,305
30102101229-BOW,BOWMAN,301021012,Thornlands,30102101229,3101229,343,351
30102101230-BOW,BOWMAN,301021012,Thornlands,30102101230,3101230,320,338
30102101231-BOW,BOWMAN,301021012,Thornlands,30102101231,3101231,275,286
30102101232-BOW,BOWMAN,301021012,Thornlands,30102101232,3101232,199,217
30102101233-BOW,BOWMAN,301021012,Thornlands,30102101233,3101233,299,302
30102101234-BOW,BOWMAN,301021012,Thornlands,30102101234,3101234,317,335
30102101235-BOW,BOWMAN,301021012,Thornlands,30102101235,3101235,230,233
30102101236-BOW,BOWMAN,301021012,Thornlands,30102101236,3101236,277,288
30102101239-BOW,BOWMAN,301021012,Thornlands,30102101239,3101239,413,450
30102101240-BOW,BOWMAN,301021012,Thornlands,30102101240,3101240,395,401
30102101241-BOW,BOWMAN,301021012,Thornlands,30102101241,3101241,497,522
30102101242-BOW,BOWMAN,301021012,Thornlands,30102101242,3101242,580,571
30102101243-BOW,BOWMAN,301021012,Thornlands,30102101243,3101243,95,100
30102101244-BOW,BOWMAN,301021012,Thornlands,30102101244,3101244,228,224
30102101245-BOW,BOWMAN,301021012,Thornlands,30102101245,3101245,343,360
30102101246-BOW,BOWMAN,301021012,Thornlands,30102101246,3101246,435,456
30102101247-BOW,BOWMAN,301021012,Thornlands,30102101247,3101247,317,325
30102101248-BOW,BOWMAN,301021012,Thornlands,30102101248,3101248,279,275
30102101249-BOW,BOWMAN,301021012,Thornlands,30102101249,3101249,267,263
30102101250-BOW,BOWMAN,301021012,Thornlands,30102101250,3101250,468,474
30102101251-BOW,BOWMAN,301021012,Thornlands,30102101251,3101251,676,752
30102101252-BOW,BOWMAN,301021012,Thornlands,30102101252,3101252,420,474
30102101301-BOW,BOWMAN,301021013,Victoria Point,30102101301,3101301,220,218
30102101302-BOW,BOWMAN,301021013,Victoria Point,30102101302,3101302,208,207
30102101303-BOW,BOWMAN,301021013,Victoria Point,30102101303,3101303,276,279
30102101304-BOW,BOWMAN,301021013,Victoria Point,30102101304,3101304,437,434
30102101305-BOW,BOWMAN,301021013,Victoria Point,30102101305,3101305,564,563
30102101306-BOW,BOWMAN,301021013,Victoria Point,30102101306,3101306,1217,1339
30102101307-BOW,BOWMAN,301021013,Victoria Point,30102101307,3101307,405,394
30102101308-BOW,BOWMAN,301021013,Victoria Point,30102101308,3101308,276,279
30102101309-BOW,BOWMAN,301021013,Victoria Point,30102101309,3101309,211,215
30102101310-BOW,BOWMAN,301021013,Victoria Point,30102101310,3101310,324,332
30102101311-BOW,BOWMAN,301021013,Victoria Point,30102101311,3101311,424,434
30102101312-BOW,BOWMAN,301021013,Victoria Point,30102101312,3101312,432,424
30102101313-BOW,BOWMAN,301021013,Victoria Point,30102101313,3101313,363,369
30102101314-BOW,BOWMAN,301021013,Victoria Point,30102101314,3101314,440,445
30102101315-BOW,BOWMAN,301021013,Victoria Point,30102101315,3101315,472,461
30102101316-BOW,BOWMAN,301021013,Victoria Point,30102101316,3101316,343,341
30102101318-BOW,BOWMAN,301021013,Victoria Point,30102101318,3101318,392,387
30102101319-BOW,BOWMAN,301021013,Victoria Point,30102101319,3101319,375,359
30102101320-BOW,BOWMAN,301021013,Victoria Point,30102101320,3101320,358,361
30102101321-BOW,BOWMAN,301021013,Victoria Point,30102101321,3101321,180,178
30102101322-BOW,BOWMAN,301021013,Victoria Point,30102101322,3101322,403,399
30102101323-BOW,BOWMAN,301021013,Victoria Point,30102101323,3101323,0,0
30102101324-BOW,BOWMAN,301021013,Victoria Point,30102101324,3101324,355,356
30102101325-BOW,BOWMAN,301021013,Victoria Point,30102101325,3101325,264,267
30102101326-BOW,BOWMAN,301021013,Victoria Point,30102101326,3101326,232,243
30102101327-BOW,BOWMAN,301021013,Victoria Point,30102101327,3101327,376,382
30102101329-BOW,BOWMAN,301021013,Victoria Point,30102101329,3101329,209,206
30102101330-BOW,BOWMAN,301021013,Victoria Point,30102101330,3101330,383,387
30102101331-BOW,BOWMAN,301021013,Victoria Point,30102101331,3101331,270,277
30102101332-BOW,BOWMAN,301021013,Victoria Point,30102101332,3101332,340,331
30102101333-BOW,BOWMAN,301021013,Victoria Point,30102101333,3101333,188,197
30102101334-BOW,BOWMAN,301021013,Victoria Point,30102101334,3101334,406,389
30102101335-BOW,BOWMAN,301021013,Victoria Point,30102101335,3101335,324,347
30102101336-BOW,BOWMAN,301021013,Victoria Point,30102101336,3101336,259,257
30102101337-BOW,BOWMAN,301021013,Victoria Point,30102101337,3101337,186,186
30102101338-BOW,BOWMAN,301021013,Victoria Point,30102101338,3101338,272,292
30102101339-BOW,BOWMAN,301021013,Victoria Point,30102101339,3101339,170,172
30103101401-BON,BONNER,301031014,Brisbane Port - Lytton,30103101401,3101401,8,8
30103101402-BON,BONNER,301031014,Brisbane Port - Lytton,30103101402,3101402,0,0
30103101501-BON,BONNER,301031015,Manly - Lota,30103101501,3101501,193,194
30103101502-BON,BONNER,301031015,Manly - Lota,30103101502,3101502,416,415
30103101503-BON,BONNER,301031015,Manly - Lota,30103101503,3101503,315,325
30103101504-BON,BONNER,301031015,Manly - Lota,30103101504,3101504,403,421
30103101505-BON,BONNER,301031015,Manly - Lota,30103101505,3101505,312,325
30103101506-BON,BONNER,301031015,Manly - Lota,30103101506,3101506,223,233
30103101507-BON,BONNER,301031015,Manly - Lota,30103101507,3101507,187,185
30103101508-BON,BONNER,301031015,Manly - Lota,30103101508,3101508,345,343
30103101509-BON,BONNER,301031015,Manly - Lota,30103101509,3101509,340,352
30103101510-BON,BONNER,301031015,Manly - Lota,30103101510,3101510,340,330
30103101511-BON,BONNER,301031015,Manly - Lota,30103101511,3101511,109,111
30103101512-BON,BONNER,301031015,Manly - Lota,30103101512,3101512,460,476
30103101513-BON,BONNER,301031015,Manly - Lota,30103101513,3101513,313,321
30103101514-BON,BONNER,301031015,Manly - Lota,30103101514,3101514,316,329
30103101515-BON,BONNER,301031015,Manly - Lota,30103101515,3101515,336,346
30103101516-BON,BONNER,301031015,Manly - Lota,30103101516,3101516,332,344
30103101517-BON,BONNER,301031015,Manly - Lota,30103101517,3101517,444,461
30103101518-BON,BONNER,301031015,Manly - Lota,30103101518,3101518,266,264
30103101519-BON,BONNER,301031015,Manly - Lota,30103101519,3101519,382,387
30103101601-BON,BONNER,301031016,Manly West,30103101601,3101601,506,524
30103101602-BON,BONNER,301031016,Manly West,30103101602,3101602,460,473
30103101603-BON,BONNER,301031016,Manly West,30103101603,3101603,741,751
30103101604-BON,BONNER,301031016,Manly West,30103101604,3101604,338,342
30103101605-BON,BONNER,301031016,Manly West,30103101605,3101605,509,504
30103101606-BON,BONNER,301031016,Manly West,30103101606,3101606,364,379
30103101607-BON,BONNER,301031016,Manly West,30103101607,3101607,334,339
30103101608-BON,BONNER,301031016,Manly West,30103101608,3101608,207,213
30103101609-BON,BONNER,301031016,Manly West,30103101609,3101609,344,332
30103101610-BON,BONNER,301031016,Manly West,30103101610,3101610,342,351
30103101611-BON,BONNER,301031016,Manly West,30103101611,3101611,320,328
30103101612-BON,BONNER,301031016,Manly West,30103101612,3101612,352,384
30103101613-BON,BONNER,301031016,Manly West,30103101613,3101613,465,472
30103101614-BON,BONNER,301031016,Manly West,30103101614,3101614,181,180
30103101615-BON,BONNER,301031016,Manly West,30103101615,3101615,298,303
30103101616-BON,BONNER,301031016,Manly West,30103101616,3101616,282,278
30103101617-BON,BONNER,301031016,Manly West,30103101617,3101617,408,394
30103101618-BON,BONNER,301031016,Manly West,30103101618,3101618,250,252
30103101619-BON,BONNER,301031016,Manly West,30103101619,3101619,409,405
30103101620-BON,BONNER,301031016,Manly West,30103101620,3101620,199,199
30103101621-BON,BONNER,301031016,Manly West,30103101621,3101621,234,235
30103101622-BON,BONNER,301031016,Manly West,30103101622,3101622,348,346
30103101623-BON,BONNER,301031016,Manly West,30103101623,3101623,368,379
30103101624-BON,BONNER,301031016,Manly West,30103101624,3101624,477,482
30103101701-BON,BONNER,301031017,Murarrie,30103101701,3101701,18,19
30103101702-GRI,GRIFFITH,301031017,Murarrie,30103101702,3101702,503,549
30103101703-GRI,GRIFFITH,301031017,Murarrie,30103101703,3101703,378,391
30103101704-GRI,GRIFFITH,301031017,Murarrie,30103101704,3101704,299,315
30103101705-GRI,GRIFFITH,301031017,Murarrie,30103101705,3101705,169,183
30103101706-BON,BONNER,301031017,Murarrie,30103101706,3101706,160,163
30103101708-BON,BONNER,301031017,Murarrie,30103101708,3101708,240,247
30103101709-BON,BONNER,301031017,Murarrie,30103101709,3101709,273,292
30103101710-BON,BONNER,301031017,Murarrie,30103101710,3101710,434,439
30103101711-BON,BONNER,301031017,Murarrie,30103101711,3101711,253,249
30103101712-BON,BONNER,301031017,Murarrie,30103101712,3101712,252,262
30103101713-BON,BONNER,301031017,Murarrie,30103101713,3101713,222,239
30103101714-BON,BONNER,301031017,Murarrie,30103101714,3101714,242,254
30103101801-BON,BONNER,301031018,Tingalpa,30103101801,3101801,296,292
30103101802-BON,BONNER,301031018,Tingalpa,30103101802,3101802,442,454
30103101803-BON,BONNER,301031018,Tingalpa,30103101803,3101803,286,281
30103101804-BON,BONNER,301031018,Tingalpa,30103101804,3101804,360,355
30103101805-BON,BONNER,301031018,Tingalpa,30103101805,3101805,368,376
30103101806-BON,BONNER,301031018,Tingalpa,30103101806,3101806,394,393
30103101807-BON,BONNER,301031018,Tingalpa,30103101807,3101807,365,363
30103101808-BON,BONNER,301031018,Tingalpa,30103101808,3101808,310,313
30103101809-BON,BONNER,301031018,Tingalpa,30103101809,3101809,328,323
30103101810-BON,BONNER,301031018,Tingalpa,30103101810,3101810,266,260
30103101811-BON,BONNER,301031018,Tingalpa,30103101811,3101811,463,447
30103101812-BON,BONNER,301031018,Tingalpa,30103101812,3101812,287,300
30103101813-BON,BONNER,301031018,Tingalpa,30103101813,3101813,172,177
30103101814-BON,BONNER,301031018,Tingalpa,30103101814,3101814,191,194
30103101815-BON,BONNER,301031018,Tingalpa,30103101815,3101815,371,356
30103101816-BON,BONNER,301031018,Tingalpa,30103101816,3101816,256,252
30103101817-BON,BONNER,301031018,Tingalpa,30103101817,3101817,157,158
30103101818-BON,BONNER,301031018,Tingalpa,30103101818,3101818,340,341
30103101819-BON,BONNER,301031018,Tingalpa,30103101819,3101819,445,448
30103101820-BON,BONNER,301031018,Tingalpa,30103101820,3101820,255,257
30103101821-BON,BONNER,301031018,Tingalpa,30103101821,3101821,0,0
30103101822-BON,BONNER,301031018,Tingalpa,30103101822,3101822,186,182
30103101823-BON,BONNER,301031018,Tingalpa,30103101823,3101823,2,2
30103101824-BON,BONNER,301031018,Tingalpa,30103101824,3101824,3,3
30103101904-BON,BONNER,301031019,Wakerley,30103101904,3101904,479,485
30103101905-BON,BONNER,301031019,Wakerley,30103101905,3101905,230,243
30103101906-BON,BONNER,301031019,Wakerley,30103101906,3101906,275,276
30103101908-BON,BONNER,301031019,Wakerley,30103101908,3101908,196,200
30103101909-BON,BONNER,301031019,Wakerley,30103101909,3101909,233,235
30103101910-BON,BONNER,301031019,Wakerley,30103101910,3101910,280,298
30103101912-BON,BONNER,301031019,Wakerley,30103101912,3101912,0,0
30103101913-BON,BONNER,301031019,Wakerley,30103101913,3101913,291,301
30103101914-BON,BONNER,301031019,Wakerley,30103101914,3101914,219,227
30103101915-BON,BONNER,301031019,Wakerley,30103101915,3101915,410,414
30103101916-BON,BONNER,301031019,Wakerley,30103101916,3101916,293,306
30103101917-BON,BONNER,301031019,Wakerley,30103101917,3101917,308,320
30103101918-BON,BONNER,301031019,Wakerley,30103101918,3101918,443,439
30103101919-BON,BONNER,301031019,Wakerley,30103101919,3101919,384,424
30103101920-BON,BONNER,301031019,Wakerley,30103101920,3101920,207,227
30103101921-BON,BONNER,301031019,Wakerley,30103101921,3101921,289,310
30103101922-BON,BONNER,301031019,Wakerley,30103101922,3101922,396,386
30103101923-BON,BONNER,301031019,Wakerley,30103101923,3101923,337,352
30103101924-BON,BONNER,301031019,Wakerley,30103101924,3101924,653,677
30103101925-BON,BONNER,301031019,Wakerley,30103101925,3101925,378,368
30103102001-BON,BONNER,301031020,Wynnum,30103102001,3102001,376,381
30103102002-BON,BONNER,301031020,Wynnum,30103102002,3102002,446,465
30103102003-BON,BONNER,301031020,Wynnum,30103102003,3102003,321,339
30103102004-BON,BONNER,301031020,Wynnum,30103102004,3102004,481,488
30103102007-BON,BONNER,301031020,Wynnum,30103102007,3102007,252,262
30103102008-BON,BONNER,301031020,Wynnum,30103102008,3102008,361,371
30103102009-BON,BONNER,301031020,Wynnum,30103102009,3102009,365,388
30103102011-BON,BONNER,301031020,Wynnum,30103102011,3102011,328,344
30103102012-BON,BONNER,301031020,Wynnum,30103102012,3102012,262,272
30103102013-BON,BONNER,301031020,Wynnum,30103102013,3102013,247,257
30103102014-BON,BONNER,301031020,Wynnum,30103102014,3102014,398,410
30103102015-BON,BONNER,301031020,Wynnum,30103102015,3102015,359,373
30103102016-BON,BONNER,301031020,Wynnum,30103102016,3102016,303,303
30103102017-BON,BONNER,301031020,Wynnum,30103102017,3102017,479,499
30103102018-BON,BONNER,301031020,Wynnum,30103102018,3102018,294,287
30103102019-BON,BONNER,301031020,Wynnum,30103102019,3102019,548,563
30103102020-BON,BONNER,301031020,Wynnum,30103102020,3102020,404,417
30103102021-BON,BONNER,301031020,Wynnum,30103102021,3102021,295,308
30103102023-BON,BONNER,301031020,Wynnum,30103102023,3102023,267,278
30103102024-BON,BONNER,301031020,Wynnum,30103102024,3102024,346,349
30103102025-BON,BONNER,301031020,Wynnum,30103102025,3102025,227,228
30103102026-BON,BONNER,301031020,Wynnum,30103102026,3102026,200,195
30103102027-BON,BONNER,301031020,Wynnum,30103102027,3102027,365,374
30103102028-BON,BONNER,301031020,Wynnum,30103102028,3102028,422,432
30103102029-BON,BONNER,301031020,Wynnum,30103102029,3102029,0,0
30103102030-BON,BONNER,301031020,Wynnum,30103102030,3102030,294,314
30103102031-BON,BONNER,301031020,Wynnum,30103102031,3102031,202,213
30103102032-BON,BONNER,301031020,Wynnum,30103102032,3102032,249,268
30103102033-BON,BONNER,301031020,Wynnum,30103102033,3102033,250,261
30103102034-BON,BONNER,301031020,Wynnum,30103102034,3102034,316,325
30103102035-BON,BONNER,301031020,Wynnum,30103102035,3102035,287,310
30103102036-BON,BONNER,301031020,Wynnum,30103102036,3102036,379,383
30103102037-BON,BONNER,301031020,Wynnum,30103102037,3102037,380,404
30103102038-BON,BONNER,301031020,Wynnum,30103102038,3102038,456,460
30103102101-BON,BONNER,301031021,Wynnum West - Hemmant,30103102101,3102101,323,333
30103102102-BON,BONNER,301031021,Wynnum West - Hemmant,30103102102,3102102,319,339
30103102103-BON,BONNER,301031021,Wynnum West - Hemmant,30103102103,3102103,414,427
30103102104-BON,BONNER,301031021,Wynnum West - Hemmant,30103102104,3102104,322,331
30103102105-BON,BONNER,301031021,Wynnum West - Hemmant,30103102105,3102105,239,260
30103102106-BON,BONNER,301031021,Wynnum West - Hemmant,30103102106,3102106,298,320
30103102107-BON,BONNER,301031021,Wynnum West - Hemmant,30103102107,3102107,562,566
30103102108-BON,BONNER,301031021,Wynnum West - Hemmant,30103102108,3102108,321,334
30103102109-BON,BONNER,301031021,Wynnum West - Hemmant,30103102109,3102109,305,298
30103102110-BON,BONNER,301031021,Wynnum West - Hemmant,30103102110,3102110,290,327
30103102111-BON,BONNER,301031021,Wynnum West - Hemmant,30103102111,3102111,310,324
30103102112-BON,BONNER,301031021,Wynnum West - Hemmant,30103102112,3102112,6,6
30103102113-BON,BONNER,301031021,Wynnum West - Hemmant,30103102113,3102113,293,298
30103102114-BON,BONNER,301031021,Wynnum West - Hemmant,30103102114,3102114,322,334
30103102115-BON,BONNER,301031021,Wynnum West - Hemmant,30103102115,3102115,321,339
30103102116-BON,BONNER,301031021,Wynnum West - Hemmant,30103102116,3102116,356,371
30103102117-BON,BONNER,301031021,Wynnum West - Hemmant,30103102117,3102117,197,204
30103102118-BON,BONNER,301031021,Wynnum West - Hemmant,30103102118,3102118,336,342
30103102119-BON,BONNER,301031021,Wynnum West - Hemmant,30103102119,3102119,256,266
30103102120-BON,BONNER,301031021,Wynnum West - Hemmant,30103102120,3102120,307,333
30103102121-BON,BONNER,301031021,Wynnum West - Hemmant,30103102121,3102121,265,277
30103102122-BON,BONNER,301031021,Wynnum West - Hemmant,30103102122,3102122,158,161
30103102124-BON,BONNER,301031021,Wynnum West - Hemmant,30103102124,3102124,428,445
30103102125-BON,BONNER,301031021,Wynnum West - Hemmant,30103102125,3102125,244,249
30103102126-BON,BONNER,301031021,Wynnum West - Hemmant,30103102126,3102126,274,277
30103102127-BON,BONNER,301031021,Wynnum West - Hemmant,30103102127,3102127,285,290
30103102128-BON,BONNER,301031021,Wynnum West - Hemmant,30103102128,3102128,243,261
30103102129-BON,BONNER,301031021,Wynnum West - Hemmant,30103102129,3102129,437,457
30103102130-BON,BONNER,301031021,Wynnum West - Hemmant,30103102130,3102130,441,447
30103102131-BON,BONNER,301031021,Wynnum West - Hemmant,30103102131,3102131,245,240
30103102132-BON,BONNER,301031021,Wynnum West - Hemmant,30103102132,3102132,308,316
30103102133-BON,BONNER,301031021,Wynnum West - Hemmant,30103102133,3102133,379,392
30103102134-BON,BONNER,301031021,Wynnum West - Hemmant,30103102134,3102134,189,188
30103102135-BON,BONNER,301031021,Wynnum West - Hemmant,30103102135,3102135,193,206
30103102136-BON,BONNER,301031021,Wynnum West - Hemmant,30103102136,3102136,111,112
30103102137-BON,BONNER,301031021,Wynnum West - Hemmant,30103102137,3102137,602,613
30103102138-BON,BONNER,301031021,Wynnum West - Hemmant,30103102138,3102138,190,198
30103102139-BON,BONNER,301031021,Wynnum West - Hemmant,30103102139,3102139,185,185
30103102140-BON,BONNER,301031021,Wynnum West - Hemmant,30103102140,3102140,223,234
30201102201-PET,PETRIE,302011022,Bald Hills,30201102201,3102201,5,5
30201102202-PET,PETRIE,302011022,Bald Hills,30201102202,3102202,0,0
30201102205-PET,PETRIE,302011022,Bald Hills,30201102205,3102205,302,307
30201102206-PET,PETRIE,302011022,Bald Hills,30201102206,3102206,237,234
30201102207-PET,PETRIE,302011022,Bald Hills,30201102207,3102207,291,293
30201102208-PET,PETRIE,302011022,Bald Hills,30201102208,3102208,262,264
30201102209-PET,PETRIE,302011022,Bald Hills,30201102209,3102209,219,218
30201102210-PET,PETRIE,302011022,Bald Hills,30201102210,3102210,275,288
30201102212-PET,PETRIE,302011022,Bald Hills,30201102212,3102212,221,224
30201102213-PET,PETRIE,302011022,Bald Hills,30201102213,3102213,222,219
30201102214-PET,PETRIE,302011022,Bald Hills,30201102214,3102214,222,220
30201102215-PET,PETRIE,302011022,Bald Hills,30201102215,3102215,425,439
30201102217-PET,PETRIE,302011022,Bald Hills,30201102217,3102217,208,214
30201102219-PET,PETRIE,302011022,Bald Hills,30201102219,3102219,6,6
30201102220-PET,PETRIE,302011022,Bald Hills,30201102220,3102220,0,0
30201102221-PET,PETRIE,302011022,Bald Hills,30201102221,3102221,324,328
30201102222-PET,PETRIE,302011022,Bald Hills,30201102222,3102222,294,292
30201102223-PET,PETRIE,302011022,Bald Hills,30201102223,3102223,252,269
30201102224-PET,PETRIE,302011022,Bald Hills,30201102224,3102224,371,388
30201102225-PET,PETRIE,302011022,Bald Hills,30201102225,3102225,250,271
30201102226-PET,PETRIE,302011022,Bald Hills,30201102226,3102226,259,266
30201102227-PET,PETRIE,302011022,Bald Hills,30201102227,3102227,332,353
30201102228-PET,PETRIE,302011022,Bald Hills,30201102228,3102228,210,219
30201102229-PET,PETRIE,302011022,Bald Hills,30201102229,3102229,307,309
30201102230-PET,PETRIE,302011022,Bald Hills,30201102230,3102230,229,231
30201102301-LIL,LILLEY,302011023,Bridgeman Downs,30201102301,3102301,402,418
30201102302-LIL,LILLEY,302011023,Bridgeman Downs,30201102302,3102302,263,282
30201102303-LIL,LILLEY,302011023,Bridgeman Downs,30201102303,3102303,245,260
30201102304-DIC,DICKSON,302011023,Bridgeman Downs,30201102304,3102304,384,379
30201102305-DIC,DICKSON,302011023,Bridgeman Downs,30201102305,3102305,264,273
30201102306-DIC,DICKSON,302011023,Bridgeman Downs,30201102306,3102306,189,208
30201102307-DIC,DICKSON,302011023,Bridgeman Downs,30201102307,3102307,296,316
30201102308-DIC,DICKSON,302011023,Bridgeman Downs,30201102308,3102308,372,367
30201102309-PET,PETRIE,302011023,Bridgeman Downs,30201102309,3102309,387,418
30201102310-DIC,DICKSON,302011023,Bridgeman Downs,30201102310,3102310,226,236
30201102311-DIC,DICKSON,302011023,Bridgeman Downs,30201102311,3102311,316,343
30201102311-LIL,LILLEY,302011023,Bridgeman Downs,30201102311,3102311,0,0
30201102312-DIC,DICKSON,302011023,Bridgeman Downs,30201102312,3102312,329,354
30201102312-LIL,LILLEY,302011023,Bridgeman Downs,30201102312,3102312,0,0
30201102314-DIC,DICKSON,302011023,Bridgeman Downs,30201102314,3102314,0,0
30201102314-LIL,LILLEY,302011023,Bridgeman Downs,30201102314,3102314,189,205
30201102315-PET,PETRIE,302011023,Bridgeman Downs,30201102315,3102315,715,774
30201102317-PET,PETRIE,302011023,Bridgeman Downs,30201102317,3102317,234,261
30201102318-PET,PETRIE,302011023,Bridgeman Downs,30201102318,3102318,400,413
30201102320-PET,PETRIE,302011023,Bridgeman Downs,30201102320,3102320,348,370
30201102321-DIC,DICKSON,302011023,Bridgeman Downs,30201102321,3102321,444,474
30201102321-LIL,LILLEY,302011023,Bridgeman Downs,30201102321,3102321,0,0
30201102322-DIC,DICKSON,302011023,Bridgeman Downs,30201102322,3102322,508,515
30201102323-PET,PETRIE,302011023,Bridgeman Downs,30201102323,3102323,341,358
30201102324-PET,PETRIE,302011023,Bridgeman Downs,30201102324,3102324,387,409
30201102325-PET,PETRIE,302011023,Bridgeman Downs,30201102325,3102325,527,566
30201102326-PET,PETRIE,302011023,Bridgeman Downs,30201102326,3102326,140,138
30201102327-DIC,DICKSON,302011023,Bridgeman Downs,30201102327,3102327,154,166
30201102328-PET,PETRIE,302011023,Bridgeman Downs,30201102328,3102328,196,201
30201102401-PET,PETRIE,302011024,Carseldine,30201102401,3102401,395,384
30201102406-PET,PETRIE,302011024,Carseldine,30201102406,3102406,235,238
30201102407-PET,PETRIE,302011024,Carseldine,30201102407,3102407,215,212
30201102409-PET,PETRIE,302011024,Carseldine,30201102409,3102409,328,323
30201102410-PET,PETRIE,302011024,Carseldine,30201102410,3102410,224,231
30201102411-PET,PETRIE,302011024,Carseldine,30201102411,3102411,435,423
30201102412-PET,PETRIE,302011024,Carseldine,30201102412,3102412,326,339
30201102413-PET,PETRIE,302011024,Carseldine,30201102413,3102413,263,270
30201102414-PET,PETRIE,302011024,Carseldine,30201102414,3102414,370,391
30201102415-PET,PETRIE,302011024,Carseldine,30201102415,3102415,274,285
30201102416-PET,PETRIE,302011024,Carseldine,30201102416,3102416,314,332
30201102417-PET,PETRIE,302011024,Carseldine,30201102417,3102417,309,318
30201102418-PET,PETRIE,302011024,Carseldine,30201102418,3102418,288,297
30201102419-PET,PETRIE,302011024,Carseldine,30201102419,3102419,446,465
30201102420-PET,PETRIE,302011024,Carseldine,30201102420,3102420,194,208
30201102422-PET,PETRIE,302011024,Carseldine,30201102422,3102422,124,121
30201102424-PET,PETRIE,302011024,Carseldine,30201102424,3102424,280,288
30201102425-PET,PETRIE,302011024,Carseldine,30201102425,3102425,239,251
30201102426-PET,PETRIE,302011024,Carseldine,30201102426,3102426,262,267
30201102427-PET,PETRIE,302011024,Carseldine,30201102427,3102427,308,319
30201102428-PET,PETRIE,302011024,Carseldine,30201102428,3102428,284,288
30201102429-PET,PETRIE,302011024,Carseldine,30201102429,3102429,233,238
30201102430-PET,PETRIE,302011024,Carseldine,30201102430,3102430,339,341
30201102431-PET,PETRIE,302011024,Carseldine,30201102431,3102431,200,205
30201102432-PET,PETRIE,302011024,Carseldine,30201102432,3102432,418,447
30201102501-LIL,LILLEY,302011025,Everton Park,30201102501,3102501,335,351
30201102502-LIL,LILLEY,302011025,Everton Park,30201102502,3102502,416,407
30201102503-LIL,LILLEY,302011025,Everton Park,30201102503,3102503,654,691
30201102504-LIL,LILLEY,302011025,Everton Park,30201102504,3102504,211,217
30201102505-LIL,LILLEY,302011025,Everton Park,30201102505,3102505,602,666
30201102506-LIL,LILLEY,302011025,Everton Park,30201102506,3102506,252,256
30201102507-LIL,LILLEY,302011025,Everton Park,30201102507,3102507,807,807
30201102508-LIL,LILLEY,302011025,Everton Park,30201102508,3102508,472,477
30201102509-LIL,LILLEY,302011025,Everton Park,30201102509,3102509,460,483
30201102510-LIL,LILLEY,302011025,Everton Park,30201102510,3102510,476,466
30201102511-LIL,LILLEY,302011025,Everton Park,30201102511,3102511,298,297
30201102512-LIL,LILLEY,302011025,Everton Park,30201102512,3102512,389,381
30201102513-LIL,LILLEY,302011025,Everton Park,30201102513,3102513,245,256
30201102514-LIL,LILLEY,302011025,Everton Park,30201102514,3102514,328,350
30201102515-LIL,LILLEY,302011025,Everton Park,30201102515,3102515,328,346
30201102516-BRI,BRISBANE,302011025,Everton Park,30201102516,3102516,82,83
30201102516-LIL,LILLEY,302011025,Everton Park,30201102516,3102516,221,223
30201102517-LIL,LILLEY,302011025,Everton Park,30201102517,3102517,246,261
30201102518-LIL,LILLEY,302011025,Everton Park,30201102518,3102518,617,671
30201102519-LIL,LILLEY,302011025,Everton Park,30201102519,3102519,443,443
30201102601-LIL,LILLEY,302011026,McDowall,30201102601,3102601,241,259
30201102602-DIC,DICKSON,302011026,McDowall,30201102602,3102602,328,339
30201102603-DIC,DICKSON,302011026,McDowall,30201102603,3102603,192,207
30201102604-DIC,DICKSON,302011026,McDowall,30201102604,3102604,278,277
30201102605-LIL,LILLEY,302011026,McDowall,30201102605,3102605,318,326
30201102606-LIL,LILLEY,302011026,McDowall,30201102606,3102606,364,394
30201102607-LIL,LILLEY,302011026,McDowall,30201102607,3102607,655,658
30201102608-LIL,LILLEY,302011026,McDowall,30201102608,3102608,311,330
30201102609-LIL,LILLEY,302011026,McDowall,30201102609,3102609,231,232
30201102610-LIL,LILLEY,302011026,McDowall,30201102610,3102610,277,286
30201102611-LIL,LILLEY,302011026,McDowall,30201102611,3102611,273,271
30201102612-LIL,LILLEY,302011026,McDowall,30201102612,3102612,487,490
30201102613-LIL,LILLEY,302011026,McDowall,30201102613,3102613,330,343
30201102614-LIL,LILLEY,302011026,McDowall,30201102614,3102614,570,569
30201102615-LIL,LILLEY,302011026,McDowall,30201102615,3102615,257,270
30201102616-LIL,LILLEY,302011026,McDowall,30201102616,3102616,403,419
30201102617-LIL,LILLEY,302011026,McDowall,30201102617,3102617,209,227
30201102618-DIC,DICKSON,302011026,McDowall,30201102618,3102618,257,264
30201102618-LIL,LILLEY,302011026,McDowall,30201102618,3102618,190,195
30202102701-LIL,LILLEY,302021027,Aspley,30202102701,3102701,367,367
30202102702-LIL,LILLEY,302021027,Aspley,30202102702,3102702,347,341
30202102704-LIL,LILLEY,302021027,Aspley,30202102704,3102704,182,180
30202102705-LIL,LILLEY,302021027,Aspley,30202102705,3102705,353,343
30202102706-LIL,LILLEY,302021027,Aspley,30202102706,3102706,335,334
30202102708-PET,PETRIE,302021027,Aspley,30202102708,3102708,393,409
30202102709-PET,PETRIE,302021027,Aspley,30202102709,3102709,359,373
30202102710-PET,PETRIE,302021027,Aspley,30202102710,3102710,287,301
30202102711-PET,PETRIE,302021027,Aspley,30202102711,3102711,313,311
30202102712-PET,PETRIE,302021027,Aspley,30202102712,3102712,159,157
30202102713-LIL,LILLEY,302021027,Aspley,30202102713,3102713,248,246
30202102714-LIL,LILLEY,302021027,Aspley,30202102714,3102714,313,320
30202102715-LIL,LILLEY,302021027,Aspley,30202102715,3102715,311,340
30202102716-LIL,LILLEY,302021027,Aspley,30202102716,3102716,224,232
30202102717-LIL,LILLEY,302021027,Aspley,30202102717,3102717,346,365
30202102718-LIL,LILLEY,302021027,Aspley,30202102718,3102718,399,400
30202102720-LIL,LILLEY,302021027,Aspley,30202102720,3102720,0,0
30202102721-LIL,LILLEY,302021027,Aspley,30202102721,3102721,192,191
30202102722-LIL,LILLEY,302021027,Aspley,30202102722,3102722,262,269
30202102723-LIL,LILLEY,302021027,Aspley,30202102723,3102723,262,272
30202102724-LIL,LILLEY,302021027,Aspley,30202102724,3102724,315,314
30202102725-LIL,LILLEY,302021027,Aspley,30202102725,3102725,198,198
30202102726-LIL,LILLEY,302021027,Aspley,30202102726,3102726,316,312
30202102727-LIL,LILLEY,302021027,Aspley,30202102727,3102727,216,213
30202102728-LIL,LILLEY,302021027,Aspley,30202102728,3102728,248,247
30202102729-LIL,LILLEY,302021027,Aspley,30202102729,3102729,316,307
30202102730-LIL,LILLEY,302021027,Aspley,30202102730,3102730,275,280
30202102731-LIL,LILLEY,302021027,Aspley,30202102731,3102731,352,353
30202102732-LIL,LILLEY,302021027,Aspley,30202102732,3102732,176,182
30202102733-LIL,LILLEY,302021027,Aspley,30202102733,3102733,223,215
30202102734-LIL,LILLEY,302021027,Aspley,30202102734,3102734,233,234
30202102735-PET,PETRIE,302021027,Aspley,30202102735,3102735,217,215
30202102736-PET,PETRIE,302021027,Aspley,30202102736,3102736,0,0
30202102737-PET,PETRIE,302021027,Aspley,30202102737,3102737,272,267
30202102738-LIL,LILLEY,302021027,Aspley,30202102738,3102738,285,291
30202102739-LIL,LILLEY,302021027,Aspley,30202102739,3102739,0,0
30202102739-PET,PETRIE,302021027,Aspley,30202102739,3102739,158,162
30202102740-PET,PETRIE,302021027,Aspley,30202102740,3102740,139,141
30202102802-LIL,LILLEY,302021028,Chermside,30202102802,3102802,547,569
30202102803-LIL,LILLEY,302021028,Chermside,30202102803,3102803,377,390
30202102804-LIL,LILLEY,302021028,Chermside,30202102804,3102804,190,208
30202102806-LIL,LILLEY,302021028,Chermside,30202102806,3102806,281,308
30202102807-LIL,LILLEY,302021028,Chermside,30202102807,3102807,222,218
30202102808-LIL,LILLEY,302021028,Chermside,30202102808,3102808,279,308
30202102809-LIL,LILLEY,302021028,Chermside,30202102809,3102809,371,398
30202102810-LIL,LILLEY,302021028,Chermside,30202102810,3102810,381,406
30202102811-LIL,LILLEY,302021028,Chermside,30202102811,3102811,376,389
30202102812-LIL,LILLEY,302021028,Chermside,30202102812,3102812,0,0
30202102814-LIL,LILLEY,302021028,Chermside,30202102814,3102814,433,444
30202102815-LIL,LILLEY,302021028,Chermside,30202102815,3102815,263,269
30202102817-LIL,LILLEY,302021028,Chermside,30202102817,3102817,352,355
30202102818-LIL,LILLEY,302021028,Chermside,30202102818,3102818,349,379
30202102819-LIL,LILLEY,302021028,Chermside,30202102819,3102819,364,369
30202102820-LIL,LILLEY,302021028,Chermside,30202102820,3102820,409,422
30202102821-LIL,LILLEY,302021028,Chermside,30202102821,3102821,254,267
30202102822-LIL,LILLEY,302021028,Chermside,30202102822,3102822,0,0
30202102823-LIL,LILLEY,302021028,Chermside,30202102823,3102823,359,363
30202102824-LIL,LILLEY,302021028,Chermside,30202102824,3102824,550,571
30202102825-LIL,LILLEY,302021028,Chermside,30202102825,3102825,314,335
30202102826-LIL,LILLEY,302021028,Chermside,30202102826,3102826,131,137
30202102827-LIL,LILLEY,302021028,Chermside,30202102827,3102827,170,178
30202102828-LIL,LILLEY,302021028,Chermside,30202102828,3102828,179,190
30202102829-LIL,LILLEY,302021028,Chermside,30202102829,3102829,145,142
30202102830-LIL,LILLEY,302021028,Chermside,30202102830,3102830,352,369
30202102831-LIL,LILLEY,302021028,Chermside,30202102831,3102831,152,155
30202102832-LIL,LILLEY,302021028,Chermside,30202102832,3102832,291,294
30202102901-LIL,LILLEY,302021029,Chermside West,30202102901,3102901,199,204
30202102902-LIL,LILLEY,302021029,Chermside West,30202102902,3102902,349,367
30202102903-LIL,LILLEY,302021029,Chermside West,30202102903,3102903,244,242
30202102904-LIL,LILLEY,302021029,Chermside West,30202102904,3102904,332,329
30202102905-LIL,LILLEY,302021029,Chermside West,30202102905,3102905,328,339
30202102906-LIL,LILLEY,302021029,Chermside West,30202102906,3102906,167,169
30202102907-LIL,LILLEY,302021029,Chermside West,30202102907,3102907,322,325
30202102908-LIL,LILLEY,302021029,Chermside West,30202102908,3102908,344,335
30202102909-LIL,LILLEY,302021029,Chermside West,30202102909,3102909,376,388
30202102910-LIL,LILLEY,302021029,Chermside West,30202102910,3102910,289,298
30202102911-LIL,LILLEY,302021029,Chermside West,30202102911,3102911,264,276
30202102912-LIL,LILLEY,302021029,Chermside West,30202102912,3102912,435,444
30202102913-LIL,LILLEY,302021029,Chermside West,30202102913,3102913,288,280
30202102914-LIL,LILLEY,302021029,Chermside West,30202102914,3102914,0,0
30202102915-LIL,LILLEY,302021029,Chermside West,30202102915,3102915,342,340
30202102916-LIL,LILLEY,302021029,Chermside West,30202102916,3102916,0,0
30202102917-LIL,LILLEY,302021029,Chermside West,30202102917,3102917,573,622
30202103001-LIL,LILLEY,302021030,Geebung,30202103001,3103001,390,394
30202103002-LIL,LILLEY,302021030,Geebung,30202103002,3103002,432,437
30202103003-LIL,LILLEY,302021030,Geebung,30202103003,3103003,151,152
30202103004-LIL,LILLEY,302021030,Geebung,30202103004,3103004,328,317
30202103005-LIL,LILLEY,302021030,Geebung,30202103005,3103005,361,358
30202103006-LIL,LILLEY,302021030,Geebung,30202103006,3103006,302,311
30202103007-LIL,LILLEY,302021030,Geebung,30202103007,3103007,8,8
30202103008-LIL,LILLEY,302021030,Geebung,30202103008,3103008,290,298
30202103009-LIL,LILLEY,302021030,Geebung,30202103009,3103009,442,445
30202103010-LIL,LILLEY,302021030,Geebung,30202103010,3103010,287,292
30202103011-LIL,LILLEY,302021030,Geebung,30202103011,3103011,289,305
30202103101-BRI,BRISBANE,302021031,Kedron - Gordon Park,30202103101,3103101,454,459
30202103102-BRI,BRISBANE,302021031,Kedron - Gordon Park,30202103102,3103102,432,459
30202103103-BRI,BRISBANE,302021031,Kedron - Gordon Park,30202103103,3103103,280,281
30202103104-LIL,LILLEY,302021031,Kedron - Gordon Park,30202103104,3103104,0,0
30202103105-LIL,LILLEY,302021031,Kedron - Gordon Park,30202103105,3103105,295,302
30202103106-LIL,LILLEY,302021031,Kedron - Gordon Park,30202103106,3103106,573,580
30202103107-LIL,LILLEY,302021031,Kedron - Gordon Park,30202103107,3103107,272,275
30202103108-LIL,LILLEY,302021031,Kedron - Gordon Park,30202103108,3103108,425,434
30202103109-LIL,LILLEY,302021031,Kedron - Gordon Park,30202103109,3103109,263,271
30202103110-LIL,LILLEY,302021031,Kedron - Gordon Park,30202103110,3103110,498,519
30202103111-LIL,LILLEY,302021031,Kedron - Gordon Park,30202103111,3103111,505,511
30202103112-LIL,LILLEY,302021031,Kedron - Gordon Park,30202103112,3103112,459,474
30202103113-LIL,LILLEY,302021031,Kedron - Gordon Park,30202103113,3103113,271,288
30202103114-LIL,LILLEY,302021031,Kedron - Gordon Park,30202103114,3103114,339,347
30202103115-LIL,LILLEY,302021031,Kedron - Gordon Park,30202103115,3103115,451,455
30202103116-LIL,LILLEY,302021031,Kedron - Gordon Park,30202103116,3103116,463,487
30202103117-LIL,LILLEY,302021031,Kedron - Gordon Park,30202103117,3103117,268,277
30202103118-LIL,LILLEY,302021031,Kedron - Gordon Park,30202103118,3103118,292,293
30202103119-LIL,LILLEY,302021031,Kedron - Gordon Park,30202103119,3103119,285,299
30202103120-LIL,LILLEY,302021031,Kedron - Gordon Park,30202103120,3103120,360,376
30202103121-LIL,LILLEY,302021031,Kedron - Gordon Park,30202103121,3103121,244,251
30202103122-LIL,LILLEY,302021031,Kedron - Gordon Park,30202103122,3103122,424,435
30202103123-LIL,LILLEY,302021031,Kedron - Gordon Park,30202103123,3103123,300,297
30202103124-LIL,LILLEY,302021031,Kedron - Gordon Park,30202103124,3103124,215,214
30202103125-BRI,BRISBANE,302021031,Kedron - Gordon Park,30202103125,3103125,346,335
30202103126-BRI,BRISBANE,302021031,Kedron - Gordon Park,30202103126,3103126,329,319
30202103127-BRI,BRISBANE,302021031,Kedron - Gordon Park,30202103127,3103127,386,381
30202103128-BRI,BRISBANE,302021031,Kedron - Gordon Park,30202103128,3103128,245,251
30202103129-BRI,BRISBANE,302021031,Kedron - Gordon Park,30202103129,3103129,282,282
30202103130-BRI,BRISBANE,302021031,Kedron - Gordon Park,30202103130,3103130,265,281
30202103131-BRI,BRISBANE,302021031,Kedron - Gordon Park,30202103131,3103131,298,302
30202103132-LIL,LILLEY,302021031,Kedron - Gordon Park,30202103132,3103132,221,223
30202103202-LIL,LILLEY,302021032,Stafford,30202103202,3103202,286,308
30202103204-LIL,LILLEY,302021032,Stafford,30202103204,3103204,286,298
30202103205-LIL,LILLEY,302021032,Stafford,30202103205,3103205,326,321
30202103206-BRI,BRISBANE,302021032,Stafford,30202103206,3103206,267,274
30202103208-LIL,LILLEY,302021032,Stafford,30202103208,3103208,200,207
30202103209-BRI,BRISBANE,302021032,Stafford,30202103209,3103209,258,270
30202103210-LIL,LILLEY,302021032,Stafford,30202103210,3103210,321,325
30202103211-LIL,LILLEY,302021032,Stafford,30202103211,3103211,192,196
30202103212-LIL,LILLEY,302021032,Stafford,30202103212,3103212,394,389
30202103213-LIL,LILLEY,302021032,Stafford,30202103213,3103213,204,197
30202103214-LIL,LILLEY,302021032,Stafford,30202103214,3103214,382,390
30202103215-LIL,LILLEY,302021032,Stafford,30202103215,3103215,280,284
30202103216-LIL,LILLEY,302021032,Stafford,30202103216,3103216,231,234
30202103217-BRI,BRISBANE,302021032,Stafford,30202103217,3103217,8,8
30202103217-LIL,LILLEY,302021032,Stafford,30202103217,3103217,195,198
30202103218-BRI,BRISBANE,302021032,Stafford,30202103218,3103218,268,274
30202103219-BRI,BRISBANE,302021032,Stafford,30202103219,3103219,314,314
30202103220-BRI,BRISBANE,302021032,Stafford,30202103220,3103220,4,4
30202103221-BRI,BRISBANE,302021032,Stafford,30202103221,3103221,231,223
30202103222-LIL,LILLEY,302021032,Stafford,30202103222,3103222,184,189
30202103223-BRI,BRISBANE,302021032,Stafford,30202103223,3103223,0,0
30202103224-LIL,LILLEY,302021032,Stafford,30202103224,3103224,281,276
30202103225-BRI,BRISBANE,302021032,Stafford,30202103225,3103225,4,4
30202103301-LIL,LILLEY,302021033,Stafford Heights,30202103301,3103301,343,347
30202103302-LIL,LILLEY,302021033,Stafford Heights,30202103302,3103302,331,330
30202103303-LIL,LILLEY,302021033,Stafford Heights,30202103303,3103303,322,322
30202103304-LIL,LILLEY,302021033,Stafford Heights,30202103304,3103304,423,424
30202103305-LIL,LILLEY,302021033,Stafford Heights,30202103305,3103305,268,270
30202103306-LIL,LILLEY,302021033,Stafford Heights,30202103306,3103306,287,278
30202103307-LIL,LILLEY,302021033,Stafford Heights,30202103307,3103307,272,274
30202103308-LIL,LILLEY,302021033,Stafford Heights,30202103308,3103308,268,259
30202103309-LIL,LILLEY,302021033,Stafford Heights,30202103309,3103309,387,369
30202103310-LIL,LILLEY,302021033,Stafford Heights,30202103310,3103310,422,407
30202103311-LIL,LILLEY,302021033,Stafford Heights,30202103311,3103311,429,418
30202103312-LIL,LILLEY,302021033,Stafford Heights,30202103312,3103312,431,439
30202103313-LIL,LILLEY,302021033,Stafford Heights,30202103313,3103313,264,265
30202103314-LIL,LILLEY,302021033,Stafford Heights,30202103314,3103314,277,268
30202103315-LIL,LILLEY,302021033,Stafford Heights,30202103315,3103315,364,375
30202103316-LIL,LILLEY,302021033,Stafford Heights,30202103316,3103316,216,215
30202103401-LIL,LILLEY,302021034,Wavell Heights,30202103401,3103401,215,213
30202103402-LIL,LILLEY,302021034,Wavell Heights,30202103402,3103402,313,329
30202103403-LIL,LILLEY,302021034,Wavell Heights,30202103403,3103403,394,417
30202103404-LIL,LILLEY,302021034,Wavell Heights,30202103404,3103404,258,258
30202103405-LIL,LILLEY,302021034,Wavell Heights,30202103405,3103405,359,360
30202103406-LIL,LILLEY,302021034,Wavell Heights,30202103406,3103406,495,478
30202103407-LIL,LILLEY,302021034,Wavell Heights,30202103407,3103407,203,203
30202103408-LIL,LILLEY,302021034,Wavell Heights,30202103408,3103408,241,249
30202103409-LIL,LILLEY,302021034,Wavell Heights,30202103409,3103409,302,315
30202103410-LIL,LILLEY,302021034,Wavell Heights,30202103410,3103410,339,331
30202103411-LIL,LILLEY,302021034,Wavell Heights,30202103411,3103411,508,502
30202103412-LIL,LILLEY,302021034,Wavell Heights,30202103412,3103412,227,243
30202103413-LIL,LILLEY,302021034,Wavell Heights,30202103413,3103413,435,433
30202103414-LIL,LILLEY,302021034,Wavell Heights,30202103414,3103414,265,263
30202103415-LIL,LILLEY,302021034,Wavell Heights,30202103415,3103415,451,467
30202103416-LIL,LILLEY,302021034,Wavell Heights,30202103416,3103416,326,332
30202103417-LIL,LILLEY,302021034,Wavell Heights,30202103417,3103417,259,252
30202103418-LIL,LILLEY,302021034,Wavell Heights,30202103418,3103418,246,246
30202103419-LIL,LILLEY,302021034,Wavell Heights,30202103419,3103419,299,307
30202103420-LIL,LILLEY,302021034,Wavell Heights,30202103420,3103420,228,239
30202103421-LIL,LILLEY,302021034,Wavell Heights,30202103421,3103421,300,308
30202103422-LIL,LILLEY,302021034,Wavell Heights,30202103422,3103422,352,368
30202103423-LIL,LILLEY,302021034,Wavell Heights,30202103423,3103423,480,464
30203103501-LIL,LILLEY,302031035,Boondall,30203103501,3103501,430,471
30203103502-LIL,LILLEY,302031035,Boondall,30203103502,3103502,353,363
30203103503-LIL,LILLEY,302031035,Boondall,30203103503,3103503,399,403
30203103504-LIL,LILLEY,302031035,Boondall,30203103504,3103504,290,298
30203103505-LIL,LILLEY,302031035,Boondall,30203103505,3103505,387,415
30203103506-LIL,LILLEY,302031035,Boondall,30203103506,3103506,663,673
30203103507-LIL,LILLEY,302031035,Boondall,30203103507,3103507,339,346
30203103508-LIL,LILLEY,302031035,Boondall,30203103508,3103508,288,294
30203103509-LIL,LILLEY,302031035,Boondall,30203103509,3103509,289,295
30203103510-LIL,LILLEY,302031035,Boondall,30203103510,3103510,135,138
30203103511-LIL,LILLEY,302031035,Boondall,30203103511,3103511,286,279
30203103512-LIL,LILLEY,302031035,Boondall,30203103512,3103512,191,205
30203103513-LIL,LILLEY,302031035,Boondall,30203103513,3103513,358,374
30203103514-LIL,LILLEY,302031035,Boondall,30203103514,3103514,324,340
30203103515-LIL,LILLEY,302031035,Boondall,30203103515,3103515,241,262
30203103516-LIL,LILLEY,302031035,Boondall,30203103516,3103516,244,238
30203103517-LIL,LILLEY,302031035,Boondall,30203103517,3103517,346,355
30203103518-LIL,LILLEY,302031035,Boondall,30203103518,3103518,388,405
30203103519-LIL,LILLEY,302031035,Boondall,30203103519,3103519,529,557
30203103520-LIL,LILLEY,302031035,Boondall,30203103520,3103520,414,415
30203103521-LIL,LILLEY,302031035,Boondall,30203103521,3103521,0,0
30203103522-LIL,LILLEY,302031035,Boondall,30203103522,3103522,149,153
30203103603-BRI,BRISBANE,302031036,Brisbane Airport,30203103603,3103603,0,0
30203103603-LIL,LILLEY,302031036,Brisbane Airport,30203103603,3103603,11,11
30203103701-LIL,LILLEY,302031037,Eagle Farm - Pinkenba,30203103701,3103701,203,272
30203103705-BRI,BRISBANE,302031037,Eagle Farm - Pinkenba,30203103705,3103705,257,338
30203103706-BRI,BRISBANE,302031037,Eagle Farm - Pinkenba,30203103706,3103706,170,225
30203103707-BRI,BRISBANE,302031037,Eagle Farm - Pinkenba,30203103707,3103707,323,368
30203103708-BRI,BRISBANE,302031037,Eagle Farm - Pinkenba,30203103708,3103708,801,1126
30203103708-LIL,LILLEY,302031037,Eagle Farm - Pinkenba,30203103708,3103708,4,5
30203103801-LIL,LILLEY,302031038,Northgate - Virginia,30203103801,3103801,215,226
30203103802-LIL,LILLEY,302031038,Northgate - Virginia,30203103802,3103802,505,513
30203103803-LIL,LILLEY,302031038,Northgate - Virginia,30203103803,3103803,393,408
30203103804-LIL,LILLEY,302031038,Northgate - Virginia,30203103804,3103804,304,298
30203103805-LIL,LILLEY,302031038,Northgate - Virginia,30203103805,3103805,437,439
30203103806-LIL,LILLEY,302031038,Northgate - Virginia,30203103806,3103806,358,346
30203103807-LIL,LILLEY,302031038,Northgate - Virginia,30203103807,3103807,300,302
30203103808-LIL,LILLEY,302031038,Northgate - Virginia,30203103808,3103808,511,533
30203103809-LIL,LILLEY,302031038,Northgate - Virginia,30203103809,3103809,310,312
30203103810-LIL,LILLEY,302031038,Northgate - Virginia,30203103810,3103810,275,287
30203103811-LIL,LILLEY,302031038,Northgate - Virginia,30203103811,3103811,225,233
30203103812-LIL,LILLEY,302031038,Northgate - Virginia,30203103812,3103812,328,317
30203103813-LIL,LILLEY,302031038,Northgate - Virginia,30203103813,3103813,16,16
30203103814-LIL,LILLEY,302031038,Northgate - Virginia,30203103814,3103814,420,413
30203103815-LIL,LILLEY,302031038,Northgate - Virginia,30203103815,3103815,177,184
30203103816-LIL,LILLEY,302031038,Northgate - Virginia,30203103816,3103816,320,331
30203103901-LIL,LILLEY,302031039,Nudgee - Banyo,30203103901,3103901,5,5
30203103902-LIL,LILLEY,302031039,Nudgee - Banyo,30203103902,3103902,0,0
30203103903-LIL,LILLEY,302031039,Nudgee - Banyo,30203103903,3103903,210,213
30203103904-LIL,LILLEY,302031039,Nudgee - Banyo,30203103904,3103904,253,266
30203103905-LIL,LILLEY,302031039,Nudgee - Banyo,30203103905,3103905,282,294
30203103906-LIL,LILLEY,302031039,Nudgee - Banyo,30203103906,3103906,292,311
30203103908-LIL,LILLEY,302031039,Nudgee - Banyo,30203103908,3103908,291,303
30203103909-LIL,LILLEY,302031039,Nudgee - Banyo,30203103909,3103909,6,6
30203103910-LIL,LILLEY,302031039,Nudgee - Banyo,30203103910,3103910,0,0
30203103911-LIL,LILLEY,302031039,Nudgee - Banyo,30203103911,3103911,201,213
30203103912-LIL,LILLEY,302031039,Nudgee - Banyo,30203103912,3103912,392,444
30203103915-LIL,LILLEY,302031039,Nudgee - Banyo,30203103915,3103915,344,372
30203103916-LIL,LILLEY,302031039,Nudgee - Banyo,30203103916,3103916,480,500
30203103917-LIL,LILLEY,302031039,Nudgee - Banyo,30203103917,3103917,409,431
30203103918-LIL,LILLEY,302031039,Nudgee - Banyo,30203103918,3103918,395,409
30203103919-LIL,LILLEY,302031039,Nudgee - Banyo,30203103919,3103919,452,455
30203103920-LIL,LILLEY,302031039,Nudgee - Banyo,30203103920,3103920,386,408
30203103921-LIL,LILLEY,302031039,Nudgee - Banyo,30203103921,3103921,450,466
30203103922-LIL,LILLEY,302031039,Nudgee - Banyo,30203103922,3103922,442,466
30203103923-LIL,LILLEY,302031039,Nudgee - Banyo,30203103923,3103923,352,377
30203103924-LIL,LILLEY,302031039,Nudgee - Banyo,30203103924,3103924,292,294
30203103926-LIL,LILLEY,302031039,Nudgee - Banyo,30203103926,3103926,163,169
30203103927-LIL,LILLEY,302031039,Nudgee - Banyo,30203103927,3103927,277,292
30203103929-LIL,LILLEY,302031039,Nudgee - Banyo,30203103929,3103929,615,647
30203103930-LIL,LILLEY,302031039,Nudgee - Banyo,30203103930,3103930,315,309
30203103931-LIL,LILLEY,302031039,Nudgee - Banyo,30203103931,3103931,432,439
30203103932-LIL,LILLEY,302031039,Nudgee - Banyo,30203103932,3103932,78,85
30203103933-LIL,LILLEY,302031039,Nudgee - Banyo,30203103933,3103933,271,279
30203104001-LIL,LILLEY,302031040,Nundah,30203104001,3104001,329,356
30203104002-LIL,LILLEY,302031040,Nundah,30203104002,3104002,207,212
30203104003-LIL,LILLEY,302031040,Nundah,30203104003,3104003,518,550
30203104004-LIL,LILLEY,302031040,Nundah,30203104004,3104004,454,469
30203104007-LIL,LILLEY,302031040,Nundah,30203104007,3104007,324,332
30203104008-LIL,LILLEY,302031040,Nundah,30203104008,3104008,391,413
30203104009-LIL,LILLEY,302031040,Nundah,30203104009,3104009,456,471
30203104010-LIL,LILLEY,302031040,Nundah,30203104010,3104010,372,399
30203104011-LIL,LILLEY,302031040,Nundah,30203104011,3104011,435,448
30203104012-LIL,LILLEY,302031040,Nundah,30203104012,3104012,254,263
30203104013-LIL,LILLEY,302031040,Nundah,30203104013,3104013,321,335
30203104016-LIL,LILLEY,302031040,Nundah,30203104016,3104016,0,0
30203104017-LIL,LILLEY,302031040,Nundah,30203104017,3104017,392,420
30203104018-LIL,LILLEY,302031040,Nundah,30203104018,3104018,211,219
30203104019-LIL,LILLEY,302031040,Nundah,30203104019,3104019,404,437
30203104020-LIL,LILLEY,302031040,Nundah,30203104020,3104020,337,346
30203104021-LIL,LILLEY,302031040,Nundah,30203104021,3104021,356,386
30203104022-LIL,LILLEY,302031040,Nundah,30203104022,3104022,276,287
30203104024-LIL,LILLEY,302031040,Nundah,30203104024,3104024,325,353
30203104025-LIL,LILLEY,302031040,Nundah,30203104025,3104025,415,430
30203104026-LIL,LILLEY,302031040,Nundah,30203104026,3104026,368,373
30203104027-LIL,LILLEY,302031040,Nundah,30203104027,3104027,389,418
30203104028-LIL,LILLEY,302031040,Nundah,30203104028,3104028,315,309
30203104029-LIL,LILLEY,302031040,Nundah,30203104029,3104029,226,246
30203104030-LIL,LILLEY,302031040,Nundah,30203104030,3104030,302,317
30203104031-LIL,LILLEY,302031040,Nundah,30203104031,3104031,349,352
30203104032-LIL,LILLEY,302031040,Nundah,30203104032,3104032,450,468
30203104033-LIL,LILLEY,302031040,Nundah,30203104033,3104033,422,414
30203104034-LIL,LILLEY,302031040,Nundah,30203104034,3104034,269,276
30204104101-PET,PETRIE,302041041,Bracken Ridge,30204104101,3104101,265,256
30204104102-PET,PETRIE,302041041,Bracken Ridge,30204104102,3104102,423,426
30204104103-PET,PETRIE,302041041,Bracken Ridge,30204104103,3104103,300,309
30204104104-PET,PETRIE,302041041,Bracken Ridge,30204104104,3104104,228,231
30204104105-PET,PETRIE,302041041,Bracken Ridge,30204104105,3104105,260,255
30204104106-PET,PETRIE,302041041,Bracken Ridge,30204104106,3104106,236,236
30204104107-PET,PETRIE,302041041,Bracken Ridge,30204104107,3104107,195,193
30204104108-PET,PETRIE,302041041,Bracken Ridge,30204104108,3104108,380,384
30204104109-PET,PETRIE,302041041,Bracken Ridge,30204104109,3104109,290,299
30204104110-PET,PETRIE,302041041,Bracken Ridge,30204104110,3104110,222,227
30204104111-PET,PETRIE,302041041,Bracken Ridge,30204104111,3104111,326,324
30204104112-PET,PETRIE,302041041,Bracken Ridge,30204104112,3104112,347,357
30204104113-PET,PETRIE,302041041,Bracken Ridge,30204104113,3104113,231,229
30204104114-PET,PETRIE,302041041,Bracken Ridge,30204104114,3104114,173,176
30204104115-PET,PETRIE,302041041,Bracken Ridge,30204104115,3104115,264,278
30204104117-PET,PETRIE,302041041,Bracken Ridge,30204104117,3104117,411,417
30204104118-PET,PETRIE,302041041,Bracken Ridge,30204104118,3104118,299,319
30204104119-PET,PETRIE,302041041,Bracken Ridge,30204104119,3104119,312,325
30204104120-PET,PETRIE,302041041,Bracken Ridge,30204104120,3104120,196,195
30204104121-PET,PETRIE,302041041,Bracken Ridge,30204104121,3104121,486,493
30204104122-PET,PETRIE,302041041,Bracken Ridge,30204104122,3104122,217,218
30204104123-PET,PETRIE,302041041,Bracken Ridge,30204104123,3104123,345,354
30204104124-PET,PETRIE,302041041,Bracken Ridge,30204104124,3104124,158,157
30204104125-PET,PETRIE,302041041,Bracken Ridge,30204104125,3104125,346,348
30204104127-PET,PETRIE,302041041,Bracken Ridge,30204104127,3104127,478,501
30204104128-PET,PETRIE,302041041,Bracken Ridge,30204104128,3104128,376,381
30204104129-PET,PETRIE,302041041,Bracken Ridge,30204104129,3104129,343,372
30204104130-PET,PETRIE,302041041,Bracken Ridge,30204104130,3104130,397,396
30204104131-PET,PETRIE,302041041,Bracken Ridge,30204104131,3104131,436,456
30204104132-PET,PETRIE,302041041,Bracken Ridge,30204104132,3104132,202,197
30204104133-PET,PETRIE,302041041,Bracken Ridge,30204104133,3104133,424,414
30204104134-PET,PETRIE,302041041,Bracken Ridge,30204104134,3104134,269,273
30204104136-PET,PETRIE,302041041,Bracken Ridge,30204104136,3104136,307,303
30204104137-PET,PETRIE,302041041,Bracken Ridge,30204104137,3104137,425,446
30204104138-PET,PETRIE,302041041,Bracken Ridge,30204104138,3104138,350,348
30204104139-PET,PETRIE,302041041,Bracken Ridge,30204104139,3104139,188,184
30204104140-PET,PETRIE,302041041,Bracken Ridge,30204104140,3104140,294,296
30204104141-PET,PETRIE,302041041,Bracken Ridge,30204104141,3104141,276,291
30204104142-PET,PETRIE,302041041,Bracken Ridge,30204104142,3104142,410,448
30204104143-PET,PETRIE,302041041,Bracken Ridge,30204104143,3104143,361,371
30204104202-LIL,LILLEY,302041042,Brighton (Qld),30204104202,3104202,324,329
30204104204-LIL,LILLEY,302041042,Brighton (Qld),30204104204,3104204,353,360
30204104205-LIL,LILLEY,302041042,Brighton (Qld),30204104205,3104205,329,336
30204104206-LIL,LILLEY,302041042,Brighton (Qld),30204104206,3104206,229,221
30204104207-LIL,LILLEY,302041042,Brighton (Qld),30204104207,3104207,305,301
30204104208-LIL,LILLEY,302041042,Brighton (Qld),30204104208,3104208,335,334
30204104209-LIL,LILLEY,302041042,Brighton (Qld),30204104209,3104209,265,271
30204104210-LIL,LILLEY,302041042,Brighton (Qld),30204104210,3104210,281,274
30204104211-LIL,LILLEY,302041042,Brighton (Qld),30204104211,3104211,452,447
30204104212-LIL,LILLEY,302041042,Brighton (Qld),30204104212,3104212,335,333
30204104213-LIL,LILLEY,302041042,Brighton (Qld),30204104213,3104213,397,407
30204104214-LIL,LILLEY,302041042,Brighton (Qld),30204104214,3104214,379,388
30204104215-LIL,LILLEY,302041042,Brighton (Qld),30204104215,3104215,342,333
30204104217-LIL,LILLEY,302041042,Brighton (Qld),30204104217,3104217,459,465
30204104218-LIL,LILLEY,302041042,Brighton (Qld),30204104218,3104218,213,220
30204104219-LIL,LILLEY,302041042,Brighton (Qld),30204104219,3104219,278,285
30204104220-LIL,LILLEY,302041042,Brighton (Qld),30204104220,3104220,398,409
30204104221-LIL,LILLEY,302041042,Brighton (Qld),30204104221,3104221,274,286
30204104222-LIL,LILLEY,302041042,Brighton (Qld),30204104222,3104222,0,0
30204104223-LIL,LILLEY,302041042,Brighton (Qld),30204104223,3104223,176,183
30204104224-LIL,LILLEY,302041042,Brighton (Qld),30204104224,3104224,232,254
30204104225-LIL,LILLEY,302041042,Brighton (Qld),30204104225,3104225,160,174
30204104226-LIL,LILLEY,302041042,Brighton (Qld),30204104226,3104226,121,121
30204104227-LIL,LILLEY,302041042,Brighton (Qld),30204104227,3104227,53,52
30204104228-LIL,LILLEY,302041042,Brighton (Qld),30204104228,3104228,215,213
30204104229-LIL,LILLEY,302041042,Brighton (Qld),30204104229,3104229,283,281
30204104230-LIL,LILLEY,302041042,Brighton (Qld),30204104230,3104230,227,225
30204104301-LIL,LILLEY,302041043,Deagon,30204104301,3104301,186,197
30204104302-LIL,LILLEY,302041043,Deagon,30204104302,3104302,574,577
30204104303-LIL,LILLEY,302041043,Deagon,30204104303,3104303,456,463
30204104305-LIL,LILLEY,302041043,Deagon,30204104305,3104305,330,321
30204104306-LIL,LILLEY,302041043,Deagon,30204104306,3104306,577,573
30204104307-LIL,LILLEY,302041043,Deagon,30204104307,3104307,212,215
30204104308-LIL,LILLEY,302041043,Deagon,30204104308,3104308,359,366
30204104309-LIL,LILLEY,302041043,Deagon,30204104309,3104309,39,39
30204104310-LIL,LILLEY,302041043,Deagon,30204104310,3104310,417,412
30204104401-LIL,LILLEY,302041044,Sandgate - Shorncliffe,30204104401,3104401,222,221
30204104402-LIL,LILLEY,302041044,Sandgate - Shorncliffe,30204104402,3104402,246,269
30204104403-LIL,LILLEY,302041044,Sandgate - Shorncliffe,30204104403,3104403,311,309
30204104404-LIL,LILLEY,302041044,Sandgate - Shorncliffe,30204104404,3104404,320,323
30204104405-LIL,LILLEY,302041044,Sandgate - Shorncliffe,30204104405,3104405,204,204
30204104406-LIL,LILLEY,302041044,Sandgate - Shorncliffe,30204104406,3104406,286,286
30204104407-LIL,LILLEY,302041044,Sandgate - Shorncliffe,30204104407,3104407,474,485
30204104408-LIL,LILLEY,302041044,Sandgate - Shorncliffe,30204104408,3104408,316,310
30204104409-LIL,LILLEY,302041044,Sandgate - Shorncliffe,30204104409,3104409,304,319
30204104410-LIL,LILLEY,302041044,Sandgate - Shorncliffe,30204104410,3104410,394,391
30204104411-LIL,LILLEY,302041044,Sandgate - Shorncliffe,30204104411,3104411,385,383
30204104412-LIL,LILLEY,302041044,Sandgate - Shorncliffe,30204104412,3104412,378,389
30204104413-LIL,LILLEY,302041044,Sandgate - Shorncliffe,30204104413,3104413,75,77
30204104414-LIL,LILLEY,302041044,Sandgate - Shorncliffe,30204104414,3104414,179,182
30204104415-LIL,LILLEY,302041044,Sandgate - Shorncliffe,30204104415,3104415,284,301
30204104416-LIL,LILLEY,302041044,Sandgate - Shorncliffe,30204104416,3104416,183,179
30204104417-LIL,LILLEY,302041044,Sandgate - Shorncliffe,30204104417,3104417,214,230
30204104418-LIL,LILLEY,302041044,Sandgate - Shorncliffe,30204104418,3104418,0,0
30204104419-LIL,LILLEY,302041044,Sandgate - Shorncliffe,30204104419,3104419,443,442
30204104501-LIL,LILLEY,302041045,Taigum - Fitzgibbon,30204104501,3104501,299,329
30204104501-PET,PETRIE,302041045,Taigum - Fitzgibbon,30204104501,3104501,0,0
30204104504-LIL,LILLEY,302041045,Taigum - Fitzgibbon,30204104504,3104504,388,379
30204104506-PET,PETRIE,302041045,Taigum - Fitzgibbon,30204104506,3104506,357,349
30204104508-LIL,LILLEY,302041045,Taigum - Fitzgibbon,30204104508,3104508,480,506
30204104509-PET,PETRIE,302041045,Taigum - Fitzgibbon,30204104509,3104509,300,311
30204104510-LIL,LILLEY,302041045,Taigum - Fitzgibbon,30204104510,3104510,301,310
30204104514-PET,PETRIE,302041045,Taigum - Fitzgibbon,30204104514,3104514,261,264
30204104515-LIL,LILLEY,302041045,Taigum - Fitzgibbon,30204104515,3104515,0,0
30204104515-PET,PETRIE,302041045,Taigum - Fitzgibbon,30204104515,3104515,366,366
30204104516-LIL,LILLEY,302041045,Taigum - Fitzgibbon,30204104516,3104516,268,266
30204104517-LIL,LILLEY,302041045,Taigum - Fitzgibbon,30204104517,3104517,353,357
30204104517-PET,PETRIE,302041045,Taigum - Fitzgibbon,30204104517,3104517,5,5
30204104519-PET,PETRIE,302041045,Taigum - Fitzgibbon,30204104519,3104519,101,104
30204104520-LIL,LILLEY,302041045,Taigum - Fitzgibbon,30204104520,3104520,145,149
30204104521-LIL,LILLEY,302041045,Taigum - Fitzgibbon,30204104521,3104521,408,426
30204104522-PET,PETRIE,302041045,Taigum - Fitzgibbon,30204104522,3104522,244,251
30204104523-PET,PETRIE,302041045,Taigum - Fitzgibbon,30204104523,3104523,214,209
30204104525-PET,PETRIE,302041045,Taigum - Fitzgibbon,30204104525,3104525,134,137
30204104526-PET,PETRIE,302041045,Taigum - Fitzgibbon,30204104526,3104526,182,183
30204104527-PET,PETRIE,302041045,Taigum - Fitzgibbon,30204104527,3104527,109,110
30204104528-PET,PETRIE,302041045,Taigum - Fitzgibbon,30204104528,3104528,104,107
30204104529-LIL,LILLEY,302041045,Taigum - Fitzgibbon,30204104529,3104529,334,333
30204104530-PET,PETRIE,302041045,Taigum - Fitzgibbon,30204104530,3104530,279,281
30204104531-PET,PETRIE,302041045,Taigum - Fitzgibbon,30204104531,3104531,187,190
30204104532-PET,PETRIE,302041045,Taigum - Fitzgibbon,30204104532,3104532,88,92
30204104533-PET,PETRIE,302041045,Taigum - Fitzgibbon,30204104533,3104533,81,87
30204104534-LIL,LILLEY,302041045,Taigum - Fitzgibbon,30204104534,3104534,298,291
30204104535-LIL,LILLEY,302041045,Taigum - Fitzgibbon,30204104535,3104535,207,220
30204104536-PET,PETRIE,302041045,Taigum - Fitzgibbon,30204104536,3104536,195,195
30204104537-LIL,LILLEY,302041045,Taigum - Fitzgibbon,30204104537,3104537,358,369
30204104539-PET,PETRIE,302041045,Taigum - Fitzgibbon,30204104539,3104539,285,291
30204104541-LIL,LILLEY,302041045,Taigum - Fitzgibbon,30204104541,3104541,489,553
30204104542-PET,PETRIE,302041045,Taigum - Fitzgibbon,30204104542,3104542,181,182
30204104543-PET,PETRIE,302041045,Taigum - Fitzgibbon,30204104543,3104543,212,220
30204104544-LIL,LILLEY,302041045,Taigum - Fitzgibbon,30204104544,3104544,291,300
30204104545-LIL,LILLEY,302041045,Taigum - Fitzgibbon,30204104545,3104545,553,555
30204104546-PET,PETRIE,302041045,Taigum - Fitzgibbon,30204104546,3104546,147,156
30204104547-LIL,LILLEY,302041045,Taigum - Fitzgibbon,30204104547,3104547,328,376
30204104601-LIL,LILLEY,302041046,Zillmere,30204104601,3104601,256,259
30204104602-LIL,LILLEY,302041046,Zillmere,30204104602,3104602,216,217
30204104603-LIL,LILLEY,302041046,Zillmere,30204104603,3104603,302,309
30204104604-LIL,LILLEY,302041046,Zillmere,30204104604,3104604,251,259
30204104605-LIL,LILLEY,302041046,Zillmere,30204104605,3104605,362,366
30204104606-LIL,LILLEY,302041046,Zillmere,30204104606,3104606,300,308
30204104607-LIL,LILLEY,302041046,Zillmere,30204104607,3104607,327,331
30204104608-LIL,LILLEY,302041046,Zillmere,30204104608,3104608,505,532
30204104609-LIL,LILLEY,302041046,Zillmere,30204104609,3104609,495,501
30204104610-LIL,LILLEY,302041046,Zillmere,30204104610,3104610,362,376
30204104611-LIL,LILLEY,302041046,Zillmere,30204104611,3104611,328,330
30204104612-LIL,LILLEY,302041046,Zillmere,30204104612,3104612,221,218
30204104613-LIL,LILLEY,302041046,Zillmere,30204104613,3104613,293,307
30204104614-LIL,LILLEY,302041046,Zillmere,30204104614,3104614,263,279
30204104615-LIL,LILLEY,302041046,Zillmere,30204104615,3104615,225,218
30204104616-LIL,LILLEY,302041046,Zillmere,30204104616,3104616,368,366
30204104617-LIL,LILLEY,302041046,Zillmere,30204104617,3104617,251,250
30204104618-LIL,LILLEY,302041046,Zillmere,30204104618,3104618,317,325
30204104619-LIL,LILLEY,302041046,Zillmere,30204104619,3104619,317,324
30204104620-LIL,LILLEY,302041046,Zillmere,30204104620,3104620,279,281
30204104621-LIL,LILLEY,302041046,Zillmere,30204104621,3104621,0,0
30204104622-LIL,LILLEY,302041046,Zillmere,30204104622,3104622,269,260
30301104701-GRI,GRIFFITH,303011047,Camp Hill,30301104701,3104701,449,448
30301104702-GRI,GRIFFITH,303011047,Camp Hill,30301104702,3104702,408,417
30301104703-GRI,GRIFFITH,303011047,Camp Hill,30301104703,3104703,341,351
30301104704-GRI,GRIFFITH,303011047,Camp Hill,30301104704,3104704,328,343
30301104705-GRI,GRIFFITH,303011047,Camp Hill,30301104705,3104705,427,440
30301104706-GRI,GRIFFITH,303011047,Camp Hill,30301104706,3104706,0,0
30301104707-GRI,GRIFFITH,303011047,Camp Hill,30301104707,3104707,249,259
30301104708-GRI,GRIFFITH,303011047,Camp Hill,30301104708,3104708,317,329
30301104709-GRI,GRIFFITH,303011047,Camp Hill,30301104709,3104709,533,547
30301104710-GRI,GRIFFITH,303011047,Camp Hill,30301104710,3104710,366,377
30301104711-GRI,GRIFFITH,303011047,Camp Hill,30301104711,3104711,329,351
30301104712-GRI,GRIFFITH,303011047,Camp Hill,30301104712,3104712,449,462
30301104713-GRI,GRIFFITH,303011047,Camp Hill,30301104713,3104713,453,469
30301104714-GRI,GRIFFITH,303011047,Camp Hill,30301104714,3104714,393,395
30301104715-GRI,GRIFFITH,303011047,Camp Hill,30301104715,3104715,326,343
30301104716-GRI,GRIFFITH,303011047,Camp Hill,30301104716,3104716,208,216
30301104717-GRI,GRIFFITH,303011047,Camp Hill,30301104717,3104717,307,309
30301104718-GRI,GRIFFITH,303011047,Camp Hill,30301104718,3104718,173,185
30301104719-GRI,GRIFFITH,303011047,Camp Hill,30301104719,3104719,411,430
30301104720-GRI,GRIFFITH,303011047,Camp Hill,30301104720,3104720,569,593
30301104721-GRI,GRIFFITH,303011047,Camp Hill,30301104721,3104721,339,354
30301104722-GRI,GRIFFITH,303011047,Camp Hill,30301104722,3104722,408,431
30301104723-GRI,GRIFFITH,303011047,Camp Hill,30301104723,3104723,376,398
30301104724-GRI,GRIFFITH,303011047,Camp Hill,30301104724,3104724,483,522
30301104725-GRI,GRIFFITH,303011047,Camp Hill,30301104725,3104725,245,256
30301104801-BON,BONNER,303011048,Cannon Hill,30301104801,3104801,344,379
30301104802-GRI,GRIFFITH,303011048,Cannon Hill,30301104802,3104802,261,277
30301104803-GRI,GRIFFITH,303011048,Cannon Hill,30301104803,3104803,497,510
30301104804-GRI,GRIFFITH,303011048,Cannon Hill,30301104804,3104804,333,349
30301104805-GRI,GRIFFITH,303011048,Cannon Hill,30301104805,3104805,262,271
30301104807-GRI,GRIFFITH,303011048,Cannon Hill,30301104807,3104807,391,409
30301104808-GRI,GRIFFITH,303011048,Cannon Hill,30301104808,3104808,280,289
30301104809-GRI,GRIFFITH,303011048,Cannon Hill,30301104809,3104809,432,438
30301104810-GRI,GRIFFITH,303011048,Cannon Hill,30301104810,3104810,376,393
30301104811-GRI,GRIFFITH,303011048,Cannon Hill,30301104811,3104811,426,459
30301104813-BON,BONNER,303011048,Cannon Hill,30301104813,3104813,97,95
30301104814-GRI,GRIFFITH,303011048,Cannon Hill,30301104814,3104814,349,354
30301104815-GRI,GRIFFITH,303011048,Cannon Hill,30301104815,3104815,229,247
30301104816-GRI,GRIFFITH,303011048,Cannon Hill,30301104816,3104816,254,263
30301104817-GRI,GRIFFITH,303011048,Cannon Hill,30301104817,3104817,188,204
30301104818-GRI,GRIFFITH,303011048,Cannon Hill,30301104818,3104818,270,285
30301104901-BON,BONNER,303011049,Carina,30301104901,3104901,459,468
30301104902-BON,BONNER,303011049,Carina,30301104902,3104902,0,0
30301104903-GRI,GRIFFITH,303011049,Carina,30301104903,3104903,321,313
30301104904-GRI,GRIFFITH,303011049,Carina,30301104904,3104904,261,268
30301104905-GRI,GRIFFITH,303011049,Carina,30301104905,3104905,405,395
30301104906-GRI,GRIFFITH,303011049,Carina,30301104906,3104906,306,310
30301104907-GRI,GRIFFITH,303011049,Carina,30301104907,3104907,366,374
30301104908-GRI,GRIFFITH,303011049,Carina,30301104908,3104908,247,255
30301104909-GRI,GRIFFITH,303011049,Carina,30301104909,3104909,239,256
30301104910-GRI,GRIFFITH,303011049,Carina,30301104910,3104910,450,458
30301104911-GRI,GRIFFITH,303011049,Carina,30301104911,3104911,261,272
30301104912-GRI,GRIFFITH,303011049,Carina,30301104912,3104912,261,276
30301104913-BON,BONNER,303011049,Carina,30301104913,3104913,389,400
30301104914-BON,BONNER,303011049,Carina,30301104914,3104914,341,355
30301104915-GRI,GRIFFITH,303011049,Carina,30301104915,3104915,218,225
30301104916-GRI,GRIFFITH,303011049,Carina,30301104916,3104916,465,470
30301104917-GRI,GRIFFITH,303011049,Carina,30301104917,3104917,433,459
30301104919-GRI,GRIFFITH,303011049,Carina,30301104919,3104919,373,386
30301104920-GRI,GRIFFITH,303011049,Carina,30301104920,3104920,468,505
30301104921-GRI,GRIFFITH,303011049,Carina,30301104921,3104921,287,290
30301104922-BON,BONNER,303011049,Carina,30301104922,3104922,477,487
30301104923-BON,BONNER,303011049,Carina,30301104923,3104923,446,452
30301104924-BON,BONNER,303011049,Carina,30301104924,3104924,766,748
30301104925-GRI,GRIFFITH,303011049,Carina,30301104925,3104925,316,350
30301104926-GRI,GRIFFITH,303011049,Carina,30301104926,3104926,343,368
30301105001-GRI,GRIFFITH,303011050,Carina Heights,30301105001,3105001,456,469
30301105002-GRI,GRIFFITH,303011050,Carina Heights,30301105002,3105002,471,511
30301105003-GRI,GRIFFITH,303011050,Carina Heights,30301105003,3105003,487,500
30301105004-GRI,GRIFFITH,303011050,Carina Heights,30301105004,3105004,369,382
30301105005-GRI,GRIFFITH,303011050,Carina Heights,30301105005,3105005,317,332
30301105006-GRI,GRIFFITH,303011050,Carina Heights,30301105006,3105006,244,263
30301105007-GRI,GRIFFITH,303011050,Carina Heights,30301105007,3105007,301,314
30301105008-GRI,GRIFFITH,303011050,Carina Heights,30301105008,3105008,385,376
30301105009-GRI,GRIFFITH,303011050,Carina Heights,30301105009,3105009,295,313
30301105010-GRI,GRIFFITH,303011050,Carina Heights,30301105010,3105010,289,302
30301105011-GRI,GRIFFITH,303011050,Carina Heights,30301105011,3105011,269,272
30301105012-GRI,GRIFFITH,303011050,Carina Heights,30301105012,3105012,326,319
30301105013-GRI,GRIFFITH,303011050,Carina Heights,30301105013,3105013,160,170
30301105014-GRI,GRIFFITH,303011050,Carina Heights,30301105014,3105014,304,310
30301105015-GRI,GRIFFITH,303011050,Carina Heights,30301105015,3105015,394,410
30301105016-GRI,GRIFFITH,303011050,Carina Heights,30301105016,3105016,0,0
30301105101-BON,BONNER,303011051,Carindale,30301105101,3105101,203,203
30301105102-BON,BONNER,303011051,Carindale,30301105102,3105102,372,382
30301105103-BON,BONNER,303011051,Carindale,30301105103,3105103,381,389
30301105104-BON,BONNER,303011051,Carindale,30301105104,3105104,326,347
30301105105-BON,BONNER,303011051,Carindale,30301105105,3105105,260,270
30301105106-BON,BONNER,303011051,Carindale,30301105106,3105106,422,406
30301105107-BON,BONNER,303011051,Carindale,30301105107,3105107,240,249
30301105108-BON,BONNER,303011051,Carindale,30301105108,3105108,216,222
30301105109-BON,BONNER,303011051,Carindale,30301105109,3105109,128,136
30301105110-BON,BONNER,303011051,Carindale,30301105110,3105110,345,364
30301105111-BON,BONNER,303011051,Carindale,30301105111,3105111,180,183
30301105112-BON,BONNER,303011051,Carindale,30301105112,3105112,195,193
30301105113-BON,BONNER,303011051,Carindale,30301105113,3105113,497,532
30301105114-BON,BONNER,303011051,Carindale,30301105114,3105114,199,199
30301105115-BON,BONNER,303011051,Carindale,30301105115,3105115,655,688
30301105116-BON,BONNER,303011051,Carindale,30301105116,3105116,157,154
30301105117-BON,BONNER,303011051,Carindale,30301105117,3105117,271,266
30301105118-BON,BONNER,303011051,Carindale,30301105118,3105118,404,399
30301105119-BON,BONNER,303011051,Carindale,30301105119,3105119,325,323
30301105120-BON,BONNER,303011051,Carindale,30301105120,3105120,263,264
30301105121-BON,BONNER,303011051,Carindale,30301105121,3105121,428,412
30301105122-BON,BONNER,303011051,Carindale,30301105122,3105122,224,229
30301105123-BON,BONNER,303011051,Carindale,30301105123,3105123,150,154
30301105124-BON,BONNER,303011051,Carindale,30301105124,3105124,257,257
30301105125-BON,BONNER,303011051,Carindale,30301105125,3105125,428,423
30301105126-BON,BONNER,303011051,Carindale,30301105126,3105126,507,514
30301105127-BON,BONNER,303011051,Carindale,30301105127,3105127,341,328
30301105128-BON,BONNER,303011051,Carindale,30301105128,3105128,326,324
30301105129-BON,BONNER,303011051,Carindale,30301105129,3105129,6,6
30301105130-BON,BONNER,303011051,Carindale,30301105130,3105130,181,184
30301105131-BON,BONNER,303011051,Carindale,30301105131,3105131,247,252
30301105133-BON,BONNER,303011051,Carindale,30301105133,3105133,0,0
30301105134-BON,BONNER,303011051,Carindale,30301105134,3105134,211,212
30301105135-BON,BONNER,303011051,Carindale,30301105135,3105135,269,262
30301105136-BON,BONNER,303011051,Carindale,30301105136,3105136,179,176
30301105137-BON,BONNER,303011051,Carindale,30301105137,3105137,375,394
30301105138-BON,BONNER,303011051,Carindale,30301105138,3105138,310,320
30301105139-BON,BONNER,303011051,Carindale,30301105139,3105139,310,299
30301105140-BON,BONNER,303011051,Carindale,30301105140,3105140,225,232
30301105141-BON,BONNER,303011051,Carindale,30301105141,3105141,324,336
30301105142-BON,BONNER,303011051,Carindale,30301105142,3105142,0,0
30301105143-BON,BONNER,303011051,Carindale,30301105143,3105143,532,512
30302105201-MOR,MORETON,303021052,Annerley,30302105201,3105201,333,343
30302105202-MOR,MORETON,303021052,Annerley,30302105202,3105202,394,406
30302105203-MOR,MORETON,303021052,Annerley,30302105203,3105203,262,265
30302105204-MOR,MORETON,303021052,Annerley,30302105204,3105204,458,475
30302105205-MOR,MORETON,303021052,Annerley,30302105205,3105205,408,409
30302105206-MOR,MORETON,303021052,Annerley,30302105206,3105206,319,326
30302105207-MOR,MORETON,303021052,Annerley,30302105207,3105207,249,260
30302105208-MOR,MORETON,303021052,Annerley,30302105208,3105208,250,254
30302105209-MOR,MORETON,303021052,Annerley,30302105209,3105209,321,330
30302105210-MOR,MORETON,303021052,Annerley,30302105210,3105210,238,262
30302105211-MOR,MORETON,303021052,Annerley,30302105211,3105211,307,322
30302105212-MOR,MORETON,303021052,Annerley,30302105212,3105212,255,250
30302105213-MOR,MORETON,303021052,Annerley,30302105213,3105213,326,354
30302105214-MOR,MORETON,303021052,Annerley,30302105214,3105214,192,197
30302105215-MOR,MORETON,303021052,Annerley,30302105215,3105215,173,185
30302105216-MOR,MORETON,303021052,Annerley,30302105216,3105216,265,273
30302105217-MOR,MORETON,303021052,Annerley,30302105217,3105217,237,255
30302105218-MOR,MORETON,303021052,Annerley,30302105218,3105218,274,296
30302105219-MOR,MORETON,303021052,Annerley,30302105219,3105219,636,677
30302105221-MOR,MORETON,303021052,Annerley,30302105221,3105221,588,612
30302105222-MOR,MORETON,303021052,Annerley,30302105222,3105222,252,253
30302105223-MOR,MORETON,303021052,Annerley,30302105223,3105223,272,267
30302105224-MOR,MORETON,303021052,Annerley,30302105224,3105224,403,437
30302105225-MOR,MORETON,303021052,Annerley,30302105225,3105225,335,336
30302105226-MOR,MORETON,303021052,Annerley,30302105226,3105226,335,358
30302105227-MOR,MORETON,303021052,Annerley,30302105227,3105227,252,272
30302105301-GRI,GRIFFITH,303021053,Coorparoo,30302105301,3105301,377,386
30302105302-GRI,GRIFFITH,303021053,Coorparoo,30302105302,3105302,393,379
30302105303-GRI,GRIFFITH,303021053,Coorparoo,30302105303,3105303,362,350
30302105305-GRI,GRIFFITH,303021053,Coorparoo,30302105305,3105305,283,298
30302105306-GRI,GRIFFITH,303021053,Coorparoo,30302105306,3105306,464,454
30302105307-GRI,GRIFFITH,303021053,Coorparoo,30302105307,3105307,335,344
30302105308-GRI,GRIFFITH,303021053,Coorparoo,30302105308,3105308,517,524
30302105309-GRI,GRIFFITH,303021053,Coorparoo,30302105309,3105309,278,283
30302105310-GRI,GRIFFITH,303021053,Coorparoo,30302105310,3105310,285,274
30302105311-GRI,GRIFFITH,303021053,Coorparoo,30302105311,3105311,284,295
30302105312-GRI,GRIFFITH,303021053,Coorparoo,30302105312,3105312,359,345
30302105313-GRI,GRIFFITH,303021053,Coorparoo,30302105313,3105313,243,237
30302105314-GRI,GRIFFITH,303021053,Coorparoo,30302105314,3105314,251,241
30302105315-GRI,GRIFFITH,303021053,Coorparoo,30302105315,3105315,230,228
30302105316-GRI,GRIFFITH,303021053,Coorparoo,30302105316,3105316,478,479
30302105317-GRI,GRIFFITH,303021053,Coorparoo,30302105317,3105317,209,207
30302105318-GRI,GRIFFITH,303021053,Coorparoo,30302105318,3105318,270,264
30302105319-GRI,GRIFFITH,303021053,Coorparoo,30302105319,3105319,293,296
30302105320-GRI,GRIFFITH,303021053,Coorparoo,30302105320,3105320,353,353
30302105321-GRI,GRIFFITH,303021053,Coorparoo,30302105321,3105321,301,305
30302105322-GRI,GRIFFITH,303021053,Coorparoo,30302105322,3105322,277,288
30302105323-GRI,GRIFFITH,303021053,Coorparoo,30302105323,3105323,334,344
30302105324-GRI,GRIFFITH,303021053,Coorparoo,30302105324,3105324,330,322
30302105325-GRI,GRIFFITH,303021053,Coorparoo,30302105325,3105325,292,307
30302105326-GRI,GRIFFITH,303021053,Coorparoo,30302105326,3105326,461,444
30302105327-GRI,GRIFFITH,303021053,Coorparoo,30302105327,3105327,242,250
30302105328-GRI,GRIFFITH,303021053,Coorparoo,30302105328,3105328,356,371
30302105329-GRI,GRIFFITH,303021053,Coorparoo,30302105329,3105329,371,367
30302105330-GRI,GRIFFITH,303021053,Coorparoo,30302105330,3105330,338,351
30302105332-GRI,GRIFFITH,303021053,Coorparoo,30302105332,3105332,313,335
30302105333-GRI,GRIFFITH,303021053,Coorparoo,30302105333,3105333,360,362
30302105334-GRI,GRIFFITH,303021053,Coorparoo,30302105334,3105334,375,386
30302105335-GRI,GRIFFITH,303021053,Coorparoo,30302105335,3105335,239,233
30302105336-GRI,GRIFFITH,303021053,Coorparoo,30302105336,3105336,543,581
30302105338-GRI,GRIFFITH,303021053,Coorparoo,30302105338,3105338,0,0
30302105339-GRI,GRIFFITH,303021053,Coorparoo,30302105339,3105339,1,1
30302105340-GRI,GRIFFITH,303021053,Coorparoo,30302105340,3105340,379,392
30302105341-GRI,GRIFFITH,303021053,Coorparoo,30302105341,3105341,366,363
30302105342-GRI,GRIFFITH,303021053,Coorparoo,30302105342,3105342,367,372
30302105343-GRI,GRIFFITH,303021053,Coorparoo,30302105343,3105343,604,583
30302105401-GRI,GRIFFITH,303021054,Fairfield - Dutton Park,30302105401,3105401,102,105
30302105402-MOR,MORETON,303021054,Fairfield - Dutton Park,30302105402,3105402,259,274
30302105403-MOR,MORETON,303021054,Fairfield - Dutton Park,30302105403,3105403,394,402
30302105404-MOR,MORETON,303021054,Fairfield - Dutton Park,30302105404,3105404,489,522
30302105405-MOR,MORETON,303021054,Fairfield - Dutton Park,30302105405,3105405,292,291
30302105406-MOR,MORETON,303021054,Fairfield - Dutton Park,30302105406,3105406,415,404
30302105407-MOR,MORETON,303021054,Fairfield - Dutton Park,30302105407,3105407,374,381
30302105408-GRI,GRIFFITH,303021054,Fairfield - Dutton Park,30302105408,3105408,583,603
30302105409-GRI,GRIFFITH,303021054,Fairfield - Dutton Park,30302105409,3105409,308,323
30302105410-GRI,GRIFFITH,303021054,Fairfield - Dutton Park,30302105410,3105410,405,420
30302105501-GRI,GRIFFITH,303021055,Greenslopes,30302105501,3105501,283,287
30302105502-GRI,GRIFFITH,303021055,Greenslopes,30302105502,3105502,250,259
30302105503-GRI,GRIFFITH,303021055,Greenslopes,30302105503,3105503,204,211
30302105504-GRI,GRIFFITH,303021055,Greenslopes,30302105504,3105504,312,329
30302105505-GRI,GRIFFITH,303021055,Greenslopes,30302105505,3105505,403,410
30302105506-GRI,GRIFFITH,303021055,Greenslopes,30302105506,3105506,341,365
30302105507-GRI,GRIFFITH,303021055,Greenslopes,30302105507,3105507,267,291
30302105508-GRI,GRIFFITH,303021055,Greenslopes,30302105508,3105508,357,375
30302105509-GRI,GRIFFITH,303021055,Greenslopes,30302105509,3105509,202,199
30302105510-GRI,GRIFFITH,303021055,Greenslopes,30302105510,3105510,231,246
30302105511-GRI,GRIFFITH,303021055,Greenslopes,30302105511,3105511,268,278
30302105512-GRI,GRIFFITH,303021055,Greenslopes,30302105512,3105512,287,299
30302105513-GRI,GRIFFITH,303021055,Greenslopes,30302105513,3105513,204,218
30302105514-GRI,GRIFFITH,303021055,Greenslopes,30302105514,3105514,143,146
30302105515-GRI,GRIFFITH,303021055,Greenslopes,30302105515,3105515,296,319
30302105516-GRI,GRIFFITH,303021055,Greenslopes,30302105516,3105516,215,234
30302105517-GRI,GRIFFITH,303021055,Greenslopes,30302105517,3105517,384,407
30302105519-GRI,GRIFFITH,303021055,Greenslopes,30302105519,3105519,377,371
30302105523-GRI,GRIFFITH,303021055,Greenslopes,30302105523,3105523,402,441
30302105524-GRI,GRIFFITH,303021055,Greenslopes,30302105524,3105524,147,144
30302105525-GRI,GRIFFITH,303021055,Greenslopes,30302105525,3105525,308,323
30302105526-GRI,GRIFFITH,303021055,Greenslopes,30302105526,3105526,206,220
30302105527-GRI,GRIFFITH,303021055,Greenslopes,30302105527,3105527,231,237
30302105528-GRI,GRIFFITH,303021055,Greenslopes,30302105528,3105528,263,266
30302105529-GRI,GRIFFITH,303021055,Greenslopes,30302105529,3105529,130,137
30302105530-GRI,GRIFFITH,303021055,Greenslopes,30302105530,3105530,84,88
30302105531-GRI,GRIFFITH,303021055,Greenslopes,30302105531,3105531,147,160
30302105532-GRI,GRIFFITH,303021055,Greenslopes,30302105532,3105532,230,240
30302105533-GRI,GRIFFITH,303021055,Greenslopes,30302105533,3105533,224,236
30302105534-GRI,GRIFFITH,303021055,Greenslopes,30302105534,3105534,147,151
30302105601-GRI,GRIFFITH,303021056,Holland Park,30302105601,3105601,355,367
30302105602-GRI,GRIFFITH,303021056,Holland Park,30302105602,3105602,170,179
30302105603-GRI,GRIFFITH,303021056,Holland Park,30302105603,3105603,361,350
30302105604-GRI,GRIFFITH,303021056,Holland Park,30302105604,3105604,178,184
30302105605-GRI,GRIFFITH,303021056,Holland Park,30302105605,3105605,227,236
30302105606-GRI,GRIFFITH,303021056,Holland Park,30302105606,3105606,170,189
30302105607-GRI,GRIFFITH,303021056,Holland Park,30302105607,3105607,336,342
30302105608-GRI,GRIFFITH,303021056,Holland Park,30302105608,3105608,364,368
30302105609-GRI,GRIFFITH,303021056,Holland Park,30302105609,3105609,237,254
30302105610-GRI,GRIFFITH,303021056,Holland Park,30302105610,3105610,327,333
30302105611-GRI,GRIFFITH,303021056,Holland Park,30302105611,3105611,211,219
30302105612-GRI,GRIFFITH,303021056,Holland Park,30302105612,3105612,324,314
30302105613-GRI,GRIFFITH,303021056,Holland Park,30302105613,3105613,354,371
30302105614-GRI,GRIFFITH,303021056,Holland Park,30302105614,3105614,498,510
30302105615-GRI,GRIFFITH,303021056,Holland Park,30302105615,3105615,323,327
30302105616-GRI,GRIFFITH,303021056,Holland Park,30302105616,3105616,376,391
30302105617-GRI,GRIFFITH,303021056,Holland Park,30302105617,3105617,296,295
30302105618-GRI,GRIFFITH,303021056,Holland Park,30302105618,3105618,429,424
30302105619-GRI,GRIFFITH,303021056,Holland Park,30302105619,3105619,232,235
30302105620-GRI,GRIFFITH,303021056,Holland Park,30302105620,3105620,238,231
30302105621-GRI,GRIFFITH,303021056,Holland Park,30302105621,3105621,306,321
30302105701-BON,BONNER,303021057,Holland Park West,30302105701,3105701,250,247
30302105702-BON,BONNER,303021057,Holland Park West,30302105702,3105702,209,220
30302105703-GRI,GRIFFITH,303021057,Holland Park West,30302105703,3105703,212,221
30302105704-GRI,GRIFFITH,303021057,Holland Park West,30302105704,3105704,358,357
30302105705-GRI,GRIFFITH,303021057,Holland Park West,30302105705,3105705,514,511
30302105706-GRI,GRIFFITH,303021057,Holland Park West,30302105706,3105706,392,392
30302105707-GRI,GRIFFITH,303021057,Holland Park West,30302105707,3105707,223,233
30302105708-BON,BONNER,303021057,Holland Park West,30302105708,3105708,160,161
30302105709-BON,BONNER,303021057,Holland Park West,30302105709,3105709,291,284
30302105710-BON,BONNER,303021057,Holland Park West,30302105710,3105710,278,275
30302105711-BON,BONNER,303021057,Holland Park West,30302105711,3105711,196,204
30302105712-BON,BONNER,303021057,Holland Park West,30302105712,3105712,352,357
30302105713-BON,BONNER,303021057,Holland Park West,30302105713,3105713,294,303
30302105714-BON,BONNER,303021057,Holland Park West,30302105714,3105714,466,474
30302105715-BON,BONNER,303021057,Holland Park West,30302105715,3105715,176,178
30302105716-BON,BONNER,303021057,Holland Park West,30302105716,3105716,287,291
30302105801-GRI,GRIFFITH,303021058,Woolloongabba,30302105801,3105801,377,451
30302105802-GRI,GRIFFITH,303021058,Woolloongabba,30302105802,3105802,0,0
30302105803-GRI,GRIFFITH,303021058,Woolloongabba,30302105803,3105803,423,426
30302105805-GRI,GRIFFITH,303021058,Woolloongabba,30302105805,3105805,331,360
30302105807-GRI,GRIFFITH,303021058,Woolloongabba,30302105807,3105807,414,447
30302105808-GRI,GRIFFITH,303021058,Woolloongabba,30302105808,3105808,352,375
30302105809-GRI,GRIFFITH,303021058,Woolloongabba,30302105809,3105809,344,369
30302105810-GRI,GRIFFITH,303021058,Woolloongabba,30302105810,3105810,372,418
30302105811-GRI,GRIFFITH,303021058,Woolloongabba,30302105811,3105811,197,218
30302105812-GRI,GRIFFITH,303021058,Woolloongabba,30302105812,3105812,304,341
30302105815-GRI,GRIFFITH,303021058,Woolloongabba,30302105815,3105815,250,252
30302105816-GRI,GRIFFITH,303021058,Woolloongabba,30302105816,3105816,396,437
30302105817-GRI,GRIFFITH,303021058,Woolloongabba,30302105817,3105817,61,65
30302105818-GRI,GRIFFITH,303021058,Woolloongabba,30302105818,3105818,97,106
30302105819-GRI,GRIFFITH,303021058,Woolloongabba,30302105819,3105819,172,183
30302105820-GRI,GRIFFITH,303021058,Woolloongabba,30302105820,3105820,363,366
30302105821-GRI,GRIFFITH,303021058,Woolloongabba,30302105821,3105821,370,399
30302105822-GRI,GRIFFITH,303021058,Woolloongabba,30302105822,3105822,201,221
30302105823-GRI,GRIFFITH,303021058,Woolloongabba,30302105823,3105823,91,97
30302105901-MOR,MORETON,303021059,Yeronga,30302105901,3105901,231,236
30302105902-MOR,MORETON,303021059,Yeronga,30302105902,3105902,227,230
30302105903-MOR,MORETON,303021059,Yeronga,30302105903,3105903,0,0
30302105904-MOR,MORETON,303021059,Yeronga,30302105904,3105904,217,233
30302105905-MOR,MORETON,303021059,Yeronga,30302105905,3105905,357,346
30302105906-MOR,MORETON,303021059,Yeronga,30302105906,3105906,352,357
30302105908-MOR,MORETON,303021059,Yeronga,30302105908,3105908,314,325
30302105909-MOR,MORETON,303021059,Yeronga,30302105909,3105909,263,264
30302105910-MOR,MORETON,303021059,Yeronga,30302105910,3105910,31,32
30302105911-MOR,MORETON,303021059,Yeronga,30302105911,3105911,334,357
30302105912-MOR,MORETON,303021059,Yeronga,30302105912,3105912,200,202
30302105913-MOR,MORETON,303021059,Yeronga,30302105913,3105913,475,482
30302105914-MOR,MORETON,303021059,Yeronga,30302105914,3105914,706,738
30302105915-MOR,MORETON,303021059,Yeronga,30302105915,3105915,277,269
30302105916-MOR,MORETON,303021059,Yeronga,30302105916,3105916,354,357
30302105917-MOR,MORETON,303021059,Yeronga,30302105917,3105917,302,303
30302105918-MOR,MORETON,303021059,Yeronga,30302105918,3105918,368,389
30302105919-MOR,MORETON,303021059,Yeronga,30302105919,3105919,363,374
30302105920-MOR,MORETON,303021059,Yeronga,30302105920,3105920,255,267
30302105921-MOR,MORETON,303021059,Yeronga,30302105921,3105921,247,266
30302105923-MOR,MORETON,303021059,Yeronga,30302105923,3105923,282,277
30302105925-MOR,MORETON,303021059,Yeronga,30302105925,3105925,209,211
30302105926-MOR,MORETON,303021059,Yeronga,30302105926,3105926,4,4
30302105927-MOR,MORETON,303021059,Yeronga,30302105927,3105927,43,44
30302105928-MOR,MORETON,303021059,Yeronga,30302105928,3105928,321,330
30302105929-MOR,MORETON,303021059,Yeronga,30302105929,3105929,412,417
30302105930-MOR,MORETON,303021059,Yeronga,30302105930,3105930,335,339
30302105931-MOR,MORETON,303021059,Yeronga,30302105931,3105931,490,503
30303106001-MOR,MORETON,303031060,Eight Mile Plains,30303106001,3106001,185,196
30303106002-MOR,MORETON,303031060,Eight Mile Plains,30303106002,3106002,336,359
30303106003-MOR,MORETON,303031060,Eight Mile Plains,30303106003,3106003,218,222
30303106004-MOR,MORETON,303031060,Eight Mile Plains,30303106004,3106004,352,347
30303106005-MOR,MORETON,303031060,Eight Mile Plains,30303106005,3106005,206,218
30303106008-MOR,MORETON,303031060,Eight Mile Plains,30303106008,3106008,207,215
30303106009-MOR,MORETON,303031060,Eight Mile Plains,30303106009,3106009,316,339
30303106010-BON,BONNER,303031060,Eight Mile Plains,30303106010,3106010,273,269
30303106011-BON,BONNER,303031060,Eight Mile Plains,30303106011,3106011,338,364
30303106013-BON,BONNER,303031060,Eight Mile Plains,30303106013,3106013,214,221
30303106014-MOR,MORETON,303031060,Eight Mile Plains,30303106014,3106014,327,345
30303106015-MOR,MORETON,303031060,Eight Mile Plains,30303106015,3106015,175,185
30303106016-MOR,MORETON,303031060,Eight Mile Plains,30303106016,3106016,167,179
30303106017-MOR,MORETON,303031060,Eight Mile Plains,30303106017,3106017,171,180
30303106020-MOR,MORETON,303031060,Eight Mile Plains,30303106020,3106020,205,212
30303106021-MOR,MORETON,303031060,Eight Mile Plains,30303106021,3106021,216,221
30303106022-MOR,MORETON,303031060,Eight Mile Plains,30303106022,3106022,168,173
30303106023-MOR,MORETON,303031060,Eight Mile Plains,30303106023,3106023,330,351
30303106024-MOR,MORETON,303031060,Eight Mile Plains,30303106024,3106024,188,197
30303106025-MOR,MORETON,303031060,Eight Mile Plains,30303106025,3106025,173,178
30303106027-MOR,MORETON,303031060,Eight Mile Plains,30303106027,3106027,183,199
30303106028-MOR,MORETON,303031060,Eight Mile Plains,30303106028,3106028,296,313
30303106029-BON,BONNER,303031060,Eight Mile Plains,30303106029,3106029,169,179
30303106030-BON,BONNER,303031060,Eight Mile Plains,30303106030,3106030,179,189
30303106031-BON,BONNER,303031060,Eight Mile Plains,30303106031,3106031,294,305
30303106032-MOR,MORETON,303031060,Eight Mile Plains,30303106032,3106032,1,1
30303106033-MOR,MORETON,303031060,Eight Mile Plains,30303106033,3106033,0,0
30303106034-BON,BONNER,303031060,Eight Mile Plains,30303106034,3106034,209,230
30303106035-MOR,MORETON,303031060,Eight Mile Plains,30303106035,3106035,134,140
30303106036-MOR,MORETON,303031060,Eight Mile Plains,30303106036,3106036,142,146
30303106037-MOR,MORETON,303031060,Eight Mile Plains,30303106037,3106037,127,133
30303106038-MOR,MORETON,303031060,Eight Mile Plains,30303106038,3106038,177,195
30303106039-MOR,MORETON,303031060,Eight Mile Plains,30303106039,3106039,179,185
30303106040-MOR,MORETON,303031060,Eight Mile Plains,30303106040,3106040,281,295
30303106041-MOR,MORETON,303031060,Eight Mile Plains,30303106041,3106041,158,172
30303106042-BON,BONNER,303031060,Eight Mile Plains,30303106042,3106042,345,367
30303106043-MOR,MORETON,303031060,Eight Mile Plains,30303106043,3106043,363,383
30303106044-MOR,MORETON,303031060,Eight Mile Plains,30303106044,3106044,243,246
30303106045-MOR,MORETON,303031060,Eight Mile Plains,30303106045,3106045,353,372
30303106101-MOR,MORETON,303031061,Macgregor (Qld),30303106101,3106101,372,401
30303106102-MOR,MORETON,303031061,Macgregor (Qld),30303106102,3106102,250,265
30303106103-MOR,MORETON,303031061,Macgregor (Qld),30303106103,3106103,188,202
30303106104-MOR,MORETON,303031061,Macgregor (Qld),30303106104,3106104,342,377
30303106105-MOR,MORETON,303031061,Macgregor (Qld),30303106105,3106105,332,335
30303106106-MOR,MORETON,303031061,Macgregor (Qld),30303106106,3106106,205,225
30303106107-MOR,MORETON,303031061,Macgregor (Qld),30303106107,3106107,248,250
30303106109-MOR,MORETON,303031061,Macgregor (Qld),30303106109,3106109,265,278
30303106110-MOR,MORETON,303031061,Macgregor (Qld),30303106110,3106110,129,145
30303106111-MOR,MORETON,303031061,Macgregor (Qld),30303106111,3106111,284,317
30303106112-MOR,MORETON,303031061,Macgregor (Qld),30303106112,3106112,375,420
30303106113-MOR,MORETON,303031061,Macgregor (Qld),30303106113,3106113,236,261
30303106201-BON,BONNER,303031062,Mansfield (Qld),30303106201,3106201,25,24
30303106202-BON,BONNER,303031062,Mansfield (Qld),30303106202,3106202,262,252
30303106203-BON,BONNER,303031062,Mansfield (Qld),30303106203,3106203,320,318
30303106204-BON,BONNER,303031062,Mansfield (Qld),30303106204,3106204,255,248
30303106205-BON,BONNER,303031062,Mansfield (Qld),30303106205,3106205,287,280
30303106206-BON,BONNER,303031062,Mansfield (Qld),30303106206,3106206,323,318
30303106207-BON,BONNER,303031062,Mansfield (Qld),30303106207,3106207,469,454
30303106208-BON,BONNER,303031062,Mansfield (Qld),30303106208,3106208,299,304
30303106209-BON,BONNER,303031062,Mansfield (Qld),30303106209,3106209,160,166
30303106210-BON,BONNER,303031062,Mansfield (Qld),30303106210,3106210,303,312
30303106211-BON,BONNER,303031062,Mansfield (Qld),30303106211,3106211,335,334
30303106212-BON,BONNER,303031062,Mansfield (Qld),30303106212,3106212,235,240
30303106213-BON,BONNER,303031062,Mansfield (Qld),30303106213,3106213,282,282
30303106214-BON,BONNER,303031062,Mansfield (Qld),30303106214,3106214,193,202
30303106215-BON,BONNER,303031062,Mansfield (Qld),30303106215,3106215,284,284
30303106216-BON,BONNER,303031062,Mansfield (Qld),30303106216,3106216,235,239
30303106217-BON,BONNER,303031062,Mansfield (Qld),30303106217,3106217,258,260
30303106218-BON,BONNER,303031062,Mansfield (Qld),30303106218,3106218,315,308
30303106219-BON,BONNER,303031062,Mansfield (Qld),30303106219,3106219,470,461
30303106220-BON,BONNER,303031062,Mansfield (Qld),30303106220,3106220,451,475
30303106221-BON,BONNER,303031062,Mansfield (Qld),30303106221,3106221,3,3
30303106222-BON,BONNER,303031062,Mansfield (Qld),30303106222,3106222,160,157
30303106301-GRI,GRIFFITH,303031063,Mount Gravatt,30303106301,3106301,219,227
30303106302-GRI,GRIFFITH,303031063,Mount Gravatt,30303106302,3106302,396,413
30303106303-GRI,GRIFFITH,303031063,Mount Gravatt,30303106303,3106303,221,217
30303106304-GRI,GRIFFITH,303031063,Mount Gravatt,30303106304,3106304,262,280
30303106305-BON,BONNER,303031063,Mount Gravatt,30303106305,3106305,409,418
30303106306-BON,BONNER,303031063,Mount Gravatt,30303106306,3106306,411,400
30303106307-BON,BONNER,303031063,Mount Gravatt,30303106307,3106307,376,379
30303106309-GRI,GRIFFITH,303031063,Mount Gravatt,30303106309,3106309,3,3
30303106311-BON,BONNER,303031063,Mount Gravatt,30303106311,3106311,253,261
30303106312-BON,BONNER,303031063,Mount Gravatt,30303106312,3106312,235,246
30303106313-BON,BONNER,303031063,Mount Gravatt,30303106313,3106313,283,292
30303106314-BON,BONNER,303031063,Mount Gravatt,30303106314,3106314,394,400
30303106315-BON,BONNER,303031063,Mount Gravatt,30303106315,3106315,367,381
30303106316-BON,BONNER,303031063,Mount Gravatt,30303106316,3106316,459,457
30303106317-BON,BONNER,303031063,Mount Gravatt,30303106317,3106317,302,308
30303106319-BON,BONNER,303031063,Mount Gravatt,30303106319,3106319,326,338
30303106320-BON,BONNER,303031063,Mount Gravatt,30303106320,3106320,293,303
30303106321-BON,BONNER,303031063,Mount Gravatt,30303106321,3106321,424,412
30303106322-BON,BONNER,303031063,Mount Gravatt,30303106322,3106322,526,529
30303106323-BON,BONNER,303031063,Mount Gravatt,30303106323,3106323,445,480
30303106324-BON,BONNER,303031063,Mount Gravatt,30303106324,3106324,139,143
30303106325-BON,BONNER,303031063,Mount Gravatt,30303106325,3106325,361,381
30303106326-BON,BONNER,303031063,Mount Gravatt,30303106326,3106326,312,303
30303106328-BON,BONNER,303031063,Mount Gravatt,30303106328,3106328,206,204
30303106331-BON,BONNER,303031063,Mount Gravatt,30303106331,3106331,210,219
30303106332-BON,BONNER,303031063,Mount Gravatt,30303106332,3106332,285,287
30303106333-BON,BONNER,303031063,Mount Gravatt,30303106333,3106333,353,368
30303106334-BON,BONNER,303031063,Mount Gravatt,30303106334,3106334,233,244
30303106335-GRI,GRIFFITH,303031063,Mount Gravatt,30303106335,3106335,161,164
30303106336-BON,BONNER,303031063,Mount Gravatt,30303106336,3106336,194,198
30303106337-GRI,GRIFFITH,303031063,Mount Gravatt,30303106337,3106337,209,211
30303106338-BON,BONNER,303031063,Mount Gravatt,30303106338,3106338,151,147
30303106338-GRI,GRIFFITH,303031063,Mount Gravatt,30303106338,3106338,0,0
30303106339-BON,BONNER,303031063,Mount Gravatt,30303106339,3106339,281,297
30303106340-BON,BONNER,303031063,Mount Gravatt,30303106340,3106340,454,470
30303106341-BON,BONNER,303031063,Mount Gravatt,30303106341,3106341,260,271
30303106342-BON,BONNER,303031063,Mount Gravatt,30303106342,3106342,234,239
30303106343-BON,BONNER,303031063,Mount Gravatt,30303106343,3106343,204,213
30303106344-BON,BONNER,303031063,Mount Gravatt,30303106344,3106344,340,345
30303106401-BON,BONNER,303031064,Rochedale - Burbank,30303106401,3106401,368,395
30303106402-BON,BONNER,303031064,Rochedale - Burbank,30303106402,3106402,356,355
30303106403-BON,BONNER,303031064,Rochedale - Burbank,30303106403,3106403,198,197
30303106404-BON,BONNER,303031064,Rochedale - Burbank,30303106404,3106404,249,248
30303106406-BON,BONNER,303031064,Rochedale - Burbank,30303106406,3106406,239,238
30303106407-BON,BONNER,303031064,Rochedale - Burbank,30303106407,3106407,309,308
30303106408-BON,BONNER,303031064,Rochedale - Burbank,30303106408,3106408,167,166
30303106409-BON,BONNER,303031064,Rochedale - Burbank,30303106409,3106409,611,777
30303106411-BON,BONNER,303031064,Rochedale - Burbank,30303106411,3106411,293,314
30303106413-BON,BONNER,303031064,Rochedale - Burbank,30303106413,3106413,430,462
30303106416-BON,BONNER,303031064,Rochedale - Burbank,30303106416,3106416,287,309
30303106418-BON,BONNER,303031064,Rochedale - Burbank,30303106418,3106418,165,191
30303106419-BON,BONNER,303031064,Rochedale - Burbank,30303106419,3106419,209,234
30303106420-BON,BONNER,303031064,Rochedale - Burbank,30303106420,3106420,224,239
30303106421-BON,BONNER,303031064,Rochedale - Burbank,30303106421,3106421,290,302
30303106422-BON,BONNER,303031064,Rochedale - Burbank,30303106422,3106422,320,332
30303106423-BON,BONNER,303031064,Rochedale - Burbank,30303106423,3106423,283,302
30303106424-BON,BONNER,303031064,Rochedale - Burbank,30303106424,3106424,324,367
30303106425-BON,BONNER,303031064,Rochedale - Burbank,30303106425,3106425,294,293
30303106426-BON,BONNER,303031064,Rochedale - Burbank,30303106426,3106426,280,279
30303106427-BON,BONNER,303031064,Rochedale - Burbank,30303106427,3106427,73,79
30303106428-BON,BONNER,303031064,Rochedale - Burbank,30303106428,3106428,171,179
30303106429-BON,BONNER,303031064,Rochedale - Burbank,30303106429,3106429,291,346
30303106430-BON,BONNER,303031064,Rochedale - Burbank,30303106430,3106430,189,197
30303106431-BON,BONNER,303031064,Rochedale - Burbank,30303106431,3106431,310,309
30303106432-BON,BONNER,303031064,Rochedale - Burbank,30303106432,3106432,179,207
30303106501-BON,BONNER,303031065,Upper Mount Gravatt,30303106501,3106501,166,166
30303106502-BON,BONNER,303031065,Upper Mount Gravatt,30303106502,3106502,374,393
30303106503-BON,BONNER,303031065,Upper Mount Gravatt,30303106503,3106503,363,362
30303106504-BON,BONNER,303031065,Upper Mount Gravatt,30303106504,3106504,307,328
30303106505-BON,BONNER,303031065,Upper Mount Gravatt,30303106505,3106505,339,389
30303106506-BON,BONNER,303031065,Upper Mount Gravatt,30303106506,3106506,294,330
30303106507-BON,BONNER,303031065,Upper Mount Gravatt,30303106507,3106507,293,328
30303106508-BON,BONNER,303031065,Upper Mount Gravatt,30303106508,3106508,410,428
30303106511-BON,BONNER,303031065,Upper Mount Gravatt,30303106511,3106511,0,0
30303106512-BON,BONNER,303031065,Upper Mount Gravatt,30303106512,3106512,356,373
30303106513-BON,BONNER,303031065,Upper Mount Gravatt,30303106513,3106513,384,425
30303106514-BON,BONNER,303031065,Upper Mount Gravatt,30303106514,3106514,320,352
30303106516-BON,BONNER,303031065,Upper Mount Gravatt,30303106516,3106516,313,334
30303106518-BON,BONNER,303031065,Upper Mount Gravatt,30303106518,3106518,257,282
30303106519-BON,BONNER,303031065,Upper Mount Gravatt,30303106519,3106519,249,263
30303106520-BON,BONNER,303031065,Upper Mount Gravatt,30303106520,3106520,332,331
30303106521-BON,BONNER,303031065,Upper Mount Gravatt,30303106521,3106521,290,327
30303106522-BON,BONNER,303031065,Upper Mount Gravatt,30303106522,3106522,127,136
30303106523-BON,BONNER,303031065,Upper Mount Gravatt,30303106523,3106523,292,313
30303106524-BON,BONNER,303031065,Upper Mount Gravatt,30303106524,3106524,164,178
30303106525-BON,BONNER,303031065,Upper Mount Gravatt,30303106525,3106525,178,202
30303106526-BON,BONNER,303031065,Upper Mount Gravatt,30303106526,3106526,224,236
30303106527-BON,BONNER,303031065,Upper Mount Gravatt,30303106527,3106527,283,301
30303106528-BON,BONNER,303031065,Upper Mount Gravatt,30303106528,3106528,298,311
30303106601-BON,BONNER,303031066,Wishart,30303106601,3106601,401,401
30303106602-BON,BONNER,303031066,Wishart,30303106602,3106602,251,249
30303106603-BON,BONNER,303031066,Wishart,30303106603,3106603,179,182
30303106604-BON,BONNER,303031066,Wishart,30303106604,3106604,272,281
30303106605-BON,BONNER,303031066,Wishart,30303106605,3106605,285,273
30303106606-BON,BONNER,303031066,Wishart,30303106606,3106606,174,175
30303106607-BON,BONNER,303031066,Wishart,30303106607,3106607,387,371
30303106608-BON,BONNER,303031066,Wishart,30303106608,3106608,351,351
30303106609-BON,BONNER,303031066,Wishart,30303106609,3106609,215,209
30303106610-BON,BONNER,303031066,Wishart,30303106610,3106610,294,297
30303106611-BON,BONNER,303031066,Wishart,30303106611,3106611,373,358
30303106612-BON,BONNER,303031066,Wishart,30303106612,3106612,337,337
30303106613-BON,BONNER,303031066,Wishart,30303106613,3106613,319,320
30303106614-BON,BONNER,303031066,Wishart,30303106614,3106614,347,339
30303106615-BON,BONNER,303031066,Wishart,30303106615,3106615,307,301
30303106616-BON,BONNER,303031066,Wishart,30303106616,3106616,380,389
30303106617-BON,BONNER,303031066,Wishart,30303106617,3106617,436,439
30303106618-BON,BONNER,303031066,Wishart,30303106618,3106618,255,255
30303106619-BON,BONNER,303031066,Wishart,30303106619,3106619,217,225
30303106620-BON,BONNER,303031066,Wishart,30303106620,3106620,170,168
30303106621-BON,BONNER,303031066,Wishart,30303106621,3106621,267,269
30303106622-BON,BONNER,303031066,Wishart,30303106622,3106622,167,166
30303106623-BON,BONNER,303031066,Wishart,30303106623,3106623,218,222
30303106624-BON,BONNER,303031066,Wishart,30303106624,3106624,156,157
30303106625-BON,BONNER,303031066,Wishart,30303106625,3106625,306,307
30304106701-MOR,MORETON,303041067,Coopers Plains,30304106701,3106701,258,272
30304106702-MOR,MORETON,303041067,Coopers Plains,30304106702,3106702,200,206
30304106703-MOR,MORETON,303041067,Coopers Plains,30304106703,3106703,360,369
30304106704-MOR,MORETON,303041067,Coopers Plains,30304106704,3106704,380,407
30304106705-MOR,MORETON,303041067,Coopers Plains,30304106705,3106705,223,229
30304106706-MOR,MORETON,303041067,Coopers Plains,30304106706,3106706,401,435
30304106707-MOR,MORETON,303041067,Coopers Plains,30304106707,3106707,226,234
30304106708-MOR,MORETON,303041067,Coopers Plains,30304106708,3106708,233,253
30304106709-MOR,MORETON,303041067,Coopers Plains,30304106709,3106709,255,265
30304106710-MOR,MORETON,303041067,Coopers Plains,30304106710,3106710,280,298
30304106711-MOR,MORETON,303041067,Coopers Plains,30304106711,3106711,0,0
30304106712-MOR,MORETON,303041067,Coopers Plains,30304106712,3106712,157,161
30304106713-MOR,MORETON,303041067,Coopers Plains,30304106713,3106713,216,228
30304106714-MOR,MORETON,303041067,Coopers Plains,30304106714,3106714,301,319
30304106801-MOR,MORETON,303041068,Moorooka,30304106801,3106801,423,422
30304106802-MOR,MORETON,303041068,Moorooka,30304106802,3106802,335,352
30304106803-MOR,MORETON,303041068,Moorooka,30304106803,3106803,466,449
30304106804-MOR,MORETON,303041068,Moorooka,30304106804,3106804,390,384
30304106805-MOR,MORETON,303041068,Moorooka,30304106805,3106805,480,462
30304106807-MOR,MORETON,303041068,Moorooka,30304106807,3106807,470,482
30304106808-MOR,MORETON,303041068,Moorooka,30304106808,3106808,450,450
30304106809-MOR,MORETON,303041068,Moorooka,30304106809,3106809,358,374
30304106810-MOR,MORETON,303041068,Moorooka,30304106810,3106810,342,332
30304106811-MOR,MORETON,303041068,Moorooka,30304106811,3106811,531,532
30304106812-MOR,MORETON,303041068,Moorooka,30304106812,3106812,502,492
30304106813-MOR,MORETON,303041068,Moorooka,30304106813,3106813,261,270
30304106814-MOR,MORETON,303041068,Moorooka,30304106814,3106814,436,436
30304106815-MOR,MORETON,303041068,Moorooka,30304106815,3106815,206,209
30304106816-MOR,MORETON,303041068,Moorooka,30304106816,3106816,337,354
30304106817-MOR,MORETON,303041068,Moorooka,30304106817,3106817,281,296
30304106818-MOR,MORETON,303041068,Moorooka,30304106818,3106818,409,418
30304106819-MOR,MORETON,303041068,Moorooka,30304106819,3106819,433,449
30304106820-MOR,MORETON,303041068,Moorooka,30304106820,3106820,135,142
30304106821-MOR,MORETON,303041068,Moorooka,30304106821,3106821,435,444
30304106822-MOR,MORETON,303041068,Moorooka,30304106822,3106822,431,432
30304106823-MOR,MORETON,303041068,Moorooka,30304106823,3106823,0,0
30304106824-MOR,MORETON,303041068,Moorooka,30304106824,3106824,6,6
30304106901-MOR,MORETON,303041069,Robertson,30304106901,3106901,295,307
30304106902-MOR,MORETON,303041069,Robertson,30304106902,3106902,149,160
30304106903-MOR,MORETON,303041069,Robertson,30304106903,3106903,144,147
30304106904-MOR,MORETON,303041069,Robertson,30304106904,3106904,127,134
30304106905-MOR,MORETON,303041069,Robertson,30304106905,3106905,247,258
30304106906-MOR,MORETON,303041069,Robertson,30304106906,3106906,242,257
30304106907-MOR,MORETON,303041069,Robertson,30304106907,3106907,353,372
30304106908-MOR,MORETON,303041069,Robertson,30304106908,3106908,165,169
30304106909-MOR,MORETON,303041069,Robertson,30304106909,3106909,241,252
30304106910-MOR,MORETON,303041069,Robertson,30304106910,3106910,199,211
30304106911-MOR,MORETON,303041069,Robertson,30304106911,3106911,231,239
30304106912-MOR,MORETON,303041069,Robertson,30304106912,3106912,246,254
30304106913-MOR,MORETON,303041069,Robertson,30304106913,3106913,271,286
30304107001-MOR,MORETON,303041070,Salisbury - Nathan,30304107001,3107001,301,315
30304107002-MOR,MORETON,303041070,Salisbury - Nathan,30304107002,3107002,267,264
30304107003-MOR,MORETON,303041070,Salisbury - Nathan,30304107003,3107003,184,181
30304107004-MOR,MORETON,303041070,Salisbury - Nathan,30304107004,3107004,170,165
30304107005-MOR,MORETON,303041070,Salisbury - Nathan,30304107005,3107005,261,273
30304107006-MOR,MORETON,303041070,Salisbury - Nathan,30304107006,3107006,0,0
30304107007-MOR,MORETON,303041070,Salisbury - Nathan,30304107007,3107007,407,430
30304107008-MOR,MORETON,303041070,Salisbury - Nathan,30304107008,3107008,152,155
30304107009-MOR,MORETON,303041070,Salisbury - Nathan,30304107009,3107009,372,395
30304107010-MOR,MORETON,303041070,Salisbury - Nathan,30304107010,3107010,378,379
30304107011-MOR,MORETON,303041070,Salisbury - Nathan,30304107011,3107011,236,237
30304107012-MOR,MORETON,303041070,Salisbury - Nathan,30304107012,3107012,409,411
30304107013-MOR,MORETON,303041070,Salisbury - Nathan,30304107013,3107013,322,331
30304107014-MOR,MORETON,303041070,Salisbury - Nathan,30304107014,3107014,256,255
30304107015-MOR,MORETON,303041070,Salisbury - Nathan,30304107015,3107015,163,164
30304107016-MOR,MORETON,303041070,Salisbury - Nathan,30304107016,3107016,398,387
30304107017-MOR,MORETON,303041070,Salisbury - Nathan,30304107017,3107017,333,357
30304107018-MOR,MORETON,303041070,Salisbury - Nathan,30304107018,3107018,428,443
30304107019-MOR,MORETON,303041070,Salisbury - Nathan,30304107019,3107019,305,325
30304107101-MOR,MORETON,303041071,Tarragindi,30304107101,3107101,431,451
30304107102-MOR,MORETON,303041071,Tarragindi,30304107102,3107102,402,403
30304107103-MOR,MORETON,303041071,Tarragindi,30304107103,3107103,383,381
30304107104-MOR,MORETON,303041071,Tarragindi,30304107104,3107104,161,163
30304107105-MOR,MORETON,303041071,Tarragindi,30304107105,3107105,400,401
30304107106-MOR,MORETON,303041071,Tarragindi,30304107106,3107106,215,213
30304107107-MOR,MORETON,303041071,Tarragindi,30304107107,3107107,510,525
30304107108-MOR,MORETON,303041071,Tarragindi,30304107108,3107108,239,237
30304107109-MOR,MORETON,303041071,Tarragindi,30304107109,3107109,531,534
30304107110-MOR,MORETON,303041071,Tarragindi,30304107110,3107110,323,335
30304107111-MOR,MORETON,303041071,Tarragindi,30304107111,3107111,452,458
30304107112-MOR,MORETON,303041071,Tarragindi,30304107112,3107112,229,231
30304107113-MOR,MORETON,303041071,Tarragindi,30304107113,3107113,388,388
30304107114-MOR,MORETON,303041071,Tarragindi,30304107114,3107114,330,347
30304107115-MOR,MORETON,303041071,Tarragindi,30304107115,3107115,324,343
30304107116-MOR,MORETON,303041071,Tarragindi,30304107116,3107116,289,294
30304107117-MOR,MORETON,303041071,Tarragindi,30304107117,3107117,559,555
30304107118-MOR,MORETON,303041071,Tarragindi,30304107118,3107118,261,267
30304107119-MOR,MORETON,303041071,Tarragindi,30304107119,3107119,465,487
30304107120-MOR,MORETON,303041071,Tarragindi,30304107120,3107120,315,317
30304107121-MOR,MORETON,303041071,Tarragindi,30304107121,3107121,363,366
30304107122-MOR,MORETON,303041071,Tarragindi,30304107122,3107122,463,454
30305107201-RAN,RANKIN,303051072,Algester,30305107201,3107201,598,636
30305107202-RAN,RANKIN,303051072,Algester,30305107202,3107202,321,336
30305107205-RAN,RANKIN,303051072,Algester,30305107205,3107205,347,377
30305107206-RAN,RANKIN,303051072,Algester,30305107206,3107206,175,179
30305107207-RAN,RANKIN,303051072,Algester,30305107207,3107207,281,276
30305107208-RAN,RANKIN,303051072,Algester,30305107208,3107208,188,198
30305107209-RAN,RANKIN,303051072,Algester,30305107209,3107209,275,270
30305107210-RAN,RANKIN,303051072,Algester,30305107210,3107210,294,297
30305107211-RAN,RANKIN,303051072,Algester,30305107211,3107211,312,306
30305107212-RAN,RANKIN,303051072,Algester,30305107212,3107212,300,305
30305107213-RAN,RANKIN,303051072,Algester,30305107213,3107213,360,382
30305107215-RAN,RANKIN,303051072,Algester,30305107215,3107215,398,419
30305107216-RAN,RANKIN,303051072,Algester,30305107216,3107216,294,315
30305107217-RAN,RANKIN,303051072,Algester,30305107217,3107217,247,254
30305107218-RAN,RANKIN,303051072,Algester,30305107218,3107218,165,178
30305107219-RAN,RANKIN,303051072,Algester,30305107219,3107219,122,120
30305107220-RAN,RANKIN,303051072,Algester,30305107220,3107220,214,219
30305107221-RAN,RANKIN,303051072,Algester,30305107221,3107221,322,335
30305107222-RAN,RANKIN,303051072,Algester,30305107222,3107222,295,330
30305107223-RAN,RANKIN,303051072,Algester,30305107223,3107223,192,188
30305107301-RAN,RANKIN,303051073,Calamvale - Stretton,30305107301,3107301,256,299
30305107302-RAN,RANKIN,303051073,Calamvale - Stretton,30305107302,3107302,283,278
30305107303-RAN,RANKIN,303051073,Calamvale - Stretton,30305107303,3107303,255,273
30305107304-RAN,RANKIN,303051073,Calamvale - Stretton,30305107304,3107304,253,266
30305107305-RAN,RANKIN,303051073,Calamvale - Stretton,30305107305,3107305,293,304
30305107307-RAN,RANKIN,303051073,Calamvale - Stretton,30305107307,3107307,404,443
30305107308-RAN,RANKIN,303051073,Calamvale - Stretton,30305107308,3107308,197,205
30305107309-RAN,RANKIN,303051073,Calamvale - Stretton,30305107309,3107309,220,225
30305107310-RAN,RANKIN,303051073,Calamvale - Stretton,30305107310,3107310,240,254
30305107311-RAN,RANKIN,303051073,Calamvale - Stretton,30305107311,3107311,299,294
30305107312-RAN,RANKIN,303051073,Calamvale - Stretton,30305107312,3107312,303,308
30305107313-RAN,RANKIN,303051073,Calamvale - Stretton,30305107313,3107313,230,226
30305107314-RAN,RANKIN,303051073,Calamvale - Stretton,30305107314,3107314,0,0
30305107315-RAN,RANKIN,303051073,Calamvale - Stretton,30305107315,3107315,314,329
30305107316-RAN,RANKIN,303051073,Calamvale - Stretton,30305107316,3107316,274,269
30305107317-RAN,RANKIN,303051073,Calamvale - Stretton,30305107317,3107317,110,113
30305107318-RAN,RANKIN,303051073,Calamvale - Stretton,30305107318,3107318,223,226
30305107319-RAN,RANKIN,303051073,Calamvale - Stretton,30305107319,3107319,264,260
30305107320-RAN,RANKIN,303051073,Calamvale - Stretton,30305107320,3107320,269,280
30305107321-RAN,RANKIN,303051073,Calamvale - Stretton,30305107321,3107321,305,321
30305107322-RAN,RANKIN,303051073,Calamvale - Stretton,30305107322,3107322,282,299
30305107323-RAN,RANKIN,303051073,Calamvale - Stretton,30305107323,3107323,278,292
30305107326-RAN,RANKIN,303051073,Calamvale - Stretton,30305107326,3107326,257,275
30305107327-RAN,RANKIN,303051073,Calamvale - Stretton,30305107327,3107327,258,262
30305107328-RAN,RANKIN,303051073,Calamvale - Stretton,30305107328,3107328,311,337
30305107329-RAN,RANKIN,303051073,Calamvale - Stretton,30305107329,3107329,361,367
30305107330-RAN,RANKIN,303051073,Calamvale - Stretton,30305107330,3107330,440,433
30305107332-RAN,RANKIN,303051073,Calamvale - Stretton,30305107332,3107332,328,352
30305107337-RAN,RANKIN,303051073,Calamvale - Stretton,30305107337,3107337,337,331
30305107338-RAN,RANKIN,303051073,Calamvale - Stretton,30305107338,3107338,191,193
30305107339-RAN,RANKIN,303051073,Calamvale - Stretton,30305107339,3107339,346,376
30305107340-RAN,RANKIN,303051073,Calamvale - Stretton,30305107340,3107340,508,564
30305107341-RAN,RANKIN,303051073,Calamvale - Stretton,30305107341,3107341,226,245
30305107342-RAN,RANKIN,303051073,Calamvale - Stretton,30305107342,3107342,219,227
30305107345-RAN,RANKIN,303051073,Calamvale - Stretton,30305107345,3107345,193,190
30305107346-RAN,RANKIN,303051073,Calamvale - Stretton,30305107346,3107346,296,321
30305107347-RAN,RANKIN,303051073,Calamvale - Stretton,30305107347,3107347,310,318
30305107348-RAN,RANKIN,303051073,Calamvale - Stretton,30305107348,3107348,326,349
30305107349-RAN,RANKIN,303051073,Calamvale - Stretton,30305107349,3107349,307,313
30305107350-RAN,RANKIN,303051073,Calamvale - Stretton,30305107350,3107350,339,359
30305107351-RAN,RANKIN,303051073,Calamvale - Stretton,30305107351,3107351,250,268
30305107352-RAN,RANKIN,303051073,Calamvale - Stretton,30305107352,3107352,303,330
30305107353-RAN,RANKIN,303051073,Calamvale - Stretton,30305107353,3107353,199,206
30305107354-RAN,RANKIN,303051073,Calamvale - Stretton,30305107354,3107354,278,283
30305107355-RAN,RANKIN,303051073,Calamvale - Stretton,30305107355,3107355,331,351
30305107356-RAN,RANKIN,303051073,Calamvale - Stretton,30305107356,3107356,204,216
30305107357-RAN,RANKIN,303051073,Calamvale - Stretton,30305107357,3107357,208,215
30305107358-RAN,RANKIN,303051073,Calamvale - Stretton,30305107358,3107358,372,425
30305107401-OXL,OXLEY,303051074,Pallara - Willawong,30305107401,3107401,5,5
30305107402-OXL,OXLEY,303051074,Pallara - Willawong,30305107402,3107402,325,332
30305107408-OXL,OXLEY,303051074,Pallara - Willawong,30305107408,3107408,0,0
30305107409-OXL,OXLEY,303051074,Pallara - Willawong,30305107409,3107409,437,439
30305107410-OXL,OXLEY,303051074,Pallara - Willawong,30305107410,3107410,307,316
30305107411-OXL,OXLEY,303051074,Pallara - Willawong,30305107411,3107411,271,289
30305107412-OXL,OXLEY,303051074,Pallara - Willawong,30305107412,3107412,345,351
30305107413-OXL,OXLEY,303051074,Pallara - Willawong,30305107413,3107413,286,285
30305107414-OXL,OXLEY,303051074,Pallara - Willawong,30305107414,3107414,177,178
30305107416-OXL,OXLEY,303051074,Pallara - Willawong,30305107416,3107416,238,238
30305107417-MOR,MORETON,303051074,Pallara - Willawong,30305107417,3107417,293,299
30305107418-OXL,OXLEY,303051074,Pallara - Willawong,30305107418,3107418,415,418
30305107419-MOR,MORETON,303051074,Pallara - Willawong,30305107419,3107419,184,190
30305107419-OXL,OXLEY,303051074,Pallara - Willawong,30305107419,3107419,0,0
30305107420-OXL,OXLEY,303051074,Pallara - Willawong,30305107420,3107420,1890,2080
30305107421-OXL,OXLEY,303051074,Pallara - Willawong,30305107421,3107421,800,920
30305107422-MOR,MORETON,303051074,Pallara - Willawong,30305107422,3107422,175,178
30305107423-OXL,OXLEY,303051074,Pallara - Willawong,30305107423,3107423,278,296
30305107424-OXL,OXLEY,303051074,Pallara - Willawong,30305107424,3107424,344,340
30305107425-OXL,OXLEY,303051074,Pallara - Willawong,30305107425,3107425,436,439
30305107426-OXL,OXLEY,303051074,Pallara - Willawong,30305107426,3107426,354,376
30305107427-OXL,OXLEY,303051074,Pallara - Willawong,30305107427,3107427,199,211
30305107428-OXL,OXLEY,303051074,Pallara - Willawong,30305107428,3107428,241,250
30305107429-OXL,OXLEY,303051074,Pallara - Willawong,30305107429,3107429,374,374
30305107430-MOR,MORETON,303051074,Pallara - Willawong,30305107430,3107430,259,259
30305107501-RAN,RANKIN,303051075,Parkinson - Drewvale,30305107501,3107501,667,697
30305107502-RAN,RANKIN,303051075,Parkinson - Drewvale,30305107502,3107502,446,471
30305107503-RAN,RANKIN,303051075,Parkinson - Drewvale,30305107503,3107503,630,667
30305107504-RAN,RANKIN,303051075,Parkinson - Drewvale,30305107504,3107504,290,312
30305107505-RAN,RANKIN,303051075,Parkinson - Drewvale,30305107505,3107505,420,430
30305107506-RAN,RANKIN,303051075,Parkinson - Drewvale,30305107506,3107506,412,439
30305107507-RAN,RANKIN,303051075,Parkinson - Drewvale,30305107507,3107507,333,353
30305107508-RAN,RANKIN,303051075,Parkinson - Drewvale,30305107508,3107508,390,423
30305107509-RAN,RANKIN,303051075,Parkinson - Drewvale,30305107509,3107509,459,493
30305107510-RAN,RANKIN,303051075,Parkinson - Drewvale,30305107510,3107510,336,357
30305107511-RAN,RANKIN,303051075,Parkinson - Drewvale,30305107511,3107511,379,390
30305107512-RAN,RANKIN,303051075,Parkinson - Drewvale,30305107512,3107512,150,158
30305107513-RAN,RANKIN,303051075,Parkinson - Drewvale,30305107513,3107513,246,256
30305107514-RAN,RANKIN,303051075,Parkinson - Drewvale,30305107514,3107514,0,0
30305107515-RAN,RANKIN,303051075,Parkinson - Drewvale,30305107515,3107515,377,404
30305107516-RAN,RANKIN,303051075,Parkinson - Drewvale,30305107516,3107516,233,255
30305107517-RAN,RANKIN,303051075,Parkinson - Drewvale,30305107517,3107517,236,257
30305107518-RAN,RANKIN,303051075,Parkinson - Drewvale,30305107518,3107518,218,235
30305107519-RAN,RANKIN,303051075,Parkinson - Drewvale,30305107519,3107519,302,326
30305107520-RAN,RANKIN,303051075,Parkinson - Drewvale,30305107520,3107520,187,201
30305107521-RAN,RANKIN,303051075,Parkinson - Drewvale,30305107521,3107521,174,186
30305107523-RAN,RANKIN,303051075,Parkinson - Drewvale,30305107523,3107523,321,337
30305107524-RAN,RANKIN,303051075,Parkinson - Drewvale,30305107524,3107524,308,326
30305107525-RAN,RANKIN,303051075,Parkinson - Drewvale,30305107525,3107525,349,380
30305107526-RAN,RANKIN,303051075,Parkinson - Drewvale,30305107526,3107526,282,296
30305107527-RAN,RANKIN,303051075,Parkinson - Drewvale,30305107527,3107527,282,292
30305107528-RAN,RANKIN,303051075,Parkinson - Drewvale,30305107528,3107528,222,232
30305107529-RAN,RANKIN,303051075,Parkinson - Drewvale,30305107529,3107529,267,293
30305107530-RAN,RANKIN,303051075,Parkinson - Drewvale,30305107530,3107530,181,196
30305107531-RAN,RANKIN,303051075,Parkinson - Drewvale,30305107531,3107531,194,205
30305107532-RAN,RANKIN,303051075,Parkinson - Drewvale,30305107532,3107532,99,109
30305107533-RAN,RANKIN,303051075,Parkinson - Drewvale,30305107533,3107533,272,311
30305107534-RAN,RANKIN,303051075,Parkinson - Drewvale,30305107534,3107534,227,236
30305107601-MOR,MORETON,303051076,Rocklea - Acacia Ridge,30305107601,3107601,198,198
30305107602-MOR,MORETON,303051076,Rocklea - Acacia Ridge,30305107602,3107602,3,3
30305107603-MOR,MORETON,303051076,Rocklea - Acacia Ridge,30305107603,3107603,158,162
30305107604-MOR,MORETON,303051076,Rocklea - Acacia Ridge,30305107604,3107604,230,234
30305107605-MOR,MORETON,303051076,Rocklea - Acacia Ridge,30305107605,3107605,0,0
30305107606-MOR,MORETON,303051076,Rocklea - Acacia Ridge,30305107606,3107606,186,188
30305107607-MOR,MORETON,303051076,Rocklea - Acacia Ridge,30305107607,3107607,344,352
30305107608-MOR,MORETON,303051076,Rocklea - Acacia Ridge,30305107608,3107608,333,350
30305107609-MOR,MORETON,303051076,Rocklea - Acacia Ridge,30305107609,3107609,173,176
30305107610-MOR,MORETON,303051076,Rocklea - Acacia Ridge,30305107610,3107610,291,290
30305107611-MOR,MORETON,303051076,Rocklea - Acacia Ridge,30305107611,3107611,293,298
30305107612-MOR,MORETON,303051076,Rocklea - Acacia Ridge,30305107612,3107612,205,217
30305107613-MOR,MORETON,303051076,Rocklea - Acacia Ridge,30305107613,3107613,232,243
30305107614-MOR,MORETON,303051076,Rocklea - Acacia Ridge,30305107614,3107614,277,274
30305107615-MOR,MORETON,303051076,Rocklea - Acacia Ridge,30305107615,3107615,204,210
30305107616-MOR,MORETON,303051076,Rocklea - Acacia Ridge,30305107616,3107616,208,207
30305107617-MOR,MORETON,303051076,Rocklea - Acacia Ridge,30305107617,3107617,308,314
30305107618-MOR,MORETON,303051076,Rocklea - Acacia Ridge,30305107618,3107618,350,350
30305107619-MOR,MORETON,303051076,Rocklea - Acacia Ridge,30305107619,3107619,196,200
30305107620-MOR,MORETON,303051076,Rocklea - Acacia Ridge,30305107620,3107620,175,184
30305107621-MOR,MORETON,303051076,Rocklea - Acacia Ridge,30305107621,3107621,154,164
30305107622-MOR,MORETON,303051076,Rocklea - Acacia Ridge,30305107622,3107622,361,373
30305107623-MOR,MORETON,303051076,Rocklea - Acacia Ridge,30305107623,3107623,261,267
30305107624-MOR,MORETON,303051076,Rocklea - Acacia Ridge,30305107624,3107624,175,182
30305107625-MOR,MORETON,303051076,Rocklea - Acacia Ridge,30305107625,3107625,4,4
30305107626-MOR,MORETON,303051076,Rocklea - Acacia Ridge,30305107626,3107626,226,221
30305107627-MOR,MORETON,303051076,Rocklea - Acacia Ridge,30305107627,3107627,175,171
30305107628-MOR,MORETON,303051076,Rocklea - Acacia Ridge,30305107628,3107628,237,245
30305107629-MOR,MORETON,303051076,Rocklea - Acacia Ridge,30305107629,3107629,344,333
30305107630-MOR,MORETON,303051076,Rocklea - Acacia Ridge,30305107630,3107630,4,4
30305107631-MOR,MORETON,303051076,Rocklea - Acacia Ridge,30305107631,3107631,3,3
30305107632-MOR,MORETON,303051076,Rocklea - Acacia Ridge,30305107632,3107632,14,14
30306107701-MOR,MORETON,303061077,Kuraby,30306107701,3107701,452,477
30306107702-MOR,MORETON,303061077,Kuraby,30306107702,3107702,379,396
30306107703-MOR,MORETON,303061077,Kuraby,30306107703,3107703,341,366
30306107704-MOR,MORETON,303061077,Kuraby,30306107704,3107704,374,374
30306107705-MOR,MORETON,303061077,Kuraby,30306107705,3107705,386,396
30306107706-MOR,MORETON,303061077,Kuraby,30306107706,3107706,152,149
30306107707-MOR,MORETON,303061077,Kuraby,30306107707,3107707,923,964
30306107708-MOR,MORETON,303061077,Kuraby,30306107708,3107708,385,380
30306107709-MOR,MORETON,303061077,Kuraby,30306107709,3107709,238,231
30306107710-MOR,MORETON,303061077,Kuraby,30306107710,3107710,431,432
30306107711-MOR,MORETON,303061077,Kuraby,30306107711,3107711,87,91
30306107712-MOR,MORETON,303061077,Kuraby,30306107712,3107712,214,214
30306107713-MOR,MORETON,303061077,Kuraby,30306107713,3107713,94,95
30306107714-MOR,MORETON,303061077,Kuraby,30306107714,3107714,197,204
30306107715-MOR,MORETON,303061077,Kuraby,30306107715,3107715,184,194
30306107716-MOR,MORETON,303061077,Kuraby,30306107716,3107716,361,360
30306107717-MOR,MORETON,303061077,Kuraby,30306107717,3107717,330,337
30306107801-MOR,MORETON,303061078,Runcorn,30306107801,3107801,175,184
30306107802-MOR,MORETON,303061078,Runcorn,30306107802,3107802,319,310
30306107803-MOR,MORETON,303061078,Runcorn,30306107803,3107803,291,289
30306107804-MOR,MORETON,303061078,Runcorn,30306107804,3107804,491,517
30306107805-MOR,MORETON,303061078,Runcorn,30306107805,3107805,178,182
30306107806-MOR,MORETON,303061078,Runcorn,30306107806,3107806,314,322
30306107807-MOR,MORETON,303061078,Runcorn,30306107807,3107807,162,162
30306107808-MOR,MORETON,303061078,Runcorn,30306107808,3107808,237,246
30306107809-MOR,MORETON,303061078,Runcorn,30306107809,3107809,128,129
30306107810-MOR,MORETON,303061078,Runcorn,30306107810,3107810,386,402
30306107811-MOR,MORETON,303061078,Runcorn,30306107811,3107811,434,422
30306107812-MOR,MORETON,303061078,Runcorn,30306107812,3107812,259,271
30306107813-MOR,MORETON,303061078,Runcorn,30306107813,3107813,166,171
30306107814-MOR,MORETON,303061078,Runcorn,30306107814,3107814,397,409
30306107815-MOR,MORETON,303061078,Runcorn,30306107815,3107815,294,289
30306107816-MOR,MORETON,303061078,Runcorn,30306107816,3107816,159,154
30306107817-MOR,MORETON,303061078,Runcorn,30306107817,3107817,227,225
30306107818-MOR,MORETON,303061078,Runcorn,30306107818,3107818,127,130
30306107819-MOR,MORETON,303061078,Runcorn,30306107819,3107819,190,200
30306107820-MOR,MORETON,303061078,Runcorn,30306107820,3107820,231,244
30306107821-MOR,MORETON,303061078,Runcorn,30306107821,3107821,237,235
30306107822-MOR,MORETON,303061078,Runcorn,30306107822,3107822,245,243
30306107823-MOR,MORETON,303061078,Runcorn,30306107823,3107823,254,275
30306107824-MOR,MORETON,303061078,Runcorn,30306107824,3107824,272,281
30306107825-MOR,MORETON,303061078,Runcorn,30306107825,3107825,234,251
30306107826-MOR,MORETON,303061078,Runcorn,30306107826,3107826,210,214
30306107827-MOR,MORETON,303061078,Runcorn,30306107827,3107827,189,193
30306107828-MOR,MORETON,303061078,Runcorn,30306107828,3107828,189,195
30306107829-MOR,MORETON,303061078,Runcorn,30306107829,3107829,261,271
30306107830-MOR,MORETON,303061078,Runcorn,30306107830,3107830,161,165
30306107831-MOR,MORETON,303061078,Runcorn,30306107831,3107831,170,176
30306107832-MOR,MORETON,303061078,Runcorn,30306107832,3107832,310,310
30306107901-MOR,MORETON,303061079,Sunnybank,30306107901,3107901,256,278
30306107902-MOR,MORETON,303061079,Sunnybank,30306107902,3107902,189,199
30306107903-MOR,MORETON,303061079,Sunnybank,30306107903,3107903,372,405
30306107904-MOR,MORETON,303061079,Sunnybank,30306107904,3107904,184,204
30306107905-MOR,MORETON,303061079,Sunnybank,30306107905,3107905,314,342
30306107906-MOR,MORETON,303061079,Sunnybank,30306107906,3107906,132,138
30306107907-MOR,MORETON,303061079,Sunnybank,30306107907,3107907,210,220
30306107908-MOR,MORETON,303061079,Sunnybank,30306107908,3107908,212,221
30306107909-MOR,MORETON,303061079,Sunnybank,30306107909,3107909,332,361
30306107910-MOR,MORETON,303061079,Sunnybank,30306107910,3107910,253,265
30306107911-MOR,MORETON,303061079,Sunnybank,30306107911,3107911,247,245
30306107912-MOR,MORETON,303061079,Sunnybank,30306107912,3107912,235,251
30306107913-MOR,MORETON,303061079,Sunnybank,30306107913,3107913,239,253
30306107914-MOR,MORETON,303061079,Sunnybank,30306107914,3107914,188,207
30306107915-MOR,MORETON,303061079,Sunnybank,30306107915,3107915,318,331
30306107916-MOR,MORETON,303061079,Sunnybank,30306107916,3107916,212,223
30306107917-MOR,MORETON,303061079,Sunnybank,30306107917,3107917,120,124
30306107918-MOR,MORETON,303061079,Sunnybank,30306107918,3107918,313,331
30306107919-MOR,MORETON,303061079,Sunnybank,30306107919,3107919,303,329
30306107920-MOR,MORETON,303061079,Sunnybank,30306107920,3107920,206,222
30306108001-MOR,MORETON,303061080,Sunnybank Hills,30306108001,3108001,187,201
30306108002-MOR,MORETON,303061080,Sunnybank Hills,30306108002,3108002,148,159
30306108003-MOR,MORETON,303061080,Sunnybank Hills,30306108003,3108003,180,183
30306108004-MOR,MORETON,303061080,Sunnybank Hills,30306108004,3108004,352,377
30306108005-MOR,MORETON,303061080,Sunnybank Hills,30306108005,3108005,284,301
30306108006-MOR,MORETON,303061080,Sunnybank Hills,30306108006,3108006,375,367
30306108007-MOR,MORETON,303061080,Sunnybank Hills,30306108007,3108007,352,344
30306108008-MOR,MORETON,303061080,Sunnybank Hills,30306108008,3108008,303,316
30306108009-MOR,MORETON,303061080,Sunnybank Hills,30306108009,3108009,288,287
30306108010-MOR,MORETON,303061080,Sunnybank Hills,30306108010,3108010,362,376
30306108011-MOR,MORETON,303061080,Sunnybank Hills,30306108011,3108011,376,394
30306108012-MOR,MORETON,303061080,Sunnybank Hills,30306108012,3108012,209,225
30306108013-MOR,MORETON,303061080,Sunnybank Hills,30306108013,3108013,397,419
30306108014-MOR,MORETON,303061080,Sunnybank Hills,30306108014,3108014,261,271
30306108015-MOR,MORETON,303061080,Sunnybank Hills,30306108015,3108015,172,176
30306108016-MOR,MORETON,303061080,Sunnybank Hills,30306108016,3108016,367,374
30306108017-MOR,MORETON,303061080,Sunnybank Hills,30306108017,3108017,347,361
30306108018-MOR,MORETON,303061080,Sunnybank Hills,30306108018,3108018,268,270
30306108019-MOR,MORETON,303061080,Sunnybank Hills,30306108019,3108019,257,272
30306108020-MOR,MORETON,303061080,Sunnybank Hills,30306108020,3108020,180,188
30306108021-MOR,MORETON,303061080,Sunnybank Hills,30306108021,3108021,155,161
30306108022-MOR,MORETON,303061080,Sunnybank Hills,30306108022,3108022,266,271
30306108023-MOR,MORETON,303061080,Sunnybank Hills,30306108023,3108023,327,320
30306108024-MOR,MORETON,303061080,Sunnybank Hills,30306108024,3108024,235,246
30306108025-MOR,MORETON,303061080,Sunnybank Hills,30306108025,3108025,325,336
30306108026-MOR,MORETON,303061080,Sunnybank Hills,30306108026,3108026,253,276
30306108027-MOR,MORETON,303061080,Sunnybank Hills,30306108027,3108027,213,221
30306108028-MOR,MORETON,303061080,Sunnybank Hills,30306108028,3108028,289,307
30306108029-MOR,MORETON,303061080,Sunnybank Hills,30306108029,3108029,317,320
30306108030-MOR,MORETON,303061080,Sunnybank Hills,30306108030,3108030,216,220
30306108031-MOR,MORETON,303061080,Sunnybank Hills,30306108031,3108031,280,294
30306108032-MOR,MORETON,303061080,Sunnybank Hills,30306108032,3108032,127,134
30306108033-MOR,MORETON,303061080,Sunnybank Hills,30306108033,3108033,183,183
30306108034-MOR,MORETON,303061080,Sunnybank Hills,30306108034,3108034,159,167
30306108035-MOR,MORETON,303061080,Sunnybank Hills,30306108035,3108035,263,280
30306108036-MOR,MORETON,303061080,Sunnybank Hills,30306108036,3108036,274,284
30306108037-MOR,MORETON,303061080,Sunnybank Hills,30306108037,3108037,128,133
30306108038-MOR,MORETON,303061080,Sunnybank Hills,30306108038,3108038,272,286
30306108039-MOR,MORETON,303061080,Sunnybank Hills,30306108039,3108039,297,314
30401108101-OXL,OXLEY,304011081,Jindalee - Mount Ommaney,30401108101,3108101,308,308
30401108102-OXL,OXLEY,304011081,Jindalee - Mount Ommaney,30401108102,3108102,363,391
30401108103-OXL,OXLEY,304011081,Jindalee - Mount Ommaney,30401108103,3108103,262,255
30401108104-OXL,OXLEY,304011081,Jindalee - Mount Ommaney,30401108104,3108104,366,350
30401108105-OXL,OXLEY,304011081,Jindalee - Mount Ommaney,30401108105,3108105,433,423
30401108106-OXL,OXLEY,304011081,Jindalee - Mount Ommaney,30401108106,3108106,341,335
30401108107-OXL,OXLEY,304011081,Jindalee - Mount Ommaney,30401108107,3108107,313,319
30401108108-OXL,OXLEY,304011081,Jindalee - Mount Ommaney,30401108108,3108108,294,281
30401108109-OXL,OXLEY,304011081,Jindalee - Mount Ommaney,30401108109,3108109,278,292
30401108110-OXL,OXLEY,304011081,Jindalee - Mount Ommaney,30401108110,3108110,0,0
30401108111-OXL,OXLEY,304011081,Jindalee - Mount Ommaney,30401108111,3108111,0,0
30401108112-OXL,OXLEY,304011081,Jindalee - Mount Ommaney,30401108112,3108112,365,372
30401108113-OXL,OXLEY,304011081,Jindalee - Mount Ommaney,30401108113,3108113,263,258
30401108114-OXL,OXLEY,304011081,Jindalee - Mount Ommaney,30401108114,3108114,214,210
30401108115-OXL,OXLEY,304011081,Jindalee - Mount Ommaney,30401108115,3108115,374,374
30401108116-OXL,OXLEY,304011081,Jindalee - Mount Ommaney,30401108116,3108116,176,168
30401108117-OXL,OXLEY,304011081,Jindalee - Mount Ommaney,30401108117,3108117,337,333
30401108118-OXL,OXLEY,304011081,Jindalee - Mount Ommaney,30401108118,3108118,249,246
30401108119-OXL,OXLEY,304011081,Jindalee - Mount Ommaney,30401108119,3108119,291,286
30401108120-OXL,OXLEY,304011081,Jindalee - Mount Ommaney,30401108120,3108120,292,292
30401108201-OXL,OXLEY,304011082,Middle Park - Jamboree Heights,30401108201,3108201,164,157
30401108202-OXL,OXLEY,304011082,Middle Park - Jamboree Heights,30401108202,3108202,173,172
30401108203-OXL,OXLEY,304011082,Middle Park - Jamboree Heights,30401108203,3108203,180,180
30401108204-OXL,OXLEY,304011082,Middle Park - Jamboree Heights,30401108204,3108204,279,280
30401108205-OXL,OXLEY,304011082,Middle Park - Jamboree Heights,30401108205,3108205,186,190
30401108206-OXL,OXLEY,304011082,Middle Park - Jamboree Heights,30401108206,3108206,179,178
30401108207-OXL,OXLEY,304011082,Middle Park - Jamboree Heights,30401108207,3108207,380,401
30401108208-OXL,OXLEY,304011082,Middle Park - Jamboree Heights,30401108208,3108208,262,263
30401108209-OXL,OXLEY,304011082,Middle Park - Jamboree Heights,30401108209,3108209,298,300
30401108210-OXL,OXLEY,304011082,Middle Park - Jamboree Heights,30401108210,3108210,315,302
30401108211-OXL,OXLEY,304011082,Middle Park - Jamboree Heights,30401108211,3108211,329,323
30401108212-OXL,OXLEY,304011082,Middle Park - Jamboree Heights,30401108212,3108212,304,300
30401108213-OXL,OXLEY,304011082,Middle Park - Jamboree Heights,30401108213,3108213,404,404
30401108214-OXL,OXLEY,304011082,Middle Park - Jamboree Heights,30401108214,3108214,244,245
30401108215-OXL,OXLEY,304011082,Middle Park - Jamboree Heights,30401108215,3108215,199,211
30401108216-OXL,OXLEY,304011082,Middle Park - Jamboree Heights,30401108216,3108216,220,211
30401108217-OXL,OXLEY,304011082,Middle Park - Jamboree Heights,30401108217,3108217,220,221
30401108218-OXL,OXLEY,304011082,Middle Park - Jamboree Heights,30401108218,3108218,166,161
30401108219-OXL,OXLEY,304011082,Middle Park - Jamboree Heights,30401108219,3108219,297,286
30401108220-OXL,OXLEY,304011082,Middle Park - Jamboree Heights,30401108220,3108220,240,247
30401108301-OXL,OXLEY,304011083,Riverhills,30401108301,3108301,164,160
30401108302-OXL,OXLEY,304011083,Riverhills,30401108302,3108302,398,423
30401108303-OXL,OXLEY,304011083,Riverhills,30401108303,3108303,256,265
30401108304-OXL,OXLEY,304011083,Riverhills,30401108304,3108304,314,317
30401108305-OXL,OXLEY,304011083,Riverhills,30401108305,3108305,236,235
30401108306-OXL,OXLEY,304011083,Riverhills,30401108306,3108306,212,216
30401108307-OXL,OXLEY,304011083,Riverhills,30401108307,3108307,161,164
30401108308-OXL,OXLEY,304011083,Riverhills,30401108308,3108308,215,222
30401108309-OXL,OXLEY,304011083,Riverhills,30401108309,3108309,287,299
30401108310-OXL,OXLEY,304011083,Riverhills,30401108310,3108310,288,297
30401108311-OXL,OXLEY,304011083,Riverhills,30401108311,3108311,388,413
30401108401-OXL,OXLEY,304011084,Seventeen Mile Rocks - Sinnamon Park,30401108401,3108401,472,457
30401108402-OXL,OXLEY,304011084,Seventeen Mile Rocks - Sinnamon Park,30401108402,3108402,207,201
30401108403-OXL,OXLEY,304011084,Seventeen Mile Rocks - Sinnamon Park,30401108403,3108403,344,364
30401108404-OXL,OXLEY,304011084,Seventeen Mile Rocks - Sinnamon Park,30401108404,3108404,424,450
30401108405-OXL,OXLEY,304011084,Seventeen Mile Rocks - Sinnamon Park,30401108405,3108405,2,2
30401108406-OXL,OXLEY,304011084,Seventeen Mile Rocks - Sinnamon Park,30401108406,3108406,0,0
30401108407-OXL,OXLEY,304011084,Seventeen Mile Rocks - Sinnamon Park,30401108407,3108407,180,191
30401108408-OXL,OXLEY,304011084,Seventeen Mile Rocks - Sinnamon Park,30401108408,3108408,396,414
30401108409-OXL,OXLEY,304011084,Seventeen Mile Rocks - Sinnamon Park,30401108409,3108409,348,344
30401108410-OXL,OXLEY,304011084,Seventeen Mile Rocks - Sinnamon Park,30401108410,3108410,308,305
30401108411-OXL,OXLEY,304011084,Seventeen Mile Rocks - Sinnamon Park,30401108411,3108411,403,427
30401108412-OXL,OXLEY,304011084,Seventeen Mile Rocks - Sinnamon Park,30401108412,3108412,359,381
30401108413-OXL,OXLEY,304011084,Seventeen Mile Rocks - Sinnamon Park,30401108413,3108413,378,394
30401108414-OXL,OXLEY,304011084,Seventeen Mile Rocks - Sinnamon Park,30401108414,3108414,203,211
30401108415-OXL,OXLEY,304011084,Seventeen Mile Rocks - Sinnamon Park,30401108415,3108415,180,190
30401108416-OXL,OXLEY,304011084,Seventeen Mile Rocks - Sinnamon Park,30401108416,3108416,258,280
30401108417-OXL,OXLEY,304011084,Seventeen Mile Rocks - Sinnamon Park,30401108417,3108417,365,378
30401108418-OXL,OXLEY,304011084,Seventeen Mile Rocks - Sinnamon Park,30401108418,3108418,293,301
30401108419-OXL,OXLEY,304011084,Seventeen Mile Rocks - Sinnamon Park,30401108419,3108419,129,136
30401108420-OXL,OXLEY,304011084,Seventeen Mile Rocks - Sinnamon Park,30401108420,3108420,3,3
30401108421-OXL,OXLEY,304011084,Seventeen Mile Rocks - Sinnamon Park,30401108421,3108421,324,327
30401108422-OXL,OXLEY,304011084,Seventeen Mile Rocks - Sinnamon Park,30401108422,3108422,453,449
30401108423-OXL,OXLEY,304011084,Seventeen Mile Rocks - Sinnamon Park,30401108423,3108423,381,391
30401108424-OXL,OXLEY,304011084,Seventeen Mile Rocks - Sinnamon Park,30401108424,3108424,349,338
30401108425-OXL,OXLEY,304011084,Seventeen Mile Rocks - Sinnamon Park,30401108425,3108425,356,345
30401108501-OXL,OXLEY,304011085,Westlake,30401108501,3108501,352,343
30401108502-OXL,OXLEY,304011085,Westlake,30401108502,3108502,213,204
30401108503-OXL,OXLEY,304011085,Westlake,30401108503,3108503,262,264
30401108504-OXL,OXLEY,304011085,Westlake,30401108504,3108504,242,248
30401108505-OXL,OXLEY,304011085,Westlake,30401108505,3108505,266,254
30401108506-OXL,OXLEY,304011085,Westlake,30401108506,3108506,297,286
30401108507-OXL,OXLEY,304011085,Westlake,30401108507,3108507,402,406
30401108508-OXL,OXLEY,304011085,Westlake,30401108508,3108508,217,213
30401108509-OXL,OXLEY,304011085,Westlake,30401108509,3108509,377,377
30401108510-OXL,OXLEY,304011085,Westlake,30401108510,3108510,269,256
30401108511-OXL,OXLEY,304011085,Westlake,30401108511,3108511,334,318
30402108601-RYA,RYAN,304021086,Bellbowrie - Moggill,30402108601,3108601,343,357
30402108603-RYA,RYAN,304021086,Bellbowrie - Moggill,30402108603,3108603,202,203
30402108604-RYA,RYAN,304021086,Bellbowrie - Moggill,30402108604,3108604,290,289
30402108605-RYA,RYAN,304021086,Bellbowrie - Moggill,30402108605,3108605,463,476
30402108611-RYA,RYAN,304021086,Bellbowrie - Moggill,30402108611,3108611,247,247
30402108612-RYA,RYAN,304021086,Bellbowrie - Moggill,30402108612,3108612,340,341
30402108613-RYA,RYAN,304021086,Bellbowrie - Moggill,30402108613,3108613,386,374
30402108614-RYA,RYAN,304021086,Bellbowrie - Moggill,30402108614,3108614,421,441
30402108615-RYA,RYAN,304021086,Bellbowrie - Moggill,30402108615,3108615,308,324
30402108618-RYA,RYAN,304021086,Bellbowrie - Moggill,30402108618,3108618,252,250
30402108619-RYA,RYAN,304021086,Bellbowrie - Moggill,30402108619,3108619,307,317
30402108620-RYA,RYAN,304021086,Bellbowrie - Moggill,30402108620,3108620,239,249
30402108621-RYA,RYAN,304021086,Bellbowrie - Moggill,30402108621,3108621,165,171
30402108622-RYA,RYAN,304021086,Bellbowrie - Moggill,30402108622,3108622,198,202
30402108623-RYA,RYAN,304021086,Bellbowrie - Moggill,30402108623,3108623,221,222
30402108624-RYA,RYAN,304021086,Bellbowrie - Moggill,30402108624,3108624,384,384
30402108625-RYA,RYAN,304021086,Bellbowrie - Moggill,30402108625,3108625,401,397
30402108626-RYA,RYAN,304021086,Bellbowrie - Moggill,30402108626,3108626,0,0
30402108627-RYA,RYAN,304021086,Bellbowrie - Moggill,30402108627,3108627,312,334
30402108628-RYA,RYAN,304021086,Bellbowrie - Moggill,30402108628,3108628,325,328
30402108629-RYA,RYAN,304021086,Bellbowrie - Moggill,30402108629,3108629,285,287
30402108630-RYA,RYAN,304021086,Bellbowrie - Moggill,30402108630,3108630,265,267
30402108631-RYA,RYAN,304021086,Bellbowrie - Moggill,30402108631,3108631,272,273
30402108632-RYA,RYAN,304021086,Bellbowrie - Moggill,30402108632,3108632,364,375
30402108633-RYA,RYAN,304021086,Bellbowrie - Moggill,30402108633,3108633,266,277
30402108634-RYA,RYAN,304021086,Bellbowrie - Moggill,30402108634,3108634,207,217
30402108635-RYA,RYAN,304021086,Bellbowrie - Moggill,30402108635,3108635,293,286
30402108701-RYA,RYAN,304021087,Brookfield - Kenmore Hills,30402108701,3108701,41,40
30402108702-RYA,RYAN,304021087,Brookfield - Kenmore Hills,30402108702,3108702,360,374
30402108703-RYA,RYAN,304021087,Brookfield - Kenmore Hills,30402108703,3108703,282,289
30402108704-RYA,RYAN,304021087,Brookfield - Kenmore Hills,30402108704,3108704,248,240
30402108705-RYA,RYAN,304021087,Brookfield - Kenmore Hills,30402108705,3108705,455,461
30402108706-RYA,RYAN,304021087,Brookfield - Kenmore Hills,30402108706,3108706,204,208
30402108707-RYA,RYAN,304021087,Brookfield - Kenmore Hills,30402108707,3108707,224,224
30402108708-RYA,RYAN,304021087,Brookfield - Kenmore Hills,30402108708,3108708,270,286
30402108709-RYA,RYAN,304021087,Brookfield - Kenmore Hills,30402108709,3108709,130,129
30402108710-RYA,RYAN,304021087,Brookfield - Kenmore Hills,30402108710,3108710,274,292
30402108711-RYA,RYAN,304021087,Brookfield - Kenmore Hills,30402108711,3108711,287,306
30402108713-RYA,RYAN,304021087,Brookfield - Kenmore Hills,30402108713,3108713,301,308
30402108714-RYA,RYAN,304021087,Brookfield - Kenmore Hills,30402108714,3108714,238,241
30402108715-RYA,RYAN,304021087,Brookfield - Kenmore Hills,30402108715,3108715,275,279
30402108716-RYA,RYAN,304021087,Brookfield - Kenmore Hills,30402108716,3108716,438,430
30402108717-RYA,RYAN,304021087,Brookfield - Kenmore Hills,30402108717,3108717,291,297
30402108718-RYA,RYAN,304021087,Brookfield - Kenmore Hills,30402108718,3108718,191,185
30402108719-RYA,RYAN,304021087,Brookfield - Kenmore Hills,30402108719,3108719,202,204
30402108720-RYA,RYAN,304021087,Brookfield - Kenmore Hills,30402108720,3108720,331,338
30402108721-RYA,RYAN,304021087,Brookfield - Kenmore Hills,30402108721,3108721,149,150
30402108801-RYA,RYAN,304021088,Chapel Hill,30402108801,3108801,275,267
30402108802-RYA,RYAN,304021088,Chapel Hill,30402108802,3108802,182,175
30402108803-RYA,RYAN,304021088,Chapel Hill,30402108803,3108803,303,310
30402108804-RYA,RYAN,304021088,Chapel Hill,30402108804,3108804,412,408
30402108805-RYA,RYAN,304021088,Chapel Hill,30402108805,3108805,409,418
30402108806-RYA,RYAN,304021088,Chapel Hill,30402108806,3108806,310,311
30402108807-RYA,RYAN,304021088,Chapel Hill,30402108807,3108807,181,195
30402108808-RYA,RYAN,304021088,Chapel Hill,30402108808,3108808,327,324
30402108809-RYA,RYAN,304021088,Chapel Hill,30402108809,3108809,414,418
30402108810-RYA,RYAN,304021088,Chapel Hill,30402108810,3108810,373,364
30402108811-RYA,RYAN,304021088,Chapel Hill,30402108811,3108811,423,422
30402108812-RYA,RYAN,304021088,Chapel Hill,30402108812,3108812,467,466
30402108813-RYA,RYAN,304021088,Chapel Hill,30402108813,3108813,217,219
30402108814-RYA,RYAN,304021088,Chapel Hill,30402108814,3108814,289,289
30402108815-RYA,RYAN,304021088,Chapel Hill,30402108815,3108815,502,482
30402108816-RYA,RYAN,304021088,Chapel Hill,30402108816,3108816,212,219
30402108817-RYA,RYAN,304021088,Chapel Hill,30402108817,3108817,384,382
30402108818-RYA,RYAN,304021088,Chapel Hill,30402108818,3108818,197,199
30402108819-RYA,RYAN,304021088,Chapel Hill,30402108819,3108819,335,336
30402108820-RYA,RYAN,304021088,Chapel Hill,30402108820,3108820,340,326
30402108821-RYA,RYAN,304021088,Chapel Hill,30402108821,3108821,195,190
30402108822-RYA,RYAN,304021088,Chapel Hill,30402108822,3108822,253,250
30402108823-RYA,RYAN,304021088,Chapel Hill,30402108823,3108823,370,387
30402108824-RYA,RYAN,304021088,Chapel Hill,30402108824,3108824,178,185
30402108901-RYA,RYAN,304021089,Fig Tree Pocket,30402108901,3108901,398,387
30402108903-RYA,RYAN,304021089,Fig Tree Pocket,30402108903,3108903,217,223
30402108904-RYA,RYAN,304021089,Fig Tree Pocket,30402108904,3108904,442,442
30402108905-RYA,RYAN,304021089,Fig Tree Pocket,30402108905,3108905,314,323
30402108906-RYA,RYAN,304021089,Fig Tree Pocket,30402108906,3108906,406,410
30402108907-RYA,RYAN,304021089,Fig Tree Pocket,30402108907,3108907,293,310
30402108908-RYA,RYAN,304021089,Fig Tree Pocket,30402108908,3108908,208,202
30402108909-RYA,RYAN,304021089,Fig Tree Pocket,30402108909,3108909,317,345
30402108910-RYA,RYAN,304021089,Fig Tree Pocket,30402108910,3108910,451,478
30402109001-RYA,RYAN,304021090,Kenmore,30402109001,3109001,416,401
30402109002-RYA,RYAN,304021090,Kenmore,30402109002,3109002,296,314
30402109003-RYA,RYAN,304021090,Kenmore,30402109003,3109003,154,152
30402109004-RYA,RYAN,304021090,Kenmore,30402109004,3109004,224,223
30402109005-RYA,RYAN,304021090,Kenmore,30402109005,3109005,453,463
30402109006-RYA,RYAN,304021090,Kenmore,30402109006,3109006,254,253
30402109007-RYA,RYAN,304021090,Kenmore,30402109007,3109007,601,604
30402109008-RYA,RYAN,304021090,Kenmore,30402109008,3109008,249,241
30402109009-RYA,RYAN,304021090,Kenmore,30402109009,3109009,291,296
30402109010-RYA,RYAN,304021090,Kenmore,30402109010,3109010,475,495
30402109011-RYA,RYAN,304021090,Kenmore,30402109011,3109011,435,424
30402109012-RYA,RYAN,304021090,Kenmore,30402109012,3109012,337,343
30402109013-RYA,RYAN,304021090,Kenmore,30402109013,3109013,193,189
30402109014-RYA,RYAN,304021090,Kenmore,30402109014,3109014,199,193
30402109015-RYA,RYAN,304021090,Kenmore,30402109015,3109015,237,244
30402109016-RYA,RYAN,304021090,Kenmore,30402109016,3109016,317,326
30402109017-RYA,RYAN,304021090,Kenmore,30402109017,3109017,524,542
30402109018-RYA,RYAN,304021090,Kenmore,30402109018,3109018,612,617
30402109019-RYA,RYAN,304021090,Kenmore,30402109019,3109019,459,460
30402109101-RYA,RYAN,304021091,Pinjarra Hills - Pullenvale,30402109101,3109101,243,234
30402109102-RYA,RYAN,304021091,Pinjarra Hills - Pullenvale,30402109102,3109102,159,162
30402109103-RYA,RYAN,304021091,Pinjarra Hills - Pullenvale,30402109103,3109103,365,377
30402109104-RYA,RYAN,304021091,Pinjarra Hills - Pullenvale,30402109104,3109104,280,281
30402109105-RYA,RYAN,304021091,Pinjarra Hills - Pullenvale,30402109105,3109105,448,460
30402109106-RYA,RYAN,304021091,Pinjarra Hills - Pullenvale,30402109106,3109106,524,534
30402109107-RYA,RYAN,304021091,Pinjarra Hills - Pullenvale,30402109107,3109107,376,373
30402109108-RYA,RYAN,304021091,Pinjarra Hills - Pullenvale,30402109108,3109108,488,503
30402109109-RYA,RYAN,304021091,Pinjarra Hills - Pullenvale,30402109109,3109109,286,282
30402109110-RYA,RYAN,304021091,Pinjarra Hills - Pullenvale,30402109110,3109110,404,415
30402109111-RYA,RYAN,304021091,Pinjarra Hills - Pullenvale,30402109111,3109111,469,464
30402109112-RYA,RYAN,304021091,Pinjarra Hills - Pullenvale,30402109112,3109112,266,258
30403109201-MOR,MORETON,304031092,Chelmer - Graceville,30403109201,3109201,196,214
30403109202-MOR,MORETON,304031092,Chelmer - Graceville,30403109202,3109202,444,480
30403109203-MOR,MORETON,304031092,Chelmer - Graceville,30403109203,3109203,218,234
30403109204-MOR,MORETON,304031092,Chelmer - Graceville,30403109204,3109204,257,273
30403109205-MOR,MORETON,304031092,Chelmer - Graceville,30403109205,3109205,440,439
30403109206-MOR,MORETON,304031092,Chelmer - Graceville,30403109206,3109206,266,283
30403109207-MOR,MORETON,304031092,Chelmer - Graceville,30403109207,3109207,286,287
30403109208-MOR,MORETON,304031092,Chelmer - Graceville,30403109208,3109208,418,419
30403109209-MOR,MORETON,304031092,Chelmer - Graceville,30403109209,3109209,434,442
30403109210-MOR,MORETON,304031092,Chelmer - Graceville,30403109210,3109210,254,270
30403109211-MOR,MORETON,304031092,Chelmer - Graceville,30403109211,3109211,456,473
30403109212-MOR,MORETON,304031092,Chelmer - Graceville,30403109212,3109212,155,158
30403109213-MOR,MORETON,304031092,Chelmer - Graceville,30403109213,3109213,413,438
30403109214-MOR,MORETON,304031092,Chelmer - Graceville,30403109214,3109214,431,421
30403109215-MOR,MORETON,304031092,Chelmer - Graceville,30403109215,3109215,335,347
30403109216-MOR,MORETON,304031092,Chelmer - Graceville,30403109216,3109216,433,461
30403109301-MOR,MORETON,304031093,Corinda,30403109301,3109301,489,493
30403109302-MOR,MORETON,304031093,Corinda,30403109302,3109302,221,227
30403109303-MOR,MORETON,304031093,Corinda,30403109303,3109303,404,424
30403109304-MOR,MORETON,304031093,Corinda,30403109304,3109304,0,0
30403109305-MOR,MORETON,304031093,Corinda,30403109305,3109305,305,304
30403109306-MOR,MORETON,304031093,Corinda,30403109306,3109306,369,372
30403109307-MOR,MORETON,304031093,Corinda,30403109307,3109307,374,388
30403109308-MOR,MORETON,304031093,Corinda,30403109308,3109308,596,612
30403109309-MOR,MORETON,304031093,Corinda,30403109309,3109309,361,373
30403109310-MOR,MORETON,304031093,Corinda,30403109310,3109310,226,242
30403109311-MOR,MORETON,304031093,Corinda,30403109311,3109311,323,338
30403109312-MOR,MORETON,304031093,Corinda,30403109312,3109312,323,343
30403109401-RYA,RYAN,304031094,Indooroopilly,30403109401,3109401,232,241
30403109402-RYA,RYAN,304031094,Indooroopilly,30403109402,3109402,331,346
30403109403-RYA,RYAN,304031094,Indooroopilly,30403109403,3109403,176,184
30403109404-RYA,RYAN,304031094,Indooroopilly,30403109404,3109404,428,459
30403109405-RYA,RYAN,304031094,Indooroopilly,30403109405,3109405,251,299
30403109406-RYA,RYAN,304031094,Indooroopilly,30403109406,3109406,222,231
30403109407-RYA,RYAN,304031094,Indooroopilly,30403109407,3109407,344,370
30403109408-RYA,RYAN,304031094,Indooroopilly,30403109408,3109408,346,376
30403109409-RYA,RYAN,304031094,Indooroopilly,30403109409,3109409,247,253
30403109410-RYA,RYAN,304031094,Indooroopilly,30403109410,3109410,165,171
30403109411-RYA,RYAN,304031094,Indooroopilly,30403109411,3109411,384,411
30403109412-RYA,RYAN,304031094,Indooroopilly,30403109412,3109412,309,337
30403109413-RYA,RYAN,304031094,Indooroopilly,30403109413,3109413,352,371
30403109414-RYA,RYAN,304031094,Indooroopilly,30403109414,3109414,260,276
30403109416-RYA,RYAN,304031094,Indooroopilly,30403109416,3109416,142,150
30403109417-RYA,RYAN,304031094,Indooroopilly,30403109417,3109417,423,415
30403109418-RYA,RYAN,304031094,Indooroopilly,30403109418,3109418,251,257
30403109419-RYA,RYAN,304031094,Indooroopilly,30403109419,3109419,214,218
30403109420-RYA,RYAN,304031094,Indooroopilly,30403109420,3109420,290,304
30403109421-RYA,RYAN,304031094,Indooroopilly,30403109421,3109421,238,253
30403109422-RYA,RYAN,304031094,Indooroopilly,30403109422,3109422,91,89
30403109423-RYA,RYAN,304031094,Indooroopilly,30403109423,3109423,109,135
30403109424-RYA,RYAN,304031094,Indooroopilly,30403109424,3109424,203,206
30403109426-RYA,RYAN,304031094,Indooroopilly,30403109426,3109426,235,242
30403109427-RYA,RYAN,304031094,Indooroopilly,30403109427,3109427,235,251
30403109428-RYA,RYAN,304031094,Indooroopilly,30403109428,3109428,317,328
30403109429-RYA,RYAN,304031094,Indooroopilly,30403109429,3109429,344,351
30403109430-RYA,RYAN,304031094,Indooroopilly,30403109430,3109430,219,232
30403109431-RYA,RYAN,304031094,Indooroopilly,30403109431,3109431,290,311
30403109432-RYA,RYAN,304031094,Indooroopilly,30403109432,3109432,397,390
30403109433-RYA,RYAN,304031094,Indooroopilly,30403109433,3109433,125,132
30403109434-RYA,RYAN,304031094,Indooroopilly,30403109434,3109434,164,169
30403109435-RYA,RYAN,304031094,Indooroopilly,30403109435,3109435,249,256
30403109502-MOR,MORETON,304031095,Sherwood,30403109502,3109502,388,410
30403109503-MOR,MORETON,304031095,Sherwood,30403109503,3109503,381,392
30403109504-MOR,MORETON,304031095,Sherwood,30403109504,3109504,364,365
30403109505-MOR,MORETON,304031095,Sherwood,30403109505,3109505,224,236
30403109506-MOR,MORETON,304031095,Sherwood,30403109506,3109506,226,242
30403109507-MOR,MORETON,304031095,Sherwood,30403109507,3109507,285,305
30403109508-MOR,MORETON,304031095,Sherwood,30403109508,3109508,171,175
30403109510-MOR,MORETON,304031095,Sherwood,30403109510,3109510,407,394
30403109511-MOR,MORETON,304031095,Sherwood,30403109511,3109511,261,274
30403109513-MOR,MORETON,304031095,Sherwood,30403109513,3109513,236,234
30403109515-MOR,MORETON,304031095,Sherwood,30403109515,3109515,260,261
30403109516-MOR,MORETON,304031095,Sherwood,30403109516,3109516,291,299
30403109517-MOR,MORETON,304031095,Sherwood,30403109517,3109517,252,260
30403109518-MOR,MORETON,304031095,Sherwood,30403109518,3109518,343,332
30403109519-MOR,MORETON,304031095,Sherwood,30403109519,3109519,353,362
30403109520-MOR,MORETON,304031095,Sherwood,30403109520,3109520,256,257
30403109521-MOR,MORETON,304031095,Sherwood,30403109521,3109521,227,225
30403109601-RYA,RYAN,304031096,St Lucia,30403109601,3109601,340,336
30403109602-RYA,RYAN,304031096,St Lucia,30403109602,3109602,133,141
30403109603-RYA,RYAN,304031096,St Lucia,30403109603,3109603,329,343
30403109604-RYA,RYAN,304031096,St Lucia,30403109604,3109604,162,165
30403109605-RYA,RYAN,304031096,St Lucia,30403109605,3109605,242,246
30403109606-RYA,RYAN,304031096,St Lucia,30403109606,3109606,180,180
30403109607-RYA,RYAN,304031096,St Lucia,30403109607,3109607,158,171
30403109608-RYA,RYAN,304031096,St Lucia,30403109608,3109608,352,359
30403109609-RYA,RYAN,304031096,St Lucia,30403109609,3109609,339,373
30403109610-RYA,RYAN,304031096,St Lucia,30403109610,3109610,344,354
30403109611-RYA,RYAN,304031096,St Lucia,30403109611,3109611,234,244
30403109612-RYA,RYAN,304031096,St Lucia,30403109612,3109612,233,235
30403109613-RYA,RYAN,304031096,St Lucia,30403109613,3109613,246,275
30403109614-RYA,RYAN,304031096,St Lucia,30403109614,3109614,307,332
30403109615-RYA,RYAN,304031096,St Lucia,30403109615,3109615,766,775
30403109616-RYA,RYAN,304031096,St Lucia,30403109616,3109616,319,330
30403109617-RYA,RYAN,304031096,St Lucia,30403109617,3109617,203,213
30403109618-RYA,RYAN,304031096,St Lucia,30403109618,3109618,424,424
30403109619-RYA,RYAN,304031096,St Lucia,30403109619,3109619,169,182
30403109620-RYA,RYAN,304031096,St Lucia,30403109620,3109620,237,241
30403109621-RYA,RYAN,304031096,St Lucia,30403109621,3109621,315,316
30403109622-RYA,RYAN,304031096,St Lucia,30403109622,3109622,281,273
30403109623-RYA,RYAN,304031096,St Lucia,30403109623,3109623,370,374
30403109701-RYA,RYAN,304031097,Taringa,30403109701,3109701,302,330
30403109702-RYA,RYAN,304031097,Taringa,30403109702,3109702,173,186
30403109703-RYA,RYAN,304031097,Taringa,30403109703,3109703,226,237
30403109704-RYA,RYAN,304031097,Taringa,30403109704,3109704,557,583
30403109705-RYA,RYAN,304031097,Taringa,30403109705,3109705,167,177
30403109706-RYA,RYAN,304031097,Taringa,30403109706,3109706,313,326
30403109707-RYA,RYAN,304031097,Taringa,30403109707,3109707,271,266
30403109708-RYA,RYAN,304031097,Taringa,30403109708,3109708,263,269
30403109709-RYA,RYAN,304031097,Taringa,30403109709,3109709,331,325
30403109710-RYA,RYAN,304031097,Taringa,30403109710,3109710,352,376
30403109711-RYA,RYAN,304031097,Taringa,30403109711,3109711,185,197
30403109712-RYA,RYAN,304031097,Taringa,30403109712,3109712,397,428
30403109713-RYA,RYAN,304031097,Taringa,30403109713,3109713,209,217
30403109714-RYA,RYAN,304031097,Taringa,30403109714,3109714,297,305
30403109715-RYA,RYAN,304031097,Taringa,30403109715,3109715,259,264
30403109716-RYA,RYAN,304031097,Taringa,30403109716,3109716,271,273
30403109717-RYA,RYAN,304031097,Taringa,30403109717,3109717,312,335
30403109718-RYA,RYAN,304031097,Taringa,30403109718,3109718,249,251
30403109719-RYA,RYAN,304031097,Taringa,30403109719,3109719,240,265
30403109720-RYA,RYAN,304031097,Taringa,30403109720,3109720,449,464
30403109721-RYA,RYAN,304031097,Taringa,30403109721,3109721,331,337
30404109801-BRI,BRISBANE,304041098,Enoggera,30404109801,3109801,221,214
30404109802-BRI,BRISBANE,304041098,Enoggera,30404109802,3109802,337,332
30404109803-BRI,BRISBANE,304041098,Enoggera,30404109803,3109803,461,475
30404109804-RYA,RYAN,304041098,Enoggera,30404109804,3109804,499,508
30404109805-RYA,RYAN,304041098,Enoggera,30404109805,3109805,327,324
30404109806-RYA,RYAN,304041098,Enoggera,30404109806,3109806,676,714
30404109807-RYA,RYAN,304041098,Enoggera,30404109807,3109807,214,223
30404109808-RYA,RYAN,304041098,Enoggera,30404109808,3109808,577,591
30404109809-BRI,BRISBANE,304041098,Enoggera,30404109809,3109809,423,428
30404109810-RYA,RYAN,304041098,Enoggera,30404109810,3109810,259,260
30404109811-BRI,BRISBANE,304041098,Enoggera,30404109811,3109811,278,285
30404109812-BRI,BRISBANE,304041098,Enoggera,30404109812,3109812,570,598
30404109813-RYA,RYAN,304041098,Enoggera,30404109813,3109813,165,160
30404109815-RYA,RYAN,304041098,Enoggera,30404109815,3109815,353,363
30404109816-RYA,RYAN,304041098,Enoggera,30404109816,3109816,419,432
30404109817-RYA,RYAN,304041098,Enoggera,30404109817,3109817,259,267
30404109818-RYA,RYAN,304041098,Enoggera,30404109818,3109818,491,493
30404109901-RYA,RYAN,304041099,Enoggera Reservoir,30404109901,3109901,25,25
30404110001-RYA,RYAN,304041100,Keperra,30404110001,3110001,328,318
30404110002-RYA,RYAN,304041100,Keperra,30404110002,3110002,386,423
30404110003-RYA,RYAN,304041100,Keperra,30404110003,3110003,451,453
30404110004-RYA,RYAN,304041100,Keperra,30404110004,3110004,317,325
30404110005-RYA,RYAN,304041100,Keperra,30404110005,3110005,233,237
30404110006-RYA,RYAN,304041100,Keperra,30404110006,3110006,217,228
30404110007-RYA,RYAN,304041100,Keperra,30404110007,3110007,40,51
30404110008-RYA,RYAN,304041100,Keperra,30404110008,3110008,317,322
30404110009-RYA,RYAN,304041100,Keperra,30404110009,3110009,306,314
30404110010-RYA,RYAN,304041100,Keperra,30404110010,3110010,355,363
30404110011-RYA,RYAN,304041100,Keperra,30404110011,3110011,398,401
30404110012-RYA,RYAN,304041100,Keperra,30404110012,3110012,324,319
30404110013-RYA,RYAN,304041100,Keperra,30404110013,3110013,312,321
30404110014-RYA,RYAN,304041100,Keperra,30404110014,3110014,206,212
30404110015-RYA,RYAN,304041100,Keperra,30404110015,3110015,300,317
30404110016-RYA,RYAN,304041100,Keperra,30404110016,3110016,254,252
30404110017-RYA,RYAN,304041100,Keperra,30404110017,3110017,264,256
30404110018-RYA,RYAN,304041100,Keperra,30404110018,3110018,157,158
30404110019-RYA,RYAN,304041100,Keperra,30404110019,3110019,332,340
30404110101-RYA,RYAN,304041101,Mitchelton,30404110101,3110101,347,347
30404110102-RYA,RYAN,304041101,Mitchelton,30404110102,3110102,586,600
30404110103-RYA,RYAN,304041101,Mitchelton,30404110103,3110103,359,375
30404110104-RYA,RYAN,304041101,Mitchelton,30404110104,3110104,292,305
30404110105-RYA,RYAN,304041101,Mitchelton,30404110105,3110105,266,271
30404110106-RYA,RYAN,304041101,Mitchelton,30404110106,3110106,359,383
30404110107-RYA,RYAN,304041101,Mitchelton,30404110107,3110107,475,490
30404110109-RYA,RYAN,304041101,Mitchelton,30404110109,3110109,340,335
30404110110-RYA,RYAN,304041101,Mitchelton,30404110110,3110110,322,320
30404110111-RYA,RYAN,304041101,Mitchelton,30404110111,3110111,256,254
30404110112-RYA,RYAN,304041101,Mitchelton,30404110112,3110112,378,390
30404110113-RYA,RYAN,304041101,Mitchelton,30404110113,3110113,203,200
30404110114-RYA,RYAN,304041101,Mitchelton,30404110114,3110114,341,342
30404110115-RYA,RYAN,304041101,Mitchelton,30404110115,3110115,350,366
30404110116-RYA,RYAN,304041101,Mitchelton,30404110116,3110116,336,360
30404110117-RYA,RYAN,304041101,Mitchelton,30404110117,3110117,380,393
30404110118-RYA,RYAN,304041101,Mitchelton,30404110118,3110118,225,234
30404110119-RYA,RYAN,304041101,Mitchelton,30404110119,3110119,374,381
30404110120-RYA,RYAN,304041101,Mitchelton,30404110120,3110120,511,524
30404110121-RYA,RYAN,304041101,Mitchelton,30404110121,3110121,57,58
30404110122-RYA,RYAN,304041101,Mitchelton,30404110122,3110122,0,0
30404110201-RYA,RYAN,304041102,Mount Coot-tha,30404110201,3110201,0,0
30404110301-RYA,RYAN,304041103,The Gap,30404110301,3110301,137,138
30404110302-RYA,RYAN,304041103,The Gap,30404110302,3110302,296,299
30404110303-RYA,RYAN,304041103,The Gap,30404110303,3110303,470,475
30404110304-RYA,RYAN,304041103,The Gap,30404110304,3110304,345,341
30404110305-RYA,RYAN,304041103,The Gap,30404110305,3110305,256,260
30404110306-RYA,RYAN,304041103,The Gap,30404110306,3110306,432,424
30404110307-RYA,RYAN,304041103,The Gap,30404110307,3110307,252,255
30404110308-RYA,RYAN,304041103,The Gap,30404110308,3110308,371,375
30404110309-RYA,RYAN,304041103,The Gap,30404110309,3110309,407,397
30404110310-RYA,RYAN,304041103,The Gap,30404110310,3110310,265,257
30404110311-RYA,RYAN,304041103,The Gap,30404110311,3110311,425,430
30404110312-RYA,RYAN,304041103,The Gap,30404110312,3110312,224,225
30404110313-RYA,RYAN,304041103,The Gap,30404110313,3110313,393,394
30404110314-RYA,RYAN,304041103,The Gap,30404110314,3110314,312,314
30404110315-RYA,RYAN,304041103,The Gap,30404110315,3110315,234,236
30404110316-RYA,RYAN,304041103,The Gap,30404110316,3110316,282,299
30404110317-RYA,RYAN,304041103,The Gap,30404110317,3110317,290,293
30404110318-RYA,RYAN,304041103,The Gap,30404110318,3110318,285,282
30404110319-RYA,RYAN,304041103,The Gap,30404110319,3110319,300,310
30404110320-RYA,RYAN,304041103,The Gap,30404110320,3110320,319,340
30404110321-RYA,RYAN,304041103,The Gap,30404110321,3110321,205,211
30404110322-RYA,RYAN,304041103,The Gap,30404110322,3110322,273,270
30404110323-RYA,RYAN,304041103,The Gap,30404110323,3110323,315,324
30404110324-RYA,RYAN,304041103,The Gap,30404110324,3110324,264,263
30404110325-RYA,RYAN,304041103,The Gap,30404110325,3110325,332,320
30404110326-RYA,RYAN,304041103,The Gap,30404110326,3110326,209,212
30404110327-RYA,RYAN,304041103,The Gap,30404110327,3110327,328,329
30404110328-RYA,RYAN,304041103,The Gap,30404110328,3110328,389,393
30404110329-RYA,RYAN,304041103,The Gap,30404110329,3110329,303,306
30404110330-RYA,RYAN,304041103,The Gap,30404110330,3110330,222,222
30404110331-RYA,RYAN,304041103,The Gap,30404110331,3110331,419,432
30404110332-RYA,RYAN,304041103,The Gap,30404110332,3110332,313,322
30404110333-RYA,RYAN,304041103,The Gap,30404110333,3110333,408,422
30404110334-RYA,RYAN,304041103,The Gap,30404110334,3110334,405,409
30404110335-RYA,RYAN,304041103,The Gap,30404110335,3110335,457,463
30404110336-RYA,RYAN,304041103,The Gap,30404110336,3110336,358,371
30404110337-RYA,RYAN,304041103,The Gap,30404110337,3110337,258,251
30404110338-RYA,RYAN,304041103,The Gap,30404110338,3110338,457,440
30404110339-RYA,RYAN,304041103,The Gap,30404110339,3110339,371,385
30404110340-RYA,RYAN,304041103,The Gap,30404110340,3110340,193,192
30404110401-RYA,RYAN,304041104,Upper Kedron - Ferny Grove,30404110401,3110401,295,331
30404110402-RYA,RYAN,304041104,Upper Kedron - Ferny Grove,30404110402,3110402,381,399
30404110403-RYA,RYAN,304041104,Upper Kedron - Ferny Grove,30404110403,3110403,354,374
30404110404-RYA,RYAN,304041104,Upper Kedron - Ferny Grove,30404110404,3110404,366,362
30404110405-RYA,RYAN,304041104,Upper Kedron - Ferny Grove,30404110405,3110405,366,377
30404110406-RYA,RYAN,304041104,Upper Kedron - Ferny Grove,30404110406,3110406,572,603
30404110407-RYA,RYAN,304041104,Upper Kedron - Ferny Grove,30404110407,3110407,457,480
30404110408-RYA,RYAN,304041104,Upper Kedron - Ferny Grove,30404110408,3110408,399,435
30404110409-RYA,RYAN,304041104,Upper Kedron - Ferny Grove,30404110409,3110409,204,202
30404110410-RYA,RYAN,304041104,Upper Kedron - Ferny Grove,30404110410,3110410,329,350
30404110411-RYA,RYAN,304041104,Upper Kedron - Ferny Grove,30404110411,3110411,527,572
30404110412-RYA,RYAN,304041104,Upper Kedron - Ferny Grove,30404110412,3110412,259,291
30404110414-RYA,RYAN,304041104,Upper Kedron - Ferny Grove,30404110414,3110414,150,155
30404110415-RYA,RYAN,304041104,Upper Kedron - Ferny Grove,30404110415,3110415,276,298
30404110416-RYA,RYAN,304041104,Upper Kedron - Ferny Grove,30404110416,3110416,230,252
30404110417-RYA,RYAN,304041104,Upper Kedron - Ferny Grove,30404110417,3110417,339,351
30404110418-RYA,RYAN,304041104,Upper Kedron - Ferny Grove,30404110418,3110418,216,214
30404110419-RYA,RYAN,304041104,Upper Kedron - Ferny Grove,30404110419,3110419,387,383
30404110420-RYA,RYAN,304041104,Upper Kedron - Ferny Grove,30404110420,3110420,332,347
30404110421-RYA,RYAN,304041104,Upper Kedron - Ferny Grove,30404110421,3110421,262,259
30404110422-RYA,RYAN,304041104,Upper Kedron - Ferny Grove,30404110422,3110422,344,391
30404110423-RYA,RYAN,304041104,Upper Kedron - Ferny Grove,30404110423,3110423,563,590
30404110424-RYA,RYAN,304041104,Upper Kedron - Ferny Grove,30404110424,3110424,273,280
30404110425-RYA,RYAN,304041104,Upper Kedron - Ferny Grove,30404110425,3110425,276,297
30404110426-RYA,RYAN,304041104,Upper Kedron - Ferny Grove,30404110426,3110426,1,1
30404110427-RYA,RYAN,304041104,Upper Kedron - Ferny Grove,30404110427,3110427,554,584
30501110501-BRI,BRISBANE,305011105,Brisbane City,30501110501,3110501,349,406
30501110505-BRI,BRISBANE,305011105,Brisbane City,30501110505,3110505,82,93
30501110506-BRI,BRISBANE,305011105,Brisbane City,30501110506,3110506,264,307
30501110508-BRI,BRISBANE,305011105,Brisbane City,30501110508,3110508,167,188
30501110513-BRI,BRISBANE,305011105,Brisbane City,30501110513,3110513,71,82
30501110515-BRI,BRISBANE,305011105,Brisbane City,30501110515,3110515,371,416
30501110516-BRI,BRISBANE,305011105,Brisbane City,30501110516,3110516,292,328
30501110517-BRI,BRISBANE,305011105,Brisbane City,30501110517,3110517,225,257
30501110518-BRI,BRISBANE,305011105,Brisbane City,30501110518,3110518,14,14
30501110519-BRI,BRISBANE,305011105,Brisbane City,30501110519,3110519,173,202
30501110520-BRI,BRISBANE,305011105,Brisbane City,30501110520,3110520,540,557
30501110521-BRI,BRISBANE,305011105,Brisbane City,30501110521,3110521,0,0
30501110522-BRI,BRISBANE,305011105,Brisbane City,30501110522,3110522,269,305
30501110523-BRI,BRISBANE,305011105,Brisbane City,30501110523,3110523,203,226
30501110526-BRI,BRISBANE,305011105,Brisbane City,30501110526,3110526,302,363
30501110527-BRI,BRISBANE,305011105,Brisbane City,30501110527,3110527,535,639
30501110528-BRI,BRISBANE,305011105,Brisbane City,30501110528,3110528,153,175
30501110529-BRI,BRISBANE,305011105,Brisbane City,30501110529,3110529,299,331
30501110530-BRI,BRISBANE,305011105,Brisbane City,30501110530,3110530,158,177
30501110531-BRI,BRISBANE,305011105,Brisbane City,30501110531,3110531,169,198
30501110532-BRI,BRISBANE,305011105,Brisbane City,30501110532,3110532,162,190
30501110533-BRI,BRISBANE,305011105,Brisbane City,30501110533,3110533,230,262
30501110534-BRI,BRISBANE,305011105,Brisbane City,30501110534,3110534,212,219
30501110536-BRI,BRISBANE,305011105,Brisbane City,30501110536,3110536,68,79
30501110537-BRI,BRISBANE,305011105,Brisbane City,30501110537,3110537,451,521
30501110538-BRI,BRISBANE,305011105,Brisbane City,30501110538,3110538,168,207
30501110539-BRI,BRISBANE,305011105,Brisbane City,30501110539,3110539,141,170
30501110540-BRI,BRISBANE,305011105,Brisbane City,30501110540,3110540,213,238
30501110541-BRI,BRISBANE,305011105,Brisbane City,30501110541,3110541,157,180
30501110542-BRI,BRISBANE,305011105,Brisbane City,30501110542,3110542,143,165
30501110601-BRI,BRISBANE,305011106,Fortitude Valley,30501110601,3110601,88,93
30501110604-BRI,BRISBANE,305011106,Fortitude Valley,30501110604,3110604,373,409
30501110606-BRI,BRISBANE,305011106,Fortitude Valley,30501110606,3110606,390,388
30501110607-BRI,BRISBANE,305011106,Fortitude Valley,30501110607,3110607,377,392
30501110610-BRI,BRISBANE,305011106,Fortitude Valley,30501110610,3110610,348,359
30501110611-BRI,BRISBANE,305011106,Fortitude Valley,30501110611,3110611,333,377
30501110612-BRI,BRISBANE,305011106,Fortitude Valley,30501110612,3110612,359,412
30501110614-BRI,BRISBANE,305011106,Fortitude Valley,30501110614,3110614,278,305
30501110615-BRI,BRISBANE,305011106,Fortitude Valley,30501110615,3110615,391,420
30501110616-BRI,BRISBANE,305011106,Fortitude Valley,30501110616,3110616,432,468
30501110617-BRI,BRISBANE,305011106,Fortitude Valley,30501110617,3110617,376,388
30501110618-BRI,BRISBANE,305011106,Fortitude Valley,30501110618,3110618,258,257
30501110619-BRI,BRISBANE,305011106,Fortitude Valley,30501110619,3110619,601,640
30501110620-BRI,BRISBANE,305011106,Fortitude Valley,30501110620,3110620,298,323
30501110621-BRI,BRISBANE,305011106,Fortitude Valley,30501110621,3110621,199,209
30501110622-BRI,BRISBANE,305011106,Fortitude Valley,30501110622,3110622,160,169
30501110623-BRI,BRISBANE,305011106,Fortitude Valley,30501110623,3110623,262,297
30501110624-BRI,BRISBANE,305011106,Fortitude Valley,30501110624,3110624,212,221
30501110701-GRI,GRIFFITH,305011107,Highgate Hill,30501110701,3110701,342,360
30501110702-GRI,GRIFFITH,305011107,Highgate Hill,30501110702,3110702,309,339
30501110703-GRI,GRIFFITH,305011107,Highgate Hill,30501110703,3110703,413,446
30501110704-GRI,GRIFFITH,305011107,Highgate Hill,30501110704,3110704,318,329
30501110705-GRI,GRIFFITH,305011107,Highgate Hill,30501110705,3110705,240,244
30501110706-GRI,GRIFFITH,305011107,Highgate Hill,30501110706,3110706,298,309
30501110707-GRI,GRIFFITH,305011107,Highgate Hill,30501110707,3110707,537,555
30501110708-GRI,GRIFFITH,305011107,Highgate Hill,30501110708,3110708,374,398
30501110709-GRI,GRIFFITH,305011107,Highgate Hill,30501110709,3110709,296,316
30501110710-GRI,GRIFFITH,305011107,Highgate Hill,30501110710,3110710,346,372
30501110711-GRI,GRIFFITH,305011107,Highgate Hill,30501110711,3110711,337,354
30501110712-GRI,GRIFFITH,305011107,Highgate Hill,30501110712,3110712,153,163
30501110713-GRI,GRIFFITH,305011107,Highgate Hill,30501110713,3110713,190,198
30501110714-GRI,GRIFFITH,305011107,Highgate Hill,30501110714,3110714,228,243
30501110715-GRI,GRIFFITH,305011107,Highgate Hill,30501110715,3110715,329,335
30501110801-GRI,GRIFFITH,305011108,Kangaroo Point,30501110801,3110801,404,428
30501110802-GRI,GRIFFITH,305011108,Kangaroo Point,30501110802,3110802,221,244
30501110803-GRI,GRIFFITH,305011108,Kangaroo Point,30501110803,3110803,219,219
30501110804-GRI,GRIFFITH,305011108,Kangaroo Point,30501110804,3110804,228,239
30501110805-GRI,GRIFFITH,305011108,Kangaroo Point,30501110805,3110805,372,390
30501110806-GRI,GRIFFITH,305011108,Kangaroo Point,30501110806,3110806,436,469
30501110807-GRI,GRIFFITH,305011108,Kangaroo Point,30501110807,3110807,322,338
30501110810-GRI,GRIFFITH,305011108,Kangaroo Point,30501110810,3110810,494,546
30501110811-GRI,GRIFFITH,305011108,Kangaroo Point,30501110811,3110811,304,328
30501110812-GRI,GRIFFITH,305011108,Kangaroo Point,30501110812,3110812,569,642
30501110813-GRI,GRIFFITH,305011108,Kangaroo Point,30501110813,3110813,368,390
30501110814-GRI,GRIFFITH,305011108,Kangaroo Point,30501110814,3110814,498,562
30501110816-GRI,GRIFFITH,305011108,Kangaroo Point,30501110816,3110816,427,470
30501110817-GRI,GRIFFITH,305011108,Kangaroo Point,30501110817,3110817,465,510
30501110818-GRI,GRIFFITH,305011108,Kangaroo Point,30501110818,3110818,142,153
30501110819-GRI,GRIFFITH,305011108,Kangaroo Point,30501110819,3110819,239,266
30501110820-GRI,GRIFFITH,305011108,Kangaroo Point,30501110820,3110820,190,202
30501110821-GRI,GRIFFITH,305011108,Kangaroo Point,30501110821,3110821,168,177
30501110822-GRI,GRIFFITH,305011108,Kangaroo Point,30501110822,3110822,368,367
30501110823-GRI,GRIFFITH,305011108,Kangaroo Point,30501110823,3110823,265,276
30501110824-GRI,GRIFFITH,305011108,Kangaroo Point,30501110824,3110824,271,284
30501110901-BRI,BRISBANE,305011109,New Farm,30501110901,3110901,208,207
30501110902-BRI,BRISBANE,305011109,New Farm,30501110902,3110902,356,375
30501110903-BRI,BRISBANE,305011109,New Farm,30501110903,3110903,322,325
30501110904-BRI,BRISBANE,305011109,New Farm,30501110904,3110904,221,229
30501110905-BRI,BRISBANE,305011109,New Farm,30501110905,3110905,255,274
30501110906-BRI,BRISBANE,305011109,New Farm,30501110906,3110906,250,264
30501110907-BRI,BRISBANE,305011109,New Farm,30501110907,3110907,238,241
30501110908-BRI,BRISBANE,305011109,New Farm,30501110908,3110908,313,317
30501110909-BRI,BRISBANE,305011109,New Farm,30501110909,3110909,207,213
30501110910-BRI,BRISBANE,305011109,New Farm,30501110910,3110910,517,504
30501110911-BRI,BRISBANE,305011109,New Farm,30501110911,3110911,202,208
30501110912-BRI,BRISBANE,305011109,New Farm,30501110912,3110912,227,236
30501110913-BRI,BRISBANE,305011109,New Farm,30501110913,3110913,298,314
30501110914-BRI,BRISBANE,305011109,New Farm,30501110914,3110914,349,371
30501110915-BRI,BRISBANE,305011109,New Farm,30501110915,3110915,403,407
30501110916-BRI,BRISBANE,305011109,New Farm,30501110916,3110916,186,198
30501110917-BRI,BRISBANE,305011109,New Farm,30501110917,3110917,424,433
30501110918-BRI,BRISBANE,305011109,New Farm,30501110918,3110918,450,450
30501110919-BRI,BRISBANE,305011109,New Farm,30501110919,3110919,371,375
30501110920-BRI,BRISBANE,305011109,New Farm,30501110920,3110920,157,162
30501110921-BRI,BRISBANE,305011109,New Farm,30501110921,3110921,410,415
30501110922-BRI,BRISBANE,305011109,New Farm,30501110922,3110922,268,261
30501110923-BRI,BRISBANE,305011109,New Farm,30501110923,3110923,343,363
30501110924-BRI,BRISBANE,305011109,New Farm,30501110924,3110924,249,259
30501110925-BRI,BRISBANE,305011109,New Farm,30501110925,3110925,224,224
30501110926-BRI,BRISBANE,305011109,New Farm,30501110926,3110926,263,280
30501110927-BRI,BRISBANE,305011109,New Farm,30501110927,3110927,133,139
30501110928-BRI,BRISBANE,305011109,New Farm,30501110928,3110928,396,416
30501110929-BRI,BRISBANE,305011109,New Farm,30501110929,3110929,427,428
30501110930-BRI,BRISBANE,305011109,New Farm,30501110930,3110930,314,337
30501110931-BRI,BRISBANE,305011109,New Farm,30501110931,3110931,248,258
30501111001-GRI,GRIFFITH,305011110,South Brisbane,30501111001,3111001,73,84
30501111002-GRI,GRIFFITH,305011110,South Brisbane,30501111002,3111002,317,358
30501111008-GRI,GRIFFITH,305011110,South Brisbane,30501111008,3111008,296,318
30501111010-GRI,GRIFFITH,305011110,South Brisbane,30501111010,3111010,335,361
30501111011-GRI,GRIFFITH,305011110,South Brisbane,30501111011,3111011,339,384
30501111013-GRI,GRIFFITH,305011110,South Brisbane,30501111013,3111013,324,357
30501111014-GRI,GRIFFITH,305011110,South Brisbane,30501111014,3111014,157,180
30501111019-GRI,GRIFFITH,305011110,South Brisbane,30501111019,3111019,192,205
30501111020-GRI,GRIFFITH,305011110,South Brisbane,30501111020,3111020,487,527
30501111021-GRI,GRIFFITH,305011110,South Brisbane,30501111021,3111021,90,96
30501111022-GRI,GRIFFITH,305011110,South Brisbane,30501111022,3111022,98,111
30501111023-GRI,GRIFFITH,305011110,South Brisbane,30501111023,3111023,232,252
30501111024-GRI,GRIFFITH,305011110,South Brisbane,30501111024,3111024,140,152
30501111025-GRI,GRIFFITH,305011110,South Brisbane,30501111025,3111025,307,328
30501111026-GRI,GRIFFITH,305011110,South Brisbane,30501111026,3111026,211,232
30501111027-GRI,GRIFFITH,305011110,South Brisbane,30501111027,3111027,322,354
30501111028-GRI,GRIFFITH,305011110,South Brisbane,30501111028,3111028,144,157
30501111029-GRI,GRIFFITH,305011110,South Brisbane,30501111029,3111029,166,179
30501111030-GRI,GRIFFITH,305011110,South Brisbane,30501111030,3111030,53,58
30501111031-GRI,GRIFFITH,305011110,South Brisbane,30501111031,3111031,264,288
30501111032-GRI,GRIFFITH,305011110,South Brisbane,30501111032,3111032,159,178
30501111033-GRI,GRIFFITH,305011110,South Brisbane,30501111033,3111033,112,120
30501111034-GRI,GRIFFITH,305011110,South Brisbane,30501111034,3111034,125,137
30501111035-GRI,GRIFFITH,305011110,South Brisbane,30501111035,3111035,357,389
30501111036-GRI,GRIFFITH,305011110,South Brisbane,30501111036,3111036,176,194
30501111037-GRI,GRIFFITH,305011110,South Brisbane,30501111037,3111037,365,389
30501111038-GRI,GRIFFITH,305011110,South Brisbane,30501111038,3111038,131,140
30501111039-GRI,GRIFFITH,305011110,South Brisbane,30501111039,3111039,192,209
30501111040-GRI,GRIFFITH,305011110,South Brisbane,30501111040,3111040,285,308
30501111041-GRI,GRIFFITH,305011110,South Brisbane,30501111041,3111041,257,278
30501111101-BRI,BRISBANE,305011111,Spring Hill,30501111101,3111101,192,195
30501111102-BRI,BRISBANE,305011111,Spring Hill,30501111102,3111102,262,284
30501111103-BRI,BRISBANE,305011111,Spring Hill,30501111103,3111103,247,265
30501111104-BRI,BRISBANE,305011111,Spring Hill,30501111104,3111104,95,106
30501111105-BRI,BRISBANE,305011111,Spring Hill,30501111105,3111105,170,189
30501111106-BRI,BRISBANE,305011111,Spring Hill,30501111106,3111106,223,249
30501111107-BRI,BRISBANE,305011111,Spring Hill,30501111107,3111107,357,394
30501111108-BRI,BRISBANE,305011111,Spring Hill,30501111108,3111108,252,275
30501111109-BRI,BRISBANE,305011111,Spring Hill,30501111109,3111109,312,342
30501111110-BRI,BRISBANE,305011111,Spring Hill,30501111110,3111110,310,315
30501111111-BRI,BRISBANE,305011111,Spring Hill,30501111111,3111111,312,352
30501111112-BRI,BRISBANE,305011111,Spring Hill,30501111112,3111112,351,384
30501111114-BRI,BRISBANE,305011111,Spring Hill,30501111114,3111114,156,173
30501111115-BRI,BRISBANE,305011111,Spring Hill,30501111115,3111115,109,129
30501111202-GRI,GRIFFITH,305011112,West End,30501111202,3111202,199,222
30501111204-GRI,GRIFFITH,305011112,West End,30501111204,3111204,262,304
30501111205-GRI,GRIFFITH,305011112,West End,30501111205,3111205,217,269
30501111206-GRI,GRIFFITH,305011112,West End,30501111206,3111206,383,429
30501111207-GRI,GRIFFITH,305011112,West End,30501111207,3111207,201,213
30501111208-GRI,GRIFFITH,305011112,West End,30501111208,3111208,273,282
30501111209-GRI,GRIFFITH,305011112,West End,30501111209,3111209,310,320
30501111210-GRI,GRIFFITH,305011112,West End,30501111210,3111210,294,308
30501111211-GRI,GRIFFITH,305011112,West End,30501111211,3111211,399,456
30501111212-GRI,GRIFFITH,305011112,West End,30501111212,3111212,405,418
30501111213-GRI,GRIFFITH,305011112,West End,30501111213,3111213,257,265
30501111215-GRI,GRIFFITH,305011112,West End,30501111215,3111215,362,396
30501111216-GRI,GRIFFITH,305011112,West End,30501111216,3111216,324,353
30501111217-GRI,GRIFFITH,305011112,West End,30501111217,3111217,365,399
30501111218-GRI,GRIFFITH,305011112,West End,30501111218,3111218,170,188
30501111221-GRI,GRIFFITH,305011112,West End,30501111221,3111221,477,557
30501111222-GRI,GRIFFITH,305011112,West End,30501111222,3111222,193,211
30501111224-GRI,GRIFFITH,305011112,West End,30501111224,3111224,339,385
30501111225-GRI,GRIFFITH,305011112,West End,30501111225,3111225,310,376
30501111226-GRI,GRIFFITH,305011112,West End,30501111226,3111226,236,262
30501111227-GRI,GRIFFITH,305011112,West End,30501111227,3111227,302,347
30501111228-GRI,GRIFFITH,305011112,West End,30501111228,3111228,234,264
30501111229-GRI,GRIFFITH,305011112,West End,30501111229,3111229,300,327
30501111230-GRI,GRIFFITH,305011112,West End,30501111230,3111230,341,395
30501111231-GRI,GRIFFITH,305011112,West End,30501111231,3111231,635,713
30501111232-GRI,GRIFFITH,305011112,West End,30501111232,3111232,387,439
30501111233-GRI,GRIFFITH,305011112,West End,30501111233,3111233,375,437
30501111234-GRI,GRIFFITH,305011112,West End,30501111234,3111234,385,432
30501111235-GRI,GRIFFITH,305011112,West End,30501111235,3111235,205,227
30501111236-GRI,GRIFFITH,305011112,West End,30501111236,3111236,460,498
30501111237-GRI,GRIFFITH,305011112,West End,30501111237,3111237,464,486
30501111238-GRI,GRIFFITH,305011112,West End,30501111238,3111238,282,302
30501111239-GRI,GRIFFITH,305011112,West End,30501111239,3111239,284,293
30502111301-GRI,GRIFFITH,305021113,Balmoral,30502111301,3111301,283,296
30502111302-GRI,GRIFFITH,305021113,Balmoral,30502111302,3111302,457,465
30502111303-GRI,GRIFFITH,305021113,Balmoral,30502111303,3111303,342,356
30502111304-GRI,GRIFFITH,305021113,Balmoral,30502111304,3111304,322,311
30502111305-GRI,GRIFFITH,305021113,Balmoral,30502111305,3111305,303,307
30502111306-GRI,GRIFFITH,305021113,Balmoral,30502111306,3111306,395,395
30502111307-GRI,GRIFFITH,305021113,Balmoral,30502111307,3111307,335,354
30502111308-GRI,GRIFFITH,305021113,Balmoral,30502111308,3111308,283,281
30502111309-GRI,GRIFFITH,305021113,Balmoral,30502111309,3111309,244,252
30502111310-GRI,GRIFFITH,305021113,Balmoral,30502111310,3111310,304,297
30502111401-GRI,GRIFFITH,305021114,Bulimba,30502111401,3111401,238,232
30502111402-GRI,GRIFFITH,305021114,Bulimba,30502111402,3111402,334,339
30502111403-GRI,GRIFFITH,305021114,Bulimba,30502111403,3111403,428,438
30502111404-GRI,GRIFFITH,305021114,Bulimba,30502111404,3111404,748,817
30502111405-GRI,GRIFFITH,305021114,Bulimba,30502111405,3111405,274,282
30502111406-GRI,GRIFFITH,305021114,Bulimba,30502111406,3111406,335,349
30502111407-GRI,GRIFFITH,305021114,Bulimba,30502111407,3111407,450,458
30502111408-GRI,GRIFFITH,305021114,Bulimba,30502111408,3111408,320,341
30502111409-GRI,GRIFFITH,305021114,Bulimba,30502111409,3111409,703,722
30502111410-GRI,GRIFFITH,305021114,Bulimba,30502111410,3111410,544,542
30502111411-GRI,GRIFFITH,305021114,Bulimba,30502111411,3111411,397,398
30502111412-GRI,GRIFFITH,305021114,Bulimba,30502111412,3111412,347,338
30502111413-GRI,GRIFFITH,305021114,Bulimba,30502111413,3111413,280,289
30502111501-GRI,GRIFFITH,305021115,East Brisbane,30502111501,3111501,232,238
30502111502-GRI,GRIFFITH,305021115,East Brisbane,30502111502,3111502,257,272
30502111503-GRI,GRIFFITH,305021115,East Brisbane,30502111503,3111503,272,298
30502111504-GRI,GRIFFITH,305021115,East Brisbane,30502111504,3111504,311,321
30502111506-GRI,GRIFFITH,305021115,East Brisbane,30502111506,3111506,233,247
30502111507-GRI,GRIFFITH,305021115,East Brisbane,30502111507,3111507,433,460
30502111508-GRI,GRIFFITH,305021115,East Brisbane,30502111508,3111508,370,362
30502111510-GRI,GRIFFITH,305021115,East Brisbane,30502111510,3111510,311,320
30502111511-GRI,GRIFFITH,305021115,East Brisbane,30502111511,3111511,211,223
30502111512-GRI,GRIFFITH,305021115,East Brisbane,30502111512,3111512,326,337
30502111513-GRI,GRIFFITH,305021115,East Brisbane,30502111513,3111513,291,285
30502111514-GRI,GRIFFITH,305021115,East Brisbane,30502111514,3111514,246,251
30502111515-GRI,GRIFFITH,305021115,East Brisbane,30502111515,3111515,107,111
30502111516-GRI,GRIFFITH,305021115,East Brisbane,30502111516,3111516,166,172
30502111517-GRI,GRIFFITH,305021115,East Brisbane,30502111517,3111517,263,257
30502111518-GRI,GRIFFITH,305021115,East Brisbane,30502111518,3111518,151,162
30502111601-GRI,GRIFFITH,305021116,Hawthorne,30502111601,3111601,219,219
30502111602-GRI,GRIFFITH,305021116,Hawthorne,30502111602,3111602,334,348
30502111603-GRI,GRIFFITH,305021116,Hawthorne,30502111603,3111603,198,207
30502111604-GRI,GRIFFITH,305021116,Hawthorne,30502111604,3111604,435,445
30502111605-GRI,GRIFFITH,305021116,Hawthorne,30502111605,3111605,299,291
30502111606-GRI,GRIFFITH,305021116,Hawthorne,30502111606,3111606,372,368
30502111607-GRI,GRIFFITH,305021116,Hawthorne,30502111607,3111607,412,435
30502111608-GRI,GRIFFITH,305021116,Hawthorne,30502111608,3111608,554,554
30502111609-GRI,GRIFFITH,305021116,Hawthorne,30502111609,3111609,163,173
30502111610-GRI,GRIFFITH,305021116,Hawthorne,30502111610,3111610,447,476
30502111611-GRI,GRIFFITH,305021116,Hawthorne,30502111611,3111611,457,474
30502111701-GRI,GRIFFITH,305021117,Morningside - Seven Hills,30502111701,3111701,229,239
30502111702-GRI,GRIFFITH,305021117,Morningside - Seven Hills,30502111702,3111702,223,244
30502111703-GRI,GRIFFITH,305021117,Morningside - Seven Hills,30502111703,3111703,168,173
30502111704-GRI,GRIFFITH,305021117,Morningside - Seven Hills,30502111704,3111704,445,466
30502111705-GRI,GRIFFITH,305021117,Morningside - Seven Hills,30502111705,3111705,542,559
30502111706-GRI,GRIFFITH,305021117,Morningside - Seven Hills,30502111706,3111706,249,245
30502111707-GRI,GRIFFITH,305021117,Morningside - Seven Hills,30502111707,3111707,460,465
30502111708-GRI,GRIFFITH,305021117,Morningside - Seven Hills,30502111708,3111708,9,9
30502111709-GRI,GRIFFITH,305021117,Morningside - Seven Hills,30502111709,3111709,233,246
30502111710-GRI,GRIFFITH,305021117,Morningside - Seven Hills,30502111710,3111710,349,364
30502111711-GRI,GRIFFITH,305021117,Morningside - Seven Hills,30502111711,3111711,314,331
30502111712-GRI,GRIFFITH,305021117,Morningside - Seven Hills,30502111712,3111712,268,288
30502111713-GRI,GRIFFITH,305021117,Morningside - Seven Hills,30502111713,3111713,242,238
30502111714-GRI,GRIFFITH,305021117,Morningside - Seven Hills,30502111714,3111714,370,392
30502111715-GRI,GRIFFITH,305021117,Morningside - Seven Hills,30502111715,3111715,550,611
30502111717-GRI,GRIFFITH,305021117,Morningside - Seven Hills,30502111717,3111717,309,333
30502111718-GRI,GRIFFITH,305021117,Morningside - Seven Hills,30502111718,3111718,345,360
30502111719-GRI,GRIFFITH,305021117,Morningside - Seven Hills,30502111719,3111719,417,436
30502111720-GRI,GRIFFITH,305021117,Morningside - Seven Hills,30502111720,3111720,399,421
30502111721-GRI,GRIFFITH,305021117,Morningside - Seven Hills,30502111721,3111721,275,285
30502111722-GRI,GRIFFITH,305021117,Morningside - Seven Hills,30502111722,3111722,0,0
30502111723-GRI,GRIFFITH,305021117,Morningside - Seven Hills,30502111723,3111723,331,353
30502111724-GRI,GRIFFITH,305021117,Morningside - Seven Hills,30502111724,3111724,314,338
30502111725-GRI,GRIFFITH,305021117,Morningside - Seven Hills,30502111725,3111725,243,250
30502111726-GRI,GRIFFITH,305021117,Morningside - Seven Hills,30502111726,3111726,214,233
30502111727-GRI,GRIFFITH,305021117,Morningside - Seven Hills,30502111727,3111727,429,423
30502111728-GRI,GRIFFITH,305021117,Morningside - Seven Hills,30502111728,3111728,333,346
30502111729-GRI,GRIFFITH,305021117,Morningside - Seven Hills,30502111729,3111729,0,0
30502111730-GRI,GRIFFITH,305021117,Morningside - Seven Hills,30502111730,3111730,281,309
30502111731-GRI,GRIFFITH,305021117,Morningside - Seven Hills,30502111731,3111731,352,375
30502111732-GRI,GRIFFITH,305021117,Morningside - Seven Hills,30502111732,3111732,408,446
30502111733-GRI,GRIFFITH,305021117,Morningside - Seven Hills,30502111733,3111733,262,258
30502111734-GRI,GRIFFITH,305021117,Morningside - Seven Hills,30502111734,3111734,563,591
30502111735-GRI,GRIFFITH,305021117,Morningside - Seven Hills,30502111735,3111735,265,278
30502111801-GRI,GRIFFITH,305021118,Norman Park,30502111801,3111801,121,117
30502111802-GRI,GRIFFITH,305021118,Norman Park,30502111802,3111802,203,195
30502111803-GRI,GRIFFITH,305021118,Norman Park,30502111803,3111803,451,457
30502111804-GRI,GRIFFITH,305021118,Norman Park,30502111804,3111804,360,361
30502111805-GRI,GRIFFITH,305021118,Norman Park,30502111805,3111805,314,322
30502111806-GRI,GRIFFITH,305021118,Norman Park,30502111806,3111806,470,466
30502111807-GRI,GRIFFITH,305021118,Norman Park,30502111807,3111807,269,259
30502111808-GRI,GRIFFITH,305021118,Norman Park,30502111808,3111808,344,355
30502111809-GRI,GRIFFITH,305021118,Norman Park,30502111809,3111809,484,500
30502111810-GRI,GRIFFITH,305021118,Norman Park,30502111810,3111810,426,439
30502111811-GRI,GRIFFITH,305021118,Norman Park,30502111811,3111811,398,383
30502111812-GRI,GRIFFITH,305021118,Norman Park,30502111812,3111812,379,371
30502111813-GRI,GRIFFITH,305021118,Norman Park,30502111813,3111813,215,226
30502111814-GRI,GRIFFITH,305021118,Norman Park,30502111814,3111814,468,457
30502111815-GRI,GRIFFITH,305021118,Norman Park,30502111815,3111815,215,220
30503111901-BRI,BRISBANE,305031119,Albion,30503111901,3111901,0,0
30503111905-BRI,BRISBANE,305031119,Albion,30503111905,3111905,245,245
30503111906-BRI,BRISBANE,305031119,Albion,30503111906,3111906,257,272
30503111909-BRI,BRISBANE,305031119,Albion,30503111909,3111909,469,469
30503111910-BRI,BRISBANE,305031119,Albion,30503111910,3111910,0,0
30503111911-BRI,BRISBANE,305031119,Albion,30503111911,3111911,196,196
30503111912-BRI,BRISBANE,305031119,Albion,30503111912,3111912,162,180
30503111913-BRI,BRISBANE,305031119,Albion,30503111913,3111913,384,412
30503111914-BRI,BRISBANE,305031119,Albion,30503111914,3111914,334,356
30503111915-BRI,BRISBANE,305031119,Albion,30503111915,3111915,172,187
30503111916-BRI,BRISBANE,305031119,Albion,30503111916,3111916,364,386
30503111917-BRI,BRISBANE,305031119,Albion,30503111917,3111917,185,195
30503111918-BRI,BRISBANE,305031119,Albion,30503111918,3111918,384,400
30503112001-BRI,BRISBANE,305031120,Alderley,30503112001,3112001,308,320
30503112002-BRI,BRISBANE,305031120,Alderley,30503112002,3112002,215,226
30503112003-BRI,BRISBANE,305031120,Alderley,30503112003,3112003,264,278
30503112004-BRI,BRISBANE,305031120,Alderley,30503112004,3112004,383,379
30503112005-BRI,BRISBANE,305031120,Alderley,30503112005,3112005,500,540
30503112006-BRI,BRISBANE,305031120,Alderley,30503112006,3112006,418,430
30503112007-BRI,BRISBANE,305031120,Alderley,30503112007,3112007,523,543
30503112008-BRI,BRISBANE,305031120,Alderley,30503112008,3112008,260,278
30503112009-BRI,BRISBANE,305031120,Alderley,30503112009,3112009,290,294
30503112010-BRI,BRISBANE,305031120,Alderley,30503112010,3112010,318,330
30503112011-BRI,BRISBANE,305031120,Alderley,30503112011,3112011,459,467
30503112012-BRI,BRISBANE,305031120,Alderley,30503112012,3112012,339,349
30503112013-BRI,BRISBANE,305031120,Alderley,30503112013,3112013,201,211
30503112014-BRI,BRISBANE,305031120,Alderley,30503112014,3112014,0,0
30503112015-BRI,BRISBANE,305031120,Alderley,30503112015,3112015,222,226
30503112016-BRI,BRISBANE,305031120,Alderley,30503112016,3112016,327,331
30503112101-BRI,BRISBANE,305031121,Ascot,30503112101,3112101,257,276
30503112102-BRI,BRISBANE,305031121,Ascot,30503112102,3112102,367,381
30503112103-BRI,BRISBANE,305031121,Ascot,30503112103,3112103,329,345
30503112104-BRI,BRISBANE,305031121,Ascot,30503112104,3112104,426,452
30503112105-BRI,BRISBANE,305031121,Ascot,30503112105,3112105,355,362
30503112106-BRI,BRISBANE,305031121,Ascot,30503112106,3112106,435,457
30503112107-BRI,BRISBANE,305031121,Ascot,30503112107,3112107,486,506
30503112108-BRI,BRISBANE,305031121,Ascot,30503112108,3112108,229,234
30503112109-BRI,BRISBANE,305031121,Ascot,30503112109,3112109,516,544
30503112110-BRI,BRISBANE,305031121,Ascot,30503112110,3112110,340,349
30503112111-BRI,BRISBANE,305031121,Ascot,30503112111,3112111,450,455
30503112112-BRI,BRISBANE,305031121,Ascot,30503112112,3112112,489,479
30503112201-BRI,BRISBANE,305031122,Clayfield,30503112201,3112201,489,479
30503112202-BRI,BRISBANE,305031122,Clayfield,30503112202,3112202,434,426
30503112203-BRI,BRISBANE,305031122,Clayfield,30503112203,3112203,439,441
30503112204-BRI,BRISBANE,305031122,Clayfield,30503112204,3112204,293,306
30503112205-BRI,BRISBANE,305031122,Clayfield,30503112205,3112205,253,260
30503112206-BRI,BRISBANE,305031122,Clayfield,30503112206,3112206,237,238
30503112207-BRI,BRISBANE,305031122,Clayfield,30503112207,3112207,407,423
30503112208-BRI,BRISBANE,305031122,Clayfield,30503112208,3112208,261,272
30503112209-BRI,BRISBANE,305031122,Clayfield,30503112209,3112209,169,173
30503112210-BRI,BRISBANE,305031122,Clayfield,30503112210,3112210,144,154
30503112211-BRI,BRISBANE,305031122,Clayfield,30503112211,3112211,340,352
30503112212-BRI,BRISBANE,305031122,Clayfield,30503112212,3112212,314,322
30503112213-BRI,BRISBANE,305031122,Clayfield,30503112213,3112213,339,337
30503112214-BRI,BRISBANE,305031122,Clayfield,30503112214,3112214,393,389
30503112215-BRI,BRISBANE,305031122,Clayfield,30503112215,3112215,495,479
30503112216-BRI,BRISBANE,305031122,Clayfield,30503112216,3112216,349,367
30503112217-BRI,BRISBANE,305031122,Clayfield,30503112217,3112217,350,363
30503112218-BRI,BRISBANE,305031122,Clayfield,30503112218,3112218,284,291
30503112219-BRI,BRISBANE,305031122,Clayfield,30503112219,3112219,331,339
30503112220-BRI,BRISBANE,305031122,Clayfield,30503112220,3112220,270,265
30503112221-BRI,BRISBANE,305031122,Clayfield,30503112221,3112221,221,224
30503112222-BRI,BRISBANE,305031122,Clayfield,30503112222,3112222,320,330
30503112223-BRI,BRISBANE,305031122,Clayfield,30503112223,3112223,333,346
30503112224-BRI,BRISBANE,305031122,Clayfield,30503112224,3112224,329,329
30503112301-BRI,BRISBANE,305031123,Grange,30503112301,3112301,437,436
30503112302-BRI,BRISBANE,305031123,Grange,30503112302,3112302,430,430
30503112303-BRI,BRISBANE,305031123,Grange,30503112303,3112303,302,296
30503112304-BRI,BRISBANE,305031123,Grange,30503112304,3112304,162,163
30503112305-BRI,BRISBANE,305031123,Grange,30503112305,3112305,243,245
30503112306-BRI,BRISBANE,305031123,Grange,30503112306,3112306,317,319
30503112307-BRI,BRISBANE,305031123,Grange,30503112307,3112307,456,464
30503112308-BRI,BRISBANE,305031123,Grange,30503112308,3112308,342,353
30503112309-BRI,BRISBANE,305031123,Grange,30503112309,3112309,355,374
30503112310-BRI,BRISBANE,305031123,Grange,30503112310,3112310,236,240
30503112401-BRI,BRISBANE,305031124,Hamilton (Qld),30503112401,3112401,199,205
30503112402-BRI,BRISBANE,305031124,Hamilton (Qld),30503112402,3112402,412,415
30503112403-BRI,BRISBANE,305031124,Hamilton (Qld),30503112403,3112403,232,248
30503112405-BRI,BRISBANE,305031124,Hamilton (Qld),30503112405,3112405,382,400
30503112406-BRI,BRISBANE,305031124,Hamilton (Qld),30503112406,3112406,411,432
30503112407-BRI,BRISBANE,305031124,Hamilton (Qld),30503112407,3112407,513,520
30503112408-BRI,BRISBANE,305031124,Hamilton (Qld),30503112408,3112408,429,445
30503112409-BRI,BRISBANE,305031124,Hamilton (Qld),30503112409,3112409,340,354
30503112410-BRI,BRISBANE,305031124,Hamilton (Qld),30503112410,3112410,170,178
30503112411-BRI,BRISBANE,305031124,Hamilton (Qld),30503112411,3112411,335,345
30503112412-BRI,BRISBANE,305031124,Hamilton (Qld),30503112412,3112412,157,167
30503112413-BRI,BRISBANE,305031124,Hamilton (Qld),30503112413,3112413,89,96
30503112414-BRI,BRISBANE,305031124,Hamilton (Qld),30503112414,3112414,355,347
30503112415-BRI,BRISBANE,305031124,Hamilton (Qld),30503112415,3112415,202,204
30503112416-BRI,BRISBANE,305031124,Hamilton (Qld),30503112416,3112416,201,209
30503112417-BRI,BRISBANE,305031124,Hamilton (Qld),30503112417,3112417,442,432
30503112418-BRI,BRISBANE,305031124,Hamilton (Qld),30503112418,3112418,245,249
30503112501-BRI,BRISBANE,305031125,Hendra,30503112501,3112501,202,204
30503112502-BRI,BRISBANE,305031125,Hendra,30503112502,3112502,547,523
30503112503-BRI,BRISBANE,305031125,Hendra,30503112503,3112503,317,328
30503112504-BRI,BRISBANE,305031125,Hendra,30503112504,3112504,283,273
30503112505-BRI,BRISBANE,305031125,Hendra,30503112505,3112505,1,1
30503112506-BRI,BRISBANE,305031125,Hendra,30503112506,3112506,253,253
30503112507-BRI,BRISBANE,305031125,Hendra,30503112507,3112507,268,267
30503112508-BRI,BRISBANE,305031125,Hendra,30503112508,3112508,409,411
30503112509-BRI,BRISBANE,305031125,Hendra,30503112509,3112509,182,175
30503112510-BRI,BRISBANE,305031125,Hendra,30503112510,3112510,223,226
30503112511-BRI,BRISBANE,305031125,Hendra,30503112511,3112511,320,308
30503112512-BRI,BRISBANE,305031125,Hendra,30503112512,3112512,283,270
30503112513-BRI,BRISBANE,305031125,Hendra,30503112513,3112513,412,422
30503112601-BRI,BRISBANE,305031126,Kelvin Grove - Herston,30503112601,3112601,241,269
30503112602-BRI,BRISBANE,305031126,Kelvin Grove - Herston,30503112602,3112602,426,462
30503112603-BRI,BRISBANE,305031126,Kelvin Grove - Herston,30503112603,3112603,264,285
30503112604-BRI,BRISBANE,305031126,Kelvin Grove - Herston,30503112604,3112604,369,388
30503112605-BRI,BRISBANE,305031126,Kelvin Grove - Herston,30503112605,3112605,449,469
30503112606-BRI,BRISBANE,305031126,Kelvin Grove - Herston,30503112606,3112606,233,261
30503112607-BRI,BRISBANE,305031126,Kelvin Grove - Herston,30503112607,3112607,171,193
30503112608-BRI,BRISBANE,305031126,Kelvin Grove - Herston,30503112608,3112608,384,415
30503112609-BRI,BRISBANE,305031126,Kelvin Grove - Herston,30503112609,3112609,229,247
30503112610-BRI,BRISBANE,305031126,Kelvin Grove - Herston,30503112610,3112610,289,320
30503112611-BRI,BRISBANE,305031126,Kelvin Grove - Herston,30503112611,3112611,324,347
30503112612-BRI,BRISBANE,305031126,Kelvin Grove - Herston,30503112612,3112612,290,289
30503112613-BRI,BRISBANE,305031126,Kelvin Grove - Herston,30503112613,3112613,316,334
30503112614-BRI,BRISBANE,305031126,Kelvin Grove - Herston,30503112614,3112614,350,393
30503112616-BRI,BRISBANE,305031126,Kelvin Grove - Herston,30503112616,3112616,0,0
30503112618-BRI,BRISBANE,305031126,Kelvin Grove - Herston,30503112618,3112618,183,201
30503112619-BRI,BRISBANE,305031126,Kelvin Grove - Herston,30503112619,3112619,153,173
30503112620-BRI,BRISBANE,305031126,Kelvin Grove - Herston,30503112620,3112620,0,0
30503112621-BRI,BRISBANE,305031126,Kelvin Grove - Herston,30503112621,3112621,77,83
30503112622-BRI,BRISBANE,305031126,Kelvin Grove - Herston,30503112622,3112622,302,315
30503112623-BRI,BRISBANE,305031126,Kelvin Grove - Herston,30503112623,3112623,97,102
30503112625-BRI,BRISBANE,305031126,Kelvin Grove - Herston,30503112625,3112625,138,155
30503112626-BRI,BRISBANE,305031126,Kelvin Grove - Herston,30503112626,3112626,184,199
30503112627-BRI,BRISBANE,305031126,Kelvin Grove - Herston,30503112627,3112627,189,189
30503112628-BRI,BRISBANE,305031126,Kelvin Grove - Herston,30503112628,3112628,215,215
30503112701-BRI,BRISBANE,305031127,Newmarket,30503112701,3112701,481,502
30503112702-BRI,BRISBANE,305031127,Newmarket,30503112702,3112702,344,361
30503112703-BRI,BRISBANE,305031127,Newmarket,30503112703,3112703,436,451
30503112704-BRI,BRISBANE,305031127,Newmarket,30503112704,3112704,526,549
30503112705-BRI,BRISBANE,305031127,Newmarket,30503112705,3112705,233,227
30503112706-BRI,BRISBANE,305031127,Newmarket,30503112706,3112706,511,519
30503112707-BRI,BRISBANE,305031127,Newmarket,30503112707,3112707,141,142
30503112708-BRI,BRISBANE,305031127,Newmarket,30503112708,3112708,304,306
30503112709-BRI,BRISBANE,305031127,Newmarket,30503112709,3112709,261,267
30503112710-BRI,BRISBANE,305031127,Newmarket,30503112710,3112710,358,381
30503112801-BRI,BRISBANE,305031128,Newstead - Bowen Hills,30503112801,3112801,413,438
30503112802-BRI,BRISBANE,305031128,Newstead - Bowen Hills,30503112802,3112802,598,621
30503112804-BRI,BRISBANE,305031128,Newstead - Bowen Hills,30503112804,3112804,329,329
30503112806-BRI,BRISBANE,305031128,Newstead - Bowen Hills,30503112806,3112806,344,375
30503112807-BRI,BRISBANE,305031128,Newstead - Bowen Hills,30503112807,3112807,311,336
30503112808-BRI,BRISBANE,305031128,Newstead - Bowen Hills,30503112808,3112808,463,508
30503112809-BRI,BRISBANE,305031128,Newstead - Bowen Hills,30503112809,3112809,171,184
30503112810-BRI,BRISBANE,305031128,Newstead - Bowen Hills,30503112810,3112810,15,19
30503112813-BRI,BRISBANE,305031128,Newstead - Bowen Hills,30503112813,3112813,252,273
30503112814-BRI,BRISBANE,305031128,Newstead - Bowen Hills,30503112814,3112814,237,262
30503112815-BRI,BRISBANE,305031128,Newstead - Bowen Hills,30503112815,3112815,329,329
30503112816-BRI,BRISBANE,305031128,Newstead - Bowen Hills,30503112816,3112816,217,232
30503112817-BRI,BRISBANE,305031128,Newstead - Bowen Hills,30503112817,3112817,174,183
30503112818-BRI,BRISBANE,305031128,Newstead - Bowen Hills,30503112818,3112818,573,605
30503112819-BRI,BRISBANE,305031128,Newstead - Bowen Hills,30503112819,3112819,270,275
30503112820-BRI,BRISBANE,305031128,Newstead - Bowen Hills,30503112820,3112820,290,307
30503112821-BRI,BRISBANE,305031128,Newstead - Bowen Hills,30503112821,3112821,364,392
30503112822-BRI,BRISBANE,305031128,Newstead - Bowen Hills,30503112822,3112822,323,338
30503112823-BRI,BRISBANE,305031128,Newstead - Bowen Hills,30503112823,3112823,304,326
30503112824-BRI,BRISBANE,305031128,Newstead - Bowen Hills,30503112824,3112824,338,338
30503112825-BRI,BRISBANE,305031128,Newstead - Bowen Hills,30503112825,3112825,501,556
30503112826-BRI,BRISBANE,305031128,Newstead - Bowen Hills,30503112826,3112826,473,509
30503112827-BRI,BRISBANE,305031128,Newstead - Bowen Hills,30503112827,3112827,189,194
30503112828-BRI,BRISBANE,305031128,Newstead - Bowen Hills,30503112828,3112828,666,740
30503112829-BRI,BRISBANE,305031128,Newstead - Bowen Hills,30503112829,3112829,295,295
30503112830-BRI,BRISBANE,305031128,Newstead - Bowen Hills,30503112830,3112830,316,336
30503112831-BRI,BRISBANE,305031128,Newstead - Bowen Hills,30503112831,3112831,422,440
30503112832-BRI,BRISBANE,305031128,Newstead - Bowen Hills,30503112832,3112832,160,171
30503112833-BRI,BRISBANE,305031128,Newstead - Bowen Hills,30503112833,3112833,412,442
30503112834-BRI,BRISBANE,305031128,Newstead - Bowen Hills,30503112834,3112834,261,266
30503112835-BRI,BRISBANE,305031128,Newstead - Bowen Hills,30503112835,3112835,236,236
30503112836-BRI,BRISBANE,305031128,Newstead - Bowen Hills,30503112836,3112836,0,0
30503112837-BRI,BRISBANE,305031128,Newstead - Bowen Hills,30503112837,3112837,138,147
30503112838-BRI,BRISBANE,305031128,Newstead - Bowen Hills,30503112838,3112838,237,272
30503112839-BRI,BRISBANE,305031128,Newstead - Bowen Hills,30503112839,3112839,331,348
30503112840-BRI,BRISBANE,305031128,Newstead - Bowen Hills,30503112840,3112840,255,271
30503112841-BRI,BRISBANE,305031128,Newstead - Bowen Hills,30503112841,3112841,337,358
30503112842-BRI,BRISBANE,305031128,Newstead - Bowen Hills,30503112842,3112842,196,196
30503112843-BRI,BRISBANE,305031128,Newstead - Bowen Hills,30503112843,3112843,550,610
30503112844-BRI,BRISBANE,305031128,Newstead - Bowen Hills,30503112844,3112844,148,157
30503112845-BRI,BRISBANE,305031128,Newstead - Bowen Hills,30503112845,3112845,211,227
30503112846-BRI,BRISBANE,305031128,Newstead - Bowen Hills,30503112846,3112846,253,269
30503112847-BRI,BRISBANE,305031128,Newstead - Bowen Hills,30503112847,3112847,281,302
30503112901-BRI,BRISBANE,305031129,Wilston,30503112901,3112901,482,515
30503112902-BRI,BRISBANE,305031129,Wilston,30503112902,3112902,269,270
30503112903-BRI,BRISBANE,305031129,Wilston,30503112903,3112903,251,256
30503112904-BRI,BRISBANE,305031129,Wilston,30503112904,3112904,250,260
30503112905-BRI,BRISBANE,305031129,Wilston,30503112905,3112905,270,291
30503112906-BRI,BRISBANE,305031129,Wilston,30503112906,3112906,452,454
30503112907-BRI,BRISBANE,305031129,Wilston,30503112907,3112907,256,249
30503112908-BRI,BRISBANE,305031129,Wilston,30503112908,3112908,332,336
30503112909-BRI,BRISBANE,305031129,Wilston,30503112909,3112909,223,224
30503112910-BRI,BRISBANE,305031129,Wilston,30503112910,3112910,187,203
30503113001-BRI,BRISBANE,305031130,Windsor,30503113001,3113001,603,628
30503113003-BRI,BRISBANE,305031130,Windsor,30503113003,3113003,298,304
30503113004-BRI,BRISBANE,305031130,Windsor,30503113004,3113004,435,433
30503113005-BRI,BRISBANE,305031130,Windsor,30503113005,3113005,232,236
30503113006-BRI,BRISBANE,305031130,Windsor,30503113006,3113006,241,243
30503113007-BRI,BRISBANE,305031130,Windsor,30503113007,3113007,374,409
30503113008-BRI,BRISBANE,305031130,Windsor,30503113008,3113008,275,285
30503113009-BRI,BRISBANE,305031130,Windsor,30503113009,3113009,278,271
30503113010-BRI,BRISBANE,305031130,Windsor,30503113010,3113010,364,379
30503113011-BRI,BRISBANE,305031130,Windsor,30503113011,3113011,299,319
30503113012-BRI,BRISBANE,305031130,Windsor,30503113012,3113012,211,224
30503113013-BRI,BRISBANE,305031130,Windsor,30503113013,3113013,445,462
30503113014-BRI,BRISBANE,305031130,Windsor,30503113014,3113014,297,313
30503113015-BRI,BRISBANE,305031130,Windsor,30503113015,3113015,417,432
30503113016-BRI,BRISBANE,305031130,Windsor,30503113016,3113016,462,465
30503113017-BRI,BRISBANE,305031130,Windsor,30503113017,3113017,155,159
30503113018-BRI,BRISBANE,305031130,Windsor,30503113018,3113018,301,309
30503113101-BRI,BRISBANE,305031131,Wooloowin - Lutwyche,30503113101,3113101,399,407
30503113102-BRI,BRISBANE,305031131,Wooloowin - Lutwyche,30503113102,3113102,283,290
30503113103-BRI,BRISBANE,305031131,Wooloowin - Lutwyche,30503113103,3113103,365,384
30503113104-BRI,BRISBANE,305031131,Wooloowin - Lutwyche,30503113104,3113104,269,289
30503113105-BRI,BRISBANE,305031131,Wooloowin - Lutwyche,30503113105,3113105,291,284
30503113106-BRI,BRISBANE,305031131,Wooloowin - Lutwyche,30503113106,3113106,295,310
30503113107-BRI,BRISBANE,305031131,Wooloowin - Lutwyche,30503113107,3113107,288,300
30503113108-BRI,BRISBANE,305031131,Wooloowin - Lutwyche,30503113108,3113108,383,384
30503113111-BRI,BRISBANE,305031131,Wooloowin - Lutwyche,30503113111,3113111,214,220
30503113113-BRI,BRISBANE,305031131,Wooloowin - Lutwyche,30503113113,3113113,454,467
30503113115-BRI,BRISBANE,305031131,Wooloowin - Lutwyche,30503113115,3113115,368,389
30503113116-BRI,BRISBANE,305031131,Wooloowin - Lutwyche,30503113116,3113116,323,333
30503113117-BRI,BRISBANE,305031131,Wooloowin - Lutwyche,30503113117,3113117,407,435
30503113118-BRI,BRISBANE,305031131,Wooloowin - Lutwyche,30503113118,3113118,388,379
30503113119-BRI,BRISBANE,305031131,Wooloowin - Lutwyche,30503113119,3113119,205,209
30503113120-BRI,BRISBANE,305031131,Wooloowin - Lutwyche,30503113120,3113120,436,461
30503113121-BRI,BRISBANE,305031131,Wooloowin - Lutwyche,30503113121,3113121,305,316
30503113122-BRI,BRISBANE,305031131,Wooloowin - Lutwyche,30503113122,3113122,408,420
30503113123-BRI,BRISBANE,305031131,Wooloowin - Lutwyche,30503113123,3113123,182,195
30503113124-BRI,BRISBANE,305031131,Wooloowin - Lutwyche,30503113124,3113124,320,333
30503113125-BRI,BRISBANE,305031131,Wooloowin - Lutwyche,30503113125,3113125,394,413
30503113126-BRI,BRISBANE,305031131,Wooloowin - Lutwyche,30503113126,3113126,295,314
30503113127-BRI,BRISBANE,305031131,Wooloowin - Lutwyche,30503113127,3113127,199,205
30503113128-BRI,BRISBANE,305031131,Wooloowin - Lutwyche,30503113128,3113128,221,216
30503113129-BRI,BRISBANE,305031131,Wooloowin - Lutwyche,30503113129,3113129,119,122
30503113130-BRI,BRISBANE,305031131,Wooloowin - Lutwyche,30503113130,3113130,214,229
30504113201-RYA,RYAN,305041132,Ashgrove,30504113201,3113201,337,345
30504113202-BRI,BRISBANE,305041132,Ashgrove,30504113202,3113202,224,229
30504113203-BRI,BRISBANE,305041132,Ashgrove,30504113203,3113203,200,212
30504113204-BRI,BRISBANE,305041132,Ashgrove,30504113204,3113204,389,396
30504113205-BRI,BRISBANE,305041132,Ashgrove,30504113205,3113205,36,36
30504113205-RYA,RYAN,305041132,Ashgrove,30504113205,3113205,248,251
30504113206-RYA,RYAN,305041132,Ashgrove,30504113206,3113206,257,270
30504113207-RYA,RYAN,305041132,Ashgrove,30504113207,3113207,361,367
30504113208-BRI,BRISBANE,305041132,Ashgrove,30504113208,3113208,434,477
30504113209-BRI,BRISBANE,305041132,Ashgrove,30504113209,3113209,363,374
30504113210-BRI,BRISBANE,305041132,Ashgrove,30504113210,3113210,254,261
30504113211-BRI,BRISBANE,305041132,Ashgrove,30504113211,3113211,353,364
30504113212-BRI,BRISBANE,305041132,Ashgrove,30504113212,3113212,289,296
30504113213-BRI,BRISBANE,305041132,Ashgrove,30504113213,3113213,265,263
30504113214-BRI,BRISBANE,305041132,Ashgrove,30504113214,3113214,183,193
30504113214-RYA,RYAN,305041132,Ashgrove,30504113214,3113214,85,90
30504113215-RYA,RYAN,305041132,Ashgrove,30504113215,3113215,298,304
30504113216-RYA,RYAN,305041132,Ashgrove,30504113216,3113216,246,245
30504113217-BRI,BRISBANE,305041132,Ashgrove,30504113217,3113217,286,306
30504113218-BRI,BRISBANE,305041132,Ashgrove,30504113218,3113218,355,369
30504113219-BRI,BRISBANE,305041132,Ashgrove,30504113219,3113219,315,320
30504113220-BRI,BRISBANE,305041132,Ashgrove,30504113220,3113220,324,325
30504113221-BRI,BRISBANE,305041132,Ashgrove,30504113221,3113221,260,261
30504113222-BRI,BRISBANE,305041132,Ashgrove,30504113222,3113222,170,174
30504113223-BRI,BRISBANE,305041132,Ashgrove,30504113223,3113223,262,276
30504113224-RYA,RYAN,305041132,Ashgrove,30504113224,3113224,369,358
30504113225-RYA,RYAN,305041132,Ashgrove,30504113225,3113225,513,515
30504113226-BRI,BRISBANE,305041132,Ashgrove,30504113226,3113226,407,394
30504113227-BRI,BRISBANE,305041132,Ashgrove,30504113227,3113227,447,443
30504113228-BRI,BRISBANE,305041132,Ashgrove,30504113228,3113228,315,305
30504113229-BRI,BRISBANE,305041132,Ashgrove,30504113229,3113229,450,436
30504113230-BRI,BRISBANE,305041132,Ashgrove,30504113230,3113230,344,363
30504113231-BRI,BRISBANE,305041132,Ashgrove,30504113231,3113231,389,394
30504113301-RYA,RYAN,305041133,Auchenflower,30504113301,3113301,332,349
30504113302-RYA,RYAN,305041133,Auchenflower,30504113302,3113302,181,191
30504113303-RYA,RYAN,305041133,Auchenflower,30504113303,3113303,296,307
30504113304-RYA,RYAN,305041133,Auchenflower,30504113304,3113304,466,481
30504113305-RYA,RYAN,305041133,Auchenflower,30504113305,3113305,320,331
30504113306-RYA,RYAN,305041133,Auchenflower,30504113306,3113306,235,234
30504113307-RYA,RYAN,305041133,Auchenflower,30504113307,3113307,319,326
30504113308-RYA,RYAN,305041133,Auchenflower,30504113308,3113308,273,273
30504113309-RYA,RYAN,305041133,Auchenflower,30504113309,3113309,364,352
30504113310-RYA,RYAN,305041133,Auchenflower,30504113310,3113310,349,359
30504113311-RYA,RYAN,305041133,Auchenflower,30504113311,3113311,340,337
30504113312-RYA,RYAN,305041133,Auchenflower,30504113312,3113312,277,276
30504113313-RYA,RYAN,305041133,Auchenflower,30504113313,3113313,344,353
30504113401-BRI,BRISBANE,305041134,Bardon,30504113401,3113401,326,326
30504113402-BRI,BRISBANE,305041134,Bardon,30504113402,3113402,310,313
30504113403-BRI,BRISBANE,305041134,Bardon,30504113403,3113403,195,193
30504113404-BRI,BRISBANE,305041134,Bardon,30504113404,3113404,343,349
30504113405-BRI,BRISBANE,305041134,Bardon,30504113405,3113405,332,335
30504113406-RYA,RYAN,305041134,Bardon,30504113406,3113406,315,318
30504113407-RYA,RYAN,305041134,Bardon,30504113407,3113407,305,307
30504113408-RYA,RYAN,305041134,Bardon,30504113408,3113408,517,502
30504113409-RYA,RYAN,305041134,Bardon,30504113409,3113409,432,451
30504113410-RYA,RYAN,305041134,Bardon,30504113410,3113410,481,483
30504113411-RYA,RYAN,305041134,Bardon,30504113411,3113411,402,429
30504113412-BRI,BRISBANE,305041134,Bardon,30504113412,3113412,153,158
30504113412-RYA,RYAN,305041134,Bardon,30504113412,3113412,160,165
30504113413-BRI,BRISBANE,305041134,Bardon,30504113413,3113413,65,66
30504113413-RYA,RYAN,305041134,Bardon,30504113413,3113413,291,295
30504113414-RYA,RYAN,305041134,Bardon,30504113414,3113414,254,260
30504113415-RYA,RYAN,305041134,Bardon,30504113415,3113415,378,392
30504113416-RYA,RYAN,305041134,Bardon,30504113416,3113416,208,219
30504113417-RYA,RYAN,305041134,Bardon,30504113417,3113417,316,337
30504113418-RYA,RYAN,305041134,Bardon,30504113418,3113418,304,303
30504113419-RYA,RYAN,305041134,Bardon,30504113419,3113419,478,501
30504113420-RYA,RYAN,305041134,Bardon,30504113420,3113420,387,425
30504113421-RYA,RYAN,305041134,Bardon,30504113421,3113421,423,425
30504113422-RYA,RYAN,305041134,Bardon,30504113422,3113422,212,216
30504113501-BRI,BRISBANE,305041135,Paddington - Milton,30504113501,3113501,204,202
30504113502-BRI,BRISBANE,305041135,Paddington - Milton,30504113502,3113502,306,320
30504113503-BRI,BRISBANE,305041135,Paddington - Milton,30504113503,3113503,323,324
30504113504-BRI,BRISBANE,305041135,Paddington - Milton,30504113504,3113504,246,244
30504113505-BRI,BRISBANE,305041135,Paddington - Milton,30504113505,3113505,220,226
30504113506-BRI,BRISBANE,305041135,Paddington - Milton,30504113506,3113506,279,295
30504113507-BRI,BRISBANE,305041135,Paddington - Milton,30504113507,3113507,362,370
30504113508-BRI,BRISBANE,305041135,Paddington - Milton,30504113508,3113508,306,318
30504113509-BRI,BRISBANE,305041135,Paddington - Milton,30504113509,3113509,253,265
30504113510-BRI,BRISBANE,305041135,Paddington - Milton,30504113510,3113510,377,387
30504113511-BRI,BRISBANE,305041135,Paddington - Milton,30504113511,3113511,359,370
30504113512-BRI,BRISBANE,305041135,Paddington - Milton,30504113512,3113512,287,306
30504113513-BRI,BRISBANE,305041135,Paddington - Milton,30504113513,3113513,246,252
30504113514-BRI,BRISBANE,305041135,Paddington - Milton,30504113514,3113514,382,404
30504113516-BRI,BRISBANE,305041135,Paddington - Milton,30504113516,3113516,222,219
30504113517-BRI,BRISBANE,305041135,Paddington - Milton,30504113517,3113517,395,405
30504113518-BRI,BRISBANE,305041135,Paddington - Milton,30504113518,3113518,465,481
30504113519-BRI,BRISBANE,305041135,Paddington - Milton,30504113519,3113519,256,268
30504113520-BRI,BRISBANE,305041135,Paddington - Milton,30504113520,3113520,388,395
30504113521-BRI,BRISBANE,305041135,Paddington - Milton,30504113521,3113521,452,464
30504113522-BRI,BRISBANE,305041135,Paddington - Milton,30504113522,3113522,336,343
30504113523-RYA,RYAN,305041135,Paddington - Milton,30504113523,3113523,389,409
30504113524-BRI,BRISBANE,305041135,Paddington - Milton,30504113524,3113524,185,186
30504113525-BRI,BRISBANE,305041135,Paddington - Milton,30504113525,3113525,336,343
30504113526-BRI,BRISBANE,305041135,Paddington - Milton,30504113526,3113526,513,525
30504113527-BRI,BRISBANE,305041135,Paddington - Milton,30504113527,3113527,219,217
30504113528-BRI,BRISBANE,305041135,Paddington - Milton,30504113528,3113528,214,224
30504113529-BRI,BRISBANE,305041135,Paddington - Milton,30504113529,3113529,186,194
30504113530-BRI,BRISBANE,305041135,Paddington - Milton,30504113530,3113530,209,211
30504113601-BRI,BRISBANE,305041136,Red Hill (Qld),30504113601,3113601,227,229
30504113602-BRI,BRISBANE,305041136,Red Hill (Qld),30504113602,3113602,246,264
30504113603-BRI,BRISBANE,305041136,Red Hill (Qld),30504113603,3113603,393,417
30504113604-BRI,BRISBANE,305041136,Red Hill (Qld),30504113604,3113604,234,253
30504113605-BRI,BRISBANE,305041136,Red Hill (Qld),30504113605,3113605,214,231
30504113606-BRI,BRISBANE,305041136,Red Hill (Qld),30504113606,3113606,404,422
30504113607-BRI,BRISBANE,305041136,Red Hill (Qld),30504113607,3113607,434,426
30504113608-BRI,BRISBANE,305041136,Red Hill (Qld),30504113608,3113608,467,474
30504113609-BRI,BRISBANE,305041136,Red Hill (Qld),30504113609,3113609,364,358
30504113610-BRI,BRISBANE,305041136,Red Hill (Qld),30504113610,3113610,221,238
30504113611-BRI,BRISBANE,305041136,Red Hill (Qld),30504113611,3113611,307,328
30504113612-BRI,BRISBANE,305041136,Red Hill (Qld),30504113612,3113612,283,285
30504113613-BRI,BRISBANE,305041136,Red Hill (Qld),30504113613,3113613,396,405
30504113614-BRI,BRISBANE,305041136,Red Hill (Qld),30504113614,3113614,336,370
30504113615-BRI,BRISBANE,305041136,Red Hill (Qld),30504113615,3113615,0,0
30504113701-RYA,RYAN,305041137,Toowong,30504113701,3113701,209,212
30504113702-RYA,RYAN,305041137,Toowong,30504113702,3113702,359,379
30504113703-RYA,RYAN,305041137,Toowong,30504113703,3113703,263,273
30504113704-RYA,RYAN,305041137,Toowong,30504113704,3113704,215,233
30504113705-RYA,RYAN,305041137,Toowong,30504113705,3113705,282,306
30504113706-RYA,RYAN,305041137,Toowong,30504113706,3113706,319,351
30504113707-RYA,RYAN,305041137,Toowong,30504113707,3113707,415,442
30504113708-RYA,RYAN,305041137,Toowong,30504113708,3113708,210,219
30504113709-RYA,RYAN,305041137,Toowong,30504113709,3113709,416,409
30504113710-RYA,RYAN,305041137,Toowong,30504113710,3113710,131,143
30504113711-RYA,RYAN,305041137,Toowong,30504113711,3113711,336,331
30504113714-RYA,RYAN,305041137,Toowong,30504113714,3113714,338,342
30504113715-RYA,RYAN,305041137,Toowong,30504113715,3113715,279,308
30504113716-RYA,RYAN,305041137,Toowong,30504113716,3113716,189,186
30504113717-RYA,RYAN,305041137,Toowong,30504113717,3113717,342,353
30504113718-RYA,RYAN,305041137,Toowong,30504113718,3113718,428,451
30504113719-RYA,RYAN,305041137,Toowong,30504113719,3113719,331,341
30504113720-RYA,RYAN,305041137,Toowong,30504113720,3113720,343,338
30504113721-RYA,RYAN,305041137,Toowong,30504113721,3113721,346,387
30504113722-RYA,RYAN,305041137,Toowong,30504113722,3113722,427,473
30504113723-RYA,RYAN,305041137,Toowong,30504113723,3113723,334,355
30504113724-RYA,RYAN,305041137,Toowong,30504113724,3113724,384,416
30504113726-RYA,RYAN,305041137,Toowong,30504113726,3113726,69,71
30504113727-RYA,RYAN,305041137,Toowong,30504113727,3113727,223,233
30504113728-RYA,RYAN,305041137,Toowong,30504113728,3113728,255,266
30504113729-RYA,RYAN,305041137,Toowong,30504113729,3113729,154,161
30504113730-RYA,RYAN,305041137,Toowong,30504113730,3113730,479,486
30504113731-RYA,RYAN,305041137,Toowong,30504113731,3113731,146,152
30504113732-RYA,RYAN,305041137,Toowong,30504113732,3113732,83,86
30504113733-RYA,RYAN,305041137,Toowong,30504113733,3113733,256,263
30601113801-LEI,LEICHHARDT,306011138,Brinsmead,30601113801,3113801,301,299
30601113802-LEI,LEICHHARDT,306011138,Brinsmead,30601113802,3113802,272,277
30601113803-LEI,LEICHHARDT,306011138,Brinsmead,30601113803,3113803,415,426
30601113804-LEI,LEICHHARDT,306011138,Brinsmead,30601113804,3113804,228,239
30601113805-LEI,LEICHHARDT,306011138,Brinsmead,30601113805,3113805,292,283
30601113806-LEI,LEICHHARDT,306011138,Brinsmead,30601113806,3113806,159,164
30601113807-LEI,LEICHHARDT,306011138,Brinsmead,30601113807,3113807,223,224
30601113808-LEI,LEICHHARDT,306011138,Brinsmead,30601113808,3113808,169,166
30601113809-LEI,LEICHHARDT,306011138,Brinsmead,30601113809,3113809,164,174
30601113810-LEI,LEICHHARDT,306011138,Brinsmead,30601113810,3113810,373,377
30601113811-LEI,LEICHHARDT,306011138,Brinsmead,30601113811,3113811,147,158
30601113812-LEI,LEICHHARDT,306011138,Brinsmead,30601113812,3113812,293,298
30601113813-LEI,LEICHHARDT,306011138,Brinsmead,30601113813,3113813,627,639
30601113814-LEI,LEICHHARDT,306011138,Brinsmead,30601113814,3113814,217,224
30601113901-LEI,LEICHHARDT,306011139,Clifton Beach - Kewarra Beach,30601113901,3113901,516,558
30601113904-LEI,LEICHHARDT,306011139,Clifton Beach - Kewarra Beach,30601113904,3113904,303,313
30601113905-LEI,LEICHHARDT,306011139,Clifton Beach - Kewarra Beach,30601113905,3113905,310,303
30601113907-LEI,LEICHHARDT,306011139,Clifton Beach - Kewarra Beach,30601113907,3113907,372,393
30601113909-LEI,LEICHHARDT,306011139,Clifton Beach - Kewarra Beach,30601113909,3113909,217,233
30601113910-LEI,LEICHHARDT,306011139,Clifton Beach - Kewarra Beach,30601113910,3113910,606,623
30601113911-LEI,LEICHHARDT,306011139,Clifton Beach - Kewarra Beach,30601113911,3113911,400,407
30601113913-LEI,LEICHHARDT,306011139,Clifton Beach - Kewarra Beach,30601113913,3113913,370,379
30601113914-LEI,LEICHHARDT,306011139,Clifton Beach - Kewarra Beach,30601113914,3113914,415,419
30601113915-LEI,LEICHHARDT,306011139,Clifton Beach - Kewarra Beach,30601113915,3113915,541,562
30601113916-LEI,LEICHHARDT,306011139,Clifton Beach - Kewarra Beach,30601113916,3113916,171,180
30601113917-LEI,LEICHHARDT,306011139,Clifton Beach - Kewarra Beach,30601113917,3113917,439,454
30601113918-LEI,LEICHHARDT,306011139,Clifton Beach - Kewarra Beach,30601113918,3113918,404,396
30601113919-LEI,LEICHHARDT,306011139,Clifton Beach - Kewarra Beach,30601113919,3113919,355,358
30601113920-LEI,LEICHHARDT,306011139,Clifton Beach - Kewarra Beach,30601113920,3113920,313,330
30601113922-LEI,LEICHHARDT,306011139,Clifton Beach - Kewarra Beach,30601113922,3113922,5,5
30601113923-LEI,LEICHHARDT,306011139,Clifton Beach - Kewarra Beach,30601113923,3113923,342,345
30601113924-LEI,LEICHHARDT,306011139,Clifton Beach - Kewarra Beach,30601113924,3113924,263,281
30601113925-LEI,LEICHHARDT,306011139,Clifton Beach - Kewarra Beach,30601113925,3113925,535,573
30601113926-LEI,LEICHHARDT,306011139,Clifton Beach - Kewarra Beach,30601113926,3113926,276,295
30601113927-LEI,LEICHHARDT,306011139,Clifton Beach - Kewarra Beach,30601113927,3113927,237,249
30601113928-LEI,LEICHHARDT,306011139,Clifton Beach - Kewarra Beach,30601113928,3113928,310,321
30601113929-LEI,LEICHHARDT,306011139,Clifton Beach - Kewarra Beach,30601113929,3113929,232,246
30601113930-LEI,LEICHHARDT,306011139,Clifton Beach - Kewarra Beach,30601113930,3113930,532,569
30601113931-LEI,LEICHHARDT,306011139,Clifton Beach - Kewarra Beach,30601113931,3113931,306,320
30601113932-LEI,LEICHHARDT,306011139,Clifton Beach - Kewarra Beach,30601113932,3113932,236,250
30601113933-LEI,LEICHHARDT,306011139,Clifton Beach - Kewarra Beach,30601113933,3113933,207,223
30601114001-LEI,LEICHHARDT,306011140,Freshwater - Stratford,30601114001,3114001,395,404
30601114002-LEI,LEICHHARDT,306011140,Freshwater - Stratford,30601114002,3114002,222,239
30601114003-LEI,LEICHHARDT,306011140,Freshwater - Stratford,30601114003,3114003,322,325
30601114004-LEI,LEICHHARDT,306011140,Freshwater - Stratford,30601114004,3114004,11,11
30601114005-LEI,LEICHHARDT,306011140,Freshwater - Stratford,30601114005,3114005,184,192
30601114006-LEI,LEICHHARDT,306011140,Freshwater - Stratford,30601114006,3114006,467,485
30601114007-LEI,LEICHHARDT,306011140,Freshwater - Stratford,30601114007,3114007,424,431
30601114008-LEI,LEICHHARDT,306011140,Freshwater - Stratford,30601114008,3114008,413,417
30601114009-LEI,LEICHHARDT,306011140,Freshwater - Stratford,30601114009,3114009,301,301
30601114010-LEI,LEICHHARDT,306011140,Freshwater - Stratford,30601114010,3114010,0,0
30601114101-LEI,LEICHHARDT,306011141,Redlynch,30601114101,3114101,262,283
30601114102-LEI,LEICHHARDT,306011141,Redlynch,30601114102,3114102,267,287
30601114103-LEI,LEICHHARDT,306011141,Redlynch,30601114103,3114103,255,267
30601114104-LEI,LEICHHARDT,306011141,Redlynch,30601114104,3114104,172,173
30601114105-LEI,LEICHHARDT,306011141,Redlynch,30601114105,3114105,172,181
30601114106-LEI,LEICHHARDT,306011141,Redlynch,30601114106,3114106,167,169
30601114107-LEI,LEICHHARDT,306011141,Redlynch,30601114107,3114107,319,353
30601114108-LEI,LEICHHARDT,306011141,Redlynch,30601114108,3114108,503,534
30601114109-LEI,LEICHHARDT,306011141,Redlynch,30601114109,3114109,364,377
30601114110-LEI,LEICHHARDT,306011141,Redlynch,30601114110,3114110,430,461
30601114111-LEI,LEICHHARDT,306011141,Redlynch,30601114111,3114111,526,529
30601114112-LEI,LEICHHARDT,306011141,Redlynch,30601114112,3114112,190,210
30601114113-LEI,LEICHHARDT,306011141,Redlynch,30601114113,3114113,495,486
30601114114-LEI,LEICHHARDT,306011141,Redlynch,30601114114,3114114,760,806
30601114115-LEI,LEICHHARDT,306011141,Redlynch,30601114115,3114115,198,217
30601114117-LEI,LEICHHARDT,306011141,Redlynch,30601114117,3114117,271,266
30601114118-LEI,LEICHHARDT,306011141,Redlynch,30601114118,3114118,316,327
30601114119-LEI,LEICHHARDT,306011141,Redlynch,30601114119,3114119,206,210
30601114120-LEI,LEICHHARDT,306011141,Redlynch,30601114120,3114120,0,0
30601114122-LEI,LEICHHARDT,306011141,Redlynch,30601114122,3114122,233,236
30601114123-LEI,LEICHHARDT,306011141,Redlynch,30601114123,3114123,743,828
30601114124-LEI,LEICHHARDT,306011141,Redlynch,30601114124,3114124,240,264
30601114125-LEI,LEICHHARDT,306011141,Redlynch,30601114125,3114125,153,162
30601114126-LEI,LEICHHARDT,306011141,Redlynch,30601114126,3114126,318,331
30601114127-LEI,LEICHHARDT,306011141,Redlynch,30601114127,3114127,165,171
30601114128-LEI,LEICHHARDT,306011141,Redlynch,30601114128,3114128,259,254
30601114129-LEI,LEICHHARDT,306011141,Redlynch,30601114129,3114129,348,360
30601114130-LEI,LEICHHARDT,306011141,Redlynch,30601114130,3114130,28,29
30601114131-LEI,LEICHHARDT,306011141,Redlynch,30601114131,3114131,394,398
30601114132-LEI,LEICHHARDT,306011141,Redlynch,30601114132,3114132,207,203
30601114133-LEI,LEICHHARDT,306011141,Redlynch,30601114133,3114133,375,401
30601114134-LEI,LEICHHARDT,306011141,Redlynch,30601114134,3114134,0,0
30601114135-LEI,LEICHHARDT,306011141,Redlynch,30601114135,3114135,166,174
30601114136-LEI,LEICHHARDT,306011141,Redlynch,30601114136,3114136,429,445
30601114201-LEI,LEICHHARDT,306011142,Trinity Beach - Smithfield,30601114201,3114201,468,464
30601114205-LEI,LEICHHARDT,306011142,Trinity Beach - Smithfield,30601114205,3114205,235,259
30601114206-LEI,LEICHHARDT,306011142,Trinity Beach - Smithfield,30601114206,3114206,391,403
30601114207-LEI,LEICHHARDT,306011142,Trinity Beach - Smithfield,30601114207,3114207,278,287
30601114208-LEI,LEICHHARDT,306011142,Trinity Beach - Smithfield,30601114208,3114208,371,368
30601114209-LEI,LEICHHARDT,306011142,Trinity Beach - Smithfield,30601114209,3114209,278,306
30601114210-LEI,LEICHHARDT,306011142,Trinity Beach - Smithfield,30601114210,3114210,222,220
30601114213-LEI,LEICHHARDT,306011142,Trinity Beach - Smithfield,30601114213,3114213,197,212
30601114214-LEI,LEICHHARDT,306011142,Trinity Beach - Smithfield,30601114214,3114214,464,460
30601114215-LEI,LEICHHARDT,306011142,Trinity Beach - Smithfield,30601114215,3114215,275,273
30601114216-LEI,LEICHHARDT,306011142,Trinity Beach - Smithfield,30601114216,3114216,517,513
30601114221-LEI,LEICHHARDT,306011142,Trinity Beach - Smithfield,30601114221,3114221,238,236
30601114222-LEI,LEICHHARDT,306011142,Trinity Beach - Smithfield,30601114222,3114222,0,0
30601114223-LEI,LEICHHARDT,306011142,Trinity Beach - Smithfield,30601114223,3114223,245,253
30601114224-LEI,LEICHHARDT,306011142,Trinity Beach - Smithfield,30601114224,3114224,212,230
30601114225-LEI,LEICHHARDT,306011142,Trinity Beach - Smithfield,30601114225,3114225,438,434
30601114226-LEI,LEICHHARDT,306011142,Trinity Beach - Smithfield,30601114226,3114226,240,238
30601114227-LEI,LEICHHARDT,306011142,Trinity Beach - Smithfield,30601114227,3114227,548,633
30601114228-LEI,LEICHHARDT,306011142,Trinity Beach - Smithfield,30601114228,3114228,4,4
30601114229-LEI,LEICHHARDT,306011142,Trinity Beach - Smithfield,30601114229,3114229,407,404
30601114230-LEI,LEICHHARDT,306011142,Trinity Beach - Smithfield,30601114230,3114230,402,422
30601114231-LEI,LEICHHARDT,306011142,Trinity Beach - Smithfield,30601114231,3114231,192,208
30601114233-LEI,LEICHHARDT,306011142,Trinity Beach - Smithfield,30601114233,3114233,360,385
30601114234-LEI,LEICHHARDT,306011142,Trinity Beach - Smithfield,30601114234,3114234,296,312
30601114235-LEI,LEICHHARDT,306011142,Trinity Beach - Smithfield,30601114235,3114235,206,218
30601114236-LEI,LEICHHARDT,306011142,Trinity Beach - Smithfield,30601114236,3114236,299,297
30601114237-LEI,LEICHHARDT,306011142,Trinity Beach - Smithfield,30601114237,3114237,360,391
30601114238-LEI,LEICHHARDT,306011142,Trinity Beach - Smithfield,30601114238,3114238,235,245
30601114239-LEI,LEICHHARDT,306011142,Trinity Beach - Smithfield,30601114239,3114239,233,244
30601114240-LEI,LEICHHARDT,306011142,Trinity Beach - Smithfield,30601114240,3114240,185,202
30601114241-LEI,LEICHHARDT,306011142,Trinity Beach - Smithfield,30601114241,3114241,197,195
30601114242-LEI,LEICHHARDT,306011142,Trinity Beach - Smithfield,30601114242,3114242,277,299
30601114243-LEI,LEICHHARDT,306011142,Trinity Beach - Smithfield,30601114243,3114243,329,347
30601114244-LEI,LEICHHARDT,306011142,Trinity Beach - Smithfield,30601114244,3114244,206,221
30601114245-LEI,LEICHHARDT,306011142,Trinity Beach - Smithfield,30601114245,3114245,319,330
30601114246-LEI,LEICHHARDT,306011142,Trinity Beach - Smithfield,30601114246,3114246,784,970
30601114247-LEI,LEICHHARDT,306011142,Trinity Beach - Smithfield,30601114247,3114247,392,389
30601114248-LEI,LEICHHARDT,306011142,Trinity Beach - Smithfield,30601114248,3114248,208,220
30601114249-LEI,LEICHHARDT,306011142,Trinity Beach - Smithfield,30601114249,3114249,975,1178
30601114250-LEI,LEICHHARDT,306011142,Trinity Beach - Smithfield,30601114250,3114250,178,187
30601114251-LEI,LEICHHARDT,306011142,Trinity Beach - Smithfield,30601114251,3114251,290,321
30601114301-LEI,LEICHHARDT,306011143,Yorkeys Knob - Machans Beach,30601114301,3114301,0,0
30601114302-LEI,LEICHHARDT,306011143,Yorkeys Knob - Machans Beach,30601114302,3114302,0,0
30601114303-LEI,LEICHHARDT,306011143,Yorkeys Knob - Machans Beach,30601114303,3114303,360,361
30601114304-LEI,LEICHHARDT,306011143,Yorkeys Knob - Machans Beach,30601114304,3114304,332,322
30601114305-LEI,LEICHHARDT,306011143,Yorkeys Knob - Machans Beach,30601114305,3114305,284,297
30601114306-LEI,LEICHHARDT,306011143,Yorkeys Knob - Machans Beach,30601114306,3114306,168,174
30601114307-LEI,LEICHHARDT,306011143,Yorkeys Knob - Machans Beach,30601114307,3114307,349,361
30601114308-LEI,LEICHHARDT,306011143,Yorkeys Knob - Machans Beach,30601114308,3114308,247,251
30601114309-LEI,LEICHHARDT,306011143,Yorkeys Knob - Machans Beach,30601114309,3114309,351,358
30601114310-LEI,LEICHHARDT,306011143,Yorkeys Knob - Machans Beach,30601114310,3114310,198,197
30601114311-LEI,LEICHHARDT,306011143,Yorkeys Knob - Machans Beach,30601114311,3114311,257,250
30601114312-LEI,LEICHHARDT,306011143,Yorkeys Knob - Machans Beach,30601114312,3114312,218,233
30601114313-LEI,LEICHHARDT,306011143,Yorkeys Knob - Machans Beach,30601114313,3114313,7,7
30601114314-LEI,LEICHHARDT,306011143,Yorkeys Knob - Machans Beach,30601114314,3114314,224,224
30601114315-LEI,LEICHHARDT,306011143,Yorkeys Knob - Machans Beach,30601114315,3114315,339,357
30601114316-LEI,LEICHHARDT,306011143,Yorkeys Knob - Machans Beach,30601114316,3114316,294,299
30601114317-LEI,LEICHHARDT,306011143,Yorkeys Knob - Machans Beach,30601114317,3114317,442,459
30601114318-LEI,LEICHHARDT,306011143,Yorkeys Knob - Machans Beach,30601114318,3114318,312,319
30601114319-LEI,LEICHHARDT,306011143,Yorkeys Knob - Machans Beach,30601114319,3114319,405,431
30602114401-KEN,KENNEDY,306021144,Bentley Park,30602114401,3114401,381,387
30602114402-KEN,KENNEDY,306021144,Bentley Park,30602114402,3114402,352,377
30602114403-KEN,KENNEDY,306021144,Bentley Park,30602114403,3114403,242,257
30602114404-KEN,KENNEDY,306021144,Bentley Park,30602114404,3114404,287,283
30602114405-KEN,KENNEDY,306021144,Bentley Park,30602114405,3114405,400,420
30602114406-KEN,KENNEDY,306021144,Bentley Park,30602114406,3114406,288,314
30602114407-KEN,KENNEDY,306021144,Bentley Park,30602114407,3114407,436,459
30602114408-KEN,KENNEDY,306021144,Bentley Park,30602114408,3114408,223,220
30602114409-KEN,KENNEDY,306021144,Bentley Park,30602114409,3114409,832,852
30602114410-KEN,KENNEDY,306021144,Bentley Park,30602114410,3114410,279,312
30602114411-KEN,KENNEDY,306021144,Bentley Park,30602114411,3114411,151,159
30602114412-KEN,KENNEDY,306021144,Bentley Park,30602114412,3114412,207,229
30602114413-KEN,KENNEDY,306021144,Bentley Park,30602114413,3114413,657,692
30602114414-KEN,KENNEDY,306021144,Bentley Park,30602114414,3114414,422,455
30602114415-KEN,KENNEDY,306021144,Bentley Park,30602114415,3114415,389,420
30602114416-KEN,KENNEDY,306021144,Bentley Park,30602114416,3114416,276,295
30602114417-KEN,KENNEDY,306021144,Bentley Park,30602114417,3114417,147,167
30602114418-KEN,KENNEDY,306021144,Bentley Park,30602114418,3114418,330,349
30602114501-LEI,LEICHHARDT,306021145,Cairns City,30602114501,3114501,323,323
30602114503-LEI,LEICHHARDT,306021145,Cairns City,30602114503,3114503,224,247
30602114504-LEI,LEICHHARDT,306021145,Cairns City,30602114504,3114504,347,373
30602114507-LEI,LEICHHARDT,306021145,Cairns City,30602114507,3114507,126,134
30602114508-LEI,LEICHHARDT,306021145,Cairns City,30602114508,3114508,262,281
30602114509-LEI,LEICHHARDT,306021145,Cairns City,30602114509,3114509,337,391
30602114510-LEI,LEICHHARDT,306021145,Cairns City,30602114510,3114510,252,266
30602114511-LEI,LEICHHARDT,306021145,Cairns City,30602114511,3114511,284,293
30602114512-LEI,LEICHHARDT,306021145,Cairns City,30602114512,3114512,264,288
30602114514-LEI,LEICHHARDT,306021145,Cairns City,30602114514,3114514,446,474
30602114515-LEI,LEICHHARDT,306021145,Cairns City,30602114515,3114515,189,204
30602114516-LEI,LEICHHARDT,306021145,Cairns City,30602114516,3114516,112,113
30602114517-LEI,LEICHHARDT,306021145,Cairns City,30602114517,3114517,103,111
30602114518-LEI,LEICHHARDT,306021145,Cairns City,30602114518,3114518,354,364
30602114519-LEI,LEICHHARDT,306021145,Cairns City,30602114519,3114519,470,486
30602114520-LEI,LEICHHARDT,306021145,Cairns City,30602114520,3114520,233,256
30602114521-LEI,LEICHHARDT,306021145,Cairns City,30602114521,3114521,183,193
30602114522-LEI,LEICHHARDT,306021145,Cairns City,30602114522,3114522,313,337
30602114523-LEI,LEICHHARDT,306021145,Cairns City,30602114523,3114523,251,275
30602114524-LEI,LEICHHARDT,306021145,Cairns City,30602114524,3114524,358,371
30602114525-LEI,LEICHHARDT,306021145,Cairns City,30602114525,3114525,255,255
30602114526-LEI,LEICHHARDT,306021145,Cairns City,30602114526,3114526,228,251
30602114527-LEI,LEICHHARDT,306021145,Cairns City,30602114527,3114527,277,298
30602114528-LEI,LEICHHARDT,306021145,Cairns City,30602114528,3114528,319,345
30602114529-LEI,LEICHHARDT,306021145,Cairns City,30602114529,3114529,230,252
30602114601-LEI,LEICHHARDT,306021146,Earlville - Bayview Heights,30602114601,3114601,403,413
30602114602-LEI,LEICHHARDT,306021146,Earlville - Bayview Heights,30602114602,3114602,383,399
30602114603-LEI,LEICHHARDT,306021146,Earlville - Bayview Heights,30602114603,3114603,748,752
30602114604-LEI,LEICHHARDT,306021146,Earlville - Bayview Heights,30602114604,3114604,269,281
30602114605-LEI,LEICHHARDT,306021146,Earlville - Bayview Heights,30602114605,3114605,363,383
30602114606-LEI,LEICHHARDT,306021146,Earlville - Bayview Heights,30602114606,3114606,453,467
30602114607-LEI,LEICHHARDT,306021146,Earlville - Bayview Heights,30602114607,3114607,365,367
30602114608-LEI,LEICHHARDT,306021146,Earlville - Bayview Heights,30602114608,3114608,282,286
30602114609-LEI,LEICHHARDT,306021146,Earlville - Bayview Heights,30602114609,3114609,346,369
30602114610-LEI,LEICHHARDT,306021146,Earlville - Bayview Heights,30602114610,3114610,370,374
30602114611-LEI,LEICHHARDT,306021146,Earlville - Bayview Heights,30602114611,3114611,231,236
30602114612-LEI,LEICHHARDT,306021146,Earlville - Bayview Heights,30602114612,3114612,203,209
30602114613-LEI,LEICHHARDT,306021146,Earlville - Bayview Heights,30602114613,3114613,359,358
30602114614-LEI,LEICHHARDT,306021146,Earlville - Bayview Heights,30602114614,3114614,333,331
30602114615-LEI,LEICHHARDT,306021146,Earlville - Bayview Heights,30602114615,3114615,496,520
30602114616-LEI,LEICHHARDT,306021146,Earlville - Bayview Heights,30602114616,3114616,437,454
30602114617-LEI,LEICHHARDT,306021146,Earlville - Bayview Heights,30602114617,3114617,368,397
30602114701-KEN,KENNEDY,306021147,Edmonton,30602114701,3114701,495,490
30602114702-KEN,KENNEDY,306021147,Edmonton,30602114702,3114702,267,264
30602114703-KEN,KENNEDY,306021147,Edmonton,30602114703,3114703,365,387
30602114704-KEN,KENNEDY,306021147,Edmonton,30602114704,3114704,167,184
30602114705-KEN,KENNEDY,306021147,Edmonton,30602114705,3114705,203,214
30602114706-KEN,KENNEDY,306021147,Edmonton,30602114706,3114706,240,248
30602114707-KEN,KENNEDY,306021147,Edmonton,30602114707,3114707,666,717
30602114708-KEN,KENNEDY,306021147,Edmonton,30602114708,3114708,269,281
30602114709-KEN,KENNEDY,306021147,Edmonton,30602114709,3114709,229,247
30602114710-KEN,KENNEDY,306021147,Edmonton,30602114710,3114710,214,228
30602114711-KEN,KENNEDY,306021147,Edmonton,30602114711,3114711,187,204
30602114712-KEN,KENNEDY,306021147,Edmonton,30602114712,3114712,306,335
30602114713-KEN,KENNEDY,306021147,Edmonton,30602114713,3114713,305,321
30602114714-KEN,KENNEDY,306021147,Edmonton,30602114714,3114714,598,667
30602114715-KEN,KENNEDY,306021147,Edmonton,30602114715,3114715,296,329
30602114716-KEN,KENNEDY,306021147,Edmonton,30602114716,3114716,335,332
30602114719-KEN,KENNEDY,306021147,Edmonton,30602114719,3114719,306,303
30602114720-KEN,KENNEDY,306021147,Edmonton,30602114720,3114720,193,213
30602114721-KEN,KENNEDY,306021147,Edmonton,30602114721,3114721,353,388
30602114722-KEN,KENNEDY,306021147,Edmonton,30602114722,3114722,133,144
30602114723-KEN,KENNEDY,306021147,Edmonton,30602114723,3114723,276,284
30602114724-KEN,KENNEDY,306021147,Edmonton,30602114724,3114724,373,390
30602114725-KEN,KENNEDY,306021147,Edmonton,30602114725,3114725,472,467
30602114726-KEN,KENNEDY,306021147,Edmonton,30602114726,3114726,1059,1158
30602114801-KEN,KENNEDY,306021148,Gordonvale - Trinity,30602114801,3114801,127,133
30602114802-KEN,KENNEDY,306021148,Gordonvale - Trinity,30602114802,3114802,361,381
30602114802-LEI,LEICHHARDT,306021148,Gordonvale - Trinity,30602114802,3114802,1,1
30602114803-KEN,KENNEDY,306021148,Gordonvale - Trinity,30602114803,3114803,69,71
30602114804-KEN,KENNEDY,306021148,Gordonvale - Trinity,30602114804,3114804,284,280
30602114805-KEN,KENNEDY,306021148,Gordonvale - Trinity,30602114805,3114805,330,383
30602114806-KEN,KENNEDY,306021148,Gordonvale - Trinity,30602114806,3114806,319,327
30602114807-KEN,KENNEDY,306021148,Gordonvale - Trinity,30602114807,3114807,222,238
30602114808-KEN,KENNEDY,306021148,Gordonvale - Trinity,30602114808,3114808,242,272
30602114809-KEN,KENNEDY,306021148,Gordonvale - Trinity,30602114809,3114809,380,391
30602114810-KEN,KENNEDY,306021148,Gordonvale - Trinity,30602114810,3114810,318,362
30602114811-KEN,KENNEDY,306021148,Gordonvale - Trinity,30602114811,3114811,565,593
30602114812-KEN,KENNEDY,306021148,Gordonvale - Trinity,30602114812,3114812,265,272
30602114813-KEN,KENNEDY,306021148,Gordonvale - Trinity,30602114813,3114813,262,259
30602114814-KEN,KENNEDY,306021148,Gordonvale - Trinity,30602114814,3114814,212,209
30602114815-KEN,KENNEDY,306021148,Gordonvale - Trinity,30602114815,3114815,401,396
30602114816-KEN,KENNEDY,306021148,Gordonvale - Trinity,30602114816,3114816,166,180
30602114817-KEN,KENNEDY,306021148,Gordonvale - Trinity,30602114817,3114817,317,336
30602114818-KEN,KENNEDY,306021148,Gordonvale - Trinity,30602114818,3114818,229,238
30602114819-KEN,KENNEDY,306021148,Gordonvale - Trinity,30602114819,3114819,473,514
30602114820-KEN,KENNEDY,306021148,Gordonvale - Trinity,30602114820,3114820,939,996
30602114821-KEN,KENNEDY,306021148,Gordonvale - Trinity,30602114821,3114821,135,147
30602114822-KEN,KENNEDY,306021148,Gordonvale - Trinity,30602114822,3114822,981,1048
30602114823-KEN,KENNEDY,306021148,Gordonvale - Trinity,30602114823,3114823,350,374
30602114901-LEI,LEICHHARDT,306021149,Kanimbla - Mooroobool,30602114901,3114901,459,456
30602114902-LEI,LEICHHARDT,306021149,Kanimbla - Mooroobool,30602114902,3114902,340,346
30602114903-LEI,LEICHHARDT,306021149,Kanimbla - Mooroobool,30602114903,3114903,339,352
30602114904-LEI,LEICHHARDT,306021149,Kanimbla - Mooroobool,30602114904,3114904,232,249
30602114905-LEI,LEICHHARDT,306021149,Kanimbla - Mooroobool,30602114905,3114905,449,451
30602114906-LEI,LEICHHARDT,306021149,Kanimbla - Mooroobool,30602114906,3114906,327,344
30602114907-LEI,LEICHHARDT,306021149,Kanimbla - Mooroobool,30602114907,3114907,612,622
30602114908-LEI,LEICHHARDT,306021149,Kanimbla - Mooroobool,30602114908,3114908,274,278
30602114909-LEI,LEICHHARDT,306021149,Kanimbla - Mooroobool,30602114909,3114909,0,0
30602114910-LEI,LEICHHARDT,306021149,Kanimbla - Mooroobool,30602114910,3114910,219,229
30602114911-LEI,LEICHHARDT,306021149,Kanimbla - Mooroobool,30602114911,3114911,217,222
30602114912-LEI,LEICHHARDT,306021149,Kanimbla - Mooroobool,30602114912,3114912,79,80
30602114913-LEI,LEICHHARDT,306021149,Kanimbla - Mooroobool,30602114913,3114913,311,314
30602114914-LEI,LEICHHARDT,306021149,Kanimbla - Mooroobool,30602114914,3114914,293,306
30602114915-LEI,LEICHHARDT,306021149,Kanimbla - Mooroobool,30602114915,3114915,333,340
30602114916-LEI,LEICHHARDT,306021149,Kanimbla - Mooroobool,30602114916,3114916,159,169
30602114917-LEI,LEICHHARDT,306021149,Kanimbla - Mooroobool,30602114917,3114917,226,224
30602114919-LEI,LEICHHARDT,306021149,Kanimbla - Mooroobool,30602114919,3114919,448,456
30602114920-LEI,LEICHHARDT,306021149,Kanimbla - Mooroobool,30602114920,3114920,272,287
30602114921-LEI,LEICHHARDT,306021149,Kanimbla - Mooroobool,30602114921,3114921,271,280
30602114922-LEI,LEICHHARDT,306021149,Kanimbla - Mooroobool,30602114922,3114922,270,274
30602114923-LEI,LEICHHARDT,306021149,Kanimbla - Mooroobool,30602114923,3114923,304,315
30602114924-LEI,LEICHHARDT,306021149,Kanimbla - Mooroobool,30602114924,3114924,366,378
30602114925-LEI,LEICHHARDT,306021149,Kanimbla - Mooroobool,30602114925,3114925,214,225
30602114926-LEI,LEICHHARDT,306021149,Kanimbla - Mooroobool,30602114926,3114926,236,249
30602115001-KEN,KENNEDY,306021150,Lamb Range,30602115001,3115001,0,0
30602115001-LEI,LEICHHARDT,306021150,Lamb Range,30602115001,3115001,2,2
30602115101-LEI,LEICHHARDT,306021151,Manoora,30602115101,3115101,222,218
30602115102-LEI,LEICHHARDT,306021151,Manoora,30602115102,3115102,381,399
30602115103-LEI,LEICHHARDT,306021151,Manoora,30602115103,3115103,270,271
30602115104-LEI,LEICHHARDT,306021151,Manoora,30602115104,3115104,239,241
30602115105-LEI,LEICHHARDT,306021151,Manoora,30602115105,3115105,406,442
30602115106-LEI,LEICHHARDT,306021151,Manoora,30602115106,3115106,351,358
30602115107-LEI,LEICHHARDT,306021151,Manoora,30602115107,3115107,157,166
30602115108-LEI,LEICHHARDT,306021151,Manoora,30602115108,3115108,208,217
30602115109-LEI,LEICHHARDT,306021151,Manoora,30602115109,3115109,375,387
30602115110-LEI,LEICHHARDT,306021151,Manoora,30602115110,3115110,228,224
30602115111-LEI,LEICHHARDT,306021151,Manoora,30602115111,3115111,411,457
30602115112-LEI,LEICHHARDT,306021151,Manoora,30602115112,3115112,280,295
30602115113-LEI,LEICHHARDT,306021151,Manoora,30602115113,3115113,216,229
30602115114-LEI,LEICHHARDT,306021151,Manoora,30602115114,3115114,286,295
30602115115-LEI,LEICHHARDT,306021151,Manoora,30602115115,3115115,269,279
30602115201-LEI,LEICHHARDT,306021152,Manunda,30602115201,3115201,225,243
30602115202-LEI,LEICHHARDT,306021152,Manunda,30602115202,3115202,369,364
30602115203-LEI,LEICHHARDT,306021152,Manunda,30602115203,3115203,238,261
30602115204-LEI,LEICHHARDT,306021152,Manunda,30602115204,3115204,163,168
30602115205-LEI,LEICHHARDT,306021152,Manunda,30602115205,3115205,275,282
30602115206-LEI,LEICHHARDT,306021152,Manunda,30602115206,3115206,165,179
30602115207-LEI,LEICHHARDT,306021152,Manunda,30602115207,3115207,321,334
30602115208-LEI,LEICHHARDT,306021152,Manunda,30602115208,3115208,169,182
30602115209-LEI,LEICHHARDT,306021152,Manunda,30602115209,3115209,204,212
30602115210-LEI,LEICHHARDT,306021152,Manunda,30602115210,3115210,187,202
30602115211-LEI,LEICHHARDT,306021152,Manunda,30602115211,3115211,388,402
30602115212-LEI,LEICHHARDT,306021152,Manunda,30602115212,3115212,184,203
30602115213-LEI,LEICHHARDT,306021152,Manunda,30602115213,3115213,406,429
30602115214-LEI,LEICHHARDT,306021152,Manunda,30602115214,3115214,398,413
30602115301-LEI,LEICHHARDT,306021153,Mount Sheridan,30602115301,3115301,345,357
30602115302-LEI,LEICHHARDT,306021153,Mount Sheridan,30602115302,3115302,349,376
30602115303-LEI,LEICHHARDT,306021153,Mount Sheridan,30602115303,3115303,288,299
30602115304-LEI,LEICHHARDT,306021153,Mount Sheridan,30602115304,3115304,334,370
30602115305-LEI,LEICHHARDT,306021153,Mount Sheridan,30602115305,3115305,442,453
30602115306-LEI,LEICHHARDT,306021153,Mount Sheridan,30602115306,3115306,530,545
30602115307-KEN,KENNEDY,306021153,Mount Sheridan,30602115307,3115307,69,71
30602115307-LEI,LEICHHARDT,306021153,Mount Sheridan,30602115307,3115307,162,167
30602115308-LEI,LEICHHARDT,306021153,Mount Sheridan,30602115308,3115308,219,222
30602115309-LEI,LEICHHARDT,306021153,Mount Sheridan,30602115309,3115309,327,338
30602115310-LEI,LEICHHARDT,306021153,Mount Sheridan,30602115310,3115310,356,349
30602115311-LEI,LEICHHARDT,306021153,Mount Sheridan,30602115311,3115311,341,374
30602115312-LEI,LEICHHARDT,306021153,Mount Sheridan,30602115312,3115312,376,383
30602115313-LEI,LEICHHARDT,306021153,Mount Sheridan,30602115313,3115313,231,246
30602115314-LEI,LEICHHARDT,306021153,Mount Sheridan,30602115314,3115314,306,313
30602115315-LEI,LEICHHARDT,306021153,Mount Sheridan,30602115315,3115315,285,279
30602115316-LEI,LEICHHARDT,306021153,Mount Sheridan,30602115316,3115316,491,510
30602115317-LEI,LEICHHARDT,306021153,Mount Sheridan,30602115317,3115317,195,201
30602115318-LEI,LEICHHARDT,306021153,Mount Sheridan,30602115318,3115318,230,238
30602115319-LEI,LEICHHARDT,306021153,Mount Sheridan,30602115319,3115319,393,414
30602115401-LEI,LEICHHARDT,306021154,Westcourt - Bungalow,30602115401,3115401,240,257
30602115403-LEI,LEICHHARDT,306021154,Westcourt - Bungalow,30602115403,3115403,375,400
30602115404-LEI,LEICHHARDT,306021154,Westcourt - Bungalow,30602115404,3115404,265,271
30602115405-LEI,LEICHHARDT,306021154,Westcourt - Bungalow,30602115405,3115405,91,100
30602115406-LEI,LEICHHARDT,306021154,Westcourt - Bungalow,30602115406,3115406,200,215
30602115407-LEI,LEICHHARDT,306021154,Westcourt - Bungalow,30602115407,3115407,216,231
30602115408-LEI,LEICHHARDT,306021154,Westcourt - Bungalow,30602115408,3115408,262,283
30602115409-LEI,LEICHHARDT,306021154,Westcourt - Bungalow,30602115409,3115409,291,301
30602115410-LEI,LEICHHARDT,306021154,Westcourt - Bungalow,30602115410,3115410,546,558
30602115411-LEI,LEICHHARDT,306021154,Westcourt - Bungalow,30602115411,3115411,285,317
30602115412-LEI,LEICHHARDT,306021154,Westcourt - Bungalow,30602115412,3115412,367,383
30602115413-LEI,LEICHHARDT,306021154,Westcourt - Bungalow,30602115413,3115413,245,268
30602115414-LEI,LEICHHARDT,306021154,Westcourt - Bungalow,30602115414,3115414,207,204
30602115415-LEI,LEICHHARDT,306021154,Westcourt - Bungalow,30602115415,3115415,351,362
30602115416-LEI,LEICHHARDT,306021154,Westcourt - Bungalow,30602115416,3115416,255,264
30602115417-LEI,LEICHHARDT,306021154,Westcourt - Bungalow,30602115417,3115417,252,264
30602115501-LEI,LEICHHARDT,306021155,White Rock,30602115501,3115501,423,437
30602115502-LEI,LEICHHARDT,306021155,White Rock,30602115502,3115502,127,140
30602115503-LEI,LEICHHARDT,306021155,White Rock,30602115503,3115503,317,321
30602115504-LEI,LEICHHARDT,306021155,White Rock,30602115504,3115504,467,506
30602115505-LEI,LEICHHARDT,306021155,White Rock,30602115505,3115505,278,291
30602115506-LEI,LEICHHARDT,306021155,White Rock,30602115506,3115506,204,216
30602115507-LEI,LEICHHARDT,306021155,White Rock,30602115507,3115507,316,323
30602115508-LEI,LEICHHARDT,306021155,White Rock,30602115508,3115508,252,271
30602115509-LEI,LEICHHARDT,306021155,White Rock,30602115509,3115509,394,416
30602115510-LEI,LEICHHARDT,306021155,White Rock,30602115510,3115510,0,0
30602115511-LEI,LEICHHARDT,306021155,White Rock,30602115511,3115511,437,467
30602115512-LEI,LEICHHARDT,306021155,White Rock,30602115512,3115512,319,330
30602115601-LEI,LEICHHARDT,306021156,Whitfield - Edge Hill,30602115601,3115601,193,201
30602115602-LEI,LEICHHARDT,306021156,Whitfield - Edge Hill,30602115602,3115602,362,368
30602115603-LEI,LEICHHARDT,306021156,Whitfield - Edge Hill,30602115603,3115603,230,225
30602115604-LEI,LEICHHARDT,306021156,Whitfield - Edge Hill,30602115604,3115604,438,460
30602115605-LEI,LEICHHARDT,306021156,Whitfield - Edge Hill,30602115605,3115605,193,208
30602115606-LEI,LEICHHARDT,306021156,Whitfield - Edge Hill,30602115606,3115606,149,155
30602115607-LEI,LEICHHARDT,306021156,Whitfield - Edge Hill,30602115607,3115607,241,259
30602115608-LEI,LEICHHARDT,306021156,Whitfield - Edge Hill,30602115608,3115608,314,328
30602115609-LEI,LEICHHARDT,306021156,Whitfield - Edge Hill,30602115609,3115609,281,296
30602115610-LEI,LEICHHARDT,306021156,Whitfield - Edge Hill,30602115610,3115610,247,265
30602115611-LEI,LEICHHARDT,306021156,Whitfield - Edge Hill,30602115611,3115611,338,341
30602115612-LEI,LEICHHARDT,306021156,Whitfield - Edge Hill,30602115612,3115612,0,0
30602115613-LEI,LEICHHARDT,306021156,Whitfield - Edge Hill,30602115613,3115613,168,164
30602115614-LEI,LEICHHARDT,306021156,Whitfield - Edge Hill,30602115614,3115614,365,378
30602115615-LEI,LEICHHARDT,306021156,Whitfield - Edge Hill,30602115615,3115615,170,175
30602115616-LEI,LEICHHARDT,306021156,Whitfield - Edge Hill,30602115616,3115616,195,202
30602115617-LEI,LEICHHARDT,306021156,Whitfield - Edge Hill,30602115617,3115617,358,384
30602115618-LEI,LEICHHARDT,306021156,Whitfield - Edge Hill,30602115618,3115618,267,281
30602115619-LEI,LEICHHARDT,306021156,Whitfield - Edge Hill,30602115619,3115619,431,446
30602115620-LEI,LEICHHARDT,306021156,Whitfield - Edge Hill,30602115620,3115620,236,251
30602115621-LEI,LEICHHARDT,306021156,Whitfield - Edge Hill,30602115621,3115621,423,438
30602115622-LEI,LEICHHARDT,306021156,Whitfield - Edge Hill,30602115622,3115622,461,462
30602115623-LEI,LEICHHARDT,306021156,Whitfield - Edge Hill,30602115623,3115623,146,148
30602115701-LEI,LEICHHARDT,306021157,Woree,30602115701,3115701,550,573
30602115702-LEI,LEICHHARDT,306021157,Woree,30602115702,3115702,281,291
30602115703-LEI,LEICHHARDT,306021157,Woree,30602115703,3115703,222,234
30602115704-LEI,LEICHHARDT,306021157,Woree,30602115704,3115704,289,301
30602115705-LEI,LEICHHARDT,306021157,Woree,30602115705,3115705,420,444
30602115706-LEI,LEICHHARDT,306021157,Woree,30602115706,3115706,212,223
30602115707-LEI,LEICHHARDT,306021157,Woree,30602115707,3115707,242,237
30602115708-LEI,LEICHHARDT,306021157,Woree,30602115708,3115708,254,268
30602115709-LEI,LEICHHARDT,306021157,Woree,30602115709,3115709,205,217
30602115710-LEI,LEICHHARDT,306021157,Woree,30602115710,3115710,3,3
30602115711-LEI,LEICHHARDT,306021157,Woree,30602115711,3115711,380,382
30602115712-LEI,LEICHHARDT,306021157,Woree,30602115712,3115712,464,485
30603115801-KEN,KENNEDY,306031158,Babinda,30603115801,3115801,94,97
30603115802-KEN,KENNEDY,306031158,Babinda,30603115802,3115802,219,224
30603115803-KEN,KENNEDY,306031158,Babinda,30603115803,3115803,197,209
30603115804-KEN,KENNEDY,306031158,Babinda,30603115804,3115804,259,268
30603115806-KEN,KENNEDY,306031158,Babinda,30603115806,3115806,146,144
30603115807-KEN,KENNEDY,306031158,Babinda,30603115807,3115807,348,373
30603115808-KEN,KENNEDY,306031158,Babinda,30603115808,3115808,247,249
30603115809-KEN,KENNEDY,306031158,Babinda,30603115809,3115809,142,145
30603115810-KEN,KENNEDY,306031158,Babinda,30603115810,3115810,329,334
30603115811-KEN,KENNEDY,306031158,Babinda,30603115811,3115811,159,170
30603115812-KEN,KENNEDY,306031158,Babinda,30603115812,3115812,192,199
30603115813-KEN,KENNEDY,306031158,Babinda,30603115813,3115813,189,196
30603115814-KEN,KENNEDY,306031158,Babinda,30603115814,3115814,154,156
30603115815-KEN,KENNEDY,306031158,Babinda,30603115815,3115815,178,177
30603115816-KEN,KENNEDY,306031158,Babinda,30603115816,3115816,98,102
30603115817-KEN,KENNEDY,306031158,Babinda,30603115817,3115817,88,93
30603115818-KEN,KENNEDY,306031158,Babinda,30603115818,3115818,382,382
30603115901-KEN,KENNEDY,306031159,Innisfail,30603115901,3115901,306,322
30603115902-KEN,KENNEDY,306031159,Innisfail,30603115902,3115902,187,184
30603115903-KEN,KENNEDY,306031159,Innisfail,30603115903,3115903,106,102
30603115904-KEN,KENNEDY,306031159,Innisfail,30603115904,3115904,185,185
30603115905-KEN,KENNEDY,306031159,Innisfail,30603115905,3115905,133,132
30603115906-KEN,KENNEDY,306031159,Innisfail,30603115906,3115906,247,256
30603115907-KEN,KENNEDY,306031159,Innisfail,30603115907,3115907,310,320
30603115908-KEN,KENNEDY,306031159,Innisfail,30603115908,3115908,170,165
30603115909-KEN,KENNEDY,306031159,Innisfail,30603115909,3115909,109,107
30603115910-KEN,KENNEDY,306031159,Innisfail,30603115910,3115910,141,148
30603115911-KEN,KENNEDY,306031159,Innisfail,30603115911,3115911,177,179
30603115912-KEN,KENNEDY,306031159,Innisfail,30603115912,3115912,273,283
30603115913-KEN,KENNEDY,306031159,Innisfail,30603115913,3115913,274,264
30603115914-KEN,KENNEDY,306031159,Innisfail,30603115914,3115914,184,181
30603115915-KEN,KENNEDY,306031159,Innisfail,30603115915,3115915,378,371
30603115916-KEN,KENNEDY,306031159,Innisfail,30603115916,3115916,316,306
30603115917-KEN,KENNEDY,306031159,Innisfail,30603115917,3115917,312,325
30603115918-KEN,KENNEDY,306031159,Innisfail,30603115918,3115918,222,224
30603115919-KEN,KENNEDY,306031159,Innisfail,30603115919,3115919,181,180
30603115920-KEN,KENNEDY,306031159,Innisfail,30603115920,3115920,170,166
30603115921-KEN,KENNEDY,306031159,Innisfail,30603115921,3115921,219,229
30603115922-KEN,KENNEDY,306031159,Innisfail,30603115922,3115922,273,274
30603115923-KEN,KENNEDY,306031159,Innisfail,30603115923,3115923,100,100
30603115924-KEN,KENNEDY,306031159,Innisfail,30603115924,3115924,194,198
30603115925-KEN,KENNEDY,306031159,Innisfail,30603115925,3115925,332,338
30603115927-KEN,KENNEDY,306031159,Innisfail,30603115927,3115927,133,129
30603115928-KEN,KENNEDY,306031159,Innisfail,30603115928,3115928,299,314
30603115929-KEN,KENNEDY,306031159,Innisfail,30603115929,3115929,183,176
30603115930-KEN,KENNEDY,306031159,Innisfail,30603115930,3115930,360,372
30603115931-KEN,KENNEDY,306031159,Innisfail,30603115931,3115931,46,48
30603115932-KEN,KENNEDY,306031159,Innisfail,30603115932,3115932,166,165
30603116001-KEN,KENNEDY,306031160,Johnstone,30603116001,3116001,331,320
30603116002-KEN,KENNEDY,306031160,Johnstone,30603116002,3116002,271,268
30603116003-KEN,KENNEDY,306031160,Johnstone,30603116003,3116003,279,287
30603116004-KEN,KENNEDY,306031160,Johnstone,30603116004,3116004,293,306
30603116005-KEN,KENNEDY,306031160,Johnstone,30603116005,3116005,285,290
30603116006-KEN,KENNEDY,306031160,Johnstone,30603116006,3116006,353,353
30603116007-KEN,KENNEDY,306031160,Johnstone,30603116007,3116007,307,319
30603116008-KEN,KENNEDY,306031160,Johnstone,30603116008,3116008,226,236
30603116009-KEN,KENNEDY,306031160,Johnstone,30603116009,3116009,334,339
30603116010-KEN,KENNEDY,306031160,Johnstone,30603116010,3116010,184,186
30603116011-KEN,KENNEDY,306031160,Johnstone,30603116011,3116011,397,401
30603116012-KEN,KENNEDY,306031160,Johnstone,30603116012,3116012,15,16
30603116013-KEN,KENNEDY,306031160,Johnstone,30603116013,3116013,0,0
30603116014-KEN,KENNEDY,306031160,Johnstone,30603116014,3116014,194,191
30603116015-KEN,KENNEDY,306031160,Johnstone,30603116015,3116015,150,155
30603116016-KEN,KENNEDY,306031160,Johnstone,30603116016,3116016,0,0
30603116017-KEN,KENNEDY,306031160,Johnstone,30603116017,3116017,222,226
30603116018-KEN,KENNEDY,306031160,Johnstone,30603116018,3116018,334,331
30603116019-KEN,KENNEDY,306031160,Johnstone,30603116019,3116019,271,277
30603116020-KEN,KENNEDY,306031160,Johnstone,30603116020,3116020,465,473
30603116021-KEN,KENNEDY,306031160,Johnstone,30603116021,3116021,283,295
30603116023-KEN,KENNEDY,306031160,Johnstone,30603116023,3116023,201,203
30603116024-KEN,KENNEDY,306031160,Johnstone,30603116024,3116024,174,180
30603116025-KEN,KENNEDY,306031160,Johnstone,30603116025,3116025,238,241
30603116027-KEN,KENNEDY,306031160,Johnstone,30603116027,3116027,71,74
30603116028-KEN,KENNEDY,306031160,Johnstone,30603116028,3116028,163,169
30603116101-KEN,KENNEDY,306031161,Tully,30603116101,3116101,234,242
30603116102-KEN,KENNEDY,306031161,Tully,30603116102,3116102,107,107
30603116103-KEN,KENNEDY,306031161,Tully,30603116103,3116103,185,187
30603116104-KEN,KENNEDY,306031161,Tully,30603116104,3116104,4,4
30603116105-KEN,KENNEDY,306031161,Tully,30603116105,3116105,134,140
30603116106-KEN,KENNEDY,306031161,Tully,30603116106,3116106,0,0
30603116107-KEN,KENNEDY,306031161,Tully,30603116107,3116107,146,142
30603116108-KEN,KENNEDY,306031161,Tully,30603116108,3116108,0,0
30603116109-KEN,KENNEDY,306031161,Tully,30603116109,3116109,203,211
30603116110-KEN,KENNEDY,306031161,Tully,30603116110,3116110,207,211
30603116112-KEN,KENNEDY,306031161,Tully,30603116112,3116112,506,548
30603116113-KEN,KENNEDY,306031161,Tully,30603116113,3116113,265,268
30603116114-KEN,KENNEDY,306031161,Tully,30603116114,3116114,286,292
30603116115-KEN,KENNEDY,306031161,Tully,30603116115,3116115,18,19
30603116116-KEN,KENNEDY,306031161,Tully,30603116116,3116116,408,398
30603116117-KEN,KENNEDY,306031161,Tully,30603116117,3116117,162,168
30603116118-KEN,KENNEDY,306031161,Tully,30603116118,3116118,235,234
30603116119-KEN,KENNEDY,306031161,Tully,30603116119,3116119,322,336
30603116120-KEN,KENNEDY,306031161,Tully,30603116120,3116120,351,373
30603116121-KEN,KENNEDY,306031161,Tully,30603116121,3116121,228,236
30603116122-KEN,KENNEDY,306031161,Tully,30603116122,3116122,306,310
30603116123-KEN,KENNEDY,306031161,Tully,30603116123,3116123,277,286
30603116124-KEN,KENNEDY,306031161,Tully,30603116124,3116124,460,491
30603116125-KEN,KENNEDY,306031161,Tully,30603116125,3116125,151,158
30603116126-KEN,KENNEDY,306031161,Tully,30603116126,3116126,477,518
30603116127-KEN,KENNEDY,306031161,Tully,30603116127,3116127,193,201
30603116128-KEN,KENNEDY,306031161,Tully,30603116128,3116128,164,163
30603116129-KEN,KENNEDY,306031161,Tully,30603116129,3116129,154,162
30603116130-KEN,KENNEDY,306031161,Tully,30603116130,3116130,283,276
30603116131-KEN,KENNEDY,306031161,Tully,30603116131,3116131,93,91
30603116132-KEN,KENNEDY,306031161,Tully,30603116132,3116132,151,157
30603116133-KEN,KENNEDY,306031161,Tully,30603116133,3116133,340,346
30603116134-KEN,KENNEDY,306031161,Tully,30603116134,3116134,302,313
30603116135-KEN,KENNEDY,306031161,Tully,30603116135,3116135,221,229
30603116136-KEN,KENNEDY,306031161,Tully,30603116136,3116136,85,88
30603116137-KEN,KENNEDY,306031161,Tully,30603116137,3116137,0,0
30603116138-KEN,KENNEDY,306031161,Tully,30603116138,3116138,19,20
30603116139-KEN,KENNEDY,306031161,Tully,30603116139,3116139,1,1
30603116140-KEN,KENNEDY,306031161,Tully,30603116140,3116140,166,181
30603116141-KEN,KENNEDY,306031161,Tully,30603116141,3116141,129,136
30603116142-KEN,KENNEDY,306031161,Tully,30603116142,3116142,133,137
30603116143-KEN,KENNEDY,306031161,Tully,30603116143,3116143,162,164
30603116144-KEN,KENNEDY,306031161,Tully,30603116144,3116144,366,386
30603116201-KEN,KENNEDY,306031162,Wooroonooran,30603116201,3116201,0,0
30603116301-KEN,KENNEDY,306031163,Yarrabah,30603116301,3116301,1048,1110
30603116302-KEN,KENNEDY,306031163,Yarrabah,30603116302,3116302,685,752
30604116401-LEI,LEICHHARDT,306041164,Daintree,30604116401,3116401,175,177
30604116402-LEI,LEICHHARDT,306041164,Daintree,30604116402,3116402,241,256
30604116403-LEI,LEICHHARDT,306041164,Daintree,30604116403,3116403,228,237
30604116404-LEI,LEICHHARDT,306041164,Daintree,30604116404,3116404,298,306
30604116405-LEI,LEICHHARDT,306041164,Daintree,30604116405,3116405,317,327
30604116406-LEI,LEICHHARDT,306041164,Daintree,30604116406,3116406,440,467
30604116407-LEI,LEICHHARDT,306041164,Daintree,30604116407,3116407,255,257
30604116408-LEI,LEICHHARDT,306041164,Daintree,30604116408,3116408,66,68
30604116409-LEI,LEICHHARDT,306041164,Daintree,30604116409,3116409,400,419
30604116410-LEI,LEICHHARDT,306041164,Daintree,30604116410,3116410,371,393
30604116411-LEI,LEICHHARDT,306041164,Daintree,30604116411,3116411,369,402
30604116412-LEI,LEICHHARDT,306041164,Daintree,30604116412,3116412,225,242
30604116413-LEI,LEICHHARDT,306041164,Daintree,30604116413,3116413,394,411
30604116414-LEI,LEICHHARDT,306041164,Daintree,30604116414,3116414,280,291
30604116416-LEI,LEICHHARDT,306041164,Daintree,30604116416,3116416,292,311
30604116417-LEI,LEICHHARDT,306041164,Daintree,30604116417,3116417,341,354
30604116418-LEI,LEICHHARDT,306041164,Daintree,30604116418,3116418,0,0
30604116419-LEI,LEICHHARDT,306041164,Daintree,30604116419,3116419,181,194
30604116420-LEI,LEICHHARDT,306041164,Daintree,30604116420,3116420,76,75
30604116421-LEI,LEICHHARDT,306041164,Daintree,30604116421,3116421,194,202
30604116422-LEI,LEICHHARDT,306041164,Daintree,30604116422,3116422,412,430
30604116501-LEI,LEICHHARDT,306041165,Port Douglas,30604116501,3116501,184,202
30604116502-LEI,LEICHHARDT,306041165,Port Douglas,30604116502,3116502,158,166
30604116503-LEI,LEICHHARDT,306041165,Port Douglas,30604116503,3116503,168,184
30604116505-LEI,LEICHHARDT,306041165,Port Douglas,30604116505,3116505,381,409
30604116506-LEI,LEICHHARDT,306041165,Port Douglas,30604116506,3116506,312,324
30604116508-LEI,LEICHHARDT,306041165,Port Douglas,30604116508,3116508,451,446
30604116509-LEI,LEICHHARDT,306041165,Port Douglas,30604116509,3116509,167,183
30604116511-LEI,LEICHHARDT,306041165,Port Douglas,30604116511,3116511,275,308
30604116513-LEI,LEICHHARDT,306041165,Port Douglas,30604116513,3116513,374,404
30604116514-LEI,LEICHHARDT,306041165,Port Douglas,30604116514,3116514,218,225
30604116516-LEI,LEICHHARDT,306041165,Port Douglas,30604116516,3116516,242,239
30604116517-LEI,LEICHHARDT,306041165,Port Douglas,30604116517,3116517,220,231
30604116518-LEI,LEICHHARDT,306041165,Port Douglas,30604116518,3116518,13,14
30604116519-LEI,LEICHHARDT,306041165,Port Douglas,30604116519,3116519,306,328
30604116520-LEI,LEICHHARDT,306041165,Port Douglas,30604116520,3116520,343,339
30605116601-KEN,KENNEDY,306051166,Atherton,30605116601,3116601,369,403
30605116602-KEN,KENNEDY,306051166,Atherton,30605116602,3116602,406,421
30605116603-KEN,KENNEDY,306051166,Atherton,30605116603,3116603,520,546
30605116604-KEN,KENNEDY,306051166,Atherton,30605116604,3116604,342,346
30605116605-KEN,KENNEDY,306051166,Atherton,30605116605,3116605,329,320
30605116606-KEN,KENNEDY,306051166,Atherton,30605116606,3116606,441,436
30605116607-KEN,KENNEDY,306051166,Atherton,30605116607,3116607,247,259
30605116608-KEN,KENNEDY,306051166,Atherton,30605116608,3116608,297,296
30605116609-KEN,KENNEDY,306051166,Atherton,30605116609,3116609,408,428
30605116610-KEN,KENNEDY,306051166,Atherton,30605116610,3116610,363,371
30605116611-KEN,KENNEDY,306051166,Atherton,30605116611,3116611,431,449
30605116612-KEN,KENNEDY,306051166,Atherton,30605116612,3116612,328,361
30605116613-KEN,KENNEDY,306051166,Atherton,30605116613,3116613,437,434
30605116614-KEN,KENNEDY,306051166,Atherton,30605116614,3116614,355,364
30605116615-KEN,KENNEDY,306051166,Atherton,30605116615,3116615,328,319
30605116616-KEN,KENNEDY,306051166,Atherton,30605116616,3116616,348,364
30605116619-KEN,KENNEDY,306051166,Atherton,30605116619,3116619,124,127
30605116620-KEN,KENNEDY,306051166,Atherton,30605116620,3116620,216,230
30605116622-KEN,KENNEDY,306051166,Atherton,30605116622,3116622,329,339
30605116623-KEN,KENNEDY,306051166,Atherton,30605116623,3116623,363,373
30605116624-KEN,KENNEDY,306051166,Atherton,30605116624,3116624,420,438
30605116625-KEN,KENNEDY,306051166,Atherton,30605116625,3116625,373,385
30605116626-KEN,KENNEDY,306051166,Atherton,30605116626,3116626,218,225
30605116628-KEN,KENNEDY,306051166,Atherton,30605116628,3116628,300,297
30605116629-KEN,KENNEDY,306051166,Atherton,30605116629,3116629,382,391
30605116630-KEN,KENNEDY,306051166,Atherton,30605116630,3116630,96,101
30605116631-KEN,KENNEDY,306051166,Atherton,30605116631,3116631,139,141
30605116632-KEN,KENNEDY,306051166,Atherton,30605116632,3116632,63,66
30605116633-KEN,KENNEDY,306051166,Atherton,30605116633,3116633,275,280
30605116701-KEN,KENNEDY,306051167,Herberton,30605116701,3116701,190,193
30605116702-KEN,KENNEDY,306051167,Herberton,30605116702,3116702,120,120
30605116703-KEN,KENNEDY,306051167,Herberton,30605116703,3116703,300,308
30605116704-KEN,KENNEDY,306051167,Herberton,30605116704,3116704,391,393
30605116705-KEN,KENNEDY,306051167,Herberton,30605116705,3116705,474,484
30605116706-KEN,KENNEDY,306051167,Herberton,30605116706,3116706,204,201
30605116707-KEN,KENNEDY,306051167,Herberton,30605116707,3116707,244,245
30605116708-KEN,KENNEDY,306051167,Herberton,30605116708,3116708,288,317
30605116709-KEN,KENNEDY,306051167,Herberton,30605116709,3116709,266,273
30605116710-KEN,KENNEDY,306051167,Herberton,30605116710,3116710,113,128
30605116711-KEN,KENNEDY,306051167,Herberton,30605116711,3116711,299,304
30605116712-KEN,KENNEDY,306051167,Herberton,30605116712,3116712,301,303
30605116713-KEN,KENNEDY,306051167,Herberton,30605116713,3116713,284,290
30605116714-KEN,KENNEDY,306051167,Herberton,30605116714,3116714,177,172
30605116715-KEN,KENNEDY,306051167,Herberton,30605116715,3116715,185,179
30605116717-KEN,KENNEDY,306051167,Herberton,30605116717,3116717,421,424
30605116801-KEN,KENNEDY,306051168,Kuranda,30605116801,3116801,0,0
30605116801-LEI,LEICHHARDT,306051168,Kuranda,30605116801,3116801,0,0
30605116802-KEN,KENNEDY,306051168,Kuranda,30605116802,3116802,0,0
30605116803-LEI,LEICHHARDT,306051168,Kuranda,30605116803,3116803,204,209
30605116804-LEI,LEICHHARDT,306051168,Kuranda,30605116804,3116804,3,3
30605116805-LEI,LEICHHARDT,306051168,Kuranda,30605116805,3116805,318,322
30605116806-LEI,LEICHHARDT,306051168,Kuranda,30605116806,3116806,346,350
30605116807-LEI,LEICHHARDT,306051168,Kuranda,30605116807,3116807,403,415
30605116808-LEI,LEICHHARDT,306051168,Kuranda,30605116808,3116808,299,298
30605116809-LEI,LEICHHARDT,306051168,Kuranda,30605116809,3116809,372,400
30605116810-LEI,LEICHHARDT,306051168,Kuranda,30605116810,3116810,262,256
30605116811-LEI,LEICHHARDT,306051168,Kuranda,30605116811,3116811,447,485
30605116812-KEN,KENNEDY,306051168,Kuranda,30605116812,3116812,169,171
30605116812-LEI,LEICHHARDT,306051168,Kuranda,30605116812,3116812,403,408
30605116814-KEN,KENNEDY,306051168,Kuranda,30605116814,3116814,6,6
30605116814-LEI,LEICHHARDT,306051168,Kuranda,30605116814,3116814,126,129
30605116816-LEI,LEICHHARDT,306051168,Kuranda,30605116816,3116816,56,57
30605116817-LEI,LEICHHARDT,306051168,Kuranda,30605116817,3116817,17,19
30605116818-LEI,LEICHHARDT,306051168,Kuranda,30605116818,3116818,327,327
30605116901-KEN,KENNEDY,306051169,Malanda - Yungaburra,30605116901,3116901,190,188
30605116902-KEN,KENNEDY,306051169,Malanda - Yungaburra,30605116902,3116902,166,168
30605116903-KEN,KENNEDY,306051169,Malanda - Yungaburra,30605116903,3116903,183,181
30605116904-KEN,KENNEDY,306051169,Malanda - Yungaburra,30605116904,3116904,324,323
30605116905-KEN,KENNEDY,306051169,Malanda - Yungaburra,30605116905,3116905,329,348
30605116906-KEN,KENNEDY,306051169,Malanda - Yungaburra,30605116906,3116906,383,394
30605116907-KEN,KENNEDY,306051169,Malanda - Yungaburra,30605116907,3116907,183,191
30605116908-KEN,KENNEDY,306051169,Malanda - Yungaburra,30605116908,3116908,116,117
30605116909-KEN,KENNEDY,306051169,Malanda - Yungaburra,30605116909,3116909,145,148
30605116910-KEN,KENNEDY,306051169,Malanda - Yungaburra,30605116910,3116910,640,629
30605116911-KEN,KENNEDY,306051169,Malanda - Yungaburra,30605116911,3116911,378,399
30605116912-KEN,KENNEDY,306051169,Malanda - Yungaburra,30605116912,3116912,0,0
30605116913-KEN,KENNEDY,306051169,Malanda - Yungaburra,30605116913,3116913,370,385
30605116914-KEN,KENNEDY,306051169,Malanda - Yungaburra,30605116914,3116914,265,268
30605116915-KEN,KENNEDY,306051169,Malanda - Yungaburra,30605116915,3116915,201,202
30605116916-KEN,KENNEDY,306051169,Malanda - Yungaburra,30605116916,3116916,242,246
30605116917-KEN,KENNEDY,306051169,Malanda - Yungaburra,30605116917,3116917,140,136
30605116918-KEN,KENNEDY,306051169,Malanda - Yungaburra,30605116918,3116918,244,251
30605116919-KEN,KENNEDY,306051169,Malanda - Yungaburra,30605116919,3116919,319,329
30605116920-KEN,KENNEDY,306051169,Malanda - Yungaburra,30605116920,3116920,230,244
30605116921-KEN,KENNEDY,306051169,Malanda - Yungaburra,30605116921,3116921,139,144
30605116922-KEN,KENNEDY,306051169,Malanda - Yungaburra,30605116922,3116922,199,202
30605116923-KEN,KENNEDY,306051169,Malanda - Yungaburra,30605116923,3116923,693,706
30605116924-KEN,KENNEDY,306051169,Malanda - Yungaburra,30605116924,3116924,199,208
30605116925-KEN,KENNEDY,306051169,Malanda - Yungaburra,30605116925,3116925,239,258
30605116926-KEN,KENNEDY,306051169,Malanda - Yungaburra,30605116926,3116926,161,160
30605116927-KEN,KENNEDY,306051169,Malanda - Yungaburra,30605116927,3116927,195,200
30605116928-KEN,KENNEDY,306051169,Malanda - Yungaburra,30605116928,3116928,206,211
30605116929-KEN,KENNEDY,306051169,Malanda - Yungaburra,30605116929,3116929,106,108
30605116930-KEN,KENNEDY,306051169,Malanda - Yungaburra,30605116930,3116930,389,389
30605117002-KEN,KENNEDY,306051170,Mareeba,30605117002,3117002,396,415
30605117003-KEN,KENNEDY,306051170,Mareeba,30605117003,3117003,473,491
30605117004-KEN,KENNEDY,306051170,Mareeba,30605117004,3117004,236,231
30605117005-KEN,KENNEDY,306051170,Mareeba,30605117005,3117005,572,612
30605117006-KEN,KENNEDY,306051170,Mareeba,30605117006,3117006,265,278
30605117007-KEN,KENNEDY,306051170,Mareeba,30605117007,3117007,162,172
30605117008-KEN,KENNEDY,306051170,Mareeba,30605117008,3117008,211,221
30605117009-KEN,KENNEDY,306051170,Mareeba,30605117009,3117009,197,204
30605117010-KEN,KENNEDY,306051170,Mareeba,30605117010,3117010,465,484
30605117011-KEN,KENNEDY,306051170,Mareeba,30605117011,3117011,353,374
30605117012-KEN,KENNEDY,306051170,Mareeba,30605117012,3117012,246,255
30605117013-KEN,KENNEDY,306051170,Mareeba,30605117013,3117013,161,158
30605117014-KEN,KENNEDY,306051170,Mareeba,30605117014,3117014,393,385
30605117015-KEN,KENNEDY,306051170,Mareeba,30605117015,3117015,429,420
30605117016-KEN,KENNEDY,306051170,Mareeba,30605117016,3117016,484,474
30605117017-KEN,KENNEDY,306051170,Mareeba,30605117017,3117017,486,508
30605117018-KEN,KENNEDY,306051170,Mareeba,30605117018,3117018,206,214
30605117019-KEN,KENNEDY,306051170,Mareeba,30605117019,3117019,390,405
30605117020-KEN,KENNEDY,306051170,Mareeba,30605117020,3117020,347,374
30605117021-KEN,KENNEDY,306051170,Mareeba,30605117021,3117021,369,376
30605117022-KEN,KENNEDY,306051170,Mareeba,30605117022,3117022,333,344
30605117023-KEN,KENNEDY,306051170,Mareeba,30605117023,3117023,497,532
30605117024-KEN,KENNEDY,306051170,Mareeba,30605117024,3117024,458,482
30605117026-KEN,KENNEDY,306051170,Mareeba,30605117026,3117026,315,331
30605117027-KEN,KENNEDY,306051170,Mareeba,30605117027,3117027,381,401
30605117028-KEN,KENNEDY,306051170,Mareeba,30605117028,3117028,375,386
30701117101-MAR,MARANOA,307011171,Balonne,30701117101,3117101,304,332
30701117102-MAR,MARANOA,307011171,Balonne,30701117102,3117102,246,245
30701117103-MAR,MARANOA,307011171,Balonne,30701117103,3117103,245,249
30701117104-MAR,MARANOA,307011171,Balonne,30701117104,3117104,295,292
30701117105-MAR,MARANOA,307011171,Balonne,30701117105,3117105,285,291
30701117106-MAR,MARANOA,307011171,Balonne,30701117106,3117106,178,172
30701117107-MAR,MARANOA,307011171,Balonne,30701117107,3117107,227,236
30701117108-MAR,MARANOA,307011171,Balonne,30701117108,3117108,287,301
30701117109-MAR,MARANOA,307011171,Balonne,30701117109,3117109,211,206
30701117110-MAR,MARANOA,307011171,Balonne,30701117110,3117110,264,262
30701117111-MAR,MARANOA,307011171,Balonne,30701117111,3117111,189,185
30701117112-MAR,MARANOA,307011171,Balonne,30701117112,3117112,302,308
30701117113-MAR,MARANOA,307011171,Balonne,30701117113,3117113,197,202
30701117114-MAR,MARANOA,307011171,Balonne,30701117114,3117114,0,0
30701117201-MAR,MARANOA,307011172,Chinchilla,30701117201,3117201,287,293
30701117202-MAR,MARANOA,307011172,Chinchilla,30701117202,3117202,319,312
30701117203-MAR,MARANOA,307011172,Chinchilla,30701117203,3117203,304,322
30701117204-MAR,MARANOA,307011172,Chinchilla,30701117204,3117204,300,320
30701117205-MAR,MARANOA,307011172,Chinchilla,30701117205,3117205,542,544
30701117206-MAR,MARANOA,307011172,Chinchilla,30701117206,3117206,573,596
30701117207-MAR,MARANOA,307011172,Chinchilla,30701117207,3117207,293,316
30701117208-MAR,MARANOA,307011172,Chinchilla,30701117208,3117208,146,155
30701117209-MAR,MARANOA,307011172,Chinchilla,30701117209,3117209,357,350
30701117210-MAR,MARANOA,307011172,Chinchilla,30701117210,3117210,188,204
30701117211-MAR,MARANOA,307011172,Chinchilla,30701117211,3117211,405,421
30701117212-MAR,MARANOA,307011172,Chinchilla,30701117212,3117212,165,177
30701117213-MAR,MARANOA,307011172,Chinchilla,30701117213,3117213,292,309
30701117214-MAR,MARANOA,307011172,Chinchilla,30701117214,3117214,235,241
30701117215-MAR,MARANOA,307011172,Chinchilla,30701117215,3117215,251,265
30701117216-MAR,MARANOA,307011172,Chinchilla,30701117216,3117216,256,272
30701117217-MAR,MARANOA,307011172,Chinchilla,30701117217,3117217,170,177
30701117219-MAR,MARANOA,307011172,Chinchilla,30701117219,3117219,488,478
30701117220-MAR,MARANOA,307011172,Chinchilla,30701117220,3117220,555,604
30701117301-MAR,MARANOA,307011173,Goondiwindi,30701117301,3117301,194,205
30701117302-MAR,MARANOA,307011173,Goondiwindi,30701117302,3117302,274,283
30701117303-MAR,MARANOA,307011173,Goondiwindi,30701117303,3117303,295,306
30701117304-MAR,MARANOA,307011173,Goondiwindi,30701117304,3117304,201,198
30701117305-MAR,MARANOA,307011173,Goondiwindi,30701117305,3117305,144,149
30701117306-MAR,MARANOA,307011173,Goondiwindi,30701117306,3117306,228,228
30701117307-MAR,MARANOA,307011173,Goondiwindi,30701117307,3117307,204,198
30701117308-MAR,MARANOA,307011173,Goondiwindi,30701117308,3117308,422,437
30701117309-MAR,MARANOA,307011173,Goondiwindi,30701117309,3117309,174,184
30701117310-MAR,MARANOA,307011173,Goondiwindi,30701117310,3117310,192,187
30701117311-MAR,MARANOA,307011173,Goondiwindi,30701117311,3117311,365,391
30701117312-MAR,MARANOA,307011173,Goondiwindi,30701117312,3117312,186,194
30701117313-MAR,MARANOA,307011173,Goondiwindi,30701117313,3117313,151,155
30701117314-MAR,MARANOA,307011173,Goondiwindi,30701117314,3117314,301,305
30701117316-MAR,MARANOA,307011173,Goondiwindi,30701117316,3117316,232,237
30701117317-MAR,MARANOA,307011173,Goondiwindi,30701117317,3117317,245,238
30701117318-MAR,MARANOA,307011173,Goondiwindi,30701117318,3117318,226,245
30701117319-MAR,MARANOA,307011173,Goondiwindi,30701117319,3117319,158,171
30701117320-MAR,MARANOA,307011173,Goondiwindi,30701117320,3117320,354,354
30701117321-MAR,MARANOA,307011173,Goondiwindi,30701117321,3117321,118,124
30701117401-MAR,MARANOA,307011174,Inglewood - Waggamba,30701117401,3117401,240,248
30701117402-MAR,MARANOA,307011174,Inglewood - Waggamba,30701117402,3117402,193,196
30701117403-MAR,MARANOA,307011174,Inglewood - Waggamba,30701117403,3117403,284,291
30701117404-MAR,MARANOA,307011174,Inglewood - Waggamba,30701117404,3117404,343,352
30701117405-MAR,MARANOA,307011174,Inglewood - Waggamba,30701117405,3117405,145,142
30701117406-MAR,MARANOA,307011174,Inglewood - Waggamba,30701117406,3117406,246,235
30701117407-MAR,MARANOA,307011174,Inglewood - Waggamba,30701117407,3117407,134,128
30701117408-MAR,MARANOA,307011174,Inglewood - Waggamba,30701117408,3117408,148,148
30701117409-MAR,MARANOA,307011174,Inglewood - Waggamba,30701117409,3117409,327,328
30701117410-MAR,MARANOA,307011174,Inglewood - Waggamba,30701117410,3117410,219,215
30701117411-MAR,MARANOA,307011174,Inglewood - Waggamba,30701117411,3117411,281,277
30701117412-MAR,MARANOA,307011174,Inglewood - Waggamba,30701117412,3117412,423,422
30701117413-MAR,MARANOA,307011174,Inglewood - Waggamba,30701117413,3117413,324,311
30701117502-MAR,MARANOA,307011175,Miles - Wandoan,30701117502,3117502,142,145
30701117503-MAR,MARANOA,307011175,Miles - Wandoan,30701117503,3117503,361,367
30701117504-MAR,MARANOA,307011175,Miles - Wandoan,30701117504,3117504,540,530
30701117505-MAR,MARANOA,307011175,Miles - Wandoan,30701117505,3117505,119,131
30701117506-MAR,MARANOA,307011175,Miles - Wandoan,30701117506,3117506,248,256
30701117507-MAR,MARANOA,307011175,Miles - Wandoan,30701117507,3117507,348,374
30701117509-MAR,MARANOA,307011175,Miles - Wandoan,30701117509,3117509,192,190
30701117510-MAR,MARANOA,307011175,Miles - Wandoan,30701117510,3117510,81,79
30701117511-MAR,MARANOA,307011175,Miles - Wandoan,30701117511,3117511,226,226
30701117512-MAR,MARANOA,307011175,Miles - Wandoan,30701117512,3117512,295,304
30701117513-MAR,MARANOA,307011175,Miles - Wandoan,30701117513,3117513,204,203
30701117514-MAR,MARANOA,307011175,Miles - Wandoan,30701117514,3117514,315,335
30701117602-MAR,MARANOA,307011176,Roma,30701117602,3117602,222,229
30701117603-MAR,MARANOA,307011176,Roma,30701117603,3117603,437,430
30701117604-MAR,MARANOA,307011176,Roma,30701117604,3117604,293,310
30701117605-MAR,MARANOA,307011176,Roma,30701117605,3117605,222,235
30701117606-MAR,MARANOA,307011176,Roma,30701117606,3117606,188,191
30701117607-MAR,MARANOA,307011176,Roma,30701117607,3117607,195,196
30701117608-MAR,MARANOA,307011176,Roma,30701117608,3117608,255,263
30701117609-MAR,MARANOA,307011176,Roma,30701117609,3117609,281,286
30701117610-MAR,MARANOA,307011176,Roma,30701117610,3117610,240,243
30701117611-MAR,MARANOA,307011176,Roma,30701117611,3117611,228,232
30701117612-MAR,MARANOA,307011176,Roma,30701117612,3117612,228,224
30701117613-MAR,MARANOA,307011176,Roma,30701117613,3117613,190,201
30701117614-MAR,MARANOA,307011176,Roma,30701117614,3117614,233,233
30701117615-MAR,MARANOA,307011176,Roma,30701117615,3117615,229,239
30701117616-MAR,MARANOA,307011176,Roma,30701117616,3117616,428,443
30701117617-MAR,MARANOA,307011176,Roma,30701117617,3117617,369,367
30701117618-MAR,MARANOA,307011176,Roma,30701117618,3117618,376,395
30701117619-MAR,MARANOA,307011176,Roma,30701117619,3117619,88,87
30701117620-MAR,MARANOA,307011176,Roma,30701117620,3117620,180,187
30701117701-MAR,MARANOA,307011177,Roma Surrounds,30701117701,3117701,150,148
30701117702-MAR,MARANOA,307011177,Roma Surrounds,30701117702,3117702,136,143
30701117703-MAR,MARANOA,307011177,Roma Surrounds,30701117703,3117703,173,186
30701117704-MAR,MARANOA,307011177,Roma Surrounds,30701117704,3117704,203,219
30701117705-MAR,MARANOA,307011177,Roma Surrounds,30701117705,3117705,162,172
30701117706-MAR,MARANOA,307011177,Roma Surrounds,30701117706,3117706,344,354
30701117707-MAR,MARANOA,307011177,Roma Surrounds,30701117707,3117707,152,147
30701117708-MAR,MARANOA,307011177,Roma Surrounds,30701117708,3117708,311,312
30701117709-MAR,MARANOA,307011177,Roma Surrounds,30701117709,3117709,239,241
30701117710-MAR,MARANOA,307011177,Roma Surrounds,30701117710,3117710,203,207
30701117711-MAR,MARANOA,307011177,Roma Surrounds,30701117711,3117711,209,211
30701117712-MAR,MARANOA,307011177,Roma Surrounds,30701117712,3117712,430,430
30701117713-MAR,MARANOA,307011177,Roma Surrounds,30701117713,3117713,349,357
30701117714-MAR,MARANOA,307011177,Roma Surrounds,30701117714,3117714,90,87
30701117715-MAR,MARANOA,307011177,Roma Surrounds,30701117715,3117715,294,296
30701117716-MAR,MARANOA,307011177,Roma Surrounds,30701117716,3117716,243,246
30701117717-FLY,FLYNN,307011177,Roma Surrounds,30701117717,3117717,0,0
30701117717-MAR,MARANOA,307011177,Roma Surrounds,30701117717,3117717,153,155
30701117719-MAR,MARANOA,307011177,Roma Surrounds,30701117719,3117719,277,285
30701117720-MAR,MARANOA,307011177,Roma Surrounds,30701117720,3117720,124,120
30701117721-MAR,MARANOA,307011177,Roma Surrounds,30701117721,3117721,269,273
30701117801-MAR,MARANOA,307011178,Tara,30701117801,3117801,253,249
30701117802-MAR,MARANOA,307011178,Tara,30701117802,3117802,282,278
30701117803-MAR,MARANOA,307011178,Tara,30701117803,3117803,283,291
30701117804-MAR,MARANOA,307011178,Tara,30701117804,3117804,164,159
30701117805-MAR,MARANOA,307011178,Tara,30701117805,3117805,315,324
30701117806-MAR,MARANOA,307011178,Tara,30701117806,3117806,500,504
30701117807-MAR,MARANOA,307011178,Tara,30701117807,3117807,351,374
30701117810-MAR,MARANOA,307011178,Tara,30701117810,3117810,234,232
30701117811-MAR,MARANOA,307011178,Tara,30701117811,3117811,223,222
30701117812-MAR,MARANOA,307011178,Tara,30701117812,3117812,281,277
30701117813-MAR,MARANOA,307011178,Tara,30701117813,3117813,133,139
30701117814-MAR,MARANOA,307011178,Tara,30701117814,3117814,232,235
30701117815-MAR,MARANOA,307011178,Tara,30701117815,3117815,157,160
30702117901-MAR,MARANOA,307021179,Crows Nest - Rosalie,30702117901,3117901,312,329
30702117902-MAR,MARANOA,307021179,Crows Nest - Rosalie,30702117902,3117902,232,226
30702117903-MAR,MARANOA,307021179,Crows Nest - Rosalie,30702117903,3117903,210,224
30702117904-MAR,MARANOA,307021179,Crows Nest - Rosalie,30702117904,3117904,494,489
30702117905-MAR,MARANOA,307021179,Crows Nest - Rosalie,30702117905,3117905,500,521
30702117906-MAR,MARANOA,307021179,Crows Nest - Rosalie,30702117906,3117906,221,218
30702117907-MAR,MARANOA,307021179,Crows Nest - Rosalie,30702117907,3117907,215,209
30702117908-MAR,MARANOA,307021179,Crows Nest - Rosalie,30702117908,3117908,447,467
30702117909-MAR,MARANOA,307021179,Crows Nest - Rosalie,30702117909,3117909,391,396
30702117910-MAR,MARANOA,307021179,Crows Nest - Rosalie,30702117910,3117910,274,277
30702117911-GRO,GROOM,307021179,Crows Nest - Rosalie,30702117911,3117911,21,21
30702117911-MAR,MARANOA,307021179,Crows Nest - Rosalie,30702117911,3117911,168,169
30702117912-MAR,MARANOA,307021179,Crows Nest - Rosalie,30702117912,3117912,235,244
30702117913-GRO,GROOM,307021179,Crows Nest - Rosalie,30702117913,3117913,2,2
30702117913-MAR,MARANOA,307021179,Crows Nest - Rosalie,30702117913,3117913,263,276
30702117914-MAR,MARANOA,307021179,Crows Nest - Rosalie,30702117914,3117914,362,373
30702117915-GRO,GROOM,307021179,Crows Nest - Rosalie,30702117915,3117915,225,226
30702117916-GRO,GROOM,307021179,Crows Nest - Rosalie,30702117916,3117916,418,432
30702117917-GRO,GROOM,307021179,Crows Nest - Rosalie,30702117917,3117917,337,354
30702117918-GRO,GROOM,307021179,Crows Nest - Rosalie,30702117918,3117918,277,275
30702117918-MAR,MARANOA,307021179,Crows Nest - Rosalie,30702117918,3117918,206,204
30702117919-GRO,GROOM,307021179,Crows Nest - Rosalie,30702117919,3117919,164,173
30702117919-MAR,MARANOA,307021179,Crows Nest - Rosalie,30702117919,3117919,205,217
30702117920-GRO,GROOM,307021179,Crows Nest - Rosalie,30702117920,3117920,195,209
30702117920-MAR,MARANOA,307021179,Crows Nest - Rosalie,30702117920,3117920,53,57
30702117921-GRO,GROOM,307021179,Crows Nest - Rosalie,30702117921,3117921,139,141
30702117922-GRO,GROOM,307021179,Crows Nest - Rosalie,30702117922,3117922,297,300
30702117923-GRO,GROOM,307021179,Crows Nest - Rosalie,30702117923,3117923,320,327
30702117924-GRO,GROOM,307021179,Crows Nest - Rosalie,30702117924,3117924,185,202
30702117924-MAR,MARANOA,307021179,Crows Nest - Rosalie,30702117924,3117924,224,244
30702118001-GRO,GROOM,307021180,Jondaryan,30702118001,3118001,150,150
30702118002-GRO,GROOM,307021180,Jondaryan,30702118002,3118002,237,253
30702118003-GRO,GROOM,307021180,Jondaryan,30702118003,3118003,374,363
30702118004-GRO,GROOM,307021180,Jondaryan,30702118004,3118004,264,287
30702118005-GRO,GROOM,307021180,Jondaryan,30702118005,3118005,398,387
30702118006-GRO,GROOM,307021180,Jondaryan,30702118006,3118006,201,195
30702118007-GRO,GROOM,307021180,Jondaryan,30702118007,3118007,310,345
30702118008-GRO,GROOM,307021180,Jondaryan,30702118008,3118008,260,253
30702118009-GRO,GROOM,307021180,Jondaryan,30702118009,3118009,303,307
30702118010-GRO,GROOM,307021180,Jondaryan,30702118010,3118010,138,145
30702118011-GRO,GROOM,307021180,Jondaryan,30702118011,3118011,162,173
30702118012-GRO,GROOM,307021180,Jondaryan,30702118012,3118012,305,305
30702118013-GRO,GROOM,307021180,Jondaryan,30702118013,3118013,129,128
30702118014-GRO,GROOM,307021180,Jondaryan,30702118014,3118014,220,236
30702118015-GRO,GROOM,307021180,Jondaryan,30702118015,3118015,181,176
30702118016-GRO,GROOM,307021180,Jondaryan,30702118016,3118016,236,241
30702118017-GRO,GROOM,307021180,Jondaryan,30702118017,3118017,194,201
30702118018-GRO,GROOM,307021180,Jondaryan,30702118018,3118018,214,223
30702118019-GRO,GROOM,307021180,Jondaryan,30702118019,3118019,353,374
30702118020-GRO,GROOM,307021180,Jondaryan,30702118020,3118020,281,290
30702118021-GRO,GROOM,307021180,Jondaryan,30702118021,3118021,307,322
30702118022-GRO,GROOM,307021180,Jondaryan,30702118022,3118022,214,217
30702118023-GRO,GROOM,307021180,Jondaryan,30702118023,3118023,92,96
30702118024-GRO,GROOM,307021180,Jondaryan,30702118024,3118024,189,193
30702118024-MAR,MARANOA,307021180,Jondaryan,30702118024,3118024,41,42
30702118101-MAR,MARANOA,307021181,Millmerran,30702118101,3118101,147,156
30702118102-MAR,MARANOA,307021181,Millmerran,30702118102,3118102,282,300
30702118103-MAR,MARANOA,307021181,Millmerran,30702118103,3118103,191,205
30702118104-MAR,MARANOA,307021181,Millmerran,30702118104,3118104,380,392
30702118105-MAR,MARANOA,307021181,Millmerran,30702118105,3118105,150,151
30702118106-MAR,MARANOA,307021181,Millmerran,30702118106,3118106,98,103
30702118107-MAR,MARANOA,307021181,Millmerran,30702118107,3118107,232,232
30702118108-MAR,MARANOA,307021181,Millmerran,30702118108,3118108,150,156
30702118109-MAR,MARANOA,307021181,Millmerran,30702118109,3118109,465,474
30702118110-MAR,MARANOA,307021181,Millmerran,30702118110,3118110,156,159
30702118111-MAR,MARANOA,307021181,Millmerran,30702118111,3118111,190,199
30702118201-GRO,GROOM,307021182,Pittsworth,30702118201,3118201,212,212
30702118202-GRO,GROOM,307021182,Pittsworth,30702118202,3118202,205,205
30702118203-GRO,GROOM,307021182,Pittsworth,30702118203,3118203,264,277
30702118204-GRO,GROOM,307021182,Pittsworth,30702118204,3118204,210,212
30702118205-GRO,GROOM,307021182,Pittsworth,30702118205,3118205,238,236
30702118206-GRO,GROOM,307021182,Pittsworth,30702118206,3118206,214,208
30702118207-GRO,GROOM,307021182,Pittsworth,30702118207,3118207,256,268
30702118208-GRO,GROOM,307021182,Pittsworth,30702118208,3118208,329,330
30702118209-GRO,GROOM,307021182,Pittsworth,30702118209,3118209,203,199
30702118210-GRO,GROOM,307021182,Pittsworth,30702118210,3118210,177,174
30702118211-GRO,GROOM,307021182,Pittsworth,30702118211,3118211,213,212
30702118212-GRO,GROOM,307021182,Pittsworth,30702118212,3118212,360,371
30702118213-GRO,GROOM,307021182,Pittsworth,30702118213,3118213,345,349
30702118214-GRO,GROOM,307021182,Pittsworth,30702118214,3118214,408,409
30702118215-GRO,GROOM,307021182,Pittsworth,30702118215,3118215,294,292
30702118216-GRO,GROOM,307021182,Pittsworth,30702118216,3118216,209,208
30702118217-GRO,GROOM,307021182,Pittsworth,30702118217,3118217,184,188
30702118318-MAR,MARANOA,307021183,Wambo,30702118318,3118318,315,306
30702118339-MAR,MARANOA,307021183,Wambo,30702118339,3118339,66,68
30702118346-MAR,MARANOA,307021183,Wambo,30702118346,3118346,138,138
30702118347-MAR,MARANOA,307021183,Wambo,30702118347,3118347,320,328
30702118349-MAR,MARANOA,307021183,Wambo,30702118349,3118349,159,163
30702118350-GRO,GROOM,307021183,Wambo,30702118350,3118350,11,11
30702118350-MAR,MARANOA,307021183,Wambo,30702118350,3118350,87,91
30702118351-MAR,MARANOA,307021183,Wambo,30702118351,3118351,7,7
30702118352-MAR,MARANOA,307021183,Wambo,30702118352,3118352,166,177
30702118353-MAR,MARANOA,307021183,Wambo,30702118353,3118353,157,161
30702118354-MAR,MARANOA,307021183,Wambo,30702118354,3118354,98,100
30702118355-MAR,MARANOA,307021183,Wambo,30702118355,3118355,281,289
30702118357-MAR,MARANOA,307021183,Wambo,30702118357,3118357,345,350
30702118358-MAR,MARANOA,307021183,Wambo,30702118358,3118358,211,224
30702118359-MAR,MARANOA,307021183,Wambo,30702118359,3118359,390,391
30702118360-MAR,MARANOA,307021183,Wambo,30702118360,3118360,430,417
30702118361-MAR,MARANOA,307021183,Wambo,30702118361,3118361,240,243
30702118362-MAR,MARANOA,307021183,Wambo,30702118362,3118362,209,215
30702118363-MAR,MARANOA,307021183,Wambo,30702118363,3118363,173,168
30702118364-MAR,MARANOA,307021183,Wambo,30702118364,3118364,283,294
30702118365-MAR,MARANOA,307021183,Wambo,30702118365,3118365,283,301
30702118366-MAR,MARANOA,307021183,Wambo,30702118366,3118366,199,200
30702118367-MAR,MARANOA,307021183,Wambo,30702118367,3118367,371,381
30702118368-MAR,MARANOA,307021183,Wambo,30702118368,3118368,207,221
30702118369-MAR,MARANOA,307021183,Wambo,30702118369,3118369,584,634
30702118370-MAR,MARANOA,307021183,Wambo,30702118370,3118370,131,137
30702118371-MAR,MARANOA,307021183,Wambo,30702118371,3118371,238,242
30702118372-MAR,MARANOA,307021183,Wambo,30702118372,3118372,217,211
30702118373-MAR,MARANOA,307021183,Wambo,30702118373,3118373,0,0
30702118374-MAR,MARANOA,307021183,Wambo,30702118374,3118374,270,271
30702118375-MAR,MARANOA,307021183,Wambo,30702118375,3118375,464,459
30702118376-MAR,MARANOA,307021183,Wambo,30702118376,3118376,252,249
30702118377-MAR,MARANOA,307021183,Wambo,30702118377,3118377,340,346
30702118378-MAR,MARANOA,307021183,Wambo,30702118378,3118378,380,388
30702118379-MAR,MARANOA,307021183,Wambo,30702118379,3118379,470,474
30702118380-MAR,MARANOA,307021183,Wambo,30702118380,3118380,398,405
30702118381-MAR,MARANOA,307021183,Wambo,30702118381,3118381,238,251
30702118382-MAR,MARANOA,307021183,Wambo,30702118382,3118382,362,369
30702118383-MAR,MARANOA,307021183,Wambo,30702118383,3118383,212,226
30702118384-MAR,MARANOA,307021183,Wambo,30702118384,3118384,344,357
30702118385-MAR,MARANOA,307021183,Wambo,30702118385,3118385,183,194
30702118386-MAR,MARANOA,307021183,Wambo,30702118386,3118386,292,305
30702118387-MAR,MARANOA,307021183,Wambo,30702118387,3118387,202,204
30702118388-MAR,MARANOA,307021183,Wambo,30702118388,3118388,0,0
30702118389-MAR,MARANOA,307021183,Wambo,30702118389,3118389,147,154
30702118390-MAR,MARANOA,307021183,Wambo,30702118390,3118390,216,230
30702118392-MAR,MARANOA,307021183,Wambo,30702118392,3118392,226,234
30702118393-MAR,MARANOA,307021183,Wambo,30702118393,3118393,259,262
30702118394-MAR,MARANOA,307021183,Wambo,30702118394,3118394,410,398
30702118395-MAR,MARANOA,307021183,Wambo,30702118395,3118395,223,232
30702118396-MAR,MARANOA,307021183,Wambo,30702118396,3118396,81,84
30702118397-MAR,MARANOA,307021183,Wambo,30702118397,3118397,162,168
30702118398-MAR,MARANOA,307021183,Wambo,30702118398,3118398,172,181
30702118399-MAR,MARANOA,307021183,Wambo,30702118399,3118399,194,196
30703118401-GRO,GROOM,307031184,Clifton - Greenmount,30703118401,3118401,417,413
30703118402-MAR,MARANOA,307031184,Clifton - Greenmount,30703118402,3118402,236,237
30703118403-MAR,MARANOA,307031184,Clifton - Greenmount,30703118403,3118403,296,301
30703118404-MAR,MARANOA,307031184,Clifton - Greenmount,30703118404,3118404,145,141
30703118405-MAR,MARANOA,307031184,Clifton - Greenmount,30703118405,3118405,379,378
30703118406-MAR,MARANOA,307031184,Clifton - Greenmount,30703118406,3118406,171,172
30703118407-GRO,GROOM,307031184,Clifton - Greenmount,30703118407,3118407,120,127
30703118407-MAR,MARANOA,307031184,Clifton - Greenmount,30703118407,3118407,352,373
30703118408-GRO,GROOM,307031184,Clifton - Greenmount,30703118408,3118408,433,447
30703118409-GRO,GROOM,307031184,Clifton - Greenmount,30703118409,3118409,300,320
30703118410-GRO,GROOM,307031184,Clifton - Greenmount,30703118410,3118410,247,251
30703118411-MAR,MARANOA,307031184,Clifton - Greenmount,30703118411,3118411,376,398
30703118412-MAR,MARANOA,307031184,Clifton - Greenmount,30703118412,3118412,482,500
30703118413-GRO,GROOM,307031184,Clifton - Greenmount,30703118413,3118413,96,93
30703118413-MAR,MARANOA,307031184,Clifton - Greenmount,30703118413,3118413,156,152
30703118501-MAR,MARANOA,307031185,Southern Downs - East,30703118501,3118501,531,555
30703118502-MAR,MARANOA,307031185,Southern Downs - East,30703118502,3118502,255,258
30703118503-MAR,MARANOA,307031185,Southern Downs - East,30703118503,3118503,413,423
30703118504-MAR,MARANOA,307031185,Southern Downs - East,30703118504,3118504,281,290
30703118505-MAR,MARANOA,307031185,Southern Downs - East,30703118505,3118505,298,311
30703118506-MAR,MARANOA,307031185,Southern Downs - East,30703118506,3118506,211,217
30703118507-MAR,MARANOA,307031185,Southern Downs - East,30703118507,3118507,187,192
30703118508-MAR,MARANOA,307031185,Southern Downs - East,30703118508,3118508,329,319
30703118509-MAR,MARANOA,307031185,Southern Downs - East,30703118509,3118509,288,297
30703118510-MAR,MARANOA,307031185,Southern Downs - East,30703118510,3118510,252,251
30703118511-MAR,MARANOA,307031185,Southern Downs - East,30703118511,3118511,176,184
30703118512-MAR,MARANOA,307031185,Southern Downs - East,30703118512,3118512,356,370
30703118513-MAR,MARANOA,307031185,Southern Downs - East,30703118513,3118513,167,165
30703118514-MAR,MARANOA,307031185,Southern Downs - East,30703118514,3118514,163,166
30703118601-MAR,MARANOA,307031186,Southern Downs - West,30703118601,3118601,359,375
30703118602-MAR,MARANOA,307031186,Southern Downs - West,30703118602,3118602,309,300
30703118603-MAR,MARANOA,307031186,Southern Downs - West,30703118603,3118603,319,310
30703118604-MAR,MARANOA,307031186,Southern Downs - West,30703118604,3118604,384,390
30703118605-MAR,MARANOA,307031186,Southern Downs - West,30703118605,3118605,443,466
30703118606-MAR,MARANOA,307031186,Southern Downs - West,30703118606,3118606,201,210
30703118607-MAR,MARANOA,307031186,Southern Downs - West,30703118607,3118607,383,391
30703118608-MAR,MARANOA,307031186,Southern Downs - West,30703118608,3118608,230,239
30703118609-MAR,MARANOA,307031186,Southern Downs - West,30703118609,3118609,432,465
30703118610-MAR,MARANOA,307031186,Southern Downs - West,30703118610,3118610,269,273
30703118611-MAR,MARANOA,307031186,Southern Downs - West,30703118611,3118611,481,484
30703118612-MAR,MARANOA,307031186,Southern Downs - West,30703118612,3118612,442,451
30703118701-MAR,MARANOA,307031187,Stanthorpe,30703118701,3118701,261,259
30703118702-MAR,MARANOA,307031187,Stanthorpe,30703118702,3118702,229,232
30703118703-MAR,MARANOA,307031187,Stanthorpe,30703118703,3118703,190,192
30703118704-MAR,MARANOA,307031187,Stanthorpe,30703118704,3118704,235,239
30703118705-MAR,MARANOA,307031187,Stanthorpe,30703118705,3118705,174,178
30703118706-MAR,MARANOA,307031187,Stanthorpe,30703118706,3118706,183,178
30703118707-MAR,MARANOA,307031187,Stanthorpe,30703118707,3118707,467,505
30703118708-MAR,MARANOA,307031187,Stanthorpe,30703118708,3118708,190,185
30703118709-MAR,MARANOA,307031187,Stanthorpe,30703118709,3118709,215,226
30703118710-MAR,MARANOA,307031187,Stanthorpe,30703118710,3118710,367,363
30703118711-MAR,MARANOA,307031187,Stanthorpe,30703118711,3118711,101,101
30703118712-MAR,MARANOA,307031187,Stanthorpe,30703118712,3118712,252,269
30703118713-MAR,MARANOA,307031187,Stanthorpe,30703118713,3118713,227,242
30703118714-MAR,MARANOA,307031187,Stanthorpe,30703118714,3118714,199,201
30703118715-MAR,MARANOA,307031187,Stanthorpe,30703118715,3118715,257,267
30703118716-MAR,MARANOA,307031187,Stanthorpe,30703118716,3118716,182,187
30703118717-MAR,MARANOA,307031187,Stanthorpe,30703118717,3118717,146,150
30703118718-MAR,MARANOA,307031187,Stanthorpe,30703118718,3118718,336,348
30703118801-MAR,MARANOA,307031188,Stanthorpe Surrounds,30703118801,3118801,308,306
30703118802-MAR,MARANOA,307031188,Stanthorpe Surrounds,30703118802,3118802,412,422
30703118803-MAR,MARANOA,307031188,Stanthorpe Surrounds,30703118803,3118803,337,355
30703118804-MAR,MARANOA,307031188,Stanthorpe Surrounds,30703118804,3118804,127,130
30703118805-MAR,MARANOA,307031188,Stanthorpe Surrounds,30703118805,3118805,230,245
30703118806-MAR,MARANOA,307031188,Stanthorpe Surrounds,30703118806,3118806,383,386
30703118807-MAR,MARANOA,307031188,Stanthorpe Surrounds,30703118807,3118807,417,420
30703118808-MAR,MARANOA,307031188,Stanthorpe Surrounds,30703118808,3118808,309,326
30703118810-MAR,MARANOA,307031188,Stanthorpe Surrounds,30703118810,3118810,279,283
30703118811-MAR,MARANOA,307031188,Stanthorpe Surrounds,30703118811,3118811,405,410
30703118812-MAR,MARANOA,307031188,Stanthorpe Surrounds,30703118812,3118812,404,426
30703118813-MAR,MARANOA,307031188,Stanthorpe Surrounds,30703118813,3118813,244,252
30703118814-MAR,MARANOA,307031188,Stanthorpe Surrounds,30703118814,3118814,565,585
30703118815-MAR,MARANOA,307031188,Stanthorpe Surrounds,30703118815,3118815,352,363
30703118816-MAR,MARANOA,307031188,Stanthorpe Surrounds,30703118816,3118816,62,64
30703118901-MAR,MARANOA,307031189,Warwick,30703118901,3118901,254,266
30703118902-MAR,MARANOA,307031189,Warwick,30703118902,3118902,315,342
30703118903-MAR,MARANOA,307031189,Warwick,30703118903,3118903,326,345
30703118904-MAR,MARANOA,307031189,Warwick,30703118904,3118904,232,226
30703118905-MAR,MARANOA,307031189,Warwick,30703118905,3118905,285,291
30703118906-MAR,MARANOA,307031189,Warwick,30703118906,3118906,286,297
30703118907-MAR,MARANOA,307031189,Warwick,30703118907,3118907,611,595
30703118908-MAR,MARANOA,307031189,Warwick,30703118908,3118908,356,361
30703118909-MAR,MARANOA,307031189,Warwick,30703118909,3118909,408,426
30703118910-MAR,MARANOA,307031189,Warwick,30703118910,3118910,623,618
30703118911-MAR,MARANOA,307031189,Warwick,30703118911,3118911,263,279
30703118912-MAR,MARANOA,307031189,Warwick,30703118912,3118912,302,307
30703118913-MAR,MARANOA,307031189,Warwick,30703118913,3118913,535,539
30703118915-MAR,MARANOA,307031189,Warwick,30703118915,3118915,230,250
30703118916-MAR,MARANOA,307031189,Warwick,30703118916,3118916,7,7
30703118917-MAR,MARANOA,307031189,Warwick,30703118917,3118917,326,339
30703118919-MAR,MARANOA,307031189,Warwick,30703118919,3118919,282,295
30703118920-MAR,MARANOA,307031189,Warwick,30703118920,3118920,287,287
30703118921-MAR,MARANOA,307031189,Warwick,30703118921,3118921,396,395
30703118922-MAR,MARANOA,307031189,Warwick,30703118922,3118922,217,232
30703118923-MAR,MARANOA,307031189,Warwick,30703118923,3118923,311,303
30703118924-MAR,MARANOA,307031189,Warwick,30703118924,3118924,167,174
30703118925-MAR,MARANOA,307031189,Warwick,30703118925,3118925,177,187
30703118926-MAR,MARANOA,307031189,Warwick,30703118926,3118926,240,258
30703118927-MAR,MARANOA,307031189,Warwick,30703118927,3118927,386,392
30703118928-MAR,MARANOA,307031189,Warwick,30703118928,3118928,169,164
30703118929-MAR,MARANOA,307031189,Warwick,30703118929,3118929,378,400
30703118930-MAR,MARANOA,307031189,Warwick,30703118930,3118930,207,207
30703118931-MAR,MARANOA,307031189,Warwick,30703118931,3118931,308,328
30703118932-MAR,MARANOA,307031189,Warwick,30703118932,3118932,291,300
30703118933-MAR,MARANOA,307031189,Warwick,30703118933,3118933,214,229
30703118934-MAR,MARANOA,307031189,Warwick,30703118934,3118934,256,256
30703118936-MAR,MARANOA,307031189,Warwick,30703118936,3118936,183,188
30703118937-MAR,MARANOA,307031189,Warwick,30703118937,3118937,297,314
30703118938-MAR,MARANOA,307031189,Warwick,30703118938,3118938,279,287
30703118939-MAR,MARANOA,307031189,Warwick,30703118939,3118939,218,212
30703118940-MAR,MARANOA,307031189,Warwick,30703118940,3118940,375,372
30703118941-MAR,MARANOA,307031189,Warwick,30703118941,3118941,279,297
30703118942-MAR,MARANOA,307031189,Warwick,30703118942,3118942,276,298
30703118943-MAR,MARANOA,307031189,Warwick,30703118943,3118943,438,447
30703118944-MAR,MARANOA,307031189,Warwick,30703118944,3118944,247,246
30801119001-FLY,FLYNN,308011190,Central Highlands - East,30801119001,3119001,156,166
30801119002-FLY,FLYNN,308011190,Central Highlands - East,30801119002,3119002,132,133
30801119003-FLY,FLYNN,308011190,Central Highlands - East,30801119003,3119003,198,194
30801119004-FLY,FLYNN,308011190,Central Highlands - East,30801119004,3119004,215,220
30801119005-FLY,FLYNN,308011190,Central Highlands - East,30801119005,3119005,272,274
30801119006-FLY,FLYNN,308011190,Central Highlands - East,30801119006,3119006,179,183
30801119007-FLY,FLYNN,308011190,Central Highlands - East,30801119007,3119007,168,178
30801119008-FLY,FLYNN,308011190,Central Highlands - East,30801119008,3119008,559,603
30801119009-FLY,FLYNN,308011190,Central Highlands - East,30801119009,3119009,218,235
30801119010-FLY,FLYNN,308011190,Central Highlands - East,30801119010,3119010,192,211
30801119011-FLY,FLYNN,308011190,Central Highlands - East,30801119011,3119011,276,271
30801119012-FLY,FLYNN,308011190,Central Highlands - East,30801119012,3119012,172,184
30801119013-FLY,FLYNN,308011190,Central Highlands - East,30801119013,3119013,202,217
30801119014-FLY,FLYNN,308011190,Central Highlands - East,30801119014,3119014,183,186
30801119015-FLY,FLYNN,308011190,Central Highlands - East,30801119015,3119015,172,184
30801119016-FLY,FLYNN,308011190,Central Highlands - East,30801119016,3119016,168,173
30801119017-FLY,FLYNN,308011190,Central Highlands - East,30801119017,3119017,147,144
30801119018-FLY,FLYNN,308011190,Central Highlands - East,30801119018,3119018,148,164
30801119019-FLY,FLYNN,308011190,Central Highlands - East,30801119019,3119019,124,131
30801119020-FLY,FLYNN,308011190,Central Highlands - East,30801119020,3119020,162,159
30801119021-FLY,FLYNN,308011190,Central Highlands - East,30801119021,3119021,235,261
30801119022-FLY,FLYNN,308011190,Central Highlands - East,30801119022,3119022,192,200
30801119023-FLY,FLYNN,308011190,Central Highlands - East,30801119023,3119023,153,158
30801119101-FLY,FLYNN,308011191,Central Highlands - West,30801119101,3119101,115,116
30801119102-FLY,FLYNN,308011191,Central Highlands - West,30801119102,3119102,245,245
30801119103-FLY,FLYNN,308011191,Central Highlands - West,30801119103,3119103,317,319
30801119104-FLY,FLYNN,308011191,Central Highlands - West,30801119104,3119104,397,397
30801119105-FLY,FLYNN,308011191,Central Highlands - West,30801119105,3119105,164,168
30801119106-FLY,FLYNN,308011191,Central Highlands - West,30801119106,3119106,197,195
30801119107-FLY,FLYNN,308011191,Central Highlands - West,30801119107,3119107,235,226
30801119108-FLY,FLYNN,308011191,Central Highlands - West,30801119108,3119108,137,145
30801119109-FLY,FLYNN,308011191,Central Highlands - West,30801119109,3119109,173,167
30801119110-FLY,FLYNN,308011191,Central Highlands - West,30801119110,3119110,170,175
30801119111-FLY,FLYNN,308011191,Central Highlands - West,30801119111,3119111,176,180
30801119112-FLY,FLYNN,308011191,Central Highlands - West,30801119112,3119112,153,154
30801119113-FLY,FLYNN,308011191,Central Highlands - West,30801119113,3119113,240,233
30801119114-FLY,FLYNN,308011191,Central Highlands - West,30801119114,3119114,157,153
30801119115-FLY,FLYNN,308011191,Central Highlands - West,30801119115,3119115,260,258
30801119116-FLY,FLYNN,308011191,Central Highlands - West,30801119116,3119116,274,281
30801119117-FLY,FLYNN,308011191,Central Highlands - West,30801119117,3119117,328,343
30801119118-CAP,CAPRICORNIA,308011191,Central Highlands - West,30801119118,3119118,0,0
30801119118-FLY,FLYNN,308011191,Central Highlands - West,30801119118,3119118,259,261
30801119119-FLY,FLYNN,308011191,Central Highlands - West,30801119119,3119119,349,346
30801119120-FLY,FLYNN,308011191,Central Highlands - West,30801119120,3119120,80,81
30801119121-FLY,FLYNN,308011191,Central Highlands - West,30801119121,3119121,83,88
30801119122-FLY,FLYNN,308011191,Central Highlands - West,30801119122,3119122,69,70
30801119123-FLY,FLYNN,308011191,Central Highlands - West,30801119123,3119123,154,176
30801119124-FLY,FLYNN,308011191,Central Highlands - West,30801119124,3119124,76,77
30801119125-FLY,FLYNN,308011191,Central Highlands - West,30801119125,3119125,295,294
30801119126-FLY,FLYNN,308011191,Central Highlands - West,30801119126,3119126,75,77
30801119203-FLY,FLYNN,308011192,Emerald,30801119203,3119203,335,335
30801119204-FLY,FLYNN,308011192,Emerald,30801119204,3119204,162,158
30801119205-FLY,FLYNN,308011192,Emerald,30801119205,3119205,290,308
30801119206-FLY,FLYNN,308011192,Emerald,30801119206,3119206,961,974
30801119207-FLY,FLYNN,308011192,Emerald,30801119207,3119207,430,449
30801119208-FLY,FLYNN,308011192,Emerald,30801119208,3119208,253,259
30801119209-FLY,FLYNN,308011192,Emerald,30801119209,3119209,276,275
30801119210-FLY,FLYNN,308011192,Emerald,30801119210,3119210,241,243
30801119211-FLY,FLYNN,308011192,Emerald,30801119211,3119211,224,232
30801119212-FLY,FLYNN,308011192,Emerald,30801119212,3119212,147,146
30801119213-FLY,FLYNN,308011192,Emerald,30801119213,3119213,186,181
30801119214-FLY,FLYNN,308011192,Emerald,30801119214,3119214,336,355
30801119215-FLY,FLYNN,308011192,Emerald,30801119215,3119215,223,241
30801119216-FLY,FLYNN,308011192,Emerald,30801119216,3119216,147,146
30801119217-FLY,FLYNN,308011192,Emerald,30801119217,3119217,237,248
30801119218-FLY,FLYNN,308011192,Emerald,30801119218,3119218,240,249
30801119219-FLY,FLYNN,308011192,Emerald,30801119219,3119219,178,196
30801119220-FLY,FLYNN,308011192,Emerald,30801119220,3119220,202,202
30801119221-FLY,FLYNN,308011192,Emerald,30801119221,3119221,107,107
30801119222-FLY,FLYNN,308011192,Emerald,30801119222,3119222,150,151
30801119223-FLY,FLYNN,308011192,Emerald,30801119223,3119223,202,197
30801119224-FLY,FLYNN,308011192,Emerald,30801119224,3119224,266,279
30801119225-FLY,FLYNN,308011192,Emerald,30801119225,3119225,218,213
30801119226-FLY,FLYNN,308011192,Emerald,30801119226,3119226,352,372
30801119227-FLY,FLYNN,308011192,Emerald,30801119227,3119227,417,438
30801119228-FLY,FLYNN,308011192,Emerald,30801119228,3119228,177,189
30801119229-FLY,FLYNN,308011192,Emerald,30801119229,3119229,353,344
30801119230-FLY,FLYNN,308011192,Emerald,30801119230,3119230,201,210
30801119231-FLY,FLYNN,308011192,Emerald,30801119231,3119231,449,497
30801119232-FLY,FLYNN,308011192,Emerald,30801119232,3119232,128,128
30801119233-FLY,FLYNN,308011192,Emerald,30801119233,3119233,239,240
30801119234-FLY,FLYNN,308011192,Emerald,30801119234,3119234,123,128
30801119235-FLY,FLYNN,308011192,Emerald,30801119235,3119235,390,424
30801119236-FLY,FLYNN,308011192,Emerald,30801119236,3119236,203,210
30803120501-CAP,CAPRICORNIA,308031205,Berserker,30803120501,3120501,309,318
30803120502-CAP,CAPRICORNIA,308031205,Berserker,30803120502,3120502,345,356
30803120503-CAP,CAPRICORNIA,308031205,Berserker,30803120503,3120503,424,443
30803120504-CAP,CAPRICORNIA,308031205,Berserker,30803120504,3120504,428,434
30803120505-CAP,CAPRICORNIA,308031205,Berserker,30803120505,3120505,209,224
30803120506-CAP,CAPRICORNIA,308031205,Berserker,30803120506,3120506,306,318
30803120507-CAP,CAPRICORNIA,308031205,Berserker,30803120507,3120507,241,246
30803120508-CAP,CAPRICORNIA,308031205,Berserker,30803120508,3120508,294,302
30803120509-CAP,CAPRICORNIA,308031205,Berserker,30803120509,3120509,311,320
30803120510-CAP,CAPRICORNIA,308031205,Berserker,30803120510,3120510,273,283
30803120511-CAP,CAPRICORNIA,308031205,Berserker,30803120511,3120511,209,225
30803120512-CAP,CAPRICORNIA,308031205,Berserker,30803120512,3120512,215,217
30803120513-CAP,CAPRICORNIA,308031205,Berserker,30803120513,3120513,281,284
30803120514-CAP,CAPRICORNIA,308031205,Berserker,30803120514,3120514,371,389
30803120515-CAP,CAPRICORNIA,308031205,Berserker,30803120515,3120515,195,208
30803120516-CAP,CAPRICORNIA,308031205,Berserker,30803120516,3120516,1,1
30803120517-CAP,CAPRICORNIA,308031205,Berserker,30803120517,3120517,351,364
30803120518-CAP,CAPRICORNIA,308031205,Berserker,30803120518,3120518,296,305
30803120519-CAP,CAPRICORNIA,308031205,Berserker,30803120519,3120519,211,212
30803120601-FLY,FLYNN,308031206,Bouldercombe,30803120601,3120601,302,295
30803120602-FLY,FLYNN,308031206,Bouldercombe,30803120602,3120602,304,301
30803120603-FLY,FLYNN,308031206,Bouldercombe,30803120603,3120603,358,386
30803120604-FLY,FLYNN,308031206,Bouldercombe,30803120604,3120604,429,451
30803120605-FLY,FLYNN,308031206,Bouldercombe,30803120605,3120605,183,187
30803120701-CAP,CAPRICORNIA,308031207,Emu Park,30803120701,3120701,358,383
30803120702-CAP,CAPRICORNIA,308031207,Emu Park,30803120702,3120702,306,325
30803120703-CAP,CAPRICORNIA,308031207,Emu Park,30803120703,3120703,230,250
30803120704-CAP,CAPRICORNIA,308031207,Emu Park,30803120704,3120704,372,383
30803120705-CAP,CAPRICORNIA,308031207,Emu Park,30803120705,3120705,320,313
30803120706-CAP,CAPRICORNIA,308031207,Emu Park,30803120706,3120706,621,639
30803120708-CAP,CAPRICORNIA,308031207,Emu Park,30803120708,3120708,437,442
30803120709-CAP,CAPRICORNIA,308031207,Emu Park,30803120709,3120709,379,397
30803120710-CAP,CAPRICORNIA,308031207,Emu Park,30803120710,3120710,462,487
30803120711-CAP,CAPRICORNIA,308031207,Emu Park,30803120711,3120711,586,603
30803120712-CAP,CAPRICORNIA,308031207,Emu Park,30803120712,3120712,458,468
30803120713-CAP,CAPRICORNIA,308031207,Emu Park,30803120713,3120713,435,465
30803120801-CAP,CAPRICORNIA,308031208,Frenchville - Mount Archer,30803120801,3120801,252,244
30803120802-CAP,CAPRICORNIA,308031208,Frenchville - Mount Archer,30803120802,3120802,164,164
30803120803-CAP,CAPRICORNIA,308031208,Frenchville - Mount Archer,30803120803,3120803,159,165
30803120804-CAP,CAPRICORNIA,308031208,Frenchville - Mount Archer,30803120804,3120804,401,423
30803120805-CAP,CAPRICORNIA,308031208,Frenchville - Mount Archer,30803120805,3120805,245,254
30803120806-CAP,CAPRICORNIA,308031208,Frenchville - Mount Archer,30803120806,3120806,261,262
30803120807-CAP,CAPRICORNIA,308031208,Frenchville - Mount Archer,30803120807,3120807,374,383
30803120808-CAP,CAPRICORNIA,308031208,Frenchville - Mount Archer,30803120808,3120808,283,312
30803120809-CAP,CAPRICORNIA,308031208,Frenchville - Mount Archer,30803120809,3120809,420,438
30803120810-CAP,CAPRICORNIA,308031208,Frenchville - Mount Archer,30803120810,3120810,215,213
30803120811-CAP,CAPRICORNIA,308031208,Frenchville - Mount Archer,30803120811,3120811,274,286
30803120812-CAP,CAPRICORNIA,308031208,Frenchville - Mount Archer,30803120812,3120812,294,317
30803120813-CAP,CAPRICORNIA,308031208,Frenchville - Mount Archer,30803120813,3120813,144,146
30803120814-CAP,CAPRICORNIA,308031208,Frenchville - Mount Archer,30803120814,3120814,300,306
30803120815-CAP,CAPRICORNIA,308031208,Frenchville - Mount Archer,30803120815,3120815,69,67
30803120816-CAP,CAPRICORNIA,308031208,Frenchville - Mount Archer,30803120816,3120816,374,375
30803120817-CAP,CAPRICORNIA,308031208,Frenchville - Mount Archer,30803120817,3120817,221,239
30803120818-CAP,CAPRICORNIA,308031208,Frenchville - Mount Archer,30803120818,3120818,382,370
30803120819-CAP,CAPRICORNIA,308031208,Frenchville - Mount Archer,30803120819,3120819,175,185
30803120820-CAP,CAPRICORNIA,308031208,Frenchville - Mount Archer,30803120820,3120820,372,373
30803120821-CAP,CAPRICORNIA,308031208,Frenchville - Mount Archer,30803120821,3120821,203,211
30803120822-CAP,CAPRICORNIA,308031208,Frenchville - Mount Archer,30803120822,3120822,334,324
30803120823-CAP,CAPRICORNIA,308031208,Frenchville - Mount Archer,30803120823,3120823,197,194
30803120824-CAP,CAPRICORNIA,308031208,Frenchville - Mount Archer,30803120824,3120824,236,229
30803120825-CAP,CAPRICORNIA,308031208,Frenchville - Mount Archer,30803120825,3120825,342,344
30803120901-CAP,CAPRICORNIA,308031209,Glenlee - Rockyview,30803120901,3120901,417,445
30803120902-CAP,CAPRICORNIA,308031209,Glenlee - Rockyview,30803120902,3120902,556,581
30803120903-CAP,CAPRICORNIA,308031209,Glenlee - Rockyview,30803120903,3120903,408,415
30803120904-CAP,CAPRICORNIA,308031209,Glenlee - Rockyview,30803120904,3120904,289,304
30803120905-CAP,CAPRICORNIA,308031209,Glenlee - Rockyview,30803120905,3120905,250,242
30803120906-CAP,CAPRICORNIA,308031209,Glenlee - Rockyview,30803120906,3120906,580,636
30803120907-CAP,CAPRICORNIA,308031209,Glenlee - Rockyview,30803120907,3120907,90,87
30803120908-CAP,CAPRICORNIA,308031209,Glenlee - Rockyview,30803120908,3120908,254,246
30803120909-CAP,CAPRICORNIA,308031209,Glenlee - Rockyview,30803120909,3120909,247,261
30803120910-CAP,CAPRICORNIA,308031209,Glenlee - Rockyview,30803120910,3120910,261,265
30803120911-CAP,CAPRICORNIA,308031209,Glenlee - Rockyview,30803120911,3120911,213,218
30803120912-CAP,CAPRICORNIA,308031209,Glenlee - Rockyview,30803120912,3120912,19,20
30803120913-CAP,CAPRICORNIA,308031209,Glenlee - Rockyview,30803120913,3120913,0,0
30803121001-FLY,FLYNN,308031210,Gracemere,30803121001,3121001,441,459
30803121002-FLY,FLYNN,308031210,Gracemere,30803121002,3121002,235,232
30803121003-FLY,FLYNN,308031210,Gracemere,30803121003,3121003,246,255
30803121004-FLY,FLYNN,308031210,Gracemere,30803121004,3121004,289,303
30803121005-FLY,FLYNN,308031210,Gracemere,30803121005,3121005,249,264
30803121006-FLY,FLYNN,308031210,Gracemere,30803121006,3121006,302,325
30803121007-FLY,FLYNN,308031210,Gracemere,30803121007,3121007,265,261
30803121008-FLY,FLYNN,308031210,Gracemere,30803121008,3121008,449,468
30803121010-FLY,FLYNN,308031210,Gracemere,30803121010,3121010,248,273
30803121011-FLY,FLYNN,308031210,Gracemere,30803121011,3121011,0,0
30803121012-FLY,FLYNN,308031210,Gracemere,30803121012,3121012,250,257
30803121013-FLY,FLYNN,308031210,Gracemere,30803121013,3121013,171,183
30803121014-FLY,FLYNN,308031210,Gracemere,30803121014,3121014,384,423
30803121015-FLY,FLYNN,308031210,Gracemere,30803121015,3121015,114,112
30803121016-FLY,FLYNN,308031210,Gracemere,30803121016,3121016,415,434
30803121017-FLY,FLYNN,308031210,Gracemere,30803121017,3121017,425,452
30803121018-FLY,FLYNN,308031210,Gracemere,30803121018,3121018,402,449
30803121020-FLY,FLYNN,308031210,Gracemere,30803121020,3121020,665,720
30803121021-FLY,FLYNN,308031210,Gracemere,30803121021,3121021,380,400
30803121022-FLY,FLYNN,308031210,Gracemere,30803121022,3121022,1186,1216
30803121023-FLY,FLYNN,308031210,Gracemere,30803121023,3121023,563,595
30803121024-FLY,FLYNN,308031210,Gracemere,30803121024,3121024,394,418
30803121025-FLY,FLYNN,308031210,Gracemere,30803121025,3121025,590,629
30803121026-FLY,FLYNN,308031210,Gracemere,30803121026,3121026,285,299
30803121101-CAP,CAPRICORNIA,308031211,Lakes Creek,30803121101,3121101,200,218
30803121102-CAP,CAPRICORNIA,308031211,Lakes Creek,30803121102,3121102,174,180
30803121103-CAP,CAPRICORNIA,308031211,Lakes Creek,30803121103,3121103,314,329
30803121104-CAP,CAPRICORNIA,308031211,Lakes Creek,30803121104,3121104,219,230
30803121105-CAP,CAPRICORNIA,308031211,Lakes Creek,30803121105,3121105,364,369
30803121106-CAP,CAPRICORNIA,308031211,Lakes Creek,30803121106,3121106,361,379
30803121107-CAP,CAPRICORNIA,308031211,Lakes Creek,30803121107,3121107,355,354
30803121108-CAP,CAPRICORNIA,308031211,Lakes Creek,30803121108,3121108,152,159
30803121109-CAP,CAPRICORNIA,308031211,Lakes Creek,30803121109,3121109,368,358
30803121110-CAP,CAPRICORNIA,308031211,Lakes Creek,30803121110,3121110,437,435
30803121111-CAP,CAPRICORNIA,308031211,Lakes Creek,30803121111,3121111,279,293
30803121112-CAP,CAPRICORNIA,308031211,Lakes Creek,30803121112,3121112,313,328
30803121113-CAP,CAPRICORNIA,308031211,Lakes Creek,30803121113,3121113,43,42
30803121201-FLY,FLYNN,308031212,Mount Morgan,30803121201,3121201,1,1
30803121202-FLY,FLYNN,308031212,Mount Morgan,30803121202,3121202,400,430
30803121203-FLY,FLYNN,308031212,Mount Morgan,30803121203,3121203,292,296
30803121204-FLY,FLYNN,308031212,Mount Morgan,30803121204,3121204,261,267
30803121205-FLY,FLYNN,308031212,Mount Morgan,30803121205,3121205,264,270
30803121206-FLY,FLYNN,308031212,Mount Morgan,30803121206,3121206,199,207
30803121207-FLY,FLYNN,308031212,Mount Morgan,30803121207,3121207,177,185
30803121208-FLY,FLYNN,308031212,Mount Morgan,30803121208,3121208,293,291
30803121209-FLY,FLYNN,308031212,Mount Morgan,30803121209,3121209,441,440
30803121210-FLY,FLYNN,308031212,Mount Morgan,30803121210,3121210,205,209
30803121301-CAP,CAPRICORNIA,308031213,Norman Gardens,30803121301,3121301,296,311
30803121302-CAP,CAPRICORNIA,308031213,Norman Gardens,30803121302,3121302,257,252
30803121303-CAP,CAPRICORNIA,308031213,Norman Gardens,30803121303,3121303,219,223
30803121304-CAP,CAPRICORNIA,308031213,Norman Gardens,30803121304,3121304,429,455
30803121305-CAP,CAPRICORNIA,308031213,Norman Gardens,30803121305,3121305,206,216
30803121306-CAP,CAPRICORNIA,308031213,Norman Gardens,30803121306,3121306,483,501
30803121309-CAP,CAPRICORNIA,308031213,Norman Gardens,30803121309,3121309,548,551
30803121310-CAP,CAPRICORNIA,308031213,Norman Gardens,30803121310,3121310,346,356
30803121311-CAP,CAPRICORNIA,308031213,Norman Gardens,30803121311,3121311,340,333
30803121312-CAP,CAPRICORNIA,308031213,Norman Gardens,30803121312,3121312,382,388
30803121313-CAP,CAPRICORNIA,308031213,Norman Gardens,30803121313,3121313,404,396
30803121314-CAP,CAPRICORNIA,308031213,Norman Gardens,30803121314,3121314,351,380
30803121315-CAP,CAPRICORNIA,308031213,Norman Gardens,30803121315,3121315,296,313
30803121316-CAP,CAPRICORNIA,308031213,Norman Gardens,30803121316,3121316,365,377
30803121318-CAP,CAPRICORNIA,308031213,Norman Gardens,30803121318,3121318,0,0
30803121319-CAP,CAPRICORNIA,308031213,Norman Gardens,30803121319,3121319,344,368
30803121320-CAP,CAPRICORNIA,308031213,Norman Gardens,30803121320,3121320,209,227
30803121321-CAP,CAPRICORNIA,308031213,Norman Gardens,30803121321,3121321,441,472
30803121322-CAP,CAPRICORNIA,308031213,Norman Gardens,30803121322,3121322,688,725
30803121323-CAP,CAPRICORNIA,308031213,Norman Gardens,30803121323,3121323,435,468
30803121324-CAP,CAPRICORNIA,308031213,Norman Gardens,30803121324,3121324,336,359
30803121325-CAP,CAPRICORNIA,308031213,Norman Gardens,30803121325,3121325,332,360
30803121401-CAP,CAPRICORNIA,308031214,Park Avenue,30803121401,3121401,230,237
30803121402-CAP,CAPRICORNIA,308031214,Park Avenue,30803121402,3121402,360,370
30803121403-CAP,CAPRICORNIA,308031214,Park Avenue,30803121403,3121403,346,372
30803121404-CAP,CAPRICORNIA,308031214,Park Avenue,30803121404,3121404,186,192
30803121405-CAP,CAPRICORNIA,308031214,Park Avenue,30803121405,3121405,432,451
30803121406-CAP,CAPRICORNIA,308031214,Park Avenue,30803121406,3121406,329,339
30803121407-CAP,CAPRICORNIA,308031214,Park Avenue,30803121407,3121407,260,270
30803121408-CAP,CAPRICORNIA,308031214,Park Avenue,30803121408,3121408,309,320
30803121409-CAP,CAPRICORNIA,308031214,Park Avenue,30803121409,3121409,299,317
30803121410-CAP,CAPRICORNIA,308031214,Park Avenue,30803121410,3121410,260,270
30803121411-CAP,CAPRICORNIA,308031214,Park Avenue,30803121411,3121411,403,429
30803121412-CAP,CAPRICORNIA,308031214,Park Avenue,30803121412,3121412,285,298
30803121413-CAP,CAPRICORNIA,308031214,Park Avenue,30803121413,3121413,204,211
30803121501-CAP,CAPRICORNIA,308031215,Parkhurst - Kawana,30803121501,3121501,133,138
30803121502-CAP,CAPRICORNIA,308031215,Parkhurst - Kawana,30803121502,3121502,374,401
30803121503-CAP,CAPRICORNIA,308031215,Parkhurst - Kawana,30803121503,3121503,442,435
30803121504-CAP,CAPRICORNIA,308031215,Parkhurst - Kawana,30803121504,3121504,1378,1578
30803121505-CAP,CAPRICORNIA,308031215,Parkhurst - Kawana,30803121505,3121505,320,315
30803121506-CAP,CAPRICORNIA,308031215,Parkhurst - Kawana,30803121506,3121506,361,382
30803121507-CAP,CAPRICORNIA,308031215,Parkhurst - Kawana,30803121507,3121507,118,121
30803121508-CAP,CAPRICORNIA,308031215,Parkhurst - Kawana,30803121508,3121508,333,328
30803121509-CAP,CAPRICORNIA,308031215,Parkhurst - Kawana,30803121509,3121509,332,358
30803121510-CAP,CAPRICORNIA,308031215,Parkhurst - Kawana,30803121510,3121510,239,235
30803121511-CAP,CAPRICORNIA,308031215,Parkhurst - Kawana,30803121511,3121511,258,254
30803121512-CAP,CAPRICORNIA,308031215,Parkhurst - Kawana,30803121512,3121512,308,312
30803121513-CAP,CAPRICORNIA,308031215,Parkhurst - Kawana,30803121513,3121513,252,263
30803121514-CAP,CAPRICORNIA,308031215,Parkhurst - Kawana,30803121514,3121514,242,247
30803121515-CAP,CAPRICORNIA,308031215,Parkhurst - Kawana,30803121515,3121515,323,344
30803121516-CAP,CAPRICORNIA,308031215,Parkhurst - Kawana,30803121516,3121516,152,165
30803121517-CAP,CAPRICORNIA,308031215,Parkhurst - Kawana,30803121517,3121517,230,241
30803121601-CAP,CAPRICORNIA,308031216,Rockhampton - West,30803121601,3121601,358,373
30803121602-CAP,CAPRICORNIA,308031216,Rockhampton - West,30803121602,3121602,353,373
30803121603-CAP,CAPRICORNIA,308031216,Rockhampton - West,30803121603,3121603,385,386
30803121604-CAP,CAPRICORNIA,308031216,Rockhampton - West,30803121604,3121604,0,0
30803121605-CAP,CAPRICORNIA,308031216,Rockhampton - West,30803121605,3121605,198,208
30803121606-CAP,CAPRICORNIA,308031216,Rockhampton - West,30803121606,3121606,21,23
30803121607-CAP,CAPRICORNIA,308031216,Rockhampton - West,30803121607,3121607,255,264
30803121608-CAP,CAPRICORNIA,308031216,Rockhampton - West,30803121608,3121608,0,0
30803121609-CAP,CAPRICORNIA,308031216,Rockhampton - West,30803121609,3121609,76,81
30803121610-CAP,CAPRICORNIA,308031216,Rockhampton - West,30803121610,3121610,199,209
30803121611-CAP,CAPRICORNIA,308031216,Rockhampton - West,30803121611,3121611,183,194
30803121612-CAP,CAPRICORNIA,308031216,Rockhampton - West,30803121612,3121612,66,70
30803121613-CAP,CAPRICORNIA,308031216,Rockhampton - West,30803121613,3121613,254,252
30803121614-CAP,CAPRICORNIA,308031216,Rockhampton - West,30803121614,3121614,177,185
30803121615-CAP,CAPRICORNIA,308031216,Rockhampton - West,30803121615,3121615,337,335
30803121616-CAP,CAPRICORNIA,308031216,Rockhampton - West,30803121616,3121616,398,398
30803121617-CAP,CAPRICORNIA,308031216,Rockhampton - West,30803121617,3121617,423,442
30803121618-CAP,CAPRICORNIA,308031216,Rockhampton - West,30803121618,3121618,307,312
30803121619-CAP,CAPRICORNIA,308031216,Rockhampton - West,30803121619,3121619,248,264
30803121620-CAP,CAPRICORNIA,308031216,Rockhampton - West,30803121620,3121620,160,164
30803121621-CAP,CAPRICORNIA,308031216,Rockhampton - West,30803121621,3121621,220,230
30803121701-CAP,CAPRICORNIA,308031217,Rockhampton City,30803121701,3121701,278,290
30803121702-CAP,CAPRICORNIA,308031217,Rockhampton City,30803121702,3121702,12,12
30803121702-FLY,FLYNN,308031217,Rockhampton City,30803121702,3121702,96,93
30803121703-CAP,CAPRICORNIA,308031217,Rockhampton City,30803121703,3121703,165,173
30803121704-CAP,CAPRICORNIA,308031217,Rockhampton City,30803121704,3121704,266,269
30803121705-CAP,CAPRICORNIA,308031217,Rockhampton City,30803121705,3121705,434,450
30803121706-CAP,CAPRICORNIA,308031217,Rockhampton City,30803121706,3121706,300,297
30803121707-CAP,CAPRICORNIA,308031217,Rockhampton City,30803121707,3121707,305,311
30803121708-CAP,CAPRICORNIA,308031217,Rockhampton City,30803121708,3121708,282,296
30803121709-CAP,CAPRICORNIA,308031217,Rockhampton City,30803121709,3121709,282,305
30803121710-CAP,CAPRICORNIA,308031217,Rockhampton City,30803121710,3121710,281,284
30803121801-CAP,CAPRICORNIA,308031218,Rockhampton Surrounds - East,30803121801,3121801,351,359
30803121802-CAP,CAPRICORNIA,308031218,Rockhampton Surrounds - East,30803121802,3121802,269,291
30803121803-CAP,CAPRICORNIA,308031218,Rockhampton Surrounds - East,30803121803,3121803,189,190
30803121804-CAP,CAPRICORNIA,308031218,Rockhampton Surrounds - East,30803121804,3121804,298,306
30803121805-CAP,CAPRICORNIA,308031218,Rockhampton Surrounds - East,30803121805,3121805,271,275
30803121806-CAP,CAPRICORNIA,308031218,Rockhampton Surrounds - East,30803121806,3121806,234,247
30803121807-CAP,CAPRICORNIA,308031218,Rockhampton Surrounds - East,30803121807,3121807,653,668
30803121808-CAP,CAPRICORNIA,308031218,Rockhampton Surrounds - East,30803121808,3121808,228,231
30803121809-CAP,CAPRICORNIA,308031218,Rockhampton Surrounds - East,30803121809,3121809,171,165
30803121810-CAP,CAPRICORNIA,308031218,Rockhampton Surrounds - East,30803121810,3121810,162,165
30803121811-CAP,CAPRICORNIA,308031218,Rockhampton Surrounds - East,30803121811,3121811,225,232
30803121901-CAP,CAPRICORNIA,308031219,Rockhampton Surrounds - North,30803121901,3121901,153,157
30803121902-CAP,CAPRICORNIA,308031219,Rockhampton Surrounds - North,30803121902,3121902,0,0
30803121903-CAP,CAPRICORNIA,308031219,Rockhampton Surrounds - North,30803121903,3121903,276,275
30803121904-CAP,CAPRICORNIA,308031219,Rockhampton Surrounds - North,30803121904,3121904,297,306
30803121905-CAP,CAPRICORNIA,308031219,Rockhampton Surrounds - North,30803121905,3121905,233,234
30803121906-CAP,CAPRICORNIA,308031219,Rockhampton Surrounds - North,30803121906,3121906,232,245
30803121907-CAP,CAPRICORNIA,308031219,Rockhampton Surrounds - North,30803121907,3121907,18,17
30803121908-CAP,CAPRICORNIA,308031219,Rockhampton Surrounds - North,30803121908,3121908,327,335
30803121909-CAP,CAPRICORNIA,308031219,Rockhampton Surrounds - North,30803121909,3121909,114,116
30803121910-CAP,CAPRICORNIA,308031219,Rockhampton Surrounds - North,30803121910,3121910,326,328
30803121911-CAP,CAPRICORNIA,308031219,Rockhampton Surrounds - North,30803121911,3121911,252,262
30803121912-CAP,CAPRICORNIA,308031219,Rockhampton Surrounds - North,30803121912,3121912,228,234
30803121913-CAP,CAPRICORNIA,308031219,Rockhampton Surrounds - North,30803121913,3121913,218,223
30803121914-CAP,CAPRICORNIA,308031219,Rockhampton Surrounds - North,30803121914,3121914,225,218
30803121915-CAP,CAPRICORNIA,308031219,Rockhampton Surrounds - North,30803121915,3121915,1,1
30803121916-CAP,CAPRICORNIA,308031219,Rockhampton Surrounds - North,30803121916,3121916,370,368
30803121917-CAP,CAPRICORNIA,308031219,Rockhampton Surrounds - North,30803121917,3121917,218,224
30803122001-FLY,FLYNN,308031220,Rockhampton Surrounds - West,30803122001,3122001,162,161
30803122002-FLY,FLYNN,308031220,Rockhampton Surrounds - West,30803122002,3122002,257,257
30803122003-FLY,FLYNN,308031220,Rockhampton Surrounds - West,30803122003,3122003,196,189
30803122004-FLY,FLYNN,308031220,Rockhampton Surrounds - West,30803122004,3122004,264,265
30803122005-FLY,FLYNN,308031220,Rockhampton Surrounds - West,30803122005,3122005,294,289
30803122006-FLY,FLYNN,308031220,Rockhampton Surrounds - West,30803122006,3122006,437,453
30803122007-FLY,FLYNN,308031220,Rockhampton Surrounds - West,30803122007,3122007,463,478
30803122008-FLY,FLYNN,308031220,Rockhampton Surrounds - West,30803122008,3122008,326,337
30803122101-CAP,CAPRICORNIA,308031221,Shoalwater Bay,30803122101,3122101,19,19
30803122201-CAP,CAPRICORNIA,308031222,The Range - Allenstown,30803122201,3122201,269,285
30803122202-CAP,CAPRICORNIA,308031222,The Range - Allenstown,30803122202,3122202,111,128
30803122203-CAP,CAPRICORNIA,308031222,The Range - Allenstown,30803122203,3122203,78,77
30803122204-CAP,CAPRICORNIA,308031222,The Range - Allenstown,30803122204,3122204,109,107
30803122205-CAP,CAPRICORNIA,308031222,The Range - Allenstown,30803122205,3122205,323,342
30803122206-CAP,CAPRICORNIA,308031222,The Range - Allenstown,30803122206,3122206,225,233
30803122207-CAP,CAPRICORNIA,308031222,The Range - Allenstown,30803122207,3122207,215,227
30803122208-CAP,CAPRICORNIA,308031222,The Range - Allenstown,30803122208,3122208,267,277
30803122209-CAP,CAPRICORNIA,308031222,The Range - Allenstown,30803122209,3122209,353,366
30803122210-CAP,CAPRICORNIA,308031222,The Range - Allenstown,30803122210,3122210,276,295
30803122211-CAP,CAPRICORNIA,308031222,The Range - Allenstown,30803122211,3122211,233,246
30803122212-CAP,CAPRICORNIA,308031222,The Range - Allenstown,30803122212,3122212,298,326
30803122213-CAP,CAPRICORNIA,308031222,The Range - Allenstown,30803122213,3122213,393,386
30803122214-CAP,CAPRICORNIA,308031222,The Range - Allenstown,30803122214,3122214,264,274
30803122215-CAP,CAPRICORNIA,308031222,The Range - Allenstown,30803122215,3122215,156,162
30803122216-CAP,CAPRICORNIA,308031222,The Range - Allenstown,30803122216,3122216,371,386
30803122217-CAP,CAPRICORNIA,308031222,The Range - Allenstown,30803122217,3122217,193,210
30803122218-CAP,CAPRICORNIA,308031222,The Range - Allenstown,30803122218,3122218,333,339
30803122219-CAP,CAPRICORNIA,308031222,The Range - Allenstown,30803122219,3122219,180,192
30803122220-CAP,CAPRICORNIA,308031222,The Range - Allenstown,30803122220,3122220,362,387
30803122221-CAP,CAPRICORNIA,308031222,The Range - Allenstown,30803122221,3122221,177,185
30803122222-CAP,CAPRICORNIA,308031222,The Range - Allenstown,30803122222,3122222,270,284
30803122301-CAP,CAPRICORNIA,308031223,Yeppoon,30803122301,3122301,252,256
30803122302-CAP,CAPRICORNIA,308031223,Yeppoon,30803122302,3122302,292,298
30803122306-CAP,CAPRICORNIA,308031223,Yeppoon,30803122306,3122306,590,604
30803122308-CAP,CAPRICORNIA,308031223,Yeppoon,30803122308,3122308,392,409
30803122309-CAP,CAPRICORNIA,308031223,Yeppoon,30803122309,3122309,180,192
30803122310-CAP,CAPRICORNIA,308031223,Yeppoon,30803122310,3122310,372,407
30803122311-CAP,CAPRICORNIA,308031223,Yeppoon,30803122311,3122311,599,681
30803122312-CAP,CAPRICORNIA,308031223,Yeppoon,30803122312,3122312,392,416
30803122313-CAP,CAPRICORNIA,308031223,Yeppoon,30803122313,3122313,234,242
30803122316-CAP,CAPRICORNIA,308031223,Yeppoon,30803122316,3122316,406,439
30803122317-CAP,CAPRICORNIA,308031223,Yeppoon,30803122317,3122317,345,359
30803122318-CAP,CAPRICORNIA,308031223,Yeppoon,30803122318,3122318,216,226
30803122319-CAP,CAPRICORNIA,308031223,Yeppoon,30803122319,3122319,448,466
30803122321-CAP,CAPRICORNIA,308031223,Yeppoon,30803122321,3122321,268,290
30803122322-CAP,CAPRICORNIA,308031223,Yeppoon,30803122322,3122322,293,287
30803122323-CAP,CAPRICORNIA,308031223,Yeppoon,30803122323,3122323,204,217
30803122324-CAP,CAPRICORNIA,308031223,Yeppoon,30803122324,3122324,409,418
30803122325-CAP,CAPRICORNIA,308031223,Yeppoon,30803122325,3122325,228,224
30803122326-CAP,CAPRICORNIA,308031223,Yeppoon,30803122326,3122326,234,242
30803122327-CAP,CAPRICORNIA,308031223,Yeppoon,30803122327,3122327,185,201
30803122328-CAP,CAPRICORNIA,308031223,Yeppoon,30803122328,3122328,162,164
30803122329-CAP,CAPRICORNIA,308031223,Yeppoon,30803122329,3122329,446,478
30803122330-CAP,CAPRICORNIA,308031223,Yeppoon,30803122330,3122330,202,198
30803122331-CAP,CAPRICORNIA,308031223,Yeppoon,30803122331,3122331,231,240
30803122332-CAP,CAPRICORNIA,308031223,Yeppoon,30803122332,3122332,209,205
30803122333-CAP,CAPRICORNIA,308031223,Yeppoon,30803122333,3122333,235,246
30803122334-CAP,CAPRICORNIA,308031223,Yeppoon,30803122334,3122334,287,281
30803122335-CAP,CAPRICORNIA,308031223,Yeppoon,30803122335,3122335,22,27
30803122336-CAP,CAPRICORNIA,308031223,Yeppoon,30803122336,3122336,288,282
30803122337-CAP,CAPRICORNIA,308031223,Yeppoon,30803122337,3122337,663,677
30803122338-CAP,CAPRICORNIA,308031223,Yeppoon,30803122338,3122338,294,305
30803122339-CAP,CAPRICORNIA,308031223,Yeppoon,30803122339,3122339,226,236
30803122340-CAP,CAPRICORNIA,308031223,Yeppoon,30803122340,3122340,364,369
30803122341-CAP,CAPRICORNIA,308031223,Yeppoon,30803122341,3122341,362,371
30803122342-CAP,CAPRICORNIA,308031223,Yeppoon,30803122342,3122342,419,449
30803122343-CAP,CAPRICORNIA,308031223,Yeppoon,30803122343,3122343,473,464
30803122344-CAP,CAPRICORNIA,308031223,Yeppoon,30803122344,3122344,492,539
30803122346-CAP,CAPRICORNIA,308031223,Yeppoon,30803122346,3122346,555,570
30803122347-CAP,CAPRICORNIA,308031223,Yeppoon,30803122347,3122347,313,330
30803122348-CAP,CAPRICORNIA,308031223,Yeppoon,30803122348,3122348,338,361
30803122349-CAP,CAPRICORNIA,308031223,Yeppoon,30803122349,3122349,446,494
30803122350-CAP,CAPRICORNIA,308031223,Yeppoon,30803122350,3122350,251,261
30803122351-CAP,CAPRICORNIA,308031223,Yeppoon,30803122351,3122351,605,682
30803122352-CAP,CAPRICORNIA,308031223,Yeppoon,30803122352,3122352,431,461
30803122353-CAP,CAPRICORNIA,308031223,Yeppoon,30803122353,3122353,250,271
30803122354-CAP,CAPRICORNIA,308031223,Yeppoon,30803122354,3122354,216,236
30803122355-CAP,CAPRICORNIA,308031223,Yeppoon,30803122355,3122355,562,625
30803122356-CAP,CAPRICORNIA,308031223,Yeppoon,30803122356,3122356,496,505
30803122357-CAP,CAPRICORNIA,308031223,Yeppoon,30803122357,3122357,180,177
30901122401-MON,MONCRIEFF,309011224,Broadbeach Waters,30901122401,3122401,448,452
30901122402-MON,MONCRIEFF,309011224,Broadbeach Waters,30901122402,3122402,220,225
30901122403-MON,MONCRIEFF,309011224,Broadbeach Waters,30901122403,3122403,361,380
30901122404-MON,MONCRIEFF,309011224,Broadbeach Waters,30901122404,3122404,249,257
30901122405-MON,MONCRIEFF,309011224,Broadbeach Waters,30901122405,3122405,268,269
30901122406-MON,MONCRIEFF,309011224,Broadbeach Waters,30901122406,3122406,290,292
30901122407-MON,MONCRIEFF,309011224,Broadbeach Waters,30901122407,3122407,331,327
30901122408-MON,MONCRIEFF,309011224,Broadbeach Waters,30901122408,3122408,239,240
30901122409-MON,MONCRIEFF,309011224,Broadbeach Waters,30901122409,3122409,143,154
30901122410-MON,MONCRIEFF,309011224,Broadbeach Waters,30901122410,3122410,452,458
30901122411-MON,MONCRIEFF,309011224,Broadbeach Waters,30901122411,3122411,338,343
30901122412-MON,MONCRIEFF,309011224,Broadbeach Waters,30901122412,3122412,383,392
30901122413-MON,MONCRIEFF,309011224,Broadbeach Waters,30901122413,3122413,403,418
30901122414-MON,MONCRIEFF,309011224,Broadbeach Waters,30901122414,3122414,288,295
30901122415-MON,MONCRIEFF,309011224,Broadbeach Waters,30901122415,3122415,215,224
30901122416-MON,MONCRIEFF,309011224,Broadbeach Waters,30901122416,3122416,234,240
30901122417-MON,MONCRIEFF,309011224,Broadbeach Waters,30901122417,3122417,427,434
30901122418-MON,MONCRIEFF,309011224,Broadbeach Waters,30901122418,3122418,245,257
30901122419-MON,MONCRIEFF,309011224,Broadbeach Waters,30901122419,3122419,171,176
30901122420-MON,MONCRIEFF,309011224,Broadbeach Waters,30901122420,3122420,377,381
30901122501-MCP,MCPHERSON,309011225,Burleigh Heads,30901122501,3122501,259,264
30901122502-MCP,MCPHERSON,309011225,Burleigh Heads,30901122502,3122502,201,201
30901122503-MCP,MCPHERSON,309011225,Burleigh Heads,30901122503,3122503,223,225
30901122504-MCP,MCPHERSON,309011225,Burleigh Heads,30901122504,3122504,230,237
30901122505-MCP,MCPHERSON,309011225,Burleigh Heads,30901122505,3122505,283,295
30901122506-MCP,MCPHERSON,309011225,Burleigh Heads,30901122506,3122506,267,260
30901122507-MCP,MCPHERSON,309011225,Burleigh Heads,30901122507,3122507,4,4
30901122508-MCP,MCPHERSON,309011225,Burleigh Heads,30901122508,3122508,363,360
30901122509-MCP,MCPHERSON,309011225,Burleigh Heads,30901122509,3122509,402,418
30901122510-MCP,MCPHERSON,309011225,Burleigh Heads,30901122510,3122510,125,127
30901122511-MCP,MCPHERSON,309011225,Burleigh Heads,30901122511,3122511,342,351
30901122512-MCP,MCPHERSON,309011225,Burleigh Heads,30901122512,3122512,280,287
30901122513-MCP,MCPHERSON,309011225,Burleigh Heads,30901122513,3122513,434,419
30901122514-MCP,MCPHERSON,309011225,Burleigh Heads,30901122514,3122514,455,468
30901122515-MCP,MCPHERSON,309011225,Burleigh Heads,30901122515,3122515,415,412
30901122516-MCP,MCPHERSON,309011225,Burleigh Heads,30901122516,3122516,523,528
30901122517-MCP,MCPHERSON,309011225,Burleigh Heads,30901122517,3122517,257,248
30901122519-MCP,MCPHERSON,309011225,Burleigh Heads,30901122519,3122519,342,357
30901122520-MCP,MCPHERSON,309011225,Burleigh Heads,30901122520,3122520,409,426
30901122521-MCP,MCPHERSON,309011225,Burleigh Heads,30901122521,3122521,204,212
30901122522-MCP,MCPHERSON,309011225,Burleigh Heads,30901122522,3122522,437,441
30901122523-MCP,MCPHERSON,309011225,Burleigh Heads,30901122523,3122523,54,53
30901122524-MCP,MCPHERSON,309011225,Burleigh Heads,30901122524,3122524,326,328
30901122525-MCP,MCPHERSON,309011225,Burleigh Heads,30901122525,3122525,419,430
30901122601-MCP,MCPHERSON,309011226,Burleigh Waters,30901122601,3122601,388,385
30901122602-MCP,MCPHERSON,309011226,Burleigh Waters,30901122602,3122602,398,397
30901122603-MCP,MCPHERSON,309011226,Burleigh Waters,30901122603,3122603,291,298
30901122604-MCP,MCPHERSON,309011226,Burleigh Waters,30901122604,3122604,358,347
30901122605-MCP,MCPHERSON,309011226,Burleigh Waters,30901122605,3122605,304,295
30901122606-MCP,MCPHERSON,309011226,Burleigh Waters,30901122606,3122606,437,441
30901122607-MCP,MCPHERSON,309011226,Burleigh Waters,30901122607,3122607,283,287
30901122608-MCP,MCPHERSON,309011226,Burleigh Waters,30901122608,3122608,400,398
30901122609-MCP,MCPHERSON,309011226,Burleigh Waters,30901122609,3122609,380,399
30901122610-MCP,MCPHERSON,309011226,Burleigh Waters,30901122610,3122610,159,165
30901122611-MCP,MCPHERSON,309011226,Burleigh Waters,30901122611,3122611,290,314
30901122612-MCP,MCPHERSON,309011226,Burleigh Waters,30901122612,3122612,303,314
30901122613-MCP,MCPHERSON,309011226,Burleigh Waters,30901122613,3122613,508,526
30901122614-MCP,MCPHERSON,309011226,Burleigh Waters,30901122614,3122614,253,261
30901122615-MCP,MCPHERSON,309011226,Burleigh Waters,30901122615,3122615,438,456
30901122616-MCP,MCPHERSON,309011226,Burleigh Waters,30901122616,3122616,280,278
30901122617-MCP,MCPHERSON,309011226,Burleigh Waters,30901122617,3122617,0,0
30901122618-MCP,MCPHERSON,309011226,Burleigh Waters,30901122618,3122618,349,338
30901122619-MCP,MCPHERSON,309011226,Burleigh Waters,30901122619,3122619,338,349
30901122620-MCP,MCPHERSON,309011226,Burleigh Waters,30901122620,3122620,299,306
30901122621-MCP,MCPHERSON,309011226,Burleigh Waters,30901122621,3122621,227,241
30901122622-MCP,MCPHERSON,309011226,Burleigh Waters,30901122622,3122622,378,367
30901122623-MCP,MCPHERSON,309011226,Burleigh Waters,30901122623,3122623,294,322
30901122624-MCP,MCPHERSON,309011226,Burleigh Waters,30901122624,3122624,337,341
30901122625-MCP,MCPHERSON,309011226,Burleigh Waters,30901122625,3122625,331,334
30901122628-MCP,MCPHERSON,309011226,Burleigh Waters,30901122628,3122628,250,258
30901122629-MCP,MCPHERSON,309011226,Burleigh Waters,30901122629,3122629,298,301
30901122630-MCP,MCPHERSON,309011226,Burleigh Waters,30901122630,3122630,228,229
30901122631-MCP,MCPHERSON,309011226,Burleigh Waters,30901122631,3122631,268,276
30901122632-MCP,MCPHERSON,309011226,Burleigh Waters,30901122632,3122632,292,305
30901122633-MCP,MCPHERSON,309011226,Burleigh Waters,30901122633,3122633,389,403
30901122634-MCP,MCPHERSON,309011226,Burleigh Waters,30901122634,3122634,198,209
30901122635-MCP,MCPHERSON,309011226,Burleigh Waters,30901122635,3122635,251,261
30901122636-MCP,MCPHERSON,309011226,Burleigh Waters,30901122636,3122636,142,147
30901122637-MCP,MCPHERSON,309011226,Burleigh Waters,30901122637,3122637,260,263
30901122638-MCP,MCPHERSON,309011226,Burleigh Waters,30901122638,3122638,322,312
30901122701-MON,MONCRIEFF,309011227,Mermaid Beach - Broadbeach,30901122701,3122701,507,556
30901122702-MON,MONCRIEFF,309011227,Mermaid Beach - Broadbeach,30901122702,3122702,393,403
30901122703-MON,MONCRIEFF,309011227,Mermaid Beach - Broadbeach,30901122703,3122703,500,538
30901122704-MON,MONCRIEFF,309011227,Mermaid Beach - Broadbeach,30901122704,3122704,359,371
30901122705-MON,MONCRIEFF,309011227,Mermaid Beach - Broadbeach,30901122705,3122705,390,433
30901122706-MON,MONCRIEFF,309011227,Mermaid Beach - Broadbeach,30901122706,3122706,252,261
30901122707-MON,MONCRIEFF,309011227,Mermaid Beach - Broadbeach,30901122707,3122707,408,425
30901122709-MON,MONCRIEFF,309011227,Mermaid Beach - Broadbeach,30901122709,3122709,672,721
30901122710-MON,MONCRIEFF,309011227,Mermaid Beach - Broadbeach,30901122710,3122710,331,354
30901122714-MON,MONCRIEFF,309011227,Mermaid Beach - Broadbeach,30901122714,3122714,493,517
30901122716-MON,MONCRIEFF,309011227,Mermaid Beach - Broadbeach,30901122716,3122716,391,406
30901122718-MON,MONCRIEFF,309011227,Mermaid Beach - Broadbeach,30901122718,3122718,316,330
30901122719-MON,MONCRIEFF,309011227,Mermaid Beach - Broadbeach,30901122719,3122719,489,526
30901122720-MON,MONCRIEFF,309011227,Mermaid Beach - Broadbeach,30901122720,3122720,385,427
30901122721-MON,MONCRIEFF,309011227,Mermaid Beach - Broadbeach,30901122721,3122721,423,439
30901122722-MON,MONCRIEFF,309011227,Mermaid Beach - Broadbeach,30901122722,3122722,527,578
30901122724-MON,MONCRIEFF,309011227,Mermaid Beach - Broadbeach,30901122724,3122724,294,317
30901122725-MON,MONCRIEFF,309011227,Mermaid Beach - Broadbeach,30901122725,3122725,267,265
30901122726-MON,MONCRIEFF,309011227,Mermaid Beach - Broadbeach,30901122726,3122726,451,485
30901122727-MON,MONCRIEFF,309011227,Mermaid Beach - Broadbeach,30901122727,3122727,260,285
30901122728-MON,MONCRIEFF,309011227,Mermaid Beach - Broadbeach,30901122728,3122728,797,831
30901122729-MON,MONCRIEFF,309011227,Mermaid Beach - Broadbeach,30901122729,3122729,226,232
30901122730-MON,MONCRIEFF,309011227,Mermaid Beach - Broadbeach,30901122730,3122730,224,237
30901122731-MON,MONCRIEFF,309011227,Mermaid Beach - Broadbeach,30901122731,3122731,148,157
30901122732-MON,MONCRIEFF,309011227,Mermaid Beach - Broadbeach,30901122732,3122732,250,268
30901122733-MON,MONCRIEFF,309011227,Mermaid Beach - Broadbeach,30901122733,3122733,114,122
30901122734-MON,MONCRIEFF,309011227,Mermaid Beach - Broadbeach,30901122734,3122734,192,190
30901122735-MON,MONCRIEFF,309011227,Mermaid Beach - Broadbeach,30901122735,3122735,182,195
30901122736-MON,MONCRIEFF,309011227,Mermaid Beach - Broadbeach,30901122736,3122736,309,339
30901122737-MON,MONCRIEFF,309011227,Mermaid Beach - Broadbeach,30901122737,3122737,198,216
30901122801-MON,MONCRIEFF,309011228,Mermaid Waters,30901122801,3122801,184,193
30901122802-MON,MONCRIEFF,309011228,Mermaid Waters,30901122802,3122802,201,220
30901122803-MON,MONCRIEFF,309011228,Mermaid Waters,30901122803,3122803,232,249
30901122804-MON,MONCRIEFF,309011228,Mermaid Waters,30901122804,3122804,302,316
30901122805-MON,MONCRIEFF,309011228,Mermaid Waters,30901122805,3122805,173,184
30901122806-MON,MONCRIEFF,309011228,Mermaid Waters,30901122806,3122806,330,334
30901122807-MON,MONCRIEFF,309011228,Mermaid Waters,30901122807,3122807,282,297
30901122808-MON,MONCRIEFF,309011228,Mermaid Waters,30901122808,3122808,241,258
30901122809-MON,MONCRIEFF,309011228,Mermaid Waters,30901122809,3122809,322,330
30901122810-MON,MONCRIEFF,309011228,Mermaid Waters,30901122810,3122810,377,399
30901122811-MON,MONCRIEFF,309011228,Mermaid Waters,30901122811,3122811,370,380
30901122812-MON,MONCRIEFF,309011228,Mermaid Waters,30901122812,3122812,366,372
30901122813-MON,MONCRIEFF,309011228,Mermaid Waters,30901122813,3122813,292,309
30901122814-MON,MONCRIEFF,309011228,Mermaid Waters,30901122814,3122814,307,314
30901122815-MON,MONCRIEFF,309011228,Mermaid Waters,30901122815,3122815,313,319
30901122816-MON,MONCRIEFF,309011228,Mermaid Waters,30901122816,3122816,635,660
30901122817-MON,MONCRIEFF,309011228,Mermaid Waters,30901122817,3122817,357,372
30901122818-MON,MONCRIEFF,309011228,Mermaid Waters,30901122818,3122818,240,259
30901122819-MON,MONCRIEFF,309011228,Mermaid Waters,30901122819,3122819,376,388
30901122820-MON,MONCRIEFF,309011228,Mermaid Waters,30901122820,3122820,415,431
30901122821-MON,MONCRIEFF,309011228,Mermaid Waters,30901122821,3122821,140,143
30901122822-MON,MONCRIEFF,309011228,Mermaid Waters,30901122822,3122822,293,317
30901122823-MON,MONCRIEFF,309011228,Mermaid Waters,30901122823,3122823,391,417
30901122824-MON,MONCRIEFF,309011228,Mermaid Waters,30901122824,3122824,280,300
30901122825-MON,MONCRIEFF,309011228,Mermaid Waters,30901122825,3122825,432,473
30901122826-MON,MONCRIEFF,309011228,Mermaid Waters,30901122826,3122826,358,379
30901122827-MON,MONCRIEFF,309011228,Mermaid Waters,30901122827,3122827,378,392
30901122828-MON,MONCRIEFF,309011228,Mermaid Waters,30901122828,3122828,348,383
30901122829-MON,MONCRIEFF,309011228,Mermaid Waters,30901122829,3122829,373,367
30901122830-MON,MONCRIEFF,309011228,Mermaid Waters,30901122830,3122830,362,379
30901122901-MON,MONCRIEFF,309011229,Miami,30901122901,3122901,362,377
30901122902-MON,MONCRIEFF,309011229,Miami,30901122902,3122902,229,224
30901122903-MON,MONCRIEFF,309011229,Miami,30901122903,3122903,365,375
30901122904-MON,MONCRIEFF,309011229,Miami,30901122904,3122904,345,354
30901122905-MON,MONCRIEFF,309011229,Miami,30901122905,3122905,359,385
30901122906-MON,MONCRIEFF,309011229,Miami,30901122906,3122906,316,328
30901122907-MON,MONCRIEFF,309011229,Miami,30901122907,3122907,391,413
30901122908-MON,MONCRIEFF,309011229,Miami,30901122908,3122908,461,474
30901122909-MON,MONCRIEFF,309011229,Miami,30901122909,3122909,367,372
30901122910-MON,MONCRIEFF,309011229,Miami,30901122910,3122910,388,399
30901122911-MON,MONCRIEFF,309011229,Miami,30901122911,3122911,289,310
30901122912-MON,MONCRIEFF,309011229,Miami,30901122912,3122912,523,538
30901122913-MON,MONCRIEFF,309011229,Miami,30901122913,3122913,367,387
30901122914-MON,MONCRIEFF,309011229,Miami,30901122914,3122914,503,528
30901122915-MON,MONCRIEFF,309011229,Miami,30901122915,3122915,197,204
30901122916-MCP,MCPHERSON,309011229,Miami,30901122916,3122916,151,154
30901122916-MON,MONCRIEFF,309011229,Miami,30901122916,3122916,267,272
30902123002-MCP,MCPHERSON,309021230,Coolangatta,30902123002,3123002,310,314
30902123003-MCP,MCPHERSON,309021230,Coolangatta,30902123003,3123003,450,478
30902123004-MCP,MCPHERSON,309021230,Coolangatta,30902123004,3123004,400,429
30902123008-MCP,MCPHERSON,309021230,Coolangatta,30902123008,3123008,404,443
30902123009-MCP,MCPHERSON,309021230,Coolangatta,30902123009,3123009,648,657
30902123010-MCP,MCPHERSON,309021230,Coolangatta,30902123010,3123010,391,414
30902123011-MCP,MCPHERSON,309021230,Coolangatta,30902123011,3123011,442,482
30902123012-MCP,MCPHERSON,309021230,Coolangatta,30902123012,3123012,368,397
30902123013-MCP,MCPHERSON,309021230,Coolangatta,30902123013,3123013,254,266
30902123014-MCP,MCPHERSON,309021230,Coolangatta,30902123014,3123014,352,363
30902123015-MCP,MCPHERSON,309021230,Coolangatta,30902123015,3123015,343,376
30902123016-MCP,MCPHERSON,309021230,Coolangatta,30902123016,3123016,289,312
30902123017-MCP,MCPHERSON,309021230,Coolangatta,30902123017,3123017,433,440
30902123018-MCP,MCPHERSON,309021230,Coolangatta,30902123018,3123018,328,334
30902123019-MCP,MCPHERSON,309021230,Coolangatta,30902123019,3123019,176,183
30902123020-MCP,MCPHERSON,309021230,Coolangatta,30902123020,3123020,249,256
30902123101-MCP,MCPHERSON,309021231,Currumbin - Tugun,30902123101,3123101,352,357
30902123102-MCP,MCPHERSON,309021231,Currumbin - Tugun,30902123102,3123102,264,281
30902123103-MCP,MCPHERSON,309021231,Currumbin - Tugun,30902123103,3123103,323,341
30902123104-MCP,MCPHERSON,309021231,Currumbin - Tugun,30902123104,3123104,705,740
30902123105-MCP,MCPHERSON,309021231,Currumbin - Tugun,30902123105,3123105,632,640
30902123106-MCP,MCPHERSON,309021231,Currumbin - Tugun,30902123106,3123106,441,464
30902123107-MCP,MCPHERSON,309021231,Currumbin - Tugun,30902123107,3123107,229,241
30902123108-MCP,MCPHERSON,309021231,Currumbin - Tugun,30902123108,3123108,315,322
30902123109-MCP,MCPHERSON,309021231,Currumbin - Tugun,30902123109,3123109,324,333
30902123110-MCP,MCPHERSON,309021231,Currumbin - Tugun,30902123110,3123110,512,512
30902123111-MCP,MCPHERSON,309021231,Currumbin - Tugun,30902123111,3123111,195,195
30902123112-MCP,MCPHERSON,309021231,Currumbin - Tugun,30902123112,3123112,328,337
30902123113-MCP,MCPHERSON,309021231,Currumbin - Tugun,30902123113,3123113,7,7
30902123114-MCP,MCPHERSON,309021231,Currumbin - Tugun,30902123114,3123114,356,368
30902123116-MCP,MCPHERSON,309021231,Currumbin - Tugun,30902123116,3123116,411,400
30902123117-MCP,MCPHERSON,309021231,Currumbin - Tugun,30902123117,3123117,312,316
30902123118-MCP,MCPHERSON,309021231,Currumbin - Tugun,30902123118,3123118,313,329
30902123119-MCP,MCPHERSON,309021231,Currumbin - Tugun,30902123119,3123119,486,486
30902123120-MCP,MCPHERSON,309021231,Currumbin - Tugun,30902123120,3123120,596,614
30902123121-MCP,MCPHERSON,309021231,Currumbin - Tugun,30902123121,3123121,433,443
30902123122-MCP,MCPHERSON,309021231,Currumbin - Tugun,30902123122,3123122,340,354
30902123123-MCP,MCPHERSON,309021231,Currumbin - Tugun,30902123123,3123123,502,498
30902123124-MCP,MCPHERSON,309021231,Currumbin - Tugun,30902123124,3123124,426,444
30902123125-MCP,MCPHERSON,309021231,Currumbin - Tugun,30902123125,3123125,263,284
30902123126-MCP,MCPHERSON,309021231,Currumbin - Tugun,30902123126,3123126,277,277
30902123127-MCP,MCPHERSON,309021231,Currumbin - Tugun,30902123127,3123127,323,339
30902123128-MCP,MCPHERSON,309021231,Currumbin - Tugun,30902123128,3123128,272,276
30902123129-MCP,MCPHERSON,309021231,Currumbin - Tugun,30902123129,3123129,247,260
30902123201-MCP,MCPHERSON,309021232,Currumbin Waters,30902123201,3123201,285,305
30902123202-MCP,MCPHERSON,309021232,Currumbin Waters,30902123202,3123202,291,288
30902123203-MCP,MCPHERSON,309021232,Currumbin Waters,30902123203,3123203,308,312
30902123204-MCP,MCPHERSON,309021232,Currumbin Waters,30902123204,3123204,275,271
30902123205-MCP,MCPHERSON,309021232,Currumbin Waters,30902123205,3123205,282,302
30902123206-MCP,MCPHERSON,309021232,Currumbin Waters,30902123206,3123206,438,425
30902123207-MCP,MCPHERSON,309021232,Currumbin Waters,30902123207,3123207,396,404
30902123208-MCP,MCPHERSON,309021232,Currumbin Waters,30902123208,3123208,216,219
30902123209-MCP,MCPHERSON,309021232,Currumbin Waters,30902123209,3123209,311,312
30902123210-MCP,MCPHERSON,309021232,Currumbin Waters,30902123210,3123210,432,438
30902123211-MCP,MCPHERSON,309021232,Currumbin Waters,30902123211,3123211,348,337
30902123212-MCP,MCPHERSON,309021232,Currumbin Waters,30902123212,3123212,221,224
30902123213-MCP,MCPHERSON,309021232,Currumbin Waters,30902123213,3123213,360,371
30902123214-MCP,MCPHERSON,309021232,Currumbin Waters,30902123214,3123214,362,356
30902123215-MCP,MCPHERSON,309021232,Currumbin Waters,30902123215,3123215,231,238
30902123216-MCP,MCPHERSON,309021232,Currumbin Waters,30902123216,3123216,531,568
30902123217-MCP,MCPHERSON,309021232,Currumbin Waters,30902123217,3123217,338,350
30902123218-MCP,MCPHERSON,309021232,Currumbin Waters,30902123218,3123218,111,113
30902123219-MCP,MCPHERSON,309021232,Currumbin Waters,30902123219,3123219,294,301
30902123220-MCP,MCPHERSON,309021232,Currumbin Waters,30902123220,3123220,438,464
30902123221-MCP,MCPHERSON,309021232,Currumbin Waters,30902123221,3123221,40,41
30902123222-MCP,MCPHERSON,309021232,Currumbin Waters,30902123222,3123222,326,335
30902123223-MCP,MCPHERSON,309021232,Currumbin Waters,30902123223,3123223,16,16
30902123225-MCP,MCPHERSON,309021232,Currumbin Waters,30902123225,3123225,346,347
30902123226-MCP,MCPHERSON,309021232,Currumbin Waters,30902123226,3123226,266,263
30902123227-MCP,MCPHERSON,309021232,Currumbin Waters,30902123227,3123227,35,37
30902123228-MCP,MCPHERSON,309021232,Currumbin Waters,30902123228,3123228,222,224
30902123301-MCP,MCPHERSON,309021233,Elanora,30902123301,3123301,272,286
30902123302-MCP,MCPHERSON,309021233,Elanora,30902123302,3123302,253,259
30902123303-MCP,MCPHERSON,309021233,Elanora,30902123303,3123303,344,369
30902123304-MCP,MCPHERSON,309021233,Elanora,30902123304,3123304,266,270
30902123305-MCP,MCPHERSON,309021233,Elanora,30902123305,3123305,252,253
30902123306-MCP,MCPHERSON,309021233,Elanora,30902123306,3123306,221,228
30902123307-MCP,MCPHERSON,309021233,Elanora,30902123307,3123307,357,373
30902123308-MCP,MCPHERSON,309021233,Elanora,30902123308,3123308,455,451
30902123309-MCP,MCPHERSON,309021233,Elanora,30902123309,3123309,472,470
30902123310-MCP,MCPHERSON,309021233,Elanora,30902123310,3123310,490,518
30902123311-MCP,MCPHERSON,309021233,Elanora,30902123311,3123311,278,287
30902123312-MCP,MCPHERSON,309021233,Elanora,30902123312,3123312,199,200
30902123313-MCP,MCPHERSON,309021233,Elanora,30902123313,3123313,234,246
30902123314-MCP,MCPHERSON,309021233,Elanora,30902123314,3123314,190,189
30902123315-MCP,MCPHERSON,309021233,Elanora,30902123315,3123315,255,270
30902123316-MCP,MCPHERSON,309021233,Elanora,30902123316,3123316,403,401
30902123317-MCP,MCPHERSON,309021233,Elanora,30902123317,3123317,327,333
30902123318-MCP,MCPHERSON,309021233,Elanora,30902123318,3123318,254,264
30902123319-MCP,MCPHERSON,309021233,Elanora,30902123319,3123319,676,666
30902123320-MCP,MCPHERSON,309021233,Elanora,30902123320,3123320,273,283
30902123321-MCP,MCPHERSON,309021233,Elanora,30902123321,3123321,264,260
30902123322-MCP,MCPHERSON,309021233,Elanora,30902123322,3123322,367,371
30902123323-MCP,MCPHERSON,309021233,Elanora,30902123323,3123323,289,280
30902123324-MCP,MCPHERSON,309021233,Elanora,30902123324,3123324,355,370
30902123325-MCP,MCPHERSON,309021233,Elanora,30902123325,3123325,328,337
30902123326-MCP,MCPHERSON,309021233,Elanora,30902123326,3123326,11,11
30902123327-MCP,MCPHERSON,309021233,Elanora,30902123327,3123327,0,0
30902123328-MCP,MCPHERSON,309021233,Elanora,30902123328,3123328,238,234
30902123329-MCP,MCPHERSON,309021233,Elanora,30902123329,3123329,396,416
30902123330-MCP,MCPHERSON,309021233,Elanora,30902123330,3123330,397,402
30902123331-MCP,MCPHERSON,309021233,Elanora,30902123331,3123331,163,168
30902123332-MCP,MCPHERSON,309021233,Elanora,30902123332,3123332,459,456
30902123333-MCP,MCPHERSON,309021233,Elanora,30902123333,3123333,0,0
30902123401-MCP,MCPHERSON,309021234,Palm Beach,30902123401,3123401,346,362
30902123402-MCP,MCPHERSON,309021234,Palm Beach,30902123402,3123402,209,213
30902123403-MCP,MCPHERSON,309021234,Palm Beach,30902123403,3123403,204,217
30902123404-MCP,MCPHERSON,309021234,Palm Beach,30902123404,3123404,419,446
30902123405-MCP,MCPHERSON,309021234,Palm Beach,30902123405,3123405,299,324
30902123407-MCP,MCPHERSON,309021234,Palm Beach,30902123407,3123407,476,511
30902123408-MCP,MCPHERSON,309021234,Palm Beach,30902123408,3123408,578,617
30902123409-MCP,MCPHERSON,309021234,Palm Beach,30902123409,3123409,471,495
30902123410-MCP,MCPHERSON,309021234,Palm Beach,30902123410,3123410,0,0
30902123411-MCP,MCPHERSON,309021234,Palm Beach,30902123411,3123411,267,292
30902123412-MCP,MCPHERSON,309021234,Palm Beach,30902123412,3123412,255,279
30902123414-MCP,MCPHERSON,309021234,Palm Beach,30902123414,3123414,566,594
30902123415-MCP,MCPHERSON,309021234,Palm Beach,30902123415,3123415,1016,1031
30902123416-MCP,MCPHERSON,309021234,Palm Beach,30902123416,3123416,554,545
30902123418-MCP,MCPHERSON,309021234,Palm Beach,30902123418,3123418,554,545
30902123419-MCP,MCPHERSON,309021234,Palm Beach,30902123419,3123419,366,387
30902123420-MCP,MCPHERSON,309021234,Palm Beach,30902123420,3123420,398,391
30902123421-MCP,MCPHERSON,309021234,Palm Beach,30902123421,3123421,275,299
30902123422-MCP,MCPHERSON,309021234,Palm Beach,30902123422,3123422,386,414
30902123423-MCP,MCPHERSON,309021234,Palm Beach,30902123423,3123423,509,560
30902123424-MCP,MCPHERSON,309021234,Palm Beach,30902123424,3123424,359,365
30902123425-MCP,MCPHERSON,309021234,Palm Beach,30902123425,3123425,412,434
30902123426-MCP,MCPHERSON,309021234,Palm Beach,30902123426,3123426,439,431
30902123427-MCP,MCPHERSON,309021234,Palm Beach,30902123427,3123427,517,556
30902123428-MCP,MCPHERSON,309021234,Palm Beach,30902123428,3123428,458,480
30902123429-MCP,MCPHERSON,309021234,Palm Beach,30902123429,3123429,331,344
30902123430-MCP,MCPHERSON,309021234,Palm Beach,30902123430,3123430,392,401
30902123431-MCP,MCPHERSON,309021234,Palm Beach,30902123431,3123431,238,243
30902123432-MCP,MCPHERSON,309021234,Palm Beach,30902123432,3123432,386,392
30902123433-MCP,MCPHERSON,309021234,Palm Beach,30902123433,3123433,208,211
30902123434-MCP,MCPHERSON,309021234,Palm Beach,30902123434,3123434,283,278
30902123435-MCP,MCPHERSON,309021234,Palm Beach,30902123435,3123435,324,359
30902123436-MCP,MCPHERSON,309021234,Palm Beach,30902123436,3123436,328,345
30902123437-MCP,MCPHERSON,309021234,Palm Beach,30902123437,3123437,326,349
30902123438-MCP,MCPHERSON,309021234,Palm Beach,30902123438,3123438,384,400
30903123501-FAD,FADDEN,309031235,Arundel,30903123501,3123501,813,842
30903123502-FAD,FADDEN,309031235,Arundel,30903123502,3123502,170,172
30903123503-FAD,FADDEN,309031235,Arundel,30903123503,3123503,6,6
30903123504-FAD,FADDEN,309031235,Arundel,30903123504,3123504,217,226
30903123505-FAD,FADDEN,309031235,Arundel,30903123505,3123505,250,272
30903123506-FAD,FADDEN,309031235,Arundel,30903123506,3123506,218,233
30903123507-FAD,FADDEN,309031235,Arundel,30903123507,3123507,217,224
30903123508-FAD,FADDEN,309031235,Arundel,30903123508,3123508,350,364
30903123509-FAD,FADDEN,309031235,Arundel,30903123509,3123509,275,303
30903123510-FAD,FADDEN,309031235,Arundel,30903123510,3123510,6,6
30903123511-FAD,FADDEN,309031235,Arundel,30903123511,3123511,0,0
30903123512-FAD,FADDEN,309031235,Arundel,30903123512,3123512,315,346
30903123513-FAD,FADDEN,309031235,Arundel,30903123513,3123513,244,266
30903123514-FAD,FADDEN,309031235,Arundel,30903123514,3123514,225,251
30903123515-FAD,FADDEN,309031235,Arundel,30903123515,3123515,545,536
30903123517-FAD,FADDEN,309031235,Arundel,30903123517,3123517,298,304
30903123518-FAD,FADDEN,309031235,Arundel,30903123518,3123518,309,317
30903123519-FAD,FADDEN,309031235,Arundel,30903123519,3123519,230,226
30903123520-FAD,FADDEN,309031235,Arundel,30903123520,3123520,346,356
30903123521-FAD,FADDEN,309031235,Arundel,30903123521,3123521,258,268
30903123522-FAD,FADDEN,309031235,Arundel,30903123522,3123522,235,240
30903123523-FAD,FADDEN,309031235,Arundel,30903123523,3123523,502,523
30903123524-FAD,FADDEN,309031235,Arundel,30903123524,3123524,255,284
30903123525-FAD,FADDEN,309031235,Arundel,30903123525,3123525,171,177
30903123526-FAD,FADDEN,309031235,Arundel,30903123526,3123526,444,457
30903123527-FAD,FADDEN,309031235,Arundel,30903123527,3123527,246,261
30903123528-FAD,FADDEN,309031235,Arundel,30903123528,3123528,392,409
30903123529-FAD,FADDEN,309031235,Arundel,30903123529,3123529,2,2
30903123531-FAD,FADDEN,309031235,Arundel,30903123531,3123531,281,291
30903123601-FAD,FADDEN,309031236,Biggera Waters,30903123601,3123601,1,1
30903123603-FAD,FADDEN,309031236,Biggera Waters,30903123603,3123603,27,29
30903123604-FAD,FADDEN,309031236,Biggera Waters,30903123604,3123604,457,466
30903123605-FAD,FADDEN,309031236,Biggera Waters,30903123605,3123605,230,247
30903123606-FAD,FADDEN,309031236,Biggera Waters,30903123606,3123606,240,241
30903123607-FAD,FADDEN,309031236,Biggera Waters,30903123607,3123607,360,369
30903123608-FAD,FADDEN,309031236,Biggera Waters,30903123608,3123608,306,309
30903123609-FAD,FADDEN,309031236,Biggera Waters,30903123609,3123609,318,334
30903123610-FAD,FADDEN,309031236,Biggera Waters,30903123610,3123610,281,286
30903123611-FAD,FADDEN,309031236,Biggera Waters,30903123611,3123611,444,478
30903123612-FAD,FADDEN,309031236,Biggera Waters,30903123612,3123612,467,470
30903123613-FAD,FADDEN,309031236,Biggera Waters,30903123613,3123613,416,420
30903123614-FAD,FADDEN,309031236,Biggera Waters,30903123614,3123614,551,579
30903123616-FAD,FADDEN,309031236,Biggera Waters,30903123616,3123616,437,429
30903123617-FAD,FADDEN,309031236,Biggera Waters,30903123617,3123617,349,362
30903123618-FAD,FADDEN,309031236,Biggera Waters,30903123618,3123618,459,526
30903123619-FAD,FADDEN,309031236,Biggera Waters,30903123619,3123619,402,416
30903123620-FAD,FADDEN,309031236,Biggera Waters,30903123620,3123620,298,320
30903123621-FAD,FADDEN,309031236,Biggera Waters,30903123621,3123621,785,813
30903123622-FAD,FADDEN,309031236,Biggera Waters,30903123622,3123622,151,159
30903123701-FAD,FADDEN,309031237,Coombabah,30903123701,3123701,304,313
30903123703-FAD,FADDEN,309031237,Coombabah,30903123703,3123703,147,157
30903123704-FAD,FADDEN,309031237,Coombabah,30903123704,3123704,0,0
30903123705-FAD,FADDEN,309031237,Coombabah,30903123705,3123705,4,4
30903123706-FAD,FADDEN,309031237,Coombabah,30903123706,3123706,190,194
30903123707-FAD,FADDEN,309031237,Coombabah,30903123707,3123707,354,368
30903123708-FAD,FADDEN,309031237,Coombabah,30903123708,3123708,391,382
30903123709-FAD,FADDEN,309031237,Coombabah,30903123709,3123709,263,275
30903123710-FAD,FADDEN,309031237,Coombabah,30903123710,3123710,249,282
30903123711-FAD,FADDEN,309031237,Coombabah,30903123711,3123711,365,377
30903123712-FAD,FADDEN,309031237,Coombabah,30903123712,3123712,337,351
30903123713-FAD,FADDEN,309031237,Coombabah,30903123713,3123713,415,434
30903123714-FAD,FADDEN,309031237,Coombabah,30903123714,3123714,331,339
30903123715-FAD,FADDEN,309031237,Coombabah,30903123715,3123715,284,296
30903123716-FAD,FADDEN,309031237,Coombabah,30903123716,3123716,259,270
30903123717-FAD,FADDEN,309031237,Coombabah,30903123717,3123717,326,335
30903123718-FAD,FADDEN,309031237,Coombabah,30903123718,3123718,292,298
30903123719-FAD,FADDEN,309031237,Coombabah,30903123719,3123719,406,407
30903123720-FAD,FADDEN,309031237,Coombabah,30903123720,3123720,296,301
30903123721-FAD,FADDEN,309031237,Coombabah,30903123721,3123721,317,317
30903123722-FAD,FADDEN,309031237,Coombabah,30903123722,3123722,340,364
30903123723-FAD,FADDEN,309031237,Coombabah,30903123723,3123723,264,281
30903123724-FAD,FADDEN,309031237,Coombabah,30903123724,3123724,365,385
30903123725-FAD,FADDEN,309031237,Coombabah,30903123725,3123725,303,313
30903123726-FAD,FADDEN,309031237,Coombabah,30903123726,3123726,353,363
30903123727-FAD,FADDEN,309031237,Coombabah,30903123727,3123727,228,235
30903123728-FAD,FADDEN,309031237,Coombabah,30903123728,3123728,289,297
30903123801-FAD,FADDEN,309031238,Labrador,30903123801,3123801,203,209
30903123802-FAD,FADDEN,309031238,Labrador,30903123802,3123802,454,477
30903123803-FAD,FADDEN,309031238,Labrador,30903123803,3123803,359,372
30903123804-FAD,FADDEN,309031238,Labrador,30903123804,3123804,269,277
30903123805-FAD,FADDEN,309031238,Labrador,30903123805,3123805,251,268
30903123806-FAD,FADDEN,309031238,Labrador,30903123806,3123806,292,313
30903123807-FAD,FADDEN,309031238,Labrador,30903123807,3123807,176,186
30903123808-FAD,FADDEN,309031238,Labrador,30903123808,3123808,241,257
30903123809-FAD,FADDEN,309031238,Labrador,30903123809,3123809,274,281
30903123810-FAD,FADDEN,309031238,Labrador,30903123810,3123810,364,379
30903123811-FAD,FADDEN,309031238,Labrador,30903123811,3123811,233,228
30903123812-FAD,FADDEN,309031238,Labrador,30903123812,3123812,295,298
30903123813-FAD,FADDEN,309031238,Labrador,30903123813,3123813,366,376
30903123814-FAD,FADDEN,309031238,Labrador,30903123814,3123814,318,311
30903123815-FAD,FADDEN,309031238,Labrador,30903123815,3123815,192,195
30903123816-FAD,FADDEN,309031238,Labrador,30903123816,3123816,259,276
30903123817-FAD,FADDEN,309031238,Labrador,30903123817,3123817,230,230
30903123818-FAD,FADDEN,309031238,Labrador,30903123818,3123818,274,291
30903123819-FAD,FADDEN,309031238,Labrador,30903123819,3123819,612,642
30903123820-FAD,FADDEN,309031238,Labrador,30903123820,3123820,371,384
30903123821-FAD,FADDEN,309031238,Labrador,30903123821,3123821,131,131
30903123822-FAD,FADDEN,309031238,Labrador,30903123822,3123822,277,297
30903123823-FAD,FADDEN,309031238,Labrador,30903123823,3123823,336,346
30903123825-FAD,FADDEN,309031238,Labrador,30903123825,3123825,369,397
30903123826-FAD,FADDEN,309031238,Labrador,30903123826,3123826,399,418
30903123827-FAD,FADDEN,309031238,Labrador,30903123827,3123827,238,255
30903123828-FAD,FADDEN,309031238,Labrador,30903123828,3123828,340,349
30903123829-FAD,FADDEN,309031238,Labrador,30903123829,3123829,319,325
30903123830-FAD,FADDEN,309031238,Labrador,30903123830,3123830,288,299
30903123831-FAD,FADDEN,309031238,Labrador,30903123831,3123831,526,534
30903123832-FAD,FADDEN,309031238,Labrador,30903123832,3123832,559,580
30903123833-FAD,FADDEN,309031238,Labrador,30903123833,3123833,877,936
30903123834-FAD,FADDEN,309031238,Labrador,30903123834,3123834,416,459
30903123835-FAD,FADDEN,309031238,Labrador,30903123835,3123835,398,405
30903123836-FAD,FADDEN,309031238,Labrador,30903123836,3123836,267,278
30903123837-FAD,FADDEN,309031238,Labrador,30903123837,3123837,231,251
30903123838-FAD,FADDEN,309031238,Labrador,30903123838,3123838,274,276
30903123839-FAD,FADDEN,309031238,Labrador,30903123839,3123839,272,292
30903123840-FAD,FADDEN,309031238,Labrador,30903123840,3123840,248,243
30903123841-FAD,FADDEN,309031238,Labrador,30903123841,3123841,15,16
30903123842-FAD,FADDEN,309031238,Labrador,30903123842,3123842,319,326
30903123843-FAD,FADDEN,309031238,Labrador,30903123843,3123843,442,453
30903123901-FAD,FADDEN,309031239,Paradise Point - Hollywell,30903123901,3123901,363,374
30903123902-FAD,FADDEN,309031239,Paradise Point - Hollywell,30903123902,3123902,354,372
30903123903-FAD,FADDEN,309031239,Paradise Point - Hollywell,30903123903,3123903,318,330
30903123904-FAD,FADDEN,309031239,Paradise Point - Hollywell,30903123904,3123904,492,519
30903123905-FAD,FADDEN,309031239,Paradise Point - Hollywell,30903123905,3123905,277,281
30903123906-FAD,FADDEN,309031239,Paradise Point - Hollywell,30903123906,3123906,339,354
30903123907-FAD,FADDEN,309031239,Paradise Point - Hollywell,30903123907,3123907,407,423
30903123908-FAD,FADDEN,309031239,Paradise Point - Hollywell,30903123908,3123908,318,318
30903123909-FAD,FADDEN,309031239,Paradise Point - Hollywell,30903123909,3123909,446,443
30903123910-FAD,FADDEN,309031239,Paradise Point - Hollywell,30903123910,3123910,342,344
30903123911-FAD,FADDEN,309031239,Paradise Point - Hollywell,30903123911,3123911,735,777
30903123912-FAD,FADDEN,309031239,Paradise Point - Hollywell,30903123912,3123912,571,590
30903123914-FAD,FADDEN,309031239,Paradise Point - Hollywell,30903123914,3123914,767,793
30903123915-FAD,FADDEN,309031239,Paradise Point - Hollywell,30903123915,3123915,337,328
30903123916-FAD,FADDEN,309031239,Paradise Point - Hollywell,30903123916,3123916,267,268
30903123917-FAD,FADDEN,309031239,Paradise Point - Hollywell,30903123917,3123917,305,302
30903123918-FAD,FADDEN,309031239,Paradise Point - Hollywell,30903123918,3123918,264,277
30903123919-FAD,FADDEN,309031239,Paradise Point - Hollywell,30903123919,3123919,424,445
30903123920-FAD,FADDEN,309031239,Paradise Point - Hollywell,30903123920,3123920,761,760
30903124001-FAD,FADDEN,309031240,Runaway Bay,30903124001,3124001,268,270
30903124002-FAD,FADDEN,309031240,Runaway Bay,30903124002,3124002,225,228
30903124003-FAD,FADDEN,309031240,Runaway Bay,30903124003,3124003,0,0
30903124004-FAD,FADDEN,309031240,Runaway Bay,30903124004,3124004,260,268
30903124005-FAD,FADDEN,309031240,Runaway Bay,30903124005,3124005,351,358
30903124006-FAD,FADDEN,309031240,Runaway Bay,30903124006,3124006,228,237
30903124007-FAD,FADDEN,309031240,Runaway Bay,30903124007,3124007,220,220
30903124008-FAD,FADDEN,309031240,Runaway Bay,30903124008,3124008,300,303
30903124009-FAD,FADDEN,309031240,Runaway Bay,30903124009,3124009,195,202
30903124010-FAD,FADDEN,309031240,Runaway Bay,30903124010,3124010,384,387
30903124011-FAD,FADDEN,309031240,Runaway Bay,30903124011,3124011,405,411
30903124012-FAD,FADDEN,309031240,Runaway Bay,30903124012,3124012,431,440
30903124013-FAD,FADDEN,309031240,Runaway Bay,30903124013,3124013,637,640
30903124014-FAD,FADDEN,309031240,Runaway Bay,30903124014,3124014,586,585
30903124015-FAD,FADDEN,309031240,Runaway Bay,30903124015,3124015,407,396
30903124016-FAD,FADDEN,309031240,Runaway Bay,30903124016,3124016,216,225
30903124017-FAD,FADDEN,309031240,Runaway Bay,30903124017,3124017,351,352
30903124018-FAD,FADDEN,309031240,Runaway Bay,30903124018,3124018,289,294
30903124020-FAD,FADDEN,309031240,Runaway Bay,30903124020,3124020,251,256
30903124021-FAD,FADDEN,309031240,Runaway Bay,30903124021,3124021,418,436
30903124022-FAD,FADDEN,309031240,Runaway Bay,30903124022,3124022,314,303
30903124023-FAD,FADDEN,309031240,Runaway Bay,30903124023,3124023,180,187
30903124024-FAD,FADDEN,309031240,Runaway Bay,30903124024,3124024,293,287
30903124025-FAD,FADDEN,309031240,Runaway Bay,30903124025,3124025,409,419
30904124101-WRI,WRIGHT,309041241,Guanaba - Springbrook,30904124101,3124101,232,227
30904124102-WRI,WRIGHT,309041241,Guanaba - Springbrook,30904124102,3124102,0,0
30904124103-WRI,WRIGHT,309041241,Guanaba - Springbrook,30904124103,3124103,311,318
30904124104-WRI,WRIGHT,309041241,Guanaba - Springbrook,30904124104,3124104,189,194
30904124105-WRI,WRIGHT,309041241,Guanaba - Springbrook,30904124105,3124105,356,374
30904124106-WRI,WRIGHT,309041241,Guanaba - Springbrook,30904124106,3124106,351,360
30904124107-WRI,WRIGHT,309041241,Guanaba - Springbrook,30904124107,3124107,288,315
30904124108-WRI,WRIGHT,309041241,Guanaba - Springbrook,30904124108,3124108,238,252
30904124109-WRI,WRIGHT,309041241,Guanaba - Springbrook,30904124109,3124109,367,385
30904124110-WRI,WRIGHT,309041241,Guanaba - Springbrook,30904124110,3124110,286,285
30904124111-WRI,WRIGHT,309041241,Guanaba - Springbrook,30904124111,3124111,445,462
30904124112-WRI,WRIGHT,309041241,Guanaba - Springbrook,30904124112,3124112,356,371
30904124113-WRI,WRIGHT,309041241,Guanaba - Springbrook,30904124113,3124113,231,247
30904124201-WRI,WRIGHT,309041242,Tamborine - Canungra,30904124201,3124201,309,329
30904124202-WRI,WRIGHT,309041242,Tamborine - Canungra,30904124202,3124202,305,298
30904124203-WRI,WRIGHT,309041242,Tamborine - Canungra,30904124203,3124203,266,272
30904124204-WRI,WRIGHT,309041242,Tamborine - Canungra,30904124204,3124204,269,280
30904124205-WRI,WRIGHT,309041242,Tamborine - Canungra,30904124205,3124205,443,482
30904124206-WRI,WRIGHT,309041242,Tamborine - Canungra,30904124206,3124206,432,454
30904124207-WRI,WRIGHT,309041242,Tamborine - Canungra,30904124207,3124207,367,378
30904124208-WRI,WRIGHT,309041242,Tamborine - Canungra,30904124208,3124208,243,254
30904124210-WRI,WRIGHT,309041242,Tamborine - Canungra,30904124210,3124210,211,206
30904124211-WRI,WRIGHT,309041242,Tamborine - Canungra,30904124211,3124211,474,502
30904124212-WRI,WRIGHT,309041242,Tamborine - Canungra,30904124212,3124212,139,143
30904124213-WRI,WRIGHT,309041242,Tamborine - Canungra,30904124213,3124213,281,310
30904124214-WRI,WRIGHT,309041242,Tamborine - Canungra,30904124214,3124214,414,430
30904124215-WRI,WRIGHT,309041242,Tamborine - Canungra,30904124215,3124215,343,353
30904124216-WRI,WRIGHT,309041242,Tamborine - Canungra,30904124216,3124216,357,380
30904124217-WRI,WRIGHT,309041242,Tamborine - Canungra,30904124217,3124217,446,480
30904124218-WRI,WRIGHT,309041242,Tamborine - Canungra,30904124218,3124218,239,248
30904124219-WRI,WRIGHT,309041242,Tamborine - Canungra,30904124219,3124219,54,57
30904124220-WRI,WRIGHT,309041242,Tamborine - Canungra,30904124220,3124220,319,322
30904124221-WRI,WRIGHT,309041242,Tamborine - Canungra,30904124221,3124221,234,252
30904124222-WRI,WRIGHT,309041242,Tamborine - Canungra,30904124222,3124222,597,657
30904124225-WRI,WRIGHT,309041242,Tamborine - Canungra,30904124225,3124225,284,294
30904124226-WRI,WRIGHT,309041242,Tamborine - Canungra,30904124226,3124226,196,207
30904124227-WRI,WRIGHT,309041242,Tamborine - Canungra,30904124227,3124227,332,332
30904124228-WRI,WRIGHT,309041242,Tamborine - Canungra,30904124228,3124228,330,356
30904124229-WRI,WRIGHT,309041242,Tamborine - Canungra,30904124229,3124229,539,571
30904124230-WRI,WRIGHT,309041242,Tamborine - Canungra,30904124230,3124230,372,364
30904124231-WRI,WRIGHT,309041242,Tamborine - Canungra,30904124231,3124231,153,160
30904124232-WRI,WRIGHT,309041242,Tamborine - Canungra,30904124232,3124232,483,491
30904124233-WRI,WRIGHT,309041242,Tamborine - Canungra,30904124233,3124233,476,484
30904124234-WRI,WRIGHT,309041242,Tamborine - Canungra,30904124234,3124234,300,312
30904124235-WRI,WRIGHT,309041242,Tamborine - Canungra,30904124235,3124235,292,297
30904124236-WRI,WRIGHT,309041242,Tamborine - Canungra,30904124236,3124236,365,357
30904124237-WRI,WRIGHT,309041242,Tamborine - Canungra,30904124237,3124237,298,305
30904124238-WRI,WRIGHT,309041242,Tamborine - Canungra,30904124238,3124238,260,268
30904124239-WRI,WRIGHT,309041242,Tamborine - Canungra,30904124239,3124239,309,314
30904124240-WRI,WRIGHT,309041242,Tamborine - Canungra,30904124240,3124240,96,98
30904124241-WRI,WRIGHT,309041242,Tamborine - Canungra,30904124241,3124241,165,168
30905124301-MCP,MCPHERSON,309051243,Currumbin Valley - Tallebudgera,30905124301,3124301,354,377
30905124302-MCP,MCPHERSON,309051243,Currumbin Valley - Tallebudgera,30905124302,3124302,282,298
30905124303-MCP,MCPHERSON,309051243,Currumbin Valley - Tallebudgera,30905124303,3124303,668,693
30905124304-MCP,MCPHERSON,309051243,Currumbin Valley - Tallebudgera,30905124304,3124304,51,53
30905124305-MCP,MCPHERSON,309051243,Currumbin Valley - Tallebudgera,30905124305,3124305,218,220
30905124306-MCP,MCPHERSON,309051243,Currumbin Valley - Tallebudgera,30905124306,3124306,446,461
30905124307-MCP,MCPHERSON,309051243,Currumbin Valley - Tallebudgera,30905124307,3124307,486,520
30905124308-MCP,MCPHERSON,309051243,Currumbin Valley - Tallebudgera,30905124308,3124308,235,244
30905124309-MCP,MCPHERSON,309051243,Currumbin Valley - Tallebudgera,30905124309,3124309,380,404
30905124310-MCP,MCPHERSON,309051243,Currumbin Valley - Tallebudgera,30905124310,3124310,322,331
30905124311-MCP,MCPHERSON,309051243,Currumbin Valley - Tallebudgera,30905124311,3124311,322,320
30905124312-MCP,MCPHERSON,309051243,Currumbin Valley - Tallebudgera,30905124312,3124312,405,422
30905124313-MCP,MCPHERSON,309051243,Currumbin Valley - Tallebudgera,30905124313,3124313,313,331
30905124314-MCP,MCPHERSON,309051243,Currumbin Valley - Tallebudgera,30905124314,3124314,281,302
30905124315-MCP,MCPHERSON,309051243,Currumbin Valley - Tallebudgera,30905124315,3124315,450,440
30905124316-MCP,MCPHERSON,309051243,Currumbin Valley - Tallebudgera,30905124316,3124316,304,297
30905124317-MCP,MCPHERSON,309051243,Currumbin Valley - Tallebudgera,30905124317,3124317,288,295
30905124318-MCP,MCPHERSON,309051243,Currumbin Valley - Tallebudgera,30905124318,3124318,311,321
30905124401-WRI,WRIGHT,309051244,Mudgeeraba - Bonogin,30905124401,3124401,110,111
30905124402-WRI,WRIGHT,309051244,Mudgeeraba - Bonogin,30905124402,3124402,177,172
30905124403-MCP,MCPHERSON,309051244,Mudgeeraba - Bonogin,30905124403,3124403,245,239
30905124404-MCP,MCPHERSON,309051244,Mudgeeraba - Bonogin,30905124404,3124404,159,159
30905124405-MCP,MCPHERSON,309051244,Mudgeeraba - Bonogin,30905124405,3124405,371,413
30905124406-MCP,MCPHERSON,309051244,Mudgeeraba - Bonogin,30905124406,3124406,337,328
30905124407-MCP,MCPHERSON,309051244,Mudgeeraba - Bonogin,30905124407,3124407,301,307
30905124408-WRI,WRIGHT,309051244,Mudgeeraba - Bonogin,30905124408,3124408,487,514
30905124409-WRI,WRIGHT,309051244,Mudgeeraba - Bonogin,30905124409,3124409,254,270
30905124410-MCP,MCPHERSON,309051244,Mudgeeraba - Bonogin,30905124410,3124410,0,0
30905124411-WRI,WRIGHT,309051244,Mudgeeraba - Bonogin,30905124411,3124411,0,0
30905124412-MCP,MCPHERSON,309051244,Mudgeeraba - Bonogin,30905124412,3124412,236,236
30905124413-MCP,MCPHERSON,309051244,Mudgeeraba - Bonogin,30905124413,3124413,357,366
30905124414-MCP,MCPHERSON,309051244,Mudgeeraba - Bonogin,30905124414,3124414,411,413
30905124415-MCP,MCPHERSON,309051244,Mudgeeraba - Bonogin,30905124415,3124415,132,130
30905124416-MCP,MCPHERSON,309051244,Mudgeeraba - Bonogin,30905124416,3124416,349,340
30905124417-MCP,MCPHERSON,309051244,Mudgeeraba - Bonogin,30905124417,3124417,233,236
30905124418-MCP,MCPHERSON,309051244,Mudgeeraba - Bonogin,30905124418,3124418,230,242
30905124419-WRI,WRIGHT,309051244,Mudgeeraba - Bonogin,30905124419,3124419,318,348
30905124420-MCP,MCPHERSON,309051244,Mudgeeraba - Bonogin,30905124420,3124420,642,688
30905124420-WRI,WRIGHT,309051244,Mudgeeraba - Bonogin,30905124420,3124420,3,3
30905124421-MCP,MCPHERSON,309051244,Mudgeeraba - Bonogin,30905124421,3124421,344,343
30905124422-WRI,WRIGHT,309051244,Mudgeeraba - Bonogin,30905124422,3124422,225,239
30905124423-WRI,WRIGHT,309051244,Mudgeeraba - Bonogin,30905124423,3124423,455,487
30905124424-MCP,MCPHERSON,309051244,Mudgeeraba - Bonogin,30905124424,3124424,316,325
30905124425-MCP,MCPHERSON,309051244,Mudgeeraba - Bonogin,30905124425,3124425,380,370
30905124426-MCP,MCPHERSON,309051244,Mudgeeraba - Bonogin,30905124426,3124426,204,204
30905124427-MCP,MCPHERSON,309051244,Mudgeeraba - Bonogin,30905124427,3124427,251,268
30905124428-WRI,WRIGHT,309051244,Mudgeeraba - Bonogin,30905124428,3124428,302,301
30905124431-MCP,MCPHERSON,309051244,Mudgeeraba - Bonogin,30905124431,3124431,332,323
30905124432-WRI,WRIGHT,309051244,Mudgeeraba - Bonogin,30905124432,3124432,405,418
30905124433-MCP,MCPHERSON,309051244,Mudgeeraba - Bonogin,30905124433,3124433,1,1
30905124433-WRI,WRIGHT,309051244,Mudgeeraba - Bonogin,30905124433,3124433,402,425
30905124434-WRI,WRIGHT,309051244,Mudgeeraba - Bonogin,30905124434,3124434,284,300
30905124435-MCP,MCPHERSON,309051244,Mudgeeraba - Bonogin,30905124435,3124435,101,98
30905124435-WRI,WRIGHT,309051244,Mudgeeraba - Bonogin,30905124435,3124435,399,389
30905124436-WRI,WRIGHT,309051244,Mudgeeraba - Bonogin,30905124436,3124436,287,311
30905124437-WRI,WRIGHT,309051244,Mudgeeraba - Bonogin,30905124437,3124437,201,205
30905124438-MCP,MCPHERSON,309051244,Mudgeeraba - Bonogin,30905124438,3124438,330,328
30905124439-MCP,MCPHERSON,309051244,Mudgeeraba - Bonogin,30905124439,3124439,229,233
30905124440-WRI,WRIGHT,309051244,Mudgeeraba - Bonogin,30905124440,3124440,242,240
30905124441-WRI,WRIGHT,309051244,Mudgeeraba - Bonogin,30905124441,3124441,234,239
30905124442-MCP,MCPHERSON,309051244,Mudgeeraba - Bonogin,30905124442,3124442,197,195
30905124443-MCP,MCPHERSON,309051244,Mudgeeraba - Bonogin,30905124443,3124443,395,385
30905124444-MCP,MCPHERSON,309051244,Mudgeeraba - Bonogin,30905124444,3124444,234,245
30905124445-MCP,MCPHERSON,309051244,Mudgeeraba - Bonogin,30905124445,3124445,305,308
30905124446-MCP,MCPHERSON,309051244,Mudgeeraba - Bonogin,30905124446,3124446,449,474
30905124447-MCP,MCPHERSON,309051244,Mudgeeraba - Bonogin,30905124447,3124447,337,335
30905124448-MCP,MCPHERSON,309051244,Mudgeeraba - Bonogin,30905124448,3124448,473,500
30905124449-MCP,MCPHERSON,309051244,Mudgeeraba - Bonogin,30905124449,3124449,516,565
30905124502-MCP,MCPHERSON,309051245,Reedy Creek - Andrews,30905124502,3124502,128,137
30905124503-MCP,MCPHERSON,309051245,Reedy Creek - Andrews,30905124503,3124503,434,450
30905124504-MCP,MCPHERSON,309051245,Reedy Creek - Andrews,30905124504,3124504,291,308
30905124505-MCP,MCPHERSON,309051245,Reedy Creek - Andrews,30905124505,3124505,567,591
30905124506-MCP,MCPHERSON,309051245,Reedy Creek - Andrews,30905124506,3124506,329,340
30905124507-MCP,MCPHERSON,309051245,Reedy Creek - Andrews,30905124507,3124507,216,227
30905124509-MCP,MCPHERSON,309051245,Reedy Creek - Andrews,30905124509,3124509,439,430
30905124510-MCP,MCPHERSON,309051245,Reedy Creek - Andrews,30905124510,3124510,794,857
30905124511-MCP,MCPHERSON,309051245,Reedy Creek - Andrews,30905124511,3124511,266,267
30905124512-MCP,MCPHERSON,309051245,Reedy Creek - Andrews,30905124512,3124512,618,645
30905124513-MCP,MCPHERSON,309051245,Reedy Creek - Andrews,30905124513,3124513,761,782
30905124514-MCP,MCPHERSON,309051245,Reedy Creek - Andrews,30905124514,3124514,188,196
30905124515-MCP,MCPHERSON,309051245,Reedy Creek - Andrews,30905124515,3124515,476,518
30905124516-MCP,MCPHERSON,309051245,Reedy Creek - Andrews,30905124516,3124516,390,400
30905124517-MCP,MCPHERSON,309051245,Reedy Creek - Andrews,30905124517,3124517,305,329
30906124601-MON,MONCRIEFF,309061246,Carrara,30906124601,3124601,10,10
30906124602-MON,MONCRIEFF,309061246,Carrara,30906124602,3124602,268,284
30906124603-MON,MONCRIEFF,309061246,Carrara,30906124603,3124603,499,509
30906124604-MON,MONCRIEFF,309061246,Carrara,30906124604,3124604,221,216
30906124605-MON,MONCRIEFF,309061246,Carrara,30906124605,3124605,260,268
30906124606-MON,MONCRIEFF,309061246,Carrara,30906124606,3124606,9,9
30906124607-MON,MONCRIEFF,309061246,Carrara,30906124607,3124607,639,674
30906124608-MON,MONCRIEFF,309061246,Carrara,30906124608,3124608,224,235
30906124609-MON,MONCRIEFF,309061246,Carrara,30906124609,3124609,320,313
30906124610-MON,MONCRIEFF,309061246,Carrara,30906124610,3124610,306,300
30906124611-MON,MONCRIEFF,309061246,Carrara,30906124611,3124611,417,442
30906124612-MON,MONCRIEFF,309061246,Carrara,30906124612,3124612,184,203
30906124613-MON,MONCRIEFF,309061246,Carrara,30906124613,3124613,337,348
30906124614-MON,MONCRIEFF,309061246,Carrara,30906124614,3124614,205,218
30906124615-MON,MONCRIEFF,309061246,Carrara,30906124615,3124615,106,112
30906124616-MON,MONCRIEFF,309061246,Carrara,30906124616,3124616,301,307
30906124617-MON,MONCRIEFF,309061246,Carrara,30906124617,3124617,490,480
30906124618-MON,MONCRIEFF,309061246,Carrara,30906124618,3124618,237,258
30906124619-MON,MONCRIEFF,309061246,Carrara,30906124619,3124619,245,272
30906124620-MON,MONCRIEFF,309061246,Carrara,30906124620,3124620,263,281
30906124621-MON,MONCRIEFF,309061246,Carrara,30906124621,3124621,266,283
30906124622-MON,MONCRIEFF,309061246,Carrara,30906124622,3124622,202,212
30906124625-MON,MONCRIEFF,309061246,Carrara,30906124625,3124625,243,267
30906124626-MON,MONCRIEFF,309061246,Carrara,30906124626,3124626,333,326
30906124627-MON,MONCRIEFF,309061246,Carrara,30906124627,3124627,376,385
30906124628-MON,MONCRIEFF,309061246,Carrara,30906124628,3124628,417,425
30906124629-MON,MONCRIEFF,309061246,Carrara,30906124629,3124629,443,457
30906124630-MON,MONCRIEFF,309061246,Carrara,30906124630,3124630,0,0
30906124631-MON,MONCRIEFF,309061246,Carrara,30906124631,3124631,0,0
30906124632-MON,MONCRIEFF,309061246,Carrara,30906124632,3124632,441,473
30906124633-MON,MONCRIEFF,309061246,Carrara,30906124633,3124633,300,314
30906124634-MON,MONCRIEFF,309061246,Carrara,30906124634,3124634,304,316
30906124635-MON,MONCRIEFF,309061246,Carrara,30906124635,3124635,391,400
30906124636-MON,MONCRIEFF,309061246,Carrara,30906124636,3124636,191,196
30906124637-MON,MONCRIEFF,309061246,Carrara,30906124637,3124637,319,346
30906124701-MON,MONCRIEFF,309061247,Highland Park,30906124701,3124701,312,327
30906124702-MON,MONCRIEFF,309061247,Highland Park,30906124702,3124702,246,251
30906124703-MON,MONCRIEFF,309061247,Highland Park,30906124703,3124703,266,277
30906124705-MON,MONCRIEFF,309061247,Highland Park,30906124705,3124705,429,441
30906124706-MON,MONCRIEFF,309061247,Highland Park,30906124706,3124706,255,260
30906124707-MON,MONCRIEFF,309061247,Highland Park,30906124707,3124707,401,419
30906124708-MON,MONCRIEFF,309061247,Highland Park,30906124708,3124708,352,341
30906124709-MON,MONCRIEFF,309061247,Highland Park,30906124709,3124709,192,202
30906124710-MON,MONCRIEFF,309061247,Highland Park,30906124710,3124710,250,258
30906124711-MON,MONCRIEFF,309061247,Highland Park,30906124711,3124711,340,352
30906124712-MON,MONCRIEFF,309061247,Highland Park,30906124712,3124712,172,169
30906124713-MON,MONCRIEFF,309061247,Highland Park,30906124713,3124713,185,179
30906124714-MON,MONCRIEFF,309061247,Highland Park,30906124714,3124714,208,225
30906124715-MON,MONCRIEFF,309061247,Highland Park,30906124715,3124715,246,249
30906124716-MON,MONCRIEFF,309061247,Highland Park,30906124716,3124716,191,201
30906124717-MON,MONCRIEFF,309061247,Highland Park,30906124717,3124717,205,199
30906124718-MON,MONCRIEFF,309061247,Highland Park,30906124718,3124718,422,425
30906124719-MON,MONCRIEFF,309061247,Highland Park,30906124719,3124719,0,0
30906124720-MON,MONCRIEFF,309061247,Highland Park,30906124720,3124720,192,202
30906124721-MON,MONCRIEFF,309061247,Highland Park,30906124721,3124721,337,353
30906124722-MON,MONCRIEFF,309061247,Highland Park,30906124722,3124722,225,218
30906124723-MON,MONCRIEFF,309061247,Highland Park,30906124723,3124723,245,259
30906124724-MON,MONCRIEFF,309061247,Highland Park,30906124724,3124724,160,167
30906124725-MON,MONCRIEFF,309061247,Highland Park,30906124725,3124725,385,410
30906124801-MON,MONCRIEFF,309061248,Nerang - Mount Nathan,30906124801,3124801,155,159
30906124802-MON,MONCRIEFF,309061248,Nerang - Mount Nathan,30906124802,3124802,155,162
30906124803-MON,MONCRIEFF,309061248,Nerang - Mount Nathan,30906124803,3124803,264,287
30906124804-MON,MONCRIEFF,309061248,Nerang - Mount Nathan,30906124804,3124804,568,597
30906124805-MON,MONCRIEFF,309061248,Nerang - Mount Nathan,30906124805,3124805,15,16
30906124806-MON,MONCRIEFF,309061248,Nerang - Mount Nathan,30906124806,3124806,325,317
30906124807-MON,MONCRIEFF,309061248,Nerang - Mount Nathan,30906124807,3124807,411,431
30906124808-MON,MONCRIEFF,309061248,Nerang - Mount Nathan,30906124808,3124808,411,417
30906124809-MON,MONCRIEFF,309061248,Nerang - Mount Nathan,30906124809,3124809,243,244
30906124810-MON,MONCRIEFF,309061248,Nerang - Mount Nathan,30906124810,3124810,233,238
30906124811-MON,MONCRIEFF,309061248,Nerang - Mount Nathan,30906124811,3124811,346,356
30906124812-MON,MONCRIEFF,309061248,Nerang - Mount Nathan,30906124812,3124812,145,146
30906124813-MON,MONCRIEFF,309061248,Nerang - Mount Nathan,30906124813,3124813,246,265
30906124814-MON,MONCRIEFF,309061248,Nerang - Mount Nathan,30906124814,3124814,315,316
30906124815-MON,MONCRIEFF,309061248,Nerang - Mount Nathan,30906124815,3124815,192,202
30906124818-MON,MONCRIEFF,309061248,Nerang - Mount Nathan,30906124818,3124818,412,402
30906124819-MON,MONCRIEFF,309061248,Nerang - Mount Nathan,30906124819,3124819,365,369
30906124820-WRI,WRIGHT,309061248,Nerang - Mount Nathan,30906124820,3124820,242,260
30906124821-MON,MONCRIEFF,309061248,Nerang - Mount Nathan,30906124821,3124821,409,409
30906124822-MON,MONCRIEFF,309061248,Nerang - Mount Nathan,30906124822,3124822,337,355
30906124823-MON,MONCRIEFF,309061248,Nerang - Mount Nathan,30906124823,3124823,301,305
30906124824-MON,MONCRIEFF,309061248,Nerang - Mount Nathan,30906124824,3124824,430,437
30906124825-WRI,WRIGHT,309061248,Nerang - Mount Nathan,30906124825,3124825,482,523
30906124826-WRI,WRIGHT,309061248,Nerang - Mount Nathan,30906124826,3124826,234,255
30906124827-WRI,WRIGHT,309061248,Nerang - Mount Nathan,30906124827,3124827,0,0
30906124828-MON,MONCRIEFF,309061248,Nerang - Mount Nathan,30906124828,3124828,400,414
30906124829-MON,MONCRIEFF,309061248,Nerang - Mount Nathan,30906124829,3124829,448,449
30906124830-MON,MONCRIEFF,309061248,Nerang - Mount Nathan,30906124830,3124830,242,253
30906124831-MON,MONCRIEFF,309061248,Nerang - Mount Nathan,30906124831,3124831,370,385
30906124832-MON,MONCRIEFF,309061248,Nerang - Mount Nathan,30906124832,3124832,443,461
30906124833-MON,MONCRIEFF,309061248,Nerang - Mount Nathan,30906124833,3124833,344,366
30906124834-MON,MONCRIEFF,309061248,Nerang - Mount Nathan,30906124834,3124834,263,266
30906124835-MON,MONCRIEFF,309061248,Nerang - Mount Nathan,30906124835,3124835,510,521
30906124836-MON,MONCRIEFF,309061248,Nerang - Mount Nathan,30906124836,3124836,284,285
30906124837-MON,MONCRIEFF,309061248,Nerang - Mount Nathan,30906124837,3124837,338,347
30906124838-MON,MONCRIEFF,309061248,Nerang - Mount Nathan,30906124838,3124838,230,235
30906124838-WRI,WRIGHT,309061248,Nerang - Mount Nathan,30906124838,3124838,43,44
30906124839-MON,MONCRIEFF,309061248,Nerang - Mount Nathan,30906124839,3124839,390,415
30906124840-MON,MONCRIEFF,309061248,Nerang - Mount Nathan,30906124840,3124840,326,344
30906124841-MON,MONCRIEFF,309061248,Nerang - Mount Nathan,30906124841,3124841,218,220
30906124842-WRI,WRIGHT,309061248,Nerang - Mount Nathan,30906124842,3124842,275,286
30906124843-WRI,WRIGHT,309061248,Nerang - Mount Nathan,30906124843,3124843,384,407
30906124844-MON,MONCRIEFF,309061248,Nerang - Mount Nathan,30906124844,3124844,62,66
30906124844-WRI,WRIGHT,309061248,Nerang - Mount Nathan,30906124844,3124844,305,324
30906124845-WRI,WRIGHT,309061248,Nerang - Mount Nathan,30906124845,3124845,139,153
30906124846-MON,MONCRIEFF,309061248,Nerang - Mount Nathan,30906124846,3124846,267,270
30906124847-MON,MONCRIEFF,309061248,Nerang - Mount Nathan,30906124847,3124847,206,210
30906124847-WRI,WRIGHT,309061248,Nerang - Mount Nathan,30906124847,3124847,0,0
30906124848-MON,MONCRIEFF,309061248,Nerang - Mount Nathan,30906124848,3124848,0,0
30906124848-WRI,WRIGHT,309061248,Nerang - Mount Nathan,30906124848,3124848,76,83
30906124849-WRI,WRIGHT,309061248,Nerang - Mount Nathan,30906124849,3124849,441,454
30906124850-MON,MONCRIEFF,309061248,Nerang - Mount Nathan,30906124850,3124850,46,47
30906124850-WRI,WRIGHT,309061248,Nerang - Mount Nathan,30906124850,3124850,371,383
30906124851-WRI,WRIGHT,309061248,Nerang - Mount Nathan,30906124851,3124851,257,265
30906124852-WRI,WRIGHT,309061248,Nerang - Mount Nathan,30906124852,3124852,691,706
30906124901-FAD,FADDEN,309061249,Pacific Pines - Gaven,30906124901,3124901,200,200
30906124902-FAD,FADDEN,309061249,Pacific Pines - Gaven,30906124902,3124902,224,217
30906124903-FAD,FADDEN,309061249,Pacific Pines - Gaven,30906124903,3124903,290,296
30906124904-FAD,FADDEN,309061249,Pacific Pines - Gaven,30906124904,3124904,217,211
30906124905-FAD,FADDEN,309061249,Pacific Pines - Gaven,30906124905,3124905,264,256
30906124906-FAD,FADDEN,309061249,Pacific Pines - Gaven,30906124906,3124906,192,201
30906124907-FAD,FADDEN,309061249,Pacific Pines - Gaven,30906124907,3124907,319,324
30906124908-FAD,FADDEN,309061249,Pacific Pines - Gaven,30906124908,3124908,248,260
30906124909-FAD,FADDEN,309061249,Pacific Pines - Gaven,30906124909,3124909,452,466
30906124913-FAD,FADDEN,309061249,Pacific Pines - Gaven,30906124913,3124913,274,290
30906124914-FAD,FADDEN,309061249,Pacific Pines - Gaven,30906124914,3124914,407,395
30906124915-FAD,FADDEN,309061249,Pacific Pines - Gaven,30906124915,3124915,279,299
30906124916-FAD,FADDEN,309061249,Pacific Pines - Gaven,30906124916,3124916,533,534
30906124917-FAD,FADDEN,309061249,Pacific Pines - Gaven,30906124917,3124917,269,292
30906124918-FAD,FADDEN,309061249,Pacific Pines - Gaven,30906124918,3124918,245,260
30906124919-FAD,FADDEN,309061249,Pacific Pines - Gaven,30906124919,3124919,174,178
30906124920-FAD,FADDEN,309061249,Pacific Pines - Gaven,30906124920,3124920,351,363
30906124921-FAD,FADDEN,309061249,Pacific Pines - Gaven,30906124921,3124921,283,289
30906124922-FAD,FADDEN,309061249,Pacific Pines - Gaven,30906124922,3124922,443,461
30906124923-FAD,FADDEN,309061249,Pacific Pines - Gaven,30906124923,3124923,433,451
30906124924-FAD,FADDEN,309061249,Pacific Pines - Gaven,30906124924,3124924,302,304
30906124925-FAD,FADDEN,309061249,Pacific Pines - Gaven,30906124925,3124925,421,457
30906124927-FAD,FADDEN,309061249,Pacific Pines - Gaven,30906124927,3124927,413,407
30906124929-FAD,FADDEN,309061249,Pacific Pines - Gaven,30906124929,3124929,153,160
30906124930-FAD,FADDEN,309061249,Pacific Pines - Gaven,30906124930,3124930,314,312
30906124931-FAD,FADDEN,309061249,Pacific Pines - Gaven,30906124931,3124931,440,452
30906124932-FAD,FADDEN,309061249,Pacific Pines - Gaven,30906124932,3124932,292,298
30906124933-FAD,FADDEN,309061249,Pacific Pines - Gaven,30906124933,3124933,320,340
30906124933-WRI,WRIGHT,309061249,Pacific Pines - Gaven,30906124933,3124933,160,170
30906124934-WRI,WRIGHT,309061249,Pacific Pines - Gaven,30906124934,3124934,0,0
30906124935-FAD,FADDEN,309061249,Pacific Pines - Gaven,30906124935,3124935,219,224
30906124936-FAD,FADDEN,309061249,Pacific Pines - Gaven,30906124936,3124936,250,254
30906124937-FAD,FADDEN,309061249,Pacific Pines - Gaven,30906124937,3124937,233,242
30906124938-WRI,WRIGHT,309061249,Pacific Pines - Gaven,30906124938,3124938,388,377
30906124939-FAD,FADDEN,309061249,Pacific Pines - Gaven,30906124939,3124939,380,373
30906124940-FAD,FADDEN,309061249,Pacific Pines - Gaven,30906124940,3124940,279,276
30906124941-FAD,FADDEN,309061249,Pacific Pines - Gaven,30906124941,3124941,341,347
30906124942-FAD,FADDEN,309061249,Pacific Pines - Gaven,30906124942,3124942,482,481
30906124943-FAD,FADDEN,309061249,Pacific Pines - Gaven,30906124943,3124943,270,273
30906124944-FAD,FADDEN,309061249,Pacific Pines - Gaven,30906124944,3124944,335,348
30906125001-WRI,WRIGHT,309061250,Worongary - Tallai,30906125001,3125001,493,523
30906125002-WRI,WRIGHT,309061250,Worongary - Tallai,30906125002,3125002,339,360
30906125003-MON,MONCRIEFF,309061250,Worongary - Tallai,30906125003,3125003,0,98
30906125003-WRI,WRIGHT,309061250,Worongary - Tallai,30906125003,3125003,600,740
30906125004-WRI,WRIGHT,309061250,Worongary - Tallai,30906125004,3125004,448,468
30906125005-WRI,WRIGHT,309061250,Worongary - Tallai,30906125005,3125005,284,294
30906125006-WRI,WRIGHT,309061250,Worongary - Tallai,30906125006,3125006,510,549
30906125007-WRI,WRIGHT,309061250,Worongary - Tallai,30906125007,3125007,383,418
30906125008-WRI,WRIGHT,309061250,Worongary - Tallai,30906125008,3125008,321,329
30906125009-WRI,WRIGHT,309061250,Worongary - Tallai,30906125009,3125009,382,402
30906125010-WRI,WRIGHT,309061250,Worongary - Tallai,30906125010,3125010,293,313
30906125011-WRI,WRIGHT,309061250,Worongary - Tallai,30906125011,3125011,402,427
30906125012-WRI,WRIGHT,309061250,Worongary - Tallai,30906125012,3125012,476,493
30906125013-WRI,WRIGHT,309061250,Worongary - Tallai,30906125013,3125013,182,188
30906125014-WRI,WRIGHT,309061250,Worongary - Tallai,30906125014,3125014,519,549
30906125015-WRI,WRIGHT,309061250,Worongary - Tallai,30906125015,3125015,429,464
30906125016-WRI,WRIGHT,309061250,Worongary - Tallai,30906125016,3125016,272,285
30906125017-WRI,WRIGHT,309061250,Worongary - Tallai,30906125017,3125017,534,562
30907125104-FAD,FADDEN,309071251,Coomera,30907125104,3125104,299,306
30907125107-FAD,FADDEN,309071251,Coomera,30907125107,3125107,535,642
30907125108-FAD,FADDEN,309071251,Coomera,30907125108,3125108,537,604
30907125110-FAD,FADDEN,309071251,Coomera,30907125110,3125110,317,325
30907125111-FAD,FADDEN,309071251,Coomera,30907125111,3125111,333,379
30907125112-FAD,FADDEN,309071251,Coomera,30907125112,3125112,203,208
30907125115-FAD,FADDEN,309071251,Coomera,30907125115,3125115,418,475
30907125116-FAD,FADDEN,309071251,Coomera,30907125116,3125116,403,473
30907125117-FAD,FADDEN,309071251,Coomera,30907125117,3125117,273,302
30907125118-FAD,FADDEN,309071251,Coomera,30907125118,3125118,592,683
30907125120-FAD,FADDEN,309071251,Coomera,30907125120,3125120,418,479
30907125121-FAD,FADDEN,309071251,Coomera,30907125121,3125121,51,58
30907125123-FAD,FADDEN,309071251,Coomera,30907125123,3125123,424,495
30907125125-FAD,FADDEN,309071251,Coomera,30907125125,3125125,287,332
30907125126-FAD,FADDEN,309071251,Coomera,30907125126,3125126,225,262
30907125127-FAD,FADDEN,309071251,Coomera,30907125127,3125127,200,245
30907125128-FAD,FADDEN,309071251,Coomera,30907125128,3125128,321,329
30907125129-FAD,FADDEN,309071251,Coomera,30907125129,3125129,333,387
30907125130-FAD,FADDEN,309071251,Coomera,30907125130,3125130,182,199
30907125131-FAD,FADDEN,309071251,Coomera,30907125131,3125131,322,387
30907125132-FAD,FADDEN,309071251,Coomera,30907125132,3125132,431,493
30907125133-FAD,FADDEN,309071251,Coomera,30907125133,3125133,281,318
30907125134-FAD,FADDEN,309071251,Coomera,30907125134,3125134,311,339
30907125135-FAD,FADDEN,309071251,Coomera,30907125135,3125135,321,359
30907125136-FAD,FADDEN,309071251,Coomera,30907125136,3125136,196,225
30907125137-FAD,FADDEN,309071251,Coomera,30907125137,3125137,279,286
30907125138-FAD,FADDEN,309071251,Coomera,30907125138,3125138,156,170
30907125139-FAD,FADDEN,309071251,Coomera,30907125139,3125139,294,324
30907125140-FAD,FADDEN,309071251,Coomera,30907125140,3125140,272,297
30907125141-FAD,FADDEN,309071251,Coomera,30907125141,3125141,385,421
30907125142-FAD,FADDEN,309071251,Coomera,30907125142,3125142,68,80
30907125143-FAD,FADDEN,309071251,Coomera,30907125143,3125143,182,202
30907125144-FAD,FADDEN,309071251,Coomera,30907125144,3125144,235,241
30907125145-FAD,FADDEN,309071251,Coomera,30907125145,3125145,172,176
30907125146-FAD,FADDEN,309071251,Coomera,30907125146,3125146,353,362
30907125147-FAD,FADDEN,309071251,Coomera,30907125147,3125147,269,302
30907125148-FAD,FADDEN,309071251,Coomera,30907125148,3125148,240,246
30907125149-FAD,FADDEN,309071251,Coomera,30907125149,3125149,950,1148
30907125150-FAD,FADDEN,309071251,Coomera,30907125150,3125150,243,269
30907125151-FAD,FADDEN,309071251,Coomera,30907125151,3125151,273,309
30907125201-FAD,FADDEN,309071252,Helensvale,30907125201,3125201,295,309
30907125202-FAD,FADDEN,309071252,Helensvale,30907125202,3125202,350,367
30907125203-FAD,FADDEN,309071252,Helensvale,30907125203,3125203,318,335
30907125204-FAD,FADDEN,309071252,Helensvale,30907125204,3125204,265,274
30907125205-FAD,FADDEN,309071252,Helensvale,30907125205,3125205,194,209
30907125206-FAD,FADDEN,309071252,Helensvale,30907125206,3125206,277,295
30907125207-FAD,FADDEN,309071252,Helensvale,30907125207,3125207,432,456
30907125210-FAD,FADDEN,309071252,Helensvale,30907125210,3125210,378,395
30907125211-FAD,FADDEN,309071252,Helensvale,30907125211,3125211,343,370
30907125212-FAD,FADDEN,309071252,Helensvale,30907125212,3125212,379,423
30907125213-FAD,FADDEN,309071252,Helensvale,30907125213,3125213,364,372
30907125214-FAD,FADDEN,309071252,Helensvale,30907125214,3125214,421,436
30907125215-FAD,FADDEN,309071252,Helensvale,30907125215,3125215,234,250
30907125216-FAD,FADDEN,309071252,Helensvale,30907125216,3125216,343,358
30907125217-FAD,FADDEN,309071252,Helensvale,30907125217,3125217,156,164
30907125218-FAD,FADDEN,309071252,Helensvale,30907125218,3125218,275,295
30907125219-FAD,FADDEN,309071252,Helensvale,30907125219,3125219,197,215
30907125220-FAD,FADDEN,309071252,Helensvale,30907125220,3125220,347,356
30907125222-FAD,FADDEN,309071252,Helensvale,30907125222,3125222,263,269
30907125223-FAD,FADDEN,309071252,Helensvale,30907125223,3125223,178,191
30907125224-FAD,FADDEN,309071252,Helensvale,30907125224,3125224,296,292
30907125225-FAD,FADDEN,309071252,Helensvale,30907125225,3125225,294,305
30907125226-FAD,FADDEN,309071252,Helensvale,30907125226,3125226,218,230
30907125227-FAD,FADDEN,309071252,Helensvale,30907125227,3125227,299,319
30907125228-FAD,FADDEN,309071252,Helensvale,30907125228,3125228,396,427
30907125229-FAD,FADDEN,309071252,Helensvale,30907125229,3125229,219,223
30907125230-FAD,FADDEN,309071252,Helensvale,30907125230,3125230,372,367
30907125231-FAD,FADDEN,309071252,Helensvale,30907125231,3125231,184,182
30907125232-FAD,FADDEN,309071252,Helensvale,30907125232,3125232,419,443
30907125233-FAD,FADDEN,309071252,Helensvale,30907125233,3125233,275,303
30907125234-FAD,FADDEN,309071252,Helensvale,30907125234,3125234,339,349
30907125235-FAD,FADDEN,309071252,Helensvale,30907125235,3125235,423,464
30907125236-FAD,FADDEN,309071252,Helensvale,30907125236,3125236,486,501
30907125238-FAD,FADDEN,309071252,Helensvale,30907125238,3125238,396,391
30907125239-FAD,FADDEN,309071252,Helensvale,30907125239,3125239,528,572
30907125240-FAD,FADDEN,309071252,Helensvale,30907125240,3125240,233,253
30907125241-FAD,FADDEN,309071252,Helensvale,30907125241,3125241,193,203
30907125242-FAD,FADDEN,309071252,Helensvale,30907125242,3125242,136,138
30907125243-FAD,FADDEN,309071252,Helensvale,30907125243,3125243,654,646
30907125244-FAD,FADDEN,309071252,Helensvale,30907125244,3125244,390,397
30907125245-FAD,FADDEN,309071252,Helensvale,30907125245,3125245,306,343
30907125246-FAD,FADDEN,309071252,Helensvale,30907125246,3125246,250,247
30907125247-FAD,FADDEN,309071252,Helensvale,30907125247,3125247,258,294
30907125248-FAD,FADDEN,309071252,Helensvale,30907125248,3125248,419,450
30907125302-FAD,FADDEN,309071253,Hope Island,30907125302,3125302,219,218
30907125303-FAD,FADDEN,309071253,Hope Island,30907125303,3125303,432,462
30907125304-FAD,FADDEN,309071253,Hope Island,30907125304,3125304,449,448
30907125305-FAD,FADDEN,309071253,Hope Island,30907125305,3125305,245,244
30907125306-FAD,FADDEN,309071253,Hope Island,30907125306,3125306,359,371
30907125307-FAD,FADDEN,309071253,Hope Island,30907125307,3125307,399,438
30907125308-FAD,FADDEN,309071253,Hope Island,30907125308,3125308,387,403
30907125309-FAD,FADDEN,309071253,Hope Island,30907125309,3125309,0,0
30907125310-FAD,FADDEN,309071253,Hope Island,30907125310,3125310,434,454
30907125314-FAD,FADDEN,309071253,Hope Island,30907125314,3125314,862,919
30907125315-FAD,FADDEN,309071253,Hope Island,30907125315,3125315,1053,1245
30907125316-FAD,FADDEN,309071253,Hope Island,30907125316,3125316,302,301
30907125319-FAD,FADDEN,309071253,Hope Island,30907125319,3125319,283,307
30907125320-FAD,FADDEN,309071253,Hope Island,30907125320,3125320,431,430
30907125321-FAD,FADDEN,309071253,Hope Island,30907125321,3125321,287,298
30907125323-FAD,FADDEN,309071253,Hope Island,30907125323,3125323,67,71
30907125324-FAD,FADDEN,309071253,Hope Island,30907125324,3125324,358,374
30907125325-FAD,FADDEN,309071253,Hope Island,30907125325,3125325,269,268
30907125326-FAD,FADDEN,309071253,Hope Island,30907125326,3125326,737,802
30907125328-FAD,FADDEN,309071253,Hope Island,30907125328,3125328,380,403
30907125329-FAD,FADDEN,309071253,Hope Island,30907125329,3125329,386,412
30907125330-FAD,FADDEN,309071253,Hope Island,30907125330,3125330,506,588
30907125331-FAD,FADDEN,309071253,Hope Island,30907125331,3125331,209,217
30907125332-FAD,FADDEN,309071253,Hope Island,30907125332,3125332,390,438
30907125333-FAD,FADDEN,309071253,Hope Island,30907125333,3125333,333,332
30907125334-FAD,FADDEN,309071253,Hope Island,30907125334,3125334,448,529
30907125335-FAD,FADDEN,309071253,Hope Island,30907125335,3125335,297,296
30907125336-FAD,FADDEN,309071253,Hope Island,30907125336,3125336,455,476
30907125337-FAD,FADDEN,309071253,Hope Island,30907125337,3125337,221,254
30907125338-FAD,FADDEN,309071253,Hope Island,30907125338,3125338,446,495
30907125339-FAD,FADDEN,309071253,Hope Island,30907125339,3125339,415,445
30907125340-FAD,FADDEN,309071253,Hope Island,30907125340,3125340,228,227
30907125341-FAD,FADDEN,309071253,Hope Island,30907125341,3125341,362,361
30907125401-FAD,FADDEN,309071254,Jacobs Well - Alberton,30907125401,3125401,0,0
30907125402-FAD,FADDEN,309071254,Jacobs Well - Alberton,30907125402,3125402,421,417
30907125403-FAD,FADDEN,309071254,Jacobs Well - Alberton,30907125403,3125403,570,626
30907125404-FAD,FADDEN,309071254,Jacobs Well - Alberton,30907125404,3125404,512,571
30907125405-FAD,FADDEN,309071254,Jacobs Well - Alberton,30907125405,3125405,440,464
30907125406-FAD,FADDEN,309071254,Jacobs Well - Alberton,30907125406,3125406,1144,1178
30907125407-FAD,FADDEN,309071254,Jacobs Well - Alberton,30907125407,3125407,267,282
30907125408-FAD,FADDEN,309071254,Jacobs Well - Alberton,30907125408,3125408,201,209
30907125409-FAD,FADDEN,309071254,Jacobs Well - Alberton,30907125409,3125409,311,322
30907125410-FAD,FADDEN,309071254,Jacobs Well - Alberton,30907125410,3125410,207,219
30907125603-WRI,WRIGHT,309071256,Oxenford - Maudsland,30907125603,3125603,0,0
30907125604-WRI,WRIGHT,309071256,Oxenford - Maudsland,30907125604,3125604,304,323
30907125605-FAD,FADDEN,309071256,Oxenford - Maudsland,30907125605,3125605,201,221
30907125605-WRI,WRIGHT,309071256,Oxenford - Maudsland,30907125605,3125605,14,15
30907125606-FAD,FADDEN,309071256,Oxenford - Maudsland,30907125606,3125606,0,0
30907125606-WRI,WRIGHT,309071256,Oxenford - Maudsland,30907125606,3125606,0,0
30907125607-FAD,FADDEN,309071256,Oxenford - Maudsland,30907125607,3125607,0,0
30907125608-WRI,WRIGHT,309071256,Oxenford - Maudsland,30907125608,3125608,218,232
30907125609-WRI,WRIGHT,309071256,Oxenford - Maudsland,30907125609,3125609,380,400
30907125610-WRI,WRIGHT,309071256,Oxenford - Maudsland,30907125610,3125610,330,356
30907125612-FAD,FADDEN,309071256,Oxenford - Maudsland,30907125612,3125612,329,323
30907125612-WRI,WRIGHT,309071256,Oxenford - Maudsland,30907125612,3125612,58,57
30907125613-FAD,FADDEN,309071256,Oxenford - Maudsland,30907125613,3125613,368,385
30907125615-WRI,WRIGHT,309071256,Oxenford - Maudsland,30907125615,3125615,392,411
30907125617-WRI,WRIGHT,309071256,Oxenford - Maudsland,30907125617,3125617,334,359
30907125618-FAD,FADDEN,309071256,Oxenford - Maudsland,30907125618,3125618,222,226
30907125619-FAD,FADDEN,309071256,Oxenford - Maudsland,30907125619,3125619,266,283
30907125621-FAD,FADDEN,309071256,Oxenford - Maudsland,30907125621,3125621,364,375
30907125622-FAD,FADDEN,309071256,Oxenford - Maudsland,30907125622,3125622,275,284
30907125623-FAD,FADDEN,309071256,Oxenford - Maudsland,30907125623,3125623,347,360
30907125624-FAD,FADDEN,309071256,Oxenford - Maudsland,30907125624,3125624,316,328
30907125625-FAD,FADDEN,309071256,Oxenford - Maudsland,30907125625,3125625,255,267
30907125626-FAD,FADDEN,309071256,Oxenford - Maudsland,30907125626,3125626,327,352
30907125628-FAD,FADDEN,309071256,Oxenford - Maudsland,30907125628,3125628,374,397
30907125629-FAD,FADDEN,309071256,Oxenford - Maudsland,30907125629,3125629,311,333
30907125630-FAD,FADDEN,309071256,Oxenford - Maudsland,30907125630,3125630,294,300
30907125631-FAD,FADDEN,309071256,Oxenford - Maudsland,30907125631,3125631,266,274
30907125632-FAD,FADDEN,309071256,Oxenford - Maudsland,30907125632,3125632,195,192
30907125633-FAD,FADDEN,309071256,Oxenford - Maudsland,30907125633,3125633,268,263
30907125634-FAD,FADDEN,309071256,Oxenford - Maudsland,30907125634,3125634,366,387
30907125636-FAD,FADDEN,309071256,Oxenford - Maudsland,30907125636,3125636,340,345
30907125638-WRI,WRIGHT,309071256,Oxenford - Maudsland,30907125638,3125638,270,265
30907125639-WRI,WRIGHT,309071256,Oxenford - Maudsland,30907125639,3125639,227,238
30907125640-WRI,WRIGHT,309071256,Oxenford - Maudsland,30907125640,3125640,222,218
30907125641-WRI,WRIGHT,309071256,Oxenford - Maudsland,30907125641,3125641,184,205
30907125642-FAD,FADDEN,309071256,Oxenford - Maudsland,30907125642,3125642,393,426
30907125643-WRI,WRIGHT,309071256,Oxenford - Maudsland,30907125643,3125643,400,437
30907125644-WRI,WRIGHT,309071256,Oxenford - Maudsland,30907125644,3125644,259,267
30907125645-FAD,FADDEN,309071256,Oxenford - Maudsland,30907125645,3125645,331,339
30907125645-WRI,WRIGHT,309071256,Oxenford - Maudsland,30907125645,3125645,16,17
30907125646-WRI,WRIGHT,309071256,Oxenford - Maudsland,30907125646,3125646,235,238
30907125647-WRI,WRIGHT,309071256,Oxenford - Maudsland,30907125647,3125647,324,342
30907125648-WRI,WRIGHT,309071256,Oxenford - Maudsland,30907125648,3125648,352,367
30907125649-WRI,WRIGHT,309071256,Oxenford - Maudsland,30907125649,3125649,287,297
30907125650-WRI,WRIGHT,309071256,Oxenford - Maudsland,30907125650,3125650,583,610
30907125651-WRI,WRIGHT,309071256,Oxenford - Maudsland,30907125651,3125651,413,444
30907125652-WRI,WRIGHT,309071256,Oxenford - Maudsland,30907125652,3125652,309,331
30908125901-MCP,MCPHERSON,309081259,Clear Island Waters,30908125901,3125901,401,424
30908125902-MCP,MCPHERSON,309081259,Clear Island Waters,30908125902,3125902,199,202
30908125903-MCP,MCPHERSON,309081259,Clear Island Waters,30908125903,3125903,336,334
30908125904-MCP,MCPHERSON,309081259,Clear Island Waters,30908125904,3125904,233,246
30908125905-MCP,MCPHERSON,309081259,Clear Island Waters,30908125905,3125905,363,365
30908125906-MCP,MCPHERSON,309081259,Clear Island Waters,30908125906,3125906,364,376
30908125907-MCP,MCPHERSON,309081259,Clear Island Waters,30908125907,3125907,255,265
30908125908-MCP,MCPHERSON,309081259,Clear Island Waters,30908125908,3125908,304,309
30908125909-MCP,MCPHERSON,309081259,Clear Island Waters,30908125909,3125909,378,384
30908125910-MCP,MCPHERSON,309081259,Clear Island Waters,30908125910,3125910,309,315
30908126001-MCP,MCPHERSON,309081260,Merrimac,30908126001,3126001,569,582
30908126003-MCP,MCPHERSON,309081260,Merrimac,30908126003,3126003,345,370
30908126004-MCP,MCPHERSON,309081260,Merrimac,30908126004,3126004,448,473
30908126005-MCP,MCPHERSON,309081260,Merrimac,30908126005,3126005,190,199
30908126006-MCP,MCPHERSON,309081260,Merrimac,30908126006,3126006,322,336
30908126007-MON,MONCRIEFF,309081260,Merrimac,30908126007,3126007,343,368
30908126008-MCP,MCPHERSON,309081260,Merrimac,30908126008,3126008,381,407
30908126009-MCP,MCPHERSON,309081260,Merrimac,30908126009,3126009,204,221
30908126010-MCP,MCPHERSON,309081260,Merrimac,30908126010,3126010,394,417
30908126011-MCP,MCPHERSON,309081260,Merrimac,30908126011,3126011,333,342
30908126012-MON,MONCRIEFF,309081260,Merrimac,30908126012,3126012,234,246
30908126013-MON,MONCRIEFF,309081260,Merrimac,30908126013,3126013,286,304
30908126014-MON,MONCRIEFF,309081260,Merrimac,30908126014,3126014,235,244
30908126015-MCP,MCPHERSON,309081260,Merrimac,30908126015,3126015,266,279
30908126016-MCP,MCPHERSON,309081260,Merrimac,30908126016,3126016,295,290
30908126202-MCP,MCPHERSON,309081262,Varsity Lakes,30908126202,3126202,314,330
30908126203-MCP,MCPHERSON,309081262,Varsity Lakes,30908126203,3126203,288,314
30908126205-MCP,MCPHERSON,309081262,Varsity Lakes,30908126205,3126205,178,192
30908126206-MCP,MCPHERSON,309081262,Varsity Lakes,30908126206,3126206,243,255
30908126209-MCP,MCPHERSON,309081262,Varsity Lakes,30908126209,3126209,420,443
30908126210-MCP,MCPHERSON,309081262,Varsity Lakes,30908126210,3126210,397,424
30908126211-MCP,MCPHERSON,309081262,Varsity Lakes,30908126211,3126211,242,254
30908126212-MCP,MCPHERSON,309081262,Varsity Lakes,30908126212,3126212,231,251
30908126213-MCP,MCPHERSON,309081262,Varsity Lakes,30908126213,3126213,337,335
30908126214-MCP,MCPHERSON,309081262,Varsity Lakes,30908126214,3126214,538,535
30908126215-MCP,MCPHERSON,309081262,Varsity Lakes,30908126215,3126215,490,511
30908126216-MCP,MCPHERSON,309081262,Varsity Lakes,30908126216,3126216,445,478
30908126217-MCP,MCPHERSON,309081262,Varsity Lakes,30908126217,3126217,412,437
30908126218-MCP,MCPHERSON,309081262,Varsity Lakes,30908126218,3126218,226,236
30908126219-MCP,MCPHERSON,309081262,Varsity Lakes,30908126219,3126219,403,429
30908126220-MCP,MCPHERSON,309081262,Varsity Lakes,30908126220,3126220,178,196
30908126221-MCP,MCPHERSON,309081262,Varsity Lakes,30908126221,3126221,344,342
30908126223-MCP,MCPHERSON,309081262,Varsity Lakes,30908126223,3126223,390,425
30908126224-MCP,MCPHERSON,309081262,Varsity Lakes,30908126224,3126224,366,397
30908126225-MCP,MCPHERSON,309081262,Varsity Lakes,30908126225,3126225,620,680
30908126226-MCP,MCPHERSON,309081262,Varsity Lakes,30908126226,3126226,244,256
30908126228-MCP,MCPHERSON,309081262,Varsity Lakes,30908126228,3126228,329,362
30908126229-MCP,MCPHERSON,309081262,Varsity Lakes,30908126229,3126229,313,343
30908126230-MCP,MCPHERSON,309081262,Varsity Lakes,30908126230,3126230,272,311
30908126231-MCP,MCPHERSON,309081262,Varsity Lakes,30908126231,3126231,120,128
30908126232-MCP,MCPHERSON,309081262,Varsity Lakes,30908126232,3126232,3,3
30908126233-MCP,MCPHERSON,309081262,Varsity Lakes,30908126233,3126233,535,557
30908126234-MCP,MCPHERSON,309081262,Varsity Lakes,30908126234,3126234,139,148
30908126235-MCP,MCPHERSON,309081262,Varsity Lakes,30908126235,3126235,418,415
30908126236-MCP,MCPHERSON,309081262,Varsity Lakes,30908126236,3126236,381,379
30908126237-MCP,MCPHERSON,309081262,Varsity Lakes,30908126237,3126237,279,299
30908126238-MCP,MCPHERSON,309081262,Varsity Lakes,30908126238,3126238,264,285
30908126239-MCP,MCPHERSON,309081262,Varsity Lakes,30908126239,3126239,238,254
30908126240-MCP,MCPHERSON,309081262,Varsity Lakes,30908126240,3126240,197,212
30908126241-MCP,MCPHERSON,309081262,Varsity Lakes,30908126241,3126241,463,516
30909126301-MON,MONCRIEFF,309091263,Ashmore,30909126301,3126301,290,304
30909126302-MON,MONCRIEFF,309091263,Ashmore,30909126302,3126302,160,155
30909126303-MON,MONCRIEFF,309091263,Ashmore,30909126303,3126303,211,210
30909126304-MON,MONCRIEFF,309091263,Ashmore,30909126304,3126304,333,348
30909126305-MON,MONCRIEFF,309091263,Ashmore,30909126305,3126305,284,301
30909126306-MON,MONCRIEFF,309091263,Ashmore,30909126306,3126306,288,292
30909126307-MON,MONCRIEFF,309091263,Ashmore,30909126307,3126307,325,337
30909126308-MON,MONCRIEFF,309091263,Ashmore,30909126308,3126308,336,346
30909126309-MON,MONCRIEFF,309091263,Ashmore,30909126309,3126309,349,358
30909126310-MON,MONCRIEFF,309091263,Ashmore,30909126310,3126310,157,164
30909126311-MON,MONCRIEFF,309091263,Ashmore,30909126311,3126311,298,304
30909126312-MON,MONCRIEFF,309091263,Ashmore,30909126312,3126312,280,293
30909126313-MON,MONCRIEFF,309091263,Ashmore,30909126313,3126313,384,391
30909126314-MON,MONCRIEFF,309091263,Ashmore,30909126314,3126314,259,251
30909126315-MON,MONCRIEFF,309091263,Ashmore,30909126315,3126315,294,315
30909126316-MON,MONCRIEFF,309091263,Ashmore,30909126316,3126316,370,371
30909126317-MON,MONCRIEFF,309091263,Ashmore,30909126317,3126317,209,209
30909126318-MON,MONCRIEFF,309091263,Ashmore,30909126318,3126318,362,358
30909126319-MON,MONCRIEFF,309091263,Ashmore,30909126319,3126319,237,252
30909126320-MON,MONCRIEFF,309091263,Ashmore,30909126320,3126320,328,347
30909126321-MON,MONCRIEFF,309091263,Ashmore,30909126321,3126321,255,262
30909126324-MON,MONCRIEFF,309091263,Ashmore,30909126324,3126324,12,12
30909126325-MON,MONCRIEFF,309091263,Ashmore,30909126325,3126325,214,225
30909126326-MON,MONCRIEFF,309091263,Ashmore,30909126326,3126326,173,179
30909126327-MON,MONCRIEFF,309091263,Ashmore,30909126327,3126327,366,378
30909126328-MON,MONCRIEFF,309091263,Ashmore,30909126328,3126328,303,308
30909126329-MON,MONCRIEFF,309091263,Ashmore,30909126329,3126329,420,408
30909126330-MON,MONCRIEFF,309091263,Ashmore,30909126330,3126330,245,250
30909126331-MON,MONCRIEFF,309091263,Ashmore,30909126331,3126331,202,206
30909126332-MON,MONCRIEFF,309091263,Ashmore,30909126332,3126332,263,268
30909126333-MON,MONCRIEFF,309091263,Ashmore,30909126333,3126333,229,235
30909126334-MON,MONCRIEFF,309091263,Ashmore,30909126334,3126334,271,279
30909126401-MON,MONCRIEFF,309091264,Molendinar,30909126401,3126401,287,299
30909126402-MON,MONCRIEFF,309091264,Molendinar,30909126402,3126402,462,455
30909126403-MON,MONCRIEFF,309091264,Molendinar,30909126403,3126403,7,7
30909126404-MON,MONCRIEFF,309091264,Molendinar,30909126404,3126404,337,357
30909126405-MON,MONCRIEFF,309091264,Molendinar,30909126405,3126405,390,418
30909126406-MON,MONCRIEFF,309091264,Molendinar,30909126406,3126406,351,364
30909126407-MON,MONCRIEFF,309091264,Molendinar,30909126407,3126407,345,376
30909126408-MON,MONCRIEFF,309091264,Molendinar,30909126408,3126408,338,343
30909126410-MON,MONCRIEFF,309091264,Molendinar,30909126410,3126410,277,295
30909126411-MON,MONCRIEFF,309091264,Molendinar,30909126411,3126411,292,303
30909126412-MON,MONCRIEFF,309091264,Molendinar,30909126412,3126412,409,420
30909126413-MON,MONCRIEFF,309091264,Molendinar,30909126413,3126413,326,343
30909126414-MON,MONCRIEFF,309091264,Molendinar,30909126414,3126414,32,34
30909126415-MON,MONCRIEFF,309091264,Molendinar,30909126415,3126415,330,362
30909126416-MON,MONCRIEFF,309091264,Molendinar,30909126416,3126416,225,241
30909126501-FAD,FADDEN,309091265,Parkwood,30909126501,3126501,305,317
30909126502-FAD,FADDEN,309091265,Parkwood,30909126502,3126502,376,391
30909126503-FAD,FADDEN,309091265,Parkwood,30909126503,3126503,482,494
30909126504-FAD,FADDEN,309091265,Parkwood,30909126504,3126504,293,284
30909126505-FAD,FADDEN,309091265,Parkwood,30909126505,3126505,307,313
30909126506-FAD,FADDEN,309091265,Parkwood,30909126506,3126506,276,294
30909126507-FAD,FADDEN,309091265,Parkwood,30909126507,3126507,352,365
30909126508-FAD,FADDEN,309091265,Parkwood,30909126508,3126508,217,223
30909126509-FAD,FADDEN,309091265,Parkwood,30909126509,3126509,310,300
30909126510-FAD,FADDEN,309091265,Parkwood,30909126510,3126510,278,288
30909126511-FAD,FADDEN,309091265,Parkwood,30909126511,3126511,477,503
30909126512-FAD,FADDEN,309091265,Parkwood,30909126512,3126512,445,456
30909126513-FAD,FADDEN,309091265,Parkwood,30909126513,3126513,257,252
30909126514-FAD,FADDEN,309091265,Parkwood,30909126514,3126514,370,374
30909126515-FAD,FADDEN,309091265,Parkwood,30909126515,3126515,286,282
30909126516-FAD,FADDEN,309091265,Parkwood,30909126516,3126516,180,182
30909126517-FAD,FADDEN,309091265,Parkwood,30909126517,3126517,213,213
30909126518-FAD,FADDEN,309091265,Parkwood,30909126518,3126518,409,415
30910126702-MON,MONCRIEFF,309101267,Benowa,30910126702,3126702,407,422
30910126703-MON,MONCRIEFF,309101267,Benowa,30910126703,3126703,257,268
30910126704-MON,MONCRIEFF,309101267,Benowa,30910126704,3126704,304,299
30910126705-MON,MONCRIEFF,309101267,Benowa,30910126705,3126705,212,228
30910126706-MON,MONCRIEFF,309101267,Benowa,30910126706,3126706,365,374
30910126707-MON,MONCRIEFF,309101267,Benowa,30910126707,3126707,314,340
30910126708-MON,MONCRIEFF,309101267,Benowa,30910126708,3126708,368,395
30910126709-MON,MONCRIEFF,309101267,Benowa,30910126709,3126709,323,345
30910126710-MON,MONCRIEFF,309101267,Benowa,30910126710,3126710,361,371
30910126711-MON,MONCRIEFF,309101267,Benowa,30910126711,3126711,155,157
30910126712-MON,MONCRIEFF,309101267,Benowa,30910126712,3126712,206,210
30910126713-MON,MONCRIEFF,309101267,Benowa,30910126713,3126713,387,416
30910126714-MON,MONCRIEFF,309101267,Benowa,30910126714,3126714,182,192
30910126715-MON,MONCRIEFF,309101267,Benowa,30910126715,3126715,239,247
30910126716-MON,MONCRIEFF,309101267,Benowa,30910126716,3126716,351,383
30910126717-MON,MONCRIEFF,309101267,Benowa,30910126717,3126717,343,359
30910126718-MON,MONCRIEFF,309101267,Benowa,30910126718,3126718,365,388
30910126719-MON,MONCRIEFF,309101267,Benowa,30910126719,3126719,208,204
30910126720-MON,MONCRIEFF,309101267,Benowa,30910126720,3126720,226,236
30910126722-MON,MONCRIEFF,309101267,Benowa,30910126722,3126722,495,515
30910126723-MON,MONCRIEFF,309101267,Benowa,30910126723,3126723,554,599
30910126724-MON,MONCRIEFF,309101267,Benowa,30910126724,3126724,353,362
30910126725-MON,MONCRIEFF,309101267,Benowa,30910126725,3126725,0,0
30910126801-MON,MONCRIEFF,309101268,Bundall,30910126801,3126801,242,235
30910126802-MON,MONCRIEFF,309101268,Bundall,30910126802,3126802,159,165
30910126803-MON,MONCRIEFF,309101268,Bundall,30910126803,3126803,268,273
30910126804-MON,MONCRIEFF,309101268,Bundall,30910126804,3126804,410,415
30910126805-MON,MONCRIEFF,309101268,Bundall,30910126805,3126805,360,358
30910126806-MON,MONCRIEFF,309101268,Bundall,30910126806,3126806,221,227
30910126807-MON,MONCRIEFF,309101268,Bundall,30910126807,3126807,126,125
30910126808-MON,MONCRIEFF,309101268,Bundall,30910126808,3126808,455,473
30910126809-MON,MONCRIEFF,309101268,Bundall,30910126809,3126809,599,627
30910126810-MON,MONCRIEFF,309101268,Bundall,30910126810,3126810,6,6
30910126811-MON,MONCRIEFF,309101268,Bundall,30910126811,3126811,269,276
30910126812-MON,MONCRIEFF,309101268,Bundall,30910126812,3126812,402,415
30910126901-MON,MONCRIEFF,309101269,Main Beach,30910126901,3126901,318,319
30910126902-MON,MONCRIEFF,309101269,Main Beach,30910126902,3126902,294,294
30910126903-MON,MONCRIEFF,309101269,Main Beach,30910126903,3126903,210,218
30910126904-MON,MONCRIEFF,309101269,Main Beach,30910126904,3126904,600,623
30910126905-MON,MONCRIEFF,309101269,Main Beach,30910126905,3126905,597,613
30910126906-MON,MONCRIEFF,309101269,Main Beach,30910126906,3126906,305,329
30910126907-MON,MONCRIEFF,309101269,Main Beach,30910126907,3126907,324,317
30910126908-MON,MONCRIEFF,309101269,Main Beach,30910126908,3126908,422,455
30910126909-MON,MONCRIEFF,309101269,Main Beach,30910126909,3126909,340,355
31001127101-OXL,OXLEY,310011271,Darra - Sumner,31001127101,3127101,247,250
31001127102-OXL,OXLEY,310011271,Darra - Sumner,31001127102,3127102,16,17
31001127103-OXL,OXLEY,310011271,Darra - Sumner,31001127103,3127103,404,403
31001127104-OXL,OXLEY,310011271,Darra - Sumner,31001127104,3127104,379,388
31001127105-OXL,OXLEY,310011271,Darra - Sumner,31001127105,3127105,378,367
31001127106-OXL,OXLEY,310011271,Darra - Sumner,31001127106,3127106,10,10
31001127107-OXL,OXLEY,310011271,Darra - Sumner,31001127107,3127107,286,299
31001127108-OXL,OXLEY,310011271,Darra - Sumner,31001127108,3127108,9,9
31001127109-OXL,OXLEY,310011271,Darra - Sumner,31001127109,3127109,0,0
31001127110-OXL,OXLEY,310011271,Darra - Sumner,31001127110,3127110,269,266
31001127111-OXL,OXLEY,310011271,Darra - Sumner,31001127111,3127111,412,420
31001127112-OXL,OXLEY,310011271,Darra - Sumner,31001127112,3127112,319,318
31001127113-OXL,OXLEY,310011271,Darra - Sumner,31001127113,3127113,339,337
31001127114-OXL,OXLEY,310011271,Darra - Sumner,31001127114,3127114,98,98
31001127115-OXL,OXLEY,310011271,Darra - Sumner,31001127115,3127115,217,212
31001127201-OXL,OXLEY,310011272,Durack,31001127201,3127201,218,225
31001127202-OXL,OXLEY,310011272,Durack,31001127202,3127202,276,283
31001127203-OXL,OXLEY,310011272,Durack,31001127203,3127203,790,797
31001127204-OXL,OXLEY,310011272,Durack,31001127204,3127204,415,458
31001127205-OXL,OXLEY,310011272,Durack,31001127205,3127205,358,367
31001127206-OXL,OXLEY,310011272,Durack,31001127206,3127206,369,380
31001127207-OXL,OXLEY,310011272,Durack,31001127207,3127207,209,217
31001127208-OXL,OXLEY,310011272,Durack,31001127208,3127208,196,195
31001127209-OXL,OXLEY,310011272,Durack,31001127209,3127209,398,402
31001127210-OXL,OXLEY,310011272,Durack,31001127210,3127210,176,176
31001127211-OXL,OXLEY,310011272,Durack,31001127211,3127211,229,239
31001127212-OXL,OXLEY,310011272,Durack,31001127212,3127212,277,281
31001127213-OXL,OXLEY,310011272,Durack,31001127213,3127213,265,276
31001127214-OXL,OXLEY,310011272,Durack,31001127214,3127214,291,284
31001127215-OXL,OXLEY,310011272,Durack,31001127215,3127215,390,410
31001127216-OXL,OXLEY,310011272,Durack,31001127216,3127216,452,452
31001127217-OXL,OXLEY,310011272,Durack,31001127217,3127217,360,383
31001127402-OXL,OXLEY,310011274,Inala - Richlands,31001127402,3127402,0,0
31001127403-OXL,OXLEY,310011274,Inala - Richlands,31001127403,3127403,209,230
31001127404-OXL,OXLEY,310011274,Inala - Richlands,31001127404,3127404,243,251
31001127405-OXL,OXLEY,310011274,Inala - Richlands,31001127405,3127405,182,199
31001127406-OXL,OXLEY,310011274,Inala - Richlands,31001127406,3127406,511,542
31001127407-OXL,OXLEY,310011274,Inala - Richlands,31001127407,3127407,283,298
31001127409-OXL,OXLEY,310011274,Inala - Richlands,31001127409,3127409,248,244
31001127410-OXL,OXLEY,310011274,Inala - Richlands,31001127410,3127410,267,281
31001127411-OXL,OXLEY,310011274,Inala - Richlands,31001127411,3127411,185,199
31001127412-OXL,OXLEY,310011274,Inala - Richlands,31001127412,3127412,234,240
31001127413-OXL,OXLEY,310011274,Inala - Richlands,31001127413,3127413,203,221
31001127414-OXL,OXLEY,310011274,Inala - Richlands,31001127414,3127414,268,289
31001127415-OXL,OXLEY,310011274,Inala - Richlands,31001127415,3127415,327,345
31001127416-OXL,OXLEY,310011274,Inala - Richlands,31001127416,3127416,346,340
31001127417-OXL,OXLEY,310011274,Inala - Richlands,31001127417,3127417,221,227
31001127418-OXL,OXLEY,310011274,Inala - Richlands,31001127418,3127418,216,223
31001127419-OXL,OXLEY,310011274,Inala - Richlands,31001127419,3127419,238,255
31001127420-OXL,OXLEY,310011274,Inala - Richlands,31001127420,3127420,388,426
31001127421-OXL,OXLEY,310011274,Inala - Richlands,31001127421,3127421,269,286
31001127422-OXL,OXLEY,310011274,Inala - Richlands,31001127422,3127422,224,220
31001127423-OXL,OXLEY,310011274,Inala - Richlands,31001127423,3127423,304,299
31001127424-OXL,OXLEY,310011274,Inala - Richlands,31001127424,3127424,158,174
31001127425-OXL,OXLEY,310011274,Inala - Richlands,31001127425,3127425,281,301
31001127426-OXL,OXLEY,310011274,Inala - Richlands,31001127426,3127426,239,247
31001127427-OXL,OXLEY,310011274,Inala - Richlands,31001127427,3127427,248,252
31001127428-OXL,OXLEY,310011274,Inala - Richlands,31001127428,3127428,288,306
31001127429-OXL,OXLEY,310011274,Inala - Richlands,31001127429,3127429,338,333
31001127430-OXL,OXLEY,310011274,Inala - Richlands,31001127430,3127430,367,384
31001127431-OXL,OXLEY,310011274,Inala - Richlands,31001127431,3127431,179,190
31001127432-OXL,OXLEY,310011274,Inala - Richlands,31001127432,3127432,297,305
31001127433-OXL,OXLEY,310011274,Inala - Richlands,31001127433,3127433,179,190
31001127434-OXL,OXLEY,310011274,Inala - Richlands,31001127434,3127434,391,413
31001127435-OXL,OXLEY,310011274,Inala - Richlands,31001127435,3127435,339,363
31001127436-OXL,OXLEY,310011274,Inala - Richlands,31001127436,3127436,470,478
31001127437-OXL,OXLEY,310011274,Inala - Richlands,31001127437,3127437,184,188
31001127438-OXL,OXLEY,310011274,Inala - Richlands,31001127438,3127438,402,427
31001127439-OXL,OXLEY,310011274,Inala - Richlands,31001127439,3127439,85,87
31001127440-OXL,OXLEY,310011274,Inala - Richlands,31001127440,3127440,515,558
31001127441-OXL,OXLEY,310011274,Inala - Richlands,31001127441,3127441,26,27
31001127442-OXL,OXLEY,310011274,Inala - Richlands,31001127442,3127442,492,484
31001127443-OXL,OXLEY,310011274,Inala - Richlands,31001127443,3127443,450,443
31001127444-OXL,OXLEY,310011274,Inala - Richlands,31001127444,3127444,226,222
31001127445-OXL,OXLEY,310011274,Inala - Richlands,31001127445,3127445,178,200
31001127446-OXL,OXLEY,310011274,Inala - Richlands,31001127446,3127446,333,340
31001127501-MOR,MORETON,310011275,Oxley (Qld),31001127501,3127501,539,580
31001127502-MOR,MORETON,310011275,Oxley (Qld),31001127502,3127502,337,340
31001127503-MOR,MORETON,310011275,Oxley (Qld),31001127503,3127503,376,386
31001127504-MOR,MORETON,310011275,Oxley (Qld),31001127504,3127504,403,414
31001127505-MOR,MORETON,310011275,Oxley (Qld),31001127505,3127505,475,505
31001127506-MOR,MORETON,310011275,Oxley (Qld),31001127506,3127506,377,386
31001127507-MOR,MORETON,310011275,Oxley (Qld),31001127507,3127507,108,109
31001127508-MOR,MORETON,310011275,Oxley (Qld),31001127508,3127508,362,365
31001127509-OXL,OXLEY,310011275,Oxley (Qld),31001127509,3127509,460,450
31001127510-OXL,OXLEY,310011275,Oxley (Qld),31001127510,3127510,356,382
31001127511-OXL,OXLEY,310011275,Oxley (Qld),31001127511,3127511,30,31
31001127512-OXL,OXLEY,310011275,Oxley (Qld),31001127512,3127512,354,373
31001127513-MOR,MORETON,310011275,Oxley (Qld),31001127513,3127513,0,0
31001127513-OXL,OXLEY,310011275,Oxley (Qld),31001127513,3127513,192,200
31001127514-OXL,OXLEY,310011275,Oxley (Qld),31001127514,3127514,608,624
31001127515-MOR,MORETON,310011275,Oxley (Qld),31001127515,3127515,12,12
31001127515-OXL,OXLEY,310011275,Oxley (Qld),31001127515,3127515,250,273
31001127516-OXL,OXLEY,310011275,Oxley (Qld),31001127516,3127516,604,609
31001127517-MOR,MORETON,310011275,Oxley (Qld),31001127517,3127517,337,362
31001127601-OXL,OXLEY,310011276,Wacol,31001127601,3127601,303,318
31001127602-OXL,OXLEY,310011276,Wacol,31001127602,3127602,37,36
31001127603-OXL,OXLEY,310011276,Wacol,31001127603,3127603,0,0
31001127604-OXL,OXLEY,310011276,Wacol,31001127604,3127604,304,313
31001127605-OXL,OXLEY,310011276,Wacol,31001127605,3127605,0,0
31001127606-OXL,OXLEY,310011276,Wacol,31001127606,3127606,191,184
31001127607-OXL,OXLEY,310011276,Wacol,31001127607,3127607,43,44
31001127608-OXL,OXLEY,310011276,Wacol,31001127608,3127608,9,9
31001127609-OXL,OXLEY,310011276,Wacol,31001127609,3127609,285,307
31001127610-OXL,OXLEY,310011276,Wacol,31001127610,3127610,341,328
31001127611-OXL,OXLEY,310011276,Wacol,31001127611,3127611,330,319
31001127612-OXL,OXLEY,310011276,Wacol,31001127612,3127612,14,14
31001127613-OXL,OXLEY,310011276,Wacol,31001127613,3127613,2,2
31002127701-WRI,WRIGHT,310021277,Boonah,31002127701,3127701,535,537
31002127702-WRI,WRIGHT,310021277,Boonah,31002127702,3127702,296,326
31002127703-WRI,WRIGHT,310021277,Boonah,31002127703,3127703,219,227
31002127705-WRI,WRIGHT,310021277,Boonah,31002127705,3127705,414,415
31002127706-WRI,WRIGHT,310021277,Boonah,31002127706,3127706,388,398
31002127708-WRI,WRIGHT,310021277,Boonah,31002127708,3127708,548,559
31002127709-WRI,WRIGHT,310021277,Boonah,31002127709,3127709,172,183
31002127710-WRI,WRIGHT,310021277,Boonah,31002127710,3127710,348,361
31002127711-WRI,WRIGHT,310021277,Boonah,31002127711,3127711,190,192
31002127712-WRI,WRIGHT,310021277,Boonah,31002127712,3127712,215,227
31002127713-WRI,WRIGHT,310021277,Boonah,31002127713,3127713,327,351
31002127714-WRI,WRIGHT,310021277,Boonah,31002127714,3127714,304,324
31002127715-WRI,WRIGHT,310021277,Boonah,31002127715,3127715,300,304
31002127716-WRI,WRIGHT,310021277,Boonah,31002127716,3127716,262,273
31002127718-WRI,WRIGHT,310021277,Boonah,31002127718,3127718,389,400
31002127719-WRI,WRIGHT,310021277,Boonah,31002127719,3127719,444,488
31002127720-WRI,WRIGHT,310021277,Boonah,31002127720,3127720,381,384
31002127721-BLA,BLAIR,310021277,Boonah,31002127721,3127721,3,3
31002127721-WRI,WRIGHT,310021277,Boonah,31002127721,3127721,343,361
31002127722-WRI,WRIGHT,310021277,Boonah,31002127722,3127722,442,433
31002127723-WRI,WRIGHT,310021277,Boonah,31002127723,3127723,266,287
31002127724-WRI,WRIGHT,310021277,Boonah,31002127724,3127724,264,282
31002127725-WRI,WRIGHT,310021277,Boonah,31002127725,3127725,311,331
31002127726-WRI,WRIGHT,310021277,Boonah,31002127726,3127726,362,355
31002127727-WRI,WRIGHT,310021277,Boonah,31002127727,3127727,459,492
31002127728-WRI,WRIGHT,310021277,Boonah,31002127728,3127728,396,421
31002127729-WRI,WRIGHT,310021277,Boonah,31002127729,3127729,58,60
31002127730-WRI,WRIGHT,310021277,Boonah,31002127730,3127730,263,275
31002127731-WRI,WRIGHT,310021277,Boonah,31002127731,3127731,444,435
31002127732-WRI,WRIGHT,310021277,Boonah,31002127732,3127732,51,52
31002127733-WRI,WRIGHT,310021277,Boonah,31002127733,3127733,302,296
31002127734-WRI,WRIGHT,310021277,Boonah,31002127734,3127734,438,474
31002127735-WRI,WRIGHT,310021277,Boonah,31002127735,3127735,300,308
31002127801-BLA,BLAIR,310021278,Esk,31002127801,3127801,292,289
31002127802-BLA,BLAIR,310021278,Esk,31002127802,3127802,158,162
31002127803-BLA,BLAIR,310021278,Esk,31002127803,3127803,439,459
31002127804-BLA,BLAIR,310021278,Esk,31002127804,3127804,267,276
31002127805-BLA,BLAIR,310021278,Esk,31002127805,3127805,176,183
31002127806-BLA,BLAIR,310021278,Esk,31002127806,3127806,264,284
31002127807-BLA,BLAIR,310021278,Esk,31002127807,3127807,424,423
31002127808-BLA,BLAIR,310021278,Esk,31002127808,3127808,564,573
31002127809-BLA,BLAIR,310021278,Esk,31002127809,3127809,344,354
31002127810-BLA,BLAIR,310021278,Esk,31002127810,3127810,211,226
31002127811-BLA,BLAIR,310021278,Esk,31002127811,3127811,222,239
31002127812-BLA,BLAIR,310021278,Esk,31002127812,3127812,312,319
31002127813-BLA,BLAIR,310021278,Esk,31002127813,3127813,248,256
31002127814-BLA,BLAIR,310021278,Esk,31002127814,3127814,165,174
31002127815-BLA,BLAIR,310021278,Esk,31002127815,3127815,404,394
31002127901-RYA,RYAN,310021279,Lake Manchester - England Creek,31002127901,3127901,10,10
31002128001-WRI,WRIGHT,310021280,Lockyer Valley - East,31002128001,3128001,449,464
31002128002-WRI,WRIGHT,310021280,Lockyer Valley - East,31002128002,3128002,327,322
31002128003-WRI,WRIGHT,310021280,Lockyer Valley - East,31002128003,3128003,434,478
31002128005-WRI,WRIGHT,310021280,Lockyer Valley - East,31002128005,3128005,478,499
31002128006-WRI,WRIGHT,310021280,Lockyer Valley - East,31002128006,3128006,585,586
31002128007-WRI,WRIGHT,310021280,Lockyer Valley - East,31002128007,3128007,448,466
31002128009-WRI,WRIGHT,310021280,Lockyer Valley - East,31002128009,3128009,229,232
31002128010-WRI,WRIGHT,310021280,Lockyer Valley - East,31002128010,3128010,279,303
31002128011-WRI,WRIGHT,310021280,Lockyer Valley - East,31002128011,3128011,161,169
31002128012-WRI,WRIGHT,310021280,Lockyer Valley - East,31002128012,3128012,215,235
31002128013-WRI,WRIGHT,310021280,Lockyer Valley - East,31002128013,3128013,516,541
31002128014-WRI,WRIGHT,310021280,Lockyer Valley - East,31002128014,3128014,335,330
31002128015-WRI,WRIGHT,310021280,Lockyer Valley - East,31002128015,3128015,270,289
31002128016-BLA,BLAIR,310021280,Lockyer Valley - East,31002128016,3128016,5,5
31002128016-WRI,WRIGHT,310021280,Lockyer Valley - East,31002128016,3128016,229,243
31002128017-WRI,WRIGHT,310021280,Lockyer Valley - East,31002128017,3128017,185,192
31002128018-WRI,WRIGHT,310021280,Lockyer Valley - East,31002128018,3128018,214,218
31002128019-WRI,WRIGHT,310021280,Lockyer Valley - East,31002128019,3128019,471,482
31002128020-WRI,WRIGHT,310021280,Lockyer Valley - East,31002128020,3128020,403,414
31002128021-WRI,WRIGHT,310021280,Lockyer Valley - East,31002128021,3128021,230,239
31002128022-WRI,WRIGHT,310021280,Lockyer Valley - East,31002128022,3128022,209,219
31002128023-WRI,WRIGHT,310021280,Lockyer Valley - East,31002128023,3128023,214,222
31002128024-WRI,WRIGHT,310021280,Lockyer Valley - East,31002128024,3128024,409,430
31002128025-WRI,WRIGHT,310021280,Lockyer Valley - East,31002128025,3128025,203,212
31002128026-WRI,WRIGHT,310021280,Lockyer Valley - East,31002128026,3128026,234,246
31002128027-WRI,WRIGHT,310021280,Lockyer Valley - East,31002128027,3128027,230,238
31002128028-WRI,WRIGHT,310021280,Lockyer Valley - East,31002128028,3128028,320,349
31002128029-WRI,WRIGHT,310021280,Lockyer Valley - East,31002128029,3128029,269,290
31002128030-WRI,WRIGHT,310021280,Lockyer Valley - East,31002128030,3128030,313,328
31002128031-WRI,WRIGHT,310021280,Lockyer Valley - East,31002128031,3128031,166,178
31002128032-WRI,WRIGHT,310021280,Lockyer Valley - East,31002128032,3128032,287,301
31002128033-WRI,WRIGHT,310021280,Lockyer Valley - East,31002128033,3128033,320,348
31002128034-WRI,WRIGHT,310021280,Lockyer Valley - East,31002128034,3128034,318,324
31002128035-WRI,WRIGHT,310021280,Lockyer Valley - East,31002128035,3128035,451,479
31002128036-WRI,WRIGHT,310021280,Lockyer Valley - East,31002128036,3128036,516,508
31002128037-WRI,WRIGHT,310021280,Lockyer Valley - East,31002128037,3128037,233,246
31002128038-WRI,WRIGHT,310021280,Lockyer Valley - East,31002128038,3128038,171,173
31002128039-WRI,WRIGHT,310021280,Lockyer Valley - East,31002128039,3128039,242,252
31002128040-WRI,WRIGHT,310021280,Lockyer Valley - East,31002128040,3128040,216,228
31002128041-WRI,WRIGHT,310021280,Lockyer Valley - East,31002128041,3128041,235,246
31002128042-WRI,WRIGHT,310021280,Lockyer Valley - East,31002128042,3128042,327,352
31002128043-WRI,WRIGHT,310021280,Lockyer Valley - East,31002128043,3128043,207,217
31002128044-WRI,WRIGHT,310021280,Lockyer Valley - East,31002128044,3128044,277,300
31002128045-WRI,WRIGHT,310021280,Lockyer Valley - East,31002128045,3128045,393,415
31002128046-WRI,WRIGHT,310021280,Lockyer Valley - East,31002128046,3128046,317,335
31002128047-WRI,WRIGHT,310021280,Lockyer Valley - East,31002128047,3128047,307,336
31002128048-WRI,WRIGHT,310021280,Lockyer Valley - East,31002128048,3128048,561,578
31002128049-WRI,WRIGHT,310021280,Lockyer Valley - East,31002128049,3128049,337,347
31002128050-WRI,WRIGHT,310021280,Lockyer Valley - East,31002128050,3128050,271,267
31002128051-WRI,WRIGHT,310021280,Lockyer Valley - East,31002128051,3128051,305,333
31002128052-WRI,WRIGHT,310021280,Lockyer Valley - East,31002128052,3128052,262,282
31002128053-WRI,WRIGHT,310021280,Lockyer Valley - East,31002128053,3128053,267,286
31002128056-WRI,WRIGHT,310021280,Lockyer Valley - East,31002128056,3128056,329,373
31002128057-WRI,WRIGHT,310021280,Lockyer Valley - East,31002128057,3128057,880,881
31002128058-WRI,WRIGHT,310021280,Lockyer Valley - East,31002128058,3128058,407,413
31002128059-WRI,WRIGHT,310021280,Lockyer Valley - East,31002128059,3128059,79,80
31002128101-BLA,BLAIR,310021281,Lowood,31002128101,3128101,267,279
31002128102-BLA,BLAIR,310021281,Lowood,31002128102,3128102,243,257
31002128103-BLA,BLAIR,310021281,Lowood,31002128103,3128103,171,178
31002128104-BLA,BLAIR,310021281,Lowood,31002128104,3128104,507,556
31002128105-BLA,BLAIR,310021281,Lowood,31002128105,3128105,204,204
31002128106-BLA,BLAIR,310021281,Lowood,31002128106,3128106,350,368
31002128107-BLA,BLAIR,310021281,Lowood,31002128107,3128107,294,309
31002128108-BLA,BLAIR,310021281,Lowood,31002128108,3128108,310,324
31002128109-BLA,BLAIR,310021281,Lowood,31002128109,3128109,266,277
31002128110-BLA,BLAIR,310021281,Lowood,31002128110,3128110,194,209
31002128111-BLA,BLAIR,310021281,Lowood,31002128111,3128111,293,299
31002128112-BLA,BLAIR,310021281,Lowood,31002128112,3128112,157,170
31002128114-BLA,BLAIR,310021281,Lowood,31002128114,3128114,403,420
31002128115-BLA,BLAIR,310021281,Lowood,31002128115,3128115,135,140
31002128116-BLA,BLAIR,310021281,Lowood,31002128116,3128116,586,574
31002128117-BLA,BLAIR,310021281,Lowood,31002128117,3128117,503,523
31002128118-BLA,BLAIR,310021281,Lowood,31002128118,3128118,486,476
31002128119-BLA,BLAIR,310021281,Lowood,31002128119,3128119,436,451
31002128120-BLA,BLAIR,310021281,Lowood,31002128120,3128120,260,263
31002128121-BLA,BLAIR,310021281,Lowood,31002128121,3128121,462,483
31002128122-BLA,BLAIR,310021281,Lowood,31002128122,3128122,387,400
31002128123-BLA,BLAIR,310021281,Lowood,31002128123,3128123,128,131
31002128124-BLA,BLAIR,310021281,Lowood,31002128124,3128124,286,300
31002128125-BLA,BLAIR,310021281,Lowood,31002128125,3128125,669,699
31002128126-BLA,BLAIR,310021281,Lowood,31002128126,3128126,492,512
31002128127-BLA,BLAIR,310021281,Lowood,31002128127,3128127,165,167
31002128128-BLA,BLAIR,310021281,Lowood,31002128128,3128128,297,314
31002128129-BLA,BLAIR,310021281,Lowood,31002128129,3128129,163,165
31002128130-BLA,BLAIR,310021281,Lowood,31002128130,3128130,415,430
31002128131-BLA,BLAIR,310021281,Lowood,31002128131,3128131,152,158
31002128132-BLA,BLAIR,310021281,Lowood,31002128132,3128132,343,356
31002128134-BLA,BLAIR,310021281,Lowood,31002128134,3128134,123,129
31002128135-BLA,BLAIR,310021281,Lowood,31002128135,3128135,504,536
31002128136-BLA,BLAIR,310021281,Lowood,31002128136,3128136,187,191
31002128137-BLA,BLAIR,310021281,Lowood,31002128137,3128137,225,247
31002128138-BLA,BLAIR,310021281,Lowood,31002128138,3128138,670,674
31002128201-BLA,BLAIR,310021282,Rosewood,31002128201,3128201,204,217
31002128202-BLA,BLAIR,310021282,Rosewood,31002128202,3128202,158,166
31002128203-BLA,BLAIR,310021282,Rosewood,31002128203,3128203,323,329
31002128204-BLA,BLAIR,310021282,Rosewood,31002128204,3128204,407,437
31002128205-BLA,BLAIR,310021282,Rosewood,31002128205,3128205,175,200
31002128206-BLA,BLAIR,310021282,Rosewood,31002128206,3128206,218,224
31002128207-BLA,BLAIR,310021282,Rosewood,31002128207,3128207,322,345
31002128208-BLA,BLAIR,310021282,Rosewood,31002128208,3128208,322,328
31002128209-BLA,BLAIR,310021282,Rosewood,31002128209,3128209,168,171
31002128210-BLA,BLAIR,310021282,Rosewood,31002128210,3128210,175,189
31002128211-BLA,BLAIR,310021282,Rosewood,31002128211,3128211,309,319
31002128212-BLA,BLAIR,310021282,Rosewood,31002128212,3128212,190,209
31002128213-BLA,BLAIR,310021282,Rosewood,31002128213,3128213,276,301
31002128214-BLA,BLAIR,310021282,Rosewood,31002128214,3128214,365,383
31002128215-BLA,BLAIR,310021282,Rosewood,31002128215,3128215,214,225
31002128216-BLA,BLAIR,310021282,Rosewood,31002128216,3128216,260,278
31002128217-BLA,BLAIR,310021282,Rosewood,31002128217,3128217,508,554
31002128222-BLA,BLAIR,310021282,Rosewood,31002128222,3128222,562,568
31002128223-BLA,BLAIR,310021282,Rosewood,31002128223,3128223,608,645
31002128225-BLA,BLAIR,310021282,Rosewood,31002128225,3128225,28,32
31002128226-BLA,BLAIR,310021282,Rosewood,31002128226,3128226,370,381
31002128227-BLA,BLAIR,310021282,Rosewood,31002128227,3128227,238,248
31002128228-BLA,BLAIR,310021282,Rosewood,31002128228,3128228,173,181
31002128230-BLA,BLAIR,310021282,Rosewood,31002128230,3128230,106,111
31002128231-BLA,BLAIR,310021282,Rosewood,31002128231,3128231,363,357
31002128232-BLA,BLAIR,310021282,Rosewood,31002128232,3128232,260,280
31002128233-BLA,BLAIR,310021282,Rosewood,31002128233,3128233,6,6
31002128234-BLA,BLAIR,310021282,Rosewood,31002128234,3128234,184,202
31002128235-BLA,BLAIR,310021282,Rosewood,31002128235,3128235,322,351
31002128236-BLA,BLAIR,310021282,Rosewood,31002128236,3128236,426,419
31002128237-BLA,BLAIR,310021282,Rosewood,31002128237,3128237,335,345
31002128238-BLA,BLAIR,310021282,Rosewood,31002128238,3128238,1268,1287
31002128239-BLA,BLAIR,310021282,Rosewood,31002128239,3128239,217,232
31002128240-BLA,BLAIR,310021282,Rosewood,31002128240,3128240,169,185
31002128241-BLA,BLAIR,310021282,Rosewood,31002128241,3128241,435,467
31002128242-BLA,BLAIR,310021282,Rosewood,31002128242,3128242,138,145
31002128243-BLA,BLAIR,310021282,Rosewood,31002128243,3128243,372,379
31002128244-BLA,BLAIR,310021282,Rosewood,31002128244,3128244,110,114
31003128301-BLA,BLAIR,310031283,Brassall,31003128301,3128301,397,413
31003128303-BLA,BLAIR,310031283,Brassall,31003128303,3128303,381,403
31003128304-BLA,BLAIR,310031283,Brassall,31003128304,3128304,0,0
31003128305-BLA,BLAIR,310031283,Brassall,31003128305,3128305,243,251
31003128306-BLA,BLAIR,310031283,Brassall,31003128306,3128306,1,1
31003128307-BLA,BLAIR,310031283,Brassall,31003128307,3128307,217,224
31003128309-BLA,BLAIR,310031283,Brassall,31003128309,3128309,424,448
31003128310-BLA,BLAIR,310031283,Brassall,31003128310,3128310,277,278
31003128311-BLA,BLAIR,310031283,Brassall,31003128311,3128311,260,261
31003128312-BLA,BLAIR,310031283,Brassall,31003128312,3128312,206,207
31003128313-BLA,BLAIR,310031283,Brassall,31003128313,3128313,242,248
31003128314-BLA,BLAIR,310031283,Brassall,31003128314,3128314,343,366
31003128315-BLA,BLAIR,310031283,Brassall,31003128315,3128315,196,209
31003128316-BLA,BLAIR,310031283,Brassall,31003128316,3128316,465,496
31003128317-BLA,BLAIR,310031283,Brassall,31003128317,3128317,360,373
31003128318-BLA,BLAIR,310031283,Brassall,31003128318,3128318,193,209
31003128319-BLA,BLAIR,310031283,Brassall,31003128319,3128319,256,261
31003128320-BLA,BLAIR,310031283,Brassall,31003128320,3128320,192,201
31003128321-BLA,BLAIR,310031283,Brassall,31003128321,3128321,362,369
31003128322-BLA,BLAIR,310031283,Brassall,31003128322,3128322,296,313
31003128323-BLA,BLAIR,310031283,Brassall,31003128323,3128323,266,281
31003128325-BLA,BLAIR,310031283,Brassall,31003128325,3128325,224,239
31003128329-BLA,BLAIR,310031283,Brassall,31003128329,3128329,271,293
31003128330-BLA,BLAIR,310031283,Brassall,31003128330,3128330,315,355
31003128331-BLA,BLAIR,310031283,Brassall,31003128331,3128331,454,446
31003128332-BLA,BLAIR,310031283,Brassall,31003128332,3128332,424,436
31003128333-BLA,BLAIR,310031283,Brassall,31003128333,3128333,425,444
31003128334-BLA,BLAIR,310031283,Brassall,31003128334,3128334,219,215
31003128335-BLA,BLAIR,310031283,Brassall,31003128335,3128335,364,422
31003128336-BLA,BLAIR,310031283,Brassall,31003128336,3128336,372,366
31003128337-BLA,BLAIR,310031283,Brassall,31003128337,3128337,240,251
31003128338-BLA,BLAIR,310031283,Brassall,31003128338,3128338,301,296
31003128401-BLA,BLAIR,310031284,Bundamba,31003128401,3128401,317,322
31003128402-BLA,BLAIR,310031284,Bundamba,31003128402,3128402,191,205
31003128404-BLA,BLAIR,310031284,Bundamba,31003128404,3128404,208,228
31003128405-BLA,BLAIR,310031284,Bundamba,31003128405,3128405,195,194
31003128406-BLA,BLAIR,310031284,Bundamba,31003128406,3128406,425,423
31003128407-BLA,BLAIR,310031284,Bundamba,31003128407,3128407,235,243
31003128408-BLA,BLAIR,310031284,Bundamba,31003128408,3128408,426,461
31003128409-BLA,BLAIR,310031284,Bundamba,31003128409,3128409,199,202
31003128410-BLA,BLAIR,310031284,Bundamba,31003128410,3128410,425,431
31003128411-BLA,BLAIR,310031284,Bundamba,31003128411,3128411,588,612
31003128412-BLA,BLAIR,310031284,Bundamba,31003128412,3128412,261,281
31003128414-BLA,BLAIR,310031284,Bundamba,31003128414,3128414,359,362
31003128415-BLA,BLAIR,310031284,Bundamba,31003128415,3128415,486,502
31003128416-BLA,BLAIR,310031284,Bundamba,31003128416,3128416,200,214
31003128418-BLA,BLAIR,310031284,Bundamba,31003128418,3128418,177,176
31003128419-BLA,BLAIR,310031284,Bundamba,31003128419,3128419,322,326
31003128420-BLA,BLAIR,310031284,Bundamba,31003128420,3128420,367,375
31003128421-BLA,BLAIR,310031284,Bundamba,31003128421,3128421,195,194
31003128422-BLA,BLAIR,310031284,Bundamba,31003128422,3128422,148,156
31003128423-BLA,BLAIR,310031284,Bundamba,31003128423,3128423,581,609
31003128424-BLA,BLAIR,310031284,Bundamba,31003128424,3128424,282,305
31003128425-BLA,BLAIR,310031284,Bundamba,31003128425,3128425,207,213
31003128426-BLA,BLAIR,310031284,Bundamba,31003128426,3128426,288,280
31003128427-BLA,BLAIR,310031284,Bundamba,31003128427,3128427,215,220
31003128501-BLA,BLAIR,310031285,Churchill - Yamanto,31003128501,3128501,302,301
31003128502-BLA,BLAIR,310031285,Churchill - Yamanto,31003128502,3128502,204,199
31003128503-BLA,BLAIR,310031285,Churchill - Yamanto,31003128503,3128503,236,250
31003128504-BLA,BLAIR,310031285,Churchill - Yamanto,31003128504,3128504,600,618
31003128505-BLA,BLAIR,310031285,Churchill - Yamanto,31003128505,3128505,378,389
31003128506-BLA,BLAIR,310031285,Churchill - Yamanto,31003128506,3128506,429,434
31003128507-BLA,BLAIR,310031285,Churchill - Yamanto,31003128507,3128507,655,634
31003128508-BLA,BLAIR,310031285,Churchill - Yamanto,31003128508,3128508,410,401
31003128509-BLA,BLAIR,310031285,Churchill - Yamanto,31003128509,3128509,367,389
31003128510-BLA,BLAIR,310031285,Churchill - Yamanto,31003128510,3128510,437,448
31003128511-BLA,BLAIR,310031285,Churchill - Yamanto,31003128511,3128511,322,331
31003128512-BLA,BLAIR,310031285,Churchill - Yamanto,31003128512,3128512,241,238
31003128513-BLA,BLAIR,310031285,Churchill - Yamanto,31003128513,3128513,306,318
31003128514-BLA,BLAIR,310031285,Churchill - Yamanto,31003128514,3128514,189,190
31003128601-BLA,BLAIR,310031286,Ipswich - Central,31003128601,3128601,212,215
31003128602-BLA,BLAIR,310031286,Ipswich - Central,31003128602,3128602,394,409
31003128603-BLA,BLAIR,310031286,Ipswich - Central,31003128603,3128603,239,249
31003128604-BLA,BLAIR,310031286,Ipswich - Central,31003128604,3128604,271,271
31003128605-BLA,BLAIR,310031286,Ipswich - Central,31003128605,3128605,174,180
31003128606-BLA,BLAIR,310031286,Ipswich - Central,31003128606,3128606,361,387
31003128607-BLA,BLAIR,310031286,Ipswich - Central,31003128607,3128607,271,275
31003128608-BLA,BLAIR,310031286,Ipswich - Central,31003128608,3128608,340,348
31003128609-BLA,BLAIR,310031286,Ipswich - Central,31003128609,3128609,0,0
31003128611-BLA,BLAIR,310031286,Ipswich - Central,31003128611,3128611,295,314
31003128612-BLA,BLAIR,310031286,Ipswich - Central,31003128612,3128612,262,258
31003128613-BLA,BLAIR,310031286,Ipswich - Central,31003128613,3128613,377,386
31003128614-BLA,BLAIR,310031286,Ipswich - Central,31003128614,3128614,4,4
31003128615-BLA,BLAIR,310031286,Ipswich - Central,31003128615,3128615,10,10
31003128616-BLA,BLAIR,310031286,Ipswich - Central,31003128616,3128616,327,317
31003128617-BLA,BLAIR,310031286,Ipswich - Central,31003128617,3128617,376,369
31003128618-BLA,BLAIR,310031286,Ipswich - Central,31003128618,3128618,289,280
31003128619-BLA,BLAIR,310031286,Ipswich - Central,31003128619,3128619,228,234
31003128620-BLA,BLAIR,310031286,Ipswich - Central,31003128620,3128620,156,162
31003128621-BLA,BLAIR,310031286,Ipswich - Central,31003128621,3128621,365,368
31003128622-BLA,BLAIR,310031286,Ipswich - Central,31003128622,3128622,141,151
31003128701-BLA,BLAIR,310031287,Ipswich - East,31003128701,3128701,305,314
31003128702-BLA,BLAIR,310031287,Ipswich - East,31003128702,3128702,499,487
31003128703-BLA,BLAIR,310031287,Ipswich - East,31003128703,3128703,350,348
31003128704-BLA,BLAIR,310031287,Ipswich - East,31003128704,3128704,385,395
31003128705-BLA,BLAIR,310031287,Ipswich - East,31003128705,3128705,223,224
31003128706-BLA,BLAIR,310031287,Ipswich - East,31003128706,3128706,336,345
31003128707-BLA,BLAIR,310031287,Ipswich - East,31003128707,3128707,233,242
31003128708-BLA,BLAIR,310031287,Ipswich - East,31003128708,3128708,242,249
31003128709-BLA,BLAIR,310031287,Ipswich - East,31003128709,3128709,210,220
31003128710-BLA,BLAIR,310031287,Ipswich - East,31003128710,3128710,178,175
31003128711-BLA,BLAIR,310031287,Ipswich - East,31003128711,3128711,292,288
31003128712-BLA,BLAIR,310031287,Ipswich - East,31003128712,3128712,244,242
31003128713-BLA,BLAIR,310031287,Ipswich - East,31003128713,3128713,399,400
31003128714-BLA,BLAIR,310031287,Ipswich - East,31003128714,3128714,321,318
31003128715-BLA,BLAIR,310031287,Ipswich - East,31003128715,3128715,355,356
31003128716-BLA,BLAIR,310031287,Ipswich - East,31003128716,3128716,397,417
31003128717-BLA,BLAIR,310031287,Ipswich - East,31003128717,3128717,226,226
31003128718-BLA,BLAIR,310031287,Ipswich - East,31003128718,3128718,332,335
31003128719-BLA,BLAIR,310031287,Ipswich - East,31003128719,3128719,249,261
31003128720-BLA,BLAIR,310031287,Ipswich - East,31003128720,3128720,381,393
31003128721-BLA,BLAIR,310031287,Ipswich - East,31003128721,3128721,303,293
31003128722-BLA,BLAIR,310031287,Ipswich - East,31003128722,3128722,479,483
31003128723-BLA,BLAIR,310031287,Ipswich - East,31003128723,3128723,462,464
31003128724-BLA,BLAIR,310031287,Ipswich - East,31003128724,3128724,405,427
31003128725-BLA,BLAIR,310031287,Ipswich - East,31003128725,3128725,304,314
31003128726-BLA,BLAIR,310031287,Ipswich - East,31003128726,3128726,280,291
31003128727-BLA,BLAIR,310031287,Ipswich - East,31003128727,3128727,259,250
31003128728-BLA,BLAIR,310031287,Ipswich - East,31003128728,3128728,251,257
31003128729-BLA,BLAIR,310031287,Ipswich - East,31003128729,3128729,419,422
31003128730-BLA,BLAIR,310031287,Ipswich - East,31003128730,3128730,354,354
31003128731-BLA,BLAIR,310031287,Ipswich - East,31003128731,3128731,193,197
31003128732-BLA,BLAIR,310031287,Ipswich - East,31003128732,3128732,196,200
31003128733-BLA,BLAIR,310031287,Ipswich - East,31003128733,3128733,249,249
31003128734-BLA,BLAIR,310031287,Ipswich - East,31003128734,3128734,541,539
31003128735-BLA,BLAIR,310031287,Ipswich - East,31003128735,3128735,254,253
31003128736-BLA,BLAIR,310031287,Ipswich - East,31003128736,3128736,290,297
31003128737-BLA,BLAIR,310031287,Ipswich - East,31003128737,3128737,284,281
31003128738-BLA,BLAIR,310031287,Ipswich - East,31003128738,3128738,309,326
31003128739-BLA,BLAIR,310031287,Ipswich - East,31003128739,3128739,284,304
31003128740-BLA,BLAIR,310031287,Ipswich - East,31003128740,3128740,176,170
31003128741-BLA,BLAIR,310031287,Ipswich - East,31003128741,3128741,318,330
31003128742-BLA,BLAIR,310031287,Ipswich - East,31003128742,3128742,273,276
31003128743-BLA,BLAIR,310031287,Ipswich - East,31003128743,3128743,176,179
31003128744-BLA,BLAIR,310031287,Ipswich - East,31003128744,3128744,272,283
31003128745-BLA,BLAIR,310031287,Ipswich - East,31003128745,3128745,236,239
31003128746-BLA,BLAIR,310031287,Ipswich - East,31003128746,3128746,271,279
31003128801-BLA,BLAIR,310031288,Ipswich - North,31003128801,3128801,392,396
31003128802-BLA,BLAIR,310031288,Ipswich - North,31003128802,3128802,513,507
31003128803-BLA,BLAIR,310031288,Ipswich - North,31003128803,3128803,179,179
31003128804-BLA,BLAIR,310031288,Ipswich - North,31003128804,3128804,259,254
31003128805-BLA,BLAIR,310031288,Ipswich - North,31003128805,3128805,235,237
31003128806-BLA,BLAIR,310031288,Ipswich - North,31003128806,3128806,315,301
31003128807-BLA,BLAIR,310031288,Ipswich - North,31003128807,3128807,271,269
31003128808-BLA,BLAIR,310031288,Ipswich - North,31003128808,3128808,306,307
31003128809-BLA,BLAIR,310031288,Ipswich - North,31003128809,3128809,362,364
31003128810-BLA,BLAIR,310031288,Ipswich - North,31003128810,3128810,505,507
31003128811-BLA,BLAIR,310031288,Ipswich - North,31003128811,3128811,239,238
31003128901-BLA,BLAIR,310031289,Karalee - Barellan Point,31003128901,3128901,223,234
31003128902-BLA,BLAIR,310031289,Karalee - Barellan Point,31003128902,3128902,317,345
31003128903-BLA,BLAIR,310031289,Karalee - Barellan Point,31003128903,3128903,323,332
31003128904-BLA,BLAIR,310031289,Karalee - Barellan Point,31003128904,3128904,523,547
31003128905-BLA,BLAIR,310031289,Karalee - Barellan Point,31003128905,3128905,184,192
31003128906-BLA,BLAIR,310031289,Karalee - Barellan Point,31003128906,3128906,1309,1370
31003128907-BLA,BLAIR,310031289,Karalee - Barellan Point,31003128907,3128907,644,675
31003128908-BLA,BLAIR,310031289,Karalee - Barellan Point,31003128908,3128908,426,444
31003128909-BLA,BLAIR,310031289,Karalee - Barellan Point,31003128909,3128909,275,284
31003128910-BLA,BLAIR,310031289,Karalee - Barellan Point,31003128910,3128910,230,246
31003128911-BLA,BLAIR,310031289,Karalee - Barellan Point,31003128911,3128911,402,446
31003128912-BLA,BLAIR,310031289,Karalee - Barellan Point,31003128912,3128912,276,297
31003129001-BLA,BLAIR,310031290,Karana Downs,31003129001,3129001,385,388
31003129002-BLA,BLAIR,310031290,Karana Downs,31003129002,3129002,276,276
31003129003-BLA,BLAIR,310031290,Karana Downs,31003129003,3129003,197,208
31003129004-BLA,BLAIR,310031290,Karana Downs,31003129004,3129004,434,425
31003129005-BLA,BLAIR,310031290,Karana Downs,31003129005,3129005,417,424
31003129006-BLA,BLAIR,310031290,Karana Downs,31003129006,3129006,453,461
31003129007-BLA,BLAIR,310031290,Karana Downs,31003129007,3129007,258,271
31003129008-BLA,BLAIR,310031290,Karana Downs,31003129008,3129008,284,289
31003129009-BLA,BLAIR,310031290,Karana Downs,31003129009,3129009,277,276
31003129010-BLA,BLAIR,310031290,Karana Downs,31003129010,3129010,174,168
31003129011-BLA,BLAIR,310031290,Karana Downs,31003129011,3129011,301,295
31003129012-BLA,BLAIR,310031290,Karana Downs,31003129012,3129012,204,199
31003129013-BLA,BLAIR,310031290,Karana Downs,31003129013,3129013,361,371
31003129014-BLA,BLAIR,310031290,Karana Downs,31003129014,3129014,262,252
31003129015-BLA,BLAIR,310031290,Karana Downs,31003129015,3129015,327,340
31003129102-BLA,BLAIR,310031291,Leichhardt - One Mile,31003129102,3129102,334,342
31003129103-BLA,BLAIR,310031291,Leichhardt - One Mile,31003129103,3129103,283,295
31003129104-BLA,BLAIR,310031291,Leichhardt - One Mile,31003129104,3129104,351,360
31003129105-BLA,BLAIR,310031291,Leichhardt - One Mile,31003129105,3129105,256,258
31003129106-BLA,BLAIR,310031291,Leichhardt - One Mile,31003129106,3129106,389,390
31003129108-BLA,BLAIR,310031291,Leichhardt - One Mile,31003129108,3129108,125,127
31003129109-BLA,BLAIR,310031291,Leichhardt - One Mile,31003129109,3129109,214,221
31003129110-BLA,BLAIR,310031291,Leichhardt - One Mile,31003129110,3129110,302,309
31003129111-BLA,BLAIR,310031291,Leichhardt - One Mile,31003129111,3129111,349,380
31003129112-BLA,BLAIR,310031291,Leichhardt - One Mile,31003129112,3129112,270,263
31003129113-BLA,BLAIR,310031291,Leichhardt - One Mile,31003129113,3129113,556,581
31003129114-BLA,BLAIR,310031291,Leichhardt - One Mile,31003129114,3129114,350,371
31003129115-BLA,BLAIR,310031291,Leichhardt - One Mile,31003129115,3129115,435,450
31003129116-BLA,BLAIR,310031291,Leichhardt - One Mile,31003129116,3129116,491,495
31003129117-BLA,BLAIR,310031291,Leichhardt - One Mile,31003129117,3129117,4,4
31003129118-BLA,BLAIR,310031291,Leichhardt - One Mile,31003129118,3129118,386,409
31003129119-BLA,BLAIR,310031291,Leichhardt - One Mile,31003129119,3129119,396,412
31003129121-BLA,BLAIR,310031291,Leichhardt - One Mile,31003129121,3129121,252,265
31003129122-BLA,BLAIR,310031291,Leichhardt - One Mile,31003129122,3129122,392,403
31003129201-BLA,BLAIR,310031292,North Ipswich - Tivoli,31003129201,3129201,189,193
31003129202-BLA,BLAIR,310031292,North Ipswich - Tivoli,31003129202,3129202,52,52
31003129203-BLA,BLAIR,310031292,North Ipswich - Tivoli,31003129203,3129203,187,188
31003129204-BLA,BLAIR,310031292,North Ipswich - Tivoli,31003129204,3129204,324,315
31003129205-BLA,BLAIR,310031292,North Ipswich - Tivoli,31003129205,3129205,371,378
31003129206-BLA,BLAIR,310031292,North Ipswich - Tivoli,31003129206,3129206,166,163
31003129207-BLA,BLAIR,310031292,North Ipswich - Tivoli,31003129207,3129207,185,196
31003129208-BLA,BLAIR,310031292,North Ipswich - Tivoli,31003129208,3129208,184,185
31003129209-BLA,BLAIR,310031292,North Ipswich - Tivoli,31003129209,3129209,213,210
31003129210-BLA,BLAIR,310031292,North Ipswich - Tivoli,31003129210,3129210,260,259
31003129211-BLA,BLAIR,310031292,North Ipswich - Tivoli,31003129211,3129211,266,282
31003129212-BLA,BLAIR,310031292,North Ipswich - Tivoli,31003129212,3129212,373,378
31003129213-BLA,BLAIR,310031292,North Ipswich - Tivoli,31003129213,3129213,257,275
31003129214-BLA,BLAIR,310031292,North Ipswich - Tivoli,31003129214,3129214,337,329
31003129215-BLA,BLAIR,310031292,North Ipswich - Tivoli,31003129215,3129215,183,184
31003129216-BLA,BLAIR,310031292,North Ipswich - Tivoli,31003129216,3129216,286,298
31003129217-BLA,BLAIR,310031292,North Ipswich - Tivoli,31003129217,3129217,165,163
31003129218-BLA,BLAIR,310031292,North Ipswich - Tivoli,31003129218,3129218,266,263
31003129219-BLA,BLAIR,310031292,North Ipswich - Tivoli,31003129219,3129219,614,598
31003129220-BLA,BLAIR,310031292,North Ipswich - Tivoli,31003129220,3129220,265,264
31003129301-BLA,BLAIR,310031293,Raceview,31003129301,3129301,199,207
31003129302-BLA,BLAIR,310031293,Raceview,31003129302,3129302,257,261
31003129303-BLA,BLAIR,310031293,Raceview,31003129303,3129303,264,277
31003129304-BLA,BLAIR,310031293,Raceview,31003129304,3129304,246,260
31003129305-BLA,BLAIR,310031293,Raceview,31003129305,3129305,263,272
31003129306-BLA,BLAIR,310031293,Raceview,31003129306,3129306,270,271
31003129307-BLA,BLAIR,310031293,Raceview,31003129307,3129307,399,418
31003129308-BLA,BLAIR,310031293,Raceview,31003129308,3129308,338,351
31003129309-BLA,BLAIR,310031293,Raceview,31003129309,3129309,531,570
31003129310-BLA,BLAIR,310031293,Raceview,31003129310,3129310,326,317
31003129311-BLA,BLAIR,310031293,Raceview,31003129311,3129311,333,332
31003129312-BLA,BLAIR,310031293,Raceview,31003129312,3129312,388,401
31003129313-BLA,BLAIR,310031293,Raceview,31003129313,3129313,174,178
31003129314-BLA,BLAIR,310031293,Raceview,31003129314,3129314,384,374
31003129315-BLA,BLAIR,310031293,Raceview,31003129315,3129315,512,523
31003129316-BLA,BLAIR,310031293,Raceview,31003129316,3129316,361,371
31003129317-BLA,BLAIR,310031293,Raceview,31003129317,3129317,305,310
31003129318-BLA,BLAIR,310031293,Raceview,31003129318,3129318,264,272
31003129319-BLA,BLAIR,310031293,Raceview,31003129319,3129319,6,6
31003129320-BLA,BLAIR,310031293,Raceview,31003129320,3129320,294,300
31003129321-BLA,BLAIR,310031293,Raceview,31003129321,3129321,355,365
31003129322-BLA,BLAIR,310031293,Raceview,31003129322,3129322,144,153
31003129323-BLA,BLAIR,310031293,Raceview,31003129323,3129323,230,251
31003129324-BLA,BLAIR,310031293,Raceview,31003129324,3129324,275,285
31003129325-BLA,BLAIR,310031293,Raceview,31003129325,3129325,340,351
31003129326-BLA,BLAIR,310031293,Raceview,31003129326,3129326,255,263
31003129327-BLA,BLAIR,310031293,Raceview,31003129327,3129327,188,193
31003129328-BLA,BLAIR,310031293,Raceview,31003129328,3129328,342,350
31003129329-BLA,BLAIR,310031293,Raceview,31003129329,3129329,371,368
31003129331-BLA,BLAIR,310031293,Raceview,31003129331,3129331,12,12
31003129332-BLA,BLAIR,310031293,Raceview,31003129332,3129332,267,285
31003129333-BLA,BLAIR,310031293,Raceview,31003129333,3129333,395,398
31003129334-BLA,BLAIR,310031293,Raceview,31003129334,3129334,315,307
31003129335-BLA,BLAIR,310031293,Raceview,31003129335,3129335,472,477
31003129337-BLA,BLAIR,310031293,Raceview,31003129337,3129337,211,226
31003129338-BLA,BLAIR,310031293,Raceview,31003129338,3129338,282,290
31003129339-BLA,BLAIR,310031293,Raceview,31003129339,3129339,345,351
31003129340-BLA,BLAIR,310031293,Raceview,31003129340,3129340,281,295
31003129341-BLA,BLAIR,310031293,Raceview,31003129341,3129341,344,375
31003129401-BLA,BLAIR,310031294,Ripley,31003129401,3129401,333,344
31003129402-BLA,BLAIR,310031294,Ripley,31003129402,3129402,229,237
31003129403-BLA,BLAIR,310031294,Ripley,31003129403,3129403,488,564
31003129406-BLA,BLAIR,310031294,Ripley,31003129406,3129406,236,286
31003129407-BLA,BLAIR,310031294,Ripley,31003129407,3129407,311,370
31003129408-BLA,BLAIR,310031294,Ripley,31003129408,3129408,418,488
31003129409-BLA,BLAIR,310031294,Ripley,31003129409,3129409,2,2
31003129410-BLA,BLAIR,310031294,Ripley,31003129410,3129410,266,307
31003129411-BLA,BLAIR,310031294,Ripley,31003129411,3129411,246,254
31003129412-BLA,BLAIR,310031294,Ripley,31003129412,3129412,181,223
31003129413-BLA,BLAIR,310031294,Ripley,31003129413,3129413,339,410
31003129414-BLA,BLAIR,310031294,Ripley,31003129414,3129414,619,640
31003129415-BLA,BLAIR,310031294,Ripley,31003129415,3129415,519,537
31003129416-BLA,BLAIR,310031294,Ripley,31003129416,3129416,280,335
31003129417-BLA,BLAIR,310031294,Ripley,31003129417,3129417,221,229
31003129418-BLA,BLAIR,310031294,Ripley,31003129418,3129418,1344,1676
31003129419-BLA,BLAIR,310031294,Ripley,31003129419,3129419,221,255
31003129420-BLA,BLAIR,310031294,Ripley,31003129420,3129420,575,772
31003129421-BLA,BLAIR,310031294,Ripley,31003129421,3129421,227,272
31003129422-BLA,BLAIR,310031294,Ripley,31003129422,3129422,420,467
31003129423-BLA,BLAIR,310031294,Ripley,31003129423,3129423,312,323
31003129424-BLA,BLAIR,310031294,Ripley,31003129424,3129424,376,389
31003129425-BLA,BLAIR,310031294,Ripley,31003129425,3129425,385,454
31003129426-BLA,BLAIR,310031294,Ripley,31003129426,3129426,261,301
31003129427-BLA,BLAIR,310031294,Ripley,31003129427,3129427,2913,4698
31003129428-BLA,BLAIR,310031294,Ripley,31003129428,3129428,52,64
31003129429-BLA,BLAIR,310031294,Ripley,31003129429,3129429,323,408
31003129430-BLA,BLAIR,310031294,Ripley,31003129430,3129430,369,382
31003129431-BLA,BLAIR,310031294,Ripley,31003129431,3129431,704,826
31003129432-BLA,BLAIR,310031294,Ripley,31003129432,3129432,580,691
31003129433-BLA,BLAIR,310031294,Ripley,31003129433,3129433,261,307
31003129434-BLA,BLAIR,310031294,Ripley,31003129434,3129434,78,98
31003129435-BLA,BLAIR,310031294,Ripley,31003129435,3129435,611,632
31003129436-BLA,BLAIR,310031294,Ripley,31003129436,3129436,171,207
31003129501-BLA,BLAIR,310031295,Riverview,31003129501,3129501,271,286
31003129502-BLA,BLAIR,310031295,Riverview,31003129502,3129502,192,219
31003129503-BLA,BLAIR,310031295,Riverview,31003129503,3129503,12,13
31003129504-BLA,BLAIR,310031295,Riverview,31003129504,3129504,166,172
31003129505-BLA,BLAIR,310031295,Riverview,31003129505,3129505,273,294
31003129506-BLA,BLAIR,310031295,Riverview,31003129506,3129506,310,306
31003129507-BLA,BLAIR,310031295,Riverview,31003129507,3129507,260,280
31003129508-BLA,BLAIR,310031295,Riverview,31003129508,3129508,292,288
31003129509-BLA,BLAIR,310031295,Riverview,31003129509,3129509,329,343
31003129510-BLA,BLAIR,310031295,Riverview,31003129510,3129510,0,0
31004129701-OXL,OXLEY,310041297,Camira - Gailes,31004129701,3129701,307,326
31004129702-OXL,OXLEY,310041297,Camira - Gailes,31004129702,3129702,276,274
31004129703-OXL,OXLEY,310041297,Camira - Gailes,31004129703,3129703,316,305
31004129704-OXL,OXLEY,310041297,Camira - Gailes,31004129704,3129704,355,354
31004129705-OXL,OXLEY,310041297,Camira - Gailes,31004129705,3129705,163,167
31004129706-OXL,OXLEY,310041297,Camira - Gailes,31004129706,3129706,170,180
31004129707-OXL,OXLEY,310041297,Camira - Gailes,31004129707,3129707,391,410
31004129708-OXL,OXLEY,310041297,Camira - Gailes,31004129708,3129708,236,247
31004129709-OXL,OXLEY,310041297,Camira - Gailes,31004129709,3129709,355,369
31004129710-OXL,OXLEY,310041297,Camira - Gailes,31004129710,3129710,193,186
31004129711-OXL,OXLEY,310041297,Camira - Gailes,31004129711,3129711,167,168
31004129712-OXL,OXLEY,310041297,Camira - Gailes,31004129712,3129712,422,412
31004129713-OXL,OXLEY,310041297,Camira - Gailes,31004129713,3129713,213,212
31004129714-OXL,OXLEY,310041297,Camira - Gailes,31004129714,3129714,0,0
31004129715-OXL,OXLEY,310041297,Camira - Gailes,31004129715,3129715,216,223
31004129716-OXL,OXLEY,310041297,Camira - Gailes,31004129716,3129716,247,252
31004129717-OXL,OXLEY,310041297,Camira - Gailes,31004129717,3129717,318,319
31004129718-OXL,OXLEY,310041297,Camira - Gailes,31004129718,3129718,291,299
31004129719-OXL,OXLEY,310041297,Camira - Gailes,31004129719,3129719,397,395
31004129720-OXL,OXLEY,310041297,Camira - Gailes,31004129720,3129720,408,418
31004129721-OXL,OXLEY,310041297,Camira - Gailes,31004129721,3129721,333,326
31004129722-OXL,OXLEY,310041297,Camira - Gailes,31004129722,3129722,289,300
31004129723-OXL,OXLEY,310041297,Camira - Gailes,31004129723,3129723,243,235
31004129724-OXL,OXLEY,310041297,Camira - Gailes,31004129724,3129724,376,381
31004129801-OXL,OXLEY,310041298,Carole Park,31004129801,3129801,4,4
31004129901-OXL,OXLEY,310041299,Collingwood Park - Redbank,31004129901,3129901,213,227
31004129902-OXL,OXLEY,310041299,Collingwood Park - Redbank,31004129902,3129902,187,183
31004129903-OXL,OXLEY,310041299,Collingwood Park - Redbank,31004129903,3129903,216,220
31004129904-OXL,OXLEY,310041299,Collingwood Park - Redbank,31004129904,3129904,181,193
31004129905-OXL,OXLEY,310041299,Collingwood Park - Redbank,31004129905,3129905,350,343
31004129906-OXL,OXLEY,310041299,Collingwood Park - Redbank,31004129906,3129906,378,396
31004129907-OXL,OXLEY,310041299,Collingwood Park - Redbank,31004129907,3129907,392,425
31004129908-BLA,BLAIR,310041299,Collingwood Park - Redbank,31004129908,3129908,339,333
31004129909-BLA,BLAIR,310041299,Collingwood Park - Redbank,31004129909,3129909,262,276
31004129910-BLA,BLAIR,310041299,Collingwood Park - Redbank,31004129910,3129910,221,217
31004129911-BLA,BLAIR,310041299,Collingwood Park - Redbank,31004129911,3129911,181,178
31004129912-BLA,BLAIR,310041299,Collingwood Park - Redbank,31004129912,3129912,303,330
31004129915-BLA,BLAIR,310041299,Collingwood Park - Redbank,31004129915,3129915,316,310
31004129916-BLA,BLAIR,310041299,Collingwood Park - Redbank,31004129916,3129916,360,377
31004129918-BLA,BLAIR,310041299,Collingwood Park - Redbank,31004129918,3129918,0,0
31004129919-OXL,OXLEY,310041299,Collingwood Park - Redbank,31004129919,3129919,0,0
31004129920-OXL,OXLEY,310041299,Collingwood Park - Redbank,31004129920,3129920,4,4
31004129921-OXL,OXLEY,310041299,Collingwood Park - Redbank,31004129921,3129921,160,167
31004129922-OXL,OXLEY,310041299,Collingwood Park - Redbank,31004129922,3129922,161,165
31004129923-OXL,OXLEY,310041299,Collingwood Park - Redbank,31004129923,3129923,257,281
31004129924-BLA,BLAIR,310041299,Collingwood Park - Redbank,31004129924,3129924,203,213
31004129925-BLA,BLAIR,310041299,Collingwood Park - Redbank,31004129925,3129925,310,325
31004129926-BLA,BLAIR,310041299,Collingwood Park - Redbank,31004129926,3129926,264,259
31004129927-BLA,BLAIR,310041299,Collingwood Park - Redbank,31004129927,3129927,270,327
31004129928-OXL,OXLEY,310041299,Collingwood Park - Redbank,31004129928,3129928,396,451
31004129929-BLA,BLAIR,310041299,Collingwood Park - Redbank,31004129929,3129929,247,254
31004129930-BLA,BLAIR,310041299,Collingwood Park - Redbank,31004129930,3129930,281,297
31004129931-BLA,BLAIR,310041299,Collingwood Park - Redbank,31004129931,3129931,253,260
31004129932-OXL,OXLEY,310041299,Collingwood Park - Redbank,31004129932,3129932,392,423
31004129933-OXL,OXLEY,310041299,Collingwood Park - Redbank,31004129933,3129933,1133,1385
31004129934-OXL,OXLEY,310041299,Collingwood Park - Redbank,31004129934,3129934,210,206
31004130001-OXL,OXLEY,310041300,Goodna,31004130001,3130001,231,226
31004130002-OXL,OXLEY,310041300,Goodna,31004130002,3130002,355,357
31004130003-OXL,OXLEY,310041300,Goodna,31004130003,3130003,341,356
31004130004-OXL,OXLEY,310041300,Goodna,31004130004,3130004,282,297
31004130005-OXL,OXLEY,310041300,Goodna,31004130005,3130005,399,418
31004130006-OXL,OXLEY,310041300,Goodna,31004130006,3130006,344,347
31004130007-OXL,OXLEY,310041300,Goodna,31004130007,3130007,273,273
31004130008-OXL,OXLEY,310041300,Goodna,31004130008,3130008,672,720
31004130009-OXL,OXLEY,310041300,Goodna,31004130009,3130009,228,234
31004130010-OXL,OXLEY,310041300,Goodna,31004130010,3130010,195,197
31004130011-OXL,OXLEY,310041300,Goodna,31004130011,3130011,131,134
31004130012-OXL,OXLEY,310041300,Goodna,31004130012,3130012,156,157
31004130013-OXL,OXLEY,310041300,Goodna,31004130013,3130013,318,319
31004130014-OXL,OXLEY,310041300,Goodna,31004130014,3130014,157,171
31004130015-OXL,OXLEY,310041300,Goodna,31004130015,3130015,278,305
31004130016-OXL,OXLEY,310041300,Goodna,31004130016,3130016,471,503
31004130017-OXL,OXLEY,310041300,Goodna,31004130017,3130017,222,234
31004130018-OXL,OXLEY,310041300,Goodna,31004130018,3130018,371,381
31004130020-OXL,OXLEY,310041300,Goodna,31004130020,3130020,285,296
31004130021-OXL,OXLEY,310041300,Goodna,31004130021,3130021,353,345
31004130022-OXL,OXLEY,310041300,Goodna,31004130022,3130022,342,342
31004130023-OXL,OXLEY,310041300,Goodna,31004130023,3130023,197,213
31004130101-BLA,BLAIR,310041301,New Chum,31004130101,3130101,9,9
31004130201-OXL,OXLEY,310041302,Redbank Plains,31004130201,3130201,304,324
31004130203-OXL,OXLEY,310041302,Redbank Plains,31004130203,3130203,367,400
31004130206-BLA,BLAIR,310041302,Redbank Plains,31004130206,3130206,26,26
31004130207-BLA,BLAIR,310041302,Redbank Plains,31004130207,3130207,354,387
31004130208-BLA,BLAIR,310041302,Redbank Plains,31004130208,3130208,394,394
31004130209-BLA,BLAIR,310041302,Redbank Plains,31004130209,3130209,398,422
31004130210-BLA,BLAIR,310041302,Redbank Plains,31004130210,3130210,479,479
31004130211-OXL,OXLEY,310041302,Redbank Plains,31004130211,3130211,230,230
31004130212-BLA,BLAIR,310041302,Redbank Plains,31004130212,3130212,631,750
31004130215-BLA,BLAIR,310041302,Redbank Plains,31004130215,3130215,393,393
31004130216-BLA,BLAIR,310041302,Redbank Plains,31004130216,3130216,316,335
31004130218-OXL,OXLEY,310041302,Redbank Plains,31004130218,3130218,294,308
31004130219-OXL,OXLEY,310041302,Redbank Plains,31004130219,3130219,251,272
31004130220-OXL,OXLEY,310041302,Redbank Plains,31004130220,3130220,219,219
31004130221-OXL,OXLEY,310041302,Redbank Plains,31004130221,3130221,348,365
31004130222-OXL,OXLEY,310041302,Redbank Plains,31004130222,3130222,237,257
31004130223-OXL,OXLEY,310041302,Redbank Plains,31004130223,3130223,320,355
31004130224-OXL,OXLEY,310041302,Redbank Plains,31004130224,3130224,190,196
31004130225-OXL,OXLEY,310041302,Redbank Plains,31004130225,3130225,207,221
31004130226-BLA,BLAIR,310041302,Redbank Plains,31004130226,3130226,176,185
31004130227-OXL,OXLEY,310041302,Redbank Plains,31004130227,3130227,433,433
31004130228-OXL,OXLEY,310041302,Redbank Plains,31004130228,3130228,209,218
31004130229-OXL,OXLEY,310041302,Redbank Plains,31004130229,3130229,369,392
31004130230-OXL,OXLEY,310041302,Redbank Plains,31004130230,3130230,234,250
31004130233-BLA,BLAIR,310041302,Redbank Plains,31004130233,3130233,191,201
31004130234-BLA,BLAIR,310041302,Redbank Plains,31004130234,3130234,249,279
31004130235-BLA,BLAIR,310041302,Redbank Plains,31004130235,3130235,401,436
31004130236-BLA,BLAIR,310041302,Redbank Plains,31004130236,3130236,350,377
31004130237-BLA,BLAIR,310041302,Redbank Plains,31004130237,3130237,464,487
31004130238-BLA,BLAIR,310041302,Redbank Plains,31004130238,3130238,478,534
31004130239-BLA,BLAIR,310041302,Redbank Plains,31004130239,3130239,232,252
31004130240-BLA,BLAIR,310041302,Redbank Plains,31004130240,3130240,202,220
31004130241-BLA,BLAIR,310041302,Redbank Plains,31004130241,3130241,283,283
31004130242-OXL,OXLEY,310041302,Redbank Plains,31004130242,3130242,238,238
31004130243-BLA,BLAIR,310041302,Redbank Plains,31004130243,3130243,290,307
31004130244-BLA,BLAIR,310041302,Redbank Plains,31004130244,3130244,275,312
31004130245-BLA,BLAIR,310041302,Redbank Plains,31004130245,3130245,173,173
31004130246-BLA,BLAIR,310041302,Redbank Plains,31004130246,3130246,502,540
31004130247-BLA,BLAIR,310041302,Redbank Plains,31004130247,3130247,218,241
31004130248-OXL,OXLEY,310041302,Redbank Plains,31004130248,3130248,179,197
31004130249-BLA,BLAIR,310041302,Redbank Plains,31004130249,3130249,0,0
31004130250-BLA,BLAIR,310041302,Redbank Plains,31004130250,3130250,276,311
31004130251-BLA,BLAIR,310041302,Redbank Plains,31004130251,3130251,283,309
31004130252-BLA,BLAIR,310041302,Redbank Plains,31004130252,3130252,132,140
31004130253-BLA,BLAIR,310041302,Redbank Plains,31004130253,3130253,382,382
31004130254-BLA,BLAIR,310041302,Redbank Plains,31004130254,3130254,608,658
31004130255-BLA,BLAIR,310041302,Redbank Plains,31004130255,3130255,184,191
31004130256-BLA,BLAIR,310041302,Redbank Plains,31004130256,3130256,216,216
31004130257-BLA,BLAIR,310041302,Redbank Plains,31004130257,3130257,192,192
31004130258-BLA,BLAIR,310041302,Redbank Plains,31004130258,3130258,432,486
31004130259-BLA,BLAIR,310041302,Redbank Plains,31004130259,3130259,222,245
31004130301-OXL,OXLEY,310041303,Springfield,31004130301,3130301,311,329
31004130302-OXL,OXLEY,310041303,Springfield,31004130302,3130302,398,394
31004130303-OXL,OXLEY,310041303,Springfield,31004130303,3130303,290,319
31004130304-OXL,OXLEY,310041303,Springfield,31004130304,3130304,164,171
31004130305-OXL,OXLEY,310041303,Springfield,31004130305,3130305,325,341
31004130307-OXL,OXLEY,310041303,Springfield,31004130307,3130307,130,139
31004130308-OXL,OXLEY,310041303,Springfield,31004130308,3130308,297,323
31004130311-OXL,OXLEY,310041303,Springfield,31004130311,3130311,342,352
31004130312-OXL,OXLEY,310041303,Springfield,31004130312,3130312,195,205
31004130313-OXL,OXLEY,310041303,Springfield,31004130313,3130313,318,315
31004130314-OXL,OXLEY,310041303,Springfield,31004130314,3130314,716,917
31004130315-OXL,OXLEY,310041303,Springfield,31004130315,3130315,219,217
31004130316-OXL,OXLEY,310041303,Springfield,31004130316,3130316,204,218
31004130317-OXL,OXLEY,310041303,Springfield,31004130317,3130317,207,214
31004130318-OXL,OXLEY,310041303,Springfield,31004130318,3130318,350,375
31004130319-OXL,OXLEY,310041303,Springfield,31004130319,3130319,243,241
31004130321-OXL,OXLEY,310041303,Springfield,31004130321,3130321,224,240
31004130322-OXL,OXLEY,310041303,Springfield,31004130322,3130322,231,244
31004130406-OXL,OXLEY,310041304,Springfield Lakes,31004130406,3130406,277,280
31004130407-OXL,OXLEY,310041304,Springfield Lakes,31004130407,3130407,222,242
31004130408-OXL,OXLEY,310041304,Springfield Lakes,31004130408,3130408,177,193
31004130409-OXL,OXLEY,310041304,Springfield Lakes,31004130409,3130409,368,394
31004130410-OXL,OXLEY,310041304,Springfield Lakes,31004130410,3130410,453,491
31004130411-OXL,OXLEY,310041304,Springfield Lakes,31004130411,3130411,229,252
31004130412-OXL,OXLEY,310041304,Springfield Lakes,31004130412,3130412,231,251
31004130413-OXL,OXLEY,310041304,Springfield Lakes,31004130413,3130413,239,242
31004130414-OXL,OXLEY,310041304,Springfield Lakes,31004130414,3130414,256,259
31004130415-OXL,OXLEY,310041304,Springfield Lakes,31004130415,3130415,224,246
31004130416-OXL,OXLEY,310041304,Springfield Lakes,31004130416,3130416,249,275
31004130418-OXL,OXLEY,310041304,Springfield Lakes,31004130418,3130418,205,231
31004130419-OXL,OXLEY,310041304,Springfield Lakes,31004130419,3130419,549,684
31004130421-OXL,OXLEY,310041304,Springfield Lakes,31004130421,3130421,275,278
31004130422-BLA,BLAIR,310041304,Springfield Lakes,31004130422,3130422,202,235
31004130424-OXL,OXLEY,310041304,Springfield Lakes,31004130424,3130424,196,210
31004130425-BLA,BLAIR,310041304,Springfield Lakes,31004130425,3130425,366,370
31004130426-OXL,OXLEY,310041304,Springfield Lakes,31004130426,3130426,315,352
31004130427-BLA,BLAIR,310041304,Springfield Lakes,31004130427,3130427,196,210
31004130428-OXL,OXLEY,310041304,Springfield Lakes,31004130428,3130428,437,476
31004130429-BLA,BLAIR,310041304,Springfield Lakes,31004130429,3130429,397,402
31004130431-OXL,OXLEY,310041304,Springfield Lakes,31004130431,3130431,317,342
31004130432-BLA,BLAIR,310041304,Springfield Lakes,31004130432,3130432,362,366
31004130433-BLA,BLAIR,310041304,Springfield Lakes,31004130433,3130433,281,304
31004130434-BLA,BLAIR,310041304,Springfield Lakes,31004130434,3130434,442,489
31004130435-OXL,OXLEY,310041304,Springfield Lakes,31004130435,3130435,207,240
31004130436-BLA,BLAIR,310041304,Springfield Lakes,31004130436,3130436,307,330
31004130437-BLA,BLAIR,310041304,Springfield Lakes,31004130437,3130437,378,482
31004130438-BLA,BLAIR,310041304,Springfield Lakes,31004130438,3130438,1143,1367
31004130439-OXL,OXLEY,310041304,Springfield Lakes,31004130439,3130439,221,246
31004130440-BLA,BLAIR,310041304,Springfield Lakes,31004130440,3130440,200,228
31004130441-BLA,BLAIR,310041304,Springfield Lakes,31004130441,3130441,379,410
31004130442-BLA,BLAIR,310041304,Springfield Lakes,31004130442,3130442,292,295
31004130443-BLA,BLAIR,310041304,Springfield Lakes,31004130443,3130443,309,397
31004130444-BLA,BLAIR,310041304,Springfield Lakes,31004130444,3130444,220,223
31004130445-BLA,BLAIR,310041304,Springfield Lakes,31004130445,3130445,217,235
31004130446-BLA,BLAIR,310041304,Springfield Lakes,31004130446,3130446,261,264
31004130447-BLA,BLAIR,310041304,Springfield Lakes,31004130447,3130447,0,0
31004130448-OXL,OXLEY,310041304,Springfield Lakes,31004130448,3130448,0,0
31004130449-BLA,BLAIR,310041304,Springfield Lakes,31004130449,3130449,309,360
31004130450-BLA,BLAIR,310041304,Springfield Lakes,31004130450,3130450,270,273
31004130451-OXL,OXLEY,310041304,Springfield Lakes,31004130451,3130451,339,370
31004130452-OXL,OXLEY,310041304,Springfield Lakes,31004130452,3130452,378,413
31004130453-BLA,BLAIR,310041304,Springfield Lakes,31004130453,3130453,232,235
31004130454-OXL,OXLEY,310041304,Springfield Lakes,31004130454,3130454,355,359
31004130455-BLA,BLAIR,310041304,Springfield Lakes,31004130455,3130455,974,1127
31004130456-OXL,OXLEY,310041304,Springfield Lakes,31004130456,3130456,382,436
31004130457-BLA,BLAIR,310041304,Springfield Lakes,31004130457,3130457,148,150
31004130458-BLA,BLAIR,310041304,Springfield Lakes,31004130458,3130458,245,265
31004130459-BLA,BLAIR,310041304,Springfield Lakes,31004130459,3130459,228,267
31004130460-BLA,BLAIR,310041304,Springfield Lakes,31004130460,3130460,295,298
31004130461-OXL,OXLEY,310041304,Springfield Lakes,31004130461,3130461,344,390
31101130501-WRI,WRIGHT,311011305,Beaudesert,31101130501,3130501,576,612
31101130502-WRI,WRIGHT,311011305,Beaudesert,31101130502,3130502,302,313
31101130503-WRI,WRIGHT,311011305,Beaudesert,31101130503,3130503,438,478
31101130504-WRI,WRIGHT,311011305,Beaudesert,31101130504,3130504,176,179
31101130505-WRI,WRIGHT,311011305,Beaudesert,31101130505,3130505,282,300
31101130506-WRI,WRIGHT,311011305,Beaudesert,31101130506,3130506,425,413
31101130507-WRI,WRIGHT,311011305,Beaudesert,31101130507,3130507,306,327
31101130508-WRI,WRIGHT,311011305,Beaudesert,31101130508,3130508,405,414
31101130509-WRI,WRIGHT,311011305,Beaudesert,31101130509,3130509,399,418
31101130512-WRI,WRIGHT,311011305,Beaudesert,31101130512,3130512,322,338
31101130513-WRI,WRIGHT,311011305,Beaudesert,31101130513,3130513,246,261
31101130515-WRI,WRIGHT,311011305,Beaudesert,31101130515,3130515,211,214
31101130516-WRI,WRIGHT,311011305,Beaudesert,31101130516,3130516,538,522
31101130518-WRI,WRIGHT,311011305,Beaudesert,31101130518,3130518,304,319
31101130520-WRI,WRIGHT,311011305,Beaudesert,31101130520,3130520,563,579
31101130521-WRI,WRIGHT,311011305,Beaudesert,31101130521,3130521,428,455
31101130522-WRI,WRIGHT,311011305,Beaudesert,31101130522,3130522,188,197
31101130523-WRI,WRIGHT,311011305,Beaudesert,31101130523,3130523,257,257
31101130524-WRI,WRIGHT,311011305,Beaudesert,31101130524,3130524,423,439
31101130525-WRI,WRIGHT,311011305,Beaudesert,31101130525,3130525,133,138
31101130526-WRI,WRIGHT,311011305,Beaudesert,31101130526,3130526,221,230
31101130527-WRI,WRIGHT,311011305,Beaudesert,31101130527,3130527,421,451
31101130528-WRI,WRIGHT,311011305,Beaudesert,31101130528,3130528,220,218
31101130529-WRI,WRIGHT,311011305,Beaudesert,31101130529,3130529,155,161
31101130530-WRI,WRIGHT,311011305,Beaudesert,31101130530,3130530,468,471
31101130531-WRI,WRIGHT,311011305,Beaudesert,31101130531,3130531,471,483
31101130532-WRI,WRIGHT,311011305,Beaudesert,31101130532,3130532,391,380
31101130533-WRI,WRIGHT,311011305,Beaudesert,31101130533,3130533,528,535
31101130534-WRI,WRIGHT,311011305,Beaudesert,31101130534,3130534,437,477
31101130535-WRI,WRIGHT,311011305,Beaudesert,31101130535,3130535,161,162
31101130536-WRI,WRIGHT,311011305,Beaudesert,31101130536,3130536,124,130
31101130537-WRI,WRIGHT,311011305,Beaudesert,31101130537,3130537,129,136
31101130538-WRI,WRIGHT,311011305,Beaudesert,31101130538,3130538,292,318
31101130539-WRI,WRIGHT,311011305,Beaudesert,31101130539,3130539,954,1038
31101130540-WRI,WRIGHT,311011305,Beaudesert,31101130540,3130540,514,531
31101130541-WRI,WRIGHT,311011305,Beaudesert,31101130541,3130541,128,128
31101130542-WRI,WRIGHT,311011305,Beaudesert,31101130542,3130542,341,339
31102130601-FOR,FORDE,311021306,Beenleigh,31102130601,3130601,32,32
31102130602-FOR,FORDE,311021306,Beenleigh,31102130602,3130602,168,175
31102130603-FOR,FORDE,311021306,Beenleigh,31102130603,3130603,341,359
31102130604-FOR,FORDE,311021306,Beenleigh,31102130604,3130604,312,328
31102130605-FOR,FORDE,311021306,Beenleigh,31102130605,3130605,185,196
31102130606-FOR,FORDE,311021306,Beenleigh,31102130606,3130606,256,262
31102130607-FOR,FORDE,311021306,Beenleigh,31102130607,3130607,191,198
31102130608-FOR,FORDE,311021306,Beenleigh,31102130608,3130608,400,414
31102130609-FOR,FORDE,311021306,Beenleigh,31102130609,3130609,366,376
31102130610-FOR,FORDE,311021306,Beenleigh,31102130610,3130610,264,279
31102130611-FOR,FORDE,311021306,Beenleigh,31102130611,3130611,391,394
31102130612-FOR,FORDE,311021306,Beenleigh,31102130612,3130612,284,277
31102130613-FOR,FORDE,311021306,Beenleigh,31102130613,3130613,207,206
31102130614-FOR,FORDE,311021306,Beenleigh,31102130614,3130614,512,529
31102130615-FOR,FORDE,311021306,Beenleigh,31102130615,3130615,298,321
31102130616-FOR,FORDE,311021306,Beenleigh,31102130616,3130616,244,250
31102130617-FOR,FORDE,311021306,Beenleigh,31102130617,3130617,388,400
31102130618-FOR,FORDE,311021306,Beenleigh,31102130618,3130618,343,344
31102130619-FOR,FORDE,311021306,Beenleigh,31102130619,3130619,170,177
31102130620-FOR,FORDE,311021306,Beenleigh,31102130620,3130620,302,326
31102130621-FOR,FORDE,311021306,Beenleigh,31102130621,3130621,174,175
31102130622-FOR,FORDE,311021306,Beenleigh,31102130622,3130622,5,5
31102130623-FOR,FORDE,311021306,Beenleigh,31102130623,3130623,171,181
31102130701-FOR,FORDE,311021307,Eagleby,31102130701,3130701,307,308
31102130702-FOR,FORDE,311021307,Eagleby,31102130702,3130702,374,374
31102130703-FOR,FORDE,311021307,Eagleby,31102130703,3130703,353,382
31102130704-FOR,FORDE,311021307,Eagleby,31102130704,3130704,416,427
31102130705-FOR,FORDE,311021307,Eagleby,31102130705,3130705,40,41
31102130706-FOR,FORDE,311021307,Eagleby,31102130706,3130706,14,14
31102130707-FOR,FORDE,311021307,Eagleby,31102130707,3130707,334,342
31102130710-FOR,FORDE,311021307,Eagleby,31102130710,3130710,226,228
31102130711-FOR,FORDE,311021307,Eagleby,31102130711,3130711,197,207
31102130713-FOR,FORDE,311021307,Eagleby,31102130713,3130713,357,370
31102130715-FOR,FORDE,311021307,Eagleby,31102130715,3130715,242,252
31102130716-FOR,FORDE,311021307,Eagleby,31102130716,3130716,291,299
31102130717-FOR,FORDE,311021307,Eagleby,31102130717,3130717,289,299
31102130718-FOR,FORDE,311021307,Eagleby,31102130718,3130718,375,399
31102130719-FOR,FORDE,311021307,Eagleby,31102130719,3130719,777,781
31102130720-FOR,FORDE,311021307,Eagleby,31102130720,3130720,133,141
31102130721-FOR,FORDE,311021307,Eagleby,31102130721,3130721,341,360
31102130722-FOR,FORDE,311021307,Eagleby,31102130722,3130722,293,285
31102130723-FOR,FORDE,311021307,Eagleby,31102130723,3130723,370,376
31102130725-FOR,FORDE,311021307,Eagleby,31102130725,3130725,249,251
31102130726-FOR,FORDE,311021307,Eagleby,31102130726,3130726,269,272
31102130727-FOR,FORDE,311021307,Eagleby,31102130727,3130727,304,312
31102130728-FOR,FORDE,311021307,Eagleby,31102130728,3130728,328,329
31102130729-FOR,FORDE,311021307,Eagleby,31102130729,3130729,181,185
31102130730-FOR,FORDE,311021307,Eagleby,31102130730,3130730,549,544
31102130731-FOR,FORDE,311021307,Eagleby,31102130731,3130731,183,205
31102130732-FOR,FORDE,311021307,Eagleby,31102130732,3130732,128,129
31102130733-FOR,FORDE,311021307,Eagleby,31102130733,3130733,196,207
31102130734-FOR,FORDE,311021307,Eagleby,31102130734,3130734,463,505
31102130735-FOR,FORDE,311021307,Eagleby,31102130735,3130735,240,254
31102130736-FOR,FORDE,311021307,Eagleby,31102130736,3130736,318,332
31102130737-FOR,FORDE,311021307,Eagleby,31102130737,3130737,156,152
31102130801-FOR,FORDE,311021308,Edens Landing - Holmview,31102130801,3130801,221,221
31102130802-FOR,FORDE,311021308,Edens Landing - Holmview,31102130802,3130802,475,513
31102130803-FOR,FORDE,311021308,Edens Landing - Holmview,31102130803,3130803,244,261
31102130804-FOR,FORDE,311021308,Edens Landing - Holmview,31102130804,3130804,307,327
31102130805-FOR,FORDE,311021308,Edens Landing - Holmview,31102130805,3130805,356,375
31102130806-FOR,FORDE,311021308,Edens Landing - Holmview,31102130806,3130806,281,294
31102130807-FOR,FORDE,311021308,Edens Landing - Holmview,31102130807,3130807,302,314
31102130808-FOR,FORDE,311021308,Edens Landing - Holmview,31102130808,3130808,267,267
31102130809-FOR,FORDE,311021308,Edens Landing - Holmview,31102130809,3130809,211,211
31102130810-FOR,FORDE,311021308,Edens Landing - Holmview,31102130810,3130810,156,170
31102130811-FOR,FORDE,311021308,Edens Landing - Holmview,31102130811,3130811,242,242
31102130813-FOR,FORDE,311021308,Edens Landing - Holmview,31102130813,3130813,305,305
31102130814-FOR,FORDE,311021308,Edens Landing - Holmview,31102130814,3130814,347,347
31102130815-FOR,FORDE,311021308,Edens Landing - Holmview,31102130815,3130815,210,210
31102130816-FOR,FORDE,311021308,Edens Landing - Holmview,31102130816,3130816,319,338
31102130817-FOR,FORDE,311021308,Edens Landing - Holmview,31102130817,3130817,249,310
31102130818-FOR,FORDE,311021308,Edens Landing - Holmview,31102130818,3130818,297,310
31102130819-FOR,FORDE,311021308,Edens Landing - Holmview,31102130819,3130819,199,199
31102130820-FOR,FORDE,311021308,Edens Landing - Holmview,31102130820,3130820,282,294
31102130821-FOR,FORDE,311021308,Edens Landing - Holmview,31102130821,3130821,203,211
31102130822-FOR,FORDE,311021308,Edens Landing - Holmview,31102130822,3130822,461,499
31102130823-FOR,FORDE,311021308,Edens Landing - Holmview,31102130823,3130823,0,0
31102130824-FOR,FORDE,311021308,Edens Landing - Holmview,31102130824,3130824,723,896
31102130901-FOR,FORDE,311021309,Mount Warren Park,31102130901,3130901,378,391
31102130902-FOR,FORDE,311021309,Mount Warren Park,31102130902,3130902,248,248
31102130903-FOR,FORDE,311021309,Mount Warren Park,31102130903,3130903,375,382
31102130904-FOR,FORDE,311021309,Mount Warren Park,31102130904,3130904,205,208
31102130905-FOR,FORDE,311021309,Mount Warren Park,31102130905,3130905,328,337
31102130906-FOR,FORDE,311021309,Mount Warren Park,31102130906,3130906,273,267
31102130907-FOR,FORDE,311021309,Mount Warren Park,31102130907,3130907,248,248
31102130908-FOR,FORDE,311021309,Mount Warren Park,31102130908,3130908,383,382
31102130909-FOR,FORDE,311021309,Mount Warren Park,31102130909,3130909,362,348
31102130910-FOR,FORDE,311021309,Mount Warren Park,31102130910,3130910,226,229
31102130911-FOR,FORDE,311021309,Mount Warren Park,31102130911,3130911,212,217
31102130912-FOR,FORDE,311021309,Mount Warren Park,31102130912,3130912,150,151
31102130913-FOR,FORDE,311021309,Mount Warren Park,31102130913,3130913,302,314
31102130914-FOR,FORDE,311021309,Mount Warren Park,31102130914,3130914,156,157
31102130915-FOR,FORDE,311021309,Mount Warren Park,31102130915,3130915,293,289
31102130916-FOR,FORDE,311021309,Mount Warren Park,31102130916,3130916,149,149
31102131001-FOR,FORDE,311021310,Wolffdene - Bahrs Scrub,31102131001,3131001,245,281
31102131002-FOR,FORDE,311021310,Wolffdene - Bahrs Scrub,31102131002,3131002,441,491
31102131003-FOR,FORDE,311021310,Wolffdene - Bahrs Scrub,31102131003,3131003,426,464
31102131006-FOR,FORDE,311021310,Wolffdene - Bahrs Scrub,31102131006,3131006,223,247
31102131007-FOR,FORDE,311021310,Wolffdene - Bahrs Scrub,31102131007,3131007,446,519
31102131008-FOR,FORDE,311021310,Wolffdene - Bahrs Scrub,31102131008,3131008,434,492
31102131009-FOR,FORDE,311021310,Wolffdene - Bahrs Scrub,31102131009,3131009,630,768
31102131012-FOR,FORDE,311021310,Wolffdene - Bahrs Scrub,31102131012,3131012,151,169
31102131013-FOR,FORDE,311021310,Wolffdene - Bahrs Scrub,31102131013,3131013,353,361
31102131014-FOR,FORDE,311021310,Wolffdene - Bahrs Scrub,31102131014,3131014,458,527
31102131015-FOR,FORDE,311021310,Wolffdene - Bahrs Scrub,31102131015,3131015,322,387
31102131016-FOR,FORDE,311021310,Wolffdene - Bahrs Scrub,31102131016,3131016,541,567
31102131017-FOR,FORDE,311021310,Wolffdene - Bahrs Scrub,31102131017,3131017,734,856
31102131018-FOR,FORDE,311021310,Wolffdene - Bahrs Scrub,31102131018,3131018,361,370
31102131019-FOR,FORDE,311021310,Wolffdene - Bahrs Scrub,31102131019,3131019,695,712
31102131020-FOR,FORDE,311021310,Wolffdene - Bahrs Scrub,31102131020,3131020,429,497
31102131021-FOR,FORDE,311021310,Wolffdene - Bahrs Scrub,31102131021,3131021,454,517
31102131022-FOR,FORDE,311021310,Wolffdene - Bahrs Scrub,31102131022,3131022,465,505
31102131023-FOR,FORDE,311021310,Wolffdene - Bahrs Scrub,31102131023,3131023,226,273
31103131101-FOR,FORDE,311031311,Boronia Heights - Park Ridge,31103131101,3131101,221,236
31103131102-FOR,FORDE,311031311,Boronia Heights - Park Ridge,31103131102,3131102,296,327
31103131103-FOR,FORDE,311031311,Boronia Heights - Park Ridge,31103131103,3131103,558,616
31103131104-FOR,FORDE,311031311,Boronia Heights - Park Ridge,31103131104,3131104,400,403
31103131105-FOR,FORDE,311031311,Boronia Heights - Park Ridge,31103131105,3131105,333,358
31103131106-FOR,FORDE,311031311,Boronia Heights - Park Ridge,31103131106,3131106,411,414
31103131107-FOR,FORDE,311031311,Boronia Heights - Park Ridge,31103131107,3131107,291,308
31103131108-FOR,FORDE,311031311,Boronia Heights - Park Ridge,31103131108,3131108,295,322
31103131110-FOR,FORDE,311031311,Boronia Heights - Park Ridge,31103131110,3131110,160,181
31103131110-WRI,WRIGHT,311031311,Boronia Heights - Park Ridge,31103131110,3131110,0,0
31103131111-FOR,FORDE,311031311,Boronia Heights - Park Ridge,31103131111,3131111,192,224
31103131112-FOR,FORDE,311031311,Boronia Heights - Park Ridge,31103131112,3131112,167,168
31103131113-FOR,FORDE,311031311,Boronia Heights - Park Ridge,31103131113,3131113,1462,1757
31103131114-FOR,FORDE,311031311,Boronia Heights - Park Ridge,31103131114,3131114,309,311
31103131116-FOR,FORDE,311031311,Boronia Heights - Park Ridge,31103131116,3131116,292,337
31103131117-FOR,FORDE,311031311,Boronia Heights - Park Ridge,31103131117,3131117,342,368
31103131118-FOR,FORDE,311031311,Boronia Heights - Park Ridge,31103131118,3131118,313,364
31103131119-FOR,FORDE,311031311,Boronia Heights - Park Ridge,31103131119,3131119,272,301
31103131121-FOR,FORDE,311031311,Boronia Heights - Park Ridge,31103131121,3131121,0,0
31103131123-FOR,FORDE,311031311,Boronia Heights - Park Ridge,31103131123,3131123,200,221
31103131124-FOR,FORDE,311031311,Boronia Heights - Park Ridge,31103131124,3131124,277,298
31103131125-FOR,FORDE,311031311,Boronia Heights - Park Ridge,31103131125,3131125,219,221
31103131126-FOR,FORDE,311031311,Boronia Heights - Park Ridge,31103131126,3131126,283,315
31103131127-FOR,FORDE,311031311,Boronia Heights - Park Ridge,31103131127,3131127,468,471
31103131128-FOR,FORDE,311031311,Boronia Heights - Park Ridge,31103131128,3131128,321,352
31103131129-FOR,FORDE,311031311,Boronia Heights - Park Ridge,31103131129,3131129,157,169
31103131130-FOR,FORDE,311031311,Boronia Heights - Park Ridge,31103131130,3131130,330,367
31103131131-FOR,FORDE,311031311,Boronia Heights - Park Ridge,31103131131,3131131,489,516
31103131133-FOR,FORDE,311031311,Boronia Heights - Park Ridge,31103131133,3131133,158,159
31103131134-FOR,FORDE,311031311,Boronia Heights - Park Ridge,31103131134,3131134,285,310
31103131135-FOR,FORDE,311031311,Boronia Heights - Park Ridge,31103131135,3131135,523,621
31103131136-FOR,FORDE,311031311,Boronia Heights - Park Ridge,31103131136,3131136,262,284
31103131137-FOR,FORDE,311031311,Boronia Heights - Park Ridge,31103131137,3131137,205,206
31103131138-FOR,FORDE,311031311,Boronia Heights - Park Ridge,31103131138,3131138,322,324
31103131139-FOR,FORDE,311031311,Boronia Heights - Park Ridge,31103131139,3131139,1304,1537
31103131140-FOR,FORDE,311031311,Boronia Heights - Park Ridge,31103131140,3131140,747,752
31103131141-FOR,FORDE,311031311,Boronia Heights - Park Ridge,31103131141,3131141,201,216
31103131142-FOR,FORDE,311031311,Boronia Heights - Park Ridge,31103131142,3131142,428,431
31103131143-FOR,FORDE,311031311,Boronia Heights - Park Ridge,31103131143,3131143,292,323
31103131144-FOR,FORDE,311031311,Boronia Heights - Park Ridge,31103131144,3131144,277,302
31103131145-FOR,FORDE,311031311,Boronia Heights - Park Ridge,31103131145,3131145,302,325
31103131146-FOR,FORDE,311031311,Boronia Heights - Park Ridge,31103131146,3131146,113,123
31103131201-RAN,RANKIN,311031312,Browns Plains,31103131201,3131201,341,373
31103131202-RAN,RANKIN,311031312,Browns Plains,31103131202,3131202,138,152
31103131203-RAN,RANKIN,311031312,Browns Plains,31103131203,3131203,203,215
31103131204-RAN,RANKIN,311031312,Browns Plains,31103131204,3131204,179,177
31103131205-RAN,RANKIN,311031312,Browns Plains,31103131205,3131205,197,204
31103131206-RAN,RANKIN,311031312,Browns Plains,31103131206,3131206,478,490
31103131207-RAN,RANKIN,311031312,Browns Plains,31103131207,3131207,283,305
31103131208-RAN,RANKIN,311031312,Browns Plains,31103131208,3131208,233,250
31103131209-RAN,RANKIN,311031312,Browns Plains,31103131209,3131209,0,0
31103131211-RAN,RANKIN,311031312,Browns Plains,31103131211,3131211,306,331
31103131213-RAN,RANKIN,311031312,Browns Plains,31103131213,3131213,323,329
31103131214-RAN,RANKIN,311031312,Browns Plains,31103131214,3131214,249,267
31103131215-RAN,RANKIN,311031312,Browns Plains,31103131215,3131215,306,302
31103131216-RAN,RANKIN,311031312,Browns Plains,31103131216,3131216,231,238
31103131217-RAN,RANKIN,311031312,Browns Plains,31103131217,3131217,348,385
31103131218-RAN,RANKIN,311031312,Browns Plains,31103131218,3131218,982,1060
31103131219-RAN,RANKIN,311031312,Browns Plains,31103131219,3131219,302,329
31103131301-FOR,FORDE,311031313,Chambers Flat - Logan Reserve,31103131301,3131301,190,203
31103131302-FOR,FORDE,311031313,Chambers Flat - Logan Reserve,31103131302,3131302,172,184
31103131303-FOR,FORDE,311031313,Chambers Flat - Logan Reserve,31103131303,3131303,158,169
31103131306-FOR,FORDE,311031313,Chambers Flat - Logan Reserve,31103131306,3131306,302,323
31103131307-FOR,FORDE,311031313,Chambers Flat - Logan Reserve,31103131307,3131307,181,194
31103131308-FOR,FORDE,311031313,Chambers Flat - Logan Reserve,31103131308,3131308,267,286
31103131309-FOR,FORDE,311031313,Chambers Flat - Logan Reserve,31103131309,3131309,355,380
31103131310-FOR,FORDE,311031313,Chambers Flat - Logan Reserve,31103131310,3131310,309,331
31103131311-FOR,FORDE,311031313,Chambers Flat - Logan Reserve,31103131311,3131311,1700,2335
31103131312-FOR,FORDE,311031313,Chambers Flat - Logan Reserve,31103131312,3131312,372,488
31103131313-FOR,FORDE,311031313,Chambers Flat - Logan Reserve,31103131313,3131313,771,924
31103131314-FOR,FORDE,311031313,Chambers Flat - Logan Reserve,31103131314,3131314,402,483
31103131315-FOR,FORDE,311031313,Chambers Flat - Logan Reserve,31103131315,3131315,163,174
31103131316-FOR,FORDE,311031313,Chambers Flat - Logan Reserve,31103131316,3131316,1075,1357
31103131317-FOR,FORDE,311031313,Chambers Flat - Logan Reserve,31103131317,3131317,332,412
31103131318-FOR,FORDE,311031313,Chambers Flat - Logan Reserve,31103131318,3131318,608,727
31103131319-FOR,FORDE,311031313,Chambers Flat - Logan Reserve,31103131319,3131319,831,1168
31103131320-FOR,FORDE,311031313,Chambers Flat - Logan Reserve,31103131320,3131320,321,343
31103131321-FOR,FORDE,311031313,Chambers Flat - Logan Reserve,31103131321,3131321,812,869
31103131322-FOR,FORDE,311031313,Chambers Flat - Logan Reserve,31103131322,3131322,297,318
31103131401-RAN,RANKIN,311031314,Crestmead,31103131401,3131401,301,313
31103131402-RAN,RANKIN,311031314,Crestmead,31103131402,3131402,240,233
31103131403-RAN,RANKIN,311031314,Crestmead,31103131403,3131403,183,177
31103131404-RAN,RANKIN,311031314,Crestmead,31103131404,3131404,196,190
31103131405-RAN,RANKIN,311031314,Crestmead,31103131405,3131405,250,264
31103131406-RAN,RANKIN,311031314,Crestmead,31103131406,3131406,270,277
31103131407-RAN,RANKIN,311031314,Crestmead,31103131407,3131407,554,593
31103131408-RAN,RANKIN,311031314,Crestmead,31103131408,3131408,296,307
31103131409-RAN,RANKIN,311031314,Crestmead,31103131409,3131409,0,0
31103131410-RAN,RANKIN,311031314,Crestmead,31103131410,3131410,325,344
31103131411-RAN,RANKIN,311031314,Crestmead,31103131411,3131411,379,401
31103131412-RAN,RANKIN,311031314,Crestmead,31103131412,3131412,1,1
31103131413-RAN,RANKIN,311031314,Crestmead,31103131413,3131413,309,310
31103131414-RAN,RANKIN,311031314,Crestmead,31103131414,3131414,333,346
31103131415-RAN,RANKIN,311031314,Crestmead,31103131415,3131415,207,213
31103131416-RAN,RANKIN,311031314,Crestmead,31103131416,3131416,300,313
31103131417-RAN,RANKIN,311031314,Crestmead,31103131417,3131417,257,255
31103131418-RAN,RANKIN,311031314,Crestmead,31103131418,3131418,184,189
31103131419-RAN,RANKIN,311031314,Crestmead,31103131419,3131419,250,249
31103131420-RAN,RANKIN,311031314,Crestmead,31103131420,3131420,352,341
31103131421-RAN,RANKIN,311031314,Crestmead,31103131421,3131421,299,307
31103131422-RAN,RANKIN,311031314,Crestmead,31103131422,3131422,214,222
31103131423-RAN,RANKIN,311031314,Crestmead,31103131423,3131423,258,257
31103131424-RAN,RANKIN,311031314,Crestmead,31103131424,3131424,227,235
31103131425-RAN,RANKIN,311031314,Crestmead,31103131425,3131425,307,303
31103131426-RAN,RANKIN,311031314,Crestmead,31103131426,3131426,196,195
31103131427-RAN,RANKIN,311031314,Crestmead,31103131427,3131427,664,704
31103131501-WRI,WRIGHT,311031315,Greenbank Military Camp,31103131501,3131501,0,0
31103131601-RAN,RANKIN,311031316,Hillcrest,31103131601,3131601,474,481
31103131602-RAN,RANKIN,311031316,Hillcrest,31103131602,3131602,217,226
31103131603-RAN,RANKIN,311031316,Hillcrest,31103131603,3131603,167,170
31103131604-FOR,FORDE,311031316,Hillcrest,31103131604,3131604,4,4
31103131604-RAN,RANKIN,311031316,Hillcrest,31103131604,3131604,345,372
31103131605-RAN,RANKIN,311031316,Hillcrest,31103131605,3131605,321,335
31103131606-RAN,RANKIN,311031316,Hillcrest,31103131606,3131606,170,168
31103131607-RAN,RANKIN,311031316,Hillcrest,31103131607,3131607,454,484
31103131608-RAN,RANKIN,311031316,Hillcrest,31103131608,3131608,789,861
31103131609-RAN,RANKIN,311031316,Hillcrest,31103131609,3131609,308,329
31103131610-RAN,RANKIN,311031316,Hillcrest,31103131610,3131610,249,258
31103131611-RAN,RANKIN,311031316,Hillcrest,31103131611,3131611,432,477
31103131612-RAN,RANKIN,311031316,Hillcrest,31103131612,3131612,210,217
31103131613-RAN,RANKIN,311031316,Hillcrest,31103131613,3131613,2,2
31103131614-RAN,RANKIN,311031316,Hillcrest,31103131614,3131614,252,249
31103131615-WRI,WRIGHT,311031316,Hillcrest,31103131615,3131615,320,340
31103131616-WRI,WRIGHT,311031316,Hillcrest,31103131616,3131616,197,210
31103131617-WRI,WRIGHT,311031316,Hillcrest,31103131617,3131617,513,535
31103131618-WRI,WRIGHT,311031316,Hillcrest,31103131618,3131618,350,368
31103131619-WRI,WRIGHT,311031316,Hillcrest,31103131619,3131619,281,298
31103131620-WRI,WRIGHT,311031316,Hillcrest,31103131620,3131620,272,290
31103131701-RAN,RANKIN,311031317,Marsden,31103131701,3131701,131,134
31103131703-RAN,RANKIN,311031317,Marsden,31103131703,3131703,346,362
31103131704-RAN,RANKIN,311031317,Marsden,31103131704,3131704,245,241
31103131706-RAN,RANKIN,311031317,Marsden,31103131706,3131706,460,466
31103131707-RAN,RANKIN,311031317,Marsden,31103131707,3131707,366,401
31103131709-RAN,RANKIN,311031317,Marsden,31103131709,3131709,252,257
31103131710-RAN,RANKIN,311031317,Marsden,31103131710,3131710,210,219
31103131713-RAN,RANKIN,311031317,Marsden,31103131713,3131713,164,176
31103131714-RAN,RANKIN,311031317,Marsden,31103131714,3131714,162,169
31103131715-RAN,RANKIN,311031317,Marsden,31103131715,3131715,322,331
31103131717-RAN,RANKIN,311031317,Marsden,31103131717,3131717,287,303
31103131718-RAN,RANKIN,311031317,Marsden,31103131718,3131718,147,155
31103131719-RAN,RANKIN,311031317,Marsden,31103131719,3131719,434,445
31103131720-RAN,RANKIN,311031317,Marsden,31103131720,3131720,226,234
31103131721-RAN,RANKIN,311031317,Marsden,31103131721,3131721,246,265
31103131722-RAN,RANKIN,311031317,Marsden,31103131722,3131722,178,190
31103131723-RAN,RANKIN,311031317,Marsden,31103131723,3131723,376,369
31103131724-RAN,RANKIN,311031317,Marsden,31103131724,3131724,330,349
31103131725-RAN,RANKIN,311031317,Marsden,31103131725,3131725,126,128
31103131726-RAN,RANKIN,311031317,Marsden,31103131726,3131726,0,0
31103131727-RAN,RANKIN,311031317,Marsden,31103131727,3131727,390,403
31103131729-RAN,RANKIN,311031317,Marsden,31103131729,3131729,157,169
31103131730-RAN,RANKIN,311031317,Marsden,31103131730,3131730,244,263
31103131731-RAN,RANKIN,311031317,Marsden,31103131731,3131731,251,280
31103131734-RAN,RANKIN,311031317,Marsden,31103131734,3131734,277,272
31103131735-RAN,RANKIN,311031317,Marsden,31103131735,3131735,296,304
31103131736-RAN,RANKIN,311031317,Marsden,31103131736,3131736,224,235
31103131737-RAN,RANKIN,311031317,Marsden,31103131737,3131737,307,337
31103131738-RAN,RANKIN,311031317,Marsden,31103131738,3131738,255,258
31103131739-RAN,RANKIN,311031317,Marsden,31103131739,3131739,110,108
31103131740-RAN,RANKIN,311031317,Marsden,31103131740,3131740,292,320
31103131741-RAN,RANKIN,311031317,Marsden,31103131741,3131741,349,379
31103131742-RAN,RANKIN,311031317,Marsden,31103131742,3131742,176,194
31103131743-RAN,RANKIN,311031317,Marsden,31103131743,3131743,238,250
31103131744-RAN,RANKIN,311031317,Marsden,31103131744,3131744,227,243
31103131745-RAN,RANKIN,311031317,Marsden,31103131745,3131745,271,276
31103131801-WRI,WRIGHT,311031318,Munruben - Park Ridge South,31103131801,3131801,226,223
31103131802-FOR,FORDE,311031318,Munruben - Park Ridge South,31103131802,3131802,272,278
31103131803-WRI,WRIGHT,311031318,Munruben - Park Ridge South,31103131803,3131803,149,155
31103131804-FOR,FORDE,311031318,Munruben - Park Ridge South,31103131804,3131804,169,172
31103131805-FOR,FORDE,311031318,Munruben - Park Ridge South,31103131805,3131805,216,217
31103131806-FOR,FORDE,311031318,Munruben - Park Ridge South,31103131806,3131806,215,221
31103131807-WRI,WRIGHT,311031318,Munruben - Park Ridge South,31103131807,3131807,303,290
31103131808-FOR,FORDE,311031318,Munruben - Park Ridge South,31103131808,3131808,344,345
31103131809-WRI,WRIGHT,311031318,Munruben - Park Ridge South,31103131809,3131809,261,256
31103131810-FOR,FORDE,311031318,Munruben - Park Ridge South,31103131810,3131810,313,304
31103131811-FOR,FORDE,311031318,Munruben - Park Ridge South,31103131811,3131811,267,271
31103131812-FOR,FORDE,311031318,Munruben - Park Ridge South,31103131812,3131812,271,266
31103131813-FOR,FORDE,311031318,Munruben - Park Ridge South,31103131813,3131813,214,207
31103131814-WRI,WRIGHT,311031318,Munruben - Park Ridge South,31103131814,3131814,207,204
31103131901-RAN,RANKIN,311031319,Regents Park - Heritage Park,31103131901,3131901,325,335
31103131902-RAN,RANKIN,311031319,Regents Park - Heritage Park,31103131902,3131902,308,308
31103131903-RAN,RANKIN,311031319,Regents Park - Heritage Park,31103131903,3131903,192,186
31103131904-RAN,RANKIN,311031319,Regents Park - Heritage Park,31103131904,3131904,291,292
31103131905-RAN,RANKIN,311031319,Regents Park - Heritage Park,31103131905,3131905,142,146
31103131906-RAN,RANKIN,311031319,Regents Park - Heritage Park,31103131906,3131906,299,301
31103131907-RAN,RANKIN,311031319,Regents Park - Heritage Park,31103131907,3131907,298,289
31103131908-RAN,RANKIN,311031319,Regents Park - Heritage Park,31103131908,3131908,435,445
31103131909-RAN,RANKIN,311031319,Regents Park - Heritage Park,31103131909,3131909,303,298
31103131910-RAN,RANKIN,311031319,Regents Park - Heritage Park,31103131910,3131910,439,470
31103131911-RAN,RANKIN,311031319,Regents Park - Heritage Park,31103131911,3131911,270,276
31103131912-RAN,RANKIN,311031319,Regents Park - Heritage Park,31103131912,3131912,396,391
31103131913-RAN,RANKIN,311031319,Regents Park - Heritage Park,31103131913,3131913,262,283
31103131914-RAN,RANKIN,311031319,Regents Park - Heritage Park,31103131914,3131914,273,277
31103131915-RAN,RANKIN,311031319,Regents Park - Heritage Park,31103131915,3131915,247,257
31103131916-RAN,RANKIN,311031319,Regents Park - Heritage Park,31103131916,3131916,261,267
31103131917-RAN,RANKIN,311031319,Regents Park - Heritage Park,31103131917,3131917,316,331
31103131918-RAN,RANKIN,311031319,Regents Park - Heritage Park,31103131918,3131918,318,329
31103131919-RAN,RANKIN,311031319,Regents Park - Heritage Park,31103131919,3131919,461,463
31103131920-RAN,RANKIN,311031319,Regents Park - Heritage Park,31103131920,3131920,1115,1165
31103131921-RAN,RANKIN,311031319,Regents Park - Heritage Park,31103131921,3131921,271,278
31103131922-RAN,RANKIN,311031319,Regents Park - Heritage Park,31103131922,3131922,176,182
31103131923-RAN,RANKIN,311031319,Regents Park - Heritage Park,31103131923,3131923,156,159
31103131924-RAN,RANKIN,311031319,Regents Park - Heritage Park,31103131924,3131924,247,243
31103131925-RAN,RANKIN,311031319,Regents Park - Heritage Park,31103131925,3131925,372,369
31103131926-RAN,RANKIN,311031319,Regents Park - Heritage Park,31103131926,3131926,354,373
31103131927-FOR,FORDE,311031319,Regents Park - Heritage Park,31103131927,3131927,0,0
31103131928-RAN,RANKIN,311031319,Regents Park - Heritage Park,31103131928,3131928,354,365
31103131929-RAN,RANKIN,311031319,Regents Park - Heritage Park,31103131929,3131929,297,295
31103131930-RAN,RANKIN,311031319,Regents Park - Heritage Park,31103131930,3131930,339,344
31103131931-RAN,RANKIN,311031319,Regents Park - Heritage Park,31103131931,3131931,298,302
31103131932-RAN,RANKIN,311031319,Regents Park - Heritage Park,31103131932,3131932,0,0
31103131933-RAN,RANKIN,311031319,Regents Park - Heritage Park,31103131933,3131933,253,252
31103131934-RAN,RANKIN,311031319,Regents Park - Heritage Park,31103131934,3131934,219,227
31103131935-RAN,RANKIN,311031319,Regents Park - Heritage Park,31103131935,3131935,301,305
31104132201-WRI,WRIGHT,311041322,Logan Village,31104132201,3132201,207,218
31104132202-WRI,WRIGHT,311041322,Logan Village,31104132202,3132202,314,337
31104132203-WRI,WRIGHT,311041322,Logan Village,31104132203,3132203,518,538
31104132204-WRI,WRIGHT,311041322,Logan Village,31104132204,3132204,267,290
31104132205-WRI,WRIGHT,311041322,Logan Village,31104132205,3132205,440,460
31104132206-WRI,WRIGHT,311041322,Logan Village,31104132206,3132206,284,308
31104132209-WRI,WRIGHT,311041322,Logan Village,31104132209,3132209,139,149
31104132210-WRI,WRIGHT,311041322,Logan Village,31104132210,3132210,266,278
31104132211-WRI,WRIGHT,311041322,Logan Village,31104132211,3132211,218,214
31104132212-WRI,WRIGHT,311041322,Logan Village,31104132212,3132212,409,419
31104132213-FOR,FORDE,311041322,Logan Village,31104132213,3132213,489,524
31104132214-FOR,FORDE,311041322,Logan Village,31104132214,3132214,393,429
31104132214-WRI,WRIGHT,311041322,Logan Village,31104132214,3132214,1,1
31104132215-FOR,FORDE,311041322,Logan Village,31104132215,3132215,246,258
31104132216-WRI,WRIGHT,311041322,Logan Village,31104132216,3132216,215,234
31104132217-FOR,FORDE,311041322,Logan Village,31104132217,3132217,179,192
31104132218-FOR,FORDE,311041322,Logan Village,31104132218,3132218,320,325
31104132219-WRI,WRIGHT,311041322,Logan Village,31104132219,3132219,203,206
31104132220-WRI,WRIGHT,311041322,Logan Village,31104132220,3132220,148,156
31104132221-WRI,WRIGHT,311041322,Logan Village,31104132221,3132221,262,274
31104132222-WRI,WRIGHT,311041322,Logan Village,31104132222,3132222,303,320
31104132223-WRI,WRIGHT,311041322,Logan Village,31104132223,3132223,284,298
31104132224-WRI,WRIGHT,311041322,Logan Village,31104132224,3132224,668,697
31104132225-WRI,WRIGHT,311041322,Logan Village,31104132225,3132225,306,309
31105132301-FOR,FORDE,311051323,Bethania - Waterford,31105132301,3132301,124,130
31105132303-FOR,FORDE,311051323,Bethania - Waterford,31105132303,3132303,271,267
31105132304-FOR,FORDE,311051323,Bethania - Waterford,31105132304,3132304,300,316
31105132305-FOR,FORDE,311051323,Bethania - Waterford,31105132305,3132305,255,251
31105132306-FOR,FORDE,311051323,Bethania - Waterford,31105132306,3132306,432,449
31105132307-FOR,FORDE,311051323,Bethania - Waterford,31105132307,3132307,350,345
31105132308-FOR,FORDE,311051323,Bethania - Waterford,31105132308,3132308,383,444
31105132309-FOR,FORDE,311051323,Bethania - Waterford,31105132309,3132309,248,273
31105132310-FOR,FORDE,311051323,Bethania - Waterford,31105132310,3132310,405,420
31105132312-FOR,FORDE,311051323,Bethania - Waterford,31105132312,3132312,415,435
31105132314-FOR,FORDE,311051323,Bethania - Waterford,31105132314,3132314,133,142
31105132315-FOR,FORDE,311051323,Bethania - Waterford,31105132315,3132315,1,1
31105132316-FOR,FORDE,311051323,Bethania - Waterford,31105132316,3132316,280,293
31105132318-FOR,FORDE,311051323,Bethania - Waterford,31105132318,3132318,169,175
31105132319-FOR,FORDE,311051323,Bethania - Waterford,31105132319,3132319,335,346
31105132321-FOR,FORDE,311051323,Bethania - Waterford,31105132321,3132321,273,285
31105132322-FOR,FORDE,311051323,Bethania - Waterford,31105132322,3132322,465,530
31105132323-FOR,FORDE,311051323,Bethania - Waterford,31105132323,3132323,175,181
31105132324-FOR,FORDE,311051323,Bethania - Waterford,31105132324,3132324,286,293
31105132325-FOR,FORDE,311051323,Bethania - Waterford,31105132325,3132325,48,50
31105132326-FOR,FORDE,311051323,Bethania - Waterford,31105132326,3132326,260,273
31105132327-FOR,FORDE,311051323,Bethania - Waterford,31105132327,3132327,271,293
31105132328-FOR,FORDE,311051323,Bethania - Waterford,31105132328,3132328,368,392
31105132329-FOR,FORDE,311051323,Bethania - Waterford,31105132329,3132329,308,326
31105132330-FOR,FORDE,311051323,Bethania - Waterford,31105132330,3132330,361,381
31105132331-FOR,FORDE,311051323,Bethania - Waterford,31105132331,3132331,174,179
31105132332-FOR,FORDE,311051323,Bethania - Waterford,31105132332,3132332,229,264
31105132333-FOR,FORDE,311051323,Bethania - Waterford,31105132333,3132333,372,367
31105132334-FOR,FORDE,311051323,Bethania - Waterford,31105132334,3132334,179,192
31105132335-FOR,FORDE,311051323,Bethania - Waterford,31105132335,3132335,189,202
31105132336-FOR,FORDE,311051323,Bethania - Waterford,31105132336,3132336,339,350
31105132401-FOR,FORDE,311051324,Cornubia - Carbrook,31105132401,3132401,176,171
31105132402-FOR,FORDE,311051324,Cornubia - Carbrook,31105132402,3132402,166,161
31105132403-FOR,FORDE,311051324,Cornubia - Carbrook,31105132403,3132403,532,545
31105132404-FOR,FORDE,311051324,Cornubia - Carbrook,31105132404,3132404,404,404
31105132405-FOR,FORDE,311051324,Cornubia - Carbrook,31105132405,3132405,351,354
31105132406-FOR,FORDE,311051324,Cornubia - Carbrook,31105132406,3132406,408,427
31105132407-FOR,FORDE,311051324,Cornubia - Carbrook,31105132407,3132407,251,249
31105132408-FOR,FORDE,311051324,Cornubia - Carbrook,31105132408,3132408,202,201
31105132409-FOR,FORDE,311051324,Cornubia - Carbrook,31105132409,3132409,258,276
31105132410-FOR,FORDE,311051324,Cornubia - Carbrook,31105132410,3132410,252,265
31105132411-FOR,FORDE,311051324,Cornubia - Carbrook,31105132411,3132411,188,194
31105132412-FOR,FORDE,311051324,Cornubia - Carbrook,31105132412,3132412,424,435
31105132413-FOR,FORDE,311051324,Cornubia - Carbrook,31105132413,3132413,287,304
31105132414-FOR,FORDE,311051324,Cornubia - Carbrook,31105132414,3132414,443,454
31105132415-FOR,FORDE,311051324,Cornubia - Carbrook,31105132415,3132415,309,315
31105132416-FOR,FORDE,311051324,Cornubia - Carbrook,31105132416,3132416,142,144
31105132417-FOR,FORDE,311051324,Cornubia - Carbrook,31105132417,3132417,207,210
31105132418-FOR,FORDE,311051324,Cornubia - Carbrook,31105132418,3132418,246,238
31105132419-FOR,FORDE,311051324,Cornubia - Carbrook,31105132419,3132419,253,251
31105132420-FOR,FORDE,311051324,Cornubia - Carbrook,31105132420,3132420,454,485
31105132421-FOR,FORDE,311051324,Cornubia - Carbrook,31105132421,3132421,412,418
31105132422-FOR,FORDE,311051324,Cornubia - Carbrook,31105132422,3132422,311,311
31105132423-FOR,FORDE,311051324,Cornubia - Carbrook,31105132423,3132423,265,270
31105132501-FOR,FORDE,311051325,Loganholme - Tanah Merah,31105132501,3132501,342,352
31105132502-FOR,FORDE,311051325,Loganholme - Tanah Merah,31105132502,3132502,270,272
31105132503-FOR,FORDE,311051325,Loganholme - Tanah Merah,31105132503,3132503,228,239
31105132504-FOR,FORDE,311051325,Loganholme - Tanah Merah,31105132504,3132504,317,337
31105132505-FOR,FORDE,311051325,Loganholme - Tanah Merah,31105132505,3132505,341,359
31105132506-FOR,FORDE,311051325,Loganholme - Tanah Merah,31105132506,3132506,200,203
31105132507-FOR,FORDE,311051325,Loganholme - Tanah Merah,31105132507,3132507,201,201
31105132508-FOR,FORDE,311051325,Loganholme - Tanah Merah,31105132508,3132508,343,350
31105132509-FOR,FORDE,311051325,Loganholme - Tanah Merah,31105132509,3132509,198,204
31105132510-FOR,FORDE,311051325,Loganholme - Tanah Merah,31105132510,3132510,196,192
31105132511-FOR,FORDE,311051325,Loganholme - Tanah Merah,31105132511,3132511,212,220
31105132512-FOR,FORDE,311051325,Loganholme - Tanah Merah,31105132512,3132512,128,133
31105132513-FOR,FORDE,311051325,Loganholme - Tanah Merah,31105132513,3132513,264,283
31105132514-FOR,FORDE,311051325,Loganholme - Tanah Merah,31105132514,3132514,402,436
31105132515-FOR,FORDE,311051325,Loganholme - Tanah Merah,31105132515,3132515,315,308
31105132516-FOR,FORDE,311051325,Loganholme - Tanah Merah,31105132516,3132516,474,498
31105132517-FOR,FORDE,311051325,Loganholme - Tanah Merah,31105132517,3132517,259,271
31105132518-FOR,FORDE,311051325,Loganholme - Tanah Merah,31105132518,3132518,338,372
31105132519-FOR,FORDE,311051325,Loganholme - Tanah Merah,31105132519,3132519,2,2
31105132520-FOR,FORDE,311051325,Loganholme - Tanah Merah,31105132520,3132520,473,486
31105132521-FOR,FORDE,311051325,Loganholme - Tanah Merah,31105132521,3132521,651,659
31105132522-FOR,FORDE,311051325,Loganholme - Tanah Merah,31105132522,3132522,388,399
31105132523-FOR,FORDE,311051325,Loganholme - Tanah Merah,31105132523,3132523,419,419
31105132524-FOR,FORDE,311051325,Loganholme - Tanah Merah,31105132524,3132524,224,237
31105132525-FOR,FORDE,311051325,Loganholme - Tanah Merah,31105132525,3132525,11,11
31105132526-FOR,FORDE,311051325,Loganholme - Tanah Merah,31105132526,3132526,600,657
31105132527-FOR,FORDE,311051325,Loganholme - Tanah Merah,31105132527,3132527,363,380
31105132528-FOR,FORDE,311051325,Loganholme - Tanah Merah,31105132528,3132528,159,170
31105132601-RAN,RANKIN,311051326,Loganlea,31105132601,3132601,148,156
31105132602-FOR,FORDE,311051326,Loganlea,31105132602,3132602,373,391
31105132603-FOR,FORDE,311051326,Loganlea,31105132603,3132603,455,488
31105132604-FOR,FORDE,311051326,Loganlea,31105132604,3132604,482,489
31105132605-FOR,FORDE,311051326,Loganlea,31105132605,3132605,272,281
31105132606-FOR,FORDE,311051326,Loganlea,31105132606,3132606,394,424
31105132608-FOR,FORDE,311051326,Loganlea,31105132608,3132608,456,503
31105132608-RAN,RANKIN,311051326,Loganlea,31105132608,3132608,0,0
31105132609-FOR,FORDE,311051326,Loganlea,31105132609,3132609,337,347
31105132610-FOR,FORDE,311051326,Loganlea,31105132610,3132610,352,366
31105132610-RAN,RANKIN,311051326,Loganlea,31105132610,3132610,9,9
31105132611-FOR,FORDE,311051326,Loganlea,31105132611,3132611,225,238
31105132612-FOR,FORDE,311051326,Loganlea,31105132612,3132612,512,535
31105132613-FOR,FORDE,311051326,Loganlea,31105132613,3132613,371,380
31105132614-FOR,FORDE,311051326,Loganlea,31105132614,3132614,406,426
31105132615-FOR,FORDE,311051326,Loganlea,31105132615,3132615,364,382
31105132616-FOR,FORDE,311051326,Loganlea,31105132616,3132616,321,347
31105132617-RAN,RANKIN,311051326,Loganlea,31105132617,3132617,2,2
31105132618-FOR,FORDE,311051326,Loganlea,31105132618,3132618,312,334
31105132619-FOR,FORDE,311051326,Loganlea,31105132619,3132619,16,19
31105132620-FOR,FORDE,311051326,Loganlea,31105132620,3132620,185,189
31105132621-RAN,RANKIN,311051326,Loganlea,31105132621,3132621,0,0
31105132622-RAN,RANKIN,311051326,Loganlea,31105132622,3132622,366,376
31105132623-RAN,RANKIN,311051326,Loganlea,31105132623,3132623,238,253
31105132624-FOR,FORDE,311051326,Loganlea,31105132624,3132624,367,376
31105132625-FOR,FORDE,311051326,Loganlea,31105132625,3132625,404,442
31105132701-FOR,FORDE,311051327,Shailer Park,31105132701,3132701,395,402
31105132702-FOR,FORDE,311051327,Shailer Park,31105132702,3132702,278,274
31105132703-FOR,FORDE,311051327,Shailer Park,31105132703,3132703,287,287
31105132704-FOR,FORDE,311051327,Shailer Park,31105132704,3132704,286,283
31105132705-FOR,FORDE,311051327,Shailer Park,31105132705,3132705,457,461
31105132706-FOR,FORDE,311051327,Shailer Park,31105132706,3132706,136,143
31105132707-FOR,FORDE,311051327,Shailer Park,31105132707,3132707,288,291
31105132708-FOR,FORDE,311051327,Shailer Park,31105132708,3132708,359,362
31105132709-FOR,FORDE,311051327,Shailer Park,31105132709,3132709,310,321
31105132710-FOR,FORDE,311051327,Shailer Park,31105132710,3132710,314,304
31105132711-FOR,FORDE,311051327,Shailer Park,31105132711,3132711,208,206
31105132712-FOR,FORDE,311051327,Shailer Park,31105132712,3132712,289,307
31105132713-FOR,FORDE,311051327,Shailer Park,31105132713,3132713,271,279
31105132714-FOR,FORDE,311051327,Shailer Park,31105132714,3132714,182,193
31105132715-FOR,FORDE,311051327,Shailer Park,31105132715,3132715,466,451
31105132716-FOR,FORDE,311051327,Shailer Park,31105132716,3132716,240,242
31105132717-FOR,FORDE,311051327,Shailer Park,31105132717,3132717,326,341
31105132718-FOR,FORDE,311051327,Shailer Park,31105132718,3132718,272,263
31105132719-FOR,FORDE,311051327,Shailer Park,31105132719,3132719,411,416
31105132720-FOR,FORDE,311051327,Shailer Park,31105132720,3132720,242,261
31105132721-FOR,FORDE,311051327,Shailer Park,31105132721,3132721,299,298
31105132722-FOR,FORDE,311051327,Shailer Park,31105132722,3132722,263,263
31105132723-FOR,FORDE,311051327,Shailer Park,31105132723,3132723,327,321
31105132724-FOR,FORDE,311051327,Shailer Park,31105132724,3132724,280,283
31105132725-FOR,FORDE,311051327,Shailer Park,31105132725,3132725,291,300
31105132726-FOR,FORDE,311051327,Shailer Park,31105132726,3132726,259,262
31105132727-FOR,FORDE,311051327,Shailer Park,31105132727,3132727,401,429
31105132728-FOR,FORDE,311051327,Shailer Park,31105132728,3132728,188,193
31105132729-FOR,FORDE,311051327,Shailer Park,31105132729,3132729,374,374
31105132801-FOR,FORDE,311051328,Waterford West,31105132801,3132801,202,206
31105132802-FOR,FORDE,311051328,Waterford West,31105132802,3132802,360,377
31105132803-FOR,FORDE,311051328,Waterford West,31105132803,3132803,403,439
31105132804-FOR,FORDE,311051328,Waterford West,31105132804,3132804,492,505
31105132805-FOR,FORDE,311051328,Waterford West,31105132805,3132805,316,337
31105132806-FOR,FORDE,311051328,Waterford West,31105132806,3132806,425,436
31105132807-FOR,FORDE,311051328,Waterford West,31105132807,3132807,459,477
31105132808-FOR,FORDE,311051328,Waterford West,31105132808,3132808,462,470
31105132809-FOR,FORDE,311051328,Waterford West,31105132809,3132809,130,132
31105132810-FOR,FORDE,311051328,Waterford West,31105132810,3132810,339,343
31105132811-FOR,FORDE,311051328,Waterford West,31105132811,3132811,212,222
31105132812-FOR,FORDE,311051328,Waterford West,31105132812,3132812,371,375
31105132813-FOR,FORDE,311051328,Waterford West,31105132813,3132813,322,332
31105132814-FOR,FORDE,311051328,Waterford West,31105132814,3132814,205,225
31105132815-FOR,FORDE,311051328,Waterford West,31105132815,3132815,399,406
31106132901-RAN,RANKIN,311061329,Daisy Hill,31106132901,3132901,277,291
31106132902-RAN,RANKIN,311061329,Daisy Hill,31106132902,3132902,181,187
31106132903-RAN,RANKIN,311061329,Daisy Hill,31106132903,3132903,291,299
31106132904-RAN,RANKIN,311061329,Daisy Hill,31106132904,3132904,192,188
31106132905-RAN,RANKIN,311061329,Daisy Hill,31106132905,3132905,296,307
31106132906-RAN,RANKIN,311061329,Daisy Hill,31106132906,3132906,712,744
31106132907-RAN,RANKIN,311061329,Daisy Hill,31106132907,3132907,438,454
31106132908-RAN,RANKIN,311061329,Daisy Hill,31106132908,3132908,343,362
31106132909-RAN,RANKIN,311061329,Daisy Hill,31106132909,3132909,196,192
31106132910-RAN,RANKIN,311061329,Daisy Hill,31106132910,3132910,0,0
31106132911-RAN,RANKIN,311061329,Daisy Hill,31106132911,3132911,375,415
31106132912-RAN,RANKIN,311061329,Daisy Hill,31106132912,3132912,281,309
31106132913-RAN,RANKIN,311061329,Daisy Hill,31106132913,3132913,242,237
31106132914-RAN,RANKIN,311061329,Daisy Hill,31106132914,3132914,214,235
31106132915-RAN,RANKIN,311061329,Daisy Hill,31106132915,3132915,260,265
31106132916-RAN,RANKIN,311061329,Daisy Hill,31106132916,3132916,191,192
31106132917-RAN,RANKIN,311061329,Daisy Hill,31106132917,3132917,162,159
31106133001-RAN,RANKIN,311061330,Kingston (Qld),31106133001,3133001,300,320
31106133002-RAN,RANKIN,311061330,Kingston (Qld),31106133002,3133002,196,189
31106133003-RAN,RANKIN,311061330,Kingston (Qld),31106133003,3133003,301,290
31106133004-RAN,RANKIN,311061330,Kingston (Qld),31106133004,3133004,282,295
31106133005-RAN,RANKIN,311061330,Kingston (Qld),31106133005,3133005,364,359
31106133006-RAN,RANKIN,311061330,Kingston (Qld),31106133006,3133006,210,202
31106133007-RAN,RANKIN,311061330,Kingston (Qld),31106133007,3133007,5,5
31106133008-RAN,RANKIN,311061330,Kingston (Qld),31106133008,3133008,344,347
31106133009-RAN,RANKIN,311061330,Kingston (Qld),31106133009,3133009,180,186
31106133010-RAN,RANKIN,311061330,Kingston (Qld),31106133010,3133010,217,213
31106133011-RAN,RANKIN,311061330,Kingston (Qld),31106133011,3133011,279,302
31106133012-RAN,RANKIN,311061330,Kingston (Qld),31106133012,3133012,331,333
31106133013-RAN,RANKIN,311061330,Kingston (Qld),31106133013,3133013,228,224
31106133014-RAN,RANKIN,311061330,Kingston (Qld),31106133014,3133014,382,379
31106133015-RAN,RANKIN,311061330,Kingston (Qld),31106133015,3133015,302,317
31106133016-RAN,RANKIN,311061330,Kingston (Qld),31106133016,3133016,342,330
31106133017-RAN,RANKIN,311061330,Kingston (Qld),31106133017,3133017,172,180
31106133018-RAN,RANKIN,311061330,Kingston (Qld),31106133018,3133018,344,338
31106133020-RAN,RANKIN,311061330,Kingston (Qld),31106133020,3133020,293,282
31106133021-RAN,RANKIN,311061330,Kingston (Qld),31106133021,3133021,319,332
31106133022-RAN,RANKIN,311061330,Kingston (Qld),31106133022,3133022,307,328
31106133023-RAN,RANKIN,311061330,Kingston (Qld),31106133023,3133023,367,381
31106133024-RAN,RANKIN,311061330,Kingston (Qld),31106133024,3133024,181,174
31106133025-RAN,RANKIN,311061330,Kingston (Qld),31106133025,3133025,5,5
31106133026-RAN,RANKIN,311061330,Kingston (Qld),31106133026,3133026,309,323
31106133027-RAN,RANKIN,311061330,Kingston (Qld),31106133027,3133027,62,65
31106133101-RAN,RANKIN,311061331,Logan Central,31106133101,3133101,149,157
31106133102-RAN,RANKIN,311061331,Logan Central,31106133102,3133102,269,273
31106133103-RAN,RANKIN,311061331,Logan Central,31106133103,3133103,11,11
31106133104-RAN,RANKIN,311061331,Logan Central,31106133104,3133104,356,359
31106133105-RAN,RANKIN,311061331,Logan Central,31106133105,3133105,115,123
31106133106-RAN,RANKIN,311061331,Logan Central,31106133106,3133106,301,303
31106133107-RAN,RANKIN,311061331,Logan Central,31106133107,3133107,245,249
31106133108-RAN,RANKIN,311061331,Logan Central,31106133108,3133108,189,194
31106133109-RAN,RANKIN,311061331,Logan Central,31106133109,3133109,267,270
31106133110-RAN,RANKIN,311061331,Logan Central,31106133110,3133110,342,360
31106133111-RAN,RANKIN,311061331,Logan Central,31106133111,3133111,214,213
31106133112-RAN,RANKIN,311061331,Logan Central,31106133112,3133112,220,230
31106133113-RAN,RANKIN,311061331,Logan Central,31106133113,3133113,374,393
31106133114-RAN,RANKIN,311061331,Logan Central,31106133114,3133114,332,342
31106133115-RAN,RANKIN,311061331,Logan Central,31106133115,3133115,226,243
31106133201-RAN,RANKIN,311061332,Rochedale South - Priestdale,31106133201,3133201,150,144
31106133202-RAN,RANKIN,311061332,Rochedale South - Priestdale,31106133202,3133202,238,229
31106133203-RAN,RANKIN,311061332,Rochedale South - Priestdale,31106133203,3133203,268,263
31106133204-RAN,RANKIN,311061332,Rochedale South - Priestdale,31106133204,3133204,346,359
31106133205-RAN,RANKIN,311061332,Rochedale South - Priestdale,31106133205,3133205,252,250
31106133206-RAN,RANKIN,311061332,Rochedale South - Priestdale,31106133206,3133206,414,424
31106133207-RAN,RANKIN,311061332,Rochedale South - Priestdale,31106133207,3133207,369,386
31106133208-RAN,RANKIN,311061332,Rochedale South - Priestdale,31106133208,3133208,226,228
31106133209-RAN,RANKIN,311061332,Rochedale South - Priestdale,31106133209,3133209,368,366
31106133210-RAN,RANKIN,311061332,Rochedale South - Priestdale,31106133210,3133210,262,252
31106133211-RAN,RANKIN,311061332,Rochedale South - Priestdale,31106133211,3133211,386,412
31106133212-RAN,RANKIN,311061332,Rochedale South - Priestdale,31106133212,3133212,125,130
31106133213-RAN,RANKIN,311061332,Rochedale South - Priestdale,31106133213,3133213,258,265
31106133214-RAN,RANKIN,311061332,Rochedale South - Priestdale,31106133214,3133214,210,216
31106133215-RAN,RANKIN,311061332,Rochedale South - Priestdale,31106133215,3133215,338,325
31106133216-RAN,RANKIN,311061332,Rochedale South - Priestdale,31106133216,3133216,337,347
31106133217-RAN,RANKIN,311061332,Rochedale South - Priestdale,31106133217,3133217,363,383
31106133218-RAN,RANKIN,311061332,Rochedale South - Priestdale,31106133218,3133218,191,190
31106133219-RAN,RANKIN,311061332,Rochedale South - Priestdale,31106133219,3133219,207,201
31106133220-RAN,RANKIN,311061332,Rochedale South - Priestdale,31106133220,3133220,238,235
31106133221-RAN,RANKIN,311061332,Rochedale South - Priestdale,31106133221,3133221,347,337
31106133222-RAN,RANKIN,311061332,Rochedale South - Priestdale,31106133222,3133222,162,158
31106133223-RAN,RANKIN,311061332,Rochedale South - Priestdale,31106133223,3133223,287,292
31106133224-RAN,RANKIN,311061332,Rochedale South - Priestdale,31106133224,3133224,294,295
31106133225-RAN,RANKIN,311061332,Rochedale South - Priestdale,31106133225,3133225,242,243
31106133226-RAN,RANKIN,311061332,Rochedale South - Priestdale,31106133226,3133226,235,226
31106133227-RAN,RANKIN,311061332,Rochedale South - Priestdale,31106133227,3133227,230,240
31106133228-RAN,RANKIN,311061332,Rochedale South - Priestdale,31106133228,3133228,364,367
31106133229-RAN,RANKIN,311061332,Rochedale South - Priestdale,31106133229,3133229,242,246
31106133230-RAN,RANKIN,311061332,Rochedale South - Priestdale,31106133230,3133230,160,162
31106133231-RAN,RANKIN,311061332,Rochedale South - Priestdale,31106133231,3133231,190,192
31106133232-RAN,RANKIN,311061332,Rochedale South - Priestdale,31106133232,3133232,413,437
31106133233-RAN,RANKIN,311061332,Rochedale South - Priestdale,31106133233,3133233,322,315
31106133234-RAN,RANKIN,311061332,Rochedale South - Priestdale,31106133234,3133234,197,189
31106133235-RAN,RANKIN,311061332,Rochedale South - Priestdale,31106133235,3133235,312,314
31106133236-RAN,RANKIN,311061332,Rochedale South - Priestdale,31106133236,3133236,213,214
31106133237-RAN,RANKIN,311061332,Rochedale South - Priestdale,31106133237,3133237,416,420
31106133238-RAN,RANKIN,311061332,Rochedale South - Priestdale,31106133238,3133238,224,219
31106133239-RAN,RANKIN,311061332,Rochedale South - Priestdale,31106133239,3133239,195,191
31106133240-RAN,RANKIN,311061332,Rochedale South - Priestdale,31106133240,3133240,256,266
31106133301-RAN,RANKIN,311061333,Slacks Creek,31106133301,3133301,250,255
31106133302-RAN,RANKIN,311061333,Slacks Creek,31106133302,3133302,343,353
31106133303-RAN,RANKIN,311061333,Slacks Creek,31106133303,3133303,309,305
31106133304-RAN,RANKIN,311061333,Slacks Creek,31106133304,3133304,326,347
31106133305-RAN,RANKIN,311061333,Slacks Creek,31106133305,3133305,10,10
31106133306-RAN,RANKIN,311061333,Slacks Creek,31106133306,3133306,319,325
31106133307-RAN,RANKIN,311061333,Slacks Creek,31106133307,3133307,180,183
31106133308-RAN,RANKIN,311061333,Slacks Creek,31106133308,3133308,151,159
31106133309-RAN,RANKIN,311061333,Slacks Creek,31106133309,3133309,262,264
31106133310-RAN,RANKIN,311061333,Slacks Creek,31106133310,3133310,141,147
31106133311-RAN,RANKIN,311061333,Slacks Creek,31106133311,3133311,200,201
31106133312-RAN,RANKIN,311061333,Slacks Creek,31106133312,3133312,113,122
31106133313-RAN,RANKIN,311061333,Slacks Creek,31106133313,3133313,181,187
31106133314-RAN,RANKIN,311061333,Slacks Creek,31106133314,3133314,195,205
31106133315-RAN,RANKIN,311061333,Slacks Creek,31106133315,3133315,249,241
31106133316-RAN,RANKIN,311061333,Slacks Creek,31106133316,3133316,364,366
31106133317-RAN,RANKIN,311061333,Slacks Creek,31106133317,3133317,190,197
31106133318-RAN,RANKIN,311061333,Slacks Creek,31106133318,3133318,373,379
31106133319-RAN,RANKIN,311061333,Slacks Creek,31106133319,3133319,323,318
31106133320-RAN,RANKIN,311061333,Slacks Creek,31106133320,3133320,395,410
31106133321-RAN,RANKIN,311061333,Slacks Creek,31106133321,3133321,283,279
31106133322-RAN,RANKIN,311061333,Slacks Creek,31106133322,3133322,363,361
31106133323-RAN,RANKIN,311061333,Slacks Creek,31106133323,3133323,222,235
31106133324-RAN,RANKIN,311061333,Slacks Creek,31106133324,3133324,196,208
31106133325-RAN,RANKIN,311061333,Slacks Creek,31106133325,3133325,248,240
31106133326-RAN,RANKIN,311061333,Slacks Creek,31106133326,3133326,308,310
31106133327-RAN,RANKIN,311061333,Slacks Creek,31106133327,3133327,266,278
31106133401-RAN,RANKIN,311061334,Springwood,31106133401,3133401,418,420
31106133402-RAN,RANKIN,311061334,Springwood,31106133402,3133402,406,429
31106133403-RAN,RANKIN,311061334,Springwood,31106133403,3133403,212,207
31106133404-RAN,RANKIN,311061334,Springwood,31106133404,3133404,198,204
31106133405-RAN,RANKIN,311061334,Springwood,31106133405,3133405,443,473
31106133406-RAN,RANKIN,311061334,Springwood,31106133406,3133406,383,401
31106133407-RAN,RANKIN,311061334,Springwood,31106133407,3133407,325,338
31106133408-RAN,RANKIN,311061334,Springwood,31106133408,3133408,229,229
31106133409-RAN,RANKIN,311061334,Springwood,31106133409,3133409,428,442
31106133410-RAN,RANKIN,311061334,Springwood,31106133410,3133410,609,650
31106133411-RAN,RANKIN,311061334,Springwood,31106133411,3133411,443,459
31106133412-RAN,RANKIN,311061334,Springwood,31106133412,3133412,217,221
31106133413-RAN,RANKIN,311061334,Springwood,31106133413,3133413,250,267
31106133414-RAN,RANKIN,311061334,Springwood,31106133414,3133414,265,272
31106133415-RAN,RANKIN,311061334,Springwood,31106133415,3133415,358,374
31106133416-RAN,RANKIN,311061334,Springwood,31106133416,3133416,336,339
31106133417-RAN,RANKIN,311061334,Springwood,31106133417,3133417,343,363
31106133418-RAN,RANKIN,311061334,Springwood,31106133418,3133418,210,214
31106133419-RAN,RANKIN,311061334,Springwood,31106133419,3133419,322,336
31106133420-RAN,RANKIN,311061334,Springwood,31106133420,3133420,200,200
31106133421-RAN,RANKIN,311061334,Springwood,31106133421,3133421,169,171
31106133422-RAN,RANKIN,311061334,Springwood,31106133422,3133422,202,206
31106133501-RAN,RANKIN,311061335,Underwood,31106133501,3133501,1324,1373
31106133502-RAN,RANKIN,311061335,Underwood,31106133502,3133502,308,300
31106133503-RAN,RANKIN,311061335,Underwood,31106133503,3133503,248,251
31106133504-RAN,RANKIN,311061335,Underwood,31106133504,3133504,272,274
31106133505-RAN,RANKIN,311061335,Underwood,31106133505,3133505,158,167
31106133506-RAN,RANKIN,311061335,Underwood,31106133506,3133506,7,7
31106133507-RAN,RANKIN,311061335,Underwood,31106133507,3133507,309,336
31106133508-RAN,RANKIN,311061335,Underwood,31106133508,3133508,339,348
31106133509-RAN,RANKIN,311061335,Underwood,31106133509,3133509,188,191
31106133510-RAN,RANKIN,311061335,Underwood,31106133510,3133510,433,452
31106133511-RAN,RANKIN,311061335,Underwood,31106133511,3133511,122,123
31106133512-RAN,RANKIN,311061335,Underwood,31106133512,3133512,306,315
31106133513-RAN,RANKIN,311061335,Underwood,31106133513,3133513,320,337
31106133601-RAN,RANKIN,311061336,Woodridge,31106133601,3133601,311,339
31106133602-RAN,RANKIN,311061336,Woodridge,31106133602,3133602,286,277
31106133603-RAN,RANKIN,311061336,Woodridge,31106133603,3133603,259,258
31106133604-RAN,RANKIN,311061336,Woodridge,31106133604,3133604,400,414
31106133605-RAN,RANKIN,311061336,Woodridge,31106133605,3133605,162,157
31106133606-RAN,RANKIN,311061336,Woodridge,31106133606,3133606,152,163
31106133607-RAN,RANKIN,311061336,Woodridge,31106133607,3133607,248,256
31106133608-RAN,RANKIN,311061336,Woodridge,31106133608,3133608,259,268
31106133609-RAN,RANKIN,311061336,Woodridge,31106133609,3133609,167,174
31106133610-RAN,RANKIN,311061336,Woodridge,31106133610,3133610,260,273
31106133611-RAN,RANKIN,311061336,Woodridge,31106133611,3133611,285,302
31106133612-RAN,RANKIN,311061336,Woodridge,31106133612,3133612,138,144
31106133613-RAN,RANKIN,311061336,Woodridge,31106133613,3133613,239,232
31106133614-RAN,RANKIN,311061336,Woodridge,31106133614,3133614,247,242
31106133615-RAN,RANKIN,311061336,Woodridge,31106133615,3133615,147,152
31106133616-RAN,RANKIN,311061336,Woodridge,31106133616,3133616,156,153
31106133617-RAN,RANKIN,311061336,Woodridge,31106133617,3133617,190,194
31106133618-RAN,RANKIN,311061336,Woodridge,31106133618,3133618,272,282
31106133619-RAN,RANKIN,311061336,Woodridge,31106133619,3133619,242,249
31106133620-RAN,RANKIN,311061336,Woodridge,31106133620,3133620,130,130
31106133621-RAN,RANKIN,311061336,Woodridge,31106133621,3133621,146,153
31106133622-RAN,RANKIN,311061336,Woodridge,31106133622,3133622,202,207
31106133623-RAN,RANKIN,311061336,Woodridge,31106133623,3133623,250,263
31106133624-RAN,RANKIN,311061336,Woodridge,31106133624,3133624,485,488
31106133625-RAN,RANKIN,311061336,Woodridge,31106133625,3133625,146,147
31106133626-RAN,RANKIN,311061336,Woodridge,31106133626,3133626,178,174
31106133627-RAN,RANKIN,311061336,Woodridge,31106133627,3133627,221,222
31106133628-RAN,RANKIN,311061336,Woodridge,31106133628,3133628,319,309
31106133629-RAN,RANKIN,311061336,Woodridge,31106133629,3133629,303,317
31106133630-RAN,RANKIN,311061336,Woodridge,31106133630,3133630,359,357
31106133631-RAN,RANKIN,311061336,Woodridge,31106133631,3133631,246,255
31201133701-DAW,DAWSON,312011337,Bowen,31201133701,3133701,190,200
31201133702-DAW,DAWSON,312011337,Bowen,31201133702,3133702,413,434
31201133703-DAW,DAWSON,312011337,Bowen,31201133703,3133703,205,219
31201133704-DAW,DAWSON,312011337,Bowen,31201133704,3133704,523,543
31201133705-DAW,DAWSON,312011337,Bowen,31201133705,3133705,368,390
31201133706-DAW,DAWSON,312011337,Bowen,31201133706,3133706,215,210
31201133707-DAW,DAWSON,312011337,Bowen,31201133707,3133707,254,261
31201133708-DAW,DAWSON,312011337,Bowen,31201133708,3133708,282,293
31201133709-DAW,DAWSON,312011337,Bowen,31201133709,3133709,209,225
31201133710-DAW,DAWSON,312011337,Bowen,31201133710,3133710,288,299
31201133711-DAW,DAWSON,312011337,Bowen,31201133711,3133711,432,447
31201133712-DAW,DAWSON,312011337,Bowen,31201133712,3133712,230,244
31201133713-DAW,DAWSON,312011337,Bowen,31201133713,3133713,323,316
31201133714-DAW,DAWSON,312011337,Bowen,31201133714,3133714,282,295
31201133715-DAW,DAWSON,312011337,Bowen,31201133715,3133715,514,549
31201133716-DAW,DAWSON,312011337,Bowen,31201133716,3133716,181,177
31201133717-DAW,DAWSON,312011337,Bowen,31201133717,3133717,368,368
31201133718-DAW,DAWSON,312011337,Bowen,31201133718,3133718,415,442
31201133719-DAW,DAWSON,312011337,Bowen,31201133719,3133719,317,310
31201133720-DAW,DAWSON,312011337,Bowen,31201133720,3133720,204,221
31201133721-DAW,DAWSON,312011337,Bowen,31201133721,3133721,163,168
31201133802-CAP,CAPRICORNIA,312011338,Broadsound - Nebo,31201133802,3133802,221,220
31201133803-CAP,CAPRICORNIA,312011338,Broadsound - Nebo,31201133803,3133803,94,95
31201133805-CAP,CAPRICORNIA,312011338,Broadsound - Nebo,31201133805,3133805,40,40
31201133806-CAP,CAPRICORNIA,312011338,Broadsound - Nebo,31201133806,3133806,61,59
31201133808-CAP,CAPRICORNIA,312011338,Broadsound - Nebo,31201133808,3133808,315,339
31201133810-CAP,CAPRICORNIA,312011338,Broadsound - Nebo,31201133810,3133810,98,100
31201133811-CAP,CAPRICORNIA,312011338,Broadsound - Nebo,31201133811,3133811,273,295
31201133812-CAP,CAPRICORNIA,312011338,Broadsound - Nebo,31201133812,3133812,210,212
31201133813-CAP,CAPRICORNIA,312011338,Broadsound - Nebo,31201133813,3133813,126,130
31201133814-CAP,CAPRICORNIA,312011338,Broadsound - Nebo,31201133814,3133814,214,224
31201133815-CAP,CAPRICORNIA,312011338,Broadsound - Nebo,31201133815,3133815,99,102
31201133816-CAP,CAPRICORNIA,312011338,Broadsound - Nebo,31201133816,3133816,102,99
31201133817-CAP,CAPRICORNIA,312011338,Broadsound - Nebo,31201133817,3133817,121,121
31201133818-CAP,CAPRICORNIA,312011338,Broadsound - Nebo,31201133818,3133818,193,200
31201133819-CAP,CAPRICORNIA,312011338,Broadsound - Nebo,31201133819,3133819,173,190
31201133821-CAP,CAPRICORNIA,312011338,Broadsound - Nebo,31201133821,3133821,310,324
31201133822-CAP,CAPRICORNIA,312011338,Broadsound - Nebo,31201133822,3133822,78,76
31201133823-CAP,CAPRICORNIA,312011338,Broadsound - Nebo,31201133823,3133823,167,169
31201133824-CAP,CAPRICORNIA,312011338,Broadsound - Nebo,31201133824,3133824,181,175
31201133825-CAP,CAPRICORNIA,312011338,Broadsound - Nebo,31201133825,3133825,0,0
31201133826-CAP,CAPRICORNIA,312011338,Broadsound - Nebo,31201133826,3133826,321,343
31201133827-CAP,CAPRICORNIA,312011338,Broadsound - Nebo,31201133827,3133827,1,1
31201133829-CAP,CAPRICORNIA,312011338,Broadsound - Nebo,31201133829,3133829,1,1
31201133830-CAP,CAPRICORNIA,312011338,Broadsound - Nebo,31201133830,3133830,1,1
31201133831-CAP,CAPRICORNIA,312011338,Broadsound - Nebo,31201133831,3133831,68,69
31201133832-CAP,CAPRICORNIA,312011338,Broadsound - Nebo,31201133832,3133832,57,58
31201133833-CAP,CAPRICORNIA,312011338,Broadsound - Nebo,31201133833,3133833,297,292
31201133834-CAP,CAPRICORNIA,312011338,Broadsound - Nebo,31201133834,3133834,250,254
31201133835-CAP,CAPRICORNIA,312011338,Broadsound - Nebo,31201133835,3133835,40,40
31201133836-CAP,CAPRICORNIA,312011338,Broadsound - Nebo,31201133836,3133836,191,193
31201133837-CAP,CAPRICORNIA,312011338,Broadsound - Nebo,31201133837,3133837,236,236
31201133901-CAP,CAPRICORNIA,312011339,Clermont,31201133901,3133901,212,222
31201133902-CAP,CAPRICORNIA,312011339,Clermont,31201133902,3133902,237,240
31201133903-CAP,CAPRICORNIA,312011339,Clermont,31201133903,3133903,174,170
31201133904-CAP,CAPRICORNIA,312011339,Clermont,31201133904,3133904,210,233
31201133905-CAP,CAPRICORNIA,312011339,Clermont,31201133905,3133905,240,250
31201133906-CAP,CAPRICORNIA,312011339,Clermont,31201133906,3133906,276,279
31201133908-CAP,CAPRICORNIA,312011339,Clermont,31201133908,3133908,326,333
31201133909-CAP,CAPRICORNIA,312011339,Clermont,31201133909,3133909,176,183
31201133909-FLY,FLYNN,312011339,Clermont,31201133909,3133909,4,4
31201133911-CAP,CAPRICORNIA,312011339,Clermont,31201133911,3133911,320,326
31201133912-CAP,CAPRICORNIA,312011339,Clermont,31201133912,3133912,208,217
31201133913-CAP,CAPRICORNIA,312011339,Clermont,31201133913,3133913,103,104
31201134001-CAP,CAPRICORNIA,312011340,Collinsville,31201134001,3134001,130,130
31201134002-CAP,CAPRICORNIA,312011340,Collinsville,31201134002,3134002,174,185
31201134003-CAP,CAPRICORNIA,312011340,Collinsville,31201134003,3134003,187,196
31201134004-CAP,CAPRICORNIA,312011340,Collinsville,31201134004,3134004,246,240
31201134005-CAP,CAPRICORNIA,312011340,Collinsville,31201134005,3134005,196,210
31201134006-CAP,CAPRICORNIA,312011340,Collinsville,31201134006,3134006,145,149
31201134007-CAP,CAPRICORNIA,312011340,Collinsville,31201134007,3134007,243,252
31201134008-CAP,CAPRICORNIA,312011340,Collinsville,31201134008,3134008,267,273
31201134008-DAW,DAWSON,312011340,Collinsville,31201134008,3134008,99,101
31201134009-DAW,DAWSON,312011340,Collinsville,31201134009,3134009,153,159
31201134010-DAW,DAWSON,312011340,Collinsville,31201134010,3134010,154,160
31201134011-DAW,DAWSON,312011340,Collinsville,31201134011,3134011,128,128
31201134012-DAW,DAWSON,312011340,Collinsville,31201134012,3134012,322,333
31201134013-DAW,DAWSON,312011340,Collinsville,31201134013,3134013,172,177
31201134014-DAW,DAWSON,312011340,Collinsville,31201134014,3134014,1,1
31201134015-DAW,DAWSON,312011340,Collinsville,31201134015,3134015,181,191
31201134101-CAP,CAPRICORNIA,312011341,Moranbah,31201134101,3134101,2,2
31201134102-CAP,CAPRICORNIA,312011341,Moranbah,31201134102,3134102,717,730
31201134103-CAP,CAPRICORNIA,312011341,Moranbah,31201134103,3134103,197,203
31201134104-CAP,CAPRICORNIA,312011341,Moranbah,31201134104,3134104,571,601
31201134105-CAP,CAPRICORNIA,312011341,Moranbah,31201134105,3134105,259,274
31201134106-CAP,CAPRICORNIA,312011341,Moranbah,31201134106,3134106,449,457
31201134107-CAP,CAPRICORNIA,312011341,Moranbah,31201134107,3134107,148,160
31201134108-CAP,CAPRICORNIA,312011341,Moranbah,31201134108,3134108,240,241
31201134109-CAP,CAPRICORNIA,312011341,Moranbah,31201134109,3134109,288,279
31201134110-CAP,CAPRICORNIA,312011341,Moranbah,31201134110,3134110,239,248
31201134111-CAP,CAPRICORNIA,312011341,Moranbah,31201134111,3134111,11,11
31201134112-CAP,CAPRICORNIA,312011341,Moranbah,31201134112,3134112,153,159
31201134113-CAP,CAPRICORNIA,312011341,Moranbah,31201134113,3134113,224,224
31201134114-CAP,CAPRICORNIA,312011341,Moranbah,31201134114,3134114,70,71
31201134115-CAP,CAPRICORNIA,312011341,Moranbah,31201134115,3134115,207,210
31201134116-CAP,CAPRICORNIA,312011341,Moranbah,31201134116,3134116,273,264
31201134117-CAP,CAPRICORNIA,312011341,Moranbah,31201134117,3134117,97,99
31201134118-CAP,CAPRICORNIA,312011341,Moranbah,31201134118,3134118,211,219
31201134119-CAP,CAPRICORNIA,312011341,Moranbah,31201134119,3134119,187,191
31201134120-CAP,CAPRICORNIA,312011341,Moranbah,31201134120,3134120,108,110
31201134121-CAP,CAPRICORNIA,312011341,Moranbah,31201134121,3134121,163,174
31201134122-CAP,CAPRICORNIA,312011341,Moranbah,31201134122,3134122,253,252
31202134201-DAW,DAWSON,312021342,Andergrove - Beaconsfield,31202134201,3134201,302,316
31202134202-DAW,DAWSON,312021342,Andergrove - Beaconsfield,31202134202,3134202,407,399
31202134203-DAW,DAWSON,312021342,Andergrove - Beaconsfield,31202134203,3134203,259,276
31202134204-DAW,DAWSON,312021342,Andergrove - Beaconsfield,31202134204,3134204,288,298
31202134205-DAW,DAWSON,312021342,Andergrove - Beaconsfield,31202134205,3134205,277,272
31202134206-DAW,DAWSON,312021342,Andergrove - Beaconsfield,31202134206,3134206,84,91
31202134207-DAW,DAWSON,312021342,Andergrove - Beaconsfield,31202134207,3134207,201,211
31202134208-DAW,DAWSON,312021342,Andergrove - Beaconsfield,31202134208,3134208,990,1052
31202134209-DAW,DAWSON,312021342,Andergrove - Beaconsfield,31202134209,3134209,394,415
31202134210-DAW,DAWSON,312021342,Andergrove - Beaconsfield,31202134210,3134210,301,321
31202134211-DAW,DAWSON,312021342,Andergrove - Beaconsfield,31202134211,3134211,165,173
31202134212-DAW,DAWSON,312021342,Andergrove - Beaconsfield,31202134212,3134212,284,299
31202134213-DAW,DAWSON,312021342,Andergrove - Beaconsfield,31202134213,3134213,150,156
31202134214-DAW,DAWSON,312021342,Andergrove - Beaconsfield,31202134214,3134214,313,324
31202134215-DAW,DAWSON,312021342,Andergrove - Beaconsfield,31202134215,3134215,342,348
31202134216-DAW,DAWSON,312021342,Andergrove - Beaconsfield,31202134216,3134216,281,286
31202134217-DAW,DAWSON,312021342,Andergrove - Beaconsfield,31202134217,3134217,226,245
31202134218-DAW,DAWSON,312021342,Andergrove - Beaconsfield,31202134218,3134218,121,133
31202134219-DAW,DAWSON,312021342,Andergrove - Beaconsfield,31202134219,3134219,306,319
31202134220-DAW,DAWSON,312021342,Andergrove - Beaconsfield,31202134220,3134220,683,737
31202134221-DAW,DAWSON,312021342,Andergrove - Beaconsfield,31202134221,3134221,389,397
31202134222-DAW,DAWSON,312021342,Andergrove - Beaconsfield,31202134222,3134222,252,254
31202134223-DAW,DAWSON,312021342,Andergrove - Beaconsfield,31202134223,3134223,545,570
31202134224-DAW,DAWSON,312021342,Andergrove - Beaconsfield,31202134224,3134224,201,213
31202134225-DAW,DAWSON,312021342,Andergrove - Beaconsfield,31202134225,3134225,209,215
31202134226-DAW,DAWSON,312021342,Andergrove - Beaconsfield,31202134226,3134226,360,376
31202134227-DAW,DAWSON,312021342,Andergrove - Beaconsfield,31202134227,3134227,672,717
31202134228-DAW,DAWSON,312021342,Andergrove - Beaconsfield,31202134228,3134228,371,389
31202134229-DAW,DAWSON,312021342,Andergrove - Beaconsfield,31202134229,3134229,394,409
31202134230-DAW,DAWSON,312021342,Andergrove - Beaconsfield,31202134230,3134230,259,268
31202134231-DAW,DAWSON,312021342,Andergrove - Beaconsfield,31202134231,3134231,1024,1060
31202134232-DAW,DAWSON,312021342,Andergrove - Beaconsfield,31202134232,3134232,197,217
31202134233-DAW,DAWSON,312021342,Andergrove - Beaconsfield,31202134233,3134233,575,580
31202134234-DAW,DAWSON,312021342,Andergrove - Beaconsfield,31202134234,3134234,173,180
31202134301-DAW,DAWSON,312021343,East Mackay,31202134301,3134301,190,206
31202134302-DAW,DAWSON,312021343,East Mackay,31202134302,3134302,408,412
31202134303-DAW,DAWSON,312021343,East Mackay,31202134303,3134303,0,0
31202134304-DAW,DAWSON,312021343,East Mackay,31202134304,3134304,217,235
31202134305-DAW,DAWSON,312021343,East Mackay,31202134305,3134305,193,202
31202134306-DAW,DAWSON,312021343,East Mackay,31202134306,3134306,102,106
31202134307-DAW,DAWSON,312021343,East Mackay,31202134307,3134307,323,333
31202134308-DAW,DAWSON,312021343,East Mackay,31202134308,3134308,235,245
31202134309-DAW,DAWSON,312021343,East Mackay,31202134309,3134309,293,305
31202134310-DAW,DAWSON,312021343,East Mackay,31202134310,3134310,274,291
31202134311-DAW,DAWSON,312021343,East Mackay,31202134311,3134311,311,320
31202134312-DAW,DAWSON,312021343,East Mackay,31202134312,3134312,193,195
31202134401-DAW,DAWSON,312021344,Eimeo - Rural View,31202134401,3134401,344,354
31202134402-DAW,DAWSON,312021344,Eimeo - Rural View,31202134402,3134402,300,317
31202134403-DAW,DAWSON,312021344,Eimeo - Rural View,31202134403,3134403,223,239
31202134404-DAW,DAWSON,312021344,Eimeo - Rural View,31202134404,3134404,186,203
31202134405-DAW,DAWSON,312021344,Eimeo - Rural View,31202134405,3134405,347,362
31202134406-DAW,DAWSON,312021344,Eimeo - Rural View,31202134406,3134406,504,541
31202134407-DAW,DAWSON,312021344,Eimeo - Rural View,31202134407,3134407,276,289
31202134408-DAW,DAWSON,312021344,Eimeo - Rural View,31202134408,3134408,352,349
31202134409-DAW,DAWSON,312021344,Eimeo - Rural View,31202134409,3134409,577,628
31202134410-DAW,DAWSON,312021344,Eimeo - Rural View,31202134410,3134410,477,517
31202134411-DAW,DAWSON,312021344,Eimeo - Rural View,31202134411,3134411,304,314
31202134412-DAW,DAWSON,312021344,Eimeo - Rural View,31202134412,3134412,492,487
31202134413-DAW,DAWSON,312021344,Eimeo - Rural View,31202134413,3134413,237,256
31202134415-DAW,DAWSON,312021344,Eimeo - Rural View,31202134415,3134415,200,218
31202134416-DAW,DAWSON,312021344,Eimeo - Rural View,31202134416,3134416,333,330
31202134418-DAW,DAWSON,312021344,Eimeo - Rural View,31202134418,3134418,299,326
31202134423-DAW,DAWSON,312021344,Eimeo - Rural View,31202134423,3134423,307,304
31202134424-DAW,DAWSON,312021344,Eimeo - Rural View,31202134424,3134424,137,145
31202134425-DAW,DAWSON,312021344,Eimeo - Rural View,31202134425,3134425,557,602
31202134426-DAW,DAWSON,312021344,Eimeo - Rural View,31202134426,3134426,0,0
31202134427-DAW,DAWSON,312021344,Eimeo - Rural View,31202134427,3134427,244,257
31202134428-DAW,DAWSON,312021344,Eimeo - Rural View,31202134428,3134428,249,270
31202134429-DAW,DAWSON,312021344,Eimeo - Rural View,31202134429,3134429,461,486
31202134430-DAW,DAWSON,312021344,Eimeo - Rural View,31202134430,3134430,251,273
31202134431-DAW,DAWSON,312021344,Eimeo - Rural View,31202134431,3134431,391,450
31202134432-DAW,DAWSON,312021344,Eimeo - Rural View,31202134432,3134432,536,531
31202134433-DAW,DAWSON,312021344,Eimeo - Rural View,31202134433,3134433,271,307
31202134434-DAW,DAWSON,312021344,Eimeo - Rural View,31202134434,3134434,287,284
31202134435-DAW,DAWSON,312021344,Eimeo - Rural View,31202134435,3134435,482,523
31202134501-CAP,CAPRICORNIA,312021345,Eungella Hinterland,31202134501,3134501,7,7
31202134601-DAW,DAWSON,312021346,Mackay,31202134601,3134601,261,255
31202134602-DAW,DAWSON,312021346,Mackay,31202134602,3134602,219,231
31202134603-DAW,DAWSON,312021346,Mackay,31202134603,3134603,221,225
31202134604-DAW,DAWSON,312021346,Mackay,31202134604,3134604,203,215
31202134605-DAW,DAWSON,312021346,Mackay,31202134605,3134605,259,261
31202134606-DAW,DAWSON,312021346,Mackay,31202134606,3134606,349,356
31202134607-DAW,DAWSON,312021346,Mackay,31202134607,3134607,276,296
31202134608-DAW,DAWSON,312021346,Mackay,31202134608,3134608,349,354
31202134609-DAW,DAWSON,312021346,Mackay,31202134609,3134609,117,121
31202134610-DAW,DAWSON,312021346,Mackay,31202134610,3134610,307,322
31202134701-DAW,DAWSON,312021347,Mackay Harbour,31202134701,3134701,509,548
31202134801-DAW,DAWSON,312021348,Mount Pleasant - Glenella,31202134801,3134801,345,360
31202134802-DAW,DAWSON,312021348,Mount Pleasant - Glenella,31202134802,3134802,192,193
31202134803-DAW,DAWSON,312021348,Mount Pleasant - Glenella,31202134803,3134803,262,263
31202134804-DAW,DAWSON,312021348,Mount Pleasant - Glenella,31202134804,3134804,250,270
31202134805-DAW,DAWSON,312021348,Mount Pleasant - Glenella,31202134805,3134805,189,185
31202134806-DAW,DAWSON,312021348,Mount Pleasant - Glenella,31202134806,3134806,422,412
31202134807-DAW,DAWSON,312021348,Mount Pleasant - Glenella,31202134807,3134807,154,155
31202134808-DAW,DAWSON,312021348,Mount Pleasant - Glenella,31202134808,3134808,193,193
31202134810-DAW,DAWSON,312021348,Mount Pleasant - Glenella,31202134810,3134810,391,382
31202134811-DAW,DAWSON,312021348,Mount Pleasant - Glenella,31202134811,3134811,340,367
31202134812-DAW,DAWSON,312021348,Mount Pleasant - Glenella,31202134812,3134812,372,382
31202134814-DAW,DAWSON,312021348,Mount Pleasant - Glenella,31202134814,3134814,195,209
31202134816-DAW,DAWSON,312021348,Mount Pleasant - Glenella,31202134816,3134816,142,149
31202134817-DAW,DAWSON,312021348,Mount Pleasant - Glenella,31202134817,3134817,328,360
31202134818-DAW,DAWSON,312021348,Mount Pleasant - Glenella,31202134818,3134818,359,371
31202134819-DAW,DAWSON,312021348,Mount Pleasant - Glenella,31202134819,3134819,215,234
31202134820-DAW,DAWSON,312021348,Mount Pleasant - Glenella,31202134820,3134820,331,331
31202134821-DAW,DAWSON,312021348,Mount Pleasant - Glenella,31202134821,3134821,245,253
31202134822-DAW,DAWSON,312021348,Mount Pleasant - Glenella,31202134822,3134822,345,359
31202134823-DAW,DAWSON,312021348,Mount Pleasant - Glenella,31202134823,3134823,434,441
31202134824-DAW,DAWSON,312021348,Mount Pleasant - Glenella,31202134824,3134824,312,319
31202134825-DAW,DAWSON,312021348,Mount Pleasant - Glenella,31202134825,3134825,239,254
31202134827-DAW,DAWSON,312021348,Mount Pleasant - Glenella,31202134827,3134827,199,214
31202134828-DAW,DAWSON,312021348,Mount Pleasant - Glenella,31202134828,3134828,333,336
31202134829-DAW,DAWSON,312021348,Mount Pleasant - Glenella,31202134829,3134829,305,319
31202134830-DAW,DAWSON,312021348,Mount Pleasant - Glenella,31202134830,3134830,411,425
31202134831-DAW,DAWSON,312021348,Mount Pleasant - Glenella,31202134831,3134831,374,388
31202134832-DAW,DAWSON,312021348,Mount Pleasant - Glenella,31202134832,3134832,804,865
31202134901-DAW,DAWSON,312021349,North Mackay,31202134901,3134901,230,244
31202134902-DAW,DAWSON,312021349,North Mackay,31202134902,3134902,228,234
31202134903-DAW,DAWSON,312021349,North Mackay,31202134903,3134903,276,286
31202134904-DAW,DAWSON,312021349,North Mackay,31202134904,3134904,360,368
31202134905-DAW,DAWSON,312021349,North Mackay,31202134905,3134905,14,14
31202134906-DAW,DAWSON,312021349,North Mackay,31202134906,3134906,363,369
31202134907-DAW,DAWSON,312021349,North Mackay,31202134907,3134907,252,260
31202134908-DAW,DAWSON,312021349,North Mackay,31202134908,3134908,368,370
31202134909-DAW,DAWSON,312021349,North Mackay,31202134909,3134909,317,322
31202134910-DAW,DAWSON,312021349,North Mackay,31202134910,3134910,364,353
31202134911-DAW,DAWSON,312021349,North Mackay,31202134911,3134911,242,250
31202134912-DAW,DAWSON,312021349,North Mackay,31202134912,3134912,232,235
31202134913-DAW,DAWSON,312021349,North Mackay,31202134913,3134913,100,100
31202134914-DAW,DAWSON,312021349,North Mackay,31202134914,3134914,402,414
31202134915-DAW,DAWSON,312021349,North Mackay,31202134915,3134915,179,185
31202134916-DAW,DAWSON,312021349,North Mackay,31202134916,3134916,248,243
31202134917-DAW,DAWSON,312021349,North Mackay,31202134917,3134917,374,383
31202134918-DAW,DAWSON,312021349,North Mackay,31202134918,3134918,288,298
31202134919-DAW,DAWSON,312021349,North Mackay,31202134919,3134919,35,37
31202135001-DAW,DAWSON,312021350,Ooralea - Bakers Creek,31202135001,3135001,29,32
31202135002-CAP,CAPRICORNIA,312021350,Ooralea - Bakers Creek,31202135002,3135002,321,358
31202135003-CAP,CAPRICORNIA,312021350,Ooralea - Bakers Creek,31202135003,3135003,969,1025
31202135004-DAW,DAWSON,312021350,Ooralea - Bakers Creek,31202135004,3135004,204,216
31202135005-CAP,CAPRICORNIA,312021350,Ooralea - Bakers Creek,31202135005,3135005,692,729
31202135006-CAP,CAPRICORNIA,312021350,Ooralea - Bakers Creek,31202135006,3135006,235,254
31202135007-CAP,CAPRICORNIA,312021350,Ooralea - Bakers Creek,31202135007,3135007,388,408
31202135008-CAP,CAPRICORNIA,312021350,Ooralea - Bakers Creek,31202135008,3135008,198,217
31202135009-CAP,CAPRICORNIA,312021350,Ooralea - Bakers Creek,31202135009,3135009,859,917
31202135010-CAP,CAPRICORNIA,312021350,Ooralea - Bakers Creek,31202135010,3135010,351,369
31202135010-DAW,DAWSON,312021350,Ooralea - Bakers Creek,31202135010,3135010,89,94
31202135101-CAP,CAPRICORNIA,312021351,Pioneer Valley,31202135101,3135101,329,348
31202135102-CAP,CAPRICORNIA,312021351,Pioneer Valley,31202135102,3135102,239,250
31202135103-CAP,CAPRICORNIA,312021351,Pioneer Valley,31202135103,3135103,166,163
31202135104-CAP,CAPRICORNIA,312021351,Pioneer Valley,31202135104,3135104,260,273
31202135105-CAP,CAPRICORNIA,312021351,Pioneer Valley,31202135105,3135105,289,302
31202135106-CAP,CAPRICORNIA,312021351,Pioneer Valley,31202135106,3135106,371,400
31202135108-CAP,CAPRICORNIA,312021351,Pioneer Valley,31202135108,3135108,440,450
31202135110-CAP,CAPRICORNIA,312021351,Pioneer Valley,31202135110,3135110,465,457
31202135112-CAP,CAPRICORNIA,312021351,Pioneer Valley,31202135112,3135112,290,311
31202135113-CAP,CAPRICORNIA,312021351,Pioneer Valley,31202135113,3135113,166,163
31202135114-CAP,CAPRICORNIA,312021351,Pioneer Valley,31202135114,3135114,443,474
31202135115-CAP,CAPRICORNIA,312021351,Pioneer Valley,31202135115,3135115,150,156
31202135116-CAP,CAPRICORNIA,312021351,Pioneer Valley,31202135116,3135116,530,587
31202135117-CAP,CAPRICORNIA,312021351,Pioneer Valley,31202135117,3135117,733,777
31202135118-CAP,CAPRICORNIA,312021351,Pioneer Valley,31202135118,3135118,247,259
31202135119-CAP,CAPRICORNIA,312021351,Pioneer Valley,31202135119,3135119,253,273
31202135120-CAP,CAPRICORNIA,312021351,Pioneer Valley,31202135120,3135120,502,523
31202135121-CAP,CAPRICORNIA,312021351,Pioneer Valley,31202135121,3135121,516,521
31202135201-CAP,CAPRICORNIA,312021352,Sarina,31202135201,3135201,284,291
31202135202-CAP,CAPRICORNIA,312021352,Sarina,31202135202,3135202,0,0
31202135203-CAP,CAPRICORNIA,312021352,Sarina,31202135203,3135203,211,220
31202135205-CAP,CAPRICORNIA,312021352,Sarina,31202135205,3135205,310,318
31202135206-CAP,CAPRICORNIA,312021352,Sarina,31202135206,3135206,185,203
31202135207-CAP,CAPRICORNIA,312021352,Sarina,31202135207,3135207,328,325
31202135209-CAP,CAPRICORNIA,312021352,Sarina,31202135209,3135209,186,181
31202135210-CAP,CAPRICORNIA,312021352,Sarina,31202135210,3135210,314,336
31202135211-CAP,CAPRICORNIA,312021352,Sarina,31202135211,3135211,457,484
31202135213-CAP,CAPRICORNIA,312021352,Sarina,31202135213,3135213,296,308
31202135214-CAP,CAPRICORNIA,312021352,Sarina,31202135214,3135214,280,295
31202135215-CAP,CAPRICORNIA,312021352,Sarina,31202135215,3135215,117,118
31202135216-CAP,CAPRICORNIA,312021352,Sarina,31202135216,3135216,259,264
31202135217-CAP,CAPRICORNIA,312021352,Sarina,31202135217,3135217,449,437
31202135218-CAP,CAPRICORNIA,312021352,Sarina,31202135218,3135218,154,162
31202135219-CAP,CAPRICORNIA,312021352,Sarina,31202135219,3135219,259,252
31202135220-CAP,CAPRICORNIA,312021352,Sarina,31202135220,3135220,752,796
31202135222-CAP,CAPRICORNIA,312021352,Sarina,31202135222,3135222,440,429
31202135223-CAP,CAPRICORNIA,312021352,Sarina,31202135223,3135223,180,189
31202135224-CAP,CAPRICORNIA,312021352,Sarina,31202135224,3135224,305,297
31202135225-CAP,CAPRICORNIA,312021352,Sarina,31202135225,3135225,0,0
31202135226-CAP,CAPRICORNIA,312021352,Sarina,31202135226,3135226,623,630
31202135227-CAP,CAPRICORNIA,312021352,Sarina,31202135227,3135227,625,663
31202135228-CAP,CAPRICORNIA,312021352,Sarina,31202135228,3135228,608,623
31202135229-CAP,CAPRICORNIA,312021352,Sarina,31202135229,3135229,77,77
31202135230-CAP,CAPRICORNIA,312021352,Sarina,31202135230,3135230,402,407
31202135231-CAP,CAPRICORNIA,312021352,Sarina,31202135231,3135231,506,527
31202135232-CAP,CAPRICORNIA,312021352,Sarina,31202135232,3135232,275,289
31202135233-CAP,CAPRICORNIA,312021352,Sarina,31202135233,3135233,217,234
31202135234-CAP,CAPRICORNIA,312021352,Sarina,31202135234,3135234,394,424
31202135301-DAW,DAWSON,312021353,Seaforth - Calen,31202135301,3135301,104,101
31202135302-DAW,DAWSON,312021353,Seaforth - Calen,31202135302,3135302,217,211
31202135303-DAW,DAWSON,312021353,Seaforth - Calen,31202135303,3135303,135,137
31202135304-DAW,DAWSON,312021353,Seaforth - Calen,31202135304,3135304,0,0
31202135305-DAW,DAWSON,312021353,Seaforth - Calen,31202135305,3135305,16,16
31202135306-DAW,DAWSON,312021353,Seaforth - Calen,31202135306,3135306,310,310
31202135307-DAW,DAWSON,312021353,Seaforth - Calen,31202135307,3135307,397,424
31202135308-DAW,DAWSON,312021353,Seaforth - Calen,31202135308,3135308,131,127
31202135309-DAW,DAWSON,312021353,Seaforth - Calen,31202135309,3135309,249,267
31202135310-DAW,DAWSON,312021353,Seaforth - Calen,31202135310,3135310,360,357
31202135311-DAW,DAWSON,312021353,Seaforth - Calen,31202135311,3135311,374,370
31202135312-DAW,DAWSON,312021353,Seaforth - Calen,31202135312,3135312,218,212
31202135313-DAW,DAWSON,312021353,Seaforth - Calen,31202135313,3135313,446,464
31202135314-DAW,DAWSON,312021353,Seaforth - Calen,31202135314,3135314,320,343
31202135315-DAW,DAWSON,312021353,Seaforth - Calen,31202135315,3135315,223,216
31202135316-CAP,CAPRICORNIA,312021353,Seaforth - Calen,31202135316,3135316,0,0
31202135316-DAW,DAWSON,312021353,Seaforth - Calen,31202135316,3135316,198,199
31202135317-DAW,DAWSON,312021353,Seaforth - Calen,31202135317,3135317,279,276
31202135318-DAW,DAWSON,312021353,Seaforth - Calen,31202135318,3135318,329,349
31202135319-DAW,DAWSON,312021353,Seaforth - Calen,31202135319,3135319,200,204
31202135320-DAW,DAWSON,312021353,Seaforth - Calen,31202135320,3135320,363,379
31202135321-DAW,DAWSON,312021353,Seaforth - Calen,31202135321,3135321,215,221
31202135322-DAW,DAWSON,312021353,Seaforth - Calen,31202135322,3135322,215,215
31202135323-DAW,DAWSON,312021353,Seaforth - Calen,31202135323,3135323,393,408
31202135324-DAW,DAWSON,312021353,Seaforth - Calen,31202135324,3135324,217,222
31202135325-DAW,DAWSON,312021353,Seaforth - Calen,31202135325,3135325,346,371
31202135326-DAW,DAWSON,312021353,Seaforth - Calen,31202135326,3135326,325,336
31202135327-DAW,DAWSON,312021353,Seaforth - Calen,31202135327,3135327,189,183
31202135328-DAW,DAWSON,312021353,Seaforth - Calen,31202135328,3135328,197,191
31202135401-DAW,DAWSON,312021354,Shoal Point - Bucasia,31202135401,3135401,371,374
31202135402-DAW,DAWSON,312021354,Shoal Point - Bucasia,31202135402,3135402,520,557
31202135403-DAW,DAWSON,312021354,Shoal Point - Bucasia,31202135403,3135403,223,238
31202135404-DAW,DAWSON,312021354,Shoal Point - Bucasia,31202135404,3135404,337,350
31202135405-DAW,DAWSON,312021354,Shoal Point - Bucasia,31202135405,3135405,471,483
31202135406-DAW,DAWSON,312021354,Shoal Point - Bucasia,31202135406,3135406,248,266
31202135407-DAW,DAWSON,312021354,Shoal Point - Bucasia,31202135407,3135407,445,462
31202135408-DAW,DAWSON,312021354,Shoal Point - Bucasia,31202135408,3135408,134,140
31202135410-DAW,DAWSON,312021354,Shoal Point - Bucasia,31202135410,3135410,268,281
31202135411-DAW,DAWSON,312021354,Shoal Point - Bucasia,31202135411,3135411,312,328
31202135412-DAW,DAWSON,312021354,Shoal Point - Bucasia,31202135412,3135412,231,244
31202135413-DAW,DAWSON,312021354,Shoal Point - Bucasia,31202135413,3135413,208,225
31202135414-DAW,DAWSON,312021354,Shoal Point - Bucasia,31202135414,3135414,222,228
31202135415-DAW,DAWSON,312021354,Shoal Point - Bucasia,31202135415,3135415,483,474
31202135501-DAW,DAWSON,312021355,Slade Point,31202135501,3135501,185,184
31202135502-DAW,DAWSON,312021355,Slade Point,31202135502,3135502,270,279
31202135503-DAW,DAWSON,312021355,Slade Point,31202135503,3135503,198,202
31202135504-DAW,DAWSON,312021355,Slade Point,31202135504,3135504,223,226
31202135505-DAW,DAWSON,312021355,Slade Point,31202135505,3135505,322,332
31202135506-DAW,DAWSON,312021355,Slade Point,31202135506,3135506,291,296
31202135507-DAW,DAWSON,312021355,Slade Point,31202135507,3135507,309,321
31202135508-DAW,DAWSON,312021355,Slade Point,31202135508,3135508,159,164
31202135509-DAW,DAWSON,312021355,Slade Point,31202135509,3135509,243,254
31202135510-DAW,DAWSON,312021355,Slade Point,31202135510,3135510,331,341
31202135511-DAW,DAWSON,312021355,Slade Point,31202135511,3135511,156,162
31202135512-DAW,DAWSON,312021355,Slade Point,31202135512,3135512,5,5
31202135513-DAW,DAWSON,312021355,Slade Point,31202135513,3135513,2,2
31202135601-DAW,DAWSON,312021356,South Mackay,31202135601,3135601,282,273
31202135602-DAW,DAWSON,312021356,South Mackay,31202135602,3135602,251,247
31202135603-DAW,DAWSON,312021356,South Mackay,31202135603,3135603,222,227
31202135604-DAW,DAWSON,312021356,South Mackay,31202135604,3135604,321,339
31202135605-DAW,DAWSON,312021356,South Mackay,31202135605,3135605,287,286
31202135606-DAW,DAWSON,312021356,South Mackay,31202135606,3135606,446,445
31202135607-DAW,DAWSON,312021356,South Mackay,31202135607,3135607,448,458
31202135608-DAW,DAWSON,312021356,South Mackay,31202135608,3135608,351,362
31202135609-DAW,DAWSON,312021356,South Mackay,31202135609,3135609,329,342
31202135610-DAW,DAWSON,312021356,South Mackay,31202135610,3135610,318,327
31202135611-DAW,DAWSON,312021356,South Mackay,31202135611,3135611,243,246
31202135612-DAW,DAWSON,312021356,South Mackay,31202135612,3135612,244,259
31202135613-DAW,DAWSON,312021356,South Mackay,31202135613,3135613,208,206
31202135614-DAW,DAWSON,312021356,South Mackay,31202135614,3135614,0,0
31202135615-DAW,DAWSON,312021356,South Mackay,31202135615,3135615,235,228
31202135616-DAW,DAWSON,312021356,South Mackay,31202135616,3135616,280,304
31202135617-DAW,DAWSON,312021356,South Mackay,31202135617,3135617,248,252
31202135618-DAW,DAWSON,312021356,South Mackay,31202135618,3135618,272,266
31202135619-DAW,DAWSON,312021356,South Mackay,31202135619,3135619,175,183
31202135701-CAP,CAPRICORNIA,312021357,Walkerston - Eton,31202135701,3135701,138,142
31202135702-CAP,CAPRICORNIA,312021357,Walkerston - Eton,31202135702,3135702,199,193
31202135703-CAP,CAPRICORNIA,312021357,Walkerston - Eton,31202135703,3135703,211,220
31202135704-CAP,CAPRICORNIA,312021357,Walkerston - Eton,31202135704,3135704,353,371
31202135705-CAP,CAPRICORNIA,312021357,Walkerston - Eton,31202135705,3135705,292,304
31202135706-CAP,CAPRICORNIA,312021357,Walkerston - Eton,31202135706,3135706,280,287
31202135707-CAP,CAPRICORNIA,312021357,Walkerston - Eton,31202135707,3135707,352,370
31202135708-CAP,CAPRICORNIA,312021357,Walkerston - Eton,31202135708,3135708,209,218
31202135710-CAP,CAPRICORNIA,312021357,Walkerston - Eton,31202135710,3135710,185,188
31202135711-CAP,CAPRICORNIA,312021357,Walkerston - Eton,31202135711,3135711,286,280
31202135712-CAP,CAPRICORNIA,312021357,Walkerston - Eton,31202135712,3135712,321,342
31202135713-CAP,CAPRICORNIA,312021357,Walkerston - Eton,31202135713,3135713,174,188
31202135714-CAP,CAPRICORNIA,312021357,Walkerston - Eton,31202135714,3135714,209,215
31202135715-CAP,CAPRICORNIA,312021357,Walkerston - Eton,31202135715,3135715,155,157
31202135716-CAP,CAPRICORNIA,312021357,Walkerston - Eton,31202135716,3135716,275,286
31202135717-CAP,CAPRICORNIA,312021357,Walkerston - Eton,31202135717,3135717,269,260
31202135718-CAP,CAPRICORNIA,312021357,Walkerston - Eton,31202135718,3135718,253,271
31202135719-CAP,CAPRICORNIA,312021357,Walkerston - Eton,31202135719,3135719,217,210
31202135720-CAP,CAPRICORNIA,312021357,Walkerston - Eton,31202135720,3135720,580,561
31202135721-CAP,CAPRICORNIA,312021357,Walkerston - Eton,31202135721,3135721,225,224
31202135722-CAP,CAPRICORNIA,312021357,Walkerston - Eton,31202135722,3135722,341,350
31202135723-CAP,CAPRICORNIA,312021357,Walkerston - Eton,31202135723,3135723,547,549
31202135724-CAP,CAPRICORNIA,312021357,Walkerston - Eton,31202135724,3135724,293,300
31202135725-CAP,CAPRICORNIA,312021357,Walkerston - Eton,31202135725,3135725,88,86
31202135801-DAW,DAWSON,312021358,West Mackay,31202135801,3135801,288,314
31202135802-DAW,DAWSON,312021358,West Mackay,31202135802,3135802,359,359
31202135803-DAW,DAWSON,312021358,West Mackay,31202135803,3135803,181,184
31202135804-DAW,DAWSON,312021358,West Mackay,31202135804,3135804,240,250
31202135805-DAW,DAWSON,312021358,West Mackay,31202135805,3135805,371,383
31202135806-DAW,DAWSON,312021358,West Mackay,31202135806,3135806,250,252
31202135807-DAW,DAWSON,312021358,West Mackay,31202135807,3135807,16,17
31202135808-DAW,DAWSON,312021358,West Mackay,31202135808,3135808,259,262
31202135809-DAW,DAWSON,312021358,West Mackay,31202135809,3135809,206,201
31202135810-DAW,DAWSON,312021358,West Mackay,31202135810,3135810,319,335
31202135811-DAW,DAWSON,312021358,West Mackay,31202135811,3135811,248,252
31202135812-DAW,DAWSON,312021358,West Mackay,31202135812,3135812,435,460
31202135813-DAW,DAWSON,312021358,West Mackay,31202135813,3135813,245,251
31202135814-DAW,DAWSON,312021358,West Mackay,31202135814,3135814,215,217
31202135815-DAW,DAWSON,312021358,West Mackay,31202135815,3135815,169,176
31202135816-DAW,DAWSON,312021358,West Mackay,31202135816,3135816,354,375
31202135817-DAW,DAWSON,312021358,West Mackay,31202135817,3135817,306,320
31203135901-DAW,DAWSON,312031359,Airlie - Whitsundays,31203135901,3135901,233,241
31203135902-DAW,DAWSON,312031359,Airlie - Whitsundays,31203135902,3135902,11,12
31203135903-DAW,DAWSON,312031359,Airlie - Whitsundays,31203135903,3135903,295,317
31203135904-DAW,DAWSON,312031359,Airlie - Whitsundays,31203135904,3135904,211,210
31203135905-DAW,DAWSON,312031359,Airlie - Whitsundays,31203135905,3135905,374,399
31203135906-DAW,DAWSON,312031359,Airlie - Whitsundays,31203135906,3135906,41,44
31203135909-DAW,DAWSON,312031359,Airlie - Whitsundays,31203135909,3135909,346,395
31203135910-DAW,DAWSON,312031359,Airlie - Whitsundays,31203135910,3135910,412,410
31203135911-DAW,DAWSON,312031359,Airlie - Whitsundays,31203135911,3135911,401,420
31203135912-DAW,DAWSON,312031359,Airlie - Whitsundays,31203135912,3135912,391,419
31203135913-DAW,DAWSON,312031359,Airlie - Whitsundays,31203135913,3135913,217,235
31203135914-DAW,DAWSON,312031359,Airlie - Whitsundays,31203135914,3135914,352,370
31203135915-DAW,DAWSON,312031359,Airlie - Whitsundays,31203135915,3135915,97,97
31203135916-DAW,DAWSON,312031359,Airlie - Whitsundays,31203135916,3135916,102,111
31203135917-DAW,DAWSON,312031359,Airlie - Whitsundays,31203135917,3135917,2,2
31203135918-DAW,DAWSON,312031359,Airlie - Whitsundays,31203135918,3135918,70,75
31203135919-DAW,DAWSON,312031359,Airlie - Whitsundays,31203135919,3135919,229,253
31203135920-DAW,DAWSON,312031359,Airlie - Whitsundays,31203135920,3135920,329,362
31203135921-DAW,DAWSON,312031359,Airlie - Whitsundays,31203135921,3135921,342,357
31203135922-DAW,DAWSON,312031359,Airlie - Whitsundays,31203135922,3135922,367,365
31203135923-DAW,DAWSON,312031359,Airlie - Whitsundays,31203135923,3135923,136,144
31203135924-DAW,DAWSON,312031359,Airlie - Whitsundays,31203135924,3135924,170,187
31203135925-DAW,DAWSON,312031359,Airlie - Whitsundays,31203135925,3135925,288,320
31203135926-DAW,DAWSON,312031359,Airlie - Whitsundays,31203135926,3135926,173,172
31203135927-DAW,DAWSON,312031359,Airlie - Whitsundays,31203135927,3135927,492,568
31203135928-DAW,DAWSON,312031359,Airlie - Whitsundays,31203135928,3135928,1314,1436
31203135929-DAW,DAWSON,312031359,Airlie - Whitsundays,31203135929,3135929,431,476
31203135930-DAW,DAWSON,312031359,Airlie - Whitsundays,31203135930,3135930,819,884
31203135931-DAW,DAWSON,312031359,Airlie - Whitsundays,31203135931,3135931,104,113
31203135932-DAW,DAWSON,312031359,Airlie - Whitsundays,31203135932,3135932,296,309
31203136001-DAW,DAWSON,312031360,Cape Conway,31203136001,3136001,0,0
31203136101-DAW,DAWSON,312031361,Proserpine,31203136101,3136101,451,467
31203136102-DAW,DAWSON,312031361,Proserpine,31203136102,3136102,505,515
31203136103-DAW,DAWSON,312031361,Proserpine,31203136103,3136103,278,288
31203136104-DAW,DAWSON,312031361,Proserpine,31203136104,3136104,306,319
31203136105-DAW,DAWSON,312031361,Proserpine,31203136105,3136105,507,526
31203136106-DAW,DAWSON,312031361,Proserpine,31203136106,3136106,365,379
31203136107-DAW,DAWSON,312031361,Proserpine,31203136107,3136107,290,291
31203136108-DAW,DAWSON,312031361,Proserpine,31203136108,3136108,184,195
31203136109-DAW,DAWSON,312031361,Proserpine,31203136109,3136109,291,303
31203136110-DAW,DAWSON,312031361,Proserpine,31203136110,3136110,366,389
31203136111-DAW,DAWSON,312031361,Proserpine,31203136111,3136111,68,69
31203136112-DAW,DAWSON,312031361,Proserpine,31203136112,3136112,417,438
31203136113-DAW,DAWSON,312031361,Proserpine,31203136113,3136113,360,397
31203136114-DAW,DAWSON,312031361,Proserpine,31203136114,3136114,396,419
31203136115-DAW,DAWSON,312031361,Proserpine,31203136115,3136115,152,149
31203136116-DAW,DAWSON,312031361,Proserpine,31203136116,3136116,303,311
31203136117-DAW,DAWSON,312031361,Proserpine,31203136117,3136117,188,184
31203136118-DAW,DAWSON,312031361,Proserpine,31203136118,3136118,257,270
31203136119-DAW,DAWSON,312031361,Proserpine,31203136119,3136119,241,252
31203136120-DAW,DAWSON,312031361,Proserpine,31203136120,3136120,252,257
31203136121-DAW,DAWSON,312031361,Proserpine,31203136121,3136121,6,6
31203136122-DAW,DAWSON,312031361,Proserpine,31203136122,3136122,261,269
31203136123-DAW,DAWSON,312031361,Proserpine,31203136123,3136123,248,254
31301136201-LON,LONGMAN,313011362,Beachmere - Sandstone Point,31301136201,3136201,423,440
31301136202-LON,LONGMAN,313011362,Beachmere - Sandstone Point,31301136202,3136202,574,622
31301136204-LON,LONGMAN,313011362,Beachmere - Sandstone Point,31301136204,3136204,0,0
31301136205-LON,LONGMAN,313011362,Beachmere - Sandstone Point,31301136205,3136205,669,677
31301136207-LON,LONGMAN,313011362,Beachmere - Sandstone Point,31301136207,3136207,213,217
31301136208-LON,LONGMAN,313011362,Beachmere - Sandstone Point,31301136208,3136208,493,510
31301136209-LON,LONGMAN,313011362,Beachmere - Sandstone Point,31301136209,3136209,421,437
31301136210-LON,LONGMAN,313011362,Beachmere - Sandstone Point,31301136210,3136210,330,331
31301136211-LON,LONGMAN,313011362,Beachmere - Sandstone Point,31301136211,3136211,293,306
31301136212-LON,LONGMAN,313011362,Beachmere - Sandstone Point,31301136212,3136212,241,261
31301136213-LON,LONGMAN,313011362,Beachmere - Sandstone Point,31301136213,3136213,300,309
31301136214-LON,LONGMAN,313011362,Beachmere - Sandstone Point,31301136214,3136214,635,653
31301136215-LON,LONGMAN,313011362,Beachmere - Sandstone Point,31301136215,3136215,358,368
31301136216-LON,LONGMAN,313011362,Beachmere - Sandstone Point,31301136216,3136216,339,347
31301136217-LON,LONGMAN,313011362,Beachmere - Sandstone Point,31301136217,3136217,471,493
31301136218-LON,LONGMAN,313011362,Beachmere - Sandstone Point,31301136218,3136218,250,267
31301136219-LON,LONGMAN,313011362,Beachmere - Sandstone Point,31301136219,3136219,606,622
31301136220-LON,LONGMAN,313011362,Beachmere - Sandstone Point,31301136220,3136220,440,458
31301136222-LON,LONGMAN,313011362,Beachmere - Sandstone Point,31301136222,3136222,222,248
31301136223-LON,LONGMAN,313011362,Beachmere - Sandstone Point,31301136223,3136223,281,296
31301136224-LON,LONGMAN,313011362,Beachmere - Sandstone Point,31301136224,3136224,421,439
31301136225-LON,LONGMAN,313011362,Beachmere - Sandstone Point,31301136225,3136225,223,233
31301136226-LON,LONGMAN,313011362,Beachmere - Sandstone Point,31301136226,3136226,430,446
31301136227-LON,LONGMAN,313011362,Beachmere - Sandstone Point,31301136227,3136227,474,464
31301136228-LON,LONGMAN,313011362,Beachmere - Sandstone Point,31301136228,3136228,317,321
31301136229-LON,LONGMAN,313011362,Beachmere - Sandstone Point,31301136229,3136229,405,435
31301136230-LON,LONGMAN,313011362,Beachmere - Sandstone Point,31301136230,3136230,552,570
31301136232-LON,LONGMAN,313011362,Beachmere - Sandstone Point,31301136232,3136232,311,325
31301136233-LON,LONGMAN,313011362,Beachmere - Sandstone Point,31301136233,3136233,270,282
31301136234-LON,LONGMAN,313011362,Beachmere - Sandstone Point,31301136234,3136234,1169,1239
31301136235-LON,LONGMAN,313011362,Beachmere - Sandstone Point,31301136235,3136235,398,423
31301136236-LON,LONGMAN,313011362,Beachmere - Sandstone Point,31301136236,3136236,330,335
31301136237-LON,LONGMAN,313011362,Beachmere - Sandstone Point,31301136237,3136237,547,570
31301136238-LON,LONGMAN,313011362,Beachmere - Sandstone Point,31301136238,3136238,583,586
31301136301-LON,LONGMAN,313011363,Bribie Island,31301136301,3136301,387,396
31301136302-LON,LONGMAN,313011363,Bribie Island,31301136302,3136302,562,575
31301136303-LON,LONGMAN,313011363,Bribie Island,31301136303,3136303,360,365
31301136304-LON,LONGMAN,313011363,Bribie Island,31301136304,3136304,329,345
31301136305-LON,LONGMAN,313011363,Bribie Island,31301136305,3136305,326,329
31301136306-LON,LONGMAN,313011363,Bribie Island,31301136306,3136306,455,461
31301136307-LON,LONGMAN,313011363,Bribie Island,31301136307,3136307,197,204
31301136308-LON,LONGMAN,313011363,Bribie Island,31301136308,3136308,282,285
31301136309-LON,LONGMAN,313011363,Bribie Island,31301136309,3136309,339,342
31301136310-LON,LONGMAN,313011363,Bribie Island,31301136310,3136310,310,336
31301136311-LON,LONGMAN,313011363,Bribie Island,31301136311,3136311,304,319
31301136312-LON,LONGMAN,313011363,Bribie Island,31301136312,3136312,343,368
31301136313-LON,LONGMAN,313011363,Bribie Island,31301136313,3136313,195,204
31301136314-LON,LONGMAN,313011363,Bribie Island,31301136314,3136314,486,512
31301136315-LON,LONGMAN,313011363,Bribie Island,31301136315,3136315,445,474
31301136316-LON,LONGMAN,313011363,Bribie Island,31301136316,3136316,388,399
31301136317-LON,LONGMAN,313011363,Bribie Island,31301136317,3136317,444,454
31301136318-LON,LONGMAN,313011363,Bribie Island,31301136318,3136318,365,405
31301136321-LON,LONGMAN,313011363,Bribie Island,31301136321,3136321,0,0
31301136323-LON,LONGMAN,313011363,Bribie Island,31301136323,3136323,469,473
31301136325-LON,LONGMAN,313011363,Bribie Island,31301136325,3136325,246,259
31301136326-LON,LONGMAN,313011363,Bribie Island,31301136326,3136326,363,381
31301136327-LON,LONGMAN,313011363,Bribie Island,31301136327,3136327,185,194
31301136328-LON,LONGMAN,313011363,Bribie Island,31301136328,3136328,223,246
31301136329-LON,LONGMAN,313011363,Bribie Island,31301136329,3136329,505,512
31301136330-LON,LONGMAN,313011363,Bribie Island,31301136330,3136330,0,0
31301136332-LON,LONGMAN,313011363,Bribie Island,31301136332,3136332,425,451
31301136333-LON,LONGMAN,313011363,Bribie Island,31301136333,3136333,345,363
31301136334-LON,LONGMAN,313011363,Bribie Island,31301136334,3136334,250,269
31301136335-LON,LONGMAN,313011363,Bribie Island,31301136335,3136335,411,426
31301136336-LON,LONGMAN,313011363,Bribie Island,31301136336,3136336,594,603
31301136337-LON,LONGMAN,313011363,Bribie Island,31301136337,3136337,201,212
31301136338-LON,LONGMAN,313011363,Bribie Island,31301136338,3136338,386,415
31301136339-LON,LONGMAN,313011363,Bribie Island,31301136339,3136339,242,252
31301136340-LON,LONGMAN,313011363,Bribie Island,31301136340,3136340,398,415
31301136341-LON,LONGMAN,313011363,Bribie Island,31301136341,3136341,385,393
31301136342-LON,LONGMAN,313011363,Bribie Island,31301136342,3136342,271,287
31301136344-LON,LONGMAN,313011363,Bribie Island,31301136344,3136344,140,153
31301136345-LON,LONGMAN,313011363,Bribie Island,31301136345,3136345,392,406
31301136346-LON,LONGMAN,313011363,Bribie Island,31301136346,3136346,364,390
31301136347-LON,LONGMAN,313011363,Bribie Island,31301136347,3136347,584,628
31301136348-LON,LONGMAN,313011363,Bribie Island,31301136348,3136348,640,690
31301136349-LON,LONGMAN,313011363,Bribie Island,31301136349,3136349,293,303
31301136350-LON,LONGMAN,313011363,Bribie Island,31301136350,3136350,583,589
31301136351-LON,LONGMAN,313011363,Bribie Island,31301136351,3136351,508,523
31301136352-LON,LONGMAN,313011363,Bribie Island,31301136352,3136352,386,390
31301136353-LON,LONGMAN,313011363,Bribie Island,31301136353,3136353,350,365
31301136354-LON,LONGMAN,313011363,Bribie Island,31301136354,3136354,521,550
31301136356-LON,LONGMAN,313011363,Bribie Island,31301136356,3136356,436,463
31301136357-LON,LONGMAN,313011363,Bribie Island,31301136357,3136357,153,163
31301136358-LON,LONGMAN,313011363,Bribie Island,31301136358,3136358,0,0
31301136359-LON,LONGMAN,313011363,Bribie Island,31301136359,3136359,665,694
31302136402-LON,LONGMAN,313021364,Burpengary - East,31302136402,3136402,309,377
31302136403-LON,LONGMAN,313021364,Burpengary - East,31302136403,3136403,316,375
31302136404-LON,LONGMAN,313021364,Burpengary - East,31302136404,3136404,288,347
31302136405-LON,LONGMAN,313021364,Burpengary - East,31302136405,3136405,370,381
31302136406-LON,LONGMAN,313021364,Burpengary - East,31302136406,3136406,614,737
31302136407-LON,LONGMAN,313021364,Burpengary - East,31302136407,3136407,278,323
31302136408-LON,LONGMAN,313021364,Burpengary - East,31302136408,3136408,360,423
31302136409-LON,LONGMAN,313021364,Burpengary - East,31302136409,3136409,318,378
31302136410-LON,LONGMAN,313021364,Burpengary - East,31302136410,3136410,165,193
31302136411-LON,LONGMAN,313021364,Burpengary - East,31302136411,3136411,81,94
31302136413-LON,LONGMAN,313021364,Burpengary - East,31302136413,3136413,3,3
31302136414-LON,LONGMAN,313021364,Burpengary - East,31302136414,3136414,211,243
31302136415-LON,LONGMAN,313021364,Burpengary - East,31302136415,3136415,724,745
31302136416-LON,LONGMAN,313021364,Burpengary - East,31302136416,3136416,906,1142
31302136417-LON,LONGMAN,313021364,Burpengary - East,31302136417,3136417,300,309
31302136418-LON,LONGMAN,313021364,Burpengary - East,31302136418,3136418,456,469
31302136419-LON,LONGMAN,313021364,Burpengary - East,31302136419,3136419,1,1
31302136420-LON,LONGMAN,313021364,Burpengary - East,31302136420,3136420,253,296
31302136601-LON,LONGMAN,313021366,Caboolture - South,31302136601,3136601,358,380
31302136602-LON,LONGMAN,313021366,Caboolture - South,31302136602,3136602,232,250
31302136603-LON,LONGMAN,313021366,Caboolture - South,31302136603,3136603,296,313
31302136604-LON,LONGMAN,313021366,Caboolture - South,31302136604,3136604,458,517
31302136605-LON,LONGMAN,313021366,Caboolture - South,31302136605,3136605,300,299
31302136606-LON,LONGMAN,313021366,Caboolture - South,31302136606,3136606,214,224
31302136608-LON,LONGMAN,313021366,Caboolture - South,31302136608,3136608,488,521
31302136609-LON,LONGMAN,313021366,Caboolture - South,31302136609,3136609,432,430
31302136610-LON,LONGMAN,313021366,Caboolture - South,31302136610,3136610,381,405
31302136611-LON,LONGMAN,313021366,Caboolture - South,31302136611,3136611,343,365
31302136612-LON,LONGMAN,313021366,Caboolture - South,31302136612,3136612,0,0
31302136613-LON,LONGMAN,313021366,Caboolture - South,31302136613,3136613,382,404
31302136615-LON,LONGMAN,313021366,Caboolture - South,31302136615,3136615,485,516
31302136616-LON,LONGMAN,313021366,Caboolture - South,31302136616,3136616,418,466
31302136617-LON,LONGMAN,313021366,Caboolture - South,31302136617,3136617,492,532
31302136618-LON,LONGMAN,313021366,Caboolture - South,31302136618,3136618,266,302
31302136619-LON,LONGMAN,313021366,Caboolture - South,31302136619,3136619,262,292
31302136620-LON,LONGMAN,313021366,Caboolture - South,31302136620,3136620,331,330
31302136621-LON,LONGMAN,313021366,Caboolture - South,31302136621,3136621,465,493
31302136622-LON,LONGMAN,313021366,Caboolture - South,31302136622,3136622,872,879
31302136624-LON,LONGMAN,313021366,Caboolture - South,31302136624,3136624,365,388
31302136625-LON,LONGMAN,313021366,Caboolture - South,31302136625,3136625,272,287
31302136626-LON,LONGMAN,313021366,Caboolture - South,31302136626,3136626,283,296
31302136627-LON,LONGMAN,313021366,Caboolture - South,31302136627,3136627,336,369
31302136628-LON,LONGMAN,313021366,Caboolture - South,31302136628,3136628,334,352
31302136629-LON,LONGMAN,313021366,Caboolture - South,31302136629,3136629,207,222
31302136630-LON,LONGMAN,313021366,Caboolture - South,31302136630,3136630,264,284
31302136634-LON,LONGMAN,313021366,Caboolture - South,31302136634,3136634,278,301
31302136635-LON,LONGMAN,313021366,Caboolture - South,31302136635,3136635,275,297
31302136636-LON,LONGMAN,313021366,Caboolture - South,31302136636,3136636,348,377
31302136637-LON,LONGMAN,313021366,Caboolture - South,31302136637,3136637,405,436
31302136639-LON,LONGMAN,313021366,Caboolture - South,31302136639,3136639,565,637
31302136640-LON,LONGMAN,313021366,Caboolture - South,31302136640,3136640,651,701
31302136641-LON,LONGMAN,313021366,Caboolture - South,31302136641,3136641,252,278
31302136642-LON,LONGMAN,313021366,Caboolture - South,31302136642,3136642,359,376
31302136643-LON,LONGMAN,313021366,Caboolture - South,31302136643,3136643,344,357
31302136644-LON,LONGMAN,313021366,Caboolture - South,31302136644,3136644,359,389
31302136645-LON,LONGMAN,313021366,Caboolture - South,31302136645,3136645,554,582
31302136646-LON,LONGMAN,313021366,Caboolture - South,31302136646,3136646,403,436
31302136647-LON,LONGMAN,313021366,Caboolture - South,31302136647,3136647,250,266
31302136648-LON,LONGMAN,313021366,Caboolture - South,31302136648,3136648,250,271
31302136649-LON,LONGMAN,313021366,Caboolture - South,31302136649,3136649,524,582
31302136650-LON,LONGMAN,313021366,Caboolture - South,31302136650,3136650,639,703
31302136651-LON,LONGMAN,313021366,Caboolture - South,31302136651,3136651,426,434
31302136652-LON,LONGMAN,313021366,Caboolture - South,31302136652,3136652,197,212
31302136653-LON,LONGMAN,313021366,Caboolture - South,31302136653,3136653,518,551
31302136654-LON,LONGMAN,313021366,Caboolture - South,31302136654,3136654,396,434
31302136701-LON,LONGMAN,313021367,Elimbah,31302136701,3136701,371,371
31302136702-LON,LONGMAN,313021367,Elimbah,31302136702,3136702,313,325
31302136703-LON,LONGMAN,313021367,Elimbah,31302136703,3136703,547,565
31302136704-LON,LONGMAN,313021367,Elimbah,31302136704,3136704,343,349
31302136705-LON,LONGMAN,313021367,Elimbah,31302136705,3136705,349,355
31302136706-LON,LONGMAN,313021367,Elimbah,31302136706,3136706,292,311
31302136707-LON,LONGMAN,313021367,Elimbah,31302136707,3136707,245,267
31302136708-LON,LONGMAN,313021367,Elimbah,31302136708,3136708,311,317
31302136709-LON,LONGMAN,313021367,Elimbah,31302136709,3136709,346,349
31302136710-LON,LONGMAN,313021367,Elimbah,31302136710,3136710,285,294
31302136801-LON,LONGMAN,313021368,Morayfield - East,31302136801,3136801,154,166
31302136802-LON,LONGMAN,313021368,Morayfield - East,31302136802,3136802,362,391
31302136803-LON,LONGMAN,313021368,Morayfield - East,31302136803,3136803,288,328
31302136804-LON,LONGMAN,313021368,Morayfield - East,31302136804,3136804,323,345
31302136805-LON,LONGMAN,313021368,Morayfield - East,31302136805,3136805,158,170
31302136806-LON,LONGMAN,313021368,Morayfield - East,31302136806,3136806,314,334
31302136807-LON,LONGMAN,313021368,Morayfield - East,31302136807,3136807,319,333
31302136808-LON,LONGMAN,313021368,Morayfield - East,31302136808,3136808,492,523
31302136809-LON,LONGMAN,313021368,Morayfield - East,31302136809,3136809,443,467
31302136814-LON,LONGMAN,313021368,Morayfield - East,31302136814,3136814,365,394
31302136815-LON,LONGMAN,313021368,Morayfield - East,31302136815,3136815,372,392
31302136816-LON,LONGMAN,313021368,Morayfield - East,31302136816,3136816,283,335
31302136817-LON,LONGMAN,313021368,Morayfield - East,31302136817,3136817,463,513
31302136818-LON,LONGMAN,313021368,Morayfield - East,31302136818,3136818,842,895
31302136819-LON,LONGMAN,313021368,Morayfield - East,31302136819,3136819,173,189
31302136820-LON,LONGMAN,313021368,Morayfield - East,31302136820,3136820,424,446
31302136821-LON,LONGMAN,313021368,Morayfield - East,31302136821,3136821,241,241
31302136822-LON,LONGMAN,313021368,Morayfield - East,31302136822,3136822,354,408
31302136823-LON,LONGMAN,313021368,Morayfield - East,31302136823,3136823,293,312
31302136824-LON,LONGMAN,313021368,Morayfield - East,31302136824,3136824,276,291
31302136825-LON,LONGMAN,313021368,Morayfield - East,31302136825,3136825,318,352
31302136826-LON,LONGMAN,313021368,Morayfield - East,31302136826,3136826,297,315
31302136827-LON,LONGMAN,313021368,Morayfield - East,31302136827,3136827,354,354
31302136828-LON,LONGMAN,313021368,Morayfield - East,31302136828,3136828,317,335
31302136829-LON,LONGMAN,313021368,Morayfield - East,31302136829,3136829,138,153
31302136901-LON,LONGMAN,313021369,Wamuran,31302136901,3136901,213,228
31302136902-LON,LONGMAN,313021369,Wamuran,31302136902,3136902,158,169
31302136903-LON,LONGMAN,313021369,Wamuran,31302136903,3136903,218,228
31302136904-LON,LONGMAN,313021369,Wamuran,31302136904,3136904,325,334
31302136905-LON,LONGMAN,313021369,Wamuran,31302136905,3136905,636,658
31302136906-LON,LONGMAN,313021369,Wamuran,31302136906,3136906,515,548
31302136907-LON,LONGMAN,313021369,Wamuran,31302136907,3136907,716,754
31302136908-LON,LONGMAN,313021369,Wamuran,31302136908,3136908,438,440
31303137001-BLA,BLAIR,313031370,Kilcoy,31303137001,3137001,270,279
31303137002-BLA,BLAIR,313031370,Kilcoy,31303137002,3137002,276,290
31303137003-BLA,BLAIR,313031370,Kilcoy,31303137003,3137003,175,187
31303137004-BLA,BLAIR,313031370,Kilcoy,31303137004,3137004,287,299
31303137005-BLA,BLAIR,313031370,Kilcoy,31303137005,3137005,651,634
31303137006-BLA,BLAIR,313031370,Kilcoy,31303137006,3137006,504,529
31303137007-BLA,BLAIR,313031370,Kilcoy,31303137007,3137007,293,306
31303137008-BLA,BLAIR,313031370,Kilcoy,31303137008,3137008,205,215
31303137010-BLA,BLAIR,313031370,Kilcoy,31303137010,3137010,320,335
31303137012-BLA,BLAIR,313031370,Kilcoy,31303137012,3137012,250,256
31303137013-BLA,BLAIR,313031370,Kilcoy,31303137013,3137013,227,221
31303137014-BLA,BLAIR,313031370,Kilcoy,31303137014,3137014,394,411
31303137015-BLA,BLAIR,313031370,Kilcoy,31303137015,3137015,252,269
31303137016-BLA,BLAIR,313031370,Kilcoy,31303137016,3137016,95,93
31303137017-BLA,BLAIR,313031370,Kilcoy,31303137017,3137017,275,278
31303137101-LON,LONGMAN,313031371,Woodford - D`Aguilar,31303137101,3137101,372,404
31303137102-LON,LONGMAN,313031371,Woodford - D`Aguilar,31303137102,3137102,6,6
31303137103-LON,LONGMAN,313031371,Woodford - D`Aguilar,31303137103,3137103,292,285
31303137105-LON,LONGMAN,313031371,Woodford - D`Aguilar,31303137105,3137105,573,572
31303137106-LON,LONGMAN,313031371,Woodford - D`Aguilar,31303137106,3137106,359,362
31303137107-LON,LONGMAN,313031371,Woodford - D`Aguilar,31303137107,3137107,758,758
31303137108-LON,LONGMAN,313031371,Woodford - D`Aguilar,31303137108,3137108,966,966
31303137109-LON,LONGMAN,313031371,Woodford - D`Aguilar,31303137109,3137109,60,67
31303137111-LON,LONGMAN,313031371,Woodford - D`Aguilar,31303137111,3137111,494,543
31303137112-LON,LONGMAN,313031371,Woodford - D`Aguilar,31303137112,3137112,164,170
31303137115-FIS,FISHER,313031371,Woodford - D`Aguilar,31303137115,3137115,3,3
31303137115-LON,LONGMAN,313031371,Woodford - D`Aguilar,31303137115,3137115,269,288
31303137116-LON,LONGMAN,313031371,Woodford - D`Aguilar,31303137116,3137116,317,323
31303137117-LON,LONGMAN,313031371,Woodford - D`Aguilar,31303137117,3137117,584,626
31303137118-LON,LONGMAN,313031371,Woodford - D`Aguilar,31303137118,3137118,69,73
31303137119-LON,LONGMAN,313031371,Woodford - D`Aguilar,31303137119,3137119,581,597
31303137120-LON,LONGMAN,313031371,Woodford - D`Aguilar,31303137120,3137120,665,737
31303137121-LON,LONGMAN,313031371,Woodford - D`Aguilar,31303137121,3137121,277,287
31303137122-LON,LONGMAN,313031371,Woodford - D`Aguilar,31303137122,3137122,183,189
31304137201-LON,LONGMAN,313041372,Burpengary,31304137201,3137201,147,156
31304137202-LON,LONGMAN,313041372,Burpengary,31304137202,3137202,459,500
31304137203-LON,LONGMAN,313041372,Burpengary,31304137203,3137203,192,197
31304137204-LON,LONGMAN,313041372,Burpengary,31304137204,3137204,287,293
31304137205-LON,LONGMAN,313041372,Burpengary,31304137205,3137205,219,241
31304137206-LON,LONGMAN,313041372,Burpengary,31304137206,3137206,200,208
31304137207-LON,LONGMAN,313041372,Burpengary,31304137207,3137207,206,220
31304137208-LON,LONGMAN,313041372,Burpengary,31304137208,3137208,882,935
31304137209-LON,LONGMAN,313041372,Burpengary,31304137209,3137209,175,185
31304137210-LON,LONGMAN,313041372,Burpengary,31304137210,3137210,494,536
31304137211-LON,LONGMAN,313041372,Burpengary,31304137211,3137211,272,295
31304137214-LON,LONGMAN,313041372,Burpengary,31304137214,3137214,159,175
31304137215-LON,LONGMAN,313041372,Burpengary,31304137215,3137215,540,608
31304137216-LON,LONGMAN,313041372,Burpengary,31304137216,3137216,254,271
31304137217-LON,LONGMAN,313041372,Burpengary,31304137217,3137217,425,476
31304137218-LON,LONGMAN,313041372,Burpengary,31304137218,3137218,204,210
31304137219-LON,LONGMAN,313041372,Burpengary,31304137219,3137219,578,626
31304137220-LON,LONGMAN,313041372,Burpengary,31304137220,3137220,250,260
31304137221-LON,LONGMAN,313041372,Burpengary,31304137221,3137221,318,338
31304137222-LON,LONGMAN,313041372,Burpengary,31304137222,3137222,162,172
31304137223-LON,LONGMAN,313041372,Burpengary,31304137223,3137223,314,310
31304137224-LON,LONGMAN,313041372,Burpengary,31304137224,3137224,318,347
31304137225-LON,LONGMAN,313041372,Burpengary,31304137225,3137225,331,356
31304137226-LON,LONGMAN,313041372,Burpengary,31304137226,3137226,365,389
31304137227-LON,LONGMAN,313041372,Burpengary,31304137227,3137227,296,317
31304137228-LON,LONGMAN,313041372,Burpengary,31304137228,3137228,345,367
31304137229-LON,LONGMAN,313041372,Burpengary,31304137229,3137229,413,407
31304137230-LON,LONGMAN,313041372,Burpengary,31304137230,3137230,363,377
31304137231-LON,LONGMAN,313041372,Burpengary,31304137231,3137231,179,176
31304137232-LON,LONGMAN,313041372,Burpengary,31304137232,3137232,559,595
31304137233-LON,LONGMAN,313041372,Burpengary,31304137233,3137233,204,215
31304137234-LON,LONGMAN,313041372,Burpengary,31304137234,3137234,351,383
31304137235-LON,LONGMAN,313041372,Burpengary,31304137235,3137235,284,298
31304137236-LON,LONGMAN,313041372,Burpengary,31304137236,3137236,361,388
31304137237-LON,LONGMAN,313041372,Burpengary,31304137237,3137237,368,406
31304137238-LON,LONGMAN,313041372,Burpengary,31304137238,3137238,386,405
31304137239-LON,LONGMAN,313041372,Burpengary,31304137239,3137239,456,450
31304137240-LON,LONGMAN,313041372,Burpengary,31304137240,3137240,625,705
31304137301-PET,PETRIE,313041373,Deception Bay,31304137301,3137301,346,337
31304137302-PET,PETRIE,313041373,Deception Bay,31304137302,3137302,290,299
31304137303-PET,PETRIE,313041373,Deception Bay,31304137303,3137303,188,197
31304137304-PET,PETRIE,313041373,Deception Bay,31304137304,3137304,366,392
31304137305-PET,PETRIE,313041373,Deception Bay,31304137305,3137305,447,452
31304137306-PET,PETRIE,313041373,Deception Bay,31304137306,3137306,313,320
31304137307-PET,PETRIE,313041373,Deception Bay,31304137307,3137307,245,265
31304137308-PET,PETRIE,313041373,Deception Bay,31304137308,3137308,208,224
31304137309-PET,PETRIE,313041373,Deception Bay,31304137309,3137309,277,296
31304137310-PET,PETRIE,313041373,Deception Bay,31304137310,3137310,158,164
31304137311-PET,PETRIE,313041373,Deception Bay,31304137311,3137311,235,229
31304137312-PET,PETRIE,313041373,Deception Bay,31304137312,3137312,551,571
31304137313-PET,PETRIE,313041373,Deception Bay,31304137313,3137313,0,0
31304137314-PET,PETRIE,313041373,Deception Bay,31304137314,3137314,985,1006
31304137315-PET,PETRIE,313041373,Deception Bay,31304137315,3137315,175,187
31304137316-PET,PETRIE,313041373,Deception Bay,31304137316,3137316,222,225
31304137317-PET,PETRIE,313041373,Deception Bay,31304137317,3137317,136,142
31304137318-PET,PETRIE,313041373,Deception Bay,31304137318,3137318,396,427
31304137319-PET,PETRIE,313041373,Deception Bay,31304137319,3137319,329,354
31304137320-PET,PETRIE,313041373,Deception Bay,31304137320,3137320,544,571
31304137321-PET,PETRIE,313041373,Deception Bay,31304137321,3137321,331,353
31304137323-PET,PETRIE,313041373,Deception Bay,31304137323,3137323,384,414
31304137324-PET,PETRIE,313041373,Deception Bay,31304137324,3137324,226,248
31304137325-PET,PETRIE,313041373,Deception Bay,31304137325,3137325,203,224
31304137326-PET,PETRIE,313041373,Deception Bay,31304137326,3137326,342,386
31304137327-PET,PETRIE,313041373,Deception Bay,31304137327,3137327,0,0
31304137328-PET,PETRIE,313041373,Deception Bay,31304137328,3137328,540,554
31304137329-PET,PETRIE,313041373,Deception Bay,31304137329,3137329,755,784
31304137330-PET,PETRIE,313041373,Deception Bay,31304137330,3137330,866,1029
31304137331-PET,PETRIE,313041373,Deception Bay,31304137331,3137331,341,346
31304137332-PET,PETRIE,313041373,Deception Bay,31304137332,3137332,359,380
31304137333-PET,PETRIE,313041373,Deception Bay,31304137333,3137333,446,453
31304137334-PET,PETRIE,313041373,Deception Bay,31304137334,3137334,231,244
31304137335-PET,PETRIE,313041373,Deception Bay,31304137335,3137335,252,271
31304137336-PET,PETRIE,313041373,Deception Bay,31304137336,3137336,91,101
31304137337-PET,PETRIE,313041373,Deception Bay,31304137337,3137337,0,0
31304137338-PET,PETRIE,313041373,Deception Bay,31304137338,3137338,198,210
31304137339-PET,PETRIE,313041373,Deception Bay,31304137339,3137339,330,344
31304137340-PET,PETRIE,313041373,Deception Bay,31304137340,3137340,234,244
31304137341-PET,PETRIE,313041373,Deception Bay,31304137341,3137341,339,351
31304137342-PET,PETRIE,313041373,Deception Bay,31304137342,3137342,322,313
31304137343-PET,PETRIE,313041373,Deception Bay,31304137343,3137343,305,297
31304137344-PET,PETRIE,313041373,Deception Bay,31304137344,3137344,240,248
31304137345-PET,PETRIE,313041373,Deception Bay,31304137345,3137345,206,207
31304137346-PET,PETRIE,313041373,Deception Bay,31304137346,3137346,188,202
31304137347-PET,PETRIE,313041373,Deception Bay,31304137347,3137347,563,573
31304137348-PET,PETRIE,313041373,Deception Bay,31304137348,3137348,410,422
31304137349-PET,PETRIE,313041373,Deception Bay,31304137349,3137349,339,350
31304137350-PET,PETRIE,313041373,Deception Bay,31304137350,3137350,363,374
31304137351-PET,PETRIE,313041373,Deception Bay,31304137351,3137351,442,471
31304137352-PET,PETRIE,313041373,Deception Bay,31304137352,3137352,254,270
31304137353-PET,PETRIE,313041373,Deception Bay,31304137353,3137353,321,334
31304137354-PET,PETRIE,313041373,Deception Bay,31304137354,3137354,277,286
31304137355-PET,PETRIE,313041373,Deception Bay,31304137355,3137355,256,264
31304137356-PET,PETRIE,313041373,Deception Bay,31304137356,3137356,619,808
31304137357-PET,PETRIE,313041373,Deception Bay,31304137357,3137357,337,360
31304137401-LON,LONGMAN,313041374,Morayfield,31304137401,3137401,212,226
31304137402-LON,LONGMAN,313041374,Morayfield,31304137402,3137402,358,401
31304137403-LON,LONGMAN,313041374,Morayfield,31304137403,3137403,357,375
31304137404-LON,LONGMAN,313041374,Morayfield,31304137404,3137404,285,302
31304137405-LON,LONGMAN,313041374,Morayfield,31304137405,3137405,236,253
31304137406-LON,LONGMAN,313041374,Morayfield,31304137406,3137406,253,268
31304137408-LON,LONGMAN,313041374,Morayfield,31304137408,3137408,256,254
31304137409-LON,LONGMAN,313041374,Morayfield,31304137409,3137409,214,221
31304137410-LON,LONGMAN,313041374,Morayfield,31304137410,3137410,873,865
31304137411-LON,LONGMAN,313041374,Morayfield,31304137411,3137411,334,362
31304137412-LON,LONGMAN,313041374,Morayfield,31304137412,3137412,270,282
31304137413-LON,LONGMAN,313041374,Morayfield,31304137413,3137413,270,291
31304137414-LON,LONGMAN,313041374,Morayfield,31304137414,3137414,227,239
31304137415-LON,LONGMAN,313041374,Morayfield,31304137415,3137415,300,325
31304137416-LON,LONGMAN,313041374,Morayfield,31304137416,3137416,1045,1106
31304137417-LON,LONGMAN,313041374,Morayfield,31304137417,3137417,586,628
31304137501-LON,LONGMAN,313041375,Narangba,31304137501,3137501,297,311
31304137502-LON,LONGMAN,313041375,Narangba,31304137502,3137502,438,427
31304137503-LON,LONGMAN,313041375,Narangba,31304137503,3137503,278,271
31304137504-LON,LONGMAN,313041375,Narangba,31304137504,3137504,195,190
31304137505-LON,LONGMAN,313041375,Narangba,31304137505,3137505,399,408
31304137506-LON,LONGMAN,313041375,Narangba,31304137506,3137506,158,162
31304137507-LON,LONGMAN,313041375,Narangba,31304137507,3137507,240,253
31304137509-LON,LONGMAN,313041375,Narangba,31304137509,3137509,424,448
31304137510-LON,LONGMAN,313041375,Narangba,31304137510,3137510,409,437
31304137511-LON,LONGMAN,313041375,Narangba,31304137511,3137511,801,900
31304137514-LON,LONGMAN,313041375,Narangba,31304137514,3137514,338,355
31304137515-LON,LONGMAN,313041375,Narangba,31304137515,3137515,520,508
31304137516-LON,LONGMAN,313041375,Narangba,31304137516,3137516,344,368
31304137517-LON,LONGMAN,313041375,Narangba,31304137517,3137517,423,461
31304137518-LON,LONGMAN,313041375,Narangba,31304137518,3137518,252,264
31304137519-LON,LONGMAN,313041375,Narangba,31304137519,3137519,292,309
31304137520-LON,LONGMAN,313041375,Narangba,31304137520,3137520,251,245
31304137521-LON,LONGMAN,313041375,Narangba,31304137521,3137521,219,231
31304137522-LON,LONGMAN,313041375,Narangba,31304137522,3137522,364,376
31304137523-LON,LONGMAN,313041375,Narangba,31304137523,3137523,493,513
31304137524-LON,LONGMAN,313041375,Narangba,31304137524,3137524,271,272
31304137526-LON,LONGMAN,313041375,Narangba,31304137526,3137526,348,369
31304137527-LON,LONGMAN,313041375,Narangba,31304137527,3137527,203,212
31304137528-LON,LONGMAN,313041375,Narangba,31304137528,3137528,443,472
31304137529-LON,LONGMAN,313041375,Narangba,31304137529,3137529,438,451
31304137530-LON,LONGMAN,313041375,Narangba,31304137530,3137530,347,339
31304137532-LON,LONGMAN,313041375,Narangba,31304137532,3137532,1,1
31304137533-LON,LONGMAN,313041375,Narangba,31304137533,3137533,184,199
31304137534-LON,LONGMAN,313041375,Narangba,31304137534,3137534,206,214
31304137535-LON,LONGMAN,313041375,Narangba,31304137535,3137535,173,169
31304137536-LON,LONGMAN,313041375,Narangba,31304137536,3137536,226,235
31304137537-LON,LONGMAN,313041375,Narangba,31304137537,3137537,329,340
31304137538-LON,LONGMAN,313041375,Narangba,31304137538,3137538,341,357
31304137539-LON,LONGMAN,313041375,Narangba,31304137539,3137539,385,392
31304137540-LON,LONGMAN,313041375,Narangba,31304137540,3137540,161,166
31304137541-LON,LONGMAN,313041375,Narangba,31304137541,3137541,215,227
31304137543-LON,LONGMAN,313041375,Narangba,31304137543,3137543,332,324
31304137544-LON,LONGMAN,313041375,Narangba,31304137544,3137544,384,410
31304137545-LON,LONGMAN,313041375,Narangba,31304137545,3137545,279,292
31304137546-LON,LONGMAN,313041375,Narangba,31304137546,3137546,259,253
31304137547-LON,LONGMAN,313041375,Narangba,31304137547,3137547,306,313
31304137548-LON,LONGMAN,313041375,Narangba,31304137548,3137548,306,307
31304137549-LON,LONGMAN,313041375,Narangba,31304137549,3137549,1462,1765
31304137550-LON,LONGMAN,313041375,Narangba,31304137550,3137550,216,235
31304137551-LON,LONGMAN,313041375,Narangba,31304137551,3137551,195,198
31304137552-LON,LONGMAN,313041375,Narangba,31304137552,3137552,226,232
31304137553-LON,LONGMAN,313041375,Narangba,31304137553,3137553,188,199
31304137554-LON,LONGMAN,313041375,Narangba,31304137554,3137554,252,253
31304137601-LON,LONGMAN,313041376,Upper Caboolture,31304137601,3137601,0,0
31304137602-LON,LONGMAN,313041376,Upper Caboolture,31304137602,3137602,472,488
31304137603-LON,LONGMAN,313041376,Upper Caboolture,31304137603,3137603,526,550
31304137604-LON,LONGMAN,313041376,Upper Caboolture,31304137604,3137604,327,344
31304137605-LON,LONGMAN,313041376,Upper Caboolture,31304137605,3137605,235,252
31304137606-LON,LONGMAN,313041376,Upper Caboolture,31304137606,3137606,382,385
31304137607-LON,LONGMAN,313041376,Upper Caboolture,31304137607,3137607,259,281
31304137608-LON,LONGMAN,313041376,Upper Caboolture,31304137608,3137608,304,330
31304137609-LON,LONGMAN,313041376,Upper Caboolture,31304137609,3137609,404,422
31305137701-PET,PETRIE,313051377,Clontarf,31305137701,3137701,1,1
31305137702-PET,PETRIE,313051377,Clontarf,31305137702,3137702,28,29
31305137703-PET,PETRIE,313051377,Clontarf,31305137703,3137703,0,0
31305137704-PET,PETRIE,313051377,Clontarf,31305137704,3137704,267,274
31305137705-PET,PETRIE,313051377,Clontarf,31305137705,3137705,345,366
31305137706-PET,PETRIE,313051377,Clontarf,31305137706,3137706,267,279
31305137707-PET,PETRIE,313051377,Clontarf,31305137707,3137707,488,499
31305137708-PET,PETRIE,313051377,Clontarf,31305137708,3137708,476,496
31305137709-PET,PETRIE,313051377,Clontarf,31305137709,3137709,284,287
31305137710-PET,PETRIE,313051377,Clontarf,31305137710,3137710,314,320
31305137711-PET,PETRIE,313051377,Clontarf,31305137711,3137711,210,215
31305137712-PET,PETRIE,313051377,Clontarf,31305137712,3137712,307,309
31305137713-PET,PETRIE,313051377,Clontarf,31305137713,3137713,361,369
31305137714-PET,PETRIE,313051377,Clontarf,31305137714,3137714,572,569
31305137715-PET,PETRIE,313051377,Clontarf,31305137715,3137715,340,353
31305137716-PET,PETRIE,313051377,Clontarf,31305137716,3137716,193,196
31305137717-PET,PETRIE,313051377,Clontarf,31305137717,3137717,415,420
31305137718-PET,PETRIE,313051377,Clontarf,31305137718,3137718,207,215
31305137719-PET,PETRIE,313051377,Clontarf,31305137719,3137719,455,467
31305137720-PET,PETRIE,313051377,Clontarf,31305137720,3137720,377,399
31305137721-PET,PETRIE,313051377,Clontarf,31305137721,3137721,331,361
31305137722-PET,PETRIE,313051377,Clontarf,31305137722,3137722,173,182
31305137801-PET,PETRIE,313051378,Margate - Woody Point,31305137801,3137801,592,627
31305137802-PET,PETRIE,313051378,Margate - Woody Point,31305137802,3137802,211,219
31305137803-PET,PETRIE,313051378,Margate - Woody Point,31305137803,3137803,445,454
31305137804-PET,PETRIE,313051378,Margate - Woody Point,31305137804,3137804,350,360
31305137805-PET,PETRIE,313051378,Margate - Woody Point,31305137805,3137805,297,304
31305137806-PET,PETRIE,313051378,Margate - Woody Point,31305137806,3137806,515,531
31305137807-PET,PETRIE,313051378,Margate - Woody Point,31305137807,3137807,220,233
31305137808-PET,PETRIE,313051378,Margate - Woody Point,31305137808,3137808,296,299
31305137809-PET,PETRIE,313051378,Margate - Woody Point,31305137809,3137809,401,403
31305137810-PET,PETRIE,313051378,Margate - Woody Point,31305137810,3137810,215,211
31305137811-PET,PETRIE,313051378,Margate - Woody Point,31305137811,3137811,273,281
31305137812-PET,PETRIE,313051378,Margate - Woody Point,31305137812,3137812,348,347
31305137813-PET,PETRIE,313051378,Margate - Woody Point,31305137813,3137813,437,431
31305137814-PET,PETRIE,313051378,Margate - Woody Point,31305137814,3137814,338,347
31305137815-PET,PETRIE,313051378,Margate - Woody Point,31305137815,3137815,400,406
31305137816-PET,PETRIE,313051378,Margate - Woody Point,31305137816,3137816,281,287
31305137817-PET,PETRIE,313051378,Margate - Woody Point,31305137817,3137817,359,361
31305137818-PET,PETRIE,313051378,Margate - Woody Point,31305137818,3137818,150,155
31305137819-PET,PETRIE,313051378,Margate - Woody Point,31305137819,3137819,393,395
31305137820-PET,PETRIE,313051378,Margate - Woody Point,31305137820,3137820,388,390
31305137821-PET,PETRIE,313051378,Margate - Woody Point,31305137821,3137821,386,392
31305137822-PET,PETRIE,313051378,Margate - Woody Point,31305137822,3137822,426,436
31305137823-PET,PETRIE,313051378,Margate - Woody Point,31305137823,3137823,289,303
31305137824-PET,PETRIE,313051378,Margate - Woody Point,31305137824,3137824,298,306
31305137825-PET,PETRIE,313051378,Margate - Woody Point,31305137825,3137825,266,274
31305137826-PET,PETRIE,313051378,Margate - Woody Point,31305137826,3137826,484,511
31305137827-PET,PETRIE,313051378,Margate - Woody Point,31305137827,3137827,208,218
31305137828-PET,PETRIE,313051378,Margate - Woody Point,31305137828,3137828,460,455
31305137902-PET,PETRIE,313051379,Redcliffe,31305137902,3137902,314,308
31305137903-PET,PETRIE,313051379,Redcliffe,31305137903,3137903,216,225
31305137904-PET,PETRIE,313051379,Redcliffe,31305137904,3137904,289,279
31305137905-PET,PETRIE,313051379,Redcliffe,31305137905,3137905,332,335
31305137906-PET,PETRIE,313051379,Redcliffe,31305137906,3137906,252,258
31305137907-PET,PETRIE,313051379,Redcliffe,31305137907,3137907,283,276
31305137908-PET,PETRIE,313051379,Redcliffe,31305137908,3137908,217,214
31305137909-PET,PETRIE,313051379,Redcliffe,31305137909,3137909,296,289
31305137910-PET,PETRIE,313051379,Redcliffe,31305137910,3137910,1301,1382
31305137911-PET,PETRIE,313051379,Redcliffe,31305137911,3137911,380,396
31305137912-PET,PETRIE,313051379,Redcliffe,31305137912,3137912,351,353
31305137913-PET,PETRIE,313051379,Redcliffe,31305137913,3137913,535,530
31305137914-PET,PETRIE,313051379,Redcliffe,31305137914,3137914,581,562
31305137915-PET,PETRIE,313051379,Redcliffe,31305137915,3137915,390,392
31305137916-PET,PETRIE,313051379,Redcliffe,31305137916,3137916,330,331
31305137917-PET,PETRIE,313051379,Redcliffe,31305137917,3137917,244,249
31305137918-PET,PETRIE,313051379,Redcliffe,31305137918,3137918,584,593
31305137919-PET,PETRIE,313051379,Redcliffe,31305137919,3137919,3,3
31305137920-PET,PETRIE,313051379,Redcliffe,31305137920,3137920,409,435
31305137921-PET,PETRIE,313051379,Redcliffe,31305137921,3137921,168,176
31305137922-PET,PETRIE,313051379,Redcliffe,31305137922,3137922,160,165
31305137923-PET,PETRIE,313051379,Redcliffe,31305137923,3137923,299,300
31305137924-PET,PETRIE,313051379,Redcliffe,31305137924,3137924,535,543
31305137925-PET,PETRIE,313051379,Redcliffe,31305137925,3137925,263,267
31305138001-PET,PETRIE,313051380,Rothwell - Kippa-Ring,31305138001,3138001,291,318
31305138002-PET,PETRIE,313051380,Rothwell - Kippa-Ring,31305138002,3138002,265,268
31305138006-PET,PETRIE,313051380,Rothwell - Kippa-Ring,31305138006,3138006,249,247
31305138007-PET,PETRIE,313051380,Rothwell - Kippa-Ring,31305138007,3138007,243,238
31305138008-PET,PETRIE,313051380,Rothwell - Kippa-Ring,31305138008,3138008,366,359
31305138009-PET,PETRIE,313051380,Rothwell - Kippa-Ring,31305138009,3138009,687,689
31305138010-PET,PETRIE,313051380,Rothwell - Kippa-Ring,31305138010,3138010,256,267
31305138011-PET,PETRIE,313051380,Rothwell - Kippa-Ring,31305138011,3138011,228,235
31305138012-PET,PETRIE,313051380,Rothwell - Kippa-Ring,31305138012,3138012,251,248
31305138013-PET,PETRIE,313051380,Rothwell - Kippa-Ring,31305138013,3138013,365,372
31305138015-PET,PETRIE,313051380,Rothwell - Kippa-Ring,31305138015,3138015,212,223
31305138016-PET,PETRIE,313051380,Rothwell - Kippa-Ring,31305138016,3138016,274,274
31305138017-PET,PETRIE,313051380,Rothwell - Kippa-Ring,31305138017,3138017,326,339
31305138018-PET,PETRIE,313051380,Rothwell - Kippa-Ring,31305138018,3138018,309,310
31305138019-PET,PETRIE,313051380,Rothwell - Kippa-Ring,31305138019,3138019,278,279
31305138020-PET,PETRIE,313051380,Rothwell - Kippa-Ring,31305138020,3138020,192,191
31305138021-PET,PETRIE,313051380,Rothwell - Kippa-Ring,31305138021,3138021,328,337
31305138022-PET,PETRIE,313051380,Rothwell - Kippa-Ring,31305138022,3138022,143,153
31305138023-PET,PETRIE,313051380,Rothwell - Kippa-Ring,31305138023,3138023,372,366
31305138024-PET,PETRIE,313051380,Rothwell - Kippa-Ring,31305138024,3138024,216,218
31305138025-PET,PETRIE,313051380,Rothwell - Kippa-Ring,31305138025,3138025,178,175
31305138027-PET,PETRIE,313051380,Rothwell - Kippa-Ring,31305138027,3138027,312,317
31305138028-PET,PETRIE,313051380,Rothwell - Kippa-Ring,31305138028,3138028,213,210
31305138029-PET,PETRIE,313051380,Rothwell - Kippa-Ring,31305138029,3138029,310,308
31305138030-PET,PETRIE,313051380,Rothwell - Kippa-Ring,31305138030,3138030,253,266
31305138031-PET,PETRIE,313051380,Rothwell - Kippa-Ring,31305138031,3138031,328,342
31305138032-PET,PETRIE,313051380,Rothwell - Kippa-Ring,31305138032,3138032,346,350
31305138033-PET,PETRIE,313051380,Rothwell - Kippa-Ring,31305138033,3138033,274,265
31305138034-PET,PETRIE,313051380,Rothwell - Kippa-Ring,31305138034,3138034,247,253
31305138035-PET,PETRIE,313051380,Rothwell - Kippa-Ring,31305138035,3138035,412,410
31305138036-PET,PETRIE,313051380,Rothwell - Kippa-Ring,31305138036,3138036,216,221
31305138037-PET,PETRIE,313051380,Rothwell - Kippa-Ring,31305138037,3138037,5,5
31305138038-PET,PETRIE,313051380,Rothwell - Kippa-Ring,31305138038,3138038,327,327
31305138039-PET,PETRIE,313051380,Rothwell - Kippa-Ring,31305138039,3138039,0,0
31305138040-PET,PETRIE,313051380,Rothwell - Kippa-Ring,31305138040,3138040,0,0
31305138041-PET,PETRIE,313051380,Rothwell - Kippa-Ring,31305138041,3138041,139,144
31305138042-PET,PETRIE,313051380,Rothwell - Kippa-Ring,31305138042,3138042,222,218
31305138043-PET,PETRIE,313051380,Rothwell - Kippa-Ring,31305138043,3138043,297,287
31305138044-PET,PETRIE,313051380,Rothwell - Kippa-Ring,31305138044,3138044,299,321
31305138045-PET,PETRIE,313051380,Rothwell - Kippa-Ring,31305138045,3138045,233,244
31305138046-PET,PETRIE,313051380,Rothwell - Kippa-Ring,31305138046,3138046,286,313
31305138047-PET,PETRIE,313051380,Rothwell - Kippa-Ring,31305138047,3138047,311,313
31305138048-PET,PETRIE,313051380,Rothwell - Kippa-Ring,31305138048,3138048,215,224
31305138049-PET,PETRIE,313051380,Rothwell - Kippa-Ring,31305138049,3138049,246,238
31305138050-PET,PETRIE,313051380,Rothwell - Kippa-Ring,31305138050,3138050,264,267
31305138051-PET,PETRIE,313051380,Rothwell - Kippa-Ring,31305138051,3138051,624,627
31305138052-PET,PETRIE,313051380,Rothwell - Kippa-Ring,31305138052,3138052,249,250
31401138201-DIC,DICKSON,314011382,Albany Creek,31401138201,3138201,454,471
31401138202-DIC,DICKSON,314011382,Albany Creek,31401138202,3138202,218,221
31401138203-DIC,DICKSON,314011382,Albany Creek,31401138203,3138203,279,298
31401138204-DIC,DICKSON,314011382,Albany Creek,31401138204,3138204,198,200
31401138205-DIC,DICKSON,314011382,Albany Creek,31401138205,3138205,388,396
31401138206-DIC,DICKSON,314011382,Albany Creek,31401138206,3138206,341,352
31401138207-DIC,DICKSON,314011382,Albany Creek,31401138207,3138207,352,354
31401138208-DIC,DICKSON,314011382,Albany Creek,31401138208,3138208,212,208
31401138210-DIC,DICKSON,314011382,Albany Creek,31401138210,3138210,418,459
31401138211-DIC,DICKSON,314011382,Albany Creek,31401138211,3138211,195,191
31401138212-DIC,DICKSON,314011382,Albany Creek,31401138212,3138212,343,343
31401138213-DIC,DICKSON,314011382,Albany Creek,31401138213,3138213,886,900
31401138214-DIC,DICKSON,314011382,Albany Creek,31401138214,3138214,289,303
31401138215-DIC,DICKSON,314011382,Albany Creek,31401138215,3138215,279,279
31401138216-DIC,DICKSON,314011382,Albany Creek,31401138216,3138216,230,234
31401138217-DIC,DICKSON,314011382,Albany Creek,31401138217,3138217,274,270
31401138218-DIC,DICKSON,314011382,Albany Creek,31401138218,3138218,529,536
31401138219-DIC,DICKSON,314011382,Albany Creek,31401138219,3138219,420,436
31401138220-DIC,DICKSON,314011382,Albany Creek,31401138220,3138220,345,347
31401138221-DIC,DICKSON,314011382,Albany Creek,31401138221,3138221,197,208
31401138222-DIC,DICKSON,314011382,Albany Creek,31401138222,3138222,270,266
31401138223-DIC,DICKSON,314011382,Albany Creek,31401138223,3138223,218,221
31401138224-DIC,DICKSON,314011382,Albany Creek,31401138224,3138224,0,0
31401138225-DIC,DICKSON,314011382,Albany Creek,31401138225,3138225,506,518
31401138226-DIC,DICKSON,314011382,Albany Creek,31401138226,3138226,204,207
31401138227-DIC,DICKSON,314011382,Albany Creek,31401138227,3138227,257,255
31401138228-DIC,DICKSON,314011382,Albany Creek,31401138228,3138228,284,274
31401138229-DIC,DICKSON,314011382,Albany Creek,31401138229,3138229,290,294
31401138230-DIC,DICKSON,314011382,Albany Creek,31401138230,3138230,250,257
31401138231-DIC,DICKSON,314011382,Albany Creek,31401138231,3138231,292,296
31401138232-DIC,DICKSON,314011382,Albany Creek,31401138232,3138232,213,225
31401138233-DIC,DICKSON,314011382,Albany Creek,31401138233,3138233,368,369
31401138234-DIC,DICKSON,314011382,Albany Creek,31401138234,3138234,418,421
31401138235-DIC,DICKSON,314011382,Albany Creek,31401138235,3138235,317,329
31401138236-DIC,DICKSON,314011382,Albany Creek,31401138236,3138236,236,234
31401138237-DIC,DICKSON,314011382,Albany Creek,31401138237,3138237,273,288
31401138238-DIC,DICKSON,314011382,Albany Creek,31401138238,3138238,222,218
31401138239-DIC,DICKSON,314011382,Albany Creek,31401138239,3138239,294,302
31401138240-DIC,DICKSON,314011382,Albany Creek,31401138240,3138240,262,270
31401138241-DIC,DICKSON,314011382,Albany Creek,31401138241,3138241,165,172
31401138242-DIC,DICKSON,314011382,Albany Creek,31401138242,3138242,248,259
31401138243-DIC,DICKSON,314011382,Albany Creek,31401138243,3138243,368,383
31401138301-DIC,DICKSON,314011383,Cashmere,31401138301,3138301,659,711
31401138302-DIC,DICKSON,314011383,Cashmere,31401138302,3138302,266,268
31401138303-DIC,DICKSON,314011383,Cashmere,31401138303,3138303,292,300
31401138304-DIC,DICKSON,314011383,Cashmere,31401138304,3138304,253,248
31401138305-DIC,DICKSON,314011383,Cashmere,31401138305,3138305,158,155
31401138306-DIC,DICKSON,314011383,Cashmere,31401138306,3138306,215,214
31401138307-DIC,DICKSON,314011383,Cashmere,31401138307,3138307,447,504
31401138309-DIC,DICKSON,314011383,Cashmere,31401138309,3138309,283,289
31401138310-DIC,DICKSON,314011383,Cashmere,31401138310,3138310,154,161
31401138311-DIC,DICKSON,314011383,Cashmere,31401138311,3138311,410,426
31401138312-DIC,DICKSON,314011383,Cashmere,31401138312,3138312,489,542
31401138315-DIC,DICKSON,314011383,Cashmere,31401138315,3138315,246,266
31401138316-DIC,DICKSON,314011383,Cashmere,31401138316,3138316,501,484
31401138317-DIC,DICKSON,314011383,Cashmere,31401138317,3138317,223,234
31401138318-DIC,DICKSON,314011383,Cashmere,31401138318,3138318,247,250
31401138320-DIC,DICKSON,314011383,Cashmere,31401138320,3138320,313,320
31401138321-DIC,DICKSON,314011383,Cashmere,31401138321,3138321,360,374
31401138322-DIC,DICKSON,314011383,Cashmere,31401138322,3138322,478,500
31401138323-DIC,DICKSON,314011383,Cashmere,31401138323,3138323,347,358
31401138324-DIC,DICKSON,314011383,Cashmere,31401138324,3138324,241,243
31401138325-DIC,DICKSON,314011383,Cashmere,31401138325,3138325,277,282
31401138326-DIC,DICKSON,314011383,Cashmere,31401138326,3138326,633,633
31401138327-DIC,DICKSON,314011383,Cashmere,31401138327,3138327,249,249
31401138328-DIC,DICKSON,314011383,Cashmere,31401138328,3138328,474,485
31401138329-DIC,DICKSON,314011383,Cashmere,31401138329,3138329,1164,1176
31401138330-DIC,DICKSON,314011383,Cashmere,31401138330,3138330,312,310
31401138331-DIC,DICKSON,314011383,Cashmere,31401138331,3138331,195,207
31401138332-DIC,DICKSON,314011383,Cashmere,31401138332,3138332,426,426
31401138333-DIC,DICKSON,314011383,Cashmere,31401138333,3138333,407,429
31401138334-DIC,DICKSON,314011383,Cashmere,31401138334,3138334,349,350
31401138335-DIC,DICKSON,314011383,Cashmere,31401138335,3138335,220,237
31401138336-DIC,DICKSON,314011383,Cashmere,31401138336,3138336,325,319
31401138337-DIC,DICKSON,314011383,Cashmere,31401138337,3138337,342,341
31401138338-DIC,DICKSON,314011383,Cashmere,31401138338,3138338,216,224
31401138339-DIC,DICKSON,314011383,Cashmere,31401138339,3138339,478,480
31401138340-DIC,DICKSON,314011383,Cashmere,31401138340,3138340,349,337
31401138341-DIC,DICKSON,314011383,Cashmere,31401138341,3138341,949,917
31401138342-DIC,DICKSON,314011383,Cashmere,31401138342,3138342,645,643
31401138343-DIC,DICKSON,314011383,Cashmere,31401138343,3138343,215,218
31401138401-DIC,DICKSON,314011384,Dayboro,31401138401,3138401,536,555
31401138402-DIC,DICKSON,314011384,Dayboro,31401138402,3138402,264,267
31401138403-DIC,DICKSON,314011384,Dayboro,31401138403,3138403,311,341
31401138404-DIC,DICKSON,314011384,Dayboro,31401138404,3138404,191,193
31401138405-DIC,DICKSON,314011384,Dayboro,31401138405,3138405,271,290
31401138406-DIC,DICKSON,314011384,Dayboro,31401138406,3138406,208,222
31401138407-DIC,DICKSON,314011384,Dayboro,31401138407,3138407,279,305
31401138408-DIC,DICKSON,314011384,Dayboro,31401138408,3138408,307,345
31401138409-DIC,DICKSON,314011384,Dayboro,31401138409,3138409,312,323
31401138410-DIC,DICKSON,314011384,Dayboro,31401138410,3138410,556,575
31401138411-DIC,DICKSON,314011384,Dayboro,31401138411,3138411,233,255
31401138412-DIC,DICKSON,314011384,Dayboro,31401138412,3138412,374,396
31401138413-DIC,DICKSON,314011384,Dayboro,31401138413,3138413,351,362
31401138414-DIC,DICKSON,314011384,Dayboro,31401138414,3138414,290,304
31401138415-DIC,DICKSON,314011384,Dayboro,31401138415,3138415,318,321
31401138416-DIC,DICKSON,314011384,Dayboro,31401138416,3138416,195,204
31401138417-DIC,DICKSON,314011384,Dayboro,31401138417,3138417,255,259
31401138418-DIC,DICKSON,314011384,Dayboro,31401138418,3138418,433,441
31401138419-DIC,DICKSON,314011384,Dayboro,31401138419,3138419,521,558
31401138420-DIC,DICKSON,314011384,Dayboro,31401138420,3138420,525,552
31401138421-DIC,DICKSON,314011384,Dayboro,31401138421,3138421,700,688
31401138501-DIC,DICKSON,314011385,Eatons Hill,31401138501,3138501,345,353
31401138502-DIC,DICKSON,314011385,Eatons Hill,31401138502,3138502,360,357
31401138503-DIC,DICKSON,314011385,Eatons Hill,31401138503,3138503,233,235
31401138504-DIC,DICKSON,314011385,Eatons Hill,31401138504,3138504,308,317
31401138505-DIC,DICKSON,314011385,Eatons Hill,31401138505,3138505,322,324
31401138506-DIC,DICKSON,314011385,Eatons Hill,31401138506,3138506,148,149
31401138507-DIC,DICKSON,314011385,Eatons Hill,31401138507,3138507,342,353
31401138508-DIC,DICKSON,314011385,Eatons Hill,31401138508,3138508,357,355
31401138509-DIC,DICKSON,314011385,Eatons Hill,31401138509,3138509,307,306
31401138510-DIC,DICKSON,314011385,Eatons Hill,31401138510,3138510,181,181
31401138511-DIC,DICKSON,314011385,Eatons Hill,31401138511,3138511,503,523
31401138512-DIC,DICKSON,314011385,Eatons Hill,31401138512,3138512,190,191
31401138513-DIC,DICKSON,314011385,Eatons Hill,31401138513,3138513,224,219
31401138514-DIC,DICKSON,314011385,Eatons Hill,31401138514,3138514,332,328
31401138515-DIC,DICKSON,314011385,Eatons Hill,31401138515,3138515,365,377
31401138516-DIC,DICKSON,314011385,Eatons Hill,31401138516,3138516,148,152
31401138517-DIC,DICKSON,314011385,Eatons Hill,31401138517,3138517,300,300
31401138518-DIC,DICKSON,314011385,Eatons Hill,31401138518,3138518,226,233
31401138519-DIC,DICKSON,314011385,Eatons Hill,31401138519,3138519,372,364
31401138520-DIC,DICKSON,314011385,Eatons Hill,31401138520,3138520,198,211
31401138601-DIC,DICKSON,314011386,The Hills District,31401138601,3138601,245,260
31401138602-DIC,DICKSON,314011386,The Hills District,31401138602,3138602,498,505
31401138603-DIC,DICKSON,314011386,The Hills District,31401138603,3138603,350,339
31401138604-DIC,DICKSON,314011386,The Hills District,31401138604,3138604,196,196
31401138605-DIC,DICKSON,314011386,The Hills District,31401138605,3138605,394,391
31401138606-DIC,DICKSON,314011386,The Hills District,31401138606,3138606,183,189
31401138607-DIC,DICKSON,314011386,The Hills District,31401138607,3138607,408,416
31401138608-DIC,DICKSON,314011386,The Hills District,31401138608,3138608,340,354
31401138609-DIC,DICKSON,314011386,The Hills District,31401138609,3138609,428,432
31401138610-DIC,DICKSON,314011386,The Hills District,31401138610,3138610,373,379
31401138611-DIC,DICKSON,314011386,The Hills District,31401138611,3138611,152,157
31401138612-DIC,DICKSON,314011386,The Hills District,31401138612,3138612,449,445
31401138613-DIC,DICKSON,314011386,The Hills District,31401138613,3138613,271,272
31401138614-DIC,DICKSON,314011386,The Hills District,31401138614,3138614,491,508
31401138615-DIC,DICKSON,314011386,The Hills District,31401138615,3138615,263,268
31401138616-DIC,DICKSON,314011386,The Hills District,31401138616,3138616,277,287
31401138617-DIC,DICKSON,314011386,The Hills District,31401138617,3138617,255,267
31401138618-DIC,DICKSON,314011386,The Hills District,31401138618,3138618,387,393
31401138619-DIC,DICKSON,314011386,The Hills District,31401138619,3138619,176,178
31401138621-DIC,DICKSON,314011386,The Hills District,31401138621,3138621,169,166
31401138622-DIC,DICKSON,314011386,The Hills District,31401138622,3138622,533,568
31401138623-DIC,DICKSON,314011386,The Hills District,31401138623,3138623,152,152
31401138624-DIC,DICKSON,314011386,The Hills District,31401138624,3138624,187,196
31401138625-DIC,DICKSON,314011386,The Hills District,31401138625,3138625,457,470
31401138626-DIC,DICKSON,314011386,The Hills District,31401138626,3138626,150,157
31401138627-DIC,DICKSON,314011386,The Hills District,31401138627,3138627,0,0
31401138628-DIC,DICKSON,314011386,The Hills District,31401138628,3138628,237,246
31401138629-DIC,DICKSON,314011386,The Hills District,31401138629,3138629,256,255
31401138630-DIC,DICKSON,314011386,The Hills District,31401138630,3138630,206,202
31401138631-DIC,DICKSON,314011386,The Hills District,31401138631,3138631,246,245
31401138632-DIC,DICKSON,314011386,The Hills District,31401138632,3138632,540,556
31401138633-DIC,DICKSON,314011386,The Hills District,31401138633,3138633,455,447
31401138634-DIC,DICKSON,314011386,The Hills District,31401138634,3138634,976,1019
31401138635-DIC,DICKSON,314011386,The Hills District,31401138635,3138635,254,258
31401138636-DIC,DICKSON,314011386,The Hills District,31401138636,3138636,385,381
31401138637-DIC,DICKSON,314011386,The Hills District,31401138637,3138637,190,199
31401138638-DIC,DICKSON,314011386,The Hills District,31401138638,3138638,278,287
31401138639-DIC,DICKSON,314011386,The Hills District,31401138639,3138639,312,309
31401138640-DIC,DICKSON,314011386,The Hills District,31401138640,3138640,291,288
31401138641-DIC,DICKSON,314011386,The Hills District,31401138641,3138641,159,162
31401138642-DIC,DICKSON,314011386,The Hills District,31401138642,3138642,274,280
31401138643-DIC,DICKSON,314011386,The Hills District,31401138643,3138643,270,273
31401138644-DIC,DICKSON,314011386,The Hills District,31401138644,3138644,371,398
31401138645-DIC,DICKSON,314011386,The Hills District,31401138645,3138645,344,345
31401138646-DIC,DICKSON,314011386,The Hills District,31401138646,3138646,301,317
31401138647-DIC,DICKSON,314011386,The Hills District,31401138647,3138647,429,446
31401138648-DIC,DICKSON,314011386,The Hills District,31401138648,3138648,395,393
31401138649-DIC,DICKSON,314011386,The Hills District,31401138649,3138649,329,339
31401138650-DIC,DICKSON,314011386,The Hills District,31401138650,3138650,275,280
31401138651-DIC,DICKSON,314011386,The Hills District,31401138651,3138651,156,156
31401138652-DIC,DICKSON,314011386,The Hills District,31401138652,3138652,237,242
31401138653-DIC,DICKSON,314011386,The Hills District,31401138653,3138653,255,256
31401138654-DIC,DICKSON,314011386,The Hills District,31401138654,3138654,402,414
31401138655-DIC,DICKSON,314011386,The Hills District,31401138655,3138655,270,272
31401138656-DIC,DICKSON,314011386,The Hills District,31401138656,3138656,261,260
31401138657-DIC,DICKSON,314011386,The Hills District,31401138657,3138657,243,246
31401138658-DIC,DICKSON,314011386,The Hills District,31401138658,3138658,240,254
31401138659-DIC,DICKSON,314011386,The Hills District,31401138659,3138659,228,221
31401138660-DIC,DICKSON,314011386,The Hills District,31401138660,3138660,215,228
31401138661-DIC,DICKSON,314011386,The Hills District,31401138661,3138661,2,2
31401138662-DIC,DICKSON,314011386,The Hills District,31401138662,3138662,183,190
31401138663-DIC,DICKSON,314011386,The Hills District,31401138663,3138663,0,0
31401138664-DIC,DICKSON,314011386,The Hills District,31401138664,3138664,377,370
31401138701-DIC,DICKSON,314011387,Samford Valley,31401138701,3138701,380,383
31401138702-DIC,DICKSON,314011387,Samford Valley,31401138702,3138702,339,347
31401138703-DIC,DICKSON,314011387,Samford Valley,31401138703,3138703,262,281
31401138704-DIC,DICKSON,314011387,Samford Valley,31401138704,3138704,315,322
31401138705-DIC,DICKSON,314011387,Samford Valley,31401138705,3138705,247,250
31401138706-DIC,DICKSON,314011387,Samford Valley,31401138706,3138706,425,414
31401138707-DIC,DICKSON,314011387,Samford Valley,31401138707,3138707,213,222
31401138708-DIC,DICKSON,314011387,Samford Valley,31401138708,3138708,362,368
31401138709-DIC,DICKSON,314011387,Samford Valley,31401138709,3138709,198,208
31401138710-DIC,DICKSON,314011387,Samford Valley,31401138710,3138710,331,351
31401138711-DIC,DICKSON,314011387,Samford Valley,31401138711,3138711,249,256
31401138712-DIC,DICKSON,314011387,Samford Valley,31401138712,3138712,434,441
31401138713-DIC,DICKSON,314011387,Samford Valley,31401138713,3138713,707,737
31401138714-DIC,DICKSON,314011387,Samford Valley,31401138714,3138714,350,353
31401138715-DIC,DICKSON,314011387,Samford Valley,31401138715,3138715,579,618
31401138716-DIC,DICKSON,314011387,Samford Valley,31401138716,3138716,392,398
31401138717-DIC,DICKSON,314011387,Samford Valley,31401138717,3138717,268,278
31401138719-DIC,DICKSON,314011387,Samford Valley,31401138719,3138719,518,560
31401138720-DIC,DICKSON,314011387,Samford Valley,31401138720,3138720,354,358
31401138721-DIC,DICKSON,314011387,Samford Valley,31401138721,3138721,301,317
31401138722-DIC,DICKSON,314011387,Samford Valley,31401138722,3138722,385,383
31401138723-DIC,DICKSON,314011387,Samford Valley,31401138723,3138723,397,419
31401138724-DIC,DICKSON,314011387,Samford Valley,31401138724,3138724,356,347
31401138725-DIC,DICKSON,314011387,Samford Valley,31401138725,3138725,345,356
31401138726-DIC,DICKSON,314011387,Samford Valley,31401138726,3138726,289,304
31401138727-DIC,DICKSON,314011387,Samford Valley,31401138727,3138727,290,298
31401138728-DIC,DICKSON,314011387,Samford Valley,31401138728,3138728,115,117
31401138729-DIC,DICKSON,314011387,Samford Valley,31401138729,3138729,282,283
31401138730-DIC,DICKSON,314011387,Samford Valley,31401138730,3138730,384,404
31402138901-DIC,DICKSON,314021389,Murrumba Downs - Griffin,31402138901,3138901,583,620
31402138902-DIC,DICKSON,314021389,Murrumba Downs - Griffin,31402138902,3138902,274,291
31402138903-DIC,DICKSON,314021389,Murrumba Downs - Griffin,31402138903,3138903,536,618
31402138904-DIC,DICKSON,314021389,Murrumba Downs - Griffin,31402138904,3138904,354,401
31402138905-DIC,DICKSON,314021389,Murrumba Downs - Griffin,31402138905,3138905,146,146
31402138906-DIC,DICKSON,314021389,Murrumba Downs - Griffin,31402138906,3138906,363,363
31402138907-DIC,DICKSON,314021389,Murrumba Downs - Griffin,31402138907,3138907,365,365
31402138908-DIC,DICKSON,314021389,Murrumba Downs - Griffin,31402138908,3138908,348,381
31402138909-DIC,DICKSON,314021389,Murrumba Downs - Griffin,31402138909,3138909,313,332
31402138911-DIC,DICKSON,314021389,Murrumba Downs - Griffin,31402138911,3138911,278,307
31402138912-DIC,DICKSON,314021389,Murrumba Downs - Griffin,31402138912,3138912,291,311
31402138913-DIC,DICKSON,314021389,Murrumba Downs - Griffin,31402138913,3138913,534,572
31402138914-DIC,DICKSON,314021389,Murrumba Downs - Griffin,31402138914,3138914,441,471
31402138916-PET,PETRIE,314021389,Murrumba Downs - Griffin,31402138916,3138916,355,384
31402138917-DIC,DICKSON,314021389,Murrumba Downs - Griffin,31402138917,3138917,227,227
31402138918-DIC,DICKSON,314021389,Murrumba Downs - Griffin,31402138918,3138918,232,249
31402138918-LON,LONGMAN,314021389,Murrumba Downs - Griffin,31402138918,3138918,0,0
31402138919-DIC,DICKSON,314021389,Murrumba Downs - Griffin,31402138919,3138919,214,236
31402138920-DIC,DICKSON,314021389,Murrumba Downs - Griffin,31402138920,3138920,437,468
31402138922-PET,PETRIE,314021389,Murrumba Downs - Griffin,31402138922,3138922,367,390
31402138925-PET,PETRIE,314021389,Murrumba Downs - Griffin,31402138925,3138925,430,452
31402138926-DIC,DICKSON,314021389,Murrumba Downs - Griffin,31402138926,3138926,282,282
31402138927-DIC,DICKSON,314021389,Murrumba Downs - Griffin,31402138927,3138927,343,343
31402138928-PET,PETRIE,314021389,Murrumba Downs - Griffin,31402138928,3138928,252,267
31402138931-DIC,DICKSON,314021389,Murrumba Downs - Griffin,31402138931,3138931,537,596
31402138932-DIC,DICKSON,314021389,Murrumba Downs - Griffin,31402138932,3138932,345,371
31402138933-DIC,DICKSON,314021389,Murrumba Downs - Griffin,31402138933,3138933,709,776
31402138934-PET,PETRIE,314021389,Murrumba Downs - Griffin,31402138934,3138934,278,278
31402138935-PET,PETRIE,314021389,Murrumba Downs - Griffin,31402138935,3138935,379,403
31402138936-PET,PETRIE,314021389,Murrumba Downs - Griffin,31402138936,3138936,203,225
31402138937-PET,PETRIE,314021389,Murrumba Downs - Griffin,31402138937,3138937,299,325
31402138938-PET,PETRIE,314021389,Murrumba Downs - Griffin,31402138938,3138938,291,309
31402138939-PET,PETRIE,314021389,Murrumba Downs - Griffin,31402138939,3138939,176,192
31402138940-PET,PETRIE,314021389,Murrumba Downs - Griffin,31402138940,3138940,85,94
31402138941-PET,PETRIE,314021389,Murrumba Downs - Griffin,31402138941,3138941,552,591
31402138942-PET,PETRIE,314021389,Murrumba Downs - Griffin,31402138942,3138942,518,598
31402138943-PET,PETRIE,314021389,Murrumba Downs - Griffin,31402138943,3138943,99,99
31402138944-PET,PETRIE,314021389,Murrumba Downs - Griffin,31402138944,3138944,231,231
31402138945-PET,PETRIE,314021389,Murrumba Downs - Griffin,31402138945,3138945,373,405
31402138946-PET,PETRIE,314021389,Murrumba Downs - Griffin,31402138946,3138946,259,271
31402138947-PET,PETRIE,314021389,Murrumba Downs - Griffin,31402138947,3138947,169,185
31402138948-PET,PETRIE,314021389,Murrumba Downs - Griffin,31402138948,3138948,257,257
31402138949-PET,PETRIE,314021389,Murrumba Downs - Griffin,31402138949,3138949,327,359
31402138950-PET,PETRIE,314021389,Murrumba Downs - Griffin,31402138950,3138950,672,777
31402138951-PET,PETRIE,314021389,Murrumba Downs - Griffin,31402138951,3138951,220,220
31402138952-PET,PETRIE,314021389,Murrumba Downs - Griffin,31402138952,3138952,548,655
31402138953-PET,PETRIE,314021389,Murrumba Downs - Griffin,31402138953,3138953,386,407
31402138954-PET,PETRIE,314021389,Murrumba Downs - Griffin,31402138954,3138954,282,282
31402138955-PET,PETRIE,314021389,Murrumba Downs - Griffin,31402138955,3138955,329,386
31403139101-DIC,DICKSON,314031391,Bray Park,31403139101,3139101,220,237
31403139102-DIC,DICKSON,314031391,Bray Park,31403139102,3139102,199,204
31403139103-DIC,DICKSON,314031391,Bray Park,31403139103,3139103,158,159
31403139104-DIC,DICKSON,314031391,Bray Park,31403139104,3139104,346,355
31403139106-DIC,DICKSON,314031391,Bray Park,31403139106,3139106,249,250
31403139107-DIC,DICKSON,314031391,Bray Park,31403139107,3139107,273,290
31403139108-DIC,DICKSON,314031391,Bray Park,31403139108,3139108,227,226
31403139109-DIC,DICKSON,314031391,Bray Park,31403139109,3139109,341,361
31403139110-DIC,DICKSON,314031391,Bray Park,31403139110,3139110,231,228
31403139111-DIC,DICKSON,314031391,Bray Park,31403139111,3139111,509,522
31403139112-DIC,DICKSON,314031391,Bray Park,31403139112,3139112,285,286
31403139114-DIC,DICKSON,314031391,Bray Park,31403139114,3139114,306,310
31403139115-DIC,DICKSON,314031391,Bray Park,31403139115,3139115,159,167
31403139116-DIC,DICKSON,314031391,Bray Park,31403139116,3139116,420,455
31403139117-DIC,DICKSON,314031391,Bray Park,31403139117,3139117,317,316
31403139118-DIC,DICKSON,314031391,Bray Park,31403139118,3139118,371,361
31403139120-DIC,DICKSON,314031391,Bray Park,31403139120,3139120,264,265
31403139121-DIC,DICKSON,314031391,Bray Park,31403139121,3139121,353,356
31403139122-DIC,DICKSON,314031391,Bray Park,31403139122,3139122,328,319
31403139123-DIC,DICKSON,314031391,Bray Park,31403139123,3139123,146,157
31403139124-DIC,DICKSON,314031391,Bray Park,31403139124,3139124,435,460
31403139125-DIC,DICKSON,314031391,Bray Park,31403139125,3139125,300,308
31403139126-DIC,DICKSON,314031391,Bray Park,31403139126,3139126,234,250
31403139127-DIC,DICKSON,314031391,Bray Park,31403139127,3139127,387,376
31403139128-DIC,DICKSON,314031391,Bray Park,31403139128,3139128,205,213
31403139129-DIC,DICKSON,314031391,Bray Park,31403139129,3139129,336,348
31403139201-DIC,DICKSON,314031392,Lawnton,31403139201,3139201,380,394
31403139202-DIC,DICKSON,314031392,Lawnton,31403139202,3139202,418,460
31403139203-DIC,DICKSON,314031392,Lawnton,31403139203,3139203,883,954
31403139204-DIC,DICKSON,314031392,Lawnton,31403139204,3139204,246,243
31403139205-DIC,DICKSON,314031392,Lawnton,31403139205,3139205,308,319
31403139206-DIC,DICKSON,314031392,Lawnton,31403139206,3139206,399,422
31403139207-DIC,DICKSON,314031392,Lawnton,31403139207,3139207,956,981
31403139208-DIC,DICKSON,314031392,Lawnton,31403139208,3139208,355,400
31403139209-DIC,DICKSON,314031392,Lawnton,31403139209,3139209,277,290
31403139210-DIC,DICKSON,314031392,Lawnton,31403139210,3139210,148,151
31403139211-DIC,DICKSON,314031392,Lawnton,31403139211,3139211,332,350
31403139212-DIC,DICKSON,314031392,Lawnton,31403139212,3139212,221,237
31403139213-DIC,DICKSON,314031392,Lawnton,31403139213,3139213,306,316
31403139214-DIC,DICKSON,314031392,Lawnton,31403139214,3139214,407,426
31403139301-DIC,DICKSON,314031393,Petrie,31403139301,3139301,152,148
31403139302-DIC,DICKSON,314031393,Petrie,31403139302,3139302,266,277
31403139303-DIC,DICKSON,314031393,Petrie,31403139303,3139303,196,209
31403139304-DIC,DICKSON,314031393,Petrie,31403139304,3139304,228,234
31403139305-DIC,DICKSON,314031393,Petrie,31403139305,3139305,201,202
31403139306-DIC,DICKSON,314031393,Petrie,31403139306,3139306,291,285
31403139307-DIC,DICKSON,314031393,Petrie,31403139307,3139307,303,290
31403139308-DIC,DICKSON,314031393,Petrie,31403139308,3139308,355,344
31403139309-DIC,DICKSON,314031393,Petrie,31403139309,3139309,351,361
31403139310-DIC,DICKSON,314031393,Petrie,31403139310,3139310,232,246
31403139311-DIC,DICKSON,314031393,Petrie,31403139311,3139311,291,294
31403139312-DIC,DICKSON,314031393,Petrie,31403139312,3139312,263,258
31403139313-DIC,DICKSON,314031393,Petrie,31403139313,3139313,161,165
31403139314-DIC,DICKSON,314031393,Petrie,31403139314,3139314,234,239
31403139315-DIC,DICKSON,314031393,Petrie,31403139315,3139315,227,218
31403139316-DIC,DICKSON,314031393,Petrie,31403139316,3139316,348,355
31403139317-DIC,DICKSON,314031393,Petrie,31403139317,3139317,273,270
31403139318-DIC,DICKSON,314031393,Petrie,31403139318,3139318,441,434
31403139319-DIC,DICKSON,314031393,Petrie,31403139319,3139319,143,148
31403139320-DIC,DICKSON,314031393,Petrie,31403139320,3139320,414,397
31403139321-DIC,DICKSON,314031393,Petrie,31403139321,3139321,0,0
31403139322-DIC,DICKSON,314031393,Petrie,31403139322,3139322,301,298
31403139323-DIC,DICKSON,314031393,Petrie,31403139323,3139323,245,242
31403139324-DIC,DICKSON,314031393,Petrie,31403139324,3139324,288,283
31403139325-DIC,DICKSON,314031393,Petrie,31403139325,3139325,236,231
31403139401-DIC,DICKSON,314031394,Strathpine - Brendale,31403139401,3139401,189,199
31403139402-DIC,DICKSON,314031394,Strathpine - Brendale,31403139402,3139402,224,237
31403139403-DIC,DICKSON,314031394,Strathpine - Brendale,31403139403,3139403,511,521
31403139404-DIC,DICKSON,314031394,Strathpine - Brendale,31403139404,3139404,476,497
31403139405-DIC,DICKSON,314031394,Strathpine - Brendale,31403139405,3139405,9,10
31403139406-DIC,DICKSON,314031394,Strathpine - Brendale,31403139406,3139406,177,178
31403139407-DIC,DICKSON,314031394,Strathpine - Brendale,31403139407,3139407,197,206
31403139408-DIC,DICKSON,314031394,Strathpine - Brendale,31403139408,3139408,449,472
31403139409-DIC,DICKSON,314031394,Strathpine - Brendale,31403139409,3139409,496,518
31403139410-DIC,DICKSON,314031394,Strathpine - Brendale,31403139410,3139410,220,240
31403139411-DIC,DICKSON,314031394,Strathpine - Brendale,31403139411,3139411,310,344
31403139412-DIC,DICKSON,314031394,Strathpine - Brendale,31403139412,3139412,348,365
31403139413-DIC,DICKSON,314031394,Strathpine - Brendale,31403139413,3139413,408,420
31403139414-DIC,DICKSON,314031394,Strathpine - Brendale,31403139414,3139414,293,297
31403139415-DIC,DICKSON,314031394,Strathpine - Brendale,31403139415,3139415,214,221
31403139416-DIC,DICKSON,314031394,Strathpine - Brendale,31403139416,3139416,272,280
31403139417-DIC,DICKSON,314031394,Strathpine - Brendale,31403139417,3139417,142,147
31403139418-DIC,DICKSON,314031394,Strathpine - Brendale,31403139418,3139418,208,212
31403139419-DIC,DICKSON,314031394,Strathpine - Brendale,31403139419,3139419,247,261
31403139420-DIC,DICKSON,314031394,Strathpine - Brendale,31403139420,3139420,694,750
31403139422-DIC,DICKSON,314031394,Strathpine - Brendale,31403139422,3139422,323,337
31403139423-DIC,DICKSON,314031394,Strathpine - Brendale,31403139423,3139423,398,407
31403139424-DIC,DICKSON,314031394,Strathpine - Brendale,31403139424,3139424,308,327
31403139425-DIC,DICKSON,314031394,Strathpine - Brendale,31403139425,3139425,428,449
31403139427-DIC,DICKSON,314031394,Strathpine - Brendale,31403139427,3139427,377,379
31403139428-DIC,DICKSON,314031394,Strathpine - Brendale,31403139428,3139428,340,362
31403139429-DIC,DICKSON,314031394,Strathpine - Brendale,31403139429,3139429,250,258
31403139430-DIC,DICKSON,314031394,Strathpine - Brendale,31403139430,3139430,435,456
31403139431-DIC,DICKSON,314031394,Strathpine - Brendale,31403139431,3139431,302,317
31403139432-DIC,DICKSON,314031394,Strathpine - Brendale,31403139432,3139432,152,157
31403139433-DIC,DICKSON,314031394,Strathpine - Brendale,31403139433,3139433,198,202
31403139434-DIC,DICKSON,314031394,Strathpine - Brendale,31403139434,3139434,189,196
31403139435-DIC,DICKSON,314031394,Strathpine - Brendale,31403139435,3139435,13,14
31403139436-DIC,DICKSON,314031394,Strathpine - Brendale,31403139436,3139436,229,240
31501139501-LEI,LEICHHARDT,315011395,Aurukun,31501139501,3139501,1013,1071
31501139502-LEI,LEICHHARDT,315011395,Aurukun,31501139502,3139502,1,1
31501139602-LEI,LEICHHARDT,315011396,Cape York,31501139602,3139602,70,70
31501139603-LEI,LEICHHARDT,315011396,Cape York,31501139603,3139603,58,57
31501139604-LEI,LEICHHARDT,315011396,Cape York,31501139604,3139604,425,443
31501139605-LEI,LEICHHARDT,315011396,Cape York,31501139605,3139605,216,220
31501139606-LEI,LEICHHARDT,315011396,Cape York,31501139606,3139606,66,70
31501139607-LEI,LEICHHARDT,315011396,Cape York,31501139607,3139607,434,449
31501139609-LEI,LEICHHARDT,315011396,Cape York,31501139609,3139609,111,113
31501139610-LEI,LEICHHARDT,315011396,Cape York,31501139610,3139610,259,266
31501139611-LEI,LEICHHARDT,315011396,Cape York,31501139611,3139611,20,20
31501139613-LEI,LEICHHARDT,315011396,Cape York,31501139613,3139613,682,722
31501139616-LEI,LEICHHARDT,315011396,Cape York,31501139616,3139616,209,209
31501139617-LEI,LEICHHARDT,315011396,Cape York,31501139617,3139617,252,253
31501139618-LEI,LEICHHARDT,315011396,Cape York,31501139618,3139618,315,347
31501139619-LEI,LEICHHARDT,315011396,Cape York,31501139619,3139619,356,378
31501139620-LEI,LEICHHARDT,315011396,Cape York,31501139620,3139620,405,424
31501139621-LEI,LEICHHARDT,315011396,Cape York,31501139621,3139621,211,206
31501139622-LEI,LEICHHARDT,315011396,Cape York,31501139622,3139622,7,7
31501139623-LEI,LEICHHARDT,315011396,Cape York,31501139623,3139623,128,131
31501139624-LEI,LEICHHARDT,315011396,Cape York,31501139624,3139624,0,0
31501139625-LEI,LEICHHARDT,315011396,Cape York,31501139625,3139625,4,4
31501139626-LEI,LEICHHARDT,315011396,Cape York,31501139626,3139626,442,470
31501139627-LEI,LEICHHARDT,315011396,Cape York,31501139627,3139627,78,79
31501139628-LEI,LEICHHARDT,315011396,Cape York,31501139628,3139628,24,23
31501139629-LEI,LEICHHARDT,315011396,Cape York,31501139629,3139629,725,748
31501139701-KEN,KENNEDY,315011397,Croydon - Etheridge,31501139701,3139701,152,157
31501139702-KEN,KENNEDY,315011397,Croydon - Etheridge,31501139702,3139702,163,161
31501139703-KEN,KENNEDY,315011397,Croydon - Etheridge,31501139703,3139703,202,200
31501139704-KEN,KENNEDY,315011397,Croydon - Etheridge,31501139704,3139704,175,174
31501139801-LEI,LEICHHARDT,315011398,Kowanyama - Pormpuraaw,31501139801,3139801,0,0
31501139802-LEI,LEICHHARDT,315011398,Kowanyama - Pormpuraaw,31501139802,3139802,823,852
31501139803-LEI,LEICHHARDT,315011398,Kowanyama - Pormpuraaw,31501139803,3139803,0,0
31501139804-LEI,LEICHHARDT,315011398,Kowanyama - Pormpuraaw,31501139804,3139804,531,541
31501139901-LEI,LEICHHARDT,315011399,Northern Peninsula,31501139901,3139901,0,0
31501139902-LEI,LEICHHARDT,315011399,Northern Peninsula,31501139902,3139902,0,0
31501139903-LEI,LEICHHARDT,315011399,Northern Peninsula,31501139903,3139903,714,741
31501139904-LEI,LEICHHARDT,315011399,Northern Peninsula,31501139904,3139904,241,250
31501139905-LEI,LEICHHARDT,315011399,Northern Peninsula,31501139905,3139905,165,167
31501139906-LEI,LEICHHARDT,315011399,Northern Peninsula,31501139906,3139906,238,251
31501139907-LEI,LEICHHARDT,315011399,Northern Peninsula,31501139907,3139907,366,382
31501139908-LEI,LEICHHARDT,315011399,Northern Peninsula,31501139908,3139908,0,0
31501139909-LEI,LEICHHARDT,315011399,Northern Peninsula,31501139909,3139909,0,0
31501139910-LEI,LEICHHARDT,315011399,Northern Peninsula,31501139910,3139910,6,6
31501140001-KEN,KENNEDY,315011400,Tablelands,31501140001,3140001,164,163
31501140002-KEN,KENNEDY,315011400,Tablelands,31501140002,3140002,148,150
31501140003-KEN,KENNEDY,315011400,Tablelands,31501140003,3140003,232,222
31501140004-KEN,KENNEDY,315011400,Tablelands,31501140004,3140004,251,248
31501140005-KEN,KENNEDY,315011400,Tablelands,31501140005,3140005,195,191
31501140006-KEN,KENNEDY,315011400,Tablelands,31501140006,3140006,245,244
31501140007-KEN,KENNEDY,315011400,Tablelands,31501140007,3140007,209,205
31501140007-LEI,LEICHHARDT,315011400,Tablelands,31501140007,3140007,17,17
31501140008-KEN,KENNEDY,315011400,Tablelands,31501140008,3140008,258,253
31501140009-KEN,KENNEDY,315011400,Tablelands,31501140009,3140009,279,277
31501140010-KEN,KENNEDY,315011400,Tablelands,31501140010,3140010,253,255
31501140011-KEN,KENNEDY,315011400,Tablelands,31501140011,3140011,231,229
31501140012-KEN,KENNEDY,315011400,Tablelands,31501140012,3140012,244,243
31501140013-KEN,KENNEDY,315011400,Tablelands,31501140013,3140013,426,441
31501140014-KEN,KENNEDY,315011400,Tablelands,31501140014,3140014,395,411
31501140015-KEN,KENNEDY,315011400,Tablelands,31501140015,3140015,247,248
31501140101-LEI,LEICHHARDT,315011401,Torres,31501140101,3140101,0,0
31501140102-LEI,LEICHHARDT,315011401,Torres,31501140102,3140102,0,0
31501140103-LEI,LEICHHARDT,315011401,Torres,31501140103,3140103,0,0
31501140104-LEI,LEICHHARDT,315011401,Torres,31501140104,3140104,0,0
31501140105-LEI,LEICHHARDT,315011401,Torres,31501140105,3140105,230,239
31501140106-LEI,LEICHHARDT,315011401,Torres,31501140106,3140106,148,150
31501140107-LEI,LEICHHARDT,315011401,Torres,31501140107,3140107,369,376
31501140108-LEI,LEICHHARDT,315011401,Torres,31501140108,3140108,11,11
31501140109-LEI,LEICHHARDT,315011401,Torres,31501140109,3140109,438,459
31501140110-LEI,LEICHHARDT,315011401,Torres,31501140110,3140110,40,40
31501140111-LEI,LEICHHARDT,315011401,Torres,31501140111,3140111,11,11
31501140112-LEI,LEICHHARDT,315011401,Torres,31501140112,3140112,0,0
31501140113-LEI,LEICHHARDT,315011401,Torres,31501140113,3140113,0,0
31501140114-LEI,LEICHHARDT,315011401,Torres,31501140114,3140114,380,379
31501140115-LEI,LEICHHARDT,315011401,Torres,31501140115,3140115,251,254
31501140116-LEI,LEICHHARDT,315011401,Torres,31501140116,3140116,208,211
31501140201-LEI,LEICHHARDT,315011402,Torres Strait Islands,31501140201,3140201,202,210
31501140203-LEI,LEICHHARDT,315011402,Torres Strait Islands,31501140203,3140203,125,134
31501140204-LEI,LEICHHARDT,315011402,Torres Strait Islands,31501140204,3140204,218,226
31501140205-LEI,LEICHHARDT,315011402,Torres Strait Islands,31501140205,3140205,290,315
31501140206-LEI,LEICHHARDT,315011402,Torres Strait Islands,31501140206,3140206,172,177
31501140207-LEI,LEICHHARDT,315011402,Torres Strait Islands,31501140207,3140207,99,103
31501140208-LEI,LEICHHARDT,315011402,Torres Strait Islands,31501140208,3140208,171,184
31501140209-LEI,LEICHHARDT,315011402,Torres Strait Islands,31501140209,3140209,37,37
31501140210-LEI,LEICHHARDT,315011402,Torres Strait Islands,31501140210,3140210,238,264
31501140212-LEI,LEICHHARDT,315011402,Torres Strait Islands,31501140212,3140212,146,157
31501140213-LEI,LEICHHARDT,315011402,Torres Strait Islands,31501140213,3140213,119,125
31501140214-LEI,LEICHHARDT,315011402,Torres Strait Islands,31501140214,3140214,192,201
31501140215-LEI,LEICHHARDT,315011402,Torres Strait Islands,31501140215,3140215,206,217
31501140216-LEI,LEICHHARDT,315011402,Torres Strait Islands,31501140216,3140216,169,175
31501140217-LEI,LEICHHARDT,315011402,Torres Strait Islands,31501140217,3140217,477,510
31501140301-LEI,LEICHHARDT,315011403,Weipa,31501140301,3140301,25,25
31501140303-LEI,LEICHHARDT,315011403,Weipa,31501140303,3140303,283,285
31501140306-LEI,LEICHHARDT,315011403,Weipa,31501140306,3140306,255,260
31501140307-LEI,LEICHHARDT,315011403,Weipa,31501140307,3140307,1,1
31501140308-LEI,LEICHHARDT,315011403,Weipa,31501140308,3140308,194,207
31501140309-LEI,LEICHHARDT,315011403,Weipa,31501140309,3140309,246,244
31501140310-LEI,LEICHHARDT,315011403,Weipa,31501140310,3140310,125,125
31501140311-LEI,LEICHHARDT,315011403,Weipa,31501140311,3140311,309,315
31501140312-LEI,LEICHHARDT,315011403,Weipa,31501140312,3140312,269,271
31501140313-LEI,LEICHHARDT,315011403,Weipa,31501140313,3140313,277,281
31501140314-LEI,LEICHHARDT,315011403,Weipa,31501140314,3140314,227,230
31502140401-KEN,KENNEDY,315021404,Carpentaria,31502140401,3140401,2,2
31502140402-KEN,KENNEDY,315021404,Carpentaria,31502140402,3140402,797,807
31502140403-KEN,KENNEDY,315021404,Carpentaria,31502140403,3140403,274,281
31502140404-KEN,KENNEDY,315021404,Carpentaria,31502140404,3140404,197,194
31502140405-KEN,KENNEDY,315021404,Carpentaria,31502140405,3140405,154,154
31502140406-KEN,KENNEDY,315021404,Carpentaria,31502140406,3140406,142,140
31502140407-KEN,KENNEDY,315021404,Carpentaria,31502140407,3140407,925,930
31502140408-KEN,KENNEDY,315021404,Carpentaria,31502140408,3140408,98,98
31502140408-LEI,LEICHHARDT,315021404,Carpentaria,31502140408,3140408,4,4
31502140409-KEN,KENNEDY,315021404,Carpentaria,31502140409,3140409,88,89
31502140410-KEN,KENNEDY,315021404,Carpentaria,31502140410,3140410,89,92
31502140411-KEN,KENNEDY,315021404,Carpentaria,31502140411,3140411,234,238
31502140412-KEN,KENNEDY,315021404,Carpentaria,31502140412,3140412,3,3
31502140501-KEN,KENNEDY,315021405,Mount Isa,31502140501,3140501,305,311
31502140502-KEN,KENNEDY,315021405,Mount Isa,31502140502,3140502,151,146
31502140503-KEN,KENNEDY,315021405,Mount Isa,31502140503,3140503,182,193
31502140504-KEN,KENNEDY,315021405,Mount Isa,31502140504,3140504,111,109
31502140505-KEN,KENNEDY,315021405,Mount Isa,31502140505,3140505,202,199
31502140506-KEN,KENNEDY,315021405,Mount Isa,31502140506,3140506,256,257
31502140507-KEN,KENNEDY,315021405,Mount Isa,31502140507,3140507,259,279
31502140508-KEN,KENNEDY,315021405,Mount Isa,31502140508,3140508,171,173
31502140509-KEN,KENNEDY,315021405,Mount Isa,31502140509,3140509,230,237
31502140510-KEN,KENNEDY,315021405,Mount Isa,31502140510,3140510,311,323
31502140511-KEN,KENNEDY,315021405,Mount Isa,31502140511,3140511,298,300
31502140512-KEN,KENNEDY,315021405,Mount Isa,31502140512,3140512,183,179
31502140513-KEN,KENNEDY,315021405,Mount Isa,31502140513,3140513,296,290
31502140514-KEN,KENNEDY,315021405,Mount Isa,31502140514,3140514,200,201
31502140515-KEN,KENNEDY,315021405,Mount Isa,31502140515,3140515,143,144
31502140516-KEN,KENNEDY,315021405,Mount Isa,31502140516,3140516,271,270
31502140517-KEN,KENNEDY,315021405,Mount Isa,31502140517,3140517,305,316
31502140518-KEN,KENNEDY,315021405,Mount Isa,31502140518,3140518,136,140
31502140519-KEN,KENNEDY,315021405,Mount Isa,31502140519,3140519,292,287
31502140520-KEN,KENNEDY,315021405,Mount Isa,31502140520,3140520,234,226
31502140521-KEN,KENNEDY,315021405,Mount Isa,31502140521,3140521,260,255
31502140522-KEN,KENNEDY,315021405,Mount Isa,31502140522,3140522,240,234
31502140523-KEN,KENNEDY,315021405,Mount Isa,31502140523,3140523,306,304
31502140524-KEN,KENNEDY,315021405,Mount Isa,31502140524,3140524,266,277
31502140525-KEN,KENNEDY,315021405,Mount Isa,31502140525,3140525,381,393
31502140526-KEN,KENNEDY,315021405,Mount Isa,31502140526,3140526,215,208
31502140527-KEN,KENNEDY,315021405,Mount Isa,31502140527,3140527,296,302
31502140528-KEN,KENNEDY,315021405,Mount Isa,31502140528,3140528,326,329
31502140529-KEN,KENNEDY,315021405,Mount Isa,31502140529,3140529,315,311
31502140531-KEN,KENNEDY,315021405,Mount Isa,31502140531,3140531,294,291
31502140532-KEN,KENNEDY,315021405,Mount Isa,31502140532,3140532,179,182
31502140533-KEN,KENNEDY,315021405,Mount Isa,31502140533,3140533,0,0
31502140534-KEN,KENNEDY,315021405,Mount Isa,31502140534,3140534,300,310
31502140535-KEN,KENNEDY,315021405,Mount Isa,31502140535,3140535,255,276
31502140536-KEN,KENNEDY,315021405,Mount Isa,31502140536,3140536,211,217
31502140537-KEN,KENNEDY,315021405,Mount Isa,31502140537,3140537,175,177
31502140538-KEN,KENNEDY,315021405,Mount Isa,31502140538,3140538,161,167
31502140539-KEN,KENNEDY,315021405,Mount Isa,31502140539,3140539,220,232
31502140540-KEN,KENNEDY,315021405,Mount Isa,31502140540,3140540,300,301
31502140541-KEN,KENNEDY,315021405,Mount Isa,31502140541,3140541,260,263
31502140542-KEN,KENNEDY,315021405,Mount Isa,31502140542,3140542,245,253
31502140543-KEN,KENNEDY,315021405,Mount Isa,31502140543,3140543,182,180
31502140544-KEN,KENNEDY,315021405,Mount Isa,31502140544,3140544,235,245
31502140545-KEN,KENNEDY,315021405,Mount Isa,31502140545,3140545,303,305
31502140546-KEN,KENNEDY,315021405,Mount Isa,31502140546,3140546,253,256
31502140547-KEN,KENNEDY,315021405,Mount Isa,31502140547,3140547,442,453
31502140548-KEN,KENNEDY,315021405,Mount Isa,31502140548,3140548,282,289
31502140549-KEN,KENNEDY,315021405,Mount Isa,31502140549,3140549,155,155
31502140550-KEN,KENNEDY,315021405,Mount Isa,31502140550,3140550,65,65
31502140551-KEN,KENNEDY,315021405,Mount Isa,31502140551,3140551,125,129
31502140552-KEN,KENNEDY,315021405,Mount Isa,31502140552,3140552,4,4
31502140553-KEN,KENNEDY,315021405,Mount Isa,31502140553,3140553,26,25
31502140601-KEN,KENNEDY,315021406,Mount Isa Surrounds,31502140601,3140601,238,247
31502140602-KEN,KENNEDY,315021406,Mount Isa Surrounds,31502140602,3140602,167,179
31502140603-KEN,KENNEDY,315021406,Mount Isa Surrounds,31502140603,3140603,326,347
31502140604-KEN,KENNEDY,315021406,Mount Isa Surrounds,31502140604,3140604,203,216
31502140605-KEN,KENNEDY,315021406,Mount Isa Surrounds,31502140605,3140605,63,65
31502140607-KEN,KENNEDY,315021406,Mount Isa Surrounds,31502140607,3140607,184,194
31502140608-KEN,KENNEDY,315021406,Mount Isa Surrounds,31502140608,3140608,155,161
31502140609-KEN,KENNEDY,315021406,Mount Isa Surrounds,31502140609,3140609,210,225
31502140610-KEN,KENNEDY,315021406,Mount Isa Surrounds,31502140610,3140610,207,213
31502140611-KEN,KENNEDY,315021406,Mount Isa Surrounds,31502140611,3140611,121,128
31502140612-KEN,KENNEDY,315021406,Mount Isa Surrounds,31502140612,3140612,82,86
31502140701-KEN,KENNEDY,315021407,Northern Highlands,31502140701,3140701,0,0
31502140702-KEN,KENNEDY,315021407,Northern Highlands,31502140702,3140702,145,147
31502140703-KEN,KENNEDY,315021407,Northern Highlands,31502140703,3140703,154,162
31502140704-KEN,KENNEDY,315021407,Northern Highlands,31502140704,3140704,259,250
31502140705-KEN,KENNEDY,315021407,Northern Highlands,31502140705,3140705,229,240
31502140706-KEN,KENNEDY,315021407,Northern Highlands,31502140706,3140706,149,147
31502140707-KEN,KENNEDY,315021407,Northern Highlands,31502140707,3140707,204,200
31502140709-KEN,KENNEDY,315021407,Northern Highlands,31502140709,3140709,209,208
31502140710-KEN,KENNEDY,315021407,Northern Highlands,31502140710,3140710,207,210
31502140711-KEN,KENNEDY,315021407,Northern Highlands,31502140711,3140711,218,210
31502140711-MAR,MARANOA,315021407,Northern Highlands,31502140711,3140711,0,0
31502140712-KEN,KENNEDY,315021407,Northern Highlands,31502140712,3140712,85,85
31502140713-KEN,KENNEDY,315021407,Northern Highlands,31502140713,3140713,201,205
31502140714-KEN,KENNEDY,315021407,Northern Highlands,31502140714,3140714,193,195
31503140801-MAR,MARANOA,315031408,Barcaldine - Blackall,31503140801,3140801,228,232
31503140802-MAR,MARANOA,315031408,Barcaldine - Blackall,31503140802,3140802,203,211
31503140803-MAR,MARANOA,315031408,Barcaldine - Blackall,31503140803,3140803,273,277
31503140804-MAR,MARANOA,315031408,Barcaldine - Blackall,31503140804,3140804,231,243
31503140805-MAR,MARANOA,315031408,Barcaldine - Blackall,31503140805,3140805,242,255
31503140806-MAR,MARANOA,315031408,Barcaldine - Blackall,31503140806,3140806,186,189
31503140807-MAR,MARANOA,315031408,Barcaldine - Blackall,31503140807,3140807,234,241
31503140808-KEN,KENNEDY,315031408,Barcaldine - Blackall,31503140808,3140808,0,0
31503140808-MAR,MARANOA,315031408,Barcaldine - Blackall,31503140808,3140808,241,245
31503140809-MAR,MARANOA,315031408,Barcaldine - Blackall,31503140809,3140809,181,188
31503140810-MAR,MARANOA,315031408,Barcaldine - Blackall,31503140810,3140810,238,245
31503140811-MAR,MARANOA,315031408,Barcaldine - Blackall,31503140811,3140811,171,172
31503140812-MAR,MARANOA,315031408,Barcaldine - Blackall,31503140812,3140812,295,327
31503140813-MAR,MARANOA,315031408,Barcaldine - Blackall,31503140813,3140813,381,380
31503140814-MAR,MARANOA,315031408,Barcaldine - Blackall,31503140814,3140814,178,183
31503140815-MAR,MARANOA,315031408,Barcaldine - Blackall,31503140815,3140815,254,257
31503140816-MAR,MARANOA,315031408,Barcaldine - Blackall,31503140816,3140816,158,164
31503140901-MAR,MARANOA,315031409,Charleville,31503140901,3140901,273,293
31503140902-MAR,MARANOA,315031409,Charleville,31503140902,3140902,358,353
31503140903-MAR,MARANOA,315031409,Charleville,31503140903,3140903,125,121
31503140904-MAR,MARANOA,315031409,Charleville,31503140904,3140904,122,117
31503140905-MAR,MARANOA,315031409,Charleville,31503140905,3140905,282,283
31503140906-MAR,MARANOA,315031409,Charleville,31503140906,3140906,232,222
31503140907-MAR,MARANOA,315031409,Charleville,31503140907,3140907,302,316
31503140908-MAR,MARANOA,315031409,Charleville,31503140908,3140908,162,155
31503140909-MAR,MARANOA,315031409,Charleville,31503140909,3140909,143,139
31503140910-MAR,MARANOA,315031409,Charleville,31503140910,3140910,358,362
31503140911-MAR,MARANOA,315031409,Charleville,31503140911,3140911,179,177
31503140912-MAR,MARANOA,315031409,Charleville,31503140912,3140912,209,204
31503140913-MAR,MARANOA,315031409,Charleville,31503140913,3140913,186,180
31503140914-MAR,MARANOA,315031409,Charleville,31503140914,3140914,112,109
31503141001-MAR,MARANOA,315031410,Far Central West,31503141001,3141001,247,244
31503141002-MAR,MARANOA,315031410,Far Central West,31503141002,3141002,149,151
31503141003-KEN,KENNEDY,315031410,Far Central West,31503141003,3141003,128,131
31503141004-KEN,KENNEDY,315031410,Far Central West,31503141004,3141004,111,110
31503141005-MAR,MARANOA,315031410,Far Central West,31503141005,3141005,201,200
31503141006-MAR,MARANOA,315031410,Far Central West,31503141006,3141006,260,257
31503141007-MAR,MARANOA,315031410,Far Central West,31503141007,3141007,209,210
31503141008-MAR,MARANOA,315031410,Far Central West,31503141008,3141008,155,154
31503141101-MAR,MARANOA,315031411,Far South West,31503141101,3141101,206,214
31503141102-MAR,MARANOA,315031411,Far South West,31503141102,3141102,180,184
31503141103-MAR,MARANOA,315031411,Far South West,31503141103,3141103,2,2
31503141104-MAR,MARANOA,315031411,Far South West,31503141104,3141104,213,207
31503141105-MAR,MARANOA,315031411,Far South West,31503141105,3141105,187,191
31503141106-MAR,MARANOA,315031411,Far South West,31503141106,3141106,211,218
31503141107-MAR,MARANOA,315031411,Far South West,31503141107,3141107,254,272
31503141108-MAR,MARANOA,315031411,Far South West,31503141108,3141108,125,131
31503141109-MAR,MARANOA,315031411,Far South West,31503141109,3141109,84,83
31503141110-MAR,MARANOA,315031411,Far South West,31503141110,3141110,134,137
31503141111-MAR,MARANOA,315031411,Far South West,31503141111,3141111,177,179
31503141112-MAR,MARANOA,315031411,Far South West,31503141112,3141112,286,281
31503141201-MAR,MARANOA,315031412,Longreach,31503141201,3141201,114,124
31503141202-MAR,MARANOA,315031412,Longreach,31503141202,3141202,206,201
31503141203-MAR,MARANOA,315031412,Longreach,31503141203,3141203,134,136
31503141204-MAR,MARANOA,315031412,Longreach,31503141204,3141204,179,175
31503141205-MAR,MARANOA,315031412,Longreach,31503141205,3141205,267,287
31503141206-MAR,MARANOA,315031412,Longreach,31503141206,3141206,233,238
31503141207-MAR,MARANOA,315031412,Longreach,31503141207,3141207,185,192
31503141208-MAR,MARANOA,315031412,Longreach,31503141208,3141208,141,150
31503141209-MAR,MARANOA,315031412,Longreach,31503141209,3141209,179,175
31503141210-MAR,MARANOA,315031412,Longreach,31503141210,3141210,178,183
31503141211-MAR,MARANOA,315031412,Longreach,31503141211,3141211,198,202
31503141212-MAR,MARANOA,315031412,Longreach,31503141212,3141212,211,227
31503141213-MAR,MARANOA,315031412,Longreach,31503141213,3141213,206,212
31503141214-MAR,MARANOA,315031412,Longreach,31503141214,3141214,153,155
31503141215-MAR,MARANOA,315031412,Longreach,31503141215,3141215,0,0
31601141301-FAI,FAIRFAX,316011413,Buderim - North,31601141301,3141301,715,726
31601141302-FAI,FAIRFAX,316011413,Buderim - North,31601141302,3141302,522,558
31601141303-FAI,FAIRFAX,316011413,Buderim - North,31601141303,3141303,536,541
31601141304-FAI,FAIRFAX,316011413,Buderim - North,31601141304,3141304,286,298
31601141305-FAI,FAIRFAX,316011413,Buderim - North,31601141305,3141305,317,309
31601141306-FAI,FAIRFAX,316011413,Buderim - North,31601141306,3141306,468,488
31601141307-FAI,FAIRFAX,316011413,Buderim - North,31601141307,3141307,374,398
31601141308-FAI,FAIRFAX,316011413,Buderim - North,31601141308,3141308,251,270
31601141309-FAI,FAIRFAX,316011413,Buderim - North,31601141309,3141309,465,489
31601141310-FAI,FAIRFAX,316011413,Buderim - North,31601141310,3141310,304,324
31601141311-FAI,FAIRFAX,316011413,Buderim - North,31601141311,3141311,396,414
31601141312-FAI,FAIRFAX,316011413,Buderim - North,31601141312,3141312,401,412
31601141313-FAI,FAIRFAX,316011413,Buderim - North,31601141313,3141313,374,393
31601141314-FAI,FAIRFAX,316011413,Buderim - North,31601141314,3141314,454,469
31601141315-FAI,FAIRFAX,316011413,Buderim - North,31601141315,3141315,969,1000
31601141316-FAI,FAIRFAX,316011413,Buderim - North,31601141316,3141316,340,354
31601141317-FAI,FAIRFAX,316011413,Buderim - North,31601141317,3141317,241,244
31601141318-FAI,FAIRFAX,316011413,Buderim - North,31601141318,3141318,756,782
31601141319-FAI,FAIRFAX,316011413,Buderim - North,31601141319,3141319,425,435
31601141320-FAI,FAIRFAX,316011413,Buderim - North,31601141320,3141320,342,334
31601141321-FAI,FAIRFAX,316011413,Buderim - North,31601141321,3141321,448,463
31601141322-FAI,FAIRFAX,316011413,Buderim - North,31601141322,3141322,308,312
31601141323-FAI,FAIRFAX,316011413,Buderim - North,31601141323,3141323,330,355
31601141324-FAI,FAIRFAX,316011413,Buderim - North,31601141324,3141324,471,510
31601141325-FAI,FAIRFAX,316011413,Buderim - North,31601141325,3141325,265,286
31601141326-FAI,FAIRFAX,316011413,Buderim - North,31601141326,3141326,414,424
31601141327-FAI,FAIRFAX,316011413,Buderim - North,31601141327,3141327,562,549
31601141328-FAI,FAIRFAX,316011413,Buderim - North,31601141328,3141328,294,321
31601141329-FAI,FAIRFAX,316011413,Buderim - North,31601141329,3141329,339,355
31601141330-FAI,FAIRFAX,316011413,Buderim - North,31601141330,3141330,250,269
31601141331-FAI,FAIRFAX,316011413,Buderim - North,31601141331,3141331,443,455
31601141332-FAI,FAIRFAX,316011413,Buderim - North,31601141332,3141332,398,400
31601141333-FAI,FAIRFAX,316011413,Buderim - North,31601141333,3141333,523,531
31601141334-FAI,FAIRFAX,316011413,Buderim - North,31601141334,3141334,533,543
31601141335-FAI,FAIRFAX,316011413,Buderim - North,31601141335,3141335,806,829
31601141336-FAI,FAIRFAX,316011413,Buderim - North,31601141336,3141336,17,18
31601141401-FAI,FAIRFAX,316011414,Buderim - South,31601141401,3141401,289,295
31601141402-FAI,FAIRFAX,316011414,Buderim - South,31601141402,3141402,230,238
31601141403-FAI,FAIRFAX,316011414,Buderim - South,31601141403,3141403,308,301
31601141404-FAI,FAIRFAX,316011414,Buderim - South,31601141404,3141404,311,311
31601141405-FAI,FAIRFAX,316011414,Buderim - South,31601141405,3141405,447,445
31601141406-FAI,FAIRFAX,316011414,Buderim - South,31601141406,3141406,225,227
31601141407-FAI,FAIRFAX,316011414,Buderim - South,31601141407,3141407,428,448
31601141408-FIS,FISHER,316011414,Buderim - South,31601141408,3141408,227,230
31601141409-FAI,FAIRFAX,316011414,Buderim - South,31601141409,3141409,346,371
31601141410-FAI,FAIRFAX,316011414,Buderim - South,31601141410,3141410,353,373
31601141411-FAI,FAIRFAX,316011414,Buderim - South,31601141411,3141411,541,547
31601141412-FAI,FAIRFAX,316011414,Buderim - South,31601141412,3141412,368,359
31601141413-FAI,FAIRFAX,316011414,Buderim - South,31601141413,3141413,162,169
31601141414-FAI,FAIRFAX,316011414,Buderim - South,31601141414,3141414,300,312
31601141415-FAI,FAIRFAX,316011414,Buderim - South,31601141415,3141415,341,351
31601141416-FAI,FAIRFAX,316011414,Buderim - South,31601141416,3141416,444,463
31601141417-FAI,FAIRFAX,316011414,Buderim - South,31601141417,3141417,0,0
31601141418-FAI,FAIRFAX,316011414,Buderim - South,31601141418,3141418,254,248
31601141419-FAI,FAIRFAX,316011414,Buderim - South,31601141419,3141419,240,261
31601141420-FAI,FAIRFAX,316011414,Buderim - South,31601141420,3141420,592,614
31601141421-FAI,FAIRFAX,316011414,Buderim - South,31601141421,3141421,299,304
31601141422-FAI,FAIRFAX,316011414,Buderim - South,31601141422,3141422,410,417
31601141423-FAI,FAIRFAX,316011414,Buderim - South,31601141423,3141423,276,282
31601141424-FAI,FAIRFAX,316011414,Buderim - South,31601141424,3141424,439,463
31601141425-FAI,FAIRFAX,316011414,Buderim - South,31601141425,3141425,174,176
31601141426-FAI,FAIRFAX,316011414,Buderim - South,31601141426,3141426,180,180
31601141427-FAI,FAIRFAX,316011414,Buderim - South,31601141427,3141427,329,347
31601141428-FAI,FAIRFAX,316011414,Buderim - South,31601141428,3141428,305,305
31601141429-FAI,FAIRFAX,316011414,Buderim - South,31601141429,3141429,403,404
31601141430-FAI,FAIRFAX,316011414,Buderim - South,31601141430,3141430,2,2
31601141431-FAI,FAIRFAX,316011414,Buderim - South,31601141431,3141431,160,162
31601141432-FAI,FAIRFAX,316011414,Buderim - South,31601141432,3141432,277,283
31601141435-FAI,FAIRFAX,316011414,Buderim - South,31601141435,3141435,393,411
31601141436-FAI,FAIRFAX,316011414,Buderim - South,31601141436,3141436,390,409
31601141437-FAI,FAIRFAX,316011414,Buderim - South,31601141437,3141437,435,474
31601141438-FAI,FAIRFAX,316011414,Buderim - South,31601141438,3141438,1101,1124
31601141439-FAI,FAIRFAX,316011414,Buderim - South,31601141439,3141439,257,266
31601141440-FAI,FAIRFAX,316011414,Buderim - South,31601141440,3141440,1039,1143
31601141501-FAI,FAIRFAX,316011415,Mountain Creek,31601141501,3141501,366,356
31601141502-FAI,FAIRFAX,316011415,Mountain Creek,31601141502,3141502,291,307
31601141503-FAI,FAIRFAX,316011415,Mountain Creek,31601141503,3141503,433,421
31601141504-FAI,FAIRFAX,316011415,Mountain Creek,31601141504,3141504,335,349
31601141505-FAI,FAIRFAX,316011415,Mountain Creek,31601141505,3141505,414,444
31601141506-FAI,FAIRFAX,316011415,Mountain Creek,31601141506,3141506,442,430
31601141507-FAI,FAIRFAX,316011415,Mountain Creek,31601141507,3141507,292,291
31601141508-FAI,FAIRFAX,316011415,Mountain Creek,31601141508,3141508,429,418
31601141509-FAI,FAIRFAX,316011415,Mountain Creek,31601141509,3141509,371,361
31601141510-FAI,FAIRFAX,316011415,Mountain Creek,31601141510,3141510,207,201
31601141511-FAI,FAIRFAX,316011415,Mountain Creek,31601141511,3141511,166,175
31601141512-FAI,FAIRFAX,316011415,Mountain Creek,31601141512,3141512,233,237
31601141513-FAI,FAIRFAX,316011415,Mountain Creek,31601141513,3141513,283,299
31601141515-FAI,FAIRFAX,316011415,Mountain Creek,31601141515,3141515,0,0
31601141516-FAI,FAIRFAX,316011415,Mountain Creek,31601141516,3141516,1443,1447
31601141517-FAI,FAIRFAX,316011415,Mountain Creek,31601141517,3141517,967,990
31601141518-FAI,FAIRFAX,316011415,Mountain Creek,31601141518,3141518,343,368
31601141519-FAI,FAIRFAX,316011415,Mountain Creek,31601141519,3141519,1150,1250
31601141601-FIS,FISHER,316011416,Sippy Downs,31601141601,3141601,0,0
31601141603-FIS,FISHER,316011416,Sippy Downs,31601141603,3141603,283,312
31601141604-FIS,FISHER,316011416,Sippy Downs,31601141604,3141604,315,312
31601141605-FIS,FISHER,316011416,Sippy Downs,31601141605,3141605,170,168
31601141606-FIS,FISHER,316011416,Sippy Downs,31601141606,3141606,523,567
31601141608-FIS,FISHER,316011416,Sippy Downs,31601141608,3141608,284,281
31601141610-FIS,FISHER,316011416,Sippy Downs,31601141610,3141610,380,407
31601141611-FIS,FISHER,316011416,Sippy Downs,31601141611,3141611,392,414
31601141612-FIS,FISHER,316011416,Sippy Downs,31601141612,3141612,291,288
31601141613-FIS,FISHER,316011416,Sippy Downs,31601141613,3141613,360,370
31601141614-FIS,FISHER,316011416,Sippy Downs,31601141614,3141614,353,349
31601141615-FIS,FISHER,316011416,Sippy Downs,31601141615,3141615,228,226
31601141616-FIS,FISHER,316011416,Sippy Downs,31601141616,3141616,309,318
31601141619-FIS,FISHER,316011416,Sippy Downs,31601141619,3141619,768,896
31601141620-FIS,FISHER,316011416,Sippy Downs,31601141620,3141620,363,383
31601141622-FIS,FISHER,316011416,Sippy Downs,31601141622,3141622,311,328
31601141623-FIS,FISHER,316011416,Sippy Downs,31601141623,3141623,187,194
31601141624-FIS,FISHER,316011416,Sippy Downs,31601141624,3141624,156,160
31601141625-FIS,FISHER,316011416,Sippy Downs,31601141625,3141625,471,538
31601141626-FIS,FISHER,316011416,Sippy Downs,31601141626,3141626,290,306
31601141627-FIS,FISHER,316011416,Sippy Downs,31601141627,3141627,0,0
31601141628-FIS,FISHER,316011416,Sippy Downs,31601141628,3141628,556,576
31601141629-FIS,FISHER,316011416,Sippy Downs,31601141629,3141629,134,139
31601141630-FIS,FISHER,316011416,Sippy Downs,31601141630,3141630,169,177
31601141631-FIS,FISHER,316011416,Sippy Downs,31601141631,3141631,639,656
31602141701-FIS,FISHER,316021417,Aroona - Currimundi,31602141701,3141701,435,437
31602141702-FIS,FISHER,316021417,Aroona - Currimundi,31602141702,3141702,231,235
31602141703-FIS,FISHER,316021417,Aroona - Currimundi,31602141703,3141703,178,186
31602141704-FIS,FISHER,316021417,Aroona - Currimundi,31602141704,3141704,279,284
31602141705-FIS,FISHER,316021417,Aroona - Currimundi,31602141705,3141705,169,173
31602141706-FIS,FISHER,316021417,Aroona - Currimundi,31602141706,3141706,356,361
31602141707-FIS,FISHER,316021417,Aroona - Currimundi,31602141707,3141707,426,439
31602141708-FIS,FISHER,316021417,Aroona - Currimundi,31602141708,3141708,259,282
31602141709-FIS,FISHER,316021417,Aroona - Currimundi,31602141709,3141709,237,242
31602141710-FIS,FISHER,316021417,Aroona - Currimundi,31602141710,3141710,462,475
31602141711-FIS,FISHER,316021417,Aroona - Currimundi,31602141711,3141711,309,320
31602141712-FIS,FISHER,316021417,Aroona - Currimundi,31602141712,3141712,659,654
31602141713-FIS,FISHER,316021417,Aroona - Currimundi,31602141713,3141713,235,243
31602141714-FIS,FISHER,316021417,Aroona - Currimundi,31602141714,3141714,315,309
31602141715-FIS,FISHER,316021417,Aroona - Currimundi,31602141715,3141715,366,373
31602141716-FIS,FISHER,316021417,Aroona - Currimundi,31602141716,3141716,444,468
31602141717-FIS,FISHER,316021417,Aroona - Currimundi,31602141717,3141717,180,178
31602141718-FIS,FISHER,316021417,Aroona - Currimundi,31602141718,3141718,0,0
31602141719-FIS,FISHER,316021417,Aroona - Currimundi,31602141719,3141719,231,227
31602141720-FIS,FISHER,316021417,Aroona - Currimundi,31602141720,3141720,351,352
31602141721-FIS,FISHER,316021417,Aroona - Currimundi,31602141721,3141721,467,490
31602141722-FIS,FISHER,316021417,Aroona - Currimundi,31602141722,3141722,383,391
31602141723-FIS,FISHER,316021417,Aroona - Currimundi,31602141723,3141723,196,197
31602141724-FIS,FISHER,316021417,Aroona - Currimundi,31602141724,3141724,372,383
31602141725-FIS,FISHER,316021417,Aroona - Currimundi,31602141725,3141725,324,320
31602141802-FIS,FISHER,316021418,Buddina - Minyama,31602141802,3141802,348,345
31602141803-FIS,FISHER,316021418,Buddina - Minyama,31602141803,3141803,324,345
31602141804-FIS,FISHER,316021418,Buddina - Minyama,31602141804,3141804,202,201
31602141805-FIS,FISHER,316021418,Buddina - Minyama,31602141805,3141805,377,383
31602141806-FIS,FISHER,316021418,Buddina - Minyama,31602141806,3141806,331,333
31602141807-FIS,FISHER,316021418,Buddina - Minyama,31602141807,3141807,422,413
31602141808-FIS,FISHER,316021418,Buddina - Minyama,31602141808,3141808,393,396
31602141809-FIS,FISHER,316021418,Buddina - Minyama,31602141809,3141809,234,248
31602141810-FIS,FISHER,316021418,Buddina - Minyama,31602141810,3141810,462,484
31602141812-FIS,FISHER,316021418,Buddina - Minyama,31602141812,3141812,506,511
31602141813-FIS,FISHER,316021418,Buddina - Minyama,31602141813,3141813,331,339
31602141814-FIS,FISHER,316021418,Buddina - Minyama,31602141814,3141814,404,399
31602141815-FIS,FISHER,316021418,Buddina - Minyama,31602141815,3141815,290,299
31602141816-FIS,FISHER,316021418,Buddina - Minyama,31602141816,3141816,354,351
31602141817-FIS,FISHER,316021418,Buddina - Minyama,31602141817,3141817,229,239
31602141818-FIS,FISHER,316021418,Buddina - Minyama,31602141818,3141818,407,414
31602141901-FIS,FISHER,316021419,Caloundra - Kings Beach,31602141901,3141901,261,276
31602141902-FIS,FISHER,316021419,Caloundra - Kings Beach,31602141902,3141902,372,372
31602141903-FIS,FISHER,316021419,Caloundra - Kings Beach,31602141903,3141903,438,449
31602141904-FIS,FISHER,316021419,Caloundra - Kings Beach,31602141904,3141904,537,584
31602141905-FIS,FISHER,316021419,Caloundra - Kings Beach,31602141905,3141905,434,447
31602141906-FIS,FISHER,316021419,Caloundra - Kings Beach,31602141906,3141906,354,383
31602141907-FIS,FISHER,316021419,Caloundra - Kings Beach,31602141907,3141907,637,655
31602141908-FIS,FISHER,316021419,Caloundra - Kings Beach,31602141908,3141908,332,337
31602141909-FIS,FISHER,316021419,Caloundra - Kings Beach,31602141909,3141909,401,405
31602141910-FIS,FISHER,316021419,Caloundra - Kings Beach,31602141910,3141910,191,203
31602141911-FIS,FISHER,316021419,Caloundra - Kings Beach,31602141911,3141911,265,258
31602141912-FIS,FISHER,316021419,Caloundra - Kings Beach,31602141912,3141912,264,272
31602141913-FIS,FISHER,316021419,Caloundra - Kings Beach,31602141913,3141913,361,362
31602141914-FIS,FISHER,316021419,Caloundra - Kings Beach,31602141914,3141914,323,327
31602141915-FIS,FISHER,316021419,Caloundra - Kings Beach,31602141915,3141915,0,0
31602141916-FIS,FISHER,316021419,Caloundra - Kings Beach,31602141916,3141916,450,446
31602142101-FIS,FISHER,316021421,Golden Beach - Pelican Waters,31602142101,3142101,370,359
31602142102-FIS,FISHER,316021421,Golden Beach - Pelican Waters,31602142102,3142102,351,358
31602142103-FIS,FISHER,316021421,Golden Beach - Pelican Waters,31602142103,3142103,425,442
31602142104-FIS,FISHER,316021421,Golden Beach - Pelican Waters,31602142104,3142104,240,233
31602142105-FIS,FISHER,316021421,Golden Beach - Pelican Waters,31602142105,3142105,887,885
31602142106-FIS,FISHER,316021421,Golden Beach - Pelican Waters,31602142106,3142106,354,355
31602142107-FIS,FISHER,316021421,Golden Beach - Pelican Waters,31602142107,3142107,335,325
31602142108-FIS,FISHER,316021421,Golden Beach - Pelican Waters,31602142108,3142108,329,343
31602142109-FIS,FISHER,316021421,Golden Beach - Pelican Waters,31602142109,3142109,482,502
31602142110-FIS,FISHER,316021421,Golden Beach - Pelican Waters,31602142110,3142110,383,380
31602142111-FIS,FISHER,316021421,Golden Beach - Pelican Waters,31602142111,3142111,265,257
31602142112-FIS,FISHER,316021421,Golden Beach - Pelican Waters,31602142112,3142112,343,358
31602142113-FIS,FISHER,316021421,Golden Beach - Pelican Waters,31602142113,3142113,446,432
31602142114-FIS,FISHER,316021421,Golden Beach - Pelican Waters,31602142114,3142114,0,0
31602142115-FIS,FISHER,316021421,Golden Beach - Pelican Waters,31602142115,3142115,379,387
31602142116-FIS,FISHER,316021421,Golden Beach - Pelican Waters,31602142116,3142116,492,506
31602142117-FIS,FISHER,316021421,Golden Beach - Pelican Waters,31602142117,3142117,293,300
31602142118-FIS,FISHER,316021421,Golden Beach - Pelican Waters,31602142118,3142118,511,516
31602142119-FIS,FISHER,316021421,Golden Beach - Pelican Waters,31602142119,3142119,360,365
31602142120-FIS,FISHER,316021421,Golden Beach - Pelican Waters,31602142120,3142120,330,342
31602142121-FIS,FISHER,316021421,Golden Beach - Pelican Waters,31602142121,3142121,402,410
31602142122-FIS,FISHER,316021421,Golden Beach - Pelican Waters,31602142122,3142122,1598,1812
31602142123-FIS,FISHER,316021421,Golden Beach - Pelican Waters,31602142123,3142123,579,589
31602142124-FIS,FISHER,316021421,Golden Beach - Pelican Waters,31602142124,3142124,481,489
31602142125-FIS,FISHER,316021421,Golden Beach - Pelican Waters,31602142125,3142125,331,339
31602142127-FIS,FISHER,316021421,Golden Beach - Pelican Waters,31602142127,3142127,330,325
31602142128-FIS,FISHER,316021421,Golden Beach - Pelican Waters,31602142128,3142128,440,434
31602142201-FIS,FISHER,316021422,Moffat Beach - Battery Hill,31602142201,3142201,252,262
31602142202-FIS,FISHER,316021422,Moffat Beach - Battery Hill,31602142202,3142202,281,298
31602142203-FIS,FISHER,316021422,Moffat Beach - Battery Hill,31602142203,3142203,168,165
31602142204-FIS,FISHER,316021422,Moffat Beach - Battery Hill,31602142204,3142204,275,286
31602142205-FIS,FISHER,316021422,Moffat Beach - Battery Hill,31602142205,3142205,325,340
31602142206-FIS,FISHER,316021422,Moffat Beach - Battery Hill,31602142206,3142206,253,272
31602142207-FIS,FISHER,316021422,Moffat Beach - Battery Hill,31602142207,3142207,351,353
31602142208-FIS,FISHER,316021422,Moffat Beach - Battery Hill,31602142208,3142208,425,429
31602142209-FIS,FISHER,316021422,Moffat Beach - Battery Hill,31602142209,3142209,401,412
31602142210-FIS,FISHER,316021422,Moffat Beach - Battery Hill,31602142210,3142210,349,352
31602142211-FIS,FISHER,316021422,Moffat Beach - Battery Hill,31602142211,3142211,295,312
31602142212-FIS,FISHER,316021422,Moffat Beach - Battery Hill,31602142212,3142212,284,285
31602142213-FIS,FISHER,316021422,Moffat Beach - Battery Hill,31602142213,3142213,359,365
31602142214-FIS,FISHER,316021422,Moffat Beach - Battery Hill,31602142214,3142214,332,328
31602142215-FIS,FISHER,316021422,Moffat Beach - Battery Hill,31602142215,3142215,211,206
31602142216-FIS,FISHER,316021422,Moffat Beach - Battery Hill,31602142216,3142216,331,332
31602142217-FIS,FISHER,316021422,Moffat Beach - Battery Hill,31602142217,3142217,348,348
31602142218-FIS,FISHER,316021422,Moffat Beach - Battery Hill,31602142218,3142218,391,402
31602142219-FIS,FISHER,316021422,Moffat Beach - Battery Hill,31602142219,3142219,389,385
31602142220-FIS,FISHER,316021422,Moffat Beach - Battery Hill,31602142220,3142220,383,382
31602142301-FIS,FISHER,316021423,Parrearra - Warana,31602142301,3142301,0,0
31602142302-FIS,FISHER,316021423,Parrearra - Warana,31602142302,3142302,248,242
31602142303-FIS,FISHER,316021423,Parrearra - Warana,31602142303,3142303,213,223
31602142304-FIS,FISHER,316021423,Parrearra - Warana,31602142304,3142304,322,332
31602142305-FIS,FISHER,316021423,Parrearra - Warana,31602142305,3142305,255,265
31602142306-FIS,FISHER,316021423,Parrearra - Warana,31602142306,3142306,267,279
31602142307-FIS,FISHER,316021423,Parrearra - Warana,31602142307,3142307,463,453
31602142308-FIS,FISHER,316021423,Parrearra - Warana,31602142308,3142308,324,354
31602142309-FIS,FISHER,316021423,Parrearra - Warana,31602142309,3142309,308,313
31602142311-FIS,FISHER,316021423,Parrearra - Warana,31602142311,3142311,419,410
31602142313-FIS,FISHER,316021423,Parrearra - Warana,31602142313,3142313,160,156
31602142314-FIS,FISHER,316021423,Parrearra - Warana,31602142314,3142314,314,307
31602142315-FIS,FISHER,316021423,Parrearra - Warana,31602142315,3142315,1242,1448
31602142316-FIS,FISHER,316021423,Parrearra - Warana,31602142316,3142316,232,247
31602142317-FIS,FISHER,316021423,Parrearra - Warana,31602142317,3142317,247,256
31602142318-FIS,FISHER,316021423,Parrearra - Warana,31602142318,3142318,263,274
31602142319-FIS,FISHER,316021423,Parrearra - Warana,31602142319,3142319,359,351
31602142320-FIS,FISHER,316021423,Parrearra - Warana,31602142320,3142320,439,452
31602142321-FIS,FISHER,316021423,Parrearra - Warana,31602142321,3142321,517,540
31602142322-FIS,FISHER,316021423,Parrearra - Warana,31602142322,3142322,0,0
31602142323-FIS,FISHER,316021423,Parrearra - Warana,31602142323,3142323,501,527
31602142324-FIS,FISHER,316021423,Parrearra - Warana,31602142324,3142324,10,10
31602142325-FIS,FISHER,316021423,Parrearra - Warana,31602142325,3142325,268,278
31602142326-FIS,FISHER,316021423,Parrearra - Warana,31602142326,3142326,454,484
31602142327-FIS,FISHER,316021423,Parrearra - Warana,31602142327,3142327,254,263
31602142328-FIS,FISHER,316021423,Parrearra - Warana,31602142328,3142328,333,343
31602142329-FIS,FISHER,316021423,Parrearra - Warana,31602142329,3142329,333,347
31602142401-FIS,FISHER,316021424,Wurtulla - Birtinya,31602142401,3142401,464,477
31602142402-FIS,FISHER,316021424,Wurtulla - Birtinya,31602142402,3142402,279,295
31602142403-FIS,FISHER,316021424,Wurtulla - Birtinya,31602142403,3142403,489,509
31602142404-FIS,FISHER,316021424,Wurtulla - Birtinya,31602142404,3142404,285,303
31602142405-FIS,FISHER,316021424,Wurtulla - Birtinya,31602142405,3142405,431,445
31602142406-FIS,FISHER,316021424,Wurtulla - Birtinya,31602142406,3142406,380,399
31602142407-FIS,FISHER,316021424,Wurtulla - Birtinya,31602142407,3142407,634,656
31602142408-FIS,FISHER,316021424,Wurtulla - Birtinya,31602142408,3142408,492,519
31602142409-FIS,FISHER,316021424,Wurtulla - Birtinya,31602142409,3142409,470,492
31602142410-FIS,FISHER,316021424,Wurtulla - Birtinya,31602142410,3142410,477,517
31602142411-FIS,FISHER,316021424,Wurtulla - Birtinya,31602142411,3142411,326,353
31602142413-FIS,FISHER,316021424,Wurtulla - Birtinya,31602142413,3142413,0,0
31602142414-FIS,FISHER,316021424,Wurtulla - Birtinya,31602142414,3142414,495,520
31602142415-FIS,FISHER,316021424,Wurtulla - Birtinya,31602142415,3142415,592,676
31602142416-FIS,FISHER,316021424,Wurtulla - Birtinya,31602142416,3142416,347,360
31602142417-FIS,FISHER,316021424,Wurtulla - Birtinya,31602142417,3142417,269,283
31602142418-FIS,FISHER,316021424,Wurtulla - Birtinya,31602142418,3142418,414,457
31602142419-FIS,FISHER,316021424,Wurtulla - Birtinya,31602142419,3142419,432,430
31602142420-FIS,FISHER,316021424,Wurtulla - Birtinya,31602142420,3142420,537,566
31602142421-FIS,FISHER,316021424,Wurtulla - Birtinya,31602142421,3142421,386,429
31603142501-FAI,FAIRFAX,316031425,Coolum Beach,31603142501,3142501,205,206
31603142502-FAI,FAIRFAX,316031425,Coolum Beach,31603142502,3142502,463,488
31603142503-FAI,FAIRFAX,316031425,Coolum Beach,31603142503,3142503,506,539
31603142504-FAI,FAIRFAX,316031425,Coolum Beach,31603142504,3142504,148,152
31603142505-FAI,FAIRFAX,316031425,Coolum Beach,31603142505,3142505,311,317
31603142506-FAI,FAIRFAX,316031425,Coolum Beach,31603142506,3142506,307,308
31603142507-FAI,FAIRFAX,316031425,Coolum Beach,31603142507,3142507,409,418
31603142508-FAI,FAIRFAX,316031425,Coolum Beach,31603142508,3142508,307,326
31603142509-FAI,FAIRFAX,316031425,Coolum Beach,31603142509,3142509,310,317
31603142510-FAI,FAIRFAX,316031425,Coolum Beach,31603142510,3142510,402,405
31603142511-FAI,FAIRFAX,316031425,Coolum Beach,31603142511,3142511,237,241
31603142512-FAI,FAIRFAX,316031425,Coolum Beach,31603142512,3142512,510,545
31603142513-FAI,FAIRFAX,316031425,Coolum Beach,31603142513,3142513,463,490
31603142514-FAI,FAIRFAX,316031425,Coolum Beach,31603142514,3142514,318,332
31603142515-FAI,FAIRFAX,316031425,Coolum Beach,31603142515,3142515,341,334
31603142517-FAI,FAIRFAX,316031425,Coolum Beach,31603142517,3142517,481,511
31603142518-FAI,FAIRFAX,316031425,Coolum Beach,31603142518,3142518,425,462
31603142519-FAI,FAIRFAX,316031425,Coolum Beach,31603142519,3142519,382,374
31603142520-FAI,FAIRFAX,316031425,Coolum Beach,31603142520,3142520,329,346
31603142521-FAI,FAIRFAX,316031425,Coolum Beach,31603142521,3142521,372,389
31603142522-FAI,FAIRFAX,316031425,Coolum Beach,31603142522,3142522,251,272
31603142523-FAI,FAIRFAX,316031425,Coolum Beach,31603142523,3142523,323,329
31603142524-FAI,FAIRFAX,316031425,Coolum Beach,31603142524,3142524,661,688
31603142525-FAI,FAIRFAX,316031425,Coolum Beach,31603142525,3142525,309,326
31603142526-FAI,FAIRFAX,316031425,Coolum Beach,31603142526,3142526,408,400
31603142528-FAI,FAIRFAX,316031425,Coolum Beach,31603142528,3142528,277,287
31603142529-FAI,FAIRFAX,316031425,Coolum Beach,31603142529,3142529,0,0
31603142530-FAI,FAIRFAX,316031425,Coolum Beach,31603142530,3142530,214,218
31603142532-FAI,FAIRFAX,316031425,Coolum Beach,31603142532,3142532,360,376
31603142533-FAI,FAIRFAX,316031425,Coolum Beach,31603142533,3142533,181,194
31603142534-FAI,FAIRFAX,316031425,Coolum Beach,31603142534,3142534,349,376
31603142535-FAI,FAIRFAX,316031425,Coolum Beach,31603142535,3142535,462,453
31603142536-FAI,FAIRFAX,316031425,Coolum Beach,31603142536,3142536,326,345
31603142537-FAI,FAIRFAX,316031425,Coolum Beach,31603142537,3142537,283,296
31603142538-FAI,FAIRFAX,316031425,Coolum Beach,31603142538,3142538,570,606
31603142539-FAI,FAIRFAX,316031425,Coolum Beach,31603142539,3142539,278,291
31603142601-FAI,FAIRFAX,316031426,Marcoola - Mudjimba,31603142601,3142601,458,447
31603142602-FAI,FAIRFAX,316031426,Marcoola - Mudjimba,31603142602,3142602,338,349
31603142603-FAI,FAIRFAX,316031426,Marcoola - Mudjimba,31603142603,3142603,396,411
31603142604-FAI,FAIRFAX,316031426,Marcoola - Mudjimba,31603142604,3142604,386,393
31603142605-FAI,FAIRFAX,316031426,Marcoola - Mudjimba,31603142605,3142605,394,395
31603142606-FAI,FAIRFAX,316031426,Marcoola - Mudjimba,31603142606,3142606,258,275
31603142607-FAI,FAIRFAX,316031426,Marcoola - Mudjimba,31603142607,3142607,148,157
31603142608-FAI,FAIRFAX,316031426,Marcoola - Mudjimba,31603142608,3142608,615,623
31603142609-FAI,FAIRFAX,316031426,Marcoola - Mudjimba,31603142609,3142609,5,5
31603142610-FAI,FAIRFAX,316031426,Marcoola - Mudjimba,31603142610,3142610,354,372
31603142611-FAI,FAIRFAX,316031426,Marcoola - Mudjimba,31603142611,3142611,322,346
31603142612-FAI,FAIRFAX,316031426,Marcoola - Mudjimba,31603142612,3142612,282,287
31603142613-FAI,FAIRFAX,316031426,Marcoola - Mudjimba,31603142613,3142613,245,239
31603142614-FAI,FAIRFAX,316031426,Marcoola - Mudjimba,31603142614,3142614,282,298
31603142615-FAI,FAIRFAX,316031426,Marcoola - Mudjimba,31603142615,3142615,459,473
31603142616-FAI,FAIRFAX,316031426,Marcoola - Mudjimba,31603142616,3142616,403,422
31603142617-FAI,FAIRFAX,316031426,Marcoola - Mudjimba,31603142617,3142617,399,417
31603142618-FAI,FAIRFAX,316031426,Marcoola - Mudjimba,31603142618,3142618,266,280
31603142619-FAI,FAIRFAX,316031426,Marcoola - Mudjimba,31603142619,3142619,440,452
31603142620-FAI,FAIRFAX,316031426,Marcoola - Mudjimba,31603142620,3142620,344,353
31603142621-FAI,FAIRFAX,316031426,Marcoola - Mudjimba,31603142621,3142621,558,589
31603142623-FAI,FAIRFAX,316031426,Marcoola - Mudjimba,31603142623,3142623,413,442
31603142624-FAI,FAIRFAX,316031426,Marcoola - Mudjimba,31603142624,3142624,341,333
31603142625-FAI,FAIRFAX,316031426,Marcoola - Mudjimba,31603142625,3142625,206,220
31603142626-FAI,FAIRFAX,316031426,Marcoola - Mudjimba,31603142626,3142626,386,405
31603142627-FAI,FAIRFAX,316031426,Marcoola - Mudjimba,31603142627,3142627,376,375
31603142628-FAI,FAIRFAX,316031426,Marcoola - Mudjimba,31603142628,3142628,415,422
31603142701-FAI,FAIRFAX,316031427,Maroochydore - Kuluin,31603142701,3142701,291,311
31603142702-FAI,FAIRFAX,316031427,Maroochydore - Kuluin,31603142702,3142702,417,432
31603142704-FAI,FAIRFAX,316031427,Maroochydore - Kuluin,31603142704,3142704,494,504
31603142705-FAI,FAIRFAX,316031427,Maroochydore - Kuluin,31603142705,3142705,186,197
31603142706-FAI,FAIRFAX,316031427,Maroochydore - Kuluin,31603142706,3142706,276,290
31603142707-FAI,FAIRFAX,316031427,Maroochydore - Kuluin,31603142707,3142707,758,859
31603142708-FAI,FAIRFAX,316031427,Maroochydore - Kuluin,31603142708,3142708,302,333
31603142709-FAI,FAIRFAX,316031427,Maroochydore - Kuluin,31603142709,3142709,416,425
31603142710-FAI,FAIRFAX,316031427,Maroochydore - Kuluin,31603142710,3142710,565,558
31603142711-FAI,FAIRFAX,316031427,Maroochydore - Kuluin,31603142711,3142711,410,405
31603142712-FAI,FAIRFAX,316031427,Maroochydore - Kuluin,31603142712,3142712,651,691
31603142713-FAI,FAIRFAX,316031427,Maroochydore - Kuluin,31603142713,3142713,508,565
31603142714-FAI,FAIRFAX,316031427,Maroochydore - Kuluin,31603142714,3142714,396,403
31603142715-FAI,FAIRFAX,316031427,Maroochydore - Kuluin,31603142715,3142715,368,391
31603142716-FAI,FAIRFAX,316031427,Maroochydore - Kuluin,31603142716,3142716,315,321
31603142717-FAI,FAIRFAX,316031427,Maroochydore - Kuluin,31603142717,3142717,444,464
31603142718-FAI,FAIRFAX,316031427,Maroochydore - Kuluin,31603142718,3142718,400,420
31603142719-FAI,FAIRFAX,316031427,Maroochydore - Kuluin,31603142719,3142719,714,787
31603142720-FAI,FAIRFAX,316031427,Maroochydore - Kuluin,31603142720,3142720,349,385
31603142721-FAI,FAIRFAX,316031427,Maroochydore - Kuluin,31603142721,3142721,193,190
31603142722-FAI,FAIRFAX,316031427,Maroochydore - Kuluin,31603142722,3142722,406,436
31603142724-FAI,FAIRFAX,316031427,Maroochydore - Kuluin,31603142724,3142724,0,0
31603142725-FAI,FAIRFAX,316031427,Maroochydore - Kuluin,31603142725,3142725,304,310
31603142726-FAI,FAIRFAX,316031427,Maroochydore - Kuluin,31603142726,3142726,271,267
31603142727-FAI,FAIRFAX,316031427,Maroochydore - Kuluin,31603142727,3142727,308,304
31603142728-FAI,FAIRFAX,316031427,Maroochydore - Kuluin,31603142728,3142728,285,305
31603142729-FAI,FAIRFAX,316031427,Maroochydore - Kuluin,31603142729,3142729,438,432
31603142730-FAI,FAIRFAX,316031427,Maroochydore - Kuluin,31603142730,3142730,302,307
31603142731-FAI,FAIRFAX,316031427,Maroochydore - Kuluin,31603142731,3142731,220,234
31603142732-FAI,FAIRFAX,316031427,Maroochydore - Kuluin,31603142732,3142732,355,386
31603142733-FAI,FAIRFAX,316031427,Maroochydore - Kuluin,31603142733,3142733,364,382
31603142734-FAI,FAIRFAX,316031427,Maroochydore - Kuluin,31603142734,3142734,173,176
31603142735-FAI,FAIRFAX,316031427,Maroochydore - Kuluin,31603142735,3142735,919,979
31603142736-FAI,FAIRFAX,316031427,Maroochydore - Kuluin,31603142736,3142736,358,363
31603142737-FAI,FAIRFAX,316031427,Maroochydore - Kuluin,31603142737,3142737,324,354
31603142738-FAI,FAIRFAX,316031427,Maroochydore - Kuluin,31603142738,3142738,320,344
31603142739-FAI,FAIRFAX,316031427,Maroochydore - Kuluin,31603142739,3142739,462,500
31603142740-FAI,FAIRFAX,316031427,Maroochydore - Kuluin,31603142740,3142740,455,474
31603142742-FAI,FAIRFAX,316031427,Maroochydore - Kuluin,31603142742,3142742,325,343
31603142743-FAI,FAIRFAX,316031427,Maroochydore - Kuluin,31603142743,3142743,187,185
31603142744-FAI,FAIRFAX,316031427,Maroochydore - Kuluin,31603142744,3142744,188,203
31603142745-FAI,FAIRFAX,316031427,Maroochydore - Kuluin,31603142745,3142745,370,412
31603142746-FAI,FAIRFAX,316031427,Maroochydore - Kuluin,31603142746,3142746,264,274
31603142747-FAI,FAIRFAX,316031427,Maroochydore - Kuluin,31603142747,3142747,281,295
31603142748-FAI,FAIRFAX,316031427,Maroochydore - Kuluin,31603142748,3142748,147,157
31603142749-FAI,FAIRFAX,316031427,Maroochydore - Kuluin,31603142749,3142749,508,569
31603142750-FAI,FAIRFAX,316031427,Maroochydore - Kuluin,31603142750,3142750,483,501
31603142751-FAI,FAIRFAX,316031427,Maroochydore - Kuluin,31603142751,3142751,389,384
31603142752-FAI,FAIRFAX,316031427,Maroochydore - Kuluin,31603142752,3142752,203,216
31603142753-FAI,FAIRFAX,316031427,Maroochydore - Kuluin,31603142753,3142753,351,363
31603142801-FIS,FISHER,316031428,Mooloolaba - Alexandra Headland,31603142801,3142801,304,302
31603142802-FIS,FISHER,316031428,Mooloolaba - Alexandra Headland,31603142802,3142802,212,209
31603142803-FIS,FISHER,316031428,Mooloolaba - Alexandra Headland,31603142803,3142803,502,527
31603142804-FIS,FISHER,316031428,Mooloolaba - Alexandra Headland,31603142804,3142804,243,250
31603142805-FIS,FISHER,316031428,Mooloolaba - Alexandra Headland,31603142805,3142805,441,437
31603142806-FIS,FISHER,316031428,Mooloolaba - Alexandra Headland,31603142806,3142806,240,250
31603142807-FIS,FISHER,316031428,Mooloolaba - Alexandra Headland,31603142807,3142807,144,146
31603142808-FIS,FISHER,316031428,Mooloolaba - Alexandra Headland,31603142808,3142808,430,458
31603142809-FIS,FISHER,316031428,Mooloolaba - Alexandra Headland,31603142809,3142809,314,312
31603142810-FIS,FISHER,316031428,Mooloolaba - Alexandra Headland,31603142810,3142810,286,291
31603142811-FIS,FISHER,316031428,Mooloolaba - Alexandra Headland,31603142811,3142811,335,345
31603142812-FIS,FISHER,316031428,Mooloolaba - Alexandra Headland,31603142812,3142812,333,334
31603142813-FIS,FISHER,316031428,Mooloolaba - Alexandra Headland,31603142813,3142813,285,303
31603142814-FIS,FISHER,316031428,Mooloolaba - Alexandra Headland,31603142814,3142814,461,471
31603142815-FIS,FISHER,316031428,Mooloolaba - Alexandra Headland,31603142815,3142815,278,279
31603142816-FIS,FISHER,316031428,Mooloolaba - Alexandra Headland,31603142816,3142816,237,249
31603142817-FAI,FAIRFAX,316031428,Mooloolaba - Alexandra Headland,31603142817,3142817,193,205
31603142817-FIS,FISHER,316031428,Mooloolaba - Alexandra Headland,31603142817,3142817,168,179
31603142818-FIS,FISHER,316031428,Mooloolaba - Alexandra Headland,31603142818,3142818,368,369
31603142819-FAI,FAIRFAX,316031428,Mooloolaba - Alexandra Headland,31603142819,3142819,221,223
31603142819-FIS,FISHER,316031428,Mooloolaba - Alexandra Headland,31603142819,3142819,248,250
31603142820-FIS,FISHER,316031428,Mooloolaba - Alexandra Headland,31603142820,3142820,404,404
31603142821-FIS,FISHER,316031428,Mooloolaba - Alexandra Headland,31603142821,3142821,451,456
31603142822-FIS,FISHER,316031428,Mooloolaba - Alexandra Headland,31603142822,3142822,283,277
31603142823-FIS,FISHER,316031428,Mooloolaba - Alexandra Headland,31603142823,3142823,276,270
31603142824-FIS,FISHER,316031428,Mooloolaba - Alexandra Headland,31603142824,3142824,224,220
31603142825-FAI,FAIRFAX,316031428,Mooloolaba - Alexandra Headland,31603142825,3142825,95,96
31603142825-FIS,FISHER,316031428,Mooloolaba - Alexandra Headland,31603142825,3142825,280,284
31603142826-FIS,FISHER,316031428,Mooloolaba - Alexandra Headland,31603142826,3142826,288,278
31603142827-FIS,FISHER,316031428,Mooloolaba - Alexandra Headland,31603142827,3142827,183,187
31603142828-FIS,FISHER,316031428,Mooloolaba - Alexandra Headland,31603142828,3142828,338,342
31605143401-WID,WIDE BAY,316051434,Noosa Heads,31605143401,3143401,34,34
31605143402-WID,WIDE BAY,316051434,Noosa Heads,31605143402,3143402,300,308
31605143403-WID,WIDE BAY,316051434,Noosa Heads,31605143403,3143403,314,317
31605143404-WID,WIDE BAY,316051434,Noosa Heads,31605143404,3143404,216,219
31605143405-WID,WIDE BAY,316051434,Noosa Heads,31605143405,3143405,217,220
31605143407-WID,WIDE BAY,316051434,Noosa Heads,31605143407,3143407,226,237
31605143408-WID,WIDE BAY,316051434,Noosa Heads,31605143408,3143408,0,0
31605143409-WID,WIDE BAY,316051434,Noosa Heads,31605143409,3143409,0,0
31605143410-WID,WIDE BAY,316051434,Noosa Heads,31605143410,3143410,268,263
31605143412-WID,WIDE BAY,316051434,Noosa Heads,31605143412,3143412,272,282
31605143413-WID,WIDE BAY,316051434,Noosa Heads,31605143413,3143413,465,480
31605143414-WID,WIDE BAY,316051434,Noosa Heads,31605143414,3143414,306,327
31605143415-WID,WIDE BAY,316051434,Noosa Heads,31605143415,3143415,676,690
31605143416-WID,WIDE BAY,316051434,Noosa Heads,31605143416,3143416,131,136
31605143417-WID,WIDE BAY,316051434,Noosa Heads,31605143417,3143417,250,253
31605143418-WID,WIDE BAY,316051434,Noosa Heads,31605143418,3143418,335,342
31605143501-WID,WIDE BAY,316051435,Noosaville,31605143501,3143501,0,0
31605143502-WID,WIDE BAY,316051435,Noosaville,31605143502,3143502,298,294
31605143503-WID,WIDE BAY,316051435,Noosaville,31605143503,3143503,270,264
31605143504-WID,WIDE BAY,316051435,Noosaville,31605143504,3143504,309,298
31605143505-WID,WIDE BAY,316051435,Noosaville,31605143505,3143505,249,249
31605143506-WID,WIDE BAY,316051435,Noosaville,31605143506,3143506,121,123
31605143507-WID,WIDE BAY,316051435,Noosaville,31605143507,3143507,421,406
31605143508-WID,WIDE BAY,316051435,Noosaville,31605143508,3143508,326,328
31605143509-WID,WIDE BAY,316051435,Noosaville,31605143509,3143509,473,474
31605143510-WID,WIDE BAY,316051435,Noosaville,31605143510,3143510,221,230
31605143511-WID,WIDE BAY,316051435,Noosaville,31605143511,3143511,0,0
31605143512-WID,WIDE BAY,316051435,Noosaville,31605143512,3143512,411,408
31605143513-WID,WIDE BAY,316051435,Noosaville,31605143513,3143513,424,428
31605143514-WID,WIDE BAY,316051435,Noosaville,31605143514,3143514,507,526
31605143515-WID,WIDE BAY,316051435,Noosaville,31605143515,3143515,330,336
31605143516-WID,WIDE BAY,316051435,Noosaville,31605143516,3143516,280,295
31605143517-WID,WIDE BAY,316051435,Noosaville,31605143517,3143517,452,443
31605143518-WID,WIDE BAY,316051435,Noosaville,31605143518,3143518,437,450
31605143519-WID,WIDE BAY,316051435,Noosaville,31605143519,3143519,561,566
31605143520-WID,WIDE BAY,316051435,Noosaville,31605143520,3143520,363,385
31605143521-WID,WIDE BAY,316051435,Noosaville,31605143521,3143521,148,145
31605143522-WID,WIDE BAY,316051435,Noosaville,31605143522,3143522,0,0
31605143523-WID,WIDE BAY,316051435,Noosaville,31605143523,3143523,0,0
31605143524-WID,WIDE BAY,316051435,Noosaville,31605143524,3143524,1009,1039
31605143701-WID,WIDE BAY,316051437,Sunshine Beach,31605143701,3143701,190,197
31605143702-WID,WIDE BAY,316051437,Sunshine Beach,31605143702,3143702,218,227
31605143703-WID,WIDE BAY,316051437,Sunshine Beach,31605143703,3143703,271,279
31605143704-WID,WIDE BAY,316051437,Sunshine Beach,31605143704,3143704,384,403
31605143705-WID,WIDE BAY,316051437,Sunshine Beach,31605143705,3143705,198,197
31605143706-WID,WIDE BAY,316051437,Sunshine Beach,31605143706,3143706,319,328
31605143707-WID,WIDE BAY,316051437,Sunshine Beach,31605143707,3143707,316,320
31605143708-WID,WIDE BAY,316051437,Sunshine Beach,31605143708,3143708,550,559
31605143709-WID,WIDE BAY,316051437,Sunshine Beach,31605143709,3143709,307,314
31605143710-WID,WIDE BAY,316051437,Sunshine Beach,31605143710,3143710,400,393
31605143711-WID,WIDE BAY,316051437,Sunshine Beach,31605143711,3143711,0,0
31605143712-WID,WIDE BAY,316051437,Sunshine Beach,31605143712,3143712,159,167
31605143713-WID,WIDE BAY,316051437,Sunshine Beach,31605143713,3143713,0,0
31605143714-WID,WIDE BAY,316051437,Sunshine Beach,31605143714,3143714,363,350
31605143715-WID,WIDE BAY,316051437,Sunshine Beach,31605143715,3143715,0,0
31605143716-WID,WIDE BAY,316051437,Sunshine Beach,31605143716,3143716,430,452
31605143717-WID,WIDE BAY,316051437,Sunshine Beach,31605143717,3143717,142,145
31605143718-WID,WIDE BAY,316051437,Sunshine Beach,31605143718,3143718,275,265
31605143719-WID,WIDE BAY,316051437,Sunshine Beach,31605143719,3143719,328,316
31605143720-WID,WIDE BAY,316051437,Sunshine Beach,31605143720,3143720,220,228
31605143721-WID,WIDE BAY,316051437,Sunshine Beach,31605143721,3143721,207,208
31605143801-WID,WIDE BAY,316051438,Tewantin,31605143801,3143801,160,158
31605143802-WID,WIDE BAY,316051438,Tewantin,31605143802,3143802,341,357
31605143803-WID,WIDE BAY,316051438,Tewantin,31605143803,3143803,283,291
31605143804-WID,WIDE BAY,316051438,Tewantin,31605143804,3143804,360,365
31605143805-WID,WIDE BAY,316051438,Tewantin,31605143805,3143805,494,481
31605143806-WID,WIDE BAY,316051438,Tewantin,31605143806,3143806,327,331
31605143807-WID,WIDE BAY,316051438,Tewantin,31605143807,3143807,247,252
31605143808-WID,WIDE BAY,316051438,Tewantin,31605143808,3143808,186,193
31605143809-WID,WIDE BAY,316051438,Tewantin,31605143809,3143809,304,305
31605143810-WID,WIDE BAY,316051438,Tewantin,31605143810,3143810,214,206
31605143811-WID,WIDE BAY,316051438,Tewantin,31605143811,3143811,417,428
31605143812-WID,WIDE BAY,316051438,Tewantin,31605143812,3143812,372,371
31605143813-WID,WIDE BAY,316051438,Tewantin,31605143813,3143813,356,372
31605143814-WID,WIDE BAY,316051438,Tewantin,31605143814,3143814,358,370
31605143815-WID,WIDE BAY,316051438,Tewantin,31605143815,3143815,210,205
31605143816-WID,WIDE BAY,316051438,Tewantin,31605143816,3143816,362,364
31605143817-WID,WIDE BAY,316051438,Tewantin,31605143817,3143817,379,368
31605143818-WID,WIDE BAY,316051438,Tewantin,31605143818,3143818,289,305
31605143819-WID,WIDE BAY,316051438,Tewantin,31605143819,3143819,274,277
31605143820-WID,WIDE BAY,316051438,Tewantin,31605143820,3143820,435,420
31605143821-WID,WIDE BAY,316051438,Tewantin,31605143821,3143821,389,401
31605143822-WID,WIDE BAY,316051438,Tewantin,31605143822,3143822,202,207
31605143823-WID,WIDE BAY,316051438,Tewantin,31605143823,3143823,270,270
31605143824-WID,WIDE BAY,316051438,Tewantin,31605143824,3143824,227,236
31605143825-WID,WIDE BAY,316051438,Tewantin,31605143825,3143825,0,0
31605143826-WID,WIDE BAY,316051438,Tewantin,31605143826,3143826,3,3
31605143827-WID,WIDE BAY,316051438,Tewantin,31605143827,3143827,293,285
31605143828-WID,WIDE BAY,316051438,Tewantin,31605143828,3143828,195,207
31605143829-WID,WIDE BAY,316051438,Tewantin,31605143829,3143829,297,301
31606143901-FIS,FISHER,316061439,Beerwah,31606143901,3143901,401,426
31606143902-FIS,FISHER,316061439,Beerwah,31606143902,3143902,486,494
31606143903-FIS,FISHER,316061439,Beerwah,31606143903,3143903,313,347
31606143904-FIS,FISHER,316061439,Beerwah,31606143904,3143904,324,350
31606143905-FIS,FISHER,316061439,Beerwah,31606143905,3143905,258,283
31606143907-FIS,FISHER,316061439,Beerwah,31606143907,3143907,559,598
31606143910-FIS,FISHER,316061439,Beerwah,31606143910,3143910,469,500
31606143912-FIS,FISHER,316061439,Beerwah,31606143912,3143912,279,284
31606143913-FIS,FISHER,316061439,Beerwah,31606143913,3143913,338,345
31606143915-FIS,FISHER,316061439,Beerwah,31606143915,3143915,289,308
31606143916-FIS,FISHER,316061439,Beerwah,31606143916,3143916,366,361
31606143917-FIS,FISHER,316061439,Beerwah,31606143917,3143917,313,330
31606143918-FIS,FISHER,316061439,Beerwah,31606143918,3143918,359,366
31606143919-FIS,FISHER,316061439,Beerwah,31606143919,3143919,288,284
31606143920-FIS,FISHER,316061439,Beerwah,31606143920,3143920,388,426
31606143922-FIS,FISHER,316061439,Beerwah,31606143922,3143922,316,327
31606143923-FIS,FISHER,316061439,Beerwah,31606143923,3143923,432,455
31606143925-FIS,FISHER,316061439,Beerwah,31606143925,3143925,300,307
31606143926-FIS,FISHER,316061439,Beerwah,31606143926,3143926,308,333
31606143927-FIS,FISHER,316061439,Beerwah,31606143927,3143927,352,373
31606144001-FIS,FISHER,316061440,Caloundra Hinterland,31606144001,3144001,285,289
31606144002-FIS,FISHER,316061440,Caloundra Hinterland,31606144002,3144002,222,222
31606144003-FIS,FISHER,316061440,Caloundra Hinterland,31606144003,3144003,249,243
31606144004-FIS,FISHER,316061440,Caloundra Hinterland,31606144004,3144004,683,669
31606144005-FIS,FISHER,316061440,Caloundra Hinterland,31606144005,3144005,258,281
31606144007-FIS,FISHER,316061440,Caloundra Hinterland,31606144007,3144007,208,218
31606144008-FIS,FISHER,316061440,Caloundra Hinterland,31606144008,3144008,521,519
31606144009-FIS,FISHER,316061440,Caloundra Hinterland,31606144009,3144009,311,310
31606144010-FIS,FISHER,316061440,Caloundra Hinterland,31606144010,3144010,260,266
31606144011-FIS,FISHER,316061440,Caloundra Hinterland,31606144011,3144011,337,341
31606144012-FIS,FISHER,316061440,Caloundra Hinterland,31606144012,3144012,275,281
31606144013-FIS,FISHER,316061440,Caloundra Hinterland,31606144013,3144013,191,184
31606144014-FIS,FISHER,316061440,Caloundra Hinterland,31606144014,3144014,299,306
31606144014-LON,LONGMAN,316061440,Caloundra Hinterland,31606144014,3144014,0,0
31606144015-FIS,FISHER,316061440,Caloundra Hinterland,31606144015,3144015,517,514
31606144016-FIS,FISHER,316061440,Caloundra Hinterland,31606144016,3144016,379,383
31606144017-FAI,FAIRFAX,316061440,Caloundra Hinterland,31606144017,3144017,0,0
31606144017-FIS,FISHER,316061440,Caloundra Hinterland,31606144017,3144017,355,364
31606144018-FIS,FISHER,316061440,Caloundra Hinterland,31606144018,3144018,346,359
31606144019-FIS,FISHER,316061440,Caloundra Hinterland,31606144019,3144019,430,435
31606144020-FIS,FISHER,316061440,Caloundra Hinterland,31606144020,3144020,304,320
31606144021-FIS,FISHER,316061440,Caloundra Hinterland,31606144021,3144021,654,658
31606144022-FIS,FISHER,316061440,Caloundra Hinterland,31606144022,3144022,167,172
31606144023-FIS,FISHER,316061440,Caloundra Hinterland,31606144023,3144023,229,229
31606144024-FIS,FISHER,316061440,Caloundra Hinterland,31606144024,3144024,464,463
31606144101-FIS,FISHER,316061441,Glass House Mountains,31606144101,3144101,224,231
31606144103-FIS,FISHER,316061441,Glass House Mountains,31606144103,3144103,99,102
31606144104-FIS,FISHER,316061441,Glass House Mountains,31606144104,3144104,299,318
31606144105-FIS,FISHER,316061441,Glass House Mountains,31606144105,3144105,479,485
31606144106-FIS,FISHER,316061441,Glass House Mountains,31606144106,3144106,971,993
31606144107-FIS,FISHER,316061441,Glass House Mountains,31606144107,3144107,171,180
31606144108-FIS,FISHER,316061441,Glass House Mountains,31606144108,3144108,0,0
31606144109-FIS,FISHER,316061441,Glass House Mountains,31606144109,3144109,451,472
31606144110-FIS,FISHER,316061441,Glass House Mountains,31606144110,3144110,305,328
31606144111-FIS,FISHER,316061441,Glass House Mountains,31606144111,3144111,362,390
31606144112-FIS,FISHER,316061441,Glass House Mountains,31606144112,3144112,139,144
31606144113-FIS,FISHER,316061441,Glass House Mountains,31606144113,3144113,339,379
31606144114-FIS,FISHER,316061441,Glass House Mountains,31606144114,3144114,250,258
31606144115-FIS,FISHER,316061441,Glass House Mountains,31606144115,3144115,600,628
31606144116-FIS,FISHER,316061441,Glass House Mountains,31606144116,3144116,285,304
31606144117-FIS,FISHER,316061441,Glass House Mountains,31606144117,3144117,485,498
31606144201-FIS,FISHER,316061442,Landsborough,31606144201,3144201,294,305
31606144203-FIS,FISHER,316061442,Landsborough,31606144203,3144203,340,412
31606144204-FIS,FISHER,316061442,Landsborough,31606144204,3144204,295,306
31606144205-FIS,FISHER,316061442,Landsborough,31606144205,3144205,323,362
31606144206-FIS,FISHER,316061442,Landsborough,31606144206,3144206,278,288
31606144207-FIS,FISHER,316061442,Landsborough,31606144207,3144207,304,315
31606144208-FIS,FISHER,316061442,Landsborough,31606144208,3144208,401,415
31606144209-FIS,FISHER,316061442,Landsborough,31606144209,3144209,227,235
31606144210-FIS,FISHER,316061442,Landsborough,31606144210,3144210,253,292
31606144211-FIS,FISHER,316061442,Landsborough,31606144211,3144211,0,0
31606144212-FIS,FISHER,316061442,Landsborough,31606144212,3144212,311,322
31606144213-FIS,FISHER,316061442,Landsborough,31606144213,3144213,368,381
31606144214-FIS,FISHER,316061442,Landsborough,31606144214,3144214,110,114
31606144216-FIS,FISHER,316061442,Landsborough,31606144216,3144216,386,454
31606144217-FIS,FISHER,316061442,Landsborough,31606144217,3144217,218,226
31606144218-FIS,FISHER,316061442,Landsborough,31606144218,3144218,281,317
31606144219-FIS,FISHER,316061442,Landsborough,31606144219,3144219,234,279
31606144220-FIS,FISHER,316061442,Landsborough,31606144220,3144220,349,361
31606144221-FIS,FISHER,316061442,Landsborough,31606144221,3144221,238,247
31606144222-FIS,FISHER,316061442,Landsborough,31606144222,3144222,232,240
31606144223-FIS,FISHER,316061442,Landsborough,31606144223,3144223,499,556
31606144224-FIS,FISHER,316061442,Landsborough,31606144224,3144224,303,351
31606144225-FIS,FISHER,316061442,Landsborough,31606144225,3144225,350,363
31606144228-FIS,FISHER,316061442,Landsborough,31606144228,3144228,0,0
31606144229-FIS,FISHER,316061442,Landsborough,31606144229,3144229,212,253
31606144230-FIS,FISHER,316061442,Landsborough,31606144230,3144230,194,201
31606144231-FIS,FISHER,316061442,Landsborough,31606144231,3144231,301,312
31606144232-FIS,FISHER,316061442,Landsborough,31606144232,3144232,485,517
31606144233-FIS,FISHER,316061442,Landsborough,31606144233,3144233,1400,1780
31606144234-FIS,FISHER,316061442,Landsborough,31606144234,3144234,384,470
31606144235-FIS,FISHER,316061442,Landsborough,31606144235,3144235,312,409
31606144236-FIS,FISHER,316061442,Landsborough,31606144236,3144236,352,415
31606144237-FIS,FISHER,316061442,Landsborough,31606144237,3144237,339,403
31606144238-FIS,FISHER,316061442,Landsborough,31606144238,3144238,200,242
31606144239-FIS,FISHER,316061442,Landsborough,31606144239,3144239,280,325
31606144240-FIS,FISHER,316061442,Landsborough,31606144240,3144240,161,167
31606144241-FIS,FISHER,316061442,Landsborough,31606144241,3144241,1381,1502
31606144242-FIS,FISHER,316061442,Landsborough,31606144242,3144242,1300,2199
31606144243-FIS,FISHER,316061442,Landsborough,31606144243,3144243,390,404
31606144244-FIS,FISHER,316061442,Landsborough,31606144244,3144244,285,295
31606144245-FIS,FISHER,316061442,Landsborough,31606144245,3144245,0,0
31606144246-FIS,FISHER,316061442,Landsborough,31606144246,3144246,378,391
31606144301-FAI,FAIRFAX,316061443,Maroochy Hinterland,31606144301,3144301,274,295
31606144302-FAI,FAIRFAX,316061443,Maroochy Hinterland,31606144302,3144302,325,336
31606144303-FAI,FAIRFAX,316061443,Maroochy Hinterland,31606144303,3144303,441,462
31606144304-FAI,FAIRFAX,316061443,Maroochy Hinterland,31606144304,3144304,234,228
31606144305-FAI,FAIRFAX,316061443,Maroochy Hinterland,31606144305,3144305,303,312
31606144306-FAI,FAIRFAX,316061443,Maroochy Hinterland,31606144306,3144306,225,230
31606144307-FAI,FAIRFAX,316061443,Maroochy Hinterland,31606144307,3144307,325,351
31606144308-FAI,FAIRFAX,316061443,Maroochy Hinterland,31606144308,3144308,192,194
31606144309-FAI,FAIRFAX,316061443,Maroochy Hinterland,31606144309,3144309,304,311
31606144309-FIS,FISHER,316061443,Maroochy Hinterland,31606144309,3144309,0,0
31606144310-FAI,FAIRFAX,316061443,Maroochy Hinterland,31606144310,3144310,328,351
31606144310-FIS,FISHER,316061443,Maroochy Hinterland,31606144310,3144310,36,39
31606144311-FAI,FAIRFAX,316061443,Maroochy Hinterland,31606144311,3144311,306,315
31606144312-FAI,FAIRFAX,316061443,Maroochy Hinterland,31606144312,3144312,0,0
31606144313-FAI,FAIRFAX,316061443,Maroochy Hinterland,31606144313,3144313,253,252
31606144314-FAI,FAIRFAX,316061443,Maroochy Hinterland,31606144314,3144314,257,263
31606144315-FAI,FAIRFAX,316061443,Maroochy Hinterland,31606144315,3144315,334,340
31606144316-FAI,FAIRFAX,316061443,Maroochy Hinterland,31606144316,3144316,324,338
31606144317-FAI,FAIRFAX,316061443,Maroochy Hinterland,31606144317,3144317,288,301
31606144318-FAI,FAIRFAX,316061443,Maroochy Hinterland,31606144318,3144318,206,205
31606144319-FAI,FAIRFAX,316061443,Maroochy Hinterland,31606144319,3144319,371,370
31606144320-FAI,FAIRFAX,316061443,Maroochy Hinterland,31606144320,3144320,382,402
31606144401-FIS,FISHER,316061444,Palmwoods,31606144401,3144401,335,367
31606144402-FIS,FISHER,316061444,Palmwoods,31606144402,3144402,251,265
31606144403-FIS,FISHER,316061444,Palmwoods,31606144403,3144403,349,371
31606144404-FIS,FISHER,316061444,Palmwoods,31606144404,3144404,341,369
31606144405-FIS,FISHER,316061444,Palmwoods,31606144405,3144405,444,439
31606144406-FIS,FISHER,316061444,Palmwoods,31606144406,3144406,220,236
31606144407-FIS,FISHER,316061444,Palmwoods,31606144407,3144407,343,385
31606144408-FIS,FISHER,316061444,Palmwoods,31606144408,3144408,404,436
31606144409-FIS,FISHER,316061444,Palmwoods,31606144409,3144409,332,365
31606144410-FIS,FISHER,316061444,Palmwoods,31606144410,3144410,558,552
31606144411-FIS,FISHER,316061444,Palmwoods,31606144411,3144411,309,343
31606144412-FIS,FISHER,316061444,Palmwoods,31606144412,3144412,380,376
31606144413-FIS,FISHER,316061444,Palmwoods,31606144413,3144413,284,314
31606144414-FIS,FISHER,316061444,Palmwoods,31606144414,3144414,392,388
31606144415-FIS,FISHER,316061444,Palmwoods,31606144415,3144415,500,534
31606144416-FIS,FISHER,316061444,Palmwoods,31606144416,3144416,400,396
31606144417-FIS,FISHER,316061444,Palmwoods,31606144417,3144417,483,514
31606144418-FAI,FAIRFAX,316061444,Palmwoods,31606144418,3144418,0,0
31606144418-FIS,FISHER,316061444,Palmwoods,31606144418,3144418,211,230
31606144419-FIS,FISHER,316061444,Palmwoods,31606144419,3144419,300,340
31606144420-FIS,FISHER,316061444,Palmwoods,31606144420,3144420,228,237
31606144421-FIS,FISHER,316061444,Palmwoods,31606144421,3144421,404,400
31606144422-FIS,FISHER,316061444,Palmwoods,31606144422,3144422,366,375
31606144423-FIS,FISHER,316061444,Palmwoods,31606144423,3144423,321,342
31606144424-FIS,FISHER,316061444,Palmwoods,31606144424,3144424,381,414
31606144425-FIS,FISHER,316061444,Palmwoods,31606144425,3144425,404,417
31606144426-FIS,FISHER,316061444,Palmwoods,31606144426,3144426,379,418
31606144427-FIS,FISHER,316061444,Palmwoods,31606144427,3144427,253,274
31606144428-FIS,FISHER,316061444,Palmwoods,31606144428,3144428,639,632
31701144501-GRO,GROOM,317011445,Cambooya - Wyreema,31701144501,3144501,123,122
31701144502-GRO,GROOM,317011445,Cambooya - Wyreema,31701144502,3144502,255,266
31701144503-GRO,GROOM,317011445,Cambooya - Wyreema,31701144503,3144503,269,279
31701144504-GRO,GROOM,317011445,Cambooya - Wyreema,31701144504,3144504,211,218
31701144506-GRO,GROOM,317011445,Cambooya - Wyreema,31701144506,3144506,437,512
31701144509-GRO,GROOM,317011445,Cambooya - Wyreema,31701144509,3144509,214,212
31701144510-GRO,GROOM,317011445,Cambooya - Wyreema,31701144510,3144510,302,335
31701144511-GRO,GROOM,317011445,Cambooya - Wyreema,31701144511,3144511,289,303
31701144512-GRO,GROOM,317011445,Cambooya - Wyreema,31701144512,3144512,221,238
31701144514-GRO,GROOM,317011445,Cambooya - Wyreema,31701144514,3144514,217,236
31701144515-GRO,GROOM,317011445,Cambooya - Wyreema,31701144515,3144515,269,287
31701144516-GRO,GROOM,317011445,Cambooya - Wyreema,31701144516,3144516,356,381
31701144517-GRO,GROOM,317011445,Cambooya - Wyreema,31701144517,3144517,275,272
31701144521-GRO,GROOM,317011445,Cambooya - Wyreema,31701144521,3144521,528,545
31701144522-GRO,GROOM,317011445,Cambooya - Wyreema,31701144522,3144522,315,334
31701144523-GRO,GROOM,317011445,Cambooya - Wyreema,31701144523,3144523,118,120
31701144524-GRO,GROOM,317011445,Cambooya - Wyreema,31701144524,3144524,222,231
31701144525-GRO,GROOM,317011445,Cambooya - Wyreema,31701144525,3144525,536,553
31701144526-GRO,GROOM,317011445,Cambooya - Wyreema,31701144526,3144526,219,229
31701144527-GRO,GROOM,317011445,Cambooya - Wyreema,31701144527,3144527,339,359
31701144528-GRO,GROOM,317011445,Cambooya - Wyreema,31701144528,3144528,475,520
31701144601-GRO,GROOM,317011446,Darling Heights,31701144601,3144601,290,314
31701144602-GRO,GROOM,317011446,Darling Heights,31701144602,3144602,209,222
31701144603-GRO,GROOM,317011446,Darling Heights,31701144603,3144603,326,360
31701144604-GRO,GROOM,317011446,Darling Heights,31701144604,3144604,302,300
31701144605-GRO,GROOM,317011446,Darling Heights,31701144605,3144605,343,367
31701144606-GRO,GROOM,317011446,Darling Heights,31701144606,3144606,207,214
31701144607-GRO,GROOM,317011446,Darling Heights,31701144607,3144607,273,305
31701144608-GRO,GROOM,317011446,Darling Heights,31701144608,3144608,158,168
31701144609-GRO,GROOM,317011446,Darling Heights,31701144609,3144609,37,39
31701144610-GRO,GROOM,317011446,Darling Heights,31701144610,3144610,369,397
31701144611-GRO,GROOM,317011446,Darling Heights,31701144611,3144611,441,438
31701144613-GRO,GROOM,317011446,Darling Heights,31701144613,3144613,547,610
31701144614-GRO,GROOM,317011446,Darling Heights,31701144614,3144614,443,497
31701144615-GRO,GROOM,317011446,Darling Heights,31701144615,3144615,322,345
31701144616-GRO,GROOM,317011446,Darling Heights,31701144616,3144616,194,216
31701144617-GRO,GROOM,317011446,Darling Heights,31701144617,3144617,202,200
31701144618-GRO,GROOM,317011446,Darling Heights,31701144618,3144618,226,248
31701144619-GRO,GROOM,317011446,Darling Heights,31701144619,3144619,1071,1163
31701144620-GRO,GROOM,317011446,Darling Heights,31701144620,3144620,359,356
31701144621-GRO,GROOM,317011446,Darling Heights,31701144621,3144621,369,401
31701144622-GRO,GROOM,317011446,Darling Heights,31701144622,3144622,209,225
31701144623-GRO,GROOM,317011446,Darling Heights,31701144623,3144623,333,359
31701144624-GRO,GROOM,317011446,Darling Heights,31701144624,3144624,328,345
31701144625-GRO,GROOM,317011446,Darling Heights,31701144625,3144625,154,163
31701144626-GRO,GROOM,317011446,Darling Heights,31701144626,3144626,315,335
31701144627-GRO,GROOM,317011446,Darling Heights,31701144627,3144627,389,401
31701144628-GRO,GROOM,317011446,Darling Heights,31701144628,3144628,355,391
31701144629-GRO,GROOM,317011446,Darling Heights,31701144629,3144629,253,281
31701144630-GRO,GROOM,317011446,Darling Heights,31701144630,3144630,233,247
31701144631-GRO,GROOM,317011446,Darling Heights,31701144631,3144631,288,286
31701144701-GRO,GROOM,317011447,Drayton - Harristown,31701144701,3144701,195,206
31701144702-GRO,GROOM,317011447,Drayton - Harristown,31701144702,3144702,540,568
31701144703-GRO,GROOM,317011447,Drayton - Harristown,31701144703,3144703,318,331
31701144704-GRO,GROOM,317011447,Drayton - Harristown,31701144704,3144704,471,490
31701144705-GRO,GROOM,317011447,Drayton - Harristown,31701144705,3144705,379,394
31701144706-GRO,GROOM,317011447,Drayton - Harristown,31701144706,3144706,324,343
31701144707-GRO,GROOM,317011447,Drayton - Harristown,31701144707,3144707,236,243
31701144708-GRO,GROOM,317011447,Drayton - Harristown,31701144708,3144708,205,219
31701144709-GRO,GROOM,317011447,Drayton - Harristown,31701144709,3144709,406,429
31701144710-GRO,GROOM,317011447,Drayton - Harristown,31701144710,3144710,434,465
31701144711-GRO,GROOM,317011447,Drayton - Harristown,31701144711,3144711,933,930
31701144712-GRO,GROOM,317011447,Drayton - Harristown,31701144712,3144712,456,466
31701144713-GRO,GROOM,317011447,Drayton - Harristown,31701144713,3144713,221,218
31701144714-GRO,GROOM,317011447,Drayton - Harristown,31701144714,3144714,391,439
31701144715-GRO,GROOM,317011447,Drayton - Harristown,31701144715,3144715,347,363
31701144716-GRO,GROOM,317011447,Drayton - Harristown,31701144716,3144716,262,296
31701144717-GRO,GROOM,317011447,Drayton - Harristown,31701144717,3144717,280,287
31701144718-GRO,GROOM,317011447,Drayton - Harristown,31701144718,3144718,397,435
31701144719-GRO,GROOM,317011447,Drayton - Harristown,31701144719,3144719,277,293
31701144720-GRO,GROOM,317011447,Drayton - Harristown,31701144720,3144720,485,511
31701144721-GRO,GROOM,317011447,Drayton - Harristown,31701144721,3144721,353,348
31701144722-GRO,GROOM,317011447,Drayton - Harristown,31701144722,3144722,371,398
31701144801-WRI,WRIGHT,317011448,Gatton,31701144801,3144801,247,260
31701144803-WRI,WRIGHT,317011448,Gatton,31701144803,3144803,228,240
31701144804-WRI,WRIGHT,317011448,Gatton,31701144804,3144804,25,26
31701144805-WRI,WRIGHT,317011448,Gatton,31701144805,3144805,246,263
31701144806-WRI,WRIGHT,317011448,Gatton,31701144806,3144806,126,124
31701144807-WRI,WRIGHT,317011448,Gatton,31701144807,3144807,328,322
31701144808-WRI,WRIGHT,317011448,Gatton,31701144808,3144808,145,147
31701144809-WRI,WRIGHT,317011448,Gatton,31701144809,3144809,302,316
31701144810-WRI,WRIGHT,317011448,Gatton,31701144810,3144810,290,301
31701144811-WRI,WRIGHT,317011448,Gatton,31701144811,3144811,151,164
31701144812-WRI,WRIGHT,317011448,Gatton,31701144812,3144812,231,236
31701144813-WRI,WRIGHT,317011448,Gatton,31701144813,3144813,146,143
31701144814-WRI,WRIGHT,317011448,Gatton,31701144814,3144814,269,288
31701144815-WRI,WRIGHT,317011448,Gatton,31701144815,3144815,179,189
31701144816-WRI,WRIGHT,317011448,Gatton,31701144816,3144816,310,330
31701144818-WRI,WRIGHT,317011448,Gatton,31701144818,3144818,233,239
31701144819-WRI,WRIGHT,317011448,Gatton,31701144819,3144819,436,476
31701144820-WRI,WRIGHT,317011448,Gatton,31701144820,3144820,328,333
31701144821-WRI,WRIGHT,317011448,Gatton,31701144821,3144821,83,85
31701144822-WRI,WRIGHT,317011448,Gatton,31701144822,3144822,440,474
31701144901-GRO,GROOM,317011449,Gowrie (Qld),31701144901,3144901,224,244
31701144902-GRO,GROOM,317011449,Gowrie (Qld),31701144902,3144902,209,215
31701144904-GRO,GROOM,317011449,Gowrie (Qld),31701144904,3144904,307,314
31701144905-GRO,GROOM,317011449,Gowrie (Qld),31701144905,3144905,448,494
31701144909-GRO,GROOM,317011449,Gowrie (Qld),31701144909,3144909,450,493
31701144910-GRO,GROOM,317011449,Gowrie (Qld),31701144910,3144910,347,365
31701144911-GRO,GROOM,317011449,Gowrie (Qld),31701144911,3144911,161,171
31701144912-GRO,GROOM,317011449,Gowrie (Qld),31701144912,3144912,371,396
31701144913-GRO,GROOM,317011449,Gowrie (Qld),31701144913,3144913,182,197
31701144915-GRO,GROOM,317011449,Gowrie (Qld),31701144915,3144915,453,467
31701144917-GRO,GROOM,317011449,Gowrie (Qld),31701144917,3144917,427,452
31701144918-GRO,GROOM,317011449,Gowrie (Qld),31701144918,3144918,315,337
31701144919-GRO,GROOM,317011449,Gowrie (Qld),31701144919,3144919,146,156
31701144920-GRO,GROOM,317011449,Gowrie (Qld),31701144920,3144920,225,238
31701144921-GRO,GROOM,317011449,Gowrie (Qld),31701144921,3144921,486,501
31701144922-GRO,GROOM,317011449,Gowrie (Qld),31701144922,3144922,941,967
31701144923-GRO,GROOM,317011449,Gowrie (Qld),31701144923,3144923,90,89
31701145001-GRO,GROOM,317011450,Highfields,31701145001,3145001,227,226
31701145002-GRO,GROOM,317011450,Highfields,31701145002,3145002,200,217
31701145004-GRO,GROOM,317011450,Highfields,31701145004,3145004,506,520
31701145006-GRO,GROOM,317011450,Highfields,31701145006,3145006,341,378
31701145008-GRO,GROOM,317011450,Highfields,31701145008,3145008,1035,1081
31701145009-GRO,GROOM,317011450,Highfields,31701145009,3145009,284,311
31701145010-GRO,GROOM,317011450,Highfields,31701145010,3145010,343,369
31701145011-GRO,GROOM,317011450,Highfields,31701145011,3145011,457,476
31701145013-GRO,GROOM,317011450,Highfields,31701145013,3145013,390,412
31701145014-GRO,GROOM,317011450,Highfields,31701145014,3145014,307,342
31701145015-GRO,GROOM,317011450,Highfields,31701145015,3145015,280,303
31701145016-GRO,GROOM,317011450,Highfields,31701145016,3145016,448,485
31701145017-GRO,GROOM,317011450,Highfields,31701145017,3145017,283,298
31701145018-GRO,GROOM,317011450,Highfields,31701145018,3145018,227,238
31701145019-GRO,GROOM,317011450,Highfields,31701145019,3145019,301,300
31701145020-GRO,GROOM,317011450,Highfields,31701145020,3145020,198,205
31701145021-GRO,GROOM,317011450,Highfields,31701145021,3145021,378,399
31701145023-GRO,GROOM,317011450,Highfields,31701145023,3145023,261,282
31701145024-GRO,GROOM,317011450,Highfields,31701145024,3145024,482,521
31701145025-GRO,GROOM,317011450,Highfields,31701145025,3145025,410,441
31701145026-GRO,GROOM,317011450,Highfields,31701145026,3145026,356,399
31701145027-GRO,GROOM,317011450,Highfields,31701145027,3145027,489,520
31701145028-GRO,GROOM,317011450,Highfields,31701145028,3145028,224,233
31701145029-GRO,GROOM,317011450,Highfields,31701145029,3145029,268,276
31701145030-GRO,GROOM,317011450,Highfields,31701145030,3145030,518,587
31701145031-GRO,GROOM,317011450,Highfields,31701145031,3145031,243,269
31701145032-GRO,GROOM,317011450,Highfields,31701145032,3145032,296,318
31701145033-GRO,GROOM,317011450,Highfields,31701145033,3145033,445,484
31701145034-GRO,GROOM,317011450,Highfields,31701145034,3145034,221,234
31701145035-GRO,GROOM,317011450,Highfields,31701145035,3145035,252,251
31701145037-GRO,GROOM,317011450,Highfields,31701145037,3145037,654,661
31701145038-GRO,GROOM,317011450,Highfields,31701145038,3145038,711,728
31701145039-GRO,GROOM,317011450,Highfields,31701145039,3145039,195,213
31701145040-GRO,GROOM,317011450,Highfields,31701145040,3145040,500,498
31701145101-WRI,WRIGHT,317011451,Lockyer Valley - West,31701145101,3145101,231,230
31701145102-WRI,WRIGHT,317011451,Lockyer Valley - West,31701145102,3145102,159,155
31701145103-WRI,WRIGHT,317011451,Lockyer Valley - West,31701145103,3145103,258,252
31701145104-WRI,WRIGHT,317011451,Lockyer Valley - West,31701145104,3145104,270,285
31701145105-WRI,WRIGHT,317011451,Lockyer Valley - West,31701145105,3145105,288,291
31701145106-WRI,WRIGHT,317011451,Lockyer Valley - West,31701145106,3145106,376,402
31701145107-WRI,WRIGHT,317011451,Lockyer Valley - West,31701145107,3145107,174,188
31701145108-WRI,WRIGHT,317011451,Lockyer Valley - West,31701145108,3145108,399,398
31701145109-WRI,WRIGHT,317011451,Lockyer Valley - West,31701145109,3145109,541,562
31701145110-WRI,WRIGHT,317011451,Lockyer Valley - West,31701145110,3145110,143,140
31701145111-WRI,WRIGHT,317011451,Lockyer Valley - West,31701145111,3145111,286,298
31701145112-WRI,WRIGHT,317011451,Lockyer Valley - West,31701145112,3145112,199,213
31701145113-WRI,WRIGHT,317011451,Lockyer Valley - West,31701145113,3145113,256,265
31701145114-WRI,WRIGHT,317011451,Lockyer Valley - West,31701145114,3145114,347,356
31701145115-WRI,WRIGHT,317011451,Lockyer Valley - West,31701145115,3145115,296,314
31701145116-WRI,WRIGHT,317011451,Lockyer Valley - West,31701145116,3145116,298,312
31701145117-WRI,WRIGHT,317011451,Lockyer Valley - West,31701145117,3145117,526,556
31701145118-WRI,WRIGHT,317011451,Lockyer Valley - West,31701145118,3145118,178,186
31701145119-WRI,WRIGHT,317011451,Lockyer Valley - West,31701145119,3145119,100,105
31701145120-WRI,WRIGHT,317011451,Lockyer Valley - West,31701145120,3145120,305,315
31701145121-WRI,WRIGHT,317011451,Lockyer Valley - West,31701145121,3145121,337,338
31701145122-GRO,GROOM,317011451,Lockyer Valley - West,31701145122,3145122,0,0
31701145122-WRI,WRIGHT,317011451,Lockyer Valley - West,31701145122,3145122,432,432
31701145123-WRI,WRIGHT,317011451,Lockyer Valley - West,31701145123,3145123,233,251
31701145124-WRI,WRIGHT,317011451,Lockyer Valley - West,31701145124,3145124,266,281
31701145125-WRI,WRIGHT,317011451,Lockyer Valley - West,31701145125,3145125,253,254
31701145126-WRI,WRIGHT,317011451,Lockyer Valley - West,31701145126,3145126,219,230
31701145128-WRI,WRIGHT,317011451,Lockyer Valley - West,31701145128,3145128,171,179
31701145129-WRI,WRIGHT,317011451,Lockyer Valley - West,31701145129,3145129,191,205
31701145130-WRI,WRIGHT,317011451,Lockyer Valley - West,31701145130,3145130,212,224
31701145131-GRO,GROOM,317011451,Lockyer Valley - West,31701145131,3145131,0,0
31701145131-WRI,WRIGHT,317011451,Lockyer Valley - West,31701145131,3145131,175,182
31701145132-WRI,WRIGHT,317011451,Lockyer Valley - West,31701145132,3145132,859,906
31701145133-WRI,WRIGHT,317011451,Lockyer Valley - West,31701145133,3145133,271,279
31701145134-WRI,WRIGHT,317011451,Lockyer Valley - West,31701145134,3145134,234,256
31701145135-WRI,WRIGHT,317011451,Lockyer Valley - West,31701145135,3145135,336,342
31701145201-GRO,GROOM,317011452,Middle Ridge,31701145201,3145201,264,268
31701145203-GRO,GROOM,317011452,Middle Ridge,31701145203,3145203,278,291
31701145204-GRO,GROOM,317011452,Middle Ridge,31701145204,3145204,285,295
31701145205-GRO,GROOM,317011452,Middle Ridge,31701145205,3145205,247,243
31701145206-GRO,GROOM,317011452,Middle Ridge,31701145206,3145206,337,364
31701145207-GRO,GROOM,317011452,Middle Ridge,31701145207,3145207,450,460
31701145208-GRO,GROOM,317011452,Middle Ridge,31701145208,3145208,268,295
31701145209-GRO,GROOM,317011452,Middle Ridge,31701145209,3145209,288,305
31701145210-GRO,GROOM,317011452,Middle Ridge,31701145210,3145210,163,169
31701145211-GRO,GROOM,317011452,Middle Ridge,31701145211,3145211,266,273
31701145212-GRO,GROOM,317011452,Middle Ridge,31701145212,3145212,342,355
31701145213-GRO,GROOM,317011452,Middle Ridge,31701145213,3145213,253,257
31701145214-GRO,GROOM,317011452,Middle Ridge,31701145214,3145214,284,289
31701145215-GRO,GROOM,317011452,Middle Ridge,31701145215,3145215,242,258
31701145217-GRO,GROOM,317011452,Middle Ridge,31701145217,3145217,310,334
31701145218-GRO,GROOM,317011452,Middle Ridge,31701145218,3145218,268,291
31701145219-GRO,GROOM,317011452,Middle Ridge,31701145219,3145219,479,528
31701145220-GRO,GROOM,317011452,Middle Ridge,31701145220,3145220,270,274
31701145221-GRO,GROOM,317011452,Middle Ridge,31701145221,3145221,219,226
31701145301-GRO,GROOM,317011453,Newtown (Qld),31701145301,3145301,251,253
31701145302-GRO,GROOM,317011453,Newtown (Qld),31701145302,3145302,284,289
31701145303-GRO,GROOM,317011453,Newtown (Qld),31701145303,3145303,351,358
31701145304-GRO,GROOM,317011453,Newtown (Qld),31701145304,3145304,290,294
31701145305-GRO,GROOM,317011453,Newtown (Qld),31701145305,3145305,277,290
31701145306-GRO,GROOM,317011453,Newtown (Qld),31701145306,3145306,333,346
31701145307-GRO,GROOM,317011453,Newtown (Qld),31701145307,3145307,181,184
31701145308-GRO,GROOM,317011453,Newtown (Qld),31701145308,3145308,271,284
31701145309-GRO,GROOM,317011453,Newtown (Qld),31701145309,3145309,338,374
31701145310-GRO,GROOM,317011453,Newtown (Qld),31701145310,3145310,327,332
31701145311-GRO,GROOM,317011453,Newtown (Qld),31701145311,3145311,213,216
31701145312-GRO,GROOM,317011453,Newtown (Qld),31701145312,3145312,252,265
31701145313-GRO,GROOM,317011453,Newtown (Qld),31701145313,3145313,280,272
31701145314-GRO,GROOM,317011453,Newtown (Qld),31701145314,3145314,196,204
31701145315-GRO,GROOM,317011453,Newtown (Qld),31701145315,3145315,290,281
31701145316-GRO,GROOM,317011453,Newtown (Qld),31701145316,3145316,457,449
31701145317-GRO,GROOM,317011453,Newtown (Qld),31701145317,3145317,445,432
31701145318-GRO,GROOM,317011453,Newtown (Qld),31701145318,3145318,268,268
31701145319-GRO,GROOM,317011453,Newtown (Qld),31701145319,3145319,223,225
31701145320-GRO,GROOM,317011453,Newtown (Qld),31701145320,3145320,513,540
31701145321-GRO,GROOM,317011453,Newtown (Qld),31701145321,3145321,318,317
31701145322-GRO,GROOM,317011453,Newtown (Qld),31701145322,3145322,240,248
31701145323-GRO,GROOM,317011453,Newtown (Qld),31701145323,3145323,303,311
31701145324-GRO,GROOM,317011453,Newtown (Qld),31701145324,3145324,318,318
31701145325-GRO,GROOM,317011453,Newtown (Qld),31701145325,3145325,216,228
31701145401-GRO,GROOM,317011454,North Toowoomba - Harlaxton,31701145401,3145401,237,254
31701145402-GRO,GROOM,317011454,North Toowoomba - Harlaxton,31701145402,3145402,145,155
31701145403-GRO,GROOM,317011454,North Toowoomba - Harlaxton,31701145403,3145403,165,183
31701145404-GRO,GROOM,317011454,North Toowoomba - Harlaxton,31701145404,3145404,302,307
31701145405-GRO,GROOM,317011454,North Toowoomba - Harlaxton,31701145405,3145405,481,497
31701145406-GRO,GROOM,317011454,North Toowoomba - Harlaxton,31701145406,3145406,357,375
31701145407-GRO,GROOM,317011454,North Toowoomba - Harlaxton,31701145407,3145407,419,436
31701145408-GRO,GROOM,317011454,North Toowoomba - Harlaxton,31701145408,3145408,478,471
31701145409-GRO,GROOM,317011454,North Toowoomba - Harlaxton,31701145409,3145409,388,429
31701145410-GRO,GROOM,317011454,North Toowoomba - Harlaxton,31701145410,3145410,343,351
31701145411-GRO,GROOM,317011454,North Toowoomba - Harlaxton,31701145411,3145411,307,329
31701145412-GRO,GROOM,317011454,North Toowoomba - Harlaxton,31701145412,3145412,298,311
31701145413-GRO,GROOM,317011454,North Toowoomba - Harlaxton,31701145413,3145413,345,371
31701145414-GRO,GROOM,317011454,North Toowoomba - Harlaxton,31701145414,3145414,217,225
31701145415-GRO,GROOM,317011454,North Toowoomba - Harlaxton,31701145415,3145415,181,192
31701145501-GRO,GROOM,317011455,Rangeville,31701145501,3145501,390,411
31701145502-GRO,GROOM,317011455,Rangeville,31701145502,3145502,476,515
31701145503-GRO,GROOM,317011455,Rangeville,31701145503,3145503,173,176
31701145504-GRO,GROOM,317011455,Rangeville,31701145504,3145504,273,277
31701145505-GRO,GROOM,317011455,Rangeville,31701145505,3145505,250,267
31701145506-GRO,GROOM,317011455,Rangeville,31701145506,3145506,248,248
31701145507-GRO,GROOM,317011455,Rangeville,31701145507,3145507,401,416
31701145508-GRO,GROOM,317011455,Rangeville,31701145508,3145508,214,211
31701145509-GRO,GROOM,317011455,Rangeville,31701145509,3145509,353,361
31701145510-GRO,GROOM,317011455,Rangeville,31701145510,3145510,424,413
31701145511-GRO,GROOM,317011455,Rangeville,31701145511,3145511,210,218
31701145512-GRO,GROOM,317011455,Rangeville,31701145512,3145512,380,386
31701145513-GRO,GROOM,317011455,Rangeville,31701145513,3145513,297,308
31701145514-GRO,GROOM,317011455,Rangeville,31701145514,3145514,225,227
31701145515-GRO,GROOM,317011455,Rangeville,31701145515,3145515,202,217
31701145516-GRO,GROOM,317011455,Rangeville,31701145516,3145516,260,264
31701145517-GRO,GROOM,317011455,Rangeville,31701145517,3145517,239,240
31701145518-GRO,GROOM,317011455,Rangeville,31701145518,3145518,335,344
31701145519-GRO,GROOM,317011455,Rangeville,31701145519,3145519,261,273
31701145520-GRO,GROOM,317011455,Rangeville,31701145520,3145520,355,359
31701145521-GRO,GROOM,317011455,Rangeville,31701145521,3145521,14,14
31701145522-GRO,GROOM,317011455,Rangeville,31701145522,3145522,220,223
31701145523-GRO,GROOM,317011455,Rangeville,31701145523,3145523,217,230
31701145601-GRO,GROOM,317011456,Toowoomba - Central,31701145601,3145601,294,299
31701145602-GRO,GROOM,317011456,Toowoomba - Central,31701145602,3145602,308,335
31701145603-GRO,GROOM,317011456,Toowoomba - Central,31701145603,3145603,259,274
31701145604-GRO,GROOM,317011456,Toowoomba - Central,31701145604,3145604,322,324
31701145605-GRO,GROOM,317011456,Toowoomba - Central,31701145605,3145605,154,156
31701145606-GRO,GROOM,317011456,Toowoomba - Central,31701145606,3145606,199,197
31701145607-GRO,GROOM,317011456,Toowoomba - Central,31701145607,3145607,366,363
31701145608-GRO,GROOM,317011456,Toowoomba - Central,31701145608,3145608,244,261
31701145609-GRO,GROOM,317011456,Toowoomba - Central,31701145609,3145609,304,308
31701145610-GRO,GROOM,317011456,Toowoomba - Central,31701145610,3145610,272,275
31701145611-GRO,GROOM,317011456,Toowoomba - Central,31701145611,3145611,333,327
31701145612-GRO,GROOM,317011456,Toowoomba - Central,31701145612,3145612,209,214
31701145613-GRO,GROOM,317011456,Toowoomba - Central,31701145613,3145613,234,243
31701145614-GRO,GROOM,317011456,Toowoomba - Central,31701145614,3145614,254,262
31701145615-GRO,GROOM,317011456,Toowoomba - Central,31701145615,3145615,218,221
31701145616-GRO,GROOM,317011456,Toowoomba - Central,31701145616,3145616,193,198
31701145617-GRO,GROOM,317011456,Toowoomba - Central,31701145617,3145617,232,246
31701145618-GRO,GROOM,317011456,Toowoomba - Central,31701145618,3145618,415,428
31701145619-GRO,GROOM,317011456,Toowoomba - Central,31701145619,3145619,267,259
31701145620-GRO,GROOM,317011456,Toowoomba - Central,31701145620,3145620,291,295
31701145621-GRO,GROOM,317011456,Toowoomba - Central,31701145621,3145621,235,234
31701145622-GRO,GROOM,317011456,Toowoomba - Central,31701145622,3145622,381,383
31701145623-GRO,GROOM,317011456,Toowoomba - Central,31701145623,3145623,269,274
31701145624-GRO,GROOM,317011456,Toowoomba - Central,31701145624,3145624,369,395
31701145625-GRO,GROOM,317011456,Toowoomba - Central,31701145625,3145625,412,437
31701145626-GRO,GROOM,317011456,Toowoomba - Central,31701145626,3145626,290,292
31701145627-GRO,GROOM,317011456,Toowoomba - Central,31701145627,3145627,253,251
31701145628-GRO,GROOM,317011456,Toowoomba - Central,31701145628,3145628,300,306
31701145629-GRO,GROOM,317011456,Toowoomba - Central,31701145629,3145629,322,332
31701145630-GRO,GROOM,317011456,Toowoomba - Central,31701145630,3145630,291,296
31701145631-GRO,GROOM,317011456,Toowoomba - Central,31701145631,3145631,201,203
31701145632-GRO,GROOM,317011456,Toowoomba - Central,31701145632,3145632,271,280
31701145633-GRO,GROOM,317011456,Toowoomba - Central,31701145633,3145633,304,311
31701145634-GRO,GROOM,317011456,Toowoomba - Central,31701145634,3145634,328,335
31701145635-GRO,GROOM,317011456,Toowoomba - Central,31701145635,3145635,265,271
31701145636-GRO,GROOM,317011456,Toowoomba - Central,31701145636,3145636,102,99
31701145637-GRO,GROOM,317011456,Toowoomba - Central,31701145637,3145637,130,129
31701145701-GRO,GROOM,317011457,Toowoomba - East,31701145701,3145701,408,435
31701145702-GRO,GROOM,317011457,Toowoomba - East,31701145702,3145702,348,355
31701145703-GRO,GROOM,317011457,Toowoomba - East,31701145703,3145703,250,244
31701145704-GRO,GROOM,317011457,Toowoomba - East,31701145704,3145704,233,242
31701145705-GRO,GROOM,317011457,Toowoomba - East,31701145705,3145705,316,333
31701145706-GRO,GROOM,317011457,Toowoomba - East,31701145706,3145706,310,324
31701145707-GRO,GROOM,317011457,Toowoomba - East,31701145707,3145707,171,181
31701145708-GRO,GROOM,317011457,Toowoomba - East,31701145708,3145708,288,303
31701145709-GRO,GROOM,317011457,Toowoomba - East,31701145709,3145709,234,240
31701145710-GRO,GROOM,317011457,Toowoomba - East,31701145710,3145710,268,262
31701145711-GRO,GROOM,317011457,Toowoomba - East,31701145711,3145711,156,159
31701145712-GRO,GROOM,317011457,Toowoomba - East,31701145712,3145712,285,279
31701145713-GRO,GROOM,317011457,Toowoomba - East,31701145713,3145713,327,332
31701145714-GRO,GROOM,317011457,Toowoomba - East,31701145714,3145714,249,243
31701145715-GRO,GROOM,317011457,Toowoomba - East,31701145715,3145715,116,143
31701145716-GRO,GROOM,317011457,Toowoomba - East,31701145716,3145716,254,254
31701145717-GRO,GROOM,317011457,Toowoomba - East,31701145717,3145717,250,274
31701145718-GRO,GROOM,317011457,Toowoomba - East,31701145718,3145718,308,323
31701145719-GRO,GROOM,317011457,Toowoomba - East,31701145719,3145719,288,308
31701145720-GRO,GROOM,317011457,Toowoomba - East,31701145720,3145720,270,289
31701145721-GRO,GROOM,317011457,Toowoomba - East,31701145721,3145721,211,218
31701145722-GRO,GROOM,317011457,Toowoomba - East,31701145722,3145722,375,367
31701145723-GRO,GROOM,317011457,Toowoomba - East,31701145723,3145723,346,338
31701145724-GRO,GROOM,317011457,Toowoomba - East,31701145724,3145724,248,254
31701145725-GRO,GROOM,317011457,Toowoomba - East,31701145725,3145725,450,452
31701145726-GRO,GROOM,317011457,Toowoomba - East,31701145726,3145726,10,10
31701145727-GRO,GROOM,317011457,Toowoomba - East,31701145727,3145727,325,318
31701145728-GRO,GROOM,317011457,Toowoomba - East,31701145728,3145728,76,88
31701145801-GRO,GROOM,317011458,Toowoomba - West,31701145801,3145801,249,266
31701145803-GRO,GROOM,317011458,Toowoomba - West,31701145803,3145803,157,168
31701145804-GRO,GROOM,317011458,Toowoomba - West,31701145804,3145804,217,235
31701145805-GRO,GROOM,317011458,Toowoomba - West,31701145805,3145805,325,335
31701145808-GRO,GROOM,317011458,Toowoomba - West,31701145808,3145808,301,309
31701145809-GRO,GROOM,317011458,Toowoomba - West,31701145809,3145809,266,287
31701145810-GRO,GROOM,317011458,Toowoomba - West,31701145810,3145810,343,377
31701145813-GRO,GROOM,317011458,Toowoomba - West,31701145813,3145813,293,339
31701145816-GRO,GROOM,317011458,Toowoomba - West,31701145816,3145816,591,609
31701145817-GRO,GROOM,317011458,Toowoomba - West,31701145817,3145817,240,252
31701145818-GRO,GROOM,317011458,Toowoomba - West,31701145818,3145818,156,167
31701145819-GRO,GROOM,317011458,Toowoomba - West,31701145819,3145819,291,289
31701145820-GRO,GROOM,317011458,Toowoomba - West,31701145820,3145820,216,214
31701145821-GRO,GROOM,317011458,Toowoomba - West,31701145821,3145821,442,438
31701145822-GRO,GROOM,317011458,Toowoomba - West,31701145822,3145822,250,248
31701145823-GRO,GROOM,317011458,Toowoomba - West,31701145823,3145823,494,566
31701145825-GRO,GROOM,317011458,Toowoomba - West,31701145825,3145825,187,196
31701145826-GRO,GROOM,317011458,Toowoomba - West,31701145826,3145826,205,203
31701145827-GRO,GROOM,317011458,Toowoomba - West,31701145827,3145827,3,3
31701145828-GRO,GROOM,317011458,Toowoomba - West,31701145828,3145828,169,184
31701145829-GRO,GROOM,317011458,Toowoomba - West,31701145829,3145829,286,305
31701145830-GRO,GROOM,317011458,Toowoomba - West,31701145830,3145830,326,341
31701145832-GRO,GROOM,317011458,Toowoomba - West,31701145832,3145832,287,332
31701145833-GRO,GROOM,317011458,Toowoomba - West,31701145833,3145833,265,278
31701145834-GRO,GROOM,317011458,Toowoomba - West,31701145834,3145834,365,378
31701145835-GRO,GROOM,317011458,Toowoomba - West,31701145835,3145835,245,257
31701145836-GRO,GROOM,317011458,Toowoomba - West,31701145836,3145836,335,363
31701145838-GRO,GROOM,317011458,Toowoomba - West,31701145838,3145838,380,406
31701145839-GRO,GROOM,317011458,Toowoomba - West,31701145839,3145839,536,569
31701145840-GRO,GROOM,317011458,Toowoomba - West,31701145840,3145840,657,706
31701145841-GRO,GROOM,317011458,Toowoomba - West,31701145841,3145841,255,267
31701145842-GRO,GROOM,317011458,Toowoomba - West,31701145842,3145842,333,354
31701145843-GRO,GROOM,317011458,Toowoomba - West,31701145843,3145843,96,102
31701145844-GRO,GROOM,317011458,Toowoomba - West,31701145844,3145844,176,208
31701145845-GRO,GROOM,317011458,Toowoomba - West,31701145845,3145845,426,459
31701145846-GRO,GROOM,317011458,Toowoomba - West,31701145846,3145846,398,424
31701145847-GRO,GROOM,317011458,Toowoomba - West,31701145847,3145847,518,552
31701145848-GRO,GROOM,317011458,Toowoomba - West,31701145848,3145848,296,325
31701145849-GRO,GROOM,317011458,Toowoomba - West,31701145849,3145849,565,627
31701145850-GRO,GROOM,317011458,Toowoomba - West,31701145850,3145850,314,332
31701145901-GRO,GROOM,317011459,Wilsonton,31701145901,3145901,173,178
31701145902-GRO,GROOM,317011459,Wilsonton,31701145902,3145902,196,206
31701145903-GRO,GROOM,317011459,Wilsonton,31701145903,3145903,180,189
31701145904-GRO,GROOM,317011459,Wilsonton,31701145904,3145904,243,252
31701145905-GRO,GROOM,317011459,Wilsonton,31701145905,3145905,262,263
31701145906-GRO,GROOM,317011459,Wilsonton,31701145906,3145906,272,279
31701145907-GRO,GROOM,317011459,Wilsonton,31701145907,3145907,260,268
31701145908-GRO,GROOM,317011459,Wilsonton,31701145908,3145908,263,280
31701145909-GRO,GROOM,317011459,Wilsonton,31701145909,3145909,262,280
31701145910-GRO,GROOM,317011459,Wilsonton,31701145910,3145910,249,260
31701145911-GRO,GROOM,317011459,Wilsonton,31701145911,3145911,222,233
31701145912-GRO,GROOM,317011459,Wilsonton,31701145912,3145912,336,350
31701145913-GRO,GROOM,317011459,Wilsonton,31701145913,3145913,194,198
31701145914-GRO,GROOM,317011459,Wilsonton,31701145914,3145914,252,251
31701145915-GRO,GROOM,317011459,Wilsonton,31701145915,3145915,170,172
31701145917-GRO,GROOM,317011459,Wilsonton,31701145917,3145917,246,254
31701145918-GRO,GROOM,317011459,Wilsonton,31701145918,3145918,395,411
31701145919-GRO,GROOM,317011459,Wilsonton,31701145919,3145919,247,253
31701145920-GRO,GROOM,317011459,Wilsonton,31701145920,3145920,226,232
31701145922-GRO,GROOM,317011459,Wilsonton,31701145922,3145922,10,10
31701145923-GRO,GROOM,317011459,Wilsonton,31701145923,3145923,434,443
31701145924-GRO,GROOM,317011459,Wilsonton,31701145924,3145924,356,366
31701145925-GRO,GROOM,317011459,Wilsonton,31701145925,3145925,343,347
31701145926-GRO,GROOM,317011459,Wilsonton,31701145926,3145926,308,313
31701145927-GRO,GROOM,317011459,Wilsonton,31701145927,3145927,223,243
31701145928-GRO,GROOM,317011459,Wilsonton,31701145928,3145928,3,3
31701145929-GRO,GROOM,317011459,Wilsonton,31701145929,3145929,180,190
31701145930-GRO,GROOM,317011459,Wilsonton,31701145930,3145930,240,244
31701145931-GRO,GROOM,317011459,Wilsonton,31701145931,3145931,417,407
31701145932-GRO,GROOM,317011459,Wilsonton,31701145932,3145932,223,228
31701145933-GRO,GROOM,317011459,Wilsonton,31701145933,3145933,244,260
31701145934-GRO,GROOM,317011459,Wilsonton,31701145934,3145934,306,313
31701145935-GRO,GROOM,317011459,Wilsonton,31701145935,3145935,376,404
31701145936-GRO,GROOM,317011459,Wilsonton,31701145936,3145936,304,318
31701145937-GRO,GROOM,317011459,Wilsonton,31701145937,3145937,309,301
31701145938-GRO,GROOM,317011459,Wilsonton,31701145938,3145938,952,950
31701145939-GRO,GROOM,317011459,Wilsonton,31701145939,3145939,253,271
31701145940-GRO,GROOM,317011459,Wilsonton,31701145940,3145940,283,304
31701145941-GRO,GROOM,317011459,Wilsonton,31701145941,3145941,409,433
31801146001-DAW,DAWSON,318011460,Ayr,31801146001,3146001,253,255
31801146002-DAW,DAWSON,318011460,Ayr,31801146002,3146002,240,244
31801146003-DAW,DAWSON,318011460,Ayr,31801146003,3146003,394,408
31801146004-DAW,DAWSON,318011460,Ayr,31801146004,3146004,387,387
31801146006-DAW,DAWSON,318011460,Ayr,31801146006,3146006,446,442
31801146007-DAW,DAWSON,318011460,Ayr,31801146007,3146007,209,201
31801146008-DAW,DAWSON,318011460,Ayr,31801146008,3146008,190,187
31801146009-DAW,DAWSON,318011460,Ayr,31801146009,3146009,352,343
31801146010-DAW,DAWSON,318011460,Ayr,31801146010,3146010,271,285
31801146011-DAW,DAWSON,318011460,Ayr,31801146011,3146011,356,361
31801146012-DAW,DAWSON,318011460,Ayr,31801146012,3146012,318,323
31801146013-DAW,DAWSON,318011460,Ayr,31801146013,3146013,205,200
31801146014-DAW,DAWSON,318011460,Ayr,31801146014,3146014,242,242
31801146015-DAW,DAWSON,318011460,Ayr,31801146015,3146015,292,280
31801146016-DAW,DAWSON,318011460,Ayr,31801146016,3146016,403,410
31801146017-DAW,DAWSON,318011460,Ayr,31801146017,3146017,456,451
31801146018-DAW,DAWSON,318011460,Ayr,31801146018,3146018,280,290
31801146020-DAW,DAWSON,318011460,Ayr,31801146020,3146020,157,151
31801146021-DAW,DAWSON,318011460,Ayr,31801146021,3146021,245,252
31801146022-DAW,DAWSON,318011460,Ayr,31801146022,3146022,205,211
31801146023-DAW,DAWSON,318011460,Ayr,31801146023,3146023,153,153
31801146024-DAW,DAWSON,318011460,Ayr,31801146024,3146024,139,138
31801146025-DAW,DAWSON,318011460,Ayr,31801146025,3146025,253,264
31801146026-DAW,DAWSON,318011460,Ayr,31801146026,3146026,189,188
31801146027-DAW,DAWSON,318011460,Ayr,31801146027,3146027,74,78
31801146101-DAW,DAWSON,318011461,Burdekin,31801146101,3146101,292,289
31801146102-DAW,DAWSON,318011461,Burdekin,31801146102,3146102,329,317
31801146103-DAW,DAWSON,318011461,Burdekin,31801146103,3146103,179,187
31801146104-DAW,DAWSON,318011461,Burdekin,31801146104,3146104,431,426
31801146105-DAW,DAWSON,318011461,Burdekin,31801146105,3146105,132,133
31801146106-DAW,DAWSON,318011461,Burdekin,31801146106,3146106,332,326
31801146107-DAW,DAWSON,318011461,Burdekin,31801146107,3146107,231,226
31801146108-DAW,DAWSON,318011461,Burdekin,31801146108,3146108,229,227
31801146109-DAW,DAWSON,318011461,Burdekin,31801146109,3146109,253,263
31801146110-DAW,DAWSON,318011461,Burdekin,31801146110,3146110,233,233
31801146111-DAW,DAWSON,318011461,Burdekin,31801146111,3146111,167,168
31801146112-DAW,DAWSON,318011461,Burdekin,31801146112,3146112,221,222
31801146113-DAW,DAWSON,318011461,Burdekin,31801146113,3146113,296,297
31801146114-KEN,KENNEDY,318011461,Burdekin,31801146114,3146114,102,102
31801146115-DAW,DAWSON,318011461,Burdekin,31801146115,3146115,142,149
31801146115-KEN,KENNEDY,318011461,Burdekin,31801146115,3146115,30,31
31801146116-DAW,DAWSON,318011461,Burdekin,31801146116,3146116,161,160
31801146117-DAW,DAWSON,318011461,Burdekin,31801146117,3146117,200,201
31801146118-DAW,DAWSON,318011461,Burdekin,31801146118,3146118,213,213
31801146119-DAW,DAWSON,318011461,Burdekin,31801146119,3146119,269,279
31801146120-DAW,DAWSON,318011461,Burdekin,31801146120,3146120,261,260
31801146121-DAW,DAWSON,318011461,Burdekin,31801146121,3146121,226,229
31801146122-DAW,DAWSON,318011461,Burdekin,31801146122,3146122,163,172
31801146123-DAW,DAWSON,318011461,Burdekin,31801146123,3146123,231,240
31801146124-DAW,DAWSON,318011461,Burdekin,31801146124,3146124,214,220
31801146125-DAW,DAWSON,318011461,Burdekin,31801146125,3146125,405,391
31801146201-KEN,KENNEDY,318011462,Charters Towers,31801146201,3146201,255,266
31801146202-KEN,KENNEDY,318011462,Charters Towers,31801146202,3146202,148,149
31801146203-KEN,KENNEDY,318011462,Charters Towers,31801146203,3146203,296,308
31801146204-KEN,KENNEDY,318011462,Charters Towers,31801146204,3146204,191,201
31801146205-KEN,KENNEDY,318011462,Charters Towers,31801146205,3146205,276,283
31801146206-KEN,KENNEDY,318011462,Charters Towers,31801146206,3146206,81,86
31801146207-KEN,KENNEDY,318011462,Charters Towers,31801146207,3146207,348,345
31801146208-KEN,KENNEDY,318011462,Charters Towers,31801146208,3146208,379,389
31801146209-KEN,KENNEDY,318011462,Charters Towers,31801146209,3146209,293,294
31801146210-KEN,KENNEDY,318011462,Charters Towers,31801146210,3146210,199,194
31801146211-KEN,KENNEDY,318011462,Charters Towers,31801146211,3146211,67,69
31801146212-KEN,KENNEDY,318011462,Charters Towers,31801146212,3146212,198,201
31801146213-KEN,KENNEDY,318011462,Charters Towers,31801146213,3146213,203,206
31801146214-KEN,KENNEDY,318011462,Charters Towers,31801146214,3146214,145,142
31801146215-KEN,KENNEDY,318011462,Charters Towers,31801146215,3146215,285,300
31801146216-KEN,KENNEDY,318011462,Charters Towers,31801146216,3146216,220,224
31801146217-KEN,KENNEDY,318011462,Charters Towers,31801146217,3146217,247,273
31801146218-KEN,KENNEDY,318011462,Charters Towers,31801146218,3146218,341,363
31801146219-KEN,KENNEDY,318011462,Charters Towers,31801146219,3146219,259,253
31801146220-KEN,KENNEDY,318011462,Charters Towers,31801146220,3146220,183,202
31801146221-KEN,KENNEDY,318011462,Charters Towers,31801146221,3146221,324,342
31801146222-KEN,KENNEDY,318011462,Charters Towers,31801146222,3146222,233,237
31801146223-KEN,KENNEDY,318011462,Charters Towers,31801146223,3146223,108,105
31801146224-KEN,KENNEDY,318011462,Charters Towers,31801146224,3146224,332,352
31801146302-KEN,KENNEDY,318011463,Dalrymple,31801146302,3146302,175,174
31801146303-KEN,KENNEDY,318011463,Dalrymple,31801146303,3146303,318,328
31801146304-KEN,KENNEDY,318011463,Dalrymple,31801146304,3146304,203,208
31801146305-KEN,KENNEDY,318011463,Dalrymple,31801146305,3146305,484,498
31801146306-KEN,KENNEDY,318011463,Dalrymple,31801146306,3146306,283,288
31801146307-KEN,KENNEDY,318011463,Dalrymple,31801146307,3146307,164,166
31801146308-KEN,KENNEDY,318011463,Dalrymple,31801146308,3146308,217,218
31801146309-KEN,KENNEDY,318011463,Dalrymple,31801146309,3146309,138,137
31801146310-KEN,KENNEDY,318011463,Dalrymple,31801146310,3146310,146,142
31801146311-KEN,KENNEDY,318011463,Dalrymple,31801146311,3146311,349,364
31801146312-KEN,KENNEDY,318011463,Dalrymple,31801146312,3146312,116,115
31801146313-KEN,KENNEDY,318011463,Dalrymple,31801146313,3146313,119,118
31801146402-KEN,KENNEDY,318011464,Ingham,31801146402,3146402,325,338
31801146404-KEN,KENNEDY,318011464,Ingham,31801146404,3146404,302,318
31801146405-KEN,KENNEDY,318011464,Ingham,31801146405,3146405,417,409
31801146406-KEN,KENNEDY,318011464,Ingham,31801146406,3146406,148,152
31801146407-KEN,KENNEDY,318011464,Ingham,31801146407,3146407,299,306
31801146408-KEN,KENNEDY,318011464,Ingham,31801146408,3146408,264,277
31801146409-KEN,KENNEDY,318011464,Ingham,31801146409,3146409,379,385
31801146410-KEN,KENNEDY,318011464,Ingham,31801146410,3146410,207,206
31801146411-KEN,KENNEDY,318011464,Ingham,31801146411,3146411,288,288
31801146412-KEN,KENNEDY,318011464,Ingham,31801146412,3146412,61,63
31801146413-KEN,KENNEDY,318011464,Ingham,31801146413,3146413,57,61
31801146416-KEN,KENNEDY,318011464,Ingham,31801146416,3146416,255,247
31801146417-KEN,KENNEDY,318011464,Ingham,31801146417,3146417,32,31
31801146418-KEN,KENNEDY,318011464,Ingham,31801146418,3146418,246,249
31801146419-KEN,KENNEDY,318011464,Ingham,31801146419,3146419,26,29
31801146420-KEN,KENNEDY,318011464,Ingham,31801146420,3146420,178,180
31801146501-KEN,KENNEDY,318011465,Ingham Surrounds,31801146501,3146501,150,145
31801146502-KEN,KENNEDY,318011465,Ingham Surrounds,31801146502,3146502,270,274
31801146503-KEN,KENNEDY,318011465,Ingham Surrounds,31801146503,3146503,165,163
31801146504-KEN,KENNEDY,318011465,Ingham Surrounds,31801146504,3146504,353,366
31801146505-KEN,KENNEDY,318011465,Ingham Surrounds,31801146505,3146505,332,326
31801146506-KEN,KENNEDY,318011465,Ingham Surrounds,31801146506,3146506,271,272
31801146507-KEN,KENNEDY,318011465,Ingham Surrounds,31801146507,3146507,234,231
31801146508-KEN,KENNEDY,318011465,Ingham Surrounds,31801146508,3146508,258,264
31801146509-KEN,KENNEDY,318011465,Ingham Surrounds,31801146509,3146509,179,179
31801146510-KEN,KENNEDY,318011465,Ingham Surrounds,31801146510,3146510,362,367
31801146511-HER,HERBERT,318011465,Ingham Surrounds,31801146511,3146511,0,0
31801146512-KEN,KENNEDY,318011465,Ingham Surrounds,31801146512,3146512,236,240
31801146513-KEN,KENNEDY,318011465,Ingham Surrounds,31801146513,3146513,230,229
31801146514-KEN,KENNEDY,318011465,Ingham Surrounds,31801146514,3146514,212,217
31801146515-KEN,KENNEDY,318011465,Ingham Surrounds,31801146515,3146515,527,526
31801146516-KEN,KENNEDY,318011465,Ingham Surrounds,31801146516,3146516,312,314
31801146517-KEN,KENNEDY,318011465,Ingham Surrounds,31801146517,3146517,268,263
31801146518-KEN,KENNEDY,318011465,Ingham Surrounds,31801146518,3146518,246,251
31801146519-KEN,KENNEDY,318011465,Ingham Surrounds,31801146519,3146519,262,277
31801146520-KEN,KENNEDY,318011465,Ingham Surrounds,31801146520,3146520,382,398
31801146601-HER,HERBERT,318011466,Palm Island,31801146601,3146601,1315,1382
31801146602-HER,HERBERT,318011466,Palm Island,31801146602,3146602,0,0
31802146701-HER,HERBERT,318021467,Aitkenvale,31802146701,3146701,334,332
31802146702-HER,HERBERT,318021467,Aitkenvale,31802146702,3146702,239,242
31802146704-HER,HERBERT,318021467,Aitkenvale,31802146704,3146704,242,242
31802146705-HER,HERBERT,318021467,Aitkenvale,31802146705,3146705,338,343
31802146706-HER,HERBERT,318021467,Aitkenvale,31802146706,3146706,337,367
31802146707-HER,HERBERT,318021467,Aitkenvale,31802146707,3146707,278,268
31802146708-HER,HERBERT,318021467,Aitkenvale,31802146708,3146708,361,376
31802146709-HER,HERBERT,318021467,Aitkenvale,31802146709,3146709,145,151
31802146710-HER,HERBERT,318021467,Aitkenvale,31802146710,3146710,255,257
31802146711-HER,HERBERT,318021467,Aitkenvale,31802146711,3146711,98,96
31802146712-HER,HERBERT,318021467,Aitkenvale,31802146712,3146712,169,164
31802146713-HER,HERBERT,318021467,Aitkenvale,31802146713,3146713,232,225
31802146714-HER,HERBERT,318021467,Aitkenvale,31802146714,3146714,0,0
31802146715-HER,HERBERT,318021467,Aitkenvale,31802146715,3146715,148,143
31802146716-HER,HERBERT,318021467,Aitkenvale,31802146716,3146716,76,76
31802146717-HER,HERBERT,318021467,Aitkenvale,31802146717,3146717,206,204
31802146801-DAW,DAWSON,318021468,Annandale (Qld),31802146801,3146801,273,264
31802146802-DAW,DAWSON,318021468,Annandale (Qld),31802146802,3146802,170,176
31802146803-DAW,DAWSON,318021468,Annandale (Qld),31802146803,3146803,76,75
31802146804-DAW,DAWSON,318021468,Annandale (Qld),31802146804,3146804,183,189
31802146805-DAW,DAWSON,318021468,Annandale (Qld),31802146805,3146805,157,159
31802146806-DAW,DAWSON,318021468,Annandale (Qld),31802146806,3146806,164,173
31802146807-DAW,DAWSON,318021468,Annandale (Qld),31802146807,3146807,181,190
31802146808-DAW,DAWSON,318021468,Annandale (Qld),31802146808,3146808,255,256
31802146810-DAW,DAWSON,318021468,Annandale (Qld),31802146810,3146810,221,222
31802146811-HER,HERBERT,318021468,Annandale (Qld),31802146811,3146811,666,671
31802146811-KEN,KENNEDY,318021468,Annandale (Qld),31802146811,3146811,0,0
31802146812-DAW,DAWSON,318021468,Annandale (Qld),31802146812,3146812,314,332
31802146813-DAW,DAWSON,318021468,Annandale (Qld),31802146813,3146813,181,186
31802146814-DAW,DAWSON,318021468,Annandale (Qld),31802146814,3146814,0,0
31802146815-DAW,DAWSON,318021468,Annandale (Qld),31802146815,3146815,274,279
31802146816-DAW,DAWSON,318021468,Annandale (Qld),31802146816,3146816,180,191
31802146817-DAW,DAWSON,318021468,Annandale (Qld),31802146817,3146817,254,271
31802146818-DAW,DAWSON,318021468,Annandale (Qld),31802146818,3146818,255,264
31802146819-DAW,DAWSON,318021468,Annandale (Qld),31802146819,3146819,211,225
31802146820-DAW,DAWSON,318021468,Annandale (Qld),31802146820,3146820,324,332
31802146821-DAW,DAWSON,318021468,Annandale (Qld),31802146821,3146821,149,150
31802146822-DAW,DAWSON,318021468,Annandale (Qld),31802146822,3146822,308,320
31802146823-DAW,DAWSON,318021468,Annandale (Qld),31802146823,3146823,173,176
31802146824-DAW,DAWSON,318021468,Annandale (Qld),31802146824,3146824,315,317
31802146825-DAW,DAWSON,318021468,Annandale (Qld),31802146825,3146825,182,186
31802146826-DAW,DAWSON,318021468,Annandale (Qld),31802146826,3146826,147,142
31802146827-DAW,DAWSON,318021468,Annandale (Qld),31802146827,3146827,278,274
31802146828-DAW,DAWSON,318021468,Annandale (Qld),31802146828,3146828,266,281
31802146829-DAW,DAWSON,318021468,Annandale (Qld),31802146829,3146829,320,316
31802146901-HER,HERBERT,318021469,Belgian Gardens - Pallarenda,31802146901,3146901,273,273
31802146902-HER,HERBERT,318021469,Belgian Gardens - Pallarenda,31802146902,3146902,275,288
31802146903-HER,HERBERT,318021469,Belgian Gardens - Pallarenda,31802146903,3146903,269,269
31802146904-HER,HERBERT,318021469,Belgian Gardens - Pallarenda,31802146904,3146904,343,338
31802146905-HER,HERBERT,318021469,Belgian Gardens - Pallarenda,31802146905,3146905,400,410
31802146906-HER,HERBERT,318021469,Belgian Gardens - Pallarenda,31802146906,3146906,287,294
31802146907-HER,HERBERT,318021469,Belgian Gardens - Pallarenda,31802146907,3146907,320,315
31802146908-HER,HERBERT,318021469,Belgian Gardens - Pallarenda,31802146908,3146908,2,2
31802146909-HER,HERBERT,318021469,Belgian Gardens - Pallarenda,31802146909,3146909,221,233
31802147001-KEN,KENNEDY,318021470,Bohle Plains,31802147001,3147001,242,248
31802147002-KEN,KENNEDY,318021470,Bohle Plains,31802147002,3147002,290,307
31802147003-HER,HERBERT,318021470,Bohle Plains,31802147003,3147003,469,508
31802147004-HER,HERBERT,318021470,Bohle Plains,31802147004,3147004,367,407
31802147007-KEN,KENNEDY,318021470,Bohle Plains,31802147007,3147007,183,197
31802147008-KEN,KENNEDY,318021470,Bohle Plains,31802147008,3147008,368,406
31802147012-KEN,KENNEDY,318021470,Bohle Plains,31802147012,3147012,310,342
31802147013-HER,HERBERT,318021470,Bohle Plains,31802147013,3147013,192,193
31802147014-HER,HERBERT,318021470,Bohle Plains,31802147014,3147014,291,316
31802147015-HER,HERBERT,318021470,Bohle Plains,31802147015,3147015,203,217
31802147015-KEN,KENNEDY,318021470,Bohle Plains,31802147015,3147015,141,151
31802147016-HER,HERBERT,318021470,Bohle Plains,31802147016,3147016,753,796
31802147018-KEN,KENNEDY,318021470,Bohle Plains,31802147018,3147018,307,354
31802147020-HER,HERBERT,318021470,Bohle Plains,31802147020,3147020,233,251
31802147021-HER,HERBERT,318021470,Bohle Plains,31802147021,3147021,320,325
31802147022-HER,HERBERT,318021470,Bohle Plains,31802147022,3147022,240,248
31802147023-KEN,KENNEDY,318021470,Bohle Plains,31802147023,3147023,628,702
31802147024-HER,HERBERT,318021470,Bohle Plains,31802147024,3147024,980,1148
31802147025-HER,HERBERT,318021470,Bohle Plains,31802147025,3147025,76,85
31802147025-KEN,KENNEDY,318021470,Bohle Plains,31802147025,3147025,63,70
31802147026-HER,HERBERT,318021470,Bohle Plains,31802147026,3147026,393,389
31802147027-HER,HERBERT,318021470,Bohle Plains,31802147027,3147027,366,363
31802147101-HER,HERBERT,318021471,Condon - Rasmussen,31802147101,3147101,394,423
31802147102-HER,HERBERT,318021471,Condon - Rasmussen,31802147102,3147102,374,380
31802147103-HER,HERBERT,318021471,Condon - Rasmussen,31802147103,3147103,696,729
31802147104-HER,HERBERT,318021471,Condon - Rasmussen,31802147104,3147104,253,265
31802147105-HER,HERBERT,318021471,Condon - Rasmussen,31802147105,3147105,170,172
31802147106-HER,HERBERT,318021471,Condon - Rasmussen,31802147106,3147106,262,264
31802147107-HER,HERBERT,318021471,Condon - Rasmussen,31802147107,3147107,246,248
31802147108-HER,HERBERT,318021471,Condon - Rasmussen,31802147108,3147108,194,190
31802147109-HER,HERBERT,318021471,Condon - Rasmussen,31802147109,3147109,286,324
31802147110-HER,HERBERT,318021471,Condon - Rasmussen,31802147110,3147110,196,207
31802147111-HER,HERBERT,318021471,Condon - Rasmussen,31802147111,3147111,439,464
31802147112-HER,HERBERT,318021471,Condon - Rasmussen,31802147112,3147112,334,352
31802147113-HER,HERBERT,318021471,Condon - Rasmussen,31802147113,3147113,284,285
31802147114-HER,HERBERT,318021471,Condon - Rasmussen,31802147114,3147114,342,366
31802147115-HER,HERBERT,318021471,Condon - Rasmussen,31802147115,3147115,232,240
31802147117-HER,HERBERT,318021471,Condon - Rasmussen,31802147117,3147117,238,244
31802147118-HER,HERBERT,318021471,Condon - Rasmussen,31802147118,3147118,388,420
31802147119-HER,HERBERT,318021471,Condon - Rasmussen,31802147119,3147119,60,59
31802147120-HER,HERBERT,318021471,Condon - Rasmussen,31802147120,3147120,292,294
31802147121-HER,HERBERT,318021471,Condon - Rasmussen,31802147121,3147121,311,305
31802147122-KEN,KENNEDY,318021471,Condon - Rasmussen,31802147122,3147122,129,136
31802147123-HER,HERBERT,318021471,Condon - Rasmussen,31802147123,3147123,390,419
31802147124-HER,HERBERT,318021471,Condon - Rasmussen,31802147124,3147124,55,57
31802147125-HER,HERBERT,318021471,Condon - Rasmussen,31802147125,3147125,280,292
31802147126-HER,HERBERT,318021471,Condon - Rasmussen,31802147126,3147126,199,221
31802147127-HER,HERBERT,318021471,Condon - Rasmussen,31802147127,3147127,279,281
31802147128-HER,HERBERT,318021471,Condon - Rasmussen,31802147128,3147128,173,182
31802147129-HER,HERBERT,318021471,Condon - Rasmussen,31802147129,3147129,254,249
31802147130-HER,HERBERT,318021471,Condon - Rasmussen,31802147130,3147130,630,644
31802147131-HER,HERBERT,318021471,Condon - Rasmussen,31802147131,3147131,61,63
31802147201-HER,HERBERT,318021472,Cranbrook,31802147201,3147201,312,315
31802147202-HER,HERBERT,318021472,Cranbrook,31802147202,3147202,295,299
31802147203-HER,HERBERT,318021472,Cranbrook,31802147203,3147203,290,287
31802147204-HER,HERBERT,318021472,Cranbrook,31802147204,3147204,226,222
31802147205-HER,HERBERT,318021472,Cranbrook,31802147205,3147205,206,210
31802147206-HER,HERBERT,318021472,Cranbrook,31802147206,3147206,208,222
31802147207-HER,HERBERT,318021472,Cranbrook,31802147207,3147207,335,323
31802147208-HER,HERBERT,318021472,Cranbrook,31802147208,3147208,241,245
31802147209-HER,HERBERT,318021472,Cranbrook,31802147209,3147209,290,290
31802147210-HER,HERBERT,318021472,Cranbrook,31802147210,3147210,282,286
31802147211-HER,HERBERT,318021472,Cranbrook,31802147211,3147211,178,178
31802147212-HER,HERBERT,318021472,Cranbrook,31802147212,3147212,183,186
31802147213-HER,HERBERT,318021472,Cranbrook,31802147213,3147213,306,313
31802147214-HER,HERBERT,318021472,Cranbrook,31802147214,3147214,449,452
31802147215-HER,HERBERT,318021472,Cranbrook,31802147215,3147215,261,273
31802147216-HER,HERBERT,318021472,Cranbrook,31802147216,3147216,310,321
31802147401-HER,HERBERT,318021474,Douglas,31802147401,3147401,146,163
31802147402-HER,HERBERT,318021474,Douglas,31802147402,3147402,334,362
31802147403-HER,HERBERT,318021474,Douglas,31802147403,3147403,281,312
31802147404-HER,HERBERT,318021474,Douglas,31802147404,3147404,186,200
31802147405-HER,HERBERT,318021474,Douglas,31802147405,3147405,292,317
31802147406-HER,HERBERT,318021474,Douglas,31802147406,3147406,433,485
31802147407-HER,HERBERT,318021474,Douglas,31802147407,3147407,195,209
31802147408-HER,HERBERT,318021474,Douglas,31802147408,3147408,497,553
31802147409-HER,HERBERT,318021474,Douglas,31802147409,3147409,617,670
31802147410-HER,HERBERT,318021474,Douglas,31802147410,3147410,269,305
31802147411-HER,HERBERT,318021474,Douglas,31802147411,3147411,267,292
31802147412-HER,HERBERT,318021474,Douglas,31802147412,3147412,536,584
31802147413-HER,HERBERT,318021474,Douglas,31802147413,3147413,0,0
31802147414-HER,HERBERT,318021474,Douglas,31802147414,3147414,371,412
31802147415-HER,HERBERT,318021474,Douglas,31802147415,3147415,77,77
31802147416-HER,HERBERT,318021474,Douglas,31802147416,3147416,220,260
31802147417-HER,HERBERT,318021474,Douglas,31802147417,3147417,137,150
31802147417-KEN,KENNEDY,318021474,Douglas,31802147417,3147417,0,0
31802147501-HER,HERBERT,318021475,Garbutt - West End,31802147501,3147501,584,591
31802147502-HER,HERBERT,318021475,Garbutt - West End,31802147502,3147502,237,240
31802147503-HER,HERBERT,318021475,Garbutt - West End,31802147503,3147503,375,390
31802147504-HER,HERBERT,318021475,Garbutt - West End,31802147504,3147504,277,286
31802147505-HER,HERBERT,318021475,Garbutt - West End,31802147505,3147505,365,362
31802147506-HER,HERBERT,318021475,Garbutt - West End,31802147506,3147506,334,334
31802147507-HER,HERBERT,318021475,Garbutt - West End,31802147507,3147507,234,231
31802147508-HER,HERBERT,318021475,Garbutt - West End,31802147508,3147508,205,201
31802147509-HER,HERBERT,318021475,Garbutt - West End,31802147509,3147509,192,198
31802147510-HER,HERBERT,318021475,Garbutt - West End,31802147510,3147510,57,59
31802147511-HER,HERBERT,318021475,Garbutt - West End,31802147511,3147511,278,275
31802147512-HER,HERBERT,318021475,Garbutt - West End,31802147512,3147512,340,351
31802147513-HER,HERBERT,318021475,Garbutt - West End,31802147513,3147513,373,361
31802147514-HER,HERBERT,318021475,Garbutt - West End,31802147514,3147514,28,28
31802147515-HER,HERBERT,318021475,Garbutt - West End,31802147515,3147515,387,377
31802147516-HER,HERBERT,318021475,Garbutt - West End,31802147516,3147516,440,439
31802147517-HER,HERBERT,318021475,Garbutt - West End,31802147517,3147517,373,366
31802147601-HER,HERBERT,318021476,Gulliver - Currajong - Vincent,31802147601,3147601,265,269
31802147602-HER,HERBERT,318021476,Gulliver - Currajong - Vincent,31802147602,3147602,289,319
31802147603-HER,HERBERT,318021476,Gulliver - Currajong - Vincent,31802147603,3147603,276,284
31802147604-HER,HERBERT,318021476,Gulliver - Currajong - Vincent,31802147604,3147604,444,435
31802147605-HER,HERBERT,318021476,Gulliver - Currajong - Vincent,31802147605,3147605,270,276
31802147606-HER,HERBERT,318021476,Gulliver - Currajong - Vincent,31802147606,3147606,222,227
31802147607-HER,HERBERT,318021476,Gulliver - Currajong - Vincent,31802147607,3147607,400,419
31802147608-HER,HERBERT,318021476,Gulliver - Currajong - Vincent,31802147608,3147608,236,229
31802147609-HER,HERBERT,318021476,Gulliver - Currajong - Vincent,31802147609,3147609,256,248
31802147610-HER,HERBERT,318021476,Gulliver - Currajong - Vincent,31802147610,3147610,235,232
31802147611-HER,HERBERT,318021476,Gulliver - Currajong - Vincent,31802147611,3147611,187,200
31802147612-HER,HERBERT,318021476,Gulliver - Currajong - Vincent,31802147612,3147612,340,356
31802147613-HER,HERBERT,318021476,Gulliver - Currajong - Vincent,31802147613,3147613,307,319
31802147614-HER,HERBERT,318021476,Gulliver - Currajong - Vincent,31802147614,3147614,286,277
31802147615-HER,HERBERT,318021476,Gulliver - Currajong - Vincent,31802147615,3147615,158,162
31802147616-HER,HERBERT,318021476,Gulliver - Currajong - Vincent,31802147616,3147616,254,250
31802147617-HER,HERBERT,318021476,Gulliver - Currajong - Vincent,31802147617,3147617,196,197
31802147618-HER,HERBERT,318021476,Gulliver - Currajong - Vincent,31802147618,3147618,342,346
31802147619-HER,HERBERT,318021476,Gulliver - Currajong - Vincent,31802147619,3147619,400,414
31802147620-HER,HERBERT,318021476,Gulliver - Currajong - Vincent,31802147620,3147620,244,241
31802147621-HER,HERBERT,318021476,Gulliver - Currajong - Vincent,31802147621,3147621,270,270
31802147701-HER,HERBERT,318021477,Heatley,31802147701,3147701,330,336
31802147702-HER,HERBERT,318021477,Heatley,31802147702,3147702,247,246
31802147703-HER,HERBERT,318021477,Heatley,31802147703,3147703,377,368
31802147704-HER,HERBERT,318021477,Heatley,31802147704,3147704,259,273
31802147705-HER,HERBERT,318021477,Heatley,31802147705,3147705,295,302
31802147706-HER,HERBERT,318021477,Heatley,31802147706,3147706,336,353
31802147707-HER,HERBERT,318021477,Heatley,31802147707,3147707,248,254
31802147708-HER,HERBERT,318021477,Heatley,31802147708,3147708,295,307
31802147709-HER,HERBERT,318021477,Heatley,31802147709,3147709,255,254
31802147710-HER,HERBERT,318021477,Heatley,31802147710,3147710,214,207
31802147711-HER,HERBERT,318021477,Heatley,31802147711,3147711,202,207
31802147801-HER,HERBERT,318021478,Hermit Park - Rosslea,31802147801,3147801,245,252
31802147802-HER,HERBERT,318021478,Hermit Park - Rosslea,31802147802,3147802,200,210
31802147803-HER,HERBERT,318021478,Hermit Park - Rosslea,31802147803,3147803,222,235
31802147804-HER,HERBERT,318021478,Hermit Park - Rosslea,31802147804,3147804,339,351
31802147805-HER,HERBERT,318021478,Hermit Park - Rosslea,31802147805,3147805,347,342
31802147806-HER,HERBERT,318021478,Hermit Park - Rosslea,31802147806,3147806,170,186
31802147807-HER,HERBERT,318021478,Hermit Park - Rosslea,31802147807,3147807,366,361
31802147808-HER,HERBERT,318021478,Hermit Park - Rosslea,31802147808,3147808,314,347
31802147809-HER,HERBERT,318021478,Hermit Park - Rosslea,31802147809,3147809,242,254
31802147810-HER,HERBERT,318021478,Hermit Park - Rosslea,31802147810,3147810,241,252
31802147811-HER,HERBERT,318021478,Hermit Park - Rosslea,31802147811,3147811,292,314
31802147812-HER,HERBERT,318021478,Hermit Park - Rosslea,31802147812,3147812,469,493
31802147813-HER,HERBERT,318021478,Hermit Park - Rosslea,31802147813,3147813,345,368
31802147814-HER,HERBERT,318021478,Hermit Park - Rosslea,31802147814,3147814,307,331
31802147815-HER,HERBERT,318021478,Hermit Park - Rosslea,31802147815,3147815,323,339
31802147901-HER,HERBERT,318021479,Hyde Park - Pimlico,31802147901,3147901,280,284
31802147902-HER,HERBERT,318021479,Hyde Park - Pimlico,31802147902,3147902,206,214
31802147903-HER,HERBERT,318021479,Hyde Park - Pimlico,31802147903,3147903,356,367
31802147904-HER,HERBERT,318021479,Hyde Park - Pimlico,31802147904,3147904,268,266
31802147905-HER,HERBERT,318021479,Hyde Park - Pimlico,31802147905,3147905,419,421
31802147906-HER,HERBERT,318021479,Hyde Park - Pimlico,31802147906,3147906,351,356
31802147907-HER,HERBERT,318021479,Hyde Park - Pimlico,31802147907,3147907,272,277
31802147908-HER,HERBERT,318021479,Hyde Park - Pimlico,31802147908,3147908,211,210
31802147909-HER,HERBERT,318021479,Hyde Park - Pimlico,31802147909,3147909,414,426
31802147912-HER,HERBERT,318021479,Hyde Park - Pimlico,31802147912,3147912,257,254
31802147913-HER,HERBERT,318021479,Hyde Park - Pimlico,31802147913,3147913,0,0
31802147914-HER,HERBERT,318021479,Hyde Park - Pimlico,31802147914,3147914,351,354
31802147915-HER,HERBERT,318021479,Hyde Park - Pimlico,31802147915,3147915,227,230
31802148001-HER,HERBERT,318021480,Kelso,31802148001,3148001,270,293
31802148003-HER,HERBERT,318021480,Kelso,31802148003,3148003,837,875
31802148004-HER,HERBERT,318021480,Kelso,31802148004,3148004,425,459
31802148004-KEN,KENNEDY,318021480,Kelso,31802148004,3148004,0,0
31802148005-HER,HERBERT,318021480,Kelso,31802148005,3148005,189,192
31802148005-KEN,KENNEDY,318021480,Kelso,31802148005,3148005,0,0
31802148006-KEN,KENNEDY,318021480,Kelso,31802148006,3148006,62,67
31802148007-HER,HERBERT,318021480,Kelso,31802148007,3148007,160,161
31802148008-HER,HERBERT,318021480,Kelso,31802148008,3148008,228,235
31802148009-HER,HERBERT,318021480,Kelso,31802148009,3148009,272,280
31802148011-HER,HERBERT,318021480,Kelso,31802148011,3148011,467,473
31802148012-HER,HERBERT,318021480,Kelso,31802148012,3148012,390,398
31802148013-HER,HERBERT,318021480,Kelso,31802148013,3148013,351,369
31802148014-HER,HERBERT,318021480,Kelso,31802148014,3148014,493,537
31802148015-HER,HERBERT,318021480,Kelso,31802148015,3148015,308,311
31802148016-HER,HERBERT,318021480,Kelso,31802148016,3148016,317,333
31802148017-HER,HERBERT,318021480,Kelso,31802148017,3148017,369,361
31802148018-HER,HERBERT,318021480,Kelso,31802148018,3148018,348,358
31802148019-HER,HERBERT,318021480,Kelso,31802148019,3148019,230,241
31802148021-HER,HERBERT,318021480,Kelso,31802148021,3148021,263,265
31802148022-HER,HERBERT,318021480,Kelso,31802148022,3148022,430,439
31802148023-HER,HERBERT,318021480,Kelso,31802148023,3148023,241,249
31802148024-HER,HERBERT,318021480,Kelso,31802148024,3148024,155,155
31802148025-HER,HERBERT,318021480,Kelso,31802148025,3148025,235,239
31802148026-HER,HERBERT,318021480,Kelso,31802148026,3148026,256,276
31802148027-HER,HERBERT,318021480,Kelso,31802148027,3148027,179,196
31802148028-HER,HERBERT,318021480,Kelso,31802148028,3148028,257,274
31802148029-HER,HERBERT,318021480,Kelso,31802148029,3148029,249,244
31802148101-HER,HERBERT,318021481,Kirwan - East,31802148101,3148101,240,237
31802148102-HER,HERBERT,318021481,Kirwan - East,31802148102,3148102,307,298
31802148103-HER,HERBERT,318021481,Kirwan - East,31802148103,3148103,340,350
31802148104-HER,HERBERT,318021481,Kirwan - East,31802148104,3148104,314,314
31802148105-HER,HERBERT,318021481,Kirwan - East,31802148105,3148105,329,345
31802148106-HER,HERBERT,318021481,Kirwan - East,31802148106,3148106,251,252
31802148107-HER,HERBERT,318021481,Kirwan - East,31802148107,3148107,205,215
31802148108-HER,HERBERT,318021481,Kirwan - East,31802148108,3148108,303,308
31802148109-HER,HERBERT,318021481,Kirwan - East,31802148109,3148109,242,265
31802148110-HER,HERBERT,318021481,Kirwan - East,31802148110,3148110,198,207
31802148111-HER,HERBERT,318021481,Kirwan - East,31802148111,3148111,178,191
31802148112-HER,HERBERT,318021481,Kirwan - East,31802148112,3148112,290,282
31802148113-HER,HERBERT,318021481,Kirwan - East,31802148113,3148113,202,202
31802148114-HER,HERBERT,318021481,Kirwan - East,31802148114,3148114,236,245
31802148115-HER,HERBERT,318021481,Kirwan - East,31802148115,3148115,180,179
31802148116-HER,HERBERT,318021481,Kirwan - East,31802148116,3148116,170,167
31802148117-HER,HERBERT,318021481,Kirwan - East,31802148117,3148117,223,220
31802148118-HER,HERBERT,318021481,Kirwan - East,31802148118,3148118,276,294
31802148119-HER,HERBERT,318021481,Kirwan - East,31802148119,3148119,259,268
31802148120-HER,HERBERT,318021481,Kirwan - East,31802148120,3148120,186,187
31802148121-HER,HERBERT,318021481,Kirwan - East,31802148121,3148121,147,156
31802148122-HER,HERBERT,318021481,Kirwan - East,31802148122,3148122,202,207
31802148123-HER,HERBERT,318021481,Kirwan - East,31802148123,3148123,153,158
31802148124-HER,HERBERT,318021481,Kirwan - East,31802148124,3148124,385,404
31802148201-HER,HERBERT,318021482,Kirwan - West,31802148201,3148201,221,226
31802148202-HER,HERBERT,318021482,Kirwan - West,31802148202,3148202,208,214
31802148203-HER,HERBERT,318021482,Kirwan - West,31802148203,3148203,408,437
31802148204-HER,HERBERT,318021482,Kirwan - West,31802148204,3148204,175,178
31802148205-HER,HERBERT,318021482,Kirwan - West,31802148205,3148205,236,246
31802148206-HER,HERBERT,318021482,Kirwan - West,31802148206,3148206,260,253
31802148207-HER,HERBERT,318021482,Kirwan - West,31802148207,3148207,408,411
31802148208-HER,HERBERT,318021482,Kirwan - West,31802148208,3148208,352,361
31802148209-HER,HERBERT,318021482,Kirwan - West,31802148209,3148209,175,181
31802148211-HER,HERBERT,318021482,Kirwan - West,31802148211,3148211,257,277
31802148212-HER,HERBERT,318021482,Kirwan - West,31802148212,3148212,166,161
31802148213-HER,HERBERT,318021482,Kirwan - West,31802148213,3148213,159,165
31802148214-HER,HERBERT,318021482,Kirwan - West,31802148214,3148214,352,342
31802148215-HER,HERBERT,318021482,Kirwan - West,31802148215,3148215,229,231
31802148217-HER,HERBERT,318021482,Kirwan - West,31802148217,3148217,237,243
31802148218-HER,HERBERT,318021482,Kirwan - West,31802148218,3148218,214,213
31802148219-HER,HERBERT,318021482,Kirwan - West,31802148219,3148219,216,220
31802148220-HER,HERBERT,318021482,Kirwan - West,31802148220,3148220,188,201
31802148221-HER,HERBERT,318021482,Kirwan - West,31802148221,3148221,205,216
31802148222-HER,HERBERT,318021482,Kirwan - West,31802148222,3148222,276,284
31802148223-HER,HERBERT,318021482,Kirwan - West,31802148223,3148223,356,367
31802148224-HER,HERBERT,318021482,Kirwan - West,31802148224,3148224,188,201
31802148225-HER,HERBERT,318021482,Kirwan - West,31802148225,3148225,306,321
31802148226-HER,HERBERT,318021482,Kirwan - West,31802148226,3148226,286,289
31802148227-HER,HERBERT,318021482,Kirwan - West,31802148227,3148227,188,192
31802148228-HER,HERBERT,318021482,Kirwan - West,31802148228,3148228,219,217
31802148229-HER,HERBERT,318021482,Kirwan - West,31802148229,3148229,113,120
31802148230-HER,HERBERT,318021482,Kirwan - West,31802148230,3148230,122,127
31802148231-HER,HERBERT,318021482,Kirwan - West,31802148231,3148231,217,239
31802148232-HER,HERBERT,318021482,Kirwan - West,31802148232,3148232,452,447
31802148233-HER,HERBERT,318021482,Kirwan - West,31802148233,3148233,261,277
31802148234-HER,HERBERT,318021482,Kirwan - West,31802148234,3148234,139,138
31802148235-HER,HERBERT,318021482,Kirwan - West,31802148235,3148235,270,282
31802148236-HER,HERBERT,318021482,Kirwan - West,31802148236,3148236,283,299
31802148237-HER,HERBERT,318021482,Kirwan - West,31802148237,3148237,206,208
31802148238-HER,HERBERT,318021482,Kirwan - West,31802148238,3148238,229,226
31802148239-HER,HERBERT,318021482,Kirwan - West,31802148239,3148239,290,306
31802148240-HER,HERBERT,318021482,Kirwan - West,31802148240,3148240,199,207
31802148241-HER,HERBERT,318021482,Kirwan - West,31802148241,3148241,311,314
31802148242-HER,HERBERT,318021482,Kirwan - West,31802148242,3148242,359,363
31802148243-HER,HERBERT,318021482,Kirwan - West,31802148243,3148243,318,328
31802148244-HER,HERBERT,318021482,Kirwan - West,31802148244,3148244,245,249
31802148245-HER,HERBERT,318021482,Kirwan - West,31802148245,3148245,170,178
31802148246-HER,HERBERT,318021482,Kirwan - West,31802148246,3148246,0,0
31802148247-HER,HERBERT,318021482,Kirwan - West,31802148247,3148247,259,252
31802148248-HER,HERBERT,318021482,Kirwan - West,31802148248,3148248,214,211
31802148301-HER,HERBERT,318021483,Magnetic Island,31802148301,3148301,350,361
31802148302-HER,HERBERT,318021483,Magnetic Island,31802148302,3148302,329,329
31802148304-HER,HERBERT,318021483,Magnetic Island,31802148304,3148304,311,313
31802148305-HER,HERBERT,318021483,Magnetic Island,31802148305,3148305,45,47
31802148306-HER,HERBERT,318021483,Magnetic Island,31802148306,3148306,436,450
31802148308-HER,HERBERT,318021483,Magnetic Island,31802148308,3148308,247,241
31802148309-HER,HERBERT,318021483,Magnetic Island,31802148309,3148309,0,0
31802148310-HER,HERBERT,318021483,Magnetic Island,31802148310,3148310,222,231
31802148311-HER,HERBERT,318021483,Magnetic Island,31802148311,3148311,169,171
31802148312-HER,HERBERT,318021483,Magnetic Island,31802148312,3148312,137,141
31802148401-HER,HERBERT,318021484,Mount Louisa,31802148401,3148401,481,510
31802148402-HER,HERBERT,318021484,Mount Louisa,31802148402,3148402,612,628
31802148403-HER,HERBERT,318021484,Mount Louisa,31802148403,3148403,346,379
31802148404-HER,HERBERT,318021484,Mount Louisa,31802148404,3148404,255,271
31802148405-HER,HERBERT,318021484,Mount Louisa,31802148405,3148405,224,235
31802148407-HER,HERBERT,318021484,Mount Louisa,31802148407,3148407,0,0
31802148408-HER,HERBERT,318021484,Mount Louisa,31802148408,3148408,322,357
31802148410-HER,HERBERT,318021484,Mount Louisa,31802148410,3148410,461,525
31802148411-HER,HERBERT,318021484,Mount Louisa,31802148411,3148411,339,356
31802148412-HER,HERBERT,318021484,Mount Louisa,31802148412,3148412,211,208
31802148413-HER,HERBERT,318021484,Mount Louisa,31802148413,3148413,361,379
31802148415-HER,HERBERT,318021484,Mount Louisa,31802148415,3148415,221,239
31802148416-HER,HERBERT,318021484,Mount Louisa,31802148416,3148416,743,789
31802148418-HER,HERBERT,318021484,Mount Louisa,31802148418,3148418,286,301
31802148419-HER,HERBERT,318021484,Mount Louisa,31802148419,3148419,222,219
31802148420-HER,HERBERT,318021484,Mount Louisa,31802148420,3148420,222,219
31802148421-HER,HERBERT,318021484,Mount Louisa,31802148421,3148421,0,0
31802148422-HER,HERBERT,318021484,Mount Louisa,31802148422,3148422,331,346
31802148423-HER,HERBERT,318021484,Mount Louisa,31802148423,3148423,824,856
31802148424-HER,HERBERT,318021484,Mount Louisa,31802148424,3148424,489,519
31802148425-HER,HERBERT,318021484,Mount Louisa,31802148425,3148425,537,570
31802148501-HER,HERBERT,318021485,Mundingburra,31802148501,3148501,190,193
31802148502-HER,HERBERT,318021485,Mundingburra,31802148502,3148502,239,246
31802148503-HER,HERBERT,318021485,Mundingburra,31802148503,3148503,266,286
31802148504-HER,HERBERT,318021485,Mundingburra,31802148504,3148504,343,354
31802148505-HER,HERBERT,318021485,Mundingburra,31802148505,3148505,312,312
31802148506-HER,HERBERT,318021485,Mundingburra,31802148506,3148506,184,189
31802148507-HER,HERBERT,318021485,Mundingburra,31802148507,3148507,290,309
31802148508-HER,HERBERT,318021485,Mundingburra,31802148508,3148508,244,265
31802148509-HER,HERBERT,318021485,Mundingburra,31802148509,3148509,186,195
31802148510-DAW,DAWSON,318021485,Mundingburra,31802148510,3148510,0,0
31802148510-HER,HERBERT,318021485,Mundingburra,31802148510,3148510,363,366
31802148601-HER,HERBERT,318021486,Northern Beaches,31802148601,3148601,0,0
31802148601-KEN,KENNEDY,318021486,Northern Beaches,31802148601,3148601,573,596
31802148602-HER,HERBERT,318021486,Northern Beaches,31802148602,3148602,310,303
31802148604-HER,HERBERT,318021486,Northern Beaches,31802148604,3148604,346,380
31802148605-HER,HERBERT,318021486,Northern Beaches,31802148605,3148605,208,215
31802148606-KEN,KENNEDY,318021486,Northern Beaches,31802148606,3148606,363,373
31802148607-KEN,KENNEDY,318021486,Northern Beaches,31802148607,3148607,210,218
31802148608-HER,HERBERT,318021486,Northern Beaches,31802148608,3148608,598,599
31802148610-HER,HERBERT,318021486,Northern Beaches,31802148610,3148610,174,183
31802148611-HER,HERBERT,318021486,Northern Beaches,31802148611,3148611,323,334
31802148613-HER,HERBERT,318021486,Northern Beaches,31802148613,3148613,114,118
31802148615-HER,HERBERT,318021486,Northern Beaches,31802148615,3148615,403,408
31802148616-HER,HERBERT,318021486,Northern Beaches,31802148616,3148616,92,99
31802148617-HER,HERBERT,318021486,Northern Beaches,31802148617,3148617,201,205
31802148618-KEN,KENNEDY,318021486,Northern Beaches,31802148618,3148618,137,137
31802148619-HER,HERBERT,318021486,Northern Beaches,31802148619,3148619,310,333
31802148620-HER,HERBERT,318021486,Northern Beaches,31802148620,3148620,186,191
31802148621-HER,HERBERT,318021486,Northern Beaches,31802148621,3148621,43,43
31802148622-HER,HERBERT,318021486,Northern Beaches,31802148622,3148622,186,188
31802148622-KEN,KENNEDY,318021486,Northern Beaches,31802148622,3148622,14,14
31802148623-HER,HERBERT,318021486,Northern Beaches,31802148623,3148623,423,458
31802148624-HER,HERBERT,318021486,Northern Beaches,31802148624,3148624,291,299
31802148702-DAW,DAWSON,318021487,Oonoonba,31802148702,3148702,212,220
31802148703-DAW,DAWSON,318021487,Oonoonba,31802148703,3148703,228,255
31802148704-DAW,DAWSON,318021487,Oonoonba,31802148704,3148704,184,206
31802148705-DAW,DAWSON,318021487,Oonoonba,31802148705,3148705,358,389
31802148706-DAW,DAWSON,318021487,Oonoonba,31802148706,3148706,304,351
31802148707-DAW,DAWSON,318021487,Oonoonba,31802148707,3148707,279,305
31802148710-DAW,DAWSON,318021487,Oonoonba,31802148710,3148710,500,500
31802148712-DAW,DAWSON,318021487,Oonoonba,31802148712,3148712,270,299
31802148713-DAW,DAWSON,318021487,Oonoonba,31802148713,3148713,341,355
31802148714-DAW,DAWSON,318021487,Oonoonba,31802148714,3148714,182,199
31802148715-DAW,DAWSON,318021487,Oonoonba,31802148715,3148715,242,277
31802148717-DAW,DAWSON,318021487,Oonoonba,31802148717,3148717,0,0
31802148718-DAW,DAWSON,318021487,Oonoonba,31802148718,3148718,0,0
31802148719-DAW,DAWSON,318021487,Oonoonba,31802148719,3148719,300,326
31802148720-DAW,DAWSON,318021487,Oonoonba,31802148720,3148720,234,234
31802148721-DAW,DAWSON,318021487,Oonoonba,31802148721,3148721,234,234
31802148722-DAW,DAWSON,318021487,Oonoonba,31802148722,3148722,149,166
31802148723-DAW,DAWSON,318021487,Oonoonba,31802148723,3148723,142,147
31802148724-DAW,DAWSON,318021487,Oonoonba,31802148724,3148724,251,275
31802148725-DAW,DAWSON,318021487,Oonoonba,31802148725,3148725,319,319
31802148726-DAW,DAWSON,318021487,Oonoonba,31802148726,3148726,200,219
31802148801-HER,HERBERT,318021488,South Townsville - Railway Estate,31802148801,3148801,433,450
31802148802-HER,HERBERT,318021488,South Townsville - Railway Estate,31802148802,3148802,266,268
31802148803-HER,HERBERT,318021488,South Townsville - Railway Estate,31802148803,3148803,334,343
31802148804-HER,HERBERT,318021488,South Townsville - Railway Estate,31802148804,3148804,2,2
31802148805-HER,HERBERT,318021488,South Townsville - Railway Estate,31802148805,3148805,1,1
31802148806-HER,HERBERT,318021488,South Townsville - Railway Estate,31802148806,3148806,0,0
31802148807-HER,HERBERT,318021488,South Townsville - Railway Estate,31802148807,3148807,349,365
31802148808-HER,HERBERT,318021488,South Townsville - Railway Estate,31802148808,3148808,291,315
31802148809-HER,HERBERT,318021488,South Townsville - Railway Estate,31802148809,3148809,263,269
31802148810-HER,HERBERT,318021488,South Townsville - Railway Estate,31802148810,3148810,312,322
31802148811-HER,HERBERT,318021488,South Townsville - Railway Estate,31802148811,3148811,364,380
31802148812-HER,HERBERT,318021488,South Townsville - Railway Estate,31802148812,3148812,168,165
31802148813-HER,HERBERT,318021488,South Townsville - Railway Estate,31802148813,3148813,288,307
31802148814-HER,HERBERT,318021488,South Townsville - Railway Estate,31802148814,3148814,243,256
31802148815-HER,HERBERT,318021488,South Townsville - Railway Estate,31802148815,3148815,270,282
31802148816-HER,HERBERT,318021488,South Townsville - Railway Estate,31802148816,3148816,444,462
31802148901-KEN,KENNEDY,318021489,Townsville - South,31802148901,3148901,395,405
31802148902-KEN,KENNEDY,318021489,Townsville - South,31802148902,3148902,390,397
31802148903-DAW,DAWSON,318021489,Townsville - South,31802148903,3148903,61,61
31802148903-KEN,KENNEDY,318021489,Townsville - South,31802148903,3148903,253,255
31802148904-DAW,DAWSON,318021489,Townsville - South,31802148904,3148904,0,0
31802148904-KEN,KENNEDY,318021489,Townsville - South,31802148904,3148904,0,0
31802148905-DAW,DAWSON,318021489,Townsville - South,31802148905,3148905,372,392
31802148906-DAW,DAWSON,318021489,Townsville - South,31802148906,3148906,305,302
31802148907-DAW,DAWSON,318021489,Townsville - South,31802148907,3148907,192,205
31802148908-DAW,DAWSON,318021489,Townsville - South,31802148908,3148908,250,261
31802148909-DAW,DAWSON,318021489,Townsville - South,31802148909,3148909,185,200
31802148909-KEN,KENNEDY,318021489,Townsville - South,31802148909,3148909,451,487
31802148911-DAW,DAWSON,318021489,Townsville - South,31802148911,3148911,299,289
31802148912-DAW,DAWSON,318021489,Townsville - South,31802148912,3148912,128,138
31802148913-DAW,DAWSON,318021489,Townsville - South,31802148913,3148913,483,497
31802148913-KEN,KENNEDY,318021489,Townsville - South,31802148913,3148913,9,9
31802148914-KEN,KENNEDY,318021489,Townsville - South,31802148914,3148914,0,0
31802148915-DAW,DAWSON,318021489,Townsville - South,31802148915,3148915,349,387
31802148915-KEN,KENNEDY,318021489,Townsville - South,31802148915,3148915,477,510
31802149001-HER,HERBERT,318021490,Townsville City - North Ward,31802149001,3149001,497,507
31802149002-HER,HERBERT,318021490,Townsville City - North Ward,31802149002,3149002,373,396
31802149003-HER,HERBERT,318021490,Townsville City - North Ward,31802149003,3149003,312,337
31802149004-HER,HERBERT,318021490,Townsville City - North Ward,31802149004,3149004,424,426
31802149005-HER,HERBERT,318021490,Townsville City - North Ward,31802149005,3149005,411,413
31802149006-HER,HERBERT,318021490,Townsville City - North Ward,31802149006,3149006,502,511
31802149007-HER,HERBERT,318021490,Townsville City - North Ward,31802149007,3149007,288,283
31802149008-HER,HERBERT,318021490,Townsville City - North Ward,31802149008,3149008,256,273
31802149009-HER,HERBERT,318021490,Townsville City - North Ward,31802149009,3149009,339,344
31802149010-HER,HERBERT,318021490,Townsville City - North Ward,31802149010,3149010,270,277
31802149012-HER,HERBERT,318021490,Townsville City - North Ward,31802149012,3149012,233,233
31802149013-HER,HERBERT,318021490,Townsville City - North Ward,31802149013,3149013,228,244
31802149014-HER,HERBERT,318021490,Townsville City - North Ward,31802149014,3149014,274,275
31802149015-HER,HERBERT,318021490,Townsville City - North Ward,31802149015,3149015,0,0
31802149016-HER,HERBERT,318021490,Townsville City - North Ward,31802149016,3149016,320,334
31802149017-HER,HERBERT,318021490,Townsville City - North Ward,31802149017,3149017,335,329
31802149018-HER,HERBERT,318021490,Townsville City - North Ward,31802149018,3149018,352,340
31802149019-HER,HERBERT,318021490,Townsville City - North Ward,31802149019,3149019,298,294
31802149020-HER,HERBERT,318021490,Townsville City - North Ward,31802149020,3149020,318,317
31802149021-HER,HERBERT,318021490,Townsville City - North Ward,31802149021,3149021,254,265
31802149022-HER,HERBERT,318021490,Townsville City - North Ward,31802149022,3149022,189,185
31802149101-DAW,DAWSON,318021491,Wulguru - Roseneath,31802149101,3149101,54,54
31802149102-DAW,DAWSON,318021491,Wulguru - Roseneath,31802149102,3149102,264,279
31802149103-DAW,DAWSON,318021491,Wulguru - Roseneath,31802149103,3149103,271,263
31802149104-DAW,DAWSON,318021491,Wulguru - Roseneath,31802149104,3149104,221,232
31802149105-DAW,DAWSON,318021491,Wulguru - Roseneath,31802149105,3149105,182,180
31802149106-DAW,DAWSON,318021491,Wulguru - Roseneath,31802149106,3149106,217,228
31802149107-DAW,DAWSON,318021491,Wulguru - Roseneath,31802149107,3149107,297,294
31802149108-DAW,DAWSON,318021491,Wulguru - Roseneath,31802149108,3149108,314,310
31802149109-DAW,DAWSON,318021491,Wulguru - Roseneath,31802149109,3149109,407,407
31802149110-DAW,DAWSON,318021491,Wulguru - Roseneath,31802149110,3149110,338,335
31802149111-DAW,DAWSON,318021491,Wulguru - Roseneath,31802149111,3149111,295,289
31802149112-DAW,DAWSON,318021491,Wulguru - Roseneath,31802149112,3149112,258,248
31802149113-DAW,DAWSON,318021491,Wulguru - Roseneath,31802149113,3149113,3,3
31802149113-KEN,KENNEDY,318021491,Wulguru - Roseneath,31802149113,3149113,196,188
31802149114-DAW,DAWSON,318021491,Wulguru - Roseneath,31802149114,3149114,99,102
31802149114-KEN,KENNEDY,318021491,Wulguru - Roseneath,31802149114,3149114,27,28
31802149115-DAW,DAWSON,318021491,Wulguru - Roseneath,31802149115,3149115,116,119
31802149116-DAW,DAWSON,318021491,Wulguru - Roseneath,31802149116,3149116,1,1
31802149117-DAW,DAWSON,318021491,Wulguru - Roseneath,31802149117,3149117,163,168
31802149118-DAW,DAWSON,318021491,Wulguru - Roseneath,31802149118,3149118,201,208
31802149119-DAW,DAWSON,318021491,Wulguru - Roseneath,31802149119,3149119,0,0
31901149201-HIN,HINKLER,319011492,Ashfield - Kepnock,31901149201,3149201,378,378
31901149202-HIN,HINKLER,319011492,Ashfield - Kepnock,31901149202,3149202,343,349
31901149203-HIN,HINKLER,319011492,Ashfield - Kepnock,31901149203,3149203,234,247
31901149204-HIN,HINKLER,319011492,Ashfield - Kepnock,31901149204,3149204,300,332
31901149205-HIN,HINKLER,319011492,Ashfield - Kepnock,31901149205,3149205,380,381
31901149206-HIN,HINKLER,319011492,Ashfield - Kepnock,31901149206,3149206,259,268
31901149207-HIN,HINKLER,319011492,Ashfield - Kepnock,31901149207,3149207,367,388
31901149208-HIN,HINKLER,319011492,Ashfield - Kepnock,31901149208,3149208,350,343
31901149209-HIN,HINKLER,319011492,Ashfield - Kepnock,31901149209,3149209,238,233
31901149210-HIN,HINKLER,319011492,Ashfield - Kepnock,31901149210,3149210,265,268
31901149211-HIN,HINKLER,319011492,Ashfield - Kepnock,31901149211,3149211,174,188
31901149212-HIN,HINKLER,319011492,Ashfield - Kepnock,31901149212,3149212,830,896
31901149301-HIN,HINKLER,319011493,Bargara - Burnett Heads,31901149301,3149301,511,502
31901149302-HIN,HINKLER,319011493,Bargara - Burnett Heads,31901149302,3149302,1881,1982
31901149303-HIN,HINKLER,319011493,Bargara - Burnett Heads,31901149303,3149303,204,215
31901149304-HIN,HINKLER,319011493,Bargara - Burnett Heads,31901149304,3149304,192,197
31901149305-HIN,HINKLER,319011493,Bargara - Burnett Heads,31901149305,3149305,392,395
31901149306-HIN,HINKLER,319011493,Bargara - Burnett Heads,31901149306,3149306,581,587
31901149307-HIN,HINKLER,319011493,Bargara - Burnett Heads,31901149307,3149307,769,895
31901149308-HIN,HINKLER,319011493,Bargara - Burnett Heads,31901149308,3149308,551,563
31901149309-HIN,HINKLER,319011493,Bargara - Burnett Heads,31901149309,3149309,708,711
31901149310-HIN,HINKLER,319011493,Bargara - Burnett Heads,31901149310,3149310,516,543
31901149311-HIN,HINKLER,319011493,Bargara - Burnett Heads,31901149311,3149311,270,291
31901149312-HIN,HINKLER,319011493,Bargara - Burnett Heads,31901149312,3149312,289,306
31901149313-HIN,HINKLER,319011493,Bargara - Burnett Heads,31901149313,3149313,224,234
31901149314-HIN,HINKLER,319011493,Bargara - Burnett Heads,31901149314,3149314,533,573
31901149315-HIN,HINKLER,319011493,Bargara - Burnett Heads,31901149315,3149315,410,403
31901149316-HIN,HINKLER,319011493,Bargara - Burnett Heads,31901149316,3149316,469,479
31901149317-HIN,HINKLER,319011493,Bargara - Burnett Heads,31901149317,3149317,289,313
31901149318-HIN,HINKLER,319011493,Bargara - Burnett Heads,31901149318,3149318,401,423
31901149319-HIN,HINKLER,319011493,Bargara - Burnett Heads,31901149319,3149319,371,411
31901149320-HIN,HINKLER,319011493,Bargara - Burnett Heads,31901149320,3149320,884,993
31901149321-HIN,HINKLER,319011493,Bargara - Burnett Heads,31901149321,3149321,332,344
31901149323-HIN,HINKLER,319011493,Bargara - Burnett Heads,31901149323,3149323,301,296
31901149324-HIN,HINKLER,319011493,Bargara - Burnett Heads,31901149324,3149324,596,611
31901149325-HIN,HINKLER,319011493,Bargara - Burnett Heads,31901149325,3149325,628,617
31901149326-HIN,HINKLER,319011493,Bargara - Burnett Heads,31901149326,3149326,423,429
31901149327-HIN,HINKLER,319011493,Bargara - Burnett Heads,31901149327,3149327,340,353
31901149328-HIN,HINKLER,319011493,Bargara - Burnett Heads,31901149328,3149328,540,607
31901149329-HIN,HINKLER,319011493,Bargara - Burnett Heads,31901149329,3149329,220,224
31901149330-HIN,HINKLER,319011493,Bargara - Burnett Heads,31901149330,3149330,340,334
31901149331-HIN,HINKLER,319011493,Bargara - Burnett Heads,31901149331,3149331,428,439
31901149332-HIN,HINKLER,319011493,Bargara - Burnett Heads,31901149332,3149332,239,247
31901149333-HIN,HINKLER,319011493,Bargara - Burnett Heads,31901149333,3149333,501,531
31901149334-HIN,HINKLER,319011493,Bargara - Burnett Heads,31901149334,3149334,490,481
31901149335-HIN,HINKLER,319011493,Bargara - Burnett Heads,31901149335,3149335,732,765
31901149336-HIN,HINKLER,319011493,Bargara - Burnett Heads,31901149336,3149336,350,353
31901149401-HIN,HINKLER,319011494,Branyan - Kensington,31901149401,3149401,1030,1116
31901149402-HIN,HINKLER,319011494,Branyan - Kensington,31901149402,3149402,400,408
31901149403-HIN,HINKLER,319011494,Branyan - Kensington,31901149403,3149403,319,338
31901149404-HIN,HINKLER,319011494,Branyan - Kensington,31901149404,3149404,383,397
31901149405-HIN,HINKLER,319011494,Branyan - Kensington,31901149405,3149405,259,267
31901149406-HIN,HINKLER,319011494,Branyan - Kensington,31901149406,3149406,347,372
31901149407-HIN,HINKLER,319011494,Branyan - Kensington,31901149407,3149407,934,1014
31901149408-HIN,HINKLER,319011494,Branyan - Kensington,31901149408,3149408,234,245
31901149409-HIN,HINKLER,319011494,Branyan - Kensington,31901149409,3149409,343,339
31901149501-HIN,HINKLER,319011495,Bundaberg,31901149501,3149501,309,322
31901149502-HIN,HINKLER,319011495,Bundaberg,31901149502,3149502,253,264
31901149503-HIN,HINKLER,319011495,Bundaberg,31901149503,3149503,191,192
31901149504-HIN,HINKLER,319011495,Bundaberg,31901149504,3149504,89,91
31901149505-HIN,HINKLER,319011495,Bundaberg,31901149505,3149505,148,151
31901149506-HIN,HINKLER,319011495,Bundaberg,31901149506,3149506,244,237
31901149507-HIN,HINKLER,319011495,Bundaberg,31901149507,3149507,198,193
31901149508-HIN,HINKLER,319011495,Bundaberg,31901149508,3149508,259,267
31901149509-HIN,HINKLER,319011495,Bundaberg,31901149509,3149509,365,400
31901149510-HIN,HINKLER,319011495,Bundaberg,31901149510,3149510,388,394
31901149511-HIN,HINKLER,319011495,Bundaberg,31901149511,3149511,220,218
31901149512-HIN,HINKLER,319011495,Bundaberg,31901149512,3149512,282,285
31901149513-HIN,HINKLER,319011495,Bundaberg,31901149513,3149513,308,329
31901149514-HIN,HINKLER,319011495,Bundaberg,31901149514,3149514,411,426
31901149515-HIN,HINKLER,319011495,Bundaberg,31901149515,3149515,290,301
31901149516-HIN,HINKLER,319011495,Bundaberg,31901149516,3149516,150,153
31901149517-HIN,HINKLER,319011495,Bundaberg,31901149517,3149517,208,220
31901149603-HIN,HINKLER,319011496,Bundaberg East - Kalkie,31901149603,3149603,294,306
31901149604-HIN,HINKLER,319011496,Bundaberg East - Kalkie,31901149604,3149604,315,317
31901149605-HIN,HINKLER,319011496,Bundaberg East - Kalkie,31901149605,3149605,184,187
31901149606-HIN,HINKLER,319011496,Bundaberg East - Kalkie,31901149606,3149606,616,634
31901149607-HIN,HINKLER,319011496,Bundaberg East - Kalkie,31901149607,3149607,241,267
31901149608-HIN,HINKLER,319011496,Bundaberg East - Kalkie,31901149608,3149608,372,392
31901149609-HIN,HINKLER,319011496,Bundaberg East - Kalkie,31901149609,3149609,363,369
31901149610-HIN,HINKLER,319011496,Bundaberg East - Kalkie,31901149610,3149610,189,196
31901149611-HIN,HINKLER,319011496,Bundaberg East - Kalkie,31901149611,3149611,355,375
31901149612-HIN,HINKLER,319011496,Bundaberg East - Kalkie,31901149612,3149612,470,471
31901149613-HIN,HINKLER,319011496,Bundaberg East - Kalkie,31901149613,3149613,163,171
31901149614-HIN,HINKLER,319011496,Bundaberg East - Kalkie,31901149614,3149614,183,201
31901149615-HIN,HINKLER,319011496,Bundaberg East - Kalkie,31901149615,3149615,502,524
31901149616-HIN,HINKLER,319011496,Bundaberg East - Kalkie,31901149616,3149616,144,141
31901149701-HIN,HINKLER,319011497,Bundaberg North - Gooburrum,31901149701,3149701,234,237
31901149702-HIN,HINKLER,319011497,Bundaberg North - Gooburrum,31901149702,3149702,192,201
31901149703-HIN,HINKLER,319011497,Bundaberg North - Gooburrum,31901149703,3149703,439,462
31901149704-HIN,HINKLER,319011497,Bundaberg North - Gooburrum,31901149704,3149704,268,277
31901149705-HIN,HINKLER,319011497,Bundaberg North - Gooburrum,31901149705,3149705,442,461
31901149706-HIN,HINKLER,319011497,Bundaberg North - Gooburrum,31901149706,3149706,231,244
31901149707-HIN,HINKLER,319011497,Bundaberg North - Gooburrum,31901149707,3149707,293,295
31901149708-HIN,HINKLER,319011497,Bundaberg North - Gooburrum,31901149708,3149708,175,190
31901149709-HIN,HINKLER,319011497,Bundaberg North - Gooburrum,31901149709,3149709,423,431
31901149710-HIN,HINKLER,319011497,Bundaberg North - Gooburrum,31901149710,3149710,190,204
31901149711-HIN,HINKLER,319011497,Bundaberg North - Gooburrum,31901149711,3149711,269,276
31901149712-HIN,HINKLER,319011497,Bundaberg North - Gooburrum,31901149712,3149712,240,263
31901149713-HIN,HINKLER,319011497,Bundaberg North - Gooburrum,31901149713,3149713,196,213
31901149714-FLY,FLYNN,319011497,Bundaberg North - Gooburrum,31901149714,3149714,382,385
31901149714-HIN,HINKLER,319011497,Bundaberg North - Gooburrum,31901149714,3149714,15,16
31901149715-FLY,FLYNN,319011497,Bundaberg North - Gooburrum,31901149715,3149715,296,316
31901149716-FLY,FLYNN,319011497,Bundaberg North - Gooburrum,31901149716,3149716,286,295
31901149717-FLY,FLYNN,319011497,Bundaberg North - Gooburrum,31901149717,3149717,300,323
31901149718-HIN,HINKLER,319011497,Bundaberg North - Gooburrum,31901149718,3149718,174,187
31901149719-FLY,FLYNN,319011497,Bundaberg North - Gooburrum,31901149719,3149719,200,207
31901149720-FLY,FLYNN,319011497,Bundaberg North - Gooburrum,31901149720,3149720,244,251
31901149721-HIN,HINKLER,319011497,Bundaberg North - Gooburrum,31901149721,3149721,317,330
31901149722-HIN,HINKLER,319011497,Bundaberg North - Gooburrum,31901149722,3149722,238,239
31901149801-FLY,FLYNN,319011498,Bundaberg Surrounds - North,31901149801,3149801,374,404
31901149803-FLY,FLYNN,319011498,Bundaberg Surrounds - North,31901149803,3149803,326,329
31901149804-FLY,FLYNN,319011498,Bundaberg Surrounds - North,31901149804,3149804,324,334
31901149805-FLY,FLYNN,319011498,Bundaberg Surrounds - North,31901149805,3149805,358,363
31901149806-FLY,FLYNN,319011498,Bundaberg Surrounds - North,31901149806,3149806,239,233
31901149807-FLY,FLYNN,319011498,Bundaberg Surrounds - North,31901149807,3149807,131,136
31901149808-FLY,FLYNN,319011498,Bundaberg Surrounds - North,31901149808,3149808,378,390
31901149809-FLY,FLYNN,319011498,Bundaberg Surrounds - North,31901149809,3149809,332,344
31901149810-FLY,FLYNN,319011498,Bundaberg Surrounds - North,31901149810,3149810,337,346
31901149811-FLY,FLYNN,319011498,Bundaberg Surrounds - North,31901149811,3149811,238,248
31901149812-FLY,FLYNN,319011498,Bundaberg Surrounds - North,31901149812,3149812,140,145
31901149813-FLY,FLYNN,319011498,Bundaberg Surrounds - North,31901149813,3149813,399,423
31901149814-FLY,FLYNN,319011498,Bundaberg Surrounds - North,31901149814,3149814,476,484
31901149815-FLY,FLYNN,319011498,Bundaberg Surrounds - North,31901149815,3149815,316,317
31901149816-FLY,FLYNN,319011498,Bundaberg Surrounds - North,31901149816,3149816,253,254
31901149817-FLY,FLYNN,319011498,Bundaberg Surrounds - North,31901149817,3149817,394,416
31901149818-FLY,FLYNN,319011498,Bundaberg Surrounds - North,31901149818,3149818,426,447
31901149819-FLY,FLYNN,319011498,Bundaberg Surrounds - North,31901149819,3149819,501,527
31901149820-FLY,FLYNN,319011498,Bundaberg Surrounds - North,31901149820,3149820,335,353
31901149821-FLY,FLYNN,319011498,Bundaberg Surrounds - North,31901149821,3149821,224,225
31901149822-FLY,FLYNN,319011498,Bundaberg Surrounds - North,31901149822,3149822,282,281
31901149823-FLY,FLYNN,319011498,Bundaberg Surrounds - North,31901149823,3149823,583,608
31901149824-FLY,FLYNN,319011498,Bundaberg Surrounds - North,31901149824,3149824,471,486
31901149901-HIN,HINKLER,319011499,Bundaberg Surrounds - South,31901149901,3149901,245,268
31901149902-HIN,HINKLER,319011499,Bundaberg Surrounds - South,31901149902,3149902,339,332
31901149903-HIN,HINKLER,319011499,Bundaberg Surrounds - South,31901149903,3149903,310,326
31901149904-HIN,HINKLER,319011499,Bundaberg Surrounds - South,31901149904,3149904,288,321
31901149905-HIN,HINKLER,319011499,Bundaberg Surrounds - South,31901149905,3149905,551,565
31901149906-HIN,HINKLER,319011499,Bundaberg Surrounds - South,31901149906,3149906,277,292
31901149907-HIN,HINKLER,319011499,Bundaberg Surrounds - South,31901149907,3149907,670,674
31901149908-HIN,HINKLER,319011499,Bundaberg Surrounds - South,31901149908,3149908,196,202
31901149909-HIN,HINKLER,319011499,Bundaberg Surrounds - South,31901149909,3149909,217,226
31901149910-HIN,HINKLER,319011499,Bundaberg Surrounds - South,31901149910,3149910,547,535
31901149911-HIN,HINKLER,319011499,Bundaberg Surrounds - South,31901149911,3149911,309,302
31901149912-HIN,HINKLER,319011499,Bundaberg Surrounds - South,31901149912,3149912,329,342
31901149913-HIN,HINKLER,319011499,Bundaberg Surrounds - South,31901149913,3149913,562,599
31901149914-HIN,HINKLER,319011499,Bundaberg Surrounds - South,31901149914,3149914,376,388
31901149915-HIN,HINKLER,319011499,Bundaberg Surrounds - South,31901149915,3149915,300,317
31901149916-HIN,HINKLER,319011499,Bundaberg Surrounds - South,31901149916,3149916,346,381
31901149917-HIN,HINKLER,319011499,Bundaberg Surrounds - South,31901149917,3149917,487,477
31901149918-HIN,HINKLER,319011499,Bundaberg Surrounds - South,31901149918,3149918,0,0
31901149919-HIN,HINKLER,319011499,Bundaberg Surrounds - South,31901149919,3149919,347,365
31901149920-HIN,HINKLER,319011499,Bundaberg Surrounds - South,31901149920,3149920,381,411
31901149921-HIN,HINKLER,319011499,Bundaberg Surrounds - South,31901149921,3149921,218,227
31901149922-HIN,HINKLER,319011499,Bundaberg Surrounds - South,31901149922,3149922,464,484
31901149923-HIN,HINKLER,319011499,Bundaberg Surrounds - South,31901149923,3149923,238,250
31901149924-HIN,HINKLER,319011499,Bundaberg Surrounds - South,31901149924,3149924,198,203
31901149925-HIN,HINKLER,319011499,Bundaberg Surrounds - South,31901149925,3149925,136,143
31901149926-HIN,HINKLER,319011499,Bundaberg Surrounds - South,31901149926,3149926,267,261
31901149927-HIN,HINKLER,319011499,Bundaberg Surrounds - South,31901149927,3149927,288,309
31901149928-HIN,HINKLER,319011499,Bundaberg Surrounds - South,31901149928,3149928,165,179
31901149929-HIN,HINKLER,319011499,Bundaberg Surrounds - South,31901149929,3149929,110,112
31901149930-HIN,HINKLER,319011499,Bundaberg Surrounds - South,31901149930,3149930,236,257
31901150001-HIN,HINKLER,319011500,Millbank - Avoca,31901150001,3150001,195,193
31901150002-HIN,HINKLER,319011500,Millbank - Avoca,31901150002,3150002,152,152
31901150003-HIN,HINKLER,319011500,Millbank - Avoca,31901150003,3150003,249,257
31901150004-HIN,HINKLER,319011500,Millbank - Avoca,31901150004,3150004,297,296
31901150005-HIN,HINKLER,319011500,Millbank - Avoca,31901150005,3150005,248,261
31901150006-HIN,HINKLER,319011500,Millbank - Avoca,31901150006,3150006,359,360
31901150007-HIN,HINKLER,319011500,Millbank - Avoca,31901150007,3150007,383,401
31901150008-HIN,HINKLER,319011500,Millbank - Avoca,31901150008,3150008,212,215
31901150009-HIN,HINKLER,319011500,Millbank - Avoca,31901150009,3150009,297,294
31901150010-HIN,HINKLER,319011500,Millbank - Avoca,31901150010,3150010,268,277
31901150011-HIN,HINKLER,319011500,Millbank - Avoca,31901150011,3150011,174,179
31901150012-HIN,HINKLER,319011500,Millbank - Avoca,31901150012,3150012,405,403
31901150013-HIN,HINKLER,319011500,Millbank - Avoca,31901150013,3150013,163,170
31901150014-HIN,HINKLER,319011500,Millbank - Avoca,31901150014,3150014,312,315
31901150015-HIN,HINKLER,319011500,Millbank - Avoca,31901150015,3150015,301,305
31901150016-HIN,HINKLER,319011500,Millbank - Avoca,31901150016,3150016,0,0
31901150017-HIN,HINKLER,319011500,Millbank - Avoca,31901150017,3150017,493,503
31901150018-HIN,HINKLER,319011500,Millbank - Avoca,31901150018,3150018,313,313
31901150019-HIN,HINKLER,319011500,Millbank - Avoca,31901150019,3150019,294,303
31901150020-HIN,HINKLER,319011500,Millbank - Avoca,31901150020,3150020,210,234
31901150021-HIN,HINKLER,319011500,Millbank - Avoca,31901150021,3150021,181,188
31901150022-HIN,HINKLER,319011500,Millbank - Avoca,31901150022,3150022,424,446
31901150101-HIN,HINKLER,319011501,Svensson Heights - Norville,31901150101,3150101,356,355
31901150102-HIN,HINKLER,319011501,Svensson Heights - Norville,31901150102,3150102,288,285
31901150103-HIN,HINKLER,319011501,Svensson Heights - Norville,31901150103,3150103,350,348
31901150104-HIN,HINKLER,319011501,Svensson Heights - Norville,31901150104,3150104,211,217
31901150105-HIN,HINKLER,319011501,Svensson Heights - Norville,31901150105,3150105,296,307
31901150106-HIN,HINKLER,319011501,Svensson Heights - Norville,31901150106,3150106,342,345
31901150107-HIN,HINKLER,319011501,Svensson Heights - Norville,31901150107,3150107,353,367
31901150108-HIN,HINKLER,319011501,Svensson Heights - Norville,31901150108,3150108,284,283
31901150109-HIN,HINKLER,319011501,Svensson Heights - Norville,31901150109,3150109,388,390
31901150110-HIN,HINKLER,319011501,Svensson Heights - Norville,31901150110,3150110,253,272
31901150111-HIN,HINKLER,319011501,Svensson Heights - Norville,31901150111,3150111,303,318
31901150112-HIN,HINKLER,319011501,Svensson Heights - Norville,31901150112,3150112,220,232
31901150113-HIN,HINKLER,319011501,Svensson Heights - Norville,31901150113,3150113,302,312
31901150114-HIN,HINKLER,319011501,Svensson Heights - Norville,31901150114,3150114,422,428
31901150115-HIN,HINKLER,319011501,Svensson Heights - Norville,31901150115,3150115,151,167
31901150201-HIN,HINKLER,319011502,Walkervale - Avenell Heights,31901150201,3150201,316,333
31901150202-HIN,HINKLER,319011502,Walkervale - Avenell Heights,31901150202,3150202,474,491
31901150203-HIN,HINKLER,319011502,Walkervale - Avenell Heights,31901150203,3150203,347,368
31901150204-HIN,HINKLER,319011502,Walkervale - Avenell Heights,31901150204,3150204,536,547
31901150205-HIN,HINKLER,319011502,Walkervale - Avenell Heights,31901150205,3150205,214,227
31901150206-HIN,HINKLER,319011502,Walkervale - Avenell Heights,31901150206,3150206,273,278
31901150207-HIN,HINKLER,319011502,Walkervale - Avenell Heights,31901150207,3150207,444,446
31901150208-HIN,HINKLER,319011502,Walkervale - Avenell Heights,31901150208,3150208,249,242
31901150209-HIN,HINKLER,319011502,Walkervale - Avenell Heights,31901150209,3150209,305,311
31901150210-HIN,HINKLER,319011502,Walkervale - Avenell Heights,31901150210,3150210,263,265
31901150211-HIN,HINKLER,319011502,Walkervale - Avenell Heights,31901150211,3150211,291,295
31901150212-HIN,HINKLER,319011502,Walkervale - Avenell Heights,31901150212,3150212,240,255
31901150213-HIN,HINKLER,319011502,Walkervale - Avenell Heights,31901150213,3150213,336,350
31901150214-HIN,HINKLER,319011502,Walkervale - Avenell Heights,31901150214,3150214,273,278
31901150215-HIN,HINKLER,319011502,Walkervale - Avenell Heights,31901150215,3150215,451,462
31901150216-HIN,HINKLER,319011502,Walkervale - Avenell Heights,31901150216,3150216,232,239
31901150217-HIN,HINKLER,319011502,Walkervale - Avenell Heights,31901150217,3150217,282,295
31901150218-HIN,HINKLER,319011502,Walkervale - Avenell Heights,31901150218,3150218,448,454
31901150219-HIN,HINKLER,319011502,Walkervale - Avenell Heights,31901150219,3150219,335,345
31901150220-HIN,HINKLER,319011502,Walkervale - Avenell Heights,31901150220,3150220,389,418
31901150221-HIN,HINKLER,319011502,Walkervale - Avenell Heights,31901150221,3150221,375,375
31901150222-HIN,HINKLER,319011502,Walkervale - Avenell Heights,31901150222,3150222,163,169
31901150223-HIN,HINKLER,319011502,Walkervale - Avenell Heights,31901150223,3150223,154,158
31901150224-HIN,HINKLER,319011502,Walkervale - Avenell Heights,31901150224,3150224,236,238
31901150225-HIN,HINKLER,319011502,Walkervale - Avenell Heights,31901150225,3150225,378,402
31901150226-HIN,HINKLER,319011502,Walkervale - Avenell Heights,31901150226,3150226,184,192
31901150227-HIN,HINKLER,319011502,Walkervale - Avenell Heights,31901150227,3150227,256,249
31902150301-FLY,FLYNN,319021503,Gayndah - Mundubbera,31902150301,3150301,213,210
31902150302-FLY,FLYNN,319021503,Gayndah - Mundubbera,31902150302,3150302,198,202
31902150303-FLY,FLYNN,319021503,Gayndah - Mundubbera,31902150303,3150303,239,232
31902150304-FLY,FLYNN,319021503,Gayndah - Mundubbera,31902150304,3150304,331,339
31902150305-FLY,FLYNN,319021503,Gayndah - Mundubbera,31902150305,3150305,124,127
31902150306-FLY,FLYNN,319021503,Gayndah - Mundubbera,31902150306,3150306,304,301
31902150307-FLY,FLYNN,319021503,Gayndah - Mundubbera,31902150307,3150307,193,191
31902150308-FLY,FLYNN,319021503,Gayndah - Mundubbera,31902150308,3150308,262,278
31902150309-FLY,FLYNN,319021503,Gayndah - Mundubbera,31902150309,3150309,235,238
31902150310-FLY,FLYNN,319021503,Gayndah - Mundubbera,31902150310,3150310,234,240
31902150311-FLY,FLYNN,319021503,Gayndah - Mundubbera,31902150311,3150311,304,324
31902150312-FLY,FLYNN,319021503,Gayndah - Mundubbera,31902150312,3150312,216,233
31902150313-FLY,FLYNN,319021503,Gayndah - Mundubbera,31902150313,3150313,188,196
31902150314-FLY,FLYNN,319021503,Gayndah - Mundubbera,31902150314,3150314,210,214
31902150315-FLY,FLYNN,319021503,Gayndah - Mundubbera,31902150315,3150315,365,382
31902150316-FLY,FLYNN,319021503,Gayndah - Mundubbera,31902150316,3150316,248,262
31902150317-FLY,FLYNN,319021503,Gayndah - Mundubbera,31902150317,3150317,333,339
31902150318-FLY,FLYNN,319021503,Gayndah - Mundubbera,31902150318,3150318,359,366
31902150319-FLY,FLYNN,319021503,Gayndah - Mundubbera,31902150319,3150319,181,189
31902150320-FLY,FLYNN,319021503,Gayndah - Mundubbera,31902150320,3150320,97,102
31902150401-FLY,FLYNN,319021504,Gin Gin,31902150401,3150401,282,285
31902150402-FLY,FLYNN,319021504,Gin Gin,31902150402,3150402,270,274
31902150403-FLY,FLYNN,319021504,Gin Gin,31902150403,3150403,432,473
31902150404-FLY,FLYNN,319021504,Gin Gin,31902150404,3150404,318,310
31902150405-FLY,FLYNN,319021504,Gin Gin,31902150405,3150405,235,249
31902150406-FLY,FLYNN,319021504,Gin Gin,31902150406,3150406,242,248
31902150407-FLY,FLYNN,319021504,Gin Gin,31902150407,3150407,264,271
31902150408-FLY,FLYNN,319021504,Gin Gin,31902150408,3150408,395,399
31902150409-FLY,FLYNN,319021504,Gin Gin,31902150409,3150409,284,288
31902150410-FLY,FLYNN,319021504,Gin Gin,31902150410,3150410,292,302
31902150411-FLY,FLYNN,319021504,Gin Gin,31902150411,3150411,178,188
31902150412-FLY,FLYNN,319021504,Gin Gin,31902150412,3150412,495,483
31902150413-FLY,FLYNN,319021504,Gin Gin,31902150413,3150413,583,598
31902150414-FLY,FLYNN,319021504,Gin Gin,31902150414,3150414,325,347
31902150501-MAR,MARANOA,319021505,Kingaroy,31902150501,3150501,333,335
31902150502-MAR,MARANOA,319021505,Kingaroy,31902150502,3150502,389,380
31902150503-MAR,MARANOA,319021505,Kingaroy,31902150503,3150503,212,212
31902150504-MAR,MARANOA,319021505,Kingaroy,31902150504,3150504,306,311
31902150505-MAR,MARANOA,319021505,Kingaroy,31902150505,3150505,141,149
31902150506-MAR,MARANOA,319021505,Kingaroy,31902150506,3150506,172,172
31902150507-MAR,MARANOA,319021505,Kingaroy,31902150507,3150507,278,280
31902150508-MAR,MARANOA,319021505,Kingaroy,31902150508,3150508,231,249
31902150509-MAR,MARANOA,319021505,Kingaroy,31902150509,3150509,199,194
31902150511-MAR,MARANOA,319021505,Kingaroy,31902150511,3150511,513,531
31902150512-MAR,MARANOA,319021505,Kingaroy,31902150512,3150512,377,386
31902150513-MAR,MARANOA,319021505,Kingaroy,31902150513,3150513,278,288
31902150514-MAR,MARANOA,319021505,Kingaroy,31902150514,3150514,224,225
31902150515-MAR,MARANOA,319021505,Kingaroy,31902150515,3150515,169,181
31902150516-MAR,MARANOA,319021505,Kingaroy,31902150516,3150516,336,340
31902150517-MAR,MARANOA,319021505,Kingaroy,31902150517,3150517,224,243
31902150518-MAR,MARANOA,319021505,Kingaroy,31902150518,3150518,184,187
31902150520-MAR,MARANOA,319021505,Kingaroy,31902150520,3150520,294,287
31902150521-MAR,MARANOA,319021505,Kingaroy,31902150521,3150521,285,304
31902150523-MAR,MARANOA,319021505,Kingaroy,31902150523,3150523,315,315
31902150524-MAR,MARANOA,319021505,Kingaroy,31902150524,3150524,289,303
31902150525-MAR,MARANOA,319021505,Kingaroy,31902150525,3150525,386,407
31902150526-MAR,MARANOA,319021505,Kingaroy,31902150526,3150526,319,331
31902150527-MAR,MARANOA,319021505,Kingaroy,31902150527,3150527,415,447
31902150528-MAR,MARANOA,319021505,Kingaroy,31902150528,3150528,64,68
31902150529-MAR,MARANOA,319021505,Kingaroy,31902150529,3150529,78,76
31902150530-MAR,MARANOA,319021505,Kingaroy,31902150530,3150530,345,379
31902150531-MAR,MARANOA,319021505,Kingaroy,31902150531,3150531,109,114
31902150532-MAR,MARANOA,319021505,Kingaroy,31902150532,3150532,405,427
31902150601-WID,WIDE BAY,319021506,Kingaroy Surrounds - North,31902150601,3150601,261,257
31902150602-FLY,FLYNN,319021506,Kingaroy Surrounds - North,31902150602,3150602,210,223
31902150603-FLY,FLYNN,319021506,Kingaroy Surrounds - North,31902150603,3150603,325,334
31902150603-WID,WIDE BAY,319021506,Kingaroy Surrounds - North,31902150603,3150603,0,0
31902150604-FLY,FLYNN,319021506,Kingaroy Surrounds - North,31902150604,3150604,366,378
31902150605-WID,WIDE BAY,319021506,Kingaroy Surrounds - North,31902150605,3150605,305,318
31902150606-WID,WIDE BAY,319021506,Kingaroy Surrounds - North,31902150606,3150606,317,337
31902150607-FLY,FLYNN,319021506,Kingaroy Surrounds - North,31902150607,3150607,206,203
31902150608-FLY,FLYNN,319021506,Kingaroy Surrounds - North,31902150608,3150608,68,70
31902150608-WID,WIDE BAY,319021506,Kingaroy Surrounds - North,31902150608,3150608,79,82
31902150609-WID,WIDE BAY,319021506,Kingaroy Surrounds - North,31902150609,3150609,225,234
31902150610-WID,WIDE BAY,319021506,Kingaroy Surrounds - North,31902150610,3150610,267,291
31902150611-FLY,FLYNN,319021506,Kingaroy Surrounds - North,31902150611,3150611,186,197
31902150611-WID,WIDE BAY,319021506,Kingaroy Surrounds - North,31902150611,3150611,65,69
31902150612-FLY,FLYNN,319021506,Kingaroy Surrounds - North,31902150612,3150612,378,388
31902150613-WID,WIDE BAY,319021506,Kingaroy Surrounds - North,31902150613,3150613,763,786
31902150614-FLY,FLYNN,319021506,Kingaroy Surrounds - North,31902150614,3150614,510,494
31902150615-FLY,FLYNN,319021506,Kingaroy Surrounds - North,31902150615,3150615,216,222
31902150616-FLY,FLYNN,319021506,Kingaroy Surrounds - North,31902150616,3150616,346,368
31902150617-FLY,FLYNN,319021506,Kingaroy Surrounds - North,31902150617,3150617,304,322
31902150617-MAR,MARANOA,319021506,Kingaroy Surrounds - North,31902150617,3150617,5,5
31902150618-FLY,FLYNN,319021506,Kingaroy Surrounds - North,31902150618,3150618,237,243
31902150619-FLY,FLYNN,319021506,Kingaroy Surrounds - North,31902150619,3150619,226,234
31902150620-FLY,FLYNN,319021506,Kingaroy Surrounds - North,31902150620,3150620,290,295
31902150621-FLY,FLYNN,319021506,Kingaroy Surrounds - North,31902150621,3150621,287,302
31902150622-WID,WIDE BAY,319021506,Kingaroy Surrounds - North,31902150622,3150622,252,244
31902150623-WID,WIDE BAY,319021506,Kingaroy Surrounds - North,31902150623,3150623,217,217
31902150624-WID,WIDE BAY,319021506,Kingaroy Surrounds - North,31902150624,3150624,384,372
31902150625-WID,WIDE BAY,319021506,Kingaroy Surrounds - North,31902150625,3150625,381,369
31902150701-MAR,MARANOA,319021507,Kingaroy Surrounds - South,31902150701,3150701,152,163
31902150702-MAR,MARANOA,319021507,Kingaroy Surrounds - South,31902150702,3150702,260,253
31902150703-MAR,MARANOA,319021507,Kingaroy Surrounds - South,31902150703,3150703,327,339
31902150704-MAR,MARANOA,319021507,Kingaroy Surrounds - South,31902150704,3150704,284,299
31902150705-MAR,MARANOA,319021507,Kingaroy Surrounds - South,31902150705,3150705,232,234
31902150706-MAR,MARANOA,319021507,Kingaroy Surrounds - South,31902150706,3150706,116,119
31902150707-MAR,MARANOA,319021507,Kingaroy Surrounds - South,31902150707,3150707,224,236
31902150708-MAR,MARANOA,319021507,Kingaroy Surrounds - South,31902150708,3150708,227,235
31902150709-MAR,MARANOA,319021507,Kingaroy Surrounds - South,31902150709,3150709,277,281
31902150710-MAR,MARANOA,319021507,Kingaroy Surrounds - South,31902150710,3150710,151,152
31902150711-MAR,MARANOA,319021507,Kingaroy Surrounds - South,31902150711,3150711,158,165
31902150712-MAR,MARANOA,319021507,Kingaroy Surrounds - South,31902150712,3150712,316,335
31902150713-MAR,MARANOA,319021507,Kingaroy Surrounds - South,31902150713,3150713,238,250
31902150714-MAR,MARANOA,319021507,Kingaroy Surrounds - South,31902150714,3150714,416,414
31902150801-FLY,FLYNN,319021508,Monto - Eidsvold,31902150801,3150801,200,193
31902150802-FLY,FLYNN,319021508,Monto - Eidsvold,31902150802,3150802,161,168
31902150803-FLY,FLYNN,319021508,Monto - Eidsvold,31902150803,3150803,252,250
31902150804-FLY,FLYNN,319021508,Monto - Eidsvold,31902150804,3150804,297,304
31902150805-FLY,FLYNN,319021508,Monto - Eidsvold,31902150805,3150805,165,165
31902150806-FLY,FLYNN,319021508,Monto - Eidsvold,31902150806,3150806,169,167
31902150807-FLY,FLYNN,319021508,Monto - Eidsvold,31902150807,3150807,0,0
31902150808-FLY,FLYNN,319021508,Monto - Eidsvold,31902150808,3150808,124,129
31902150809-FLY,FLYNN,319021508,Monto - Eidsvold,31902150809,3150809,220,228
31902150810-FLY,FLYNN,319021508,Monto - Eidsvold,31902150810,3150810,250,256
31902150811-FLY,FLYNN,319021508,Monto - Eidsvold,31902150811,3150811,13,13
31902150812-FLY,FLYNN,319021508,Monto - Eidsvold,31902150812,3150812,238,232
31902150813-FLY,FLYNN,319021508,Monto - Eidsvold,31902150813,3150813,249,251
31902150814-FLY,FLYNN,319021508,Monto - Eidsvold,31902150814,3150814,182,182
31902150815-FLY,FLYNN,319021508,Monto - Eidsvold,31902150815,3150815,144,149
31902150816-FLY,FLYNN,319021508,Monto - Eidsvold,31902150816,3150816,186,188
31902150817-FLY,FLYNN,319021508,Monto - Eidsvold,31902150817,3150817,222,223
31902150901-MAR,MARANOA,319021509,Nanango,31902150901,3150901,387,402
31902150902-MAR,MARANOA,319021509,Nanango,31902150902,3150902,259,252
31902150903-MAR,MARANOA,319021509,Nanango,31902150903,3150903,317,327
31902150904-MAR,MARANOA,319021509,Nanango,31902150904,3150904,240,244
31902150905-MAR,MARANOA,319021509,Nanango,31902150905,3150905,370,371
31902150906-MAR,MARANOA,319021509,Nanango,31902150906,3150906,366,372
31902150907-MAR,MARANOA,319021509,Nanango,31902150907,3150907,162,161
31902150908-MAR,MARANOA,319021509,Nanango,31902150908,3150908,365,388
31902150909-MAR,MARANOA,319021509,Nanango,31902150909,3150909,379,415
31902150910-MAR,MARANOA,319021509,Nanango,31902150910,3150910,205,209
31902150911-MAR,MARANOA,319021509,Nanango,31902150911,3150911,239,254
31902150912-MAR,MARANOA,319021509,Nanango,31902150912,3150912,205,206
31902150913-MAR,MARANOA,319021509,Nanango,31902150913,3150913,236,243
31902150914-MAR,MARANOA,319021509,Nanango,31902150914,3150914,307,317
31902150915-MAR,MARANOA,319021509,Nanango,31902150915,3150915,379,394
31902150916-MAR,MARANOA,319021509,Nanango,31902150916,3150916,376,390
31902150917-MAR,MARANOA,319021509,Nanango,31902150917,3150917,316,308
31902150918-MAR,MARANOA,319021509,Nanango,31902150918,3150918,175,170
31902150919-MAR,MARANOA,319021509,Nanango,31902150919,3150919,333,338
31902150920-MAR,MARANOA,319021509,Nanango,31902150920,3150920,377,382
31902150921-MAR,MARANOA,319021509,Nanango,31902150921,3150921,494,538
31902150922-MAR,MARANOA,319021509,Nanango,31902150922,3150922,328,337
31902150923-MAR,MARANOA,319021509,Nanango,31902150923,3150923,428,425
31902150924-MAR,MARANOA,319021509,Nanango,31902150924,3150924,404,423
31902150925-MAR,MARANOA,319021509,Nanango,31902150925,3150925,415,416
31902150926-MAR,MARANOA,319021509,Nanango,31902150926,3150926,185,195
31902150927-MAR,MARANOA,319021509,Nanango,31902150927,3150927,294,317
31902151001-FLY,FLYNN,319021510,North Burnett,31902151001,3151001,10,10
31903151101-WID,WIDE BAY,319031511,Cooloola,31903151101,3151101,372,373
31903151102-WID,WIDE BAY,319031511,Cooloola,31903151102,3151102,340,350
31903151103-WID,WIDE BAY,319031511,Cooloola,31903151103,3151103,389,400
31903151104-WID,WIDE BAY,319031511,Cooloola,31903151104,3151104,578,588
31903151105-WID,WIDE BAY,319031511,Cooloola,31903151105,3151105,362,393
31903151106-WID,WIDE BAY,319031511,Cooloola,31903151106,3151106,420,435
31903151107-WID,WIDE BAY,319031511,Cooloola,31903151107,3151107,407,412
31903151108-WID,WIDE BAY,319031511,Cooloola,31903151108,3151108,476,472
31903151110-WID,WIDE BAY,319031511,Cooloola,31903151110,3151110,318,344
31903151112-WID,WIDE BAY,319031511,Cooloola,31903151112,3151112,2,2
31903151113-WID,WIDE BAY,319031511,Cooloola,31903151113,3151113,9,9
31903151114-WID,WIDE BAY,319031511,Cooloola,31903151114,3151114,364,379
31903151115-WID,WIDE BAY,319031511,Cooloola,31903151115,3151115,106,111
31903151116-WID,WIDE BAY,319031511,Cooloola,31903151116,3151116,498,495
31903151117-WID,WIDE BAY,319031511,Cooloola,31903151117,3151117,311,320
31903151118-WID,WIDE BAY,319031511,Cooloola,31903151118,3151118,109,111
31903151119-WID,WIDE BAY,319031511,Cooloola,31903151119,3151119,371,360
31903151120-WID,WIDE BAY,319031511,Cooloola,31903151120,3151120,342,340
31903151121-WID,WIDE BAY,319031511,Cooloola,31903151121,3151121,178,176
31903151204-WID,WIDE BAY,319031512,Gympie - North,31903151204,3151204,385,400
31903151205-WID,WIDE BAY,319031512,Gympie - North,31903151205,3151205,593,619
31903151206-WID,WIDE BAY,319031512,Gympie - North,31903151206,3151206,487,494
31903151207-WID,WIDE BAY,319031512,Gympie - North,31903151207,3151207,143,146
31903151208-WID,WIDE BAY,319031512,Gympie - North,31903151208,3151208,141,143
31903151209-WID,WIDE BAY,319031512,Gympie - North,31903151209,3151209,257,266
31903151210-WID,WIDE BAY,319031512,Gympie - North,31903151210,3151210,187,195
31903151211-WID,WIDE BAY,319031512,Gympie - North,31903151211,3151211,278,286
31903151212-WID,WIDE BAY,319031512,Gympie - North,31903151212,3151212,320,328
31903151213-WID,WIDE BAY,319031512,Gympie - North,31903151213,3151213,301,308
31903151214-WID,WIDE BAY,319031512,Gympie - North,31903151214,3151214,144,148
31903151215-WID,WIDE BAY,319031512,Gympie - North,31903151215,3151215,277,274
31903151216-WID,WIDE BAY,319031512,Gympie - North,31903151216,3151216,231,239
31903151217-WID,WIDE BAY,319031512,Gympie - North,31903151217,3151217,322,334
31903151218-WID,WIDE BAY,319031512,Gympie - North,31903151218,3151218,369,380
31903151220-WID,WIDE BAY,319031512,Gympie - North,31903151220,3151220,363,374
31903151221-WID,WIDE BAY,319031512,Gympie - North,31903151221,3151221,229,242
31903151222-WID,WIDE BAY,319031512,Gympie - North,31903151222,3151222,319,325
31903151223-WID,WIDE BAY,319031512,Gympie - North,31903151223,3151223,481,504
31903151224-WID,WIDE BAY,319031512,Gympie - North,31903151224,3151224,231,234
31903151225-WID,WIDE BAY,319031512,Gympie - North,31903151225,3151225,242,251
31903151226-WID,WIDE BAY,319031512,Gympie - North,31903151226,3151226,278,297
31903151227-WID,WIDE BAY,319031512,Gympie - North,31903151227,3151227,182,181
31903151228-WID,WIDE BAY,319031512,Gympie - North,31903151228,3151228,266,258
31903151229-WID,WIDE BAY,319031512,Gympie - North,31903151229,3151229,459,466
31903151230-WID,WIDE BAY,319031512,Gympie - North,31903151230,3151230,247,243
31903151231-WID,WIDE BAY,319031512,Gympie - North,31903151231,3151231,330,336
31903151232-WID,WIDE BAY,319031512,Gympie - North,31903151232,3151232,255,254
31903151234-WID,WIDE BAY,319031512,Gympie - North,31903151234,3151234,561,561
31903151235-WID,WIDE BAY,319031512,Gympie - North,31903151235,3151235,319,336
31903151236-WID,WIDE BAY,319031512,Gympie - North,31903151236,3151236,461,490
31903151237-WID,WIDE BAY,319031512,Gympie - North,31903151237,3151237,474,502
31903151238-WID,WIDE BAY,319031512,Gympie - North,31903151238,3151238,266,275
31903151239-WID,WIDE BAY,319031512,Gympie - North,31903151239,3151239,371,394
31903151240-WID,WIDE BAY,319031512,Gympie - North,31903151240,3151240,664,687
31903151241-WID,WIDE BAY,319031512,Gympie - North,31903151241,3151241,220,220
31903151242-WID,WIDE BAY,319031512,Gympie - North,31903151242,3151242,181,183
31903151303-WID,WIDE BAY,319031513,Gympie - South,31903151303,3151303,425,459
31903151304-WID,WIDE BAY,319031513,Gympie - South,31903151304,3151304,401,389
31903151305-WID,WIDE BAY,319031513,Gympie - South,31903151305,3151305,544,540
31903151306-WID,WIDE BAY,319031513,Gympie - South,31903151306,3151306,239,248
31903151307-WID,WIDE BAY,319031513,Gympie - South,31903151307,3151307,566,601
31903151308-WID,WIDE BAY,319031513,Gympie - South,31903151308,3151308,241,254
31903151309-WID,WIDE BAY,319031513,Gympie - South,31903151309,3151309,438,467
31903151311-WID,WIDE BAY,319031513,Gympie - South,31903151311,3151311,513,525
31903151312-WID,WIDE BAY,319031513,Gympie - South,31903151312,3151312,514,515
31903151314-WID,WIDE BAY,319031513,Gympie - South,31903151314,3151314,563,629
31903151315-WID,WIDE BAY,319031513,Gympie - South,31903151315,3151315,447,448
31903151316-WID,WIDE BAY,319031513,Gympie - South,31903151316,3151316,259,276
31903151317-WID,WIDE BAY,319031513,Gympie - South,31903151317,3151317,606,648
31903151318-WID,WIDE BAY,319031513,Gympie - South,31903151318,3151318,529,582
31903151319-WID,WIDE BAY,319031513,Gympie - South,31903151319,3151319,456,469
31903151320-WID,WIDE BAY,319031513,Gympie - South,31903151320,3151320,269,280
31903151401-WID,WIDE BAY,319031514,Gympie Surrounds,31903151401,3151401,381,388
31903151402-WID,WIDE BAY,319031514,Gympie Surrounds,31903151402,3151402,405,427
31903151403-WID,WIDE BAY,319031514,Gympie Surrounds,31903151403,3151403,591,636
31903151404-WID,WIDE BAY,319031514,Gympie Surrounds,31903151404,3151404,439,469
31903151405-WID,WIDE BAY,319031514,Gympie Surrounds,31903151405,3151405,338,370
31903151406-WID,WIDE BAY,319031514,Gympie Surrounds,31903151406,3151406,396,435
31903151407-WID,WIDE BAY,319031514,Gympie Surrounds,31903151407,3151407,0,0
31903151408-WID,WIDE BAY,319031514,Gympie Surrounds,31903151408,3151408,201,203
31903151409-WID,WIDE BAY,319031514,Gympie Surrounds,31903151409,3151409,523,513
31903151410-WID,WIDE BAY,319031514,Gympie Surrounds,31903151410,3151410,224,237
31903151411-WID,WIDE BAY,319031514,Gympie Surrounds,31903151411,3151411,278,272
31903151412-WID,WIDE BAY,319031514,Gympie Surrounds,31903151412,3151412,95,101
31903151413-WID,WIDE BAY,319031514,Gympie Surrounds,31903151413,3151413,267,281
31903151414-WID,WIDE BAY,319031514,Gympie Surrounds,31903151414,3151414,381,393
31903151415-WID,WIDE BAY,319031514,Gympie Surrounds,31903151415,3151415,364,397
31903151416-WID,WIDE BAY,319031514,Gympie Surrounds,31903151416,3151416,336,359
31903151417-WID,WIDE BAY,319031514,Gympie Surrounds,31903151417,3151417,314,324
31903151418-WID,WIDE BAY,319031514,Gympie Surrounds,31903151418,3151418,457,476
31903151419-WID,WIDE BAY,319031514,Gympie Surrounds,31903151419,3151419,0,0
31903151420-WID,WIDE BAY,319031514,Gympie Surrounds,31903151420,3151420,147,155
31903151421-WID,WIDE BAY,319031514,Gympie Surrounds,31903151421,3151421,151,162
31903151422-WID,WIDE BAY,319031514,Gympie Surrounds,31903151422,3151422,377,412
31903151423-WID,WIDE BAY,319031514,Gympie Surrounds,31903151423,3151423,150,147
31903151424-WID,WIDE BAY,319031514,Gympie Surrounds,31903151424,3151424,330,335
31903151425-WID,WIDE BAY,319031514,Gympie Surrounds,31903151425,3151425,138,151
31903151426-WID,WIDE BAY,319031514,Gympie Surrounds,31903151426,3151426,196,209
31903151427-WID,WIDE BAY,319031514,Gympie Surrounds,31903151427,3151427,300,294
31903151428-WID,WIDE BAY,319031514,Gympie Surrounds,31903151428,3151428,432,451
31903151429-WID,WIDE BAY,319031514,Gympie Surrounds,31903151429,3151429,376,378
31903151430-WID,WIDE BAY,319031514,Gympie Surrounds,31903151430,3151430,668,690
31903151431-WID,WIDE BAY,319031514,Gympie Surrounds,31903151431,3151431,526,545
31903151432-WID,WIDE BAY,319031514,Gympie Surrounds,31903151432,3151432,266,284
31903151433-WID,WIDE BAY,319031514,Gympie Surrounds,31903151433,3151433,641,648
31903151434-WID,WIDE BAY,319031514,Gympie Surrounds,31903151434,3151434,279,292
31903151435-WID,WIDE BAY,319031514,Gympie Surrounds,31903151435,3151435,359,387
31903151436-WID,WIDE BAY,319031514,Gympie Surrounds,31903151436,3151436,397,432
31903151437-WID,WIDE BAY,319031514,Gympie Surrounds,31903151437,3151437,303,308
31903151438-WID,WIDE BAY,319031514,Gympie Surrounds,31903151438,3151438,397,405
31903151439-WID,WIDE BAY,319031514,Gympie Surrounds,31903151439,3151439,177,185
31903151440-WID,WIDE BAY,319031514,Gympie Surrounds,31903151440,3151440,478,498
31903151441-WID,WIDE BAY,319031514,Gympie Surrounds,31903151441,3151441,318,337
31903151443-WID,WIDE BAY,319031514,Gympie Surrounds,31903151443,3151443,268,270
31903151444-WID,WIDE BAY,319031514,Gympie Surrounds,31903151444,3151444,368,395
31903151445-WID,WIDE BAY,319031514,Gympie Surrounds,31903151445,3151445,330,339
31903151446-WID,WIDE BAY,319031514,Gympie Surrounds,31903151446,3151446,406,422
31903151447-WID,WIDE BAY,319031514,Gympie Surrounds,31903151447,3151447,196,213
31903151448-WID,WIDE BAY,319031514,Gympie Surrounds,31903151448,3151448,389,416
31903151449-WID,WIDE BAY,319031514,Gympie Surrounds,31903151449,3151449,181,183
31903151450-WID,WIDE BAY,319031514,Gympie Surrounds,31903151450,3151450,410,451
31903151451-WID,WIDE BAY,319031514,Gympie Surrounds,31903151451,3151451,423,428
31903151452-WID,WIDE BAY,319031514,Gympie Surrounds,31903151452,3151452,163,166
31903151453-WID,WIDE BAY,319031514,Gympie Surrounds,31903151453,3151453,426,448
31903151454-WID,WIDE BAY,319031514,Gympie Surrounds,31903151454,3151454,210,211
31903151455-WID,WIDE BAY,319031514,Gympie Surrounds,31903151455,3151455,365,378
31903151501-WID,WIDE BAY,319031515,Kilkivan,31903151501,3151501,345,358
31903151502-WID,WIDE BAY,319031515,Kilkivan,31903151502,3151502,252,269
31903151503-WID,WIDE BAY,319031515,Kilkivan,31903151503,3151503,405,420
31903151504-WID,WIDE BAY,319031515,Kilkivan,31903151504,3151504,452,467
31903151505-WID,WIDE BAY,319031515,Kilkivan,31903151505,3151505,301,303
31903151506-WID,WIDE BAY,319031515,Kilkivan,31903151506,3151506,225,219
31903151507-WID,WIDE BAY,319031515,Kilkivan,31903151507,3151507,173,183
31903151508-WID,WIDE BAY,319031515,Kilkivan,31903151508,3151508,187,192
31903151509-WID,WIDE BAY,319031515,Kilkivan,31903151509,3151509,230,236
31903151510-WID,WIDE BAY,319031515,Kilkivan,31903151510,3151510,234,232
31903151511-WID,WIDE BAY,319031515,Kilkivan,31903151511,3151511,237,248
31904151601-HIN,HINKLER,319041516,Booral - River Heads,31904151601,3151601,300,331
31904151602-HIN,HINKLER,319041516,Booral - River Heads,31904151602,3151602,979,1019
31904151603-HIN,HINKLER,319041516,Booral - River Heads,31904151603,3151603,1740,2075
31904151604-HIN,HINKLER,319041516,Booral - River Heads,31904151604,3151604,0,0
31904151605-HIN,HINKLER,319041516,Booral - River Heads,31904151605,3151605,1010,1000
31904151606-HIN,HINKLER,319041516,Booral - River Heads,31904151606,3151606,222,233
31904151607-HIN,HINKLER,319041516,Booral - River Heads,31904151607,3151607,364,381
31904151608-HIN,HINKLER,319041516,Booral - River Heads,31904151608,3151608,186,209
31904151609-HIN,HINKLER,319041516,Booral - River Heads,31904151609,3151609,347,370
31904151610-HIN,HINKLER,319041516,Booral - River Heads,31904151610,3151610,1000,1089
31904151611-HIN,HINKLER,319041516,Booral - River Heads,31904151611,3151611,344,358
31904151701-HIN,HINKLER,319041517,Craignish - Dundowran Beach,31904151701,3151701,316,324
31904151702-HIN,HINKLER,319041517,Craignish - Dundowran Beach,31904151702,3151702,481,532
31904151703-HIN,HINKLER,319041517,Craignish - Dundowran Beach,31904151703,3151703,321,326
31904151704-HIN,HINKLER,319041517,Craignish - Dundowran Beach,31904151704,3151704,353,380
31904151705-HIN,HINKLER,319041517,Craignish - Dundowran Beach,31904151705,3151705,372,391
31904151706-HIN,HINKLER,319041517,Craignish - Dundowran Beach,31904151706,3151706,434,467
31904151707-HIN,HINKLER,319041517,Craignish - Dundowran Beach,31904151707,3151707,446,461
31904151708-HIN,HINKLER,319041517,Craignish - Dundowran Beach,31904151708,3151708,274,286
31904151709-HIN,HINKLER,319041517,Craignish - Dundowran Beach,31904151709,3151709,424,440
31904151710-HIN,HINKLER,319041517,Craignish - Dundowran Beach,31904151710,3151710,307,325
31904151711-HIN,HINKLER,319041517,Craignish - Dundowran Beach,31904151711,3151711,283,305
31904151712-HIN,HINKLER,319041517,Craignish - Dundowran Beach,31904151712,3151712,665,708
31904151801-HIN,HINKLER,319041518,Pialba - Eli Waters,31904151801,3151801,324,313
31904151802-HIN,HINKLER,319041518,Pialba - Eli Waters,31904151802,3151802,356,383
31904151803-HIN,HINKLER,319041518,Pialba - Eli Waters,31904151803,3151803,449,441
31904151805-HIN,HINKLER,319041518,Pialba - Eli Waters,31904151805,3151805,365,376
31904151806-HIN,HINKLER,319041518,Pialba - Eli Waters,31904151806,3151806,365,362
31904151807-HIN,HINKLER,319041518,Pialba - Eli Waters,31904151807,3151807,380,387
31904151808-HIN,HINKLER,319041518,Pialba - Eli Waters,31904151808,3151808,287,301
31904151809-HIN,HINKLER,319041518,Pialba - Eli Waters,31904151809,3151809,325,327
31904151810-HIN,HINKLER,319041518,Pialba - Eli Waters,31904151810,3151810,174,168
31904151811-HIN,HINKLER,319041518,Pialba - Eli Waters,31904151811,3151811,299,300
31904151812-HIN,HINKLER,319041518,Pialba - Eli Waters,31904151812,3151812,773,797
31904151815-HIN,HINKLER,319041518,Pialba - Eli Waters,31904151815,3151815,318,307
31904151816-HIN,HINKLER,319041518,Pialba - Eli Waters,31904151816,3151816,281,287
31904151817-HIN,HINKLER,319041518,Pialba - Eli Waters,31904151817,3151817,359,379
31904151818-HIN,HINKLER,319041518,Pialba - Eli Waters,31904151818,3151818,0,0
31904151819-HIN,HINKLER,319041518,Pialba - Eli Waters,31904151819,3151819,884,1101
31904151820-HIN,HINKLER,319041518,Pialba - Eli Waters,31904151820,3151820,206,199
31904151821-HIN,HINKLER,319041518,Pialba - Eli Waters,31904151821,3151821,298,302
31904151822-HIN,HINKLER,319041518,Pialba - Eli Waters,31904151822,3151822,376,369
31904151823-HIN,HINKLER,319041518,Pialba - Eli Waters,31904151823,3151823,324,313
31904151824-HIN,HINKLER,319041518,Pialba - Eli Waters,31904151824,3151824,637,671
31904151825-HIN,HINKLER,319041518,Pialba - Eli Waters,31904151825,3151825,383,378
31904151826-HIN,HINKLER,319041518,Pialba - Eli Waters,31904151826,3151826,474,508
31904151827-HIN,HINKLER,319041518,Pialba - Eli Waters,31904151827,3151827,412,407
31904151828-HIN,HINKLER,319041518,Pialba - Eli Waters,31904151828,3151828,478,461
31904151829-HIN,HINKLER,319041518,Pialba - Eli Waters,31904151829,3151829,430,469
31904151831-HIN,HINKLER,319041518,Pialba - Eli Waters,31904151831,3151831,227,225
31904151832-HIN,HINKLER,319041518,Pialba - Eli Waters,31904151832,3151832,330,342
31904151833-HIN,HINKLER,319041518,Pialba - Eli Waters,31904151833,3151833,594,632
31904151834-HIN,HINKLER,319041518,Pialba - Eli Waters,31904151834,3151834,374,388
31904151835-HIN,HINKLER,319041518,Pialba - Eli Waters,31904151835,3151835,358,354
31904151836-HIN,HINKLER,319041518,Pialba - Eli Waters,31904151836,3151836,388,398
31904151837-HIN,HINKLER,319041518,Pialba - Eli Waters,31904151837,3151837,327,335
31904151838-HIN,HINKLER,319041518,Pialba - Eli Waters,31904151838,3151838,312,312
31904151839-HIN,HINKLER,319041518,Pialba - Eli Waters,31904151839,3151839,351,359
31904151840-HIN,HINKLER,319041518,Pialba - Eli Waters,31904151840,3151840,341,335
31904151901-HIN,HINKLER,319041519,Point Vernon,31904151901,3151901,0,0
31904151902-HIN,HINKLER,319041519,Point Vernon,31904151902,3151902,573,613
31904151903-HIN,HINKLER,319041519,Point Vernon,31904151903,3151903,337,336
31904151904-HIN,HINKLER,319041519,Point Vernon,31904151904,3151904,219,236
31904151905-HIN,HINKLER,319041519,Point Vernon,31904151905,3151905,472,475
31904151906-HIN,HINKLER,319041519,Point Vernon,31904151906,3151906,325,315
31904151907-HIN,HINKLER,319041519,Point Vernon,31904151907,3151907,246,249
31904151908-HIN,HINKLER,319041519,Point Vernon,31904151908,3151908,346,347
31904151909-HIN,HINKLER,319041519,Point Vernon,31904151909,3151909,279,284
31904151910-HIN,HINKLER,319041519,Point Vernon,31904151910,3151910,290,286
31904151911-HIN,HINKLER,319041519,Point Vernon,31904151911,3151911,429,455
31904151912-HIN,HINKLER,319041519,Point Vernon,31904151912,3151912,378,397
31904151913-HIN,HINKLER,319041519,Point Vernon,31904151913,3151913,181,186
31904151914-HIN,HINKLER,319041519,Point Vernon,31904151914,3151914,345,368
31904151915-HIN,HINKLER,319041519,Point Vernon,31904151915,3151915,403,408
31904152001-HIN,HINKLER,319041520,Torquay - Scarness - Kawungan,31904152001,3152001,333,348
31904152003-HIN,HINKLER,319041520,Torquay - Scarness - Kawungan,31904152003,3152003,321,331
31904152004-HIN,HINKLER,319041520,Torquay - Scarness - Kawungan,31904152004,3152004,184,184
31904152005-HIN,HINKLER,319041520,Torquay - Scarness - Kawungan,31904152005,3152005,315,334
31904152006-HIN,HINKLER,319041520,Torquay - Scarness - Kawungan,31904152006,3152006,226,238
31904152007-HIN,HINKLER,319041520,Torquay - Scarness - Kawungan,31904152007,3152007,518,551
31904152008-HIN,HINKLER,319041520,Torquay - Scarness - Kawungan,31904152008,3152008,367,375
31904152009-HIN,HINKLER,319041520,Torquay - Scarness - Kawungan,31904152009,3152009,332,339
31904152010-HIN,HINKLER,319041520,Torquay - Scarness - Kawungan,31904152010,3152010,327,327
31904152011-HIN,HINKLER,319041520,Torquay - Scarness - Kawungan,31904152011,3152011,288,296
31904152012-HIN,HINKLER,319041520,Torquay - Scarness - Kawungan,31904152012,3152012,276,282
31904152013-HIN,HINKLER,319041520,Torquay - Scarness - Kawungan,31904152013,3152013,232,232
31904152014-HIN,HINKLER,319041520,Torquay - Scarness - Kawungan,31904152014,3152014,372,385
31904152015-HIN,HINKLER,319041520,Torquay - Scarness - Kawungan,31904152015,3152015,290,305
31904152016-HIN,HINKLER,319041520,Torquay - Scarness - Kawungan,31904152016,3152016,257,256
31904152017-HIN,HINKLER,319041520,Torquay - Scarness - Kawungan,31904152017,3152017,417,443
31904152018-HIN,HINKLER,319041520,Torquay - Scarness - Kawungan,31904152018,3152018,455,472
31904152019-HIN,HINKLER,319041520,Torquay - Scarness - Kawungan,31904152019,3152019,463,490
31904152020-HIN,HINKLER,319041520,Torquay - Scarness - Kawungan,31904152020,3152020,417,405
31904152021-HIN,HINKLER,319041520,Torquay - Scarness - Kawungan,31904152021,3152021,306,305
31904152022-HIN,HINKLER,319041520,Torquay - Scarness - Kawungan,31904152022,3152022,366,381
31904152023-HIN,HINKLER,319041520,Torquay - Scarness - Kawungan,31904152023,3152023,422,435
31904152024-HIN,HINKLER,319041520,Torquay - Scarness - Kawungan,31904152024,3152024,329,326
31904152025-HIN,HINKLER,319041520,Torquay - Scarness - Kawungan,31904152025,3152025,304,307
31904152026-HIN,HINKLER,319041520,Torquay - Scarness - Kawungan,31904152026,3152026,515,536
31904152027-HIN,HINKLER,319041520,Torquay - Scarness - Kawungan,31904152027,3152027,288,299
31904152028-HIN,HINKLER,319041520,Torquay - Scarness - Kawungan,31904152028,3152028,433,442
31904152029-HIN,HINKLER,319041520,Torquay - Scarness - Kawungan,31904152029,3152029,241,241
31904152030-HIN,HINKLER,319041520,Torquay - Scarness - Kawungan,31904152030,3152030,488,520
31904152031-HIN,HINKLER,319041520,Torquay - Scarness - Kawungan,31904152031,3152031,535,568
31904152033-HIN,HINKLER,319041520,Torquay - Scarness - Kawungan,31904152033,3152033,250,248
31904152034-HIN,HINKLER,319041520,Torquay - Scarness - Kawungan,31904152034,3152034,243,244
31904152035-HIN,HINKLER,319041520,Torquay - Scarness - Kawungan,31904152035,3152035,368,390
31904152036-HIN,HINKLER,319041520,Torquay - Scarness - Kawungan,31904152036,3152036,294,286
31904152037-HIN,HINKLER,319041520,Torquay - Scarness - Kawungan,31904152037,3152037,231,251
31904152038-HIN,HINKLER,319041520,Torquay - Scarness - Kawungan,31904152038,3152038,449,476
31904152039-HIN,HINKLER,319041520,Torquay - Scarness - Kawungan,31904152039,3152039,360,373
31904152101-HIN,HINKLER,319041521,Urangan - Wondunna,31904152101,3152101,417,439
31904152102-HIN,HINKLER,319041521,Urangan - Wondunna,31904152102,3152102,193,206
31904152103-HIN,HINKLER,319041521,Urangan - Wondunna,31904152103,3152103,427,442
31904152104-HIN,HINKLER,319041521,Urangan - Wondunna,31904152104,3152104,283,294
31904152105-HIN,HINKLER,319041521,Urangan - Wondunna,31904152105,3152105,232,228
31904152106-HIN,HINKLER,319041521,Urangan - Wondunna,31904152106,3152106,380,395
31904152107-HIN,HINKLER,319041521,Urangan - Wondunna,31904152107,3152107,530,536
31904152108-HIN,HINKLER,319041521,Urangan - Wondunna,31904152108,3152108,215,227
31904152109-HIN,HINKLER,319041521,Urangan - Wondunna,31904152109,3152109,567,579
31904152110-HIN,HINKLER,319041521,Urangan - Wondunna,31904152110,3152110,258,273
31904152111-HIN,HINKLER,319041521,Urangan - Wondunna,31904152111,3152111,244,267
31904152112-HIN,HINKLER,319041521,Urangan - Wondunna,31904152112,3152112,257,253
31904152113-HIN,HINKLER,319041521,Urangan - Wondunna,31904152113,3152113,371,408
31904152114-HIN,HINKLER,319041521,Urangan - Wondunna,31904152114,3152114,362,387
31904152115-HIN,HINKLER,319041521,Urangan - Wondunna,31904152115,3152115,278,294
31904152116-HIN,HINKLER,319041521,Urangan - Wondunna,31904152116,3152116,433,455
31904152117-HIN,HINKLER,319041521,Urangan - Wondunna,31904152117,3152117,840,864
31904152118-HIN,HINKLER,319041521,Urangan - Wondunna,31904152118,3152118,264,268
31904152119-HIN,HINKLER,319041521,Urangan - Wondunna,31904152119,3152119,208,227
31904152120-HIN,HINKLER,319041521,Urangan - Wondunna,31904152120,3152120,284,301
31904152121-HIN,HINKLER,319041521,Urangan - Wondunna,31904152121,3152121,512,557
31904152122-HIN,HINKLER,319041521,Urangan - Wondunna,31904152122,3152122,282,315
31904152123-HIN,HINKLER,319041521,Urangan - Wondunna,31904152123,3152123,493,532
31904152124-HIN,HINKLER,319041521,Urangan - Wondunna,31904152124,3152124,721,750
31904152126-HIN,HINKLER,319041521,Urangan - Wondunna,31904152126,3152126,272,281
31904152127-HIN,HINKLER,319041521,Urangan - Wondunna,31904152127,3152127,330,340
31904152129-HIN,HINKLER,319041521,Urangan - Wondunna,31904152129,3152129,0,0
31904152130-HIN,HINKLER,319041521,Urangan - Wondunna,31904152130,3152130,660,677
31904152131-HIN,HINKLER,319041521,Urangan - Wondunna,31904152131,3152131,837,861
31904152132-HIN,HINKLER,319041521,Urangan - Wondunna,31904152132,3152132,341,374
31904152133-HIN,HINKLER,319041521,Urangan - Wondunna,31904152133,3152133,492,525
31904152134-HIN,HINKLER,319041521,Urangan - Wondunna,31904152134,3152134,422,456
31904152135-HIN,HINKLER,319041521,Urangan - Wondunna,31904152135,3152135,508,551
31905152201-HIN,HINKLER,319051522,Burrum - Fraser,31905152201,3152201,427,417
31905152202-HIN,HINKLER,319051522,Burrum - Fraser,31905152202,3152202,680,704
31905152203-HIN,HINKLER,319051522,Burrum - Fraser,31905152203,3152203,497,502
31905152204-HIN,HINKLER,319051522,Burrum - Fraser,31905152204,3152204,301,294
31905152205-HIN,HINKLER,319051522,Burrum - Fraser,31905152205,3152205,216,225
31905152206-HIN,HINKLER,319051522,Burrum - Fraser,31905152206,3152206,367,402
31905152207-HIN,HINKLER,319051522,Burrum - Fraser,31905152207,3152207,537,573
31905152208-HIN,HINKLER,319051522,Burrum - Fraser,31905152208,3152208,770,802
31905152209-HIN,HINKLER,319051522,Burrum - Fraser,31905152209,3152209,408,429
31905152210-HIN,HINKLER,319051522,Burrum - Fraser,31905152210,3152210,9,9
31905152211-HIN,HINKLER,319051522,Burrum - Fraser,31905152211,3152211,362,379
31905152212-HIN,HINKLER,319051522,Burrum - Fraser,31905152212,3152212,317,309
31905152214-HIN,HINKLER,319051522,Burrum - Fraser,31905152214,3152214,209,225
31905152215-HIN,HINKLER,319051522,Burrum - Fraser,31905152215,3152215,226,236
31905152216-HIN,HINKLER,319051522,Burrum - Fraser,31905152216,3152216,328,347
31905152217-HIN,HINKLER,319051522,Burrum - Fraser,31905152217,3152217,0,0
31905152217-WID,WIDE BAY,319051522,Burrum - Fraser,31905152217,3152217,94,97
31905152218-HIN,HINKLER,319051522,Burrum - Fraser,31905152218,3152218,626,640
31905152219-HIN,HINKLER,319051522,Burrum - Fraser,31905152219,3152219,350,385
31905152220-HIN,HINKLER,319051522,Burrum - Fraser,31905152220,3152220,310,332
31905152221-HIN,HINKLER,319051522,Burrum - Fraser,31905152221,3152221,270,277
31905152222-HIN,HINKLER,319051522,Burrum - Fraser,31905152222,3152222,312,317
31905152223-HIN,HINKLER,319051522,Burrum - Fraser,31905152223,3152223,298,291
31905152224-WID,WIDE BAY,319051522,Burrum - Fraser,31905152224,3152224,8,8
31905152225-HIN,HINKLER,319051522,Burrum - Fraser,31905152225,3152225,230,235
31905152227-HIN,HINKLER,319051522,Burrum - Fraser,31905152227,3152227,258,281
31905152228-HIN,HINKLER,319051522,Burrum - Fraser,31905152228,3152228,325,344
31905152229-HIN,HINKLER,319051522,Burrum - Fraser,31905152229,3152229,72,78
31905152230-HIN,HINKLER,319051522,Burrum - Fraser,31905152230,3152230,538,576
31905152301-WID,WIDE BAY,319051523,Granville,31905152301,3152301,350,352
31905152302-WID,WIDE BAY,319051523,Granville,31905152302,3152302,367,384
31905152303-WID,WIDE BAY,319051523,Granville,31905152303,3152303,312,317
31905152304-WID,WIDE BAY,319051523,Granville,31905152304,3152304,286,289
31905152305-WID,WIDE BAY,319051523,Granville,31905152305,3152305,379,397
31905152307-WID,WIDE BAY,319051523,Granville,31905152307,3152307,442,452
31905152308-WID,WIDE BAY,319051523,Granville,31905152308,3152308,316,327
31905152309-WID,WIDE BAY,319051523,Granville,31905152309,3152309,103,108
31905152401-WID,WIDE BAY,319051524,Maryborough (Qld),31905152401,3152401,458,454
31905152402-WID,WIDE BAY,319051524,Maryborough (Qld),31905152402,3152402,248,256
31905152403-WID,WIDE BAY,319051524,Maryborough (Qld),31905152403,3152403,348,345
31905152404-WID,WIDE BAY,319051524,Maryborough (Qld),31905152404,3152404,205,203
31905152405-WID,WIDE BAY,319051524,Maryborough (Qld),31905152405,3152405,230,235
31905152406-WID,WIDE BAY,319051524,Maryborough (Qld),31905152406,3152406,203,202
31905152407-WID,WIDE BAY,319051524,Maryborough (Qld),31905152407,3152407,232,238
31905152408-WID,WIDE BAY,319051524,Maryborough (Qld),31905152408,3152408,238,235
31905152409-WID,WIDE BAY,319051524,Maryborough (Qld),31905152409,3152409,172,176
31905152410-WID,WIDE BAY,319051524,Maryborough (Qld),31905152410,3152410,268,266
31905152411-WID,WIDE BAY,319051524,Maryborough (Qld),31905152411,3152411,416,445
31905152412-WID,WIDE BAY,319051524,Maryborough (Qld),31905152412,3152412,446,466
31905152413-WID,WIDE BAY,319051524,Maryborough (Qld),31905152413,3152413,327,340
31905152414-WID,WIDE BAY,319051524,Maryborough (Qld),31905152414,3152414,2,2
31905152415-WID,WIDE BAY,319051524,Maryborough (Qld),31905152415,3152415,228,235
31905152416-WID,WIDE BAY,319051524,Maryborough (Qld),31905152416,3152416,331,335
31905152417-WID,WIDE BAY,319051524,Maryborough (Qld),31905152417,3152417,277,282
31905152418-WID,WIDE BAY,319051524,Maryborough (Qld),31905152418,3152418,211,219
31905152419-WID,WIDE BAY,319051524,Maryborough (Qld),31905152419,3152419,417,418
31905152420-WID,WIDE BAY,319051524,Maryborough (Qld),31905152420,3152420,307,311
31905152421-WID,WIDE BAY,319051524,Maryborough (Qld),31905152421,3152421,452,444
31905152422-WID,WIDE BAY,319051524,Maryborough (Qld),31905152422,3152422,277,284
31905152423-WID,WIDE BAY,319051524,Maryborough (Qld),31905152423,3152423,196,197
31905152424-WID,WIDE BAY,319051524,Maryborough (Qld),31905152424,3152424,245,244
31905152425-WID,WIDE BAY,319051524,Maryborough (Qld),31905152425,3152425,421,448
31905152426-WID,WIDE BAY,319051524,Maryborough (Qld),31905152426,3152426,198,195
31905152427-WID,WIDE BAY,319051524,Maryborough (Qld),31905152427,3152427,315,325
31905152428-WID,WIDE BAY,319051524,Maryborough (Qld),31905152428,3152428,223,234
31905152429-WID,WIDE BAY,319051524,Maryborough (Qld),31905152429,3152429,402,417
31905152430-WID,WIDE BAY,319051524,Maryborough (Qld),31905152430,3152430,250,251
31905152431-WID,WIDE BAY,319051524,Maryborough (Qld),31905152431,3152431,228,230
31905152432-WID,WIDE BAY,319051524,Maryborough (Qld),31905152432,3152432,333,342
31905152433-WID,WIDE BAY,319051524,Maryborough (Qld),31905152433,3152433,199,202
31905152434-WID,WIDE BAY,319051524,Maryborough (Qld),31905152434,3152434,326,344
31905152435-WID,WIDE BAY,319051524,Maryborough (Qld),31905152435,3152435,283,273
31905152436-WID,WIDE BAY,319051524,Maryborough (Qld),31905152436,3152436,209,209
31905152437-WID,WIDE BAY,319051524,Maryborough (Qld),31905152437,3152437,278,275
31905152438-WID,WIDE BAY,319051524,Maryborough (Qld),31905152438,3152438,0,0
31905152439-WID,WIDE BAY,319051524,Maryborough (Qld),31905152439,3152439,499,506
31905152441-WID,WIDE BAY,319051524,Maryborough (Qld),31905152441,3152441,285,291
31905152442-WID,WIDE BAY,319051524,Maryborough (Qld),31905152442,3152442,372,368
31905152443-WID,WIDE BAY,319051524,Maryborough (Qld),31905152443,3152443,294,299
31905152444-WID,WIDE BAY,319051524,Maryborough (Qld),31905152444,3152444,230,222
31905152445-WID,WIDE BAY,319051524,Maryborough (Qld),31905152445,3152445,246,241
31905152446-WID,WIDE BAY,319051524,Maryborough (Qld),31905152446,3152446,271,269
31905152447-WID,WIDE BAY,319051524,Maryborough (Qld),31905152447,3152447,322,335
31905152448-WID,WIDE BAY,319051524,Maryborough (Qld),31905152448,3152448,174,183
31905152449-WID,WIDE BAY,319051524,Maryborough (Qld),31905152449,3152449,180,185
31905152450-WID,WIDE BAY,319051524,Maryborough (Qld),31905152450,3152450,213,210
31905152451-WID,WIDE BAY,319051524,Maryborough (Qld),31905152451,3152451,185,179
31905152452-WID,WIDE BAY,319051524,Maryborough (Qld),31905152452,3152452,193,201
31905152453-WID,WIDE BAY,319051524,Maryborough (Qld),31905152453,3152453,700,690
31905152501-WID,WIDE BAY,319051525,Maryborough Surrounds - South,31905152501,3152501,758,744
31905152502-WID,WIDE BAY,319051525,Maryborough Surrounds - South,31905152502,3152502,1210,1229
31905152503-WID,WIDE BAY,319051525,Maryborough Surrounds - South,31905152503,3152503,398,417
31905152504-WID,WIDE BAY,319051525,Maryborough Surrounds - South,31905152504,3152504,223,232
31905152505-WID,WIDE BAY,319051525,Maryborough Surrounds - South,31905152505,3152505,793,830
31905152506-WID,WIDE BAY,319051525,Maryborough Surrounds - South,31905152506,3152506,94,98
31905152507-WID,WIDE BAY,319051525,Maryborough Surrounds - South,31905152507,3152507,313,328
31905152508-WID,WIDE BAY,319051525,Maryborough Surrounds - South,31905152508,3152508,430,445
31905152509-WID,WIDE BAY,319051525,Maryborough Surrounds - South,31905152509,3152509,327,347
31905152510-WID,WIDE BAY,319051525,Maryborough Surrounds - South,31905152510,3152510,232,240
31905152511-WID,WIDE BAY,319051525,Maryborough Surrounds - South,31905152511,3152511,262,273
31905152512-WID,WIDE BAY,319051525,Maryborough Surrounds - South,31905152512,3152512,287,320
31905152513-WID,WIDE BAY,319051525,Maryborough Surrounds - South,31905152513,3152513,257,272
31905152514-WID,WIDE BAY,319051525,Maryborough Surrounds - South,31905152514,3152514,467,489
31905152515-WID,WIDE BAY,319051525,Maryborough Surrounds - South,31905152515,3152515,0,0
31905152516-WID,WIDE BAY,319051525,Maryborough Surrounds - South,31905152516,3152516,212,223
31905152517-WID,WIDE BAY,319051525,Maryborough Surrounds - South,31905152517,3152517,286,304
31905152518-WID,WIDE BAY,319051525,Maryborough Surrounds - South,31905152518,3152518,425,441
31905152519-WID,WIDE BAY,319051525,Maryborough Surrounds - South,31905152519,3152519,254,278
31905152523-WID,WIDE BAY,319051525,Maryborough Surrounds - South,31905152523,3152523,251,268
31905152524-WID,WIDE BAY,319051525,Maryborough Surrounds - South,31905152524,3152524,259,278
31905152525-WID,WIDE BAY,319051525,Maryborough Surrounds - South,31905152525,3152525,399,419
31905152526-WID,WIDE BAY,319051525,Maryborough Surrounds - South,31905152526,3152526,17,18
31905152527-WID,WIDE BAY,319051525,Maryborough Surrounds - South,31905152527,3152527,558,585
31905152528-WID,WIDE BAY,319051525,Maryborough Surrounds - South,31905152528,3152528,0,0
31905152601-WID,WIDE BAY,319051526,Tinana,31905152601,3152601,430,439
31905152602-WID,WIDE BAY,319051526,Tinana,31905152602,3152602,244,251
31905152603-WID,WIDE BAY,319051526,Tinana,31905152603,3152603,163,175
31905152604-WID,WIDE BAY,319051526,Tinana,31905152604,3152604,387,382
31905152605-WID,WIDE BAY,319051526,Tinana,31905152605,3152605,375,388
31905152606-WID,WIDE BAY,319051526,Tinana,31905152606,3152606,738,744
31905152607-WID,WIDE BAY,319051526,Tinana,31905152607,3152607,360,384
31905152608-WID,WIDE BAY,319051526,Tinana,31905152608,3152608,475,484
31905152609-WID,WIDE BAY,319051526,Tinana,31905152609,3152609,363,368
31905152610-WID,WIDE BAY,319051526,Tinana,31905152610,3152610,337,349
31905152611-WID,WIDE BAY,319051526,Tinana,31905152611,3152611,297,297
31905152612-WID,WIDE BAY,319051526,Tinana,31905152612,3152612,457,459
31905152613-WID,WIDE BAY,319051526,Tinana,31905152613,3152613,285,308
30804152801-FLY,FLYNN,308041528,Banana,30804152801,3152801,146,147
30804152802-FLY,FLYNN,308041528,Banana,30804152802,3152802,125,124
30804152803-FLY,FLYNN,308041528,Banana,30804152803,3152803,263,264
30804152804-FLY,FLYNN,308041528,Banana,30804152804,3152804,157,164
30804152806-FLY,FLYNN,308041528,Banana,30804152806,3152806,186,184
30804152807-FLY,FLYNN,308041528,Banana,30804152807,3152807,289,303
30804152808-FLY,FLYNN,308041528,Banana,30804152808,3152808,212,224
30804152809-FLY,FLYNN,308041528,Banana,30804152809,3152809,185,184
30804152810-FLY,FLYNN,308041528,Banana,30804152810,3152810,213,219
30804152811-FLY,FLYNN,308041528,Banana,30804152811,3152811,224,218
30804152812-FLY,FLYNN,308041528,Banana,30804152812,3152812,242,243
30804152813-FLY,FLYNN,308041528,Banana,30804152813,3152813,189,182
30804152814-FLY,FLYNN,308041528,Banana,30804152814,3152814,0,0
30804152815-FLY,FLYNN,308041528,Banana,30804152815,3152815,257,264
30804152816-FLY,FLYNN,308041528,Banana,30804152816,3152816,324,354
30804152817-FLY,FLYNN,308041528,Banana,30804152817,3152817,206,205
30804152818-FLY,FLYNN,308041528,Banana,30804152818,3152818,133,130
30804152819-FLY,FLYNN,308041528,Banana,30804152819,3152819,131,131
30804152820-FLY,FLYNN,308041528,Banana,30804152820,3152820,301,295
30804152821-FLY,FLYNN,308041528,Banana,30804152821,3152821,179,181
30804152822-FLY,FLYNN,308041528,Banana,30804152822,3152822,184,177
30804152823-FLY,FLYNN,308041528,Banana,30804152823,3152823,196,191
30804152824-FLY,FLYNN,308041528,Banana,30804152824,3152824,165,170
30804152825-FLY,FLYNN,308041528,Banana,30804152825,3152825,134,133
30804152826-FLY,FLYNN,308041528,Banana,30804152826,3152826,160,156
30804152827-FLY,FLYNN,308041528,Banana,30804152827,3152827,165,176
30804152828-FLY,FLYNN,308041528,Banana,30804152828,3152828,171,171
30804152829-FLY,FLYNN,308041528,Banana,30804152829,3152829,214,216
30804152830-FLY,FLYNN,308041528,Banana,30804152830,3152830,289,297
30804152831-FLY,FLYNN,308041528,Banana,30804152831,3152831,122,121
30804152832-FLY,FLYNN,308041528,Banana,30804152832,3152832,215,212
30804152833-FLY,FLYNN,308041528,Banana,30804152833,3152833,188,186
30804152834-FLY,FLYNN,308041528,Banana,30804152834,3152834,80,77
30804152901-FLY,FLYNN,308041529,Biloela,30804152901,3152901,189,200
30804152902-FLY,FLYNN,308041529,Biloela,30804152902,3152902,289,319
30804152903-FLY,FLYNN,308041529,Biloela,30804152903,3152903,91,93
30804152904-FLY,FLYNN,308041529,Biloela,30804152904,3152904,274,269
30804152905-FLY,FLYNN,308041529,Biloela,30804152905,3152905,146,143
30804152906-FLY,FLYNN,308041529,Biloela,30804152906,3152906,23,23
30804152907-FLY,FLYNN,308041529,Biloela,30804152907,3152907,110,117
30804152908-FLY,FLYNN,308041529,Biloela,30804152908,3152908,206,224
30804152909-FLY,FLYNN,308041529,Biloela,30804152909,3152909,214,228
30804152910-FLY,FLYNN,308041529,Biloela,30804152910,3152910,163,172
30804152911-FLY,FLYNN,308041529,Biloela,30804152911,3152911,364,376
30804152912-FLY,FLYNN,308041529,Biloela,30804152912,3152912,1,1
30804152913-FLY,FLYNN,308041529,Biloela,30804152913,3152913,254,271
30804152914-FLY,FLYNN,308041529,Biloela,30804152914,3152914,383,393
30804152915-FLY,FLYNN,308041529,Biloela,30804152915,3152915,264,280
30804152916-FLY,FLYNN,308041529,Biloela,30804152916,3152916,117,124
30804152917-FLY,FLYNN,308041529,Biloela,30804152917,3152917,188,184
30804152918-FLY,FLYNN,308041529,Biloela,30804152918,3152918,135,141
30804152919-FLY,FLYNN,308041529,Biloela,30804152919,3152919,229,225
30804152920-FLY,FLYNN,308041529,Biloela,30804152920,3152920,0,0
30805153001-FLY,FLYNN,308051530,Agnes Water - Miriam Vale,30805153001,3153001,425,463
30805153002-FLY,FLYNN,308051530,Agnes Water - Miriam Vale,30805153002,3153002,773,787
30805153003-FLY,FLYNN,308051530,Agnes Water - Miriam Vale,30805153003,3153003,2,2
30805153004-FLY,FLYNN,308051530,Agnes Water - Miriam Vale,30805153004,3153004,402,448
30805153005-FLY,FLYNN,308051530,Agnes Water - Miriam Vale,30805153005,3153005,573,602
30805153006-FLY,FLYNN,308051530,Agnes Water - Miriam Vale,30805153006,3153006,6,6
30805153007-FLY,FLYNN,308051530,Agnes Water - Miriam Vale,30805153007,3153007,404,415
30805153008-FLY,FLYNN,308051530,Agnes Water - Miriam Vale,30805153008,3153008,337,349
30805153009-FLY,FLYNN,308051530,Agnes Water - Miriam Vale,30805153009,3153009,590,611
30805153010-FLY,FLYNN,308051530,Agnes Water - Miriam Vale,30805153010,3153010,323,346
30805153011-FLY,FLYNN,308051530,Agnes Water - Miriam Vale,30805153011,3153011,74,80
30805153012-FLY,FLYNN,308051530,Agnes Water - Miriam Vale,30805153012,3153012,436,450
30805153013-FLY,FLYNN,308051530,Agnes Water - Miriam Vale,30805153013,3153013,104,110
30805153014-FLY,FLYNN,308051530,Agnes Water - Miriam Vale,30805153014,3153014,209,228
30805153015-FLY,FLYNN,308051530,Agnes Water - Miriam Vale,30805153015,3153015,450,468
30805153016-FLY,FLYNN,308051530,Agnes Water - Miriam Vale,30805153016,3153016,281,293
30805153017-FLY,FLYNN,308051530,Agnes Water - Miriam Vale,30805153017,3153017,569,582
30805153018-FLY,FLYNN,308051530,Agnes Water - Miriam Vale,30805153018,3153018,362,383
30805153019-FLY,FLYNN,308051530,Agnes Water - Miriam Vale,30805153019,3153019,233,248
30805153101-FLY,FLYNN,308051531,Boyne Island - Tannum Sands,30805153101,3153101,471,458
30805153102-FLY,FLYNN,308051531,Boyne Island - Tannum Sands,30805153102,3153102,317,336
30805153103-FLY,FLYNN,308051531,Boyne Island - Tannum Sands,30805153103,3153103,270,279
30805153104-FLY,FLYNN,308051531,Boyne Island - Tannum Sands,30805153104,3153104,0,0
30805153105-FLY,FLYNN,308051531,Boyne Island - Tannum Sands,30805153105,3153105,253,257
30805153106-FLY,FLYNN,308051531,Boyne Island - Tannum Sands,30805153106,3153106,622,624
30805153107-FLY,FLYNN,308051531,Boyne Island - Tannum Sands,30805153107,3153107,338,364
30805153108-FLY,FLYNN,308051531,Boyne Island - Tannum Sands,30805153108,3153108,272,281
30805153109-FLY,FLYNN,308051531,Boyne Island - Tannum Sands,30805153109,3153109,352,369
30805153110-FLY,FLYNN,308051531,Boyne Island - Tannum Sands,30805153110,3153110,274,286
30805153111-FLY,FLYNN,308051531,Boyne Island - Tannum Sands,30805153111,3153111,324,344
30805153112-FLY,FLYNN,308051531,Boyne Island - Tannum Sands,30805153112,3153112,350,340
30805153113-FLY,FLYNN,308051531,Boyne Island - Tannum Sands,30805153113,3153113,210,204
30805153114-FLY,FLYNN,308051531,Boyne Island - Tannum Sands,30805153114,3153114,321,312
30805153115-FLY,FLYNN,308051531,Boyne Island - Tannum Sands,30805153115,3153115,562,588
30805153116-FLY,FLYNN,308051531,Boyne Island - Tannum Sands,30805153116,3153116,453,471
30805153117-FLY,FLYNN,308051531,Boyne Island - Tannum Sands,30805153117,3153117,367,363
30805153118-FLY,FLYNN,308051531,Boyne Island - Tannum Sands,30805153118,3153118,462,472
30805153119-FLY,FLYNN,308051531,Boyne Island - Tannum Sands,30805153119,3153119,241,252
30805153120-FLY,FLYNN,308051531,Boyne Island - Tannum Sands,30805153120,3153120,281,297
30805153121-FLY,FLYNN,308051531,Boyne Island - Tannum Sands,30805153121,3153121,418,438
30805153122-FLY,FLYNN,308051531,Boyne Island - Tannum Sands,30805153122,3153122,298,290
30805153123-FLY,FLYNN,308051531,Boyne Island - Tannum Sands,30805153123,3153123,310,338
30805153201-FLY,FLYNN,308051532,Callemondah,30805153201,3153201,32,32
30805153301-FLY,FLYNN,308051533,Clinton - New Auckland,30805153301,3153301,0,0
30805153302-FLY,FLYNN,308051533,Clinton - New Auckland,30805153302,3153302,727,817
30805153303-FLY,FLYNN,308051533,Clinton - New Auckland,30805153303,3153303,1953,2032
30805153304-FLY,FLYNN,308051533,Clinton - New Auckland,30805153304,3153304,0,0
30805153305-FLY,FLYNN,308051533,Clinton - New Auckland,30805153305,3153305,211,227
30805153306-FLY,FLYNN,308051533,Clinton - New Auckland,30805153306,3153306,313,310
30805153307-FLY,FLYNN,308051533,Clinton - New Auckland,30805153307,3153307,254,268
30805153308-FLY,FLYNN,308051533,Clinton - New Auckland,30805153308,3153308,359,370
30805153309-FLY,FLYNN,308051533,Clinton - New Auckland,30805153309,3153309,260,278
30805153310-FLY,FLYNN,308051533,Clinton - New Auckland,30805153310,3153310,258,284
30805153311-FLY,FLYNN,308051533,Clinton - New Auckland,30805153311,3153311,394,430
30805153312-FLY,FLYNN,308051533,Clinton - New Auckland,30805153312,3153312,244,265
30805153313-FLY,FLYNN,308051533,Clinton - New Auckland,30805153313,3153313,280,289
30805153314-FLY,FLYNN,308051533,Clinton - New Auckland,30805153314,3153314,289,298
30805153315-FLY,FLYNN,308051533,Clinton - New Auckland,30805153315,3153315,244,249
30805153316-FLY,FLYNN,308051533,Clinton - New Auckland,30805153316,3153316,418,438
30805153317-FLY,FLYNN,308051533,Clinton - New Auckland,30805153317,3153317,510,530
30805153318-FLY,FLYNN,308051533,Clinton - New Auckland,30805153318,3153318,733,746
30805153319-FLY,FLYNN,308051533,Clinton - New Auckland,30805153319,3153319,293,303
30805153320-FLY,FLYNN,308051533,Clinton - New Auckland,30805153320,3153320,134,137
30805153321-FLY,FLYNN,308051533,Clinton - New Auckland,30805153321,3153321,423,447
30805153322-FLY,FLYNN,308051533,Clinton - New Auckland,30805153322,3153322,212,220
30805153323-FLY,FLYNN,308051533,Clinton - New Auckland,30805153323,3153323,274,298
30805153324-FLY,FLYNN,308051533,Clinton - New Auckland,30805153324,3153324,374,387
30805153325-FLY,FLYNN,308051533,Clinton - New Auckland,30805153325,3153325,299,348
30805153326-FLY,FLYNN,308051533,Clinton - New Auckland,30805153326,3153326,285,307
30805153327-FLY,FLYNN,308051533,Clinton - New Auckland,30805153327,3153327,398,420
30805153328-FLY,FLYNN,308051533,Clinton - New Auckland,30805153328,3153328,252,272
30805153401-FLY,FLYNN,308051534,Gladstone,30805153401,3153401,2,2
30805153402-FLY,FLYNN,308051534,Gladstone,30805153402,3153402,391,420
30805153403-FLY,FLYNN,308051534,Gladstone,30805153403,3153403,402,412
30805153404-FLY,FLYNN,308051534,Gladstone,30805153404,3153404,404,404
30805153405-FLY,FLYNN,308051534,Gladstone,30805153405,3153405,281,294
30805153406-FLY,FLYNN,308051534,Gladstone,30805153406,3153406,394,420
30805153407-FLY,FLYNN,308051534,Gladstone,30805153407,3153407,318,330
30805153408-FLY,FLYNN,308051534,Gladstone,30805153408,3153408,428,429
30805153409-FLY,FLYNN,308051534,Gladstone,30805153409,3153409,353,355
30805153410-FLY,FLYNN,308051534,Gladstone,30805153410,3153410,291,307
30805153411-FLY,FLYNN,308051534,Gladstone,30805153411,3153411,438,455
30805153412-FLY,FLYNN,308051534,Gladstone,30805153412,3153412,336,332
30805153413-FLY,FLYNN,308051534,Gladstone,30805153413,3153413,308,310
30805153414-FLY,FLYNN,308051534,Gladstone,30805153414,3153414,6,6
30805153415-FLY,FLYNN,308051534,Gladstone,30805153415,3153415,175,183
30805153416-FLY,FLYNN,308051534,Gladstone,30805153416,3153416,397,399
30805153417-FLY,FLYNN,308051534,Gladstone,30805153417,3153417,4,4
30805153501-FLY,FLYNN,308051535,Gladstone Hinterland,30805153501,3153501,295,315
30805153502-FLY,FLYNN,308051535,Gladstone Hinterland,30805153502,3153502,81,82
30805153503-FLY,FLYNN,308051535,Gladstone Hinterland,30805153503,3153503,440,464
30805153504-FLY,FLYNN,308051535,Gladstone Hinterland,30805153504,3153504,183,192
30805153505-FLY,FLYNN,308051535,Gladstone Hinterland,30805153505,3153505,340,370
30805153507-FLY,FLYNN,308051535,Gladstone Hinterland,30805153507,3153507,268,283
30805153508-FLY,FLYNN,308051535,Gladstone Hinterland,30805153508,3153508,371,400
30805153509-FLY,FLYNN,308051535,Gladstone Hinterland,30805153509,3153509,200,204
30805153510-FLY,FLYNN,308051535,Gladstone Hinterland,30805153510,3153510,395,407
30805153511-FLY,FLYNN,308051535,Gladstone Hinterland,30805153511,3153511,300,294
30805153512-FLY,FLYNN,308051535,Gladstone Hinterland,30805153512,3153512,485,519
30805153513-FLY,FLYNN,308051535,Gladstone Hinterland,30805153513,3153513,452,488
30805153514-FLY,FLYNN,308051535,Gladstone Hinterland,30805153514,3153514,436,470
30805153516-FLY,FLYNN,308051535,Gladstone Hinterland,30805153516,3153516,525,538
30805153517-FLY,FLYNN,308051535,Gladstone Hinterland,30805153517,3153517,292,302
30805153518-FLY,FLYNN,308051535,Gladstone Hinterland,30805153518,3153518,389,381
30805153519-FLY,FLYNN,308051535,Gladstone Hinterland,30805153519,3153519,307,326
30805153520-FLY,FLYNN,308051535,Gladstone Hinterland,30805153520,3153520,399,435
30805153521-FLY,FLYNN,308051535,Gladstone Hinterland,30805153521,3153521,105,103
30805153522-FLY,FLYNN,308051535,Gladstone Hinterland,30805153522,3153522,321,314
30805153523-FLY,FLYNN,308051535,Gladstone Hinterland,30805153523,3153523,245,249
30805153524-FLY,FLYNN,308051535,Gladstone Hinterland,30805153524,3153524,218,224
30805153525-FLY,FLYNN,308051535,Gladstone Hinterland,30805153525,3153525,241,243
30805153526-FLY,FLYNN,308051535,Gladstone Hinterland,30805153526,3153526,294,288
30805153527-FLY,FLYNN,308051535,Gladstone Hinterland,30805153527,3153527,261,284
30805153528-FLY,FLYNN,308051535,Gladstone Hinterland,30805153528,3153528,77,78
30805153529-FLY,FLYNN,308051535,Gladstone Hinterland,30805153529,3153529,378,396
30805153530-FLY,FLYNN,308051535,Gladstone Hinterland,30805153530,3153530,453,467
30805153531-FLY,FLYNN,308051535,Gladstone Hinterland,30805153531,3153531,106,113
30805153601-FLY,FLYNN,308051536,Kin Kora - Sun Valley,30805153601,3153601,195,201
30805153602-FLY,FLYNN,308051536,Kin Kora - Sun Valley,30805153602,3153602,368,389
30805153603-FLY,FLYNN,308051536,Kin Kora - Sun Valley,30805153603,3153603,172,172
30805153604-FLY,FLYNN,308051536,Kin Kora - Sun Valley,30805153604,3153604,321,334
30805153605-FLY,FLYNN,308051536,Kin Kora - Sun Valley,30805153605,3153605,320,315
30805153606-FLY,FLYNN,308051536,Kin Kora - Sun Valley,30805153606,3153606,320,317
30805153607-FLY,FLYNN,308051536,Kin Kora - Sun Valley,30805153607,3153607,233,230
30805153608-FLY,FLYNN,308051536,Kin Kora - Sun Valley,30805153608,3153608,397,393
30805153609-FLY,FLYNN,308051536,Kin Kora - Sun Valley,30805153609,3153609,224,230
30805153610-FLY,FLYNN,308051536,Kin Kora - Sun Valley,30805153610,3153610,231,229
30805153701-FLY,FLYNN,308051537,South Trees,30805153701,3153701,2,2
30805153801-FLY,FLYNN,308051538,Telina - Toolooa,30805153801,3153801,316,318
30805153802-FLY,FLYNN,308051538,Telina - Toolooa,30805153802,3153802,221,240
30805153804-FLY,FLYNN,308051538,Telina - Toolooa,30805153804,3153804,323,348
30805153805-FLY,FLYNN,308051538,Telina - Toolooa,30805153805,3153805,171,168
30805153806-FLY,FLYNN,308051538,Telina - Toolooa,30805153806,3153806,318,327
30805153807-FLY,FLYNN,308051538,Telina - Toolooa,30805153807,3153807,362,374
30805153808-FLY,FLYNN,308051538,Telina - Toolooa,30805153808,3153808,276,284
30805153809-FLY,FLYNN,308051538,Telina - Toolooa,30805153809,3153809,396,421
30805153810-FLY,FLYNN,308051538,Telina - Toolooa,30805153810,3153810,303,313
30805153811-FLY,FLYNN,308051538,Telina - Toolooa,30805153811,3153811,254,273
30805153812-FLY,FLYNN,308051538,Telina - Toolooa,30805153812,3153812,194,213
30805153813-FLY,FLYNN,308051538,Telina - Toolooa,30805153813,3153813,259,267
30805153814-FLY,FLYNN,308051538,Telina - Toolooa,30805153814,3153814,245,272
30805153815-FLY,FLYNN,308051538,Telina - Toolooa,30805153815,3153815,571,588
30805153816-FLY,FLYNN,308051538,Telina - Toolooa,30805153816,3153816,268,282
30805153817-FLY,FLYNN,308051538,Telina - Toolooa,30805153817,3153817,261,277
30805153901-FLY,FLYNN,308051539,West Gladstone,30805153901,3153901,0,0
30805153902-FLY,FLYNN,308051539,West Gladstone,30805153902,3153902,238,258
30805153903-FLY,FLYNN,308051539,West Gladstone,30805153903,3153903,510,520
30805153904-FLY,FLYNN,308051539,West Gladstone,30805153904,3153904,247,255
30805153905-FLY,FLYNN,308051539,West Gladstone,30805153905,3153905,391,410
30805153906-FLY,FLYNN,308051539,West Gladstone,30805153906,3153906,280,290
30805153907-FLY,FLYNN,308051539,West Gladstone,30805153907,3153907,398,409
30805153908-FLY,FLYNN,308051539,West Gladstone,30805153908,3153908,186,190
30805153909-FLY,FLYNN,308051539,West Gladstone,30805153909,3153909,281,309
30805153910-FLY,FLYNN,308051539,West Gladstone,30805153910,3153910,491,527
30805153911-FLY,FLYNN,308051539,West Gladstone,30805153911,3153911,307,344
30805153912-FLY,FLYNN,308051539,West Gladstone,30805153912,3153912,161,172
30805153913-FLY,FLYNN,308051539,West Gladstone,30805153913,3153913,276,294
30909154002-MON,MONCRIEFF,309091540,Southport - North,30909154002,3154002,193,208
30909154003-MON,MONCRIEFF,309091540,Southport - North,30909154003,3154003,277,300
30909154004-MON,MONCRIEFF,309091540,Southport - North,30909154004,3154004,469,504
30909154005-MON,MONCRIEFF,309091540,Southport - North,30909154005,3154005,194,193
30909154006-MON,MONCRIEFF,309091540,Southport - North,30909154006,3154006,397,394
30909154007-MON,MONCRIEFF,309091540,Southport - North,30909154007,3154007,235,261
30909154008-MON,MONCRIEFF,309091540,Southport - North,30909154008,3154008,203,230
30909154009-MON,MONCRIEFF,309091540,Southport - North,30909154009,3154009,317,342
30909154010-MON,MONCRIEFF,309091540,Southport - North,30909154010,3154010,243,254
30909154011-MON,MONCRIEFF,309091540,Southport - North,30909154011,3154011,54,67
30909154012-MON,MONCRIEFF,309091540,Southport - North,30909154012,3154012,427,424
30909154013-MON,MONCRIEFF,309091540,Southport - North,30909154013,3154013,322,360
30909154014-MON,MONCRIEFF,309091540,Southport - North,30909154014,3154014,282,301
30909154015-MON,MONCRIEFF,309091540,Southport - North,30909154015,3154015,306,341
30909154016-MON,MONCRIEFF,309091540,Southport - North,30909154016,3154016,368,390
30909154017-MON,MONCRIEFF,309091540,Southport - North,30909154017,3154017,366,363
30909154018-MON,MONCRIEFF,309091540,Southport - North,30909154018,3154018,145,159
30909154019-MON,MONCRIEFF,309091540,Southport - North,30909154019,3154019,196,195
30909154020-MON,MONCRIEFF,309091540,Southport - North,30909154020,3154020,342,358
30909154022-MON,MONCRIEFF,309091540,Southport - North,30909154022,3154022,307,333
30909154023-MON,MONCRIEFF,309091540,Southport - North,30909154023,3154023,274,296
30909154024-MON,MONCRIEFF,309091540,Southport - North,30909154024,3154024,1,1
30909154026-MON,MONCRIEFF,309091540,Southport - North,30909154026,3154026,285,296
30909154027-MON,MONCRIEFF,309091540,Southport - North,30909154027,3154027,243,252
30909154028-FAD,FADDEN,309091540,Southport - North,30909154028,3154028,293,331
30909154029-MON,MONCRIEFF,309091540,Southport - North,30909154029,3154029,288,296
30909154031-MON,MONCRIEFF,309091540,Southport - North,30909154031,3154031,492,547
30909154032-MON,MONCRIEFF,309091540,Southport - North,30909154032,3154032,131,139
30909154033-MON,MONCRIEFF,309091540,Southport - North,30909154033,3154033,478,518
30909154034-MON,MONCRIEFF,309091540,Southport - North,30909154034,3154034,128,134
30909154035-MON,MONCRIEFF,309091540,Southport - North,30909154035,3154035,238,254
30909154036-MON,MONCRIEFF,309091540,Southport - North,30909154036,3154036,214,212
30909154037-MON,MONCRIEFF,309091540,Southport - North,30909154037,3154037,381,410
30909154038-MON,MONCRIEFF,309091540,Southport - North,30909154038,3154038,444,472
30909154039-MON,MONCRIEFF,309091540,Southport - North,30909154039,3154039,103,110
30909154040-MON,MONCRIEFF,309091540,Southport - North,30909154040,3154040,228,254
30909154041-MON,MONCRIEFF,309091540,Southport - North,30909154041,3154041,386,411
30909154101-MON,MONCRIEFF,309091541,Southport - South,30909154101,3154101,331,359
30909154102-MON,MONCRIEFF,309091541,Southport - South,30909154102,3154102,236,240
30909154103-MON,MONCRIEFF,309091541,Southport - South,30909154103,3154103,356,364
30909154104-MON,MONCRIEFF,309091541,Southport - South,30909154104,3154104,468,461
30909154105-MON,MONCRIEFF,309091541,Southport - South,30909154105,3154105,437,431
30909154106-MON,MONCRIEFF,309091541,Southport - South,30909154106,3154106,189,195
30909154107-MON,MONCRIEFF,309091541,Southport - South,30909154107,3154107,323,358
30909154108-MON,MONCRIEFF,309091541,Southport - South,30909154108,3154108,342,361
30909154109-MON,MONCRIEFF,309091541,Southport - South,30909154109,3154109,420,426
30909154110-MON,MONCRIEFF,309091541,Southport - South,30909154110,3154110,256,283
30909154111-MON,MONCRIEFF,309091541,Southport - South,30909154111,3154111,376,393
30909154112-MON,MONCRIEFF,309091541,Southport - South,30909154112,3154112,309,340
30909154113-MON,MONCRIEFF,309091541,Southport - South,30909154113,3154113,498,526
30909154114-MON,MONCRIEFF,309091541,Southport - South,30909154114,3154114,367,382
30909154115-MON,MONCRIEFF,309091541,Southport - South,30909154115,3154115,274,288
30909154116-MON,MONCRIEFF,309091541,Southport - South,30909154116,3154116,344,339
30909154117-MON,MONCRIEFF,309091541,Southport - South,30909154117,3154117,386,404
30909154118-MON,MONCRIEFF,309091541,Southport - South,30909154118,3154118,318,332
30909154119-MON,MONCRIEFF,309091541,Southport - South,30909154119,3154119,194,207
30909154120-MON,MONCRIEFF,309091541,Southport - South,30909154120,3154120,473,493
30909154121-MON,MONCRIEFF,309091541,Southport - South,30909154121,3154121,417,458
30909154123-MON,MONCRIEFF,309091541,Southport - South,30909154123,3154123,400,421
30909154124-MON,MONCRIEFF,309091541,Southport - South,30909154124,3154124,383,408
30909154125-MON,MONCRIEFF,309091541,Southport - South,30909154125,3154125,273,295
30909154126-MON,MONCRIEFF,309091541,Southport - South,30909154126,3154126,268,278
30909154127-MON,MONCRIEFF,309091541,Southport - South,30909154127,3154127,182,179
30909154128-MON,MONCRIEFF,309091541,Southport - South,30909154128,3154128,279,295
30909154129-MON,MONCRIEFF,309091541,Southport - South,30909154129,3154129,225,229
30909154130-MON,MONCRIEFF,309091541,Southport - South,30909154130,3154130,212,238
30909154131-MON,MONCRIEFF,309091541,Southport - South,30909154131,3154131,388,414
30909154132-MON,MONCRIEFF,309091541,Southport - South,30909154132,3154132,299,320
30909154133-MON,MONCRIEFF,309091541,Southport - South,30909154133,3154133,236,232
30909154134-MON,MONCRIEFF,309091541,Southport - South,30909154134,3154134,221,236
30909154135-MON,MONCRIEFF,309091541,Southport - South,30909154135,3154135,0,0
30909154136-MON,MONCRIEFF,309091541,Southport - South,30909154136,3154136,343,366
30909154137-MON,MONCRIEFF,309091541,Southport - South,30909154137,3154137,167,177
30909154138-MON,MONCRIEFF,309091541,Southport - South,30909154138,3154138,454,461
30909154139-MON,MONCRIEFF,309091541,Southport - South,30909154139,3154139,547,590
30909154140-MON,MONCRIEFF,309091541,Southport - South,30909154140,3154140,208,212
30909154141-MON,MONCRIEFF,309091541,Southport - South,30909154141,3154141,256,268
31605154301-WID,WIDE BAY,316051543,Peregian Beach - Marcus Beach,31605154301,3154301,381,398
31605154302-WID,WIDE BAY,316051543,Peregian Beach - Marcus Beach,31605154302,3154302,483,472
31605154303-WID,WIDE BAY,316051543,Peregian Beach - Marcus Beach,31605154303,3154303,364,380
31605154304-WID,WIDE BAY,316051543,Peregian Beach - Marcus Beach,31605154304,3154304,260,267
31605154305-WID,WIDE BAY,316051543,Peregian Beach - Marcus Beach,31605154305,3154305,434,419
31605154306-WID,WIDE BAY,316051543,Peregian Beach - Marcus Beach,31605154306,3154306,281,284
31605154307-WID,WIDE BAY,316051543,Peregian Beach - Marcus Beach,31605154307,3154307,264,268
31605154308-WID,WIDE BAY,316051543,Peregian Beach - Marcus Beach,31605154308,3154308,12,12
31605154309-WID,WIDE BAY,316051543,Peregian Beach - Marcus Beach,31605154309,3154309,262,258
31605154310-WID,WIDE BAY,316051543,Peregian Beach - Marcus Beach,31605154310,3154310,273,278
31605154311-WID,WIDE BAY,316051543,Peregian Beach - Marcus Beach,31605154311,3154311,283,287
31605154402-FAI,FAIRFAX,316051544,Peregian Springs,31605154402,3154402,391,423
31605154403-FAI,FAIRFAX,316051544,Peregian Springs,31605154403,3154403,373,394
31605154405-FAI,FAIRFAX,316051544,Peregian Springs,31605154405,3154405,438,480
31605154406-FAI,FAIRFAX,316051544,Peregian Springs,31605154406,3154406,435,460
31605154407-FAI,FAIRFAX,316051544,Peregian Springs,31605154407,3154407,467,482
31605154408-FAI,FAIRFAX,316051544,Peregian Springs,31605154408,3154408,281,304
31605154410-FAI,FAIRFAX,316051544,Peregian Springs,31605154410,3154410,354,373
31605154411-FAI,FAIRFAX,316051544,Peregian Springs,31605154411,3154411,275,272
31605154412-FAI,FAIRFAX,316051544,Peregian Springs,31605154412,3154412,461,494
31605154413-FAI,FAIRFAX,316051544,Peregian Springs,31605154413,3154413,241,258
31605154414-FAI,FAIRFAX,316051544,Peregian Springs,31605154414,3154414,347,369
31605154415-FAI,FAIRFAX,316051544,Peregian Springs,31605154415,3154415,271,297
31605154417-FAI,FAIRFAX,316051544,Peregian Springs,31605154417,3154417,428,447
31605154418-FAI,FAIRFAX,316051544,Peregian Springs,31605154418,3154418,342,360
31605154419-FAI,FAIRFAX,316051544,Peregian Springs,31605154419,3154419,328,362
31605154420-FAI,FAIRFAX,316051544,Peregian Springs,31605154420,3154420,285,313
31605154421-FAI,FAIRFAX,316051544,Peregian Springs,31605154421,3154421,507,565
31605154423-FAI,FAIRFAX,316051544,Peregian Springs,31605154423,3154423,263,275
31605154424-FAI,FAIRFAX,316051544,Peregian Springs,31605154424,3154424,412,426
31605154425-FAI,FAIRFAX,316051544,Peregian Springs,31605154425,3154425,390,399
31607154502-FAI,FAIRFAX,316071545,Bli Bli,31607154502,3154502,666,720
31607154503-FAI,FAIRFAX,316071545,Bli Bli,31607154503,3154503,298,319
31607154504-FAI,FAIRFAX,316071545,Bli Bli,31607154504,3154504,273,276
31607154505-FAI,FAIRFAX,316071545,Bli Bli,31607154505,3154505,399,408
31607154506-FAI,FAIRFAX,316071545,Bli Bli,31607154506,3154506,434,450
31607154507-FAI,FAIRFAX,316071545,Bli Bli,31607154507,3154507,524,542
31607154508-FAI,FAIRFAX,316071545,Bli Bli,31607154508,3154508,426,449
31607154509-FAI,FAIRFAX,316071545,Bli Bli,31607154509,3154509,199,195
31607154510-FAI,FAIRFAX,316071545,Bli Bli,31607154510,3154510,266,261
31607154511-FAI,FAIRFAX,316071545,Bli Bli,31607154511,3154511,0,0
31607154513-FAI,FAIRFAX,316071545,Bli Bli,31607154513,3154513,234,235
31607154514-FAI,FAIRFAX,316071545,Bli Bli,31607154514,3154514,282,299
31607154516-FAI,FAIRFAX,316071545,Bli Bli,31607154516,3154516,188,201
31607154518-FAI,FAIRFAX,316071545,Bli Bli,31607154518,3154518,361,355
31607154519-FAI,FAIRFAX,316071545,Bli Bli,31607154519,3154519,289,311
31607154520-FAI,FAIRFAX,316071545,Bli Bli,31607154520,3154520,174,171
31607154521-FAI,FAIRFAX,316071545,Bli Bli,31607154521,3154521,381,374
31607154522-FAI,FAIRFAX,316071545,Bli Bli,31607154522,3154522,234,252
31607154523-FAI,FAIRFAX,316071545,Bli Bli,31607154523,3154523,379,409
31607154524-FAI,FAIRFAX,316071545,Bli Bli,31607154524,3154524,440,452
31607154525-FAI,FAIRFAX,316071545,Bli Bli,31607154525,3154525,265,280
31607154526-FAI,FAIRFAX,316071545,Bli Bli,31607154526,3154526,348,366
31607154527-FAI,FAIRFAX,316071545,Bli Bli,31607154527,3154527,272,295
31607154528-FAI,FAIRFAX,316071545,Bli Bli,31607154528,3154528,618,665
31607154529-FAI,FAIRFAX,316071545,Bli Bli,31607154529,3154529,271,286
31607154530-FAI,FAIRFAX,316071545,Bli Bli,31607154530,3154530,377,395
31607154601-FAI,FAIRFAX,316071546,Diddillibah - Rosemount,31607154601,3154601,375,376
31607154602-FAI,FAIRFAX,316071546,Diddillibah - Rosemount,31607154602,3154602,332,353
31607154603-FAI,FAIRFAX,316071546,Diddillibah - Rosemount,31607154603,3154603,179,181
31607154604-FAI,FAIRFAX,316071546,Diddillibah - Rosemount,31607154604,3154604,564,561
31607154605-FAI,FAIRFAX,316071546,Diddillibah - Rosemount,31607154605,3154605,387,402
31607154606-FAI,FAIRFAX,316071546,Diddillibah - Rosemount,31607154606,3154606,280,289
31607154607-FAI,FAIRFAX,316071546,Diddillibah - Rosemount,31607154607,3154607,211,214
31607154608-FAI,FAIRFAX,316071546,Diddillibah - Rosemount,31607154608,3154608,438,476
31607154609-FAI,FAIRFAX,316071546,Diddillibah - Rosemount,31607154609,3154609,284,301
31607154610-FAI,FAIRFAX,316071546,Diddillibah - Rosemount,31607154610,3154610,271,277
31607154611-FAI,FAIRFAX,316071546,Diddillibah - Rosemount,31607154611,3154611,226,229
31607154701-FAI,FAIRFAX,316071547,Eumundi - Yandina,31607154701,3154701,400,432
31607154702-FAI,FAIRFAX,316071547,Eumundi - Yandina,31607154702,3154702,938,944
31607154703-FAI,FAIRFAX,316071547,Eumundi - Yandina,31607154703,3154703,218,230
31607154704-FAI,FAIRFAX,316071547,Eumundi - Yandina,31607154704,3154704,275,298
31607154705-FAI,FAIRFAX,316071547,Eumundi - Yandina,31607154705,3154705,628,663
31607154706-FAI,FAIRFAX,316071547,Eumundi - Yandina,31607154706,3154706,650,674
31607154707-FAI,FAIRFAX,316071547,Eumundi - Yandina,31607154707,3154707,679,709
31607154708-FAI,FAIRFAX,316071547,Eumundi - Yandina,31607154708,3154708,261,282
31607154709-FAI,FAIRFAX,316071547,Eumundi - Yandina,31607154709,3154709,397,434
31607154710-FAI,FAIRFAX,316071547,Eumundi - Yandina,31607154710,3154710,160,170
31607154711-FAI,FAIRFAX,316071547,Eumundi - Yandina,31607154711,3154711,417,423
31607154712-FAI,FAIRFAX,316071547,Eumundi - Yandina,31607154712,3154712,632,656
31607154713-FAI,FAIRFAX,316071547,Eumundi - Yandina,31607154713,3154713,612,656
31607154714-FAI,FAIRFAX,316071547,Eumundi - Yandina,31607154714,3154714,412,435
31607154715-FAI,FAIRFAX,316071547,Eumundi - Yandina,31607154715,3154715,617,642
31607154716-FAI,FAIRFAX,316071547,Eumundi - Yandina,31607154716,3154716,623,611
31607154717-FAI,FAIRFAX,316071547,Eumundi - Yandina,31607154717,3154717,234,256
31607154718-FAI,FAIRFAX,316071547,Eumundi - Yandina,31607154718,3154718,306,300
31607154719-FAI,FAIRFAX,316071547,Eumundi - Yandina,31607154719,3154719,242,253
31607154720-FAI,FAIRFAX,316071547,Eumundi - Yandina,31607154720,3154720,305,319
31607154721-FAI,FAIRFAX,316071547,Eumundi - Yandina,31607154721,3154721,788,845
31607154722-FAI,FAIRFAX,316071547,Eumundi - Yandina,31607154722,3154722,270,285
31607154723-FAI,FAIRFAX,316071547,Eumundi - Yandina,31607154723,3154723,285,305
31607154723-WID,WIDE BAY,316071547,Eumundi - Yandina,31607154723,3154723,5,5
31607154801-FAI,FAIRFAX,316071548,Nambour,31607154801,3154801,295,303
31607154802-FAI,FAIRFAX,316071548,Nambour,31607154802,3154802,209,216
31607154803-FAI,FAIRFAX,316071548,Nambour,31607154803,3154803,377,393
31607154804-FAI,FAIRFAX,316071548,Nambour,31607154804,3154804,490,550
31607154805-FAI,FAIRFAX,316071548,Nambour,31607154805,3154805,312,326
31607154806-FAI,FAIRFAX,316071548,Nambour,31607154806,3154806,594,617
31607154807-FAI,FAIRFAX,316071548,Nambour,31607154807,3154807,331,353
31607154808-FAI,FAIRFAX,316071548,Nambour,31607154808,3154808,170,185
31607154809-FAI,FAIRFAX,316071548,Nambour,31607154809,3154809,277,295
31607154810-FAI,FAIRFAX,316071548,Nambour,31607154810,3154810,234,244
31607154811-FAI,FAIRFAX,316071548,Nambour,31607154811,3154811,277,286
31607154812-FAI,FAIRFAX,316071548,Nambour,31607154812,3154812,311,338
31607154813-FAI,FAIRFAX,316071548,Nambour,31607154813,3154813,654,666
31607154814-FAI,FAIRFAX,316071548,Nambour,31607154814,3154814,235,231
31607154816-FAI,FAIRFAX,316071548,Nambour,31607154816,3154816,168,170
31607154817-FAI,FAIRFAX,316071548,Nambour,31607154817,3154817,589,607
31607154818-FAI,FAIRFAX,316071548,Nambour,31607154818,3154818,266,286
31607154819-FAI,FAIRFAX,316071548,Nambour,31607154819,3154819,276,287
31607154820-FAI,FAIRFAX,316071548,Nambour,31607154820,3154820,442,458
31607154821-FAI,FAIRFAX,316071548,Nambour,31607154821,3154821,282,297
31607154822-FAI,FAIRFAX,316071548,Nambour,31607154822,3154822,218,245
31607154823-FAI,FAIRFAX,316071548,Nambour,31607154823,3154823,325,320
31607154824-FAI,FAIRFAX,316071548,Nambour,31607154824,3154824,366,382
31607154826-FAI,FAIRFAX,316071548,Nambour,31607154826,3154826,607,631
31607154827-FAI,FAIRFAX,316071548,Nambour,31607154827,3154827,392,412
31607154828-FAI,FAIRFAX,316071548,Nambour,31607154828,3154828,437,446
31607154829-FAI,FAIRFAX,316071548,Nambour,31607154829,3154829,403,419
31607154830-FAI,FAIRFAX,316071548,Nambour,31607154830,3154830,373,389
31607154831-FAI,FAIRFAX,316071548,Nambour,31607154831,3154831,528,542
31607154832-FAI,FAIRFAX,316071548,Nambour,31607154832,3154832,486,479
31607154833-FAI,FAIRFAX,316071548,Nambour,31607154833,3154833,307,337
31607154834-FAI,FAIRFAX,316071548,Nambour,31607154834,3154834,478,547
31607154835-FAI,FAIRFAX,316071548,Nambour,31607154835,3154835,376,408
31607154836-FAI,FAIRFAX,316071548,Nambour,31607154836,3154836,610,628
31607154837-FAI,FAIRFAX,316071548,Nambour,31607154837,3154837,315,319
31607154838-FAI,FAIRFAX,316071548,Nambour,31607154838,3154838,297,311
31607154839-FAI,FAIRFAX,316071548,Nambour,31607154839,3154839,310,317
31607154840-FAI,FAIRFAX,316071548,Nambour,31607154840,3154840,241,264
31607154841-FAI,FAIRFAX,316071548,Nambour,31607154841,3154841,367,394
31607154842-FAI,FAIRFAX,316071548,Nambour,31607154842,3154842,329,350
31607154843-FAI,FAIRFAX,316071548,Nambour,31607154843,3154843,449,461
31607154844-FAI,FAIRFAX,316071548,Nambour,31607154844,3154844,395,421
31607154845-FAI,FAIRFAX,316071548,Nambour,31607154845,3154845,486,547
31607154846-FAI,FAIRFAX,316071548,Nambour,31607154846,3154846,403,439
31607154847-FAI,FAIRFAX,316071548,Nambour,31607154847,3154847,259,280
31607154848-FAI,FAIRFAX,316071548,Nambour,31607154848,3154848,213,219
31607154849-FAI,FAIRFAX,316071548,Nambour,31607154849,3154849,252,266
31607154850-FAI,FAIRFAX,316071548,Nambour,31607154850,3154850,434,447
31607154851-FAI,FAIRFAX,316071548,Nambour,31607154851,3154851,322,335
31608154901-WID,WIDE BAY,316081549,Noosa Hinterland,31608154901,3154901,644,653
31608154902-WID,WIDE BAY,316081549,Noosa Hinterland,31608154902,3154902,223,230
31608154903-WID,WIDE BAY,316081549,Noosa Hinterland,31608154903,3154903,388,402
31608154904-FAI,FAIRFAX,316081549,Noosa Hinterland,31608154904,3154904,349,350
31608154905-FAI,FAIRFAX,316081549,Noosa Hinterland,31608154905,3154905,411,418
31608154906-WID,WIDE BAY,316081549,Noosa Hinterland,31608154906,3154906,408,420
31608154907-WID,WIDE BAY,316081549,Noosa Hinterland,31608154907,3154907,440,448
31608154908-WID,WIDE BAY,316081549,Noosa Hinterland,31608154908,3154908,181,191
31608154909-WID,WIDE BAY,316081549,Noosa Hinterland,31608154909,3154909,380,384
31608154910-WID,WIDE BAY,316081549,Noosa Hinterland,31608154910,3154910,554,564
31608154911-WID,WIDE BAY,316081549,Noosa Hinterland,31608154911,3154911,448,462
31608154912-WID,WIDE BAY,316081549,Noosa Hinterland,31608154912,3154912,286,294
31608154913-FAI,FAIRFAX,316081549,Noosa Hinterland,31608154913,3154913,269,279
31608154914-WID,WIDE BAY,316081549,Noosa Hinterland,31608154914,3154914,528,532
31608154915-WID,WIDE BAY,316081549,Noosa Hinterland,31608154915,3154915,307,319
31608154916-WID,WIDE BAY,316081549,Noosa Hinterland,31608154916,3154916,457,486
31608154917-WID,WIDE BAY,316081549,Noosa Hinterland,31608154917,3154917,348,339
31608154918-WID,WIDE BAY,316081549,Noosa Hinterland,31608154918,3154918,362,379
31608154919-WID,WIDE BAY,316081549,Noosa Hinterland,31608154919,3154919,353,362
31608154920-WID,WIDE BAY,316081549,Noosa Hinterland,31608154920,3154920,416,414
31608154921-WID,WIDE BAY,316081549,Noosa Hinterland,31608154921,3154921,221,219
31608154922-WID,WIDE BAY,316081549,Noosa Hinterland,31608154922,3154922,421,426
31608154923-WID,WIDE BAY,316081549,Noosa Hinterland,31608154923,3154923,293,316
31608154924-WID,WIDE BAY,316081549,Noosa Hinterland,31608154924,3154924,365,402
31608154925-WID,WIDE BAY,316081549,Noosa Hinterland,31608154925,3154925,243,251
31608154926-WID,WIDE BAY,316081549,Noosa Hinterland,31608154926,3154926,213,218
31608154927-WID,WIDE BAY,316081549,Noosa Hinterland,31608154927,3154927,208,218
31608154928-FAI,FAIRFAX,316081549,Noosa Hinterland,31608154928,3154928,326,340
31608154929-WID,WIDE BAY,316081549,Noosa Hinterland,31608154929,3154929,168,176
31608154930-FAI,FAIRFAX,316081549,Noosa Hinterland,31608154930,3154930,368,372
31608154931-WID,WIDE BAY,316081549,Noosa Hinterland,31608154931,3154931,283,298
31608154932-WID,WIDE BAY,316081549,Noosa Hinterland,31608154932,3154932,573,602
31608154933-WID,WIDE BAY,316081549,Noosa Hinterland,31608154933,3154933,292,292
31608154934-WID,WIDE BAY,316081549,Noosa Hinterland,31608154934,3154934,422,446
31608154935-FAI,FAIRFAX,316081549,Noosa Hinterland,31608154935,3154935,318,339
31608154936-WID,WIDE BAY,316081549,Noosa Hinterland,31608154936,3154936,292,292
31608154937-WID,WIDE BAY,316081549,Noosa Hinterland,31608154937,3154937,340,363
31608154938-FAI,FAIRFAX,316081549,Noosa Hinterland,31608154938,3154938,235,244
31608154939-WID,WIDE BAY,316081549,Noosa Hinterland,31608154939,3154939,314,306
31608154940-WID,WIDE BAY,316081549,Noosa Hinterland,31608154940,3154940,151,154
31608154941-WID,WIDE BAY,316081549,Noosa Hinterland,31608154941,3154941,388,387
31608154942-WID,WIDE BAY,316081549,Noosa Hinterland,31608154942,3154942,534,571
31608154943-WID,WIDE BAY,316081549,Noosa Hinterland,31608154943,3154943,447,482
31608154944-FAI,FAIRFAX,316081549,Noosa Hinterland,31608154944,3154944,197,207
31608154944-WID,WIDE BAY,316081549,Noosa Hinterland,31608154944,3154944,91,96
31608154945-WID,WIDE BAY,316081549,Noosa Hinterland,31608154945,3154945,549,558
31608154946-WID,WIDE BAY,316081549,Noosa Hinterland,31608154946,3154946,327,350
31608154947-WID,WIDE BAY,316081549,Noosa Hinterland,31608154947,3154947,338,335
31608154948-WID,WIDE BAY,316081549,Noosa Hinterland,31608154948,3154948,330,330
31608154949-WID,WIDE BAY,316081549,Noosa Hinterland,31608154949,3154949,298,315
31608154950-WID,WIDE BAY,316081549,Noosa Hinterland,31608154950,3154950,199,209
31608154951-WID,WIDE BAY,316081549,Noosa Hinterland,31608154951,3154951,439,435
31608154952-WID,WIDE BAY,316081549,Noosa Hinterland,31608154952,3154952,242,253
31608154953-WID,WIDE BAY,316081549,Noosa Hinterland,31608154953,3154953,459,458
31608154954-WID,WIDE BAY,316081549,Noosa Hinterland,31608154954,3154954,306,334
31608154955-WID,WIDE BAY,316081549,Noosa Hinterland,31608154955,3154955,437,460
31608154956-WID,WIDE BAY,316081549,Noosa Hinterland,31608154956,3154956,302,303
31608154957-WID,WIDE BAY,316081549,Noosa Hinterland,31608154957,3154957,239,249
31608154958-WID,WIDE BAY,316081549,Noosa Hinterland,31608154958,3154958,308,317
31608154959-WID,WIDE BAY,316081549,Noosa Hinterland,31608154959,3154959,192,193
30102155001-BOW,BOWMAN,301021550,North Stradbroke Island,30102155001,3155001,267,270
30102155002-BOW,BOWMAN,301021550,North Stradbroke Island,30102155002,3155002,198,193
30102155003-BOW,BOWMAN,301021550,North Stradbroke Island,30102155003,3155003,234,231
30102155004-BOW,BOWMAN,301021550,North Stradbroke Island,30102155004,3155004,253,261
30102155005-BOW,BOWMAN,301021550,North Stradbroke Island,30102155005,3155005,372,376
30102155006-BOW,BOWMAN,301021550,North Stradbroke Island,30102155006,3155006,145,143
30102155007-BOW,BOWMAN,301021550,North Stradbroke Island,30102155007,3155007,275,275
30102155008-BOW,BOWMAN,301021550,North Stradbroke Island,30102155008,3155008,89,88
30102155101-BOW,BOWMAN,301021551,Southern Moreton Bay Islands,30102155101,3155101,331,355
30102155102-BOW,BOWMAN,301021551,Southern Moreton Bay Islands,30102155102,3155102,0,0
30102155103-BOW,BOWMAN,301021551,Southern Moreton Bay Islands,30102155103,3155103,452,495
30102155104-BOW,BOWMAN,301021551,Southern Moreton Bay Islands,30102155104,3155104,513,511
30102155105-BOW,BOWMAN,301021551,Southern Moreton Bay Islands,30102155105,3155105,398,418
30102155106-BOW,BOWMAN,301021551,Southern Moreton Bay Islands,30102155106,3155106,334,359
30102155107-BOW,BOWMAN,301021551,Southern Moreton Bay Islands,30102155107,3155107,372,400
30102155108-BOW,BOWMAN,301021551,Southern Moreton Bay Islands,30102155108,3155108,242,267
30102155109-BOW,BOWMAN,301021551,Southern Moreton Bay Islands,30102155109,3155109,262,289
30102155110-BOW,BOWMAN,301021551,Southern Moreton Bay Islands,30102155110,3155110,386,424
30102155111-BOW,BOWMAN,301021551,Southern Moreton Bay Islands,30102155111,3155111,362,405
30102155112-BOW,BOWMAN,301021551,Southern Moreton Bay Islands,30102155112,3155112,215,214
30102155113-BOW,BOWMAN,301021551,Southern Moreton Bay Islands,30102155113,3155113,537,576
30102155114-BOW,BOWMAN,301021551,Southern Moreton Bay Islands,30102155114,3155114,614,655
30102155115-BOW,BOWMAN,301021551,Southern Moreton Bay Islands,30102155115,3155115,298,297
30102155116-BOW,BOWMAN,301021551,Southern Moreton Bay Islands,30102155116,3155116,166,179
30102155117-BOW,BOWMAN,301021551,Southern Moreton Bay Islands,30102155117,3155117,335,359
30102155118-BOW,BOWMAN,301021551,Southern Moreton Bay Islands,30102155118,3155118,322,321
30102155119-BOW,BOWMAN,301021551,Southern Moreton Bay Islands,30102155119,3155119,112,121
30102155120-BOW,BOWMAN,301021551,Southern Moreton Bay Islands,30102155120,3155120,324,359
30102155121-BOW,BOWMAN,301021551,Southern Moreton Bay Islands,30102155121,3155121,252,269
30102155122-BOW,BOWMAN,301021551,Southern Moreton Bay Islands,30102155122,3155122,441,498
30102155123-BOW,BOWMAN,301021551,Southern Moreton Bay Islands,30102155123,3155123,368,409
30102155124-BOW,BOWMAN,301021551,Southern Moreton Bay Islands,30102155124,3155124,589,610
30102155125-BOW,BOWMAN,301021551,Southern Moreton Bay Islands,30102155125,3155125,380,419
30102155126-BOW,BOWMAN,301021551,Southern Moreton Bay Islands,30102155126,3155126,309,335
30907155201-FAD,FADDEN,309071552,Ormeau (East) - Stapylton,30907155201,3155201,657,687
30907155202-FAD,FADDEN,309071552,Ormeau (East) - Stapylton,30907155202,3155202,275,291
30907155203-FAD,FADDEN,309071552,Ormeau (East) - Stapylton,30907155203,3155203,358,370
30907155204-FAD,FADDEN,309071552,Ormeau (East) - Stapylton,30907155204,3155204,300,338
30907155205-FAD,FADDEN,309071552,Ormeau (East) - Stapylton,30907155205,3155205,268,280
30907155206-FAD,FADDEN,309071552,Ormeau (East) - Stapylton,30907155206,3155206,206,227
30907155207-FAD,FADDEN,309071552,Ormeau (East) - Stapylton,30907155207,3155207,187,209
30907155208-FAD,FADDEN,309071552,Ormeau (East) - Stapylton,30907155208,3155208,353,371
30907155209-FAD,FADDEN,309071552,Ormeau (East) - Stapylton,30907155209,3155209,358,381
30907155210-FAD,FADDEN,309071552,Ormeau (East) - Stapylton,30907155210,3155210,343,395
30907155211-FAD,FADDEN,309071552,Ormeau (East) - Stapylton,30907155211,3155211,350,369
30907155212-FAD,FADDEN,309071552,Ormeau (East) - Stapylton,30907155212,3155212,7,7
30907155213-FAD,FADDEN,309071552,Ormeau (East) - Stapylton,30907155213,3155213,377,402
30907155214-FAD,FADDEN,309071552,Ormeau (East) - Stapylton,30907155214,3155214,262,272
30907155215-FAD,FADDEN,309071552,Ormeau (East) - Stapylton,30907155215,3155215,229,241
30907155216-FAD,FADDEN,309071552,Ormeau (East) - Stapylton,30907155216,3155216,286,296
30907155217-FAD,FADDEN,309071552,Ormeau (East) - Stapylton,30907155217,3155217,256,282
30907155218-FAD,FADDEN,309071552,Ormeau (East) - Stapylton,30907155218,3155218,275,272
30907155219-FAD,FADDEN,309071552,Ormeau (East) - Stapylton,30907155219,3155219,176,194
30907155220-FAD,FADDEN,309071552,Ormeau (East) - Stapylton,30907155220,3155220,177,175
30907155221-FAD,FADDEN,309071552,Ormeau (East) - Stapylton,30907155221,3155221,153,164
30907155222-FAD,FADDEN,309071552,Ormeau (East) - Stapylton,30907155222,3155222,681,763
30907155223-FAD,FADDEN,309071552,Ormeau (East) - Stapylton,30907155223,3155223,175,190
30907155224-FAD,FADDEN,309071552,Ormeau (East) - Stapylton,30907155224,3155224,252,292
30907155301-FOR,FORDE,309071553,Ormeau (West) - Yatala,30907155301,3155301,290,286
30907155302-FOR,FORDE,309071553,Ormeau (West) - Yatala,30907155302,3155302,348,382
30907155303-FOR,FORDE,309071553,Ormeau (West) - Yatala,30907155303,3155303,275,293
30907155304-FOR,FORDE,309071553,Ormeau (West) - Yatala,30907155304,3155304,222,231
30907155305-FOR,FORDE,309071553,Ormeau (West) - Yatala,30907155305,3155305,305,323
30907155306-FOR,FORDE,309071553,Ormeau (West) - Yatala,30907155306,3155306,132,143
30907155307-FOR,FORDE,309071553,Ormeau (West) - Yatala,30907155307,3155307,289,285
30907155308-FOR,FORDE,309071553,Ormeau (West) - Yatala,30907155308,3155308,708,755
30907155309-FOR,FORDE,309071553,Ormeau (West) - Yatala,30907155309,3155309,206,216
30907155310-FOR,FORDE,309071553,Ormeau (West) - Yatala,30907155310,3155310,338,375
30907155311-FOR,FORDE,309071553,Ormeau (West) - Yatala,30907155311,3155311,339,366
30907155312-FOR,FORDE,309071553,Ormeau (West) - Yatala,30907155312,3155312,504,527
30907155313-FOR,FORDE,309071553,Ormeau (West) - Yatala,30907155313,3155313,146,152
30907155314-FOR,FORDE,309071553,Ormeau (West) - Yatala,30907155314,3155314,384,407
30907155315-FOR,FORDE,309071553,Ormeau (West) - Yatala,30907155315,3155315,168,185
30907155316-FOR,FORDE,309071553,Ormeau (West) - Yatala,30907155316,3155316,177,190
30907155317-FOR,FORDE,309071553,Ormeau (West) - Yatala,30907155317,3155317,320,327
30907155318-FOR,FORDE,309071553,Ormeau (West) - Yatala,30907155318,3155318,31,33
30907155319-FOR,FORDE,309071553,Ormeau (West) - Yatala,30907155319,3155319,316,312
30907155320-FOR,FORDE,309071553,Ormeau (West) - Yatala,30907155320,3155320,430,465
30907155321-FOR,FORDE,309071553,Ormeau (West) - Yatala,30907155321,3155321,209,228
30907155322-FOR,FORDE,309071553,Ormeau (West) - Yatala,30907155322,3155322,146,158
30907155323-FOR,FORDE,309071553,Ormeau (West) - Yatala,30907155323,3155323,380,395
30907155324-FOR,FORDE,309071553,Ormeau (West) - Yatala,30907155324,3155324,226,252
30907155325-FOR,FORDE,309071553,Ormeau (West) - Yatala,30907155325,3155325,256,274
30907155326-FOR,FORDE,309071553,Ormeau (West) - Yatala,30907155326,3155326,417,426
30907155327-FOR,FORDE,309071553,Ormeau (West) - Yatala,30907155327,3155327,273,269
30907155328-FOR,FORDE,309071553,Ormeau (West) - Yatala,30907155328,3155328,215,223
30907155329-FOR,FORDE,309071553,Ormeau (West) - Yatala,30907155329,3155329,316,343
30907155401-FAD,FADDEN,309071554,Pimpama - North,30907155401,3155401,387,426
30907155402-FAD,FADDEN,309071554,Pimpama - North,30907155402,3155402,112,129
30907155403-FAD,FADDEN,309071554,Pimpama - North,30907155403,3155403,246,276
30907155404-FAD,FADDEN,309071554,Pimpama - North,30907155404,3155404,70,74
30907155405-FAD,FADDEN,309071554,Pimpama - North,30907155405,3155405,244,261
30907155406-FAD,FADDEN,309071554,Pimpama - North,30907155406,3155406,392,459
30907155407-FAD,FADDEN,309071554,Pimpama - North,30907155407,3155407,188,221
30907155408-FAD,FADDEN,309071554,Pimpama - North,30907155408,3155408,327,330
30907155409-FAD,FADDEN,309071554,Pimpama - North,30907155409,3155409,196,219
30907155410-FAD,FADDEN,309071554,Pimpama - North,30907155410,3155410,251,278
30907155411-FAD,FADDEN,309071554,Pimpama - North,30907155411,3155411,497,553
30907155413-FAD,FADDEN,309071554,Pimpama - North,30907155413,3155413,258,275
30907155414-FAD,FADDEN,309071554,Pimpama - North,30907155414,3155414,249,272
30907155415-FAD,FADDEN,309071554,Pimpama - North,30907155415,3155415,513,553
30907155416-FAD,FADDEN,309071554,Pimpama - North,30907155416,3155416,176,201
30907155417-FAD,FADDEN,309071554,Pimpama - North,30907155417,3155417,115,130
30907155418-FAD,FADDEN,309071554,Pimpama - North,30907155418,3155418,701,708
30907155419-FAD,FADDEN,309071554,Pimpama - North,30907155419,3155419,195,214
30907155420-FAD,FADDEN,309071554,Pimpama - North,30907155420,3155420,929,1022
30907155421-FAD,FADDEN,309071554,Pimpama - North,30907155421,3155421,324,354
30907155422-FAD,FADDEN,309071554,Pimpama - North,30907155422,3155422,227,229
30907155423-FAD,FADDEN,309071554,Pimpama - North,30907155423,3155423,225,243
30907155424-FAD,FADDEN,309071554,Pimpama - North,30907155424,3155424,273,302
30907155501-FAD,FADDEN,309071555,Pimpama - South,30907155501,3155501,171,172
30907155502-FAD,FADDEN,309071555,Pimpama - South,30907155502,3155502,234,258
30907155503-FAD,FADDEN,309071555,Pimpama - South,30907155503,3155503,358,428
30907155504-FAD,FADDEN,309071555,Pimpama - South,30907155504,3155504,224,238
30907155505-FAD,FADDEN,309071555,Pimpama - South,30907155505,3155505,302,325
30907155506-FAD,FADDEN,309071555,Pimpama - South,30907155506,3155506,250,266
30907155507-FAD,FADDEN,309071555,Pimpama - South,30907155507,3155507,184,201
30907155508-FAD,FADDEN,309071555,Pimpama - South,30907155508,3155508,256,270
30907155509-FAD,FADDEN,309071555,Pimpama - South,30907155509,3155509,181,203
30907155510-FAD,FADDEN,309071555,Pimpama - South,30907155510,3155510,298,323
30907155511-FAD,FADDEN,309071555,Pimpama - South,30907155511,3155511,334,366
30907155512-FAD,FADDEN,309071555,Pimpama - South,30907155512,3155512,282,311
30907155513-FAD,FADDEN,309071555,Pimpama - South,30907155513,3155513,237,261
30907155514-FAD,FADDEN,309071555,Pimpama - South,30907155514,3155514,409,435
30907155515-FAD,FADDEN,309071555,Pimpama - South,30907155515,3155515,244,268
30907155516-FAD,FADDEN,309071555,Pimpama - South,30907155516,3155516,181,200
30907155517-FAD,FADDEN,309071555,Pimpama - South,30907155517,3155517,0,0
30907155518-FAD,FADDEN,309071555,Pimpama - South,30907155518,3155518,323,355
30907155519-FAD,FADDEN,309071555,Pimpama - South,30907155519,3155519,261,284
30907155520-FAD,FADDEN,309071555,Pimpama - South,30907155520,3155520,288,307
30907155521-FAD,FADDEN,309071555,Pimpama - South,30907155521,3155521,260,261
30907155522-FAD,FADDEN,309071555,Pimpama - South,30907155522,3155522,243,287
30907155523-FAD,FADDEN,309071555,Pimpama - South,30907155523,3155523,279,304
30907155601-FOR,FORDE,309071556,Upper Coomera (South) - Wongawallan,30907155601,3155601,177,189
30907155602-FOR,FORDE,309071556,Upper Coomera (South) - Wongawallan,30907155602,3155602,356,375
30907155603-FOR,FORDE,309071556,Upper Coomera (South) - Wongawallan,30907155603,3155603,307,348
30907155604-FOR,FORDE,309071556,Upper Coomera (South) - Wongawallan,30907155604,3155604,450,492
30907155605-FOR,FORDE,309071556,Upper Coomera (South) - Wongawallan,30907155605,3155605,385,400
30907155606-FOR,FORDE,309071556,Upper Coomera (South) - Wongawallan,30907155606,3155606,0,0
30907155607-FOR,FORDE,309071556,Upper Coomera (South) - Wongawallan,30907155607,3155607,223,249
30907155608-FOR,FORDE,309071556,Upper Coomera (South) - Wongawallan,30907155608,3155608,174,190
30907155610-FOR,FORDE,309071556,Upper Coomera (South) - Wongawallan,30907155610,3155610,241,239
30907155611-FOR,FORDE,309071556,Upper Coomera (South) - Wongawallan,30907155611,3155611,378,407
30907155612-FOR,FORDE,309071556,Upper Coomera (South) - Wongawallan,30907155612,3155612,375,397
30907155613-FOR,FORDE,309071556,Upper Coomera (South) - Wongawallan,30907155613,3155613,333,342
30907155614-FOR,FORDE,309071556,Upper Coomera (South) - Wongawallan,30907155614,3155614,218,216
30907155615-FOR,FORDE,309071556,Upper Coomera (South) - Wongawallan,30907155615,3155615,124,134
30907155616-FOR,FORDE,309071556,Upper Coomera (South) - Wongawallan,30907155616,3155616,417,413
30907155617-FOR,FORDE,309071556,Upper Coomera (South) - Wongawallan,30907155617,3155617,252,260
30907155618-FOR,FORDE,309071556,Upper Coomera (South) - Wongawallan,30907155618,3155618,291,297
30907155619-FOR,FORDE,309071556,Upper Coomera (South) - Wongawallan,30907155619,3155619,138,153
30907155619-WRI,WRIGHT,309071556,Upper Coomera (South) - Wongawallan,30907155619,3155619,143,159
30907155620-FOR,FORDE,309071556,Upper Coomera (South) - Wongawallan,30907155620,3155620,240,276
30907155621-FOR,FORDE,309071556,Upper Coomera (South) - Wongawallan,30907155621,3155621,196,207
30907155622-FOR,FORDE,309071556,Upper Coomera (South) - Wongawallan,30907155622,3155622,209,215
30907155623-FOR,FORDE,309071556,Upper Coomera (South) - Wongawallan,30907155623,3155623,391,431
30907155624-FOR,FORDE,309071556,Upper Coomera (South) - Wongawallan,30907155624,3155624,291,309
30907155625-FOR,FORDE,309071556,Upper Coomera (South) - Wongawallan,30907155625,3155625,375,384
30907155626-FOR,FORDE,309071556,Upper Coomera (South) - Wongawallan,30907155626,3155626,470,485
30907155627-FOR,FORDE,309071556,Upper Coomera (South) - Wongawallan,30907155627,3155627,180,193
30907155628-FOR,FORDE,309071556,Upper Coomera (South) - Wongawallan,30907155628,3155628,305,318
30907155701-FOR,FORDE,309071557,Upper Coomera - North,30907155701,3155701,202,223
30907155702-FOR,FORDE,309071557,Upper Coomera - North,30907155702,3155702,326,348
30907155702-LON,LONGMAN,309071557,Upper Coomera - North,30907155702,3155702,0,0
30907155703-FOR,FORDE,309071557,Upper Coomera - North,30907155703,3155703,242,256
30907155704-FOR,FORDE,309071557,Upper Coomera - North,30907155704,3155704,200,217
30907155705-FOR,FORDE,309071557,Upper Coomera - North,30907155705,3155705,420,433
30907155706-FOR,FORDE,309071557,Upper Coomera - North,30907155706,3155706,303,330
30907155707-FOR,FORDE,309071557,Upper Coomera - North,30907155707,3155707,262,290
30907155708-FOR,FORDE,309071557,Upper Coomera - North,30907155708,3155708,201,199
30907155709-FOR,FORDE,309071557,Upper Coomera - North,30907155709,3155709,423,434
30907155710-FOR,FORDE,309071557,Upper Coomera - North,30907155710,3155710,318,332
30907155711-FOR,FORDE,309071557,Upper Coomera - North,30907155711,3155711,288,285
30907155712-FOR,FORDE,309071557,Upper Coomera - North,30907155712,3155712,215,234
30907155713-FOR,FORDE,309071557,Upper Coomera - North,30907155713,3155713,284,310
30907155714-FOR,FORDE,309071557,Upper Coomera - North,30907155714,3155714,332,354
30907155715-FOR,FORDE,309071557,Upper Coomera - North,30907155715,3155715,271,289
30907155716-FOR,FORDE,309071557,Upper Coomera - North,30907155716,3155716,334,353
30907155717-FOR,FORDE,309071557,Upper Coomera - North,30907155717,3155717,254,276
30907155718-FOR,FORDE,309071557,Upper Coomera - North,30907155718,3155718,236,258
30907155719-FOR,FORDE,309071557,Upper Coomera - North,30907155719,3155719,527,551
30907155720-FOR,FORDE,309071557,Upper Coomera - North,30907155720,3155720,195,205
30907155721-FOR,FORDE,309071557,Upper Coomera - North,30907155721,3155721,249,266
30907155722-FOR,FORDE,309071557,Upper Coomera - North,30907155722,3155722,312,309
30907155723-FOR,FORDE,309071557,Upper Coomera - North,30907155723,3155723,278,311
30907155724-FOR,FORDE,309071557,Upper Coomera - North,30907155724,3155724,288,285
30907155725-FOR,FORDE,309071557,Upper Coomera - North,30907155725,3155725,405,417
30907155726-FOR,FORDE,309071557,Upper Coomera - North,30907155726,3155726,168,177
30907155727-FOR,FORDE,309071557,Upper Coomera - North,30907155727,3155727,261,287
30907155728-FOR,FORDE,309071557,Upper Coomera - North,30907155728,3155728,336,370
30907155729-FOR,FORDE,309071557,Upper Coomera - North,30907155729,3155729,267,276
30907155730-FOR,FORDE,309071557,Upper Coomera - North,30907155730,3155730,224,238
30907155731-FOR,FORDE,309071557,Upper Coomera - North,30907155731,3155731,356,386
30907155732-FOR,FORDE,309071557,Upper Coomera - North,30907155732,3155732,225,239
30907155733-FOR,FORDE,309071557,Upper Coomera - North,30907155733,3155733,317,332
30907155734-FOR,FORDE,309071557,Upper Coomera - North,30907155734,3155734,165,188
30907155735-FOR,FORDE,309071557,Upper Coomera - North,30907155735,3155735,159,173
30907155736-FOR,FORDE,309071557,Upper Coomera - North,30907155736,3155736,201,214
30907155737-FOR,FORDE,309071557,Upper Coomera - North,30907155737,3155737,178,196
30907155738-FOR,FORDE,309071557,Upper Coomera - North,30907155738,3155738,384,429
30907155739-FOR,FORDE,309071557,Upper Coomera - North,30907155739,3155739,304,329
30907155740-FOR,FORDE,309071557,Upper Coomera - North,30907155740,3155740,139,138
30907155741-FOR,FORDE,309071557,Upper Coomera - North,30907155741,3155741,0,0
30907155742-FOR,FORDE,309071557,Upper Coomera - North,30907155742,3155742,222,220
30907155743-FOR,FORDE,309071557,Upper Coomera - North,30907155743,3155743,240,251
30907155744-FOR,FORDE,309071557,Upper Coomera - North,30907155744,3155744,289,319
30907155745-FOR,FORDE,309071557,Upper Coomera - North,30907155745,3155745,238,258
30907155746-FOR,FORDE,309071557,Upper Coomera - North,30907155746,3155746,370,412
30907155747-FOR,FORDE,309071557,Upper Coomera - North,30907155747,3155747,223,242
30907155801-FOR,FORDE,309071558,Willow Vale - Pimpama (West),30907155801,3155801,284,330
30907155802-FOR,FORDE,309071558,Willow Vale - Pimpama (West),30907155802,3155802,298,298
30907155803-FOR,FORDE,309071558,Willow Vale - Pimpama (West),30907155803,3155803,215,215
30907155804-FOR,FORDE,309071558,Willow Vale - Pimpama (West),30907155804,3155804,271,287
30907155805-FOR,FORDE,309071558,Willow Vale - Pimpama (West),30907155805,3155805,230,230
30907155806-FOR,FORDE,309071558,Willow Vale - Pimpama (West),30907155806,3155806,201,201
30907155807-FOR,FORDE,309071558,Willow Vale - Pimpama (West),30907155807,3155807,165,177
30907155808-FOR,FORDE,309071558,Willow Vale - Pimpama (West),30907155808,3155808,173,192
30907155809-FOR,FORDE,309071558,Willow Vale - Pimpama (West),30907155809,3155809,781,908
30907155810-FOR,FORDE,309071558,Willow Vale - Pimpama (West),30907155810,3155810,195,195
30907155811-FOR,FORDE,309071558,Willow Vale - Pimpama (West),30907155811,3155811,258,290
30907155812-FOR,FORDE,309071558,Willow Vale - Pimpama (West),30907155812,3155812,3,3
30907155813-FOR,FORDE,309071558,Willow Vale - Pimpama (West),30907155813,3155813,185,200
30907155814-FOR,FORDE,309071558,Willow Vale - Pimpama (West),30907155814,3155814,432,475
30907155815-FOR,FORDE,309071558,Willow Vale - Pimpama (West),30907155815,3155815,243,270
30907155816-FOR,FORDE,309071558,Willow Vale - Pimpama (West),30907155816,3155816,272,293
30907155817-FOR,FORDE,309071558,Willow Vale - Pimpama (West),30907155817,3155817,291,319
30907155818-FOR,FORDE,309071558,Willow Vale - Pimpama (West),30907155818,3155818,456,509
30908155901-MCP,MCPHERSON,309081559,Robina - East,30908155901,3155901,209,214
30908155902-MCP,MCPHERSON,309081559,Robina - East,30908155902,3155902,437,450
30908155903-MCP,MCPHERSON,309081559,Robina - East,30908155903,3155903,349,362
30908155904-MCP,MCPHERSON,309081559,Robina - East,30908155904,3155904,243,264
30908155905-MCP,MCPHERSON,309081559,Robina - East,30908155905,3155905,311,324
30908155906-MCP,MCPHERSON,309081559,Robina - East,30908155906,3155906,232,246
30908155907-MCP,MCPHERSON,309081559,Robina - East,30908155907,3155907,134,147
30908155908-MCP,MCPHERSON,309081559,Robina - East,30908155908,3155908,201,211
30908155909-MCP,MCPHERSON,309081559,Robina - East,30908155909,3155909,289,286
30908155910-MCP,MCPHERSON,309081559,Robina - East,30908155910,3155910,346,354
30908155911-MCP,MCPHERSON,309081559,Robina - East,30908155911,3155911,317,338
30908155912-MCP,MCPHERSON,309081559,Robina - East,30908155912,3155912,245,254
30908155913-MCP,MCPHERSON,309081559,Robina - East,30908155913,3155913,478,528
30908155914-MCP,MCPHERSON,309081559,Robina - East,30908155914,3155914,262,290
30908155915-MCP,MCPHERSON,309081559,Robina - East,30908155915,3155915,425,469
30908155916-MCP,MCPHERSON,309081559,Robina - East,30908155916,3155916,414,436
30908155917-MCP,MCPHERSON,309081559,Robina - East,30908155917,3155917,478,513
30908155918-MCP,MCPHERSON,309081559,Robina - East,30908155918,3155918,427,423
30908155919-MCP,MCPHERSON,309081559,Robina - East,30908155919,3155919,291,315
30908155920-MCP,MCPHERSON,309081559,Robina - East,30908155920,3155920,256,268
30908155921-MCP,MCPHERSON,309081559,Robina - East,30908155921,3155921,224,235
30908155922-MCP,MCPHERSON,309081559,Robina - East,30908155922,3155922,323,320
30908155923-MCP,MCPHERSON,309081559,Robina - East,30908155923,3155923,343,384
30908155924-MCP,MCPHERSON,309081559,Robina - East,30908155924,3155924,325,337
30908155925-MCP,MCPHERSON,309081559,Robina - East,30908155925,3155925,315,345
30908155926-MCP,MCPHERSON,309081559,Robina - East,30908155926,3155926,293,302
30908155927-MCP,MCPHERSON,309081559,Robina - East,30908155927,3155927,237,246
30908155928-MCP,MCPHERSON,309081559,Robina - East,30908155928,3155928,436,432
30908155929-MCP,MCPHERSON,309081559,Robina - East,30908155929,3155929,326,341
30908155930-MCP,MCPHERSON,309081559,Robina - East,30908155930,3155930,344,370
30908155931-MCP,MCPHERSON,309081559,Robina - East,30908155931,3155931,210,227
30908155932-MCP,MCPHERSON,309081559,Robina - East,30908155932,3155932,332,359
30908155933-MCP,MCPHERSON,309081559,Robina - East,30908155933,3155933,365,379
30908155934-MCP,MCPHERSON,309081559,Robina - East,30908155934,3155934,191,195
30908155935-MCP,MCPHERSON,309081559,Robina - East,30908155935,3155935,258,268
30908155936-MCP,MCPHERSON,309081559,Robina - East,30908155936,3155936,298,320
30908155937-MCP,MCPHERSON,309081559,Robina - East,30908155937,3155937,334,373
30908155938-MCP,MCPHERSON,309081559,Robina - East,30908155938,3155938,231,251
30908156001-MCP,MCPHERSON,309081560,Robina - West,30908156001,3156001,657,687
30908156002-MCP,MCPHERSON,309081560,Robina - West,30908156002,3156002,222,243
30908156003-MCP,MCPHERSON,309081560,Robina - West,30908156003,3156003,354,377
30908156004-MCP,MCPHERSON,309081560,Robina - West,30908156004,3156004,232,244
30908156005-MCP,MCPHERSON,309081560,Robina - West,30908156005,3156005,322,340
30908156006-MCP,MCPHERSON,309081560,Robina - West,30908156006,3156006,323,345
30908156007-MCP,MCPHERSON,309081560,Robina - West,30908156007,3156007,408,411
30908156008-MCP,MCPHERSON,309081560,Robina - West,30908156008,3156008,247,253
30908156009-MCP,MCPHERSON,309081560,Robina - West,30908156009,3156009,198,211
30908156010-MCP,MCPHERSON,309081560,Robina - West,30908156010,3156010,268,284
30908156011-MCP,MCPHERSON,309081560,Robina - West,30908156011,3156011,184,191
30908156012-MCP,MCPHERSON,309081560,Robina - West,30908156012,3156012,342,356
30908156013-MCP,MCPHERSON,309081560,Robina - West,30908156013,3156013,311,320
30908156014-MCP,MCPHERSON,309081560,Robina - West,30908156014,3156014,507,529
30908156015-MCP,MCPHERSON,309081560,Robina - West,30908156015,3156015,292,303
30908156016-MCP,MCPHERSON,309081560,Robina - West,30908156016,3156016,354,363
30908156017-MCP,MCPHERSON,309081560,Robina - West,30908156017,3156017,505,518
30908156018-MCP,MCPHERSON,309081560,Robina - West,30908156018,3156018,412,419
30908156019-MCP,MCPHERSON,309081560,Robina - West,30908156019,3156019,232,227
30910156101-MON,MONCRIEFF,309101561,Surfers Paradise - North,30910156101,3156101,295,328
30910156102-MON,MONCRIEFF,309101561,Surfers Paradise - North,30910156102,3156102,409,454
30910156103-MON,MONCRIEFF,309101561,Surfers Paradise - North,30910156103,3156103,307,365
30910156104-MON,MONCRIEFF,309101561,Surfers Paradise - North,30910156104,3156104,377,422
30910156105-MON,MONCRIEFF,309101561,Surfers Paradise - North,30910156105,3156105,319,346
30910156106-MON,MONCRIEFF,309101561,Surfers Paradise - North,30910156106,3156106,311,332
30910156107-MON,MONCRIEFF,309101561,Surfers Paradise - North,30910156107,3156107,394,424
30910156108-MON,MONCRIEFF,309101561,Surfers Paradise - North,30910156108,3156108,434,478
30910156109-MON,MONCRIEFF,309101561,Surfers Paradise - North,30910156109,3156109,136,152
30910156110-MON,MONCRIEFF,309101561,Surfers Paradise - North,30910156110,3156110,319,342
30910156111-MON,MONCRIEFF,309101561,Surfers Paradise - North,30910156111,3156111,146,165
30910156112-MON,MONCRIEFF,309101561,Surfers Paradise - North,30910156112,3156112,151,170
30910156113-MON,MONCRIEFF,309101561,Surfers Paradise - North,30910156113,3156113,250,285
30910156114-MON,MONCRIEFF,309101561,Surfers Paradise - North,30910156114,3156114,221,223
30910156115-MON,MONCRIEFF,309101561,Surfers Paradise - North,30910156115,3156115,325,328
30910156116-MON,MONCRIEFF,309101561,Surfers Paradise - North,30910156116,3156116,576,581
30910156117-MON,MONCRIEFF,309101561,Surfers Paradise - North,30910156117,3156117,177,192
30910156118-MON,MONCRIEFF,309101561,Surfers Paradise - North,30910156118,3156118,269,303
30910156119-MON,MONCRIEFF,309101561,Surfers Paradise - North,30910156119,3156119,352,389
30910156120-MON,MONCRIEFF,309101561,Surfers Paradise - North,30910156120,3156120,378,424
30910156121-MON,MONCRIEFF,309101561,Surfers Paradise - North,30910156121,3156121,191,209
30910156122-MON,MONCRIEFF,309101561,Surfers Paradise - North,30910156122,3156122,115,125
30910156123-MON,MONCRIEFF,309101561,Surfers Paradise - North,30910156123,3156123,118,130
30910156124-MON,MONCRIEFF,309101561,Surfers Paradise - North,30910156124,3156124,507,556
30910156125-MON,MONCRIEFF,309101561,Surfers Paradise - North,30910156125,3156125,152,166
30910156126-MON,MONCRIEFF,309101561,Surfers Paradise - North,30910156126,3156126,68,75
30910156127-MON,MONCRIEFF,309101561,Surfers Paradise - North,30910156127,3156127,319,322
30910156128-MON,MONCRIEFF,309101561,Surfers Paradise - North,30910156128,3156128,294,340
30910156129-MON,MONCRIEFF,309101561,Surfers Paradise - North,30910156129,3156129,59,65
30910156130-MON,MONCRIEFF,309101561,Surfers Paradise - North,30910156130,3156130,234,260
30910156201-MON,MONCRIEFF,309101562,Surfers Paradise - South,30910156201,3156201,10,11
30910156202-MON,MONCRIEFF,309101562,Surfers Paradise - South,30910156202,3156202,430,424
30910156203-MON,MONCRIEFF,309101562,Surfers Paradise - South,30910156203,3156203,333,371
30910156204-MON,MONCRIEFF,309101562,Surfers Paradise - South,30910156204,3156204,456,474
30910156205-MON,MONCRIEFF,309101562,Surfers Paradise - South,30910156205,3156205,290,312
30910156206-MON,MONCRIEFF,309101562,Surfers Paradise - South,30910156206,3156206,189,193
30910156207-MON,MONCRIEFF,309101562,Surfers Paradise - South,30910156207,3156207,283,304
30910156208-MON,MONCRIEFF,309101562,Surfers Paradise - South,30910156208,3156208,477,490
30910156209-MON,MONCRIEFF,309101562,Surfers Paradise - South,30910156209,3156209,454,469
30910156210-MON,MONCRIEFF,309101562,Surfers Paradise - South,30910156210,3156210,142,153
30910156211-MON,MONCRIEFF,309101562,Surfers Paradise - South,30910156211,3156211,575,567
30910156212-MON,MONCRIEFF,309101562,Surfers Paradise - South,30910156212,3156212,444,470
30910156213-MON,MONCRIEFF,309101562,Surfers Paradise - South,30910156213,3156213,255,268
30910156214-MON,MONCRIEFF,309101562,Surfers Paradise - South,30910156214,3156214,201,228
30910156215-MON,MONCRIEFF,309101562,Surfers Paradise - South,30910156215,3156215,343,365
30910156216-MON,MONCRIEFF,309101562,Surfers Paradise - South,30910156216,3156216,276,296
30910156217-MON,MONCRIEFF,309101562,Surfers Paradise - South,30910156217,3156217,372,403
30910156218-MON,MONCRIEFF,309101562,Surfers Paradise - South,30910156218,3156218,322,341
30910156219-MON,MONCRIEFF,309101562,Surfers Paradise - South,30910156219,3156219,359,385
30910156220-MON,MONCRIEFF,309101562,Surfers Paradise - South,30910156220,3156220,324,352
30910156221-MON,MONCRIEFF,309101562,Surfers Paradise - South,30910156221,3156221,247,265
30910156222-MON,MONCRIEFF,309101562,Surfers Paradise - South,30910156222,3156222,197,207
30910156223-MON,MONCRIEFF,309101562,Surfers Paradise - South,30910156223,3156223,299,319
30910156224-MON,MONCRIEFF,309101562,Surfers Paradise - South,30910156224,3156224,222,229
30910156225-MON,MONCRIEFF,309101562,Surfers Paradise - South,30910156225,3156225,240,246
30910156226-MON,MONCRIEFF,309101562,Surfers Paradise - South,30910156226,3156226,495,534
30910156227-MON,MONCRIEFF,309101562,Surfers Paradise - South,30910156227,3156227,321,354
31001156301-OXL,OXLEY,310011563,Doolandella,31001156301,3156301,361,376
31001156302-OXL,OXLEY,310011563,Doolandella,31001156302,3156302,249,275
31001156303-OXL,OXLEY,310011563,Doolandella,31001156303,3156303,304,330
31001156304-OXL,OXLEY,310011563,Doolandella,31001156304,3156304,207,217
31001156305-OXL,OXLEY,310011563,Doolandella,31001156305,3156305,188,197
31001156306-OXL,OXLEY,310011563,Doolandella,31001156306,3156306,247,246
31001156307-OXL,OXLEY,310011563,Doolandella,31001156307,3156307,367,384
31001156308-OXL,OXLEY,310011563,Doolandella,31001156308,3156308,377,403
31001156309-OXL,OXLEY,310011563,Doolandella,31001156309,3156309,411,452
31001156310-OXL,OXLEY,310011563,Doolandella,31001156310,3156310,261,283
31001156311-OXL,OXLEY,310011563,Doolandella,31001156311,3156311,432,462
31001156312-OXL,OXLEY,310011563,Doolandella,31001156312,3156312,326,325
31001156313-OXL,OXLEY,310011563,Doolandella,31001156313,3156313,326,355
31001156314-OXL,OXLEY,310011563,Doolandella,31001156314,3156314,192,209
31001156315-OXL,OXLEY,310011563,Doolandella,31001156315,3156315,303,352
31001156316-OXL,OXLEY,310011563,Doolandella,31001156316,3156316,501,582
31001156317-OXL,OXLEY,310011563,Doolandella,31001156317,3156317,201,200
31001156318-OXL,OXLEY,310011563,Doolandella,31001156318,3156318,187,199
31001156401-OXL,OXLEY,310011564,Forest Lake - Ellen Grove,31001156401,3156401,366,357
31001156402-OXL,OXLEY,310011564,Forest Lake - Ellen Grove,31001156402,3156402,220,231
31001156403-OXL,OXLEY,310011564,Forest Lake - Ellen Grove,31001156403,3156403,278,280
31001156404-OXL,OXLEY,310011564,Forest Lake - Ellen Grove,31001156404,3156404,163,175
31001156405-OXL,OXLEY,310011564,Forest Lake - Ellen Grove,31001156405,3156405,293,308
31001156406-OXL,OXLEY,310011564,Forest Lake - Ellen Grove,31001156406,3156406,511,537
31001156407-OXL,OXLEY,310011564,Forest Lake - Ellen Grove,31001156407,3156407,267,264
31001156408-OXL,OXLEY,310011564,Forest Lake - Ellen Grove,31001156408,3156408,374,364
31001156409-OXL,OXLEY,310011564,Forest Lake - Ellen Grove,31001156409,3156409,185,190
31001156410-OXL,OXLEY,310011564,Forest Lake - Ellen Grove,31001156410,3156410,195,202
31001156411-OXL,OXLEY,310011564,Forest Lake - Ellen Grove,31001156411,3156411,225,232
31001156412-OXL,OXLEY,310011564,Forest Lake - Ellen Grove,31001156412,3156412,162,162
31001156413-OXL,OXLEY,310011564,Forest Lake - Ellen Grove,31001156413,3156413,335,347
31001156414-OXL,OXLEY,310011564,Forest Lake - Ellen Grove,31001156414,3156414,254,262
31001156415-OXL,OXLEY,310011564,Forest Lake - Ellen Grove,31001156415,3156415,259,273
31001156416-OXL,OXLEY,310011564,Forest Lake - Ellen Grove,31001156416,3156416,165,164
31001156417-OXL,OXLEY,310011564,Forest Lake - Ellen Grove,31001156417,3156417,266,272
31001156418-OXL,OXLEY,310011564,Forest Lake - Ellen Grove,31001156418,3156418,385,412
31001156419-OXL,OXLEY,310011564,Forest Lake - Ellen Grove,31001156419,3156419,191,199
31001156420-OXL,OXLEY,310011564,Forest Lake - Ellen Grove,31001156420,3156420,233,248
31001156421-OXL,OXLEY,310011564,Forest Lake - Ellen Grove,31001156421,3156421,183,182
31001156422-OXL,OXLEY,310011564,Forest Lake - Ellen Grove,31001156422,3156422,428,444
31001156423-OXL,OXLEY,310011564,Forest Lake - Ellen Grove,31001156423,3156423,370,375
31001156424-OXL,OXLEY,310011564,Forest Lake - Ellen Grove,31001156424,3156424,174,180
31001156425-OXL,OXLEY,310011564,Forest Lake - Ellen Grove,31001156425,3156425,238,238
31001156426-OXL,OXLEY,310011564,Forest Lake - Ellen Grove,31001156426,3156426,360,361
31001156427-OXL,OXLEY,310011564,Forest Lake - Ellen Grove,31001156427,3156427,300,327
31001156428-OXL,OXLEY,310011564,Forest Lake - Ellen Grove,31001156428,3156428,241,255
31001156429-OXL,OXLEY,310011564,Forest Lake - Ellen Grove,31001156429,3156429,288,310
31001156430-OXL,OXLEY,310011564,Forest Lake - Ellen Grove,31001156430,3156430,357,354
31001156431-OXL,OXLEY,310011564,Forest Lake - Ellen Grove,31001156431,3156431,239,244
31001156432-OXL,OXLEY,310011564,Forest Lake - Ellen Grove,31001156432,3156432,199,216
31001156433-OXL,OXLEY,310011564,Forest Lake - Ellen Grove,31001156433,3156433,230,234
31001156434-OXL,OXLEY,310011564,Forest Lake - Ellen Grove,31001156434,3156434,90,93
31001156435-OXL,OXLEY,310011564,Forest Lake - Ellen Grove,31001156435,3156435,324,325
31001156436-OXL,OXLEY,310011564,Forest Lake - Ellen Grove,31001156436,3156436,254,269
31001156437-OXL,OXLEY,310011564,Forest Lake - Ellen Grove,31001156437,3156437,321,340
31001156438-OXL,OXLEY,310011564,Forest Lake - Ellen Grove,31001156438,3156438,357,364
31001156439-OXL,OXLEY,310011564,Forest Lake - Ellen Grove,31001156439,3156439,273,283
31001156440-OXL,OXLEY,310011564,Forest Lake - Ellen Grove,31001156440,3156440,245,260
31001156441-OXL,OXLEY,310011564,Forest Lake - Ellen Grove,31001156441,3156441,263,274
31001156442-OXL,OXLEY,310011564,Forest Lake - Ellen Grove,31001156442,3156442,231,244
31001156443-OXL,OXLEY,310011564,Forest Lake - Ellen Grove,31001156443,3156443,55,59
31001156444-OXL,OXLEY,310011564,Forest Lake - Ellen Grove,31001156444,3156444,264,268
31001156445-OXL,OXLEY,310011564,Forest Lake - Ellen Grove,31001156445,3156445,207,210
31001156446-OXL,OXLEY,310011564,Forest Lake - Ellen Grove,31001156446,3156446,226,239
31001156447-OXL,OXLEY,310011564,Forest Lake - Ellen Grove,31001156447,3156447,232,238
31001156448-OXL,OXLEY,310011564,Forest Lake - Ellen Grove,31001156448,3156448,220,230
31001156449-OXL,OXLEY,310011564,Forest Lake - Ellen Grove,31001156449,3156449,308,314
31001156450-OXL,OXLEY,310011564,Forest Lake - Ellen Grove,31001156450,3156450,195,197
31001156451-OXL,OXLEY,310011564,Forest Lake - Ellen Grove,31001156451,3156451,232,233
31001156452-OXL,OXLEY,310011564,Forest Lake - Ellen Grove,31001156452,3156452,244,246
31001156453-OXL,OXLEY,310011564,Forest Lake - Ellen Grove,31001156453,3156453,195,190
31001156454-OXL,OXLEY,310011564,Forest Lake - Ellen Grove,31001156454,3156454,362,374
31001156455-OXL,OXLEY,310011564,Forest Lake - Ellen Grove,31001156455,3156455,349,349
31001156456-OXL,OXLEY,310011564,Forest Lake - Ellen Grove,31001156456,3156456,224,235
31001156457-OXL,OXLEY,310011564,Forest Lake - Ellen Grove,31001156457,3156457,314,323
31004156501-OXL,OXLEY,310041565,Augustine Heights - Brookwater,31004156501,3156501,166,177
31004156502-BLA,BLAIR,310041565,Augustine Heights - Brookwater,31004156502,3156502,171,187
31004156502-OXL,OXLEY,310041565,Augustine Heights - Brookwater,31004156502,3156502,199,217
31004156503-OXL,OXLEY,310041565,Augustine Heights - Brookwater,31004156503,3156503,427,468
31004156504-OXL,OXLEY,310041565,Augustine Heights - Brookwater,31004156504,3156504,316,342
31004156505-OXL,OXLEY,310041565,Augustine Heights - Brookwater,31004156505,3156505,332,338
31004156506-OXL,OXLEY,310041565,Augustine Heights - Brookwater,31004156506,3156506,203,217
31004156507-OXL,OXLEY,310041565,Augustine Heights - Brookwater,31004156507,3156507,310,305
31004156508-OXL,OXLEY,310041565,Augustine Heights - Brookwater,31004156508,3156508,263,302
31004156509-OXL,OXLEY,310041565,Augustine Heights - Brookwater,31004156509,3156509,395,412
31004156510-OXL,OXLEY,310041565,Augustine Heights - Brookwater,31004156510,3156510,455,483
31004156511-OXL,OXLEY,310041565,Augustine Heights - Brookwater,31004156511,3156511,202,225
31004156512-OXL,OXLEY,310041565,Augustine Heights - Brookwater,31004156512,3156512,460,481
31004156513-OXL,OXLEY,310041565,Augustine Heights - Brookwater,31004156513,3156513,341,351
31004156514-OXL,OXLEY,310041565,Augustine Heights - Brookwater,31004156514,3156514,295,291
31004156515-OXL,OXLEY,310041565,Augustine Heights - Brookwater,31004156515,3156515,453,486
31004156516-OXL,OXLEY,310041565,Augustine Heights - Brookwater,31004156516,3156516,341,347
31004156517-OXL,OXLEY,310041565,Augustine Heights - Brookwater,31004156517,3156517,428,442
31004156518-OXL,OXLEY,310041565,Augustine Heights - Brookwater,31004156518,3156518,245,250
31004156601-OXL,OXLEY,310041566,Bellbird Park,31004156601,3156601,646,702
31004156602-OXL,OXLEY,310041566,Bellbird Park,31004156602,3156602,232,231
31004156603-OXL,OXLEY,310041566,Bellbird Park,31004156603,3156603,467,508
31004156604-OXL,OXLEY,310041566,Bellbird Park,31004156604,3156604,291,307
31004156605-OXL,OXLEY,310041566,Bellbird Park,31004156605,3156605,435,505
31004156606-OXL,OXLEY,310041566,Bellbird Park,31004156606,3156606,262,284
31004156607-OXL,OXLEY,310041566,Bellbird Park,31004156607,3156607,408,439
31004156608-OXL,OXLEY,310041566,Bellbird Park,31004156608,3156608,332,367
31004156609-OXL,OXLEY,310041566,Bellbird Park,31004156609,3156609,345,376
31004156610-OXL,OXLEY,310041566,Bellbird Park,31004156610,3156610,243,269
31004156611-OXL,OXLEY,310041566,Bellbird Park,31004156611,3156611,220,231
31004156612-OXL,OXLEY,310041566,Bellbird Park,31004156612,3156612,327,357
31004156613-OXL,OXLEY,310041566,Bellbird Park,31004156613,3156613,259,257
31004156614-OXL,OXLEY,310041566,Bellbird Park,31004156614,3156614,299,323
31004156615-OXL,OXLEY,310041566,Bellbird Park,31004156615,3156615,250,271
31004156616-OXL,OXLEY,310041566,Bellbird Park,31004156616,3156616,469,466
31004156617-OXL,OXLEY,310041566,Bellbird Park,31004156617,3156617,311,348
31004156618-OXL,OXLEY,310041566,Bellbird Park,31004156618,3156618,462,501
31104156701-WRI,WRIGHT,311041567,Flagstone (East) - Riverbend,31104156701,3156701,171,169
31104156702-WRI,WRIGHT,311041567,Flagstone (East) - Riverbend,31104156702,3156702,336,341
31104156703-WRI,WRIGHT,311041567,Flagstone (East) - Riverbend,31104156703,3156703,406,466
31104156704-WRI,WRIGHT,311041567,Flagstone (East) - Riverbend,31104156704,3156704,339,349
31104156705-WRI,WRIGHT,311041567,Flagstone (East) - Riverbend,31104156705,3156705,328,324
31104156706-WRI,WRIGHT,311041567,Flagstone (East) - Riverbend,31104156706,3156706,315,311
31104156707-WRI,WRIGHT,311041567,Flagstone (East) - Riverbend,31104156707,3156707,571,626
31104156708-WRI,WRIGHT,311041567,Flagstone (East) - Riverbend,31104156708,3156708,346,363
31104156709-WRI,WRIGHT,311041567,Flagstone (East) - Riverbend,31104156709,3156709,319,360
31104156710-WRI,WRIGHT,311041567,Flagstone (East) - Riverbend,31104156710,3156710,220,234
31104156711-WRI,WRIGHT,311041567,Flagstone (East) - Riverbend,31104156711,3156711,541,562
31104156712-WRI,WRIGHT,311041567,Flagstone (East) - Riverbend,31104156712,3156712,425,420
31104156713-WRI,WRIGHT,311041567,Flagstone (East) - Riverbend,31104156713,3156713,240,237
31104156801-WRI,WRIGHT,311041568,Flagstone (West) - New Beith,31104156801,3156801,1638,2176
31104156802-WRI,WRIGHT,311041568,Flagstone (West) - New Beith,31104156802,3156802,49,54
31104156803-WRI,WRIGHT,311041568,Flagstone (West) - New Beith,31104156803,3156803,401,521
31104156804-WRI,WRIGHT,311041568,Flagstone (West) - New Beith,31104156804,3156804,434,563
31104156805-WRI,WRIGHT,311041568,Flagstone (West) - New Beith,31104156805,3156805,551,612
31104156806-WRI,WRIGHT,311041568,Flagstone (West) - New Beith,31104156806,3156806,592,654
31104156807-WRI,WRIGHT,311041568,Flagstone (West) - New Beith,31104156807,3156807,412,435
31104156808-WRI,WRIGHT,311041568,Flagstone (West) - New Beith,31104156808,3156808,280,369
31104156809-WRI,WRIGHT,311041568,Flagstone (West) - New Beith,31104156809,3156809,543,642
31104156810-WRI,WRIGHT,311041568,Flagstone (West) - New Beith,31104156810,3156810,582,827
31104156811-WRI,WRIGHT,311041568,Flagstone (West) - New Beith,31104156811,3156811,595,713
31104156812-WRI,WRIGHT,311041568,Flagstone (West) - New Beith,31104156812,3156812,227,296
31104156813-WRI,WRIGHT,311041568,Flagstone (West) - New Beith,31104156813,3156813,444,491
31104156814-WRI,WRIGHT,311041568,Flagstone (West) - New Beith,31104156814,3156814,330,438
31104156815-WRI,WRIGHT,311041568,Flagstone (West) - New Beith,31104156815,3156815,389,476
31104156816-WRI,WRIGHT,311041568,Flagstone (West) - New Beith,31104156816,3156816,508,562
31104156817-WRI,WRIGHT,311041568,Flagstone (West) - New Beith,31104156817,3156817,242,268
31104156818-WRI,WRIGHT,311041568,Flagstone (West) - New Beith,31104156818,3156818,286,348
31104156819-WRI,WRIGHT,311041568,Flagstone (West) - New Beith,31104156819,3156819,469,498
31104156901-WRI,WRIGHT,311041569,Greenbank - North Maclean,31104156901,3156901,322,400
31104156902-WRI,WRIGHT,311041569,Greenbank - North Maclean,31104156902,3156902,266,274
31104156903-WRI,WRIGHT,311041569,Greenbank - North Maclean,31104156903,3156903,297,306
31104156904-WRI,WRIGHT,311041569,Greenbank - North Maclean,31104156904,3156904,388,400
31104156905-WRI,WRIGHT,311041569,Greenbank - North Maclean,31104156905,3156905,0,0
31104156906-WRI,WRIGHT,311041569,Greenbank - North Maclean,31104156906,3156906,1695,2249
31104156907-WRI,WRIGHT,311041569,Greenbank - North Maclean,31104156907,3156907,218,224
31104156908-WRI,WRIGHT,311041569,Greenbank - North Maclean,31104156908,3156908,1377,1808
31104156909-WRI,WRIGHT,311041569,Greenbank - North Maclean,31104156909,3156909,314,323
31104156910-WRI,WRIGHT,311041569,Greenbank - North Maclean,31104156910,3156910,234,241
31104156911-WRI,WRIGHT,311041569,Greenbank - North Maclean,31104156911,3156911,296,305
31104156912-WRI,WRIGHT,311041569,Greenbank - North Maclean,31104156912,3156912,203,209
31104156913-WRI,WRIGHT,311041569,Greenbank - North Maclean,31104156913,3156913,311,320
31104156914-WRI,WRIGHT,311041569,Greenbank - North Maclean,31104156914,3156914,271,279
31104156915-WRI,WRIGHT,311041569,Greenbank - North Maclean,31104156915,3156915,195,201
31104156916-WRI,WRIGHT,311041569,Greenbank - North Maclean,31104156916,3156916,144,148
31104156917-WRI,WRIGHT,311041569,Greenbank - North Maclean,31104156917,3156917,250,257
31104156918-FOR,FORDE,311041569,Greenbank - North Maclean,31104156918,3156918,177,182
31104156919-WRI,WRIGHT,311041569,Greenbank - North Maclean,31104156919,3156919,1729,2337
31104156920-WRI,WRIGHT,311041569,Greenbank - North Maclean,31104156920,3156920,205,211
31104156921-WRI,WRIGHT,311041569,Greenbank - North Maclean,31104156921,3156921,375,386
31104157001-WRI,WRIGHT,311041570,Jimboomba - Glenlogan,31104157001,3157001,367,383
31104157002-WRI,WRIGHT,311041570,Jimboomba - Glenlogan,31104157002,3157002,414,428
31104157003-WRI,WRIGHT,311041570,Jimboomba - Glenlogan,31104157003,3157003,324,350
31104157004-WRI,WRIGHT,311041570,Jimboomba - Glenlogan,31104157004,3157004,368,379
31104157005-WRI,WRIGHT,311041570,Jimboomba - Glenlogan,31104157005,3157005,280,288
31104157006-WRI,WRIGHT,311041570,Jimboomba - Glenlogan,31104157006,3157006,223,247
31104157007-WRI,WRIGHT,311041570,Jimboomba - Glenlogan,31104157007,3157007,1224,1460
31104157008-WRI,WRIGHT,311041570,Jimboomba - Glenlogan,31104157008,3157008,508,560
31104157009-WRI,WRIGHT,311041570,Jimboomba - Glenlogan,31104157009,3157009,339,354
31104157010-WRI,WRIGHT,311041570,Jimboomba - Glenlogan,31104157010,3157010,366,383
31104157011-WRI,WRIGHT,311041570,Jimboomba - Glenlogan,31104157011,3157011,566,579
31104157012-WRI,WRIGHT,311041570,Jimboomba - Glenlogan,31104157012,3157012,350,362
31104157013-WRI,WRIGHT,311041570,Jimboomba - Glenlogan,31104157013,3157013,327,343
31104157014-WRI,WRIGHT,311041570,Jimboomba - Glenlogan,31104157014,3157014,303,310
31104157015-WRI,WRIGHT,311041570,Jimboomba - Glenlogan,31104157015,3157015,243,262
31104157016-WRI,WRIGHT,311041570,Jimboomba - Glenlogan,31104157016,3157016,430,448
31104157017-WRI,WRIGHT,311041570,Jimboomba - Glenlogan,31104157017,3157017,488,528
31104157018-WRI,WRIGHT,311041570,Jimboomba - Glenlogan,31104157018,3157018,486,518
31104157019-WRI,WRIGHT,311041570,Jimboomba - Glenlogan,31104157019,3157019,270,291
31104157020-WRI,WRIGHT,311041570,Jimboomba - Glenlogan,31104157020,3157020,321,343
31104157021-WRI,WRIGHT,311041570,Jimboomba - Glenlogan,31104157021,3157021,177,187
31104157022-WRI,WRIGHT,311041570,Jimboomba - Glenlogan,31104157022,3157022,303,314
31104157023-WRI,WRIGHT,311041570,Jimboomba - Glenlogan,31104157023,3157023,726,905
31104157024-WRI,WRIGHT,311041570,Jimboomba - Glenlogan,31104157024,3157024,252,248
31104157025-WRI,WRIGHT,311041570,Jimboomba - Glenlogan,31104157025,3157025,331,362
31104157026-WRI,WRIGHT,311041570,Jimboomba - Glenlogan,31104157026,3157026,398,392
31104157027-WRI,WRIGHT,311041570,Jimboomba - Glenlogan,31104157027,3157027,250,256
31104157028-WRI,WRIGHT,311041570,Jimboomba - Glenlogan,31104157028,3157028,276,293
31104157029-WRI,WRIGHT,311041570,Jimboomba - Glenlogan,31104157029,3157029,458,470
31104157030-WRI,WRIGHT,311041570,Jimboomba - Glenlogan,31104157030,3157030,400,438
31104157031-WRI,WRIGHT,311041570,Jimboomba - Glenlogan,31104157031,3157031,351,360
31104157032-WRI,WRIGHT,311041570,Jimboomba - Glenlogan,31104157032,3157032,169,177
31104157033-WRI,WRIGHT,311041570,Jimboomba - Glenlogan,31104157033,3157033,466,495
31104157034-WRI,WRIGHT,311041570,Jimboomba - Glenlogan,31104157034,3157034,220,216
31104157035-WRI,WRIGHT,311041570,Jimboomba - Glenlogan,31104157035,3157035,245,252
31104157036-WRI,WRIGHT,311041570,Jimboomba - Glenlogan,31104157036,3157036,468,512
31104157037-WRI,WRIGHT,311041570,Jimboomba - Glenlogan,31104157037,3157037,276,282
31104157038-WRI,WRIGHT,311041570,Jimboomba - Glenlogan,31104157038,3157038,266,262
31104157039-WRI,WRIGHT,311041570,Jimboomba - Glenlogan,31104157039,3157039,383,392
31104157040-WRI,WRIGHT,311041570,Jimboomba - Glenlogan,31104157040,3157040,226,222
31104157041-WRI,WRIGHT,311041570,Jimboomba - Glenlogan,31104157041,3157041,106,109
31104157101-WRI,WRIGHT,311041571,Yarrabilba,31104157101,3157101,152,161
31104157102-WRI,WRIGHT,311041571,Yarrabilba,31104157102,3157102,285,338
31104157103-WRI,WRIGHT,311041571,Yarrabilba,31104157103,3157103,197,208
31104157104-WRI,WRIGHT,311041571,Yarrabilba,31104157104,3157104,272,330
31104157105-WRI,WRIGHT,311041571,Yarrabilba,31104157105,3157105,269,307
31104157106-WRI,WRIGHT,311041571,Yarrabilba,31104157106,3157106,212,253
31104157107-WRI,WRIGHT,311041571,Yarrabilba,31104157107,3157107,239,253
31104157108-WRI,WRIGHT,311041571,Yarrabilba,31104157108,3157108,194,251
31104157109-WRI,WRIGHT,311041571,Yarrabilba,31104157109,3157109,251,265
31104157110-WRI,WRIGHT,311041571,Yarrabilba,31104157110,3157110,246,260
31104157111-WRI,WRIGHT,311041571,Yarrabilba,31104157111,3157111,236,278
31104157112-WRI,WRIGHT,311041571,Yarrabilba,31104157112,3157112,227,240
31104157113-WRI,WRIGHT,311041571,Yarrabilba,31104157113,3157113,482,577
31104157114-WRI,WRIGHT,311041571,Yarrabilba,31104157114,3157114,200,212
31104157115-WRI,WRIGHT,311041571,Yarrabilba,31104157115,3157115,52,55
31104157116-WRI,WRIGHT,311041571,Yarrabilba,31104157116,3157116,352,372
31104157117-WRI,WRIGHT,311041571,Yarrabilba,31104157117,3157117,296,344
31104157118-WRI,WRIGHT,311041571,Yarrabilba,31104157118,3157118,237,317
31104157119-WRI,WRIGHT,311041571,Yarrabilba,31104157119,3157119,295,340
31104157120-WRI,WRIGHT,311041571,Yarrabilba,31104157120,3157120,207,239
31104157121-WRI,WRIGHT,311041571,Yarrabilba,31104157121,3157121,235,249
31104157122-WRI,WRIGHT,311041571,Yarrabilba,31104157122,3157122,322,341
31104157123-WRI,WRIGHT,311041571,Yarrabilba,31104157123,3157123,257,310
31104157124-WRI,WRIGHT,311041571,Yarrabilba,31104157124,3157124,187,221
31104157125-WRI,WRIGHT,311041571,Yarrabilba,31104157125,3157125,2300,2941
31104157126-WRI,WRIGHT,311041571,Yarrabilba,31104157126,3157126,234,286
31302157201-LON,LONGMAN,313021572,Caboolture - East,31302157201,3157201,286,311
31302157202-LON,LONGMAN,313021572,Caboolture - East,31302157202,3157202,320,332
31302157203-LON,LONGMAN,313021572,Caboolture - East,31302157203,3157203,431,432
31302157204-LON,LONGMAN,313021572,Caboolture - East,31302157204,3157204,480,508
31302157205-LON,LONGMAN,313021572,Caboolture - East,31302157205,3157205,389,390
31302157206-LON,LONGMAN,313021572,Caboolture - East,31302157206,3157206,349,380
31302157207-LON,LONGMAN,313021572,Caboolture - East,31302157207,3157207,426,427
31302157208-LON,LONGMAN,313021572,Caboolture - East,31302157208,3157208,120,133
31302157209-LON,LONGMAN,313021572,Caboolture - East,31302157209,3157209,268,269
31302157210-LON,LONGMAN,313021572,Caboolture - East,31302157210,3157210,464,465
31302157211-LON,LONGMAN,313021572,Caboolture - East,31302157211,3157211,299,317
31302157212-LON,LONGMAN,313021572,Caboolture - East,31302157212,3157212,216,225
31302157213-LON,LONGMAN,313021572,Caboolture - East,31302157213,3157213,355,380
31302157214-LON,LONGMAN,313021572,Caboolture - East,31302157214,3157214,183,193
31302157215-LON,LONGMAN,313021572,Caboolture - East,31302157215,3157215,386,429
31302157216-LON,LONGMAN,313021572,Caboolture - East,31302157216,3157216,377,432
31302157217-LON,LONGMAN,313021572,Caboolture - East,31302157217,3157217,213,214
31302157218-LON,LONGMAN,313021572,Caboolture - East,31302157218,3157218,323,324
31302157219-LON,LONGMAN,313021572,Caboolture - East,31302157219,3157219,560,637
31302157220-LON,LONGMAN,313021572,Caboolture - East,31302157220,3157220,363,413
31302157221-LON,LONGMAN,313021572,Caboolture - East,31302157221,3157221,470,527
31302157222-LON,LONGMAN,313021572,Caboolture - East,31302157222,3157222,179,190
31302157223-LON,LONGMAN,313021572,Caboolture - East,31302157223,3157223,388,389
31302157224-LON,LONGMAN,313021572,Caboolture - East,31302157224,3157224,236,237
31302157225-LON,LONGMAN,313021572,Caboolture - East,31302157225,3157225,471,495
31302157226-LON,LONGMAN,313021572,Caboolture - East,31302157226,3157226,441,482
31302157227-LON,LONGMAN,313021572,Caboolture - East,31302157227,3157227,249,260
31302157228-LON,LONGMAN,313021572,Caboolture - East,31302157228,3157228,251,268
31302157229-LON,LONGMAN,313021572,Caboolture - East,31302157229,3157229,413,442
31302157230-LON,LONGMAN,313021572,Caboolture - East,31302157230,3157230,153,162
31302157231-LON,LONGMAN,313021572,Caboolture - East,31302157231,3157231,284,285
31302157232-LON,LONGMAN,313021572,Caboolture - East,31302157232,3157232,496,534
31302157233-LON,LONGMAN,313021572,Caboolture - East,31302157233,3157233,614,615
31302157234-LON,LONGMAN,313021572,Caboolture - East,31302157234,3157234,273,282
31302157235-LON,LONGMAN,313021572,Caboolture - East,31302157235,3157235,799,920
31302157301-LON,LONGMAN,313021573,Caboolture - West,31302157301,3157301,533,561
31302157302-LON,LONGMAN,313021573,Caboolture - West,31302157302,3157302,336,351
31302157303-LON,LONGMAN,313021573,Caboolture - West,31302157303,3157303,350,362
31302157304-LON,LONGMAN,313021573,Caboolture - West,31302157304,3157304,369,387
31302157305-LON,LONGMAN,313021573,Caboolture - West,31302157305,3157305,256,253
31302157306-LON,LONGMAN,313021573,Caboolture - West,31302157306,3157306,383,400
31302157307-LON,LONGMAN,313021573,Caboolture - West,31302157307,3157307,787,847
31302157308-LON,LONGMAN,313021573,Caboolture - West,31302157308,3157308,333,357
31302157309-LON,LONGMAN,313021573,Caboolture - West,31302157309,3157309,542,615
31302157310-LON,LONGMAN,313021573,Caboolture - West,31302157310,3157310,360,355
31302157311-LON,LONGMAN,313021573,Caboolture - West,31302157311,3157311,282,294
31302157312-LON,LONGMAN,313021573,Caboolture - West,31302157312,3157312,316,326
31302157313-LON,LONGMAN,313021573,Caboolture - West,31302157313,3157313,324,422
31302157314-LON,LONGMAN,313021573,Caboolture - West,31302157314,3157314,603,628
31302157315-LON,LONGMAN,313021573,Caboolture - West,31302157315,3157315,382,408
31302157316-LON,LONGMAN,313021573,Caboolture - West,31302157316,3157316,114,117
31302157317-LON,LONGMAN,313021573,Caboolture - West,31302157317,3157317,331,368
31302157318-LON,LONGMAN,313021573,Caboolture - West,31302157318,3157318,221,225
31302157319-LON,LONGMAN,313021573,Caboolture - West,31302157319,3157319,334,351
31302157320-LON,LONGMAN,313021573,Caboolture - West,31302157320,3157320,251,266
31302157321-LON,LONGMAN,313021573,Caboolture - West,31302157321,3157321,322,318
31302157322-LON,LONGMAN,313021573,Caboolture - West,31302157322,3157322,635,677
31302157323-LON,LONGMAN,313021573,Caboolture - West,31302157323,3157323,326,322
31302157324-LON,LONGMAN,313021573,Caboolture - West,31302157324,3157324,335,355
31302157325-LON,LONGMAN,313021573,Caboolture - West,31302157325,3157325,225,243
31302157326-LON,LONGMAN,313021573,Caboolture - West,31302157326,3157326,252,264
31302157327-LON,LONGMAN,313021573,Caboolture - West,31302157327,3157327,219,223
31302157328-LON,LONGMAN,313021573,Caboolture - West,31302157328,3157328,323,349
31302157329-LON,LONGMAN,313021573,Caboolture - West,31302157329,3157329,184,195
31305157401-BON,BONNER,313051574,Moreton Island,31305157401,3157401,129,152
31305157501-PET,PETRIE,313051575,Scarborough - Newport,31305157501,3157501,248,247
31305157502-PET,PETRIE,313051575,Scarborough - Newport,31305157502,3157502,408,439
31305157503-PET,PETRIE,313051575,Scarborough - Newport,31305157503,3157503,296,311
31305157504-PET,PETRIE,313051575,Scarborough - Newport,31305157504,3157504,298,318
31305157505-PET,PETRIE,313051575,Scarborough - Newport,31305157505,3157505,386,402
31305157506-PET,PETRIE,313051575,Scarborough - Newport,31305157506,3157506,690,687
31305157507-PET,PETRIE,313051575,Scarborough - Newport,31305157507,3157507,233,241
31305157508-PET,PETRIE,313051575,Scarborough - Newport,31305157508,3157508,378,395
31305157509-PET,PETRIE,313051575,Scarborough - Newport,31305157509,3157509,349,371
31305157510-PET,PETRIE,313051575,Scarborough - Newport,31305157510,3157510,578,673
31305157511-PET,PETRIE,313051575,Scarborough - Newport,31305157511,3157511,356,354
31305157512-PET,PETRIE,313051575,Scarborough - Newport,31305157512,3157512,268,284
31305157513-PET,PETRIE,313051575,Scarborough - Newport,31305157513,3157513,432,474
31305157514-PET,PETRIE,313051575,Scarborough - Newport,31305157514,3157514,353,376
31305157515-PET,PETRIE,313051575,Scarborough - Newport,31305157515,3157515,556,580
31305157516-PET,PETRIE,313051575,Scarborough - Newport,31305157516,3157516,437,481
31305157517-PET,PETRIE,313051575,Scarborough - Newport,31305157517,3157517,202,218
31305157518-PET,PETRIE,313051575,Scarborough - Newport,31305157518,3157518,305,318
31305157519-PET,PETRIE,313051575,Scarborough - Newport,31305157519,3157519,452,450
31305157520-PET,PETRIE,313051575,Scarborough - Newport,31305157520,3157520,1669,2022
31305157521-PET,PETRIE,313051575,Scarborough - Newport,31305157521,3157521,432,467
31305157522-PET,PETRIE,313051575,Scarborough - Newport,31305157522,3157522,291,290
31305157523-PET,PETRIE,313051575,Scarborough - Newport,31305157523,3157523,384,400
31305157524-PET,PETRIE,313051575,Scarborough - Newport,31305157524,3157524,424,451
31305157525-PET,PETRIE,313051575,Scarborough - Newport,31305157525,3157525,344,358
31305157526-PET,PETRIE,313051575,Scarborough - Newport,31305157526,3157526,257,272
31305157527-PET,PETRIE,313051575,Scarborough - Newport,31305157527,3157527,428,468
31305157528-PET,PETRIE,313051575,Scarborough - Newport,31305157528,3157528,420,449
31305157529-PET,PETRIE,313051575,Scarborough - Newport,31305157529,3157529,278,277
31305157530-PET,PETRIE,313051575,Scarborough - Newport,31305157530,3157530,226,243
31305157531-PET,PETRIE,313051575,Scarborough - Newport,31305157531,3157531,267,266
31305157532-PET,PETRIE,313051575,Scarborough - Newport,31305157532,3157532,172,188
31305157533-PET,PETRIE,313051575,Scarborough - Newport,31305157533,3157533,224,223
31305157534-PET,PETRIE,313051575,Scarborough - Newport,31305157534,3157534,228,248
31305157535-PET,PETRIE,313051575,Scarborough - Newport,31305157535,3157535,213,212
31305157536-PET,PETRIE,313051575,Scarborough - Newport,31305157536,3157536,256,265
31402157601-LON,LONGMAN,314021576,Dakabin,31402157601,3157601,295,322
31402157602-LON,LONGMAN,314021576,Dakabin,31402157602,3157602,137,136
31402157603-LON,LONGMAN,314021576,Dakabin,31402157603,3157603,244,242
31402157604-LON,LONGMAN,314021576,Dakabin,31402157604,3157604,260,271
31402157605-LON,LONGMAN,314021576,Dakabin,31402157605,3157605,183,192
31402157606-LON,LONGMAN,314021576,Dakabin,31402157606,3157606,389,417
31402157607-LON,LONGMAN,314021576,Dakabin,31402157607,3157607,482,528
31402157608-LON,LONGMAN,314021576,Dakabin,31402157608,3157608,226,240
31402157609-LON,LONGMAN,314021576,Dakabin,31402157609,3157609,224,231
31402157610-LON,LONGMAN,314021576,Dakabin,31402157610,3157610,379,415
31402157611-LON,LONGMAN,314021576,Dakabin,31402157611,3157611,279,326
31402157612-LON,LONGMAN,314021576,Dakabin,31402157612,3157612,258,279
31402157613-LON,LONGMAN,314021576,Dakabin,31402157613,3157613,164,163
31402157701-DIC,DICKSON,314021577,Kallangur,31402157701,3157701,397,411
31402157702-DIC,DICKSON,314021577,Kallangur,31402157702,3157702,290,285
31402157703-DIC,DICKSON,314021577,Kallangur,31402157703,3157703,188,196
31402157704-LON,LONGMAN,314021577,Kallangur,31402157704,3157704,285,305
31402157705-LON,LONGMAN,314021577,Kallangur,31402157705,3157705,217,233
31402157706-LON,LONGMAN,314021577,Kallangur,31402157706,3157706,217,231
31402157707-DIC,DICKSON,314021577,Kallangur,31402157707,3157707,414,438
31402157708-LON,LONGMAN,314021577,Kallangur,31402157708,3157708,197,202
31402157709-LON,LONGMAN,314021577,Kallangur,31402157709,3157709,189,186
31402157710-DIC,DICKSON,314021577,Kallangur,31402157710,3157710,477,499
31402157711-DIC,DICKSON,314021577,Kallangur,31402157711,3157711,298,313
31402157712-DIC,DICKSON,314021577,Kallangur,31402157712,3157712,180,186
31402157713-LON,LONGMAN,314021577,Kallangur,31402157713,3157713,661,649
31402157714-LON,LONGMAN,314021577,Kallangur,31402157714,3157714,242,257
31402157715-LON,LONGMAN,314021577,Kallangur,31402157715,3157715,286,308
31402157716-DIC,DICKSON,314021577,Kallangur,31402157716,3157716,272,294
31402157717-DIC,DICKSON,314021577,Kallangur,31402157717,3157717,347,376
31402157718-DIC,DICKSON,314021577,Kallangur,31402157718,3157718,530,551
31402157719-LON,LONGMAN,314021577,Kallangur,31402157719,3157719,190,201
31402157720-LON,LONGMAN,314021577,Kallangur,31402157720,3157720,224,252
31402157721-DIC,DICKSON,314021577,Kallangur,31402157721,3157721,423,440
31402157722-DIC,DICKSON,314021577,Kallangur,31402157722,3157722,463,476
31402157723-LON,LONGMAN,314021577,Kallangur,31402157723,3157723,438,467
31402157724-LON,LONGMAN,314021577,Kallangur,31402157724,3157724,219,221
31402157725-DIC,DICKSON,314021577,Kallangur,31402157725,3157725,294,302
31402157726-DIC,DICKSON,314021577,Kallangur,31402157726,3157726,267,277
31402157727-LON,LONGMAN,314021577,Kallangur,31402157727,3157727,196,203
31402157728-DIC,DICKSON,314021577,Kallangur,31402157728,3157728,360,384
31402157729-DIC,DICKSON,314021577,Kallangur,31402157729,3157729,312,319
31402157730-DIC,DICKSON,314021577,Kallangur,31402157730,3157730,328,336
31402157731-LON,LONGMAN,314021577,Kallangur,31402157731,3157731,215,225
31402157732-DIC,DICKSON,314021577,Kallangur,31402157732,3157732,307,337
31402157733-DIC,DICKSON,314021577,Kallangur,31402157733,3157733,244,240
31402157734-DIC,DICKSON,314021577,Kallangur,31402157734,3157734,217,231
31402157735-DIC,DICKSON,314021577,Kallangur,31402157735,3157735,280,275
31402157736-DIC,DICKSON,314021577,Kallangur,31402157736,3157736,268,285
31402157737-LON,LONGMAN,314021577,Kallangur,31402157737,3157737,144,151
31402157738-LON,LONGMAN,314021577,Kallangur,31402157738,3157738,187,192
31402157739-LON,LONGMAN,314021577,Kallangur,31402157739,3157739,198,205
31402157740-DIC,DICKSON,314021577,Kallangur,31402157740,3157740,277,296
31402157741-DIC,DICKSON,314021577,Kallangur,31402157741,3157741,256,258
31402157742-DIC,DICKSON,314021577,Kallangur,31402157742,3157742,334,355
31402157743-LON,LONGMAN,314021577,Kallangur,31402157743,3157743,373,403
31402157744-DIC,DICKSON,314021577,Kallangur,31402157744,3157744,359,367
31402157745-LON,LONGMAN,314021577,Kallangur,31402157745,3157745,385,396
31402157746-LON,LONGMAN,314021577,Kallangur,31402157746,3157746,399,420
31402157747-DIC,DICKSON,314021577,Kallangur,31402157747,3157747,179,186
31402157748-LON,LONGMAN,314021577,Kallangur,31402157748,3157748,390,404
31402157749-DIC,DICKSON,314021577,Kallangur,31402157749,3157749,226,234
31402157749-LON,LONGMAN,314021577,Kallangur,31402157749,3157749,0,0
31402157750-DIC,DICKSON,314021577,Kallangur,31402157750,3157750,10,10
31402157751-LON,LONGMAN,314021577,Kallangur,31402157751,3157751,244,256
31402157752-DIC,DICKSON,314021577,Kallangur,31402157752,3157752,467,502
31402157753-LON,LONGMAN,314021577,Kallangur,31402157753,3157753,237,254
31402157801-PET,PETRIE,314021578,Mango Hill,31402157801,3157801,502,563
31402157802-PET,PETRIE,314021578,Mango Hill,31402157802,3157802,191,206
31402157803-PET,PETRIE,314021578,Mango Hill,31402157803,3157803,382,459
31402157804-PET,PETRIE,314021578,Mango Hill,31402157804,3157804,282,300
31402157805-PET,PETRIE,314021578,Mango Hill,31402157805,3157805,402,402
31402157806-PET,PETRIE,314021578,Mango Hill,31402157806,3157806,186,199
31402157807-PET,PETRIE,314021578,Mango Hill,31402157807,3157807,346,346
31402157808-PET,PETRIE,314021578,Mango Hill,31402157808,3157808,8,9
31402157809-PET,PETRIE,314021578,Mango Hill,31402157809,3157809,348,377
31402157810-PET,PETRIE,314021578,Mango Hill,31402157810,3157810,137,173
31402157811-PET,PETRIE,314021578,Mango Hill,31402157811,3157811,271,286
31402157812-PET,PETRIE,314021578,Mango Hill,31402157812,3157812,380,380
31402157813-PET,PETRIE,314021578,Mango Hill,31402157813,3157813,303,334
31402157814-PET,PETRIE,314021578,Mango Hill,31402157814,3157814,204,227
31402157815-PET,PETRIE,314021578,Mango Hill,31402157815,3157815,245,269
31402157816-PET,PETRIE,314021578,Mango Hill,31402157816,3157816,728,885
31402157817-PET,PETRIE,314021578,Mango Hill,31402157817,3157817,362,362
31402157818-PET,PETRIE,314021578,Mango Hill,31402157818,3157818,254,254
31402157819-PET,PETRIE,314021578,Mango Hill,31402157819,3157819,586,586
31402157820-PET,PETRIE,314021578,Mango Hill,31402157820,3157820,237,249
31402157821-PET,PETRIE,314021578,Mango Hill,31402157821,3157821,0,0
31402157822-PET,PETRIE,314021578,Mango Hill,31402157822,3157822,229,260
31402157823-PET,PETRIE,314021578,Mango Hill,31402157823,3157823,226,242
31402157824-PET,PETRIE,314021578,Mango Hill,31402157824,3157824,312,364
31402157825-PET,PETRIE,314021578,Mango Hill,31402157825,3157825,276,276
31402157826-PET,PETRIE,314021578,Mango Hill,31402157826,3157826,532,559
31402157827-PET,PETRIE,314021578,Mango Hill,31402157827,3157827,201,211
31402157828-PET,PETRIE,314021578,Mango Hill,31402157828,3157828,280,280
31402157829-PET,PETRIE,314021578,Mango Hill,31402157829,3157829,588,724
31402157830-PET,PETRIE,314021578,Mango Hill,31402157830,3157830,284,307
31402157831-PET,PETRIE,314021578,Mango Hill,31402157831,3157831,479,479
31402157901-PET,PETRIE,314021579,North Lakes,31402157901,3157901,214,209
31402157902-PET,PETRIE,314021579,North Lakes,31402157902,3157902,314,315
31402157903-PET,PETRIE,314021579,North Lakes,31402157903,3157903,347,354
31402157904-PET,PETRIE,314021579,North Lakes,31402157904,3157904,229,228
31402157905-PET,PETRIE,314021579,North Lakes,31402157905,3157905,231,230
31402157906-PET,PETRIE,314021579,North Lakes,31402157906,3157906,297,301
31402157907-PET,PETRIE,314021579,North Lakes,31402157907,3157907,292,306
31402157908-PET,PETRIE,314021579,North Lakes,31402157908,3157908,230,232
31402157909-PET,PETRIE,314021579,North Lakes,31402157909,3157909,376,418
31402157910-PET,PETRIE,314021579,North Lakes,31402157910,3157910,259,253
31402157911-PET,PETRIE,314021579,North Lakes,31402157911,3157911,228,222
31402157912-PET,PETRIE,314021579,North Lakes,31402157912,3157912,326,341
31402157913-PET,PETRIE,314021579,North Lakes,31402157913,3157913,376,399
31402157914-PET,PETRIE,314021579,North Lakes,31402157914,3157914,283,283
31402157915-PET,PETRIE,314021579,North Lakes,31402157915,3157915,229,228
31402157916-PET,PETRIE,314021579,North Lakes,31402157916,3157916,0,0
31402157917-PET,PETRIE,314021579,North Lakes,31402157917,3157917,321,320
31402157918-PET,PETRIE,314021579,North Lakes,31402157918,3157918,349,345
31402157919-PET,PETRIE,314021579,North Lakes,31402157919,3157919,207,214
31402157920-PET,PETRIE,314021579,North Lakes,31402157920,3157920,245,245
31402157921-PET,PETRIE,314021579,North Lakes,31402157921,3157921,119,123
31402157922-PET,PETRIE,314021579,North Lakes,31402157922,3157922,273,289
31402157923-PET,PETRIE,314021579,North Lakes,31402157923,3157923,204,220
31402157924-PET,PETRIE,314021579,North Lakes,31402157924,3157924,430,494
31402157925-PET,PETRIE,314021579,North Lakes,31402157925,3157925,353,357
31402157926-PET,PETRIE,314021579,North Lakes,31402157926,3157926,374,378
31402157927-PET,PETRIE,314021579,North Lakes,31402157927,3157927,169,165
31402157928-PET,PETRIE,314021579,North Lakes,31402157928,3157928,283,290
31402157929-PET,PETRIE,314021579,North Lakes,31402157929,3157929,234,243
31402157930-PET,PETRIE,314021579,North Lakes,31402157930,3157930,0,0
31402157931-PET,PETRIE,314021579,North Lakes,31402157931,3157931,291,295
31402157932-PET,PETRIE,314021579,North Lakes,31402157932,3157932,235,229
31402157933-PET,PETRIE,314021579,North Lakes,31402157933,3157933,446,446
31402157934-PET,PETRIE,314021579,North Lakes,31402157934,3157934,266,278
31402157935-PET,PETRIE,314021579,North Lakes,31402157935,3157935,353,360
31402157936-PET,PETRIE,314021579,North Lakes,31402157936,3157936,277,277
31402157937-PET,PETRIE,314021579,North Lakes,31402157937,3157937,318,325
31402157938-PET,PETRIE,314021579,North Lakes,31402157938,3157938,149,154
31402157939-PET,PETRIE,314021579,North Lakes,31402157939,3157939,209,204
31402157940-PET,PETRIE,314021579,North Lakes,31402157940,3157940,275,311
31402157941-PET,PETRIE,314021579,North Lakes,31402157941,3157941,181,180
31402157942-PET,PETRIE,314021579,North Lakes,31402157942,3157942,205,215
31402157943-PET,PETRIE,314021579,North Lakes,31402157943,3157943,202,203
31402157944-PET,PETRIE,314021579,North Lakes,31402157944,3157944,248,252
31402157945-PET,PETRIE,314021579,North Lakes,31402157945,3157945,399,422
31402157946-PET,PETRIE,314021579,North Lakes,31402157946,3157946,446,435
31402157947-PET,PETRIE,314021579,North Lakes,31402157947,3157947,262,279
31402157948-PET,PETRIE,314021579,North Lakes,31402157948,3157948,206,209
31402157949-PET,PETRIE,314021579,North Lakes,31402157949,3157949,227,241
31402157950-PET,PETRIE,314021579,North Lakes,31402157950,3157950,279,287
31402157951-PET,PETRIE,314021579,North Lakes,31402157951,3157951,234,249
31402157952-PET,PETRIE,314021579,North Lakes,31402157952,3157952,309,301
31402157953-PET,PETRIE,314021579,North Lakes,31402157953,3157953,282,312
31402157954-PET,PETRIE,314021579,North Lakes,31402157954,3157954,190,193
31402157955-PET,PETRIE,314021579,North Lakes,31402157955,3157955,176,176
31602158001-FIS,FISHER,316021580,Caloundra West - Baringa,31602158001,3158001,5603,8383
31602158002-FIS,FISHER,316021580,Caloundra West - Baringa,31602158002,3158002,318,372
31602158003-FIS,FISHER,316021580,Caloundra West - Baringa,31602158003,3158003,2,2
31602158004-FIS,FISHER,316021580,Caloundra West - Baringa,31602158004,3158004,505,517
31602158005-FIS,FISHER,316021580,Caloundra West - Baringa,31602158005,3158005,367,376
31602158006-FIS,FISHER,316021580,Caloundra West - Baringa,31602158006,3158006,241,263
31602158007-FIS,FISHER,316021580,Caloundra West - Baringa,31602158007,3158007,371,407
31602158008-FIS,FISHER,316021580,Caloundra West - Baringa,31602158008,3158008,394,437
31602158009-FIS,FISHER,316021580,Caloundra West - Baringa,31602158009,3158009,535,548
31602158010-FIS,FISHER,316021580,Caloundra West - Baringa,31602158010,3158010,359,367
31602158011-FIS,FISHER,316021580,Caloundra West - Baringa,31602158011,3158011,277,309
31602158012-FIS,FISHER,316021580,Caloundra West - Baringa,31602158012,3158012,399,408
31602158013-FIS,FISHER,316021580,Caloundra West - Baringa,31602158013,3158013,341,391
31602158014-FIS,FISHER,316021580,Caloundra West - Baringa,31602158014,3158014,346,354
31602158015-FIS,FISHER,316021580,Caloundra West - Baringa,31602158015,3158015,290,307
31602158016-FIS,FISHER,316021580,Caloundra West - Baringa,31602158016,3158016,181,185
31602158017-FIS,FISHER,316021580,Caloundra West - Baringa,31602158017,3158017,381,445
31602158018-FIS,FISHER,316021580,Caloundra West - Baringa,31602158018,3158018,477,535
31602158019-FIS,FISHER,316021580,Caloundra West - Baringa,31602158019,3158019,224,229
31602158020-FIS,FISHER,316021580,Caloundra West - Baringa,31602158020,3158020,389,422
31602158021-FIS,FISHER,316021580,Caloundra West - Baringa,31602158021,3158021,218,223
31602158022-FIS,FISHER,316021580,Caloundra West - Baringa,31602158022,3158022,450,461
31602158023-FIS,FISHER,316021580,Caloundra West - Baringa,31602158023,3158023,291,325
31602158024-FIS,FISHER,316021580,Caloundra West - Baringa,31602158024,3158024,433,472
31602158025-FIS,FISHER,316021580,Caloundra West - Baringa,31602158025,3158025,392,423
31602158026-FIS,FISHER,316021580,Caloundra West - Baringa,31602158026,3158026,321,354
31602158027-FIS,FISHER,316021580,Caloundra West - Baringa,31602158027,3158027,371,424
31602158028-FIS,FISHER,316021580,Caloundra West - Baringa,31602158028,3158028,318,352
31602158029-FIS,FISHER,316021580,Caloundra West - Baringa,31602158029,3158029,0,0
31602158030-FIS,FISHER,316021580,Caloundra West - Baringa,31602158030,3158030,470,511
31602158031-FIS,FISHER,316021580,Caloundra West - Baringa,31602158031,3158031,376,385
31602158032-FIS,FISHER,316021580,Caloundra West - Baringa,31602158032,3158032,260,266
31602158033-FIS,FISHER,316021580,Caloundra West - Baringa,31602158033,3158033,348,356
31602158101-FIS,FISHER,316021581,Meridan Plains - Little Mountain (North),31602158101,3158101,405,417
31602158102-FIS,FISHER,316021581,Meridan Plains - Little Mountain (North),31602158102,3158102,359,359
31602158103-FIS,FISHER,316021581,Meridan Plains - Little Mountain (North),31602158103,3158103,0,0
31602158104-FIS,FISHER,316021581,Meridan Plains - Little Mountain (North),31602158104,3158104,245,257
31602158105-FIS,FISHER,316021581,Meridan Plains - Little Mountain (North),31602158105,3158105,3,3
31602158106-FIS,FISHER,316021581,Meridan Plains - Little Mountain (North),31602158106,3158106,295,315
31602158107-FIS,FISHER,316021581,Meridan Plains - Little Mountain (North),31602158107,3158107,561,575
31602158108-FIS,FISHER,316021581,Meridan Plains - Little Mountain (North),31602158108,3158108,97,103
31602158109-FIS,FISHER,316021581,Meridan Plains - Little Mountain (North),31602158109,3158109,267,261
31602158110-FIS,FISHER,316021581,Meridan Plains - Little Mountain (North),31602158110,3158110,530,555
31602158111-FIS,FISHER,316021581,Meridan Plains - Little Mountain (North),31602158111,3158111,440,454
31602158112-FIS,FISHER,316021581,Meridan Plains - Little Mountain (North),31602158112,3158112,330,332
31602158113-FIS,FISHER,316021581,Meridan Plains - Little Mountain (North),31602158113,3158113,430,421
31602158114-FIS,FISHER,316021581,Meridan Plains - Little Mountain (North),31602158114,3158114,170,173
31602158115-FIS,FISHER,316021581,Meridan Plains - Little Mountain (North),31602158115,3158115,787,808
31602158116-FIS,FISHER,316021581,Meridan Plains - Little Mountain (North),31602158116,3158116,479,533
31602158117-FIS,FISHER,316021581,Meridan Plains - Little Mountain (North),31602158117,3158117,360,366
31602158118-FIS,FISHER,316021581,Meridan Plains - Little Mountain (North),31602158118,3158118,384,385
31602158119-FIS,FISHER,316021581,Meridan Plains - Little Mountain (North),31602158119,3158119,459,489
31602158120-FIS,FISHER,316021581,Meridan Plains - Little Mountain (North),31602158120,3158120,846,915
31602158121-FIS,FISHER,316021581,Meridan Plains - Little Mountain (North),31602158121,3158121,446,452
31602158122-FIS,FISHER,316021581,Meridan Plains - Little Mountain (North),31602158122,3158122,246,249
31602158123-FIS,FISHER,316021581,Meridan Plains - Little Mountain (North),31602158123,3158123,300,307
31602158124-FIS,FISHER,316021581,Meridan Plains - Little Mountain (North),31602158124,3158124,336,360
31602158125-FIS,FISHER,316021581,Meridan Plains - Little Mountain (North),31602158125,3158125,534,566
31602158126-FIS,FISHER,316021581,Meridan Plains - Little Mountain (North),31602158126,3158126,377,384
31602158127-FIS,FISHER,316021581,Meridan Plains - Little Mountain (North),31602158127,3158127,511,523
31602158128-FIS,FISHER,316021581,Meridan Plains - Little Mountain (North),31602158128,3158128,328,348
31602158129-FIS,FISHER,316021581,Meridan Plains - Little Mountain (North),31602158129,3158129,197,203
31602158130-FIS,FISHER,316021581,Meridan Plains - Little Mountain (North),31602158130,3158130,218,213
31802158201-HER,HERBERT,318021582,Burdell - Mount Low,31802158201,3158201,366,415
31802158202-HER,HERBERT,318021582,Burdell - Mount Low,31802158202,3158202,312,326
31802158203-HER,HERBERT,318021582,Burdell - Mount Low,31802158203,3158203,4,4
31802158204-HER,HERBERT,318021582,Burdell - Mount Low,31802158204,3158204,302,362
31802158205-HER,HERBERT,318021582,Burdell - Mount Low,31802158205,3158205,338,352
31802158206-HER,HERBERT,318021582,Burdell - Mount Low,31802158206,3158206,324,351
31802158207-HER,HERBERT,318021582,Burdell - Mount Low,31802158207,3158207,784,830
31802158208-HER,HERBERT,318021582,Burdell - Mount Low,31802158208,3158208,282,324
31802158209-HER,HERBERT,318021582,Burdell - Mount Low,31802158209,3158209,241,259
31802158210-HER,HERBERT,318021582,Burdell - Mount Low,31802158210,3158210,476,479
31802158211-HER,HERBERT,318021582,Burdell - Mount Low,31802158211,3158211,259,261
31802158212-HER,HERBERT,318021582,Burdell - Mount Low,31802158212,3158212,249,279
31802158213-HER,HERBERT,318021582,Burdell - Mount Low,31802158213,3158213,530,567
31802158214-HER,HERBERT,318021582,Burdell - Mount Low,31802158214,3158214,324,345
31802158215-HER,HERBERT,318021582,Burdell - Mount Low,31802158215,3158215,255,257
31802158216-HER,HERBERT,318021582,Burdell - Mount Low,31802158216,3158216,293,330
31802158217-HER,HERBERT,318021582,Burdell - Mount Low,31802158217,3158217,270,299
31802158218-HER,HERBERT,318021582,Burdell - Mount Low,31802158218,3158218,368,407
31802158219-HER,HERBERT,318021582,Burdell - Mount Low,31802158219,3158219,349,370
31802158220-HER,HERBERT,318021582,Burdell - Mount Low,31802158220,3158220,353,355
31802158221-HER,HERBERT,318021582,Burdell - Mount Low,31802158221,3158221,267,281
31802158222-HER,HERBERT,318021582,Burdell - Mount Low,31802158222,3158222,404,427
31802158223-HER,HERBERT,318021582,Burdell - Mount Low,31802158223,3158223,223,234
31802158224-HER,HERBERT,318021582,Burdell - Mount Low,31802158224,3158224,243,245
31802158225-HER,HERBERT,318021582,Burdell - Mount Low,31802158225,3158225,170,182
31802158226-HER,HERBERT,318021582,Burdell - Mount Low,31802158226,3158226,218,257
31802158227-HER,HERBERT,318021582,Burdell - Mount Low,31802158227,3158227,32,32
31802158228-HER,HERBERT,318021582,Burdell - Mount Low,31802158228,3158228,304,340
31802158229-HER,HERBERT,318021582,Burdell - Mount Low,31802158229,3158229,510,543
31802158230-HER,HERBERT,318021582,Burdell - Mount Low,31802158230,3158230,312,348
31802158231-HER,HERBERT,318021582,Burdell - Mount Low,31802158231,3158231,218,251
31802158232-HER,HERBERT,318021582,Burdell - Mount Low,31802158232,3158232,353,408
31802158233-HER,HERBERT,318021582,Burdell - Mount Low,31802158233,3158233,393,396
31802158234-HER,HERBERT,318021582,Burdell - Mount Low,31802158234,3158234,345,371
31802158235-HER,HERBERT,318021582,Burdell - Mount Low,31802158235,3158235,315,351
31802158236-HER,HERBERT,318021582,Burdell - Mount Low,31802158236,3158236,143,152
31802158237-HER,HERBERT,318021582,Burdell - Mount Low,31802158237,3158237,446,501
31802158238-HER,HERBERT,318021582,Burdell - Mount Low,31802158238,3158238,207,217
31802158239-HER,HERBERT,318021582,Burdell - Mount Low,31802158239,3158239,305,307
31802158240-HER,HERBERT,318021582,Burdell - Mount Low,31802158240,3158240,737,742
31802158241-HER,HERBERT,318021582,Burdell - Mount Low,31802158241,3158241,311,338
31802158242-HER,HERBERT,318021582,Burdell - Mount Low,31802158242,3158242,284,307
31802158243-HER,HERBERT,318021582,Burdell - Mount Low,31802158243,3158243,476,504
31802158244-HER,HERBERT,318021582,Burdell - Mount Low,31802158244,3158244,204,216
31802158245-HER,HERBERT,318021582,Burdell - Mount Low,31802158245,3158245,349,384
31802158301-HER,HERBERT,318021583,Deeragun - Jensen,31802158301,3158301,486,514
31802158302-HER,HERBERT,318021583,Deeragun - Jensen,31802158302,3158302,302,307
31802158303-HER,HERBERT,318021583,Deeragun - Jensen,31802158303,3158303,342,336
31802158304-HER,HERBERT,318021583,Deeragun - Jensen,31802158304,3158304,179,193
31802158305-HER,HERBERT,318021583,Deeragun - Jensen,31802158305,3158305,378,419
31802158306-HER,HERBERT,318021583,Deeragun - Jensen,31802158306,3158306,595,659
31802158307-HER,HERBERT,318021583,Deeragun - Jensen,31802158307,3158307,310,305
31802158308-HER,HERBERT,318021583,Deeragun - Jensen,31802158308,3158308,285,298
31802158309-HER,HERBERT,318021583,Deeragun - Jensen,31802158309,3158309,257,271
31802158310-HER,HERBERT,318021583,Deeragun - Jensen,31802158310,3158310,383,422
31802158311-HER,HERBERT,318021583,Deeragun - Jensen,31802158311,3158311,270,293
31802158312-HER,HERBERT,318021583,Deeragun - Jensen,31802158312,3158312,139,137
31802158313-HER,HERBERT,318021583,Deeragun - Jensen,31802158313,3158313,238,262
31802158314-HER,HERBERT,318021583,Deeragun - Jensen,31802158314,3158314,388,408
31802158315-HER,HERBERT,318021583,Deeragun - Jensen,31802158315,3158315,233,248