SA1_CODE_DIV,SA1_CODE,SA2_CODE,SA2_NAME,DIVISION,ACTUAL,PROJECTED
40101100101-ADE,40101100101,401011001,Adelaide,Adelaide,449,538
40101100102-ADE,40101100102,401011001,Adelaide,Adelaide,226,224
40101100103-ADE,40101100103,401011001,Adelaide,Adelaide,151,140
40101100104-ADE,40101100104,401011001,Adelaide,Adelaide,542,502
40101100105-ADE,40101100105,401011001,Adelaide,Adelaide,377,431
40101100106-ADE,40101100106,401011001,Adelaide,Adelaide,401,466
40101100107-ADE,40101100107,401011001,Adelaide,Adelaide,296,299
40101100108-ADE,40101100108,401011001,Adelaide,Adelaide,211,218
40101100111-ADE,40101100111,401011001,Adelaide,Adelaide,6,7
40101100114-ADE,40101100114,401011001,Adelaide,Adelaide,427,478
40101100115-ADE,40101100115,401011001,Adelaide,Adelaide,310,320
40101100117-ADE,40101100117,401011001,Adelaide,Adelaide,305,347
40101100118-ADE,40101100118,401011001,Adelaide,Adelaide,196,197
40101100119-ADE,40101100119,401011001,Adelaide,Adelaide,342,371
40101100122-ADE,40101100122,401011001,Adelaide,Adelaide,30,32
40101100126-ADE,40101100126,401011001,Adelaide,Adelaide,2,2
40101100127-ADE,40101100127,401011001,Adelaide,Adelaide,0,0
40101100128-ADE,40101100128,401011001,Adelaide,Adelaide,0,0
40101100129-ADE,40101100129,401011001,Adelaide,Adelaide,1,1
40101100130-ADE,40101100130,401011001,Adelaide,Adelaide,282,261
40101100131-ADE,40101100131,401011001,Adelaide,Adelaide,0,0
40101100132-ADE,40101100132,401011001,Adelaide,Adelaide,2,2
40101100134-ADE,40101100134,401011001,Adelaide,Adelaide,369,425
40101100135-ADE,40101100135,401011001,Adelaide,Adelaide,86,100
40101100136-ADE,40101100136,401011001,Adelaide,Adelaide,219,232
40101100137-ADE,40101100137,401011001,Adelaide,Adelaide,0,0
40101100138-ADE,40101100138,401011001,Adelaide,Adelaide,196,201
40101100139-ADE,40101100139,401011001,Adelaide,Adelaide,60,64
40101100140-ADE,40101100140,401011001,Adelaide,Adelaide,202,217
40101100141-ADE,40101100141,401011001,Adelaide,Adelaide,119,133
40101100142-ADE,40101100142,401011001,Adelaide,Adelaide,159,172
40101100144-ADE,40101100144,401011001,Adelaide,Adelaide,291,328
40101100146-ADE,40101100146,401011001,Adelaide,Adelaide,123,131
40101100147-ADE,40101100147,401011001,Adelaide,Adelaide,404,441
40101100149-ADE,40101100149,401011001,Adelaide,Adelaide,163,173
40101100150-ADE,40101100150,401011001,Adelaide,Adelaide,175,192
40101100151-ADE,40101100151,401011001,Adelaide,Adelaide,304,328
40101100152-ADE,40101100152,401011001,Adelaide,Adelaide,227,239
40101100153-ADE,40101100153,401011001,Adelaide,Adelaide,73,77
40101100154-ADE,40101100154,401011001,Adelaide,Adelaide,92,98
40101100155-ADE,40101100155,401011001,Adelaide,Adelaide,312,368
40101100156-ADE,40101100156,401011001,Adelaide,Adelaide,42,44
40101100157-ADE,40101100157,401011001,Adelaide,Adelaide,80,74
40101100158-ADE,40101100158,401011001,Adelaide,Adelaide,276,322
40101100159-ADE,40101100159,401011001,Adelaide,Adelaide,109,114
40101100160-ADE,40101100160,401011001,Adelaide,Adelaide,94,100
40101100161-ADE,40101100161,401011001,Adelaide,Adelaide,233,249
40101100162-ADE,40101100162,401011001,Adelaide,Adelaide,290,327
40101100201-ADE,40101100201,401011002,North Adelaide,Adelaide,262,277
40101100202-ADE,40101100202,401011002,North Adelaide,Adelaide,270,270
40101100203-ADE,40101100203,401011002,North Adelaide,Adelaide,284,307
40101100204-ADE,40101100204,401011002,North Adelaide,Adelaide,247,265
40101100205-ADE,40101100205,401011002,North Adelaide,Adelaide,483,513
40101100206-ADE,40101100206,401011002,North Adelaide,Adelaide,206,219
40101100207-ADE,40101100207,401011002,North Adelaide,Adelaide,168,165
40101100208-ADE,40101100208,401011002,North Adelaide,Adelaide,383,392
40101100209-ADE,40101100209,401011002,North Adelaide,Adelaide,215,225
40101100210-ADE,40101100210,401011002,North Adelaide,Adelaide,185,197
40101100211-ADE,40101100211,401011002,North Adelaide,Adelaide,266,269
40101100212-ADE,40101100212,401011002,North Adelaide,Adelaide,235,249
40101100213-ADE,40101100213,401011002,North Adelaide,Adelaide,0,0
40101100214-ADE,40101100214,401011002,North Adelaide,Adelaide,207,190
40101100215-ADE,40101100215,401011002,North Adelaide,Adelaide,303,320
40101100216-ADE,40101100216,401011002,North Adelaide,Adelaide,349,355
40101100217-ADE,40101100217,401011002,North Adelaide,Adelaide,0,0
40101100218-ADE,40101100218,401011002,North Adelaide,Adelaide,0,0
40101100219-ADE,40101100219,401011002,North Adelaide,Adelaide,191,198
40101100220-ADE,40101100220,401011002,North Adelaide,Adelaide,225,214
40101100221-ADE,40101100221,401011002,North Adelaide,Adelaide,230,262
40102100301-MAY,40102100301,401021003,Adelaide Hills,Mayo,213,224
40102100302-MAY,40102100302,401021003,Adelaide Hills,Mayo,202,202
40102100303-MAY,40102100303,401021003,Adelaide Hills,Mayo,315,326
40102100304-MAY,40102100304,401021003,Adelaide Hills,Mayo,271,287
40102100305-MAY,40102100305,401021003,Adelaide Hills,Mayo,287,291
40102100306-MAY,40102100306,401021003,Adelaide Hills,Mayo,295,313
40102100307-MAY,40102100307,401021003,Adelaide Hills,Mayo,161,161
40102100308-MAY,40102100308,401021003,Adelaide Hills,Mayo,307,324
40102100309-MAY,40102100309,401021003,Adelaide Hills,Mayo,169,161
40102100310-MAY,40102100310,401021003,Adelaide Hills,Mayo,145,159
40102100311-MAY,40102100311,401021003,Adelaide Hills,Mayo,261,282
40102100312-MAY,40102100312,401021003,Adelaide Hills,Mayo,384,398
40102100313-MAY,40102100313,401021003,Adelaide Hills,Mayo,300,339
40102100314-MAY,40102100314,401021003,Adelaide Hills,Mayo,243,236
40102100315-MAY,40102100315,401021003,Adelaide Hills,Mayo,280,276
40102100316-MAY,40102100316,401021003,Adelaide Hills,Mayo,312,317
40102100317-MAY,40102100317,401021003,Adelaide Hills,Mayo,169,169
40102100318-MAY,40102100318,401021003,Adelaide Hills,Mayo,260,260
40102100319-MAY,40102100319,401021003,Adelaide Hills,Mayo,386,401
40102100320-MAY,40102100320,401021003,Adelaide Hills,Mayo,5,5
40102100321-MAY,40102100321,401021003,Adelaide Hills,Mayo,202,219
40102100322-MAY,40102100322,401021003,Adelaide Hills,Mayo,125,130
40102100323-MAY,40102100323,401021003,Adelaide Hills,Mayo,113,112
40102100401-MAY,40102100401,401021004,Aldgate - Stirling,Mayo,393,392
40102100402-MAY,40102100402,401021004,Aldgate - Stirling,Mayo,430,411
40102100403-MAY,40102100403,401021004,Aldgate - Stirling,Mayo,322,326
40102100404-MAY,40102100404,401021004,Aldgate - Stirling,Mayo,227,238
40102100405-MAY,40102100405,401021004,Aldgate - Stirling,Mayo,384,400
40102100406-MAY,40102100406,401021004,Aldgate - Stirling,Mayo,308,325
40102100407-MAY,40102100407,401021004,Aldgate - Stirling,Mayo,214,226
40102100408-MAY,40102100408,401021004,Aldgate - Stirling,Mayo,319,326
40102100409-MAY,40102100409,401021004,Aldgate - Stirling,Mayo,223,228
40102100410-MAY,40102100410,401021004,Aldgate - Stirling,Mayo,284,294
40102100411-MAY,40102100411,401021004,Aldgate - Stirling,Mayo,332,352
40102100412-MAY,40102100412,401021004,Aldgate - Stirling,Mayo,341,333
40102100413-MAY,40102100413,401021004,Aldgate - Stirling,Mayo,238,256
40102100414-MAY,40102100414,401021004,Aldgate - Stirling,Mayo,338,343
40102100415-MAY,40102100415,401021004,Aldgate - Stirling,Mayo,210,225
40102100416-MAY,40102100416,401021004,Aldgate - Stirling,Mayo,401,407
40102100417-MAY,40102100417,401021004,Aldgate - Stirling,Mayo,402,419
40102100418-MAY,40102100418,401021004,Aldgate - Stirling,Mayo,314,352
40102100419-MAY,40102100419,401021004,Aldgate - Stirling,Mayo,304,332
40102100420-MAY,40102100420,401021004,Aldgate - Stirling,Mayo,210,225
40102100421-MAY,40102100421,401021004,Aldgate - Stirling,Mayo,371,372
40102100422-MAY,40102100422,401021004,Aldgate - Stirling,Mayo,414,427
40102100423-MAY,40102100423,401021004,Aldgate - Stirling,Mayo,382,367
40102100424-MAY,40102100424,401021004,Aldgate - Stirling,Mayo,326,353
40102100425-MAY,40102100425,401021004,Aldgate - Stirling,Mayo,312,311
40102100426-MAY,40102100426,401021004,Aldgate - Stirling,Mayo,343,343
40102100427-MAY,40102100427,401021004,Aldgate - Stirling,Mayo,422,458
40102100428-MAY,40102100428,401021004,Aldgate - Stirling,Mayo,336,363
40102100429-MAY,40102100429,401021004,Aldgate - Stirling,Mayo,264,288
40102100430-MAY,40102100430,401021004,Aldgate - Stirling,Mayo,276,273
40102100431-MAY,40102100431,401021004,Aldgate - Stirling,Mayo,269,287
40102100432-MAY,40102100432,401021004,Aldgate - Stirling,Mayo,179,190
40102100433-MAY,40102100433,401021004,Aldgate - Stirling,Mayo,335,353
40102100434-MAY,40102100434,401021004,Aldgate - Stirling,Mayo,446,451
40102100435-MAY,40102100435,401021004,Aldgate - Stirling,Mayo,407,419
40102100436-MAY,40102100436,401021004,Aldgate - Stirling,Mayo,255,265
40102100437-MAY,40102100437,401021004,Aldgate - Stirling,Mayo,223,236
40102100438-MAY,40102100438,401021004,Aldgate - Stirling,Mayo,248,244
40102100439-MAY,40102100439,401021004,Aldgate - Stirling,Mayo,437,471
40102100440-MAY,40102100440,401021004,Aldgate - Stirling,Mayo,392,377
40102100441-MAY,40102100441,401021004,Aldgate - Stirling,Mayo,279,290
40102100442-MAY,40102100442,401021004,Aldgate - Stirling,Mayo,342,360
40102100443-MAY,40102100443,401021004,Aldgate - Stirling,Mayo,155,155
40102100444-MAY,40102100444,401021004,Aldgate - Stirling,Mayo,151,158
40102100445-MAY,40102100445,401021004,Aldgate - Stirling,Mayo,174,189
40102100446-MAY,40102100446,401021004,Aldgate - Stirling,Mayo,177,202
40102100447-MAY,40102100447,401021004,Aldgate - Stirling,Mayo,165,158
40102100501-MAY,40102100501,401021005,Hahndorf - Echunga,Mayo,223,212
40102100502-MAY,40102100502,401021005,Hahndorf - Echunga,Mayo,412,404
40102100503-MAY,40102100503,401021005,Hahndorf - Echunga,Mayo,197,196
40102100504-MAY,40102100504,401021005,Hahndorf - Echunga,Mayo,184,187
40102100505-MAY,40102100505,401021005,Hahndorf - Echunga,Mayo,213,216
40102100506-MAY,40102100506,401021005,Hahndorf - Echunga,Mayo,210,218
40102100507-MAY,40102100507,401021005,Hahndorf - Echunga,Mayo,322,329
40102100508-MAY,40102100508,401021005,Hahndorf - Echunga,Mayo,396,377
40102100509-MAY,40102100509,401021005,Hahndorf - Echunga,Mayo,233,230
40102100510-MAY,40102100510,401021005,Hahndorf - Echunga,Mayo,436,442
40102100511-MAY,40102100511,401021005,Hahndorf - Echunga,Mayo,162,166
40102100512-MAY,40102100512,401021005,Hahndorf - Echunga,Mayo,161,158
40102100513-MAY,40102100513,401021005,Hahndorf - Echunga,Mayo,219,240
40102100514-MAY,40102100514,401021005,Hahndorf - Echunga,Mayo,165,162
40102100601-MAY,40102100601,401021006,Lobethal - Woodside,Mayo,426,391
40102100602-MAY,40102100602,401021006,Lobethal - Woodside,Mayo,171,176
40102100603-MAY,40102100603,401021006,Lobethal - Woodside,Mayo,226,234
40102100604-MAY,40102100604,401021006,Lobethal - Woodside,Mayo,254,266
40102100605-MAY,40102100605,401021006,Lobethal - Woodside,Mayo,479,474
40102100606-MAY,40102100606,401021006,Lobethal - Woodside,Mayo,344,353
40102100607-MAY,40102100607,401021006,Lobethal - Woodside,Mayo,281,332
40102100608-MAY,40102100608,401021006,Lobethal - Woodside,Mayo,295,328
40102100609-MAY,40102100609,401021006,Lobethal - Woodside,Mayo,259,266
40102100610-MAY,40102100610,401021006,Lobethal - Woodside,Mayo,163,171
40102100611-MAY,40102100611,401021006,Lobethal - Woodside,Mayo,348,360
40102100612-MAY,40102100612,401021006,Lobethal - Woodside,Mayo,218,215
40102100613-MAY,40102100613,401021006,Lobethal - Woodside,Mayo,307,318
40102100614-MAY,40102100614,401021006,Lobethal - Woodside,Mayo,297,326
40102100615-MAY,40102100615,401021006,Lobethal - Woodside,Mayo,360,363
40102100616-MAY,40102100616,401021006,Lobethal - Woodside,Mayo,383,374
40102100617-MAY,40102100617,401021006,Lobethal - Woodside,Mayo,423,491
40102100618-MAY,40102100618,401021006,Lobethal - Woodside,Mayo,584,606
40102100619-MAY,40102100619,401021006,Lobethal - Woodside,Mayo,285,290
40102100620-MAY,40102100620,401021006,Lobethal - Woodside,Mayo,325,346
40102100621-MAY,40102100621,401021006,Lobethal - Woodside,Mayo,315,324
40102100622-MAY,40102100622,401021006,Lobethal - Woodside,Mayo,195,201
40102100623-MAY,40102100623,401021006,Lobethal - Woodside,Mayo,152,169
40102100624-MAY,40102100624,401021006,Lobethal - Woodside,Mayo,194,178
40102100625-MAY,40102100625,401021006,Lobethal - Woodside,Mayo,134,141
40102100701-MAY,40102100701,401021007,Mount Barker,Mayo,487,572
40102100702-MAY,40102100702,401021007,Mount Barker,Mayo,301,326
40102100703-MAY,40102100703,401021007,Mount Barker,Mayo,507,551
40102100706-MAY,40102100706,401021007,Mount Barker,Mayo,278,332
40102100707-MAY,40102100707,401021007,Mount Barker,Mayo,267,314
40102100708-MAY,40102100708,401021007,Mount Barker,Mayo,363,420
40102100709-MAY,40102100709,401021007,Mount Barker,Mayo,218,207
40102100710-MAY,40102100710,401021007,Mount Barker,Mayo,363,344
40102100713-MAY,40102100713,401021007,Mount Barker,Mayo,350,419
40102100714-MAY,40102100714,401021007,Mount Barker,Mayo,412,479
40102100715-MAY,40102100715,401021007,Mount Barker,Mayo,168,188
40102100717-MAY,40102100717,401021007,Mount Barker,Mayo,243,288
40102100718-MAY,40102100718,401021007,Mount Barker,Mayo,359,425
40102100719-MAY,40102100719,401021007,Mount Barker,Mayo,344,326
40102100720-MAY,40102100720,401021007,Mount Barker,Mayo,363,405
40102100721-MAY,40102100721,401021007,Mount Barker,Mayo,433,487
40102100722-MAY,40102100722,401021007,Mount Barker,Mayo,421,486
40102100723-MAY,40102100723,401021007,Mount Barker,Mayo,426,404
40102100725-MAY,40102100725,401021007,Mount Barker,Mayo,431,408
40102100726-MAY,40102100726,401021007,Mount Barker,Mayo,431,408
40102100727-MAY,40102100727,401021007,Mount Barker,Mayo,256,291
40102100729-MAY,40102100729,401021007,Mount Barker,Mayo,174,165
40102100730-MAY,40102100730,401021007,Mount Barker,Mayo,344,326
40102100731-MAY,40102100731,401021007,Mount Barker,Mayo,209,198
40102100732-MAY,40102100732,401021007,Mount Barker,Mayo,379,422
40102100735-MAY,40102100735,401021007,Mount Barker,Mayo,339,399
40102100736-MAY,40102100736,401021007,Mount Barker,Mayo,168,192
40102100737-MAY,40102100737,401021007,Mount Barker,Mayo,216,252
40102100738-MAY,40102100738,401021007,Mount Barker,Mayo,191,211
40102100739-MAY,40102100739,401021007,Mount Barker,Mayo,477,452
40102100741-MAY,40102100741,401021007,Mount Barker,Mayo,0,0
40102100742-MAY,40102100742,401021007,Mount Barker,Mayo,0,0
40102100743-MAY,40102100743,401021007,Mount Barker,Mayo,250,237
40102100744-MAY,40102100744,401021007,Mount Barker,Mayo,254,241
40102100745-MAY,40102100745,401021007,Mount Barker,Mayo,0,0
40102100746-MAY,40102100746,401021007,Mount Barker,Mayo,3,4
40102100747-MAY,40102100747,401021007,Mount Barker,Mayo,0,0
40102100749-MAY,40102100749,401021007,Mount Barker,Mayo,245,304
40102100750-MAY,40102100750,401021007,Mount Barker,Mayo,454,535
40102100751-MAY,40102100751,401021007,Mount Barker,Mayo,251,308
40102100753-MAY,40102100753,401021007,Mount Barker,Mayo,258,244
40102100754-MAY,40102100754,401021007,Mount Barker,Mayo,292,277
40102100757-MAY,40102100757,401021007,Mount Barker,Mayo,334,377
40102100758-MAY,40102100758,401021007,Mount Barker,Mayo,333,375
40102100759-MAY,40102100759,401021007,Mount Barker,Mayo,331,401
40102100760-MAY,40102100760,401021007,Mount Barker,Mayo,761,1094
40102100761-MAY,40102100761,401021007,Mount Barker,Mayo,364,488
40102100762-MAY,40102100762,401021007,Mount Barker,Mayo,203,236
40102100763-MAY,40102100763,401021007,Mount Barker,Mayo,514,734
40102100764-MAY,40102100764,401021007,Mount Barker,Mayo,773,1072
40102100765-MAY,40102100765,401021007,Mount Barker,Mayo,310,351
40102100766-MAY,40102100766,401021007,Mount Barker,Mayo,459,686
40102100767-MAY,40102100767,401021007,Mount Barker,Mayo,446,489
40102100768-MAY,40102100768,401021007,Mount Barker,Mayo,388,510
40102100769-MAY,40102100769,401021007,Mount Barker,Mayo,10,14
40102100770-MAY,40102100770,401021007,Mount Barker,Mayo,309,293
40102100771-MAY,40102100771,401021007,Mount Barker,Mayo,880,1297
40102100772-MAY,40102100772,401021007,Mount Barker,Mayo,343,499
40102100773-MAY,40102100773,401021007,Mount Barker,Mayo,251,274
40102100801-MAY,40102100801,401021008,Mount Barker Surrounds,Mayo,214,222
40102100804-MAY,40102100804,401021008,Mount Barker Surrounds,Mayo,330,352
40102100805-MAY,40102100805,401021008,Mount Barker Surrounds,Mayo,216,237
40102100806-MAY,40102100806,401021008,Mount Barker Surrounds,Mayo,215,227
40102100807-MAY,40102100807,401021008,Mount Barker Surrounds,Mayo,329,383
40102100808-MAY,40102100808,401021008,Mount Barker Surrounds,Mayo,185,210
40102100809-MAY,40102100809,401021008,Mount Barker Surrounds,Mayo,229,253
40102100810-MAY,40102100810,401021008,Mount Barker Surrounds,Mayo,280,295
40102100811-MAY,40102100811,401021008,Mount Barker Surrounds,Mayo,200,221
40102100812-MAY,40102100812,401021008,Mount Barker Surrounds,Mayo,234,237
40102100813-MAY,40102100813,401021008,Mount Barker Surrounds,Mayo,389,407
40102100814-MAY,40102100814,401021008,Mount Barker Surrounds,Mayo,414,452
40102100815-MAY,40102100815,401021008,Mount Barker Surrounds,Mayo,296,327
40102100817-MAY,40102100817,401021008,Mount Barker Surrounds,Mayo,271,293
40102100818-MAY,40102100818,401021008,Mount Barker Surrounds,Mayo,209,234
40102100819-MAY,40102100819,401021008,Mount Barker Surrounds,Mayo,170,193
40102100820-MAY,40102100820,401021008,Mount Barker Surrounds,Mayo,544,505
40102100821-MAY,40102100821,401021008,Mount Barker Surrounds,Mayo,221,227
40102100822-MAY,40102100822,401021008,Mount Barker Surrounds,Mayo,149,176
40102100823-MAY,40102100823,401021008,Mount Barker Surrounds,Mayo,132,146
40102100903-MAY,40102100903,401021009,Nairne,Mayo,230,250
40102100905-MAY,40102100905,401021009,Nairne,Mayo,319,368
40102100908-MAY,40102100908,401021009,Nairne,Mayo,235,254
40102100909-MAY,40102100909,401021009,Nairne,Mayo,194,207
40102100910-MAY,40102100910,401021009,Nairne,Mayo,191,200
40102100911-MAY,40102100911,401021009,Nairne,Mayo,358,393
40102100912-MAY,40102100912,401021009,Nairne,Mayo,162,169
40102100913-MAY,40102100913,401021009,Nairne,Mayo,283,313
40102100914-MAY,40102100914,401021009,Nairne,Mayo,286,323
40102100915-MAY,40102100915,401021009,Nairne,Mayo,194,180
40102100916-MAY,40102100916,401021009,Nairne,Mayo,327,345
40102100917-MAY,40102100917,401021009,Nairne,Mayo,347,390
40102100918-MAY,40102100918,401021009,Nairne,Mayo,303,353
40102100919-MAY,40102100919,401021009,Nairne,Mayo,285,301
40102101001-MAY,40102101001,401021010,Uraidla - Summertown,Mayo,315,328
40102101002-MAY,40102101002,401021010,Uraidla - Summertown,Mayo,2,2
40102101002-STU,40102101002,401021010,Uraidla - Summertown,Sturt,0,0
40102101003-STU,40102101003,401021010,Uraidla - Summertown,Sturt,746,742
40102101004-STU,40102101004,401021010,Uraidla - Summertown,Sturt,269,284
40102101005-MAY,40102101005,401021010,Uraidla - Summertown,Mayo,326,357
40102101005-STU,40102101005,401021010,Uraidla - Summertown,Sturt,4,4
40102101006-MAY,40102101006,401021010,Uraidla - Summertown,Mayo,15,16
40102101007-MAY,40102101007,401021010,Uraidla - Summertown,Mayo,334,364
40102101008-MAY,40102101008,401021010,Uraidla - Summertown,Mayo,394,404
40102101009-MAY,40102101009,401021010,Uraidla - Summertown,Mayo,378,379
40102101010-MAY,40102101010,401021010,Uraidla - Summertown,Mayo,268,277
40102101011-MAY,40102101011,401021010,Uraidla - Summertown,Mayo,241,243
40102101012-MAY,40102101012,401021010,Uraidla - Summertown,Mayo,308,334
40102101013-MAY,40102101013,401021010,Uraidla - Summertown,Mayo,301,312
40102101014-MAY,40102101014,401021010,Uraidla - Summertown,Mayo,372,379
40102101015-MAY,40102101015,401021010,Uraidla - Summertown,Mayo,6,6
40102101016-MAY,40102101016,401021010,Uraidla - Summertown,Mayo,199,200
40103101101-STU,40103101101,401031011,Burnside - Wattle Park,Sturt,360,377
40103101102-STU,40103101102,401031011,Burnside - Wattle Park,Sturt,244,264
40103101103-STU,40103101103,401031011,Burnside - Wattle Park,Sturt,397,393
40103101104-STU,40103101104,401031011,Burnside - Wattle Park,Sturt,400,418
40103101105-STU,40103101105,401031011,Burnside - Wattle Park,Sturt,314,331
40103101106-STU,40103101106,401031011,Burnside - Wattle Park,Sturt,228,273
40103101107-STU,40103101107,401031011,Burnside - Wattle Park,Sturt,355,381
40103101108-STU,40103101108,401031011,Burnside - Wattle Park,Sturt,264,274
40103101109-STU,40103101109,401031011,Burnside - Wattle Park,Sturt,319,363
40103101110-STU,40103101110,401031011,Burnside - Wattle Park,Sturt,273,272
40103101111-STU,40103101111,401031011,Burnside - Wattle Park,Sturt,299,298
40103101112-STU,40103101112,401031011,Burnside - Wattle Park,Sturt,345,369
40103101113-STU,40103101113,401031011,Burnside - Wattle Park,Sturt,339,374
40103101114-STU,40103101114,401031011,Burnside - Wattle Park,Sturt,374,369
40103101115-STU,40103101115,401031011,Burnside - Wattle Park,Sturt,431,439
40103101116-STU,40103101116,401031011,Burnside - Wattle Park,Sturt,295,280
40103101117-STU,40103101117,401031011,Burnside - Wattle Park,Sturt,279,304
40103101118-STU,40103101118,401031011,Burnside - Wattle Park,Sturt,188,194
40103101119-STU,40103101119,401031011,Burnside - Wattle Park,Sturt,366,394
40103101120-STU,40103101120,401031011,Burnside - Wattle Park,Sturt,309,321
40103101121-STU,40103101121,401031011,Burnside - Wattle Park,Sturt,227,232
40103101122-STU,40103101122,401031011,Burnside - Wattle Park,Sturt,236,239
40103101123-STU,40103101123,401031011,Burnside - Wattle Park,Sturt,229,245
40103101124-STU,40103101124,401031011,Burnside - Wattle Park,Sturt,321,346
40103101125-STU,40103101125,401031011,Burnside - Wattle Park,Sturt,312,307
40103101126-STU,40103101126,401031011,Burnside - Wattle Park,Sturt,318,321
40103101127-STU,40103101127,401031011,Burnside - Wattle Park,Sturt,359,350
40103101128-STU,40103101128,401031011,Burnside - Wattle Park,Sturt,422,422
40103101129-STU,40103101129,401031011,Burnside - Wattle Park,Sturt,243,281
40103101130-STU,40103101130,401031011,Burnside - Wattle Park,Sturt,254,280
40103101131-STU,40103101131,401031011,Burnside - Wattle Park,Sturt,270,283
40103101132-STU,40103101132,401031011,Burnside - Wattle Park,Sturt,267,273
40103101133-STU,40103101133,401031011,Burnside - Wattle Park,Sturt,371,372
40103101134-STU,40103101134,401031011,Burnside - Wattle Park,Sturt,363,404
40103101135-STU,40103101135,401031011,Burnside - Wattle Park,Sturt,194,205
40103101136-STU,40103101136,401031011,Burnside - Wattle Park,Sturt,245,258
40103101137-STU,40103101137,401031011,Burnside - Wattle Park,Sturt,279,304
40103101138-STU,40103101138,401031011,Burnside - Wattle Park,Sturt,315,329
40103101139-STU,40103101139,401031011,Burnside - Wattle Park,Sturt,440,441
40103101140-STU,40103101140,401031011,Burnside - Wattle Park,Sturt,222,233
40103101141-STU,40103101141,401031011,Burnside - Wattle Park,Sturt,341,368
40103101142-STU,40103101142,401031011,Burnside - Wattle Park,Sturt,353,343
40103101143-STU,40103101143,401031011,Burnside - Wattle Park,Sturt,429,438
40103101144-STU,40103101144,401031011,Burnside - Wattle Park,Sturt,364,363
40103101201-STU,40103101201,401031012,Beaumont - Glen Osmond,Sturt,364,365
40103101202-STU,40103101202,401031012,Beaumont - Glen Osmond,Sturt,247,245
40103101203-STU,40103101203,401031012,Beaumont - Glen Osmond,Sturt,289,294
40103101204-STU,40103101204,401031012,Beaumont - Glen Osmond,Sturt,227,227
40103101205-STU,40103101205,401031012,Beaumont - Glen Osmond,Sturt,337,300
40103101206-STU,40103101206,401031012,Beaumont - Glen Osmond,Sturt,235,229
40103101207-STU,40103101207,401031012,Beaumont - Glen Osmond,Sturt,392,399
40103101208-STU,40103101208,401031012,Beaumont - Glen Osmond,Sturt,293,288
40103101209-STU,40103101209,401031012,Beaumont - Glen Osmond,Sturt,390,393
40103101210-STU,40103101210,401031012,Beaumont - Glen Osmond,Sturt,487,488
40103101211-STU,40103101211,401031012,Beaumont - Glen Osmond,Sturt,278,278
40103101212-STU,40103101212,401031012,Beaumont - Glen Osmond,Sturt,531,515
40103101213-STU,40103101213,401031012,Beaumont - Glen Osmond,Sturt,356,319
40103101214-STU,40103101214,401031012,Beaumont - Glen Osmond,Sturt,214,199
40103101215-STU,40103101215,401031012,Beaumont - Glen Osmond,Sturt,427,395
40103101216-STU,40103101216,401031012,Beaumont - Glen Osmond,Sturt,396,419
40103101217-STU,40103101217,401031012,Beaumont - Glen Osmond,Sturt,304,293
40103101218-STU,40103101218,401031012,Beaumont - Glen Osmond,Sturt,264,260
40103101219-STU,40103101219,401031012,Beaumont - Glen Osmond,Sturt,353,345
40103101220-STU,40103101220,401031012,Beaumont - Glen Osmond,Sturt,305,323
40103101221-STU,40103101221,401031012,Beaumont - Glen Osmond,Sturt,219,198
40103101301-STU,40103101301,401031013,Toorak Gardens,Sturt,270,291
40103101302-STU,40103101302,401031013,Toorak Gardens,Sturt,262,274
40103101303-STU,40103101303,401031013,Toorak Gardens,Sturt,391,365
40103101304-STU,40103101304,401031013,Toorak Gardens,Sturt,358,349
40103101305-STU,40103101305,401031013,Toorak Gardens,Sturt,378,369
40103101306-ADE,40103101306,401031013,Toorak Gardens,Adelaide,241,237
40103101307-STU,40103101307,401031013,Toorak Gardens,Sturt,335,312
40103101308-ADE,40103101308,401031013,Toorak Gardens,Adelaide,333,318
40103101309-STU,40103101309,401031013,Toorak Gardens,Sturt,364,354
40103101310-STU,40103101310,401031013,Toorak Gardens,Sturt,423,424
40103101311-STU,40103101311,401031013,Toorak Gardens,Sturt,392,383
40103101312-STU,40103101312,401031013,Toorak Gardens,Sturt,188,178
40103101313-STU,40103101313,401031013,Toorak Gardens,Sturt,291,264
40103101314-STU,40103101314,401031013,Toorak Gardens,Sturt,274,260
40103101315-STU,40103101315,401031013,Toorak Gardens,Sturt,288,277
40103101316-STU,40103101316,401031013,Toorak Gardens,Sturt,450,448
40103101317-STU,40103101317,401031013,Toorak Gardens,Sturt,459,451
40103101318-STU,40103101318,401031013,Toorak Gardens,Sturt,545,534
40103101319-STU,40103101319,401031013,Toorak Gardens,Sturt,235,238
40103101320-STU,40103101320,401031013,Toorak Gardens,Sturt,277,257
40103101321-STU,40103101321,401031013,Toorak Gardens,Sturt,338,358
40103101322-STU,40103101322,401031013,Toorak Gardens,Sturt,419,415
40103101323-STU,40103101323,401031013,Toorak Gardens,Sturt,402,415
40103101324-STU,40103101324,401031013,Toorak Gardens,Sturt,344,350
40103101325-STU,40103101325,401031013,Toorak Gardens,Sturt,328,317
40103101326-STU,40103101326,401031013,Toorak Gardens,Sturt,316,329
40103101327-STU,40103101327,401031013,Toorak Gardens,Sturt,430,437
40103101328-STU,40103101328,401031013,Toorak Gardens,Sturt,157,156
40103101329-STU,40103101329,401031013,Toorak Gardens,Sturt,231,216
40103101330-STU,40103101330,401031013,Toorak Gardens,Sturt,399,396
40103101331-STU,40103101331,401031013,Toorak Gardens,Sturt,294,286
40103101332-STU,40103101332,401031013,Toorak Gardens,Sturt,195,196
40103101333-STU,40103101333,401031013,Toorak Gardens,Sturt,180,181
40103101334-STU,40103101334,401031013,Toorak Gardens,Sturt,301,293
40103101335-STU,40103101335,401031013,Toorak Gardens,Sturt,222,227
40103101336-STU,40103101336,401031013,Toorak Gardens,Sturt,671,657
40104101401-STU,40104101401,401041014,Athelstone,Sturt,281,281
40104101402-STU,40104101402,401041014,Athelstone,Sturt,319,326
40104101403-STU,40104101403,401041014,Athelstone,Sturt,218,226
40104101404-STU,40104101404,401041014,Athelstone,Sturt,300,323
40104101405-STU,40104101405,401041014,Athelstone,Sturt,328,340
40104101406-STU,40104101406,401041014,Athelstone,Sturt,273,302
40104101407-STU,40104101407,401041014,Athelstone,Sturt,0,0
40104101408-STU,40104101408,401041014,Athelstone,Sturt,262,277
40104101409-STU,40104101409,401041014,Athelstone,Sturt,209,223
40104101410-STU,40104101410,401041014,Athelstone,Sturt,370,368
40104101411-STU,40104101411,401041014,Athelstone,Sturt,356,382
40104101412-STU,40104101412,401041014,Athelstone,Sturt,350,372
40104101413-STU,40104101413,401041014,Athelstone,Sturt,428,427
40104101414-STU,40104101414,401041014,Athelstone,Sturt,316,334
40104101415-STU,40104101415,401041014,Athelstone,Sturt,400,401
40104101416-STU,40104101416,401041014,Athelstone,Sturt,392,386
40104101417-STU,40104101417,401041014,Athelstone,Sturt,371,399
40104101418-STU,40104101418,401041014,Athelstone,Sturt,173,171
40104101419-STU,40104101419,401041014,Athelstone,Sturt,147,156
40104101420-STU,40104101420,401041014,Athelstone,Sturt,307,296
40104101421-STU,40104101421,401041014,Athelstone,Sturt,457,494
40104101422-STU,40104101422,401041014,Athelstone,Sturt,243,252
40104101423-STU,40104101423,401041014,Athelstone,Sturt,2,2
40104101424-STU,40104101424,401041014,Athelstone,Sturt,202,211
40104101425-STU,40104101425,401041014,Athelstone,Sturt,190,192
40104101426-STU,40104101426,401041014,Athelstone,Sturt,252,245
40104101427-STU,40104101427,401041014,Athelstone,Sturt,200,203
40104101501-STU,40104101501,401041015,Paradise - Newton,Sturt,280,280
40104101502-STU,40104101502,401041015,Paradise - Newton,Sturt,486,514
40104101503-STU,40104101503,401041015,Paradise - Newton,Sturt,308,290
40104101504-STU,40104101504,401041015,Paradise - Newton,Sturt,363,367
40104101505-STU,40104101505,401041015,Paradise - Newton,Sturt,203,191
40104101506-STU,40104101506,401041015,Paradise - Newton,Sturt,436,436
40104101507-STU,40104101507,401041015,Paradise - Newton,Sturt,270,267
40104101508-STU,40104101508,401041015,Paradise - Newton,Sturt,245,253
40104101509-STU,40104101509,401041015,Paradise - Newton,Sturt,292,315
40104101510-STU,40104101510,401041015,Paradise - Newton,Sturt,219,233
40104101511-STU,40104101511,401041015,Paradise - Newton,Sturt,272,249
40104101513-STU,40104101513,401041015,Paradise - Newton,Sturt,183,190
40104101514-STU,40104101514,401041015,Paradise - Newton,Sturt,208,218
40104101515-STU,40104101515,401041015,Paradise - Newton,Sturt,393,393
40104101516-STU,40104101516,401041015,Paradise - Newton,Sturt,263,286
40104101517-STU,40104101517,401041015,Paradise - Newton,Sturt,231,224
40104101518-STU,40104101518,401041015,Paradise - Newton,Sturt,339,372
40104101519-STU,40104101519,401041015,Paradise - Newton,Sturt,416,381
40104101520-STU,40104101520,401041015,Paradise - Newton,Sturt,265,275
40104101521-STU,40104101521,401041015,Paradise - Newton,Sturt,361,361
40104101522-STU,40104101522,401041015,Paradise - Newton,Sturt,204,187
40104101523-STU,40104101523,401041015,Paradise - Newton,Sturt,472,481
40104101524-STU,40104101524,401041015,Paradise - Newton,Sturt,183,190
40104101525-STU,40104101525,401041015,Paradise - Newton,Sturt,217,235
40104101526-STU,40104101526,401041015,Paradise - Newton,Sturt,387,384
40104101527-STU,40104101527,401041015,Paradise - Newton,Sturt,313,320
40104101528-STU,40104101528,401041015,Paradise - Newton,Sturt,278,286
40104101529-STU,40104101529,401041015,Paradise - Newton,Sturt,356,383
40104101530-STU,40104101530,401041015,Paradise - Newton,Sturt,323,323
40104101531-STU,40104101531,401041015,Paradise - Newton,Sturt,312,307
40104101532-STU,40104101532,401041015,Paradise - Newton,Sturt,361,396
40104101533-STU,40104101533,401041015,Paradise - Newton,Sturt,334,372
40104101534-STU,40104101534,401041015,Paradise - Newton,Sturt,525,568
40104101535-STU,40104101535,401041015,Paradise - Newton,Sturt,145,147
40104101536-STU,40104101536,401041015,Paradise - Newton,Sturt,328,361
40104101537-STU,40104101537,401041015,Paradise - Newton,Sturt,522,561
40104101538-STU,40104101538,401041015,Paradise - Newton,Sturt,325,309
40104101539-STU,40104101539,401041015,Paradise - Newton,Sturt,162,171
40104101540-STU,40104101540,401041015,Paradise - Newton,Sturt,535,490
40104101541-STU,40104101541,401041015,Paradise - Newton,Sturt,424,478
40104101542-STU,40104101542,401041015,Paradise - Newton,Sturt,205,199
40104101543-STU,40104101543,401041015,Paradise - Newton,Sturt,264,298
40104101544-STU,40104101544,401041015,Paradise - Newton,Sturt,360,401
40104101545-STU,40104101545,401041015,Paradise - Newton,Sturt,365,372
40104101546-STU,40104101546,401041015,Paradise - Newton,Sturt,304,333
40104101547-STU,40104101547,401041015,Paradise - Newton,Sturt,161,163
40104101601-STU,40104101601,401041016,Rostrevor - Magill,Sturt,433,506
40104101602-STU,40104101602,401041016,Rostrevor - Magill,Sturt,404,453
40104101603-STU,40104101603,401041016,Rostrevor - Magill,Sturt,351,345
40104101604-STU,40104101604,401041016,Rostrevor - Magill,Sturt,393,416
40104101605-STU,40104101605,401041016,Rostrevor - Magill,Sturt,391,434
40104101606-STU,40104101606,401041016,Rostrevor - Magill,Sturt,394,456
40104101607-STU,40104101607,401041016,Rostrevor - Magill,Sturt,348,376
40104101608-STU,40104101608,401041016,Rostrevor - Magill,Sturt,334,363
40104101609-STU,40104101609,401041016,Rostrevor - Magill,Sturt,350,347
40104101610-STU,40104101610,401041016,Rostrevor - Magill,Sturt,504,536
40104101611-STU,40104101611,401041016,Rostrevor - Magill,Sturt,365,387
40104101612-STU,40104101612,401041016,Rostrevor - Magill,Sturt,455,460
40104101613-STU,40104101613,401041016,Rostrevor - Magill,Sturt,340,382
40104101614-STU,40104101614,401041016,Rostrevor - Magill,Sturt,205,239
40104101615-STU,40104101615,401041016,Rostrevor - Magill,Sturt,279,294
40104101616-STU,40104101616,401041016,Rostrevor - Magill,Sturt,370,404
40104101617-STU,40104101617,401041016,Rostrevor - Magill,Sturt,260,262
40104101618-STU,40104101618,401041016,Rostrevor - Magill,Sturt,394,416
40104101619-STU,40104101619,401041016,Rostrevor - Magill,Sturt,447,497
40104101620-STU,40104101620,401041016,Rostrevor - Magill,Sturt,286,264
40104101621-STU,40104101621,401041016,Rostrevor - Magill,Sturt,416,437
40104101622-STU,40104101622,401041016,Rostrevor - Magill,Sturt,413,416
40104101623-STU,40104101623,401041016,Rostrevor - Magill,Sturt,309,330
40104101624-STU,40104101624,401041016,Rostrevor - Magill,Sturt,315,329
40104101625-STU,40104101625,401041016,Rostrevor - Magill,Sturt,326,352
40104101626-STU,40104101626,401041016,Rostrevor - Magill,Sturt,461,543
40104101627-STU,40104101627,401041016,Rostrevor - Magill,Sturt,302,332
40104101628-STU,40104101628,401041016,Rostrevor - Magill,Sturt,473,477
40104101629-STU,40104101629,401041016,Rostrevor - Magill,Sturt,269,284
40104101630-STU,40104101630,401041016,Rostrevor - Magill,Sturt,334,354
40104101631-STU,40104101631,401041016,Rostrevor - Magill,Sturt,440,472
40104101632-STU,40104101632,401041016,Rostrevor - Magill,Sturt,384,398
40104101633-STU,40104101633,401041016,Rostrevor - Magill,Sturt,246,262
40104101634-STU,40104101634,401041016,Rostrevor - Magill,Sturt,488,501
40104101635-STU,40104101635,401041016,Rostrevor - Magill,Sturt,501,510
40104101636-STU,40104101636,401041016,Rostrevor - Magill,Sturt,446,449
40104101637-STU,40104101637,401041016,Rostrevor - Magill,Sturt,318,312
40104101638-STU,40104101638,401041016,Rostrevor - Magill,Sturt,275,291
40104101639-STU,40104101639,401041016,Rostrevor - Magill,Sturt,303,327
40104101640-STU,40104101640,401041016,Rostrevor - Magill,Sturt,475,486
40104101641-STU,40104101641,401041016,Rostrevor - Magill,Sturt,403,420
40104101642-STU,40104101642,401041016,Rostrevor - Magill,Sturt,218,254
40104101643-STU,40104101643,401041016,Rostrevor - Magill,Sturt,217,226
40104101644-STU,40104101644,401041016,Rostrevor - Magill,Sturt,207,221
40104101645-STU,40104101645,401041016,Rostrevor - Magill,Sturt,244,248
40105101701-STU,40105101701,401051017,Norwood (SA),Sturt,240,250
40105101702-STU,40105101702,401051017,Norwood (SA),Sturt,360,413
40105101703-STU,40105101703,401051017,Norwood (SA),Sturt,307,347
40105101704-STU,40105101704,401051017,Norwood (SA),Sturt,289,298
40105101705-STU,40105101705,401051017,Norwood (SA),Sturt,406,461
40105101706-STU,40105101706,401051017,Norwood (SA),Sturt,268,271
40105101707-STU,40105101707,401051017,Norwood (SA),Sturt,293,314
40105101708-STU,40105101708,401051017,Norwood (SA),Sturt,269,302
40105101709-STU,40105101709,401051017,Norwood (SA),Sturt,358,368
40105101710-STU,40105101710,401051017,Norwood (SA),Sturt,380,421
40105101711-STU,40105101711,401051017,Norwood (SA),Sturt,306,342
40105101712-STU,40105101712,401051017,Norwood (SA),Sturt,333,478
40105101713-STU,40105101713,401051017,Norwood (SA),Sturt,372,417
40105101714-STU,40105101714,401051017,Norwood (SA),Sturt,309,288
40105101715-STU,40105101715,401051017,Norwood (SA),Sturt,284,299
40105101716-STU,40105101716,401051017,Norwood (SA),Sturt,281,302
40105101717-STU,40105101717,401051017,Norwood (SA),Sturt,361,372
40105101718-STU,40105101718,401051017,Norwood (SA),Sturt,389,459
40105101719-STU,40105101719,401051017,Norwood (SA),Sturt,442,494
40105101720-STU,40105101720,401051017,Norwood (SA),Sturt,337,314
40105101721-STU,40105101721,401051017,Norwood (SA),Sturt,288,313
40105101722-STU,40105101722,401051017,Norwood (SA),Sturt,384,427
40105101723-STU,40105101723,401051017,Norwood (SA),Sturt,242,271
40105101724-STU,40105101724,401051017,Norwood (SA),Sturt,208,229
40105101801-STU,40105101801,401051018,Payneham - Felixstow,Sturt,403,423
40105101802-STU,40105101802,401051018,Payneham - Felixstow,Sturt,282,303
40105101803-STU,40105101803,401051018,Payneham - Felixstow,Sturt,384,361
40105101804-STU,40105101804,401051018,Payneham - Felixstow,Sturt,254,263
40105101805-STU,40105101805,401051018,Payneham - Felixstow,Sturt,298,313
40105101806-STU,40105101806,401051018,Payneham - Felixstow,Sturt,333,338
40105101807-STU,40105101807,401051018,Payneham - Felixstow,Sturt,387,384
40105101808-STU,40105101808,401051018,Payneham - Felixstow,Sturt,341,342
40105101809-STU,40105101809,401051018,Payneham - Felixstow,Sturt,248,250
40105101810-STU,40105101810,401051018,Payneham - Felixstow,Sturt,258,265
40105101811-STU,40105101811,401051018,Payneham - Felixstow,Sturt,403,423
40105101812-STU,40105101812,401051018,Payneham - Felixstow,Sturt,264,259
40105101813-STU,40105101813,401051018,Payneham - Felixstow,Sturt,197,204
40105101814-STU,40105101814,401051018,Payneham - Felixstow,Sturt,257,255
40105101815-STU,40105101815,401051018,Payneham - Felixstow,Sturt,361,385
40105101816-STU,40105101816,401051018,Payneham - Felixstow,Sturt,293,280
40105101817-STU,40105101817,401051018,Payneham - Felixstow,Sturt,353,363
40105101818-STU,40105101818,401051018,Payneham - Felixstow,Sturt,207,234
40105101819-STU,40105101819,401051018,Payneham - Felixstow,Sturt,304,329
40105101820-STU,40105101820,401051018,Payneham - Felixstow,Sturt,293,318
40105101821-STU,40105101821,401051018,Payneham - Felixstow,Sturt,265,270
40105101822-STU,40105101822,401051018,Payneham - Felixstow,Sturt,301,296
40105101823-STU,40105101823,401051018,Payneham - Felixstow,Sturt,383,390
40105101824-STU,40105101824,401051018,Payneham - Felixstow,Sturt,561,554
40105101825-STU,40105101825,401051018,Payneham - Felixstow,Sturt,237,262
40105101826-STU,40105101826,401051018,Payneham - Felixstow,Sturt,255,300
40105101827-STU,40105101827,401051018,Payneham - Felixstow,Sturt,192,189
40105101828-STU,40105101828,401051018,Payneham - Felixstow,Sturt,436,473
40105101829-STU,40105101829,401051018,Payneham - Felixstow,Sturt,200,200
40105101901-STU,40105101901,401051019,St Peters - Marden,Sturt,231,231
40105101902-STU,40105101902,401051019,St Peters - Marden,Sturt,233,230
40105101903-STU,40105101903,401051019,St Peters - Marden,Sturt,394,422
40105101904-STU,40105101904,401051019,St Peters - Marden,Sturt,343,368
40105101905-STU,40105101905,401051019,St Peters - Marden,Sturt,234,237
40105101906-STU,40105101906,401051019,St Peters - Marden,Sturt,250,252
40105101907-STU,40105101907,401051019,St Peters - Marden,Sturt,147,154
40105101908-STU,40105101908,401051019,St Peters - Marden,Sturt,298,299
40105101909-STU,40105101909,401051019,St Peters - Marden,Sturt,198,203
40105101910-STU,40105101910,401051019,St Peters - Marden,Sturt,297,320
40105101911-STU,40105101911,401051019,St Peters - Marden,Sturt,251,272
40105101912-STU,40105101912,401051019,St Peters - Marden,Sturt,318,327
40105101913-STU,40105101913,401051019,St Peters - Marden,Sturt,348,351
40105101914-STU,40105101914,401051019,St Peters - Marden,Sturt,301,332
40105101915-STU,40105101915,401051019,St Peters - Marden,Sturt,279,290
40105101916-STU,40105101916,401051019,St Peters - Marden,Sturt,264,268
40105101917-STU,40105101917,401051019,St Peters - Marden,Sturt,355,378
40105101918-STU,40105101918,401051019,St Peters - Marden,Sturt,304,316
40105101919-STU,40105101919,401051019,St Peters - Marden,Sturt,263,271
40105101920-STU,40105101920,401051019,St Peters - Marden,Sturt,537,589
40105101921-STU,40105101921,401051019,St Peters - Marden,Sturt,233,230
40105101922-STU,40105101922,401051019,St Peters - Marden,Sturt,301,334
40105101923-STU,40105101923,401051019,St Peters - Marden,Sturt,405,439
40105101924-STU,40105101924,401051019,St Peters - Marden,Sturt,235,237
40105101925-STU,40105101925,401051019,St Peters - Marden,Sturt,431,440
40105101926-STU,40105101926,401051019,St Peters - Marden,Sturt,421,462
40105101927-STU,40105101927,401051019,St Peters - Marden,Sturt,273,303
40105101928-STU,40105101928,401051019,St Peters - Marden,Sturt,251,248
40105101929-STU,40105101929,401051019,St Peters - Marden,Sturt,223,237
40105101930-STU,40105101930,401051019,St Peters - Marden,Sturt,230,247
40105101931-STU,40105101931,401051019,St Peters - Marden,Sturt,294,320
40105101932-STU,40105101932,401051019,St Peters - Marden,Sturt,429,425
40106102001-ADE,40106102001,401061020,Nailsworth - Broadview,Adelaide,225,202
40106102002-ADE,40106102002,401061020,Nailsworth - Broadview,Adelaide,256,232
40106102003-ADE,40106102003,401061020,Nailsworth - Broadview,Adelaide,286,286
40106102004-ADE,40106102004,401061020,Nailsworth - Broadview,Adelaide,453,415
40106102005-ADE,40106102005,401061020,Nailsworth - Broadview,Adelaide,347,303
40106102006-ADE,40106102006,401061020,Nailsworth - Broadview,Adelaide,420,433
40106102007-ADE,40106102007,401061020,Nailsworth - Broadview,Adelaide,454,429
40106102008-ADE,40106102008,401061020,Nailsworth - Broadview,Adelaide,317,311
40106102009-ADE,40106102009,401061020,Nailsworth - Broadview,Adelaide,281,251
40106102010-ADE,40106102010,401061020,Nailsworth - Broadview,Adelaide,297,294
40106102011-ADE,40106102011,401061020,Nailsworth - Broadview,Adelaide,409,395
40106102012-ADE,40106102012,401061020,Nailsworth - Broadview,Adelaide,251,231
40106102013-ADE,40106102013,401061020,Nailsworth - Broadview,Adelaide,165,155
40106102014-ADE,40106102014,401061020,Nailsworth - Broadview,Adelaide,333,315
40106102101-ADE,40106102101,401061021,Prospect,Adelaide,356,403
40106102102-ADE,40106102102,401061021,Prospect,Adelaide,503,562
40106102103-ADE,40106102103,401061021,Prospect,Adelaide,358,386
40106102104-ADE,40106102104,401061021,Prospect,Adelaide,498,509
40106102105-ADE,40106102105,401061021,Prospect,Adelaide,322,335
40106102106-ADE,40106102106,401061021,Prospect,Adelaide,376,395
40106102107-ADE,40106102107,401061021,Prospect,Adelaide,237,236
40106102108-ADE,40106102108,401061021,Prospect,Adelaide,279,301
40106102109-ADE,40106102109,401061021,Prospect,Adelaide,384,353
40106102110-ADE,40106102110,401061021,Prospect,Adelaide,281,292
40106102111-ADE,40106102111,401061021,Prospect,Adelaide,416,426
40106102112-ADE,40106102112,401061021,Prospect,Adelaide,111,113
40106102113-ADE,40106102113,401061021,Prospect,Adelaide,287,299
40106102114-ADE,40106102114,401061021,Prospect,Adelaide,255,267
40106102115-ADE,40106102115,401061021,Prospect,Adelaide,207,212
40106102116-ADE,40106102116,401061021,Prospect,Adelaide,399,458
40106102117-ADE,40106102117,401061021,Prospect,Adelaide,326,358
40106102118-ADE,40106102118,401061021,Prospect,Adelaide,297,304
40106102119-ADE,40106102119,401061021,Prospect,Adelaide,400,387
40106102120-ADE,40106102120,401061021,Prospect,Adelaide,249,267
40106102121-ADE,40106102121,401061021,Prospect,Adelaide,477,515
40106102122-ADE,40106102122,401061021,Prospect,Adelaide,354,366
40106102123-ADE,40106102123,401061021,Prospect,Adelaide,219,227
40106102124-ADE,40106102124,401061021,Prospect,Adelaide,194,209
40106102125-ADE,40106102125,401061021,Prospect,Adelaide,396,412
40106102126-ADE,40106102126,401061021,Prospect,Adelaide,367,363
40106102127-ADE,40106102127,401061021,Prospect,Adelaide,303,308
40106102128-ADE,40106102128,401061021,Prospect,Adelaide,251,265
40106102129-ADE,40106102129,401061021,Prospect,Adelaide,239,240
40106102130-ADE,40106102130,401061021,Prospect,Adelaide,182,187
40106102131-ADE,40106102131,401061021,Prospect,Adelaide,160,173
40106102132-ADE,40106102132,401061021,Prospect,Adelaide,255,292
40106102133-ADE,40106102133,401061021,Prospect,Adelaide,292,316
40106102134-ADE,40106102134,401061021,Prospect,Adelaide,337,396
40106102135-ADE,40106102135,401061021,Prospect,Adelaide,169,171
40106102201-ADE,40106102201,401061022,Walkerville,Adelaide,381,352
40106102202-ADE,40106102202,401061022,Walkerville,Adelaide,258,275
40106102203-ADE,40106102203,401061022,Walkerville,Adelaide,511,511
40106102204-ADE,40106102204,401061022,Walkerville,Adelaide,338,372
40106102205-ADE,40106102205,401061022,Walkerville,Adelaide,258,293
40106102206-ADE,40106102206,401061022,Walkerville,Adelaide,383,388
40106102207-ADE,40106102207,401061022,Walkerville,Adelaide,404,428
40106102208-ADE,40106102208,401061022,Walkerville,Adelaide,373,388
40106102209-ADE,40106102209,401061022,Walkerville,Adelaide,288,349
40106102210-ADE,40106102210,401061022,Walkerville,Adelaide,455,476
40106102211-ADE,40106102211,401061022,Walkerville,Adelaide,483,492
40106102212-ADE,40106102212,401061022,Walkerville,Adelaide,235,241
40106102213-ADE,40106102213,401061022,Walkerville,Adelaide,372,420
40106102214-ADE,40106102214,401061022,Walkerville,Adelaide,248,280
40106102215-ADE,40106102215,401061022,Walkerville,Adelaide,306,359
40106102216-ADE,40106102216,401061022,Walkerville,Adelaide,253,270
40106102217-ADE,40106102217,401061022,Walkerville,Adelaide,242,268
40107102301-ADE,40107102301,401071023,Goodwood - Millswood,Adelaide,303,312
40107102302-ADE,40107102302,401071023,Goodwood - Millswood,Adelaide,439,481
40107102303-ADE,40107102303,401071023,Goodwood - Millswood,Adelaide,317,326
40107102304-ADE,40107102304,401071023,Goodwood - Millswood,Adelaide,424,404
40107102305-ADE,40107102305,401071023,Goodwood - Millswood,Adelaide,401,433
40107102306-ADE,40107102306,401071023,Goodwood - Millswood,Adelaide,297,335
40107102307-BOO,40107102307,401071023,Goodwood - Millswood,Boothby,341,341
40107102308-BOO,40107102308,401071023,Goodwood - Millswood,Boothby,417,430
40107102309-ADE,40107102309,401071023,Goodwood - Millswood,Adelaide,371,378
40107102310-ADE,40107102310,401071023,Goodwood - Millswood,Adelaide,479,473
40107102311-BOO,40107102311,401071023,Goodwood - Millswood,Boothby,238,244
40107102312-ADE,40107102312,401071023,Goodwood - Millswood,Adelaide,385,394
40107102313-ADE,40107102313,401071023,Goodwood - Millswood,Adelaide,204,204
40107102314-ADE,40107102314,401071023,Goodwood - Millswood,Adelaide,256,238
40107102315-ADE,40107102315,401071023,Goodwood - Millswood,Adelaide,319,333
40107102316-ADE,40107102316,401071023,Goodwood - Millswood,Adelaide,274,292
40107102317-ADE,40107102317,401071023,Goodwood - Millswood,Adelaide,135,140
40107102318-ADE,40107102318,401071023,Goodwood - Millswood,Adelaide,316,311
40107102319-ADE,40107102319,401071023,Goodwood - Millswood,Adelaide,318,318
40107102320-ADE,40107102320,401071023,Goodwood - Millswood,Adelaide,232,225
40107102321-BOO,40107102321,401071023,Goodwood - Millswood,Boothby,198,186
40107102322-ADE,40107102322,401071023,Goodwood - Millswood,Adelaide,252,257
40107102323-ADE,40107102323,401071023,Goodwood - Millswood,Adelaide,344,346
40107102324-ADE,40107102324,401071023,Goodwood - Millswood,Adelaide,385,380
40107102325-ADE,40107102325,401071023,Goodwood - Millswood,Adelaide,490,485
40107102326-ADE,40107102326,401071023,Goodwood - Millswood,Adelaide,248,250
40107102327-BOO,40107102327,401071023,Goodwood - Millswood,Boothby,295,312
40107102328-BOO,40107102328,401071023,Goodwood - Millswood,Boothby,380,352
40107102329-BOO,40107102329,401071023,Goodwood - Millswood,Boothby,253,262
40107102330-BOO,40107102330,401071023,Goodwood - Millswood,Boothby,459,470
40107102331-BOO,40107102331,401071023,Goodwood - Millswood,Boothby,388,409
40107102332-BOO,40107102332,401071023,Goodwood - Millswood,Boothby,333,334
40107102333-BOO,40107102333,401071023,Goodwood - Millswood,Boothby,338,339
40107102334-BOO,40107102334,401071023,Goodwood - Millswood,Boothby,330,329
40107102335-BOO,40107102335,401071023,Goodwood - Millswood,Boothby,292,285
40107102336-BOO,40107102336,401071023,Goodwood - Millswood,Boothby,242,241
40107102337-ADE,40107102337,401071023,Goodwood - Millswood,Adelaide,274,292
40107102338-ADE,40107102338,401071023,Goodwood - Millswood,Adelaide,242,235
40107102339-ADE,40107102339,401071023,Goodwood - Millswood,Adelaide,254,254
40107102340-BOO,40107102340,401071023,Goodwood - Millswood,Boothby,210,215
40107102341-ADE,40107102341,401071023,Goodwood - Millswood,Adelaide,228,253
40107102401-ADE,40107102401,401071024,Unley - Parkside,Adelaide,315,311
40107102402-ADE,40107102402,401071024,Unley - Parkside,Adelaide,365,403
40107102403-ADE,40107102403,401071024,Unley - Parkside,Adelaide,243,280
40107102406-ADE,40107102406,401071024,Unley - Parkside,Adelaide,308,315
40107102407-ADE,40107102407,401071024,Unley - Parkside,Adelaide,295,305
40107102408-ADE,40107102408,401071024,Unley - Parkside,Adelaide,414,473
40107102409-ADE,40107102409,401071024,Unley - Parkside,Adelaide,245,252
40107102413-ADE,40107102413,401071024,Unley - Parkside,Adelaide,437,445
40107102414-ADE,40107102414,401071024,Unley - Parkside,Adelaide,434,423
40107102415-ADE,40107102415,401071024,Unley - Parkside,Adelaide,381,349
40107102416-ADE,40107102416,401071024,Unley - Parkside,Adelaide,474,525
40107102417-ADE,40107102417,401071024,Unley - Parkside,Adelaide,356,357
40107102418-ADE,40107102418,401071024,Unley - Parkside,Adelaide,401,431
40107102419-STU,40107102419,401071024,Unley - Parkside,Sturt,330,368
40107102421-STU,40107102421,401071024,Unley - Parkside,Sturt,342,343
40107102422-STU,40107102422,401071024,Unley - Parkside,Sturt,252,278
40107102424-STU,40107102424,401071024,Unley - Parkside,Sturt,428,429
40107102425-ADE,40107102425,401071024,Unley - Parkside,Adelaide,391,381
40107102426-STU,40107102426,401071024,Unley - Parkside,Sturt,322,351
40107102427-STU,40107102427,401071024,Unley - Parkside,Sturt,469,466
40107102428-ADE,40107102428,401071024,Unley - Parkside,Adelaide,319,333
40107102429-ADE,40107102429,401071024,Unley - Parkside,Adelaide,413,430
40107102430-ADE,40107102430,401071024,Unley - Parkside,Adelaide,355,404
40107102431-ADE,40107102431,401071024,Unley - Parkside,Adelaide,286,293
40107102432-ADE,40107102432,401071024,Unley - Parkside,Adelaide,295,295
40107102433-ADE,40107102433,401071024,Unley - Parkside,Adelaide,258,277
40107102434-ADE,40107102434,401071024,Unley - Parkside,Adelaide,360,377
40107102435-ADE,40107102435,401071024,Unley - Parkside,Adelaide,291,287
40107102436-ADE,40107102436,401071024,Unley - Parkside,Adelaide,410,463
40107102437-ADE,40107102437,401071024,Unley - Parkside,Adelaide,410,406
40107102438-STU,40107102438,401071024,Unley - Parkside,Sturt,438,460
40107102440-ADE,40107102440,401071024,Unley - Parkside,Adelaide,242,233
40107102441-ADE,40107102441,401071024,Unley - Parkside,Adelaide,238,256
40107102442-ADE,40107102442,401071024,Unley - Parkside,Adelaide,174,191
40107102443-ADE,40107102443,401071024,Unley - Parkside,Adelaide,183,199
40107102444-ADE,40107102444,401071024,Unley - Parkside,Adelaide,334,365
40107102445-ADE,40107102445,401071024,Unley - Parkside,Adelaide,206,218
40107102446-STU,40107102446,401071024,Unley - Parkside,Sturt,227,218
40107102447-STU,40107102447,401071024,Unley - Parkside,Sturt,240,248
40107102448-STU,40107102448,401071024,Unley - Parkside,Sturt,186,190
40107102449-ADE,40107102449,401071024,Unley - Parkside,Adelaide,253,264
40107102450-ADE,40107102450,401071024,Unley - Parkside,Adelaide,153,161
40107102451-ADE,40107102451,401071024,Unley - Parkside,Adelaide,346,361
40107102452-ADE,40107102452,401071024,Unley - Parkside,Adelaide,260,271
40107102453-ADE,40107102453,401071024,Unley - Parkside,Adelaide,171,193
40107102454-STU,40107102454,401071024,Unley - Parkside,Sturt,180,179
40107102455-STU,40107102455,401071024,Unley - Parkside,Sturt,215,220
40107102456-STU,40107102456,401071024,Unley - Parkside,Sturt,347,329
40201102501-BAR,40201102501,402011025,Gawler - North,Barker,1,1
40201102501-GRE,40201102501,402011025,Gawler - North,Grey,358,389
40201102502-GRE,40201102502,402011025,Gawler - North,Grey,394,415
40201102503-BAR,40201102503,402011025,Gawler - North,Barker,65,68
40201102503-GRE,40201102503,402011025,Gawler - North,Grey,347,364
40201102503-SPE,40201102503,402011025,Gawler - North,Spence,1,1
40201102504-GRE,40201102504,402011025,Gawler - North,Grey,133,140
40201102506-SPE,40201102506,402011025,Gawler - North,Spence,346,351
40201102508-SPE,40201102508,402011025,Gawler - North,Spence,455,459
40201102509-SPE,40201102509,402011025,Gawler - North,Spence,341,374
40201102510-SPE,40201102510,402011025,Gawler - North,Spence,516,520
40201102511-SPE,40201102511,402011025,Gawler - North,Spence,312,352
40201102512-SPE,40201102512,402011025,Gawler - North,Spence,321,350
40201102513-BAR,40201102513,402011025,Gawler - North,Spence,0,0
40201102513-SPE,40201102513,402011025,Gawler - North,Spence,344,354
40201102514-SPE,40201102514,402011025,Gawler - North,Spence,406,440
40201102515-SPE,40201102515,402011025,Gawler - North,Spence,351,388
40201102516-SPE,40201102516,402011025,Gawler - North,Spence,186,214
40201102517-SPE,40201102517,402011025,Gawler - North,Spence,306,338
40201102518-SPE,40201102518,402011025,Gawler - North,Spence,322,335
40201102519-SPE,40201102519,402011025,Gawler - North,Spence,213,244
40201102520-SPE,40201102520,402011025,Gawler - North,Spence,202,200
40201102521-SPE,40201102521,402011025,Gawler - North,Spence,283,261
40201102522-SPE,40201102522,402011025,Gawler - North,Spence,291,302
40201102523-SPE,40201102523,402011025,Gawler - North,Spence,1,1
40201102524-SPE,40201102524,402011025,Gawler - North,Spence,310,317
40201102525-SPE,40201102525,402011025,Gawler - North,Spence,232,259
40201102526-SPE,40201102526,402011025,Gawler - North,Spence,200,232
40201102527-SPE,40201102527,402011025,Gawler - North,Spence,251,261
40201102601-SPE,40201102601,402011026,Gawler - South,Spence,422,398
40201102602-SPE,40201102602,402011026,Gawler - South,Spence,293,329
40201102603-SPE,40201102603,402011026,Gawler - South,Spence,277,304
40201102604-SPE,40201102604,402011026,Gawler - South,Spence,352,390
40201102605-SPE,40201102605,402011026,Gawler - South,Spence,203,227
40201102606-SPE,40201102606,402011026,Gawler - South,Spence,228,253
40201102607-SPE,40201102607,402011026,Gawler - South,Spence,237,224
40201102608-SPE,40201102608,402011026,Gawler - South,Spence,501,551
40201102610-SPE,40201102610,402011026,Gawler - South,Spence,348,391
40201102611-SPE,40201102611,402011026,Gawler - South,Spence,356,393
40201102612-SPE,40201102612,402011026,Gawler - South,Spence,301,284
40201102613-SPE,40201102613,402011026,Gawler - South,Spence,212,200
40201102614-SPE,40201102614,402011026,Gawler - South,Spence,308,291
40201102615-SPE,40201102615,402011026,Gawler - South,Spence,312,294
40201102616-SPE,40201102616,402011026,Gawler - South,Spence,240,270
40201102617-SPE,40201102617,402011026,Gawler - South,Spence,120,126
40201102618-SPE,40201102618,402011026,Gawler - South,Spence,173,191
40201102620-SPE,40201102620,402011026,Gawler - South,Spence,29,34
40201102621-SPE,40201102621,402011026,Gawler - South,Spence,283,331
40201102622-SPE,40201102622,402011026,Gawler - South,Spence,701,960
40201102624-SPE,40201102624,402011026,Gawler - South,Spence,238,225
40201102625-SPE,40201102625,402011026,Gawler - South,Spence,472,445
40201102626-SPE,40201102626,402011026,Gawler - South,Spence,449,476
40201102627-SPE,40201102627,402011026,Gawler - South,Spence,296,341
40201102628-SPE,40201102628,402011026,Gawler - South,Spence,378,403
40201102629-SPE,40201102629,402011026,Gawler - South,Spence,387,401
40201102630-SPE,40201102630,402011026,Gawler - South,Spence,407,384
40201102632-SPE,40201102632,402011026,Gawler - South,Spence,423,399
40201102633-SPE,40201102633,402011026,Gawler - South,Spence,475,448
40201102634-SPE,40201102634,402011026,Gawler - South,Spence,274,290
40201102635-SPE,40201102635,402011026,Gawler - South,Spence,466,536
40201102636-SPE,40201102636,402011026,Gawler - South,Spence,478,560
40201102637-SPE,40201102637,402011026,Gawler - South,Spence,352,332
40201102638-SPE,40201102638,402011026,Gawler - South,Spence,393,508
40201102639-SPE,40201102639,402011026,Gawler - South,Spence,595,708
40201102640-SPE,40201102640,402011026,Gawler - South,Spence,175,165
40201102641-SPE,40201102641,402011026,Gawler - South,Spence,213,233
40201102642-SPE,40201102642,402011026,Gawler - South,Spence,136,151
40201102643-SPE,40201102643,402011026,Gawler - South,Spence,284,317
40201102644-SPE,40201102644,402011026,Gawler - South,Spence,243,260
40201102645-SPE,40201102645,402011026,Gawler - South,Spence,260,270
40201102646-SPE,40201102646,402011026,Gawler - South,Spence,197,222
40201102648-SPE,40201102648,402011026,Gawler - South,Spence,805,1092
40201102650-SPE,40201102650,402011026,Gawler - South,Spence,184,225
40201102651-SPE,40201102651,402011026,Gawler - South,Spence,427,403
40201102652-SPE,40201102652,402011026,Gawler - South,Spence,285,297
40201102654-SPE,40201102654,402011026,Gawler - South,Spence,250,268
40201102655-SPE,40201102655,402011026,Gawler - South,Spence,455,552
40201102656-SPE,40201102656,402011026,Gawler - South,Spence,494,589
40201102658-SPE,40201102658,402011026,Gawler - South,Spence,192,205
40201102659-SPE,40201102659,402011026,Gawler - South,Spence,508,550
40201102660-SPE,40201102660,402011026,Gawler - South,Spence,882,1200
40201102661-SPE,40201102661,402011026,Gawler - South,Spence,261,368
40201102701-GRE,40201102701,402011027,Lewiston - Two Wells,Grey,294,389
40201102702-GRE,40201102702,402011027,Lewiston - Two Wells,Grey,388,378
40201102703-GRE,40201102703,402011027,Lewiston - Two Wells,Grey,279,272
40201102704-GRE,40201102704,402011027,Lewiston - Two Wells,Grey,411,505
40201102705-GRE,40201102705,402011027,Lewiston - Two Wells,Grey,233,272
40201102707-GRE,40201102707,402011027,Lewiston - Two Wells,Grey,322,382
40201102708-GRE,40201102708,402011027,Lewiston - Two Wells,Grey,317,395
40201102709-GRE,40201102709,402011027,Lewiston - Two Wells,Grey,156,196
40201102710-GRE,40201102710,402011027,Lewiston - Two Wells,Grey,240,292
40201102711-GRE,40201102711,402011027,Lewiston - Two Wells,Grey,323,412
40201102712-GRE,40201102712,402011027,Lewiston - Two Wells,Grey,394,501
40201102713-GRE,40201102713,402011027,Lewiston - Two Wells,Grey,344,412
40201102714-GRE,40201102714,402011027,Lewiston - Two Wells,Grey,211,205
40201102715-GRE,40201102715,402011027,Lewiston - Two Wells,Grey,189,184
40201102716-GRE,40201102716,402011027,Lewiston - Two Wells,Grey,357,348
40201102717-GRE,40201102717,402011027,Lewiston - Two Wells,Grey,911,1448
40201102718-GRE,40201102718,402011027,Lewiston - Two Wells,Grey,230,224
40202102801-SPE,40202102801,402021028,Craigmore - Blakeview,Spence,297,331
40202102802-SPE,40202102802,402021028,Craigmore - Blakeview,Spence,293,331
40202102803-SPE,40202102803,402021028,Craigmore - Blakeview,Spence,308,317
40202102804-SPE,40202102804,402021028,Craigmore - Blakeview,Spence,332,380
40202102807-SPE,40202102807,402021028,Craigmore - Blakeview,Spence,306,338
40202102808-SPE,40202102808,402021028,Craigmore - Blakeview,Spence,189,194
40202102811-SPE,40202102811,402021028,Craigmore - Blakeview,Spence,205,239
40202102812-SPE,40202102812,402021028,Craigmore - Blakeview,Spence,374,381
40202102813-SPE,40202102813,402021028,Craigmore - Blakeview,Spence,316,340
40202102814-SPE,40202102814,402021028,Craigmore - Blakeview,Spence,366,400
40202102817-SPE,40202102817,402021028,Craigmore - Blakeview,Spence,372,376
40202102819-SPE,40202102819,402021028,Craigmore - Blakeview,Spence,303,328
40202102821-SPE,40202102821,402021028,Craigmore - Blakeview,Spence,273,305
40202102822-SPE,40202102822,402021028,Craigmore - Blakeview,Spence,306,332
40202102823-SPE,40202102823,402021028,Craigmore - Blakeview,Spence,294,320
40202102824-SPE,40202102824,402021028,Craigmore - Blakeview,Spence,371,399
40202102825-SPE,40202102825,402021028,Craigmore - Blakeview,Spence,399,413
40202102826-SPE,40202102826,402021028,Craigmore - Blakeview,Spence,304,347
40202102827-SPE,40202102827,402021028,Craigmore - Blakeview,Spence,412,451
40202102828-SPE,40202102828,402021028,Craigmore - Blakeview,Spence,256,238
40202102829-SPE,40202102829,402021028,Craigmore - Blakeview,Spence,395,425
40202102830-SPE,40202102830,402021028,Craigmore - Blakeview,Spence,420,461
40202102832-SPE,40202102832,402021028,Craigmore - Blakeview,Spence,211,225
40202102834-SPE,40202102834,402021028,Craigmore - Blakeview,Spence,257,306
40202102835-SPE,40202102835,402021028,Craigmore - Blakeview,Spence,179,192
40202102836-SPE,40202102836,402021028,Craigmore - Blakeview,Spence,189,211
40202102837-SPE,40202102837,402021028,Craigmore - Blakeview,Spence,127,140
40202102838-SPE,40202102838,402021028,Craigmore - Blakeview,Spence,287,334
40202102840-SPE,40202102840,402021028,Craigmore - Blakeview,Spence,340,371
40202102841-SPE,40202102841,402021028,Craigmore - Blakeview,Spence,272,280
40202102842-SPE,40202102842,402021028,Craigmore - Blakeview,Spence,344,418
40202102843-SPE,40202102843,402021028,Craigmore - Blakeview,Spence,105,117
40202102845-SPE,40202102845,402021028,Craigmore - Blakeview,Spence,156,165
40202102846-SPE,40202102846,402021028,Craigmore - Blakeview,Spence,228,233
40202102847-SPE,40202102847,402021028,Craigmore - Blakeview,Spence,272,299
40202102848-SPE,40202102848,402021028,Craigmore - Blakeview,Spence,299,357
40202102849-SPE,40202102849,402021028,Craigmore - Blakeview,Spence,276,310
40202102850-SPE,40202102850,402021028,Craigmore - Blakeview,Spence,360,402
40202102851-SPE,40202102851,402021028,Craigmore - Blakeview,Spence,390,363
40202102853-SPE,40202102853,402021028,Craigmore - Blakeview,Spence,362,395
40202102854-SPE,40202102854,402021028,Craigmore - Blakeview,Spence,397,411
40202102855-SPE,40202102855,402021028,Craigmore - Blakeview,Spence,352,377
40202102856-SPE,40202102856,402021028,Craigmore - Blakeview,Spence,255,300
40202102857-SPE,40202102857,402021028,Craigmore - Blakeview,Spence,336,342
40202102858-SPE,40202102858,402021028,Craigmore - Blakeview,Spence,327,374
40202102859-SPE,40202102859,402021028,Craigmore - Blakeview,Spence,273,292
40202102860-SPE,40202102860,402021028,Craigmore - Blakeview,Spence,254,301
40202102861-SPE,40202102861,402021028,Craigmore - Blakeview,Spence,390,489
40202102901-SPE,40202102901,402021029,Davoren Park,Spence,192,204
40202102902-SPE,40202102902,402021029,Davoren Park,Spence,273,288
40202102903-SPE,40202102903,402021029,Davoren Park,Spence,360,339
40202102904-SPE,40202102904,402021029,Davoren Park,Spence,300,349
40202102905-SPE,40202102905,402021029,Davoren Park,Spence,256,297
40202102906-SPE,40202102906,402021029,Davoren Park,Spence,421,522
40202102907-SPE,40202102907,402021029,Davoren Park,Spence,329,361
40202102909-SPE,40202102909,402021029,Davoren Park,Spence,317,355
40202102910-SPE,40202102910,402021029,Davoren Park,Spence,566,721
40202102911-SPE,40202102911,402021029,Davoren Park,Spence,366,390
40202102912-SPE,40202102912,402021029,Davoren Park,Spence,299,435
40202102913-SPE,40202102913,402021029,Davoren Park,Spence,350,392
40202102914-SPE,40202102914,402021029,Davoren Park,Spence,182,200
40202102915-SPE,40202102915,402021029,Davoren Park,Spence,357,433
40202102916-SPE,40202102916,402021029,Davoren Park,Spence,377,414
40202102917-SPE,40202102917,402021029,Davoren Park,Spence,485,457
40202102918-SPE,40202102918,402021029,Davoren Park,Spence,308,351
40202102920-SPE,40202102920,402021029,Davoren Park,Spence,427,402
40202102921-SPE,40202102921,402021029,Davoren Park,Spence,341,389
40202102922-SPE,40202102922,402021029,Davoren Park,Spence,1,1
40202102923-SPE,40202102923,402021029,Davoren Park,Spence,406,471
40202102924-SPE,40202102924,402021029,Davoren Park,Spence,239,225
40202102925-SPE,40202102925,402021029,Davoren Park,Spence,352,409
40202102926-SPE,40202102926,402021029,Davoren Park,Spence,215,243
40202102927-SPE,40202102927,402021029,Davoren Park,Spence,350,329
40202102928-SPE,40202102928,402021029,Davoren Park,Spence,280,328
40202102929-SPE,40202102929,402021029,Davoren Park,Spence,187,212
40202102930-SPE,40202102930,402021029,Davoren Park,Spence,167,199
40202102932-SPE,40202102932,402021029,Davoren Park,Spence,224,246
40202102934-SPE,40202102934,402021029,Davoren Park,Spence,272,311
40202102935-SPE,40202102935,402021029,Davoren Park,Spence,283,355
40202102936-SPE,40202102936,402021029,Davoren Park,Spence,418,445
40202102937-SPE,40202102937,402021029,Davoren Park,Spence,265,304
40202102938-SPE,40202102938,402021029,Davoren Park,Spence,275,303
40202102939-SPE,40202102939,402021029,Davoren Park,Spence,239,267
40202102940-SPE,40202102940,402021029,Davoren Park,Spence,439,519
40202102941-SPE,40202102941,402021029,Davoren Park,Spence,248,288
40202102942-SPE,40202102942,402021029,Davoren Park,Spence,484,586
40202102943-SPE,40202102943,402021029,Davoren Park,Spence,375,464
40202102944-SPE,40202102944,402021029,Davoren Park,Spence,264,276
40202102945-SPE,40202102945,402021029,Davoren Park,Spence,493,620
40202103001-SPE,40202103001,402021030,Elizabeth,Spence,258,278
40202103002-SPE,40202103002,402021030,Elizabeth,Spence,0,0
40202103003-SPE,40202103003,402021030,Elizabeth,Spence,493,546
40202103004-SPE,40202103004,402021030,Elizabeth,Spence,333,349
40202103005-SPE,40202103005,402021030,Elizabeth,Spence,334,339
40202103006-SPE,40202103006,402021030,Elizabeth,Spence,405,460
40202103007-SPE,40202103007,402021030,Elizabeth,Spence,397,364
40202103008-SPE,40202103008,402021030,Elizabeth,Spence,260,239
40202103009-SPE,40202103009,402021030,Elizabeth,Spence,338,341
40202103010-SPE,40202103010,402021030,Elizabeth,Spence,388,378
40202103011-SPE,40202103011,402021030,Elizabeth,Spence,258,269
40202103012-SPE,40202103012,402021030,Elizabeth,Spence,360,354
40202103013-SPE,40202103013,402021030,Elizabeth,Spence,238,249
40202103014-SPE,40202103014,402021030,Elizabeth,Spence,264,272
40202103015-SPE,40202103015,402021030,Elizabeth,Spence,314,341
40202103016-SPE,40202103016,402021030,Elizabeth,Spence,37,39
40202103017-SPE,40202103017,402021030,Elizabeth,Spence,78,78
40202103018-SPE,40202103018,402021030,Elizabeth,Spence,214,242
40202103019-SPE,40202103019,402021030,Elizabeth,Spence,334,389
40202103020-SPE,40202103020,402021030,Elizabeth,Spence,288,301
40202103021-SPE,40202103021,402021030,Elizabeth,Spence,208,230
40202103022-SPE,40202103022,402021030,Elizabeth,Spence,367,375
40202103023-SPE,40202103023,402021030,Elizabeth,Spence,456,437
40202103024-SPE,40202103024,402021030,Elizabeth,Spence,274,292
40202103025-SPE,40202103025,402021030,Elizabeth,Spence,0,0
40202103026-SPE,40202103026,402021030,Elizabeth,Spence,278,301
40202103027-SPE,40202103027,402021030,Elizabeth,Spence,91,92
40202103101-SPE,40202103101,402021031,Elizabeth East,Spence,346,373
40202103102-SPE,40202103102,402021031,Elizabeth East,Spence,368,416
40202103103-SPE,40202103103,402021031,Elizabeth East,Spence,339,376
40202103104-SPE,40202103104,402021031,Elizabeth East,Spence,174,185
40202103105-SPE,40202103105,402021031,Elizabeth East,Spence,374,406
40202103106-SPE,40202103106,402021031,Elizabeth East,Spence,375,409
40202103107-SPE,40202103107,402021031,Elizabeth East,Spence,285,309
40202103108-SPE,40202103108,402021031,Elizabeth East,Spence,317,362
40202103109-SPE,40202103109,402021031,Elizabeth East,Spence,436,500
40202103110-SPE,40202103110,402021031,Elizabeth East,Spence,356,363
40202103111-SPE,40202103111,402021031,Elizabeth East,Spence,281,284
40202103112-SPE,40202103112,402021031,Elizabeth East,Spence,229,246
40202103113-SPE,40202103113,402021031,Elizabeth East,Spence,438,454
40202103114-SPE,40202103114,402021031,Elizabeth East,Spence,367,370
40202103115-SPE,40202103115,402021031,Elizabeth East,Spence,243,225
40202103116-SPE,40202103116,402021031,Elizabeth East,Spence,212,260
40202103117-SPE,40202103117,402021031,Elizabeth East,Spence,385,386
40202103118-SPE,40202103118,402021031,Elizabeth East,Spence,310,320
40202103119-SPE,40202103119,402021031,Elizabeth East,Spence,245,271
40202103120-SPE,40202103120,402021031,Elizabeth East,Spence,361,334
40202103121-SPE,40202103121,402021031,Elizabeth East,Spence,421,459
40202103122-SPE,40202103122,402021031,Elizabeth East,Spence,247,258
40202103123-SPE,40202103123,402021031,Elizabeth East,Spence,386,402
40202103124-SPE,40202103124,402021031,Elizabeth East,Spence,309,336
40202103125-SPE,40202103125,402021031,Elizabeth East,Spence,298,349
40202103126-SPE,40202103126,402021031,Elizabeth East,Spence,231,255
40202103127-SPE,40202103127,402021031,Elizabeth East,Spence,404,468
40202103128-SPE,40202103128,402021031,Elizabeth East,Spence,236,250
40202103130-SPE,40202103130,402021031,Elizabeth East,Spence,236,258
40202103131-SPE,40202103131,402021031,Elizabeth East,Spence,342,383
40202103132-SPE,40202103132,402021031,Elizabeth East,Spence,377,376
40202103205-SPE,40202103205,402021032,Munno Para West - Angle Vale,Spence,168,226
40202103206-SPE,40202103206,402021032,Munno Para West - Angle Vale,Spence,473,476
40202103207-SPE,40202103207,402021032,Munno Para West - Angle Vale,Spence,311,404
40202103208-SPE,40202103208,402021032,Munno Para West - Angle Vale,Spence,305,307
40202103210-SPE,40202103210,402021032,Munno Para West - Angle Vale,Spence,587,794
40202103211-SPE,40202103211,402021032,Munno Para West - Angle Vale,Spence,2856,4697
40202103213-SPE,40202103213,402021032,Munno Para West - Angle Vale,Spence,1125,1848
40202103214-SPE,40202103214,402021032,Munno Para West - Angle Vale,Spence,331,333
40202103216-SPE,40202103216,402021032,Munno Para West - Angle Vale,Spence,319,321
40202103217-SPE,40202103217,402021032,Munno Para West - Angle Vale,Spence,322,324
40202103218-SPE,40202103218,402021032,Munno Para West - Angle Vale,Spence,206,355
40202103219-SPE,40202103219,402021032,Munno Para West - Angle Vale,Spence,305,307
40202103220-SPE,40202103220,402021032,Munno Para West - Angle Vale,Spence,506,509
40202103221-SPE,40202103221,402021032,Munno Para West - Angle Vale,Spence,257,259
40202103222-SPE,40202103222,402021032,Munno Para West - Angle Vale,Spence,134,186
40202103223-SPE,40202103223,402021032,Munno Para West - Angle Vale,Spence,229,317
40202103224-SPE,40202103224,402021032,Munno Para West - Angle Vale,Spence,180,181
40202103225-SPE,40202103225,402021032,Munno Para West - Angle Vale,Spence,362,364
40202103226-SPE,40202103226,402021032,Munno Para West - Angle Vale,Spence,465,663
40202103227-SPE,40202103227,402021032,Munno Para West - Angle Vale,Spence,305,307
40202103228-SPE,40202103228,402021032,Munno Para West - Angle Vale,Spence,488,491
40202103229-SPE,40202103229,402021032,Munno Para West - Angle Vale,Spence,438,441
40202103231-SPE,40202103231,402021032,Munno Para West - Angle Vale,Spence,372,497
40202103232-SPE,40202103232,402021032,Munno Para West - Angle Vale,Spence,228,229
40202103233-SPE,40202103233,402021032,Munno Para West - Angle Vale,Spence,296,298
40202103234-SPE,40202103234,402021032,Munno Para West - Angle Vale,Spence,286,288
40202103235-SPE,40202103235,402021032,Munno Para West - Angle Vale,Spence,657,1069
40202103236-SPE,40202103236,402021032,Munno Para West - Angle Vale,Spence,330,332
40202103237-SPE,40202103237,402021032,Munno Para West - Angle Vale,Spence,932,1505
40202103238-SPE,40202103238,402021032,Munno Para West - Angle Vale,Spence,238,311
40202103239-SPE,40202103239,402021032,Munno Para West - Angle Vale,Spence,518,905
40202103240-SPE,40202103240,402021032,Munno Para West - Angle Vale,Spence,343,345
40202103241-SPE,40202103241,402021032,Munno Para West - Angle Vale,Spence,346,471
40202103301-SPE,40202103301,402021033,One Tree Hill,Spence,275,283
40202103302-SPE,40202103302,402021033,One Tree Hill,Spence,248,264
40202103304-SPE,40202103304,402021033,One Tree Hill,Spence,341,378
40202103305-SPE,40202103305,402021033,One Tree Hill,Spence,264,267
40202103306-SPE,40202103306,402021033,One Tree Hill,Spence,233,247
40202103307-SPE,40202103307,402021033,One Tree Hill,Spence,9,9
40202103308-SPE,40202103308,402021033,One Tree Hill,Spence,253,262
40202103309-SPE,40202103309,402021033,One Tree Hill,Spence,148,147
40202103310-SPE,40202103310,402021033,One Tree Hill,Spence,176,179
40202103401-SPE,40202103401,402021034,Smithfield - Elizabeth North,Spence,326,353
40202103402-SPE,40202103402,402021034,Smithfield - Elizabeth North,Spence,330,355
40202103403-SPE,40202103403,402021034,Smithfield - Elizabeth North,Spence,308,362
40202103404-SPE,40202103404,402021034,Smithfield - Elizabeth North,Spence,239,248
40202103405-SPE,40202103405,402021034,Smithfield - Elizabeth North,Spence,300,313
40202103406-SPE,40202103406,402021034,Smithfield - Elizabeth North,Spence,231,254
40202103407-SPE,40202103407,402021034,Smithfield - Elizabeth North,Spence,366,363
40202103408-SPE,40202103408,402021034,Smithfield - Elizabeth North,Spence,235,267
40202103409-SPE,40202103409,402021034,Smithfield - Elizabeth North,Spence,333,356
40202103410-SPE,40202103410,402021034,Smithfield - Elizabeth North,Spence,326,344
40202103411-SPE,40202103411,402021034,Smithfield - Elizabeth North,Spence,271,292
40202103412-SPE,40202103412,402021034,Smithfield - Elizabeth North,Spence,304,308
40202103413-SPE,40202103413,402021034,Smithfield - Elizabeth North,Spence,415,435
40202103414-SPE,40202103414,402021034,Smithfield - Elizabeth North,Spence,339,343
40202103415-SPE,40202103415,402021034,Smithfield - Elizabeth North,Spence,323,327
40202103416-SPE,40202103416,402021034,Smithfield - Elizabeth North,Spence,291,294
40202103417-SPE,40202103417,402021034,Smithfield - Elizabeth North,Spence,325,353
40202103418-SPE,40202103418,402021034,Smithfield - Elizabeth North,Spence,314,305
40202103419-SPE,40202103419,402021034,Smithfield - Elizabeth North,Spence,337,337
40202103420-SPE,40202103420,402021034,Smithfield - Elizabeth North,Spence,277,274
40202103421-SPE,40202103421,402021034,Smithfield - Elizabeth North,Spence,387,447
40202103422-SPE,40202103422,402021034,Smithfield - Elizabeth North,Spence,235,232
40202103423-SPE,40202103423,402021034,Smithfield - Elizabeth North,Spence,239,270
40202103424-SPE,40202103424,402021034,Smithfield - Elizabeth North,Spence,342,367
40202103425-SPE,40202103425,402021034,Smithfield - Elizabeth North,Spence,330,350
40202103426-SPE,40202103426,402021034,Smithfield - Elizabeth North,Spence,362,359
40202103427-SPE,40202103427,402021034,Smithfield - Elizabeth North,Spence,417,489
40202103428-SPE,40202103428,402021034,Smithfield - Elizabeth North,Spence,198,214
40202103429-SPE,40202103429,402021034,Smithfield - Elizabeth North,Spence,373,378
40202103502-SPE,40202103502,402021035,Virginia - Waterloo Corner,Spence,249,231
40202103503-SPE,40202103503,402021035,Virginia - Waterloo Corner,Spence,760,1114
40202103504-SPE,40202103504,402021035,Virginia - Waterloo Corner,Spence,100,93
40202103505-SPE,40202103505,402021035,Virginia - Waterloo Corner,Spence,173,201
40202103506-SPE,40202103506,402021035,Virginia - Waterloo Corner,Spence,100,93
40202103507-SPE,40202103507,402021035,Virginia - Waterloo Corner,Spence,391,436
40202103511-SPE,40202103511,402021035,Virginia - Waterloo Corner,Spence,224,266
40202103512-SPE,40202103512,402021035,Virginia - Waterloo Corner,Spence,302,345
40202103515-SPE,40202103515,402021035,Virginia - Waterloo Corner,Spence,210,255
40202103516-SPE,40202103516,402021035,Virginia - Waterloo Corner,Spence,772,1035
40202103517-SPE,40202103517,402021035,Virginia - Waterloo Corner,Spence,304,344
40202103518-SPE,40202103518,402021035,Virginia - Waterloo Corner,Spence,392,491
40202103519-SPE,40202103519,402021035,Virginia - Waterloo Corner,Spence,245,282
40202103520-SPE,40202103520,402021035,Virginia - Waterloo Corner,Spence,761,1031
40202103521-SPE,40202103521,402021035,Virginia - Waterloo Corner,Spence,383,425
40203103601-MAK,40203103601,402031036,Enfield - Blair Athol,Makin,176,191
40203103602-MAK,40203103602,402031036,Enfield - Blair Athol,Makin,2,2
40203103603-MAK,40203103603,402031036,Enfield - Blair Athol,Makin,415,392
40203103604-ADE,40203103604,402031036,Enfield - Blair Athol,Adelaide,286,293
40203103605-ADE,40203103605,402031036,Enfield - Blair Athol,Adelaide,464,501
40203103606-ADE,40203103606,402031036,Enfield - Blair Athol,Adelaide,168,177
40203103607-ADE,40203103607,402031036,Enfield - Blair Athol,Adelaide,305,302
40203103608-ADE,40203103608,402031036,Enfield - Blair Athol,Adelaide,415,504
40203103609-ADE,40203103609,402031036,Enfield - Blair Athol,Adelaide,235,215
40203103610-ADE,40203103610,402031036,Enfield - Blair Athol,Adelaide,506,462
40203103611-ADE,40203103611,402031036,Enfield - Blair Athol,Adelaide,368,381
40203103612-ADE,40203103612,402031036,Enfield - Blair Athol,Adelaide,356,359
40203103613-ADE,40203103613,402031036,Enfield - Blair Athol,Adelaide,277,264
40203103614-ADE,40203103614,402031036,Enfield - Blair Athol,Adelaide,244,264
40203103615-ADE,40203103615,402031036,Enfield - Blair Athol,Adelaide,305,278
40203103616-ADE,40203103616,402031036,Enfield - Blair Athol,Adelaide,437,436
40203103617-ADE,40203103617,402031036,Enfield - Blair Athol,Adelaide,357,335
40203103618-ADE,40203103618,402031036,Enfield - Blair Athol,Adelaide,316,289
40203103619-ADE,40203103619,402031036,Enfield - Blair Athol,Adelaide,284,268
40203103620-ADE,40203103620,402031036,Enfield - Blair Athol,Adelaide,336,314
40203103621-ADE,40203103621,402031036,Enfield - Blair Athol,Adelaide,482,492
40203103622-ADE,40203103622,402031036,Enfield - Blair Athol,Adelaide,415,387
40203103623-ADE,40203103623,402031036,Enfield - Blair Athol,Adelaide,473,502
40203103624-ADE,40203103624,402031036,Enfield - Blair Athol,Adelaide,387,360
40203103625-ADE,40203103625,402031036,Enfield - Blair Athol,Adelaide,677,770
40203103626-ADE,40203103626,402031036,Enfield - Blair Athol,Adelaide,365,406
40203103627-ADE,40203103627,402031036,Enfield - Blair Athol,Adelaide,278,275
40203103628-ADE,40203103628,402031036,Enfield - Blair Athol,Adelaide,433,490
40203103629-ADE,40203103629,402031036,Enfield - Blair Athol,Adelaide,279,283
40203103630-ADE,40203103630,402031036,Enfield - Blair Athol,Adelaide,273,271
40203103631-ADE,40203103631,402031036,Enfield - Blair Athol,Adelaide,456,441
40203103632-ADE,40203103632,402031036,Enfield - Blair Athol,Adelaide,296,308
40203103633-ADE,40203103633,402031036,Enfield - Blair Athol,Adelaide,299,304
40203103634-ADE,40203103634,402031036,Enfield - Blair Athol,Adelaide,325,342
40203103635-ADE,40203103635,402031036,Enfield - Blair Athol,Adelaide,370,404
40203103636-ADE,40203103636,402031036,Enfield - Blair Athol,Adelaide,380,391
40203103637-ADE,40203103637,402031036,Enfield - Blair Athol,Adelaide,323,329
40203103638-ADE,40203103638,402031036,Enfield - Blair Athol,Adelaide,234,247
40203103639-ADE,40203103639,402031036,Enfield - Blair Athol,Adelaide,196,191
40203103640-ADE,40203103640,402031036,Enfield - Blair Athol,Adelaide,369,409
40203103641-ADE,40203103641,402031036,Enfield - Blair Athol,Adelaide,344,376
40203103642-ADE,40203103642,402031036,Enfield - Blair Athol,Adelaide,420,428
40203103643-ADE,40203103643,402031036,Enfield - Blair Athol,Adelaide,387,381
40203103644-ADE,40203103644,402031036,Enfield - Blair Athol,Adelaide,311,308
40203103645-ADE,40203103645,402031036,Enfield - Blair Athol,Adelaide,1,1
40203103646-ADE,40203103646,402031036,Enfield - Blair Athol,Adelaide,288,280
40203103647-ADE,40203103647,402031036,Enfield - Blair Athol,Adelaide,0,0
40203103648-MAK,40203103648,402031036,Enfield - Blair Athol,Makin,2,2
40203103649-ADE,40203103649,402031036,Enfield - Blair Athol,Adelaide,218,233
40203103650-ADE,40203103650,402031036,Enfield - Blair Athol,Adelaide,157,169
40203103651-ADE,40203103651,402031036,Enfield - Blair Athol,Adelaide,0,0
40203103801-STU,40203103801,402031038,Windsor Gardens,Sturt,370,366
40203103802-STU,40203103802,402031038,Windsor Gardens,Sturt,318,304
40203103803-STU,40203103803,402031038,Windsor Gardens,Sturt,418,434
40203103804-STU,40203103804,402031038,Windsor Gardens,Sturt,332,321
40203103805-STU,40203103805,402031038,Windsor Gardens,Sturt,363,404
40203103806-STU,40203103806,402031038,Windsor Gardens,Sturt,304,333
40203103807-STU,40203103807,402031038,Windsor Gardens,Sturt,434,413
40203103808-STU,40203103808,402031038,Windsor Gardens,Sturt,295,296
40203103809-STU,40203103809,402031038,Windsor Gardens,Sturt,378,405
40203103810-STU,40203103810,402031038,Windsor Gardens,Sturt,349,324
40203103811-STU,40203103811,402031038,Windsor Gardens,Sturt,463,451
40203103812-STU,40203103812,402031038,Windsor Gardens,Sturt,257,290
40203103813-STU,40203103813,402031038,Windsor Gardens,Sturt,450,420
40203103814-ADE,40203103814,402031038,Windsor Gardens,Adelaide,522,523
40203103815-ADE,40203103815,402031038,Windsor Gardens,Adelaide,395,430
40203103816-ADE,40203103816,402031038,Windsor Gardens,Adelaide,327,345
40203103817-ADE,40203103817,402031038,Windsor Gardens,Adelaide,389,390
40203103818-ADE,40203103818,402031038,Windsor Gardens,Adelaide,313,321
40203103819-STU,40203103819,402031038,Windsor Gardens,Sturt,323,314
40203103820-STU,40203103820,402031038,Windsor Gardens,Sturt,438,449
40203103821-STU,40203103821,402031038,Windsor Gardens,Sturt,430,429
40203103822-STU,40203103822,402031038,Windsor Gardens,Sturt,355,336
40203103823-STU,40203103823,402031038,Windsor Gardens,Sturt,411,422
40203103824-ADE,40203103824,402031038,Windsor Gardens,Adelaide,378,409
40203103825-STU,40203103825,402031038,Windsor Gardens,Sturt,451,468
40203103826-STU,40203103826,402031038,Windsor Gardens,Sturt,313,324
40203103827-ADE,40203103827,402031038,Windsor Gardens,Adelaide,309,295
40203103828-ADE,40203103828,402031038,Windsor Gardens,Adelaide,325,337
40203103829-ADE,40203103829,402031038,Windsor Gardens,Adelaide,466,503
40203103830-STU,40203103830,402031038,Windsor Gardens,Sturt,441,408
40203103831-STU,40203103831,402031038,Windsor Gardens,Sturt,339,355
40203103832-ADE,40203103832,402031038,Windsor Gardens,Adelaide,272,270
40203103833-STU,40203103833,402031038,Windsor Gardens,Sturt,415,433
40203103834-STU,40203103834,402031038,Windsor Gardens,Sturt,257,259
40203103835-STU,40203103835,402031038,Windsor Gardens,Sturt,558,573
40203103836-STU,40203103836,402031038,Windsor Gardens,Sturt,210,201
40203103837-STU,40203103837,402031038,Windsor Gardens,Sturt,261,254
40203103838-STU,40203103838,402031038,Windsor Gardens,Sturt,299,294
40203103839-ADE,40203103839,402031038,Windsor Gardens,Adelaide,236,242
40203117501-ADE,40203117501,402031175,Northgate - Northfield,Adelaide,316,309
40203117502-STU,40203117502,402031175,Northgate - Northfield,Sturt,361,361
40203117503-STU,40203117503,402031175,Northgate - Northfield,Sturt,256,264
40203117504-STU,40203117504,402031175,Northgate - Northfield,Sturt,155,154
40203117505-ADE,40203117505,402031175,Northgate - Northfield,Adelaide,270,270
40203117506-ADE,40203117506,402031175,Northgate - Northfield,Adelaide,157,165
40203117507-ADE,40203117507,402031175,Northgate - Northfield,Adelaide,251,263
40203117508-ADE,40203117508,402031175,Northgate - Northfield,Adelaide,289,305
40203117509-ADE,40203117509,402031175,Northgate - Northfield,Adelaide,338,338
40203117510-STU,40203117510,402031175,Northgate - Northfield,Sturt,236,253
40203117511-STU,40203117511,402031175,Northgate - Northfield,Sturt,391,397
40203117512-ADE,40203117512,402031175,Northgate - Northfield,Adelaide,266,295
40203117513-ADE,40203117513,402031175,Northgate - Northfield,Adelaide,291,279
40203117514-ADE,40203117514,402031175,Northgate - Northfield,Adelaide,268,271
40203117515-STU,40203117515,402031175,Northgate - Northfield,Sturt,80,82
40203117516-ADE,40203117516,402031175,Northgate - Northfield,Adelaide,238,228
40203117517-ADE,40203117517,402031175,Northgate - Northfield,Adelaide,262,273
40203117518-ADE,40203117518,402031175,Northgate - Northfield,Adelaide,374,399
40203117519-ADE,40203117519,402031175,Northgate - Northfield,Adelaide,384,397
40203117520-MAK,40203117520,402031175,Northgate - Northfield,Makin,249,267
40203117521-ADE,40203117521,402031175,Northgate - Northfield,Adelaide,174,175
40203117522-ADE,40203117522,402031175,Northgate - Northfield,Adelaide,302,297
40203117523-STU,40203117523,402031175,Northgate - Northfield,Sturt,162,170
40203117524-STU,40203117524,402031175,Northgate - Northfield,Sturt,239,220
40203117525-ADE,40203117525,402031175,Northgate - Northfield,Adelaide,332,330
40203117526-ADE,40203117526,402031175,Northgate - Northfield,Adelaide,338,363
40203117527-ADE,40203117527,402031175,Northgate - Northfield,Adelaide,447,433
40203117528-ADE,40203117528,402031175,Northgate - Northfield,Adelaide,454,462
40203117529-MAK,40203117529,402031175,Northgate - Northfield,Makin,48,50
40203117530-ADE,40203117530,402031175,Northgate - Northfield,Adelaide,415,474
40203117531-MAK,40203117531,402031175,Northgate - Northfield,Makin,317,351
40203117532-ADE,40203117532,402031175,Northgate - Northfield,Adelaide,234,224
40203117533-ADE,40203117533,402031175,Northgate - Northfield,Adelaide,240,272
40203117534-ADE,40203117534,402031175,Northgate - Northfield,Adelaide,182,180
40203117535-ADE,40203117535,402031175,Northgate - Northfield,Adelaide,223,278
40203117536-STU,40203117536,402031175,Northgate - Northfield,Sturt,317,343
40203117537-ADE,40203117537,402031175,Northgate - Northfield,Adelaide,301,298
40203117538-ADE,40203117538,402031175,Northgate - Northfield,Adelaide,245,314
40203117539-STU,40203117539,402031175,Northgate - Northfield,Sturt,341,358
40203117540-ADE,40203117540,402031175,Northgate - Northfield,Adelaide,323,376
40203117541-MAK,40203117541,402031175,Northgate - Northfield,Makin,270,301
40203117601-MAK,40203117601,402031176,Valley View - Gilles Plains,Makin,393,359
40203117602-STU,40203117602,402031176,Valley View - Gilles Plains,Sturt,418,409
40203117603-MAK,40203117603,402031176,Valley View - Gilles Plains,Makin,376,379
40203117604-MAK,40203117604,402031176,Valley View - Gilles Plains,Makin,384,391
40203117605-MAK,40203117605,402031176,Valley View - Gilles Plains,Makin,343,343
40203117606-STU,40203117606,402031176,Valley View - Gilles Plains,Sturt,367,376
40203117607-MAK,40203117607,402031176,Valley View - Gilles Plains,Makin,376,369
40203117608-MAK,40203117608,402031176,Valley View - Gilles Plains,Makin,235,245
40203117609-MAK,40203117609,402031176,Valley View - Gilles Plains,Makin,273,284
40203117610-STU,40203117610,402031176,Valley View - Gilles Plains,Sturt,230,261
40203117611-STU,40203117611,402031176,Valley View - Gilles Plains,Sturt,256,266
40203117612-MAK,40203117612,402031176,Valley View - Gilles Plains,Makin,383,386
40203117613-MAK,40203117613,402031176,Valley View - Gilles Plains,Makin,291,304
40203117614-MAK,40203117614,402031176,Valley View - Gilles Plains,Makin,158,176
40203117615-STU,40203117615,402031176,Valley View - Gilles Plains,Sturt,278,268
40203117616-MAK,40203117616,402031176,Valley View - Gilles Plains,Makin,205,204
40203117617-MAK,40203117617,402031176,Valley View - Gilles Plains,Makin,274,303
40203117618-STU,40203117618,402031176,Valley View - Gilles Plains,Sturt,239,241
40203117619-MAK,40203117619,402031176,Valley View - Gilles Plains,Makin,181,197
40203117620-STU,40203117620,402031176,Valley View - Gilles Plains,Sturt,235,238
40203117621-MAK,40203117621,402031176,Valley View - Gilles Plains,Makin,278,294
40203117622-STU,40203117622,402031176,Valley View - Gilles Plains,Sturt,377,413
40203117623-STU,40203117623,402031176,Valley View - Gilles Plains,Sturt,175,174
40203117624-MAK,40203117624,402031176,Valley View - Gilles Plains,Makin,319,299
40204103901-SPE,40204103901,402041039,Dry Creek - North,Spence,3,3
40204103901-MAK,40204103901,402041039,Dry Creek - North,Makin,0,0
40204104001-MAK,40204104001,402041040,Ingle Farm,Makin,316,313
40204104002-MAK,40204104002,402041040,Ingle Farm,Makin,385,409
40204104003-MAK,40204104003,402041040,Ingle Farm,Makin,297,307
40204104004-MAK,40204104004,402041040,Ingle Farm,Makin,230,243
40204104005-MAK,40204104005,402041040,Ingle Farm,Makin,417,410
40204104006-MAK,40204104006,402041040,Ingle Farm,Makin,399,407
40204104007-MAK,40204104007,402041040,Ingle Farm,Makin,202,184
40204104008-MAK,40204104008,402041040,Ingle Farm,Makin,243,259
40204104009-MAK,40204104009,402041040,Ingle Farm,Makin,209,212
40204104010-MAK,40204104010,402041040,Ingle Farm,Makin,236,247
40204104011-MAK,40204104011,402041040,Ingle Farm,Makin,432,448
40204104012-MAK,40204104012,402041040,Ingle Farm,Makin,287,293
40204104013-MAK,40204104013,402041040,Ingle Farm,Makin,289,300
40204104014-MAK,40204104014,402041040,Ingle Farm,Makin,283,263
40204104015-MAK,40204104015,402041040,Ingle Farm,Makin,262,269
40204104016-MAK,40204104016,402041040,Ingle Farm,Makin,255,261
40204104017-MAK,40204104017,402041040,Ingle Farm,Makin,413,423
40204104018-MAK,40204104018,402041040,Ingle Farm,Makin,459,481
40204104019-MAK,40204104019,402041040,Ingle Farm,Makin,330,338
40204104020-MAK,40204104020,402041040,Ingle Farm,Makin,224,232
40204104021-MAK,40204104021,402041040,Ingle Farm,Makin,308,297
40204104022-MAK,40204104022,402041040,Ingle Farm,Makin,354,360
40204104023-MAK,40204104023,402041040,Ingle Farm,Makin,340,369
40204104024-MAK,40204104024,402041040,Ingle Farm,Makin,398,417
40204104025-MAK,40204104025,402041040,Ingle Farm,Makin,374,401
40204104026-MAK,40204104026,402041040,Ingle Farm,Makin,295,269
40204104027-MAK,40204104027,402041040,Ingle Farm,Makin,376,409
40204104028-MAK,40204104028,402041040,Ingle Farm,Makin,263,266
40204104029-MAK,40204104029,402041040,Ingle Farm,Makin,0,0
40204104030-MAK,40204104030,402041040,Ingle Farm,Makin,314,320
40204104031-MAK,40204104031,402041040,Ingle Farm,Makin,310,311
40204104032-MAK,40204104032,402041040,Ingle Farm,Makin,205,211
40204104033-MAK,40204104033,402041040,Ingle Farm,Makin,266,268
40204104034-MAK,40204104034,402041040,Ingle Farm,Makin,288,288
40204104035-MAK,40204104035,402041040,Ingle Farm,Makin,294,312
40204104036-MAK,40204104036,402041040,Ingle Farm,Makin,201,202
40204104037-MAK,40204104037,402041040,Ingle Farm,Makin,293,288
40204104101-MAK,40204104101,402041041,Para Hills,Makin,263,268
40204104102-MAK,40204104102,402041041,Para Hills,Makin,396,417
40204104103-MAK,40204104103,402041041,Para Hills,Makin,326,348
40204104104-MAK,40204104104,402041041,Para Hills,Makin,423,406
40204104105-MAK,40204104105,402041041,Para Hills,Makin,306,296
40204104106-MAK,40204104106,402041041,Para Hills,Makin,433,426
40204104107-MAK,40204104107,402041041,Para Hills,Makin,282,287
40204104108-MAK,40204104108,402041041,Para Hills,Makin,225,216
40204104109-MAK,40204104109,402041041,Para Hills,Makin,221,219
40204104110-MAK,40204104110,402041041,Para Hills,Makin,319,326
40204104111-MAK,40204104111,402041041,Para Hills,Makin,321,310
40204104112-MAK,40204104112,402041041,Para Hills,Makin,332,317
40204104113-MAK,40204104113,402041041,Para Hills,Makin,255,253
40204104114-MAK,40204104114,402041041,Para Hills,Makin,321,319
40204104115-MAK,40204104115,402041041,Para Hills,Makin,185,202
40204104116-MAK,40204104116,402041041,Para Hills,Makin,251,259
40204104117-MAK,40204104117,402041041,Para Hills,Makin,390,385
40204104118-MAK,40204104118,402041041,Para Hills,Makin,354,363
40204104119-MAK,40204104119,402041041,Para Hills,Makin,282,275
40204104120-MAK,40204104120,402041041,Para Hills,Makin,331,328
40204104121-MAK,40204104121,402041041,Para Hills,Makin,277,268
40204104122-MAK,40204104122,402041041,Para Hills,Makin,264,275
40204104123-MAK,40204104123,402041041,Para Hills,Makin,363,375
40204104124-MAK,40204104124,402041041,Para Hills,Makin,402,384
40204104125-MAK,40204104125,402041041,Para Hills,Makin,353,359
40204104126-MAK,40204104126,402041041,Para Hills,Makin,271,272
40204104127-MAK,40204104127,402041041,Para Hills,Makin,314,328
40204104128-MAK,40204104128,402041041,Para Hills,Makin,186,174
40204104129-MAK,40204104129,402041041,Para Hills,Makin,297,296
40204104130-MAK,40204104130,402041041,Para Hills,Makin,363,358
40204104131-MAK,40204104131,402041041,Para Hills,Makin,268,270
40204104132-MAK,40204104132,402041041,Para Hills,Makin,147,147
40204104133-MAK,40204104133,402041041,Para Hills,Makin,210,213
40204104134-MAK,40204104134,402041041,Para Hills,Makin,168,163
40204104135-MAK,40204104135,402041041,Para Hills,Makin,0,0
40204104136-MAK,40204104136,402041041,Para Hills,Makin,222,238
40204104137-MAK,40204104137,402041041,Para Hills,Makin,13,13
40204104138-MAK,40204104138,402041041,Para Hills,Makin,304,285
40204104201-MAK,40204104201,402041042,Parafield,Makin,6,6
40204104301-MAK,40204104301,402041043,Parafield Gardens,Makin,395,372
40204104302-MAK,40204104302,402041043,Parafield Gardens,Makin,522,519
40204104303-MAK,40204104303,402041043,Parafield Gardens,Makin,151,139
40204104304-MAK,40204104304,402041043,Parafield Gardens,Makin,313,276
40204104305-MAK,40204104305,402041043,Parafield Gardens,Makin,205,192
40204104306-MAK,40204104306,402041043,Parafield Gardens,Makin,260,252
40204104307-MAK,40204104307,402041043,Parafield Gardens,Makin,205,183
40204104308-MAK,40204104308,402041043,Parafield Gardens,Makin,203,194
40204104309-MAK,40204104309,402041043,Parafield Gardens,Makin,303,276
40204104310-MAK,40204104310,402041043,Parafield Gardens,Makin,367,323
40204104311-MAK,40204104311,402041043,Parafield Gardens,Makin,279,264
40204104312-MAK,40204104312,402041043,Parafield Gardens,Makin,292,280
40204104313-MAK,40204104313,402041043,Parafield Gardens,Makin,308,308
40204104314-MAK,40204104314,402041043,Parafield Gardens,Makin,226,222
40204104315-MAK,40204104315,402041043,Parafield Gardens,Makin,289,277
40204104316-MAK,40204104316,402041043,Parafield Gardens,Makin,399,371
40204104317-MAK,40204104317,402041043,Parafield Gardens,Makin,267,275
40204104318-MAK,40204104318,402041043,Parafield Gardens,Makin,274,285
40204104319-MAK,40204104319,402041043,Parafield Gardens,Makin,213,215
40204104320-MAK,40204104320,402041043,Parafield Gardens,Makin,286,281
40204104321-MAK,40204104321,402041043,Parafield Gardens,Makin,344,304
40204104323-MAK,40204104323,402041043,Parafield Gardens,Makin,504,487
40204104324-MAK,40204104324,402041043,Parafield Gardens,Makin,241,236
40204104325-MAK,40204104325,402041043,Parafield Gardens,Makin,172,165
40204104326-MAK,40204104326,402041043,Parafield Gardens,Makin,251,250
40204104327-MAK,40204104327,402041043,Parafield Gardens,Makin,235,211
40204104328-MAK,40204104328,402041043,Parafield Gardens,Makin,184,188
40204104329-MAK,40204104329,402041043,Parafield Gardens,Makin,417,375
40204104330-MAK,40204104330,402041043,Parafield Gardens,Makin,212,211
40204104331-MAK,40204104331,402041043,Parafield Gardens,Makin,389,359
40204104332-MAK,40204104332,402041043,Parafield Gardens,Makin,307,310
40204104333-MAK,40204104333,402041043,Parafield Gardens,Makin,449,446
40204104334-MAK,40204104334,402041043,Parafield Gardens,Makin,162,151
40204104335-MAK,40204104335,402041043,Parafield Gardens,Makin,275,259
40204104336-MAK,40204104336,402041043,Parafield Gardens,Makin,167,175
40204104337-MAK,40204104337,402041043,Parafield Gardens,Makin,487,498
40204104338-MAK,40204104338,402041043,Parafield Gardens,Makin,540,527
40204104339-MAK,40204104339,402041043,Parafield Gardens,Makin,283,302
40204104340-MAK,40204104340,402041043,Parafield Gardens,Makin,357,333
40204104341-MAK,40204104341,402041043,Parafield Gardens,Makin,240,230
40204104401-SPE,40204104401,402041044,Paralowie,Spence,447,479
40204104402-SPE,40204104402,402041044,Paralowie,Spence,358,347
40204104403-SPE,40204104403,402041044,Paralowie,Spence,260,251
40204104404-SPE,40204104404,402041044,Paralowie,Spence,347,364
40204104405-SPE,40204104405,402041044,Paralowie,Spence,342,356
40204104406-SPE,40204104406,402041044,Paralowie,Spence,272,285
40204104407-SPE,40204104407,402041044,Paralowie,Spence,328,377
40204104408-SPE,40204104408,402041044,Paralowie,Spence,206,230
40204104409-SPE,40204104409,402041044,Paralowie,Spence,301,306
40204104410-SPE,40204104410,402041044,Paralowie,Spence,290,283
40204104411-SPE,40204104411,402041044,Paralowie,Spence,296,315
40204104412-SPE,40204104412,402041044,Paralowie,Spence,264,286
40204104413-SPE,40204104413,402041044,Paralowie,Spence,245,263
40204104414-SPE,40204104414,402041044,Paralowie,Spence,265,283
40204104415-SPE,40204104415,402041044,Paralowie,Spence,135,136
40204104416-SPE,40204104416,402041044,Paralowie,Spence,343,333
40204104417-SPE,40204104417,402041044,Paralowie,Spence,440,461
40204104418-SPE,40204104418,402041044,Paralowie,Spence,495,529
40204104419-SPE,40204104419,402041044,Paralowie,Spence,445,456
40204104420-SPE,40204104420,402041044,Paralowie,Spence,209,209
40204104421-SPE,40204104421,402041044,Paralowie,Spence,311,330
40204104422-SPE,40204104422,402041044,Paralowie,Spence,498,497
40204104423-SPE,40204104423,402041044,Paralowie,Spence,357,383
40204104424-SPE,40204104424,402041044,Paralowie,Spence,387,417
40204104425-SPE,40204104425,402041044,Paralowie,Spence,266,266
40204104426-SPE,40204104426,402041044,Paralowie,Spence,257,266
40204104427-SPE,40204104427,402041044,Paralowie,Spence,273,292
40204104428-SPE,40204104428,402041044,Paralowie,Spence,333,322
40204104429-SPE,40204104429,402041044,Paralowie,Spence,366,378
40204104430-SPE,40204104430,402041044,Paralowie,Spence,236,254
40204104431-SPE,40204104431,402041044,Paralowie,Spence,263,254
40204104432-SPE,40204104432,402041044,Paralowie,Spence,213,222
40204104433-SPE,40204104433,402041044,Paralowie,Spence,211,224
40204104434-SPE,40204104434,402041044,Paralowie,Spence,279,277
40204104435-SPE,40204104435,402041044,Paralowie,Spence,179,195
40204104436-SPE,40204104436,402041044,Paralowie,Spence,824,867
40204104437-SPE,40204104437,402041044,Paralowie,Spence,257,263
40204104438-SPE,40204104438,402041044,Paralowie,Spence,254,250
40204104601-SPE,40204104601,402041046,Salisbury,Spence,310,302
40204104602-MAK,40204104602,402041046,Salisbury,Spence,0,0
40204104602-SPE,40204104602,402041046,Salisbury,Spence,440,447
40204104604-SPE,40204104604,402041046,Salisbury,Spence,397,398
40204104605-SPE,40204104605,402041046,Salisbury,Spence,419,369
40204104606-SPE,40204104606,402041046,Salisbury,Spence,351,344
40204104607-SPE,40204104607,402041046,Salisbury,Spence,362,339
40204104608-SPE,40204104608,402041046,Salisbury,Spence,193,201
40204104609-SPE,40204104609,402041046,Salisbury,Spence,314,279
40204104611-SPE,40204104611,402041046,Salisbury,Spence,609,585
40204104612-SPE,40204104612,402041046,Salisbury,Spence,315,297
40204104613-SPE,40204104613,402041046,Salisbury,Spence,275,247
40204104614-SPE,40204104614,402041046,Salisbury,Spence,351,339
40204104615-SPE,40204104615,402041046,Salisbury,Spence,314,327
40204104616-SPE,40204104616,402041046,Salisbury,Spence,171,171
40204104617-SPE,40204104617,402041046,Salisbury,Spence,438,423
40204104618-SPE,40204104618,402041046,Salisbury,Spence,455,445
40204104619-SPE,40204104619,402041046,Salisbury,Spence,480,473
40204104620-SPE,40204104620,402041046,Salisbury,Spence,270,255
40204104621-SPE,40204104621,402041046,Salisbury,Spence,303,283
40204104622-SPE,40204104622,402041046,Salisbury,Spence,415,382
40204104625-SPE,40204104625,402041046,Salisbury,Spence,223,234
40204104626-SPE,40204104626,402041046,Salisbury,Spence,372,375
40204104627-SPE,40204104627,402041046,Salisbury,Spence,403,380
40204104628-SPE,40204104628,402041046,Salisbury,Spence,420,427
40204104629-SPE,40204104629,402041046,Salisbury,Spence,245,235
40204104630-SPE,40204104630,402041046,Salisbury,Spence,4,4
40204104632-SPE,40204104632,402041046,Salisbury,Spence,374,331
40204104633-SPE,40204104633,402041046,Salisbury,Spence,237,218
40204104635-SPE,40204104635,402041046,Salisbury,Spence,217,207
40204104636-SPE,40204104636,402041046,Salisbury,Spence,0,0
40204104637-SPE,40204104637,402041046,Salisbury,Spence,247,245
40204104638-SPE,40204104638,402041046,Salisbury,Spence,227,212
40204104639-SPE,40204104639,402041046,Salisbury,Spence,159,140
40204104640-SPE,40204104640,402041046,Salisbury,Spence,209,188
40204104641-MAK,40204104641,402041046,Salisbury,Spence,0,0
40204104641-SPE,40204104641,402041046,Salisbury,Spence,420,395
40204104642-SPE,40204104642,402041046,Salisbury,Spence,227,210
40204104643-SPE,40204104643,402041046,Salisbury,Spence,225,233
40204104644-SPE,40204104644,402041046,Salisbury,Spence,259,268
40204104645-SPE,40204104645,402041046,Salisbury,Spence,256,258
40204104646-SPE,40204104646,402041046,Salisbury,Spence,288,276
40204104701-MAK,40204104701,402041047,Salisbury East,Makin,195,196
40204104702-MAK,40204104702,402041047,Salisbury East,Makin,202,222
40204104703-MAK,40204104703,402041047,Salisbury East,Makin,266,280
40204104704-MAK,40204104704,402041047,Salisbury East,Makin,339,343
40204104705-MAK,40204104705,402041047,Salisbury East,Makin,464,502
40204104706-MAK,40204104706,402041047,Salisbury East,Makin,338,355
40204104707-MAK,40204104707,402041047,Salisbury East,Makin,481,514
40204104708-MAK,40204104708,402041047,Salisbury East,Makin,382,362
40204104709-MAK,40204104709,402041047,Salisbury East,Makin,306,317
40204104710-MAK,40204104710,402041047,Salisbury East,Makin,227,246
40204104711-MAK,40204104711,402041047,Salisbury East,Makin,333,335
40204104712-MAK,40204104712,402041047,Salisbury East,Makin,335,339
40204104713-MAK,40204104713,402041047,Salisbury East,Makin,377,392
40204104714-MAK,40204104714,402041047,Salisbury East,Makin,373,371
40204104715-MAK,40204104715,402041047,Salisbury East,Makin,191,192
40204104716-MAK,40204104716,402041047,Salisbury East,Makin,0,0
40204104717-MAK,40204104717,402041047,Salisbury East,Makin,272,276
40204104718-MAK,40204104718,402041047,Salisbury East,Makin,342,375
40204104719-MAK,40204104719,402041047,Salisbury East,Makin,259,237
40204104720-MAK,40204104720,402041047,Salisbury East,Makin,311,314
40204104721-MAK,40204104721,402041047,Salisbury East,Makin,297,309
40204104722-MAK,40204104722,402041047,Salisbury East,Makin,393,400
40204104723-MAK,40204104723,402041047,Salisbury East,Makin,309,336
40204104724-MAK,40204104724,402041047,Salisbury East,Makin,470,487
40204104725-MAK,40204104725,402041047,Salisbury East,Makin,252,282
40204104726-MAK,40204104726,402041047,Salisbury East,Makin,200,201
40204104727-MAK,40204104727,402041047,Salisbury East,Makin,213,229
40204104728-SPE,40204104728,402041047,Salisbury East,Spence,382,393
40204104729-SPE,40204104729,402041047,Salisbury East,Spence,285,316
40204104730-SPE,40204104730,402041047,Salisbury East,Spence,281,299
40204104731-SPE,40204104731,402041047,Salisbury East,Spence,225,237
40204104732-SPE,40204104732,402041047,Salisbury East,Spence,442,460
40204104733-SPE,40204104733,402041047,Salisbury East,Spence,469,451
40204104734-MAK,40204104734,402041047,Salisbury East,Makin,248,255
40204104735-MAK,40204104735,402041047,Salisbury East,Makin,238,250
40204104736-MAK,40204104736,402041047,Salisbury East,Makin,235,252
40204104737-MAK,40204104737,402041047,Salisbury East,Makin,454,448
40204104738-MAK,40204104738,402041047,Salisbury East,Makin,347,351
40204104739-MAK,40204104739,402041047,Salisbury East,Makin,461,450
40204104740-MAK,40204104740,402041047,Salisbury East,Makin,230,260
40204104741-MAK,40204104741,402041047,Salisbury East,Makin,341,351
40204104742-SPE,40204104742,402041047,Salisbury East,Spence,208,213
40204104743-SPE,40204104743,402041047,Salisbury East,Spence,322,316
40204104744-MAK,40204104744,402041047,Salisbury East,Makin,326,322
40204104801-SPE,40204104801,402041048,Salisbury North,Spence,298,298
40204104802-SPE,40204104802,402041048,Salisbury North,Spence,153,154
40204104803-SPE,40204104803,402041048,Salisbury North,Spence,224,232
40204104805-SPE,40204104805,402041048,Salisbury North,Spence,193,202
40204104806-SPE,40204104806,402041048,Salisbury North,Spence,392,368
40204104807-SPE,40204104807,402041048,Salisbury North,Spence,413,410
40204104808-SPE,40204104808,402041048,Salisbury North,Spence,288,297
40204104809-SPE,40204104809,402041048,Salisbury North,Spence,563,583
40204104811-SPE,40204104811,402041048,Salisbury North,Spence,394,388
40204104812-SPE,40204104812,402041048,Salisbury North,Spence,382,409
40204104813-SPE,40204104813,402041048,Salisbury North,Spence,368,378
40204104814-SPE,40204104814,402041048,Salisbury North,Spence,319,331
40204104815-SPE,40204104815,402041048,Salisbury North,Spence,340,344
40204104816-SPE,40204104816,402041048,Salisbury North,Spence,217,222
40204104817-SPE,40204104817,402041048,Salisbury North,Spence,206,215
40204104820-SPE,40204104820,402041048,Salisbury North,Spence,350,361
40204104821-SPE,40204104821,402041048,Salisbury North,Spence,457,470
40204104822-SPE,40204104822,402041048,Salisbury North,Spence,263,276
40204104823-SPE,40204104823,402041048,Salisbury North,Spence,346,346
40204104824-SPE,40204104824,402041048,Salisbury North,Spence,326,296
40204104825-SPE,40204104825,402041048,Salisbury North,Spence,301,291
40204104826-SPE,40204104826,402041048,Salisbury North,Spence,310,310
40204104827-SPE,40204104827,402041048,Salisbury North,Spence,140,143
40204104829-SPE,40204104829,402041048,Salisbury North,Spence,220,224
40204104830-SPE,40204104830,402041048,Salisbury North,Spence,170,166
40204104832-SPE,40204104832,402041048,Salisbury North,Spence,301,318
40204104833-SPE,40204104833,402041048,Salisbury North,Spence,205,212
40204104834-SPE,40204104834,402041048,Salisbury North,Spence,194,194
40204104835-SPE,40204104835,402041048,Salisbury North,Spence,5,5
40204104836-SPE,40204104836,402041048,Salisbury North,Spence,255,262
40204104837-SPE,40204104837,402041048,Salisbury North,Spence,203,200
40204104838-SPE,40204104838,402041048,Salisbury North,Spence,236,240
40204104839-SPE,40204104839,402041048,Salisbury North,Spence,261,270
40204104840-SPE,40204104840,402041048,Salisbury North,Spence,312,319
40204104841-SPE,40204104841,402041048,Salisbury North,Spence,179,186
40204104842-SPE,40204104842,402041048,Salisbury North,Spence,389,376
40204104843-SPE,40204104843,402041048,Salisbury North,Spence,256,257
40204104844-SPE,40204104844,402041048,Salisbury North,Spence,90,91
40204104845-SPE,40204104845,402041048,Salisbury North,Spence,291,295
40204104846-SPE,40204104846,402041048,Salisbury North,Spence,235,242
40204104847-SPE,40204104847,402041048,Salisbury North,Spence,286,288
40204104848-SPE,40204104848,402041048,Salisbury North,Spence,353,348
40204104849-SPE,40204104849,402041048,Salisbury North,Spence,317,310
40204117101-MAK,40204117101,402041171,Mawson Lakes - Globe Derby Park,Makin,269,277
40204117102-MAK,40204117102,402041171,Mawson Lakes - Globe Derby Park,Makin,420,415
40204117103-MAK,40204117103,402041171,Mawson Lakes - Globe Derby Park,Makin,493,561
40204117104-MAK,40204117104,402041171,Mawson Lakes - Globe Derby Park,Makin,259,262
40204117105-MAK,40204117105,402041171,Mawson Lakes - Globe Derby Park,Makin,527,564
40204117106-MAK,40204117106,402041171,Mawson Lakes - Globe Derby Park,Makin,371,411
40204117107-MAK,40204117107,402041171,Mawson Lakes - Globe Derby Park,Makin,179,185
40204117108-MAK,40204117108,402041171,Mawson Lakes - Globe Derby Park,Makin,286,298
40204117109-MAK,40204117109,402041171,Mawson Lakes - Globe Derby Park,Makin,247,239
40204117110-MAK,40204117110,402041171,Mawson Lakes - Globe Derby Park,Makin,352,369
40204117111-MAK,40204117111,402041171,Mawson Lakes - Globe Derby Park,Makin,308,324
40204117112-MAK,40204117112,402041171,Mawson Lakes - Globe Derby Park,Makin,347,367
40204117113-MAK,40204117113,402041171,Mawson Lakes - Globe Derby Park,Makin,544,589
40204117114-MAK,40204117114,402041171,Mawson Lakes - Globe Derby Park,Makin,5,5
40204117115-MAK,40204117115,402041171,Mawson Lakes - Globe Derby Park,Makin,284,308
40204117116-MAK,40204117116,402041171,Mawson Lakes - Globe Derby Park,Makin,375,417
40204117117-MAK,40204117117,402041171,Mawson Lakes - Globe Derby Park,Makin,654,648
40204117118-MAK,40204117118,402041171,Mawson Lakes - Globe Derby Park,Makin,368,361
40204117119-MAK,40204117119,402041171,Mawson Lakes - Globe Derby Park,Makin,380,384
40204117120-MAK,40204117120,402041171,Mawson Lakes - Globe Derby Park,Makin,261,262
40204117121-MAK,40204117121,402041171,Mawson Lakes - Globe Derby Park,Makin,401,418
40204117122-MAK,40204117122,402041171,Mawson Lakes - Globe Derby Park,Makin,0,0
40204117123-MAK,40204117123,402041171,Mawson Lakes - Globe Derby Park,Makin,271,304
40204117124-MAK,40204117124,402041171,Mawson Lakes - Globe Derby Park,Makin,370,369
40204117125-MAK,40204117125,402041171,Mawson Lakes - Globe Derby Park,Makin,456,491
40204117126-MAK,40204117126,402041171,Mawson Lakes - Globe Derby Park,Makin,174,181
40204117201-MAK,40204117201,402041172,Pooraka - Cavan,Makin,338,335
40204117202-MAK,40204117202,402041172,Pooraka - Cavan,Makin,358,366
40204117203-MAK,40204117203,402041172,Pooraka - Cavan,Makin,390,360
40204117204-MAK,40204117204,402041172,Pooraka - Cavan,Makin,256,255
40204117205-MAK,40204117205,402041172,Pooraka - Cavan,Makin,6,6
40204117206-MAK,40204117206,402041172,Pooraka - Cavan,Makin,225,227
40204117207-MAK,40204117207,402041172,Pooraka - Cavan,Makin,323,324
40204117208-MAK,40204117208,402041172,Pooraka - Cavan,Makin,466,472
40204117209-MAK,40204117209,402041172,Pooraka - Cavan,Makin,268,273
40204117210-MAK,40204117210,402041172,Pooraka - Cavan,Makin,242,253
40204117211-MAK,40204117211,402041172,Pooraka - Cavan,Makin,279,269
40204117212-MAK,40204117212,402041172,Pooraka - Cavan,Makin,302,298
40204117213-MAK,40204117213,402041172,Pooraka - Cavan,Makin,283,300
40204117214-MAK,40204117214,402041172,Pooraka - Cavan,Makin,219,201
40204117215-MAK,40204117215,402041172,Pooraka - Cavan,Makin,558,569
40204117216-MAK,40204117216,402041172,Pooraka - Cavan,Makin,294,267
40204117217-MAK,40204117217,402041172,Pooraka - Cavan,Makin,289,276
40204117218-MAK,40204117218,402041172,Pooraka - Cavan,Makin,244,255
40204117219-MAK,40204117219,402041172,Pooraka - Cavan,Makin,257,249
40205104901-MAK,40205104901,402051049,Golden Grove,Makin,200,206
40205104902-MAK,40205104902,402051049,Golden Grove,Makin,145,144
40205104903-MAK,40205104903,402051049,Golden Grove,Makin,236,235
40205104904-MAK,40205104904,402051049,Golden Grove,Makin,387,364
40205104905-MAK,40205104905,402051049,Golden Grove,Makin,342,318
40205104906-MAK,40205104906,402051049,Golden Grove,Makin,215,201
40205104907-MAK,40205104907,402051049,Golden Grove,Makin,287,281
40205104908-MAK,40205104908,402051049,Golden Grove,Makin,234,211
40205104909-MAK,40205104909,402051049,Golden Grove,Makin,259,276
40205104910-MAK,40205104910,402051049,Golden Grove,Makin,255,249
40205104911-MAK,40205104911,402051049,Golden Grove,Makin,283,291
40205104912-MAK,40205104912,402051049,Golden Grove,Makin,261,255
40205104913-MAK,40205104913,402051049,Golden Grove,Makin,209,199
40205104914-MAK,40205104914,402051049,Golden Grove,Makin,52,48
40205104915-MAK,40205104915,402051049,Golden Grove,Makin,324,314
40205104916-MAK,40205104916,402051049,Golden Grove,Makin,390,368
40205104917-MAK,40205104917,402051049,Golden Grove,Makin,380,388
40205104918-MAK,40205104918,402051049,Golden Grove,Makin,296,294
40205104919-MAK,40205104919,402051049,Golden Grove,Makin,221,200
40205104920-MAK,40205104920,402051049,Golden Grove,Makin,286,291
40205104921-MAK,40205104921,402051049,Golden Grove,Makin,348,363
40205104922-MAK,40205104922,402051049,Golden Grove,Makin,375,374
40205104924-MAK,40205104924,402051049,Golden Grove,Makin,222,231
40205104925-MAK,40205104925,402051049,Golden Grove,Makin,249,238
40205104926-MAK,40205104926,402051049,Golden Grove,Makin,528,514
40205104927-MAK,40205104927,402051049,Golden Grove,Makin,184,181
40205104928-MAK,40205104928,402051049,Golden Grove,Makin,649,629
40205104929-MAK,40205104929,402051049,Golden Grove,Makin,24,27
40205105001-MAK,40205105001,402051050,Greenwith,Makin,204,210
40205105002-MAK,40205105002,402051050,Greenwith,Makin,369,364
40205105003-MAK,40205105003,402051050,Greenwith,Makin,242,248
40205105004-MAK,40205105004,402051050,Greenwith,Makin,302,289
40205105005-MAK,40205105005,402051050,Greenwith,Makin,299,327
40205105006-MAK,40205105006,402051050,Greenwith,Makin,233,243
40205105007-MAK,40205105007,402051050,Greenwith,Makin,208,211
40205105008-MAK,40205105008,402051050,Greenwith,Makin,434,432
40205105009-MAK,40205105009,402051050,Greenwith,Makin,402,387
40205105010-MAK,40205105010,402051050,Greenwith,Makin,302,338
40205105011-MAK,40205105011,402051050,Greenwith,Makin,332,342
40205105012-MAK,40205105012,402051050,Greenwith,Makin,363,388
40205105013-MAK,40205105013,402051050,Greenwith,Makin,219,234
40205105014-MAK,40205105014,402051050,Greenwith,Makin,254,255
40205105015-MAK,40205105015,402051050,Greenwith,Makin,340,373
40205105016-MAK,40205105016,402051050,Greenwith,Makin,462,461
40205105017-MAK,40205105017,402051050,Greenwith,Makin,353,367
40205105018-MAK,40205105018,402051050,Greenwith,Makin,283,293
40205105019-MAK,40205105019,402051050,Greenwith,Makin,295,323
40205105020-MAK,40205105020,402051050,Greenwith,Makin,360,365
40205105021-MAK,40205105021,402051050,Greenwith,Makin,231,254
40205105022-MAK,40205105022,402051050,Greenwith,Makin,168,178
40205105023-MAK,40205105023,402051050,Greenwith,Makin,212,228
40205105101-STU,40205105101,402051051,Highbury - Dernancourt,Sturt,295,320
40205105102-STU,40205105102,402051051,Highbury - Dernancourt,Sturt,160,166
40205105103-STU,40205105103,402051051,Highbury - Dernancourt,Sturt,230,232
40205105104-STU,40205105104,402051051,Highbury - Dernancourt,Sturt,493,521
40205105105-STU,40205105105,402051051,Highbury - Dernancourt,Sturt,285,297
40205105106-STU,40205105106,402051051,Highbury - Dernancourt,Sturt,392,399
40205105107-STU,40205105107,402051051,Highbury - Dernancourt,Sturt,24,25
40205105108-STU,40205105108,402051051,Highbury - Dernancourt,Sturt,413,429
40205105109-STU,40205105109,402051051,Highbury - Dernancourt,Sturt,306,303
40205105110-STU,40205105110,402051051,Highbury - Dernancourt,Sturt,239,270
40205105111-STU,40205105111,402051051,Highbury - Dernancourt,Sturt,333,324
40205105112-STU,40205105112,402051051,Highbury - Dernancourt,Sturt,239,237
40205105113-STU,40205105113,402051051,Highbury - Dernancourt,Sturt,207,222
40205105114-STU,40205105114,402051051,Highbury - Dernancourt,Sturt,191,202
40205105115-STU,40205105115,402051051,Highbury - Dernancourt,Sturt,341,380
40205105116-STU,40205105116,402051051,Highbury - Dernancourt,Sturt,311,325
40205105117-STU,40205105117,402051051,Highbury - Dernancourt,Sturt,262,291
40205105118-STU,40205105118,402051051,Highbury - Dernancourt,Sturt,322,342
40205105119-STU,40205105119,402051051,Highbury - Dernancourt,Sturt,249,273
40205105120-STU,40205105120,402051051,Highbury - Dernancourt,Sturt,246,257
40205105121-STU,40205105121,402051051,Highbury - Dernancourt,Sturt,364,352
40205105122-STU,40205105122,402051051,Highbury - Dernancourt,Sturt,260,270
40205105123-STU,40205105123,402051051,Highbury - Dernancourt,Sturt,304,347
40205105124-STU,40205105124,402051051,Highbury - Dernancourt,Sturt,170,181
40205105125-STU,40205105125,402051051,Highbury - Dernancourt,Sturt,301,310
40205105126-STU,40205105126,402051051,Highbury - Dernancourt,Sturt,331,333
40205105127-STU,40205105127,402051051,Highbury - Dernancourt,Sturt,357,364
40205105128-STU,40205105128,402051051,Highbury - Dernancourt,Sturt,284,281
40205105129-STU,40205105129,402051051,Highbury - Dernancourt,Sturt,377,399
40205105201-MAK,40205105201,402051052,Hope Valley - Modbury,Makin,344,333
40205105202-MAK,40205105202,402051052,Hope Valley - Modbury,Makin,320,327
40205105203-MAK,40205105203,402051052,Hope Valley - Modbury,Makin,500,511
40205105204-STU,40205105204,402051052,Hope Valley - Modbury,Sturt,269,258
40205105205-STU,40205105205,402051052,Hope Valley - Modbury,Sturt,367,368
40205105206-MAK,40205105206,402051052,Hope Valley - Modbury,Makin,310,297
40205105207-MAK,40205105207,402051052,Hope Valley - Modbury,Makin,233,239
40205105208-MAK,40205105208,402051052,Hope Valley - Modbury,Makin,563,553
40205105209-STU,40205105209,402051052,Hope Valley - Modbury,Sturt,451,446
40205105210-MAK,40205105210,402051052,Hope Valley - Modbury,Makin,318,341
40205105211-STU,40205105211,402051052,Hope Valley - Modbury,Sturt,0,0
40205105212-STU,40205105212,402051052,Hope Valley - Modbury,Sturt,445,454
40205105213-MAK,40205105213,402051052,Hope Valley - Modbury,Makin,396,403
40205105214-STU,40205105214,402051052,Hope Valley - Modbury,Sturt,355,386
40205105215-STU,40205105215,402051052,Hope Valley - Modbury,Sturt,495,516
40205105216-STU,40205105216,402051052,Hope Valley - Modbury,Sturt,475,492
40205105217-STU,40205105217,402051052,Hope Valley - Modbury,Sturt,373,378
40205105218-STU,40205105218,402051052,Hope Valley - Modbury,Sturt,402,367
40205105219-STU,40205105219,402051052,Hope Valley - Modbury,Sturt,307,287
40205105220-STU,40205105220,402051052,Hope Valley - Modbury,Sturt,402,410
40205105221-STU,40205105221,402051052,Hope Valley - Modbury,Sturt,248,270
40205105222-STU,40205105222,402051052,Hope Valley - Modbury,Sturt,0,0
40205105223-STU,40205105223,402051052,Hope Valley - Modbury,Sturt,292,301
40205105224-MAK,40205105224,402051052,Hope Valley - Modbury,Makin,0,0
40205105225-MAK,40205105225,402051052,Hope Valley - Modbury,Makin,420,435
40205105226-MAK,40205105226,402051052,Hope Valley - Modbury,Makin,287,309
40205105227-MAK,40205105227,402051052,Hope Valley - Modbury,Makin,354,346
40205105228-MAK,40205105228,402051052,Hope Valley - Modbury,Makin,259,293
40205105229-MAK,40205105229,402051052,Hope Valley - Modbury,Makin,270,264
40205105230-MAK,40205105230,402051052,Hope Valley - Modbury,Makin,348,353
40205105231-MAK,40205105231,402051052,Hope Valley - Modbury,Makin,360,391
40205105232-MAK,40205105232,402051052,Hope Valley - Modbury,Makin,263,264
40205105233-MAK,40205105233,402051052,Hope Valley - Modbury,Makin,296,316
40205105234-MAK,40205105234,402051052,Hope Valley - Modbury,Makin,232,240
40205105235-MAK,40205105235,402051052,Hope Valley - Modbury,Makin,328,323
40205105236-MAK,40205105236,402051052,Hope Valley - Modbury,Makin,424,454
40205105237-MAK,40205105237,402051052,Hope Valley - Modbury,Makin,410,420
40205105238-STU,40205105238,402051052,Hope Valley - Modbury,Sturt,241,235
40205105301-MAK,40205105301,402051053,Modbury Heights,Makin,345,346
40205105302-MAK,40205105302,402051053,Modbury Heights,Makin,221,218
40205105303-MAK,40205105303,402051053,Modbury Heights,Makin,251,244
40205105304-MAK,40205105304,402051053,Modbury Heights,Makin,424,451
40205105305-MAK,40205105305,402051053,Modbury Heights,Makin,228,224
40205105306-MAK,40205105306,402051053,Modbury Heights,Makin,333,349
40205105307-MAK,40205105307,402051053,Modbury Heights,Makin,341,347
40205105308-MAK,40205105308,402051053,Modbury Heights,Makin,236,246
40205105309-MAK,40205105309,402051053,Modbury Heights,Makin,281,308
40205105310-MAK,40205105310,402051053,Modbury Heights,Makin,289,310
40205105311-MAK,40205105311,402051053,Modbury Heights,Makin,301,353
40205105312-MAK,40205105312,402051053,Modbury Heights,Makin,360,406
40205105313-MAK,40205105313,402051053,Modbury Heights,Makin,229,225
40205105314-MAK,40205105314,402051053,Modbury Heights,Makin,318,333
40205105315-MAK,40205105315,402051053,Modbury Heights,Makin,262,258
40205105316-MAK,40205105316,402051053,Modbury Heights,Makin,169,174
40205105317-MAK,40205105317,402051053,Modbury Heights,Makin,472,472
40205105318-MAK,40205105318,402051053,Modbury Heights,Makin,396,438
40205105319-MAK,40205105319,402051053,Modbury Heights,Makin,308,321
40205105320-MAK,40205105320,402051053,Modbury Heights,Makin,298,309
40205105321-MAK,40205105321,402051053,Modbury Heights,Makin,228,237
40205105322-MAK,40205105322,402051053,Modbury Heights,Makin,313,332
40205105323-MAK,40205105323,402051053,Modbury Heights,Makin,286,288
40205105324-MAK,40205105324,402051053,Modbury Heights,Makin,473,497
40205105325-MAK,40205105325,402051053,Modbury Heights,Makin,233,232
40205105326-MAK,40205105326,402051053,Modbury Heights,Makin,213,212
40205105327-MAK,40205105327,402051053,Modbury Heights,Makin,304,278
40205105328-MAK,40205105328,402051053,Modbury Heights,Makin,328,352
40205105329-MAK,40205105329,402051053,Modbury Heights,Makin,184,169
40205105330-MAK,40205105330,402051053,Modbury Heights,Makin,276,282
40205105331-MAK,40205105331,402051053,Modbury Heights,Makin,255,254
40205105332-MAK,40205105332,402051053,Modbury Heights,Makin,323,331
40205105333-MAK,40205105333,402051053,Modbury Heights,Makin,397,384
40205105334-MAK,40205105334,402051053,Modbury Heights,Makin,322,332
40205105335-MAK,40205105335,402051053,Modbury Heights,Makin,175,175
40205105336-MAK,40205105336,402051053,Modbury Heights,Makin,286,270
40205105337-MAK,40205105337,402051053,Modbury Heights,Makin,366,379
40205105338-MAK,40205105338,402051053,Modbury Heights,Makin,293,317
40205105339-MAK,40205105339,402051053,Modbury Heights,Makin,208,222
40205105340-MAK,40205105340,402051053,Modbury Heights,Makin,342,349
40205105341-MAK,40205105341,402051053,Modbury Heights,Makin,291,316
40205105342-MAK,40205105342,402051053,Modbury Heights,Makin,225,236
40205105343-MAK,40205105343,402051053,Modbury Heights,Makin,194,199
40205105344-MAK,40205105344,402051053,Modbury Heights,Makin,379,398
40205105345-MAK,40205105345,402051053,Modbury Heights,Makin,166,174
40205105346-MAK,40205105346,402051053,Modbury Heights,Makin,256,266
40205105347-MAK,40205105347,402051053,Modbury Heights,Makin,289,287
40205105348-MAK,40205105348,402051053,Modbury Heights,Makin,270,280
40205105349-MAK,40205105349,402051053,Modbury Heights,Makin,200,212
40205105401-MAK,40205105401,402051054,Redwood Park,Makin,462,479
40205105402-MAK,40205105402,402051054,Redwood Park,Makin,341,352
40205105403-MAK,40205105403,402051054,Redwood Park,Makin,266,279
40205105404-MAK,40205105404,402051054,Redwood Park,Makin,312,354
40205105405-MAK,40205105405,402051054,Redwood Park,Makin,293,353
40205105406-MAK,40205105406,402051054,Redwood Park,Makin,497,548
40205105407-MAK,40205105407,402051054,Redwood Park,Makin,307,332
40205105408-MAK,40205105408,402051054,Redwood Park,Makin,432,462
40205105409-MAK,40205105409,402051054,Redwood Park,Makin,241,254
40205105410-MAK,40205105410,402051054,Redwood Park,Makin,483,478
40205105411-MAK,40205105411,402051054,Redwood Park,Makin,381,372
40205105412-MAK,40205105412,402051054,Redwood Park,Makin,280,287
40205105413-MAK,40205105413,402051054,Redwood Park,Makin,467,494
40205105414-MAK,40205105414,402051054,Redwood Park,Makin,448,461
40205105415-MAK,40205105415,402051054,Redwood Park,Makin,295,311
40205105416-MAK,40205105416,402051054,Redwood Park,Makin,273,280
40205105417-MAK,40205105417,402051054,Redwood Park,Makin,0,0
40205105418-MAK,40205105418,402051054,Redwood Park,Makin,408,439
40205105419-MAK,40205105419,402051054,Redwood Park,Makin,406,436
40205105420-MAK,40205105420,402051054,Redwood Park,Makin,364,381
40205105421-MAK,40205105421,402051054,Redwood Park,Makin,173,187
40205105422-MAK,40205105422,402051054,Redwood Park,Makin,391,393
40205105423-MAK,40205105423,402051054,Redwood Park,Makin,537,547
40205105424-MAK,40205105424,402051054,Redwood Park,Makin,503,528
40205105425-MAK,40205105425,402051054,Redwood Park,Makin,184,201
40205105426-MAK,40205105426,402051054,Redwood Park,Makin,339,369
40205105427-MAK,40205105427,402051054,Redwood Park,Makin,417,400
40205105428-MAK,40205105428,402051054,Redwood Park,Makin,224,244
40205105429-MAK,40205105429,402051054,Redwood Park,Makin,198,198
40205105430-MAK,40205105430,402051054,Redwood Park,Makin,406,438
40205105431-MAK,40205105431,402051054,Redwood Park,Makin,222,221
40205105432-MAK,40205105432,402051054,Redwood Park,Makin,376,392
40205105433-MAK,40205105433,402051054,Redwood Park,Makin,401,410
40205105434-MAK,40205105434,402051054,Redwood Park,Makin,273,271
40205105435-MAK,40205105435,402051054,Redwood Park,Makin,309,337
40205105436-MAK,40205105436,402051054,Redwood Park,Makin,512,552
40205105501-MAK,40205105501,402051055,St Agnes - Ridgehaven,Makin,271,294
40205105502-MAK,40205105502,402051055,St Agnes - Ridgehaven,Makin,462,475
40205105503-MAK,40205105503,402051055,St Agnes - Ridgehaven,Makin,369,366
40205105504-MAK,40205105504,402051055,St Agnes - Ridgehaven,Makin,367,368
40205105505-MAK,40205105505,402051055,St Agnes - Ridgehaven,Makin,254,278
40205105506-MAK,40205105506,402051055,St Agnes - Ridgehaven,Makin,347,367
40205105507-MAK,40205105507,402051055,St Agnes - Ridgehaven,Makin,267,257
40205105508-MAK,40205105508,402051055,St Agnes - Ridgehaven,Makin,15,14
40205105509-MAK,40205105509,402051055,St Agnes - Ridgehaven,Makin,413,438
40205105510-MAK,40205105510,402051055,St Agnes - Ridgehaven,Makin,400,434
40205105511-MAK,40205105511,402051055,St Agnes - Ridgehaven,Makin,464,425
40205105512-MAK,40205105512,402051055,St Agnes - Ridgehaven,Makin,476,485
40205105513-MAK,40205105513,402051055,St Agnes - Ridgehaven,Makin,464,496
40205105514-MAK,40205105514,402051055,St Agnes - Ridgehaven,Makin,473,508
40205105515-MAK,40205105515,402051055,St Agnes - Ridgehaven,Makin,412,448
40205105516-MAK,40205105516,402051055,St Agnes - Ridgehaven,Makin,319,332
40205105517-MAK,40205105517,402051055,St Agnes - Ridgehaven,Makin,266,264
40205105518-MAK,40205105518,402051055,St Agnes - Ridgehaven,Makin,390,445
40205105519-MAK,40205105519,402051055,St Agnes - Ridgehaven,Makin,410,423
40205105520-MAK,40205105520,402051055,St Agnes - Ridgehaven,Makin,340,333
40205105521-MAK,40205105521,402051055,St Agnes - Ridgehaven,Makin,274,287
40205105522-MAK,40205105522,402051055,St Agnes - Ridgehaven,Makin,274,280
40205105523-MAK,40205105523,402051055,St Agnes - Ridgehaven,Makin,300,296
40205105524-MAK,40205105524,402051055,St Agnes - Ridgehaven,Makin,56,58
40205105525-MAK,40205105525,402051055,St Agnes - Ridgehaven,Makin,273,288
40205105526-MAK,40205105526,402051055,St Agnes - Ridgehaven,Makin,299,305
40205105527-MAK,40205105527,402051055,St Agnes - Ridgehaven,Makin,263,273
40205105528-MAK,40205105528,402051055,St Agnes - Ridgehaven,Makin,223,240
40205105529-MAK,40205105529,402051055,St Agnes - Ridgehaven,Makin,301,300
40205105530-MAK,40205105530,402051055,St Agnes - Ridgehaven,Makin,464,504
40301105601-BOO,40301105601,403011056,Brighton (SA),Boothby,274,319
40301105602-BOO,40301105602,403011056,Brighton (SA),Boothby,285,281
40301105603-BOO,40301105603,403011056,Brighton (SA),Boothby,350,358
40301105604-BOO,40301105604,403011056,Brighton (SA),Boothby,196,196
40301105605-BOO,40301105605,403011056,Brighton (SA),Boothby,392,407
40301105606-BOO,40301105606,403011056,Brighton (SA),Boothby,315,305
40301105607-BOO,40301105607,403011056,Brighton (SA),Boothby,371,352
40301105608-BOO,40301105608,403011056,Brighton (SA),Boothby,433,461
40301105609-BOO,40301105609,403011056,Brighton (SA),Boothby,316,328
40301105610-BOO,40301105610,403011056,Brighton (SA),Boothby,256,269
40301105611-BOO,40301105611,403011056,Brighton (SA),Boothby,341,336
40301105612-BOO,40301105612,403011056,Brighton (SA),Boothby,385,395
40301105613-BOO,40301105613,403011056,Brighton (SA),Boothby,499,533
40301105614-BOO,40301105614,403011056,Brighton (SA),Boothby,354,352
40301105615-BOO,40301105615,403011056,Brighton (SA),Boothby,300,337
40301105616-BOO,40301105616,403011056,Brighton (SA),Boothby,267,271
40301105617-BOO,40301105617,403011056,Brighton (SA),Boothby,519,532
40301105618-BOO,40301105618,403011056,Brighton (SA),Boothby,410,429
40301105619-BOO,40301105619,403011056,Brighton (SA),Boothby,413,435
40301105620-BOO,40301105620,403011056,Brighton (SA),Boothby,392,394
40301105621-BOO,40301105621,403011056,Brighton (SA),Boothby,278,288
40301105622-BOO,40301105622,403011056,Brighton (SA),Boothby,282,296
40301105623-BOO,40301105623,403011056,Brighton (SA),Boothby,447,450
40301105624-BOO,40301105624,403011056,Brighton (SA),Boothby,376,364
40301105625-BOO,40301105625,403011056,Brighton (SA),Boothby,266,284
40301105626-BOO,40301105626,403011056,Brighton (SA),Boothby,385,380
40301105627-BOO,40301105627,403011056,Brighton (SA),Boothby,440,448
40301105628-BOO,40301105628,403011056,Brighton (SA),Boothby,420,417
40301105629-BOO,40301105629,403011056,Brighton (SA),Boothby,406,395
40301105630-BOO,40301105630,403011056,Brighton (SA),Boothby,311,323
40301105631-BOO,40301105631,403011056,Brighton (SA),Boothby,445,443
40301105632-BOO,40301105632,403011056,Brighton (SA),Boothby,427,450
40301105701-BOO,40301105701,403011057,Glenelg (SA),Boothby,410,414
40301105702-BOO,40301105702,403011057,Glenelg (SA),Boothby,183,180
40301105703-BOO,40301105703,403011057,Glenelg (SA),Boothby,297,293
40301105704-BOO,40301105704,403011057,Glenelg (SA),Boothby,269,256
40301105705-BOO,40301105705,403011057,Glenelg (SA),Boothby,217,224
40301105706-BOO,40301105706,403011057,Glenelg (SA),Boothby,228,256
40301105707-BOO,40301105707,403011057,Glenelg (SA),Boothby,432,429
40301105708-BOO,40301105708,403011057,Glenelg (SA),Boothby,528,542
40301105709-BOO,40301105709,403011057,Glenelg (SA),Boothby,478,472
40301105710-BOO,40301105710,403011057,Glenelg (SA),Boothby,393,406
40301105711-BOO,40301105711,403011057,Glenelg (SA),Boothby,303,304
40301105712-BOO,40301105712,403011057,Glenelg (SA),Boothby,442,463
40301105713-BOO,40301105713,403011057,Glenelg (SA),Boothby,296,316
40301105714-BOO,40301105714,403011057,Glenelg (SA),Boothby,426,409
40301105715-BOO,40301105715,403011057,Glenelg (SA),Boothby,286,284
40301105716-BOO,40301105716,403011057,Glenelg (SA),Boothby,155,167
40301105717-BOO,40301105717,403011057,Glenelg (SA),Boothby,258,274
40301105718-BOO,40301105718,403011057,Glenelg (SA),Boothby,335,338
40301105718-HIN,40301105718,403011057,Glenelg (SA),Hindmarsh,0,0
40301105719-BOO,40301105719,403011057,Glenelg (SA),Boothby,276,266
40301105720-BOO,40301105720,403011057,Glenelg (SA),Boothby,250,261
40301105721-BOO,40301105721,403011057,Glenelg (SA),Boothby,236,232
40301105722-BOO,40301105722,403011057,Glenelg (SA),Boothby,356,352
40301105723-BOO,40301105723,403011057,Glenelg (SA),Boothby,318,326
40301105724-BOO,40301105724,403011057,Glenelg (SA),Boothby,382,420
40301105725-BOO,40301105725,403011057,Glenelg (SA),Boothby,201,205
40301105726-BOO,40301105726,403011057,Glenelg (SA),Boothby,347,361
40301105727-BOO,40301105727,403011057,Glenelg (SA),Boothby,450,477
40301105728-BOO,40301105728,403011057,Glenelg (SA),Boothby,428,424
40301105729-BOO,40301105729,403011057,Glenelg (SA),Boothby,433,431
40301105730-BOO,40301105730,403011057,Glenelg (SA),Boothby,272,265
40301105731-BOO,40301105731,403011057,Glenelg (SA),Boothby,280,270
40301105732-BOO,40301105732,403011057,Glenelg (SA),Boothby,452,472
40301105733-BOO,40301105733,403011057,Glenelg (SA),Boothby,252,253
40301105734-BOO,40301105734,403011057,Glenelg (SA),Boothby,440,449
40301105735-BOO,40301105735,403011057,Glenelg (SA),Boothby,289,291
40301105736-BOO,40301105736,403011057,Glenelg (SA),Boothby,316,333
40301105737-BOO,40301105737,403011057,Glenelg (SA),Boothby,225,234
40301105738-BOO,40301105738,403011057,Glenelg (SA),Boothby,264,272
40301105739-BOO,40301105739,403011057,Glenelg (SA),Boothby,435,421
40301105740-BOO,40301105740,403011057,Glenelg (SA),Boothby,397,423
40301105741-BOO,40301105741,403011057,Glenelg (SA),Boothby,214,243
40301105742-BOO,40301105742,403011057,Glenelg (SA),Boothby,287,314
40301105743-BOO,40301105743,403011057,Glenelg (SA),Boothby,321,329
40301105744-BOO,40301105744,403011057,Glenelg (SA),Boothby,211,221
40301105745-BOO,40301105745,403011057,Glenelg (SA),Boothby,286,290
40301105746-BOO,40301105746,403011057,Glenelg (SA),Boothby,203,207
40301105747-BOO,40301105747,403011057,Glenelg (SA),Boothby,585,610
40301105748-BOO,40301105748,403011057,Glenelg (SA),Boothby,281,276
40301105749-BOO,40301105749,403011057,Glenelg (SA),Boothby,215,210
40302105801-BOO,40302105801,403021058,Edwardstown,Boothby,495,516
40302105802-BOO,40302105802,403021058,Edwardstown,Boothby,395,423
40302105803-BOO,40302105803,403021058,Edwardstown,Boothby,393,408
40302105804-BOO,40302105804,403021058,Edwardstown,Boothby,319,293
40302105805-BOO,40302105805,403021058,Edwardstown,Boothby,307,324
40302105806-BOO,40302105806,403021058,Edwardstown,Boothby,279,303
40302105807-BOO,40302105807,403021058,Edwardstown,Boothby,282,303
40302105808-BOO,40302105808,403021058,Edwardstown,Boothby,427,460
40302105809-BOO,40302105809,403021058,Edwardstown,Boothby,245,251
40302105810-BOO,40302105810,403021058,Edwardstown,Boothby,254,263
40302105811-BOO,40302105811,403021058,Edwardstown,Boothby,218,213
40302105812-BOO,40302105812,403021058,Edwardstown,Boothby,312,320
40302105813-BOO,40302105813,403021058,Edwardstown,Boothby,345,366
40302105814-BOO,40302105814,403021058,Edwardstown,Boothby,491,557
40302105815-BOO,40302105815,403021058,Edwardstown,Boothby,407,373
40302105816-BOO,40302105816,403021058,Edwardstown,Boothby,271,278
40302105817-BOO,40302105817,403021058,Edwardstown,Boothby,365,358
40302105818-BOO,40302105818,403021058,Edwardstown,Boothby,444,478
40302105819-BOO,40302105819,403021058,Edwardstown,Boothby,498,490
40302105820-BOO,40302105820,403021058,Edwardstown,Boothby,10,10
40302105821-BOO,40302105821,403021058,Edwardstown,Boothby,275,283
40302105822-BOO,40302105822,403021058,Edwardstown,Boothby,234,231
40302105823-BOO,40302105823,403021058,Edwardstown,Boothby,244,268
40302105824-BOO,40302105824,403021058,Edwardstown,Boothby,360,390
40302105825-BOO,40302105825,403021058,Edwardstown,Boothby,316,307
40302105826-BOO,40302105826,403021058,Edwardstown,Boothby,1,1
40302105827-BOO,40302105827,403021058,Edwardstown,Boothby,196,193
40302105828-BOO,40302105828,403021058,Edwardstown,Boothby,335,370
40302105829-BOO,40302105829,403021058,Edwardstown,Boothby,310,329
40302105830-BOO,40302105830,403021058,Edwardstown,Boothby,285,317
40302105831-BOO,40302105831,403021058,Edwardstown,Boothby,289,317
40302105832-BOO,40302105832,403021058,Edwardstown,Boothby,276,294
40302105833-BOO,40302105833,403021058,Edwardstown,Boothby,12,13
40302105901-KIN,40302105901,403021059,Hallett Cove,Kingston,377,375
40302105902-KIN,40302105902,403021059,Hallett Cove,Kingston,198,192
40302105903-KIN,40302105903,403021059,Hallett Cove,Kingston,328,315
40302105904-KIN,40302105904,403021059,Hallett Cove,Kingston,362,362
40302105905-KIN,40302105905,403021059,Hallett Cove,Kingston,367,361
40302105906-KIN,40302105906,403021059,Hallett Cove,Kingston,313,302
40302105907-KIN,40302105907,403021059,Hallett Cove,Kingston,248,240
40302105908-KIN,40302105908,403021059,Hallett Cove,Kingston,305,323
40302105909-KIN,40302105909,403021059,Hallett Cove,Kingston,732,730
40302105910-KIN,40302105910,403021059,Hallett Cove,Kingston,332,338
40302105911-KIN,40302105911,403021059,Hallett Cove,Kingston,0,0
40302105912-KIN,40302105912,403021059,Hallett Cove,Kingston,185,177
40302105913-KIN,40302105913,403021059,Hallett Cove,Kingston,269,251
40302105914-KIN,40302105914,403021059,Hallett Cove,Kingston,384,368
40302105915-KIN,40302105915,403021059,Hallett Cove,Kingston,324,318
40302105916-KIN,40302105916,403021059,Hallett Cove,Kingston,327,329
40302105917-KIN,40302105917,403021059,Hallett Cove,Kingston,143,147
40302105918-KIN,40302105918,403021059,Hallett Cove,Kingston,255,259
40302105919-KIN,40302105919,403021059,Hallett Cove,Kingston,351,331
40302105920-KIN,40302105920,403021059,Hallett Cove,Kingston,285,269
40302105921-KIN,40302105921,403021059,Hallett Cove,Kingston,363,375
40302105922-KIN,40302105922,403021059,Hallett Cove,Kingston,175,187
40302105923-BOO,40302105923,403021059,Hallett Cove,Boothby,59,60
40302105923-KIN,40302105923,403021059,Hallett Cove,Kingston,238,242
40302105924-KIN,40302105924,403021059,Hallett Cove,Kingston,149,149
40302105925-KIN,40302105925,403021059,Hallett Cove,Kingston,142,141
40302105926-KIN,40302105926,403021059,Hallett Cove,Kingston,233,233
40302105927-KIN,40302105927,403021059,Hallett Cove,Kingston,214,219
40302105928-KIN,40302105928,403021059,Hallett Cove,Kingston,346,348
40302105929-KIN,40302105929,403021059,Hallett Cove,Kingston,362,350
40302105930-KIN,40302105930,403021059,Hallett Cove,Kingston,351,331
40302105931-KIN,40302105931,403021059,Hallett Cove,Kingston,302,293
40302105932-KIN,40302105932,403021059,Hallett Cove,Kingston,0,0
40302105933-KIN,40302105933,403021059,Hallett Cove,Kingston,167,171
40302105934-KIN,40302105934,403021059,Hallett Cove,Kingston,224,223
40302106001-BOO,40302106001,403021060,Marino - Seaview Downs,Boothby,349,355
40302106002-BOO,40302106002,403021060,Marino - Seaview Downs,Boothby,316,322
40302106003-BOO,40302106003,403021060,Marino - Seaview Downs,Boothby,434,445
40302106004-BOO,40302106004,403021060,Marino - Seaview Downs,Boothby,371,360
40302106005-BOO,40302106005,403021060,Marino - Seaview Downs,Boothby,234,225
40302106006-BOO,40302106006,403021060,Marino - Seaview Downs,Boothby,308,287
40302106007-BOO,40302106007,403021060,Marino - Seaview Downs,Boothby,396,391
40302106008-BOO,40302106008,403021060,Marino - Seaview Downs,Boothby,357,354
40302106009-BOO,40302106009,403021060,Marino - Seaview Downs,Boothby,302,322
40302106010-BOO,40302106010,403021060,Marino - Seaview Downs,Boothby,199,202
40302106011-BOO,40302106011,403021060,Marino - Seaview Downs,Boothby,441,436
40302106012-BOO,40302106012,403021060,Marino - Seaview Downs,Boothby,459,454
40302106013-BOO,40302106013,403021060,Marino - Seaview Downs,Boothby,0,0
40302106014-BOO,40302106014,403021060,Marino - Seaview Downs,Boothby,395,374
40302106015-BOO,40302106015,403021060,Marino - Seaview Downs,Boothby,325,345
40302106016-BOO,40302106016,403021060,Marino - Seaview Downs,Boothby,306,313
40302106017-BOO,40302106017,403021060,Marino - Seaview Downs,Boothby,2,2
40302106018-BOO,40302106018,403021060,Marino - Seaview Downs,Boothby,399,418
40302106019-BOO,40302106019,403021060,Marino - Seaview Downs,Boothby,347,343
40302106020-BOO,40302106020,403021060,Marino - Seaview Downs,Boothby,471,497
40302106021-BOO,40302106021,403021060,Marino - Seaview Downs,Boothby,69,70
40302106022-BOO,40302106022,403021060,Marino - Seaview Downs,Boothby,249,267
40302106023-BOO,40302106023,403021060,Marino - Seaview Downs,Boothby,312,316
40302106024-BOO,40302106024,403021060,Marino - Seaview Downs,Boothby,0,0
40302106025-BOO,40302106025,403021060,Marino - Seaview Downs,Boothby,308,321
40302106101-BOO,40302106101,403021061,Mitchell Park,Boothby,241,230
40302106102-BOO,40302106102,403021061,Mitchell Park,Boothby,553,558
40302106103-BOO,40302106103,403021061,Mitchell Park,Boothby,224,230
40302106104-BOO,40302106104,403021061,Mitchell Park,Boothby,288,321
40302106105-BOO,40302106105,403021061,Mitchell Park,Boothby,484,462
40302106106-BOO,40302106106,403021061,Mitchell Park,Boothby,337,326
40302106107-BOO,40302106107,403021061,Mitchell Park,Boothby,248,241
40302106108-BOO,40302106108,403021061,Mitchell Park,Boothby,439,474
40302106109-BOO,40302106109,403021061,Mitchell Park,Boothby,412,392
40302106110-BOO,40302106110,403021061,Mitchell Park,Boothby,279,282
40302106111-BOO,40302106111,403021061,Mitchell Park,Boothby,371,404
40302106112-BOO,40302106112,403021061,Mitchell Park,Boothby,187,206
40302106113-BOO,40302106113,403021061,Mitchell Park,Boothby,398,412
40302106114-BOO,40302106114,403021061,Mitchell Park,Boothby,365,420
40302106115-BOO,40302106115,403021061,Mitchell Park,Boothby,224,214
40302106116-BOO,40302106116,403021061,Mitchell Park,Boothby,217,234
40302106117-BOO,40302106117,403021061,Mitchell Park,Boothby,370,405
40302106118-BOO,40302106118,403021061,Mitchell Park,Boothby,410,433
40302106119-BOO,40302106119,403021061,Mitchell Park,Boothby,414,425
40302106120-BOO,40302106120,403021061,Mitchell Park,Boothby,312,326
40302106121-BOO,40302106121,403021061,Mitchell Park,Boothby,283,275
40302106122-BOO,40302106122,403021061,Mitchell Park,Boothby,382,394
40302106123-BOO,40302106123,403021061,Mitchell Park,Boothby,270,274
40302106124-BOO,40302106124,403021061,Mitchell Park,Boothby,274,268
40302106125-BOO,40302106125,403021061,Mitchell Park,Boothby,273,277
40302106126-BOO,40302106126,403021061,Mitchell Park,Boothby,414,445
40302106127-BOO,40302106127,403021061,Mitchell Park,Boothby,279,298
40302106128-BOO,40302106128,403021061,Mitchell Park,Boothby,515,539
40302106129-BOO,40302106129,403021061,Mitchell Park,Boothby,418,456
40302106130-BOO,40302106130,403021061,Mitchell Park,Boothby,144,151
40302106131-BOO,40302106131,403021061,Mitchell Park,Boothby,217,229
40302106132-BOO,40302106132,403021061,Mitchell Park,Boothby,277,328
40302106133-BOO,40302106133,403021061,Mitchell Park,Boothby,354,361
40302106134-BOO,40302106134,403021061,Mitchell Park,Boothby,268,265
40302106135-BOO,40302106135,403021061,Mitchell Park,Boothby,291,306
40302106136-BOO,40302106136,403021061,Mitchell Park,Boothby,4,4
40302106137-BOO,40302106137,403021061,Mitchell Park,Boothby,0,0
40302106201-BOO,40302106201,403021062,Morphettville,Boothby,475,440
40302106202-BOO,40302106202,403021062,Morphettville,Boothby,285,309
40302106203-BOO,40302106203,403021062,Morphettville,Boothby,256,286
40302106204-BOO,40302106204,403021062,Morphettville,Boothby,253,283
40302106205-BOO,40302106205,403021062,Morphettville,Boothby,292,330
40302106206-BOO,40302106206,403021062,Morphettville,Boothby,192,190
40302106207-BOO,40302106207,403021062,Morphettville,Boothby,269,298
40302106208-BOO,40302106208,403021062,Morphettville,Boothby,301,326
40302106209-BOO,40302106209,403021062,Morphettville,Boothby,366,397
40302106210-BOO,40302106210,403021062,Morphettville,Boothby,249,270
40302106211-BOO,40302106211,403021062,Morphettville,Boothby,379,431
40302106212-BOO,40302106212,403021062,Morphettville,Boothby,289,307
40302106213-BOO,40302106213,403021062,Morphettville,Boothby,298,344
40302106214-BOO,40302106214,403021062,Morphettville,Boothby,477,475
40302106215-BOO,40302106215,403021062,Morphettville,Boothby,386,409
40302106216-BOO,40302106216,403021062,Morphettville,Boothby,259,258
40302106217-BOO,40302106217,403021062,Morphettville,Boothby,267,280
40302106218-BOO,40302106218,403021062,Morphettville,Boothby,251,268
40302106219-BOO,40302106219,403021062,Morphettville,Boothby,374,391
40302106220-BOO,40302106220,403021062,Morphettville,Boothby,211,232
40302106221-BOO,40302106221,403021062,Morphettville,Boothby,419,420
40302106222-BOO,40302106222,403021062,Morphettville,Boothby,436,487
40302106223-BOO,40302106223,403021062,Morphettville,Boothby,428,495
40302106224-BOO,40302106224,403021062,Morphettville,Boothby,253,265
40302106225-BOO,40302106225,403021062,Morphettville,Boothby,496,523
40302106226-BOO,40302106226,403021062,Morphettville,Boothby,546,604
40302106227-BOO,40302106227,403021062,Morphettville,Boothby,441,504
40302106228-BOO,40302106228,403021062,Morphettville,Boothby,432,511
40302106229-BOO,40302106229,403021062,Morphettville,Boothby,447,465
40302106230-BOO,40302106230,403021062,Morphettville,Boothby,237,266
40302106231-BOO,40302106231,403021062,Morphettville,Boothby,0,0
40302106232-BOO,40302106232,403021062,Morphettville,Boothby,262,290
40302106233-BOO,40302106233,403021062,Morphettville,Boothby,322,351
40302106234-BOO,40302106234,403021062,Morphettville,Boothby,212,225
40302106235-BOO,40302106235,403021062,Morphettville,Boothby,295,304
40302106236-BOO,40302106236,403021062,Morphettville,Boothby,416,420
40302106237-BOO,40302106237,403021062,Morphettville,Boothby,301,333
40302106301-KIN,40302106301,403021063,Sheidow Park - Trott Park,Kingston,240,242
40302106302-KIN,40302106302,403021063,Sheidow Park - Trott Park,Kingston,349,352
40302106303-KIN,40302106303,403021063,Sheidow Park - Trott Park,Kingston,340,345
40302106304-KIN,40302106304,403021063,Sheidow Park - Trott Park,Kingston,285,282
40302106305-KIN,40302106305,403021063,Sheidow Park - Trott Park,Kingston,237,243
40302106306-KIN,40302106306,403021063,Sheidow Park - Trott Park,Kingston,269,277
40302106307-KIN,40302106307,403021063,Sheidow Park - Trott Park,Kingston,488,512
40302106309-KIN,40302106309,403021063,Sheidow Park - Trott Park,Kingston,359,363
40302106310-KIN,40302106310,403021063,Sheidow Park - Trott Park,Kingston,322,354
40302106311-KIN,40302106311,403021063,Sheidow Park - Trott Park,Kingston,221,235
40302106312-KIN,40302106312,403021063,Sheidow Park - Trott Park,Kingston,214,215
40302106313-KIN,40302106313,403021063,Sheidow Park - Trott Park,Kingston,301,289
40302106314-KIN,40302106314,403021063,Sheidow Park - Trott Park,Kingston,0,0
40302106315-KIN,40302106315,403021063,Sheidow Park - Trott Park,Kingston,480,479
40302106316-KIN,40302106316,403021063,Sheidow Park - Trott Park,Kingston,224,244
40302106317-KIN,40302106317,403021063,Sheidow Park - Trott Park,Kingston,254,251
40302106318-KIN,40302106318,403021063,Sheidow Park - Trott Park,Kingston,190,182
40302106319-KIN,40302106319,403021063,Sheidow Park - Trott Park,Kingston,319,299
40302106320-KIN,40302106320,403021063,Sheidow Park - Trott Park,Kingston,363,357
40302106321-KIN,40302106321,403021063,Sheidow Park - Trott Park,Kingston,174,195
40302106322-KIN,40302106322,403021063,Sheidow Park - Trott Park,Kingston,191,194
40302106323-KIN,40302106323,403021063,Sheidow Park - Trott Park,Kingston,324,333
40302106324-KIN,40302106324,403021063,Sheidow Park - Trott Park,Kingston,231,243
40302106325-KIN,40302106325,403021063,Sheidow Park - Trott Park,Kingston,328,341
40302106326-KIN,40302106326,403021063,Sheidow Park - Trott Park,Kingston,306,318
40302106327-KIN,40302106327,403021063,Sheidow Park - Trott Park,Kingston,486,518
40302106401-BOO,40302106401,403021064,Warradale,Boothby,215,220
40302106402-BOO,40302106402,403021064,Warradale,Boothby,690,724
40302106403-BOO,40302106403,403021064,Warradale,Boothby,397,445
40302106404-BOO,40302106404,403021064,Warradale,Boothby,286,279
40302106405-BOO,40302106405,403021064,Warradale,Boothby,311,344
40302106406-BOO,40302106406,403021064,Warradale,Boothby,366,396
40302106407-BOO,40302106407,403021064,Warradale,Boothby,379,410
40302106408-BOO,40302106408,403021064,Warradale,Boothby,421,465
40302106409-BOO,40302106409,403021064,Warradale,Boothby,333,335
40302106410-BOO,40302106410,403021064,Warradale,Boothby,492,535
40302106411-BOO,40302106411,403021064,Warradale,Boothby,389,391
40302106412-BOO,40302106412,403021064,Warradale,Boothby,404,409
40302106413-BOO,40302106413,403021064,Warradale,Boothby,279,307
40302106414-BOO,40302106414,403021064,Warradale,Boothby,308,326
40302106415-BOO,40302106415,403021064,Warradale,Boothby,0,0
40302106416-BOO,40302106416,403021064,Warradale,Boothby,523,537
40302106417-BOO,40302106417,403021064,Warradale,Boothby,434,433
40302106418-BOO,40302106418,403021064,Warradale,Boothby,436,494
40302106419-BOO,40302106419,403021064,Warradale,Boothby,567,608
40302106420-BOO,40302106420,403021064,Warradale,Boothby,238,263
40302106421-BOO,40302106421,403021064,Warradale,Boothby,307,342
40302106422-BOO,40302106422,403021064,Warradale,Boothby,338,345
40302106423-BOO,40302106423,403021064,Warradale,Boothby,237,218
40302106424-BOO,40302106424,403021064,Warradale,Boothby,393,395
40302106425-BOO,40302106425,403021064,Warradale,Boothby,511,554
40302106426-BOO,40302106426,403021064,Warradale,Boothby,605,627
40302106427-BOO,40302106427,403021064,Warradale,Boothby,462,492
40302106428-BOO,40302106428,403021064,Warradale,Boothby,553,609
40302106429-BOO,40302106429,403021064,Warradale,Boothby,162,170
40302106430-BOO,40302106430,403021064,Warradale,Boothby,585,630
40302106431-BOO,40302106431,403021064,Warradale,Boothby,0,0
40302106432-BOO,40302106432,403021064,Warradale,Boothby,0,0
40302106433-BOO,40302106433,403021064,Warradale,Boothby,363,430
40303106501-BOO,40303106501,403031065,Belair,Boothby,140,139
40303106502-BOO,40303106502,403031065,Belair,Boothby,337,329
40303106503-BOO,40303106503,403031065,Belair,Boothby,391,380
40303106504-BOO,40303106504,403031065,Belair,Boothby,303,309
40303106505-BOO,40303106505,403031065,Belair,Boothby,346,345
40303106506-BOO,40303106506,403031065,Belair,Boothby,309,305
40303106507-BOO,40303106507,403031065,Belair,Boothby,403,392
40303106508-BOO,40303106508,403031065,Belair,Boothby,204,195
40303106509-BOO,40303106509,403031065,Belair,Boothby,300,298
40303106510-BOO,40303106510,403031065,Belair,Boothby,247,232
40303106511-BOO,40303106511,403031065,Belair,Boothby,415,403
40303106512-BOO,40303106512,403031065,Belair,Boothby,242,237
40303106513-BOO,40303106513,403031065,Belair,Boothby,14,14
40303106601-BOO,40303106601,403031066,Bellevue Heights,Boothby,241,257
40303106602-BOO,40303106602,403031066,Bellevue Heights,Boothby,235,267
40303106603-BOO,40303106603,403031066,Bellevue Heights,Boothby,207,227
40303106604-BOO,40303106604,403031066,Bellevue Heights,Boothby,146,161
40303106605-BOO,40303106605,403031066,Bellevue Heights,Boothby,379,393
40303106606-BOO,40303106606,403031066,Bellevue Heights,Boothby,334,348
40303106607-BOO,40303106607,403031066,Bellevue Heights,Boothby,225,235
40303106608-BOO,40303106608,403031066,Bellevue Heights,Boothby,297,346
40303106609-BOO,40303106609,403031066,Bellevue Heights,Boothby,263,298
40303106610-BOO,40303106610,403031066,Bellevue Heights,Boothby,317,326
40303106611-BOO,40303106611,403031066,Bellevue Heights,Boothby,245,288
40303106612-BOO,40303106612,403031066,Bellevue Heights,Boothby,323,355
40303106613-BOO,40303106613,403031066,Bellevue Heights,Boothby,293,326
40303106614-BOO,40303106614,403031066,Bellevue Heights,Boothby,328,354
40303106615-BOO,40303106615,403031066,Bellevue Heights,Boothby,336,363
40303106616-BOO,40303106616,403031066,Bellevue Heights,Boothby,239,255
40303106617-BOO,40303106617,403031066,Bellevue Heights,Boothby,299,329
40303106618-BOO,40303106618,403031066,Bellevue Heights,Boothby,194,216
40303106619-BOO,40303106619,403031066,Bellevue Heights,Boothby,0,0
40303106620-BOO,40303106620,403031066,Bellevue Heights,Boothby,398,431
40303106701-BOO,40303106701,403031067,Blackwood,Boothby,324,351
40303106702-BOO,40303106702,403031067,Blackwood,Boothby,437,449
40303106703-MAY,40303106703,403031067,Blackwood,Mayo,216,241
40303106704-BOO,40303106704,403031067,Blackwood,Boothby,293,321
40303106705-BOO,40303106705,403031067,Blackwood,Boothby,346,365
40303106706-BOO,40303106706,403031067,Blackwood,Boothby,373,403
40303106706-MAY,40303106706,403031067,Blackwood,Mayo,0,0
40303106707-BOO,40303106707,403031067,Blackwood,Boothby,280,291
40303106708-BOO,40303106708,403031067,Blackwood,Boothby,398,438
40303106709-MAY,40303106709,403031067,Blackwood,Mayo,334,382
40303106710-MAY,40303106710,403031067,Blackwood,Mayo,481,482
40303106711-BOO,40303106711,403031067,Blackwood,Boothby,411,424
40303106712-BOO,40303106712,403031067,Blackwood,Boothby,357,360
40303106713-MAY,40303106713,403031067,Blackwood,Mayo,430,460
40303106714-MAY,40303106714,403031067,Blackwood,Mayo,556,581
40303106715-MAY,40303106715,403031067,Blackwood,Mayo,1224,1454
40303106716-BOO,40303106716,403031067,Blackwood,Boothby,533,536
40303106717-BOO,40303106717,403031067,Blackwood,Boothby,384,415
40303106718-BOO,40303106718,403031067,Blackwood,Boothby,396,401
40303106719-BOO,40303106719,403031067,Blackwood,Boothby,398,458
40303106720-MAY,40303106720,403031067,Blackwood,Mayo,288,326
40303106721-MAY,40303106721,403031067,Blackwood,Mayo,414,444
40303106722-MAY,40303106722,403031067,Blackwood,Mayo,530,599
40303106723-MAY,40303106723,403031067,Blackwood,Mayo,218,233
40303106724-MAY,40303106724,403031067,Blackwood,Mayo,599,658
40303106725-MAY,40303106725,403031067,Blackwood,Mayo,0,0
40303106801-BOO,40303106801,403031068,Colonel Light Gardens,Boothby,276,279
40303106802-BOO,40303106802,403031068,Colonel Light Gardens,Boothby,186,189
40303106803-BOO,40303106803,403031068,Colonel Light Gardens,Boothby,446,462
40303106804-BOO,40303106804,403031068,Colonel Light Gardens,Boothby,403,382
40303106805-BOO,40303106805,403031068,Colonel Light Gardens,Boothby,237,244
40303106806-BOO,40303106806,403031068,Colonel Light Gardens,Boothby,11,11
40303106807-BOO,40303106807,403031068,Colonel Light Gardens,Boothby,253,269
40303106808-BOO,40303106808,403031068,Colonel Light Gardens,Boothby,169,184
40303106809-BOO,40303106809,403031068,Colonel Light Gardens,Boothby,288,283
40303106810-BOO,40303106810,403031068,Colonel Light Gardens,Boothby,471,490
40303106811-BOO,40303106811,403031068,Colonel Light Gardens,Boothby,423,407
40303106812-BOO,40303106812,403031068,Colonel Light Gardens,Boothby,296,299
40303106813-BOO,40303106813,403031068,Colonel Light Gardens,Boothby,479,462
40303106814-BOO,40303106814,403031068,Colonel Light Gardens,Boothby,318,344
40303106815-BOO,40303106815,403031068,Colonel Light Gardens,Boothby,307,310
40303106816-BOO,40303106816,403031068,Colonel Light Gardens,Boothby,229,228
40303106817-BOO,40303106817,403031068,Colonel Light Gardens,Boothby,330,325
40303106818-BOO,40303106818,403031068,Colonel Light Gardens,Boothby,437,428
40303106819-BOO,40303106819,403031068,Colonel Light Gardens,Boothby,274,261
40303106820-BOO,40303106820,403031068,Colonel Light Gardens,Boothby,285,296
40303106821-BOO,40303106821,403031068,Colonel Light Gardens,Boothby,319,331
40303106822-BOO,40303106822,403031068,Colonel Light Gardens,Boothby,353,348
40303106823-BOO,40303106823,403031068,Colonel Light Gardens,Boothby,259,269
40303106824-BOO,40303106824,403031068,Colonel Light Gardens,Boothby,437,415
40303106825-BOO,40303106825,403031068,Colonel Light Gardens,Boothby,373,366
40303106826-BOO,40303106826,403031068,Colonel Light Gardens,Boothby,307,306
40303106827-BOO,40303106827,403031068,Colonel Light Gardens,Boothby,420,433
40303106828-BOO,40303106828,403031068,Colonel Light Gardens,Boothby,385,389
40303106829-BOO,40303106829,403031068,Colonel Light Gardens,Boothby,392,409
40303106830-BOO,40303106830,403031068,Colonel Light Gardens,Boothby,546,548
40303106831-BOO,40303106831,403031068,Colonel Light Gardens,Boothby,371,389
40303106832-BOO,40303106832,403031068,Colonel Light Gardens,Boothby,252,260
40303106833-BOO,40303106833,403031068,Colonel Light Gardens,Boothby,283,268
40303106834-BOO,40303106834,403031068,Colonel Light Gardens,Boothby,332,315
40303106835-BOO,40303106835,403031068,Colonel Light Gardens,Boothby,289,263
40303106901-BOO,40303106901,403031069,Mitcham (SA),Boothby,177,170
40303106902-BOO,40303106902,403031069,Mitcham (SA),Boothby,281,285
40303106903-BOO,40303106903,403031069,Mitcham (SA),Boothby,278,271
40303106904-BOO,40303106904,403031069,Mitcham (SA),Boothby,366,372
40303106905-BOO,40303106905,403031069,Mitcham (SA),Boothby,167,170
40303106906-BOO,40303106906,403031069,Mitcham (SA),Boothby,399,409
40303106907-BOO,40303106907,403031069,Mitcham (SA),Boothby,366,375
40303106908-BOO,40303106908,403031069,Mitcham (SA),Boothby,265,280
40303106909-BOO,40303106909,403031069,Mitcham (SA),Boothby,279,285
40303106910-BOO,40303106910,403031069,Mitcham (SA),Boothby,412,401
40303106911-BOO,40303106911,403031069,Mitcham (SA),Boothby,314,342
40303106912-BOO,40303106912,403031069,Mitcham (SA),Boothby,370,383
40303106913-BOO,40303106913,403031069,Mitcham (SA),Boothby,213,212
40303106914-BOO,40303106914,403031069,Mitcham (SA),Boothby,409,407
40303106915-BOO,40303106915,403031069,Mitcham (SA),Boothby,301,300
40303106916-BOO,40303106916,403031069,Mitcham (SA),Boothby,230,224
40303106917-BOO,40303106917,403031069,Mitcham (SA),Boothby,378,374
40303106918-BOO,40303106918,403031069,Mitcham (SA),Boothby,421,432
40303106919-BOO,40303106919,403031069,Mitcham (SA),Boothby,428,448
40303106920-BOO,40303106920,403031069,Mitcham (SA),Boothby,250,260
40303106921-BOO,40303106921,403031069,Mitcham (SA),Boothby,293,303
40303106922-BOO,40303106922,403031069,Mitcham (SA),Boothby,427,424
40303106923-BOO,40303106923,403031069,Mitcham (SA),Boothby,463,511
40303106924-BOO,40303106924,403031069,Mitcham (SA),Boothby,215,233
40303106925-BOO,40303106925,403031069,Mitcham (SA),Boothby,463,438
40303106926-BOO,40303106926,403031069,Mitcham (SA),Boothby,323,324
40303106927-BOO,40303106927,403031069,Mitcham (SA),Boothby,366,415
40303106928-BOO,40303106928,403031069,Mitcham (SA),Boothby,236,248
40303106929-BOO,40303106929,403031069,Mitcham (SA),Boothby,443,476
40303106930-BOO,40303106930,403031069,Mitcham (SA),Boothby,267,273
40303106931-BOO,40303106931,403031069,Mitcham (SA),Boothby,460,479
40303106932-BOO,40303106932,403031069,Mitcham (SA),Boothby,5,5
40303106933-BOO,40303106933,403031069,Mitcham (SA),Boothby,187,203
40303106934-BOO,40303106934,403031069,Mitcham (SA),Boothby,290,297
40303106935-BOO,40303106935,403031069,Mitcham (SA),Boothby,260,254
40303106936-BOO,40303106936,403031069,Mitcham (SA),Boothby,288,280
40303106937-BOO,40303106937,403031069,Mitcham (SA),Boothby,435,430
40303106938-BOO,40303106938,403031069,Mitcham (SA),Boothby,298,320
40303106939-BOO,40303106939,403031069,Mitcham (SA),Boothby,276,281
40303107001-BOO,40303107001,403031070,Panorama,Boothby,362,371
40303107002-BOO,40303107002,403031070,Panorama,Boothby,278,284
40303107003-BOO,40303107003,403031070,Panorama,Boothby,325,324
40303107004-BOO,40303107004,403031070,Panorama,Boothby,306,340
40303107005-BOO,40303107005,403031070,Panorama,Boothby,303,323
40303107006-BOO,40303107006,403031070,Panorama,Boothby,365,371
40303107007-BOO,40303107007,403031070,Panorama,Boothby,408,430
40303107008-BOO,40303107008,403031070,Panorama,Boothby,232,250
40303107009-BOO,40303107009,403031070,Panorama,Boothby,454,454
40303107010-BOO,40303107010,403031070,Panorama,Boothby,466,474
40303107011-BOO,40303107011,403031070,Panorama,Boothby,315,312
40303107012-BOO,40303107012,403031070,Panorama,Boothby,401,410
40303107013-BOO,40303107013,403031070,Panorama,Boothby,227,229
40303107014-BOO,40303107014,403031070,Panorama,Boothby,355,399
40303107015-BOO,40303107015,403031070,Panorama,Boothby,350,357
40303107016-BOO,40303107016,403031070,Panorama,Boothby,177,179
40303107017-BOO,40303107017,403031070,Panorama,Boothby,215,268
40303107018-BOO,40303107018,403031070,Panorama,Boothby,259,289
40303107019-BOO,40303107019,403031070,Panorama,Boothby,385,384
40304107101-KIN,40304107101,403041071,Aberfoyle Park,Kingston,251,245
40304107102-KIN,40304107102,403041071,Aberfoyle Park,Kingston,368,360
40304107103-KIN,40304107103,403041071,Aberfoyle Park,Kingston,285,308
40304107104-KIN,40304107104,403041071,Aberfoyle Park,Kingston,253,254
40304107105-KIN,40304107105,403041071,Aberfoyle Park,Kingston,410,397
40304107106-KIN,40304107106,403041071,Aberfoyle Park,Kingston,304,308
40304107107-KIN,40304107107,403041071,Aberfoyle Park,Kingston,311,316
40304107108-KIN,40304107108,403041071,Aberfoyle Park,Kingston,300,307
40304107109-KIN,40304107109,403041071,Aberfoyle Park,Kingston,344,338
40304107110-KIN,40304107110,403041071,Aberfoyle Park,Kingston,412,406
40304107111-KIN,40304107111,403041071,Aberfoyle Park,Kingston,122,131
40304107111-MAY,40304107111,403041071,Aberfoyle Park,Mayo,85,91
40304107112-KIN,40304107112,403041071,Aberfoyle Park,Kingston,329,335
40304107113-KIN,40304107113,403041071,Aberfoyle Park,Kingston,300,293
40304107114-KIN,40304107114,403041071,Aberfoyle Park,Kingston,339,329
40304107115-KIN,40304107115,403041071,Aberfoyle Park,Kingston,406,394
40304107116-KIN,40304107116,403041071,Aberfoyle Park,Kingston,326,313
40304107117-KIN,40304107117,403041071,Aberfoyle Park,Kingston,220,237
40304107118-KIN,40304107118,403041071,Aberfoyle Park,Kingston,262,268
40304107119-KIN,40304107119,403041071,Aberfoyle Park,Kingston,297,306
40304107120-KIN,40304107120,403041071,Aberfoyle Park,Kingston,349,366
40304107121-KIN,40304107121,403041071,Aberfoyle Park,Kingston,288,272
40304107122-KIN,40304107122,403041071,Aberfoyle Park,Kingston,401,384
40304107123-KIN,40304107123,403041071,Aberfoyle Park,Kingston,434,422
40304107124-KIN,40304107124,403041071,Aberfoyle Park,Kingston,311,319
40304107125-KIN,40304107125,403041071,Aberfoyle Park,Kingston,139,132
40304107126-KIN,40304107126,403041071,Aberfoyle Park,Kingston,290,268
40304107127-KIN,40304107127,403041071,Aberfoyle Park,Kingston,138,150
40304107128-KIN,40304107128,403041071,Aberfoyle Park,Kingston,318,322
40304107129-KIN,40304107129,403041071,Aberfoyle Park,Kingston,135,149
40304107130-KIN,40304107130,403041071,Aberfoyle Park,Kingston,54,52
40304107131-KIN,40304107131,403041071,Aberfoyle Park,Kingston,266,270
40304107201-MAY,40304107201,403041072,Aldinga,Mayo,541,556
40304107202-MAY,40304107202,403041072,Aldinga,Mayo,442,499
40304107209-MAY,40304107209,403041072,Aldinga,Mayo,410,467
40304107210-MAY,40304107210,403041072,Aldinga,Mayo,578,600
40304107211-MAY,40304107211,403041072,Aldinga,Mayo,317,319
40304107212-MAY,40304107212,403041072,Aldinga,Mayo,258,282
40304107213-MAY,40304107213,403041072,Aldinga,Mayo,373,423
40304107214-MAY,40304107214,403041072,Aldinga,Mayo,577,599
40304107215-MAY,40304107215,403041072,Aldinga,Mayo,487,498
40304107216-MAY,40304107216,403041072,Aldinga,Mayo,263,275
40304107217-MAY,40304107217,403041072,Aldinga,Mayo,340,348
40304107218-MAY,40304107218,403041072,Aldinga,Mayo,254,266
40304107219-MAY,40304107219,403041072,Aldinga,Mayo,397,428
40304107220-MAY,40304107220,403041072,Aldinga,Mayo,560,574
40304107221-MAY,40304107221,403041072,Aldinga,Mayo,435,490
40304107222-MAY,40304107222,403041072,Aldinga,Mayo,350,322
40304107223-MAY,40304107223,403041072,Aldinga,Mayo,206,213
40304107224-MAY,40304107224,403041072,Aldinga,Mayo,396,446
40304107225-MAY,40304107225,403041072,Aldinga,Mayo,215,230
40304107226-MAY,40304107226,403041072,Aldinga,Mayo,154,165
40304107227-MAY,40304107227,403041072,Aldinga,Mayo,352,369
40304107228-MAY,40304107228,403041072,Aldinga,Mayo,374,417
40304107229-MAY,40304107229,403041072,Aldinga,Mayo,195,196
40304107230-MAY,40304107230,403041072,Aldinga,Mayo,334,351
40304107231-MAY,40304107231,403041072,Aldinga,Mayo,365,371
40304107232-MAY,40304107232,403041072,Aldinga,Mayo,335,335
40304107233-MAY,40304107233,403041072,Aldinga,Mayo,284,302
40304107234-MAY,40304107234,403041072,Aldinga,Mayo,237,277
40304107235-MAY,40304107235,403041072,Aldinga,Mayo,416,429
40304107236-MAY,40304107236,403041072,Aldinga,Mayo,412,434
40304107237-MAY,40304107237,403041072,Aldinga,Mayo,266,296
40304107238-MAY,40304107238,403041072,Aldinga,Mayo,271,291
40304107239-MAY,40304107239,403041072,Aldinga,Mayo,342,354
40304107240-MAY,40304107240,403041072,Aldinga,Mayo,468,530
40304107301-KIN,40304107301,403041073,Christie Downs,Kingston,382,385
40304107302-KIN,40304107302,403041073,Christie Downs,Kingston,244,252
40304107303-KIN,40304107303,403041073,Christie Downs,Kingston,262,271
40304107304-KIN,40304107304,403041073,Christie Downs,Kingston,318,307
40304107305-KIN,40304107305,403041073,Christie Downs,Kingston,423,475
40304107306-KIN,40304107306,403041073,Christie Downs,Kingston,265,255
40304107307-KIN,40304107307,403041073,Christie Downs,Kingston,217,234
40304107308-KIN,40304107308,403041073,Christie Downs,Kingston,263,290
40304107309-KIN,40304107309,403041073,Christie Downs,Kingston,351,398
40304107310-KIN,40304107310,403041073,Christie Downs,Kingston,521,536
40304107311-KIN,40304107311,403041073,Christie Downs,Kingston,229,234
40304107312-KIN,40304107312,403041073,Christie Downs,Kingston,2,2
40304107313-KIN,40304107313,403041073,Christie Downs,Kingston,292,298
40304107314-KIN,40304107314,403041073,Christie Downs,Kingston,222,244
40304107316-KIN,40304107316,403041073,Christie Downs,Kingston,290,285
40304107317-KIN,40304107317,403041073,Christie Downs,Kingston,453,433
40304107318-KIN,40304107318,403041073,Christie Downs,Kingston,300,318
40304107319-KIN,40304107319,403041073,Christie Downs,Kingston,416,412
40304107320-KIN,40304107320,403041073,Christie Downs,Kingston,418,436
40304107321-KIN,40304107321,403041073,Christie Downs,Kingston,146,147
40304107322-KIN,40304107322,403041073,Christie Downs,Kingston,0,0
40304107323-KIN,40304107323,403041073,Christie Downs,Kingston,235,241
40304107324-KIN,40304107324,403041073,Christie Downs,Kingston,418,427
40304107325-KIN,40304107325,403041073,Christie Downs,Kingston,517,523
40304107401-KIN,40304107401,403041074,Christies Beach,Kingston,0,0
40304107402-KIN,40304107402,403041074,Christies Beach,Kingston,323,363
40304107403-KIN,40304107403,403041074,Christies Beach,Kingston,355,395
40304107404-KIN,40304107404,403041074,Christies Beach,Kingston,329,351
40304107405-KIN,40304107405,403041074,Christies Beach,Kingston,390,412
40304107406-KIN,40304107406,403041074,Christies Beach,Kingston,298,327
40304107407-KIN,40304107407,403041074,Christies Beach,Kingston,276,305
40304107408-KIN,40304107408,403041074,Christies Beach,Kingston,357,399
40304107409-KIN,40304107409,403041074,Christies Beach,Kingston,408,416
40304107410-KIN,40304107410,403041074,Christies Beach,Kingston,373,399
40304107411-KIN,40304107411,403041074,Christies Beach,Kingston,291,312
40304107412-KIN,40304107412,403041074,Christies Beach,Kingston,1,1
40304107413-KIN,40304107413,403041074,Christies Beach,Kingston,345,356
40304107414-KIN,40304107414,403041074,Christies Beach,Kingston,382,390
40304107415-KIN,40304107415,403041074,Christies Beach,Kingston,398,411
40304107416-KIN,40304107416,403041074,Christies Beach,Kingston,269,297
40304107417-KIN,40304107417,403041074,Christies Beach,Kingston,289,288
40304107418-KIN,40304107418,403041074,Christies Beach,Kingston,305,320
40304107419-KIN,40304107419,403041074,Christies Beach,Kingston,259,278
40304107420-KIN,40304107420,403041074,Christies Beach,Kingston,309,322
40304107421-KIN,40304107421,403041074,Christies Beach,Kingston,321,355
40304107422-KIN,40304107422,403041074,Christies Beach,Kingston,376,414
40304107423-KIN,40304107423,403041074,Christies Beach,Kingston,343,363
40304107424-KIN,40304107424,403041074,Christies Beach,Kingston,465,486
40304107425-KIN,40304107425,403041074,Christies Beach,Kingston,380,375
40304107426-KIN,40304107426,403041074,Christies Beach,Kingston,502,495
40304107427-KIN,40304107427,403041074,Christies Beach,Kingston,354,373
40304107501-MAY,40304107501,403041075,Clarendon,Mayo,261,294
40304107502-MAY,40304107502,403041075,Clarendon,Mayo,261,290
40304107503-MAY,40304107503,403041075,Clarendon,Mayo,156,167
40304107504-MAY,40304107504,403041075,Clarendon,Mayo,397,386
40304107505-MAY,40304107505,403041075,Clarendon,Mayo,187,190
40304107506-KIN,40304107506,403041075,Clarendon,Kingston,0,0
40304107506-MAY,40304107506,403041075,Clarendon,Mayo,327,341
40304107507-MAY,40304107507,403041075,Clarendon,Mayo,225,229
40304107508-MAY,40304107508,403041075,Clarendon,Mayo,452,482
40304107601-MAY,40304107601,403041076,Coromandel Valley,Mayo,444,426
40304107602-MAY,40304107602,403041076,Coromandel Valley,Mayo,297,288
40304107603-MAY,40304107603,403041076,Coromandel Valley,Mayo,256,245
40304107604-MAY,40304107604,403041076,Coromandel Valley,Mayo,449,446
40304107605-MAY,40304107605,403041076,Coromandel Valley,Mayo,454,477
40304107606-MAY,40304107606,403041076,Coromandel Valley,Mayo,291,295
40304107607-MAY,40304107607,403041076,Coromandel Valley,Mayo,260,255
40304107608-KIN,40304107608,403041076,Coromandel Valley,Kingston,44,45
40304107608-MAY,40304107608,403041076,Coromandel Valley,Mayo,220,226
40304107609-KIN,40304107609,403041076,Coromandel Valley,Kingston,30,30
40304107609-MAY,40304107609,403041076,Coromandel Valley,Mayo,276,276
40304107610-MAY,40304107610,403041076,Coromandel Valley,Mayo,280,288
40304107701-KIN,40304107701,403041077,Flagstaff Hill,Kingston,257,268
40304107702-KIN,40304107702,403041077,Flagstaff Hill,Kingston,485,510
40304107703-KIN,40304107703,403041077,Flagstaff Hill,Kingston,435,452
40304107704-KIN,40304107704,403041077,Flagstaff Hill,Kingston,238,240
40304107705-KIN,40304107705,403041077,Flagstaff Hill,Kingston,357,400
40304107706-KIN,40304107706,403041077,Flagstaff Hill,Kingston,268,284
40304107707-KIN,40304107707,403041077,Flagstaff Hill,Kingston,274,296
40304107708-KIN,40304107708,403041077,Flagstaff Hill,Kingston,273,278
40304107709-KIN,40304107709,403041077,Flagstaff Hill,Kingston,321,325
40304107710-KIN,40304107710,403041077,Flagstaff Hill,Kingston,473,488
40304107711-KIN,40304107711,403041077,Flagstaff Hill,Kingston,398,417
40304107712-KIN,40304107712,403041077,Flagstaff Hill,Kingston,113,118
40304107713-KIN,40304107713,403041077,Flagstaff Hill,Kingston,500,524
40304107714-KIN,40304107714,403041077,Flagstaff Hill,Kingston,203,233
40304107715-KIN,40304107715,403041077,Flagstaff Hill,Kingston,243,247
40304107716-KIN,40304107716,403041077,Flagstaff Hill,Kingston,343,363
40304107717-KIN,40304107717,403041077,Flagstaff Hill,Kingston,181,192
40304107718-KIN,40304107718,403041077,Flagstaff Hill,Kingston,393,405
40304107719-KIN,40304107719,403041077,Flagstaff Hill,Kingston,433,440
40304107720-KIN,40304107720,403041077,Flagstaff Hill,Kingston,458,444
40304107721-KIN,40304107721,403041077,Flagstaff Hill,Kingston,383,383
40304107722-KIN,40304107722,403041077,Flagstaff Hill,Kingston,210,213
40304107723-KIN,40304107723,403041077,Flagstaff Hill,Kingston,270,275
40304107724-KIN,40304107724,403041077,Flagstaff Hill,Kingston,0,0
40304107725-KIN,40304107725,403041077,Flagstaff Hill,Kingston,2,2
40304107726-KIN,40304107726,403041077,Flagstaff Hill,Kingston,423,430
40304107727-KIN,40304107727,403041077,Flagstaff Hill,Kingston,234,262
40304107801-KIN,40304107801,403041078,Hackham - Onkaparinga Hills,Kingston,185,202
40304107802-KIN,40304107802,403041078,Hackham - Onkaparinga Hills,Kingston,187,209
40304107803-KIN,40304107803,403041078,Hackham - Onkaparinga Hills,Kingston,439,493
40304107804-KIN,40304107804,403041078,Hackham - Onkaparinga Hills,Kingston,390,448
40304107805-KIN,40304107805,403041078,Hackham - Onkaparinga Hills,Kingston,354,369
40304107806-KIN,40304107806,403041078,Hackham - Onkaparinga Hills,Kingston,370,410
40304107807-KIN,40304107807,403041078,Hackham - Onkaparinga Hills,Kingston,198,217
40304107808-KIN,40304107808,403041078,Hackham - Onkaparinga Hills,Kingston,259,302
40304107809-KIN,40304107809,403041078,Hackham - Onkaparinga Hills,Kingston,404,451
40304107810-KIN,40304107810,403041078,Hackham - Onkaparinga Hills,Kingston,438,446
40304107811-KIN,40304107811,403041078,Hackham - Onkaparinga Hills,Kingston,212,227
40304107812-KIN,40304107812,403041078,Hackham - Onkaparinga Hills,Kingston,314,350
40304107813-KIN,40304107813,403041078,Hackham - Onkaparinga Hills,Kingston,282,308
40304107814-KIN,40304107814,403041078,Hackham - Onkaparinga Hills,Kingston,381,412
40304107815-KIN,40304107815,403041078,Hackham - Onkaparinga Hills,Kingston,177,194
40304107816-KIN,40304107816,403041078,Hackham - Onkaparinga Hills,Kingston,0,0
40304107817-KIN,40304107817,403041078,Hackham - Onkaparinga Hills,Kingston,745,790
40304107818-KIN,40304107818,403041078,Hackham - Onkaparinga Hills,Kingston,205,230
40304107901-KIN,40304107901,403041079,Hackham West - Huntfield Heights,Kingston,163,160
40304107902-KIN,40304107902,403041079,Hackham West - Huntfield Heights,Kingston,355,386
40304107903-KIN,40304107903,403041079,Hackham West - Huntfield Heights,Kingston,278,296
40304107904-KIN,40304107904,403041079,Hackham West - Huntfield Heights,Kingston,337,350
40304107905-KIN,40304107905,403041079,Hackham West - Huntfield Heights,Kingston,325,322
40304107906-KIN,40304107906,403041079,Hackham West - Huntfield Heights,Kingston,351,368
40304107907-KIN,40304107907,403041079,Hackham West - Huntfield Heights,Kingston,211,236
40304107908-KIN,40304107908,403041079,Hackham West - Huntfield Heights,Kingston,204,216
40304107909-KIN,40304107909,403041079,Hackham West - Huntfield Heights,Kingston,392,421
40304107910-KIN,40304107910,403041079,Hackham West - Huntfield Heights,Kingston,225,241
40304107911-KIN,40304107911,403041079,Hackham West - Huntfield Heights,Kingston,375,424
40304107912-KIN,40304107912,403041079,Hackham West - Huntfield Heights,Kingston,355,397
40304107913-KIN,40304107913,403041079,Hackham West - Huntfield Heights,Kingston,230,249
40304107914-KIN,40304107914,403041079,Hackham West - Huntfield Heights,Kingston,214,237
40304107915-KIN,40304107915,403041079,Hackham West - Huntfield Heights,Kingston,418,454
40304107916-KIN,40304107916,403041079,Hackham West - Huntfield Heights,Kingston,378,401
40304107917-KIN,40304107917,403041079,Hackham West - Huntfield Heights,Kingston,410,447
40304107918-KIN,40304107918,403041079,Hackham West - Huntfield Heights,Kingston,530,561
40304107919-KIN,40304107919,403041079,Hackham West - Huntfield Heights,Kingston,213,220
40304108001-KIN,40304108001,403041080,Happy Valley,Kingston,323,329
40304108002-MAY,40304108002,403041080,Happy Valley,Mayo,92,90
40304108003-KIN,40304108003,403041080,Happy Valley,Kingston,261,268
40304108004-KIN,40304108004,403041080,Happy Valley,Kingston,486,519
40304108005-KIN,40304108005,403041080,Happy Valley,Kingston,319,332
40304108006-KIN,40304108006,403041080,Happy Valley,Kingston,364,377
40304108007-KIN,40304108007,403041080,Happy Valley,Kingston,340,344
40304108008-KIN,40304108008,403041080,Happy Valley,Kingston,207,223
40304108009-KIN,40304108009,403041080,Happy Valley,Kingston,430,436
40304108010-KIN,40304108010,403041080,Happy Valley,Kingston,230,241
40304108011-KIN,40304108011,403041080,Happy Valley,Kingston,243,264
40304108012-KIN,40304108012,403041080,Happy Valley,Kingston,344,361
40304108013-KIN,40304108013,403041080,Happy Valley,Kingston,356,358
40304108014-KIN,40304108014,403041080,Happy Valley,Kingston,303,328
40304108015-KIN,40304108015,403041080,Happy Valley,Kingston,264,274
40304108016-KIN,40304108016,403041080,Happy Valley,Kingston,366,372
40304108017-KIN,40304108017,403041080,Happy Valley,Kingston,263,265
40304108018-KIN,40304108018,403041080,Happy Valley,Kingston,216,225
40304108019-KIN,40304108019,403041080,Happy Valley,Kingston,358,388
40304108020-KIN,40304108020,403041080,Happy Valley,Kingston,496,542
40304108021-KIN,40304108021,403041080,Happy Valley,Kingston,400,396
40304108022-KIN,40304108022,403041080,Happy Valley,Kingston,511,518
40304108023-KIN,40304108023,403041080,Happy Valley,Kingston,303,316
40304108024-KIN,40304108024,403041080,Happy Valley,Kingston,442,480
40304108025-KIN,40304108025,403041080,Happy Valley,Kingston,449,470
40304108026-KIN,40304108026,403041080,Happy Valley,Kingston,285,289
40304108027-KIN,40304108027,403041080,Happy Valley,Kingston,164,168
40304108028-KIN,40304108028,403041080,Happy Valley,Kingston,352,412
40304108029-KIN,40304108029,403041080,Happy Valley,Kingston,476,506
40304108030-KIN,40304108030,403041080,Happy Valley,Kingston,288,299
40304108031-KIN,40304108031,403041080,Happy Valley,Kingston,169,184
40304108032-KIN,40304108032,403041080,Happy Valley,Kingston,228,237
40304108033-KIN,40304108033,403041080,Happy Valley,Kingston,384,396
40304108101-KIN,40304108101,403041081,Happy Valley Reservoir,Kingston,0,0
40304108201-KIN,40304108201,403041082,Lonsdale,Kingston,39,39
40304108301-MAY,40304108301,403041083,McLaren Vale,Mayo,249,315
40304108302-MAY,40304108302,403041083,McLaren Vale,Mayo,437,491
40304108303-MAY,40304108303,403041083,McLaren Vale,Mayo,299,333
40304108304-MAY,40304108304,403041083,McLaren Vale,Mayo,385,432
40304108305-MAY,40304108305,403041083,McLaren Vale,Mayo,561,598
40304108306-MAY,40304108306,403041083,McLaren Vale,Mayo,128,144
40304108307-MAY,40304108307,403041083,McLaren Vale,Mayo,379,403
40304108308-MAY,40304108308,403041083,McLaren Vale,Mayo,449,492
40304108310-MAY,40304108310,403041083,McLaren Vale,Mayo,176,201
40304108311-MAY,40304108311,403041083,McLaren Vale,Mayo,239,270
40304108312-MAY,40304108312,403041083,McLaren Vale,Mayo,464,520
40304108313-MAY,40304108313,403041083,McLaren Vale,Mayo,223,262
40304108314-MAY,40304108314,403041083,McLaren Vale,Mayo,249,233
40304108315-MAY,40304108315,403041083,McLaren Vale,Mayo,258,295
40304108316-MAY,40304108316,403041083,McLaren Vale,Mayo,295,339
40304108317-KIN,40304108317,403041083,McLaren Vale,Kingston,1268,1657
40304108401-KIN,40304108401,403041084,Morphett Vale - East,Kingston,403,453
40304108402-KIN,40304108402,403041084,Morphett Vale - East,Kingston,174,168
40304108403-KIN,40304108403,403041084,Morphett Vale - East,Kingston,370,408
40304108404-KIN,40304108404,403041084,Morphett Vale - East,Kingston,349,367
40304108405-KIN,40304108405,403041084,Morphett Vale - East,Kingston,214,220
40304108406-KIN,40304108406,403041084,Morphett Vale - East,Kingston,329,316
40304108407-KIN,40304108407,403041084,Morphett Vale - East,Kingston,276,302
40304108408-KIN,40304108408,403041084,Morphett Vale - East,Kingston,324,328
40304108409-KIN,40304108409,403041084,Morphett Vale - East,Kingston,382,380
40304108410-KIN,40304108410,403041084,Morphett Vale - East,Kingston,410,434
40304108411-KIN,40304108411,403041084,Morphett Vale - East,Kingston,286,301
40304108412-KIN,40304108412,403041084,Morphett Vale - East,Kingston,263,265
40304108413-KIN,40304108413,403041084,Morphett Vale - East,Kingston,431,458
40304108414-KIN,40304108414,403041084,Morphett Vale - East,Kingston,375,393
40304108415-KIN,40304108415,403041084,Morphett Vale - East,Kingston,261,288
40304108416-KIN,40304108416,403041084,Morphett Vale - East,Kingston,230,231
40304108417-KIN,40304108417,403041084,Morphett Vale - East,Kingston,520,538
40304108418-KIN,40304108418,403041084,Morphett Vale - East,Kingston,375,407
40304108419-KIN,40304108419,403041084,Morphett Vale - East,Kingston,508,507
40304108420-KIN,40304108420,403041084,Morphett Vale - East,Kingston,411,377
40304108421-KIN,40304108421,403041084,Morphett Vale - East,Kingston,463,494
40304108422-KIN,40304108422,403041084,Morphett Vale - East,Kingston,321,327
40304108423-KIN,40304108423,403041084,Morphett Vale - East,Kingston,351,384
40304108424-KIN,40304108424,403041084,Morphett Vale - East,Kingston,507,521
40304108425-KIN,40304108425,403041084,Morphett Vale - East,Kingston,205,231
40304108426-KIN,40304108426,403041084,Morphett Vale - East,Kingston,237,256
40304108427-KIN,40304108427,403041084,Morphett Vale - East,Kingston,313,318
40304108428-KIN,40304108428,403041084,Morphett Vale - East,Kingston,425,453
40304108429-KIN,40304108429,403041084,Morphett Vale - East,Kingston,235,251
40304108430-KIN,40304108430,403041084,Morphett Vale - East,Kingston,262,263
40304108431-KIN,40304108431,403041084,Morphett Vale - East,Kingston,250,270
40304108432-KIN,40304108432,403041084,Morphett Vale - East,Kingston,0,0
40304108433-KIN,40304108433,403041084,Morphett Vale - East,Kingston,264,279
40304108434-KIN,40304108434,403041084,Morphett Vale - East,Kingston,160,170
40304108501-KIN,40304108501,403041085,Morphett Vale - West,Kingston,216,243
40304108502-KIN,40304108502,403041085,Morphett Vale - West,Kingston,223,224
40304108503-KIN,40304108503,403041085,Morphett Vale - West,Kingston,247,251
40304108504-KIN,40304108504,403041085,Morphett Vale - West,Kingston,372,381
40304108505-KIN,40304108505,403041085,Morphett Vale - West,Kingston,420,448
40304108506-KIN,40304108506,403041085,Morphett Vale - West,Kingston,447,444
40304108507-KIN,40304108507,403041085,Morphett Vale - West,Kingston,196,201
40304108508-KIN,40304108508,403041085,Morphett Vale - West,Kingston,305,313
40304108509-KIN,40304108509,403041085,Morphett Vale - West,Kingston,393,400
40304108510-KIN,40304108510,403041085,Morphett Vale - West,Kingston,365,361
40304108511-KIN,40304108511,403041085,Morphett Vale - West,Kingston,436,486
40304108512-KIN,40304108512,403041085,Morphett Vale - West,Kingston,431,428
40304108513-KIN,40304108513,403041085,Morphett Vale - West,Kingston,369,367
40304108514-KIN,40304108514,403041085,Morphett Vale - West,Kingston,224,243
40304108515-KIN,40304108515,403041085,Morphett Vale - West,Kingston,363,377
40304108516-KIN,40304108516,403041085,Morphett Vale - West,Kingston,420,444
40304108517-KIN,40304108517,403041085,Morphett Vale - West,Kingston,250,258
40304108518-KIN,40304108518,403041085,Morphett Vale - West,Kingston,398,397
40304108519-KIN,40304108519,403041085,Morphett Vale - West,Kingston,458,462
40304108520-KIN,40304108520,403041085,Morphett Vale - West,Kingston,266,263
40304108521-KIN,40304108521,403041085,Morphett Vale - West,Kingston,310,332
40304108522-KIN,40304108522,403041085,Morphett Vale - West,Kingston,463,484
40304108523-KIN,40304108523,403041085,Morphett Vale - West,Kingston,254,281
40304108601-KIN,40304108601,403041086,Reynella,Kingston,369,392
40304108602-KIN,40304108602,403041086,Reynella,Kingston,541,549
40304108603-KIN,40304108603,403041086,Reynella,Kingston,425,412
40304108604-KIN,40304108604,403041086,Reynella,Kingston,293,292
40304108605-KIN,40304108605,403041086,Reynella,Kingston,312,302
40304108606-KIN,40304108606,403041086,Reynella,Kingston,172,173
40304108607-KIN,40304108607,403041086,Reynella,Kingston,434,482
40304108608-KIN,40304108608,403041086,Reynella,Kingston,562,571
40304108609-KIN,40304108609,403041086,Reynella,Kingston,446,479
40304108610-KIN,40304108610,403041086,Reynella,Kingston,320,345
40304108611-KIN,40304108611,403041086,Reynella,Kingston,446,506
40304108612-KIN,40304108612,403041086,Reynella,Kingston,328,327
40304108613-KIN,40304108613,403041086,Reynella,Kingston,386,379
40304108614-KIN,40304108614,403041086,Reynella,Kingston,360,357
40304108615-KIN,40304108615,403041086,Reynella,Kingston,613,641
40304108616-KIN,40304108616,403041086,Reynella,Kingston,252,258
40304108617-KIN,40304108617,403041086,Reynella,Kingston,405,439
40304108618-KIN,40304108618,403041086,Reynella,Kingston,352,347
40304108619-KIN,40304108619,403041086,Reynella,Kingston,352,385
40304108620-KIN,40304108620,403041086,Reynella,Kingston,292,284
40304108621-KIN,40304108621,403041086,Reynella,Kingston,165,171
40304108622-KIN,40304108622,403041086,Reynella,Kingston,317,328
40304108801-MAY,40304108801,403041088,Willunga,Mayo,312,317
40304108802-MAY,40304108802,403041088,Willunga,Mayo,299,312
40304108803-MAY,40304108803,403041088,Willunga,Mayo,467,491
40304108804-MAY,40304108804,403041088,Willunga,Mayo,391,421
40304108805-MAY,40304108805,403041088,Willunga,Mayo,219,225
40304108806-MAY,40304108806,403041088,Willunga,Mayo,169,179
40304108808-MAY,40304108808,403041088,Willunga,Mayo,273,276
40304108809-MAY,40304108809,403041088,Willunga,Mayo,243,256
40304108810-MAY,40304108810,403041088,Willunga,Mayo,202,222
40304108811-MAY,40304108811,403041088,Willunga,Mayo,0,0
40304108812-MAY,40304108812,403041088,Willunga,Mayo,283,293
40304108901-KIN,40304108901,403041089,Woodcroft,Kingston,2,2
40304108902-KIN,40304108902,403041089,Woodcroft,Kingston,401,406
40304108903-KIN,40304108903,403041089,Woodcroft,Kingston,656,652
40304108904-KIN,40304108904,403041089,Woodcroft,Kingston,548,539
40304108905-KIN,40304108905,403041089,Woodcroft,Kingston,318,335
40304108906-KIN,40304108906,403041089,Woodcroft,Kingston,281,302
40304108907-KIN,40304108907,403041089,Woodcroft,Kingston,311,333
40304108908-KIN,40304108908,403041089,Woodcroft,Kingston,337,339
40304108909-KIN,40304108909,403041089,Woodcroft,Kingston,261,263
40304108910-KIN,40304108910,403041089,Woodcroft,Kingston,171,168
40304108911-KIN,40304108911,403041089,Woodcroft,Kingston,300,316
40304108912-KIN,40304108912,403041089,Woodcroft,Kingston,255,245
40304108913-KIN,40304108913,403041089,Woodcroft,Kingston,344,349
40304108914-KIN,40304108914,403041089,Woodcroft,Kingston,286,290
40304108915-KIN,40304108915,403041089,Woodcroft,Kingston,316,317
40304108916-KIN,40304108916,403041089,Woodcroft,Kingston,357,371
40304108917-KIN,40304108917,403041089,Woodcroft,Kingston,390,397
40304108918-KIN,40304108918,403041089,Woodcroft,Kingston,188,194
40304108919-KIN,40304108919,403041089,Woodcroft,Kingston,364,402
40304108920-KIN,40304108920,403041089,Woodcroft,Kingston,604,624
40304108921-KIN,40304108921,403041089,Woodcroft,Kingston,221,223
40304108922-KIN,40304108922,403041089,Woodcroft,Kingston,331,324
40304108923-KIN,40304108923,403041089,Woodcroft,Kingston,697,696
40304108924-KIN,40304108924,403041089,Woodcroft,Kingston,217,222
40304108925-KIN,40304108925,403041089,Woodcroft,Kingston,259,276
40304108926-KIN,40304108926,403041089,Woodcroft,Kingston,309,307
40304108927-KIN,40304108927,403041089,Woodcroft,Kingston,238,245
40304108928-KIN,40304108928,403041089,Woodcroft,Kingston,0,0
40304117701-KIN,40304117701,403041177,Seaford - Seaford Meadows,Kingston,251,254
40304117702-KIN,40304117702,403041177,Seaford - Seaford Meadows,Kingston,256,287
40304117703-KIN,40304117703,403041177,Seaford - Seaford Meadows,Kingston,319,354
40304117704-KIN,40304117704,403041177,Seaford - Seaford Meadows,Kingston,456,491
40304117705-KIN,40304117705,403041177,Seaford - Seaford Meadows,Kingston,209,215
40304117706-KIN,40304117706,403041177,Seaford - Seaford Meadows,Kingston,265,279
40304117707-KIN,40304117707,403041177,Seaford - Seaford Meadows,Kingston,522,531
40304117708-KIN,40304117708,403041177,Seaford - Seaford Meadows,Kingston,546,540
40304117709-KIN,40304117709,403041177,Seaford - Seaford Meadows,Kingston,580,587
40304117710-KIN,40304117710,403041177,Seaford - Seaford Meadows,Kingston,302,355
40304117711-KIN,40304117711,403041177,Seaford - Seaford Meadows,Kingston,438,474
40304117712-KIN,40304117712,403041177,Seaford - Seaford Meadows,Kingston,454,476
40304117713-KIN,40304117713,403041177,Seaford - Seaford Meadows,Kingston,432,464
40304117714-KIN,40304117714,403041177,Seaford - Seaford Meadows,Kingston,271,280
40304117715-KIN,40304117715,403041177,Seaford - Seaford Meadows,Kingston,367,340
40304117716-KIN,40304117716,403041177,Seaford - Seaford Meadows,Kingston,639,867
40304117717-KIN,40304117717,403041177,Seaford - Seaford Meadows,Kingston,290,313
40304117718-KIN,40304117718,403041177,Seaford - Seaford Meadows,Kingston,15,16
40304117719-KIN,40304117719,403041177,Seaford - Seaford Meadows,Kingston,506,512
40304117720-KIN,40304117720,403041177,Seaford - Seaford Meadows,Kingston,344,318
40304117721-KIN,40304117721,403041177,Seaford - Seaford Meadows,Kingston,345,383
40304117722-KIN,40304117722,403041177,Seaford - Seaford Meadows,Kingston,352,391
40304117723-KIN,40304117723,403041177,Seaford - Seaford Meadows,Kingston,231,214
40304117724-KIN,40304117724,403041177,Seaford - Seaford Meadows,Kingston,373,417
40304117725-KIN,40304117725,403041177,Seaford - Seaford Meadows,Kingston,486,500
40304117726-KIN,40304117726,403041177,Seaford - Seaford Meadows,Kingston,346,372
40304117727-KIN,40304117727,403041177,Seaford - Seaford Meadows,Kingston,293,326
40304117728-KIN,40304117728,403041177,Seaford - Seaford Meadows,Kingston,280,296
40304117729-KIN,40304117729,403041177,Seaford - Seaford Meadows,Kingston,259,255
40304117730-KIN,40304117730,403041177,Seaford - Seaford Meadows,Kingston,294,308
40304117801-KIN,40304117801,403041178,Seaford Rise - Moana,Kingston,431,478
40304117802-KIN,40304117802,403041178,Seaford Rise - Moana,Kingston,259,280
40304117803-KIN,40304117803,403041178,Seaford Rise - Moana,Kingston,391,430
40304117804-KIN,40304117804,403041178,Seaford Rise - Moana,Kingston,327,343
40304117805-KIN,40304117805,403041178,Seaford Rise - Moana,Kingston,342,382
40304117806-KIN,40304117806,403041178,Seaford Rise - Moana,Kingston,626,625
40304117807-KIN,40304117807,403041178,Seaford Rise - Moana,Kingston,521,553
40304117808-KIN,40304117808,403041178,Seaford Rise - Moana,Kingston,0,0
40304117809-KIN,40304117809,403041178,Seaford Rise - Moana,Kingston,400,398
40304117810-KIN,40304117810,403041178,Seaford Rise - Moana,Kingston,308,319
40304117811-KIN,40304117811,403041178,Seaford Rise - Moana,Kingston,425,445
40304117812-KIN,40304117812,403041178,Seaford Rise - Moana,Kingston,338,399
40304117813-KIN,40304117813,403041178,Seaford Rise - Moana,Kingston,370,419
40304117814-KIN,40304117814,403041178,Seaford Rise - Moana,Kingston,311,340
40304117815-KIN,40304117815,403041178,Seaford Rise - Moana,Kingston,260,292
40304117816-KIN,40304117816,403041178,Seaford Rise - Moana,Kingston,224,259
40304117817-KIN,40304117817,403041178,Seaford Rise - Moana,Kingston,183,204
40304117818-KIN,40304117818,403041178,Seaford Rise - Moana,Kingston,318,353
40304117819-KIN,40304117819,403041178,Seaford Rise - Moana,Kingston,311,342
40304117820-KIN,40304117820,403041178,Seaford Rise - Moana,Kingston,358,390
40304117821-KIN,40304117821,403041178,Seaford Rise - Moana,Kingston,500,566
40304117822-KIN,40304117822,403041178,Seaford Rise - Moana,Kingston,349,358
40304117823-KIN,40304117823,403041178,Seaford Rise - Moana,Kingston,312,339
40304117824-KIN,40304117824,403041178,Seaford Rise - Moana,Kingston,379,389
40401109001-HIN,40401109001,404011090,Beverley,Hindmarsh,200,221
40401109002-HIN,40401109002,404011090,Beverley,Hindmarsh,205,225
40401109003-HIN,40401109003,404011090,Beverley,Hindmarsh,465,503
40401109005-HIN,40401109005,404011090,Beverley,Hindmarsh,358,407
40401109006-HIN,40401109006,404011090,Beverley,Hindmarsh,227,249
40401109007-HIN,40401109007,404011090,Beverley,Hindmarsh,280,296
40401109008-HIN,40401109008,404011090,Beverley,Hindmarsh,383,408
40401109009-HIN,40401109009,404011090,Beverley,Hindmarsh,329,344
40401109010-HIN,40401109010,404011090,Beverley,Hindmarsh,365,373
40401109011-HIN,40401109011,404011090,Beverley,Hindmarsh,331,403
40401109012-HIN,40401109012,404011090,Beverley,Hindmarsh,359,412
40401109013-HIN,40401109013,404011090,Beverley,Hindmarsh,425,456
40401109014-HIN,40401109014,404011090,Beverley,Hindmarsh,420,431
40401109015-HIN,40401109015,404011090,Beverley,Hindmarsh,335,364
40401109016-HIN,40401109016,404011090,Beverley,Hindmarsh,321,331
40401109017-HIN,40401109017,404011090,Beverley,Hindmarsh,203,228
40401109018-HIN,40401109018,404011090,Beverley,Hindmarsh,119,119
40401109019-HIN,40401109019,404011090,Beverley,Hindmarsh,644,667
40401109020-HIN,40401109020,404011090,Beverley,Hindmarsh,467,536
40401109101-HIN,40401109101,404011091,Flinders Park,Hindmarsh,543,626
40401109102-HIN,40401109102,404011091,Flinders Park,Hindmarsh,380,423
40401109103-HIN,40401109103,404011091,Flinders Park,Hindmarsh,399,409
40401109104-HIN,40401109104,404011091,Flinders Park,Hindmarsh,380,390
40401109105-HIN,40401109105,404011091,Flinders Park,Hindmarsh,257,267
40401109106-HIN,40401109106,404011091,Flinders Park,Hindmarsh,425,465
40401109107-HIN,40401109107,404011091,Flinders Park,Hindmarsh,292,303
40401109108-HIN,40401109108,404011091,Flinders Park,Hindmarsh,239,266
40401109109-HIN,40401109109,404011091,Flinders Park,Hindmarsh,244,277
40401109110-HIN,40401109110,404011091,Flinders Park,Hindmarsh,285,287
40401109111-HIN,40401109111,404011091,Flinders Park,Hindmarsh,396,442
40401109112-HIN,40401109112,404011091,Flinders Park,Hindmarsh,383,430
40401109113-HIN,40401109113,404011091,Flinders Park,Hindmarsh,578,664
40401109114-HIN,40401109114,404011091,Flinders Park,Hindmarsh,303,340
40401109115-ADE,40401109115,404011091,Flinders Park,Adelaide,469,507
40401109116-ADE,40401109116,404011091,Flinders Park,Adelaide,264,292
40401109117-HIN,40401109117,404011091,Flinders Park,Hindmarsh,516,585
40401109118-HIN,40401109118,404011091,Flinders Park,Hindmarsh,488,525
40401109120-HIN,40401109120,404011091,Flinders Park,Hindmarsh,269,287
40401109122-HIN,40401109122,404011091,Flinders Park,Hindmarsh,458,489
40401109123-HIN,40401109123,404011091,Flinders Park,Hindmarsh,499,533
40401109124-HIN,40401109124,404011091,Flinders Park,Hindmarsh,271,272
40401109125-HIN,40401109125,404011091,Flinders Park,Hindmarsh,377,383
40401109126-HIN,40401109126,404011091,Flinders Park,Hindmarsh,619,641
40401109127-HIN,40401109127,404011091,Flinders Park,Hindmarsh,428,478
40401109128-HIN,40401109128,404011091,Flinders Park,Hindmarsh,315,346
40401109129-HIN,40401109129,404011091,Flinders Park,Hindmarsh,389,408
40401109130-HIN,40401109130,404011091,Flinders Park,Hindmarsh,327,336
40401109131-HIN,40401109131,404011091,Flinders Park,Hindmarsh,572,598
40401109132-HIN,40401109132,404011091,Flinders Park,Hindmarsh,360,393
40401109133-HIN,40401109133,404011091,Flinders Park,Hindmarsh,402,503
40401109201-HIN,40401109201,404011092,Henley Beach,Hindmarsh,596,646
40401109202-HIN,40401109202,404011092,Henley Beach,Hindmarsh,390,394
40401109203-HIN,40401109203,404011092,Henley Beach,Hindmarsh,194,203
40401109204-HIN,40401109204,404011092,Henley Beach,Hindmarsh,326,330
40401109205-HIN,40401109205,404011092,Henley Beach,Hindmarsh,302,307
40401109206-HIN,40401109206,404011092,Henley Beach,Hindmarsh,441,469
40401109207-HIN,40401109207,404011092,Henley Beach,Hindmarsh,296,302
40401109208-HIN,40401109208,404011092,Henley Beach,Hindmarsh,271,282
40401109209-HIN,40401109209,404011092,Henley Beach,Hindmarsh,413,418
40401109210-HIN,40401109210,404011092,Henley Beach,Hindmarsh,496,504
40401109211-HIN,40401109211,404011092,Henley Beach,Hindmarsh,319,335
40401109212-HIN,40401109212,404011092,Henley Beach,Hindmarsh,226,237
40401109213-HIN,40401109213,404011092,Henley Beach,Hindmarsh,364,381
40401109214-HIN,40401109214,404011092,Henley Beach,Hindmarsh,430,468
40401109215-HIN,40401109215,404011092,Henley Beach,Hindmarsh,383,377
40401109216-HIN,40401109216,404011092,Henley Beach,Hindmarsh,299,327
40401109217-HIN,40401109217,404011092,Henley Beach,Hindmarsh,261,259
40401109218-HIN,40401109218,404011092,Henley Beach,Hindmarsh,498,508
40401109219-HIN,40401109219,404011092,Henley Beach,Hindmarsh,372,380
40401109220-HIN,40401109220,404011092,Henley Beach,Hindmarsh,582,623
40401109221-HIN,40401109221,404011092,Henley Beach,Hindmarsh,430,465
40401109222-HIN,40401109222,404011092,Henley Beach,Hindmarsh,460,444
40401109223-HIN,40401109223,404011092,Henley Beach,Hindmarsh,223,222
40401109224-HIN,40401109224,404011092,Henley Beach,Hindmarsh,335,363
40401109225-HIN,40401109225,404011092,Henley Beach,Hindmarsh,410,452
40401109226-HIN,40401109226,404011092,Henley Beach,Hindmarsh,256,274
40401109227-HIN,40401109227,404011092,Henley Beach,Hindmarsh,232,224
40401109228-HIN,40401109228,404011092,Henley Beach,Hindmarsh,184,201
40401109229-HIN,40401109229,404011092,Henley Beach,Hindmarsh,304,315
40401109230-HIN,40401109230,404011092,Henley Beach,Hindmarsh,264,296
40401109231-HIN,40401109231,404011092,Henley Beach,Hindmarsh,258,256
40401109232-HIN,40401109232,404011092,Henley Beach,Hindmarsh,307,325
40401109233-HIN,40401109233,404011092,Henley Beach,Hindmarsh,407,407
40401109234-HIN,40401109234,404011092,Henley Beach,Hindmarsh,386,416
40401109301-ADE,40401109301,404011093,Hindmarsh - Brompton,Adelaide,348,342
40401109302-ADE,40401109302,404011093,Hindmarsh - Brompton,Adelaide,348,328
40401109303-ADE,40401109303,404011093,Hindmarsh - Brompton,Adelaide,144,144
40401109304-ADE,40401109304,404011093,Hindmarsh - Brompton,Adelaide,267,265
40401109305-ADE,40401109305,404011093,Hindmarsh - Brompton,Adelaide,570,577
40401109306-ADE,40401109306,404011093,Hindmarsh - Brompton,Adelaide,280,273
40401109307-ADE,40401109307,404011093,Hindmarsh - Brompton,Adelaide,385,382
40401109308-ADE,40401109308,404011093,Hindmarsh - Brompton,Adelaide,271,276
40401109309-ADE,40401109309,404011093,Hindmarsh - Brompton,Adelaide,274,273
40401109310-ADE,40401109310,404011093,Hindmarsh - Brompton,Adelaide,257,263
40401109311-ADE,40401109311,404011093,Hindmarsh - Brompton,Adelaide,331,361
40401109312-ADE,40401109312,404011093,Hindmarsh - Brompton,Adelaide,240,231
40401109313-ADE,40401109313,404011093,Hindmarsh - Brompton,Adelaide,248,267
40401109314-ADE,40401109314,404011093,Hindmarsh - Brompton,Adelaide,322,349
40401109315-ADE,40401109315,404011093,Hindmarsh - Brompton,Adelaide,249,248
40401109316-ADE,40401109316,404011093,Hindmarsh - Brompton,Adelaide,400,420
40401109317-ADE,40401109317,404011093,Hindmarsh - Brompton,Adelaide,299,291
40401109319-ADE,40401109319,404011093,Hindmarsh - Brompton,Adelaide,333,363
40401109320-ADE,40401109320,404011093,Hindmarsh - Brompton,Adelaide,352,396
40401109321-ADE,40401109321,404011093,Hindmarsh - Brompton,Adelaide,359,348
40401109322-ADE,40401109322,404011093,Hindmarsh - Brompton,Adelaide,419,467
40401109323-ADE,40401109323,404011093,Hindmarsh - Brompton,Adelaide,380,394
40401109324-ADE,40401109324,404011093,Hindmarsh - Brompton,Adelaide,308,337
40401109325-ADE,40401109325,404011093,Hindmarsh - Brompton,Adelaide,306,362
40401109326-ADE,40401109326,404011093,Hindmarsh - Brompton,Adelaide,206,219
40401109327-ADE,40401109327,404011093,Hindmarsh - Brompton,Adelaide,390,390
40401109328-ADE,40401109328,404011093,Hindmarsh - Brompton,Adelaide,297,284
40401109329-ADE,40401109329,404011093,Hindmarsh - Brompton,Adelaide,276,290
40401109330-ADE,40401109330,404011093,Hindmarsh - Brompton,Adelaide,175,180
40401109331-ADE,40401109331,404011093,Hindmarsh - Brompton,Adelaide,190,189
40401109332-ADE,40401109332,404011093,Hindmarsh - Brompton,Adelaide,251,262
40401109333-ADE,40401109333,404011093,Hindmarsh - Brompton,Adelaide,209,208
40401109334-ADE,40401109334,404011093,Hindmarsh - Brompton,Adelaide,279,296
40401109335-ADE,40401109335,404011093,Hindmarsh - Brompton,Adelaide,438,441
40401109336-ADE,40401109336,404011093,Hindmarsh - Brompton,Adelaide,251,244
40401109337-ADE,40401109337,404011093,Hindmarsh - Brompton,Adelaide,298,305
40401109338-ADE,40401109338,404011093,Hindmarsh - Brompton,Adelaide,230,237
40401109339-ADE,40401109339,404011093,Hindmarsh - Brompton,Adelaide,273,272
40401109340-ADE,40401109340,404011093,Hindmarsh - Brompton,Adelaide,275,278
40401109341-ADE,40401109341,404011093,Hindmarsh - Brompton,Adelaide,206,217
40401109342-ADE,40401109342,404011093,Hindmarsh - Brompton,Adelaide,205,206
40401109343-ADE,40401109343,404011093,Hindmarsh - Brompton,Adelaide,236,235
40401109344-ADE,40401109344,404011093,Hindmarsh - Brompton,Adelaide,292,299
40401109345-ADE,40401109345,404011093,Hindmarsh - Brompton,Adelaide,372,356
40401109346-ADE,40401109346,404011093,Hindmarsh - Brompton,Adelaide,415,451
40401109347-ADE,40401109347,404011093,Hindmarsh - Brompton,Adelaide,362,367
40401109401-HIN,40401109401,404011094,Royal Park - Hendon - Albert Park,Hindmarsh,370,384
40401109402-HIN,40401109402,404011094,Royal Park - Hendon - Albert Park,Hindmarsh,347,391
40401109403-HIN,40401109403,404011094,Royal Park - Hendon - Albert Park,Hindmarsh,410,418
40401109404-HIN,40401109404,404011094,Royal Park - Hendon - Albert Park,Hindmarsh,574,592
40401109405-HIN,40401109405,404011094,Royal Park - Hendon - Albert Park,Hindmarsh,388,390
40401109406-HIN,40401109406,404011094,Royal Park - Hendon - Albert Park,Hindmarsh,494,535
40401109407-HIN,40401109407,404011094,Royal Park - Hendon - Albert Park,Hindmarsh,556,586
40401109408-HIN,40401109408,404011094,Royal Park - Hendon - Albert Park,Hindmarsh,538,545
40401109409-HIN,40401109409,404011094,Royal Park - Hendon - Albert Park,Hindmarsh,3,3
40401109410-HIN,40401109410,404011094,Royal Park - Hendon - Albert Park,Hindmarsh,5,5
40401109411-HIN,40401109411,404011094,Royal Park - Hendon - Albert Park,Hindmarsh,406,427
40401109412-HIN,40401109412,404011094,Royal Park - Hendon - Albert Park,Hindmarsh,287,295
40401109413-HIN,40401109413,404011094,Royal Park - Hendon - Albert Park,Hindmarsh,233,252
40401109414-HIN,40401109414,404011094,Royal Park - Hendon - Albert Park,Hindmarsh,292,327
40401109501-HIN,40401109501,404011095,Seaton - Grange,Hindmarsh,443,482
40401109502-HIN,40401109502,404011095,Seaton - Grange,Hindmarsh,355,354
40401109503-HIN,40401109503,404011095,Seaton - Grange,Hindmarsh,400,417
40401109504-HIN,40401109504,404011095,Seaton - Grange,Hindmarsh,333,325
40401109505-HIN,40401109505,404011095,Seaton - Grange,Hindmarsh,476,517
40401109506-HIN,40401109506,404011095,Seaton - Grange,Hindmarsh,367,400
40401109507-HIN,40401109507,404011095,Seaton - Grange,Hindmarsh,234,239
40401109508-HIN,40401109508,404011095,Seaton - Grange,Hindmarsh,307,328
40401109509-HIN,40401109509,404011095,Seaton - Grange,Hindmarsh,296,302
40401109510-HIN,40401109510,404011095,Seaton - Grange,Hindmarsh,307,296
40401109511-HIN,40401109511,404011095,Seaton - Grange,Hindmarsh,418,439
40401109512-HIN,40401109512,404011095,Seaton - Grange,Hindmarsh,464,486
40401109513-HIN,40401109513,404011095,Seaton - Grange,Hindmarsh,320,320
40401109514-HIN,40401109514,404011095,Seaton - Grange,Hindmarsh,277,286
40401109515-HIN,40401109515,404011095,Seaton - Grange,Hindmarsh,320,334
40401109516-HIN,40401109516,404011095,Seaton - Grange,Hindmarsh,418,421
40401109517-HIN,40401109517,404011095,Seaton - Grange,Hindmarsh,2,2
40401109518-HIN,40401109518,404011095,Seaton - Grange,Hindmarsh,220,223
40401109519-HIN,40401109519,404011095,Seaton - Grange,Hindmarsh,377,400
40401109520-HIN,40401109520,404011095,Seaton - Grange,Hindmarsh,272,312
40401109521-HIN,40401109521,404011095,Seaton - Grange,Hindmarsh,365,383
40401109522-HIN,40401109522,404011095,Seaton - Grange,Hindmarsh,401,431
40401109523-HIN,40401109523,404011095,Seaton - Grange,Hindmarsh,412,448
40401109524-HIN,40401109524,404011095,Seaton - Grange,Hindmarsh,393,411
40401109525-HIN,40401109525,404011095,Seaton - Grange,Hindmarsh,471,515
40401109526-HIN,40401109526,404011095,Seaton - Grange,Hindmarsh,240,251
40401109527-HIN,40401109527,404011095,Seaton - Grange,Hindmarsh,249,261
40401109528-HIN,40401109528,404011095,Seaton - Grange,Hindmarsh,257,254
40401109529-HIN,40401109529,404011095,Seaton - Grange,Hindmarsh,384,389
40401109530-HIN,40401109530,404011095,Seaton - Grange,Hindmarsh,412,425
40401109531-HIN,40401109531,404011095,Seaton - Grange,Hindmarsh,446,495
40401109532-HIN,40401109532,404011095,Seaton - Grange,Hindmarsh,377,369
40401109533-HIN,40401109533,404011095,Seaton - Grange,Hindmarsh,370,401
40401109534-HIN,40401109534,404011095,Seaton - Grange,Hindmarsh,151,164
40401109535-HIN,40401109535,404011095,Seaton - Grange,Hindmarsh,382,377
40401109536-HIN,40401109536,404011095,Seaton - Grange,Hindmarsh,217,231
40401109537-HIN,40401109537,404011095,Seaton - Grange,Hindmarsh,354,396
40401109538-HIN,40401109538,404011095,Seaton - Grange,Hindmarsh,159,166
40401109539-HIN,40401109539,404011095,Seaton - Grange,Hindmarsh,218,221
40401109540-HIN,40401109540,404011095,Seaton - Grange,Hindmarsh,187,201
40401109541-HIN,40401109541,404011095,Seaton - Grange,Hindmarsh,229,251
40401109601-HIN,40401109601,404011096,West Lakes,Hindmarsh,376,404
40401109602-HIN,40401109602,404011096,West Lakes,Hindmarsh,365,388
40401109603-HIN,40401109603,404011096,West Lakes,Hindmarsh,312,336
40401109604-HIN,40401109604,404011096,West Lakes,Hindmarsh,307,301
40401109605-HIN,40401109605,404011096,West Lakes,Hindmarsh,900,907
40401109606-HIN,40401109606,404011096,West Lakes,Hindmarsh,502,527
40401109607-HIN,40401109607,404011096,West Lakes,Hindmarsh,246,262
40401109608-HIN,40401109608,404011096,West Lakes,Hindmarsh,294,313
40401109609-HIN,40401109609,404011096,West Lakes,Hindmarsh,439,481
40401109610-HIN,40401109610,404011096,West Lakes,Hindmarsh,405,408
40401109611-HIN,40401109611,404011096,West Lakes,Hindmarsh,230,238
40401109612-HIN,40401109612,404011096,West Lakes,Hindmarsh,346,367
40401109613-HIN,40401109613,404011096,West Lakes,Hindmarsh,253,260
40401109614-HIN,40401109614,404011096,West Lakes,Hindmarsh,308,347
40401109615-HIN,40401109615,404011096,West Lakes,Hindmarsh,258,270
40401109616-HIN,40401109616,404011096,West Lakes,Hindmarsh,230,229
40401109617-HIN,40401109617,404011096,West Lakes,Hindmarsh,360,368
40401109618-HIN,40401109618,404011096,West Lakes,Hindmarsh,325,333
40401109619-HIN,40401109619,404011096,West Lakes,Hindmarsh,471,485
40401109620-HIN,40401109620,404011096,West Lakes,Hindmarsh,424,429
40401109621-HIN,40401109621,404011096,West Lakes,Hindmarsh,448,458
40401109622-HIN,40401109622,404011096,West Lakes,Hindmarsh,453,486
40401109623-HIN,40401109623,404011096,West Lakes,Hindmarsh,341,382
40401109624-HIN,40401109624,404011096,West Lakes,Hindmarsh,473,476
40401109625-HIN,40401109625,404011096,West Lakes,Hindmarsh,504,486
40401109626-HIN,40401109626,404011096,West Lakes,Hindmarsh,463,439
40401109627-HIN,40401109627,404011096,West Lakes,Hindmarsh,226,254
40401109628-HIN,40401109628,404011096,West Lakes,Hindmarsh,245,258
40401109629-HIN,40401109629,404011096,West Lakes,Hindmarsh,349,351
40401109630-HIN,40401109630,404011096,West Lakes,Hindmarsh,275,274
40401109631-HIN,40401109631,404011096,West Lakes,Hindmarsh,328,341
40401109632-HIN,40401109632,404011096,West Lakes,Hindmarsh,307,334
40401109633-HIN,40401109633,404011096,West Lakes,Hindmarsh,238,240
40401109634-HIN,40401109634,404011096,West Lakes,Hindmarsh,378,371
40401109701-ADE,40401109701,404011097,Woodville - Cheltenham,Adelaide,279,301
40401109702-ADE,40401109702,404011097,Woodville - Cheltenham,Adelaide,353,352
40401109703-HIN,40401109703,404011097,Woodville - Cheltenham,Hindmarsh,317,370
40401109704-HIN,40401109704,404011097,Woodville - Cheltenham,Hindmarsh,359,366
40401109705-HIN,40401109705,404011097,Woodville - Cheltenham,Hindmarsh,398,388
40401109706-HIN,40401109706,404011097,Woodville - Cheltenham,Hindmarsh,343,328
40401109707-HIN,40401109707,404011097,Woodville - Cheltenham,Hindmarsh,319,338
40401109708-HIN,40401109708,404011097,Woodville - Cheltenham,Hindmarsh,175,185
40401109709-HIN,40401109709,404011097,Woodville - Cheltenham,Hindmarsh,385,452
40401109710-HIN,40401109710,404011097,Woodville - Cheltenham,Hindmarsh,245,253
40401109712-HIN,40401109712,404011097,Woodville - Cheltenham,Hindmarsh,420,427
40401109713-HIN,40401109713,404011097,Woodville - Cheltenham,Hindmarsh,346,363
40401109714-HIN,40401109714,404011097,Woodville - Cheltenham,Hindmarsh,256,260
40401109715-HIN,40401109715,404011097,Woodville - Cheltenham,Hindmarsh,475,498
40401109716-HIN,40401109716,404011097,Woodville - Cheltenham,Hindmarsh,294,318
40401109717-HIN,40401109717,404011097,Woodville - Cheltenham,Hindmarsh,342,361
40401109718-HIN,40401109718,404011097,Woodville - Cheltenham,Hindmarsh,601,649
40401109719-HIN,40401109719,404011097,Woodville - Cheltenham,Hindmarsh,272,279
40401109720-HIN,40401109720,404011097,Woodville - Cheltenham,Hindmarsh,361,373
40401109721-HIN,40401109721,404011097,Woodville - Cheltenham,Hindmarsh,492,521
40401109722-HIN,40401109722,404011097,Woodville - Cheltenham,Hindmarsh,243,250
40401109723-HIN,40401109723,404011097,Woodville - Cheltenham,Hindmarsh,524,555
40401109724-HIN,40401109724,404011097,Woodville - Cheltenham,Hindmarsh,285,306
40401109725-HIN,40401109725,404011097,Woodville - Cheltenham,Hindmarsh,270,269
40401109726-HIN,40401109726,404011097,Woodville - Cheltenham,Hindmarsh,398,400
40401109727-HIN,40401109727,404011097,Woodville - Cheltenham,Hindmarsh,209,213
40401109728-ADE,40401109728,404011097,Woodville - Cheltenham,Adelaide,298,329
40401109729-ADE,40401109729,404011097,Woodville - Cheltenham,Adelaide,369,382
40401109730-HIN,40401109730,404011097,Woodville - Cheltenham,Hindmarsh,326,331
40401109731-HIN,40401109731,404011097,Woodville - Cheltenham,Hindmarsh,415,431
40401109732-HIN,40401109732,404011097,Woodville - Cheltenham,Hindmarsh,282,274
40401109733-HIN,40401109733,404011097,Woodville - Cheltenham,Hindmarsh,239,231
40401109734-HIN,40401109734,404011097,Woodville - Cheltenham,Hindmarsh,221,249
40401109735-HIN,40401109735,404011097,Woodville - Cheltenham,Hindmarsh,201,204
40401109736-HIN,40401109736,404011097,Woodville - Cheltenham,Hindmarsh,236,237
40401109737-HIN,40401109737,404011097,Woodville - Cheltenham,Hindmarsh,200,183
40401109738-HIN,40401109738,404011097,Woodville - Cheltenham,Hindmarsh,2,2
40401109739-HIN,40401109739,404011097,Woodville - Cheltenham,Hindmarsh,1797,1876
40402109801-HIN,40402109801,404021098,Dry Creek - South,Hindmarsh,0,0
40402109901-HIN,40402109901,404021099,Largs Bay - Semaphore,Hindmarsh,484,489
40402109902-HIN,40402109902,404021099,Largs Bay - Semaphore,Hindmarsh,239,240
40402109903-HIN,40402109903,404021099,Largs Bay - Semaphore,Hindmarsh,254,293
40402109904-HIN,40402109904,404021099,Largs Bay - Semaphore,Hindmarsh,323,336
40402109905-HIN,40402109905,404021099,Largs Bay - Semaphore,Hindmarsh,412,425
40402109906-HIN,40402109906,404021099,Largs Bay - Semaphore,Hindmarsh,234,260
40402109907-HIN,40402109907,404021099,Largs Bay - Semaphore,Hindmarsh,357,371
40402109908-HIN,40402109908,404021099,Largs Bay - Semaphore,Hindmarsh,337,362
40402109909-HIN,40402109909,404021099,Largs Bay - Semaphore,Hindmarsh,341,362
40402109910-HIN,40402109910,404021099,Largs Bay - Semaphore,Hindmarsh,360,390
40402109911-HIN,40402109911,404021099,Largs Bay - Semaphore,Hindmarsh,462,489
40402109912-HIN,40402109912,404021099,Largs Bay - Semaphore,Hindmarsh,475,496
40402109913-HIN,40402109913,404021099,Largs Bay - Semaphore,Hindmarsh,501,509
40402109914-HIN,40402109914,404021099,Largs Bay - Semaphore,Hindmarsh,509,525
40402109915-HIN,40402109915,404021099,Largs Bay - Semaphore,Hindmarsh,468,491
40402109916-HIN,40402109916,404021099,Largs Bay - Semaphore,Hindmarsh,279,296
40402109917-HIN,40402109917,404021099,Largs Bay - Semaphore,Hindmarsh,328,360
40402109918-HIN,40402109918,404021099,Largs Bay - Semaphore,Hindmarsh,345,365
40402109919-HIN,40402109919,404021099,Largs Bay - Semaphore,Hindmarsh,474,485
40402109920-HIN,40402109920,404021099,Largs Bay - Semaphore,Hindmarsh,283,305
40402109921-HIN,40402109921,404021099,Largs Bay - Semaphore,Hindmarsh,341,356
40402109922-HIN,40402109922,404021099,Largs Bay - Semaphore,Hindmarsh,0,0
40402109923-HIN,40402109923,404021099,Largs Bay - Semaphore,Hindmarsh,192,212
40402109924-HIN,40402109924,404021099,Largs Bay - Semaphore,Hindmarsh,249,264
40402109925-HIN,40402109925,404021099,Largs Bay - Semaphore,Hindmarsh,456,504
40402109926-HIN,40402109926,404021099,Largs Bay - Semaphore,Hindmarsh,372,392
40402109927-HIN,40402109927,404021099,Largs Bay - Semaphore,Hindmarsh,227,241
40402109928-HIN,40402109928,404021099,Largs Bay - Semaphore,Hindmarsh,395,400
40402109929-HIN,40402109929,404021099,Largs Bay - Semaphore,Hindmarsh,224,250
40402109930-HIN,40402109930,404021099,Largs Bay - Semaphore,Hindmarsh,253,280
40402109931-HIN,40402109931,404021099,Largs Bay - Semaphore,Hindmarsh,287,326
40402109932-HIN,40402109932,404021099,Largs Bay - Semaphore,Hindmarsh,376,388
40402109933-HIN,40402109933,404021099,Largs Bay - Semaphore,Hindmarsh,419,452
40402109934-HIN,40402109934,404021099,Largs Bay - Semaphore,Hindmarsh,424,445
40402109935-HIN,40402109935,404021099,Largs Bay - Semaphore,Hindmarsh,333,344
40402109936-HIN,40402109936,404021099,Largs Bay - Semaphore,Hindmarsh,0,0
40402109937-HIN,40402109937,404021099,Largs Bay - Semaphore,Hindmarsh,196,209
40402110001-HIN,40402110001,404021100,North Haven,Hindmarsh,273,289
40402110002-HIN,40402110002,404021100,North Haven,Hindmarsh,282,287
40402110003-HIN,40402110003,404021100,North Haven,Hindmarsh,262,253
40402110004-HIN,40402110004,404021100,North Haven,Hindmarsh,234,247
40402110005-HIN,40402110005,404021100,North Haven,Hindmarsh,255,276
40402110006-HIN,40402110006,404021100,North Haven,Hindmarsh,213,208
40402110007-HIN,40402110007,404021100,North Haven,Hindmarsh,324,325
40402110008-HIN,40402110008,404021100,North Haven,Hindmarsh,417,426
40402110009-HIN,40402110009,404021100,North Haven,Hindmarsh,346,391
40402110010-HIN,40402110010,404021100,North Haven,Hindmarsh,360,400
40402110011-HIN,40402110011,404021100,North Haven,Hindmarsh,380,410
40402110012-HIN,40402110012,404021100,North Haven,Hindmarsh,241,241
40402110013-HIN,40402110013,404021100,North Haven,Hindmarsh,440,509
40402110014-HIN,40402110014,404021100,North Haven,Hindmarsh,217,213
40402110015-HIN,40402110015,404021100,North Haven,Hindmarsh,335,345
40402110016-HIN,40402110016,404021100,North Haven,Hindmarsh,274,281
40402110017-HIN,40402110017,404021100,North Haven,Hindmarsh,232,225
40402110018-HIN,40402110018,404021100,North Haven,Hindmarsh,252,274
40402110019-HIN,40402110019,404021100,North Haven,Hindmarsh,314,331
40402110020-HIN,40402110020,404021100,North Haven,Hindmarsh,319,335
40402110021-HIN,40402110021,404021100,North Haven,Hindmarsh,395,416
40402110022-HIN,40402110022,404021100,North Haven,Hindmarsh,12,13
40402110023-HIN,40402110023,404021100,North Haven,Hindmarsh,410,425
40402110024-HIN,40402110024,404021100,North Haven,Hindmarsh,371,368
40402110025-HIN,40402110025,404021100,North Haven,Hindmarsh,440,436
40402110026-HIN,40402110026,404021100,North Haven,Hindmarsh,380,380
40402110027-HIN,40402110027,404021100,North Haven,Hindmarsh,989,1044
40402110028-HIN,40402110028,404021100,North Haven,Hindmarsh,0,0
40402110029-HIN,40402110029,404021100,North Haven,Hindmarsh,277,310
40402110030-HIN,40402110030,404021100,North Haven,Hindmarsh,443,454
40402110031-HIN,40402110031,404021100,North Haven,Hindmarsh,251,270
40402110032-HIN,40402110032,404021100,North Haven,Hindmarsh,241,221
40402110033-HIN,40402110033,404021100,North Haven,Hindmarsh,402,411
40402110034-HIN,40402110034,404021100,North Haven,Hindmarsh,291,307
40402110035-HIN,40402110035,404021100,North Haven,Hindmarsh,239,272
40402110036-HIN,40402110036,404021100,North Haven,Hindmarsh,298,313
40402110037-HIN,40402110037,404021100,North Haven,Hindmarsh,223,237
40402110038-HIN,40402110038,404021100,North Haven,Hindmarsh,227,251
40402110101-HIN,40402110101,404021101,Port Adelaide,Hindmarsh,323,381
40402110102-HIN,40402110102,404021101,Port Adelaide,Hindmarsh,332,360
40402110103-HIN,40402110103,404021101,Port Adelaide,Hindmarsh,157,183
40402110104-HIN,40402110104,404021101,Port Adelaide,Hindmarsh,368,398
40402110105-HIN,40402110105,404021101,Port Adelaide,Hindmarsh,456,495
40402110106-HIN,40402110106,404021101,Port Adelaide,Hindmarsh,325,362
40402110107-HIN,40402110107,404021101,Port Adelaide,Hindmarsh,426,489
40402110108-HIN,40402110108,404021101,Port Adelaide,Hindmarsh,428,485
40402110109-HIN,40402110109,404021101,Port Adelaide,Hindmarsh,235,255
40402110110-HIN,40402110110,404021101,Port Adelaide,Hindmarsh,449,476
40402110111-HIN,40402110111,404021101,Port Adelaide,Hindmarsh,383,434
40402110112-HIN,40402110112,404021101,Port Adelaide,Hindmarsh,265,289
40402110113-HIN,40402110113,404021101,Port Adelaide,Hindmarsh,312,327
40402110114-HIN,40402110114,404021101,Port Adelaide,Hindmarsh,409,438
40402110115-HIN,40402110115,404021101,Port Adelaide,Hindmarsh,317,353
40402110116-HIN,40402110116,404021101,Port Adelaide,Hindmarsh,150,153
40402110117-HIN,40402110117,404021101,Port Adelaide,Hindmarsh,434,464
40402110118-HIN,40402110118,404021101,Port Adelaide,Hindmarsh,468,480
40402110119-HIN,40402110119,404021101,Port Adelaide,Hindmarsh,223,239
40402110120-HIN,40402110120,404021101,Port Adelaide,Hindmarsh,432,463
40402110121-HIN,40402110121,404021101,Port Adelaide,Hindmarsh,473,515
40402110122-HIN,40402110122,404021101,Port Adelaide,Hindmarsh,13,14
40402110123-HIN,40402110123,404021101,Port Adelaide,Hindmarsh,348,378
40402110124-HIN,40402110124,404021101,Port Adelaide,Hindmarsh,218,235
40402110125-HIN,40402110125,404021101,Port Adelaide,Hindmarsh,364,369
40402110126-HIN,40402110126,404021101,Port Adelaide,Hindmarsh,428,486
40402110127-HIN,40402110127,404021101,Port Adelaide,Hindmarsh,475,485
40402110201-ADE,40402110201,404021102,The Parks,Adelaide,326,339
40402110202-MAK,40402110202,404021102,The Parks,Makin,6,6
40402110203-ADE,40402110203,404021102,The Parks,Adelaide,192,199
40402110204-ADE,40402110204,404021102,The Parks,Adelaide,292,339
40402110205-ADE,40402110205,404021102,The Parks,Adelaide,249,261
40402110206-ADE,40402110206,404021102,The Parks,Adelaide,279,296
40402110207-ADE,40402110207,404021102,The Parks,Adelaide,486,519
40402110208-ADE,40402110208,404021102,The Parks,Adelaide,288,310
40402110209-ADE,40402110209,404021102,The Parks,Adelaide,282,300
40402110210-ADE,40402110210,404021102,The Parks,Adelaide,315,319
40402110212-ADE,40402110212,404021102,The Parks,Adelaide,249,272
40402110214-ADE,40402110214,404021102,The Parks,Adelaide,226,231
40402110215-ADE,40402110215,404021102,The Parks,Adelaide,328,340
40402110216-ADE,40402110216,404021102,The Parks,Adelaide,360,388
40402110217-ADE,40402110217,404021102,The Parks,Adelaide,611,624
40402110218-ADE,40402110218,404021102,The Parks,Adelaide,126,129
40402110219-ADE,40402110219,404021102,The Parks,Adelaide,1,1
40402110221-HIN,40402110221,404021102,The Parks,Hindmarsh,12,13
40402110222-ADE,40402110222,404021102,The Parks,Adelaide,362,383
40402110223-ADE,40402110223,404021102,The Parks,Adelaide,374,386
40402110224-ADE,40402110224,404021102,The Parks,Adelaide,3,3
40402110225-ADE,40402110225,404021102,The Parks,Adelaide,341,367
40402110226-ADE,40402110226,404021102,The Parks,Adelaide,319,328
40402110227-ADE,40402110227,404021102,The Parks,Adelaide,372,383
40402110228-ADE,40402110228,404021102,The Parks,Adelaide,498,530
40402110229-ADE,40402110229,404021102,The Parks,Adelaide,359,367
40402110230-ADE,40402110230,404021102,The Parks,Adelaide,2,2
40402110231-ADE,40402110231,404021102,The Parks,Adelaide,294,324
40402110232-ADE,40402110232,404021102,The Parks,Adelaide,340,378
40402110233-ADE,40402110233,404021102,The Parks,Adelaide,303,308
40402110234-ADE,40402110234,404021102,The Parks,Adelaide,269,291
40402110235-ADE,40402110235,404021102,The Parks,Adelaide,319,311
40402110236-ADE,40402110236,404021102,The Parks,Adelaide,263,266
40402110237-ADE,40402110237,404021102,The Parks,Adelaide,324,339
40402110238-ADE,40402110238,404021102,The Parks,Adelaide,437,458
40402110239-ADE,40402110239,404021102,The Parks,Adelaide,243,257
40402110240-ADE,40402110240,404021102,The Parks,Adelaide,351,383
40402110241-ADE,40402110241,404021102,The Parks,Adelaide,224,225
40402110242-ADE,40402110242,404021102,The Parks,Adelaide,195,199
40402110243-ADE,40402110243,404021102,The Parks,Adelaide,335,322
40402110244-ADE,40402110244,404021102,The Parks,Adelaide,0,0
40402110245-ADE,40402110245,404021102,The Parks,Adelaide,366,367
40402110246-HIN,40402110246,404021102,The Parks,Hindmarsh,14,15
40402110247-ADE,40402110247,404021102,The Parks,Adelaide,223,230
40402110248-ADE,40402110248,404021102,The Parks,Adelaide,334,331
40402110249-ADE,40402110249,404021102,The Parks,Adelaide,353,383
40402110250-HIN,40402110250,404021102,The Parks,Hindmarsh,326,331
40402110251-ADE,40402110251,404021102,The Parks,Adelaide,268,286
40402110301-HIN,40402110301,404021103,Torrens Island,Hindmarsh,7,7
40403110401-HIN,40403110401,404031104,Adelaide Airport,Hindmarsh,0,0
40403110501-HIN,40403110501,404031105,Fulham,Hindmarsh,161,157
40403110502-HIN,40403110502,404031105,Fulham,Hindmarsh,317,343
40403110503-HIN,40403110503,404031105,Fulham,Hindmarsh,478,504
40403110504-HIN,40403110504,404031105,Fulham,Hindmarsh,390,418
40403110505-HIN,40403110505,404031105,Fulham,Hindmarsh,350,376
40403110506-HIN,40403110506,404031105,Fulham,Hindmarsh,377,392
40403110507-HIN,40403110507,404031105,Fulham,Hindmarsh,194,200
40403110601-HIN,40403110601,404031106,Lockleys,Hindmarsh,376,358
40403110602-HIN,40403110602,404031106,Lockleys,Hindmarsh,341,345
40403110603-HIN,40403110603,404031106,Lockleys,Hindmarsh,317,353
40403110604-HIN,40403110604,404031106,Lockleys,Hindmarsh,327,354
40403110605-HIN,40403110605,404031106,Lockleys,Hindmarsh,194,206
40403110606-HIN,40403110606,404031106,Lockleys,Hindmarsh,326,327
40403110607-HIN,40403110607,404031106,Lockleys,Hindmarsh,397,418
40403110608-HIN,40403110608,404031106,Lockleys,Hindmarsh,425,425
40403110609-HIN,40403110609,404031106,Lockleys,Hindmarsh,289,292
40403110610-HIN,40403110610,404031106,Lockleys,Hindmarsh,339,376
40403110611-HIN,40403110611,404031106,Lockleys,Hindmarsh,278,296
40403110612-HIN,40403110612,404031106,Lockleys,Hindmarsh,356,411
40403110613-HIN,40403110613,404031106,Lockleys,Hindmarsh,371,376
40403110614-ADE,40403110614,404031106,Lockleys,Adelaide,242,246
40403110615-HIN,40403110615,404031106,Lockleys,Hindmarsh,211,202
40403110616-ADE,40403110616,404031106,Lockleys,Adelaide,331,331
40403110617-ADE,40403110617,404031106,Lockleys,Adelaide,326,316
40403110618-HIN,40403110618,404031106,Lockleys,Hindmarsh,350,338
40403110619-HIN,40403110619,404031106,Lockleys,Hindmarsh,287,286
40403110620-HIN,40403110620,404031106,Lockleys,Hindmarsh,423,433
40403110621-HIN,40403110621,404031106,Lockleys,Hindmarsh,247,242
40403110622-HIN,40403110622,404031106,Lockleys,Hindmarsh,387,405
40403110623-HIN,40403110623,404031106,Lockleys,Hindmarsh,442,463
40403110624-HIN,40403110624,404031106,Lockleys,Hindmarsh,245,250
40403110625-HIN,40403110625,404031106,Lockleys,Hindmarsh,344,386
40403110626-HIN,40403110626,404031106,Lockleys,Hindmarsh,461,519
40403110627-HIN,40403110627,404031106,Lockleys,Hindmarsh,420,408
40403110628-HIN,40403110628,404031106,Lockleys,Hindmarsh,220,235
40403110629-HIN,40403110629,404031106,Lockleys,Hindmarsh,254,244
40403110701-HIN,40403110701,404031107,Plympton,Hindmarsh,0,0
40403110702-ADE,40403110702,404031107,Plympton,Adelaide,274,274
40403110703-ADE,40403110703,404031107,Plympton,Adelaide,365,396
40403110704-ADE,40403110704,404031107,Plympton,Adelaide,414,400
40403110705-HIN,40403110705,404031107,Plympton,Hindmarsh,192,184
40403110706-BOO,40403110706,404031107,Plympton,Boothby,176,176
40403110707-HIN,40403110707,404031107,Plympton,Hindmarsh,230,223
40403110708-HIN,40403110708,404031107,Plympton,Hindmarsh,459,447
40403110709-HIN,40403110709,404031107,Plympton,Hindmarsh,305,285
40403110710-HIN,40403110710,404031107,Plympton,Hindmarsh,293,277
40403110711-HIN,40403110711,404031107,Plympton,Hindmarsh,373,366
40403110712-ADE,40403110712,404031107,Plympton,Adelaide,0,0
40403110712-HIN,40403110712,404031107,Plympton,Hindmarsh,0,0
40403110713-ADE,40403110713,404031107,Plympton,Adelaide,338,347
40403110714-ADE,40403110714,404031107,Plympton,Adelaide,254,257
40403110715-ADE,40403110715,404031107,Plympton,Adelaide,534,536
40403110716-ADE,40403110716,404031107,Plympton,Adelaide,363,353
40403110717-ADE,40403110717,404031107,Plympton,Adelaide,445,432
40403110718-ADE,40403110718,404031107,Plympton,Adelaide,425,475
40403110719-ADE,40403110719,404031107,Plympton,Adelaide,490,526
40403110720-HIN,40403110720,404031107,Plympton,Hindmarsh,152,160
40403110721-ADE,40403110721,404031107,Plympton,Adelaide,291,276
40403110722-ADE,40403110722,404031107,Plympton,Adelaide,533,572
40403110723-ADE,40403110723,404031107,Plympton,Adelaide,387,381
40403110724-ADE,40403110724,404031107,Plympton,Adelaide,390,364
40403110725-HIN,40403110725,404031107,Plympton,Hindmarsh,267,275
40403110726-HIN,40403110726,404031107,Plympton,Hindmarsh,209,191
40403110727-HIN,40403110727,404031107,Plympton,Hindmarsh,332,336
40403110728-HIN,40403110728,404031107,Plympton,Hindmarsh,366,349
40403110729-HIN,40403110729,404031107,Plympton,Hindmarsh,415,380
40403110730-ADE,40403110730,404031107,Plympton,Adelaide,633,619
40403110731-ADE,40403110731,404031107,Plympton,Adelaide,415,474
40403110732-ADE,40403110732,404031107,Plympton,Adelaide,192,194
40403110733-ADE,40403110733,404031107,Plympton,Adelaide,196,200
40403110734-ADE,40403110734,404031107,Plympton,Adelaide,246,273
40403110735-ADE,40403110735,404031107,Plympton,Adelaide,342,329
40403110736-ADE,40403110736,404031107,Plympton,Adelaide,446,449
40403110737-HIN,40403110737,404031107,Plympton,Hindmarsh,457,463
40403110738-HIN,40403110738,404031107,Plympton,Hindmarsh,400,365
40403110739-HIN,40403110739,404031107,Plympton,Hindmarsh,9,9
40403110740-HIN,40403110740,404031107,Plympton,Hindmarsh,318,314
40403110741-HIN,40403110741,404031107,Plympton,Hindmarsh,378,373
40403110742-HIN,40403110742,404031107,Plympton,Hindmarsh,346,328
40403110743-HIN,40403110743,404031107,Plympton,Hindmarsh,330,339
40403110744-HIN,40403110744,404031107,Plympton,Hindmarsh,324,344
40403110745-HIN,40403110745,404031107,Plympton,Hindmarsh,271,256
40403110746-HIN,40403110746,404031107,Plympton,Hindmarsh,315,328
40403110747-ADE,40403110747,404031107,Plympton,Adelaide,285,299
40403110748-HIN,40403110748,404031107,Plympton,Hindmarsh,263,286
40403110749-HIN,40403110749,404031107,Plympton,Hindmarsh,364,371
40403110750-HIN,40403110750,404031107,Plympton,Hindmarsh,265,286
40403110751-HIN,40403110751,404031107,Plympton,Hindmarsh,351,328
40403110752-HIN,40403110752,404031107,Plympton,Hindmarsh,394,416
40403110753-HIN,40403110753,404031107,Plympton,Hindmarsh,326,316
40403110754-HIN,40403110754,404031107,Plympton,Hindmarsh,181,178
40403110755-HIN,40403110755,404031107,Plympton,Hindmarsh,128,122
40403110801-ADE,40403110801,404031108,Richmond (SA),Adelaide,305,306
40403110802-ADE,40403110802,404031108,Richmond (SA),Adelaide,355,376
40403110803-ADE,40403110803,404031108,Richmond (SA),Adelaide,314,334
40403110804-ADE,40403110804,404031108,Richmond (SA),Adelaide,350,375
40403110805-ADE,40403110805,404031108,Richmond (SA),Adelaide,332,343
40403110806-ADE,40403110806,404031108,Richmond (SA),Adelaide,273,276
40403110807-ADE,40403110807,404031108,Richmond (SA),Adelaide,270,277
40403110808-ADE,40403110808,404031108,Richmond (SA),Adelaide,383,410
40403110809-ADE,40403110809,404031108,Richmond (SA),Adelaide,0,0
40403110810-HIN,40403110810,404031108,Richmond (SA),Hindmarsh,342,344
40403110811-HIN,40403110811,404031108,Richmond (SA),Hindmarsh,399,455
40403110812-ADE,40403110812,404031108,Richmond (SA),Adelaide,389,405
40403110813-ADE,40403110813,404031108,Richmond (SA),Adelaide,366,346
40403110814-ADE,40403110814,404031108,Richmond (SA),Adelaide,318,319
40403110815-ADE,40403110815,404031108,Richmond (SA),Adelaide,350,374
40403110816-ADE,40403110816,404031108,Richmond (SA),Adelaide,280,287
40403110817-ADE,40403110817,404031108,Richmond (SA),Adelaide,276,267
40403110818-ADE,40403110818,404031108,Richmond (SA),Adelaide,475,449
40403110819-ADE,40403110819,404031108,Richmond (SA),Adelaide,485,497
40403110820-ADE,40403110820,404031108,Richmond (SA),Adelaide,471,469
40403110821-ADE,40403110821,404031108,Richmond (SA),Adelaide,413,456
40403110822-ADE,40403110822,404031108,Richmond (SA),Adelaide,527,554
40403110823-ADE,40403110823,404031108,Richmond (SA),Adelaide,250,275
40403110824-ADE,40403110824,404031108,Richmond (SA),Adelaide,300,305
40403110825-ADE,40403110825,404031108,Richmond (SA),Adelaide,446,481
40403110826-ADE,40403110826,404031108,Richmond (SA),Adelaide,292,325
40403110827-ADE,40403110827,404031108,Richmond (SA),Adelaide,294,299
40403110828-ADE,40403110828,404031108,Richmond (SA),Adelaide,316,327
40403110829-ADE,40403110829,404031108,Richmond (SA),Adelaide,518,505
40403110830-ADE,40403110830,404031108,Richmond (SA),Adelaide,295,324
40403110831-ADE,40403110831,404031108,Richmond (SA),Adelaide,243,256
40403110832-ADE,40403110832,404031108,Richmond (SA),Adelaide,209,223
40403110833-ADE,40403110833,404031108,Richmond (SA),Adelaide,182,179
40403110834-ADE,40403110834,404031108,Richmond (SA),Adelaide,235,246
40403110835-ADE,40403110835,404031108,Richmond (SA),Adelaide,200,196
40403110836-ADE,40403110836,404031108,Richmond (SA),Adelaide,266,271
40403110837-ADE,40403110837,404031108,Richmond (SA),Adelaide,275,275
40403110901-HIN,40403110901,404031109,West Beach,Hindmarsh,329,333
40403110902-HIN,40403110902,404031109,West Beach,Hindmarsh,432,441
40403110903-HIN,40403110903,404031109,West Beach,Hindmarsh,252,241
40403110904-HIN,40403110904,404031109,West Beach,Hindmarsh,275,272
40403110905-HIN,40403110905,404031109,West Beach,Hindmarsh,0,0
40403110906-HIN,40403110906,404031109,West Beach,Hindmarsh,454,489
40403110907-HIN,40403110907,404031109,West Beach,Hindmarsh,411,429
40403110908-HIN,40403110908,404031109,West Beach,Hindmarsh,287,300
40403110909-HIN,40403110909,404031109,West Beach,Hindmarsh,306,311
40403110910-HIN,40403110910,404031109,West Beach,Hindmarsh,341,368
40403110911-HIN,40403110911,404031109,West Beach,Hindmarsh,304,326
40403110912-HIN,40403110912,404031109,West Beach,Hindmarsh,9,9
40403110913-HIN,40403110913,404031109,West Beach,Hindmarsh,334,362
40403110914-HIN,40403110914,404031109,West Beach,Hindmarsh,224,252
40501111001-BAR,40501111001,405011110,Barossa - Angaston,Barker,331,349
40501111002-BAR,40501111002,405011110,Barossa - Angaston,Barker,368,357
40501111003-BAR,40501111003,405011110,Barossa - Angaston,Barker,316,324
40501111004-BAR,40501111004,405011110,Barossa - Angaston,Barker,282,294
40501111005-BAR,40501111005,405011110,Barossa - Angaston,Barker,196,211
40501111006-BAR,40501111006,405011110,Barossa - Angaston,Barker,228,243
40501111007-BAR,40501111007,405011110,Barossa - Angaston,Barker,244,264
40501111008-BAR,40501111008,405011110,Barossa - Angaston,Barker,278,300
40501111009-BAR,40501111009,405011110,Barossa - Angaston,Barker,353,351
40501111010-BAR,40501111010,405011110,Barossa - Angaston,Barker,216,235
40501111011-BAR,40501111011,405011110,Barossa - Angaston,Barker,266,268
40501111012-BAR,40501111012,405011110,Barossa - Angaston,Barker,303,302
40501111013-BAR,40501111013,405011110,Barossa - Angaston,Barker,288,310
40501111014-BAR,40501111014,405011110,Barossa - Angaston,Barker,346,395
40501111015-BAR,40501111015,405011110,Barossa - Angaston,Barker,356,404
40501111016-BAR,40501111016,405011110,Barossa - Angaston,Barker,225,234
40501111017-BAR,40501111017,405011110,Barossa - Angaston,Barker,347,392
40501111101-BAR,40501111101,405011111,Light,Barker,303,374
40501111102-BAR,40501111102,405011111,Light,Barker,331,359
40501111103-BAR,40501111103,405011111,Light,Barker,320,398
40501111104-BAR,40501111104,405011111,Light,Barker,313,331
40501111105-BAR,40501111105,405011111,Light,Barker,159,163
40501111106-BAR,40501111106,405011111,Light,Barker,205,226
40501111107-BAR,40501111107,405011111,Light,Barker,154,173
40501111110-BAR,40501111110,405011111,Light,Barker,223,252
40501111111-BAR,40501111111,405011111,Light,Barker,267,292
40501111112-BAR,40501111112,405011111,Light,Barker,356,377
40501111113-BAR,40501111113,405011111,Light,Barker,168,185
40501111115-BAR,40501111115,405011111,Light,Barker,157,167
40501111116-BAR,40501111116,405011111,Light,Barker,273,301
40501111117-BAR,40501111117,405011111,Light,Barker,185,203
40501111118-BAR,40501111118,405011111,Light,Barker,406,451
40501111119-BAR,40501111119,405011111,Light,Barker,184,185
40501111120-BAR,40501111120,405011111,Light,Barker,266,285
40501111121-BAR,40501111121,405011111,Light,Barker,273,253
40501111122-BAR,40501111122,405011111,Light,Barker,308,332
40501111123-BAR,40501111123,405011111,Light,Barker,336,366
40501111124-BAR,40501111124,405011111,Light,Barker,174,189
40501111125-BAR,40501111125,405011111,Light,Barker,211,223
40501111125-GRE,40501111125,405011111,Light,Grey,9,10
40501111126-BAR,40501111126,405011111,Light,Barker,18,19
40501111126-GRE,40501111126,405011111,Light,Grey,316,330
40501111127-GRE,40501111127,405011111,Light,Grey,191,177
40501111128-BAR,40501111128,405011111,Light,Barker,472,507
40501111129-GRE,40501111129,405011111,Light,Grey,329,347
40501111130-BAR,40501111130,405011111,Light,Barker,385,389
40501111201-BAR,40501111201,405011112,Lyndoch,Barker,241,253
40501111202-BAR,40501111202,405011112,Lyndoch,Barker,252,265
40501111203-BAR,40501111203,405011112,Lyndoch,Barker,165,173
40501111204-BAR,40501111204,405011112,Lyndoch,Barker,505,521
40501111205-BAR,40501111205,405011112,Lyndoch,Barker,171,183
40501111206-BAR,40501111206,405011112,Lyndoch,Barker,395,411
40501111207-BAR,40501111207,405011112,Lyndoch,Barker,322,341
40501111208-BAR,40501111208,405011112,Lyndoch,Barker,149,159
40501111209-BAR,40501111209,405011112,Lyndoch,Barker,149,155
40501111210-BAR,40501111210,405011112,Lyndoch,Barker,212,227
40501111211-BAR,40501111211,405011112,Lyndoch,Barker,285,296
40501111212-BAR,40501111212,405011112,Lyndoch,Barker,331,358
40501111213-BAR,40501111213,405011112,Lyndoch,Barker,296,320
40501111214-BAR,40501111214,405011112,Lyndoch,Barker,524,530
40501111215-BAR,40501111215,405011112,Lyndoch,Barker,355,358
40501111216-BAR,40501111216,405011112,Lyndoch,Barker,332,375
40501111217-BAR,40501111217,405011112,Lyndoch,Barker,126,136
40501111301-GRE,40501111301,405011113,Mallala,Grey,308,331
40501111302-GRE,40501111302,405011113,Mallala,Grey,302,335
40501111303-GRE,40501111303,405011113,Mallala,Grey,227,230
40501111304-GRE,40501111304,405011113,Mallala,Grey,142,139
40501111305-GRE,40501111305,405011113,Mallala,Grey,230,231
40501111306-GRE,40501111306,405011113,Mallala,Grey,244,252
40501111307-GRE,40501111307,405011113,Mallala,Grey,353,353
40501111308-GRE,40501111308,405011113,Mallala,Grey,283,302
40501111309-GRE,40501111309,405011113,Mallala,Grey,131,138
40501111310-GRE,40501111310,405011113,Mallala,Grey,165,170
40501111401-BAR,40501111401,405011114,Nuriootpa,Barker,330,354
40501111402-BAR,40501111402,405011114,Nuriootpa,Barker,307,343
40501111403-BAR,40501111403,405011114,Nuriootpa,Barker,100,114
40501111404-BAR,40501111404,405011114,Nuriootpa,Barker,503,577
40501111405-BAR,40501111405,405011114,Nuriootpa,Barker,496,500
40501111406-BAR,40501111406,405011114,Nuriootpa,Barker,291,319
40501111407-BAR,40501111407,405011114,Nuriootpa,Barker,337,348
40501111408-BAR,40501111408,405011114,Nuriootpa,Barker,313,374
40501111410-BAR,40501111410,405011114,Nuriootpa,Barker,533,581
40501111411-BAR,40501111411,405011114,Nuriootpa,Barker,313,337
40501111412-BAR,40501111412,405011114,Nuriootpa,Barker,472,505
40501111413-BAR,40501111413,405011114,Nuriootpa,Barker,354,403
40501111414-BAR,40501111414,405011114,Nuriootpa,Barker,283,316
40501111415-BAR,40501111415,405011114,Nuriootpa,Barker,332,375
40501111416-BAR,40501111416,405011114,Nuriootpa,Barker,289,314
40501111417-BAR,40501111417,405011114,Nuriootpa,Barker,834,852
40501111501-BAR,40501111501,405011115,Tanunda,Barker,348,343
40501111502-BAR,40501111502,405011115,Tanunda,Barker,443,450
40501111503-BAR,40501111503,405011115,Tanunda,Barker,628,668
40501111504-BAR,40501111504,405011115,Tanunda,Barker,559,570
40501111506-BAR,40501111506,405011115,Tanunda,Barker,334,377
40501111507-BAR,40501111507,405011115,Tanunda,Barker,397,384
40501111509-BAR,40501111509,405011115,Tanunda,Barker,253,276
40501111510-BAR,40501111510,405011115,Tanunda,Barker,200,205
40501111511-BAR,40501111511,405011115,Tanunda,Barker,427,444
40501111512-BAR,40501111512,405011115,Tanunda,Barker,182,183
40502111601-GRE,40502111601,405021116,Clare,Grey,213,212
40502111602-GRE,40502111602,405021116,Clare,Grey,231,237
40502111603-GRE,40502111603,405021116,Clare,Grey,131,136
40502111604-GRE,40502111604,405021116,Clare,Grey,212,200
40502111605-GRE,40502111605,405021116,Clare,Grey,281,264
40502111606-GRE,40502111606,405021116,Clare,Grey,437,420
40502111607-GRE,40502111607,405021116,Clare,Grey,220,223
40502111608-GRE,40502111608,405021116,Clare,Grey,182,190
40502111609-GRE,40502111609,405021116,Clare,Grey,267,263
40502111610-GRE,40502111610,405021116,Clare,Grey,268,283
40502111611-GRE,40502111611,405021116,Clare,Grey,534,545
40502111701-GRE,40502111701,405021117,Gilbert Valley,Grey,330,338
40502111702-GRE,40502111702,405021117,Gilbert Valley,Grey,135,133
40502111703-GRE,40502111703,405021117,Gilbert Valley,Grey,349,349
40502111704-GRE,40502111704,405021117,Gilbert Valley,Grey,297,297
40502111705-GRE,40502111705,405021117,Gilbert Valley,Grey,94,96
40502111706-GRE,40502111706,405021117,Gilbert Valley,Grey,166,166
40502111707-GRE,40502111707,405021117,Gilbert Valley,Grey,204,199
40502111708-GRE,40502111708,405021117,Gilbert Valley,Grey,352,347
40502111709-GRE,40502111709,405021117,Gilbert Valley,Grey,250,239
40502111710-GRE,40502111710,405021117,Gilbert Valley,Grey,195,207
40502111711-GRE,40502111711,405021117,Gilbert Valley,Grey,174,176
40502111712-GRE,40502111712,405021117,Gilbert Valley,Grey,335,361
40502111713-GRE,40502111713,405021117,Gilbert Valley,Grey,305,311
40502111714-GRE,40502111714,405021117,Gilbert Valley,Grey,196,196
40502111715-GRE,40502111715,405021117,Gilbert Valley,Grey,208,208
40502111716-GRE,40502111716,405021117,Gilbert Valley,Grey,363,364
40502111801-GRE,40502111801,405021118,Goyder,Grey,283,279
40502111802-GRE,40502111802,405021118,Goyder,Grey,158,152
40502111803-GRE,40502111803,405021118,Goyder,Grey,322,323
40502111804-GRE,40502111804,405021118,Goyder,Grey,335,337
40502111805-GRE,40502111805,405021118,Goyder,Grey,215,212
40502111806-GRE,40502111806,405021118,Goyder,Grey,132,134
40502111807-GRE,40502111807,405021118,Goyder,Grey,336,341
40502111808-GRE,40502111808,405021118,Goyder,Grey,247,248
40502111809-GRE,40502111809,405021118,Goyder,Grey,147,141
40502111810-GRE,40502111810,405021118,Goyder,Grey,161,164
40502111811-GRE,40502111811,405021118,Goyder,Grey,248,235
40502111812-GRE,40502111812,405021118,Goyder,Grey,260,281
40502111813-GRE,40502111813,405021118,Goyder,Grey,1,1
40502111814-GRE,40502111814,405021118,Goyder,Grey,289,279
40502111901-GRE,40502111901,405021119,Wakefield - Barunga West,Grey,297,314
40502111902-GRE,40502111902,405021119,Wakefield - Barunga West,Grey,117,122
40502111903-GRE,40502111903,405021119,Wakefield - Barunga West,Grey,179,180
40502111904-GRE,40502111904,405021119,Wakefield - Barunga West,Grey,301,303
40502111905-GRE,40502111905,405021119,Wakefield - Barunga West,Grey,306,308
40502111906-GRE,40502111906,405021119,Wakefield - Barunga West,Grey,252,257
40502111907-GRE,40502111907,405021119,Wakefield - Barunga West,Grey,297,281
40502111908-GRE,40502111908,405021119,Wakefield - Barunga West,Grey,358,393
40502111909-GRE,40502111909,405021119,Wakefield - Barunga West,Grey,573,593
40502111910-GRE,40502111910,405021119,Wakefield - Barunga West,Grey,436,465
40502111911-GRE,40502111911,405021119,Wakefield - Barunga West,Grey,274,271
40502111912-GRE,40502111912,405021119,Wakefield - Barunga West,Grey,196,192
40502111913-GRE,40502111913,405021119,Wakefield - Barunga West,Grey,215,219
40502111914-GRE,40502111914,405021119,Wakefield - Barunga West,Grey,268,278
40502111915-GRE,40502111915,405021119,Wakefield - Barunga West,Grey,186,193
40502111916-GRE,40502111916,405021119,Wakefield - Barunga West,Grey,264,276
40502111917-GRE,40502111917,405021119,Wakefield - Barunga West,Grey,206,206
40502111918-GRE,40502111918,405021119,Wakefield - Barunga West,Grey,299,306
40502111919-GRE,40502111919,405021119,Wakefield - Barunga West,Grey,143,143
40502111920-GRE,40502111920,405021119,Wakefield - Barunga West,Grey,126,129
40502111921-GRE,40502111921,405021119,Wakefield - Barunga West,Grey,338,348
40502111922-GRE,40502111922,405021119,Wakefield - Barunga West,Grey,139,141
40502111923-GRE,40502111923,405021119,Wakefield - Barunga West,Grey,522,522
40502111924-GRE,40502111924,405021119,Wakefield - Barunga West,Grey,362,357
40502111925-GRE,40502111925,405021119,Wakefield - Barunga West,Grey,166,171
40502111926-GRE,40502111926,405021119,Wakefield - Barunga West,Grey,191,191
40502111927-GRE,40502111927,405021119,Wakefield - Barunga West,Grey,217,246
40503112001-GRE,40503112001,405031120,Jamestown,Grey,266,261
40503112002-GRE,40503112002,405031120,Jamestown,Grey,147,156
40503112003-GRE,40503112003,405031120,Jamestown,Grey,115,117
40503112004-GRE,40503112004,405031120,Jamestown,Grey,254,266
40503112005-GRE,40503112005,405031120,Jamestown,Grey,120,127
40503112006-GRE,40503112006,405031120,Jamestown,Grey,153,157
40503112007-GRE,40503112007,405031120,Jamestown,Grey,222,223
40503112008-GRE,40503112008,405031120,Jamestown,Grey,183,199
40503112009-GRE,40503112009,405031120,Jamestown,Grey,371,388
40503112010-GRE,40503112010,405031120,Jamestown,Grey,230,221
40503112011-GRE,40503112011,405031120,Jamestown,Grey,169,174
40503112012-GRE,40503112012,405031120,Jamestown,Grey,509,543
40503112013-GRE,40503112013,405031120,Jamestown,Grey,383,349
40503112014-GRE,40503112014,405031120,Jamestown,Grey,187,187
40503112015-GRE,40503112015,405031120,Jamestown,Grey,185,187
40503112016-GRE,40503112016,405031120,Jamestown,Grey,133,132
40503112101-GRE,40503112101,405031121,Peterborough - Mount Remarkable,Grey,256,276
40503112102-GRE,40503112102,405031121,Peterborough - Mount Remarkable,Grey,168,174
40503112103-GRE,40503112103,405031121,Peterborough - Mount Remarkable,Grey,193,207
40503112104-GRE,40503112104,405031121,Peterborough - Mount Remarkable,Grey,357,359
40503112105-GRE,40503112105,405031121,Peterborough - Mount Remarkable,Grey,182,187
40503112106-GRE,40503112106,405031121,Peterborough - Mount Remarkable,Grey,300,290
40503112107-GRE,40503112107,405031121,Peterborough - Mount Remarkable,Grey,220,222
40503112108-GRE,40503112108,405031121,Peterborough - Mount Remarkable,Grey,180,179
40503112109-GRE,40503112109,405031121,Peterborough - Mount Remarkable,Grey,252,257
40503112110-GRE,40503112110,405031121,Peterborough - Mount Remarkable,Grey,229,216
40503112111-GRE,40503112111,405031121,Peterborough - Mount Remarkable,Grey,244,239
40503112112-GRE,40503112112,405031121,Peterborough - Mount Remarkable,Grey,283,283
40503112113-GRE,40503112113,405031121,Peterborough - Mount Remarkable,Grey,286,273
40503112114-GRE,40503112114,405031121,Peterborough - Mount Remarkable,Grey,220,216
40503112115-GRE,40503112115,405031121,Peterborough - Mount Remarkable,Grey,208,209
40503112116-GRE,40503112116,405031121,Peterborough - Mount Remarkable,Grey,144,146
40503112117-GRE,40503112117,405031121,Peterborough - Mount Remarkable,Grey,229,231
40503112118-GRE,40503112118,405031121,Peterborough - Mount Remarkable,Grey,158,163
40503112201-GRE,40503112201,405031122,Port Pirie,Grey,193,188
40503112202-GRE,40503112202,405031122,Port Pirie,Grey,0,0
40503112203-GRE,40503112203,405031122,Port Pirie,Grey,60,58
40503112204-GRE,40503112204,405031122,Port Pirie,Grey,236,236
40503112205-GRE,40503112205,405031122,Port Pirie,Grey,425,396
40503112206-GRE,40503112206,405031122,Port Pirie,Grey,3,3
40503112207-GRE,40503112207,405031122,Port Pirie,Grey,379,387
40503112208-GRE,40503112208,405031122,Port Pirie,Grey,383,380
40503112209-GRE,40503112209,405031122,Port Pirie,Grey,335,328
40503112210-GRE,40503112210,405031122,Port Pirie,Grey,221,216
40503112211-GRE,40503112211,405031122,Port Pirie,Grey,363,361
40503112212-GRE,40503112212,405031122,Port Pirie,Grey,217,212
40503112213-GRE,40503112213,405031122,Port Pirie,Grey,153,151
40503112214-GRE,40503112214,405031122,Port Pirie,Grey,301,283
40503112215-GRE,40503112215,405031122,Port Pirie,Grey,353,349
40503112216-GRE,40503112216,405031122,Port Pirie,Grey,335,326
40503112217-GRE,40503112217,405031122,Port Pirie,Grey,254,264
40503112218-GRE,40503112218,405031122,Port Pirie,Grey,0,0
40503112219-GRE,40503112219,405031122,Port Pirie,Grey,426,443
40503112220-GRE,40503112220,405031122,Port Pirie,Grey,199,208
40503112221-GRE,40503112221,405031122,Port Pirie,Grey,165,165
40503112222-GRE,40503112222,405031122,Port Pirie,Grey,233,240
40503112223-GRE,40503112223,405031122,Port Pirie,Grey,250,248
40503112224-GRE,40503112224,405031122,Port Pirie,Grey,396,427
40503112225-GRE,40503112225,405031122,Port Pirie,Grey,372,387
40503112226-GRE,40503112226,405031122,Port Pirie,Grey,348,348
40503112227-GRE,40503112227,405031122,Port Pirie,Grey,522,520
40503112228-GRE,40503112228,405031122,Port Pirie,Grey,200,215
40503112229-GRE,40503112229,405031122,Port Pirie,Grey,416,411
40503112230-GRE,40503112230,405031122,Port Pirie,Grey,223,216
40503112231-GRE,40503112231,405031122,Port Pirie,Grey,177,182
40503112232-GRE,40503112232,405031122,Port Pirie,Grey,205,206
40503112233-GRE,40503112233,405031122,Port Pirie,Grey,324,324
40503112234-GRE,40503112234,405031122,Port Pirie,Grey,310,297
40503112235-GRE,40503112235,405031122,Port Pirie,Grey,167,171
40503112236-GRE,40503112236,405031122,Port Pirie,Grey,235,228
40503112237-GRE,40503112237,405031122,Port Pirie,Grey,160,168
40503112238-GRE,40503112238,405031122,Port Pirie,Grey,202,194
40503112239-GRE,40503112239,405031122,Port Pirie,Grey,177,181
40503112240-GRE,40503112240,405031122,Port Pirie,Grey,0,0
40503112241-GRE,40503112241,405031122,Port Pirie,Grey,211,230
40503112242-GRE,40503112242,405031122,Port Pirie,Grey,169,172
40503112243-GRE,40503112243,405031122,Port Pirie,Grey,244,254
40503112244-GRE,40503112244,405031122,Port Pirie,Grey,187,174
40503112301-GRE,40503112301,405031123,Port Pirie Surrounds,Grey,255,253
40503112302-GRE,40503112302,405031123,Port Pirie Surrounds,Grey,248,282
40503112303-GRE,40503112303,405031123,Port Pirie Surrounds,Grey,493,486
40503112304-GRE,40503112304,405031123,Port Pirie Surrounds,Grey,231,233
40503112305-GRE,40503112305,405031123,Port Pirie Surrounds,Grey,219,230
40503112306-GRE,40503112306,405031123,Port Pirie Surrounds,Grey,145,157
40503112307-GRE,40503112307,405031123,Port Pirie Surrounds,Grey,274,298
40503112308-GRE,40503112308,405031123,Port Pirie Surrounds,Grey,182,192
40503112309-GRE,40503112309,405031123,Port Pirie Surrounds,Grey,266,290
40503112310-GRE,40503112310,405031123,Port Pirie Surrounds,Grey,142,149
40504112401-GRE,40504112401,405041124,Kadina,Grey,3,3
40504112402-GRE,40504112402,405041124,Kadina,Grey,56,60
40504112403-GRE,40504112403,405041124,Kadina,Grey,423,433
40504112404-GRE,40504112404,405041124,Kadina,Grey,263,272
40504112405-GRE,40504112405,405041124,Kadina,Grey,298,319
40504112406-GRE,40504112406,405041124,Kadina,Grey,382,398
40504112407-GRE,40504112407,405041124,Kadina,Grey,432,397
40504112408-GRE,40504112408,405041124,Kadina,Grey,245,225
40504112409-GRE,40504112409,405041124,Kadina,Grey,304,332
40504112410-GRE,40504112410,405041124,Kadina,Grey,400,436
40504112411-GRE,40504112411,405041124,Kadina,Grey,256,279
40504112412-GRE,40504112412,405041124,Kadina,Grey,409,417
40504112413-GRE,40504112413,405041124,Kadina,Grey,323,364
40504112414-GRE,40504112414,405041124,Kadina,Grey,488,496
40504112501-GRE,40504112501,405041125,Moonta,Grey,194,201
40504112502-GRE,40504112502,405041125,Moonta,Grey,519,525
40504112503-GRE,40504112503,405041125,Moonta,Grey,333,343
40504112504-GRE,40504112504,405041125,Moonta,Grey,606,650
40504112505-GRE,40504112505,405041125,Moonta,Grey,577,611
40504112506-GRE,40504112506,405041125,Moonta,Grey,741,772
40504112507-GRE,40504112507,405041125,Moonta,Grey,307,295
40504112508-GRE,40504112508,405041125,Moonta,Grey,332,353
40504112509-GRE,40504112509,405041125,Moonta,Grey,478,517
40504112510-GRE,40504112510,405041125,Moonta,Grey,185,190
40504112511-GRE,40504112511,405041125,Moonta,Grey,247,233
40504112512-GRE,40504112512,405041125,Moonta,Grey,244,253
40504112601-GRE,40504112601,405041126,Wallaroo,Grey,307,340
40504112602-GRE,40504112602,405041126,Wallaroo,Grey,263,282
40504112604-GRE,40504112604,405041126,Wallaroo,Grey,503,524
40504112605-GRE,40504112605,405041126,Wallaroo,Grey,228,256
40504112606-GRE,40504112606,405041126,Wallaroo,Grey,493,518
40504112607-GRE,40504112607,405041126,Wallaroo,Grey,342,335
40504112608-GRE,40504112608,405041126,Wallaroo,Grey,309,317
40504112610-GRE,40504112610,405041126,Wallaroo,Grey,42,46
40504112612-GRE,40504112612,405041126,Wallaroo,Grey,109,125
40504112613-GRE,40504112613,405041126,Wallaroo,Grey,210,226
40504112614-GRE,40504112614,405041126,Wallaroo,Grey,5,5
40504112615-GRE,40504112615,405041126,Wallaroo,Grey,444,462
40504112616-GRE,40504112616,405041126,Wallaroo,Grey,180,192
40504112617-GRE,40504112617,405041126,Wallaroo,Grey,408,458
40504112701-GRE,40504112701,405041127,Yorke Peninsula - North,Grey,184,171
40504112702-GRE,40504112702,405041127,Yorke Peninsula - North,Grey,232,228
40504112703-GRE,40504112703,405041127,Yorke Peninsula - North,Grey,302,301
40504112704-GRE,40504112704,405041127,Yorke Peninsula - North,Grey,315,301
40504112706-GRE,40504112706,405041127,Yorke Peninsula - North,Grey,312,293
40504112708-GRE,40504112708,405041127,Yorke Peninsula - North,Grey,521,558
40504112710-GRE,40504112710,405041127,Yorke Peninsula - North,Grey,263,268
40504112711-GRE,40504112711,405041127,Yorke Peninsula - North,Grey,182,188
40504112712-GRE,40504112712,405041127,Yorke Peninsula - North,Grey,414,430
40504112713-GRE,40504112713,405041127,Yorke Peninsula - North,Grey,336,331
40504112714-GRE,40504112714,405041127,Yorke Peninsula - North,Grey,281,271
40504112715-GRE,40504112715,405041127,Yorke Peninsula - North,Grey,263,263
40504112716-GRE,40504112716,405041127,Yorke Peninsula - North,Grey,249,248
40504112717-GRE,40504112717,405041127,Yorke Peninsula - North,Grey,312,322
40504112718-GRE,40504112718,405041127,Yorke Peninsula - North,Grey,403,399
40504112719-GRE,40504112719,405041127,Yorke Peninsula - North,Grey,224,228
40504112720-GRE,40504112720,405041127,Yorke Peninsula - North,Grey,85,85
40504112721-GRE,40504112721,405041127,Yorke Peninsula - North,Grey,72,74
40504112722-GRE,40504112722,405041127,Yorke Peninsula - North,Grey,272,265
40504112723-GRE,40504112723,405041127,Yorke Peninsula - North,Grey,271,276
40504112724-GRE,40504112724,405041127,Yorke Peninsula - North,Grey,2,2
40504112725-GRE,40504112725,405041127,Yorke Peninsula - North,Grey,216,231
40504112726-GRE,40504112726,405041127,Yorke Peninsula - North,Grey,169,166
40504112727-GRE,40504112727,405041127,Yorke Peninsula - North,Grey,63,62
40504112803-GRE,40504112803,405041128,Yorke Peninsula - South,Grey,157,163
40504112804-GRE,40504112804,405041128,Yorke Peninsula - South,Grey,275,273
40504112805-GRE,40504112805,405041128,Yorke Peninsula - South,Grey,181,187
40504112806-GRE,40504112806,405041128,Yorke Peninsula - South,Grey,222,247
40504112807-GRE,40504112807,405041128,Yorke Peninsula - South,Grey,311,339
40504112808-GRE,40504112808,405041128,Yorke Peninsula - South,Grey,419,404
40504112809-GRE,40504112809,405041128,Yorke Peninsula - South,Grey,5,5
40504112810-GRE,40504112810,405041128,Yorke Peninsula - South,Grey,89,86
40504112811-GRE,40504112811,405041128,Yorke Peninsula - South,Grey,472,468
40504112812-GRE,40504112812,405041128,Yorke Peninsula - South,Grey,472,461
40504112813-GRE,40504112813,405041128,Yorke Peninsula - South,Grey,186,188
40504112814-GRE,40504112814,405041128,Yorke Peninsula - South,Grey,53,53
40504112815-GRE,40504112815,405041128,Yorke Peninsula - South,Grey,345,344
40504112816-GRE,40504112816,405041128,Yorke Peninsula - South,Grey,133,143
40504112817-GRE,40504112817,405041128,Yorke Peninsula - South,Grey,80,86
40601112901-GRE,40601112901,406011129,Ceduna,Grey,269,272
40601112902-GRE,40601112902,406011129,Ceduna,Grey,387,391
40601112903-GRE,40601112903,406011129,Ceduna,Grey,277,273
40601112904-GRE,40601112904,406011129,Ceduna,Grey,332,365
40601112905-GRE,40601112905,406011129,Ceduna,Grey,319,328
40601112906-GRE,40601112906,406011129,Ceduna,Grey,221,252
40601112907-GRE,40601112907,406011129,Ceduna,Grey,0,0
40601113001-GRE,40601113001,406011130,Eyre Peninsula,Grey,213,219
40601113002-GRE,40601113002,406011130,Eyre Peninsula,Grey,173,179
40601113003-GRE,40601113003,406011130,Eyre Peninsula,Grey,181,180
40601113004-GRE,40601113004,406011130,Eyre Peninsula,Grey,145,150
40601113005-GRE,40601113005,406011130,Eyre Peninsula,Grey,229,256
40601113006-GRE,40601113006,406011130,Eyre Peninsula,Grey,153,163
40601113007-GRE,40601113007,406011130,Eyre Peninsula,Grey,143,145
40601113008-GRE,40601113008,406011130,Eyre Peninsula,Grey,432,464
40601113009-GRE,40601113009,406011130,Eyre Peninsula,Grey,128,129
40601113010-GRE,40601113010,406011130,Eyre Peninsula,Grey,273,277
40601113011-GRE,40601113011,406011130,Eyre Peninsula,Grey,321,332
40601113012-GRE,40601113012,406011130,Eyre Peninsula,Grey,391,416
40601113013-GRE,40601113013,406011130,Eyre Peninsula,Grey,260,284
40601113014-GRE,40601113014,406011130,Eyre Peninsula,Grey,3,3
40601113015-GRE,40601113015,406011130,Eyre Peninsula,Grey,2,2
40601113016-GRE,40601113016,406011130,Eyre Peninsula,Grey,328,359
40601113017-GRE,40601113017,406011130,Eyre Peninsula,Grey,109,117
40601113018-GRE,40601113018,406011130,Eyre Peninsula,Grey,272,290
40601113019-GRE,40601113019,406011130,Eyre Peninsula,Grey,253,260
40601113020-GRE,40601113020,406011130,Eyre Peninsula,Grey,325,339
40601113021-GRE,40601113021,406011130,Eyre Peninsula,Grey,225,221
40601113022-GRE,40601113022,406011130,Eyre Peninsula,Grey,341,363
40601113023-GRE,40601113023,406011130,Eyre Peninsula,Grey,178,180
40601113101-GRE,40601113101,406011131,Kimba - Cleve - Franklin Harbour,Grey,317,322
40601113102-GRE,40601113102,406011131,Kimba - Cleve - Franklin Harbour,Grey,163,168
40601113103-GRE,40601113103,406011131,Kimba - Cleve - Franklin Harbour,Grey,158,167
40601113104-GRE,40601113104,406011131,Kimba - Cleve - Franklin Harbour,Grey,402,406
40601113105-GRE,40601113105,406011131,Kimba - Cleve - Franklin Harbour,Grey,361,390
40601113106-GRE,40601113106,406011131,Kimba - Cleve - Franklin Harbour,Grey,200,205
40601113107-GRE,40601113107,406011131,Kimba - Cleve - Franklin Harbour,Grey,391,418
40601113108-GRE,40601113108,406011131,Kimba - Cleve - Franklin Harbour,Grey,171,179
40601113109-GRE,40601113109,406011131,Kimba - Cleve - Franklin Harbour,Grey,179,173
40601113110-GRE,40601113110,406011131,Kimba - Cleve - Franklin Harbour,Grey,277,284
40601113111-GRE,40601113111,406011131,Kimba - Cleve - Franklin Harbour,Grey,153,163
40601113112-GRE,40601113112,406011131,Kimba - Cleve - Franklin Harbour,Grey,238,236
40601113113-GRE,40601113113,406011131,Kimba - Cleve - Franklin Harbour,Grey,100,100
40601113201-GRE,40601113201,406011132,Le Hunte - Elliston,Grey,336,347
40601113202-GRE,40601113202,406011132,Le Hunte - Elliston,Grey,251,258
40601113203-GRE,40601113203,406011132,Le Hunte - Elliston,Grey,259,277
40601113204-GRE,40601113204,406011132,Le Hunte - Elliston,Grey,243,242
40601113205-GRE,40601113205,406011132,Le Hunte - Elliston,Grey,204,221
40601113206-GRE,40601113206,406011132,Le Hunte - Elliston,Grey,246,257
40601113301-GRE,40601113301,406011133,Port Lincoln,Grey,330,320
40601113302-GRE,40601113302,406011133,Port Lincoln,Grey,357,344
40601113303-GRE,40601113303,406011133,Port Lincoln,Grey,317,338
40601113304-GRE,40601113304,406011133,Port Lincoln,Grey,344,368
40601113305-GRE,40601113305,406011133,Port Lincoln,Grey,359,351
40601113306-GRE,40601113306,406011133,Port Lincoln,Grey,225,230
40601113307-GRE,40601113307,406011133,Port Lincoln,Grey,329,319
40601113308-GRE,40601113308,406011133,Port Lincoln,Grey,264,241
40601113309-GRE,40601113309,406011133,Port Lincoln,Grey,216,204
40601113310-GRE,40601113310,406011133,Port Lincoln,Grey,435,397
40601113311-GRE,40601113311,406011133,Port Lincoln,Grey,410,428
40601113312-GRE,40601113312,406011133,Port Lincoln,Grey,484,497
40601113313-GRE,40601113313,406011133,Port Lincoln,Grey,238,242
40601113314-GRE,40601113314,406011133,Port Lincoln,Grey,243,222
40601113315-GRE,40601113315,406011133,Port Lincoln,Grey,412,423
40601113316-GRE,40601113316,406011133,Port Lincoln,Grey,374,388
40601113317-GRE,40601113317,406011133,Port Lincoln,Grey,336,345
40601113318-GRE,40601113318,406011133,Port Lincoln,Grey,179,180
40601113319-GRE,40601113319,406011133,Port Lincoln,Grey,161,160
40601113320-GRE,40601113320,406011133,Port Lincoln,Grey,248,234
40601113321-GRE,40601113321,406011133,Port Lincoln,Grey,234,255
40601113322-GRE,40601113322,406011133,Port Lincoln,Grey,411,435
40601113323-GRE,40601113323,406011133,Port Lincoln,Grey,224,233
40601113324-GRE,40601113324,406011133,Port Lincoln,Grey,323,325
40601113325-GRE,40601113325,406011133,Port Lincoln,Grey,393,443
40601113326-GRE,40601113326,406011133,Port Lincoln,Grey,132,146
40601113327-GRE,40601113327,406011133,Port Lincoln,Grey,221,249
40601113328-GRE,40601113328,406011133,Port Lincoln,Grey,185,197
40601113329-GRE,40601113329,406011133,Port Lincoln,Grey,177,179
40601113330-GRE,40601113330,406011133,Port Lincoln,Grey,265,278
40601113331-GRE,40601113331,406011133,Port Lincoln,Grey,130,136
40601113332-GRE,40601113332,406011133,Port Lincoln,Grey,271,275
40601113333-GRE,40601113333,406011133,Port Lincoln,Grey,377,399
40601113334-GRE,40601113334,406011133,Port Lincoln,Grey,220,227
40601113335-GRE,40601113335,406011133,Port Lincoln,Grey,83,87
40601113336-GRE,40601113336,406011133,Port Lincoln,Grey,76,80
40601113337-GRE,40601113337,406011133,Port Lincoln,Grey,724,742
40601113338-GRE,40601113338,406011133,Port Lincoln,Grey,280,289
40601113339-GRE,40601113339,406011133,Port Lincoln,Grey,191,184
40601113340-GRE,40601113340,406011133,Port Lincoln,Grey,408,439
40601113341-GRE,40601113341,406011133,Port Lincoln,Grey,282,289
40601113342-GRE,40601113342,406011133,Port Lincoln,Grey,336,327
40601113401-GRE,40601113401,406011134,West Coast (SA),Grey,250,254
40601113402-GRE,40601113402,406011134,West Coast (SA),Grey,242,276
40601113403-GRE,40601113403,406011134,West Coast (SA),Grey,269,287
40601113404-GRE,40601113404,406011134,West Coast (SA),Grey,578,601
40601113405-GRE,40601113405,406011134,West Coast (SA),Grey,342,351
40601113406-GRE,40601113406,406011134,West Coast (SA),Grey,146,149
40601113407-GRE,40601113407,406011134,West Coast (SA),Grey,342,356
40601113408-GRE,40601113408,406011134,West Coast (SA),Grey,81,88
40601113409-GRE,40601113409,406011134,West Coast (SA),Grey,219,234
40601113410-GRE,40601113410,406011134,West Coast (SA),Grey,213,229
40601113411-GRE,40601113411,406011134,West Coast (SA),Grey,0,0
40601113503-GRE,40601113503,406011135,Western,Grey,38,38
40601113504-GRE,40601113504,406011135,Western,Grey,0,0
40601113601-GRE,40601113601,406011136,Whyalla,Grey,261,269
40601113602-GRE,40601113602,406011136,Whyalla,Grey,205,188
40601113603-GRE,40601113603,406011136,Whyalla,Grey,451,454
40601113604-GRE,40601113604,406011136,Whyalla,Grey,397,397
40601113605-GRE,40601113605,406011136,Whyalla,Grey,235,219
40601113606-GRE,40601113606,406011136,Whyalla,Grey,293,295
40601113607-GRE,40601113607,406011136,Whyalla,Grey,310,316
40601113608-GRE,40601113608,406011136,Whyalla,Grey,367,344
40601113609-GRE,40601113609,406011136,Whyalla,Grey,249,252
40601113610-GRE,40601113610,406011136,Whyalla,Grey,0,0
40601113611-GRE,40601113611,406011136,Whyalla,Grey,218,217
40601113612-GRE,40601113612,406011136,Whyalla,Grey,315,301
40601113613-GRE,40601113613,406011136,Whyalla,Grey,327,306
40601113614-GRE,40601113614,406011136,Whyalla,Grey,413,390
40601113615-GRE,40601113615,406011136,Whyalla,Grey,433,414
40601113617-GRE,40601113617,406011136,Whyalla,Grey,1,1
40601113618-GRE,40601113618,406011136,Whyalla,Grey,209,209
40601113619-GRE,40601113619,406011136,Whyalla,Grey,328,332
40601113620-GRE,40601113620,406011136,Whyalla,Grey,295,294
40601113621-GRE,40601113621,406011136,Whyalla,Grey,218,200
40601113622-GRE,40601113622,406011136,Whyalla,Grey,179,188
40601113623-GRE,40601113623,406011136,Whyalla,Grey,324,320
40601113624-GRE,40601113624,406011136,Whyalla,Grey,223,214
40601113625-GRE,40601113625,406011136,Whyalla,Grey,212,194
40601113626-GRE,40601113626,406011136,Whyalla,Grey,261,242
40601113627-GRE,40601113627,406011136,Whyalla,Grey,319,293
40601113628-GRE,40601113628,406011136,Whyalla,Grey,273,286
40601113629-GRE,40601113629,406011136,Whyalla,Grey,311,313
40601113630-GRE,40601113630,406011136,Whyalla,Grey,408,424
40601113631-GRE,40601113631,406011136,Whyalla,Grey,230,229
40601113632-GRE,40601113632,406011136,Whyalla,Grey,264,272
40601113633-GRE,40601113633,406011136,Whyalla,Grey,207,213
40601113634-GRE,40601113634,406011136,Whyalla,Grey,219,205
40601113635-GRE,40601113635,406011136,Whyalla,Grey,207,217
40601113636-GRE,40601113636,406011136,Whyalla,Grey,216,221
40601113637-GRE,40601113637,406011136,Whyalla,Grey,329,347
40601113638-GRE,40601113638,406011136,Whyalla,Grey,380,408
40601113639-GRE,40601113639,406011136,Whyalla,Grey,287,287
40601113640-GRE,40601113640,406011136,Whyalla,Grey,225,224
40601113641-GRE,40601113641,406011136,Whyalla,Grey,277,301
40601113642-GRE,40601113642,406011136,Whyalla,Grey,269,258
40601113643-GRE,40601113643,406011136,Whyalla,Grey,453,435
40601113644-GRE,40601113644,406011136,Whyalla,Grey,321,327
40601113645-GRE,40601113645,406011136,Whyalla,Grey,249,285
40601113646-GRE,40601113646,406011136,Whyalla,Grey,216,214
40601113647-GRE,40601113647,406011136,Whyalla,Grey,92,94
40601113648-GRE,40601113648,406011136,Whyalla,Grey,336,321
40601113649-GRE,40601113649,406011136,Whyalla,Grey,6,6
40601113650-GRE,40601113650,406011136,Whyalla,Grey,0,0
40601113651-GRE,40601113651,406011136,Whyalla,Grey,317,321
40601113652-GRE,40601113652,406011136,Whyalla,Grey,187,192
40601113653-GRE,40601113653,406011136,Whyalla,Grey,240,252
40601113654-GRE,40601113654,406011136,Whyalla,Grey,4,4
40601113655-GRE,40601113655,406011136,Whyalla,Grey,237,238
40601113656-GRE,40601113656,406011136,Whyalla,Grey,116,122
40601113657-GRE,40601113657,406011136,Whyalla,Grey,262,265
40601113658-GRE,40601113658,406011136,Whyalla,Grey,246,268
40601113659-GRE,40601113659,406011136,Whyalla,Grey,295,290
40601113660-GRE,40601113660,406011136,Whyalla,Grey,297,299
40601113661-GRE,40601113661,406011136,Whyalla,Grey,516,496
40601113662-GRE,40601113662,406011136,Whyalla,Grey,413,404
40601113701-GRE,40601113701,406011137,Whyalla - North,Grey,0,0
40602113801-GRE,40602113801,406021138,APY Lands,Grey,42,48
40602113802-GRE,40602113802,406021138,APY Lands,Grey,0,0
40602113803-GRE,40602113803,406021138,APY Lands,Grey,50,55
40602113804-GRE,40602113804,406021138,APY Lands,Grey,0,0
40602113805-GRE,40602113805,406021138,APY Lands,Grey,0,0
40602113806-GRE,40602113806,406021138,APY Lands,Grey,23,24
40602113807-GRE,40602113807,406021138,APY Lands,Grey,24,24
40602113808-GRE,40602113808,406021138,APY Lands,Grey,0,0
40602113809-GRE,40602113809,406021138,APY Lands,Grey,5,5
40602113810-GRE,40602113810,406021138,APY Lands,Grey,2,2
40602113811-GRE,40602113811,406021138,APY Lands,Grey,124,115
40602113812-GRE,40602113812,406021138,APY Lands,Grey,269,304
40602113813-GRE,40602113813,406021138,APY Lands,Grey,358,393
40602113814-GRE,40602113814,406021138,APY Lands,Grey,188,210
40602113815-GRE,40602113815,406021138,APY Lands,Grey,209,227
40602113816-GRE,40602113816,406021138,APY Lands,Grey,269,311
40602113817-GRE,40602113817,406021138,APY Lands,Grey,5,5
40602113901-GRE,40602113901,406021139,Coober Pedy,Grey,121,110
40602113902-GRE,40602113902,406021139,Coober Pedy,Grey,50,44
40602113903-GRE,40602113903,406021139,Coober Pedy,Grey,135,129
40602113904-GRE,40602113904,406021139,Coober Pedy,Grey,183,162
40602113905-GRE,40602113905,406021139,Coober Pedy,Grey,99,91
40602113906-GRE,40602113906,406021139,Coober Pedy,Grey,80,76
40602113907-GRE,40602113907,406021139,Coober Pedy,Grey,146,127
40602113908-GRE,40602113908,406021139,Coober Pedy,Grey,138,121
40602114001-GRE,40602114001,406021140,Quorn - Lake Gilles,Grey,42,42
40602114003-GRE,40602114003,406021140,Quorn - Lake Gilles,Grey,241,232
40602114004-GRE,40602114004,406021140,Quorn - Lake Gilles,Grey,250,260
40602114005-GRE,40602114005,406021140,Quorn - Lake Gilles,Grey,212,220
40602114006-GRE,40602114006,406021140,Quorn - Lake Gilles,Grey,333,334
40602114007-GRE,40602114007,406021140,Quorn - Lake Gilles,Grey,155,145
40602114008-GRE,40602114008,406021140,Quorn - Lake Gilles,Grey,204,189
40602114009-GRE,40602114009,406021140,Quorn - Lake Gilles,Grey,109,113
40602114010-GRE,40602114010,406021140,Quorn - Lake Gilles,Grey,52,54
40602114101-GRE,40602114101,406021141,Outback,Grey,232,207
40602114102-GRE,40602114102,406021141,Outback,Grey,54,49
40602114103-GRE,40602114103,406021141,Outback,Grey,36,34
40602114104-GRE,40602114104,406021141,Outback,Grey,57,52
40602114105-GRE,40602114105,406021141,Outback,Grey,70,60
40602114107-GRE,40602114107,406021141,Outback,Grey,191,167
40602114109-GRE,40602114109,406021141,Outback,Grey,72,65
40602114110-BAR,40602114110,406021141,Outback,Barker,12,11
40602114110-GRE,40602114110,406021141,Outback,Grey,248,222
40602114111-GRE,40602114111,406021141,Outback,Grey,160,137
40602114201-GRE,40602114201,406021142,Port Augusta,Grey,340,365
40602114202-GRE,40602114202,406021142,Port Augusta,Grey,281,308
40602114203-GRE,40602114203,406021142,Port Augusta,Grey,233,219
40602114204-GRE,40602114204,406021142,Port Augusta,Grey,404,419
40602114205-GRE,40602114205,406021142,Port Augusta,Grey,155,160
40602114206-GRE,40602114206,406021142,Port Augusta,Grey,348,348
40602114207-GRE,40602114207,406021142,Port Augusta,Grey,111,108
40602114208-GRE,40602114208,406021142,Port Augusta,Grey,202,197
40602114209-GRE,40602114209,406021142,Port Augusta,Grey,423,409
40602114210-GRE,40602114210,406021142,Port Augusta,Grey,78,82
40602114211-GRE,40602114211,406021142,Port Augusta,Grey,155,165
40602114212-GRE,40602114212,406021142,Port Augusta,Grey,379,374
40602114213-GRE,40602114213,406021142,Port Augusta,Grey,222,200
40602114214-GRE,40602114214,406021142,Port Augusta,Grey,391,353
40602114215-GRE,40602114215,406021142,Port Augusta,Grey,216,209
40602114216-GRE,40602114216,406021142,Port Augusta,Grey,240,215
40602114217-GRE,40602114217,406021142,Port Augusta,Grey,45,46
40602114218-GRE,40602114218,406021142,Port Augusta,Grey,302,280
40602114219-GRE,40602114219,406021142,Port Augusta,Grey,386,361
40602114220-GRE,40602114220,406021142,Port Augusta,Grey,368,358
40602114221-GRE,40602114221,406021142,Port Augusta,Grey,229,204
40602114222-GRE,40602114222,406021142,Port Augusta,Grey,430,442
40602114223-GRE,40602114223,406021142,Port Augusta,Grey,304,278
40602114224-GRE,40602114224,406021142,Port Augusta,Grey,195,200
40602114225-GRE,40602114225,406021142,Port Augusta,Grey,437,454
40602114226-GRE,40602114226,406021142,Port Augusta,Grey,233,233
40602114227-GRE,40602114227,406021142,Port Augusta,Grey,309,290
40602114228-GRE,40602114228,406021142,Port Augusta,Grey,316,306
40602114229-GRE,40602114229,406021142,Port Augusta,Grey,57,55
40602114230-GRE,40602114230,406021142,Port Augusta,Grey,241,233
40602114231-GRE,40602114231,406021142,Port Augusta,Grey,294,292
40602114232-GRE,40602114232,406021142,Port Augusta,Grey,323,292
40602114233-GRE,40602114233,406021142,Port Augusta,Grey,138,142
40602114234-GRE,40602114234,406021142,Port Augusta,Grey,398,374
40602114235-GRE,40602114235,406021142,Port Augusta,Grey,2,2
40602114236-GRE,40602114236,406021142,Port Augusta,Grey,355,356
40602114301-GRE,40602114301,406021143,Roxby Downs,Grey,181,167
40602114302-GRE,40602114302,406021143,Roxby Downs,Grey,236,215
40602114303-GRE,40602114303,406021143,Roxby Downs,Grey,44,42
40602114304-GRE,40602114304,406021143,Roxby Downs,Grey,142,142
40602114305-GRE,40602114305,406021143,Roxby Downs,Grey,114,101
40602114307-GRE,40602114307,406021143,Roxby Downs,Grey,236,219
40602114308-GRE,40602114308,406021143,Roxby Downs,Grey,5,5
40602114309-GRE,40602114309,406021143,Roxby Downs,Grey,0,0
40602114311-GRE,40602114311,406021143,Roxby Downs,Grey,255,219
40602114312-GRE,40602114312,406021143,Roxby Downs,Grey,224,215
40602114313-GRE,40602114313,406021143,Roxby Downs,Grey,371,367
40602114314-GRE,40602114314,406021143,Roxby Downs,Grey,231,233
40701114401-MAY,40701114401,407011144,Goolwa - Port Elliot,Mayo,305,314
40701114402-MAY,40701114402,407011144,Goolwa - Port Elliot,Mayo,256,261
40701114403-MAY,40701114403,407011144,Goolwa - Port Elliot,Mayo,500,505
40701114404-MAY,40701114404,407011144,Goolwa - Port Elliot,Mayo,128,130
40701114405-MAY,40701114405,407011144,Goolwa - Port Elliot,Mayo,578,617
40701114406-MAY,40701114406,407011144,Goolwa - Port Elliot,Mayo,210,221
40701114407-MAY,40701114407,407011144,Goolwa - Port Elliot,Mayo,157,164
40701114408-MAY,40701114408,407011144,Goolwa - Port Elliot,Mayo,659,690
40701114409-MAY,40701114409,407011144,Goolwa - Port Elliot,Mayo,384,398
40701114411-MAY,40701114411,407011144,Goolwa - Port Elliot,Mayo,443,468
40701114412-MAY,40701114412,407011144,Goolwa - Port Elliot,Mayo,341,357
40701114413-MAY,40701114413,407011144,Goolwa - Port Elliot,Mayo,359,347
40701114415-MAY,40701114415,407011144,Goolwa - Port Elliot,Mayo,399,410
40701114416-MAY,40701114416,407011144,Goolwa - Port Elliot,Mayo,399,397
40701114417-MAY,40701114417,407011144,Goolwa - Port Elliot,Mayo,265,258
40701114418-MAY,40701114418,407011144,Goolwa - Port Elliot,Mayo,418,398
40701114419-MAY,40701114419,407011144,Goolwa - Port Elliot,Mayo,252,254
40701114420-MAY,40701114420,407011144,Goolwa - Port Elliot,Mayo,245,276
40701114421-MAY,40701114421,407011144,Goolwa - Port Elliot,Mayo,294,289
40701114422-MAY,40701114422,407011144,Goolwa - Port Elliot,Mayo,407,416
40701114424-MAY,40701114424,407011144,Goolwa - Port Elliot,Mayo,455,448
40701114425-MAY,40701114425,407011144,Goolwa - Port Elliot,Mayo,303,327
40701114426-MAY,40701114426,407011144,Goolwa - Port Elliot,Mayo,277,280
40701114427-MAY,40701114427,407011144,Goolwa - Port Elliot,Mayo,310,319
40701114428-MAY,40701114428,407011144,Goolwa - Port Elliot,Mayo,428,453
40701114429-MAY,40701114429,407011144,Goolwa - Port Elliot,Mayo,261,272
40701114430-MAY,40701114430,407011144,Goolwa - Port Elliot,Mayo,7,7
40701114431-MAY,40701114431,407011144,Goolwa - Port Elliot,Mayo,252,258
40701114432-MAY,40701114432,407011144,Goolwa - Port Elliot,Mayo,642,641
40701114433-MAY,40701114433,407011144,Goolwa - Port Elliot,Mayo,155,155
40701114434-MAY,40701114434,407011144,Goolwa - Port Elliot,Mayo,544,568
40701114435-MAY,40701114435,407011144,Goolwa - Port Elliot,Mayo,57,59
40701114436-MAY,40701114436,407011144,Goolwa - Port Elliot,Mayo,253,261
40701114501-MAY,40701114501,407011145,Kangaroo Island,Mayo,171,175
40701114502-MAY,40701114502,407011145,Kangaroo Island,Mayo,255,258
40701114503-MAY,40701114503,407011145,Kangaroo Island,Mayo,304,307
40701114504-MAY,40701114504,407011145,Kangaroo Island,Mayo,169,157
40701114505-MAY,40701114505,407011145,Kangaroo Island,Mayo,354,350
40701114506-MAY,40701114506,407011145,Kangaroo Island,Mayo,220,255
40701114507-MAY,40701114507,407011145,Kangaroo Island,Mayo,214,214
40701114508-MAY,40701114508,407011145,Kangaroo Island,Mayo,235,237
40701114509-MAY,40701114509,407011145,Kangaroo Island,Mayo,481,482
40701114510-MAY,40701114510,407011145,Kangaroo Island,Mayo,225,214
40701114511-MAY,40701114511,407011145,Kangaroo Island,Mayo,78,71
40701114512-MAY,40701114512,407011145,Kangaroo Island,Mayo,501,499
40701114513-MAY,40701114513,407011145,Kangaroo Island,Mayo,403,398
40701114514-MAY,40701114514,407011145,Kangaroo Island,Mayo,233,234
40701114601-MAY,40701114601,407011146,Strathalbyn,Mayo,86,91
40701114604-MAY,40701114604,407011146,Strathalbyn,Mayo,744,841
40701114605-MAY,40701114605,407011146,Strathalbyn,Mayo,467,529
40701114606-MAY,40701114606,407011146,Strathalbyn,Mayo,249,250
40701114608-MAY,40701114608,407011146,Strathalbyn,Mayo,248,257
40701114609-MAY,40701114609,407011146,Strathalbyn,Mayo,535,566
40701114610-MAY,40701114610,407011146,Strathalbyn,Mayo,300,300
40701114611-MAY,40701114611,407011146,Strathalbyn,Mayo,551,612
40701114612-MAY,40701114612,407011146,Strathalbyn,Mayo,505,537
40701114613-MAY,40701114613,407011146,Strathalbyn,Mayo,178,201
40701114614-MAY,40701114614,407011146,Strathalbyn,Mayo,534,582
40701114615-MAY,40701114615,407011146,Strathalbyn,Mayo,155,162
40701114616-MAY,40701114616,407011146,Strathalbyn,Mayo,539,585
40701114617-MAY,40701114617,407011146,Strathalbyn,Mayo,383,354
40701114618-MAY,40701114618,407011146,Strathalbyn,Mayo,477,494
40701114619-MAY,40701114619,407011146,Strathalbyn,Mayo,407,467
40701114620-MAY,40701114620,407011146,Strathalbyn,Mayo,201,218
40701114701-MAY,40701114701,407011147,Strathalbyn Surrounds,Mayo,284,291
40701114702-MAY,40701114702,407011147,Strathalbyn Surrounds,Mayo,362,382
40701114703-MAY,40701114703,407011147,Strathalbyn Surrounds,Mayo,353,402
40701114704-MAY,40701114704,407011147,Strathalbyn Surrounds,Mayo,428,431
40701114705-MAY,40701114705,407011147,Strathalbyn Surrounds,Mayo,370,376
40701114706-MAY,40701114706,407011147,Strathalbyn Surrounds,Mayo,153,166
40701114707-MAY,40701114707,407011147,Strathalbyn Surrounds,Mayo,139,135
40701114708-MAY,40701114708,407011147,Strathalbyn Surrounds,Mayo,608,617
40701114709-MAY,40701114709,407011147,Strathalbyn Surrounds,Mayo,317,327
40701114710-MAY,40701114710,407011147,Strathalbyn Surrounds,Mayo,382,419
40701114711-MAY,40701114711,407011147,Strathalbyn Surrounds,Mayo,240,242
40701114712-MAY,40701114712,407011147,Strathalbyn Surrounds,Mayo,333,358
40701114713-MAY,40701114713,407011147,Strathalbyn Surrounds,Mayo,365,366
40701114714-MAY,40701114714,407011147,Strathalbyn Surrounds,Mayo,335,341
40701114715-MAY,40701114715,407011147,Strathalbyn Surrounds,Mayo,437,458
40701114716-MAY,40701114716,407011147,Strathalbyn Surrounds,Mayo,280,271
40701114717-MAY,40701114717,407011147,Strathalbyn Surrounds,Mayo,381,381
40701114718-MAY,40701114718,407011147,Strathalbyn Surrounds,Mayo,257,267
40701114801-MAY,40701114801,407011148,Victor Harbor,Mayo,449,501
40701114802-MAY,40701114802,407011148,Victor Harbor,Mayo,419,413
40701114803-MAY,40701114803,407011148,Victor Harbor,Mayo,277,278
40701114804-MAY,40701114804,407011148,Victor Harbor,Mayo,433,403
40701114805-MAY,40701114805,407011148,Victor Harbor,Mayo,452,479
40701114806-MAY,40701114806,407011148,Victor Harbor,Mayo,613,629
40701114807-MAY,40701114807,407011148,Victor Harbor,Mayo,397,411
40701114808-MAY,40701114808,407011148,Victor Harbor,Mayo,346,333
40701114809-MAY,40701114809,407011148,Victor Harbor,Mayo,264,256
40701114810-MAY,40701114810,407011148,Victor Harbor,Mayo,415,418
40701114811-MAY,40701114811,407011148,Victor Harbor,Mayo,392,356
40701114812-MAY,40701114812,407011148,Victor Harbor,Mayo,236,250
40701114813-MAY,40701114813,407011148,Victor Harbor,Mayo,629,646
40701114814-MAY,40701114814,407011148,Victor Harbor,Mayo,501,515
40701114815-MAY,40701114815,407011148,Victor Harbor,Mayo,386,364
40701114816-MAY,40701114816,407011148,Victor Harbor,Mayo,698,664
40701114817-MAY,40701114817,407011148,Victor Harbor,Mayo,287,292
40701114818-MAY,40701114818,407011148,Victor Harbor,Mayo,383,384
40701114819-MAY,40701114819,407011148,Victor Harbor,Mayo,722,700
40701114820-MAY,40701114820,407011148,Victor Harbor,Mayo,231,234
40701114821-MAY,40701114821,407011148,Victor Harbor,Mayo,834,776
40701114822-MAY,40701114822,407011148,Victor Harbor,Mayo,498,500
40701114823-MAY,40701114823,407011148,Victor Harbor,Mayo,633,619
40701114824-MAY,40701114824,407011148,Victor Harbor,Mayo,896,906
40701114825-MAY,40701114825,407011148,Victor Harbor,Mayo,298,302
40701114826-MAY,40701114826,407011148,Victor Harbor,Mayo,403,412
40701114827-MAY,40701114827,407011148,Victor Harbor,Mayo,549,595
40701114828-MAY,40701114828,407011148,Victor Harbor,Mayo,515,546
40701114829-MAY,40701114829,407011148,Victor Harbor,Mayo,454,486
40701114830-MAY,40701114830,407011148,Victor Harbor,Mayo,215,215
40701114901-MAY,40701114901,407011149,Yankalilla,Mayo,261,280
40701114902-MAY,40701114902,407011149,Yankalilla,Mayo,264,272
40701114903-MAY,40701114903,407011149,Yankalilla,Mayo,267,288
40701114904-MAY,40701114904,407011149,Yankalilla,Mayo,305,306
40701114905-MAY,40701114905,407011149,Yankalilla,Mayo,272,284
40701114906-MAY,40701114906,407011149,Yankalilla,Mayo,808,818
40701114907-MAY,40701114907,407011149,Yankalilla,Mayo,316,330
40701114908-MAY,40701114908,407011149,Yankalilla,Mayo,519,545
40701114909-MAY,40701114909,407011149,Yankalilla,Mayo,325,364
40701114910-MAY,40701114910,407011149,Yankalilla,Mayo,384,405
40701114911-MAY,40701114911,407011149,Yankalilla,Mayo,364,383
40701114912-MAY,40701114912,407011149,Yankalilla,Mayo,472,487
40701114913-MAY,40701114913,407011149,Yankalilla,Mayo,339,368
40701114914-MAY,40701114914,407011149,Yankalilla,Mayo,297,291
40702115001-BAR,40702115001,407021150,Grant,Barker,241,252
40702115002-BAR,40702115002,407021150,Grant,Barker,305,340
40702115003-BAR,40702115003,407021150,Grant,Barker,181,192
40702115004-BAR,40702115004,407021150,Grant,Barker,311,315
40702115005-BAR,40702115005,407021150,Grant,Barker,234,241
40702115006-BAR,40702115006,407021150,Grant,Barker,218,229
40702115007-BAR,40702115007,407021150,Grant,Barker,261,260
40702115008-BAR,40702115008,407021150,Grant,Barker,162,160
40702115009-BAR,40702115009,407021150,Grant,Barker,360,365
40702115010-BAR,40702115010,407021150,Grant,Barker,227,232
40702115011-BAR,40702115011,407021150,Grant,Barker,270,285
40702115012-BAR,40702115012,407021150,Grant,Barker,169,173
40702115013-BAR,40702115013,407021150,Grant,Barker,51,54
40702115014-BAR,40702115014,407021150,Grant,Barker,301,301
40702115015-BAR,40702115015,407021150,Grant,Barker,134,136
40702115016-BAR,40702115016,407021150,Grant,Barker,171,177
40702115017-BAR,40702115017,407021150,Grant,Barker,149,155
40702115018-BAR,40702115018,407021150,Grant,Barker,216,223
40702115101-BAR,40702115101,407021151,Kingston - Robe,Barker,263,290
40702115102-BAR,40702115102,407021151,Kingston - Robe,Barker,294,308
40702115103-BAR,40702115103,407021151,Kingston - Robe,Barker,140,139
40702115104-BAR,40702115104,407021151,Kingston - Robe,Barker,304,329
40702115105-BAR,40702115105,407021151,Kingston - Robe,Barker,205,197
40702115106-BAR,40702115106,407021151,Kingston - Robe,Barker,234,226
40702115107-BAR,40702115107,407021151,Kingston - Robe,Barker,204,202
40702115108-BAR,40702115108,407021151,Kingston - Robe,Barker,167,168
40702115109-BAR,40702115109,407021151,Kingston - Robe,Barker,361,362
40702115110-BAR,40702115110,407021151,Kingston - Robe,Barker,86,91
40702115111-BAR,40702115111,407021151,Kingston - Robe,Barker,84,86
40702115112-BAR,40702115112,407021151,Kingston - Robe,Barker,445,449
40702115113-BAR,40702115113,407021151,Kingston - Robe,Barker,226,238
40702115114-BAR,40702115114,407021151,Kingston - Robe,Barker,129,134
40702115201-BAR,40702115201,407021152,Millicent,Barker,180,185
40702115202-BAR,40702115202,407021152,Millicent,Barker,298,326
40702115203-BAR,40702115203,407021152,Millicent,Barker,222,223
40702115204-BAR,40702115204,407021152,Millicent,Barker,181,187
40702115205-BAR,40702115205,407021152,Millicent,Barker,269,292
40702115206-BAR,40702115206,407021152,Millicent,Barker,202,223
40702115207-BAR,40702115207,407021152,Millicent,Barker,127,136
40702115208-BAR,40702115208,407021152,Millicent,Barker,413,408
40702115209-BAR,40702115209,407021152,Millicent,Barker,265,249
40702115210-BAR,40702115210,407021152,Millicent,Barker,493,515
40702115211-BAR,40702115211,407021152,Millicent,Barker,195,211
40702115212-BAR,40702115212,407021152,Millicent,Barker,196,206
40702115213-BAR,40702115213,407021152,Millicent,Barker,421,414
40702115214-BAR,40702115214,407021152,Millicent,Barker,187,201
40702115215-BAR,40702115215,407021152,Millicent,Barker,278,269
40702115216-BAR,40702115216,407021152,Millicent,Barker,251,244
40702115401-BAR,40702115401,407021154,Naracoorte,Barker,231,237
40702115402-BAR,40702115402,407021154,Naracoorte,Barker,343,332
40702115403-BAR,40702115403,407021154,Naracoorte,Barker,186,189
40702115404-BAR,40702115404,407021154,Naracoorte,Barker,298,258
40702115405-BAR,40702115405,407021154,Naracoorte,Barker,0,0
40702115406-BAR,40702115406,407021154,Naracoorte,Barker,0,0
40702115407-BAR,40702115407,407021154,Naracoorte,Barker,256,237
40702115408-BAR,40702115408,407021154,Naracoorte,Barker,235,211
40702115409-BAR,40702115409,407021154,Naracoorte,Barker,257,237
40702115410-BAR,40702115410,407021154,Naracoorte,Barker,153,145
40702115411-BAR,40702115411,407021154,Naracoorte,Barker,151,144
40702115412-BAR,40702115412,407021154,Naracoorte,Barker,481,462
40702115413-BAR,40702115413,407021154,Naracoorte,Barker,250,248
40702115414-BAR,40702115414,407021154,Naracoorte,Barker,269,242
40702115415-BAR,40702115415,407021154,Naracoorte,Barker,244,235
40702115416-BAR,40702115416,407021154,Naracoorte,Barker,276,272
40702115417-BAR,40702115417,407021154,Naracoorte,Barker,234,225
40702115418-BAR,40702115418,407021154,Naracoorte,Barker,361,335
40702115501-BAR,40702115501,407021155,Naracoorte Surrounds,Barker,442,454
40702115502-BAR,40702115502,407021155,Naracoorte Surrounds,Barker,256,259
40702115503-BAR,40702115503,407021155,Naracoorte Surrounds,Barker,279,272
40702115504-BAR,40702115504,407021155,Naracoorte Surrounds,Barker,170,170
40702115505-BAR,40702115505,407021155,Naracoorte Surrounds,Barker,162,167
40702115506-BAR,40702115506,407021155,Naracoorte Surrounds,Barker,356,364
40702115601-BAR,40702115601,407021156,Penola,Barker,243,260
40702115602-BAR,40702115602,407021156,Penola,Barker,282,294
40702115603-BAR,40702115603,407021156,Penola,Barker,289,293
40702115604-BAR,40702115604,407021156,Penola,Barker,288,268
40702115605-BAR,40702115605,407021156,Penola,Barker,223,219
40702115606-BAR,40702115606,407021156,Penola,Barker,281,284
40702115607-BAR,40702115607,407021156,Penola,Barker,231,239
40702115608-BAR,40702115608,407021156,Penola,Barker,281,281
40702115609-BAR,40702115609,407021156,Penola,Barker,179,179
40702115701-BAR,40702115701,407021157,Tatiara,Barker,87,84
40702115702-BAR,40702115702,407021157,Tatiara,Barker,238,237
40702115703-BAR,40702115703,407021157,Tatiara,Barker,156,163
40702115704-BAR,40702115704,407021157,Tatiara,Barker,360,361
40702115705-BAR,40702115705,407021157,Tatiara,Barker,151,148
40702115706-BAR,40702115706,407021157,Tatiara,Barker,240,237
40702115707-BAR,40702115707,407021157,Tatiara,Barker,197,197
40702115708-BAR,40702115708,407021157,Tatiara,Barker,187,194
40702115709-BAR,40702115709,407021157,Tatiara,Barker,217,217
40702115710-BAR,40702115710,407021157,Tatiara,Barker,168,170
40702115711-BAR,40702115711,407021157,Tatiara,Barker,141,147
40702115712-BAR,40702115712,407021157,Tatiara,Barker,166,165
40702115713-BAR,40702115713,407021157,Tatiara,Barker,272,279
40702115714-BAR,40702115714,407021157,Tatiara,Barker,224,216
40702115715-BAR,40702115715,407021157,Tatiara,Barker,245,242
40702115716-BAR,40702115716,407021157,Tatiara,Barker,277,292
40702115717-BAR,40702115717,407021157,Tatiara,Barker,104,107
40702115718-BAR,40702115718,407021157,Tatiara,Barker,258,270
40702115719-BAR,40702115719,407021157,Tatiara,Barker,350,317
40702115720-BAR,40702115720,407021157,Tatiara,Barker,244,222
40702115721-BAR,40702115721,407021157,Tatiara,Barker,216,205
40702115801-BAR,40702115801,407021158,Wattle Range,Barker,526,540
40702115802-BAR,40702115802,407021158,Wattle Range,Barker,145,151
40702115803-BAR,40702115803,407021158,Wattle Range,Barker,233,248
40702115804-BAR,40702115804,407021158,Wattle Range,Barker,410,402
40702115805-BAR,40702115805,407021158,Wattle Range,Barker,220,273
40702115806-BAR,40702115806,407021158,Wattle Range,Barker,173,175
40702115807-BAR,40702115807,407021158,Wattle Range,Barker,176,177
40702115808-BAR,40702115808,407021158,Wattle Range,Barker,235,230
40702115809-BAR,40702115809,407021158,Wattle Range,Barker,412,405
40702117301-BAR,40702117301,407021173,Mount Gambier - East,Barker,195,215
40702117302-BAR,40702117302,407021173,Mount Gambier - East,Barker,208,199
40702117303-BAR,40702117303,407021173,Mount Gambier - East,Barker,647,689
40702117304-BAR,40702117304,407021173,Mount Gambier - East,Barker,341,388
40702117305-BAR,40702117305,407021173,Mount Gambier - East,Barker,615,634
40702117306-BAR,40702117306,407021173,Mount Gambier - East,Barker,268,255
40702117307-BAR,40702117307,407021173,Mount Gambier - East,Barker,302,299
40702117308-BAR,40702117308,407021173,Mount Gambier - East,Barker,343,367
40702117309-BAR,40702117309,407021173,Mount Gambier - East,Barker,358,385
40702117310-BAR,40702117310,407021173,Mount Gambier - East,Barker,440,477
40702117311-BAR,40702117311,407021173,Mount Gambier - East,Barker,187,183
40702117312-BAR,40702117312,407021173,Mount Gambier - East,Barker,448,469
40702117313-BAR,40702117313,407021173,Mount Gambier - East,Barker,321,335
40702117314-BAR,40702117314,407021173,Mount Gambier - East,Barker,393,390
40702117315-BAR,40702117315,407021173,Mount Gambier - East,Barker,199,216
40702117316-BAR,40702117316,407021173,Mount Gambier - East,Barker,450,411
40702117317-BAR,40702117317,407021173,Mount Gambier - East,Barker,325,317
40702117318-BAR,40702117318,407021173,Mount Gambier - East,Barker,330,329
40702117319-BAR,40702117319,407021173,Mount Gambier - East,Barker,233,226
40702117320-BAR,40702117320,407021173,Mount Gambier - East,Barker,394,462
40702117321-BAR,40702117321,407021173,Mount Gambier - East,Barker,408,427
40702117322-BAR,40702117322,407021173,Mount Gambier - East,Barker,36,40
40702117323-BAR,40702117323,407021173,Mount Gambier - East,Barker,220,230
40702117324-BAR,40702117324,407021173,Mount Gambier - East,Barker,243,248
40702117325-BAR,40702117325,407021173,Mount Gambier - East,Barker,318,329
40702117326-BAR,40702117326,407021173,Mount Gambier - East,Barker,379,369
40702117327-BAR,40702117327,407021173,Mount Gambier - East,Barker,299,315
40702117328-BAR,40702117328,407021173,Mount Gambier - East,Barker,383,392
40702117329-BAR,40702117329,407021173,Mount Gambier - East,Barker,356,361
40702117330-BAR,40702117330,407021173,Mount Gambier - East,Barker,371,386
40702117331-BAR,40702117331,407021173,Mount Gambier - East,Barker,197,180
40702117332-BAR,40702117332,407021173,Mount Gambier - East,Barker,372,393
40702117333-BAR,40702117333,407021173,Mount Gambier - East,Barker,340,374
40702117334-BAR,40702117334,407021173,Mount Gambier - East,Barker,264,287
40702117335-BAR,40702117335,407021173,Mount Gambier - East,Barker,186,180
40702117401-BAR,40702117401,407021174,Mount Gambier - West,Barker,394,386
40702117402-BAR,40702117402,407021174,Mount Gambier - West,Barker,227,249
40702117403-BAR,40702117403,407021174,Mount Gambier - West,Barker,205,206
40702117404-BAR,40702117404,407021174,Mount Gambier - West,Barker,398,377
40702117405-BAR,40702117405,407021174,Mount Gambier - West,Barker,198,199
40702117406-BAR,40702117406,407021174,Mount Gambier - West,Barker,404,380
40702117408-BAR,40702117408,407021174,Mount Gambier - West,Barker,609,622
40702117409-BAR,40702117409,407021174,Mount Gambier - West,Barker,397,398
40702117410-BAR,40702117410,407021174,Mount Gambier - West,Barker,415,388
40702117411-BAR,40702117411,407021174,Mount Gambier - West,Barker,426,405
40702117412-BAR,40702117412,407021174,Mount Gambier - West,Barker,170,191
40702117413-BAR,40702117413,407021174,Mount Gambier - West,Barker,185,182
40702117414-BAR,40702117414,407021174,Mount Gambier - West,Barker,397,404
40702117415-BAR,40702117415,407021174,Mount Gambier - West,Barker,431,489
40702117416-BAR,40702117416,407021174,Mount Gambier - West,Barker,576,579
40702117417-BAR,40702117417,407021174,Mount Gambier - West,Barker,10,9
40702117418-BAR,40702117418,407021174,Mount Gambier - West,Barker,319,323
40702117419-BAR,40702117419,407021174,Mount Gambier - West,Barker,261,261
40702117420-BAR,40702117420,407021174,Mount Gambier - West,Barker,429,466
40702117421-BAR,40702117421,407021174,Mount Gambier - West,Barker,230,241
40702117422-BAR,40702117422,407021174,Mount Gambier - West,Barker,419,432
40702117423-BAR,40702117423,407021174,Mount Gambier - West,Barker,327,353
40702117424-BAR,40702117424,407021174,Mount Gambier - West,Barker,700,721
40702117425-BAR,40702117425,407021174,Mount Gambier - West,Barker,397,406
40702117426-BAR,40702117426,407021174,Mount Gambier - West,Barker,166,177
40702117427-BAR,40702117427,407021174,Mount Gambier - West,Barker,233,218
40702117428-BAR,40702117428,407021174,Mount Gambier - West,Barker,252,237
40702117429-BAR,40702117429,407021174,Mount Gambier - West,Barker,376,367
40702117430-BAR,40702117430,407021174,Mount Gambier - West,Barker,241,230
40702117431-BAR,40702117431,407021174,Mount Gambier - West,Barker,231,259
40702117432-BAR,40702117432,407021174,Mount Gambier - West,Barker,423,398
40702117433-BAR,40702117433,407021174,Mount Gambier - West,Barker,285,299
40702117434-BAR,40702117434,407021174,Mount Gambier - West,Barker,310,319
40702117435-BAR,40702117435,407021174,Mount Gambier - West,Barker,191,181
40703115901-BAR,40703115901,407031159,Barmera,Barker,103,103
40703115902-BAR,40703115902,407031159,Barmera,Barker,54,55
40703115903-BAR,40703115903,407031159,Barmera,Barker,0,0
40703115904-BAR,40703115904,407031159,Barmera,Barker,120,120
40703115905-BAR,40703115905,407031159,Barmera,Barker,119,124
40703115906-BAR,40703115906,407031159,Barmera,Barker,100,103
40703115907-BAR,40703115907,407031159,Barmera,Barker,239,249
40703115908-BAR,40703115908,407031159,Barmera,Barker,230,223
40703115909-BAR,40703115909,407031159,Barmera,Barker,372,375
40703115910-BAR,40703115910,407031159,Barmera,Barker,342,372
40703115911-BAR,40703115911,407031159,Barmera,Barker,322,340
40703115912-BAR,40703115912,407031159,Barmera,Barker,152,152
40703115913-BAR,40703115913,407031159,Barmera,Barker,234,241
40703115914-BAR,40703115914,407031159,Barmera,Barker,170,171
40703115915-BAR,40703115915,407031159,Barmera,Barker,150,149
40703115916-BAR,40703115916,407031159,Barmera,Barker,228,239
40703115917-BAR,40703115917,407031159,Barmera,Barker,281,285
40703115918-BAR,40703115918,407031159,Barmera,Barker,139,146
40703115919-BAR,40703115919,407031159,Barmera,Barker,7,7
40703115920-BAR,40703115920,407031159,Barmera,Barker,203,214
40703115921-BAR,40703115921,407031159,Barmera,Barker,178,183
40703115922-BAR,40703115922,407031159,Barmera,Barker,332,347
40703115923-BAR,40703115923,407031159,Barmera,Barker,228,227
40703115924-BAR,40703115924,407031159,Barmera,Barker,291,304
40703115925-BAR,40703115925,407031159,Barmera,Barker,208,209
40703116001-BAR,40703116001,407031160,Berri,Barker,338,317
40703116002-BAR,40703116002,407031160,Berri,Barker,356,327
40703116003-BAR,40703116003,407031160,Berri,Barker,253,238
40703116004-BAR,40703116004,407031160,Berri,Barker,318,290
40703116005-BAR,40703116005,407031160,Berri,Barker,321,300
40703116006-BAR,40703116006,407031160,Berri,Barker,338,336
40703116007-BAR,40703116007,407031160,Berri,Barker,380,371
40703116008-BAR,40703116008,407031160,Berri,Barker,220,202
40703116009-BAR,40703116009,407031160,Berri,Barker,189,173
40703116010-BAR,40703116010,407031160,Berri,Barker,260,243
40703116101-BAR,40703116101,407031161,Karoonda - Lameroo,Barker,157,150
40703116102-BAR,40703116102,407031161,Karoonda - Lameroo,Barker,350,331
40703116103-BAR,40703116103,407031161,Karoonda - Lameroo,Barker,183,165
40703116104-BAR,40703116104,407031161,Karoonda - Lameroo,Barker,134,121
40703116105-BAR,40703116105,407031161,Karoonda - Lameroo,Barker,228,194
40703116106-BAR,40703116106,407031161,Karoonda - Lameroo,Barker,258,230
40703116107-BAR,40703116107,407031161,Karoonda - Lameroo,Barker,146,141
40703116108-BAR,40703116108,407031161,Karoonda - Lameroo,Barker,123,118
40703116109-BAR,40703116109,407031161,Karoonda - Lameroo,Barker,213,198
40703116110-BAR,40703116110,407031161,Karoonda - Lameroo,Barker,235,219
40703116111-BAR,40703116111,407031161,Karoonda - Lameroo,Barker,0,0
40703116201-BAR,40703116201,407031162,Loxton,Barker,98,104
40703116202-BAR,40703116202,407031162,Loxton,Barker,300,308
40703116203-BAR,40703116203,407031162,Loxton,Barker,156,160
40703116205-BAR,40703116205,407031162,Loxton,Barker,401,403
40703116206-BAR,40703116206,407031162,Loxton,Barker,298,304
40703116207-BAR,40703116207,407031162,Loxton,Barker,399,425
40703116208-BAR,40703116208,407031162,Loxton,Barker,288,287
40703116209-BAR,40703116209,407031162,Loxton,Barker,381,374
40703116210-BAR,40703116210,407031162,Loxton,Barker,393,387
40703116211-BAR,40703116211,407031162,Loxton,Barker,278,293
40703116212-BAR,40703116212,407031162,Loxton,Barker,282,267
40703116213-BAR,40703116213,407031162,Loxton,Barker,186,186
40703116214-BAR,40703116214,407031162,Loxton,Barker,181,188
40703116215-BAR,40703116215,407031162,Loxton,Barker,243,239
40703116216-BAR,40703116216,407031162,Loxton,Barker,242,238
40703116301-BAR,40703116301,407031163,Loxton Surrounds,Barker,74,78
40703116302-BAR,40703116302,407031163,Loxton Surrounds,Barker,121,121
40703116303-BAR,40703116303,407031163,Loxton Surrounds,Barker,399,408
40703116304-BAR,40703116304,407031163,Loxton Surrounds,Barker,132,134
40703116305-BAR,40703116305,407031163,Loxton Surrounds,Barker,98,104
40703116306-BAR,40703116306,407031163,Loxton Surrounds,Barker,199,207
40703116307-BAR,40703116307,407031163,Loxton Surrounds,Barker,44,42
40703116308-BAR,40703116308,407031163,Loxton Surrounds,Barker,139,143
40703116309-BAR,40703116309,407031163,Loxton Surrounds,Barker,42,42
40703116403-BAR,40703116403,407031164,Mannum,Barker,500,483
40703116405-BAR,40703116405,407031164,Mannum,Barker,335,306
40703116406-BAR,40703116406,407031164,Mannum,Barker,224,255
40703116407-BAR,40703116407,407031164,Mannum,Barker,453,467
40703116408-BAR,40703116408,407031164,Mannum,Barker,349,357
40703116409-BAR,40703116409,407031164,Mannum,Barker,481,535
40703116410-BAR,40703116410,407031164,Mannum,Barker,354,343
40703116411-BAR,40703116411,407031164,Mannum,Barker,264,269
40703116414-BAR,40703116414,407031164,Mannum,Barker,138,142
40703116416-BAR,40703116416,407031164,Mannum,Barker,255,259
40703116417-BAR,40703116417,407031164,Mannum,Barker,532,534
40703116418-BAR,40703116418,407031164,Mannum,Barker,96,94
40703116419-BAR,40703116419,407031164,Mannum,Barker,130,137
40703116420-BAR,40703116420,407031164,Mannum,Barker,391,398
40703116421-BAR,40703116421,407031164,Mannum,Barker,51,51
40703116422-BAR,40703116422,407031164,Mannum,Barker,177,184
40703116423-BAR,40703116423,407031164,Mannum,Barker,36,37
40703116424-BAR,40703116424,407031164,Mannum,Barker,38,38
40703116425-BAR,40703116425,407031164,Mannum,Barker,117,116
40703116426-BAR,40703116426,407031164,Mannum,Barker,70,74
40703116427-BAR,40703116427,407031164,Mannum,Barker,126,132
40703116428-BAR,40703116428,407031164,Mannum,Barker,250,272
40703116502-BAR,40703116502,407031165,Murray Bridge,Barker,267,266
40703116503-BAR,40703116503,407031165,Murray Bridge,Barker,328,335
40703116505-BAR,40703116505,407031165,Murray Bridge,Barker,468,487
40703116506-BAR,40703116506,407031165,Murray Bridge,Barker,401,400
40703116507-BAR,40703116507,407031165,Murray Bridge,Barker,300,359
40703116508-BAR,40703116508,407031165,Murray Bridge,Barker,191,190
40703116509-BAR,40703116509,407031165,Murray Bridge,Barker,435,477
40703116510-BAR,40703116510,407031165,Murray Bridge,Barker,462,497
40703116511-BAR,40703116511,407031165,Murray Bridge,Barker,181,192
40703116512-BAR,40703116512,407031165,Murray Bridge,Barker,240,246
40703116513-BAR,40703116513,407031165,Murray Bridge,Barker,444,461
40703116514-BAR,40703116514,407031165,Murray Bridge,Barker,377,405
40703116515-BAR,40703116515,407031165,Murray Bridge,Barker,307,307
40703116516-BAR,40703116516,407031165,Murray Bridge,Barker,325,320
40703116517-BAR,40703116517,407031165,Murray Bridge,Barker,261,284
40703116518-BAR,40703116518,407031165,Murray Bridge,Barker,214,226
40703116519-BAR,40703116519,407031165,Murray Bridge,Barker,564,594
40703116520-BAR,40703116520,407031165,Murray Bridge,Barker,363,420
40703116521-BAR,40703116521,407031165,Murray Bridge,Barker,348,333
40703116522-BAR,40703116522,407031165,Murray Bridge,Barker,313,351
40703116523-BAR,40703116523,407031165,Murray Bridge,Barker,396,437
40703116524-BAR,40703116524,407031165,Murray Bridge,Barker,270,303
40703116525-BAR,40703116525,407031165,Murray Bridge,Barker,60,63
40703116527-BAR,40703116527,407031165,Murray Bridge,Barker,339,346
40703116528-BAR,40703116528,407031165,Murray Bridge,Barker,206,206
40703116529-BAR,40703116529,407031165,Murray Bridge,Barker,365,353
40703116530-BAR,40703116530,407031165,Murray Bridge,Barker,478,477
40703116531-BAR,40703116531,407031165,Murray Bridge,Barker,599,596
40703116532-BAR,40703116532,407031165,Murray Bridge,Barker,362,381
40703116533-BAR,40703116533,407031165,Murray Bridge,Barker,348,333
40703116534-BAR,40703116534,407031165,Murray Bridge,Barker,159,175
40703116535-BAR,40703116535,407031165,Murray Bridge,Barker,164,168
40703116536-BAR,40703116536,407031165,Murray Bridge,Barker,289,320
40703116537-BAR,40703116537,407031165,Murray Bridge,Barker,28,29
40703116538-BAR,40703116538,407031165,Murray Bridge,Barker,544,572
40703116539-BAR,40703116539,407031165,Murray Bridge,Barker,570,605
40703116540-BAR,40703116540,407031165,Murray Bridge,Barker,180,186
40703116541-BAR,40703116541,407031165,Murray Bridge,Barker,266,277
40703116542-BAR,40703116542,407031165,Murray Bridge,Barker,70,77
40703116543-BAR,40703116543,407031165,Murray Bridge,Barker,462,488
40703116544-BAR,40703116544,407031165,Murray Bridge,Barker,169,176
40703116545-BAR,40703116545,407031165,Murray Bridge,Barker,197,204
40703116546-BAR,40703116546,407031165,Murray Bridge,Barker,183,195
40703116547-BAR,40703116547,407031165,Murray Bridge,Barker,292,310
40703116601-BAR,40703116601,407031166,Murray Bridge Surrounds,Barker,111,126
40703116602-BAR,40703116602,407031166,Murray Bridge Surrounds,Barker,524,574
40703116603-BAR,40703116603,407031166,Murray Bridge Surrounds,Barker,15,17
40703116604-BAR,40703116604,407031166,Murray Bridge Surrounds,Barker,246,256
40703116605-BAR,40703116605,407031166,Murray Bridge Surrounds,Barker,412,433
40703116606-BAR,40703116606,407031166,Murray Bridge Surrounds,Barker,623,639
40703116607-BAR,40703116607,407031166,Murray Bridge Surrounds,Barker,308,312
40703116608-BAR,40703116608,407031166,Murray Bridge Surrounds,Barker,397,412
40703116609-BAR,40703116609,407031166,Murray Bridge Surrounds,Barker,166,189
40703116610-BAR,40703116610,407031166,Murray Bridge Surrounds,Barker,55,59
40703116701-BAR,40703116701,407031167,Renmark,Barker,238,218
40703116702-BAR,40703116702,407031167,Renmark,Barker,356,328
40703116703-BAR,40703116703,407031167,Renmark,Barker,213,184
40703116704-BAR,40703116704,407031167,Renmark,Barker,160,145
40703116705-BAR,40703116705,407031167,Renmark,Barker,201,185
40703116706-BAR,40703116706,407031167,Renmark,Barker,119,103
40703116707-BAR,40703116707,407031167,Renmark,Barker,287,247
40703116708-BAR,40703116708,407031167,Renmark,Barker,246,213
40703116709-BAR,40703116709,407031167,Renmark,Barker,370,336
40703116710-BAR,40703116710,407031167,Renmark,Barker,548,457
40703116711-BAR,40703116711,407031167,Renmark,Barker,0,0
40703116712-BAR,40703116712,407031167,Renmark,Barker,301,270
40703116713-BAR,40703116713,407031167,Renmark,Barker,387,345
40703116801-BAR,40703116801,407031168,Renmark Surrounds,Barker,304,324
40703116802-BAR,40703116802,407031168,Renmark Surrounds,Barker,243,260
40703116803-BAR,40703116803,407031168,Renmark Surrounds,Barker,188,199
40703116804-BAR,40703116804,407031168,Renmark Surrounds,Barker,159,170
40703116805-BAR,40703116805,407031168,Renmark Surrounds,Barker,203,216
40703116806-BAR,40703116806,407031168,Renmark Surrounds,Barker,445,479
40703116807-BAR,40703116807,407031168,Renmark Surrounds,Barker,10,11
40703116808-BAR,40703116808,407031168,Renmark Surrounds,Barker,203,215
40703116809-BAR,40703116809,407031168,Renmark Surrounds,Barker,187,201
40703116810-BAR,40703116810,407031168,Renmark Surrounds,Barker,457,470
40703116811-BAR,40703116811,407031168,Renmark Surrounds,Barker,491,510
40703116812-BAR,40703116812,407031168,Renmark Surrounds,Barker,240,261
40703116813-BAR,40703116813,407031168,Renmark Surrounds,Barker,275,303
40703116901-BAR,40703116901,407031169,The Coorong,Barker,239,232
40703116902-BAR,40703116902,407031169,The Coorong,Barker,319,339
40703116903-BAR,40703116903,407031169,The Coorong,Barker,171,169
40703116904-BAR,40703116904,407031169,The Coorong,Barker,136,138
40703116905-BAR,40703116905,407031169,The Coorong,Barker,282,274
40703116906-BAR,40703116906,407031169,The Coorong,Barker,239,238
40703116907-BAR,40703116907,407031169,The Coorong,Barker,173,174
40703116908-BAR,40703116908,407031169,The Coorong,Barker,222,255
40703116909-BAR,40703116909,407031169,The Coorong,Barker,179,175
40703116910-BAR,40703116910,407031169,The Coorong,Barker,361,353
40703116913-BAR,40703116913,407031169,The Coorong,Barker,242,236
40703116914-BAR,40703116914,407031169,The Coorong,Barker,342,352
40703116915-BAR,40703116915,407031169,The Coorong,Barker,174,170
40703116916-BAR,40703116916,407031169,The Coorong,Barker,195,203
40703116917-BAR,40703116917,407031169,The Coorong,Barker,276,274
40703116918-BAR,40703116918,407031169,The Coorong,Barker,232,233
40703116919-BAR,40703116919,407031169,The Coorong,Barker,40,37
40703116920-BAR,40703116920,407031169,The Coorong,Barker,202,190
40703117002-BAR,40703117002,407031170,Waikerie,Barker,202,205
40703117003-BAR,40703117003,407031170,Waikerie,Barker,297,305
40703117004-BAR,40703117004,407031170,Waikerie,Barker,301,311
40703117007-BAR,40703117007,407031170,Waikerie,Barker,213,221
40703117008-BAR,40703117008,407031170,Waikerie,Barker,315,315
40703117009-BAR,40703117009,407031170,Waikerie,Barker,224,230
40703117010-BAR,40703117010,407031170,Waikerie,Barker,253,253
40703117011-BAR,40703117011,407031170,Waikerie,Barker,285,291
40703117012-BAR,40703117012,407031170,Waikerie,Barker,283,291
40703117013-BAR,40703117013,407031170,Waikerie,Barker,264,292
40703117014-BAR,40703117014,407031170,Waikerie,Barker,477,455
40703117015-BAR,40703117015,407031170,Waikerie,Barker,220,228
40703117016-BAR,40703117016,407031170,Waikerie,Barker,146,142
40703117017-BAR,40703117017,407031170,Waikerie,Barker,159,172
40703117018-BAR,40703117018,407031170,Waikerie,Barker,264,265
40703117019-BAR,40703117019,407031170,Waikerie,Barker,154,154
40703117020-BAR,40703117020,407031170,Waikerie,Barker,56,58
40703117021-BAR,40703117021,407031170,Waikerie,Barker,108,108
40703117022-BAR,40703117022,407031170,Waikerie,Barker,15,16
40703117023-BAR,40703117023,407031170,Waikerie,Barker,226,228
40703117024-BAR,40703117024,407031170,Waikerie,Barker,300,307
