SA1_CODE_DIV,SA1_CODE,SA2_CODE,SA2_NAME,DIVISION,ACTUAL,PROJECTED
60101100101-LYO,60101100101,601011001,Bridgewater - Gagebrook,Lyons,188,214
60101100102-LYO,60101100102,601011001,Bridgewater - Gagebrook,Lyons,256,267
60101100103-LYO,60101100103,601011001,Bridgewater - Gagebrook,Lyons,178,202
60101100104-LYO,60101100104,601011001,Bridgewater - Gagebrook,Lyons,141,148
60101100105-LYO,60101100105,601011001,Bridgewater - Gagebrook,Lyons,214,230
60101100106-LYO,60101100106,601011001,Bridgewater - Gagebrook,Lyons,225,244
60101100107-LYO,60101100107,601011001,Bridgewater - Gagebrook,Lyons,224,239
60101100108-LYO,60101100108,601011001,Bridgewater - Gagebrook,Lyons,258,268
60101100109-LYO,60101100109,601011001,Bridgewater - Gagebrook,Lyons,270,295
60101100110-LYO,60101100110,601011001,Bridgewater - Gagebrook,Lyons,214,237
60101100111-LYO,60101100111,601011001,Bridgewater - Gagebrook,Lyons,221,242
60101100112-LYO,60101100112,601011001,Bridgewater - Gagebrook,Lyons,299,342
60101100113-LYO,60101100113,601011001,Bridgewater - Gagebrook,Lyons,309,328
60101100114-LYO,60101100114,601011001,Bridgewater - Gagebrook,Lyons,325,384
60101100115-LYO,60101100115,601011001,Bridgewater - Gagebrook,Lyons,251,256
60101100116-LYO,60101100116,601011001,Bridgewater - Gagebrook,Lyons,183,206
60101100117-LYO,60101100117,601011001,Bridgewater - Gagebrook,Lyons,244,305
60101100118-LYO,60101100118,601011001,Bridgewater - Gagebrook,Lyons,357,376
60101100119-LYO,60101100119,601011001,Bridgewater - Gagebrook,Lyons,336,312
60101100120-LYO,60101100120,601011001,Bridgewater - Gagebrook,Lyons,433,471
60101100121-LYO,60101100121,601011001,Bridgewater - Gagebrook,Lyons,235,274
60101100122-LYO,60101100122,601011001,Bridgewater - Gagebrook,Lyons,338,363
60101100123-LYO,60101100123,601011001,Bridgewater - Gagebrook,Lyons,135,147
60101100201-LYO,60101100201,601011002,Brighton - Pontville,Lyons,406,476
60101100202-LYO,60101100202,601011002,Brighton - Pontville,Lyons,349,384
60101100203-LYO,60101100203,601011002,Brighton - Pontville,Lyons,289,339
60101100204-LYO,60101100204,601011002,Brighton - Pontville,Lyons,439,511
60101100205-LYO,60101100205,601011002,Brighton - Pontville,Lyons,328,372
60101100209-LYO,60101100209,601011002,Brighton - Pontville,Lyons,412,464
60101100210-LYO,60101100210,601011002,Brighton - Pontville,Lyons,349,375
60101100211-LYO,60101100211,601011002,Brighton - Pontville,Lyons,883,1036
60101100212-LYO,60101100212,601011002,Brighton - Pontville,Lyons,580,695
60101100213-LYO,60101100213,601011002,Brighton - Pontville,Lyons,563,643
60101100214-LYO,60101100214,601011002,Brighton - Pontville,Lyons,502,582
60101100301-FRA,60101100301,601011003,Old Beach - Otago,Franklin,0,0
60101100302-LYO,60101100302,601011003,Old Beach - Otago,Lyons,557,593
60101100304-LYO,60101100304,601011003,Old Beach - Otago,Lyons,250,292
60101100305-LYO,60101100305,601011003,Old Beach - Otago,Lyons,236,270
60101100306-LYO,60101100306,601011003,Old Beach - Otago,Lyons,454,506
60101100307-FRA,60101100307,601011003,Old Beach - Otago,Franklin,461,497
60101100308-LYO,60101100308,601011003,Old Beach - Otago,Lyons,455,464
60101100310-LYO,60101100310,601011003,Old Beach - Otago,Lyons,397,411
60101100311-LYO,60101100311,601011003,Old Beach - Otago,Lyons,338,347
60101100312-LYO,60101100312,601011003,Old Beach - Otago,Lyons,706,735
60101100313-LYO,60101100313,601011003,Old Beach - Otago,Lyons,97,96
60102100401-FRA,60102100401,601021004,Bellerive - Rosny,Franklin,2,2
60102100402-FRA,60102100402,601021004,Bellerive - Rosny,Franklin,198,191
60102100403-FRA,60102100403,601021004,Bellerive - Rosny,Franklin,5,5
60102100404-FRA,60102100404,601021004,Bellerive - Rosny,Franklin,390,369
60102100405-FRA,60102100405,601021004,Bellerive - Rosny,Franklin,271,284
60102100406-FRA,60102100406,601021004,Bellerive - Rosny,Franklin,317,307
60102100407-FRA,60102100407,601021004,Bellerive - Rosny,Franklin,271,244
60102100408-FRA,60102100408,601021004,Bellerive - Rosny,Franklin,253,249
60102100409-FRA,60102100409,601021004,Bellerive - Rosny,Franklin,290,310
60102100410-FRA,60102100410,601021004,Bellerive - Rosny,Franklin,342,338
60102100411-FRA,60102100411,601021004,Bellerive - Rosny,Franklin,168,155
60102100412-FRA,60102100412,601021004,Bellerive - Rosny,Franklin,453,429
60102100413-FRA,60102100413,601021004,Bellerive - Rosny,Franklin,330,333
60102100414-FRA,60102100414,601021004,Bellerive - Rosny,Franklin,214,217
60102100415-FRA,60102100415,601021004,Bellerive - Rosny,Franklin,220,226
60102100416-FRA,60102100416,601021004,Bellerive - Rosny,Franklin,224,219
60102100417-FRA,60102100417,601021004,Bellerive - Rosny,Franklin,407,407
60102100418-FRA,60102100418,601021004,Bellerive - Rosny,Franklin,205,217
60102100419-FRA,60102100419,601021004,Bellerive - Rosny,Franklin,228,220
60102100501-FRA,60102100501,601021005,Cambridge,Franklin,340,352
60102100502-FRA,60102100502,601021005,Cambridge,Franklin,544,573
60102100503-FRA,60102100503,601021005,Cambridge,Franklin,331,369
60102100504-FRA,60102100504,601021005,Cambridge,Franklin,227,242
60102100505-FRA,60102100505,601021005,Cambridge,Franklin,439,478
60102100506-FRA,60102100506,601021005,Cambridge,Franklin,239,257
60102100507-FRA,60102100507,601021005,Cambridge,Franklin,15,15
60102100508-FRA,60102100508,601021005,Cambridge,Franklin,309,317
60102100509-FRA,60102100509,601021005,Cambridge,Franklin,0,0
60102100510-FRA,60102100510,601021005,Cambridge,Franklin,331,322
60102100511-FRA,60102100511,601021005,Cambridge,Franklin,493,527
60102100512-FRA,60102100512,601021005,Cambridge,Franklin,259,270
60102100513-FRA,60102100513,601021005,Cambridge,Franklin,308,328
60102100514-FRA,60102100514,601021005,Cambridge,Franklin,242,264
60102100515-FRA,60102100515,601021005,Cambridge,Franklin,170,174
60102100516-FRA,60102100516,601021005,Cambridge,Franklin,287,284
60102100517-FRA,60102100517,601021005,Cambridge,Franklin,346,342
60102100518-FRA,60102100518,601021005,Cambridge,Franklin,294,311
60102100519-FRA,60102100519,601021005,Cambridge,Franklin,267,285
60102100520-FRA,60102100520,601021005,Cambridge,Franklin,556,628
60102100521-FRA,60102100521,601021005,Cambridge,Franklin,451,468
60102100522-FRA,60102100522,601021005,Cambridge,Franklin,4,4
60102100523-FRA,60102100523,601021005,Cambridge,Franklin,38,43
60102100524-FRA,60102100524,601021005,Cambridge,Franklin,191,204
60102100601-FRA,60102100601,601021006,Geilston Bay - Risdon,Franklin,475,507
60102100602-FRA,60102100602,601021006,Geilston Bay - Risdon,Franklin,359,379
60102100603-FRA,60102100603,601021006,Geilston Bay - Risdon,Franklin,265,279
60102100604-FRA,60102100604,601021006,Geilston Bay - Risdon,Franklin,329,339
60102100605-FRA,60102100605,601021006,Geilston Bay - Risdon,Franklin,431,440
60102100606-FRA,60102100606,601021006,Geilston Bay - Risdon,Franklin,377,439
60102100607-FRA,60102100607,601021006,Geilston Bay - Risdon,Franklin,351,368
60102100609-FRA,60102100609,601021006,Geilston Bay - Risdon,Franklin,44,47
60102100610-FRA,60102100610,601021006,Geilston Bay - Risdon,Franklin,160,173
60102100701-FRA,60102100701,601021007,Howrah - Tranmere,Franklin,179,197
60102100702-FRA,60102100702,601021007,Howrah - Tranmere,Franklin,390,416
60102100703-FRA,60102100703,601021007,Howrah - Tranmere,Franklin,266,286
60102100704-FRA,60102100704,601021007,Howrah - Tranmere,Franklin,318,314
60102100705-FRA,60102100705,601021007,Howrah - Tranmere,Franklin,338,352
60102100706-FRA,60102100706,601021007,Howrah - Tranmere,Franklin,634,660
60102100707-FRA,60102100707,601021007,Howrah - Tranmere,Franklin,368,416
60102100708-FRA,60102100708,601021007,Howrah - Tranmere,Franklin,299,318
60102100709-FRA,60102100709,601021007,Howrah - Tranmere,Franklin,679,741
60102100710-FRA,60102100710,601021007,Howrah - Tranmere,Franklin,443,471
60102100711-FRA,60102100711,601021007,Howrah - Tranmere,Franklin,276,294
60102100713-FRA,60102100713,601021007,Howrah - Tranmere,Franklin,361,378
60102100714-FRA,60102100714,601021007,Howrah - Tranmere,Franklin,290,304
60102100715-FRA,60102100715,601021007,Howrah - Tranmere,Franklin,248,250
60102100716-FRA,60102100716,601021007,Howrah - Tranmere,Franklin,855,891
60102100717-FRA,60102100717,601021007,Howrah - Tranmere,Franklin,539,578
60102100718-FRA,60102100718,601021007,Howrah - Tranmere,Franklin,219,235
60102100719-FRA,60102100719,601021007,Howrah - Tranmere,Franklin,307,334
60102100720-FRA,60102100720,601021007,Howrah - Tranmere,Franklin,300,321
60102100721-FRA,60102100721,601021007,Howrah - Tranmere,Franklin,344,373
60102100722-FRA,60102100722,601021007,Howrah - Tranmere,Franklin,501,563
60102100723-FRA,60102100723,601021007,Howrah - Tranmere,Franklin,708,750
60102100801-FRA,60102100801,601021008,Lindisfarne - Rose Bay,Franklin,409,400
60102100802-FRA,60102100802,601021008,Lindisfarne - Rose Bay,Franklin,441,433
60102100803-FRA,60102100803,601021008,Lindisfarne - Rose Bay,Franklin,168,164
60102100804-FRA,60102100804,601021008,Lindisfarne - Rose Bay,Franklin,356,368
60102100805-FRA,60102100805,601021008,Lindisfarne - Rose Bay,Franklin,657,650
60102100806-FRA,60102100806,601021008,Lindisfarne - Rose Bay,Franklin,443,433
60102100807-FRA,60102100807,601021008,Lindisfarne - Rose Bay,Franklin,415,457
60102100808-FRA,60102100808,601021008,Lindisfarne - Rose Bay,Franklin,364,381
60102100809-FRA,60102100809,601021008,Lindisfarne - Rose Bay,Franklin,302,298
60102100810-FRA,60102100810,601021008,Lindisfarne - Rose Bay,Franklin,377,404
60102100811-FRA,60102100811,601021008,Lindisfarne - Rose Bay,Franklin,336,343
60102100812-FRA,60102100812,601021008,Lindisfarne - Rose Bay,Franklin,293,299
60102100813-FRA,60102100813,601021008,Lindisfarne - Rose Bay,Franklin,407,407
60102100814-FRA,60102100814,601021008,Lindisfarne - Rose Bay,Franklin,23,23
60102100815-FRA,60102100815,601021008,Lindisfarne - Rose Bay,Franklin,244,263
60102100816-FRA,60102100816,601021008,Lindisfarne - Rose Bay,Franklin,212,207
60102100817-FRA,60102100817,601021008,Lindisfarne - Rose Bay,Franklin,197,204
60102100901-FRA,60102100901,601021009,Mornington - Warrane,Franklin,172,183
60102100902-FRA,60102100902,601021009,Mornington - Warrane,Franklin,216,210
60102100903-FRA,60102100903,601021009,Mornington - Warrane,Franklin,420,418
60102100904-FRA,60102100904,601021009,Mornington - Warrane,Franklin,376,378
60102100905-FRA,60102100905,601021009,Mornington - Warrane,Franklin,169,174
60102100906-FRA,60102100906,601021009,Mornington - Warrane,Franklin,382,380
60102100907-FRA,60102100907,601021009,Mornington - Warrane,Franklin,4,4
60102100908-FRA,60102100908,601021009,Mornington - Warrane,Franklin,340,378
60102100909-FRA,60102100909,601021009,Mornington - Warrane,Franklin,228,230
60102100910-FRA,60102100910,601021009,Mornington - Warrane,Franklin,0,0
60102100911-FRA,60102100911,601021009,Mornington - Warrane,Franklin,339,331
60102100912-FRA,60102100912,601021009,Mornington - Warrane,Franklin,194,199
60102100913-FRA,60102100913,601021009,Mornington - Warrane,Franklin,300,315
60102100914-FRA,60102100914,601021009,Mornington - Warrane,Franklin,190,211
60102101001-FRA,60102101001,601021010,Risdon Vale,Franklin,266,262
60102101002-FRA,60102101002,601021010,Risdon Vale,Franklin,145,142
60102101003-FRA,60102101003,601021010,Risdon Vale,Franklin,304,323
60102101004-FRA,60102101004,601021010,Risdon Vale,Franklin,161,163
60102101005-FRA,60102101005,601021010,Risdon Vale,Franklin,186,189
60102101006-FRA,60102101006,601021010,Risdon Vale,Franklin,251,256
60102101007-FRA,60102101007,601021010,Risdon Vale,Franklin,230,244
60102101008-FRA,60102101008,601021010,Risdon Vale,Franklin,431,484
60102101009-FRA,60102101009,601021010,Risdon Vale,Franklin,7,7
60102101010-FRA,60102101010,601021010,Risdon Vale,Franklin,232,224
60102101101-FRA,60102101101,601021011,Rokeby,Franklin,179,166
60102101102-FRA,60102101102,601021011,Rokeby,Franklin,193,200
60102101103-FRA,60102101103,601021011,Rokeby,Franklin,308,380
60102101105-FRA,60102101105,601021011,Rokeby,Franklin,238,264
60102101106-FRA,60102101106,601021011,Rokeby,Franklin,222,254
60102101107-FRA,60102101107,601021011,Rokeby,Franklin,267,293
60102101108-FRA,60102101108,601021011,Rokeby,Franklin,525,618
60102101109-FRA,60102101109,601021011,Rokeby,Franklin,227,211
60102101110-FRA,60102101110,601021011,Rokeby,Franklin,216,223
60102101112-FRA,60102101112,601021011,Rokeby,Franklin,293,319
60102101113-FRA,60102101113,601021011,Rokeby,Franklin,219,203
60102101114-FRA,60102101114,601021011,Rokeby,Franklin,281,305
60102101115-FRA,60102101115,601021011,Rokeby,Franklin,265,280
60102101116-FRA,60102101116,601021011,Rokeby,Franklin,218,203
60102101118-FRA,60102101118,601021011,Rokeby,Franklin,616,699
60102101119-FRA,60102101119,601021011,Rokeby,Franklin,209,228
60102101120-FRA,60102101120,601021011,Rokeby,Franklin,463,508
60102101121-FRA,60102101121,601021011,Rokeby,Franklin,335,503
60102101122-FRA,60102101122,601021011,Rokeby,Franklin,497,610
60102101123-FRA,60102101123,601021011,Rokeby,Franklin,264,283
60102101201-FRA,60102101201,601021012,South Arm,Franklin,220,232
60102101202-FRA,60102101202,601021012,South Arm,Franklin,224,221
60102101203-FRA,60102101203,601021012,South Arm,Franklin,269,284
60102101204-FRA,60102101204,601021012,South Arm,Franklin,351,374
60102101205-FRA,60102101205,601021012,South Arm,Franklin,439,444
60102101206-FRA,60102101206,601021012,South Arm,Franklin,257,260
60102101207-FRA,60102101207,601021012,South Arm,Franklin,182,180
60102101208-FRA,60102101208,601021012,South Arm,Franklin,432,447
60102101209-FRA,60102101209,601021012,South Arm,Franklin,109,115
60102101210-FRA,60102101210,601021012,South Arm,Franklin,470,487
60102101211-FRA,60102101211,601021012,South Arm,Franklin,109,122
60102101212-FRA,60102101212,601021012,South Arm,Franklin,338,361
60102101213-FRA,60102101213,601021012,South Arm,Franklin,321,311
60103101301-CLA,60103101301,601031013,Austins Ferry - Granton,Clark,291,299
60103101302-CLA,60103101302,601031013,Austins Ferry - Granton,Clark,257,267
60103101303-CLA,60103101303,601031013,Austins Ferry - Granton,Clark,0,0
60103101303-LYO,60103101303,601031013,Austins Ferry - Granton,Lyons,597,647
60103101304-CLA,60103101304,601031013,Austins Ferry - Granton,Clark,298,297
60103101305-CLA,60103101305,601031013,Austins Ferry - Granton,Clark,0,0
60103101306-CLA,60103101306,601031013,Austins Ferry - Granton,Clark,181,184
60103101307-CLA,60103101307,601031013,Austins Ferry - Granton,Clark,0,0
60103101308-CLA,60103101308,601031013,Austins Ferry - Granton,Clark,246,364
60103101309-CLA,60103101309,601031013,Austins Ferry - Granton,Clark,179,193
60103101310-CLA,60103101310,601031013,Austins Ferry - Granton,Clark,252,262
60103101311-CLA,60103101311,601031013,Austins Ferry - Granton,Clark,594,623
60103101312-CLA,60103101312,601031013,Austins Ferry - Granton,Clark,345,370
60103101313-CLA,60103101313,601031013,Austins Ferry - Granton,Clark,220,235
60103101401-CLA,60103101401,601031014,Berriedale - Chigwell,Clark,200,220
60103101402-CLA,60103101402,601031014,Berriedale - Chigwell,Clark,281,292
60103101403-CLA,60103101403,601031014,Berriedale - Chigwell,Clark,219,203
60103101404-CLA,60103101404,601031014,Berriedale - Chigwell,Clark,270,265
60103101405-CLA,60103101405,601031014,Berriedale - Chigwell,Clark,287,262
60103101406-CLA,60103101406,601031014,Berriedale - Chigwell,Clark,287,283
60103101407-CLA,60103101407,601031014,Berriedale - Chigwell,Clark,249,258
60103101408-CLA,60103101408,601031014,Berriedale - Chigwell,Clark,221,221
60103101409-CLA,60103101409,601031014,Berriedale - Chigwell,Clark,429,402
60103101410-CLA,60103101410,601031014,Berriedale - Chigwell,Clark,338,323
60103101411-CLA,60103101411,601031014,Berriedale - Chigwell,Clark,278,279
60103101412-CLA,60103101412,601031014,Berriedale - Chigwell,Clark,188,200
60103101413-CLA,60103101413,601031014,Berriedale - Chigwell,Clark,206,223
60103101414-CLA,60103101414,601031014,Berriedale - Chigwell,Clark,302,295
60103101415-CLA,60103101415,601031014,Berriedale - Chigwell,Clark,209,206
60103101416-CLA,60103101416,601031014,Berriedale - Chigwell,Clark,2,2
60103101417-CLA,60103101417,601031014,Berriedale - Chigwell,Clark,160,159
60103101501-CLA,60103101501,601031015,Claremont (Tas.),Clark,247,242
60103101502-CLA,60103101502,601031015,Claremont (Tas.),Clark,407,413
60103101503-CLA,60103101503,601031015,Claremont (Tas.),Clark,83,82
60103101504-CLA,60103101504,601031015,Claremont (Tas.),Clark,181,174
60103101505-CLA,60103101505,601031015,Claremont (Tas.),Clark,285,291
60103101506-CLA,60103101506,601031015,Claremont (Tas.),Clark,182,191
60103101507-CLA,60103101507,601031015,Claremont (Tas.),Clark,266,252
60103101508-CLA,60103101508,601031015,Claremont (Tas.),Clark,278,270
60103101509-CLA,60103101509,601031015,Claremont (Tas.),Clark,260,267
60103101510-CLA,60103101510,601031015,Claremont (Tas.),Clark,458,449
60103101511-CLA,60103101511,601031015,Claremont (Tas.),Clark,275,270
60103101512-CLA,60103101512,601031015,Claremont (Tas.),Clark,431,424
60103101513-CLA,60103101513,601031015,Claremont (Tas.),Clark,324,354
60103101514-CLA,60103101514,601031015,Claremont (Tas.),Clark,244,269
60103101514-LYO,60103101514,601031015,Claremont (Tas.),Lyons,0,0
60103101515-CLA,60103101515,601031015,Claremont (Tas.),Clark,284,278
60103101516-CLA,60103101516,601031015,Claremont (Tas.),Clark,260,277
60103101517-CLA,60103101517,601031015,Claremont (Tas.),Clark,444,452
60103101518-CLA,60103101518,601031015,Claremont (Tas.),Clark,394,406
60103101519-CLA,60103101519,601031015,Claremont (Tas.),Clark,367,403
60103101520-CLA,60103101520,601031015,Claremont (Tas.),Clark,362,336
60103101601-CLA,60103101601,601031016,Derwent Park - Lutana,Clark,212,204
60103101602-CLA,60103101602,601031016,Derwent Park - Lutana,Clark,40,42
60103101603-CLA,60103101603,601031016,Derwent Park - Lutana,Clark,218,229
60103101604-CLA,60103101604,601031016,Derwent Park - Lutana,Clark,311,341
60103101605-CLA,60103101605,601031016,Derwent Park - Lutana,Clark,291,296
60103101606-CLA,60103101606,601031016,Derwent Park - Lutana,Clark,286,287
60103101607-CLA,60103101607,601031016,Derwent Park - Lutana,Clark,293,291
60103101608-CLA,60103101608,601031016,Derwent Park - Lutana,Clark,132,135
60103101609-CLA,60103101609,601031016,Derwent Park - Lutana,Clark,277,283
60103101610-CLA,60103101610,601031016,Derwent Park - Lutana,Clark,2,2
60103101611-CLA,60103101611,601031016,Derwent Park - Lutana,Clark,364,399
60103101612-CLA,60103101612,601031016,Derwent Park - Lutana,Clark,384,387
60103101701-CLA,60103101701,601031017,Glenorchy,Clark,304,292
60103101702-CLA,60103101702,601031017,Glenorchy,Clark,391,421
60103101703-CLA,60103101703,601031017,Glenorchy,Clark,239,241
60103101704-CLA,60103101704,601031017,Glenorchy,Clark,253,270
60103101705-CLA,60103101705,601031017,Glenorchy,Clark,251,244
60103101706-CLA,60103101706,601031017,Glenorchy,Clark,234,242
60103101707-CLA,60103101707,601031017,Glenorchy,Clark,173,187
60103101708-CLA,60103101708,601031017,Glenorchy,Clark,168,163
60103101709-CLA,60103101709,601031017,Glenorchy,Clark,236,218
60103101710-CLA,60103101710,601031017,Glenorchy,Clark,223,212
60103101711-CLA,60103101711,601031017,Glenorchy,Clark,161,150
60103101712-CLA,60103101712,601031017,Glenorchy,Clark,274,264
60103101713-CLA,60103101713,601031017,Glenorchy,Clark,268,248
60103101714-CLA,60103101714,601031017,Glenorchy,Clark,3,3
60103101715-CLA,60103101715,601031017,Glenorchy,Clark,314,300
60103101716-CLA,60103101716,601031017,Glenorchy,Clark,576,597
60103101717-CLA,60103101717,601031017,Glenorchy,Clark,101,102
60103101718-CLA,60103101718,601031017,Glenorchy,Clark,207,203
60103101719-CLA,60103101719,601031017,Glenorchy,Clark,210,211
60103101720-CLA,60103101720,601031017,Glenorchy,Clark,479,495
60103101721-CLA,60103101721,601031017,Glenorchy,Clark,255,252
60103101722-CLA,60103101722,601031017,Glenorchy,Clark,272,273
60103101723-CLA,60103101723,601031017,Glenorchy,Clark,131,139
60103101724-CLA,60103101724,601031017,Glenorchy,Clark,231,233
60103101725-CLA,60103101725,601031017,Glenorchy,Clark,296,314
60103101726-CLA,60103101726,601031017,Glenorchy,Clark,0,0
60103101727-CLA,60103101727,601031017,Glenorchy,Clark,0,0
60103101728-CLA,60103101728,601031017,Glenorchy,Clark,262,275
60103101729-CLA,60103101729,601031017,Glenorchy,Clark,315,319
60103101730-CLA,60103101730,601031017,Glenorchy,Clark,182,201
60103101731-CLA,60103101731,601031017,Glenorchy,Clark,191,196
60103101732-CLA,60103101732,601031017,Glenorchy,Clark,294,271
60103101801-CLA,60103101801,601031018,Montrose - Rosetta,Clark,149,135
60103101802-CLA,60103101802,601031018,Montrose - Rosetta,Clark,271,247
60103101803-CLA,60103101803,601031018,Montrose - Rosetta,Clark,405,420
60103101804-CLA,60103101804,601031018,Montrose - Rosetta,Clark,0,0
60103101805-CLA,60103101805,601031018,Montrose - Rosetta,Clark,225,221
60103101806-CLA,60103101806,601031018,Montrose - Rosetta,Clark,303,288
60103101807-CLA,60103101807,601031018,Montrose - Rosetta,Clark,365,374
60103101808-CLA,60103101808,601031018,Montrose - Rosetta,Clark,263,236
60103101809-CLA,60103101809,601031018,Montrose - Rosetta,Clark,268,257
60103101810-CLA,60103101810,601031018,Montrose - Rosetta,Clark,323,333
60103101811-CLA,60103101811,601031018,Montrose - Rosetta,Clark,317,306
60103101812-CLA,60103101812,601031018,Montrose - Rosetta,Clark,248,247
60103101813-CLA,60103101813,601031018,Montrose - Rosetta,Clark,170,158
60103101814-CLA,60103101814,601031018,Montrose - Rosetta,Clark,225,216
60103101901-CLA,60103101901,601031019,Moonah,Clark,363,356
60103101902-CLA,60103101902,601031019,Moonah,Clark,307,310
60103101903-CLA,60103101903,601031019,Moonah,Clark,299,295
60103101904-CLA,60103101904,601031019,Moonah,Clark,286,271
60103101905-CLA,60103101905,601031019,Moonah,Clark,316,323
60103101906-CLA,60103101906,601031019,Moonah,Clark,288,281
60103101907-CLA,60103101907,601031019,Moonah,Clark,378,395
60103101908-CLA,60103101908,601031019,Moonah,Clark,435,444
60103101909-CLA,60103101909,601031019,Moonah,Clark,219,202
60103101910-CLA,60103101910,601031019,Moonah,Clark,455,426
60103101911-CLA,60103101911,601031019,Moonah,Clark,201,196
60103102001-LYO,60103102001,601031020,New Norfolk,Lyons,230,261
60103102002-LYO,60103102002,601031020,New Norfolk,Lyons,198,220
60103102003-LYO,60103102003,601031020,New Norfolk,Lyons,209,225
60103102004-LYO,60103102004,601031020,New Norfolk,Lyons,369,439
60103102005-LYO,60103102005,601031020,New Norfolk,Lyons,429,459
60103102006-LYO,60103102006,601031020,New Norfolk,Lyons,362,424
60103102008-LYO,60103102008,601031020,New Norfolk,Lyons,373,391
60103102009-LYO,60103102009,601031020,New Norfolk,Lyons,282,314
60103102010-LYO,60103102010,601031020,New Norfolk,Lyons,274,305
60103102011-LYO,60103102011,601031020,New Norfolk,Lyons,350,348
60103102012-LYO,60103102012,601031020,New Norfolk,Lyons,288,267
60103102013-LYO,60103102013,601031020,New Norfolk,Lyons,96,110
60103102014-LYO,60103102014,601031020,New Norfolk,Lyons,254,291
60103102015-LYO,60103102015,601031020,New Norfolk,Lyons,396,410
60103102016-LYO,60103102016,601031020,New Norfolk,Lyons,457,479
60103102017-LYO,60103102017,601031020,New Norfolk,Lyons,271,293
60103102018-LYO,60103102018,601031020,New Norfolk,Lyons,179,178
60103102019-LYO,60103102019,601031020,New Norfolk,Lyons,213,229
60103102020-LYO,60103102020,601031020,New Norfolk,Lyons,317,327
60103102021-LYO,60103102021,601031020,New Norfolk,Lyons,314,347
60103102101-CLA,60103102101,601031021,West Moonah,Clark,258,266
60103102102-CLA,60103102102,601031021,West Moonah,Clark,249,241
60103102104-CLA,60103102104,601031021,West Moonah,Clark,457,457
60103102105-CLA,60103102105,601031021,West Moonah,Clark,340,333
60103102106-CLA,60103102106,601031021,West Moonah,Clark,283,291
60103102107-CLA,60103102107,601031021,West Moonah,Clark,253,259
60103102108-CLA,60103102108,601031021,West Moonah,Clark,167,175
60103102109-CLA,60103102109,601031021,West Moonah,Clark,259,277
60103102110-CLA,60103102110,601031021,West Moonah,Clark,364,375
60104102201-FRA,60104102201,601041022,Kingston - Huntingfield,Franklin,317,370
60104102202-FRA,60104102202,601041022,Kingston - Huntingfield,Franklin,0,0
60104102203-FRA,60104102203,601041022,Kingston - Huntingfield,Franklin,250,262
60104102205-FRA,60104102205,601041022,Kingston - Huntingfield,Franklin,445,496
60104102206-CLA,60104102206,601041022,Kingston - Huntingfield,Clark,515,555
60104102206-FRA,60104102206,601041022,Kingston - Huntingfield,Franklin,0,0
60104102207-FRA,60104102207,601041022,Kingston - Huntingfield,Franklin,226,250
60104102209-CLA,60104102209,601041022,Kingston - Huntingfield,Clark,223,239
60104102210-CLA,60104102210,601041022,Kingston - Huntingfield,Clark,473,493
60104102211-FRA,60104102211,601041022,Kingston - Huntingfield,Franklin,242,224
60104102212-FRA,60104102212,601041022,Kingston - Huntingfield,Franklin,324,356
60104102213-FRA,60104102213,601041022,Kingston - Huntingfield,Franklin,146,149
60104102214-FRA,60104102214,601041022,Kingston - Huntingfield,Franklin,228,233
60104102215-FRA,60104102215,601041022,Kingston - Huntingfield,Franklin,148,159
60104102216-FRA,60104102216,601041022,Kingston - Huntingfield,Franklin,219,237
60104102218-FRA,60104102218,601041022,Kingston - Huntingfield,Franklin,364,415
60104102219-CLA,60104102219,601041022,Kingston - Huntingfield,Clark,3,3
60104102220-FRA,60104102220,601041022,Kingston - Huntingfield,Franklin,213,215
60104102221-CLA,60104102221,601041022,Kingston - Huntingfield,Clark,0,0
60104102221-FRA,60104102221,601041022,Kingston - Huntingfield,Franklin,279,287
60104102222-CLA,60104102222,601041022,Kingston - Huntingfield,Clark,171,180
60104102223-CLA,60104102223,601041022,Kingston - Huntingfield,Clark,311,365
60104102223-FRA,60104102223,601041022,Kingston - Huntingfield,Franklin,0,0
60104102224-FRA,60104102224,601041022,Kingston - Huntingfield,Franklin,489,539
60104102225-FRA,60104102225,601041022,Kingston - Huntingfield,Franklin,293,271
60104102226-FRA,60104102226,601041022,Kingston - Huntingfield,Franklin,260,284
60104102228-FRA,60104102228,601041022,Kingston - Huntingfield,Franklin,268,319
60104102231-FRA,60104102231,601041022,Kingston - Huntingfield,Franklin,267,293
60104102232-FRA,60104102232,601041022,Kingston - Huntingfield,Franklin,416,475
60104102233-FRA,60104102233,601041022,Kingston - Huntingfield,Franklin,291,297
60104102234-FRA,60104102234,601041022,Kingston - Huntingfield,Franklin,42,49
60104102235-FRA,60104102235,601041022,Kingston - Huntingfield,Franklin,332,355
60104102236-FRA,60104102236,601041022,Kingston - Huntingfield,Franklin,337,351
60104102237-FRA,60104102237,601041022,Kingston - Huntingfield,Franklin,843,1022
60104102238-FRA,60104102238,601041022,Kingston - Huntingfield,Franklin,341,358
60104102239-FRA,60104102239,601041022,Kingston - Huntingfield,Franklin,215,229
60104102301-FRA,60104102301,601041023,Kingston Beach - Blackmans Bay,Franklin,318,316
60104102302-FRA,60104102302,601041023,Kingston Beach - Blackmans Bay,Franklin,247,261
60104102304-FRA,60104102304,601041023,Kingston Beach - Blackmans Bay,Franklin,271,260
60104102305-FRA,60104102305,601041023,Kingston Beach - Blackmans Bay,Franklin,258,276
60104102306-FRA,60104102306,601041023,Kingston Beach - Blackmans Bay,Franklin,239,229
60104102307-FRA,60104102307,601041023,Kingston Beach - Blackmans Bay,Franklin,260,255
60104102308-FRA,60104102308,601041023,Kingston Beach - Blackmans Bay,Franklin,438,417
60104102309-FRA,60104102309,601041023,Kingston Beach - Blackmans Bay,Franklin,294,316
60104102310-FRA,60104102310,601041023,Kingston Beach - Blackmans Bay,Franklin,257,257
60104102311-FRA,60104102311,601041023,Kingston Beach - Blackmans Bay,Franklin,272,282
60104102312-FRA,60104102312,601041023,Kingston Beach - Blackmans Bay,Franklin,161,159
60104102313-FRA,60104102313,601041023,Kingston Beach - Blackmans Bay,Franklin,367,338
60104102314-FRA,60104102314,601041023,Kingston Beach - Blackmans Bay,Franklin,447,420
60104102315-FRA,60104102315,601041023,Kingston Beach - Blackmans Bay,Franklin,449,451
60104102316-FRA,60104102316,601041023,Kingston Beach - Blackmans Bay,Franklin,536,520
60104102317-FRA,60104102317,601041023,Kingston Beach - Blackmans Bay,Franklin,341,345
60104102318-FRA,60104102318,601041023,Kingston Beach - Blackmans Bay,Franklin,303,305
60104102319-FRA,60104102319,601041023,Kingston Beach - Blackmans Bay,Franklin,390,383
60104102320-FRA,60104102320,601041023,Kingston Beach - Blackmans Bay,Franklin,199,190
60104102321-FRA,60104102321,601041023,Kingston Beach - Blackmans Bay,Franklin,340,347
60104102322-FRA,60104102322,601041023,Kingston Beach - Blackmans Bay,Franklin,352,346
60104102323-FRA,60104102323,601041023,Kingston Beach - Blackmans Bay,Franklin,322,345
60104102324-FRA,60104102324,601041023,Kingston Beach - Blackmans Bay,Franklin,359,352
60104102325-FRA,60104102325,601041023,Kingston Beach - Blackmans Bay,Franklin,186,181
60104102326-FRA,60104102326,601041023,Kingston Beach - Blackmans Bay,Franklin,411,389
60104102327-FRA,60104102327,601041023,Kingston Beach - Blackmans Bay,Franklin,77,75
60104102328-FRA,60104102328,601041023,Kingston Beach - Blackmans Bay,Franklin,181,180
60104102402-FRA,60104102402,601041024,Margate - Snug,Franklin,461,506
60104102403-CLA,60104102403,601041024,Margate - Snug,Clark,161,149
60104102403-FRA,60104102403,601041024,Margate - Snug,Franklin,0,0
60104102404-FRA,60104102404,601041024,Margate - Snug,Franklin,309,314
60104102405-FRA,60104102405,601041024,Margate - Snug,Franklin,299,300
60104102406-FRA,60104102406,601041024,Margate - Snug,Franklin,168,178
60104102407-FRA,60104102407,601041024,Margate - Snug,Franklin,427,426
60104102408-FRA,60104102408,601041024,Margate - Snug,Franklin,299,295
60104102409-FRA,60104102409,601041024,Margate - Snug,Franklin,99,93
60104102410-FRA,60104102410,601041024,Margate - Snug,Franklin,120,123
60104102412-FRA,60104102412,601041024,Margate - Snug,Franklin,405,378
60104102413-CLA,60104102413,601041024,Margate - Snug,Clark,185,200
60104102414-FRA,60104102414,601041024,Margate - Snug,Franklin,408,418
60104102415-FRA,60104102415,601041024,Margate - Snug,Franklin,373,401
60104102416-FRA,60104102416,601041024,Margate - Snug,Franklin,267,278
60104102417-FRA,60104102417,601041024,Margate - Snug,Franklin,249,267
60104102418-FRA,60104102418,601041024,Margate - Snug,Franklin,89,91
60104102420-FRA,60104102420,601041024,Margate - Snug,Franklin,39,39
60104102421-FRA,60104102421,601041024,Margate - Snug,Franklin,349,366
60104102422-FRA,60104102422,601041024,Margate - Snug,Franklin,407,380
60104102423-FRA,60104102423,601041024,Margate - Snug,Franklin,331,315
60104102424-FRA,60104102424,601041024,Margate - Snug,Franklin,418,437
60104102425-FRA,60104102425,601041024,Margate - Snug,Franklin,315,332
60104102501-CLA,60104102501,601041025,Mount Wellington,Clark,0,0
60104102601-CLA,60104102601,601041026,Taroona - Bonnet Hill,Clark,399,433
60104102602-CLA,60104102602,601041026,Taroona - Bonnet Hill,Clark,21,19
60104102603-CLA,60104102603,601041026,Taroona - Bonnet Hill,Clark,200,206
60104102604-CLA,60104102604,601041026,Taroona - Bonnet Hill,Clark,362,357
60104102605-CLA,60104102605,601041026,Taroona - Bonnet Hill,Clark,329,334
60104102606-CLA,60104102606,601041026,Taroona - Bonnet Hill,Clark,264,260
60104102607-CLA,60104102607,601041026,Taroona - Bonnet Hill,Clark,260,258
60104102608-CLA,60104102608,601041026,Taroona - Bonnet Hill,Clark,144,155
60104102609-CLA,60104102609,601041026,Taroona - Bonnet Hill,Clark,263,277
60104102610-CLA,60104102610,601041026,Taroona - Bonnet Hill,Clark,192,199
60104102611-CLA,60104102611,601041026,Taroona - Bonnet Hill,Clark,320,323
60105102701-CLA,60105102701,601051027,Hobart,Clark,218,208
60105102702-CLA,60105102702,601051027,Hobart,Clark,213,215
60105102703-CLA,60105102703,601051027,Hobart,Clark,248,274
60105102704-CLA,60105102704,601051027,Hobart,Clark,207,220
60105102705-CLA,60105102705,601051027,Hobart,Clark,213,205
60105102706-CLA,60105102706,601051027,Hobart,Clark,248,243
60105102707-CLA,60105102707,601051027,Hobart,Clark,301,295
60105102708-CLA,60105102708,601051027,Hobart,Clark,333,328
60105102709-CLA,60105102709,601051027,Hobart,Clark,283,278
60105102710-CLA,60105102710,601051027,Hobart,Clark,188,186
60105102711-CLA,60105102711,601051027,Hobart,Clark,196,200
60105102712-CLA,60105102712,601051027,Hobart,Clark,347,342
60105102713-CLA,60105102713,601051027,Hobart,Clark,200,202
60105102714-CLA,60105102714,601051027,Hobart,Clark,326,336
60105102715-CLA,60105102715,601051027,Hobart,Clark,264,257
60105102716-CLA,60105102716,601051027,Hobart,Clark,200,211
60105102717-CLA,60105102717,601051027,Hobart,Clark,361,361
60105102719-CLA,60105102719,601051027,Hobart,Clark,175,174
60105102720-CLA,60105102720,601051027,Hobart,Clark,419,413
60105102721-CLA,60105102721,601051027,Hobart,Clark,13,14
60105102722-CLA,60105102722,601051027,Hobart,Clark,140,140
60105102723-CLA,60105102723,601051027,Hobart,Clark,313,309
60105102801-CLA,60105102801,601051028,Lenah Valley - Mount Stuart,Clark,421,416
60105102802-CLA,60105102802,601051028,Lenah Valley - Mount Stuart,Clark,384,407
60105102803-CLA,60105102803,601051028,Lenah Valley - Mount Stuart,Clark,499,475
60105102804-CLA,60105102804,601051028,Lenah Valley - Mount Stuart,Clark,412,394
60105102805-CLA,60105102805,601051028,Lenah Valley - Mount Stuart,Clark,85,82
60105102806-CLA,60105102806,601051028,Lenah Valley - Mount Stuart,Clark,175,179
60105102807-CLA,60105102807,601051028,Lenah Valley - Mount Stuart,Clark,237,230
60105102808-CLA,60105102808,601051028,Lenah Valley - Mount Stuart,Clark,362,350
60105102810-CLA,60105102810,601051028,Lenah Valley - Mount Stuart,Clark,418,389
60105102811-CLA,60105102811,601051028,Lenah Valley - Mount Stuart,Clark,259,250
60105102812-CLA,60105102812,601051028,Lenah Valley - Mount Stuart,Clark,386,357
60105102813-CLA,60105102813,601051028,Lenah Valley - Mount Stuart,Clark,304,317
60105102814-CLA,60105102814,601051028,Lenah Valley - Mount Stuart,Clark,421,414
60105102815-CLA,60105102815,601051028,Lenah Valley - Mount Stuart,Clark,370,373
60105102816-CLA,60105102816,601051028,Lenah Valley - Mount Stuart,Clark,211,216
60105102817-CLA,60105102817,601051028,Lenah Valley - Mount Stuart,Clark,284,289
60105102818-CLA,60105102818,601051028,Lenah Valley - Mount Stuart,Clark,333,324
60105102820-CLA,60105102820,601051028,Lenah Valley - Mount Stuart,Clark,517,510
60105102821-CLA,60105102821,601051028,Lenah Valley - Mount Stuart,Clark,336,325
60105102901-CLA,60105102901,601051029,Mount Nelson - Dynnyrne,Clark,320,295
60105102902-CLA,60105102902,601051029,Mount Nelson - Dynnyrne,Clark,314,326
60105102903-CLA,60105102903,601051029,Mount Nelson - Dynnyrne,Clark,464,481
60105102904-CLA,60105102904,601051029,Mount Nelson - Dynnyrne,Clark,386,421
60105102905-CLA,60105102905,601051029,Mount Nelson - Dynnyrne,Clark,445,466
60105102906-CLA,60105102906,601051029,Mount Nelson - Dynnyrne,Clark,269,261
60105102907-CLA,60105102907,601051029,Mount Nelson - Dynnyrne,Clark,463,509
60105102908-CLA,60105102908,601051029,Mount Nelson - Dynnyrne,Clark,51,53
60105102909-CLA,60105102909,601051029,Mount Nelson - Dynnyrne,Clark,514,566
60105103001-CLA,60105103001,601051030,New Town,Clark,280,323
60105103002-CLA,60105103002,601051030,New Town,Clark,274,284
60105103003-CLA,60105103003,601051030,New Town,Clark,418,442
60105103004-CLA,60105103004,601051030,New Town,Clark,420,439
60105103006-CLA,60105103006,601051030,New Town,Clark,227,238
60105103007-CLA,60105103007,601051030,New Town,Clark,373,389
60105103008-CLA,60105103008,601051030,New Town,Clark,177,205
60105103009-CLA,60105103009,601051030,New Town,Clark,257,271
60105103010-CLA,60105103010,601051030,New Town,Clark,424,457
60105103011-CLA,60105103011,601051030,New Town,Clark,271,305
60105103012-CLA,60105103012,601051030,New Town,Clark,392,403
60105103013-CLA,60105103013,601051030,New Town,Clark,417,465
60105103014-CLA,60105103014,601051030,New Town,Clark,0,0
60105103015-CLA,60105103015,601051030,New Town,Clark,183,192
60105103101-CLA,60105103101,601051031,Sandy Bay,Clark,395,395
60105103102-CLA,60105103102,601051031,Sandy Bay,Clark,433,454
60105103103-CLA,60105103103,601051031,Sandy Bay,Clark,519,528
60105103104-CLA,60105103104,601051031,Sandy Bay,Clark,231,240
60105103105-CLA,60105103105,601051031,Sandy Bay,Clark,511,516
60105103106-CLA,60105103106,601051031,Sandy Bay,Clark,211,217
60105103107-CLA,60105103107,601051031,Sandy Bay,Clark,340,358
60105103108-CLA,60105103108,601051031,Sandy Bay,Clark,577,611
60105103109-CLA,60105103109,601051031,Sandy Bay,Clark,187,204
60105103110-CLA,60105103110,601051031,Sandy Bay,Clark,305,294
60105103111-CLA,60105103111,601051031,Sandy Bay,Clark,4,4
60105103112-CLA,60105103112,601051031,Sandy Bay,Clark,232,238
60105103113-CLA,60105103113,601051031,Sandy Bay,Clark,266,251
60105103114-CLA,60105103114,601051031,Sandy Bay,Clark,266,252
60105103115-CLA,60105103115,601051031,Sandy Bay,Clark,200,195
60105103116-CLA,60105103116,601051031,Sandy Bay,Clark,275,283
60105103117-CLA,60105103117,601051031,Sandy Bay,Clark,130,132
60105103118-CLA,60105103118,601051031,Sandy Bay,Clark,330,323
60105103119-CLA,60105103119,601051031,Sandy Bay,Clark,307,292
60105103120-CLA,60105103120,601051031,Sandy Bay,Clark,194,203
60105103121-CLA,60105103121,601051031,Sandy Bay,Clark,184,197
60105103122-CLA,60105103122,601051031,Sandy Bay,Clark,260,257
60105103123-CLA,60105103123,601051031,Sandy Bay,Clark,148,151
60105103124-CLA,60105103124,601051031,Sandy Bay,Clark,193,204
60105103125-CLA,60105103125,601051031,Sandy Bay,Clark,365,373
60105103126-CLA,60105103126,601051031,Sandy Bay,Clark,221,223
60105103127-CLA,60105103127,601051031,Sandy Bay,Clark,358,360
60105103128-CLA,60105103128,601051031,Sandy Bay,Clark,238,246
60105103201-CLA,60105103201,601051032,South Hobart - Fern Tree,Clark,405,416
60105103202-CLA,60105103202,601051032,South Hobart - Fern Tree,Clark,260,253
60105103203-CLA,60105103203,601051032,South Hobart - Fern Tree,Clark,225,220
60105103204-CLA,60105103204,601051032,South Hobart - Fern Tree,Clark,418,420
60105103205-CLA,60105103205,601051032,South Hobart - Fern Tree,Clark,397,393
60105103206-CLA,60105103206,601051032,South Hobart - Fern Tree,Clark,192,216
60105103207-CLA,60105103207,601051032,South Hobart - Fern Tree,Clark,292,300
60105103208-CLA,60105103208,601051032,South Hobart - Fern Tree,Clark,328,333
60105103209-CLA,60105103209,601051032,South Hobart - Fern Tree,Clark,2,2
60105103210-CLA,60105103210,601051032,South Hobart - Fern Tree,Clark,256,270
60105103211-CLA,60105103211,601051032,South Hobart - Fern Tree,Clark,319,335
60105103212-CLA,60105103212,601051032,South Hobart - Fern Tree,Clark,215,242
60105103213-CLA,60105103213,601051032,South Hobart - Fern Tree,Clark,153,156
60105103214-CLA,60105103214,601051032,South Hobart - Fern Tree,Clark,160,181
60105103215-CLA,60105103215,601051032,South Hobart - Fern Tree,Clark,281,313
60105103216-CLA,60105103216,601051032,South Hobart - Fern Tree,Clark,321,372
60105103217-CLA,60105103217,601051032,South Hobart - Fern Tree,Clark,223,236
60105103218-CLA,60105103218,601051032,South Hobart - Fern Tree,Clark,307,333
60105103301-CLA,60105103301,601051033,West Hobart,Clark,224,229
60105103302-CLA,60105103302,601051033,West Hobart,Clark,234,248
60105103303-CLA,60105103303,601051033,West Hobart,Clark,235,235
60105103304-CLA,60105103304,601051033,West Hobart,Clark,413,421
60105103305-CLA,60105103305,601051033,West Hobart,Clark,338,320
60105103306-CLA,60105103306,601051033,West Hobart,Clark,381,397
60105103307-CLA,60105103307,601051033,West Hobart,Clark,348,361
60105103308-CLA,60105103308,601051033,West Hobart,Clark,245,259
60105103309-CLA,60105103309,601051033,West Hobart,Clark,319,330
60105103310-CLA,60105103310,601051033,West Hobart,Clark,194,191
60105103311-CLA,60105103311,601051033,West Hobart,Clark,236,227
60105103312-CLA,60105103312,601051033,West Hobart,Clark,365,340
60105103313-CLA,60105103313,601051033,West Hobart,Clark,153,150
60105103314-CLA,60105103314,601051033,West Hobart,Clark,212,222
60105103315-CLA,60105103315,601051033,West Hobart,Clark,206,204
60105103316-CLA,60105103316,601051033,West Hobart,Clark,7,7
60105103317-CLA,60105103317,601051033,West Hobart,Clark,287,272
60105103318-CLA,60105103318,601051033,West Hobart,Clark,224,220
60106103401-LYO,60106103401,601061034,Dodges Ferry - Lewisham,Lyons,511,524
60106103402-LYO,60106103402,601061034,Dodges Ferry - Lewisham,Lyons,364,403
60106103403-LYO,60106103403,601061034,Dodges Ferry - Lewisham,Lyons,323,325
60106103404-LYO,60106103404,601061034,Dodges Ferry - Lewisham,Lyons,349,340
60106103405-LYO,60106103405,601061034,Dodges Ferry - Lewisham,Lyons,294,322
60106103406-LYO,60106103406,601061034,Dodges Ferry - Lewisham,Lyons,406,415
60106103407-LYO,60106103407,601061034,Dodges Ferry - Lewisham,Lyons,383,423
60106103408-LYO,60106103408,601061034,Dodges Ferry - Lewisham,Lyons,398,419
60106103409-LYO,60106103409,601061034,Dodges Ferry - Lewisham,Lyons,305,327
60106103410-LYO,60106103410,601061034,Dodges Ferry - Lewisham,Lyons,280,312
60106103411-LYO,60106103411,601061034,Dodges Ferry - Lewisham,Lyons,390,402
60106103412-LYO,60106103412,601061034,Dodges Ferry - Lewisham,Lyons,203,209
60106103413-LYO,60106103413,601061034,Dodges Ferry - Lewisham,Lyons,514,545
60106103414-LYO,60106103414,601061034,Dodges Ferry - Lewisham,Lyons,247,261
60106103415-LYO,60106103415,601061034,Dodges Ferry - Lewisham,Lyons,321,353
60106103416-LYO,60106103416,601061034,Dodges Ferry - Lewisham,Lyons,148,148
60106103417-LYO,60106103417,601061034,Dodges Ferry - Lewisham,Lyons,249,265
60106103418-LYO,60106103418,601061034,Dodges Ferry - Lewisham,Lyons,393,407
60106103419-LYO,60106103419,601061034,Dodges Ferry - Lewisham,Lyons,335,355
60106103420-LYO,60106103420,601061034,Dodges Ferry - Lewisham,Lyons,272,301
60106103421-LYO,60106103421,601061034,Dodges Ferry - Lewisham,Lyons,349,373
60106103501-LYO,60106103501,601061035,Sorell - Richmond,Lyons,321,352
60106103502-LYO,60106103502,601061035,Sorell - Richmond,Lyons,327,349
60106103503-LYO,60106103503,601061035,Sorell - Richmond,Lyons,369,390
60106103504-LYO,60106103504,601061035,Sorell - Richmond,Lyons,444,486
60106103505-LYO,60106103505,601061035,Sorell - Richmond,Lyons,442,472
60106103506-LYO,60106103506,601061035,Sorell - Richmond,Lyons,202,209
60106103507-LYO,60106103507,601061035,Sorell - Richmond,Lyons,757,868
60106103508-LYO,60106103508,601061035,Sorell - Richmond,Lyons,374,420
60106103509-LYO,60106103509,601061035,Sorell - Richmond,Lyons,352,364
60106103510-LYO,60106103510,601061035,Sorell - Richmond,Lyons,397,473
60106103511-LYO,60106103511,601061035,Sorell - Richmond,Lyons,294,321
60106103512-LYO,60106103512,601061035,Sorell - Richmond,Lyons,260,277
60106103513-LYO,60106103513,601061035,Sorell - Richmond,Lyons,261,282
60106103514-LYO,60106103514,601061035,Sorell - Richmond,Lyons,192,213
60106103515-LYO,60106103515,601061035,Sorell - Richmond,Lyons,322,337
60106103516-LYO,60106103516,601061035,Sorell - Richmond,Lyons,337,343
60106103517-LYO,60106103517,601061035,Sorell - Richmond,Lyons,218,243
60106103518-LYO,60106103518,601061035,Sorell - Richmond,Lyons,305,324
60106103519-LYO,60106103519,601061035,Sorell - Richmond,Lyons,226,239
60106103520-LYO,60106103520,601061035,Sorell - Richmond,Lyons,859,977
60106103521-LYO,60106103521,601061035,Sorell - Richmond,Lyons,452,469
60106103522-LYO,60106103522,601061035,Sorell - Richmond,Lyons,336,365
60201103601-BAS,60201103601,602011036,Invermay,Bass,335,378
60201103602-BAS,60201103602,602011036,Invermay,Bass,6,6
60201103603-BAS,60201103603,602011036,Invermay,Bass,418,437
60201103604-BAS,60201103604,602011036,Invermay,Bass,331,334
60201103605-BAS,60201103605,602011036,Invermay,Bass,166,165
60201103606-BAS,60201103606,602011036,Invermay,Bass,230,248
60201103607-BAS,60201103607,602011036,Invermay,Bass,34,36
60201103608-BAS,60201103608,602011036,Invermay,Bass,25,23
60201103609-BAS,60201103609,602011036,Invermay,Bass,204,214
60201103610-BAS,60201103610,602011036,Invermay,Bass,260,271
60201103611-BAS,60201103611,602011036,Invermay,Bass,0,0
60201103612-BAS,60201103612,602011036,Invermay,Bass,188,194
60201103701-BAS,60201103701,602011037,Kings Meadows - Punchbowl,Bass,429,439
60201103702-BAS,60201103702,602011037,Kings Meadows - Punchbowl,Bass,428,443
60201103703-BAS,60201103703,602011037,Kings Meadows - Punchbowl,Bass,279,257
60201103704-BAS,60201103704,602011037,Kings Meadows - Punchbowl,Bass,0,0
60201103705-BAS,60201103705,602011037,Kings Meadows - Punchbowl,Bass,160,158
60201103706-BAS,60201103706,602011037,Kings Meadows - Punchbowl,Bass,366,363
60201103707-BAS,60201103707,602011037,Kings Meadows - Punchbowl,Bass,0,0
60201103708-BAS,60201103708,602011037,Kings Meadows - Punchbowl,Bass,454,515
60201103710-BAS,60201103710,602011037,Kings Meadows - Punchbowl,Bass,182,188
60201103711-BAS,60201103711,602011037,Kings Meadows - Punchbowl,Bass,346,362
60201103712-BAS,60201103712,602011037,Kings Meadows - Punchbowl,Bass,370,423
60201103713-BAS,60201103713,602011037,Kings Meadows - Punchbowl,Bass,458,470
60201103801-BAS,60201103801,602011038,Launceston,Bass,155,159
60201103802-BAS,60201103802,602011038,Launceston,Bass,443,424
60201103803-BAS,60201103803,602011038,Launceston,Bass,241,233
60201103804-BAS,60201103804,602011038,Launceston,Bass,205,196
60201103805-BAS,60201103805,602011038,Launceston,Bass,188,189
60201103806-BAS,60201103806,602011038,Launceston,Bass,401,393
60201103807-BAS,60201103807,602011038,Launceston,Bass,290,269
60201103808-BAS,60201103808,602011038,Launceston,Bass,231,223
60201103809-BAS,60201103809,602011038,Launceston,Bass,147,148
60201103810-BAS,60201103810,602011038,Launceston,Bass,183,181
60201103811-BAS,60201103811,602011038,Launceston,Bass,136,125
60201103812-BAS,60201103812,602011038,Launceston,Bass,188,196
60201103813-BAS,60201103813,602011038,Launceston,Bass,5,5
60201103814-BAS,60201103814,602011038,Launceston,Bass,327,290
60201103815-BAS,60201103815,602011038,Launceston,Bass,227,204
60201103816-BAS,60201103816,602011038,Launceston,Bass,250,239
60201103902-BAS,60201103902,602011039,Legana,Bass,350,379
60201103903-BAS,60201103903,602011039,Legana,Bass,403,411
60201103904-BAS,60201103904,602011039,Legana,Bass,616,607
60201103906-BAS,60201103906,602011039,Legana,Bass,379,348
60201103907-BAS,60201103907,602011039,Legana,Bass,126,133
60201103908-BAS,60201103908,602011039,Legana,Bass,120,127
60201103909-BAS,60201103909,602011039,Legana,Bass,405,420
60201103911-BAS,60201103911,602011039,Legana,Bass,338,351
60201103912-BAS,60201103912,602011039,Legana,Bass,155,171
60201103913-BAS,60201103913,602011039,Legana,Bass,475,522
60201103914-BAS,60201103914,602011039,Legana,Bass,420,435
60201104001-BAS,60201104001,602011040,Mowbray,Bass,276,274
60201104002-BAS,60201104002,602011040,Mowbray,Bass,131,123
60201104003-BAS,60201104003,602011040,Mowbray,Bass,342,344
60201104004-BAS,60201104004,602011040,Mowbray,Bass,90,90
60201104005-BAS,60201104005,602011040,Mowbray,Bass,365,345
60201104006-BAS,60201104006,602011040,Mowbray,Bass,246,238
60201104007-BAS,60201104007,602011040,Mowbray,Bass,0,0
60201104008-BAS,60201104008,602011040,Mowbray,Bass,18,17
60201104009-BAS,60201104009,602011040,Mowbray,Bass,388,387
60201104010-BAS,60201104010,602011040,Mowbray,Bass,245,236
60201104011-BAS,60201104011,602011040,Mowbray,Bass,242,239
60201104101-BAS,60201104101,602011041,Newnham - Mayfield,Bass,545,532
60201104102-BAS,60201104102,602011041,Newnham - Mayfield,Bass,376,359
60201104103-BAS,60201104103,602011041,Newnham - Mayfield,Bass,215,193
60201104104-BAS,60201104104,602011041,Newnham - Mayfield,Bass,246,242
60201104105-BAS,60201104105,602011041,Newnham - Mayfield,Bass,453,467
60201104106-BAS,60201104106,602011041,Newnham - Mayfield,Bass,330,321
60201104107-BAS,60201104107,602011041,Newnham - Mayfield,Bass,200,186
60201104108-BAS,60201104108,602011041,Newnham - Mayfield,Bass,223,227
60201104109-BAS,60201104109,602011041,Newnham - Mayfield,Bass,431,423
60201104110-BAS,60201104110,602011041,Newnham - Mayfield,Bass,270,251
60201104111-BAS,60201104111,602011041,Newnham - Mayfield,Bass,226,213
60201104112-BAS,60201104112,602011041,Newnham - Mayfield,Bass,410,379
60201104113-BAS,60201104113,602011041,Newnham - Mayfield,Bass,195,192
60201104114-BAS,60201104114,602011041,Newnham - Mayfield,Bass,159,155
60201104116-BAS,60201104116,602011041,Newnham - Mayfield,Bass,134,129
60201104117-BAS,60201104117,602011041,Newnham - Mayfield,Bass,190,211
60201104118-BAS,60201104118,602011041,Newnham - Mayfield,Bass,268,244
60201104119-BAS,60201104119,602011041,Newnham - Mayfield,Bass,267,276
60201104120-BAS,60201104120,602011041,Newnham - Mayfield,Bass,12,12
60201104121-BAS,60201104121,602011041,Newnham - Mayfield,Bass,320,304
60201104122-BAS,60201104122,602011041,Newnham - Mayfield,Bass,11,11
60201104123-BAS,60201104123,602011041,Newnham - Mayfield,Bass,1,1
60201104124-BAS,60201104124,602011041,Newnham - Mayfield,Bass,483,478
60201104125-BAS,60201104125,602011041,Newnham - Mayfield,Bass,207,195
60201104201-BAS,60201104201,602011042,Newstead,Bass,605,657
60201104202-BAS,60201104202,602011042,Newstead,Bass,0,0
60201104203-BAS,60201104203,602011042,Newstead,Bass,0,0
60201104204-BAS,60201104204,602011042,Newstead,Bass,448,479
60201104205-BAS,60201104205,602011042,Newstead,Bass,254,264
60201104206-BAS,60201104206,602011042,Newstead,Bass,278,288
60201104207-BAS,60201104207,602011042,Newstead,Bass,307,290
60201104208-BAS,60201104208,602011042,Newstead,Bass,385,406
60201104209-BAS,60201104209,602011042,Newstead,Bass,238,252
60201104210-BAS,60201104210,602011042,Newstead,Bass,168,160
60201104211-BAS,60201104211,602011042,Newstead,Bass,433,396
60201104212-BAS,60201104212,602011042,Newstead,Bass,379,396
60201104213-BAS,60201104213,602011042,Newstead,Bass,368,364
60201104301-BAS,60201104301,602011043,Norwood (Tas.),Bass,424,401
60201104302-BAS,60201104302,602011043,Norwood (Tas.),Bass,401,369
60201104303-BAS,60201104303,602011043,Norwood (Tas.),Bass,242,248
60201104304-BAS,60201104304,602011043,Norwood (Tas.),Bass,264,237
60201104305-BAS,60201104305,602011043,Norwood (Tas.),Bass,466,455
60201104306-BAS,60201104306,602011043,Norwood (Tas.),Bass,412,408
60201104307-BAS,60201104307,602011043,Norwood (Tas.),Bass,422,431
60201104308-BAS,60201104308,602011043,Norwood (Tas.),Bass,208,207
60201104309-BAS,60201104309,602011043,Norwood (Tas.),Bass,157,160
60201104401-LYO,60201104401,602011044,Prospect Vale - Blackstone,Lyons,304,307
60201104402-LYO,60201104402,602011044,Prospect Vale - Blackstone,Lyons,308,317
60201104403-LYO,60201104403,602011044,Prospect Vale - Blackstone,Lyons,209,214
60201104404-LYO,60201104404,602011044,Prospect Vale - Blackstone,Lyons,314,313
60201104405-LYO,60201104405,602011044,Prospect Vale - Blackstone,Lyons,169,175
60201104406-LYO,60201104406,602011044,Prospect Vale - Blackstone,Lyons,288,287
60201104407-LYO,60201104407,602011044,Prospect Vale - Blackstone,Lyons,321,293
60201104408-LYO,60201104408,602011044,Prospect Vale - Blackstone,Lyons,302,324
60201104409-LYO,60201104409,602011044,Prospect Vale - Blackstone,Lyons,328,327
60201104410-LYO,60201104410,602011044,Prospect Vale - Blackstone,Lyons,443,461
60201104411-LYO,60201104411,602011044,Prospect Vale - Blackstone,Lyons,324,295
60201104412-LYO,60201104412,602011044,Prospect Vale - Blackstone,Lyons,724,706
60201104413-LYO,60201104413,602011044,Prospect Vale - Blackstone,Lyons,2,2
60201104414-LYO,60201104414,602011044,Prospect Vale - Blackstone,Lyons,192,189
60201104415-LYO,60201104415,602011044,Prospect Vale - Blackstone,Lyons,349,330
60201104416-LYO,60201104416,602011044,Prospect Vale - Blackstone,Lyons,253,271
60201104417-LYO,60201104417,602011044,Prospect Vale - Blackstone,Lyons,290,297
60201104418-LYO,60201104418,602011044,Prospect Vale - Blackstone,Lyons,251,254
60201104501-BAS,60201104501,602011045,Ravenswood,Bass,185,198
60201104502-BAS,60201104502,602011045,Ravenswood,Bass,6,6
60201104503-BAS,60201104503,602011045,Ravenswood,Bass,380,410
60201104504-BAS,60201104504,602011045,Ravenswood,Bass,329,372
60201104505-BAS,60201104505,602011045,Ravenswood,Bass,312,340
60201104506-BAS,60201104506,602011045,Ravenswood,Bass,325,315
60201104507-BAS,60201104507,602011045,Ravenswood,Bass,234,240
60201104508-BAS,60201104508,602011045,Ravenswood,Bass,217,226
60201104509-BAS,60201104509,602011045,Ravenswood,Bass,164,174
60201104510-BAS,60201104510,602011045,Ravenswood,Bass,312,331
60201104511-BAS,60201104511,602011045,Ravenswood,Bass,42,44
60201104512-BAS,60201104512,602011045,Ravenswood,Bass,260,271
60201104601-BAS,60201104601,602011046,Riverside,Bass,204,225
60201104602-BAS,60201104602,602011046,Riverside,Bass,290,280
60201104603-BAS,60201104603,602011046,Riverside,Bass,554,598
60201104604-BAS,60201104604,602011046,Riverside,Bass,343,339
60201104605-BAS,60201104605,602011046,Riverside,Bass,204,209
60201104606-BAS,60201104606,602011046,Riverside,Bass,522,544
60201104607-BAS,60201104607,602011046,Riverside,Bass,263,253
60201104608-BAS,60201104608,602011046,Riverside,Bass,375,367
60201104609-BAS,60201104609,602011046,Riverside,Bass,130,140
60201104610-BAS,60201104610,602011046,Riverside,Bass,414,435
60201104611-BAS,60201104611,602011046,Riverside,Bass,305,314
60201104612-BAS,60201104612,602011046,Riverside,Bass,299,277
60201104613-BAS,60201104613,602011046,Riverside,Bass,0,0
60201104614-BAS,60201104614,602011046,Riverside,Bass,411,421
60201104615-BAS,60201104615,602011046,Riverside,Bass,450,452
60201104616-BAS,60201104616,602011046,Riverside,Bass,251,254
60201104617-BAS,60201104617,602011046,Riverside,Bass,367,356
60201104701-BAS,60201104701,602011047,South Launceston,Bass,301,290
60201104702-BAS,60201104702,602011047,South Launceston,Bass,258,254
60201104703-BAS,60201104703,602011047,South Launceston,Bass,201,219
60201104704-BAS,60201104704,602011047,South Launceston,Bass,229,248
60201104705-BAS,60201104705,602011047,South Launceston,Bass,191,201
60201104706-BAS,60201104706,602011047,South Launceston,Bass,369,390
60201104707-BAS,60201104707,602011047,South Launceston,Bass,333,332
60201104708-BAS,60201104708,602011047,South Launceston,Bass,312,334
60201104709-BAS,60201104709,602011047,South Launceston,Bass,268,273
60201104710-BAS,60201104710,602011047,South Launceston,Bass,233,237
60201104711-BAS,60201104711,602011047,South Launceston,Bass,134,146
60201104712-BAS,60201104712,602011047,South Launceston,Bass,299,303
60201104801-BAS,60201104801,602011048,Summerhill - Prospect,Bass,357,361
60201104802-BAS,60201104802,602011048,Summerhill - Prospect,Bass,252,260
60201104803-BAS,60201104803,602011048,Summerhill - Prospect,Bass,291,294
60201104804-BAS,60201104804,602011048,Summerhill - Prospect,Bass,1,1
60201104805-BAS,60201104805,602011048,Summerhill - Prospect,Bass,322,309
60201104806-BAS,60201104806,602011048,Summerhill - Prospect,Bass,303,292
60201104807-BAS,60201104807,602011048,Summerhill - Prospect,Bass,366,340
60201104808-BAS,60201104808,602011048,Summerhill - Prospect,Bass,292,282
60201104809-BAS,60201104809,602011048,Summerhill - Prospect,Bass,477,450
60201104810-BAS,60201104810,602011048,Summerhill - Prospect,Bass,218,217
60201104812-BAS,60201104812,602011048,Summerhill - Prospect,Bass,178,168
60201104813-BAS,60201104813,602011048,Summerhill - Prospect,Bass,281,255
60201104814-BAS,60201104814,602011048,Summerhill - Prospect,Bass,279,292
60201104815-BAS,60201104815,602011048,Summerhill - Prospect,Bass,10,10
60201104901-BAS,60201104901,602011049,Trevallyn,Bass,512,507
60201104902-BAS,60201104902,602011049,Trevallyn,Bass,198,195
60201104903-BAS,60201104903,602011049,Trevallyn,Bass,275,260
60201104904-BAS,60201104904,602011049,Trevallyn,Bass,353,363
60201104905-BAS,60201104905,602011049,Trevallyn,Bass,236,243
60201104906-BAS,60201104906,602011049,Trevallyn,Bass,370,348
60201104907-BAS,60201104907,602011049,Trevallyn,Bass,418,403
60201104908-BAS,60201104908,602011049,Trevallyn,Bass,554,549
60201104909-BAS,60201104909,602011049,Trevallyn,Bass,314,332
60201104910-BAS,60201104910,602011049,Trevallyn,Bass,336,320
60201104911-BAS,60201104911,602011049,Trevallyn,Bass,0,0
60201105001-BAS,60201105001,602011050,Waverley - St Leonards,Bass,360,363
60201105002-BAS,60201105002,602011050,Waverley - St Leonards,Bass,158,168
60201105003-BAS,60201105003,602011050,Waverley - St Leonards,Bass,202,197
60201105004-BAS,60201105004,602011050,Waverley - St Leonards,Bass,357,374
60201105005-BAS,60201105005,602011050,Waverley - St Leonards,Bass,368,443
60201105006-BAS,60201105006,602011050,Waverley - St Leonards,Bass,314,336
60201105007-BAS,60201105007,602011050,Waverley - St Leonards,Bass,316,319
60201105008-BAS,60201105008,602011050,Waverley - St Leonards,Bass,319,339
60201105009-BAS,60201105009,602011050,Waverley - St Leonards,Bass,511,519
60201105101-BAS,60201105101,602011051,West Launceston,Bass,11,11
60201105102-BAS,60201105102,602011051,West Launceston,Bass,204,191
60201105103-BAS,60201105103,602011051,West Launceston,Bass,211,203
60201105104-BAS,60201105104,602011051,West Launceston,Bass,211,201
60201105105-BAS,60201105105,602011051,West Launceston,Bass,195,187
60201105106-BAS,60201105106,602011051,West Launceston,Bass,259,253
60201105107-BAS,60201105107,602011051,West Launceston,Bass,330,319
60201105108-BAS,60201105108,602011051,West Launceston,Bass,187,189
60201105109-BAS,60201105109,602011051,West Launceston,Bass,280,265
60201105110-BAS,60201105110,602011051,West Launceston,Bass,343,338
60201105111-BAS,60201105111,602011051,West Launceston,Bass,198,192
60201105112-BAS,60201105112,602011051,West Launceston,Bass,272,259
60201105113-BAS,60201105113,602011051,West Launceston,Bass,247,235
60201105114-BAS,60201105114,602011051,West Launceston,Bass,180,171
60201105201-BAS,60201105201,602011052,Youngtown - Relbia,Bass,329,304
60201105202-BAS,60201105202,602011052,Youngtown - Relbia,Bass,287,297
60201105203-BAS,60201105203,602011052,Youngtown - Relbia,Bass,266,283
60201105204-BAS,60201105204,602011052,Youngtown - Relbia,Bass,266,258
60201105205-BAS,60201105205,602011052,Youngtown - Relbia,Bass,270,255
60201105206-BAS,60201105206,602011052,Youngtown - Relbia,Bass,307,320
60201105207-BAS,60201105207,602011052,Youngtown - Relbia,Bass,266,269
60201105208-BAS,60201105208,602011052,Youngtown - Relbia,Bass,276,250
60201105209-BAS,60201105209,602011052,Youngtown - Relbia,Bass,474,496
60201105210-BAS,60201105210,602011052,Youngtown - Relbia,Bass,442,439
60201105211-BAS,60201105211,602011052,Youngtown - Relbia,Bass,814,838
60202105301-BAS,60202105301,602021053,Beauty Point - Beaconsfield,Bass,247,257
60202105302-BAS,60202105302,602021053,Beauty Point - Beaconsfield,Bass,407,388
60202105303-BAS,60202105303,602021053,Beauty Point - Beaconsfield,Bass,453,439
60202105304-BAS,60202105304,602021053,Beauty Point - Beaconsfield,Bass,205,213
60202105305-BAS,60202105305,602021053,Beauty Point - Beaconsfield,Bass,187,194
60202105306-BAS,60202105306,602021053,Beauty Point - Beaconsfield,Bass,241,238
60202105307-BAS,60202105307,602021053,Beauty Point - Beaconsfield,Bass,195,204
60202105308-BAS,60202105308,602021053,Beauty Point - Beaconsfield,Bass,212,218
60202105309-BAS,60202105309,602021053,Beauty Point - Beaconsfield,Bass,160,162
60202105310-BAS,60202105310,602021053,Beauty Point - Beaconsfield,Bass,200,203
60202105311-BAS,60202105311,602021053,Beauty Point - Beaconsfield,Bass,1,1
60202105312-BAS,60202105312,602021053,Beauty Point - Beaconsfield,Bass,377,379
60202105313-BAS,60202105313,602021053,Beauty Point - Beaconsfield,Bass,358,366
60202105314-BAS,60202105314,602021053,Beauty Point - Beaconsfield,Bass,128,132
60202105401-LYO,60202105401,602021054,Deloraine,Lyons,151,149
60202105402-LYO,60202105402,602021054,Deloraine,Lyons,173,164
60202105403-LYO,60202105403,602021054,Deloraine,Lyons,314,326
60202105404-LYO,60202105404,602021054,Deloraine,Lyons,147,139
60202105405-LYO,60202105405,602021054,Deloraine,Lyons,292,288
60202105406-LYO,60202105406,602021054,Deloraine,Lyons,199,192
60202105407-LYO,60202105407,602021054,Deloraine,Lyons,0,0
60202105408-LYO,60202105408,602021054,Deloraine,Lyons,426,417
60202105409-LYO,60202105409,602021054,Deloraine,Lyons,157,157
60202105410-LYO,60202105410,602021054,Deloraine,Lyons,293,296
60202105411-LYO,60202105411,602021054,Deloraine,Lyons,378,364
60202105412-LYO,60202105412,602021054,Deloraine,Lyons,344,350
60202105413-LYO,60202105413,602021054,Deloraine,Lyons,301,301
60202105414-LYO,60202105414,602021054,Deloraine,Lyons,1,1
60202105415-LYO,60202105415,602021054,Deloraine,Lyons,279,264
60202105416-LYO,60202105416,602021054,Deloraine,Lyons,232,236
60202105417-LYO,60202105417,602021054,Deloraine,Lyons,198,196
60202105418-LYO,60202105418,602021054,Deloraine,Lyons,311,315
60202105419-LYO,60202105419,602021054,Deloraine,Lyons,173,166
60202105420-LYO,60202105420,602021054,Deloraine,Lyons,349,374
60202105501-BAS,60202105501,602021055,Grindelwald - Lanena,Bass,474,469
60202105502-BAS,60202105502,602021055,Grindelwald - Lanena,Bass,378,388
60202105503-BAS,60202105503,602021055,Grindelwald - Lanena,Bass,243,255
60202105504-BAS,60202105504,602021055,Grindelwald - Lanena,Bass,290,310
60202105505-BAS,60202105505,602021055,Grindelwald - Lanena,Bass,392,380
60202105506-BAS,60202105506,602021055,Grindelwald - Lanena,Bass,318,320
60202105507-BAS,60202105507,602021055,Grindelwald - Lanena,Bass,506,510
60202105508-BAS,60202105508,602021055,Grindelwald - Lanena,Bass,291,286
60202105509-BAS,60202105509,602021055,Grindelwald - Lanena,Bass,347,336
60202105510-BAS,60202105510,602021055,Grindelwald - Lanena,Bass,134,130
60202105510-LYO,60202105510,602021055,Grindelwald - Lanena,Lyons,0,0
60202105511-BAS,60202105511,602021055,Grindelwald - Lanena,Bass,351,343
60202105512-BAS,60202105512,602021055,Grindelwald - Lanena,Bass,410,444
60202105513-BAS,60202105513,602021055,Grindelwald - Lanena,Bass,322,341
60202105514-BAS,60202105514,602021055,Grindelwald - Lanena,Bass,242,257
60202105515-BAS,60202105515,602021055,Grindelwald - Lanena,Bass,161,174
60202105601-LYO,60202105601,602021056,Hadspen - Carrick,Lyons,267,251
60202105602-LYO,60202105602,602021056,Hadspen - Carrick,Lyons,313,321
60202105603-LYO,60202105603,602021056,Hadspen - Carrick,Lyons,254,263
60202105604-LYO,60202105604,602021056,Hadspen - Carrick,Lyons,236,233
60202105605-LYO,60202105605,602021056,Hadspen - Carrick,Lyons,204,201
60202105606-LYO,60202105606,602021056,Hadspen - Carrick,Lyons,356,377
60202105607-LYO,60202105607,602021056,Hadspen - Carrick,Lyons,435,452
60202105608-LYO,60202105608,602021056,Hadspen - Carrick,Lyons,492,523
60202105609-LYO,60202105609,602021056,Hadspen - Carrick,Lyons,324,325
60202105701-LYO,60202105701,602021057,Westbury,Lyons,371,358
60202105702-LYO,60202105702,602021057,Westbury,Lyons,285,287
60202105703-LYO,60202105703,602021057,Westbury,Lyons,379,367
60202105704-LYO,60202105704,602021057,Westbury,Lyons,335,332
60202105705-LYO,60202105705,602021057,Westbury,Lyons,221,229
60202105706-LYO,60202105706,602021057,Westbury,Lyons,183,183
60202105707-LYO,60202105707,602021057,Westbury,Lyons,257,286
60202105708-LYO,60202105708,602021057,Westbury,Lyons,407,400
60202105709-LYO,60202105709,602021057,Westbury,Lyons,361,398
60202105710-BAS,60202105710,602021057,Westbury,Bass,0,0
60202105710-LYO,60202105710,602021057,Westbury,Lyons,308,312
60202105711-LYO,60202105711,602021057,Westbury,Lyons,233,239
60202105712-LYO,60202105712,602021057,Westbury,Lyons,268,274
60203105801-BAS,60203105801,602031058,Dilston - Lilydale,Bass,221,223
60203105802-BAS,60203105802,602031058,Dilston - Lilydale,Bass,458,464
60203105803-BAS,60203105803,602031058,Dilston - Lilydale,Bass,155,161
60203105804-BAS,60203105804,602031058,Dilston - Lilydale,Bass,295,283
60203105804-LYO,60203105804,602031058,Dilston - Lilydale,Lyons,0,0
60203105804-LY2,60203105804,602031058,Dilston - Lilydale,Lyons,0,0
60203105804-LY3,60203105804,602031058,Dilston - Lilydale,Lyons,0,0
60203105805-BAS,60203105805,602031058,Dilston - Lilydale,Bass,324,332
60203105806-BAS,60203105806,602031058,Dilston - Lilydale,Bass,324,308
60203105807-BAS,60203105807,602031058,Dilston - Lilydale,Bass,227,229
60203105808-BAS,60203105808,602031058,Dilston - Lilydale,Bass,332,332
60203105809-BAS,60203105809,602031058,Dilston - Lilydale,Bass,418,409
60203105810-BAS,60203105810,602031058,Dilston - Lilydale,Bass,253,247
60203105811-BAS,60203105811,602031058,Dilston - Lilydale,Bass,220,218
60203105812-BAS,60203105812,602031058,Dilston - Lilydale,Bass,247,276
60203105901-BAS,60203105901,602031059,George Town,Bass,203,205
60203105902-BAS,60203105902,602031059,George Town,Bass,329,385
60203105903-BAS,60203105903,602031059,George Town,Bass,403,404
60203105904-BAS,60203105904,602031059,George Town,Bass,282,297
60203105905-BAS,60203105905,602031059,George Town,Bass,238,223
60203105906-BAS,60203105906,602031059,George Town,Bass,198,193
60203105907-BAS,60203105907,602031059,George Town,Bass,263,261
60203105908-BAS,60203105908,602031059,George Town,Bass,273,288
60203105909-BAS,60203105909,602031059,George Town,Bass,365,353
60203105910-BAS,60203105910,602031059,George Town,Bass,243,251
60203105911-BAS,60203105911,602031059,George Town,Bass,397,374
60203105912-BAS,60203105912,602031059,George Town,Bass,344,332
60203105913-BAS,60203105913,602031059,George Town,Bass,312,291
60203105915-BAS,60203105915,602031059,George Town,Bass,414,432
60203105916-BAS,60203105916,602031059,George Town,Bass,148,144
60203105917-BAS,60203105917,602031059,George Town,Bass,168,153
60203105918-BAS,60203105918,602031059,George Town,Bass,200,207
60203105919-BAS,60203105919,602031059,George Town,Bass,223,217
60203105920-BAS,60203105920,602031059,George Town,Bass,262,291
60203105921-BAS,60203105921,602031059,George Town,Bass,153,145
60203105922-BAS,60203105922,602031059,George Town,Bass,309,328
60203105923-BAS,60203105923,602031059,George Town,Bass,78,85
60203106001-LYO,60203106001,602031060,Longford,Lyons,386,394
60203106002-LYO,60203106002,602031060,Longford,Lyons,207,199
60203106003-LYO,60203106003,602031060,Longford,Lyons,374,362
60203106004-LYO,60203106004,602031060,Longford,Lyons,308,331
60203106005-LYO,60203106005,602031060,Longford,Lyons,604,596
60203106006-LYO,60203106006,602031060,Longford,Lyons,280,282
60203106007-LYO,60203106007,602031060,Longford,Lyons,687,721
60203106008-LYO,60203106008,602031060,Longford,Lyons,377,393
60203106009-LYO,60203106009,602031060,Longford,Lyons,160,146
60203106010-LYO,60203106010,602031060,Longford,Lyons,181,188
60203106101-LYO,60203106101,602031061,Northern Midlands,Lyons,263,269
60203106102-LYO,60203106102,602031061,Northern Midlands,Lyons,411,409
60203106103-LYO,60203106103,602031061,Northern Midlands,Lyons,267,268
60203106104-LYO,60203106104,602031061,Northern Midlands,Lyons,178,171
60203106105-LYO,60203106105,602031061,Northern Midlands,Lyons,308,311
60203106106-LYO,60203106106,602031061,Northern Midlands,Lyons,325,318
60203106107-LYO,60203106107,602031061,Northern Midlands,Lyons,110,115
60203106108-LYO,60203106108,602031061,Northern Midlands,Lyons,497,494
60203106109-LYO,60203106109,602031061,Northern Midlands,Lyons,263,252
60203106110-LYO,60203106110,602031061,Northern Midlands,Lyons,235,246
60203106111-LYO,60203106111,602031061,Northern Midlands,Lyons,59,53
60203106201-LYO,60203106201,602031062,Perth - Evandale,Lyons,222,234
60203106202-LYO,60203106202,602031062,Perth - Evandale,Lyons,332,341
60203106203-LYO,60203106203,602031062,Perth - Evandale,Lyons,231,224
60203106205-LYO,60203106205,602031062,Perth - Evandale,Lyons,431,453
60203106206-LYO,60203106206,602031062,Perth - Evandale,Lyons,494,489
60203106207-LYO,60203106207,602031062,Perth - Evandale,Lyons,269,283
60203106208-LYO,60203106208,602031062,Perth - Evandale,Lyons,216,203
60203106209-LYO,60203106209,602031062,Perth - Evandale,Lyons,230,232
60203106210-LYO,60203106210,602031062,Perth - Evandale,Lyons,128,121
60203106211-LYO,60203106211,602031062,Perth - Evandale,Lyons,499,509
60203106212-LYO,60203106212,602031062,Perth - Evandale,Lyons,214,224
60203106213-LYO,60203106213,602031062,Perth - Evandale,Lyons,486,499
60203106214-LYO,60203106214,602031062,Perth - Evandale,Lyons,305,298
60203106215-LYO,60203106215,602031062,Perth - Evandale,Lyons,170,175
60203106216-LYO,60203106216,602031062,Perth - Evandale,Lyons,217,238
60203106401-LYO,60203106401,602031064,St Helens - Scamander,Lyons,334,307
60203106402-LYO,60203106402,602031064,St Helens - Scamander,Lyons,286,284
60203106403-LYO,60203106403,602031064,St Helens - Scamander,Lyons,185,188
60203106404-LYO,60203106404,602031064,St Helens - Scamander,Lyons,229,226
60203106405-LYO,60203106405,602031064,St Helens - Scamander,Lyons,174,175
60203106406-LYO,60203106406,602031064,St Helens - Scamander,Lyons,3,3
60203106407-LYO,60203106407,602031064,St Helens - Scamander,Lyons,306,282
60203106408-LYO,60203106408,602031064,St Helens - Scamander,Lyons,331,335
60203106409-LYO,60203106409,602031064,St Helens - Scamander,Lyons,327,340
60203106410-LYO,60203106410,602031064,St Helens - Scamander,Lyons,225,225
60203106411-LYO,60203106411,602031064,St Helens - Scamander,Lyons,341,358
60203106412-LYO,60203106412,602031064,St Helens - Scamander,Lyons,126,129
60203106413-LYO,60203106413,602031064,St Helens - Scamander,Lyons,224,224
60203106414-LYO,60203106414,602031064,St Helens - Scamander,Lyons,381,393
60203106415-LYO,60203106415,602031064,St Helens - Scamander,Lyons,431,406
60203106416-LYO,60203106416,602031064,St Helens - Scamander,Lyons,267,266
60203106417-LYO,60203106417,602031064,St Helens - Scamander,Lyons,236,238
60203106417-BAS,60203106417,602031064,St Helens - Scamander,Bass,0,0
60203106418-BAS,60203106418,602031064,St Helens - Scamander,Bass,0,0
60203106418-LYO,60203106418,602031064,St Helens - Scamander,Lyons,0,0
60203106419-LYO,60203106419,602031064,St Helens - Scamander,Lyons,276,293
60203106420-LYO,60203106420,602031064,St Helens - Scamander,Lyons,284,287
60203106421-LYO,60203106421,602031064,St Helens - Scamander,Lyons,426,401
60203106422-LYO,60203106422,602031064,St Helens - Scamander,Lyons,240,266
60203109901-BAS,60203109901,602031099,Flinders and Cape Barren Islands,Bass,0,0
60203109902-BAS,60203109902,602031099,Flinders and Cape Barren Islands,Bass,463,446
60203109903-BAS,60203109903,602031099,Flinders and Cape Barren Islands,Bass,247,243
60203109904-BAS,60203109904,602031099,Flinders and Cape Barren Islands,Bass,49,47
60203110001-BAS,60203110001,602031100,Scottsdale - Bridport,Bass,283,286
60203110001-BA2,60203110001,602031100,Scottsdale - Bridport,Bass,0,0
60203110001-LYO,60203110001,602031100,Scottsdale - Bridport,Bass,0,0
60203110002-BAS,60203110002,602031100,Scottsdale - Bridport,Bass,226,222
60203110003-BAS,60203110003,602031100,Scottsdale - Bridport,Bass,190,195
60203110004-BAS,60203110004,602031100,Scottsdale - Bridport,Bass,147,143
60203110005-BAS,60203110005,602031100,Scottsdale - Bridport,Bass,403,415
60203110006-BAS,60203110006,602031100,Scottsdale - Bridport,Bass,264,266
60203110007-BAS,60203110007,602031100,Scottsdale - Bridport,Bass,367,344
60203110008-BAS,60203110008,602031100,Scottsdale - Bridport,Bass,87,84
60203110009-BAS,60203110009,602031100,Scottsdale - Bridport,Bass,193,190
60203110010-BAS,60203110010,602031100,Scottsdale - Bridport,Bass,145,142
60203110011-BAS,60203110011,602031100,Scottsdale - Bridport,Bass,347,342
60203110012-BAS,60203110012,602031100,Scottsdale - Bridport,Bass,423,391
60203110013-BAS,60203110013,602031100,Scottsdale - Bridport,Bass,276,274
60203110014-BAS,60203110014,602031100,Scottsdale - Bridport,Bass,393,364
60203110015-BAS,60203110015,602031100,Scottsdale - Bridport,Bass,186,182
60203110016-BAS,60203110016,602031100,Scottsdale - Bridport,Bass,128,128
60203110017-BAS,60203110017,602031100,Scottsdale - Bridport,Bass,326,297
60203110018-BAS,60203110018,602031100,Scottsdale - Bridport,Bass,223,206
60203110019-BAS,60203110019,602031100,Scottsdale - Bridport,Bass,258,265
60203110020-BAS,60203110020,602031100,Scottsdale - Bridport,Bass,138,121
60203110021-BAS,60203110021,602031100,Scottsdale - Bridport,Bass,138,124
60203110022-BAS,60203110022,602031100,Scottsdale - Bridport,Bass,206,210
60301106501-LYO,60301106501,603011065,Central Highlands,Lyons,318,325
60301106502-LYO,60301106502,603011065,Central Highlands,Lyons,294,298
60301106503-LYO,60301106503,603011065,Central Highlands,Lyons,404,425
60301106504-LYO,60301106504,603011065,Central Highlands,Lyons,0,0
60301106505-LYO,60301106505,603011065,Central Highlands,Lyons,234,250
60301106506-LYO,60301106506,603011065,Central Highlands,Lyons,259,266
60301106507-LYO,60301106507,603011065,Central Highlands,Lyons,317,315
60301106601-LYO,60301106601,603011066,Derwent Valley,Lyons,251,252
60301106602-LYO,60301106602,603011066,Derwent Valley,Lyons,315,300
60301106603-LYO,60301106603,603011066,Derwent Valley,Lyons,131,136
60301106604-LYO,60301106604,603011066,Derwent Valley,Lyons,121,118
60301106605-LYO,60301106605,603011066,Derwent Valley,Lyons,119,117
60301106606-LYO,60301106606,603011066,Derwent Valley,Lyons,234,237
60301106607-LYO,60301106607,603011066,Derwent Valley,Lyons,162,157
60301106608-LYO,60301106608,603011066,Derwent Valley,Lyons,236,235
60301106609-LYO,60301106609,603011066,Derwent Valley,Lyons,199,201
60301106610-LYO,60301106610,603011066,Derwent Valley,Lyons,327,342
60301106611-LYO,60301106611,603011066,Derwent Valley,Lyons,324,324
60301106612-FRA,60301106612,603011066,Derwent Valley,Franklin,3,3
60301106612-LYO,60301106612,603011066,Derwent Valley,Lyons,3,3
60301106701-LYO,60301106701,603011067,Southern Midlands,Lyons,333,323
60301106702-LYO,60301106702,603011067,Southern Midlands,Lyons,261,270
60301106704-LYO,60301106704,603011067,Southern Midlands,Lyons,330,317
60301106705-LYO,60301106705,603011067,Southern Midlands,Lyons,250,263
60301106706-LYO,60301106706,603011067,Southern Midlands,Lyons,291,275
60301106707-LYO,60301106707,603011067,Southern Midlands,Lyons,263,270
60301106708-LYO,60301106708,603011067,Southern Midlands,Lyons,174,169
60301106710-LYO,60301106710,603011067,Southern Midlands,Lyons,202,184
60301106711-LYO,60301106711,603011067,Southern Midlands,Lyons,270,271
60301106712-LYO,60301106712,603011067,Southern Midlands,Lyons,398,405
60301106713-LYO,60301106713,603011067,Southern Midlands,Lyons,326,330
60301106714-LYO,60301106714,603011067,Southern Midlands,Lyons,278,295
60301106715-LYO,60301106715,603011067,Southern Midlands,Lyons,190,191
60301106716-LYO,60301106716,603011067,Southern Midlands,Lyons,356,384
60301106717-LYO,60301106717,603011067,Southern Midlands,Lyons,403,436
60301106719-LYO,60301106719,603011067,Southern Midlands,Lyons,395,412
60301106720-LYO,60301106720,603011067,Southern Midlands,Lyons,422,430
60301106801-FRA,60301106801,603011068,Wilderness - East,Franklin,0,0
60301106801-LYO,60301106801,603011068,Wilderness - East,Lyons,2,2
60302106901-FRA,60302106901,603021069,Bruny Island - Kettering,Franklin,208,212
60302106902-FRA,60302106902,603021069,Bruny Island - Kettering,Franklin,340,343
60302106903-FRA,60302106903,603021069,Bruny Island - Kettering,Franklin,411,407
60302106904-FRA,60302106904,603021069,Bruny Island - Kettering,Franklin,442,455
60302106905-FRA,60302106905,603021069,Bruny Island - Kettering,Franklin,185,175
60302106906-FRA,60302106906,603021069,Bruny Island - Kettering,Franklin,585,590
60302106907-FRA,60302106907,603021069,Bruny Island - Kettering,Franklin,181,167
60302106908-FRA,60302106908,603021069,Bruny Island - Kettering,Franklin,225,218
60302106909-FRA,60302106909,603021069,Bruny Island - Kettering,Franklin,282,287
60302107001-FRA,60302107001,603021070,Cygnet,Franklin,219,222
60302107002-FRA,60302107002,603021070,Cygnet,Franklin,349,371
60302107003-FRA,60302107003,603021070,Cygnet,Franklin,266,272
60302107004-FRA,60302107004,603021070,Cygnet,Franklin,403,407
60302107005-FRA,60302107005,603021070,Cygnet,Franklin,560,587
60302107006-FRA,60302107006,603021070,Cygnet,Franklin,277,266
60302107007-FRA,60302107007,603021070,Cygnet,Franklin,324,328
60302107008-FRA,60302107008,603021070,Cygnet,Franklin,353,351
60302107009-FRA,60302107009,603021070,Cygnet,Franklin,273,283
60302107010-FRA,60302107010,603021070,Cygnet,Franklin,298,307
60302107011-FRA,60302107011,603021070,Cygnet,Franklin,236,241
60302107012-FRA,60302107012,603021070,Cygnet,Franklin,416,425
60302107101-FRA,60302107101,603021071,Geeveston - Dover,Franklin,411,432
60302107102-FRA,60302107102,603021071,Geeveston - Dover,Franklin,373,391
60302107103-FRA,60302107103,603021071,Geeveston - Dover,Franklin,425,423
60302107104-FRA,60302107104,603021071,Geeveston - Dover,Franklin,350,380
60302107105-FRA,60302107105,603021071,Geeveston - Dover,Franklin,571,617
60302107106-FRA,60302107106,603021071,Geeveston - Dover,Franklin,306,294
60302107107-FRA,60302107107,603021071,Geeveston - Dover,Franklin,302,301
60302107108-FRA,60302107108,603021071,Geeveston - Dover,Franklin,2,2
60302107109-FRA,60302107109,603021071,Geeveston - Dover,Franklin,348,352
60302107110-FRA,60302107110,603021071,Geeveston - Dover,Franklin,194,184
60302107201-FRA,60302107201,603021072,Huonville - Franklin,Franklin,213,226
60302107202-FRA,60302107202,603021072,Huonville - Franklin,Franklin,156,172
60302107203-FRA,60302107203,603021072,Huonville - Franklin,Franklin,343,355
60302107204-FRA,60302107204,603021072,Huonville - Franklin,Franklin,353,371
60302107205-FRA,60302107205,603021072,Huonville - Franklin,Franklin,257,285
60302107206-FRA,60302107206,603021072,Huonville - Franklin,Franklin,530,531
60302107207-FRA,60302107207,603021072,Huonville - Franklin,Franklin,399,410
60302107208-FRA,60302107208,603021072,Huonville - Franklin,Franklin,264,257
60302107209-FRA,60302107209,603021072,Huonville - Franklin,Franklin,452,483
60302107210-FRA,60302107210,603021072,Huonville - Franklin,Franklin,344,365
60302107211-FRA,60302107211,603021072,Huonville - Franklin,Franklin,318,346
60302107212-FRA,60302107212,603021072,Huonville - Franklin,Franklin,522,542
60302107213-FRA,60302107213,603021072,Huonville - Franklin,Franklin,451,477
60302107214-FRA,60302107214,603021072,Huonville - Franklin,Franklin,260,268
60302107215-FRA,60302107215,603021072,Huonville - Franklin,Franklin,322,308
60302107216-FRA,60302107216,603021072,Huonville - Franklin,Franklin,268,266
60302107217-FRA,60302107217,603021072,Huonville - Franklin,Franklin,285,309
60302107218-FRA,60302107218,603021072,Huonville - Franklin,Franklin,404,392
60302107219-FRA,60302107219,603021072,Huonville - Franklin,Franklin,452,439
60302107220-FRA,60302107220,603021072,Huonville - Franklin,Franklin,432,469
60302107221-FRA,60302107221,603021072,Huonville - Franklin,Franklin,324,296
60303107301-LYO,60303107301,603031073,Forestier - Tasman,Lyons,352,348
60303107302-LYO,60303107302,603031073,Forestier - Tasman,Lyons,281,274
60303107303-LYO,60303107303,603031073,Forestier - Tasman,Lyons,2,2
60303107304-LYO,60303107304,603031073,Forestier - Tasman,Lyons,258,228
60303107305-LYO,60303107305,603031073,Forestier - Tasman,Lyons,290,293
60303107306-LYO,60303107306,603031073,Forestier - Tasman,Lyons,268,250
60303107307-LYO,60303107307,603031073,Forestier - Tasman,Lyons,275,272
60303107308-LYO,60303107308,603031073,Forestier - Tasman,Lyons,75,72
60303107309-LYO,60303107309,603031073,Forestier - Tasman,Lyons,166,160
60303107310-LYO,60303107310,603031073,Forestier - Tasman,Lyons,190,190
60303107401-LYO,60303107401,603031074,Triabunna - Bicheno,Lyons,291,286
60303107402-LYO,60303107402,603031074,Triabunna - Bicheno,Lyons,1,1
60303107403-LYO,60303107403,603031074,Triabunna - Bicheno,Lyons,228,229
60303107404-LYO,60303107404,603031074,Triabunna - Bicheno,Lyons,339,321
60303107405-LYO,60303107405,603031074,Triabunna - Bicheno,Lyons,0,0
60303107406-LYO,60303107406,603031074,Triabunna - Bicheno,Lyons,148,143
60303107407-LYO,60303107407,603031074,Triabunna - Bicheno,Lyons,269,263
60303107408-LYO,60303107408,603031074,Triabunna - Bicheno,Lyons,152,143
60303107409-LYO,60303107409,603031074,Triabunna - Bicheno,Lyons,212,210
60303107411-LYO,60303107411,603031074,Triabunna - Bicheno,Lyons,135,135
60303107412-LYO,60303107412,603031074,Triabunna - Bicheno,Lyons,204,202
60303107413-LYO,60303107413,603031074,Triabunna - Bicheno,Lyons,194,206
60303107414-LYO,60303107414,603031074,Triabunna - Bicheno,Lyons,385,355
60303107415-LYO,60303107415,603031074,Triabunna - Bicheno,Lyons,266,266
60303107416-LYO,60303107416,603031074,Triabunna - Bicheno,Lyons,0,0
60303107417-LYO,60303107417,603031074,Triabunna - Bicheno,Lyons,349,368
60303107418-LYO,60303107418,603031074,Triabunna - Bicheno,Lyons,217,207
60303107419-LYO,60303107419,603031074,Triabunna - Bicheno,Lyons,270,277
60303107420-LYO,60303107420,603031074,Triabunna - Bicheno,Lyons,180,187
60303107422-LYO,60303107422,603031074,Triabunna - Bicheno,Lyons,195,193
60303107423-LYO,60303107423,603031074,Triabunna - Bicheno,Lyons,0,0
60401107501-BRA,60401107501,604011075,Acton - Upper Burnie,Braddon,231,234
60401107502-BRA,60401107502,604011075,Acton - Upper Burnie,Braddon,269,272
60401107503-BRA,60401107503,604011075,Acton - Upper Burnie,Braddon,185,185
60401107504-BRA,60401107504,604011075,Acton - Upper Burnie,Braddon,242,271
60401107505-BRA,60401107505,604011075,Acton - Upper Burnie,Braddon,512,560
60401107506-BRA,60401107506,604011075,Acton - Upper Burnie,Braddon,411,404
60401107507-BRA,60401107507,604011075,Acton - Upper Burnie,Braddon,275,293
60401107508-BRA,60401107508,604011075,Acton - Upper Burnie,Braddon,453,473
60401107601-BRA,60401107601,604011076,Burnie - Ulverstone Surrounds,Braddon,418,401
60401107602-BRA,60401107602,604011076,Burnie - Ulverstone Surrounds,Braddon,312,323
60401107603-BRA,60401107603,604011076,Burnie - Ulverstone Surrounds,Braddon,347,351
60401107604-BRA,60401107604,604011076,Burnie - Ulverstone Surrounds,Braddon,297,293
60401107605-BRA,60401107605,604011076,Burnie - Ulverstone Surrounds,Braddon,203,208
60401107605-LYO,60401107605,604011076,Burnie - Ulverstone Surrounds,Lyons,0,0
60401107606-BRA,60401107606,604011076,Burnie - Ulverstone Surrounds,Braddon,407,415
60401107607-BRA,60401107607,604011076,Burnie - Ulverstone Surrounds,Braddon,286,285
60401107608-BRA,60401107608,604011076,Burnie - Ulverstone Surrounds,Braddon,385,425
60401107609-BRA,60401107609,604011076,Burnie - Ulverstone Surrounds,Braddon,350,362
60401107610-BRA,60401107610,604011076,Burnie - Ulverstone Surrounds,Braddon,236,228
60401107611-BRA,60401107611,604011076,Burnie - Ulverstone Surrounds,Braddon,321,343
60401107612-BRA,60401107612,604011076,Burnie - Ulverstone Surrounds,Braddon,310,299
60401107613-BRA,60401107613,604011076,Burnie - Ulverstone Surrounds,Braddon,238,239
60401107614-BRA,60401107614,604011076,Burnie - Ulverstone Surrounds,Braddon,107,107
60401107701-BRA,60401107701,604011077,Burnie - Wivenhoe,Braddon,266,281
60401107702-BRA,60401107702,604011077,Burnie - Wivenhoe,Braddon,142,152
60401107703-BRA,60401107703,604011077,Burnie - Wivenhoe,Braddon,317,336
60401107704-BRA,60401107704,604011077,Burnie - Wivenhoe,Braddon,58,61
60401107705-BRA,60401107705,604011077,Burnie - Wivenhoe,Braddon,0,0
60401107706-BRA,60401107706,604011077,Burnie - Wivenhoe,Braddon,2,2
60401107707-BRA,60401107707,604011077,Burnie - Wivenhoe,Braddon,241,246
60401107708-BRA,60401107708,604011077,Burnie - Wivenhoe,Braddon,202,206
60401107709-BRA,60401107709,604011077,Burnie - Wivenhoe,Braddon,313,309
60401107710-BRA,60401107710,604011077,Burnie - Wivenhoe,Braddon,267,274
60401107711-BRA,60401107711,604011077,Burnie - Wivenhoe,Braddon,273,261
60401107712-BRA,60401107712,604011077,Burnie - Wivenhoe,Braddon,341,343
60401107713-BRA,60401107713,604011077,Burnie - Wivenhoe,Braddon,406,435
60401107801-BRA,60401107801,604011078,Parklands - Camdale,Braddon,348,354
60401107802-BRA,60401107802,604011078,Parklands - Camdale,Braddon,275,268
60401107803-BRA,60401107803,604011078,Parklands - Camdale,Braddon,114,115
60401107804-BRA,60401107804,604011078,Parklands - Camdale,Braddon,254,242
60401107805-BRA,60401107805,604011078,Parklands - Camdale,Braddon,127,132
60401107806-BRA,60401107806,604011078,Parklands - Camdale,Braddon,309,344
60401107807-BRA,60401107807,604011078,Parklands - Camdale,Braddon,570,594
60401107808-BRA,60401107808,604011078,Parklands - Camdale,Braddon,312,332
60401107809-BRA,60401107809,604011078,Parklands - Camdale,Braddon,271,277
60401107810-BRA,60401107810,604011078,Parklands - Camdale,Braddon,190,182
60401107811-BRA,60401107811,604011078,Parklands - Camdale,Braddon,259,276
60401107812-BRA,60401107812,604011078,Parklands - Camdale,Braddon,332,313
60401107813-BRA,60401107813,604011078,Parklands - Camdale,Braddon,271,256
60401107814-BRA,60401107814,604011078,Parklands - Camdale,Braddon,158,151
60401107815-BRA,60401107815,604011078,Parklands - Camdale,Braddon,141,146
60401107816-BRA,60401107816,604011078,Parklands - Camdale,Braddon,317,313
60401107817-BRA,60401107817,604011078,Parklands - Camdale,Braddon,474,497
60401107818-BRA,60401107818,604011078,Parklands - Camdale,Braddon,290,308
60401107901-BRA,60401107901,604011079,Penguin - Sulphur Creek,Braddon,150,143
60401107902-BRA,60401107902,604011079,Penguin - Sulphur Creek,Braddon,125,123
60401107903-BRA,60401107903,604011079,Penguin - Sulphur Creek,Braddon,457,483
60401107904-BRA,60401107904,604011079,Penguin - Sulphur Creek,Braddon,216,223
60401107905-BRA,60401107905,604011079,Penguin - Sulphur Creek,Braddon,182,184
60401107906-BRA,60401107906,604011079,Penguin - Sulphur Creek,Braddon,297,288
60401107907-BRA,60401107907,604011079,Penguin - Sulphur Creek,Braddon,174,162
60401107908-BRA,60401107908,604011079,Penguin - Sulphur Creek,Braddon,215,206
60401107909-BRA,60401107909,604011079,Penguin - Sulphur Creek,Braddon,270,283
60401107910-BRA,60401107910,604011079,Penguin - Sulphur Creek,Braddon,435,414
60401107911-BRA,60401107911,604011079,Penguin - Sulphur Creek,Braddon,519,539
60401107912-BRA,60401107912,604011079,Penguin - Sulphur Creek,Braddon,168,153
60401107913-BRA,60401107913,604011079,Penguin - Sulphur Creek,Braddon,262,265
60401107914-BRA,60401107914,604011079,Penguin - Sulphur Creek,Braddon,224,238
60401107915-BRA,60401107915,604011079,Penguin - Sulphur Creek,Braddon,178,176
60401107916-BRA,60401107916,604011079,Penguin - Sulphur Creek,Braddon,215,217
60401107917-BRA,60401107917,604011079,Penguin - Sulphur Creek,Braddon,218,216
60401108001-BRA,60401108001,604011080,Romaine - Havenview,Braddon,246,242
60401108002-BRA,60401108002,604011080,Romaine - Havenview,Braddon,218,212
60401108003-BRA,60401108003,604011080,Romaine - Havenview,Braddon,296,307
60401108004-BRA,60401108004,604011080,Romaine - Havenview,Braddon,178,168
60401108005-BRA,60401108005,604011080,Romaine - Havenview,Braddon,303,286
60401108006-BRA,60401108006,604011080,Romaine - Havenview,Braddon,305,312
60401108007-BRA,60401108007,604011080,Romaine - Havenview,Braddon,136,132
60401108008-BRA,60401108008,604011080,Romaine - Havenview,Braddon,371,384
60401108009-BRA,60401108009,604011080,Romaine - Havenview,Braddon,171,172
60401108010-BRA,60401108010,604011080,Romaine - Havenview,Braddon,227,246
60401108011-BRA,60401108011,604011080,Romaine - Havenview,Braddon,240,242
60401108101-BRA,60401108101,604011081,Somerset,Braddon,76,77
60401108102-BRA,60401108102,604011081,Somerset,Braddon,268,280
60401108103-BRA,60401108103,604011081,Somerset,Braddon,198,204
60401108104-BRA,60401108104,604011081,Somerset,Braddon,197,199
60401108105-BRA,60401108105,604011081,Somerset,Braddon,178,182
60401108106-BRA,60401108106,604011081,Somerset,Braddon,243,240
60401108107-BRA,60401108107,604011081,Somerset,Braddon,334,338
60401108108-BRA,60401108108,604011081,Somerset,Braddon,400,392
60401108109-BRA,60401108109,604011081,Somerset,Braddon,298,319
60401108110-BRA,60401108110,604011081,Somerset,Braddon,283,274
60401108111-BRA,60401108111,604011081,Somerset,Braddon,367,381
60401108112-BRA,60401108112,604011081,Somerset,Braddon,309,344
60401108201-BRA,60401108201,604011082,Ulverstone,Braddon,12,12
60401108202-BRA,60401108202,604011082,Ulverstone,Braddon,408,405
60401108203-BRA,60401108203,604011082,Ulverstone,Braddon,326,326
60401108204-BRA,60401108204,604011082,Ulverstone,Braddon,208,195
60401108205-BRA,60401108205,604011082,Ulverstone,Braddon,223,222
60401108206-BRA,60401108206,604011082,Ulverstone,Braddon,218,225
60401108207-BRA,60401108207,604011082,Ulverstone,Braddon,174,170
60401108208-BRA,60401108208,604011082,Ulverstone,Braddon,303,287
60401108209-BRA,60401108209,604011082,Ulverstone,Braddon,121,122
60401108210-BRA,60401108210,604011082,Ulverstone,Braddon,141,143
60401108211-BRA,60401108211,604011082,Ulverstone,Braddon,327,356
60401108212-BRA,60401108212,604011082,Ulverstone,Braddon,146,149
60401108213-BRA,60401108213,604011082,Ulverstone,Braddon,187,175
60401108214-BRA,60401108214,604011082,Ulverstone,Braddon,361,358
60401108215-BRA,60401108215,604011082,Ulverstone,Braddon,285,292
60401108216-BRA,60401108216,604011082,Ulverstone,Braddon,339,373
60401108217-BRA,60401108217,604011082,Ulverstone,Braddon,330,311
60401108218-BRA,60401108218,604011082,Ulverstone,Braddon,282,290
60401108219-BRA,60401108219,604011082,Ulverstone,Braddon,375,385
60401108220-BRA,60401108220,604011082,Ulverstone,Braddon,414,419
60401108221-BRA,60401108221,604011082,Ulverstone,Braddon,497,478
60401108301-BRA,60401108301,604011083,West Ulverstone,Braddon,213,196
60401108302-BRA,60401108302,604011083,West Ulverstone,Braddon,249,227
60401108303-BRA,60401108303,604011083,West Ulverstone,Braddon,309,303
60401108304-BRA,60401108304,604011083,West Ulverstone,Braddon,384,362
60401108305-BRA,60401108305,604011083,West Ulverstone,Braddon,276,279
60401108306-BRA,60401108306,604011083,West Ulverstone,Braddon,280,274
60401108307-BRA,60401108307,604011083,West Ulverstone,Braddon,236,229
60401108308-BRA,60401108308,604011083,West Ulverstone,Braddon,96,101
60401108309-BRA,60401108309,604011083,West Ulverstone,Braddon,375,373
60401108310-BRA,60401108310,604011083,West Ulverstone,Braddon,356,347
60401108311-BRA,60401108311,604011083,West Ulverstone,Braddon,267,262
60401108312-BRA,60401108312,604011083,West Ulverstone,Braddon,345,358
60401108313-BRA,60401108313,604011083,West Ulverstone,Braddon,150,155
60401108401-BRA,60401108401,604011084,Wynyard,Braddon,53,54
60401108402-BRA,60401108402,604011084,Wynyard,Braddon,241,247
60401108403-BRA,60401108403,604011084,Wynyard,Braddon,214,218
60401108404-BRA,60401108404,604011084,Wynyard,Braddon,219,228
60401108405-BRA,60401108405,604011084,Wynyard,Braddon,305,329
60401108406-BRA,60401108406,604011084,Wynyard,Braddon,302,322
60401108407-BRA,60401108407,604011084,Wynyard,Braddon,206,211
60401108408-BRA,60401108408,604011084,Wynyard,Braddon,433,428
60401108409-BRA,60401108409,604011084,Wynyard,Braddon,328,328
60401108411-BRA,60401108411,604011084,Wynyard,Braddon,367,351
60401108412-BRA,60401108412,604011084,Wynyard,Braddon,202,203
60401108413-BRA,60401108413,604011084,Wynyard,Braddon,299,295
60401108414-BRA,60401108414,604011084,Wynyard,Braddon,191,187
60401108415-BRA,60401108415,604011084,Wynyard,Braddon,232,235
60401108416-BRA,60401108416,604011084,Wynyard,Braddon,252,254
60401108417-BRA,60401108417,604011084,Wynyard,Braddon,234,239
60401108418-BRA,60401108418,604011084,Wynyard,Braddon,272,282
60401108419-BRA,60401108419,604011084,Wynyard,Braddon,201,210
60401108420-BRA,60401108420,604011084,Wynyard,Braddon,256,265
60401108421-BRA,60401108421,604011084,Wynyard,Braddon,321,307
60402108501-BRA,60402108501,604021085,Devonport,Braddon,166,164
60402108502-BRA,60402108502,604021085,Devonport,Braddon,264,284
60402108503-BRA,60402108503,604021085,Devonport,Braddon,248,250
60402108504-BRA,60402108504,604021085,Devonport,Braddon,280,305
60402108505-BRA,60402108505,604021085,Devonport,Braddon,298,306
60402108506-BRA,60402108506,604021085,Devonport,Braddon,352,379
60402108507-BRA,60402108507,604021085,Devonport,Braddon,0,0
60402108508-BRA,60402108508,604021085,Devonport,Braddon,250,250
60402108509-BRA,60402108509,604021085,Devonport,Braddon,401,388
60402108510-BRA,60402108510,604021085,Devonport,Braddon,266,259
60402108511-BRA,60402108511,604021085,Devonport,Braddon,486,490
60402108512-BRA,60402108512,604021085,Devonport,Braddon,368,391
60402108513-BRA,60402108513,604021085,Devonport,Braddon,316,343
60402108514-BRA,60402108514,604021085,Devonport,Braddon,377,366
60402108515-BRA,60402108515,604021085,Devonport,Braddon,373,406
60402108516-BRA,60402108516,604021085,Devonport,Braddon,296,300
60402108517-BRA,60402108517,604021085,Devonport,Braddon,394,394
60402108518-BRA,60402108518,604021085,Devonport,Braddon,305,301
60402108519-BRA,60402108519,604021085,Devonport,Braddon,230,227
60402108520-BRA,60402108520,604021085,Devonport,Braddon,420,443
60402108521-BRA,60402108521,604021085,Devonport,Braddon,435,447
60402108522-BRA,60402108522,604021085,Devonport,Braddon,357,354
60402108523-BRA,60402108523,604021085,Devonport,Braddon,281,290
60402108524-BRA,60402108524,604021085,Devonport,Braddon,266,269
60402108525-BRA,60402108525,604021085,Devonport,Braddon,327,332
60402108526-BRA,60402108526,604021085,Devonport,Braddon,325,359
60402108527-BRA,60402108527,604021085,Devonport,Braddon,274,298
60402108528-BRA,60402108528,604021085,Devonport,Braddon,270,266
60402108529-BRA,60402108529,604021085,Devonport,Braddon,297,294
60402108530-BRA,60402108530,604021085,Devonport,Braddon,467,459
60402108531-BRA,60402108531,604021085,Devonport,Braddon,239,235
60402108532-BRA,60402108532,604021085,Devonport,Braddon,0,0
60402108533-BRA,60402108533,604021085,Devonport,Braddon,301,305
60402108534-BRA,60402108534,604021085,Devonport,Braddon,292,295
60402108535-BRA,60402108535,604021085,Devonport,Braddon,344,339
60402108536-BRA,60402108536,604021085,Devonport,Braddon,327,337
60402108601-BRA,60402108601,604021086,East Devonport,Braddon,207,221
60402108602-BRA,60402108602,604021086,East Devonport,Braddon,230,223
60402108603-BRA,60402108603,604021086,East Devonport,Braddon,292,321
60402108604-BRA,60402108604,604021086,East Devonport,Braddon,399,387
60402108605-BRA,60402108605,604021086,East Devonport,Braddon,116,125
60402108606-BRA,60402108606,604021086,East Devonport,Braddon,283,285
60402108607-BRA,60402108607,604021086,East Devonport,Braddon,161,170
60402108608-BRA,60402108608,604021086,East Devonport,Braddon,272,266
60402108609-BRA,60402108609,604021086,East Devonport,Braddon,168,181
60402108610-BRA,60402108610,604021086,East Devonport,Braddon,264,266
60402108611-BRA,60402108611,604021086,East Devonport,Braddon,231,243
60402108612-BRA,60402108612,604021086,East Devonport,Braddon,279,283
60402108613-BRA,60402108613,604021086,East Devonport,Braddon,205,215
60402108614-BRA,60402108614,604021086,East Devonport,Braddon,250,250
60402108615-BRA,60402108615,604021086,East Devonport,Braddon,247,256
60402108616-BRA,60402108616,604021086,East Devonport,Braddon,316,311
60402108701-BRA,60402108701,604021087,Latrobe,Braddon,281,277
60402108702-BRA,60402108702,604021087,Latrobe,Braddon,270,274
60402108703-BRA,60402108703,604021087,Latrobe,Braddon,185,197
60402108704-BRA,60402108704,604021087,Latrobe,Braddon,239,269
60402108705-BRA,60402108705,604021087,Latrobe,Braddon,283,288
60402108707-BRA,60402108707,604021087,Latrobe,Braddon,602,595
60402108708-BRA,60402108708,604021087,Latrobe,Braddon,275,274
60402108709-BRA,60402108709,604021087,Latrobe,Braddon,262,289
60402108710-BRA,60402108710,604021087,Latrobe,Braddon,278,308
60402108711-BRA,60402108711,604021087,Latrobe,Braddon,370,370
60402108712-BRA,60402108712,604021087,Latrobe,Braddon,442,466
60402108713-BRA,60402108713,604021087,Latrobe,Braddon,127,137
60402108721-BRA,60402108721,604021087,Latrobe,Braddon,334,314
60402108722-BRA,60402108722,604021087,Latrobe,Braddon,246,236
60402108723-BRA,60402108723,604021087,Latrobe,Braddon,114,123
60402108801-BRA,60402108801,604021088,Miandetta - Don,Braddon,302,330
60402108803-BRA,60402108803,604021088,Miandetta - Don,Braddon,472,469
60402108804-BRA,60402108804,604021088,Miandetta - Don,Braddon,348,341
60402108805-BRA,60402108805,604021088,Miandetta - Don,Braddon,530,513
60402108807-BRA,60402108807,604021088,Miandetta - Don,Braddon,188,208
60402108808-BRA,60402108808,604021088,Miandetta - Don,Braddon,71,68
60402108809-BRA,60402108809,604021088,Miandetta - Don,Braddon,275,298
60402108810-BRA,60402108810,604021088,Miandetta - Don,Braddon,622,621
60402108901-BRA,60402108901,604021089,Port Sorell,Braddon,378,384
60402108902-BRA,60402108902,604021089,Port Sorell,Braddon,182,178
60402108903-BRA,60402108903,604021089,Port Sorell,Braddon,318,330
60402108904-BRA,60402108904,604021089,Port Sorell,Braddon,200,213
60402108905-BRA,60402108905,604021089,Port Sorell,Braddon,573,553
60402108909-BRA,60402108909,604021089,Port Sorell,Braddon,222,215
60402108910-BRA,60402108910,604021089,Port Sorell,Braddon,573,565
60402108911-BRA,60402108911,604021089,Port Sorell,Braddon,444,445
60402108912-BRA,60402108912,604021089,Port Sorell,Braddon,284,284
60402108913-BRA,60402108913,604021089,Port Sorell,Braddon,182,189
60402108914-BRA,60402108914,604021089,Port Sorell,Braddon,347,345
60402108915-BRA,60402108915,604021089,Port Sorell,Braddon,529,542
60402108916-BRA,60402108916,604021089,Port Sorell,Braddon,1,1
60402108917-BRA,60402108917,604021089,Port Sorell,Braddon,530,539
60402108918-BRA,60402108918,604021089,Port Sorell,Braddon,292,294
60402108919-BRA,60402108919,604021089,Port Sorell,Braddon,381,375
60402109001-BRA,60402109001,604021090,Quoiba - Spreyton,Braddon,386,409
60402109002-BRA,60402109002,604021090,Quoiba - Spreyton,Braddon,441,463
60402109003-BRA,60402109003,604021090,Quoiba - Spreyton,Braddon,138,153
60402109004-BRA,60402109004,604021090,Quoiba - Spreyton,Braddon,600,631
60402109005-BRA,60402109005,604021090,Quoiba - Spreyton,Braddon,187,205
60402109006-BRA,60402109006,604021090,Quoiba - Spreyton,Braddon,494,489
60402109007-BRA,60402109007,604021090,Quoiba - Spreyton,Braddon,160,153
60402109008-BRA,60402109008,604021090,Quoiba - Spreyton,Braddon,189,188
60402109101-LYO,60402109101,604021091,Sheffield - Railton,Lyons,7,7
60402109102-LYO,60402109102,604021091,Sheffield - Railton,Lyons,207,196
60402109103-LYO,60402109103,604021091,Sheffield - Railton,Lyons,232,229
60402109104-LYO,60402109104,604021091,Sheffield - Railton,Lyons,260,260
60402109105-LYO,60402109105,604021091,Sheffield - Railton,Lyons,427,417
60402109106-LYO,60402109106,604021091,Sheffield - Railton,Lyons,318,322
60402109107-LYO,60402109107,604021091,Sheffield - Railton,Lyons,208,199
60402109108-LYO,60402109108,604021091,Sheffield - Railton,Lyons,283,292
60402109109-BRA,60402109109,604021091,Sheffield - Railton,Braddon,0,0
60402109109-LYO,60402109109,604021091,Sheffield - Railton,Lyons,283,282
60402109110-LYO,60402109110,604021091,Sheffield - Railton,Lyons,444,458
60402109111-LYO,60402109111,604021091,Sheffield - Railton,Lyons,342,350
60402109112-LYO,60402109112,604021091,Sheffield - Railton,Lyons,395,403
60402109113-LYO,60402109113,604021091,Sheffield - Railton,Lyons,345,367
60402109114-LYO,60402109114,604021091,Sheffield - Railton,Lyons,412,421
60402109115-LYO,60402109115,604021091,Sheffield - Railton,Lyons,280,282
60402109116-LYO,60402109116,604021091,Sheffield - Railton,Lyons,297,305
60402109117-BRA,60402109117,604021091,Sheffield - Railton,Braddon,0,0
60402109117-LYO,60402109117,604021091,Sheffield - Railton,Lyons,247,243
60402109118-LYO,60402109118,604021091,Sheffield - Railton,Lyons,203,206
60402109201-BRA,60402109201,604021092,Turners Beach - Forth,Braddon,227,222
60402109202-BRA,60402109202,604021092,Turners Beach - Forth,Braddon,472,478
60402109203-BRA,60402109203,604021092,Turners Beach - Forth,Braddon,400,402
60402109204-BRA,60402109204,604021092,Turners Beach - Forth,Braddon,195,199
60402109205-BRA,60402109205,604021092,Turners Beach - Forth,Braddon,317,311
60402109206-BRA,60402109206,604021092,Turners Beach - Forth,Braddon,343,359
60402109207-BRA,60402109207,604021092,Turners Beach - Forth,Braddon,269,275
60402109207-LYO,60402109207,604021092,Turners Beach - Forth,Lyons,0,0
60402109208-BRA,60402109208,604021092,Turners Beach - Forth,Braddon,329,331
60402109209-BRA,60402109209,604021092,Turners Beach - Forth,Braddon,234,227
60403109301-BRA,60403109301,604031093,King Island,Braddon,286,281
60403109302-BRA,60403109302,604031093,King Island,Braddon,177,167
60403109303-BRA,60403109303,604031093,King Island,Braddon,197,204
60403109304-BRA,60403109304,604031093,King Island,Braddon,257,240
60403109305-BRA,60403109305,604031093,King Island,Braddon,163,171
60403109401-BRA,60403109401,604031094,North West,Braddon,165,168
60403109402-BRA,60403109402,604031094,North West,Braddon,177,181
60403109403-BRA,60403109403,604031094,North West,Braddon,154,172
60403109404-BRA,60403109404,604031094,North West,Braddon,236,249
60403109405-BRA,60403109405,604031094,North West,Braddon,392,449
60403109406-BRA,60403109406,604031094,North West,Braddon,213,234
60403109407-BRA,60403109407,604031094,North West,Braddon,286,303
60403109408-BRA,60403109408,604031094,North West,Braddon,228,246
60403109409-BRA,60403109409,604031094,North West,Braddon,192,198
60403109410-BRA,60403109410,604031094,North West,Braddon,173,182
60403109411-BRA,60403109411,604031094,North West,Braddon,394,405
60403109412-BRA,60403109412,604031094,North West,Braddon,5,5
60403109413-BRA,60403109413,604031094,North West,Braddon,228,236
60403109501-BRA,60403109501,604031095,Smithton,Braddon,258,253
60403109502-BRA,60403109502,604031095,Smithton,Braddon,131,139
60403109503-BRA,60403109503,604031095,Smithton,Braddon,197,197
60403109504-BRA,60403109504,604031095,Smithton,Braddon,330,354
60403109505-BRA,60403109505,604031095,Smithton,Braddon,357,346
60403109506-BRA,60403109506,604031095,Smithton,Braddon,273,269
60403109507-BRA,60403109507,604031095,Smithton,Braddon,155,163
60403109508-BRA,60403109508,604031095,Smithton,Braddon,242,231
60403109509-BRA,60403109509,604031095,Smithton,Braddon,103,102
60403109510-BRA,60403109510,604031095,Smithton,Braddon,198,220
60403109511-BRA,60403109511,604031095,Smithton,Braddon,208,213
60403109512-BRA,60403109512,604031095,Smithton,Braddon,323,328
60403109601-BRA,60403109601,604031096,Waratah,Braddon,211,232
60403109602-BRA,60403109602,604031096,Waratah,Braddon,389,405
60403109603-BRA,60403109603,604031096,Waratah,Braddon,345,333
60403109604-BRA,60403109604,604031096,Waratah,Braddon,159,154
60403109605-BRA,60403109605,604031096,Waratah,Braddon,288,278
60403109606-BRA,60403109606,604031096,Waratah,Braddon,271,262
60403109607-BRA,60403109607,604031096,Waratah,Braddon,258,276
60403109608-BRA,60403109608,604031096,Waratah,Braddon,249,243
60403109609-BRA,60403109609,604031096,Waratah,Braddon,170,163
60403109610-BRA,60403109610,604031096,Waratah,Braddon,233,245
60403109611-BRA,60403109611,604031096,Waratah,Braddon,304,308
60403109612-BRA,60403109612,604031096,Waratah,Braddon,26,25
60403109613-BRA,60403109613,604031096,Waratah,Braddon,102,108
60403109701-BRA,60403109701,604031097,West Coast (Tas.),Braddon,215,238
60403109702-BRA,60403109702,604031097,West Coast (Tas.),Braddon,119,118
60403109703-BRA,60403109703,604031097,West Coast (Tas.),Braddon,108,112
60403109704-BRA,60403109704,604031097,West Coast (Tas.),Braddon,411,414
60403109705-BRA,60403109705,604031097,West Coast (Tas.),Braddon,182,185
60403109706-BRA,60403109706,604031097,West Coast (Tas.),Braddon,3,3
60403109707-BRA,60403109707,604031097,West Coast (Tas.),Braddon,203,218
60403109708-BRA,60403109708,604031097,West Coast (Tas.),Braddon,217,222
60403109709-BRA,60403109709,604031097,West Coast (Tas.),Braddon,121,122
60403109710-BRA,60403109710,604031097,West Coast (Tas.),Braddon,247,264
60403109711-BRA,60403109711,604031097,West Coast (Tas.),Braddon,233,233
60403109712-BRA,60403109712,604031097,West Coast (Tas.),Braddon,302,316
60403109713-BRA,60403109713,604031097,West Coast (Tas.),Braddon,308,334
60403109714-BRA,60403109714,604031097,West Coast (Tas.),Braddon,128,132
60403109715-BRA,60403109715,604031097,West Coast (Tas.),Braddon,29,30
60403109716-BRA,60403109716,604031097,West Coast (Tas.),Braddon,4,4
60403109717-BRA,60403109717,604031097,West Coast (Tas.),Braddon,207,219
60403109718-BRA,60403109718,604031097,West Coast (Tas.),Braddon,0,0
60403109719-BRA,60403109719,604031097,West Coast (Tas.),Braddon,0,0
60403109720-BRA,60403109720,604031097,West Coast (Tas.),Braddon,0,0
60403109801-BRA,60403109801,604031098,Wilderness - West,Braddon,0,0
