{
"type": "FeatureCollection",
"name": "act-2018",
"crs": { "type": "name", "properties": { "name": "urn:ogc:def:crs:OGC::CRS84" } },
"features": [
{"type":"Feature","properties":{"STE_NAME21":"ACT","Elect_div":"Bean","index":"BEAN"},"geometry":{"type":"MultiPolygon","coordinates":[[[[148.80573,-35.36609],[148.8057,-35.36514],[148.80492,-35.36468],[148.80329,-35.36318],[148.80149,-35.3626],[148.80074,-35.36167],[148.80079,-35.36027],[148.8003,-35.35975],[148.79956,-35.35896],[148.7967,-35.3584],[148.7977,-35.35681],[148.79869,-35.35565],[148.79925,-35.35428],[148.7994,-35.35338],[148.7993,-35.35036],[148.79873,-35.34814],[148.79691,-35.34638],[148.79667,-35.34585],[148.79604,-35.34364],[148.7955,-35.34192],[148.79355,-35.33911],[148.79438,-35.33815],[148.79528,-35.33647],[148.79766,-35.33381],[148.79851,-35.33208],[148.8004,-35.33047],[148.80172,-35.32916],[148.80214,-35.32655],[148.80229,-35.32561],[148.80209,-35.32433],[148.80107,-35.32176],[148.80284,-35.31981],[148.80348,-35.31805],[148.80373,-35.31676],[148.80532,-35.31468],[148.80699,-35.31161],[148.80734,-35.31093],[148.8078,-35.31039],[148.80797,-35.30977],[148.80968,-35.3081],[148.81014,-35.30744],[148.84922,-35.28445],[148.88381,-35.26411],[148.94988,-35.22526],[148.96091,-35.21877],[148.96135,-35.21852],[148.96138,-35.2185],[148.96166,-35.21833],[148.96174,-35.21845],[148.96188,-35.21865],[148.96213,-35.21935],[148.96242,-35.22007],[148.96298,-35.22169],[148.96357,-35.22246],[148.96413,-35.22315],[148.96456,-35.22361],[148.96497,-35.22413],[148.96537,-35.22474],[148.96578,-35.22524],[148.96622,-35.22587],[148.96656,-35.22624],[148.96691,-35.2266],[148.96709,-35.22693],[148.96726,-35.22734],[148.96733,-35.22774],[148.96731,-35.22787],[148.96746,-35.22845],[148.96764,-35.22904],[148.96807,-35.22971],[148.96834,-35.23032],[148.96868,-35.23112],[148.96869,-35.23113],[148.96914,-35.23164],[148.96956,-35.2321],[148.96998,-35.23249],[148.97063,-35.23315],[148.97101,-35.2336],[148.97121,-35.23382],[148.97202,-35.2342],[148.97297,-35.2348],[148.97362,-35.2352],[148.97493,-35.23684],[148.97537,-35.23765],[148.97599,-35.23809],[148.97626,-35.23882],[148.97599,-35.23948],[148.97549,-35.24008],[148.97449,-35.24071],[148.97413,-35.24073],[148.9739,-35.24077],[148.97363,-35.24078],[148.97305,-35.24095],[148.9724,-35.24119],[148.97122,-35.24143],[148.96958,-35.24165],[148.96889,-35.24173],[148.96836,-35.24175],[148.96819,-35.24175],[148.96808,-35.24171],[148.96773,-35.24192],[148.96755,-35.24218],[148.96704,-35.24259],[148.96671,-35.24283],[148.96614,-35.24301],[148.96576,-35.24329],[148.96499,-35.24343],[148.9641,-35.24355],[148.96328,-35.24374],[148.96253,-35.24397],[148.96218,-35.24421],[148.9618,-35.24454],[148.96164,-35.24471],[148.96154,-35.24491],[148.96138,-35.24524],[148.96135,-35.24559],[148.96166,-35.24607],[148.96214,-35.2464],[148.963,-35.24682],[148.96389,-35.24717],[148.96479,-35.24738],[148.96537,-35.24754],[148.96598,-35.2477],[148.96644,-35.24785],[148.9669,-35.24804],[148.96722,-35.24819],[148.96752,-35.24828],[148.96779,-35.24829],[148.96798,-35.24833],[148.96824,-35.24843],[148.96874,-35.24863],[148.96908,-35.24887],[148.96946,-35.24919],[148.97005,-35.24961],[148.9705,-35.25013],[148.97086,-35.2506],[148.97102,-35.25097],[148.97112,-35.25143],[148.97135,-35.25197],[148.97197,-35.25267],[148.97224,-35.25306],[148.97242,-35.25335],[148.97265,-35.25358],[148.9728,-35.25378],[148.97288,-35.25405],[148.97288,-35.25439],[148.97276,-35.25449],[148.9727,-35.25466],[148.97265,-35.25494],[148.97273,-35.25544],[148.97288,-35.25574],[148.97319,-35.25598],[148.97359,-35.25607],[148.97409,-35.25605],[148.97447,-35.25606],[148.97476,-35.25604],[148.97499,-35.25597],[148.9751,-35.25585],[148.9753,-35.2556],[148.97558,-35.25545],[148.97583,-35.2554],[148.97613,-35.25535],[148.97644,-35.2553],[148.97697,-35.25533],[148.97728,-35.25537],[148.97774,-35.25558],[148.97796,-35.25574],[148.97821,-35.25607],[148.97829,-35.25637],[148.97825,-35.25673],[148.97805,-35.25714],[148.97786,-35.2575],[148.97775,-35.25796],[148.97789,-35.25833],[148.97822,-35.25876],[148.97894,-35.2592],[148.97945,-35.25936],[148.97966,-35.25936],[148.98001,-35.25914],[148.98054,-35.25904],[148.9809,-35.25905],[148.98129,-35.259],[148.98163,-35.25902],[148.98177,-35.25909],[148.98198,-35.25926],[148.98207,-35.25938],[148.98219,-35.2598],[148.98234,-35.26006],[148.98254,-35.26029],[148.98274,-35.26043],[148.98303,-35.26055],[148.98371,-35.2607],[148.98391,-35.26078],[148.98419,-35.26083],[148.98462,-35.26085],[148.98516,-35.26108],[148.98544,-35.26119],[148.98579,-35.26137],[148.98641,-35.26162],[148.98669,-35.2618],[148.98722,-35.26205],[148.98758,-35.26226],[148.98772,-35.26233],[148.98801,-35.2623],[148.98826,-35.26219],[148.98836,-35.26207],[148.98841,-35.26197],[148.98856,-35.26179],[148.9887,-35.26165],[148.98892,-35.26147],[148.98922,-35.26131],[148.98956,-35.26122],[148.9898,-35.26119],[148.99041,-35.26117],[148.99074,-35.26122],[148.99114,-35.26131],[148.99166,-35.26148],[148.99206,-35.26171],[148.99226,-35.26196],[148.99233,-35.26217],[148.99247,-35.26227],[148.99282,-35.2623],[148.99333,-35.26234],[148.99367,-35.26239],[148.99389,-35.26246],[148.99429,-35.26256],[148.99453,-35.26265],[148.99478,-35.26268],[148.99505,-35.26267],[148.99523,-35.26262],[148.99551,-35.26252],[148.99568,-35.26237],[148.99578,-35.26223],[148.99585,-35.2621],[148.99591,-35.26195],[148.99595,-35.26162],[148.99594,-35.26137],[148.99592,-35.26123],[148.99596,-35.26104],[148.99597,-35.2608],[148.99595,-35.26049],[148.99595,-35.25986],[148.99602,-35.25956],[148.99605,-35.25914],[148.99626,-35.25825],[148.99633,-35.25811],[148.99652,-35.25798],[148.99702,-35.25807],[148.9973,-35.25817],[148.99769,-35.25824],[148.998,-35.25836],[148.99817,-35.25841],[148.99854,-35.25843],[148.99873,-35.25848],[148.99898,-35.25859],[148.99989,-35.2592],[149.00024,-35.25936],[149.00029,-35.2594],[149.00055,-35.25949],[149.00082,-35.25965],[149.00085,-35.25969],[149.00095,-35.25981],[149.00106,-35.2599],[149.00121,-35.26006],[149.00139,-35.26019],[149.00158,-35.26043],[149.00166,-35.26054],[149.00169,-35.26069],[149.00185,-35.26089],[149.00196,-35.261],[149.00206,-35.2612],[149.00218,-35.26143],[149.00233,-35.26162],[149.00242,-35.26182],[149.00249,-35.26207],[149.00247,-35.26232],[149.00246,-35.26243],[149.00247,-35.26254],[149.00251,-35.26274],[149.00263,-35.26295],[149.00268,-35.2631],[149.00275,-35.26331],[149.00285,-35.2636],[149.00285,-35.26376],[149.00281,-35.26385],[149.0029,-35.26405],[149.00308,-35.2643],[149.00319,-35.26454],[149.00324,-35.26474],[149.00321,-35.26482],[149.00328,-35.26505],[149.00338,-35.26521],[149.00341,-35.2654],[149.0034,-35.26553],[149.00357,-35.26602],[149.00366,-35.2664],[149.00373,-35.26664],[149.00358,-35.26679],[149.00356,-35.26684],[149.00356,-35.26705],[149.00359,-35.26727],[149.00359,-35.26754],[149.00364,-35.2677],[149.00366,-35.26787],[149.00366,-35.2681],[149.00383,-35.26866],[149.00394,-35.26886],[149.00399,-35.2689],[149.00517,-35.27017],[149.00665,-35.27143],[149.00741,-35.27196],[149.00763,-35.27207],[149.00789,-35.27212],[149.00803,-35.2721],[149.00862,-35.27209],[149.0098,-35.27202],[149.01124,-35.27182],[149.01176,-35.27176],[149.01393,-35.27188],[149.01554,-35.27169],[149.01677,-35.27178],[149.01736,-35.27206],[149.01783,-35.27232],[149.01849,-35.27301],[149.01865,-35.27416],[149.01851,-35.27515],[149.01834,-35.27609],[149.01825,-35.27656],[149.01811,-35.27694],[149.01811,-35.27704],[149.01776,-35.27803],[149.01772,-35.27819],[149.01777,-35.27824],[149.01794,-35.27878],[149.01816,-35.27935],[149.01833,-35.27971],[149.01842,-35.27981],[149.01889,-35.28008],[149.01962,-35.28039],[149.01983,-35.28041],[149.01997,-35.28045],[149.02015,-35.28039],[149.02105,-35.28034],[149.02124,-35.28031],[149.02185,-35.28021],[149.02128,-35.2792],[149.02413,-35.27794],[149.02391,-35.27682],[149.02699,-35.27336],[149.03397,-35.26587],[149.03416,-35.26629],[149.03448,-35.26686],[149.03471,-35.26719],[149.03512,-35.26768],[149.03542,-35.26797],[149.03592,-35.26838],[149.03638,-35.26869],[149.03672,-35.26888],[149.03742,-35.26921],[149.03808,-35.26945],[149.03889,-35.26965],[149.03971,-35.26979],[149.0407,-35.2699],[149.04155,-35.26991],[149.04226,-35.26987],[149.04305,-35.26978],[149.04365,-35.26966],[149.04546,-35.26934],[149.04587,-35.26926],[149.0464,-35.26918],[149.04706,-35.26909],[149.04766,-35.26904],[149.04829,-35.269],[149.04831,-35.26901],[149.04854,-35.26899],[149.04887,-35.26898],[149.04923,-35.26898],[149.04976,-35.26902],[149.05015,-35.26906],[149.0505,-35.2691],[149.05114,-35.26921],[149.05116,-35.26921],[149.05156,-35.2693],[149.05221,-35.26949],[149.05263,-35.26963],[149.05307,-35.2698],[149.05516,-35.27066],[149.05733,-35.27155],[149.06121,-35.27327],[149.06165,-35.27347],[149.06216,-35.27367],[149.06261,-35.27384],[149.06319,-35.27403],[149.06367,-35.27417],[149.06422,-35.27432],[149.0648,-35.27446],[149.06526,-35.27458],[149.06562,-35.27469],[149.06594,-35.27479],[149.06629,-35.27492],[149.06659,-35.27505],[149.06676,-35.27513],[149.06719,-35.2753],[149.06743,-35.27539],[149.06776,-35.2755],[149.06826,-35.27564],[149.06849,-35.2757],[149.06909,-35.27582],[149.06951,-35.2759],[149.07009,-35.27601],[149.07059,-35.27608],[149.07121,-35.27616],[149.0714,-35.27618],[149.07284,-35.27632],[149.0757,-35.27654],[149.07656,-35.27663],[149.07699,-35.2767],[149.07764,-35.27685],[149.07822,-35.27703],[149.07889,-35.2773],[149.08088,-35.27823],[149.08168,-35.2786],[149.08182,-35.27867],[149.08213,-35.27882],[149.08232,-35.2789],[149.08249,-35.27896],[149.08265,-35.27901],[149.08302,-35.27912],[149.08319,-35.27915],[149.08329,-35.27918],[149.08352,-35.27922],[149.08379,-35.27925],[149.08394,-35.27927],[149.08451,-35.27936],[149.08458,-35.27936],[149.08481,-35.2794],[149.08506,-35.27947],[149.08538,-35.2796],[149.08547,-35.27964],[149.0857,-35.27978],[149.08584,-35.27988],[149.08597,-35.28],[149.08607,-35.28011],[149.08618,-35.28024],[149.08632,-35.28043],[149.08647,-35.28062],[149.08641,-35.28135],[149.08638,-35.28155],[149.08628,-35.282],[149.08618,-35.28237],[149.08606,-35.28273],[149.08594,-35.28305],[149.08579,-35.2834],[149.08565,-35.28367],[149.08546,-35.284],[149.08544,-35.28404],[149.08545,-35.28405],[149.08543,-35.28405],[149.08524,-35.2841],[149.08499,-35.28448],[149.08476,-35.28475],[149.08457,-35.28495],[149.08441,-35.28512],[149.08423,-35.28529],[149.08402,-35.28548],[149.08382,-35.28564],[149.08361,-35.28581],[149.08335,-35.286],[149.08264,-35.28651],[149.08142,-35.28736],[149.08107,-35.28759],[149.08072,-35.28782],[149.07959,-35.28852],[149.07942,-35.28863],[149.07811,-35.28944],[149.07606,-35.2907],[149.07549,-35.29106],[149.0748,-35.29148],[149.07463,-35.29159],[149.07434,-35.29178],[149.07406,-35.29199],[149.07386,-35.29213],[149.0737,-35.29226],[149.07355,-35.29238],[149.07337,-35.29254],[149.07322,-35.29267],[149.07305,-35.29283],[149.07278,-35.2931],[149.07256,-35.29333],[149.07233,-35.29358],[149.07212,-35.29385],[149.07191,-35.29413],[149.07182,-35.29427],[149.0717,-35.29444],[149.07051,-35.29637],[149.07029,-35.29673],[149.07005,-35.29707],[149.0698,-35.29741],[149.06954,-35.29775],[149.06931,-35.29803],[149.06899,-35.29841],[149.06866,-35.29877],[149.06827,-35.29917],[149.06793,-35.2995],[149.06757,-35.29984],[149.0672,-35.30016],[149.06651,-35.30075],[149.06612,-35.30107],[149.06574,-35.30139],[149.06542,-35.30169],[149.06516,-35.30195],[149.06484,-35.30228],[149.06454,-35.30262],[149.06425,-35.30298],[149.06397,-35.30334],[149.06374,-35.30366],[149.06349,-35.30403],[149.06326,-35.30441],[149.06309,-35.30471],[149.06293,-35.30503],[149.0628,-35.30529],[149.06266,-35.3056],[149.06252,-35.30592],[149.06242,-35.30619],[149.06236,-35.30634],[149.06228,-35.30658],[149.06221,-35.30681],[149.06214,-35.30705],[149.06207,-35.30734],[149.06202,-35.30757],[149.06197,-35.30781],[149.06194,-35.30806],[149.0619,-35.3083],[149.06188,-35.30854],[149.06184,-35.30897],[149.06183,-35.30917],[149.06182,-35.30941],[149.06182,-35.3096],[149.06182,-35.30979],[149.06183,-35.31003],[149.06184,-35.31023],[149.06186,-35.31047],[149.0619,-35.31085],[149.06194,-35.31109],[149.06198,-35.31133],[149.0623,-35.31295],[149.06246,-35.31379],[149.06247,-35.31379],[149.06266,-35.31474],[149.06297,-35.31639],[149.06299,-35.31688],[149.06308,-35.31782],[149.06309,-35.31799],[149.06307,-35.31816],[149.06305,-35.31832],[149.06301,-35.31847],[149.06295,-35.31873],[149.06282,-35.31925],[149.06279,-35.31944],[149.06279,-35.31974],[149.06281,-35.31992],[149.06286,-35.32014],[149.06295,-35.32035],[149.06329,-35.3211],[149.06356,-35.32152],[149.06371,-35.3218],[149.0638,-35.32202],[149.06386,-35.3222],[149.06412,-35.32404],[149.06419,-35.32452],[149.06418,-35.32501],[149.06412,-35.32571],[149.06409,-35.32587],[149.06403,-35.32626],[149.06371,-35.32789],[149.0637,-35.32796],[149.06369,-35.32799],[149.06356,-35.32876],[149.0635,-35.32915],[149.06346,-35.32968],[149.06344,-35.33025],[149.06343,-35.3306],[149.06344,-35.33144],[149.06349,-35.33208],[149.06357,-35.3328],[149.06368,-35.33345],[149.06369,-35.3335],[149.06371,-35.33363],[149.06383,-35.3342],[149.06399,-35.3349],[149.0644,-35.33636],[149.06481,-35.33756],[149.06518,-35.3385],[149.06542,-35.33906],[149.06579,-35.33987],[149.0663,-35.34087],[149.06659,-35.34137],[149.06768,-35.34328],[149.06788,-35.34362],[149.06829,-35.34473],[149.06859,-35.34567],[149.06861,-35.34572],[149.069,-35.34663],[149.06921,-35.3472],[149.06929,-35.34743],[149.06938,-35.34772],[149.06952,-35.34819],[149.06956,-35.34836],[149.06993,-35.34832],[149.07068,-35.34823],[149.07133,-35.34815],[149.07195,-35.34808],[149.07309,-35.34794],[149.07442,-35.34778],[149.07455,-35.34777],[149.07555,-35.34764],[149.07583,-35.34762],[149.07642,-35.3476],[149.07671,-35.34761],[149.07729,-35.34762],[149.0781,-35.34769],[149.07904,-35.34784],[149.08013,-35.34807],[149.08102,-35.34825],[149.08115,-35.34828],[149.08116,-35.34828],[149.08313,-35.34871],[149.08366,-35.3488],[149.08412,-35.34886],[149.08403,-35.34865],[149.08338,-35.34678],[149.083,-35.34571],[149.08263,-35.34464],[149.08251,-35.34421],[149.08248,-35.34406],[149.08243,-35.34381],[149.0824,-35.34351],[149.08237,-35.34274],[149.08235,-35.34212],[149.0823,-35.34069],[149.08234,-35.34034],[149.08243,-35.33998],[149.08244,-35.33994],[149.08264,-35.33947],[149.08284,-35.33913],[149.08311,-35.33879],[149.08318,-35.33873],[149.08344,-35.33849],[149.08356,-35.3386],[149.08358,-35.33862],[149.08433,-35.33795],[149.08437,-35.33792],[149.0844,-35.33789],[149.08503,-35.33728],[149.08536,-35.33701],[149.08557,-35.3369],[149.08581,-35.3368],[149.08604,-35.33672],[149.08631,-35.33666],[149.08651,-35.33662],[149.08664,-35.33661],[149.08677,-35.3366],[149.08694,-35.33659],[149.08702,-35.33659],[149.08723,-35.3366],[149.08752,-35.33663],[149.08755,-35.33663],[149.08769,-35.33666],[149.08875,-35.33691],[149.08936,-35.33738],[149.08952,-35.33752],[149.08977,-35.3377],[149.0914,-35.33883],[149.0915,-35.3389],[149.09225,-35.33941],[149.09423,-35.3408],[149.09465,-35.34108],[149.09549,-35.34166],[149.09732,-35.34273],[149.0976,-35.34291],[149.09784,-35.34309],[149.09814,-35.34334],[149.09839,-35.34358],[149.09862,-35.34384],[149.09884,-35.34414],[149.09901,-35.34441],[149.09917,-35.3447],[149.09931,-35.34504],[149.0994,-35.3453],[149.09997,-35.34728],[149.10021,-35.34813],[149.10033,-35.34866],[149.10041,-35.34925],[149.10044,-35.34963],[149.10047,-35.35068],[149.10083,-35.35067],[149.10113,-35.35064],[149.10131,-35.35062],[149.10178,-35.35053],[149.10225,-35.35041],[149.10266,-35.35027],[149.1031,-35.35008],[149.10349,-35.34987],[149.10385,-35.34967],[149.10401,-35.34957],[149.10532,-35.34878],[149.10544,-35.3487],[149.10743,-35.3475],[149.10932,-35.34636],[149.10974,-35.34612],[149.11018,-35.34592],[149.11092,-35.34563],[149.11121,-35.34554],[149.11171,-35.3454],[149.11214,-35.3453],[149.11256,-35.34523],[149.11295,-35.34518],[149.11345,-35.34514],[149.1138,-35.34513],[149.1139,-35.34513],[149.1143,-35.34513],[149.11479,-35.34516],[149.11518,-35.3452],[149.11562,-35.34526],[149.11564,-35.34526],[149.11606,-35.34535],[149.11686,-35.34556],[149.11738,-35.34574],[149.11787,-35.34594],[149.12119,-35.34753],[149.12154,-35.34767],[149.12194,-35.34779],[149.12242,-35.34789],[149.12293,-35.34795],[149.12342,-35.34796],[149.12389,-35.34793],[149.12429,-35.34786],[149.12443,-35.34791],[149.12471,-35.34785],[149.12498,-35.34778],[149.12532,-35.34768],[149.12742,-35.34698],[149.1279,-35.34682],[149.12823,-35.34669],[149.12855,-35.34653],[149.1288,-35.34639],[149.1291,-35.34618],[149.12985,-35.34559],[149.1302,-35.34535],[149.1304,-35.34524],[149.13064,-35.34512],[149.13089,-35.34502],[149.13132,-35.3449],[149.13305,-35.34449],[149.13351,-35.34437],[149.13562,-35.3442],[149.13633,-35.34416],[149.13683,-35.34416],[149.13737,-35.34419],[149.13796,-35.34424],[149.13841,-35.3443],[149.13876,-35.34435],[149.1389,-35.34438],[149.13905,-35.34441],[149.13916,-35.34443],[149.13929,-35.34446],[149.13939,-35.34449],[149.13956,-35.34453],[149.13968,-35.34456],[149.13981,-35.3446],[149.13992,-35.34464],[149.14007,-35.34468],[149.14021,-35.34473],[149.14034,-35.34478],[149.14046,-35.34482],[149.14058,-35.34487],[149.14095,-35.34502],[149.1411,-35.34508],[149.14129,-35.34515],[149.14154,-35.34523],[149.14173,-35.34529],[149.14195,-35.34536],[149.14224,-35.34543],[149.14242,-35.34547],[149.14256,-35.3455],[149.14277,-35.34554],[149.1429,-35.34557],[149.14312,-35.3456],[149.14333,-35.34563],[149.14355,-35.34565],[149.1438,-35.34568],[149.14404,-35.34569],[149.14437,-35.3457],[149.14463,-35.3457],[149.1448,-35.3457],[149.14509,-35.34569],[149.14545,-35.34566],[149.14567,-35.34564],[149.14588,-35.34561],[149.14609,-35.34558],[149.14629,-35.34555],[149.1468,-35.34544],[149.14727,-35.34532],[149.14756,-35.34523],[149.15429,-35.34309],[149.15806,-35.34186],[149.15841,-35.34174],[149.15876,-35.34163],[149.159,-35.34156],[149.15918,-35.34151],[149.15931,-35.34147],[149.15957,-35.3414],[149.15976,-35.34135],[149.16003,-35.34129],[149.16029,-35.34123],[149.16049,-35.34118],[149.16069,-35.34114],[149.1609,-35.3411],[149.16105,-35.34107],[149.16121,-35.34105],[149.16138,-35.34102],[149.16153,-35.34099],[149.16186,-35.34094],[149.16214,-35.3409],[149.16297,-35.34077],[149.16891,-35.33995],[149.17143,-35.33959],[149.17216,-35.33946],[149.17285,-35.3393],[149.17352,-35.33907],[149.17447,-35.33868],[149.17538,-35.33817],[149.17574,-35.33794],[149.1762,-35.33762],[149.17638,-35.33771],[149.17783,-35.33839],[149.1783,-35.33843],[149.17986,-35.33887],[149.18037,-35.33903],[149.18071,-35.33915],[149.18099,-35.33927],[149.18119,-35.33936],[149.18147,-35.33949],[149.18182,-35.33968],[149.18204,-35.33981],[149.18449,-35.34129],[149.18549,-35.34176],[149.18577,-35.34189],[149.18602,-35.34201],[149.18631,-35.34213],[149.18653,-35.34222],[149.18702,-35.34242],[149.18721,-35.34249],[149.18743,-35.34257],[149.1879,-35.34274],[149.18823,-35.34285],[149.18857,-35.34296],[149.18871,-35.343],[149.18863,-35.34317],[149.18976,-35.34361],[149.18988,-35.34365],[149.19036,-35.34383],[149.19174,-35.34404],[149.19314,-35.34408],[149.19435,-35.34408],[149.19561,-35.3441],[149.19595,-35.34411],[149.19807,-35.34412],[149.19909,-35.34407],[149.20013,-35.34398],[149.20095,-35.34381],[149.20208,-35.34363],[149.20341,-35.34369],[149.20459,-35.34405],[149.20536,-35.34454],[149.20595,-35.3452],[149.20635,-35.34589],[149.20637,-35.34592],[149.20629,-35.34597],[149.2062,-35.34603],[149.20603,-35.34614],[149.20587,-35.34626],[149.20579,-35.34632],[149.20571,-35.34638],[149.20563,-35.34644],[149.20555,-35.34651],[149.20542,-35.34663],[149.20526,-35.34678],[149.20512,-35.34692],[149.20505,-35.34699],[149.20492,-35.34713],[149.20486,-35.34721],[149.2048,-35.34728],[149.20474,-35.34736],[149.20462,-35.34751],[149.20456,-35.34759],[149.20445,-35.34775],[149.20413,-35.34825],[149.20283,-35.35025],[149.20216,-35.3513],[149.20166,-35.35206],[149.1997,-35.3551],[149.19572,-35.36126],[149.19348,-35.36474],[149.19083,-35.36884],[149.18743,-35.3741],[149.18716,-35.37452],[149.18694,-35.37486],[149.18667,-35.37526],[149.18633,-35.37576],[149.18615,-35.37601],[149.18581,-35.37648],[149.18557,-35.37681],[149.18521,-35.3773],[149.18502,-35.37754],[149.18487,-35.37774],[149.18472,-35.37792],[149.18454,-35.37782],[149.18426,-35.37818],[149.18439,-35.37832],[149.1844,-35.37833],[149.18436,-35.37837],[149.18435,-35.37838],[149.18355,-35.37935],[149.18306,-35.37989],[149.1822,-35.38084],[149.17865,-35.3846],[149.17799,-35.38488],[149.1778,-35.38508],[149.17669,-35.38625],[149.17637,-35.3866],[149.17621,-35.38718],[149.17187,-35.39177],[149.17142,-35.39217],[149.17082,-35.39281],[149.17074,-35.39289],[149.17038,-35.39335],[149.16995,-35.39381],[149.16958,-35.39419],[149.16945,-35.39434],[149.16657,-35.39739],[149.16648,-35.39748],[149.16546,-35.39856],[149.16262,-35.40157],[149.1611,-35.40318],[149.15747,-35.40702],[149.15733,-35.40716],[149.15718,-35.40729],[149.15692,-35.40752],[149.15643,-35.40796],[149.1562,-35.40816],[149.15588,-35.40841],[149.15572,-35.40853],[149.15555,-35.40866],[149.15504,-35.40904],[149.1547,-35.40928],[149.15453,-35.40939],[149.15435,-35.4095],[149.15418,-35.40962],[149.15383,-35.40983],[149.15365,-35.40994],[149.15347,-35.41005],[149.15284,-35.41042],[149.15242,-35.41066],[149.14902,-35.41267],[149.14884,-35.41278],[149.14867,-35.4129],[149.14851,-35.41302],[149.14835,-35.41314],[149.14803,-35.4134],[149.14788,-35.41353],[149.14775,-35.41364],[149.1476,-35.41378],[149.14746,-35.41392],[149.14733,-35.41407],[149.14719,-35.41421],[149.14705,-35.41437],[149.14681,-35.41468],[149.14669,-35.41483],[149.14659,-35.41499],[149.1464,-35.41529],[149.1463,-35.41545],[149.14621,-35.41562],[149.1461,-35.41584],[149.14588,-35.41633],[149.14582,-35.4165],[149.14571,-35.41685],[149.14561,-35.41724],[149.14537,-35.41849],[149.14451,-35.42313],[149.1444,-35.42348],[149.14434,-35.42365],[149.14426,-35.42383],[149.14419,-35.424],[149.14407,-35.42423],[149.14397,-35.42439],[149.14386,-35.42455],[149.14376,-35.42467],[149.14337,-35.42486],[149.14309,-35.42538],[149.14294,-35.4255],[149.14277,-35.42562],[149.1426,-35.42574],[149.14253,-35.42577],[149.13907,-35.42787],[149.13895,-35.42795],[149.13884,-35.42803],[149.1387,-35.42816],[149.13857,-35.42833],[149.13847,-35.42849],[149.13838,-35.42865],[149.1383,-35.42882],[149.13825,-35.429],[149.13823,-35.42909],[149.13821,-35.42918],[149.13819,-35.42927],[149.13817,-35.42953],[149.13817,-35.42971],[149.1382,-35.42989],[149.13823,-35.43007],[149.13827,-35.4302],[149.13833,-35.43037],[149.13839,-35.43051],[149.1385,-35.43071],[149.13859,-35.43087],[149.13862,-35.43111],[149.1386,-35.43125],[149.1387,-35.43141],[149.1388,-35.43157],[149.13889,-35.43174],[149.13892,-35.43184],[149.13894,-35.43193],[149.13899,-35.4322],[149.13902,-35.43238],[149.13907,-35.43252],[149.13917,-35.43269],[149.13927,-35.43285],[149.13938,-35.433],[149.13951,-35.43315],[149.13962,-35.43326],[149.13977,-35.43339],[149.13994,-35.43351],[149.14011,-35.43363],[149.14037,-35.43377],[149.14035,-35.43389],[149.14006,-35.43382],[149.14033,-35.43397],[149.1406,-35.43409],[149.1411,-35.43423],[149.14176,-35.43429],[149.14233,-35.43426],[149.14288,-35.43414],[149.14336,-35.43408],[149.14326,-35.43396],[149.14428,-35.43341],[149.14436,-35.43337],[149.14442,-35.43334],[149.14452,-35.4333],[149.14462,-35.43326],[149.14473,-35.43324],[149.14485,-35.43322],[149.14507,-35.4332],[149.14529,-35.43318],[149.1454,-35.43317],[149.14551,-35.43317],[149.14573,-35.43318],[149.14583,-35.43319],[149.14605,-35.43323],[149.14689,-35.43328],[149.14736,-35.43339],[149.14758,-35.43342],[149.14779,-35.43345],[149.14801,-35.43348],[149.14823,-35.4335],[149.14845,-35.43352],[149.14867,-35.43353],[149.14889,-35.43354],[149.14911,-35.43354],[149.14933,-35.43353],[149.14955,-35.43352],[149.15032,-35.43347],[149.15169,-35.43337],[149.15191,-35.43337],[149.15214,-35.43338],[149.15236,-35.4334],[149.15257,-35.43344],[149.15279,-35.43349],[149.15285,-35.4335],[149.1529,-35.43352],[149.15312,-35.43359],[149.15326,-35.43365],[149.15346,-35.43373],[149.15354,-35.43377],[149.15372,-35.43387],[149.1539,-35.43398],[149.15407,-35.4341],[149.1542,-35.43421],[149.15435,-35.43435],[149.15449,-35.43449],[149.15462,-35.43465],[149.15473,-35.43481],[149.15473,-35.43482],[149.15489,-35.43511],[149.15496,-35.43528],[149.15502,-35.43546],[149.15506,-35.43562],[149.15509,-35.4358],[149.1551,-35.43598],[149.1551,-35.43616],[149.15509,-35.43634],[149.15506,-35.43648],[149.15502,-35.43666],[149.15496,-35.43684],[149.15489,-35.43701],[149.15483,-35.43714],[149.15473,-35.43731],[149.15462,-35.43747],[149.15451,-35.43762],[149.15437,-35.43777],[149.15433,-35.43781],[149.15405,-35.43809],[149.15392,-35.43822],[149.15364,-35.4385],[149.1535,-35.43864],[149.15346,-35.43869],[149.15335,-35.43885],[149.15324,-35.43901],[149.15315,-35.43917],[149.1531,-35.43927],[149.15302,-35.43945],[149.153,-35.43949],[149.15294,-35.43967],[149.1529,-35.43985],[149.15287,-35.44003],[149.15285,-35.44021],[149.15284,-35.44039],[149.15284,-35.44049],[149.15285,-35.44067],[149.15288,-35.44085],[149.15293,-35.44107],[149.15302,-35.44142],[149.15308,-35.4416],[149.15311,-35.44177],[149.15312,-35.44187],[149.15313,-35.44209],[149.15302,-35.44244],[149.15288,-35.4428],[149.15257,-35.44328],[149.15245,-35.4434],[149.15235,-35.44348],[149.15222,-35.44357],[149.15204,-35.44367],[149.15185,-35.44377],[149.15165,-35.44385],[149.15147,-35.4439],[149.15125,-35.44395],[149.15103,-35.44398],[149.15081,-35.44399],[149.15066,-35.44399],[149.15044,-35.44398],[149.15022,-35.44396],[149.15,-35.44393],[149.14978,-35.4439],[149.14961,-35.44388],[149.14938,-35.44387],[149.14916,-35.44387],[149.14894,-35.44387],[149.14872,-35.4439],[149.1485,-35.44394],[149.14833,-35.44398],[149.14821,-35.44401],[149.14806,-35.44406],[149.14786,-35.44415],[149.14767,-35.44424],[149.14746,-35.44436],[149.14629,-35.44507],[149.14417,-35.44637],[149.144,-35.44649],[149.14384,-35.44662],[149.1437,-35.44676],[149.14356,-35.4469],[149.14341,-35.44711],[149.14332,-35.44727],[149.14323,-35.44744],[149.14317,-35.44762],[149.14312,-35.44779],[149.14308,-35.44797],[149.14307,-35.44815],[149.14307,-35.44834],[149.14308,-35.44846],[149.14313,-35.44873],[149.14316,-35.4491],[149.14316,-35.44918],[149.14302,-35.44977],[149.14307,-35.45023],[149.14306,-35.45031],[149.14289,-35.45062],[149.14283,-35.45068],[149.14258,-35.45091],[149.14242,-35.45104],[149.14226,-35.45116],[149.14189,-35.45138],[149.14125,-35.45137],[149.1408,-35.4514],[149.14014,-35.4515],[149.13917,-35.45151],[149.13876,-35.45151],[149.13793,-35.45153],[149.13771,-35.45157],[149.1375,-35.45163],[149.1373,-35.4517],[149.13706,-35.4518],[149.13656,-35.45224],[149.13639,-35.45236],[149.13622,-35.45248],[149.13607,-35.45261],[149.13599,-35.45269],[149.13586,-35.45284],[149.13574,-35.45299],[149.13558,-35.45322],[149.13518,-35.45367],[149.1351,-35.45402],[149.13508,-35.45482],[149.13532,-35.45539],[149.13563,-35.45596],[149.13571,-35.45613],[149.13579,-35.4563],[149.13585,-35.45645],[149.13593,-35.45662],[149.13599,-35.45679],[149.13601,-35.45686],[149.13612,-35.45749],[149.13613,-35.45767],[149.13613,-35.45782],[149.13591,-35.45907],[149.1359,-35.45925],[149.13588,-35.45943],[149.13587,-35.45961],[149.13587,-35.45966],[149.13588,-35.45985],[149.13592,-35.46002],[149.13597,-35.4602],[149.13601,-35.46037],[149.13607,-35.46054],[149.13614,-35.46072],[149.13622,-35.46089],[149.1363,-35.46102],[149.13674,-35.46166],[149.13698,-35.46203],[149.13753,-35.46259],[149.13782,-35.46313],[149.1379,-35.4633],[149.13797,-35.46347],[149.138,-35.46357],[149.138,-35.46414],[149.13801,-35.46422],[149.13797,-35.46437],[149.13793,-35.46454],[149.13791,-35.46486],[149.13806,-35.46551],[149.13809,-35.46569],[149.13812,-35.46605],[149.13813,-35.46623],[149.13815,-35.46641],[149.13818,-35.46659],[149.13819,-35.4667],[149.13818,-35.46689],[149.13819,-35.46698],[149.1382,-35.46707],[149.13823,-35.46724],[149.13834,-35.46759],[149.1384,-35.46776],[149.13846,-35.46794],[149.13853,-35.46811],[149.13861,-35.4683],[149.13896,-35.46878],[149.13913,-35.46906],[149.13936,-35.46941],[149.13948,-35.46956],[149.13961,-35.4697],[149.13973,-35.46986],[149.13985,-35.47001],[149.13998,-35.47016],[149.14012,-35.47031],[149.14161,-35.47175],[149.14198,-35.47214],[149.14234,-35.47253],[149.14264,-35.47288],[149.14307,-35.47341],[149.14354,-35.47404],[149.14365,-35.47419],[149.14375,-35.47435],[149.14396,-35.47467],[149.14407,-35.47483],[149.14416,-35.475],[149.14426,-35.47516],[149.14436,-35.47532],[149.1445,-35.47557],[149.14459,-35.47573],[149.14467,-35.4759],[149.14476,-35.47607],[149.14483,-35.47621],[149.14499,-35.47654],[149.14507,-35.47671],[149.14515,-35.47691],[149.14629,-35.4796],[149.15114,-35.49104],[149.15122,-35.49125],[149.15128,-35.4914],[149.1513,-35.49146],[149.15137,-35.49167],[149.15142,-35.49189],[149.15148,-35.4921],[149.15152,-35.49232],[149.15155,-35.4925],[149.15158,-35.49268],[149.15159,-35.49284],[149.15162,-35.49319],[149.15152,-35.49826],[149.15146,-35.49874],[149.15145,-35.4991],[149.15149,-35.49988],[149.15138,-35.5058],[149.15134,-35.50636],[149.15128,-35.50701],[149.15127,-35.50705],[149.15126,-35.50719],[149.1512,-35.50755],[149.15118,-35.50773],[149.15109,-35.50818],[149.15096,-35.50873],[149.15093,-35.50887],[149.15092,-35.50889],[149.15082,-35.50928],[149.15077,-35.50946],[149.15066,-35.50981],[149.1506,-35.50998],[149.15053,-35.51015],[149.15047,-35.51032],[149.15041,-35.5105],[149.15034,-35.51067],[149.15027,-35.51084],[149.15019,-35.51101],[149.15012,-35.51118],[149.15003,-35.51138],[149.14507,-35.52214],[149.13859,-35.53619],[149.13838,-35.53613],[149.13826,-35.5364],[149.13787,-35.53723],[149.13805,-35.53736],[149.13275,-35.54881],[149.13268,-35.54898],[149.1326,-35.54915],[149.13253,-35.54932],[149.13246,-35.54949],[149.13239,-35.54966],[149.13231,-35.54988],[149.13226,-35.55001],[149.1322,-35.55018],[149.13214,-35.55036],[149.13206,-35.5506],[149.13201,-35.55078],[149.13196,-35.55096],[149.13191,-35.55114],[149.13187,-35.55131],[149.13183,-35.55149],[149.13175,-35.55195],[149.13171,-35.55213],[149.13168,-35.55231],[149.13165,-35.55249],[149.13163,-35.55267],[149.13161,-35.55285],[149.1316,-35.55301],[149.13146,-35.55359],[149.13146,-35.55446],[149.13158,-35.55502],[149.13163,-35.55544],[149.13165,-35.55562],[149.13167,-35.5558],[149.1317,-35.55598],[149.13173,-35.55616],[149.13179,-35.55648],[149.13183,-35.55666],[149.13191,-35.55702],[149.13195,-35.55719],[149.13546,-35.56981],[149.13522,-35.56978],[149.13534,-35.5702],[149.13539,-35.5704],[149.13561,-35.57036],[149.13575,-35.57089],[149.13471,-35.57099],[149.13476,-35.57117],[149.13585,-35.57124],[149.13752,-35.57724],[149.13809,-35.5793],[149.13884,-35.58199],[149.13889,-35.58254],[149.13983,-35.5859],[149.14006,-35.58641],[149.14067,-35.5886],[149.14083,-35.58907],[149.14106,-35.58968],[149.14123,-35.59007],[149.14145,-35.59054],[149.1417,-35.59102],[149.14269,-35.59278],[149.13514,-35.59174],[149.13517,-35.59162],[149.13035,-35.59097],[149.13006,-35.59239],[149.12604,-35.59184],[149.12647,-35.58972],[149.12519,-35.58954],[149.12562,-35.58748],[149.12361,-35.5872],[149.12357,-35.58738],[149.11625,-35.58633],[149.11623,-35.58632],[149.11604,-35.58625],[149.11602,-35.58624],[149.11577,-35.58613],[149.11569,-35.5861],[149.11544,-35.586],[149.11539,-35.58598],[149.11526,-35.58593],[149.11499,-35.58582],[149.11398,-35.5854],[149.1139,-35.58537],[149.11274,-35.58521],[149.11248,-35.58517],[149.11117,-35.58666],[149.11109,-35.58675],[149.11077,-35.58692],[149.11046,-35.58712],[149.11011,-35.58706],[149.10921,-35.58631],[149.10914,-35.5861],[149.10911,-35.58602],[149.10896,-35.58556],[149.10894,-35.58549],[149.10893,-35.58547],[149.10893,-35.58545],[149.10892,-35.58543],[149.10891,-35.58541],[149.10891,-35.58539],[149.1089,-35.58537],[149.10899,-35.58492],[149.10915,-35.58407],[149.10865,-35.58401],[149.10849,-35.58399],[149.10835,-35.58397],[149.09495,-35.58219],[149.08462,-35.5808],[149.08293,-35.58458],[149.07815,-35.5864],[149.078,-35.588],[149.07831,-35.58901],[149.07873,-35.59254],[149.07913,-35.59303],[149.07913,-35.59352],[149.07824,-35.59533],[149.07859,-35.59671],[149.07937,-35.59743],[149.07888,-35.59857],[149.07819,-35.59881],[149.07953,-35.60246],[149.08006,-35.60497],[149.07952,-35.60514],[149.0795,-35.60663],[149.07924,-35.60774],[149.07974,-35.60818],[149.08043,-35.60898],[149.08122,-35.61047],[149.08125,-35.61124],[149.08194,-35.61177],[149.08258,-35.61363],[149.08453,-35.61463],[149.08495,-35.61675],[149.08476,-35.61764],[149.08491,-35.61851],[149.08521,-35.61956],[149.0842,-35.62166],[149.08513,-35.62287],[149.08593,-35.62536],[149.08788,-35.62789],[149.08775,-35.62811],[149.08778,-35.62904],[149.08727,-35.63027],[149.08778,-35.63241],[149.08815,-35.63355],[149.08859,-35.63408],[149.08651,-35.63586],[149.08724,-35.63635],[149.08745,-35.63667],[149.08767,-35.6379],[149.08757,-35.63964],[149.08827,-35.64072],[149.08905,-35.64104],[149.09066,-35.64001],[149.09243,-35.63971],[149.09354,-35.64004],[149.09358,-35.64005],[149.09563,-35.64032],[149.09584,-35.64162],[149.09633,-35.64412],[149.09614,-35.64559],[149.09744,-35.64723],[149.09748,-35.64728],[149.09711,-35.6487],[149.09681,-35.65174],[149.09543,-35.65254],[149.09539,-35.65301],[149.09604,-35.65433],[149.09762,-35.65593],[149.09836,-35.65679],[149.09854,-35.6572],[149.09785,-35.65875],[149.09622,-35.66035],[149.0959,-35.66143],[149.09586,-35.66192],[149.0961,-35.66239],[149.09667,-35.66315],[149.09662,-35.6646],[149.09598,-35.66541],[149.09569,-35.66697],[149.09573,-35.66804],[149.09596,-35.66858],[149.09595,-35.66918],[149.09622,-35.67012],[149.09667,-35.67212],[149.09661,-35.67281],[149.09728,-35.67359],[149.09712,-35.67416],[149.09657,-35.67452],[149.09608,-35.67585],[149.09497,-35.67681],[149.0955,-35.67803],[149.0953,-35.67927],[149.0959,-35.68037],[149.09942,-35.68387],[149.10145,-35.68412],[149.10206,-35.68454],[149.10291,-35.68481],[149.10439,-35.68486],[149.10477,-35.68637],[149.10484,-35.68733],[149.10438,-35.68905],[149.1038,-35.68976],[149.10376,-35.69071],[149.10418,-35.69107],[149.10594,-35.69113],[149.10668,-35.69289],[149.10789,-35.69401],[149.10822,-35.695],[149.1085,-35.69554],[149.10942,-35.69657],[149.10895,-35.69848],[149.10864,-35.69952],[149.10783,-35.70052],[149.10789,-35.70118],[149.10748,-35.70229],[149.10629,-35.70339],[149.10546,-35.70388],[149.10413,-35.70492],[149.10343,-35.70596],[149.10275,-35.70654],[149.10226,-35.70723],[149.10197,-35.70776],[149.10192,-35.70879],[149.10161,-35.70939],[149.1016,-35.71043],[149.10127,-35.71216],[149.10099,-35.71255],[149.10112,-35.71286],[149.09978,-35.71441],[149.09935,-35.71465],[149.09938,-35.71612],[149.10007,-35.71692],[149.10062,-35.7185],[149.10068,-35.719],[149.10167,-35.71985],[149.10242,-35.72088],[149.10241,-35.72175],[149.10389,-35.72328],[149.10414,-35.72411],[149.1041,-35.72497],[149.10368,-35.72603],[149.10282,-35.72669],[149.10012,-35.72834],[149.0991,-35.72928],[149.09904,-35.73059],[149.10059,-35.73345],[149.10059,-35.73487],[149.10077,-35.73552],[149.10069,-35.73629],[149.09971,-35.73794],[149.09904,-35.73881],[149.09907,-35.73924],[149.09842,-35.73966],[149.09807,-35.74051],[149.09779,-35.74171],[149.0969,-35.74267],[149.09623,-35.74364],[149.09562,-35.74598],[149.09699,-35.74736],[149.09564,-35.74984],[149.09507,-35.75039],[149.09623,-35.75207],[149.09641,-35.75281],[149.09561,-35.75331],[149.09494,-35.75429],[149.09491,-35.7549],[149.09461,-35.75559],[149.09465,-35.75659],[149.09293,-35.75911],[149.09321,-35.76091],[149.09364,-35.76185],[149.09331,-35.76265],[149.09285,-35.76355],[149.09072,-35.7656],[149.09115,-35.76704],[149.09224,-35.76798],[149.09272,-35.76869],[149.09328,-35.77076],[149.09308,-35.77145],[149.09164,-35.77393],[149.09294,-35.77444],[149.09486,-35.77581],[149.09589,-35.776],[149.09632,-35.77627],[149.09727,-35.77731],[149.09738,-35.77743],[149.09628,-35.7788],[149.09578,-35.78018],[149.09507,-35.78062],[149.09473,-35.78136],[149.09315,-35.78318],[149.09333,-35.78388],[149.09301,-35.78461],[149.093,-35.78465],[149.09289,-35.78489],[149.09302,-35.78567],[149.09336,-35.78638],[149.09348,-35.78722],[149.09613,-35.7872],[149.09756,-35.78818],[149.10015,-35.78971],[149.10033,-35.7903],[149.10054,-35.79138],[149.10046,-35.79305],[149.1002,-35.79405],[149.09946,-35.79508],[149.09872,-35.79521],[149.09777,-35.79596],[149.09707,-35.79684],[149.09676,-35.79817],[149.09691,-35.79895],[149.097,-35.79925],[149.09701,-35.79931],[149.09712,-35.79967],[149.09841,-35.80052],[149.099,-35.80114],[149.09984,-35.80176],[149.09984,-35.80326],[149.10151,-35.80364],[149.10112,-35.80505],[149.10043,-35.80569],[149.09956,-35.80666],[149.09967,-35.80722],[149.09884,-35.80745],[149.09827,-35.80792],[149.09961,-35.80961],[149.10048,-35.81001],[149.10045,-35.81024],[149.10038,-35.81067],[149.10028,-35.81134],[149.09957,-35.81188],[149.10016,-35.81363],[149.10061,-35.81469],[149.10043,-35.81529],[149.09881,-35.81686],[149.09735,-35.81737],[149.09593,-35.81757],[149.09592,-35.8176],[149.09581,-35.81825],[149.09589,-35.81876],[149.09592,-35.81893],[149.09605,-35.81973],[149.09541,-35.8201],[149.09452,-35.8212],[149.09499,-35.82199],[149.09432,-35.82297],[149.09358,-35.8241],[149.09338,-35.82559],[149.09426,-35.827],[149.09471,-35.82862],[149.09452,-35.8298],[149.09456,-35.83075],[149.09399,-35.83131],[149.09371,-35.83206],[149.09368,-35.83387],[149.09227,-35.83482],[149.09205,-35.83537],[149.09262,-35.83725],[149.09297,-35.83771],[149.09299,-35.83823],[149.09342,-35.83825],[149.09539,-35.83911],[149.09504,-35.84007],[149.09462,-35.84148],[149.09582,-35.8433],[149.09602,-35.84421],[149.09569,-35.84562],[149.09486,-35.84682],[149.09332,-35.84644],[149.08901,-35.84815],[149.08658,-35.84818],[149.08621,-35.84889],[149.08528,-35.84977],[149.08421,-35.85019],[149.08454,-35.85221],[149.08379,-35.85279],[149.0822,-35.85311],[149.08082,-35.8561],[149.08087,-35.85703],[149.07976,-35.85895],[149.07809,-35.85991],[149.07683,-35.86056],[149.07615,-35.86211],[149.07481,-35.86377],[149.07472,-35.8647],[149.07432,-35.86576],[149.07283,-35.86633],[149.0704,-35.86927],[149.06973,-35.86971],[149.06774,-35.87074],[149.06657,-35.87239],[149.0655,-35.87378],[149.06429,-35.87493],[149.06434,-35.8761],[149.06393,-35.87664],[149.06293,-35.87777],[149.06246,-35.87849],[149.06172,-35.87987],[149.06152,-35.88006],[149.06174,-35.88067],[149.06153,-35.8817],[149.06182,-35.88228],[149.06195,-35.88333],[149.06245,-35.88406],[149.06238,-35.8845],[149.06195,-35.88539],[149.06107,-35.88695],[149.06015,-35.88828],[149.06037,-35.88908],[149.06044,-35.88932],[149.06117,-35.89046],[149.06174,-35.89144],[149.06125,-35.89181],[149.06115,-35.8924],[149.06082,-35.89327],[149.05858,-35.89465],[149.05881,-35.89593],[149.05835,-35.89635],[149.05689,-35.89721],[149.05605,-35.89734],[149.0542,-35.89875],[149.05332,-35.89998],[149.05222,-35.90143],[149.05179,-35.90209],[149.0517,-35.90336],[149.05269,-35.90406],[149.05489,-35.90535],[149.05725,-35.90732],[149.05685,-35.90822],[149.05682,-35.90826],[149.05643,-35.90868],[149.05598,-35.90933],[149.05574,-35.91019],[149.05599,-35.9104],[149.05585,-35.91083],[149.05581,-35.91093],[149.05579,-35.91097],[149.05548,-35.91178],[149.05543,-35.91235],[149.05513,-35.91283],[149.05496,-35.91349],[149.05488,-35.91393],[149.05432,-35.91464],[149.05391,-35.91487],[149.05323,-35.91553],[149.05312,-35.91555],[149.05263,-35.91568],[149.05265,-35.91601],[149.05209,-35.91661],[149.05136,-35.91719],[149.05074,-35.91804],[149.05021,-35.91857],[149.04991,-35.91954],[149.04955,-35.91995],[149.04905,-35.9202],[149.04845,-35.92028],[149.04752,-35.92034],[149.04639,-35.92052],[149.04491,-35.91929],[149.04454,-35.91816],[149.04418,-35.91718],[149.04407,-35.91628],[149.04268,-35.91558],[149.0415,-35.91438],[149.03997,-35.91386],[149.03875,-35.9142],[149.03689,-35.91385],[149.03632,-35.91375],[149.03532,-35.91282],[149.03432,-35.91168],[149.03404,-35.91102],[149.03268,-35.91094],[149.03137,-35.91115],[149.03038,-35.91151],[149.02973,-35.91186],[149.02854,-35.91223],[149.02777,-35.91272],[149.02729,-35.91243],[149.0266,-35.912],[149.0258,-35.91121],[149.02552,-35.91075],[149.0251,-35.91031],[149.02446,-35.90888],[149.02406,-35.908],[149.02394,-35.90701],[149.02289,-35.90597],[149.02149,-35.90533],[149.02087,-35.9051],[149.01931,-35.90429],[149.01768,-35.90335],[149.01642,-35.90186],[149.01535,-35.9016],[149.01406,-35.90013],[149.0124,-35.89961],[149.01094,-35.90073],[149.00883,-35.90129],[149.00349,-35.90119],[148.99942,-35.90266],[148.9974,-35.90098],[148.99761,-35.89883],[148.99796,-35.89668],[148.99767,-35.89641],[148.99696,-35.89616],[148.99533,-35.89583],[148.9947,-35.89562],[148.99326,-35.89514],[148.99201,-35.89518],[148.99082,-35.89587],[148.98988,-35.89581],[148.98949,-35.89578],[148.98798,-35.89562],[148.98692,-35.89538],[148.98619,-35.89498],[148.98433,-35.89404],[148.98368,-35.89386],[148.98165,-35.89373],[148.97997,-35.89319],[148.97918,-35.89298],[148.97725,-35.89239],[148.97566,-35.89216],[148.97297,-35.89236],[148.97086,-35.89283],[148.97036,-35.893],[148.96988,-35.89327],[148.96776,-35.89399],[148.96736,-35.89465],[148.96711,-35.89542],[148.96636,-35.89678],[148.9663,-35.89717],[148.96425,-35.89695],[148.96218,-35.89667],[148.9616,-35.89671],[148.95918,-35.8954],[148.95955,-35.89427],[148.95851,-35.89299],[148.95837,-35.8917],[148.95665,-35.8904],[148.9563,-35.89012],[148.95594,-35.88982],[148.95409,-35.88884],[148.95293,-35.88827],[148.95181,-35.88731],[148.95098,-35.88641],[148.94976,-35.88564],[148.94835,-35.88431],[148.94709,-35.88353],[148.94637,-35.8829],[148.94568,-35.8824],[148.94456,-35.88141],[148.94432,-35.88088],[148.94294,-35.8796],[148.94194,-35.87835],[148.94107,-35.87724],[148.94055,-35.87579],[148.93948,-35.8754],[148.93833,-35.875],[148.93724,-35.87466],[148.93606,-35.87458],[148.93562,-35.87418],[148.93418,-35.87408],[148.9329,-35.87358],[148.93217,-35.87289],[148.93221,-35.87142],[148.93222,-35.87053],[148.93199,-35.87022],[148.93197,-35.87019],[148.93193,-35.87013],[148.93122,-35.86913],[148.93035,-35.86812],[148.92902,-35.86774],[148.92801,-35.86715],[148.92756,-35.86677],[148.92657,-35.86577],[148.9264,-35.86498],[148.92502,-35.86374],[148.92442,-35.86341],[148.92362,-35.86292],[148.92223,-35.86236],[148.92083,-35.86125],[148.91982,-35.86073],[148.91946,-35.85977],[148.92047,-35.85876],[148.92005,-35.85723],[148.9182,-35.85655],[148.91773,-35.85627],[148.91639,-35.85574],[148.91473,-35.85562],[148.91296,-35.8555],[148.9117,-35.85456],[148.91136,-35.85418],[148.91062,-35.85323],[148.90945,-35.85306],[148.90906,-35.85249],[148.90871,-35.8517],[148.90787,-35.85076],[148.90798,-35.84988],[148.90768,-35.84894],[148.90796,-35.84836],[148.90791,-35.84786],[148.90736,-35.84697],[148.90647,-35.84626],[148.90651,-35.84588],[148.90608,-35.84496],[148.9049,-35.84415],[148.90484,-35.84337],[148.90399,-35.84251],[148.90422,-35.84134],[148.90482,-35.8405],[148.90516,-35.83996],[148.90532,-35.83965],[148.90457,-35.839],[148.90439,-35.83852],[148.90393,-35.83769],[148.90388,-35.83761],[148.90369,-35.83729],[148.90332,-35.83629],[148.90315,-35.83526],[148.90322,-35.83425],[148.90379,-35.83332],[148.9051,-35.8332],[148.9066,-35.83205],[148.90707,-35.82957],[148.90623,-35.828],[148.90361,-35.82608],[148.90188,-35.82634],[148.89976,-35.82586],[148.89764,-35.82469],[148.89771,-35.82326],[148.89735,-35.82104],[148.89661,-35.81789],[148.89584,-35.81757],[148.89496,-35.81761],[148.89373,-35.81723],[148.89252,-35.8166],[148.89215,-35.81612],[148.89189,-35.81494],[148.89112,-35.81384],[148.88907,-35.81205],[148.88776,-35.8112],[148.88742,-35.81079],[148.88668,-35.81005],[148.88695,-35.80948],[148.88744,-35.80881],[148.88916,-35.80761],[148.88943,-35.8072],[148.88982,-35.80611],[148.89026,-35.80451],[148.89076,-35.80359],[148.89077,-35.80357],[148.892,-35.80254],[148.89296,-35.8015],[148.89322,-35.80034],[148.89316,-35.79931],[148.89455,-35.79852],[148.89519,-35.79792],[148.89523,-35.79789],[148.89586,-35.79721],[148.89636,-35.7967],[148.89719,-35.79564],[148.89778,-35.79465],[148.89706,-35.7935],[148.89699,-35.7931],[148.89657,-35.79162],[148.89637,-35.79027],[148.89635,-35.78972],[148.89616,-35.78843],[148.89544,-35.7867],[148.89533,-35.78551],[148.895,-35.78465],[148.89516,-35.78305],[148.89543,-35.78177],[148.89485,-35.78051],[148.8955,-35.77927],[148.89471,-35.77766],[148.89506,-35.77701],[148.89527,-35.77529],[148.89481,-35.77326],[148.89487,-35.77187],[148.8951,-35.77078],[148.89606,-35.76995],[148.89707,-35.76894],[148.89714,-35.7689],[148.89717,-35.76888],[148.89934,-35.76767],[148.90012,-35.76649],[148.90046,-35.76557],[148.9018,-35.7638],[148.9023,-35.76328],[148.90215,-35.76266],[148.90181,-35.76173],[148.90228,-35.76037],[148.90276,-35.75943],[148.90307,-35.75856],[148.90333,-35.75792],[148.90322,-35.75738],[148.9029,-35.75656],[148.9025,-35.75608],[148.90141,-35.75518],[148.90121,-35.75509],[148.89921,-35.75191],[148.89883,-35.75129],[148.89752,-35.75101],[148.89513,-35.75147],[148.8941,-35.75133],[148.89342,-35.74848],[148.89301,-35.74609],[148.89177,-35.74423],[148.89092,-35.74066],[148.89036,-35.73947],[148.89034,-35.73945],[148.89034,-35.73944],[148.89019,-35.73929],[148.88833,-35.73732],[148.88808,-35.73705],[148.88805,-35.73572],[148.88838,-35.73368],[148.89248,-35.73045],[148.89231,-35.72841],[148.8906,-35.72479],[148.88937,-35.72277],[148.8882,-35.7219],[148.88728,-35.72059],[148.88671,-35.71923],[148.88502,-35.71792],[148.88379,-35.71722],[148.88058,-35.71586],[148.87985,-35.71572],[148.87821,-35.71538],[148.87772,-35.71495],[148.87408,-35.72018],[148.87249,-35.72142],[148.87239,-35.72249],[148.87226,-35.7232],[148.87203,-35.72425],[148.8716,-35.72556],[148.87098,-35.72677],[148.87045,-35.72762],[148.86946,-35.72907],[148.86869,-35.72989],[148.86861,-35.73104],[148.86812,-35.73137],[148.86724,-35.73188],[148.86583,-35.73159],[148.86407,-35.73386],[148.86676,-35.73711],[148.86745,-35.73867],[148.86677,-35.74062],[148.86488,-35.74236],[148.86494,-35.74349],[148.8641,-35.74691],[148.86405,-35.74752],[148.86394,-35.74798],[148.86271,-35.74942],[148.86143,-35.75017],[148.86074,-35.75284],[148.86109,-35.75419],[148.86245,-35.75751],[148.86132,-35.75903],[148.86061,-35.75975],[148.85966,-35.76064],[148.85811,-35.76122],[148.85753,-35.76145],[148.85567,-35.76095],[148.85494,-35.75926],[148.85609,-35.75353],[148.85405,-35.75119],[148.85342,-35.75104],[148.85102,-35.75129],[148.84959,-35.75092],[148.84888,-35.75106],[148.84837,-35.75092],[148.84709,-35.75051],[148.84605,-35.74952],[148.84471,-35.74908],[148.84371,-35.74827],[148.84292,-35.74766],[148.84096,-35.74658],[148.83973,-35.74551],[148.83864,-35.74422],[148.83766,-35.7435],[148.83718,-35.74314],[148.8358,-35.74191],[148.83531,-35.74113],[148.83473,-35.74052],[148.83411,-35.7383],[148.83313,-35.73646],[148.83291,-35.73499],[148.83149,-35.73404],[148.83016,-35.73216],[148.82954,-35.73015],[148.82921,-35.72838],[148.829,-35.72769],[148.82787,-35.72615],[148.82589,-35.72526],[148.82499,-35.72503],[148.82358,-35.7242],[148.82315,-35.72322],[148.82311,-35.72259],[148.82267,-35.72175],[148.8225,-35.72096],[148.82069,-35.7195],[148.81875,-35.7187],[148.81728,-35.71898],[148.81694,-35.71912],[148.81602,-35.71947],[148.81421,-35.71986],[148.81331,-35.71986],[148.81278,-35.71974],[148.81193,-35.71905],[148.81152,-35.71823],[148.81039,-35.71803],[148.80856,-35.7172],[148.80786,-35.71619],[148.80732,-35.71554],[148.80642,-35.71488],[148.80528,-35.714],[148.80415,-35.71401],[148.80315,-35.71331],[148.80241,-35.71262],[148.8018,-35.71209],[148.80092,-35.71172],[148.80014,-35.71142],[148.79947,-35.71092],[148.79899,-35.71046],[148.79806,-35.71027],[148.79697,-35.70964],[148.79629,-35.70934],[148.79654,-35.7088],[148.79616,-35.70793],[148.79538,-35.7074],[148.79428,-35.70644],[148.79378,-35.70618],[148.79321,-35.70573],[148.79332,-35.70512],[148.7928,-35.70458],[148.79211,-35.70413],[148.79148,-35.70377],[148.7911,-35.70341],[148.79112,-35.70286],[148.79063,-35.70234],[148.79032,-35.70166],[148.79013,-35.70102],[148.78965,-35.70025],[148.78928,-35.69959],[148.7889,-35.69876],[148.78845,-35.69779],[148.78873,-35.69717],[148.78937,-35.69648],[148.78963,-35.69585],[148.79015,-35.69526],[148.79044,-35.6947],[148.7914,-35.69331],[148.79116,-35.69273],[148.79117,-35.6922],[148.79153,-35.69173],[148.79135,-35.69127],[148.79117,-35.69082],[148.79133,-35.69012],[148.79138,-35.68963],[148.79238,-35.68931],[148.79262,-35.68881],[148.79292,-35.68802],[148.79303,-35.68743],[148.79325,-35.68678],[148.7937,-35.68613],[148.79412,-35.6857],[148.79458,-35.6851],[148.79548,-35.68412],[148.79569,-35.68359],[148.79658,-35.68264],[148.79662,-35.68254],[148.79715,-35.68144],[148.79751,-35.68041],[148.79767,-35.67965],[148.79753,-35.67917],[148.79798,-35.67837],[148.79816,-35.67761],[148.79825,-35.67709],[148.79839,-35.67613],[148.79809,-35.67539],[148.79802,-35.67411],[148.7977,-35.67324],[148.7973,-35.67244],[148.79718,-35.67167],[148.79734,-35.67093],[148.79746,-35.66997],[148.79754,-35.66876],[148.79796,-35.66795],[148.79853,-35.66697],[148.79845,-35.66658],[148.79738,-35.66592],[148.79674,-35.66526],[148.79634,-35.66482],[148.79643,-35.66423],[148.79484,-35.66349],[148.79432,-35.66279],[148.79382,-35.66208],[148.79263,-35.66104],[148.79168,-35.66008],[148.79056,-35.65931],[148.78979,-35.65974],[148.7876,-35.66058],[148.787,-35.66043],[148.78635,-35.65851],[148.78645,-35.65787],[148.78609,-35.65738],[148.78524,-35.65711],[148.78423,-35.65683],[148.78335,-35.65628],[148.78267,-35.6561],[148.78173,-35.6558],[148.78097,-35.65597],[148.77993,-35.65596],[148.77828,-35.65593],[148.77762,-35.65582],[148.77638,-35.65579],[148.77533,-35.6558],[148.77467,-35.65561],[148.77351,-35.65549],[148.77309,-35.65508],[148.77252,-35.65425],[148.77221,-35.65368],[148.77308,-35.65196],[148.77296,-35.65076],[148.77283,-35.65003],[148.77177,-35.64973],[148.77019,-35.64986],[148.76957,-35.64952],[148.76845,-35.64861],[148.76797,-35.64796],[148.7675,-35.6474],[148.76812,-35.64688],[148.76913,-35.64586],[148.77044,-35.64625],[148.77137,-35.64584],[148.77175,-35.64485],[148.77142,-35.64334],[148.77171,-35.64236],[148.77196,-35.64122],[148.77123,-35.64065],[148.77086,-35.64002],[148.77567,-35.63656],[148.77623,-35.63644],[148.78038,-35.63299],[148.78042,-35.63293],[148.78043,-35.63292],[148.78171,-35.63081],[148.78237,-35.63024],[148.78297,-35.62986],[148.78345,-35.6285],[148.7831,-35.62737],[148.78237,-35.62618],[148.7807,-35.62598],[148.78044,-35.62498],[148.77963,-35.62373],[148.7795,-35.6226],[148.77984,-35.62171],[148.78063,-35.62032],[148.78034,-35.61829],[148.78039,-35.61761],[148.77959,-35.61618],[148.77907,-35.61479],[148.77818,-35.61341],[148.77627,-35.61165],[148.77487,-35.6107],[148.77313,-35.6097],[148.77267,-35.60943],[148.77163,-35.60814],[148.77102,-35.60714],[148.77062,-35.60632],[148.76978,-35.60535],[148.7689,-35.60425],[148.76844,-35.60329],[148.76905,-35.60274],[148.76959,-35.60262],[148.77097,-35.60205],[148.77217,-35.60139],[148.77254,-35.60033],[148.77331,-35.59947],[148.77362,-35.59855],[148.77452,-35.59799],[148.7756,-35.59756],[148.77663,-35.59733],[148.77834,-35.59662],[148.78026,-35.59605],[148.7832,-35.59539],[148.78396,-35.59341],[148.78566,-35.59207],[148.7875,-35.5906],[148.78831,-35.58912],[148.78878,-35.58833],[148.78864,-35.5878],[148.78848,-35.58733],[148.78822,-35.58639],[148.7878,-35.58609],[148.78723,-35.58508],[148.78707,-35.58454],[148.7866,-35.58362],[148.78613,-35.58246],[148.78498,-35.58197],[148.78393,-35.58161],[148.78256,-35.58124],[148.7822,-35.58028],[148.78215,-35.57922],[148.78153,-35.57857],[148.78063,-35.57783],[148.78035,-35.57724],[148.77964,-35.57648],[148.77708,-35.57349],[148.7752,-35.57085],[148.77363,-35.56925],[148.77313,-35.56821],[148.77295,-35.56779],[148.77853,-35.56352],[148.77795,-35.55851],[148.77739,-35.55711],[148.77688,-35.5564],[148.77613,-35.55506],[148.77543,-35.55447],[148.77523,-35.55314],[148.77469,-35.55193],[148.7741,-35.55059],[148.77324,-35.54886],[148.77141,-35.54733],[148.77,-35.54557],[148.76968,-35.54437],[148.76941,-35.54368],[148.76966,-35.54261],[148.76985,-35.54199],[148.76993,-35.54033],[148.7698,-35.53813],[148.77,-35.53698],[148.77029,-35.53604],[148.77122,-35.53444],[148.7717,-35.53312],[148.7722,-35.53131],[148.77225,-35.52984],[148.77194,-35.52935],[148.7715,-35.5289],[148.77096,-35.5282],[148.76962,-35.52665],[148.76798,-35.52497],[148.76767,-35.52345],[148.76801,-35.52157],[148.7675,-35.52017],[148.76726,-35.51869],[148.76717,-35.51683],[148.76691,-35.51532],[148.76706,-35.51444],[148.76725,-35.51341],[148.767,-35.512],[148.76606,-35.51089],[148.76833,-35.50827],[148.76784,-35.50705],[148.76692,-35.50649],[148.76519,-35.50526],[148.76437,-35.50314],[148.76426,-35.50139],[148.76442,-35.49962],[148.76404,-35.4979],[148.76295,-35.49657],[148.7628,-35.49549],[148.76336,-35.49429],[148.76371,-35.49356],[148.76453,-35.49186],[148.76519,-35.49088],[148.76701,-35.4897],[148.76877,-35.48877],[148.76985,-35.48791],[148.77089,-35.48785],[148.77187,-35.48735],[148.77319,-35.48665],[148.77386,-35.48643],[148.77439,-35.48613],[148.77449,-35.48562],[148.77448,-35.48501],[148.77365,-35.48379],[148.773,-35.48262],[148.77192,-35.48144],[148.77085,-35.48005],[148.77026,-35.47853],[148.77046,-35.47703],[148.77057,-35.47559],[148.76934,-35.47431],[148.76817,-35.47246],[148.76685,-35.47118],[148.76687,-35.47042],[148.76685,-35.46893],[148.76675,-35.46717],[148.76716,-35.46548],[148.76902,-35.4649],[148.77022,-35.46383],[148.77169,-35.46346],[148.77288,-35.46238],[148.77271,-35.46088],[148.77299,-35.46026],[148.77346,-35.45921],[148.77468,-35.45768],[148.77491,-35.45605],[148.77599,-35.45487],[148.77512,-35.45405],[148.77462,-35.45283],[148.77376,-35.45163],[148.77302,-35.44948],[148.77389,-35.44769],[148.7743,-35.44696],[148.7746,-35.44607],[148.77436,-35.4441],[148.77485,-35.44182],[148.77772,-35.44003],[148.7787,-35.43754],[148.78029,-35.4352],[148.78103,-35.43333],[148.78356,-35.43271],[148.78421,-35.43236],[148.78509,-35.43156],[148.78533,-35.43036],[148.78622,-35.429],[148.78735,-35.42755],[148.78834,-35.42691],[148.78892,-35.42648],[148.78858,-35.42596],[148.78834,-35.42483],[148.78762,-35.42319],[148.78889,-35.42208],[148.78891,-35.42105],[148.78933,-35.41961],[148.78893,-35.41799],[148.78972,-35.41702],[148.79016,-35.41564],[148.78877,-35.41476],[148.78722,-35.41411],[148.78629,-35.41278],[148.78578,-35.41067],[148.7858,-35.4089],[148.78751,-35.40855],[148.78832,-35.40821],[148.79022,-35.4079],[148.79253,-35.40738],[148.79532,-35.40709],[148.79598,-35.40662],[148.7962,-35.40596],[148.79609,-35.40494],[148.79636,-35.40384],[148.79583,-35.40245],[148.79613,-35.40146],[148.7957,-35.40013],[148.79608,-35.39849],[148.79582,-35.39645],[148.79586,-35.3944],[148.79569,-35.39299],[148.79673,-35.3917],[148.79942,-35.39023],[148.80115,-35.38971],[148.80211,-35.38934],[148.80362,-35.38881],[148.80477,-35.38699],[148.80479,-35.3851],[148.80607,-35.38404],[148.80788,-35.38295],[148.80859,-35.38249],[148.80867,-35.38244],[148.80872,-35.38158],[148.80864,-35.38065],[148.80787,-35.37991],[148.80693,-35.37928],[148.8053,-35.3789],[148.80459,-35.37767],[148.80407,-35.37619],[148.80417,-35.37521],[148.80391,-35.37403],[148.80393,-35.3723],[148.80429,-35.37032],[148.80424,-35.36937],[148.80444,-35.36834],[148.80502,-35.36746],[148.80573,-35.36609]]],[[[167.94733,-29.1357],[167.94741,-29.13572],[167.94752,-29.13578],[167.9476,-29.13583],[167.9478,-29.13594],[167.9479,-29.13602],[167.94796,-29.13615],[167.94792,-29.13626],[167.94789,-29.13629],[167.94777,-29.13634],[167.94763,-29.13633],[167.94749,-29.13626],[167.94736,-29.13631],[167.94732,-29.13645],[167.94721,-29.13653],[167.94707,-29.13656],[167.947,-29.13654],[167.94687,-29.13649],[167.94677,-29.13643],[167.94667,-29.13631],[167.94646,-29.13597],[167.94645,-29.13589],[167.94651,-29.13579],[167.94655,-29.13576],[167.94667,-29.13575],[167.94674,-29.13575],[167.94696,-29.13569],[167.9471,-29.13568],[167.9472,-29.13568],[167.94733,-29.1357]]],[[[167.94774,-29.12698],[167.94774,-29.12687],[167.94775,-29.12682],[167.94776,-29.12677],[167.9478,-29.12669],[167.9478,-29.12658],[167.94774,-29.1265],[167.94769,-29.12644],[167.94763,-29.12635],[167.94764,-29.12625],[167.9476,-29.12624],[167.94747,-29.1262],[167.94743,-29.12609],[167.94741,-29.12593],[167.94732,-29.12585],[167.94722,-29.12578],[167.94712,-29.12569],[167.94705,-29.12559],[167.94699,-29.12544],[167.94697,-29.12534],[167.94697,-29.12521],[167.94694,-29.12511],[167.94683,-29.12505],[167.9466,-29.12491],[167.94646,-29.12488],[167.94633,-29.1247],[167.94621,-29.12467],[167.94611,-29.12466],[167.94597,-29.12464],[167.94591,-29.12464],[167.9458,-29.12469],[167.94566,-29.12481],[167.94526,-29.12508],[167.94519,-29.12516],[167.94515,-29.12529],[167.94514,-29.12538],[167.94509,-29.12549],[167.94505,-29.12555],[167.94495,-29.12565],[167.94483,-29.12569],[167.94474,-29.1257],[167.94461,-29.12567],[167.94456,-29.12557],[167.94456,-29.12546],[167.94462,-29.12517],[167.94463,-29.12504],[167.94459,-29.12498],[167.94448,-29.12493],[167.9444,-29.12492],[167.94426,-29.12494],[167.94417,-29.12494],[167.94406,-29.12488],[167.94401,-29.12476],[167.94407,-29.12447],[167.94407,-29.12431],[167.94397,-29.12412],[167.94395,-29.124],[167.94408,-29.12394],[167.9442,-29.12387],[167.94424,-29.12376],[167.94425,-29.1237],[167.94426,-29.12363],[167.94412,-29.12351],[167.94403,-29.12344],[167.94397,-29.12341],[167.9439,-29.12334],[167.94385,-29.12331],[167.94375,-29.12316],[167.94348,-29.1231],[167.94331,-29.12302],[167.94311,-29.1229],[167.94301,-29.12282],[167.94287,-29.12274],[167.94275,-29.12264],[167.94268,-29.12252],[167.94265,-29.12239],[167.94261,-29.12227],[167.94259,-29.12221],[167.94239,-29.12169],[167.94234,-29.12145],[167.94232,-29.12124],[167.9423,-29.12118],[167.94224,-29.12111],[167.94219,-29.12107],[167.942,-29.12097],[167.94192,-29.12094],[167.94185,-29.12091],[167.94182,-29.12087],[167.94182,-29.12082],[167.94184,-29.12075],[167.94192,-29.12069],[167.94206,-29.12064],[167.94208,-29.12058],[167.94204,-29.12039],[167.94205,-29.1203],[167.94208,-29.12024],[167.94215,-29.12018],[167.94222,-29.12016],[167.94235,-29.1201],[167.94243,-29.12],[167.94246,-29.11995],[167.9425,-29.11982],[167.94253,-29.11957],[167.94255,-29.1195],[167.94259,-29.11944],[167.94274,-29.1193],[167.94279,-29.11927],[167.94291,-29.11921],[167.9431,-29.11917],[167.94321,-29.11915],[167.94318,-29.1191],[167.94314,-29.11905],[167.94309,-29.11903],[167.94291,-29.11901],[167.94288,-29.11896],[167.94289,-29.11891],[167.94307,-29.11884],[167.94322,-29.1188],[167.94332,-29.11866],[167.94321,-29.11865],[167.94309,-29.11861],[167.94298,-29.11855],[167.9428,-29.11834],[167.94266,-29.11832],[167.94262,-29.11832],[167.94248,-29.11829],[167.94237,-29.11822],[167.94234,-29.11818],[167.94229,-29.11807],[167.94228,-29.11796],[167.94229,-29.1177],[167.94228,-29.1176],[167.94223,-29.11747],[167.94218,-29.1174],[167.94201,-29.11723],[167.942,-29.11712],[167.94203,-29.11701],[167.94212,-29.11692],[167.94223,-29.11687],[167.94227,-29.11686],[167.94256,-29.11691],[167.9426,-29.1169],[167.94281,-29.11672],[167.94294,-29.11675],[167.94306,-29.11684],[167.94311,-29.11686],[167.94324,-29.11683],[167.94334,-29.11674],[167.94335,-29.11671],[167.94329,-29.11661],[167.94314,-29.1165],[167.94311,-29.11647],[167.94308,-29.11635],[167.94304,-29.11622],[167.94313,-29.11611],[167.94323,-29.11608],[167.94336,-29.1161],[167.94358,-29.11621],[167.94363,-29.1162],[167.94393,-29.11602],[167.94405,-29.11581],[167.94415,-29.11574],[167.94427,-29.1157],[167.94448,-29.1157],[167.94463,-29.11567],[167.94456,-29.11558],[167.94425,-29.11544],[167.94414,-29.11535],[167.94405,-29.11526],[167.94401,-29.11518],[167.94396,-29.11506],[167.94395,-29.11494],[167.94397,-29.11488],[167.94405,-29.11481],[167.94433,-29.11466],[167.94445,-29.11461],[167.94462,-29.11459],[167.94475,-29.11461],[167.94489,-29.11465],[167.9451,-29.11476],[167.94524,-29.1148],[167.94535,-29.11485],[167.94542,-29.11489],[167.94548,-29.11499],[167.94549,-29.11504],[167.94546,-29.11514],[167.94541,-29.11525],[167.94534,-29.11536],[167.94532,-29.11542],[167.94538,-29.11556],[167.94548,-29.11564],[167.94554,-29.11571],[167.94555,-29.11586],[167.94559,-29.11597],[167.94569,-29.11606],[167.94578,-29.11609],[167.94591,-29.11611],[167.94605,-29.1161],[167.94618,-29.11607],[167.94625,-29.11602],[167.94632,-29.11592],[167.94625,-29.11574],[167.94628,-29.11563],[167.94632,-29.11555],[167.94634,-29.11545],[167.94636,-29.11529],[167.94632,-29.11518],[167.94631,-29.11513],[167.9463,-29.11501],[167.94633,-29.11489],[167.9464,-29.11476],[167.94648,-29.11466],[167.94661,-29.11455],[167.94669,-29.11445],[167.94672,-29.11437],[167.94667,-29.11426],[167.94655,-29.11407],[167.94652,-29.114],[167.94653,-29.11389],[167.94665,-29.11379],[167.94678,-29.1138],[167.94691,-29.11386],[167.94701,-29.11397],[167.94709,-29.11406],[167.94722,-29.11416],[167.94737,-29.1142],[167.94745,-29.11421],[167.94758,-29.11421],[167.94764,-29.11418],[167.94771,-29.11409],[167.94773,-29.11403],[167.94772,-29.1138],[167.94782,-29.11372],[167.94787,-29.11371],[167.94799,-29.11372],[167.94807,-29.11374],[167.94821,-29.11377],[167.94832,-29.11381],[167.94847,-29.11391],[167.94872,-29.11396],[167.94884,-29.11401],[167.949,-29.11404],[167.94913,-29.11405],[167.94943,-29.11402],[167.94956,-29.11404],[167.94967,-29.11411],[167.9497,-29.11415],[167.94975,-29.11425],[167.9498,-29.11436],[167.94987,-29.1145],[167.9498,-29.11461],[167.94973,-29.11465],[167.94961,-29.11469],[167.94953,-29.1148],[167.94952,-29.11495],[167.94954,-29.11499],[167.94965,-29.11503],[167.94972,-29.11503],[167.94986,-29.11502],[167.94998,-29.11497],[167.95012,-29.11485],[167.95027,-29.11459],[167.9503,-29.11449],[167.95044,-29.11422],[167.95052,-29.11413],[167.95064,-29.11408],[167.95085,-29.11405],[167.9511,-29.11398],[167.95115,-29.11396],[167.95125,-29.11389],[167.95141,-29.11391],[167.95153,-29.11395],[167.95172,-29.11396],[167.95181,-29.11396],[167.95206,-29.1139],[167.9522,-29.11391],[167.95225,-29.114],[167.95235,-29.11395],[167.95237,-29.11384],[167.95237,-29.11379],[167.9524,-29.11359],[167.95244,-29.11348],[167.95249,-29.11337],[167.95255,-29.11328],[167.95264,-29.11321],[167.95275,-29.11314],[167.95287,-29.11309],[167.9531,-29.11295],[167.95322,-29.11289],[167.9533,-29.11286],[167.95355,-29.11281],[167.95408,-29.11275],[167.95442,-29.11275],[167.95455,-29.11276],[167.95464,-29.11286],[167.95465,-29.11302],[167.95462,-29.11318],[167.95453,-29.11341],[167.95428,-29.11338],[167.95417,-29.11341],[167.95398,-29.11342],[167.95387,-29.11346],[167.95377,-29.11352],[167.95368,-29.11354],[167.95363,-29.11358],[167.95332,-29.11364],[167.95316,-29.11369],[167.95303,-29.11372],[167.95274,-29.11374],[167.95278,-29.11384],[167.95288,-29.11403],[167.95293,-29.11407],[167.95313,-29.114],[167.95339,-29.11398],[167.95344,-29.114],[167.95344,-29.11406],[167.95342,-29.1141],[167.95335,-29.11413],[167.95324,-29.11417],[167.95298,-29.11423],[167.95291,-29.11426],[167.95291,-29.11434],[167.95281,-29.11458],[167.95265,-29.11475],[167.95247,-29.11484],[167.95239,-29.11486],[167.95229,-29.11489],[167.95238,-29.11498],[167.95252,-29.11517],[167.95265,-29.11529],[167.95268,-29.11535],[167.95275,-29.11543],[167.95283,-29.11554],[167.95295,-29.11568],[167.953,-29.11574],[167.9531,-29.11582],[167.95322,-29.11587],[167.95332,-29.11593],[167.95341,-29.116],[167.95344,-29.11605],[167.95355,-29.11617],[167.95363,-29.11624],[167.95373,-29.1163],[167.95396,-29.11638],[167.95413,-29.1164],[167.95424,-29.11637],[167.95431,-29.11623],[167.95494,-29.11629],[167.95522,-29.11628],[167.95528,-29.11627],[167.95545,-29.11622],[167.95557,-29.11616],[167.95571,-29.11599],[167.95583,-29.11594],[167.95632,-29.11593],[167.9564,-29.11594],[167.95654,-29.11594],[167.95661,-29.11593],[167.95675,-29.11592],[167.95689,-29.11593],[167.95702,-29.11596],[167.95732,-29.11611],[167.95737,-29.11616],[167.95748,-29.11603],[167.95751,-29.11598],[167.95768,-29.11579],[167.95774,-29.11576],[167.95793,-29.1156],[167.95798,-29.11557],[167.95807,-29.1155],[167.95818,-29.11547],[167.95824,-29.11548],[167.95829,-29.11544],[167.95847,-29.11538],[167.9586,-29.11539],[167.95865,-29.11541],[167.95868,-29.11545],[167.95871,-29.11551],[167.95873,-29.11557],[167.95868,-29.11567],[167.95863,-29.11571],[167.95859,-29.11578],[167.95857,-29.11583],[167.95853,-29.11589],[167.95852,-29.11593],[167.95849,-29.11599],[167.95844,-29.11602],[167.95862,-29.11615],[167.95872,-29.11621],[167.95891,-29.11625],[167.95895,-29.11622],[167.95896,-29.11616],[167.95901,-29.11612],[167.95903,-29.11607],[167.95903,-29.116],[167.95905,-29.11596],[167.95909,-29.11592],[167.95915,-29.11591],[167.95922,-29.11583],[167.95927,-29.1158],[167.95915,-29.11558],[167.95918,-29.11555],[167.95928,-29.11548],[167.9594,-29.11545],[167.95964,-29.11545],[167.95977,-29.11544],[167.95983,-29.11541],[167.95989,-29.11532],[167.95992,-29.1152],[167.96001,-29.11509],[167.96015,-29.11497],[167.96026,-29.11491],[167.96038,-29.11487],[167.96051,-29.11487],[167.96078,-29.11492],[167.9609,-29.11498],[167.96094,-29.11501],[167.961,-29.1151],[167.96113,-29.11513],[167.96122,-29.11511],[167.9615,-29.11494],[167.96156,-29.11493],[167.9617,-29.11494],[167.96168,-29.11504],[167.96159,-29.11513],[167.96148,-29.11518],[167.96121,-29.11527],[167.96112,-29.11534],[167.96114,-29.11547],[167.96127,-29.11553],[167.96142,-29.11555],[167.96164,-29.11571],[167.96177,-29.11577],[167.96183,-29.11578],[167.96208,-29.11573],[167.9622,-29.11575],[167.96257,-29.1159],[167.96267,-29.11597],[167.9627,-29.116],[167.96278,-29.11615],[167.96282,-29.11626],[167.96284,-29.11634],[167.9628,-29.11645],[167.96273,-29.11655],[167.9629,-29.1168],[167.96303,-29.11664],[167.96308,-29.11661],[167.96317,-29.11657],[167.96331,-29.11655],[167.96353,-29.11653],[167.96366,-29.1165],[167.96429,-29.11641],[167.96449,-29.1164],[167.96455,-29.11641],[167.96475,-29.11646],[167.96502,-29.11656],[167.96529,-29.11663],[167.96534,-29.11664],[167.96562,-29.11663],[167.96581,-29.11666],[167.96588,-29.11669],[167.96593,-29.11674],[167.96596,-29.1168],[167.96597,-29.11685],[167.96596,-29.11691],[167.96595,-29.11697],[167.96591,-29.11702],[167.96584,-29.11709],[167.96578,-29.11712],[167.96564,-29.11717],[167.9655,-29.11717],[167.96536,-29.11716],[167.96505,-29.11711],[167.96473,-29.11704],[167.96473,-29.11695],[167.9645,-29.11692],[167.96443,-29.1169],[167.96439,-29.11686],[167.96439,-29.1168],[167.96436,-29.11676],[167.96431,-29.11677],[167.96427,-29.11681],[167.96426,-29.11687],[167.96406,-29.11702],[167.96402,-29.11706],[167.964,-29.11712],[167.96398,-29.11718],[167.96399,-29.11725],[167.96402,-29.11729],[167.96414,-29.1173],[167.96431,-29.11726],[167.96447,-29.11731],[167.96451,-29.11735],[167.9646,-29.11755],[167.9647,-29.11762],[167.96478,-29.11765],[167.96519,-29.11775],[167.96524,-29.11779],[167.96524,-29.1179],[167.9652,-29.11801],[167.96504,-29.11819],[167.96484,-29.11843],[167.96478,-29.11854],[167.9648,-29.11877],[167.96477,-29.11896],[167.9647,-29.11905],[167.96456,-29.11917],[167.96451,-29.11931],[167.96444,-29.11942],[167.96434,-29.11955],[167.96431,-29.11966],[167.96452,-29.11983],[167.96455,-29.11987],[167.96457,-29.11999],[167.96448,-29.12008],[167.96443,-29.12011],[167.96431,-29.12016],[167.96427,-29.12016],[167.96415,-29.12012],[167.96406,-29.12],[167.96396,-29.1199],[167.96386,-29.11985],[167.96371,-29.11978],[167.96359,-29.11976],[167.96347,-29.11984],[167.96336,-29.11989],[167.9633,-29.11993],[167.96327,-29.11997],[167.96324,-29.12009],[167.96327,-29.12014],[167.9634,-29.12024],[167.9636,-29.12032],[167.9637,-29.12037],[167.96381,-29.12046],[167.96389,-29.12055],[167.96398,-29.12065],[167.96403,-29.12076],[167.96404,-29.12084],[167.96403,-29.12096],[167.964,-29.12102],[167.9639,-29.1211],[167.96372,-29.12116],[167.96366,-29.12117],[167.9636,-29.12116],[167.96348,-29.12117],[167.96336,-29.12114],[167.96331,-29.1211],[167.96327,-29.12105],[167.96317,-29.12099],[167.96312,-29.12098],[167.96305,-29.12094],[167.96302,-29.12091],[167.963,-29.12086],[167.963,-29.12081],[167.96294,-29.12078],[167.96285,-29.12072],[167.96279,-29.12071],[167.96273,-29.12072],[167.96266,-29.12084],[167.96265,-29.12095],[167.96261,-29.121],[167.9626,-29.12103],[167.96255,-29.12117],[167.96255,-29.12126],[167.96264,-29.12131],[167.96273,-29.12128],[167.96283,-29.12134],[167.96288,-29.12141],[167.96297,-29.12146],[167.96308,-29.12146],[167.96318,-29.12147],[167.96335,-29.12161],[167.96345,-29.12159],[167.96353,-29.12162],[167.96367,-29.12163],[167.96379,-29.12167],[167.9639,-29.12175],[167.96391,-29.12179],[167.96385,-29.12194],[167.9639,-29.12203],[167.96401,-29.12219],[167.96394,-29.1223],[167.96379,-29.12236],[167.96368,-29.12237],[167.9635,-29.12241],[167.96337,-29.12242],[167.96332,-29.1224],[167.9632,-29.12234],[167.96306,-29.12232],[167.96282,-29.12237],[167.9627,-29.12241],[167.96251,-29.12252],[167.96233,-29.12256],[167.96219,-29.12256],[167.96214,-29.12257],[167.96202,-29.12263],[167.96195,-29.12269],[167.9619,-29.1228],[167.96179,-29.12289],[167.96171,-29.12294],[167.96155,-29.12309],[167.9614,-29.12317],[167.96126,-29.12317],[167.96121,-29.12334],[167.96115,-29.12344],[167.96109,-29.1235],[167.96099,-29.12358],[167.96089,-29.12368],[167.96079,-29.12397],[167.96072,-29.12403],[167.9606,-29.12406],[167.9604,-29.12406],[167.96035,-29.12407],[167.96022,-29.12412],[167.96006,-29.12412],[167.95991,-29.12404],[167.95989,-29.12399],[167.95994,-29.12388],[167.95995,-29.12384],[167.95989,-29.12373],[167.95977,-29.12365],[167.95981,-29.12355],[167.95991,-29.12348],[167.95994,-29.12337],[167.95987,-29.12324],[167.95973,-29.1232],[167.95961,-29.12319],[167.95949,-29.12313],[167.95943,-29.1231],[167.95935,-29.12301],[167.95927,-29.12288],[167.95926,-29.12281],[167.95932,-29.12262],[167.95929,-29.12258],[167.95926,-29.12252],[167.95926,-29.12244],[167.95925,-29.1224],[167.95917,-29.12225],[167.95921,-29.12218],[167.95899,-29.12204],[167.95885,-29.12192],[167.95867,-29.12175],[167.9585,-29.12163],[167.95838,-29.12158],[167.95814,-29.1215],[167.95788,-29.12138],[167.95772,-29.12138],[167.95765,-29.12134],[167.95763,-29.12144],[167.95766,-29.12157],[167.95762,-29.12168],[167.95757,-29.12178],[167.95754,-29.1219],[167.9575,-29.12202],[167.95759,-29.12206],[167.95758,-29.12217],[167.95753,-29.12239],[167.95748,-29.12251],[167.95743,-29.12257],[167.95732,-29.12261],[167.95702,-29.12264],[167.95692,-29.12261],[167.9568,-29.12244],[167.95671,-29.12236],[167.95662,-29.12228],[167.95652,-29.12215],[167.95649,-29.12208],[167.95648,-29.12197],[167.9565,-29.12175],[167.95656,-29.12168],[167.95643,-29.12162],[167.95637,-29.12162],[167.95624,-29.12162],[167.95613,-29.12165],[167.95613,-29.12172],[167.95607,-29.12181],[167.95595,-29.12184],[167.9559,-29.12184],[167.95576,-29.12184],[167.95571,-29.12182],[167.95558,-29.12171],[167.95562,-29.12165],[167.95558,-29.12161],[167.95556,-29.12155],[167.95545,-29.12142],[167.9554,-29.12132],[167.95533,-29.12123],[167.9553,-29.12112],[167.95531,-29.121],[167.95516,-29.12097],[167.95511,-29.12093],[167.95504,-29.12091],[167.95499,-29.12089],[167.95487,-29.12087],[167.95481,-29.12089],[167.95472,-29.12096],[167.95468,-29.121],[167.95463,-29.12111],[167.95456,-29.12123],[167.95457,-29.12129],[167.95462,-29.12149],[167.95467,-29.12159],[167.95475,-29.12169],[167.95477,-29.12175],[167.95475,-29.12186],[167.95465,-29.122],[167.95461,-29.12203],[167.95454,-29.12205],[167.95447,-29.12206],[167.95441,-29.12206],[167.95436,-29.12203],[167.95432,-29.12199],[167.95426,-29.12185],[167.95415,-29.12181],[167.95402,-29.12179],[167.95395,-29.1218],[167.9539,-29.12183],[167.95385,-29.12184],[167.95366,-29.12186],[167.9536,-29.12188],[167.95355,-29.12191],[167.95351,-29.12195],[167.9534,-29.12209],[167.95335,-29.12211],[167.95327,-29.1222],[167.95322,-29.12229],[167.95319,-29.12238],[167.95312,-29.1224],[167.95306,-29.1224],[167.95304,-29.12246],[167.9531,-29.12261],[167.95324,-29.12271],[167.95329,-29.12274],[167.95336,-29.12275],[167.95346,-29.12282],[167.95353,-29.12283],[167.9536,-29.12283],[167.9537,-29.12288],[167.95375,-29.1229],[167.95381,-29.1229],[167.95386,-29.12294],[167.9539,-29.12299],[167.95393,-29.12309],[167.95394,-29.12316],[167.95393,-29.12321],[167.95385,-29.12332],[167.95383,-29.12342],[167.95375,-29.12352],[167.95363,-29.12378],[167.95356,-29.12393],[167.95355,-29.12399],[167.95352,-29.12405],[167.95351,-29.12417],[167.95342,-29.12432],[167.95334,-29.12441],[167.95331,-29.12446],[167.95327,-29.12451],[167.95314,-29.12452],[167.953,-29.12449],[167.95295,-29.1245],[167.95288,-29.12448],[167.95282,-29.12447],[167.95276,-29.12449],[167.95272,-29.12453],[167.95269,-29.12464],[167.9527,-29.12469],[167.95272,-29.12474],[167.95272,-29.12478],[167.95275,-29.12483],[167.95279,-29.12489],[167.9528,-29.12493],[167.95279,-29.12499],[167.95273,-29.12499],[167.95262,-29.12494],[167.95256,-29.12493],[167.95245,-29.12497],[167.95228,-29.125],[167.95223,-29.12502],[167.95216,-29.12502],[167.95197,-29.12507],[167.95194,-29.12511],[167.95192,-29.12521],[167.95193,-29.12528],[167.9519,-29.12531],[167.95185,-29.1253],[167.95176,-29.12533],[167.95165,-29.12544],[167.95159,-29.12557],[167.95158,-29.12562],[167.95159,-29.12596],[167.95157,-29.1261],[167.95153,-29.12621],[167.95146,-29.12634],[167.95146,-29.1264],[167.95146,-29.12655],[167.95142,-29.12662],[167.95134,-29.12673],[167.95131,-29.12683],[167.95135,-29.12693],[167.95143,-29.12701],[167.95146,-29.12708],[167.95148,-29.12713],[167.95148,-29.12723],[167.9515,-29.12728],[167.95155,-29.12732],[167.95166,-29.12737],[167.95171,-29.12737],[167.95178,-29.12737],[167.95189,-29.12735],[167.95195,-29.12736],[167.952,-29.12738],[167.95205,-29.12741],[167.95208,-29.12745],[167.95208,-29.12749],[167.95206,-29.12754],[167.95198,-29.12762],[167.95187,-29.12766],[167.95182,-29.12769],[167.95179,-29.12775],[167.95179,-29.1278],[167.95183,-29.12786],[167.95187,-29.12789],[167.95197,-29.12794],[167.95206,-29.12801],[167.95223,-29.12819],[167.95227,-29.12827],[167.95229,-29.12833],[167.95228,-29.12848],[167.95228,-29.12858],[167.95228,-29.12867],[167.9523,-29.12877],[167.95241,-29.12889],[167.95255,-29.12901],[167.95255,-29.12906],[167.95253,-29.12915],[167.95251,-29.1292],[167.95247,-29.12943],[167.9524,-29.12959],[167.95238,-29.12969],[167.95238,-29.12978],[167.95241,-29.12987],[167.95245,-29.12995],[167.95258,-29.13008],[167.95261,-29.13012],[167.95263,-29.13022],[167.95263,-29.13027],[167.95261,-29.13035],[167.95248,-29.1305],[167.9522,-29.13074],[167.95168,-29.13154],[167.95153,-29.13159],[167.95116,-29.13173],[167.95107,-29.13179],[167.95103,-29.13186],[167.95102,-29.13191],[167.95103,-29.13202],[167.95107,-29.13207],[167.95116,-29.13213],[167.9514,-29.1322],[167.95144,-29.13224],[167.95144,-29.13228],[167.95143,-29.13233],[167.95139,-29.13243],[167.9513,-29.13255],[167.9509,-29.13287],[167.95077,-29.13295],[167.95072,-29.13297],[167.95068,-29.13297],[167.95064,-29.13295],[167.95059,-29.13293],[167.95045,-29.13278],[167.95042,-29.13273],[167.95027,-29.13253],[167.94937,-29.13187],[167.94922,-29.13172],[167.9491,-29.13157],[167.94901,-29.1314],[167.949,-29.13136],[167.94897,-29.13129],[167.94896,-29.13115],[167.949,-29.13095],[167.949,-29.1309],[167.94895,-29.13071],[167.94887,-29.13052],[167.94874,-29.13031],[167.94865,-29.13019],[167.94856,-29.13012],[167.94849,-29.13008],[167.94833,-29.13002],[167.94822,-29.13],[167.94815,-29.13],[167.94792,-29.13005],[167.94783,-29.13006],[167.94773,-29.13003],[167.94763,-29.12998],[167.94747,-29.12984],[167.94733,-29.12971],[167.94723,-29.12958],[167.94715,-29.12941],[167.94712,-29.12932],[167.94709,-29.12898],[167.94705,-29.12882],[167.947,-29.12873],[167.94698,-29.12863],[167.94699,-29.12851],[167.94701,-29.12847],[167.94715,-29.12827],[167.94723,-29.12818],[167.94733,-29.12784],[167.94736,-29.12778],[167.94739,-29.12773],[167.94747,-29.12757],[167.94748,-29.12752],[167.94747,-29.12746],[167.94748,-29.1274],[167.94751,-29.12736],[167.94755,-29.1272],[167.94759,-29.12716],[167.94771,-29.12706],[167.94774,-29.12698]]],[[[167.94959,-29.11337],[167.94938,-29.11337],[167.94922,-29.11324],[167.94912,-29.11307],[167.94917,-29.11287],[167.94932,-29.11278],[167.94951,-29.11275],[167.94979,-29.11276],[167.94996,-29.11286],[167.95001,-29.11306],[167.94988,-29.11329],[167.94959,-29.11337]]],[[[167.95066,-29.1103],[167.95075,-29.11019],[167.95093,-29.11003],[167.95106,-29.11002],[167.95125,-29.11012],[167.95134,-29.1102],[167.95144,-29.11031],[167.95145,-29.11034],[167.95143,-29.11045],[167.95138,-29.11054],[167.9513,-29.11063],[167.95113,-29.11079],[167.95104,-29.11088],[167.95101,-29.11093],[167.95099,-29.11104],[167.95094,-29.11131],[167.95089,-29.11142],[167.95084,-29.11147],[167.95074,-29.11156],[167.95063,-29.1115],[167.95059,-29.11146],[167.95051,-29.11136],[167.95049,-29.11128],[167.95055,-29.11111],[167.95063,-29.11101],[167.95066,-29.11094],[167.95063,-29.11083],[167.95058,-29.11073],[167.95057,-29.11061],[167.95061,-29.1104],[167.95066,-29.1103]]],[[[167.96236,-29.07466],[167.96243,-29.07461],[167.96249,-29.07458],[167.96251,-29.07458],[167.96252,-29.0746],[167.96252,-29.07463],[167.96255,-29.07466],[167.96255,-29.0747],[167.96253,-29.07474],[167.96252,-29.07479],[167.96251,-29.0748],[167.96251,-29.07485],[167.96252,-29.07486],[167.96251,-29.07488],[167.9625,-29.07489],[167.96247,-29.07488],[167.96241,-29.07488],[167.9624,-29.07489],[167.96237,-29.07489],[167.96235,-29.07491],[167.96236,-29.07496],[167.96235,-29.07497],[167.96235,-29.075],[167.96233,-29.07505],[167.96231,-29.07506],[167.96218,-29.07506],[167.96216,-29.07507],[167.96211,-29.07507],[167.96208,-29.07509],[167.96202,-29.07509],[167.96201,-29.07507],[167.96203,-29.07502],[167.96203,-29.07493],[167.96208,-29.07489],[167.96208,-29.07485],[167.9621,-29.07481],[167.96212,-29.0748],[167.96215,-29.07477],[167.96218,-29.07476],[167.96223,-29.07469],[167.96231,-29.07467],[167.96232,-29.07466],[167.96236,-29.07466]]],[[[167.9632,-29.07197],[167.96317,-29.07197],[167.96314,-29.07199],[167.96309,-29.07201],[167.96308,-29.072],[167.96309,-29.07199],[167.963,-29.072],[167.96295,-29.07205],[167.96291,-29.07208],[167.96291,-29.07212],[167.96288,-29.07214],[167.96287,-29.07213],[167.96285,-29.07214],[167.96281,-29.07215],[167.96281,-29.07217],[167.9628,-29.07218],[167.96277,-29.07218],[167.96277,-29.07215],[167.96271,-29.07216],[167.96268,-29.07221],[167.96264,-29.07223],[167.96264,-29.07224],[167.9626,-29.07227],[167.96261,-29.07229],[167.96261,-29.07231],[167.9626,-29.07232],[167.9626,-29.07236],[167.96256,-29.07238],[167.9625,-29.07237],[167.96249,-29.07238],[167.96246,-29.07238],[167.96239,-29.07243],[167.96237,-29.07247],[167.96232,-29.07247],[167.96231,-29.07248],[167.9623,-29.07247],[167.96226,-29.07247],[167.96225,-29.07246],[167.9622,-29.07248],[167.96216,-29.07253],[167.96212,-29.07256],[167.96205,-29.07258],[167.96201,-29.07261],[167.962,-29.07262],[167.96196,-29.07264],[167.96194,-29.07263],[167.96183,-29.07264],[167.96182,-29.07265],[167.96175,-29.07266],[167.96177,-29.07257],[167.96181,-29.07254],[167.96184,-29.07255],[167.96186,-29.07255],[167.96186,-29.07247],[167.96187,-29.07246],[167.96203,-29.07246],[167.96202,-29.07242],[167.96197,-29.0724],[167.96198,-29.07238],[167.96198,-29.07235],[167.96196,-29.07238],[167.96191,-29.07241],[167.96191,-29.07239],[167.96185,-29.07239],[167.96184,-29.0724],[167.96181,-29.07239],[167.96182,-29.07237],[167.9618,-29.07231],[167.96182,-29.07227],[167.96185,-29.07227],[167.96188,-29.07228],[167.9619,-29.07228],[167.9619,-29.07226],[167.96189,-29.07226],[167.9619,-29.07225],[167.96188,-29.07223],[167.96189,-29.07222],[167.96186,-29.07218],[167.96186,-29.0722],[167.96185,-29.07221],[167.96183,-29.07217],[167.96178,-29.07215],[167.96178,-29.07214],[167.96179,-29.07214],[167.96178,-29.07211],[167.96179,-29.0721],[167.96181,-29.07209],[167.96182,-29.07207],[167.96193,-29.07202],[167.96199,-29.07201],[167.96204,-29.07204],[167.96201,-29.07207],[167.962,-29.07207],[167.962,-29.07208],[167.96203,-29.07211],[167.96206,-29.07212],[167.96207,-29.07211],[167.96212,-29.07211],[167.96214,-29.0721],[167.96217,-29.07206],[167.96217,-29.07204],[167.96218,-29.07203],[167.96218,-29.0719],[167.96214,-29.07184],[167.96214,-29.07182],[167.96215,-29.07181],[167.96222,-29.07181],[167.96225,-29.07182],[167.96227,-29.07181],[167.96229,-29.07178],[167.96228,-29.07175],[167.96225,-29.07172],[167.96228,-29.0717],[167.96222,-29.07168],[167.9622,-29.07171],[167.96217,-29.07171],[167.96217,-29.07167],[167.96216,-29.07165],[167.96213,-29.07166],[167.96209,-29.07163],[167.96209,-29.07161],[167.96211,-29.07158],[167.96215,-29.07156],[167.96217,-29.07156],[167.96219,-29.07157],[167.96228,-29.07157],[167.96229,-29.07158],[167.96233,-29.07156],[167.96239,-29.0716],[167.96239,-29.07165],[167.96238,-29.07167],[167.9624,-29.07169],[167.96249,-29.0716],[167.96252,-29.07155],[167.96252,-29.07152],[167.96253,-29.0715],[167.96254,-29.0715],[167.96255,-29.07147],[167.96259,-29.07141],[167.9626,-29.07141],[167.96267,-29.07135],[167.9627,-29.07125],[167.96277,-29.07122],[167.96279,-29.07122],[167.96283,-29.07125],[167.96287,-29.07125],[167.96294,-29.07119],[167.96294,-29.07116],[167.96293,-29.07115],[167.96289,-29.07116],[167.96284,-29.0712],[167.96281,-29.07119],[167.9628,-29.07116],[167.96281,-29.07115],[167.9628,-29.07114],[167.9628,-29.07109],[167.96279,-29.07107],[167.9628,-29.07105],[167.96274,-29.07105],[167.96272,-29.07109],[167.9627,-29.07111],[167.96265,-29.0711],[167.96261,-29.07111],[167.9626,-29.0711],[167.96261,-29.07109],[167.96264,-29.07107],[167.96265,-29.07105],[167.96261,-29.07104],[167.9626,-29.07105],[167.96256,-29.07102],[167.96256,-29.07099],[167.96259,-29.07096],[167.96271,-29.07095],[167.96275,-29.07099],[167.96278,-29.07099],[167.96278,-29.07097],[167.96279,-29.07096],[167.96284,-29.07095],[167.96289,-29.07094],[167.96291,-29.07092],[167.96293,-29.07092],[167.96295,-29.07089],[167.96299,-29.07086],[167.96305,-29.07086],[167.96307,-29.07087],[167.96308,-29.07092],[167.96314,-29.07094],[167.96315,-29.07091],[167.96313,-29.07089],[167.96313,-29.07084],[167.96307,-29.07081],[167.96307,-29.0708],[167.96311,-29.07079],[167.96303,-29.07076],[167.96303,-29.07075],[167.96304,-29.07074],[167.96309,-29.07074],[167.96311,-29.07073],[167.9632,-29.07073],[167.96321,-29.07074],[167.96328,-29.07072],[167.96327,-29.0707],[167.96323,-29.07069],[167.96322,-29.07068],[167.9632,-29.07068],[167.96319,-29.07071],[167.96317,-29.07072],[167.96312,-29.07069],[167.96312,-29.07067],[167.96315,-29.07064],[167.96317,-29.07063],[167.96319,-29.07064],[167.9632,-29.07063],[167.9632,-29.07061],[167.96322,-29.0706],[167.96322,-29.07058],[167.96323,-29.07057],[167.9633,-29.07056],[167.96335,-29.07058],[167.96341,-29.07059],[167.96341,-29.07057],[167.9634,-29.07056],[167.96342,-29.07055],[167.96348,-29.07055],[167.96352,-29.07052],[167.96354,-29.07051],[167.96357,-29.07051],[167.96358,-29.07051],[167.96359,-29.07049],[167.96355,-29.07047],[167.96353,-29.07047],[167.96352,-29.07045],[167.96353,-29.07043],[167.96356,-29.07042],[167.96358,-29.07041],[167.96363,-29.07038],[167.96371,-29.07038],[167.96372,-29.07041],[167.96375,-29.07041],[167.96375,-29.07045],[167.96376,-29.07046],[167.96382,-29.07045],[167.96384,-29.07045],[167.96386,-29.0704],[167.96385,-29.07038],[167.96381,-29.07036],[167.96381,-29.07033],[167.9638,-29.07032],[167.96382,-29.0703],[167.96385,-29.07032],[167.96385,-29.07033],[167.96388,-29.07033],[167.96389,-29.07034],[167.96396,-29.07037],[167.964,-29.07035],[167.96401,-29.07033],[167.96401,-29.07031],[167.96402,-29.0703],[167.96401,-29.07028],[167.96401,-29.07024],[167.96403,-29.07022],[167.96413,-29.07019],[167.96413,-29.07018],[167.96416,-29.07015],[167.96418,-29.07015],[167.96419,-29.07014],[167.96428,-29.07014],[167.96429,-29.07013],[167.96433,-29.07013],[167.96434,-29.07012],[167.96439,-29.07012],[167.96444,-29.07013],[167.96449,-29.07013],[167.96454,-29.07012],[167.96455,-29.07011],[167.9646,-29.07011],[167.96463,-29.07014],[167.96464,-29.07014],[167.96464,-29.07015],[167.9647,-29.07013],[167.96471,-29.07014],[167.96479,-29.07014],[167.96483,-29.07016],[167.96488,-29.07016],[167.96497,-29.07019],[167.96512,-29.0702],[167.96516,-29.07022],[167.96523,-29.07023],[167.96525,-29.07024],[167.9653,-29.07024],[167.96539,-29.07029],[167.96535,-29.07034],[167.96537,-29.07037],[167.96539,-29.07037],[167.96543,-29.07039],[167.96543,-29.0704],[167.96549,-29.07041],[167.96551,-29.07043],[167.96558,-29.07045],[167.96559,-29.07049],[167.96558,-29.07051],[167.96558,-29.07053],[167.96561,-29.0706],[167.96565,-29.07063],[167.96571,-29.07064],[167.9658,-29.07068],[167.96579,-29.0707],[167.96574,-29.07072],[167.96572,-29.07077],[167.96569,-29.0708],[167.96565,-29.07082],[167.96562,-29.07086],[167.96561,-29.07088],[167.96562,-29.07089],[167.96561,-29.0709],[167.96561,-29.07097],[167.96558,-29.07101],[167.96555,-29.071],[167.96555,-29.07099],[167.96553,-29.07099],[167.96552,-29.07101],[167.96542,-29.07101],[167.96541,-29.07103],[167.96544,-29.07105],[167.96546,-29.07105],[167.96547,-29.07107],[167.96552,-29.07107],[167.96553,-29.07108],[167.96552,-29.07109],[167.96548,-29.07112],[167.96547,-29.07112],[167.96546,-29.0711],[167.96545,-29.07111],[167.96543,-29.0711],[167.96539,-29.07111],[167.9654,-29.07112],[167.96539,-29.07116],[167.96542,-29.07119],[167.96546,-29.07118],[167.9655,-29.0712],[167.96553,-29.07118],[167.96555,-29.0712],[167.96556,-29.07125],[167.96557,-29.07125],[167.96557,-29.07128],[167.96564,-29.07134],[167.96566,-29.07139],[167.96573,-29.07147],[167.96575,-29.07151],[167.96576,-29.07151],[167.96576,-29.07153],[167.96579,-29.07156],[167.96582,-29.07159],[167.96578,-29.07159],[167.96577,-29.07157],[167.96573,-29.07155],[167.96568,-29.07159],[167.96564,-29.0716],[167.96567,-29.0716],[167.9657,-29.07163],[167.96571,-29.07166],[167.96578,-29.07171],[167.96577,-29.07173],[167.96574,-29.07173],[167.96568,-29.0717],[167.96566,-29.07171],[167.96563,-29.0717],[167.96558,-29.07168],[167.96552,-29.07168],[167.96552,-29.07165],[167.96551,-29.07164],[167.96553,-29.07161],[167.96549,-29.07159],[167.96545,-29.0716],[167.96539,-29.07159],[167.96534,-29.07155],[167.96531,-29.07154],[167.9653,-29.07153],[167.9653,-29.0715],[167.96526,-29.07145],[167.96527,-29.07141],[167.96524,-29.0714],[167.9652,-29.0714],[167.96518,-29.07139],[167.96517,-29.0714],[167.96514,-29.07138],[167.96512,-29.0714],[167.96509,-29.0714],[167.96509,-29.07138],[167.96507,-29.07137],[167.96507,-29.07138],[167.96506,-29.07138],[167.96497,-29.07135],[167.96494,-29.07137],[167.9649,-29.07135],[167.96492,-29.07134],[167.96493,-29.0713],[167.96494,-29.0713],[167.96494,-29.07132],[167.96496,-29.07133],[167.96497,-29.07132],[167.96493,-29.07128],[167.96491,-29.07128],[167.96487,-29.07125],[167.96486,-29.07126],[167.96488,-29.07129],[167.96487,-29.07131],[167.96486,-29.07132],[167.96483,-29.07131],[167.96481,-29.07128],[167.96482,-29.07126],[167.96481,-29.07124],[167.96478,-29.07125],[167.96478,-29.07118],[167.96476,-29.07117],[167.96473,-29.07118],[167.9647,-29.0712],[167.96469,-29.07122],[167.96469,-29.07124],[167.96472,-29.07125],[167.96474,-29.07128],[167.96472,-29.07132],[167.96472,-29.07136],[167.96469,-29.07139],[167.96469,-29.07141],[167.96473,-29.07144],[167.96473,-29.0715],[167.96469,-29.07155],[167.96467,-29.07155],[167.96464,-29.07157],[167.96464,-29.0716],[167.96472,-29.07166],[167.96478,-29.07169],[167.96485,-29.07174],[167.96485,-29.07175],[167.96483,-29.07176],[167.96478,-29.07176],[167.96474,-29.07181],[167.96472,-29.07183],[167.9647,-29.07183],[167.9647,-29.07184],[167.96474,-29.07183],[167.96475,-29.07185],[167.96473,-29.07187],[167.96472,-29.07186],[167.96469,-29.07187],[167.96479,-29.07189],[167.96481,-29.07192],[167.9648,-29.07193],[167.9648,-29.07195],[167.96476,-29.07197],[167.9647,-29.07198],[167.96474,-29.07198],[167.96475,-29.07201],[167.96474,-29.07204],[167.96471,-29.07204],[167.96472,-29.07206],[167.96471,-29.07209],[167.9647,-29.07209],[167.96469,-29.07211],[167.96466,-29.07211],[167.96465,-29.07212],[167.96466,-29.07215],[167.96462,-29.07215],[167.9646,-29.07213],[167.96455,-29.07213],[167.96455,-29.07218],[167.96456,-29.0722],[167.96455,-29.07222],[167.96455,-29.0723],[167.96454,-29.07231],[167.96454,-29.07233],[167.96449,-29.0724],[167.96445,-29.07243],[167.96443,-29.07243],[167.96441,-29.07245],[167.96439,-29.07249],[167.96435,-29.0725],[167.96432,-29.07253],[167.96432,-29.07255],[167.96431,-29.07256],[167.96432,-29.07259],[167.96427,-29.07263],[167.96426,-29.0727],[167.9644,-29.0728],[167.96455,-29.07279],[167.96456,-29.07278],[167.9646,-29.07278],[167.96462,-29.07279],[167.96464,-29.07277],[167.96467,-29.07277],[167.96467,-29.07278],[167.9647,-29.07279],[167.96473,-29.07279],[167.96476,-29.07274],[167.96478,-29.07274],[167.96478,-29.07273],[167.96482,-29.07272],[167.96482,-29.07271],[167.96487,-29.07274],[167.96488,-29.07279],[167.96484,-29.07283],[167.9648,-29.07286],[167.9648,-29.07288],[167.96479,-29.07289],[167.96473,-29.07292],[167.96463,-29.07295],[167.9646,-29.07299],[167.96458,-29.07298],[167.96457,-29.07294],[167.9645,-29.07297],[167.96443,-29.07296],[167.9644,-29.07298],[167.9644,-29.07299],[167.96436,-29.073],[167.96433,-29.07301],[167.96435,-29.07304],[167.96435,-29.07306],[167.96431,-29.07306],[167.96429,-29.07305],[167.96428,-29.07307],[167.96433,-29.07312],[167.96431,-29.07312],[167.9643,-29.0732],[167.96429,-29.07321],[167.96427,-29.0732],[167.96426,-29.07322],[167.96426,-29.07326],[167.96424,-29.07329],[167.96426,-29.07331],[167.96425,-29.07332],[167.9642,-29.07332],[167.9642,-29.07336],[167.96414,-29.07337],[167.96411,-29.07334],[167.96411,-29.07333],[167.96409,-29.07333],[167.96409,-29.07334],[167.96406,-29.07337],[167.96407,-29.07342],[167.96414,-29.07347],[167.96414,-29.07349],[167.96411,-29.0735],[167.9641,-29.07348],[167.96405,-29.07344],[167.96402,-29.07344],[167.96402,-29.07347],[167.96406,-29.07348],[167.9641,-29.07351],[167.96418,-29.07351],[167.96419,-29.0735],[167.96422,-29.0735],[167.96423,-29.07351],[167.96424,-29.07357],[167.96421,-29.07358],[167.96417,-29.07358],[167.96417,-29.07359],[167.96421,-29.07362],[167.96423,-29.07361],[167.96422,-29.0736],[167.96427,-29.07361],[167.96428,-29.0736],[167.9643,-29.07361],[167.96435,-29.07365],[167.96437,-29.07369],[167.96438,-29.07369],[167.96439,-29.07371],[167.96445,-29.07375],[167.96449,-29.0738],[167.96449,-29.07384],[167.96448,-29.07386],[167.96442,-29.0739],[167.9644,-29.07391],[167.96437,-29.07392],[167.9644,-29.07401],[167.96437,-29.07404],[167.96435,-29.07408],[167.96435,-29.0741],[167.96439,-29.07412],[167.96438,-29.07417],[167.96439,-29.07418],[167.96442,-29.07418],[167.96441,-29.07415],[167.96443,-29.07412],[167.96445,-29.07412],[167.96445,-29.0741],[167.96446,-29.07409],[167.96446,-29.07404],[167.96447,-29.07403],[167.96451,-29.07405],[167.9645,-29.07411],[167.96448,-29.07414],[167.96448,-29.07418],[167.96446,-29.07418],[167.96443,-29.0742],[167.96443,-29.07423],[167.96442,-29.07424],[167.96443,-29.07425],[167.96443,-29.07428],[167.96441,-29.0743],[167.96449,-29.07435],[167.9645,-29.0744],[167.96449,-29.07444],[167.96448,-29.07443],[167.96449,-29.07449],[167.96448,-29.07452],[167.9644,-29.07458],[167.9644,-29.07459],[167.96437,-29.07459],[167.96437,-29.07462],[167.96436,-29.07463],[167.96435,-29.07461],[167.96433,-29.07462],[167.96434,-29.07465],[167.96431,-29.07466],[167.96431,-29.07469],[167.96432,-29.0747],[167.9643,-29.07471],[167.96422,-29.07468],[167.96422,-29.07466],[167.96419,-29.07463],[167.96419,-29.07451],[167.96424,-29.07441],[167.96425,-29.07431],[167.96424,-29.07427],[167.96414,-29.07419],[167.96408,-29.07417],[167.96406,-29.07416],[167.96401,-29.07414],[167.96395,-29.07413],[167.96389,-29.07417],[167.96383,-29.07417],[167.9638,-29.0742],[167.96377,-29.0742],[167.96378,-29.07422],[167.96374,-29.07429],[167.96374,-29.07433],[167.96371,-29.07439],[167.96371,-29.07444],[167.96368,-29.07446],[167.96366,-29.07449],[167.9636,-29.07451],[167.96357,-29.07455],[167.96355,-29.07455],[167.96352,-29.07453],[167.96352,-29.07456],[167.9635,-29.07457],[167.96348,-29.07456],[167.96347,-29.07454],[167.96342,-29.07452],[167.96342,-29.0745],[167.96348,-29.07447],[167.9635,-29.07444],[167.96348,-29.07443],[167.96348,-29.0744],[167.96349,-29.07439],[167.96349,-29.07436],[167.9635,-29.07435],[167.9635,-29.07431],[167.96346,-29.07427],[167.96339,-29.07426],[167.96334,-29.07423],[167.96328,-29.07423],[167.96325,-29.07424],[167.96321,-29.07421],[167.96319,-29.07418],[167.96319,-29.07416],[167.96315,-29.07413],[167.96314,-29.0741],[167.96313,-29.07399],[167.96312,-29.07398],[167.96312,-29.07393],[167.96311,-29.07392],[167.96306,-29.07388],[167.96306,-29.07383],[167.96309,-29.07381],[167.96311,-29.07381],[167.96313,-29.07378],[167.96315,-29.07375],[167.96314,-29.07371],[167.96316,-29.07367],[167.96317,-29.07355],[167.96316,-29.07352],[167.96316,-29.07345],[167.9632,-29.07338],[167.96325,-29.07334],[167.96328,-29.07328],[167.96331,-29.07325],[167.96334,-29.0732],[167.96333,-29.07305],[167.96334,-29.07304],[167.96334,-29.07302],[167.96338,-29.07297],[167.96344,-29.07293],[167.96346,-29.07291],[167.96347,-29.07286],[167.96349,-29.07284],[167.9635,-29.07282],[167.96353,-29.07279],[167.96354,-29.07275],[167.96356,-29.07274],[167.96357,-29.07271],[167.96365,-29.07264],[167.96368,-29.07259],[167.96372,-29.07256],[167.96372,-29.07255],[167.96369,-29.07253],[167.96367,-29.07254],[167.96366,-29.07253],[167.96363,-29.07253],[167.96361,-29.07251],[167.96358,-29.07252],[167.96354,-29.07249],[167.96354,-29.07246],[167.96356,-29.07244],[167.96358,-29.07244],[167.96359,-29.07242],[167.96356,-29.0724],[167.96354,-29.07237],[167.96354,-29.07235],[167.96357,-29.07235],[167.96358,-29.07234],[167.96358,-29.07233],[167.96355,-29.07233],[167.96355,-29.0723],[167.96354,-29.07229],[167.96355,-29.07228],[167.96354,-29.07222],[167.96352,-29.0722],[167.96349,-29.07222],[167.96348,-29.07224],[167.96348,-29.07228],[167.96349,-29.07228],[167.96351,-29.07231],[167.9635,-29.07232],[167.96347,-29.07231],[167.96345,-29.07232],[167.96344,-29.0723],[167.96339,-29.0723],[167.96337,-29.07228],[167.96337,-29.07221],[167.96338,-29.07221],[167.96336,-29.07216],[167.96333,-29.07216],[167.96333,-29.07218],[167.96328,-29.07221],[167.96326,-29.07221],[167.96324,-29.07218],[167.96327,-29.07216],[167.96325,-29.07212],[167.96326,-29.07211],[167.96326,-29.07207],[167.96325,-29.07207],[167.96323,-29.07202],[167.96323,-29.072],[167.96325,-29.07197],[167.96323,-29.07196],[167.96321,-29.07196],[167.9632,-29.07197]]],[[[167.94171,-29.06237],[167.9417,-29.06246],[167.94161,-29.06255],[167.94139,-29.06265],[167.9413,-29.06268],[167.94119,-29.0627],[167.94109,-29.0627],[167.94075,-29.06266],[167.94063,-29.06264],[167.94051,-29.0626],[167.94046,-29.06253],[167.94049,-29.06242],[167.94057,-29.06237],[167.94067,-29.06234],[167.94108,-29.06217],[167.94131,-29.06215],[167.94162,-29.06225],[167.94169,-29.06229],[167.94171,-29.06237]]],[[[167.9425,-29.06171],[167.94252,-29.06167],[167.94256,-29.06164],[167.94292,-29.06146],[167.94297,-29.06145],[167.94305,-29.06149],[167.94314,-29.06157],[167.94318,-29.06165],[167.94327,-29.06186],[167.94327,-29.06202],[167.94325,-29.06208],[167.94323,-29.06213],[167.94307,-29.06221],[167.94309,-29.06225],[167.94304,-29.06229],[167.94303,-29.06233],[167.94308,-29.06243],[167.94304,-29.06246],[167.94295,-29.06248],[167.9429,-29.06251],[167.94286,-29.06252],[167.9428,-29.06252],[167.94275,-29.06249],[167.94271,-29.06248],[167.94268,-29.06243],[167.94264,-29.0623],[167.94263,-29.06225],[167.94265,-29.06221],[167.94264,-29.06217],[167.94255,-29.06206],[167.94254,-29.06201],[167.94258,-29.06199],[167.94251,-29.06185],[167.94249,-29.06178],[167.9425,-29.06171]]],[[[167.95953,-29.06125],[167.95958,-29.06134],[167.9597,-29.06133],[167.95972,-29.06137],[167.95973,-29.06148],[167.95975,-29.06152],[167.95977,-29.06155],[167.95983,-29.06156],[167.95989,-29.06154],[167.95989,-29.06142],[167.95992,-29.06141],[167.95997,-29.06142],[167.96003,-29.06144],[167.9601,-29.0615],[167.96013,-29.06154],[167.96014,-29.06164],[167.96015,-29.06166],[167.9602,-29.06167],[167.96036,-29.06167],[167.96046,-29.0617],[167.96049,-29.06173],[167.96054,-29.06179],[167.96056,-29.06184],[167.96051,-29.06198],[167.96045,-29.06204],[167.96037,-29.06209],[167.96033,-29.06209],[167.96029,-29.06208],[167.96022,-29.06202],[167.96016,-29.06194],[167.96001,-29.0618],[167.95992,-29.06176],[167.95978,-29.06173],[167.95964,-29.06168],[167.95955,-29.06163],[167.95942,-29.06148],[167.95937,-29.06145],[167.95922,-29.06135],[167.95908,-29.06129],[167.95904,-29.06132],[167.95896,-29.06133],[167.95891,-29.06132],[167.95887,-29.0613],[167.95883,-29.06125],[167.95882,-29.06118],[167.95902,-29.06117],[167.95903,-29.06114],[167.95906,-29.06114],[167.95922,-29.06119],[167.95938,-29.06118],[167.95948,-29.06121],[167.95953,-29.06125]]],[[[167.95809,-29.05992],[167.95806,-29.0599],[167.95795,-29.05981],[167.9579,-29.0598],[167.95768,-29.0598],[167.95746,-29.05971],[167.95737,-29.05969],[167.95722,-29.05968],[167.95706,-29.05969],[167.95697,-29.05968],[167.95689,-29.05964],[167.95676,-29.05954],[167.95657,-29.05949],[167.95651,-29.05946],[167.95647,-29.05943],[167.95638,-29.05933],[167.95636,-29.05929],[167.95636,-29.05925],[167.95638,-29.05919],[167.95654,-29.05917],[167.95669,-29.05918],[167.95678,-29.05921],[167.95716,-29.05938],[167.95779,-29.05955],[167.95788,-29.05959],[167.95797,-29.0597],[167.95803,-29.05973],[167.95821,-29.05978],[167.95833,-29.05985],[167.95848,-29.05984],[167.95852,-29.05987],[167.95858,-29.05994],[167.9587,-29.06002],[167.95878,-29.06012],[167.95902,-29.06016],[167.95908,-29.06019],[167.9591,-29.06023],[167.95912,-29.06026],[167.95912,-29.06051],[167.95909,-29.06069],[167.95905,-29.06081],[167.95899,-29.06091],[167.95886,-29.06107],[167.9588,-29.06111],[167.95876,-29.06113],[167.95873,-29.06114],[167.95868,-29.06113],[167.95865,-29.06111],[167.95866,-29.06108],[167.95874,-29.061],[167.95892,-29.06088],[167.95894,-29.06085],[167.95892,-29.06082],[167.95885,-29.06076],[167.95885,-29.06072],[167.95887,-29.06068],[167.95893,-29.06058],[167.95895,-29.06038],[167.959,-29.06019],[167.95859,-29.06008],[167.95827,-29.05996],[167.95809,-29.05992]]],[[[167.98812,-29.05559],[167.98814,-29.05564],[167.98813,-29.05575],[167.98815,-29.0558],[167.98822,-29.05588],[167.98824,-29.05593],[167.98822,-29.05598],[167.98817,-29.05601],[167.98799,-29.05596],[167.98793,-29.05595],[167.98792,-29.05596],[167.98757,-29.05589],[167.98753,-29.05586],[167.98749,-29.05577],[167.98748,-29.05566],[167.9875,-29.05562],[167.98755,-29.05559],[167.98762,-29.05558],[167.9878,-29.0556],[167.98797,-29.05554],[167.98803,-29.05554],[167.98808,-29.05556],[167.98812,-29.05559]]],[[[167.97409,-29.02177],[167.97423,-29.02181],[167.97448,-29.02183],[167.97461,-29.02183],[167.97485,-29.0218],[167.97514,-29.02175],[167.97538,-29.02172],[167.97595,-29.02168],[167.97619,-29.02164],[167.97634,-29.02162],[167.9769,-29.02168],[167.97703,-29.02168],[167.97727,-29.02165],[167.97752,-29.02169],[167.978,-29.02182],[167.97834,-29.02194],[167.97833,-29.02201],[167.97913,-29.02227],[167.97932,-29.02232],[167.97956,-29.02236],[167.97976,-29.02233],[167.97985,-29.02248],[167.98005,-29.02251],[167.98022,-29.0226],[167.98042,-29.02264],[167.98062,-29.02264],[167.98098,-29.02277],[167.98117,-29.02279],[167.98142,-29.02286],[167.98161,-29.02287],[167.98182,-29.0229],[167.98193,-29.02306],[167.98212,-29.02315],[167.98234,-29.02317],[167.98256,-29.02312],[167.9828,-29.02308],[167.98301,-29.02306],[167.98321,-29.02301],[167.98338,-29.02292],[167.98358,-29.0229],[167.98365,-29.02294],[167.9838,-29.02308],[167.98387,-29.02314],[167.98401,-29.02321],[167.98425,-29.02321],[167.98439,-29.02322],[167.98446,-29.02324],[167.98466,-29.02325],[167.98535,-29.02339],[167.98576,-29.02355],[167.98596,-29.02362],[167.98613,-29.02369],[167.98617,-29.0237],[167.9864,-29.0238],[167.9865,-29.02383],[167.98662,-29.02388],[167.9867,-29.02394],[167.98677,-29.02397],[167.98694,-29.02409],[167.98696,-29.02414],[167.98708,-29.02423],[167.98717,-29.02435],[167.98727,-29.0245],[167.9873,-29.02453],[167.98734,-29.02466],[167.98741,-29.02473],[167.98759,-29.02485],[167.98767,-29.02489],[167.98777,-29.02492],[167.98786,-29.02496],[167.98804,-29.02502],[167.98821,-29.0251],[167.98834,-29.02513],[167.98846,-29.02517],[167.98865,-29.02528],[167.9887,-29.02528],[167.98873,-29.02531],[167.98896,-29.02541],[167.98904,-29.02547],[167.98915,-29.0255],[167.98919,-29.02553],[167.98927,-29.02554],[167.98965,-29.02568],[167.98996,-29.02574],[167.99019,-29.02582],[167.99031,-29.02587],[167.99045,-29.02598],[167.99059,-29.02614],[167.99071,-29.02629],[167.99072,-29.02633],[167.99081,-29.02644],[167.99092,-29.02659],[167.99093,-29.02662],[167.99102,-29.02671],[167.9911,-29.02675],[167.99117,-29.02678],[167.99131,-29.02678],[167.99142,-29.02673],[167.99156,-29.0267],[167.99159,-29.02671],[167.99173,-29.0267],[167.99196,-29.02674],[167.99206,-29.02677],[167.99212,-29.02677],[167.99217,-29.02678],[167.99224,-29.02679],[167.99236,-29.02678],[167.99239,-29.02674],[167.99239,-29.02664],[167.99236,-29.02654],[167.99239,-29.0265],[167.99244,-29.02648],[167.99256,-29.02647],[167.99262,-29.02645],[167.99268,-29.02645],[167.99274,-29.02647],[167.9928,-29.02652],[167.99282,-29.02657],[167.9928,-29.02664],[167.99276,-29.02668],[167.9927,-29.02671],[167.99256,-29.0267],[167.9925,-29.02673],[167.99248,-29.02683],[167.99248,-29.0269],[167.99258,-29.02696],[167.99263,-29.02699],[167.99273,-29.02703],[167.99276,-29.02713],[167.9928,-29.02718],[167.99284,-29.0273],[167.99294,-29.02751],[167.99304,-29.02757],[167.99324,-29.0276],[167.99341,-29.02756],[167.99346,-29.02756],[167.99352,-29.02754],[167.9936,-29.02754],[167.99365,-29.02751],[167.99372,-29.02741],[167.99381,-29.02733],[167.99391,-29.02729],[167.99385,-29.02725],[167.99362,-29.02723],[167.99357,-29.02721],[167.99353,-29.02717],[167.99357,-29.02694],[167.9936,-29.0269],[167.99364,-29.02686],[167.99374,-29.02683],[167.99379,-29.02663],[167.99389,-29.02659],[167.99409,-29.02658],[167.99439,-29.0266],[167.99449,-29.02664],[167.9946,-29.02678],[167.99463,-29.02696],[167.99457,-29.02718],[167.99448,-29.02732],[167.99434,-29.02744],[167.9941,-29.02762],[167.994,-29.02765],[167.99403,-29.02769],[167.99423,-29.02775],[167.99426,-29.02778],[167.99431,-29.02779],[167.99452,-29.02782],[167.99466,-29.02787],[167.99488,-29.02792],[167.995,-29.02793],[167.99506,-29.02795],[167.99519,-29.02796],[167.99548,-29.02795],[167.99566,-29.02797],[167.99591,-29.02797],[167.99589,-29.02783],[167.99582,-29.027],[167.99618,-29.02672],[167.99721,-29.0268],[167.99744,-29.02717],[167.99723,-29.02755],[167.9973,-29.02782],[167.99753,-29.02795],[167.9978,-29.02839],[167.99804,-29.02896],[167.99774,-29.02932],[167.997,-29.02956],[167.99666,-29.0296],[167.9964,-29.02948],[167.99659,-29.02908],[167.99658,-29.02872],[167.99627,-29.02865],[167.99611,-29.02862],[167.99613,-29.02872],[167.99613,-29.02875],[167.99614,-29.02881],[167.99613,-29.02886],[167.99606,-29.02893],[167.99595,-29.02897],[167.99575,-29.02902],[167.99567,-29.02904],[167.99555,-29.02905],[167.99543,-29.02908],[167.99526,-29.02916],[167.99518,-29.02922],[167.99513,-29.02927],[167.99505,-29.02932],[167.99498,-29.02941],[167.99481,-29.02953],[167.99473,-29.02961],[167.99466,-29.02965],[167.99455,-29.0298],[167.99449,-29.02998],[167.99447,-29.0301],[167.99439,-29.03039],[167.99436,-29.03045],[167.99429,-29.0307],[167.99429,-29.03074],[167.99428,-29.03085],[167.99428,-29.03093],[167.99419,-29.03109],[167.99417,-29.03115],[167.99412,-29.03125],[167.99411,-29.03135],[167.99411,-29.0314],[167.99417,-29.03171],[167.99424,-29.03174],[167.99433,-29.03184],[167.99437,-29.03192],[167.99442,-29.03197],[167.9945,-29.03209],[167.99458,-29.0322],[167.99461,-29.03222],[167.99464,-29.03227],[167.99465,-29.03246],[167.99469,-29.03259],[167.99469,-29.03268],[167.99463,-29.03293],[167.99467,-29.03304],[167.99473,-29.03318],[167.99486,-29.0334],[167.99486,-29.03344],[167.99483,-29.03359],[167.9948,-29.03363],[167.99478,-29.03371],[167.99489,-29.03372],[167.99527,-29.03381],[167.99545,-29.03389],[167.99559,-29.034],[167.99567,-29.03415],[167.99568,-29.03433],[167.99564,-29.03456],[167.99551,-29.03489],[167.99549,-29.03499],[167.99554,-29.03514],[167.99564,-29.03528],[167.99588,-29.03558],[167.99595,-29.03577],[167.99602,-29.03593],[167.9961,-29.03601],[167.99654,-29.0361],[167.99669,-29.03622],[167.9968,-29.03637],[167.99683,-29.03645],[167.99686,-29.03662],[167.99682,-29.03679],[167.99673,-29.03697],[167.9966,-29.0371],[167.99644,-29.03722],[167.99629,-29.0373],[167.99612,-29.03738],[167.99579,-29.03746],[167.99573,-29.03756],[167.9957,-29.03756],[167.99567,-29.0376],[167.9956,-29.03758],[167.99543,-29.03748],[167.99529,-29.03743],[167.99524,-29.03742],[167.99513,-29.03744],[167.99504,-29.03747],[167.99501,-29.03749],[167.99489,-29.03759],[167.99482,-29.03767],[167.99482,-29.03772],[167.9948,-29.03779],[167.99478,-29.03791],[167.99479,-29.03795],[167.99481,-29.03822],[167.99482,-29.03827],[167.99476,-29.03848],[167.99474,-29.03868],[167.99472,-29.03873],[167.99475,-29.03881],[167.99479,-29.03886],[167.9948,-29.03889],[167.99479,-29.03893],[167.99484,-29.03902],[167.99489,-29.03916],[167.99492,-29.03919],[167.99498,-29.03933],[167.995,-29.03942],[167.99503,-29.03953],[167.99506,-29.03951],[167.99507,-29.03946],[167.99509,-29.03944],[167.99515,-29.0394],[167.9952,-29.0394],[167.99527,-29.03942],[167.99534,-29.03947],[167.99536,-29.03949],[167.99534,-29.03957],[167.99532,-29.0396],[167.99526,-29.03967],[167.99522,-29.03974],[167.99522,-29.03981],[167.99525,-29.03991],[167.99529,-29.04002],[167.99529,-29.04011],[167.9953,-29.04014],[167.99533,-29.04018],[167.99535,-29.04028],[167.99542,-29.04043],[167.99541,-29.04048],[167.99534,-29.04053],[167.99521,-29.04057],[167.99516,-29.04045],[167.99512,-29.0403],[167.99508,-29.04026],[167.99504,-29.04028],[167.99501,-29.04038],[167.99503,-29.04041],[167.99503,-29.04048],[167.99498,-29.04056],[167.99475,-29.04076],[167.99476,-29.0408],[167.99474,-29.04084],[167.99463,-29.04099],[167.99463,-29.04111],[167.99462,-29.04119],[167.99462,-29.04123],[167.9947,-29.04131],[167.99471,-29.04134],[167.99469,-29.04138],[167.99466,-29.04142],[167.99464,-29.04152],[167.99464,-29.04169],[167.99472,-29.04186],[167.99476,-29.04191],[167.99485,-29.04193],[167.99488,-29.04195],[167.99488,-29.042],[167.99485,-29.04203],[167.99476,-29.04208],[167.99471,-29.04206],[167.99465,-29.04199],[167.99462,-29.04202],[167.99454,-29.04197],[167.9945,-29.04198],[167.99444,-29.04205],[167.99441,-29.04212],[167.99439,-29.04225],[167.99437,-29.04228],[167.99436,-29.04232],[167.99436,-29.04236],[167.99442,-29.04248],[167.99442,-29.04253],[167.99439,-29.04261],[167.99439,-29.04268],[167.99443,-29.04275],[167.99444,-29.04281],[167.9944,-29.04291],[167.99434,-29.04296],[167.99427,-29.043],[167.99425,-29.04305],[167.99427,-29.04312],[167.99427,-29.04315],[167.99437,-29.04329],[167.99438,-29.04334],[167.99437,-29.04346],[167.99434,-29.04352],[167.99432,-29.04362],[167.99433,-29.04366],[167.99441,-29.04379],[167.99442,-29.04382],[167.99439,-29.0439],[167.99441,-29.04401],[167.99457,-29.04404],[167.99461,-29.04406],[167.99476,-29.04406],[167.9948,-29.04404],[167.99485,-29.04404],[167.99492,-29.04399],[167.99502,-29.04397],[167.99508,-29.04397],[167.99513,-29.04404],[167.99526,-29.04411],[167.99542,-29.0441],[167.99543,-29.04414],[167.99542,-29.04417],[167.99535,-29.04426],[167.99534,-29.0443],[167.99538,-29.04441],[167.99537,-29.04448],[167.99532,-29.04458],[167.99527,-29.04464],[167.99519,-29.04465],[167.99515,-29.04461],[167.99514,-29.04459],[167.995,-29.0445],[167.99496,-29.04448],[167.99487,-29.04447],[167.99481,-29.04449],[167.99478,-29.04458],[167.99479,-29.04464],[167.99477,-29.04469],[167.99476,-29.04477],[167.99474,-29.04481],[167.99471,-29.04484],[167.99453,-29.0449],[167.99446,-29.04491],[167.99426,-29.04489],[167.99403,-29.04489],[167.99394,-29.0449],[167.99386,-29.04493],[167.9938,-29.04499],[167.99378,-29.04507],[167.99376,-29.0451],[167.99375,-29.0452],[167.99375,-29.04526],[167.99372,-29.04539],[167.99372,-29.04548],[167.99374,-29.04557],[167.99377,-29.04562],[167.99388,-29.04567],[167.99404,-29.04571],[167.99416,-29.0457],[167.99432,-29.04564],[167.99437,-29.04563],[167.99447,-29.04566],[167.99457,-29.04573],[167.99474,-29.04589],[167.9948,-29.04598],[167.9948,-29.04603],[167.99477,-29.04608],[167.99472,-29.04611],[167.99467,-29.04613],[167.99456,-29.04614],[167.99447,-29.04619],[167.99444,-29.04623],[167.99442,-29.04633],[167.99439,-29.04637],[167.99435,-29.0464],[167.99424,-29.04645],[167.99419,-29.04647],[167.99408,-29.04648],[167.99391,-29.04648],[167.99385,-29.04648],[167.99369,-29.04656],[167.99353,-29.04661],[167.99346,-29.04665],[167.99346,-29.04675],[167.99344,-29.0468],[167.99339,-29.04684],[167.99328,-29.04686],[167.99316,-29.0469],[167.9931,-29.04693],[167.99296,-29.04703],[167.99299,-29.0471],[167.99295,-29.04713],[167.99291,-29.04718],[167.99289,-29.04723],[167.99288,-29.04728],[167.99288,-29.04739],[167.9929,-29.04766],[167.99289,-29.04771],[167.99287,-29.04776],[167.99282,-29.04779],[167.99276,-29.04779],[167.99256,-29.04773],[167.9925,-29.04773],[167.99245,-29.04774],[167.99232,-29.04783],[167.99226,-29.04785],[167.99205,-29.04779],[167.99189,-29.04779],[167.99182,-29.04776],[167.99172,-29.04782],[167.99166,-29.04784],[167.99159,-29.04784],[167.99152,-29.04782],[167.9915,-29.04778],[167.99149,-29.04772],[167.9915,-29.04767],[167.99153,-29.04763],[167.99164,-29.04763],[167.99164,-29.04759],[167.99163,-29.04753],[167.99159,-29.04751],[167.99153,-29.04749],[167.9914,-29.0475],[167.99136,-29.04752],[167.99129,-29.04759],[167.99128,-29.04769],[167.99126,-29.04774],[167.99126,-29.04779],[167.99121,-29.04788],[167.99118,-29.04792],[167.99111,-29.04793],[167.99099,-29.04791],[167.99094,-29.0479],[167.99089,-29.04786],[167.99085,-29.04783],[167.99083,-29.04773],[167.9908,-29.04769],[167.99057,-29.04763],[167.99054,-29.04754],[167.99043,-29.04752],[167.99018,-29.04754],[167.99008,-29.04756],[167.99003,-29.04758],[167.99009,-29.04763],[167.99007,-29.04769],[167.99007,-29.04784],[167.99011,-29.04795],[167.99027,-29.04809],[167.9903,-29.04813],[167.99032,-29.04819],[167.99031,-29.04824],[167.99022,-29.04838],[167.99017,-29.04841],[167.99011,-29.04841],[167.99006,-29.04838],[167.99004,-29.04833],[167.99004,-29.04823],[167.99003,-29.04813],[167.98997,-29.04801],[167.9899,-29.04792],[167.98986,-29.04789],[167.9898,-29.04787],[167.98957,-29.04781],[167.98952,-29.04777],[167.98946,-29.04778],[167.98941,-29.04777],[167.98935,-29.04775],[167.98925,-29.04767],[167.98917,-29.04773],[167.9891,-29.04773],[167.98897,-29.0477],[167.98893,-29.04766],[167.98891,-29.04761],[167.98887,-29.04756],[167.98882,-29.04753],[167.98869,-29.04751],[167.98846,-29.04744],[167.98841,-29.04741],[167.98834,-29.04732],[167.9883,-29.04729],[167.98824,-29.04727],[167.98806,-29.04726],[167.98793,-29.04722],[167.98784,-29.04717],[167.98775,-29.04708],[167.98761,-29.04709],[167.98712,-29.04712],[167.98618,-29.04713],[167.98578,-29.04716],[167.98563,-29.04718],[167.98531,-29.04725],[167.98458,-29.04747],[167.98441,-29.04754],[167.98433,-29.04758],[167.98418,-29.0477],[167.98409,-29.04778],[167.98391,-29.04798],[167.98375,-29.04817],[167.98356,-29.04845],[167.98344,-29.04866],[167.98338,-29.04876],[167.98319,-29.04918],[167.98313,-29.0494],[167.98311,-29.0496],[167.98311,-29.04977],[167.98313,-29.04989],[167.98319,-29.05006],[167.98329,-29.05027],[167.98346,-29.0505],[167.98363,-29.05068],[167.98401,-29.05104],[167.98408,-29.05113],[167.98445,-29.0517],[167.98474,-29.05206],[167.98481,-29.05217],[167.98501,-29.05225],[167.98512,-29.05231],[167.98532,-29.05251],[167.98542,-29.05267],[167.98545,-29.05271],[167.9856,-29.05282],[167.98571,-29.05288],[167.98582,-29.05292],[167.98595,-29.05294],[167.98607,-29.05284],[167.98614,-29.05282],[167.98632,-29.05279],[167.98657,-29.05277],[167.98669,-29.05278],[167.98673,-29.05282],[167.98676,-29.05286],[167.98669,-29.053],[167.98669,-29.05305],[167.98677,-29.05336],[167.98676,-29.05367],[167.98676,-29.05372],[167.98678,-29.05376],[167.98688,-29.05388],[167.98697,-29.05393],[167.98701,-29.05397],[167.98701,-29.05402],[167.98696,-29.0541],[167.98698,-29.05415],[167.98703,-29.05418],[167.98722,-29.0542],[167.98732,-29.05423],[167.98741,-29.05428],[167.98744,-29.05432],[167.98744,-29.05437],[167.98742,-29.05443],[167.98739,-29.05447],[167.98726,-29.05459],[167.98716,-29.05466],[167.98707,-29.05471],[167.98703,-29.05476],[167.98701,-29.05481],[167.98699,-29.05492],[167.98696,-29.05497],[167.98687,-29.05504],[167.98682,-29.05505],[167.98669,-29.05502],[167.98655,-29.05506],[167.98631,-29.05508],[167.98627,-29.0551],[167.98624,-29.05515],[167.98622,-29.05525],[167.98625,-29.05536],[167.98629,-29.05541],[167.98638,-29.05547],[167.98644,-29.05549],[167.98649,-29.0555],[167.98659,-29.05541],[167.98665,-29.0554],[167.98677,-29.05543],[167.98686,-29.05546],[167.98691,-29.05549],[167.98694,-29.05553],[167.98696,-29.05557],[167.98696,-29.05562],[167.98688,-29.05575],[167.98681,-29.05584],[167.98668,-29.05596],[167.98659,-29.05601],[167.98648,-29.05604],[167.98636,-29.05606],[167.98623,-29.05604],[167.98619,-29.05617],[167.98615,-29.05639],[167.98613,-29.05645],[167.98615,-29.0565],[167.98598,-29.0567],[167.98593,-29.0568],[167.98589,-29.05685],[167.98585,-29.05688],[167.98575,-29.05693],[167.98569,-29.05692],[167.98564,-29.05689],[167.98561,-29.05685],[167.98558,-29.05681],[167.98558,-29.05666],[167.98554,-29.05657],[167.98551,-29.05654],[167.98545,-29.05653],[167.9854,-29.0565],[167.98523,-29.05628],[167.98515,-29.05614],[167.98507,-29.05608],[167.98505,-29.05603],[167.98502,-29.05599],[167.98497,-29.05597],[167.98491,-29.05596],[167.98486,-29.05597],[167.9848,-29.05597],[167.98472,-29.05586],[167.98464,-29.05593],[167.98464,-29.05598],[167.98465,-29.05603],[167.98463,-29.05607],[167.98458,-29.05611],[167.98453,-29.05611],[167.98448,-29.05609],[167.98441,-29.05601],[167.98436,-29.05597],[167.9843,-29.05594],[167.98424,-29.05592],[167.98413,-29.05592],[167.98403,-29.05598],[167.98397,-29.05605],[167.98394,-29.05609],[167.98388,-29.0561],[167.9835,-29.05605],[167.98331,-29.05607],[167.98326,-29.05608],[167.98316,-29.05612],[167.98312,-29.05616],[167.98306,-29.05624],[167.98316,-29.05629],[167.98325,-29.05656],[167.98328,-29.05671],[167.98329,-29.05684],[167.98326,-29.05704],[167.98336,-29.05712],[167.98342,-29.05719],[167.9834,-29.05729],[167.98332,-29.05732],[167.9831,-29.05732],[167.98291,-29.05724],[167.98283,-29.05719],[167.98283,-29.05704],[167.98273,-29.05705],[167.98264,-29.05702],[167.98257,-29.05698],[167.98245,-29.05687],[167.98238,-29.05682],[167.9823,-29.05678],[167.98228,-29.05675],[167.98218,-29.0567],[167.982,-29.05664],[167.98185,-29.05661],[167.98159,-29.05666],[167.98152,-29.05669],[167.98145,-29.05666],[167.98137,-29.05662],[167.98134,-29.05658],[167.9812,-29.05651],[167.98116,-29.05651],[167.98106,-29.05651],[167.98094,-29.05653],[167.98082,-29.05657],[167.98073,-29.0566],[167.98064,-29.05666],[167.98044,-29.05672],[167.98035,-29.05672],[167.98025,-29.05669],[167.97997,-29.05665],[167.97991,-29.05665],[167.97967,-29.05671],[167.97959,-29.05676],[167.97956,-29.05679],[167.97952,-29.05681],[167.97945,-29.05689],[167.97942,-29.05698],[167.97937,-29.05705],[167.97929,-29.05711],[167.97925,-29.05712],[167.97916,-29.05705],[167.97913,-29.05702],[167.97909,-29.057],[167.97903,-29.05696],[167.97892,-29.05692],[167.97889,-29.05689],[167.97882,-29.05687],[167.97876,-29.05688],[167.97872,-29.05688],[167.97865,-29.05689],[167.97856,-29.0569],[167.97853,-29.05693],[167.97846,-29.05696],[167.97837,-29.05705],[167.97835,-29.05709],[167.97831,-29.05712],[167.97813,-29.05711],[167.97808,-29.0571],[167.97789,-29.05706],[167.97785,-29.05707],[167.97781,-29.05708],[167.97768,-29.05708],[167.97765,-29.05711],[167.9774,-29.05717],[167.97729,-29.05724],[167.97724,-29.05725],[167.97702,-29.05726],[167.97694,-29.05722],[167.97689,-29.05721],[167.9765,-29.05722],[167.97626,-29.05716],[167.97618,-29.05713],[167.97596,-29.05706],[167.97578,-29.05706],[167.9757,-29.05704],[167.9756,-29.057],[167.97556,-29.05697],[167.97553,-29.05694],[167.97544,-29.05688],[167.97525,-29.05681],[167.9752,-29.0568],[167.975,-29.05671],[167.97486,-29.05666],[167.97464,-29.05663],[167.97435,-29.05662],[167.97399,-29.05651],[167.9739,-29.05648],[167.97356,-29.05642],[167.97352,-29.0564],[167.97343,-29.05639],[167.97313,-29.05636],[167.9727,-29.05629],[167.9724,-29.05627],[167.97228,-29.05627],[167.97224,-29.05628],[167.97217,-29.05632],[167.97212,-29.05633],[167.97205,-29.05636],[167.97199,-29.05637],[167.97187,-29.05641],[167.97171,-29.05645],[167.97161,-29.0565],[167.97153,-29.05652],[167.97146,-29.05656],[167.97143,-29.05659],[167.9714,-29.05661],[167.97133,-29.05664],[167.9712,-29.05674],[167.97113,-29.05677],[167.97102,-29.05687],[167.97082,-29.05699],[167.97075,-29.05702],[167.97071,-29.05703],[167.97066,-29.05703],[167.97035,-29.05702],[167.9703,-29.05702],[167.97013,-29.05704],[167.97013,-29.05699],[167.96979,-29.05706],[167.9696,-29.05701],[167.96955,-29.05697],[167.96945,-29.05695],[167.96934,-29.05697],[167.96919,-29.05709],[167.96914,-29.05711],[167.96912,-29.05714],[167.96897,-29.05724],[167.96895,-29.05728],[167.96891,-29.05731],[167.96877,-29.05745],[167.96856,-29.05768],[167.96841,-29.05789],[167.96833,-29.05798],[167.96831,-29.05803],[167.96828,-29.05805],[167.96809,-29.05834],[167.968,-29.05847],[167.9679,-29.05866],[167.96771,-29.05895],[167.96765,-29.05908],[167.96751,-29.05932],[167.96734,-29.05971],[167.96731,-29.05987],[167.96731,-29.05995],[167.96766,-29.05983],[167.9682,-29.05939],[167.96846,-29.0592],[167.96878,-29.05931],[167.96861,-29.05958],[167.96838,-29.05983],[167.96822,-29.06012],[167.96795,-29.06032],[167.96771,-29.06055],[167.96775,-29.06086],[167.96802,-29.06107],[167.96799,-29.06139],[167.96776,-29.06164],[167.96749,-29.06185],[167.96714,-29.0618],[167.96689,-29.06202],[167.96653,-29.06208],[167.96627,-29.06233],[167.96595,-29.06244],[167.96563,-29.06264],[167.96528,-29.06262],[167.965,-29.06281],[167.96466,-29.06274],[167.9643,-29.06271],[167.96395,-29.06274],[167.96299,-29.06283],[167.9627,-29.06287],[167.96246,-29.06287],[167.96206,-29.0628],[167.96185,-29.06274],[167.96144,-29.06254],[167.96131,-29.06249],[167.96095,-29.06247],[167.96086,-29.06245],[167.96079,-29.06241],[167.96071,-29.06234],[167.9607,-29.06215],[167.96087,-29.06202],[167.961,-29.06196],[167.96108,-29.06195],[167.9612,-29.06198],[167.96151,-29.06192],[167.96127,-29.06183],[167.96121,-29.0618],[167.96118,-29.06176],[167.9612,-29.06165],[167.9612,-29.06157],[167.96115,-29.06155],[167.9611,-29.06153],[167.96112,-29.0615],[167.96116,-29.06147],[167.96121,-29.06147],[167.96126,-29.06148],[167.96143,-29.06156],[167.96158,-29.0616],[167.96163,-29.06159],[167.96173,-29.06152],[167.96214,-29.0615],[167.96227,-29.06152],[167.96232,-29.06154],[167.96236,-29.06161],[167.96245,-29.06162],[167.96259,-29.06166],[167.96269,-29.06168],[167.96274,-29.06162],[167.96281,-29.06147],[167.96283,-29.06134],[167.96282,-29.06122],[167.9628,-29.06114],[167.96267,-29.06087],[167.96258,-29.0607],[167.96246,-29.06052],[167.96237,-29.06041],[167.96228,-29.06032],[167.96195,-29.06006],[167.96187,-29.06001],[167.96172,-29.05994],[167.96158,-29.05989],[167.96144,-29.05987],[167.96132,-29.05986],[167.96135,-29.06002],[167.96144,-29.06003],[167.96146,-29.06016],[167.96145,-29.06025],[167.96143,-29.0603],[167.9614,-29.06034],[167.96128,-29.06046],[167.96119,-29.0605],[167.96106,-29.06053],[167.96096,-29.06053],[167.96076,-29.06051],[167.96062,-29.06047],[167.96054,-29.06042],[167.96047,-29.06035],[167.96038,-29.06024],[167.96023,-29.0599],[167.96019,-29.05983],[167.96006,-29.05968],[167.96001,-29.05964],[167.9596,-29.05933],[167.95926,-29.05915],[167.95941,-29.0588],[167.9591,-29.05872],[167.95881,-29.05866],[167.95849,-29.05863],[167.9577,-29.0586],[167.95756,-29.05857],[167.95712,-29.05845],[167.95627,-29.05837],[167.95614,-29.05834],[167.95581,-29.05824],[167.95564,-29.05819],[167.95503,-29.05805],[167.95473,-29.058],[167.95426,-29.05797],[167.95422,-29.05798],[167.95421,-29.05801],[167.95424,-29.05805],[167.9541,-29.05809],[167.95427,-29.05815],[167.95453,-29.05816],[167.95468,-29.05816],[167.95475,-29.05817],[167.95492,-29.05824],[167.9551,-29.0583],[167.95565,-29.05845],[167.95575,-29.05846],[167.95607,-29.05847],[167.95641,-29.05849],[167.9566,-29.05853],[167.95678,-29.0586],[167.9569,-29.05859],[167.95694,-29.05862],[167.95697,-29.05867],[167.95697,-29.0587],[167.95692,-29.05871],[167.95687,-29.05871],[167.9566,-29.05861],[167.95632,-29.05855],[167.95618,-29.05853],[167.95603,-29.05852],[167.95577,-29.05853],[167.95572,-29.05852],[167.95553,-29.05846],[167.9554,-29.05842],[167.95535,-29.05841],[167.95528,-29.05843],[167.95525,-29.05851],[167.95519,-29.05875],[167.9552,-29.0588],[167.95535,-29.05886],[167.95555,-29.05889],[167.95568,-29.05891],[167.95599,-29.059],[167.95608,-29.05904],[167.9561,-29.05907],[167.9561,-29.05911],[167.95609,-29.05916],[167.95602,-29.05928],[167.95596,-29.05931],[167.95586,-29.05931],[167.95554,-29.05925],[167.95524,-29.05918],[167.95516,-29.05915],[167.95498,-29.059],[167.95489,-29.05896],[167.9538,-29.05871],[167.9535,-29.05866],[167.95322,-29.05865],[167.95302,-29.05867],[167.95293,-29.05865],[167.95283,-29.0586],[167.9528,-29.05856],[167.95276,-29.05849],[167.95276,-29.05845],[167.95277,-29.0584],[167.95281,-29.05834],[167.95284,-29.05831],[167.95293,-29.05827],[167.95304,-29.05826],[167.95329,-29.0583],[167.95339,-29.05835],[167.95357,-29.05824],[167.95371,-29.05814],[167.95377,-29.05812],[167.95382,-29.05806],[167.95387,-29.05805],[167.95402,-29.05795],[167.95412,-29.05784],[167.95415,-29.0578],[167.95416,-29.05777],[167.95419,-29.05773],[167.95419,-29.0577],[167.95422,-29.05765],[167.95427,-29.05761],[167.95429,-29.05758],[167.9543,-29.05753],[167.9543,-29.05749],[167.95426,-29.05746],[167.9542,-29.05745],[167.9541,-29.05741],[167.95405,-29.0574],[167.95394,-29.05735],[167.95391,-29.05732],[167.9539,-29.05728],[167.95386,-29.05727],[167.95372,-29.05732],[167.95363,-29.05733],[167.95349,-29.0573],[167.95345,-29.05728],[167.95336,-29.05728],[167.95315,-29.05722],[167.9531,-29.05722],[167.95313,-29.05756],[167.95298,-29.05767],[167.9528,-29.05774],[167.95258,-29.05772],[167.95237,-29.05769],[167.95218,-29.05762],[167.95203,-29.05749],[167.95183,-29.05744],[167.95162,-29.05744],[167.95141,-29.05746],[167.95118,-29.05737],[167.95117,-29.05733],[167.95099,-29.05727],[167.9509,-29.05722],[167.95086,-29.05718],[167.95083,-29.05713],[167.95071,-29.05702],[167.95067,-29.05696],[167.95063,-29.05681],[167.95062,-29.05672],[167.9506,-29.05666],[167.95062,-29.05662],[167.95063,-29.05658],[167.95061,-29.05655],[167.95055,-29.05647],[167.95048,-29.05647],[167.95041,-29.0566],[167.95038,-29.05671],[167.95035,-29.05674],[167.9503,-29.05684],[167.95027,-29.05687],[167.95023,-29.05694],[167.95017,-29.05699],[167.95014,-29.057],[167.9501,-29.057],[167.95006,-29.05698],[167.95003,-29.05695],[167.95001,-29.05683],[167.94998,-29.0568],[167.94997,-29.05672],[167.94989,-29.05667],[167.94988,-29.05663],[167.9498,-29.05664],[167.94977,-29.05668],[167.94973,-29.0568],[167.94974,-29.05698],[167.94967,-29.05707],[167.94963,-29.05709],[167.9496,-29.05705],[167.94958,-29.05699],[167.94959,-29.05695],[167.94962,-29.05692],[167.94963,-29.05689],[167.94962,-29.0568],[167.94959,-29.05677],[167.94959,-29.05673],[167.94959,-29.05665],[167.94957,-29.05661],[167.94957,-29.05654],[167.94947,-29.05647],[167.94934,-29.05647],[167.94914,-29.05654],[167.94911,-29.05657],[167.94914,-29.0566],[167.94935,-29.05672],[167.94918,-29.05683],[167.94897,-29.0569],[167.94876,-29.05689],[167.94858,-29.0568],[167.94859,-29.05671],[167.94851,-29.05667],[167.94847,-29.05666],[167.94837,-29.05658],[167.94824,-29.05652],[167.9482,-29.05651],[167.94811,-29.05644],[167.94787,-29.05636],[167.94781,-29.05636],[167.94773,-29.05639],[167.94771,-29.05643],[167.94766,-29.05646],[167.94766,-29.05652],[167.94763,-29.05655],[167.94759,-29.05653],[167.94756,-29.05665],[167.94756,-29.05672],[167.94755,-29.05678],[167.94752,-29.05682],[167.94753,-29.05714],[167.94747,-29.05734],[167.94741,-29.05744],[167.94724,-29.05759],[167.94706,-29.0577],[167.94683,-29.05779],[167.9464,-29.0579],[167.94617,-29.05797],[167.94594,-29.05803],[167.94577,-29.05804],[167.94553,-29.05801],[167.94524,-29.0579],[167.94504,-29.05786],[167.9448,-29.05788],[167.94462,-29.05797],[167.94443,-29.05812],[167.94432,-29.05823],[167.94413,-29.05836],[167.94409,-29.05837],[167.94384,-29.05836],[167.94374,-29.05833],[167.94351,-29.0582],[167.94332,-29.05807],[167.94312,-29.05798],[167.94289,-29.0579],[167.94283,-29.05795],[167.9428,-29.0582],[167.9428,-29.05832],[167.9429,-29.05868],[167.94299,-29.05891],[167.94311,-29.05909],[167.94326,-29.05927],[167.94356,-29.05958],[167.94365,-29.05978],[167.94344,-29.05999],[167.9433,-29.06008],[167.94311,-29.06015],[167.94241,-29.06103],[167.94204,-29.06158],[167.94196,-29.06167],[167.94138,-29.06176],[167.94118,-29.06175],[167.94033,-29.06163],[167.94015,-29.06167],[167.93937,-29.06179],[167.93918,-29.06185],[167.93855,-29.06211],[167.9384,-29.0622],[167.93822,-29.0624],[167.9377,-29.06289],[167.9374,-29.06314],[167.93727,-29.06321],[167.937,-29.06323],[167.93672,-29.06322],[167.93668,-29.06317],[167.93668,-29.06264],[167.93653,-29.06259],[167.93648,-29.06257],[167.93645,-29.06252],[167.93636,-29.06245],[167.93629,-29.06234],[167.93625,-29.06229],[167.93623,-29.06222],[167.93621,-29.06219],[167.9361,-29.06211],[167.93603,-29.06208],[167.93589,-29.06201],[167.93584,-29.06196],[167.93584,-29.06192],[167.93586,-29.06185],[167.93595,-29.06159],[167.93596,-29.06154],[167.93596,-29.06148],[167.93576,-29.06157],[167.93557,-29.06162],[167.9354,-29.06165],[167.93519,-29.06162],[167.935,-29.06156],[167.93483,-29.06147],[167.93475,-29.06138],[167.93466,-29.06121],[167.93462,-29.06102],[167.93467,-29.06086],[167.93484,-29.06076],[167.93503,-29.06073],[167.93499,-29.06063],[167.93498,-29.06044],[167.93498,-29.06036],[167.935,-29.0603],[167.93505,-29.06022],[167.93509,-29.06017],[167.93518,-29.06013],[167.93539,-29.06012],[167.93551,-29.06009],[167.93555,-29.06007],[167.93558,-29.06005],[167.9357,-29.05992],[167.93574,-29.05981],[167.93574,-29.0596],[167.93572,-29.05955],[167.93565,-29.05948],[167.93555,-29.05948],[167.93547,-29.05949],[167.93538,-29.05953],[167.9353,-29.05954],[167.93527,-29.05953],[167.93474,-29.05973],[167.93453,-29.05983],[167.93435,-29.05994],[167.93417,-29.06],[167.93403,-29.06002],[167.93386,-29.05996],[167.93372,-29.05984],[167.93359,-29.05969],[167.9335,-29.05951],[167.93346,-29.05939],[167.93342,-29.0592],[167.93342,-29.059],[167.93345,-29.05881],[167.93353,-29.05865],[167.93364,-29.05853],[167.9337,-29.05849],[167.93386,-29.05846],[167.93406,-29.05846],[167.93477,-29.05857],[167.93483,-29.0586],[167.93495,-29.05848],[167.93501,-29.05838],[167.93502,-29.05834],[167.93506,-29.05827],[167.93509,-29.05817],[167.93505,-29.058],[167.93505,-29.05786],[167.93504,-29.05783],[167.93504,-29.0578],[167.93502,-29.05771],[167.93502,-29.05763],[167.93499,-29.05749],[167.93494,-29.05729],[167.93494,-29.05724],[167.93487,-29.05698],[167.93477,-29.0568],[167.93474,-29.05675],[167.93468,-29.05657],[167.93466,-29.05654],[167.93465,-29.05645],[167.9346,-29.05631],[167.93458,-29.05627],[167.9345,-29.05616],[167.93434,-29.05607],[167.93429,-29.05602],[167.93426,-29.05597],[167.93426,-29.05589],[167.9343,-29.05574],[167.93434,-29.05571],[167.93436,-29.05562],[167.93436,-29.05557],[167.93433,-29.05545],[167.93433,-29.05539],[167.93428,-29.05528],[167.93423,-29.05523],[167.93416,-29.05509],[167.93413,-29.05506],[167.93408,-29.05504],[167.93403,-29.055],[167.93395,-29.05497],[167.93372,-29.05494],[167.93362,-29.05495],[167.93343,-29.05497],[167.93335,-29.05495],[167.93331,-29.05493],[167.93326,-29.05491],[167.93316,-29.05481],[167.93316,-29.05478],[167.9332,-29.0547],[167.93321,-29.05467],[167.93337,-29.05446],[167.93338,-29.05441],[167.93341,-29.05435],[167.93341,-29.05431],[167.93336,-29.05423],[167.93333,-29.0542],[167.93321,-29.05397],[167.93316,-29.05392],[167.93308,-29.05389],[167.93295,-29.05385],[167.93287,-29.05386],[167.93278,-29.05386],[167.93265,-29.05387],[167.93261,-29.05389],[167.93255,-29.0539],[167.9323,-29.05392],[167.93215,-29.05396],[167.93202,-29.05397],[167.93199,-29.054],[167.9319,-29.05402],[167.93181,-29.05406],[167.93169,-29.05409],[167.93168,-29.05416],[167.93162,-29.05417],[167.93158,-29.05415],[167.93153,-29.05409],[167.93147,-29.05404],[167.93134,-29.05399],[167.93122,-29.05396],[167.93109,-29.05395],[167.93103,-29.05396],[167.93096,-29.05392],[167.9309,-29.05391],[167.93065,-29.05385],[167.93048,-29.05374],[167.93037,-29.05365],[167.93031,-29.05356],[167.93023,-29.05339],[167.93016,-29.05347],[167.93003,-29.05359],[167.92999,-29.05361],[167.9298,-29.05359],[167.92962,-29.05348],[167.92951,-29.05337],[167.92952,-29.05325],[167.92961,-29.05311],[167.92976,-29.05297],[167.92993,-29.05284],[167.9299,-29.05276],[167.92982,-29.05263],[167.92972,-29.05253],[167.92953,-29.05244],[167.92938,-29.05238],[167.92917,-29.05236],[167.92902,-29.05236],[167.9288,-29.0524],[167.92873,-29.05242],[167.92868,-29.05245],[167.92861,-29.05246],[167.92841,-29.05244],[167.92832,-29.05243],[167.92828,-29.05244],[167.92781,-29.05236],[167.92765,-29.0523],[167.92752,-29.05228],[167.92734,-29.05224],[167.92721,-29.05217],[167.9271,-29.05214],[167.927,-29.05213],[167.92683,-29.05215],[167.92678,-29.05215],[167.92657,-29.05216],[167.92643,-29.05215],[167.9263,-29.05208],[167.92621,-29.05203],[167.92616,-29.05199],[167.92612,-29.05196],[167.92605,-29.05193],[167.92601,-29.05192],[167.9258,-29.05173],[167.92567,-29.05154],[167.92552,-29.05146],[167.92541,-29.05142],[167.92512,-29.05135],[167.92503,-29.05135],[167.92499,-29.05136],[167.92488,-29.05135],[167.92479,-29.05135],[167.92476,-29.05137],[167.92469,-29.05138],[167.92461,-29.05138],[167.92452,-29.0514],[167.92442,-29.0514],[167.92438,-29.05138],[167.9243,-29.05136],[167.92426,-29.05136],[167.92417,-29.05145],[167.92416,-29.05148],[167.92412,-29.05152],[167.92388,-29.0517],[167.92379,-29.05179],[167.92371,-29.05182],[167.92364,-29.05176],[167.92363,-29.05172],[167.92357,-29.0516],[167.92353,-29.05158],[167.92343,-29.05159],[167.92336,-29.05162],[167.9233,-29.05166],[167.9232,-29.05172],[167.92295,-29.05181],[167.92263,-29.05182],[167.92259,-29.05181],[167.92246,-29.05182],[167.92236,-29.0518],[167.92222,-29.0518],[167.92209,-29.05177],[167.92202,-29.0518],[167.92197,-29.05181],[167.92191,-29.0518],[167.92186,-29.05181],[167.92183,-29.05191],[167.92183,-29.05204],[167.92182,-29.05207],[167.92183,-29.05215],[167.92182,-29.05218],[167.92183,-29.05223],[167.9218,-29.0523],[167.92176,-29.0523],[167.92165,-29.05228],[167.92153,-29.05222],[167.92148,-29.05214],[167.92147,-29.05211],[167.9214,-29.05201],[167.92137,-29.05198],[167.92128,-29.05196],[167.92126,-29.05192],[167.92125,-29.05183],[167.9212,-29.05179],[167.92113,-29.05176],[167.92097,-29.05172],[167.92089,-29.05173],[167.92085,-29.0518],[167.92082,-29.05192],[167.9208,-29.05205],[167.92068,-29.05235],[167.92061,-29.0525],[167.92056,-29.05255],[167.92041,-29.05268],[167.92022,-29.05278],[167.92005,-29.05282],[167.92,-29.05282],[167.91985,-29.05278],[167.91972,-29.05267],[167.91946,-29.05236],[167.91934,-29.05219],[167.91904,-29.05194],[167.91891,-29.0518],[167.91874,-29.05155],[167.91866,-29.05137],[167.91864,-29.05121],[167.91866,-29.05117],[167.91877,-29.05109],[167.91895,-29.05103],[167.91936,-29.05095],[167.91953,-29.05088],[167.91988,-29.05072],[167.92022,-29.05055],[167.92014,-29.05041],[167.92014,-29.05032],[167.92017,-29.0503],[167.92037,-29.05026],[167.92045,-29.05023],[167.92048,-29.0502],[167.92056,-29.05017],[167.92067,-29.05015],[167.92078,-29.05011],[167.92092,-29.0501],[167.92112,-29.05001],[167.92116,-29.05001],[167.92119,-29.04997],[167.92122,-29.04996],[167.92126,-29.04988],[167.92129,-29.04985],[167.92133,-29.04984],[167.92136,-29.04981],[167.92145,-29.04977],[167.92148,-29.04974],[167.92169,-29.04963],[167.92175,-29.04956],[167.92176,-29.04952],[167.92181,-29.04947],[167.9219,-29.04942],[167.92192,-29.04939],[167.92203,-29.04934],[167.92207,-29.0493],[167.92211,-29.0492],[167.92211,-29.04915],[167.92208,-29.0491],[167.92201,-29.04905],[167.92197,-29.049],[167.92194,-29.04894],[167.92194,-29.04891],[167.92192,-29.04883],[167.92184,-29.04875],[167.92182,-29.04866],[167.92186,-29.04858],[167.92194,-29.04849],[167.92202,-29.04837],[167.9221,-29.04833],[167.92221,-29.04825],[167.92262,-29.048],[167.92269,-29.04793],[167.92282,-29.04784],[167.92292,-29.04773],[167.923,-29.0476],[167.92301,-29.04754],[167.92305,-29.04745],[167.92305,-29.04742],[167.92309,-29.0473],[167.92314,-29.04723],[167.9232,-29.04716],[167.92324,-29.04707],[167.92327,-29.04695],[167.92327,-29.04675],[167.92318,-29.04631],[167.92314,-29.04621],[167.92308,-29.04615],[167.92304,-29.04612],[167.92294,-29.04596],[167.9229,-29.04585],[167.9229,-29.04564],[167.92287,-29.04554],[167.92272,-29.04514],[167.92264,-29.04504],[167.9226,-29.04502],[167.92248,-29.04505],[167.9223,-29.04506],[167.92222,-29.04508],[167.92208,-29.04509],[167.922,-29.04511],[167.92177,-29.04512],[167.92166,-29.04509],[167.9216,-29.04505],[167.92156,-29.04502],[167.92141,-29.04494],[167.92137,-29.04488],[167.92133,-29.04476],[167.92135,-29.04468],[167.92093,-29.04446],[167.92078,-29.04437],[167.92065,-29.04425],[167.92061,-29.04419],[167.92054,-29.04403],[167.92053,-29.04386],[167.92055,-29.04368],[167.92061,-29.04351],[167.9207,-29.04337],[167.92087,-29.04317],[167.9208,-29.04316],[167.92071,-29.0431],[167.92066,-29.04304],[167.92054,-29.04289],[167.92046,-29.04276],[167.92045,-29.04272],[167.92045,-29.04263],[167.92047,-29.04257],[167.92054,-29.04247],[167.92063,-29.0424],[167.92065,-29.04237],[167.92068,-29.04229],[167.92058,-29.04214],[167.92057,-29.0421],[167.92057,-29.04206],[167.9206,-29.04195],[167.92067,-29.0418],[167.9207,-29.04176],[167.9207,-29.04171],[167.92071,-29.04168],[167.9207,-29.04155],[167.92071,-29.04153],[167.92069,-29.04149],[167.92064,-29.04147],[167.9206,-29.04148],[167.92051,-29.04145],[167.92042,-29.04142],[167.92035,-29.04137],[167.92016,-29.04132],[167.92006,-29.04132],[167.91997,-29.04135],[167.91992,-29.04135],[167.91986,-29.04137],[167.91972,-29.04135],[167.9196,-29.04131],[167.91957,-29.04128],[167.91955,-29.04125],[167.91955,-29.04121],[167.91957,-29.04114],[167.91962,-29.04107],[167.91969,-29.041],[167.91973,-29.04097],[167.91978,-29.04095],[167.92006,-29.0409],[167.92017,-29.0409],[167.92022,-29.04091],[167.9204,-29.04088],[167.92059,-29.0409],[167.92063,-29.04088],[167.92066,-29.04082],[167.92075,-29.04072],[167.92079,-29.04065],[167.92081,-29.04058],[167.92078,-29.04047],[167.92063,-29.04031],[167.92062,-29.04028],[167.92057,-29.04021],[167.9205,-29.0401],[167.92043,-29.03999],[167.92036,-29.03997],[167.92018,-29.03997],[167.92007,-29.03994],[167.91986,-29.03995],[167.91968,-29.03997],[167.91951,-29.03994],[167.91939,-29.03989],[167.91933,-29.0398],[167.91933,-29.03972],[167.91934,-29.03968],[167.91939,-29.03961],[167.91947,-29.03953],[167.91966,-29.03939],[167.91974,-29.03928],[167.91983,-29.03918],[167.91989,-29.03916],[167.91996,-29.0391],[167.92008,-29.03904],[167.92027,-29.0389],[167.92032,-29.03888],[167.92039,-29.03883],[167.92044,-29.03877],[167.92051,-29.03859],[167.92052,-29.03854],[167.92058,-29.03841],[167.92057,-29.0383],[167.92058,-29.03827],[167.92055,-29.03814],[167.92055,-29.03806],[167.92056,-29.03794],[167.92056,-29.03772],[167.92049,-29.03745],[167.92042,-29.03726],[167.92034,-29.03712],[167.92027,-29.03695],[167.92024,-29.0369],[167.92019,-29.0368],[167.92016,-29.03677],[167.92012,-29.03668],[167.92005,-29.0366],[167.92001,-29.03652],[167.91996,-29.03645],[167.91984,-29.03611],[167.9198,-29.03606],[167.91979,-29.03601],[167.91977,-29.03598],[167.91966,-29.03574],[167.9196,-29.03563],[167.91956,-29.0356],[167.91954,-29.03555],[167.91932,-29.03518],[167.91929,-29.03515],[167.91926,-29.03511],[167.91923,-29.03508],[167.91921,-29.03505],[167.91914,-29.03498],[167.91913,-29.03494],[167.91904,-29.03484],[167.91902,-29.0348],[167.91899,-29.03477],[167.9189,-29.03464],[167.91884,-29.03456],[167.91876,-29.03439],[167.91873,-29.03414],[167.91874,-29.03399],[167.91879,-29.03385],[167.91881,-29.03382],[167.91882,-29.03378],[167.91885,-29.03375],[167.9189,-29.03358],[167.91895,-29.0335],[167.91906,-29.0333],[167.91904,-29.03312],[167.91905,-29.03308],[167.91908,-29.03305],[167.91914,-29.03303],[167.91924,-29.03305],[167.91937,-29.03298],[167.91949,-29.0329],[167.91984,-29.03255],[167.91998,-29.03243],[167.92004,-29.03236],[167.92014,-29.03228],[167.92018,-29.03223],[167.92035,-29.03211],[167.92048,-29.03199],[167.92059,-29.03184],[167.92066,-29.0317],[167.92067,-29.03162],[167.92068,-29.03149],[167.9207,-29.03141],[167.9207,-29.03126],[167.92073,-29.03115],[167.92076,-29.03109],[167.92085,-29.03097],[167.92096,-29.03087],[167.92098,-29.03083],[167.92107,-29.03073],[167.92132,-29.03047],[167.92139,-29.03037],[167.92151,-29.03023],[167.92157,-29.03013],[167.92157,-29.03009],[167.92157,-29.03],[167.92159,-29.02991],[167.92159,-29.02978],[167.9216,-29.02975],[167.92149,-29.0294],[167.92144,-29.02928],[167.9214,-29.02924],[167.92135,-29.02917],[167.92133,-29.02912],[167.92123,-29.02901],[167.92121,-29.02897],[167.92126,-29.02885],[167.9213,-29.02872],[167.92132,-29.02869],[167.92134,-29.02862],[167.92132,-29.02858],[167.92133,-29.02848],[167.92133,-29.02844],[167.92136,-29.02835],[167.92137,-29.02819],[167.92133,-29.02813],[167.92126,-29.0279],[167.92124,-29.02787],[167.92119,-29.02771],[167.92116,-29.02764],[167.9211,-29.02746],[167.92106,-29.02739],[167.92106,-29.02734],[167.92101,-29.02719],[167.921,-29.0271],[167.92098,-29.02706],[167.92093,-29.02695],[167.92092,-29.02681],[167.92086,-29.02672],[167.92077,-29.02662],[167.92061,-29.02649],[167.92058,-29.02646],[167.92054,-29.02644],[167.92048,-29.02639],[167.92039,-29.0263],[167.92037,-29.02626],[167.92037,-29.02617],[167.92039,-29.02611],[167.92038,-29.02599],[167.92039,-29.02594],[167.92039,-29.02582],[167.9204,-29.02579],[167.92039,-29.02569],[167.92037,-29.02562],[167.92038,-29.02558],[167.92037,-29.02553],[167.92036,-29.02536],[167.92035,-29.02532],[167.92035,-29.02525],[167.92033,-29.02517],[167.92034,-29.02508],[167.92036,-29.02505],[167.92024,-29.0249],[167.92,-29.02485],[167.91991,-29.0248],[167.9198,-29.02468],[167.91973,-29.02452],[167.91966,-29.02429],[167.91958,-29.02425],[167.91953,-29.0242],[167.91949,-29.02419],[167.91944,-29.02416],[167.91924,-29.02412],[167.91917,-29.02409],[167.91914,-29.02399],[167.91913,-29.02396],[167.91915,-29.02392],[167.91921,-29.02386],[167.91923,-29.02384],[167.91924,-29.0238],[167.91933,-29.02368],[167.91956,-29.02355],[167.9197,-29.0235],[167.91982,-29.02348],[167.91987,-29.02349],[167.91995,-29.02348],[167.92004,-29.02348],[167.92017,-29.02347],[167.92043,-29.02341],[167.9205,-29.02338],[167.92056,-29.02336],[167.92071,-29.02329],[167.92079,-29.0232],[167.92089,-29.02314],[167.92111,-29.02286],[167.92118,-29.02269],[167.92121,-29.02266],[167.92123,-29.02259],[167.92127,-29.02252],[167.92132,-29.02245],[167.92136,-29.02236],[167.92145,-29.02225],[167.92149,-29.02209],[167.92151,-29.02206],[167.92157,-29.02191],[167.9216,-29.02173],[167.92159,-29.02157],[167.92157,-29.02149],[167.92155,-29.02146],[167.92151,-29.02144],[167.92139,-29.02143],[167.92129,-29.02139],[167.92127,-29.02137],[167.92127,-29.02133],[167.92129,-29.0213],[167.92133,-29.02127],[167.92135,-29.02125],[167.92144,-29.0212],[167.92147,-29.02117],[167.92149,-29.02109],[167.92146,-29.02101],[167.92139,-29.02096],[167.92137,-29.0209],[167.92137,-29.02087],[167.92145,-29.02072],[167.92148,-29.02065],[167.92147,-29.02059],[167.92144,-29.02055],[167.92141,-29.02048],[167.92138,-29.02045],[167.92133,-29.02043],[167.9212,-29.02044],[167.9211,-29.02047],[167.92102,-29.0205],[167.92076,-29.02047],[167.92072,-29.02047],[167.92067,-29.02044],[167.92065,-29.02038],[167.92062,-29.02035],[167.92038,-29.02037],[167.92029,-29.02033],[167.92026,-29.0203],[167.92023,-29.02027],[167.92023,-29.02022],[167.92024,-29.02019],[167.92027,-29.02016],[167.92044,-29.02002],[167.92046,-29.01999],[167.92056,-29.01992],[167.92064,-29.0198],[167.92084,-29.01969],[167.92094,-29.01961],[167.92099,-29.01956],[167.92104,-29.01953],[167.92116,-29.01943],[167.92122,-29.01934],[167.9212,-29.0192],[167.92116,-29.01909],[167.92121,-29.01899],[167.92129,-29.01888],[167.92132,-29.01881],[167.92134,-29.01874],[167.92137,-29.01868],[167.92139,-29.01858],[167.9214,-29.01852],[167.92139,-29.01838],[167.92141,-29.01826],[167.92142,-29.01802],[167.92144,-29.01795],[167.92144,-29.01791],[167.92146,-29.01778],[167.92148,-29.01773],[167.92152,-29.01771],[167.92157,-29.0177],[167.92165,-29.01766],[167.92176,-29.01755],[167.92184,-29.01739],[167.92189,-29.01723],[167.92186,-29.01695],[167.92183,-29.01683],[167.92179,-29.01677],[167.92173,-29.01669],[167.92159,-29.01659],[167.92119,-29.01662],[167.92101,-29.01661],[167.92078,-29.01658],[167.9206,-29.01651],[167.92049,-29.01644],[167.9205,-29.01632],[167.9206,-29.01618],[167.92076,-29.01605],[167.92095,-29.0159],[167.92115,-29.01577],[167.92131,-29.01567],[167.92148,-29.0156],[167.92166,-29.01549],[167.92168,-29.0154],[167.92175,-29.01528],[167.92193,-29.01506],[167.92198,-29.01497],[167.92201,-29.01488],[167.92206,-29.0148],[167.9221,-29.01468],[167.92212,-29.01465],[167.92214,-29.01459],[167.92222,-29.01447],[167.92228,-29.01441],[167.92231,-29.01433],[167.92232,-29.01414],[167.92234,-29.01404],[167.92251,-29.01379],[167.92259,-29.01365],[167.92259,-29.01357],[167.92258,-29.01353],[167.92255,-29.01349],[167.92255,-29.01344],[167.92256,-29.01338],[167.92259,-29.01335],[167.92263,-29.01332],[167.92266,-29.01324],[167.92269,-29.0132],[167.9227,-29.01315],[167.92267,-29.01296],[167.92267,-29.01281],[167.92265,-29.01271],[167.92265,-29.01267],[167.92264,-29.01256],[167.92265,-29.01249],[167.9227,-29.01238],[167.92281,-29.01223],[167.92295,-29.01199],[167.92297,-29.01191],[167.92297,-29.01185],[167.92298,-29.0118],[167.92305,-29.01162],[167.92305,-29.01156],[167.92307,-29.01151],[167.92308,-29.01143],[167.92311,-29.01135],[167.9231,-29.01113],[167.92311,-29.0111],[167.92311,-29.01098],[167.92308,-29.01078],[167.92309,-29.01065],[167.92314,-29.01039],[167.92314,-29.01031],[167.92316,-29.01027],[167.92318,-29.01018],[167.9232,-29.01015],[167.9232,-29.0101],[167.92322,-29.00996],[167.9233,-29.00962],[167.92329,-29.00946],[167.92318,-29.00939],[167.92307,-29.00928],[167.92303,-29.00926],[167.92299,-29.00925],[167.92291,-29.00926],[167.92282,-29.0093],[167.92274,-29.00936],[167.92261,-29.00939],[167.92199,-29.0097],[167.92127,-29.00979],[167.92064,-29.01006],[167.92021,-29.0103],[167.91977,-29.0104],[167.91939,-29.01025],[167.9191,-29.00995],[167.91906,-29.00993],[167.91902,-29.00993],[167.9189,-29.00996],[167.91878,-29.00994],[167.9187,-29.00994],[167.91858,-29.00996],[167.9185,-29.00994],[167.91843,-29.00991],[167.91838,-29.00991],[167.9183,-29.00988],[167.91828,-29.00981],[167.91829,-29.00973],[167.91834,-29.00968],[167.91836,-29.00964],[167.91839,-29.00951],[167.91839,-29.00942],[167.9184,-29.00934],[167.9184,-29.00922],[167.91834,-29.009],[167.91828,-29.00893],[167.91822,-29.00889],[167.91811,-29.0089],[167.91802,-29.00889],[167.91775,-29.00896],[167.91767,-29.00896],[167.9175,-29.00894],[167.91745,-29.00894],[167.91733,-29.0089],[167.91724,-29.00885],[167.91711,-29.00885],[167.91683,-29.00916],[167.91669,-29.00924],[167.91647,-29.00927],[167.91628,-29.00925],[167.91609,-29.00917],[167.91596,-29.00905],[167.91578,-29.00873],[167.91568,-29.0086],[167.9155,-29.00855],[167.91531,-29.00856],[167.9149,-29.00863],[167.91464,-29.00865],[167.91441,-29.00859],[167.91419,-29.0085],[167.91401,-29.0084],[167.91386,-29.00829],[167.91379,-29.00818],[167.91377,-29.00814],[167.91382,-29.00804],[167.91395,-29.00794],[167.91413,-29.00785],[167.91435,-29.00776],[167.91457,-29.00769],[167.91489,-29.00763],[167.91547,-29.00764],[167.91567,-29.00765],[167.91602,-29.00763],[167.9162,-29.00758],[167.91656,-29.00743],[167.91674,-29.00737],[167.91692,-29.00733],[167.91717,-29.00728],[167.91735,-29.00729],[167.91746,-29.00744],[167.91754,-29.00763],[167.91767,-29.00768],[167.91772,-29.00769],[167.91795,-29.00769],[167.91798,-29.0077],[167.91812,-29.0077],[167.91825,-29.00766],[167.91842,-29.00755],[167.91849,-29.00749],[167.91855,-29.00745],[167.91858,-29.00741],[167.91869,-29.00732],[167.91872,-29.00729],[167.91874,-29.00725],[167.91873,-29.00721],[167.91876,-29.00714],[167.91877,-29.00709],[167.91882,-29.00698],[167.91888,-29.00693],[167.91892,-29.00689],[167.919,-29.00678],[167.91903,-29.00671],[167.91909,-29.00665],[167.91924,-29.00644],[167.91926,-29.00633],[167.91925,-29.00584],[167.91928,-29.00554],[167.91935,-29.00535],[167.91954,-29.00493],[167.91954,-29.00473],[167.91949,-29.00465],[167.91947,-29.00455],[167.91947,-29.00441],[167.91943,-29.00431],[167.91941,-29.0042],[167.91941,-29.00411],[167.91938,-29.00403],[167.91938,-29.0039],[167.91937,-29.00386],[167.91917,-29.00362],[167.91912,-29.00354],[167.9191,-29.00345],[167.91911,-29.0034],[167.91914,-29.00332],[167.91915,-29.00325],[167.91919,-29.00313],[167.91927,-29.00296],[167.9193,-29.00284],[167.91933,-29.00257],[167.91935,-29.00248],[167.91933,-29.00237],[167.91932,-29.00226],[167.9193,-29.00221],[167.9193,-29.00214],[167.91937,-29.0019],[167.91937,-29.00182],[167.9194,-29.00173],[167.91929,-29.00174],[167.9191,-29.00169],[167.91899,-29.00163],[167.9189,-29.00147],[167.91889,-29.00128],[167.91894,-29.00114],[167.91909,-29.00105],[167.91929,-29.00101],[167.91937,-29.00101],[167.91952,-29.00092],[167.91955,-29.00089],[167.9196,-29.00088],[167.91971,-29.0008],[167.91979,-29.00075],[167.91988,-29.0007],[167.91992,-29.00063],[167.92,-29.0005],[167.92002,-29.00043],[167.92007,-29.00035],[167.9201,-29.00024],[167.92013,-29.0002],[167.92024,-29.00001],[167.92024,-28.99992],[167.92023,-28.99988],[167.92023,-28.99981],[167.92024,-28.99972],[167.92031,-28.99962],[167.92042,-28.99954],[167.92046,-28.99945],[167.92045,-28.99936],[167.92046,-28.99935],[167.92034,-28.9992],[167.92039,-28.99901],[167.92044,-28.99897],[167.92062,-28.999],[167.92064,-28.99902],[167.92066,-28.99897],[167.92068,-28.99888],[167.9208,-28.99873],[167.92082,-28.99868],[167.92083,-28.9985],[167.92088,-28.99816],[167.92101,-28.99797],[167.92116,-28.9978],[167.92126,-28.99772],[167.92129,-28.99769],[167.92138,-28.99763],[167.92141,-28.9976],[167.92146,-28.99753],[167.92146,-28.9975],[167.92141,-28.99746],[167.92137,-28.99742],[167.92133,-28.99741],[167.9213,-28.99737],[167.9213,-28.99727],[167.92131,-28.99723],[167.92137,-28.99705],[167.92137,-28.99701],[167.9213,-28.99681],[167.92128,-28.99679],[167.92121,-28.99675],[167.92111,-28.99674],[167.92108,-28.99673],[167.92104,-28.99674],[167.92074,-28.99673],[167.92054,-28.99669],[167.92037,-28.99664],[167.92019,-28.99656],[167.92004,-28.99645],[167.91991,-28.99632],[167.91966,-28.99601],[167.91956,-28.99585],[167.91951,-28.99569],[167.91951,-28.99561],[167.91953,-28.99543],[167.91962,-28.99528],[167.9198,-28.99521],[167.92,-28.99522],[167.92015,-28.99529],[167.9203,-28.99541],[167.92045,-28.99557],[167.92063,-28.99558],[167.92074,-28.99562],[167.92088,-28.99564],[167.92104,-28.99571],[167.92121,-28.99576],[167.92125,-28.99577],[167.92135,-28.99576],[167.92146,-28.99577],[167.92155,-28.9958],[167.92159,-28.9958],[167.92176,-28.99586],[167.9218,-28.99589],[167.92196,-28.99593],[167.922,-28.99593],[167.92221,-28.99597],[167.92231,-28.99597],[167.9224,-28.99595],[167.92255,-28.99588],[167.92272,-28.99576],[167.92282,-28.99571],[167.92301,-28.99567],[167.92318,-28.99569],[167.92329,-28.99574],[167.92347,-28.99579],[167.92361,-28.99574],[167.92373,-28.99565],[167.92405,-28.99545],[167.92421,-28.99535],[167.92454,-28.99522],[167.92473,-28.99517],[167.92512,-28.99512],[167.92551,-28.99512],[167.92603,-28.99519],[167.92624,-28.99524],[167.92643,-28.99529],[167.9266,-28.99537],[167.92674,-28.99548],[167.92679,-28.99553],[167.92684,-28.99566],[167.92687,-28.99582],[167.92685,-28.996],[167.92683,-28.99618],[167.92676,-28.99655],[167.92675,-28.99716],[167.92684,-28.99714],[167.927,-28.99716],[167.92704,-28.99718],[167.92708,-28.99718],[167.92722,-28.99727],[167.92732,-28.99742],[167.92735,-28.99747],[167.92736,-28.99756],[167.92742,-28.9977],[167.92745,-28.99778],[167.92744,-28.99782],[167.92745,-28.99784],[167.92745,-28.99792],[167.92741,-28.99796],[167.92738,-28.99801],[167.92733,-28.99814],[167.92717,-28.99848],[167.92696,-28.99881],[167.9269,-28.999],[167.92687,-28.99916],[167.92687,-28.99932],[167.92689,-28.99938],[167.92688,-28.99954],[167.92689,-28.99959],[167.92688,-28.99967],[167.9269,-28.99972],[167.92694,-28.99986],[167.92704,-28.99996],[167.9271,-29.0],[167.92718,-29.00007],[167.92728,-29.00017],[167.92761,-29.00038],[167.9277,-29.00042],[167.92774,-29.00042],[167.92785,-29.00047],[167.92789,-29.00048],[167.92798,-29.00052],[167.92806,-29.00054],[167.92814,-29.00055],[167.92822,-29.00059],[167.92847,-29.00063],[167.92861,-29.00068],[167.92875,-29.0007],[167.92881,-29.00071],[167.92888,-29.0007],[167.92923,-29.00069],[167.92953,-29.00073],[167.92957,-29.00072],[167.92961,-29.00074],[167.92965,-29.00073],[167.92975,-29.00073],[167.92979,-29.00072],[167.92984,-29.00073],[167.93009,-29.00073],[167.93047,-29.00078],[167.9305,-29.0008],[167.93067,-29.00097],[167.93073,-29.00109],[167.93074,-29.00118],[167.93077,-29.00124],[167.93082,-29.00132],[167.93086,-29.00144],[167.93094,-29.0016],[167.93096,-29.00164],[167.93108,-29.00175],[167.93128,-29.00186],[167.93138,-29.00188],[167.93149,-29.00191],[167.93154,-29.00191],[167.93165,-29.00193],[167.93182,-29.00198],[167.93195,-29.00203],[167.93227,-29.00209],[167.93243,-29.00214],[167.93246,-29.00215],[167.93252,-29.00214],[167.93264,-29.00214],[167.93272,-29.00216],[167.93284,-29.00216],[167.93309,-29.00214],[167.93339,-29.00213],[167.93347,-29.00212],[167.93375,-29.00214],[167.93383,-29.00213],[167.93387,-29.00214],[167.93408,-29.00211],[167.93418,-29.00211],[167.93443,-29.00212],[167.93446,-29.00213],[167.93456,-29.00212],[167.9347,-29.00214],[167.93479,-29.00212],[167.93499,-29.0021],[167.9351,-29.00211],[167.93521,-29.00208],[167.93525,-29.00206],[167.93534,-29.00202],[167.93542,-29.0019],[167.93562,-29.00186],[167.93573,-29.00186],[167.93568,-29.00173],[167.93567,-29.00157],[167.93574,-29.0014],[167.93582,-29.00128],[167.93579,-29.00122],[167.93578,-29.00115],[167.93579,-29.00108],[167.93581,-29.00101],[167.9359,-29.00081],[167.93597,-29.00076],[167.93614,-29.00071],[167.93622,-29.00067],[167.9363,-29.00058],[167.93656,-29.00035],[167.93663,-29.00033],[167.93671,-29.00036],[167.93671,-29.00042],[167.93662,-29.00066],[167.93649,-29.00088],[167.93654,-29.00087],[167.93672,-29.00096],[167.93688,-29.00106],[167.93694,-29.00111],[167.93705,-29.00125],[167.93711,-29.00141],[167.93718,-29.0017],[167.9372,-29.00199],[167.93716,-29.00207],[167.93725,-29.00216],[167.93736,-29.00224],[167.93739,-29.00226],[167.93756,-29.00229],[167.93762,-29.00228],[167.93774,-29.0023],[167.9379,-29.00228],[167.93816,-29.00226],[167.93831,-29.00228],[167.93845,-29.00227],[167.93868,-29.00231],[167.9388,-29.00231],[167.93893,-29.00234],[167.93925,-29.00234],[167.93935,-29.00232],[167.93955,-29.00234],[167.93973,-29.0023],[167.93985,-29.0023],[167.94006,-29.00225],[167.9401,-29.00225],[167.94018,-29.00222],[167.94027,-29.00222],[167.94032,-29.00222],[167.94046,-29.00229],[167.94051,-29.00229],[167.94079,-29.00234],[167.9409,-29.00238],[167.94104,-29.00247],[167.94111,-29.00255],[167.94115,-29.00262],[167.94118,-29.00264],[167.9413,-29.00262],[167.94151,-29.00253],[167.94164,-29.0025],[167.94181,-29.00248],[167.94193,-29.0025],[167.94199,-29.00253],[167.94202,-29.00252],[167.94206,-29.00253],[167.94215,-29.00256],[167.94223,-29.00258],[167.94232,-29.00261],[167.94241,-29.00262],[167.94254,-29.00259],[167.94258,-29.00259],[167.94279,-29.00248],[167.94299,-29.00245],[167.94311,-29.00243],[167.94319,-29.00239],[167.94323,-29.00235],[167.94327,-29.0023],[167.94328,-29.0022],[167.94322,-29.00213],[167.94319,-29.00209],[167.9432,-29.00186],[167.94319,-29.00178],[167.94319,-29.00174],[167.94318,-29.00167],[167.94318,-29.00146],[167.94319,-29.0013],[167.94324,-29.00123],[167.94329,-29.00123],[167.94336,-29.00127],[167.9434,-29.00139],[167.94353,-29.00158],[167.94361,-29.00162],[167.94369,-29.00165],[167.94378,-29.00164],[167.94392,-29.00166],[167.944,-29.00165],[167.9442,-29.0016],[167.94425,-29.00161],[167.9443,-29.0016],[167.94463,-29.00164],[167.94467,-29.00164],[167.94477,-29.00169],[167.9449,-29.00172],[167.94509,-29.00183],[167.94516,-29.00193],[167.94519,-29.00203],[167.9452,-29.00207],[167.94521,-29.00216],[167.9452,-29.0022],[167.9452,-29.00226],[167.94526,-29.00242],[167.94531,-29.00249],[167.94532,-29.00253],[167.94536,-29.0026],[167.94537,-29.00264],[167.94545,-29.00275],[167.94548,-29.00278],[167.9455,-29.00281],[167.94563,-29.00297],[167.94584,-29.0032],[167.94588,-29.00321],[167.9459,-29.00324],[167.94602,-29.00332],[167.94605,-29.00335],[167.94609,-29.00337],[167.94611,-29.00341],[167.94628,-29.00352],[167.94648,-29.0036],[167.94659,-29.00364],[167.94674,-29.0037],[167.94684,-29.00377],[167.94692,-29.00389],[167.94695,-29.00393],[167.94704,-29.004],[167.9471,-29.00402],[167.94721,-29.00408],[167.94736,-29.00415],[167.94743,-29.00418],[167.94759,-29.00427],[167.94779,-29.00442],[167.94793,-29.00463],[167.94811,-29.00476],[167.94818,-29.00482],[167.94828,-29.00489],[167.94853,-29.00494],[167.94869,-29.00502],[167.94883,-29.00506],[167.94889,-29.0051],[167.94925,-29.00528],[167.94947,-29.00544],[167.94951,-29.00545],[167.94962,-29.0055],[167.9497,-29.00553],[167.94984,-29.00554],[167.94996,-29.00554],[167.95004,-29.00552],[167.95007,-29.0055],[167.95013,-29.00542],[167.95019,-29.00536],[167.95022,-29.0053],[167.95027,-29.00524],[167.95034,-29.00519],[167.95042,-29.00518],[167.95046,-29.00519],[167.9505,-29.00521],[167.95054,-29.00523],[167.95063,-29.00525],[167.95074,-29.00529],[167.95091,-29.00533],[167.95098,-29.00536],[167.95111,-29.0054],[167.95117,-29.00544],[167.95124,-29.00557],[167.95126,-29.0056],[167.95139,-29.00569],[167.95157,-29.00574],[167.95166,-29.00576],[167.95171,-29.00575],[167.95184,-29.00578],[167.95188,-29.00578],[167.95192,-29.00576],[167.95198,-29.00561],[167.95201,-29.00558],[167.95201,-29.00554],[167.95208,-29.00547],[167.95219,-29.00539],[167.95225,-29.00533],[167.95251,-29.00519],[167.9527,-29.00512],[167.95274,-29.00512],[167.95277,-29.00514],[167.95277,-29.00518],[167.95275,-29.00522],[167.95262,-29.00533],[167.95255,-29.00541],[167.95235,-29.00569],[167.95232,-29.00579],[167.95232,-29.00582],[167.95235,-29.00586],[167.9524,-29.00586],[167.95254,-29.00582],[167.95276,-29.00588],[167.95286,-29.00585],[167.9529,-29.00581],[167.95295,-29.00572],[167.95304,-29.00562],[167.95307,-29.0056],[167.95312,-29.00565],[167.95316,-29.00573],[167.95328,-29.0059],[167.9533,-29.00594],[167.95338,-29.00602],[167.95346,-29.00606],[167.9535,-29.00608],[167.95361,-29.00613],[167.95371,-29.00612],[167.9538,-29.00614],[167.95385,-29.00614],[167.954,-29.00619],[167.95412,-29.00619],[167.95417,-29.00617],[167.95421,-29.00613],[167.95422,-29.00595],[167.95421,-29.00592],[167.95421,-29.00585],[167.95423,-29.00578],[167.95428,-29.00566],[167.95436,-29.00557],[167.95442,-29.00552],[167.95446,-29.00551],[167.95449,-29.00549],[167.95457,-29.00551],[167.9546,-29.00555],[167.95466,-29.00559],[167.95472,-29.00581],[167.95471,-29.006],[167.95473,-29.00605],[167.95473,-29.0061],[167.95479,-29.00621],[167.95484,-29.00622],[167.95484,-29.00625],[167.95493,-29.00625],[167.95498,-29.00619],[167.955,-29.00614],[167.95503,-29.00612],[167.95506,-29.00608],[167.9551,-29.00606],[167.95533,-29.0061],[167.95537,-29.00612],[167.95542,-29.00614],[167.95565,-29.00634],[167.95585,-29.0065],[167.95595,-29.00656],[167.95598,-29.0066],[167.95603,-29.00666],[167.95605,-29.00672],[167.95613,-29.00686],[167.95618,-29.00704],[167.95646,-29.00709],[167.95666,-29.00714],[167.95683,-29.00716],[167.95723,-29.00704],[167.95733,-29.00705],[167.95749,-29.00717],[167.95753,-29.00727],[167.95743,-29.00738],[167.95718,-29.00753],[167.95709,-29.00767],[167.95703,-29.00784],[167.957,-29.00801],[167.95692,-29.00823],[167.95704,-29.00835],[167.95712,-29.00838],[167.95715,-29.0084],[167.95725,-29.00842],[167.95736,-29.00842],[167.95748,-29.00839],[167.95759,-29.00833],[167.95782,-29.00818],[167.95785,-29.00815],[167.95792,-29.00812],[167.95802,-29.0081],[167.95806,-29.0081],[167.95812,-29.00815],[167.95814,-29.00819],[167.95813,-29.00832],[167.95805,-29.00844],[167.95799,-29.00855],[167.95794,-29.00868],[167.95789,-29.00897],[167.95781,-29.0091],[167.95776,-29.0093],[167.95779,-29.00936],[167.95783,-29.00943],[167.95801,-29.00958],[167.95812,-29.00967],[167.95841,-29.00983],[167.9585,-29.00993],[167.95852,-29.00998],[167.95855,-29.01],[167.95869,-29.01007],[167.95873,-29.01007],[167.95884,-29.01013],[167.95901,-29.01018],[167.95919,-29.0102],[167.9593,-29.01022],[167.95939,-29.01022],[167.95961,-29.01015],[167.95969,-29.0101],[167.95974,-29.00999],[167.95972,-29.00989],[167.95972,-29.00976],[167.9597,-29.00969],[167.95974,-29.00954],[167.95987,-29.00928],[167.96,-29.0091],[167.96001,-29.00906],[167.96005,-29.00903],[167.96006,-29.00901],[167.96012,-29.00892],[167.96016,-29.0089],[167.96019,-29.00886],[167.96034,-29.00875],[167.96054,-29.00866],[167.96076,-29.00866],[167.96086,-29.00867],[167.96094,-29.00871],[167.96096,-29.00874],[167.96098,-29.00878],[167.96097,-29.00885],[167.96093,-29.00894],[167.9609,-29.00899],[167.96086,-29.00902],[167.96082,-29.00911],[167.96064,-29.00926],[167.96046,-29.00936],[167.96042,-29.00938],[167.96038,-29.00938],[167.96034,-29.00942],[167.96031,-29.00949],[167.96034,-29.00952],[167.96034,-29.00957],[167.96026,-29.00966],[167.96027,-29.00974],[167.96032,-29.00979],[167.96037,-29.0098],[167.96061,-29.0098],[167.96074,-29.00983],[167.96086,-29.00988],[167.96094,-29.0099],[167.96122,-29.00989],[167.96138,-29.00987],[167.9614,-29.00968],[167.96143,-29.00958],[167.96159,-29.00948],[167.96179,-29.00944],[167.96193,-29.00944],[167.96214,-29.0095],[167.96229,-29.0096],[167.96225,-29.00971],[167.96209,-29.00981],[167.96167,-29.01001],[167.96172,-29.01007],[167.96174,-29.01015],[167.96174,-29.01019],[167.96168,-29.01025],[167.96156,-29.01043],[167.96148,-29.01052],[167.96134,-29.01059],[167.96131,-29.01062],[167.96129,-29.01068],[167.96131,-29.01071],[167.96136,-29.01075],[167.96153,-29.01084],[167.96157,-29.01085],[167.9616,-29.01088],[167.96165,-29.01088],[167.96176,-29.01094],[167.9619,-29.01073],[167.96199,-29.01066],[167.96217,-29.01063],[167.9623,-29.01063],[167.96247,-29.01069],[167.9628,-29.0109],[167.96295,-29.01097],[167.96316,-29.01095],[167.96334,-29.01096],[167.96349,-29.01108],[167.96354,-29.01117],[167.96354,-29.01132],[167.96335,-29.01162],[167.96341,-29.01158],[167.96348,-29.01159],[167.96351,-29.01163],[167.96353,-29.01165],[167.9635,-29.01174],[167.96341,-29.01183],[167.96335,-29.01187],[167.9633,-29.01195],[167.96328,-29.01203],[167.96329,-29.01207],[167.96328,-29.01219],[167.9634,-29.01258],[167.96342,-29.01276],[167.96336,-29.01293],[167.96337,-29.01311],[167.96343,-29.01327],[167.96368,-29.01354],[167.96371,-29.01373],[167.96362,-29.01389],[167.96365,-29.0141],[167.96376,-29.01426],[167.96381,-29.01442],[167.96395,-29.01475],[167.96408,-29.01491],[167.96415,-29.01508],[167.96426,-29.01523],[167.96431,-29.01543],[167.96437,-29.01559],[167.96456,-29.01576],[167.96474,-29.01583],[167.96489,-29.01595],[167.96497,-29.01633],[167.96507,-29.01669],[167.96518,-29.01685],[167.96535,-29.01695],[167.96556,-29.017],[167.96566,-29.01716],[167.96579,-29.01733],[167.96587,-29.01751],[167.96593,-29.01772],[167.966,-29.01789],[167.96609,-29.01804],[167.96622,-29.0182],[167.9664,-29.01832],[167.96657,-29.01842],[167.9671,-29.01887],[167.9675,-29.01916],[167.96765,-29.01928],[167.9678,-29.01938],[167.96821,-29.01947],[167.96842,-29.01954],[167.96849,-29.01955],[167.96916,-29.01971],[167.96929,-29.01976],[167.96973,-29.02015],[167.96975,-29.02019],[167.96963,-29.02036],[167.96975,-29.0206],[167.97001,-29.0209],[167.97041,-29.02109],[167.97056,-29.02122],[167.97093,-29.02144],[167.97111,-29.0215],[167.97128,-29.02159],[167.97146,-29.02166],[167.97181,-29.02181],[167.97201,-29.02187],[167.97221,-29.02191],[167.97283,-29.02198],[167.97302,-29.02198],[167.97336,-29.02193],[167.97333,-29.02167],[167.97341,-29.02167],[167.97345,-29.02191],[167.97359,-29.02189],[167.97358,-29.02178],[167.97382,-29.02173],[167.97385,-29.02173],[167.97409,-29.02177]]],[[[167.99433,-29.04696],[167.99442,-29.04702],[167.99444,-29.04706],[167.99441,-29.0471],[167.99437,-29.04719],[167.99432,-29.04721],[167.99427,-29.04719],[167.99418,-29.04713],[167.99416,-29.04708],[167.99413,-29.04712],[167.9941,-29.04721],[167.99403,-29.04724],[167.99386,-29.04722],[167.9938,-29.0472],[167.99378,-29.04715],[167.99375,-29.04701],[167.99377,-29.04691],[167.99378,-29.04687],[167.99381,-29.04682],[167.99387,-29.0468],[167.99399,-29.0468],[167.99416,-29.04683],[167.99422,-29.04686],[167.99433,-29.04696]]],[[[167.99432,-29.04527],[167.99423,-29.04525],[167.99414,-29.04519],[167.99414,-29.04511],[167.99423,-29.04508],[167.99433,-29.04508],[167.99453,-29.04512],[167.99461,-29.04518],[167.9948,-29.04526],[167.99473,-29.04533],[167.99432,-29.04527]]],[[[167.91997,-29.04311],[167.91989,-29.04307],[167.91985,-29.04298],[167.91992,-29.04291],[167.92007,-29.04287],[167.92026,-29.04285],[167.92036,-29.0429],[167.92042,-29.04297],[167.92035,-29.04303],[167.92006,-29.04312],[167.91997,-29.04311]]],[[[167.99535,-29.04189],[167.99532,-29.04198],[167.99526,-29.04205],[167.99517,-29.04201],[167.99513,-29.04193],[167.99507,-29.04185],[167.99487,-29.04183],[167.9948,-29.04177],[167.99475,-29.0417],[167.99473,-29.04162],[167.9948,-29.04155],[167.995,-29.04153],[167.99523,-29.04154],[167.99533,-29.04158],[167.99539,-29.04164],[167.99538,-29.04172],[167.99535,-29.04189]]],[[[167.99633,-29.04024],[167.99643,-29.04025],[167.99644,-29.04034],[167.99635,-29.04035],[167.99626,-29.04038],[167.99616,-29.04038],[167.99597,-29.04032],[167.99588,-29.04026],[167.99579,-29.04021],[167.99559,-29.04017],[167.99553,-29.04009],[167.99554,-29.04001],[167.99563,-29.04001],[167.99569,-29.04007],[167.99579,-29.04012],[167.99598,-29.04014],[167.99606,-29.04021],[167.99623,-29.04025],[167.99633,-29.04024]]],[[[167.996,-29.03029],[167.99579,-29.03025],[167.99557,-29.03017],[167.9954,-29.03009],[167.99512,-29.02994],[167.9955,-29.02985],[167.99562,-29.02984],[167.99585,-29.02983],[167.99604,-29.02986],[167.99614,-29.02993],[167.99618,-29.03011],[167.99614,-29.03025],[167.996,-29.03029]]],[[[167.99157,-29.02518],[167.99161,-29.02523],[167.99163,-29.0253],[167.99162,-29.02536],[167.9916,-29.02543],[167.9915,-29.02554],[167.99144,-29.02558],[167.99124,-29.02581],[167.99118,-29.02586],[167.99108,-29.0259],[167.99102,-29.02585],[167.99096,-29.02573],[167.99096,-29.02567],[167.99104,-29.02553],[167.99103,-29.02539],[167.99106,-29.02533],[167.9912,-29.02529],[167.99128,-29.02528],[167.99149,-29.02517],[167.99157,-29.02518]]],[[[167.92093,-29.02253],[167.92078,-29.02256],[167.92061,-29.02248],[167.92049,-29.0224],[167.92031,-29.02236],[167.92028,-29.02222],[167.92043,-29.02222],[167.92049,-29.02209],[167.92066,-29.02199],[167.92082,-29.02208],[167.92119,-29.02213],[167.92115,-29.02229],[167.92107,-29.02246],[167.92093,-29.02253]]],[[[167.91983,-29.01882],[167.91956,-29.01879],[167.91937,-29.01859],[167.91932,-29.01841],[167.91943,-29.01826],[167.9196,-29.01816],[167.91978,-29.0181],[167.91997,-29.01816],[167.92004,-29.01835],[167.92003,-29.01853],[167.91997,-29.0187],[167.91983,-29.01882]]],[[[167.91748,-29.0098],[167.91734,-29.00993],[167.9172,-29.01],[167.91703,-29.00996],[167.91686,-29.00985],[167.91662,-29.0096],[167.91659,-29.00954],[167.91671,-29.0095],[167.91694,-29.0095],[167.91711,-29.00951],[167.91733,-29.00949],[167.91752,-29.0095],[167.91755,-29.00953],[167.91761,-29.00967],[167.91748,-29.0098]]],[[[167.95878,-29.00958],[167.95868,-29.00947],[167.95877,-29.00935],[167.959,-29.00931],[167.9592,-29.00937],[167.95936,-29.00951],[167.95924,-29.00962],[167.95909,-29.00965],[167.95893,-29.00963],[167.95878,-29.00958]]],[[[167.95778,-29.00551],[167.9577,-29.00548],[167.95761,-29.00546],[167.9575,-29.00555],[167.95743,-29.00556],[167.95736,-29.00552],[167.95723,-29.00531],[167.95712,-29.00519],[167.95706,-29.00515],[167.95698,-29.00512],[167.95691,-29.00516],[167.95683,-29.00514],[167.95677,-29.00509],[167.95654,-29.00505],[167.95648,-29.00503],[167.95643,-29.00499],[167.95648,-29.00486],[167.95657,-29.00475],[167.95663,-29.00471],[167.95677,-29.00466],[167.95683,-29.00462],[167.95684,-29.00455],[167.95684,-29.00447],[167.95691,-29.00441],[167.95699,-29.00442],[167.95707,-29.0044],[167.95715,-29.00436],[167.95738,-29.00429],[167.95753,-29.00421],[167.95758,-29.00416],[167.95765,-29.00414],[167.95786,-29.0042],[167.95794,-29.00417],[167.95799,-29.00422],[167.958,-29.00429],[167.95802,-29.00434],[167.95807,-29.00441],[167.95809,-29.00447],[167.9581,-29.00469],[167.95809,-29.00476],[167.95808,-29.00488],[167.95819,-29.00514],[167.95822,-29.0052],[167.95817,-29.00524],[167.95807,-29.00527],[167.95801,-29.00531],[167.95786,-29.00549],[167.95778,-29.00551]]],[[[167.95181,-29.00408],[167.95181,-29.00416],[167.95179,-29.00429],[167.95176,-29.00435],[167.95166,-29.00449],[167.95154,-29.00461],[167.95147,-29.00465],[167.95135,-29.00463],[167.95136,-29.00456],[167.95145,-29.00426],[167.95153,-29.00413],[167.95162,-29.00403],[167.95168,-29.00398],[167.95175,-29.00396],[167.9518,-29.00401],[167.95181,-29.00408]]],[[[167.94877,-29.00328],[167.94876,-29.00338],[167.94871,-29.0035],[167.94869,-29.00358],[167.94869,-29.00367],[167.94859,-29.0037],[167.9485,-29.00363],[167.94847,-29.00355],[167.94845,-29.00345],[167.94844,-29.00315],[167.94842,-29.00307],[167.94847,-29.00296],[167.94856,-29.0027],[167.94864,-29.00265],[167.94872,-29.0027],[167.94879,-29.00281],[167.94882,-29.00297],[167.9488,-29.00318],[167.94877,-29.00328]]],[[[167.94706,-29.00165],[167.94709,-29.00172],[167.94713,-29.00187],[167.94713,-29.00193],[167.94715,-29.00207],[167.9471,-29.00224],[167.9469,-29.00247],[167.94684,-29.00251],[167.94673,-29.00252],[167.94657,-29.00232],[167.94652,-29.00226],[167.94649,-29.00219],[167.94646,-29.0021],[167.94647,-29.00196],[167.94653,-29.00181],[167.94663,-29.00166],[167.94674,-29.00157],[167.9468,-29.00154],[167.94688,-29.00152],[167.94695,-29.00154],[167.94706,-29.00165]]],[[[167.93815,-29.00211],[167.93804,-29.00213],[167.93797,-29.00208],[167.93796,-29.00197],[167.93802,-29.00185],[167.93803,-29.00168],[167.93813,-29.00168],[167.93823,-29.00178],[167.93826,-29.00186],[167.93827,-29.00195],[167.93823,-29.00203],[167.93815,-29.00211]]],[[[167.9457,-29.00005],[167.9457,-28.99994],[167.94579,-28.99989],[167.94588,-28.99996],[167.94599,-28.99998],[167.94611,-28.99997],[167.94617,-28.9999],[167.94624,-28.99984],[167.94633,-28.99986],[167.94639,-29.00006],[167.94641,-29.00033],[167.94639,-29.0006],[167.94637,-29.00069],[167.94636,-29.00078],[167.94629,-29.00098],[167.9462,-29.00116],[167.94613,-29.00124],[167.94607,-29.00132],[167.94596,-29.00133],[167.9459,-29.00124],[167.94582,-29.00117],[167.94573,-29.00113],[167.94563,-29.00111],[167.94556,-29.00105],[167.9455,-29.00097],[167.9453,-29.00073],[167.94523,-29.00056],[167.94526,-29.00047],[167.94535,-29.00052],[167.94541,-29.0006],[167.9455,-29.00061],[167.94558,-29.00057],[167.94559,-29.00048],[167.94564,-29.00021],[167.9457,-29.00005]]],[[[167.92331,-28.99515],[167.92315,-28.99521],[167.92304,-28.99531],[167.92302,-28.99547],[167.9228,-28.99546],[167.92264,-28.99544],[167.92249,-28.99544],[167.92231,-28.99547],[167.92216,-28.99548],[167.92201,-28.99535],[167.92207,-28.99521],[167.92229,-28.99522],[167.92247,-28.99525],[167.92262,-28.99519],[167.92278,-28.99515],[167.92299,-28.99513],[167.92314,-28.99508],[167.92331,-28.99515]]],[[[167.92191,-28.99421],[167.92214,-28.99416],[167.9223,-28.99417],[167.92256,-28.9942],[167.92262,-28.99423],[167.92261,-28.99445],[167.92257,-28.99454],[167.92266,-28.99455],[167.92263,-28.99468],[167.92242,-28.99477],[167.92225,-28.99481],[167.92205,-28.9948],[167.92176,-28.99479],[167.92173,-28.99458],[167.92182,-28.99431],[167.92191,-28.99421]]]]}},
{"type":"Feature","properties":{"STE_NAME21":"ACT","Elect_div":"Fenner","index":"FNNR"},"geometry":{"type":"MultiPolygon","coordinates":[[[[149.02843,-35.25945],[149.02916,-35.2601],[149.03064,-35.26139],[149.03155,-35.26225],[149.03228,-35.26306],[149.03293,-35.26395],[149.03355,-35.26501],[149.03396,-35.26588],[149.02699,-35.27336],[149.02391,-35.27682],[149.02413,-35.27794],[149.02128,-35.2792],[149.02185,-35.28021],[149.02124,-35.28031],[149.02105,-35.28034],[149.02015,-35.28039],[149.01997,-35.28045],[149.01983,-35.28041],[149.01962,-35.28039],[149.01889,-35.28008],[149.01842,-35.27981],[149.01833,-35.27971],[149.01816,-35.27935],[149.01794,-35.27878],[149.01777,-35.27824],[149.01772,-35.27819],[149.01776,-35.27803],[149.01811,-35.27704],[149.01811,-35.27694],[149.01825,-35.27656],[149.01834,-35.27609],[149.01851,-35.27515],[149.01865,-35.27416],[149.01849,-35.27301],[149.01783,-35.27232],[149.01736,-35.27206],[149.01677,-35.27178],[149.01554,-35.27169],[149.01393,-35.27188],[149.01176,-35.27176],[149.01124,-35.27182],[149.0098,-35.27202],[149.00862,-35.27209],[149.00803,-35.2721],[149.00789,-35.27212],[149.00763,-35.27207],[149.00741,-35.27196],[149.00665,-35.27143],[149.00517,-35.27017],[149.00399,-35.2689],[149.00394,-35.26886],[149.00383,-35.26866],[149.00366,-35.2681],[149.00366,-35.26787],[149.00364,-35.2677],[149.00359,-35.26754],[149.00359,-35.26727],[149.00356,-35.26705],[149.00356,-35.26684],[149.00358,-35.26679],[149.00373,-35.26664],[149.00366,-35.2664],[149.00357,-35.26602],[149.0034,-35.26553],[149.00341,-35.2654],[149.00338,-35.26521],[149.00328,-35.26505],[149.00321,-35.26482],[149.00324,-35.26474],[149.00319,-35.26454],[149.00308,-35.2643],[149.0029,-35.26405],[149.00281,-35.26385],[149.00285,-35.26376],[149.00285,-35.2636],[149.00275,-35.26331],[149.00268,-35.2631],[149.00263,-35.26295],[149.00251,-35.26274],[149.00247,-35.26254],[149.00246,-35.26243],[149.00247,-35.26232],[149.00249,-35.26207],[149.00242,-35.26182],[149.00233,-35.26162],[149.00218,-35.26143],[149.00206,-35.2612],[149.00196,-35.261],[149.00185,-35.26089],[149.00169,-35.26069],[149.00166,-35.26054],[149.00158,-35.26043],[149.00139,-35.26019],[149.00121,-35.26006],[149.00106,-35.2599],[149.00095,-35.25981],[149.00085,-35.25969],[149.00082,-35.25965],[149.00055,-35.25949],[149.00029,-35.2594],[149.00024,-35.25936],[148.99989,-35.2592],[148.99898,-35.25859],[148.99873,-35.25848],[148.99854,-35.25843],[148.99817,-35.25841],[148.998,-35.25836],[148.99769,-35.25824],[148.9973,-35.25817],[148.99702,-35.25807],[148.99652,-35.25798],[148.99633,-35.25811],[148.99626,-35.25825],[148.99605,-35.25914],[148.99602,-35.25956],[148.99595,-35.25986],[148.99595,-35.26049],[148.99597,-35.2608],[148.99596,-35.26104],[148.99592,-35.26123],[148.99594,-35.26137],[148.99595,-35.26162],[148.99591,-35.26195],[148.99585,-35.2621],[148.99578,-35.26223],[148.99568,-35.26237],[148.99551,-35.26252],[148.99523,-35.26262],[148.99505,-35.26267],[148.99478,-35.26268],[148.99453,-35.26265],[148.99429,-35.26256],[148.99389,-35.26246],[148.99367,-35.26239],[148.99333,-35.26234],[148.99282,-35.2623],[148.99247,-35.26227],[148.99233,-35.26217],[148.99226,-35.26196],[148.99206,-35.26171],[148.99166,-35.26148],[148.99114,-35.26131],[148.99074,-35.26122],[148.99041,-35.26117],[148.9898,-35.26119],[148.98956,-35.26122],[148.98922,-35.26131],[148.98892,-35.26147],[148.9887,-35.26165],[148.98856,-35.26179],[148.98841,-35.26197],[148.98836,-35.26207],[148.98826,-35.26219],[148.98801,-35.2623],[148.98772,-35.26233],[148.98758,-35.26226],[148.98722,-35.26205],[148.98669,-35.2618],[148.98641,-35.26162],[148.98579,-35.26137],[148.98544,-35.26119],[148.98516,-35.26108],[148.98462,-35.26085],[148.98419,-35.26083],[148.98391,-35.26078],[148.98371,-35.2607],[148.98303,-35.26055],[148.98274,-35.26043],[148.98254,-35.26029],[148.98234,-35.26006],[148.98219,-35.2598],[148.98207,-35.25938],[148.98198,-35.25926],[148.98177,-35.25909],[148.98163,-35.25902],[148.98129,-35.259],[148.9809,-35.25905],[148.98054,-35.25904],[148.98001,-35.25914],[148.97966,-35.25936],[148.97945,-35.25936],[148.97894,-35.2592],[148.97822,-35.25876],[148.97789,-35.25833],[148.97775,-35.25796],[148.97786,-35.2575],[148.97805,-35.25714],[148.97825,-35.25673],[148.97829,-35.25637],[148.97821,-35.25607],[148.97796,-35.25574],[148.97774,-35.25558],[148.97728,-35.25537],[148.97697,-35.25533],[148.97644,-35.2553],[148.97613,-35.25535],[148.97583,-35.2554],[148.97558,-35.25545],[148.9753,-35.2556],[148.9751,-35.25585],[148.97499,-35.25597],[148.97476,-35.25604],[148.97447,-35.25606],[148.97409,-35.25605],[148.97359,-35.25607],[148.97319,-35.25598],[148.97288,-35.25574],[148.97273,-35.25544],[148.97265,-35.25494],[148.9727,-35.25466],[148.97276,-35.25449],[148.97288,-35.25439],[148.97288,-35.25405],[148.9728,-35.25378],[148.97265,-35.25358],[148.97242,-35.25335],[148.97224,-35.25306],[148.97197,-35.25267],[148.97135,-35.25197],[148.97112,-35.25143],[148.97102,-35.25097],[148.97086,-35.2506],[148.9705,-35.25013],[148.97005,-35.24961],[148.96946,-35.24919],[148.96908,-35.24887],[148.96874,-35.24863],[148.96824,-35.24843],[148.96798,-35.24833],[148.96779,-35.24829],[148.96752,-35.24828],[148.96722,-35.24819],[148.9669,-35.24804],[148.96644,-35.24785],[148.96598,-35.2477],[148.96537,-35.24754],[148.96479,-35.24738],[148.96389,-35.24717],[148.963,-35.24682],[148.96214,-35.2464],[148.96166,-35.24607],[148.96135,-35.24559],[148.96138,-35.24524],[148.96154,-35.24491],[148.96164,-35.24471],[148.9618,-35.24454],[148.96218,-35.24421],[148.96253,-35.24397],[148.96328,-35.24374],[148.9641,-35.24355],[148.96499,-35.24343],[148.96576,-35.24329],[148.96614,-35.24301],[148.96671,-35.24283],[148.96704,-35.24259],[148.96755,-35.24218],[148.96773,-35.24192],[148.96808,-35.24171],[148.96819,-35.24175],[148.96836,-35.24175],[148.96889,-35.24173],[148.96958,-35.24165],[148.97122,-35.24143],[148.9724,-35.24119],[148.97305,-35.24095],[148.97363,-35.24078],[148.9739,-35.24077],[148.97413,-35.24073],[148.97449,-35.24071],[148.97549,-35.24008],[148.97599,-35.23948],[148.97626,-35.23882],[148.97599,-35.23809],[148.97537,-35.23765],[148.97493,-35.23684],[148.97362,-35.2352],[148.97297,-35.2348],[148.97202,-35.2342],[148.97121,-35.23382],[148.97101,-35.2336],[148.97063,-35.23315],[148.96998,-35.23249],[148.96956,-35.2321],[148.96914,-35.23164],[148.96869,-35.23113],[148.96868,-35.23112],[148.96834,-35.23032],[148.96807,-35.22971],[148.96764,-35.22904],[148.96746,-35.22845],[148.96731,-35.22787],[148.96733,-35.22774],[148.96726,-35.22734],[148.96709,-35.22693],[148.96691,-35.2266],[148.96656,-35.22624],[148.96622,-35.22587],[148.96578,-35.22524],[148.96537,-35.22474],[148.96497,-35.22413],[148.96456,-35.22361],[148.96413,-35.22315],[148.96357,-35.22246],[148.96298,-35.22169],[148.96242,-35.22007],[148.96213,-35.21935],[148.96188,-35.21865],[148.96174,-35.21845],[148.96166,-35.21833],[148.9635,-35.21725],[148.98289,-35.20585],[148.99247,-35.20022],[149.00237,-35.19439],[149.00707,-35.19163],[149.01775,-35.18535],[149.0461,-35.16868],[149.06152,-35.15961],[149.06239,-35.1591],[149.09134,-35.14207],[149.09192,-35.14143],[149.09222,-35.14065],[149.09316,-35.13872],[149.09632,-35.13801],[149.09786,-35.13673],[149.10258,-35.13521],[149.10313,-35.13317],[149.10415,-35.13212],[149.10672,-35.131],[149.10968,-35.1311],[149.10986,-35.13067],[149.11112,-35.13018],[149.11132,-35.12969],[149.11266,-35.1277],[149.11339,-35.12753],[149.11551,-35.12623],[149.11625,-35.12647],[149.11691,-35.1261],[149.11808,-35.12651],[149.12095,-35.1244],[149.12281,-35.12485],[149.12645,-35.12531],[149.12719,-35.12561],[149.12717,-35.12571],[149.12706,-35.12617],[149.12825,-35.12635],[149.12894,-35.12747],[149.12984,-35.12709],[149.13206,-35.12851],[149.13709,-35.12724],[149.13899,-35.12797],[149.13875,-35.12889],[149.14014,-35.13038],[149.13885,-35.13247],[149.13883,-35.13478],[149.14017,-35.13493],[149.14072,-35.1358],[149.14147,-35.13526],[149.14357,-35.13535],[149.14488,-35.13442],[149.14603,-35.13514],[149.14591,-35.13597],[149.14757,-35.13719],[149.1483,-35.13712],[149.14962,-35.13839],[149.14978,-35.13937],[149.1493,-35.14181],[149.14725,-35.14287],[149.14651,-35.14381],[149.14673,-35.14454],[149.14779,-35.14485],[149.14848,-35.14474],[149.14896,-35.14502],[149.15021,-35.14508],[149.1508,-35.14442],[149.15224,-35.14437],[149.15266,-35.14373],[149.15401,-35.14372],[149.1549,-35.14435],[149.15608,-35.14442],[149.15746,-35.1439],[149.15766,-35.14291],[149.15823,-35.14207],[149.15918,-35.14159],[149.16091,-35.14198],[149.16198,-35.14155],[149.16349,-35.14187],[149.16428,-35.14189],[149.16483,-35.14364],[149.16439,-35.144],[149.16391,-35.14522],[149.16346,-35.14565],[149.16318,-35.14675],[149.16388,-35.14744],[149.16473,-35.14858],[149.16439,-35.14962],[149.16522,-35.15013],[149.16496,-35.15069],[149.16346,-35.15149],[149.1634,-35.15186],[149.16326,-35.15282],[149.16244,-35.15375],[149.16264,-35.15424],[149.16413,-35.15464],[149.16469,-35.15527],[149.16532,-35.15674],[149.16685,-35.15754],[149.16763,-35.15823],[149.16758,-35.15974],[149.16947,-35.1602],[149.17067,-35.15966],[149.17119,-35.15879],[149.17179,-35.15839],[149.17284,-35.15858],[149.17319,-35.15957],[149.17408,-35.15834],[149.17654,-35.15823],[149.17742,-35.15928],[149.1794,-35.15882],[149.18301,-35.16],[149.18374,-35.16097],[149.18561,-35.16111],[149.18908,-35.16551],[149.18864,-35.16701],[149.18755,-35.16997],[149.18498,-35.17294],[149.18499,-35.17342],[149.18365,-35.17566],[149.18434,-35.17694],[149.18588,-35.17789],[149.18845,-35.17824],[149.19142,-35.17924],[149.19227,-35.17989],[149.19297,-35.18092],[149.19293,-35.18138],[149.1943,-35.18285],[149.19546,-35.18454],[149.19704,-35.18536],[149.19685,-35.18604],[149.19686,-35.18744],[149.19638,-35.18843],[149.19639,-35.19093],[149.19221,-35.19362],[149.1907,-35.19403],[149.19029,-35.19434],[149.19133,-35.19707],[149.1915,-35.19849],[149.1902,-35.20011],[149.19023,-35.20073],[149.18955,-35.20331],[149.1924,-35.20252],[149.19634,-35.20235],[149.19777,-35.20252],[149.19852,-35.20289],[149.20072,-35.20494],[149.20071,-35.2054],[149.2007,-35.20555],[149.19764,-35.206],[149.19678,-35.20618],[149.19614,-35.20635],[149.19555,-35.20655],[149.19495,-35.20679],[149.19435,-35.20707],[149.19372,-35.20742],[149.19321,-35.20775],[149.19269,-35.20813],[149.19217,-35.20858],[149.19177,-35.20897],[149.19141,-35.20938],[149.19023,-35.2109],[149.18983,-35.21142],[149.18963,-35.21166],[149.18935,-35.21194],[149.18906,-35.21219],[149.18711,-35.21369],[149.17954,-35.2195],[149.17903,-35.21986],[149.17845,-35.2202],[149.17812,-35.22037],[149.17791,-35.22048],[149.17733,-35.22072],[149.17409,-35.22193],[149.17356,-35.22211],[149.17237,-35.22247],[149.17152,-35.22273],[149.16861,-35.22359],[149.16706,-35.22406],[149.16517,-35.22463],[149.15812,-35.22676],[149.15682,-35.22733],[149.1565,-35.22747],[149.15564,-35.228],[149.15505,-35.22837],[149.15429,-35.22888],[149.1536,-35.22934],[149.15252,-35.2301],[149.15198,-35.23047],[149.15129,-35.23096],[149.14448,-35.2263],[149.14391,-35.22592],[149.14389,-35.22579],[149.14212,-35.22555],[149.13568,-35.22834],[149.13437,-35.22872],[149.12513,-35.23138],[149.12462,-35.23026],[149.12448,-35.22994],[149.1227,-35.2259],[149.12262,-35.22574],[149.12164,-35.22374],[149.1209,-35.22245],[149.12,-35.22091],[149.11916,-35.21976],[149.11909,-35.21966],[149.11903,-35.2196],[149.11791,-35.21843],[149.11713,-35.21766],[149.11707,-35.2176],[149.11636,-35.21696],[149.11471,-35.21558],[149.11377,-35.2147],[149.1133,-35.21421],[149.11285,-35.21372],[149.11214,-35.21288],[149.11103,-35.21158],[149.11067,-35.21117],[149.11001,-35.21054],[149.10965,-35.21024],[149.10925,-35.20993],[149.1089,-35.20968],[149.10887,-35.20966],[149.10854,-35.20945],[149.10824,-35.20929],[149.10773,-35.20903],[149.10568,-35.208],[149.10371,-35.20701],[149.10272,-35.20651],[149.102,-35.20614],[149.10054,-35.20533],[149.09958,-35.20482],[149.09888,-35.20431],[149.09805,-35.20375],[149.09762,-35.20343],[149.09585,-35.20202],[149.09573,-35.20192],[149.09562,-35.2018],[149.09553,-35.20168],[149.09544,-35.20155],[149.09533,-35.20139],[149.09507,-35.20136],[149.09506,-35.20149],[149.09497,-35.20162],[149.09495,-35.20164],[149.09478,-35.20174],[149.09455,-35.2018],[149.09433,-35.20179],[149.09422,-35.20176],[149.09364,-35.20174],[149.09328,-35.20178],[149.093,-35.20184],[149.09269,-35.20194],[149.09131,-35.20259],[149.09099,-35.20284],[149.09066,-35.20316],[149.09035,-35.20353],[149.09011,-35.20389],[149.08989,-35.20432],[149.08974,-35.20474],[149.08964,-35.20512],[149.0896,-35.20544],[149.08953,-35.20646],[149.08947,-35.20679],[149.08937,-35.20714],[149.08922,-35.20752],[149.08904,-35.20787],[149.08888,-35.20813],[149.08837,-35.20889],[149.08805,-35.20936],[149.08782,-35.20975],[149.08763,-35.21014],[149.08747,-35.21056],[149.08736,-35.21092],[149.08728,-35.21125],[149.08708,-35.21245],[149.08704,-35.2127],[149.08696,-35.213],[149.08686,-35.21331],[149.08678,-35.21351],[149.08668,-35.21373],[149.08658,-35.21393],[149.08647,-35.21413],[149.08636,-35.2143],[149.08623,-35.21451],[149.08601,-35.21479],[149.08592,-35.21491],[149.08572,-35.21512],[149.08558,-35.21527],[149.08523,-35.21559],[149.08515,-35.21566],[149.08498,-35.21579],[149.08486,-35.21588],[149.0844,-35.2162],[149.08291,-35.2172],[149.08207,-35.21776],[149.08205,-35.21777],[149.08193,-35.21786],[149.0819,-35.21788],[149.08186,-35.2179],[149.08176,-35.21798],[149.08173,-35.218],[149.08172,-35.21801],[149.08171,-35.21802],[149.08163,-35.21808],[149.08153,-35.21816],[149.08144,-35.21824],[149.08143,-35.21825],[149.08142,-35.21825],[149.08133,-35.21833],[149.08128,-35.21838],[149.08127,-35.21838],[149.08126,-35.2184],[149.08125,-35.21841],[149.08117,-35.21848],[149.0811,-35.21855],[149.08109,-35.21856],[149.08104,-35.21861],[149.08103,-35.21862],[149.08093,-35.21872],[149.08092,-35.21873],[149.08091,-35.21874],[149.08087,-35.21878],[149.08086,-35.2188],[149.08074,-35.21893],[149.08069,-35.21898],[149.08068,-35.219],[149.08063,-35.21905],[149.08052,-35.21919],[149.08047,-35.21926],[149.08046,-35.21927],[149.08044,-35.2193],[149.08039,-35.21936],[149.08031,-35.21947],[149.08024,-35.21959],[149.08022,-35.21962],[149.08021,-35.21964],[149.08016,-35.21971],[149.08015,-35.21972],[149.08014,-35.21974],[149.08012,-35.21978],[149.08007,-35.21986],[149.08,-35.21999],[149.07991,-35.22016],[149.079,-35.22201],[149.07899,-35.22203],[149.07892,-35.22217],[149.07886,-35.22227],[149.0788,-35.22238],[149.07872,-35.22251],[149.07868,-35.22258],[149.07864,-35.22264],[149.07857,-35.22275],[149.07855,-35.22277],[149.07852,-35.22282],[149.07849,-35.22286],[149.07838,-35.22301],[149.07832,-35.22309],[149.0783,-35.22312],[149.07827,-35.22315],[149.07821,-35.22323],[149.07818,-35.22327],[149.07817,-35.22328],[149.07813,-35.22332],[149.0781,-35.22336],[149.07797,-35.22351],[149.07785,-35.22363],[149.0778,-35.22368],[149.07777,-35.22371],[149.07775,-35.22374],[149.07769,-35.2238],[149.07764,-35.22384],[149.07757,-35.2239],[149.07752,-35.22395],[149.07751,-35.22396],[149.0775,-35.22397],[149.07747,-35.224],[149.07738,-35.22407],[149.07736,-35.22409],[149.07733,-35.22412],[149.07721,-35.22422],[149.07712,-35.22429],[149.07701,-35.22438],[149.07696,-35.22441],[149.07695,-35.22442],[149.07692,-35.22444],[149.0769,-35.22445],[149.07673,-35.22458],[149.07668,-35.22461],[149.07667,-35.22462],[149.07657,-35.22468],[149.07644,-35.22477],[149.07634,-35.22483],[149.07632,-35.22484],[149.07631,-35.22485],[149.07617,-35.22493],[149.07604,-35.225],[149.07594,-35.22506],[149.07589,-35.22508],[149.07585,-35.2251],[149.07569,-35.22518],[149.07554,-35.22525],[149.07543,-35.2253],[149.07492,-35.22553],[149.07493,-35.22551],[149.07427,-35.2258],[149.07418,-35.22584],[149.07534,-35.22752],[149.07564,-35.22795],[149.07588,-35.22828],[149.0761,-35.22856],[149.07634,-35.22882],[149.07652,-35.22899],[149.07663,-35.2291],[149.07676,-35.22922],[149.07687,-35.22931],[149.07717,-35.22955],[149.07747,-35.22977],[149.07764,-35.22988],[149.07767,-35.2299],[149.07797,-35.23009],[149.07814,-35.23018],[149.07829,-35.23026],[149.07866,-35.23045],[149.07885,-35.23053],[149.07904,-35.23061],[149.07923,-35.23068],[149.07944,-35.23076],[149.07964,-35.23082],[149.08005,-35.23094],[149.08029,-35.231],[149.08019,-35.23125],[149.08005,-35.2316],[149.07988,-35.23192],[149.07966,-35.2323],[149.07933,-35.23281],[149.0785,-35.23393],[149.07841,-35.23406],[149.07835,-35.23415],[149.0782,-35.23438],[149.07816,-35.23445],[149.0781,-35.23456],[149.07801,-35.23473],[149.07791,-35.23495],[149.07784,-35.23512],[149.0777,-35.2355],[149.07767,-35.23556],[149.07736,-35.23641],[149.07708,-35.23734],[149.07695,-35.23787],[149.07689,-35.23805],[149.07686,-35.23811],[149.07677,-35.23828],[149.07665,-35.23846],[149.07664,-35.23848],[149.07635,-35.23887],[149.07572,-35.23972],[149.07496,-35.24075],[149.07491,-35.2408],[149.07486,-35.24085],[149.07479,-35.2409],[149.07473,-35.24095],[149.07469,-35.24097],[149.07464,-35.24099],[149.07458,-35.24102],[149.07453,-35.24104],[149.07448,-35.24105],[149.07442,-35.24107],[149.07436,-35.24108],[149.07431,-35.24109],[149.07424,-35.24109],[149.07419,-35.24109],[149.0734,-35.24109],[149.0738,-35.24299],[149.07387,-35.24324],[149.07392,-35.24343],[149.07396,-35.24355],[149.07405,-35.24381],[149.07409,-35.24393],[149.07422,-35.24423],[149.0743,-35.2444],[149.07439,-35.24459],[149.07449,-35.24477],[149.0747,-35.24513],[149.07486,-35.24537],[149.07568,-35.24662],[149.07579,-35.24681],[149.07586,-35.24695],[149.07593,-35.24709],[149.07602,-35.24734],[149.07606,-35.24744],[149.07609,-35.24758],[149.07614,-35.24779],[149.07619,-35.24805],[149.0762,-35.24817],[149.07621,-35.24834],[149.07622,-35.24843],[149.07623,-35.24885],[149.07616,-35.24928],[149.07595,-35.24996],[149.07588,-35.25017],[149.07578,-35.25044],[149.07563,-35.25039],[149.0728,-35.24946],[149.0688,-35.24843],[149.06829,-35.2483],[149.06763,-35.24812],[149.06736,-35.24804],[149.06674,-35.24784],[149.06638,-35.24771],[149.06614,-35.24762],[149.06546,-35.24736],[149.06499,-35.24716],[149.06458,-35.24698],[149.06418,-35.2468],[149.06382,-35.24662],[149.06379,-35.24661],[149.06328,-35.24634],[149.0604,-35.2448],[149.06006,-35.24464],[149.05974,-35.2445],[149.0592,-35.24429],[149.05898,-35.24422],[149.05866,-35.24413],[149.05842,-35.24406],[149.05816,-35.24401],[149.05792,-35.24396],[149.05757,-35.2439],[149.05723,-35.24385],[149.0565,-35.24378],[149.05626,-35.24377],[149.05595,-35.24376],[149.05387,-35.24369],[149.05079,-35.24359],[149.05034,-35.24357],[149.04992,-35.24355],[149.04951,-35.24352],[149.04912,-35.24347],[149.0488,-35.24343],[149.04846,-35.24338],[149.04835,-35.24336],[149.04813,-35.24332],[149.04776,-35.24324],[149.04768,-35.24323],[149.0474,-35.24316],[149.04687,-35.24303],[149.04635,-35.24288],[149.04602,-35.24277],[149.04572,-35.24267],[149.04559,-35.24262],[149.04443,-35.24218],[149.04374,-35.24191],[149.0433,-35.24174],[149.04306,-35.24166],[149.04284,-35.24158],[149.04263,-35.24151],[149.04239,-35.24144],[149.04214,-35.24137],[149.04186,-35.24129],[149.04133,-35.24118],[149.04096,-35.24111],[149.04065,-35.24107],[149.04031,-35.24102],[149.04007,-35.241],[149.03978,-35.24098],[149.03949,-35.24096],[149.03917,-35.24095],[149.039,-35.24095],[149.0388,-35.24096],[149.03844,-35.24097],[149.03652,-35.24104],[149.03624,-35.24104],[149.03596,-35.24104],[149.03569,-35.24103],[149.03526,-35.241],[149.03488,-35.24096],[149.03437,-35.24088],[149.03409,-35.24082],[149.0338,-35.24076],[149.03355,-35.2407],[149.03324,-35.24061],[149.0303,-35.23963],[149.03015,-35.23958],[149.02907,-35.24135],[149.02894,-35.24157],[149.02872,-35.24199],[149.02865,-35.24216],[149.02851,-35.24203],[149.0285,-35.24204],[149.02849,-35.24212],[149.02847,-35.24223],[149.02845,-35.24234],[149.02841,-35.24245],[149.0283,-35.24271],[149.02826,-35.24279],[149.0282,-35.24294],[149.02814,-35.2431],[149.02807,-35.24329],[149.02801,-35.24347],[149.02792,-35.24377],[149.02783,-35.24406],[149.02775,-35.24436],[149.02769,-35.2446],[149.02764,-35.24477],[149.0276,-35.24497],[149.02758,-35.24512],[149.02757,-35.24535],[149.02719,-35.24734],[149.0272,-35.24734],[149.02719,-35.24735],[149.02633,-35.25224],[149.02611,-35.25353],[149.02609,-35.25482],[149.02638,-35.25622],[149.02689,-35.25745],[149.02762,-35.25856],[149.02843,-35.25945]],[[149.00058681818183,-35.23181090909091],[149.00065,-35.23174],[149.00061,-35.23178],[149.00058681818183,-35.23181090909091]]],[[[150.69451,-35.18468],[150.69438,-35.18467],[150.69409,-35.18455],[150.69381,-35.18403],[150.69376,-35.18402],[150.69355,-35.18375],[150.69359,-35.18352],[150.69366,-35.18333],[150.69389,-35.18307],[150.69414,-35.18283],[150.69431,-35.1824],[150.69513,-35.18239],[150.69567,-35.18295],[150.69556,-35.18337],[150.69525,-35.18354],[150.69514,-35.18354],[150.69491,-35.18388],[150.69484,-35.18402],[150.69484,-35.18418],[150.69489,-35.1843],[150.69477,-35.18467],[150.69451,-35.18468]]],[[[150.71936,-35.13441],[150.71977,-35.13465],[150.72062,-35.13508],[150.72187,-35.13566],[150.72232,-35.13582],[150.72267,-35.13588],[150.72293,-35.1359],[150.72316,-35.13593],[150.72323,-35.1359],[150.72349,-35.13589],[150.72384,-35.13583],[150.72488,-35.13562],[150.72495,-35.13564],[150.72514,-35.13561],[150.72532,-35.13561],[150.72549,-35.13562],[150.72572,-35.13531],[150.7259,-35.13518],[150.72614,-35.13504],[150.72621,-35.13501],[150.72631,-35.13493],[150.7267,-35.13477],[150.72684,-35.13469],[150.72705,-35.13441],[150.72712,-35.13433],[150.72719,-35.13427],[150.72737,-35.13407],[150.72751,-35.13399],[150.72768,-35.13443],[150.72774,-35.13455],[150.72778,-35.1347],[150.7278,-35.13476],[150.72776,-35.13488],[150.72778,-35.13502],[150.72802,-35.13516],[150.72838,-35.13517],[150.72851,-35.13514],[150.72901,-35.13514],[150.72905,-35.13517],[150.72922,-35.13526],[150.72925,-35.1353],[150.72927,-35.13531],[150.72936,-35.13537],[150.72946,-35.13546],[150.72972,-35.13547],[150.72981,-35.13549],[150.73002,-35.13549],[150.73014,-35.13575],[150.7301,-35.1359],[150.73029,-35.13588],[150.73042,-35.13588],[150.73062,-35.13589],[150.73182,-35.13624],[150.73215,-35.13637],[150.73253,-35.13652],[150.73306,-35.13668],[150.73417,-35.1369],[150.73568,-35.13708],[150.73613,-35.13709],[150.73699,-35.13708],[150.73756,-35.13711],[150.73779,-35.13711],[150.73793,-35.13714],[150.73843,-35.13719],[150.73864,-35.13719],[150.73894,-35.13718],[150.73934,-35.13712],[150.73996,-35.1369],[150.73994,-35.13602],[150.74015,-35.13589],[150.7403,-35.13592],[150.74041,-35.13574],[150.74044,-35.13557],[150.74055,-35.1355],[150.74065,-35.13548],[150.741,-35.13544],[150.74151,-35.13533],[150.74182,-35.13532],[150.74197,-35.13557],[150.74206,-35.1358],[150.74227,-35.13579],[150.74253,-35.13582],[150.7426,-35.13598],[150.7426,-35.13611],[150.74256,-35.13619],[150.74256,-35.13625],[150.74254,-35.13634],[150.74251,-35.13645],[150.74258,-35.13651],[150.74277,-35.13647],[150.7446,-35.13623],[150.74477,-35.13619],[150.74482,-35.13619],[150.74551,-35.13598],[150.74564,-35.13589],[150.74599,-35.13565],[150.74621,-35.13531],[150.74638,-35.13499],[150.74642,-35.13487],[150.74654,-35.13465],[150.74677,-35.13442],[150.74682,-35.13441],[150.74693,-35.13432],[150.74715,-35.13425],[150.74759,-35.13418],[150.74775,-35.13411],[150.74778,-35.13373],[150.74775,-35.13368],[150.7477,-35.13351],[150.74766,-35.13347],[150.74758,-35.1333],[150.74754,-35.13314],[150.74756,-35.1331],[150.74756,-35.13291],[150.7476,-35.13282],[150.74762,-35.13269],[150.74774,-35.13231],[150.74792,-35.13202],[150.74811,-35.1318],[150.74794,-35.13147],[150.7481,-35.13134],[150.7485,-35.13112],[150.74858,-35.1311],[150.74883,-35.13091],[150.74885,-35.13088],[150.74947,-35.13067],[150.74956,-35.13051],[150.74967,-35.13041],[150.74972,-35.13026],[150.74988,-35.12987],[150.75016,-35.12929],[150.75025,-35.12916],[150.7506,-35.12853],[150.75062,-35.12847],[150.75071,-35.12821],[150.75071,-35.12811],[150.75075,-35.12797],[150.75105,-35.12714],[150.7511,-35.12703],[150.75119,-35.1268],[150.75119,-35.1267],[150.75128,-35.12641],[150.75151,-35.12626],[150.75159,-35.12621],[150.75163,-35.12617],[150.75203,-35.1255],[150.75221,-35.12524],[150.75223,-35.12519],[150.75251,-35.12472],[150.75265,-35.12457],[150.75302,-35.12425],[150.75314,-35.12419],[150.75349,-35.12413],[150.75361,-35.12408],[150.75382,-35.12405],[150.75394,-35.12399],[150.75401,-35.12395],[150.75455,-35.12359],[150.75556,-35.12346],[150.75588,-35.1236],[150.75601,-35.12407],[150.75613,-35.12406],[150.75624,-35.12406],[150.75632,-35.12405],[150.75662,-35.12402],[150.75686,-35.12401],[150.75699,-35.12401],[150.75709,-35.12411],[150.75709,-35.12416],[150.75714,-35.12428],[150.75728,-35.12448],[150.75737,-35.12457],[150.75747,-35.1247],[150.75759,-35.1248],[150.75766,-35.12487],[150.75781,-35.125],[150.75823,-35.12523],[150.75858,-35.12539],[150.75887,-35.12545],[150.75896,-35.12546],[150.75917,-35.12551],[150.75971,-35.12559],[150.7599,-35.12558],[150.76004,-35.12561],[150.76021,-35.12558],[150.76033,-35.12557],[150.76077,-35.12547],[150.76253,-35.12495],[150.76315,-35.12408],[150.76424,-35.12394],[150.76449,-35.12406],[150.76459,-35.12406],[150.76489,-35.12411],[150.76492,-35.12414],[150.76521,-35.12472],[150.76523,-35.12479],[150.76512,-35.12512],[150.76509,-35.12535],[150.76449,-35.12586],[150.76475,-35.12615],[150.76475,-35.12645],[150.76477,-35.12649],[150.76477,-35.12653],[150.76506,-35.12675],[150.7652,-35.12684],[150.76535,-35.12699],[150.76549,-35.12734],[150.76556,-35.12747],[150.76578,-35.12797],[150.76514,-35.12838],[150.76525,-35.12885],[150.76522,-35.12931],[150.76518,-35.1295],[150.76509,-35.12973],[150.76507,-35.12978],[150.76493,-35.13],[150.76467,-35.13031],[150.76439,-35.13055],[150.7642,-35.13071],[150.76407,-35.13091],[150.76399,-35.13104],[150.76388,-35.13124],[150.76383,-35.13144],[150.76381,-35.13155],[150.76381,-35.13167],[150.76384,-35.13178],[150.76396,-35.13193],[150.76403,-35.13194],[150.76409,-35.13187],[150.76417,-35.13184],[150.76443,-35.13184],[150.7645,-35.13209],[150.76448,-35.13213],[150.76454,-35.13223],[150.7645,-35.13243],[150.76452,-35.13256],[150.76446,-35.13272],[150.76439,-35.13286],[150.76429,-35.13289],[150.76422,-35.13289],[150.76385,-35.13296],[150.76375,-35.13311],[150.76375,-35.13321],[150.76373,-35.13326],[150.76369,-35.13349],[150.76384,-35.13412],[150.76409,-35.13439],[150.76452,-35.13433],[150.76505,-35.13416],[150.76518,-35.13422],[150.76527,-35.13431],[150.76537,-35.13438],[150.76544,-35.13451],[150.76549,-35.1346],[150.76558,-35.13483],[150.76547,-35.13515],[150.76532,-35.1354],[150.76502,-35.13557],[150.76469,-35.13562],[150.76442,-35.13607],[150.76421,-35.13668],[150.76416,-35.13711],[150.76414,-35.13731],[150.76419,-35.13758],[150.7642,-35.13767],[150.76424,-35.1378],[150.76436,-35.13813],[150.76444,-35.1382],[150.76458,-35.13841],[150.76465,-35.13849],[150.76475,-35.13867],[150.76494,-35.13933],[150.76494,-35.13943],[150.76496,-35.13947],[150.76454,-35.13995],[150.7642,-35.14037],[150.76394,-35.1406],[150.7638,-35.14077],[150.76361,-35.14124],[150.7636,-35.14169],[150.76358,-35.14184],[150.76355,-35.14194],[150.76337,-35.1422],[150.76325,-35.14236],[150.7632,-35.14242],[150.76302,-35.1426],[150.76293,-35.14267],[150.76271,-35.1429],[150.76227,-35.14327],[150.76227,-35.1438],[150.7623,-35.14401],[150.76237,-35.14422],[150.76238,-35.14453],[150.76252,-35.14529],[150.7622,-35.1462],[150.76214,-35.14626],[150.76214,-35.14632],[150.76213,-35.14635],[150.76202,-35.14679],[150.762,-35.14705],[150.76189,-35.14769],[150.76178,-35.14829],[150.76181,-35.14942],[150.76186,-35.14957],[150.76188,-35.1497],[150.76203,-35.15036],[150.76217,-35.15057],[150.76222,-35.15061],[150.76263,-35.15125],[150.76249,-35.15196],[150.76261,-35.15256],[150.76261,-35.15266],[150.76247,-35.15275],[150.76243,-35.15279],[150.76227,-35.15285],[150.76196,-35.1531],[150.76191,-35.15313],[150.76173,-35.15316],[150.76166,-35.15319],[150.76138,-35.15324],[150.76117,-35.15334],[150.76103,-35.15337],[150.76089,-35.15338],[150.76079,-35.15343],[150.76063,-35.15345],[150.76056,-35.15344],[150.76025,-35.15351],[150.76006,-35.15354],[150.75988,-35.15357],[150.75943,-35.15372],[150.75936,-35.15376],[150.75903,-35.15389],[150.75875,-35.15423],[150.75873,-35.15428],[150.75868,-35.15433],[150.75857,-35.15455],[150.75852,-35.15469],[150.7585,-35.15491],[150.75852,-35.15503],[150.7585,-35.15508],[150.75838,-35.15523],[150.75832,-35.15533],[150.7582,-35.15548],[150.75813,-35.15556],[150.75809,-35.15565],[150.75809,-35.15581],[150.75808,-35.15588],[150.75811,-35.15603],[150.75811,-35.15611],[150.75821,-35.15629],[150.7584,-35.15665],[150.75822,-35.15725],[150.75806,-35.15752],[150.75798,-35.15764],[150.75782,-35.15802],[150.75797,-35.15851],[150.75814,-35.15865],[150.7584,-35.15873],[150.75856,-35.15874],[150.75884,-35.1588],[150.75927,-35.159],[150.75957,-35.15912],[150.76021,-35.15916],[150.7603,-35.15919],[150.7604,-35.15919],[150.76056,-35.15948],[150.76057,-35.15955],[150.76061,-35.15991],[150.76059,-35.16004],[150.76059,-35.16011],[150.76024,-35.16055],[150.76041,-35.16104],[150.76028,-35.1614],[150.76027,-35.16156],[150.76023,-35.16168],[150.76032,-35.16187],[150.76037,-35.16193],[150.76049,-35.16226],[150.76041,-35.16263],[150.76036,-35.16269],[150.76036,-35.16277],[150.76005,-35.16296],[150.75992,-35.16304],[150.75964,-35.16324],[150.75954,-35.16333],[150.75938,-35.1636],[150.7591,-35.16404],[150.75896,-35.1643],[150.75864,-35.16474],[150.75859,-35.16483],[150.75838,-35.16511],[150.75831,-35.1652],[150.75811,-35.16564],[150.75806,-35.16588],[150.75802,-35.16624],[150.75807,-35.16647],[150.75804,-35.16663],[150.75793,-35.16691],[150.75777,-35.1671],[150.75775,-35.16716],[150.75767,-35.1672],[150.75756,-35.16717],[150.75749,-35.16715],[150.75739,-35.1672],[150.75723,-35.16724],[150.75629,-35.16771],[150.75592,-35.16781],[150.75571,-35.16782],[150.75547,-35.16783],[150.75517,-35.16777],[150.75497,-35.16767],[150.75469,-35.16764],[150.75467,-35.16767],[150.75467,-35.16774],[150.75469,-35.16781],[150.75469,-35.16786],[150.75477,-35.16799],[150.75488,-35.16806],[150.75515,-35.1682],[150.7554,-35.16833],[150.75548,-35.16833],[150.75554,-35.16835],[150.75567,-35.16832],[150.75616,-35.16812],[150.75625,-35.16806],[150.7563,-35.16805],[150.7574,-35.16751],[150.75761,-35.16748],[150.75773,-35.16754],[150.75777,-35.16773],[150.75777,-35.16781],[150.75773,-35.16796],[150.75761,-35.16816],[150.75743,-35.16841],[150.75743,-35.16844],[150.75724,-35.16863],[150.75701,-35.169],[150.75694,-35.16907],[150.75645,-35.1692],[150.75631,-35.16934],[150.75626,-35.16944],[150.75622,-35.16955],[150.75622,-35.16962],[150.75613,-35.1698],[150.75594,-35.17012],[150.75589,-35.17024],[150.75578,-35.1704],[150.75561,-35.17074],[150.75513,-35.17085],[150.75487,-35.17075],[150.75421,-35.17073],[150.754,-35.17073],[150.75392,-35.17057],[150.75387,-35.17046],[150.75388,-35.1704],[150.75385,-35.17009],[150.75361,-35.17001],[150.75336,-35.16998],[150.75326,-35.16991],[150.75286,-35.16952],[150.75281,-35.16954],[150.75276,-35.16952],[150.75244,-35.16954],[150.75234,-35.16953],[150.75217,-35.16956],[150.75183,-35.16978],[150.75148,-35.17005],[150.75131,-35.17009],[150.75103,-35.17009],[150.75077,-35.17041],[150.75045,-35.17061],[150.75047,-35.17064],[150.75017,-35.17078],[150.75,-35.17096],[150.74986,-35.17105],[150.74966,-35.172],[150.74913,-35.17241],[150.7491,-35.17245],[150.74899,-35.17267],[150.74892,-35.17274],[150.74891,-35.17275],[150.74863,-35.17294],[150.74857,-35.17294],[150.74854,-35.17298],[150.74836,-35.17299],[150.74788,-35.17309],[150.74779,-35.17312],[150.74746,-35.17329],[150.74733,-35.17332],[150.74704,-35.17335],[150.74679,-35.17334],[150.7465,-35.17339],[150.74622,-35.17374],[150.74647,-35.17447],[150.74617,-35.17515],[150.74577,-35.17532],[150.74565,-35.17534],[150.74502,-35.1754],[150.74483,-35.17538],[150.74405,-35.17492],[150.74372,-35.17499],[150.74367,-35.17499],[150.74313,-35.17507],[150.74304,-35.17509],[150.74281,-35.1751],[150.74252,-35.17513],[150.74246,-35.17513],[150.74198,-35.1752],[150.74149,-35.17545],[150.74149,-35.17548],[150.74145,-35.17557],[150.74143,-35.17564],[150.74141,-35.17581],[150.74138,-35.1759],[150.74133,-35.17594],[150.74124,-35.17605],[150.74113,-35.17615],[150.74094,-35.17639],[150.7408,-35.17654],[150.74073,-35.17658],[150.74024,-35.17706],[150.73992,-35.17725],[150.73985,-35.17732],[150.73949,-35.17753],[150.73948,-35.17775],[150.73947,-35.17782],[150.73945,-35.17809],[150.73938,-35.17841],[150.73936,-35.17876],[150.73937,-35.17884],[150.73935,-35.17889],[150.73937,-35.17904],[150.73934,-35.17914],[150.73916,-35.17934],[150.73904,-35.17961],[150.73886,-35.17975],[150.73883,-35.17981],[150.73818,-35.17997],[150.73809,-35.18002],[150.73745,-35.18007],[150.73701,-35.18001],[150.7368,-35.18001],[150.73635,-35.17989],[150.73621,-35.17985],[150.73609,-35.17985],[150.73593,-35.17986],[150.7358,-35.17986],[150.73533,-35.17947],[150.73524,-35.17942],[150.73489,-35.1793],[150.73474,-35.17927],[150.73421,-35.1793],[150.73404,-35.1793],[150.73392,-35.17928],[150.73329,-35.17906],[150.73284,-35.17899],[150.73253,-35.17895],[150.73241,-35.17892],[150.73208,-35.17891],[150.73119,-35.17881],[150.731,-35.17877],[150.73084,-35.17875],[150.73067,-35.17852],[150.7306,-35.17839],[150.7306,-35.17821],[150.73058,-35.17813],[150.73058,-35.17805],[150.73055,-35.17788],[150.73053,-35.17773],[150.73052,-35.17766],[150.73055,-35.17743],[150.73068,-35.17672],[150.73094,-35.1766],[150.73122,-35.17665],[150.73143,-35.17648],[150.73161,-35.17629],[150.73164,-35.17615],[150.73168,-35.17596],[150.73149,-35.17585],[150.7314,-35.1758],[150.73098,-35.1758],[150.7309,-35.17572],[150.73081,-35.1755],[150.73081,-35.17547],[150.73088,-35.17542],[150.731,-35.17534],[150.73107,-35.17525],[150.73109,-35.17519],[150.73088,-35.17514],[150.73015,-35.17491],[150.72974,-35.17469],[150.72962,-35.17459],[150.72951,-35.17446],[150.72946,-35.17444],[150.72937,-35.17432],[150.72924,-35.17409],[150.7291,-35.17375],[150.72905,-35.17355],[150.72884,-35.17324],[150.72869,-35.17316],[150.72836,-35.17308],[150.72717,-35.17295],[150.72643,-35.17287],[150.7263,-35.17287],[150.72559,-35.17284],[150.72517,-35.17287],[150.72487,-35.17294],[150.72473,-35.17302],[150.7247,-35.17307],[150.72463,-35.17308],[150.72452,-35.17322],[150.72431,-35.17349],[150.72394,-35.17417],[150.72382,-35.17429],[150.72373,-35.17445],[150.72378,-35.17454],[150.72415,-35.17487],[150.72365,-35.17571],[150.72228,-35.17613],[150.72198,-35.17663],[150.72192,-35.17675],[150.72187,-35.17682],[150.72166,-35.17732],[150.72115,-35.17812],[150.72078,-35.17847],[150.72052,-35.17864],[150.72043,-35.17871],[150.72038,-35.17871],[150.71865,-35.17919],[150.71835,-35.17946],[150.71821,-35.17962],[150.718,-35.17973],[150.71775,-35.17993],[150.71756,-35.18016],[150.71738,-35.18047],[150.71691,-35.18082],[150.71658,-35.18104],[150.71626,-35.18133],[150.71621,-35.18138],[150.71577,-35.18157],[150.71565,-35.18164],[150.71551,-35.18167],[150.71527,-35.18178],[150.71506,-35.18192],[150.71492,-35.18204],[150.71417,-35.18252],[150.71415,-35.18256],[150.71378,-35.18273],[150.71345,-35.18297],[150.71326,-35.18316],[150.7132,-35.18319],[150.71306,-35.1833],[150.71305,-35.18327],[150.71289,-35.1834],[150.71271,-35.1836],[150.71262,-35.18369],[150.71259,-35.18374],[150.71238,-35.18396],[150.71231,-35.18414],[150.71227,-35.1842],[150.71225,-35.18427],[150.71225,-35.18454],[150.71222,-35.18464],[150.71211,-35.18529],[150.71162,-35.18561],[150.71148,-35.18561],[150.71129,-35.18564],[150.71122,-35.18564],[150.71097,-35.1856],[150.71059,-35.18559],[150.7104,-35.18571],[150.71041,-35.18581],[150.71077,-35.1868],[150.71081,-35.18697],[150.71075,-35.1872],[150.71077,-35.18733],[150.71078,-35.18761],[150.71075,-35.18778],[150.71054,-35.18821],[150.71047,-35.18827],[150.71033,-35.18847],[150.71029,-35.1885],[150.70957,-35.18935],[150.70889,-35.18951],[150.7088,-35.18964],[150.7088,-35.18971],[150.70868,-35.18986],[150.70864,-35.18998],[150.70854,-35.19008],[150.70834,-35.19018],[150.70819,-35.19015],[150.7081,-35.19016],[150.708,-35.19022],[150.7078,-35.19036],[150.70766,-35.19045],[150.70761,-35.19053],[150.70764,-35.19066],[150.70777,-35.19076],[150.7079,-35.19108],[150.70776,-35.1912],[150.70774,-35.19125],[150.70764,-35.19135],[150.70762,-35.19133],[150.70752,-35.19145],[150.70745,-35.19149],[150.70706,-35.19164],[150.70689,-35.19173],[150.70626,-35.19187],[150.70603,-35.1919],[150.70574,-35.192],[150.70558,-35.19204],[150.70533,-35.19229],[150.70514,-35.19264],[150.70509,-35.19272],[150.70482,-35.19316],[150.70468,-35.19329],[150.70465,-35.19335],[150.70428,-35.19362],[150.70377,-35.19386],[150.70367,-35.19395],[150.70335,-35.19406],[150.70285,-35.19423],[150.70246,-35.19431],[150.70236,-35.19437],[150.70248,-35.19451],[150.70262,-35.19471],[150.70268,-35.19486],[150.70265,-35.19491],[150.70265,-35.19509],[150.70252,-35.19537],[150.70249,-35.19541],[150.70236,-35.19566],[150.70142,-35.19577],[150.7014,-35.19585],[150.70133,-35.19594],[150.70128,-35.1962],[150.70123,-35.19632],[150.70117,-35.19641],[150.70112,-35.19645],[150.70102,-35.1966],[150.70061,-35.19685],[150.7003,-35.19702],[150.70004,-35.19706],[150.69978,-35.19706],[150.69962,-35.19709],[150.69944,-35.1972],[150.69944,-35.19723],[150.69909,-35.19749],[150.69902,-35.19759],[150.69902,-35.19776],[150.69898,-35.19802],[150.69895,-35.1981],[150.69888,-35.19822],[150.69872,-35.19843],[150.69861,-35.19862],[150.69856,-35.19867],[150.69853,-35.19874],[150.69846,-35.19883],[150.69839,-35.19889],[150.69821,-35.19907],[150.69807,-35.1992],[150.69786,-35.19951],[150.69774,-35.19963],[150.69742,-35.20006],[150.6971,-35.20028],[150.69696,-35.2004],[150.69625,-35.20076],[150.69602,-35.20076],[150.69579,-35.20081],[150.69569,-35.20081],[150.69515,-35.20086],[150.69506,-35.20084],[150.69484,-35.20084],[150.69478,-35.20081],[150.69463,-35.20077],[150.6943,-35.20061],[150.69409,-35.2004],[150.6939,-35.20015],[150.69362,-35.19992],[150.6934,-35.19966],[150.69319,-35.19917],[150.69306,-35.19894],[150.69295,-35.19884],[150.69281,-35.19861],[150.69275,-35.19854],[150.69275,-35.1985],[150.69273,-35.19836],[150.69268,-35.19821],[150.69273,-35.19813],[150.69263,-35.19803],[150.69249,-35.198],[150.69238,-35.19803],[150.69235,-35.19801],[150.69226,-35.19795],[150.692,-35.19765],[150.69197,-35.19765],[150.69185,-35.19752],[150.6918,-35.19745],[150.69163,-35.19705],[150.69159,-35.19693],[150.69156,-35.19669],[150.69156,-35.19656],[150.6917,-35.19602],[150.69225,-35.19543],[150.69222,-35.19525],[150.69221,-35.19516],[150.69221,-35.19506],[150.69215,-35.19479],[150.69215,-35.19472],[150.69218,-35.1946],[150.69229,-35.19449],[150.69233,-35.19415],[150.692,-35.19413],[150.69189,-35.19406],[150.69202,-35.19374],[150.69184,-35.19366],[150.69106,-35.19364],[150.69099,-35.19358],[150.69097,-35.19349],[150.69101,-35.19339],[150.69115,-35.19337],[150.69127,-35.19332],[150.69134,-35.19315],[150.69134,-35.19311],[150.69139,-35.19304],[150.69146,-35.19301],[150.6928,-35.19307],[150.69284,-35.19303],[150.69289,-35.19296],[150.69298,-35.19288],[150.69342,-35.1923],[150.69349,-35.19205],[150.6936,-35.19189],[150.69368,-35.19181],[150.69382,-35.19171],[150.69398,-35.19162],[150.69407,-35.19156],[150.69425,-35.19142],[150.69425,-35.19128],[150.6942,-35.19116],[150.694,-35.19108],[150.69385,-35.19099],[150.69381,-35.19083],[150.69392,-35.19069],[150.69413,-35.19071],[150.6942,-35.19063],[150.69434,-35.19051],[150.69443,-35.19042],[150.69453,-35.19048],[150.69463,-35.19055],[150.69469,-35.19052],[150.69497,-35.19039],[150.69539,-35.19034],[150.69554,-35.19028],[150.69565,-35.19018],[150.69572,-35.19007],[150.69574,-35.19006],[150.69574,-35.19],[150.69576,-35.18984],[150.6957,-35.18975],[150.6956,-35.18977],[150.69551,-35.18972],[150.69553,-35.18964],[150.69551,-35.1896],[150.69529,-35.18944],[150.69513,-35.18934],[150.69515,-35.18916],[150.69533,-35.18904],[150.69555,-35.18901],[150.69555,-35.18892],[150.69549,-35.18849],[150.69537,-35.18824],[150.69528,-35.18816],[150.69512,-35.18799],[150.69511,-35.18795],[150.69506,-35.1879],[150.6949,-35.1876],[150.69483,-35.18752],[150.69476,-35.18736],[150.69461,-35.18717],[150.69442,-35.18676],[150.69446,-35.18651],[150.69444,-35.18647],[150.69448,-35.18628],[150.69455,-35.18617],[150.69455,-35.18613],[150.69458,-35.1861],[150.6946,-35.18606],[150.69469,-35.18596],[150.69476,-35.18593],[150.69493,-35.18581],[150.695,-35.18573],[150.69514,-35.18554],[150.69535,-35.18523],[150.69539,-35.18514],[150.69524,-35.18494],[150.6951,-35.18477],[150.69506,-35.18463],[150.69506,-35.18454],[150.69508,-35.18447],[150.69508,-35.18437],[150.69505,-35.18408],[150.69517,-35.18403],[150.69531,-35.18394],[150.69544,-35.18383],[150.69544,-35.18378],[150.69561,-35.18358],[150.69626,-35.18294],[150.69637,-35.1828],[150.69637,-35.18273],[150.69631,-35.18271],[150.69624,-35.18271],[150.69614,-35.18276],[150.69598,-35.18273],[150.69583,-35.18264],[150.69571,-35.18253],[150.6956,-35.18238],[150.69562,-35.18224],[150.69581,-35.1821],[150.69595,-35.18204],[150.69601,-35.18197],[150.69556,-35.18164],[150.69524,-35.18189],[150.69493,-35.18203],[150.69487,-35.18195],[150.69475,-35.18191],[150.69437,-35.18162],[150.69394,-35.18143],[150.69389,-35.18143],[150.69373,-35.18134],[150.69366,-35.18134],[150.69352,-35.18127],[150.69356,-35.18115],[150.69356,-35.18108],[150.69368,-35.18077],[150.69369,-35.18037],[150.69374,-35.18005],[150.6939,-35.17947],[150.69411,-35.17894],[150.69425,-35.17872],[150.69447,-35.17844],[150.6945,-35.17837],[150.69464,-35.17824],[150.69501,-35.17818],[150.69508,-35.1781],[150.69522,-35.17799],[150.69534,-35.17786],[150.69546,-35.17777],[150.69545,-35.17776],[150.69555,-35.17766],[150.69569,-35.17753],[150.69573,-35.17749],[150.69576,-35.17742],[150.6958,-35.17723],[150.69576,-35.17719],[150.69571,-35.17711],[150.69563,-35.17707],[150.69538,-35.17698],[150.69519,-35.17697],[150.69495,-35.17697],[150.69477,-35.17698],[150.69453,-35.17709],[150.69437,-35.17718],[150.69414,-35.17728],[150.69409,-35.17734],[150.69372,-35.17748],[150.69367,-35.17748],[150.6936,-35.1775],[150.69339,-35.17755],[150.69336,-35.17756],[150.69332,-35.17753],[150.69317,-35.17765],[150.6933,-35.17782],[150.69327,-35.17802],[150.69313,-35.17802],[150.69257,-35.17803],[150.69226,-35.17804],[150.69194,-35.17803],[150.69184,-35.17797],[150.69181,-35.17791],[150.69167,-35.17782],[150.69192,-35.17717],[150.69192,-35.17708],[150.6919,-35.17704],[150.6919,-35.17667],[150.69187,-35.17649],[150.69183,-35.17644],[150.69164,-35.17644],[150.6916,-35.17645],[150.6915,-35.17648],[150.69143,-35.17653],[150.69126,-35.17676],[150.69108,-35.17688],[150.69075,-35.177],[150.69072,-35.17707],[150.69073,-35.17712],[150.69082,-35.17723],[150.69083,-35.17742],[150.69069,-35.17755],[150.69062,-35.1776],[150.69048,-35.17767],[150.69034,-35.17776],[150.6902,-35.17782],[150.6897,-35.17793],[150.68937,-35.17794],[150.68937,-35.1779],[150.6893,-35.1779],[150.68914,-35.17772],[150.68906,-35.17767],[150.68897,-35.1776],[150.68868,-35.17732],[150.68845,-35.17706],[150.68835,-35.17692],[150.68835,-35.17683],[150.68821,-35.17655],[150.68813,-35.17622],[150.68811,-35.17604],[150.68811,-35.17599],[150.68813,-35.17594],[150.68813,-35.17586],[150.68825,-35.17564],[150.68838,-35.17556],[150.68852,-35.17545],[150.68883,-35.17529],[150.68888,-35.17529],[150.68897,-35.17526],[150.68901,-35.17523],[150.68908,-35.17523],[150.68939,-35.17515],[150.68944,-35.17482],[150.68973,-35.17431],[150.68983,-35.17418],[150.68983,-35.17412],[150.69015,-35.17372],[150.69041,-35.17334],[150.69069,-35.17301],[150.69101,-35.17271],[150.69108,-35.17267],[150.69136,-35.17234],[150.69143,-35.17218],[150.69145,-35.17207],[150.69147,-35.1719],[150.69147,-35.1717],[150.6914,-35.1714],[150.69125,-35.17092],[150.69111,-35.17062],[150.69096,-35.17039],[150.69072,-35.17013],[150.69023,-35.16983],[150.69006,-35.16974],[150.6898,-35.16963],[150.68935,-35.16948],[150.68902,-35.16942],[150.6886,-35.16942],[150.68828,-35.16946],[150.68807,-35.16957],[150.68778,-35.16973],[150.68748,-35.1699],[150.68741,-35.16994],[150.68727,-35.16997],[150.68722,-35.17004],[150.68734,-35.17013],[150.68742,-35.17027],[150.6873,-35.17047],[150.68713,-35.17059],[150.68699,-35.17066],[150.68648,-35.1709],[150.68636,-35.17093],[150.68597,-35.17094],[150.68584,-35.17089],[150.68542,-35.17083],[150.68504,-35.17075],[150.68486,-35.17072],[150.68413,-35.17068],[150.68356,-35.17062],[150.68286,-35.17048],[150.6827,-35.17042],[150.6823,-35.17033],[150.68204,-35.17029],[150.6819,-35.17027],[150.6817,-35.17027],[150.68164,-35.17024],[150.68156,-35.17024],[150.68156,-35.17001],[150.68172,-35.16997],[150.6818,-35.16991],[150.6822,-35.16973],[150.68273,-35.16953],[150.68292,-35.16948],[150.68297,-35.16948],[150.68351,-35.16922],[150.68378,-35.16907],[150.68421,-35.16878],[150.6846,-35.16848],[150.68471,-35.16837],[150.68488,-35.16824],[150.68521,-35.16813],[150.6853,-35.16811],[150.68549,-35.16804],[150.68556,-35.16804],[150.68591,-35.16815],[150.68619,-35.16819],[150.68622,-35.16819],[150.6862,-35.1681],[150.68621,-35.16802],[150.68619,-35.16792],[150.68615,-35.16783],[150.68604,-35.16749],[150.68592,-35.167],[150.68575,-35.16669],[150.68564,-35.16653],[150.68537,-35.1663],[150.68511,-35.16612],[150.68485,-35.16599],[150.68441,-35.1658],[150.68363,-35.16561],[150.68335,-35.16554],[150.68328,-35.16554],[150.68262,-35.16538],[150.6822,-35.16534],[150.68189,-35.16535],[150.6817,-35.16538],[150.68163,-35.16542],[150.68154,-35.16546],[150.68123,-35.16576],[150.68119,-35.16589],[150.68115,-35.16622],[150.68126,-35.16629],[150.68143,-35.16649],[150.68143,-35.16666],[150.68132,-35.16679],[150.68127,-35.16686],[150.68066,-35.16709],[150.68027,-35.1672],[150.6801,-35.16723],[150.67998,-35.16727],[150.67989,-35.16728],[150.67952,-35.1674],[150.67932,-35.16745],[150.67909,-35.16754],[150.67869,-35.16766],[150.67806,-35.16775],[150.67754,-35.16769],[150.67752,-35.16767],[150.67705,-35.16766],[150.67677,-35.16745],[150.6767,-35.16738],[150.67658,-35.16731],[150.67644,-35.16725],[150.67582,-35.16686],[150.67559,-35.16679],[150.67516,-35.16661],[150.67511,-35.16651],[150.67504,-35.16646],[150.67483,-35.16603],[150.67482,-35.16595],[150.67484,-35.16573],[150.67484,-35.16564],[150.67486,-35.16557],[150.67487,-35.1654],[150.67489,-35.16521],[150.67517,-35.16518],[150.67561,-35.1654],[150.67571,-35.1655],[150.67578,-35.16564],[150.67614,-35.16615],[150.67628,-35.16619],[150.67649,-35.16615],[150.67645,-35.16605],[150.67616,-35.1657],[150.67604,-35.16553],[150.67578,-35.16526],[150.67559,-35.16511],[150.67542,-35.16501],[150.67483,-35.1648],[150.67398,-35.16452],[150.67259,-35.16402],[150.67252,-35.16402],[150.67243,-35.16398],[150.67198,-35.16386],[150.67022,-35.16351],[150.66869,-35.16327],[150.66843,-35.16326],[150.66793,-35.16328],[150.66751,-35.16337],[150.66739,-35.16342],[150.66737,-35.16344],[150.66721,-35.16349],[150.66709,-35.16355],[150.66704,-35.16357],[150.66681,-35.16372],[150.66642,-35.16399],[150.66635,-35.16402],[150.66628,-35.16409],[150.66614,-35.16415],[150.66602,-35.16423],[150.66592,-35.16426],[150.66588,-35.16429],[150.66573,-35.16434],[150.66572,-35.16435],[150.66579,-35.16468],[150.66577,-35.16488],[150.66565,-35.16495],[150.6656,-35.16502],[150.6653,-35.16512],[150.66432,-35.16531],[150.66408,-35.16538],[150.66378,-35.16538],[150.6637,-35.16537],[150.66351,-35.16535],[150.66338,-35.16535],[150.66311,-35.16526],[150.66293,-35.16519],[150.66274,-35.16515],[150.66253,-35.16522],[150.66237,-35.16524],[150.66222,-35.16498],[150.66231,-35.1647],[150.66241,-35.16454],[150.66238,-35.16437],[150.6623,-35.1642],[150.66209,-35.16371],[150.662,-35.1636],[150.66197,-35.16352],[150.6619,-35.16348],[150.66185,-35.16342],[150.66169,-35.16334],[150.66145,-35.16322],[150.66128,-35.16319],[150.661,-35.16312],[150.66076,-35.16309],[150.66063,-35.16309],[150.66062,-35.16307],[150.66053,-35.16309],[150.66025,-35.16308],[150.65919,-35.16322],[150.65823,-35.16327],[150.65802,-35.16329],[150.65748,-35.16326],[150.65741,-35.16324],[150.65712,-35.16323],[150.65647,-35.16311],[150.65612,-35.16309],[150.65496,-35.16308],[150.65471,-35.1631],[150.65463,-35.16313],[150.65451,-35.16313],[150.65311,-35.16322],[150.65114,-35.16341],[150.65064,-35.16349],[150.65015,-35.16356],[150.64963,-35.16357],[150.64952,-35.1636],[150.64837,-35.16359],[150.64809,-35.16362],[150.64804,-35.16363],[150.64792,-35.16362],[150.64701,-35.16376],[150.64647,-35.16382],[150.64607,-35.16389],[150.64597,-35.16391],[150.6444,-35.1643],[150.643,-35.16458],[150.64248,-35.16469],[150.6422,-35.16473],[150.64197,-35.16477],[150.64145,-35.16494],[150.64004,-35.16528],[150.63993,-35.16528],[150.63843,-35.16551],[150.63784,-35.16558],[150.63599,-35.16583],[150.63547,-35.16592],[150.63544,-35.16592],[150.63524,-35.16597],[150.63467,-35.16608],[150.63416,-35.16615],[150.63388,-35.1662],[150.63378,-35.16623],[150.63334,-35.16628],[150.63263,-35.16641],[150.6321,-35.16655],[150.63197,-35.16661],[150.63177,-35.16666],[150.63146,-35.16678],[150.62718,-35.16791],[150.62713,-35.16791],[150.62706,-35.16794],[150.62587,-35.16822],[150.62516,-35.16841],[150.62471,-35.1685],[150.62464,-35.1685],[150.62455,-35.16852],[150.6237,-35.16863],[150.62335,-35.1687],[150.62326,-35.16873],[150.62321,-35.16873],[150.62233,-35.16897],[150.62204,-35.16904],[150.62192,-35.1691],[150.62054,-35.16939],[150.62012,-35.16953],[150.62001,-35.1696],[150.6198,-35.16964],[150.61846,-35.17016],[150.61774,-35.17049],[150.61736,-35.17062],[150.61664,-35.17087],[150.61568,-35.17116],[150.61526,-35.17131],[150.61444,-35.17157],[150.61411,-35.1717],[150.61322,-35.17192],[150.61317,-35.17192],[150.61268,-35.17205],[150.61235,-35.17218],[150.61216,-35.17223],[150.6117,-35.1724],[150.61072,-35.1728],[150.61039,-35.17301],[150.60997,-35.17324],[150.60974,-35.17336],[150.6092,-35.17359],[150.60908,-35.17362],[150.60896,-35.17367],[150.6089,-35.17366],[150.60861,-35.17381],[150.60847,-35.17387],[150.60803,-35.17414],[150.60796,-35.17417],[150.60735,-35.17452],[150.60681,-35.17479],[150.60572,-35.17523],[150.60506,-35.17554],[150.60462,-35.17575],[150.60446,-35.17582],[150.60369,-35.17623],[150.6032,-35.17655],[150.6024,-35.17707],[150.60166,-35.17749],[150.60147,-35.17759],[150.60103,-35.17785],[150.60074,-35.17806],[150.60045,-35.17832],[150.60037,-35.17837],[150.60005,-35.17864],[150.59861,-35.17977],[150.59833,-35.18001],[150.59809,-35.18024],[150.59791,-35.18051],[150.59784,-35.18059],[150.59759,-35.18092],[150.59728,-35.18126],[150.59682,-35.18187],[150.59655,-35.18217],[150.59636,-35.18246],[150.59618,-35.18276],[150.5961,-35.18283],[150.59594,-35.18309],[150.59576,-35.1833],[150.5955,-35.18347],[150.59538,-35.18351],[150.59524,-35.1836],[150.59473,-35.18382],[150.5945,-35.18398],[150.59433,-35.1841],[150.59413,-35.18419],[150.59381,-35.18429],[150.59362,-35.18432],[150.59334,-35.18434],[150.59316,-35.18433],[150.59303,-35.1843],[150.59292,-35.18425],[150.59282,-35.18418],[150.59277,-35.18409],[150.5927,-35.18389],[150.59267,-35.18379],[150.59268,-35.18367],[150.59271,-35.1836],[150.59273,-35.18356],[150.59281,-35.18346],[150.5929,-35.18338],[150.59325,-35.18314],[150.59345,-35.18299],[150.59365,-35.18281],[150.59384,-35.18265],[150.59387,-35.1825],[150.59388,-35.18233],[150.59387,-35.18224],[150.59383,-35.18213],[150.59372,-35.18198],[150.5936,-35.18172],[150.59354,-35.18155],[150.5935,-35.18139],[150.59353,-35.18103],[150.59354,-35.18093],[150.59356,-35.18059],[150.59358,-35.18056],[150.59363,-35.18046],[150.59369,-35.18029],[150.59371,-35.18008],[150.59374,-35.17986],[150.59375,-35.17952],[150.5937,-35.17928],[150.59365,-35.17907],[150.59354,-35.17869],[150.59349,-35.17847],[150.59335,-35.17806],[150.59323,-35.17775],[150.59308,-35.17742],[150.59302,-35.17732],[150.59298,-35.17722],[150.59292,-35.17711],[150.59279,-35.17693],[150.5927,-35.17673],[150.59264,-35.17658],[150.59259,-35.17647],[150.59255,-35.17635],[150.59249,-35.17624],[150.59241,-35.17576],[150.5924,-35.17567],[150.5924,-35.17553],[150.59238,-35.17545],[150.59241,-35.17532],[150.59244,-35.17529],[150.59249,-35.17527],[150.59255,-35.17528],[150.59265,-35.17534],[150.59269,-35.17537],[150.59273,-35.17545],[150.59275,-35.17565],[150.59278,-35.17575],[150.5928,-35.17585],[150.59283,-35.1759],[150.59289,-35.17592],[150.59295,-35.17592],[150.59301,-35.17589],[150.59308,-35.17577],[150.59313,-35.17566],[150.59316,-35.17534],[150.59317,-35.17507],[150.59314,-35.17484],[150.59298,-35.17431],[150.59299,-35.17405],[150.59305,-35.17391],[150.59313,-35.17377],[150.59321,-35.17369],[150.5933,-35.17362],[150.59341,-35.17357],[150.59349,-35.17355],[150.59357,-35.17355],[150.59365,-35.17358],[150.59375,-35.17365],[150.59408,-35.17402],[150.59413,-35.1741],[150.59417,-35.17414],[150.59424,-35.17414],[150.59429,-35.17413],[150.59435,-35.17405],[150.59443,-35.17395],[150.5945,-35.1738],[150.59457,-35.17362],[150.59471,-35.1731],[150.59474,-35.17301],[150.59479,-35.17292],[150.59499,-35.17265],[150.59526,-35.17227],[150.59541,-35.17207],[150.59557,-35.17188],[150.59597,-35.17146],[150.59625,-35.17119],[150.59639,-35.17107],[150.59655,-35.171],[150.5967,-35.17095],[150.59706,-35.17092],[150.59773,-35.17087],[150.59805,-35.17084],[150.59856,-35.17091],[150.59912,-35.17098],[150.59937,-35.17101],[150.59985,-35.17102],[150.6,-35.17099],[150.60028,-35.17097],[150.60045,-35.17095],[150.60073,-35.17087],[150.60088,-35.17081],[150.60104,-35.17072],[150.60125,-35.17059],[150.6016,-35.17041],[150.6017,-35.17028],[150.60182,-35.17006],[150.60204,-35.16973],[150.6022,-35.16945],[150.60229,-35.16921],[150.6023,-35.16914],[150.60239,-35.16903],[150.60246,-35.16895],[150.60254,-35.16889],[150.60266,-35.16875],[150.60288,-35.16844],[150.60297,-35.16806],[150.60299,-35.16796],[150.603,-35.1679],[150.60302,-35.16775],[150.60306,-35.16715],[150.60304,-35.16681],[150.60297,-35.16652],[150.60292,-35.1664],[150.60264,-35.16609],[150.60246,-35.16592],[150.60216,-35.16563],[150.60184,-35.16529],[150.6017,-35.16515],[150.60161,-35.16502],[150.60156,-35.16491],[150.60151,-35.16464],[150.60148,-35.16441],[150.60151,-35.16423],[150.60155,-35.16408],[150.60159,-35.16403],[150.60165,-35.16396],[150.60176,-35.16388],[150.60182,-35.1638],[150.6019,-35.16362],[150.60203,-35.16332],[150.60208,-35.16314],[150.60219,-35.16293],[150.60234,-35.16254],[150.60258,-35.16215],[150.6026,-35.16206],[150.60286,-35.16157],[150.60306,-35.16123],[150.60322,-35.16098],[150.60332,-35.16081],[150.60339,-35.16067],[150.60356,-35.16037],[150.60374,-35.15995],[150.604,-35.15953],[150.60414,-35.15927],[150.60423,-35.15907],[150.60475,-35.15844],[150.60491,-35.15821],[150.60512,-35.15799],[150.60551,-35.15746],[150.60589,-35.15694],[150.60594,-35.1567],[150.60605,-35.15635],[150.60608,-35.15609],[150.60613,-35.15571],[150.60617,-35.15533],[150.60616,-35.155],[150.60613,-35.15476],[150.60611,-35.15455],[150.6061,-35.15436],[150.60602,-35.15407],[150.60591,-35.15384],[150.60584,-35.1536],[150.60558,-35.15337],[150.60548,-35.15323],[150.60532,-35.15304],[150.60508,-35.15282],[150.60499,-35.15277],[150.60484,-35.15264],[150.6046,-35.15245],[150.60449,-35.1524],[150.60422,-35.15228],[150.60377,-35.15207],[150.60355,-35.15196],[150.60343,-35.15192],[150.60331,-35.15191],[150.60306,-35.1519],[150.6028,-35.15192],[150.60214,-35.15195],[150.60193,-35.15194],[150.60186,-35.15194],[150.6017,-35.15196],[150.60149,-35.15202],[150.60129,-35.1521],[150.60114,-35.15213],[150.60105,-35.15214],[150.60098,-35.15216],[150.60086,-35.15218],[150.60069,-35.15225],[150.60051,-35.15229],[150.6002,-35.15234],[150.59994,-35.1524],[150.59979,-35.15245],[150.59971,-35.15248],[150.59961,-35.15251],[150.59948,-35.15251],[150.59914,-35.15246],[150.59885,-35.1524],[150.59869,-35.15237],[150.5983,-35.15229],[150.59778,-35.15214],[150.59765,-35.15211],[150.59728,-35.15203],[150.59691,-35.15193],[150.59676,-35.15187],[150.59654,-35.1518],[150.59628,-35.1517],[150.59603,-35.15155],[150.59594,-35.15145],[150.59586,-35.15137],[150.59581,-35.15125],[150.5958,-35.15116],[150.59581,-35.1508],[150.59579,-35.15065],[150.59572,-35.15044],[150.59573,-35.15037],[150.59566,-35.15019],[150.59562,-35.15009],[150.59559,-35.14991],[150.59555,-35.14982],[150.59551,-35.14962],[150.59548,-35.14944],[150.5954,-35.1492],[150.59537,-35.1491],[150.59539,-35.14904],[150.59542,-35.14902],[150.59547,-35.14903],[150.59564,-35.14918],[150.59576,-35.14926],[150.59583,-35.14932],[150.59592,-35.14938],[150.59614,-35.14958],[150.59618,-35.14958],[150.59616,-35.14943],[150.59607,-35.14919],[150.5959,-35.14894],[150.5958,-35.14881],[150.59577,-35.14875],[150.59571,-35.14867],[150.59554,-35.14849],[150.5955,-35.14842],[150.59547,-35.14828],[150.59548,-35.148],[150.59545,-35.14791],[150.59539,-35.14782],[150.5954,-35.14761],[150.59536,-35.14747],[150.59529,-35.14728],[150.59524,-35.1472],[150.59516,-35.14713],[150.59511,-35.14711],[150.59491,-35.14705],[150.59462,-35.14694],[150.59449,-35.14685],[150.59441,-35.14677],[150.59437,-35.1467],[150.59433,-35.14642],[150.59427,-35.14615],[150.59426,-35.14606],[150.59422,-35.14591],[150.59417,-35.14575],[150.59416,-35.1457],[150.59399,-35.1453],[150.59392,-35.14509],[150.59383,-35.14476],[150.5938,-35.14458],[150.59379,-35.14457],[150.59379,-35.14445],[150.59378,-35.14433],[150.5938,-35.14427],[150.5938,-35.14412],[150.59385,-35.14397],[150.59386,-35.14392],[150.5939,-35.14388],[150.59397,-35.14382],[150.59408,-35.1438],[150.59427,-35.1438],[150.5944,-35.14383],[150.59457,-35.14389],[150.59471,-35.14397],[150.59475,-35.14401],[150.59491,-35.14413],[150.59503,-35.14423],[150.59514,-35.14439],[150.59525,-35.14451],[150.59537,-35.1446],[150.59553,-35.14469],[150.59571,-35.14488],[150.59587,-35.145],[150.59601,-35.1451],[150.5961,-35.14515],[150.59616,-35.14517],[150.59626,-35.14521],[150.59643,-35.14532],[150.59656,-35.14543],[150.59663,-35.14547],[150.59676,-35.14556],[150.59685,-35.14562],[150.59706,-35.14573],[150.59729,-35.14582],[150.59766,-35.14588],[150.59779,-35.1459],[150.59798,-35.14594],[150.59817,-35.14599],[150.59844,-35.14605],[150.59873,-35.14613],[150.59886,-35.14616],[150.59912,-35.14622],[150.59946,-35.14628],[150.59958,-35.14631],[150.59964,-35.14631],[150.59972,-35.14628],[150.59984,-35.14623],[150.59995,-35.14618],[150.60005,-35.14612],[150.60012,-35.14606],[150.60017,-35.14602],[150.60021,-35.14596],[150.60028,-35.14585],[150.60032,-35.14583],[150.60044,-35.14583],[150.60077,-35.14591],[150.60096,-35.14591],[150.60114,-35.14588],[150.60153,-35.14586],[150.60159,-35.14582],[150.6017,-35.14579],[150.60195,-35.14571],[150.60211,-35.14572],[150.60217,-35.1457],[150.60231,-35.14568],[150.60239,-35.14568],[150.60254,-35.14565],[150.60261,-35.14566],[150.60264,-35.14569],[150.60268,-35.14573],[150.60274,-35.14575],[150.60279,-35.14579],[150.60286,-35.14581],[150.60298,-35.14584],[150.60303,-35.14584],[150.6032,-35.14585],[150.6036,-35.14586],[150.60364,-35.14587],[150.60373,-35.14586],[150.60387,-35.14584],[150.60392,-35.14583],[150.60402,-35.14582],[150.60412,-35.14578],[150.60427,-35.14572],[150.60446,-35.14561],[150.60455,-35.14555],[150.6047,-35.14546],[150.60477,-35.14541],[150.60482,-35.14539],[150.60495,-35.14528],[150.60505,-35.1452],[150.60536,-35.14497],[150.60549,-35.14481],[150.60553,-35.14476],[150.60562,-35.14468],[150.60566,-35.14464],[150.60573,-35.14459],[150.60581,-35.14451],[150.60583,-35.14449],[150.60608,-35.14427],[150.60636,-35.14414],[150.60655,-35.144],[150.60679,-35.14386],[150.60695,-35.1438],[150.60702,-35.14378],[150.60714,-35.14378],[150.60718,-35.14376],[150.60728,-35.14369],[150.60734,-35.14366],[150.60749,-35.14367],[150.60783,-35.14359],[150.60793,-35.14358],[150.60806,-35.1436],[150.60815,-35.14363],[150.60829,-35.1437],[150.60838,-35.14373],[150.60855,-35.14376],[150.60865,-35.1438],[150.60877,-35.14389],[150.6088,-35.14391],[150.60897,-35.14397],[150.60902,-35.144],[150.60916,-35.1441],[150.60954,-35.14444],[150.60972,-35.14454],[150.60986,-35.14464],[150.61,-35.14472],[150.61023,-35.14487],[150.6105,-35.14506],[150.61063,-35.14525],[150.61085,-35.14547],[150.61093,-35.14559],[150.61095,-35.14561],[150.61103,-35.14574],[150.61108,-35.14582],[150.61116,-35.146],[150.61121,-35.14619],[150.61124,-35.14626],[150.61133,-35.14641],[150.61153,-35.14659],[150.61162,-35.14663],[150.61196,-35.14681],[150.61223,-35.14694],[150.61228,-35.14697],[150.61255,-35.14707],[150.61275,-35.14713],[150.61285,-35.14713],[150.61298,-35.14715],[150.61308,-35.14716],[150.61312,-35.14719],[150.61315,-35.14726],[150.61317,-35.1473],[150.61321,-35.14732],[150.6133,-35.14735],[150.6134,-35.14737],[150.6136,-35.14737],[150.61376,-35.14733],[150.61384,-35.14731],[150.61398,-35.14727],[150.61408,-35.14721],[150.61413,-35.14714],[150.6142,-35.14706],[150.61424,-35.147],[150.61428,-35.14689],[150.6143,-35.14676],[150.61426,-35.14662],[150.61426,-35.14653],[150.61423,-35.14632],[150.61423,-35.14627],[150.61427,-35.14624],[150.6143,-35.1462],[150.6143,-35.14615],[150.6143,-35.14575],[150.61431,-35.14566],[150.61435,-35.1456],[150.61447,-35.14523],[150.61452,-35.14513],[150.61453,-35.14499],[150.61468,-35.14483],[150.61479,-35.14474],[150.6149,-35.14461],[150.61496,-35.14457],[150.61502,-35.14456],[150.61508,-35.14459],[150.61518,-35.14463],[150.61521,-35.14467],[150.61526,-35.14471],[150.6154,-35.14477],[150.61547,-35.14482],[150.61552,-35.14492],[150.61565,-35.14503],[150.61572,-35.14509],[150.61577,-35.14511],[150.61581,-35.14513],[150.61585,-35.14516],[150.61583,-35.14518],[150.61572,-35.14522],[150.6157,-35.14519],[150.61565,-35.14515],[150.61551,-35.14503],[150.61542,-35.14494],[150.61537,-35.14491],[150.61528,-35.1449],[150.61512,-35.14493],[150.61508,-35.14496],[150.61507,-35.14502],[150.61504,-35.14505],[150.61496,-35.1451],[150.61488,-35.14517],[150.61487,-35.14518],[150.61483,-35.14522],[150.61472,-35.1453],[150.61467,-35.14535],[150.61462,-35.14546],[150.61459,-35.14558],[150.61459,-35.14564],[150.61461,-35.14571],[150.61465,-35.14596],[150.61468,-35.14612],[150.61471,-35.14618],[150.61472,-35.14623],[150.61473,-35.14632],[150.61478,-35.14662],[150.61483,-35.14673],[150.61483,-35.14681],[150.6148,-35.1469],[150.61472,-35.14702],[150.61464,-35.14711],[150.61455,-35.14722],[150.61442,-35.14736],[150.61434,-35.14749],[150.6143,-35.14762],[150.6143,-35.14775],[150.61438,-35.14787],[150.61456,-35.14807],[150.6148,-35.1483],[150.61493,-35.14838],[150.61499,-35.14841],[150.61511,-35.14842],[150.61519,-35.14841],[150.61527,-35.14837],[150.61557,-35.1482],[150.61578,-35.14803],[150.61587,-35.148],[150.61596,-35.14794],[150.61608,-35.14789],[150.61614,-35.14786],[150.61636,-35.14776],[150.61668,-35.14768],[150.6172,-35.14761],[150.61753,-35.1476],[150.61773,-35.14756],[150.61819,-35.14754],[150.61838,-35.14754],[150.61864,-35.14758],[150.61941,-35.14761],[150.61956,-35.14764],[150.61983,-35.14772],[150.61996,-35.14778],[150.62015,-35.14784],[150.62032,-35.14789],[150.62052,-35.14793],[150.6207,-35.14795],[150.62084,-35.14795],[150.62107,-35.14793],[150.62119,-35.14789],[150.62125,-35.14786],[150.62126,-35.1478],[150.62124,-35.14774],[150.62123,-35.14767],[150.62124,-35.1476],[150.62131,-35.14754],[150.62142,-35.14747],[150.62149,-35.14745],[150.62151,-35.14745],[150.62156,-35.14746],[150.62165,-35.14749],[150.62175,-35.14755],[150.6219,-35.14768],[150.62217,-35.14787],[150.62254,-35.1482],[150.62266,-35.14831],[150.62279,-35.1484],[150.62294,-35.14848],[150.62322,-35.14856],[150.62346,-35.14861],[150.62381,-35.14864],[150.62405,-35.14871],[150.62435,-35.1488],[150.62481,-35.14898],[150.62548,-35.1492],[150.62575,-35.14933],[150.62626,-35.14961],[150.62646,-35.1497],[150.62667,-35.14978],[150.62698,-35.14989],[150.62729,-35.14998],[150.62758,-35.15002],[150.62773,-35.15003],[150.62821,-35.15003],[150.62842,-35.15002],[150.62853,-35.14999],[150.62885,-35.14987],[150.62909,-35.14981],[150.62934,-35.14976],[150.62988,-35.14968],[150.63043,-35.14954],[150.63099,-35.14944],[150.63141,-35.14935],[150.6326,-35.14916],[150.63276,-35.14913],[150.63284,-35.14913],[150.63308,-35.14911],[150.63323,-35.1491],[150.63342,-35.14905],[150.63371,-35.14894],[150.63375,-35.14893],[150.63382,-35.14887],[150.63413,-35.14865],[150.6342,-35.14858],[150.63436,-35.14848],[150.63461,-35.14829],[150.63481,-35.1481],[150.63495,-35.14799],[150.63507,-35.14794],[150.63525,-35.14783],[150.63552,-35.14761],[150.63561,-35.14756],[150.63583,-35.1475],[150.63603,-35.14744],[150.63632,-35.14729],[150.63661,-35.14708],[150.63674,-35.14702],[150.63683,-35.14696],[150.6371,-35.14678],[150.63721,-35.14668],[150.63731,-35.14661],[150.63743,-35.14651],[150.63764,-35.14633],[150.63789,-35.14614],[150.63805,-35.146],[150.63815,-35.14592],[150.63825,-35.14585],[150.63839,-35.1457],[150.63863,-35.14544],[150.63868,-35.14539],[150.63886,-35.14521],[150.63909,-35.14498],[150.63919,-35.1449],[150.63934,-35.14476],[150.63942,-35.14467],[150.6395,-35.14457],[150.6397,-35.14429],[150.63977,-35.14423],[150.64001,-35.14401],[150.64006,-35.14395],[150.64013,-35.1439],[150.64017,-35.14384],[150.64026,-35.14374],[150.64036,-35.14363],[150.64054,-35.14346],[150.6406,-35.14339],[150.6407,-35.14319],[150.6408,-35.14306],[150.64099,-35.14295],[150.64105,-35.14289],[150.64126,-35.14274],[150.64147,-35.14261],[150.6416,-35.14251],[150.64168,-35.14237],[150.64172,-35.14233],[150.6418,-35.14228],[150.64189,-35.14217],[150.64195,-35.14212],[150.64208,-35.14205],[150.64213,-35.14204],[150.64222,-35.14194],[150.64229,-35.14187],[150.64238,-35.14173],[150.64248,-35.14152],[150.64252,-35.14141],[150.64257,-35.14129],[150.64265,-35.14114],[150.64284,-35.14096],[150.6429,-35.14088],[150.64294,-35.14078],[150.64306,-35.14057],[150.64306,-35.14052],[150.64308,-35.14039],[150.64307,-35.14033],[150.64306,-35.14009],[150.64311,-35.13993],[150.64316,-35.13982],[150.64323,-35.13973],[150.64334,-35.13955],[150.64353,-35.13938],[150.64356,-35.13934],[150.64366,-35.13922],[150.64377,-35.13919],[150.64385,-35.13914],[150.64413,-35.13905],[150.64419,-35.13901],[150.64423,-35.13895],[150.64434,-35.1389],[150.64437,-35.13886],[150.64452,-35.13877],[150.64458,-35.13875],[150.64468,-35.13869],[150.64488,-35.13857],[150.64493,-35.13855],[150.64506,-35.13846],[150.64515,-35.13841],[150.64523,-35.13836],[150.64538,-35.1382],[150.64547,-35.13815],[150.64562,-35.13811],[150.64569,-35.13806],[150.64578,-35.13798],[150.64584,-35.13792],[150.64597,-35.13786],[150.64614,-35.13778],[150.64638,-35.13759],[150.64653,-35.13752],[150.64688,-35.13731],[150.64695,-35.13726],[150.64711,-35.13716],[150.64719,-35.13707],[150.64728,-35.13701],[150.64739,-35.13689],[150.64747,-35.13679],[150.6476,-35.13662],[150.64768,-35.13643],[150.6477,-35.13635],[150.64778,-35.13591],[150.64784,-35.13575],[150.6479,-35.13561],[150.64796,-35.13541],[150.64803,-35.13528],[150.64805,-35.13519],[150.64808,-35.13509],[150.64811,-35.13503],[150.64819,-35.13501],[150.64826,-35.13496],[150.6483,-35.13493],[150.64845,-35.13489],[150.64852,-35.13489],[150.64863,-35.13485],[150.64883,-35.13471],[150.64904,-35.13446],[150.64917,-35.13424],[150.64925,-35.13413],[150.64932,-35.13395],[150.64937,-35.13386],[150.64945,-35.13381],[150.64955,-35.13378],[150.64965,-35.13373],[150.64973,-35.13367],[150.64997,-35.1334],[150.65016,-35.13328],[150.65018,-35.13325],[150.65024,-35.13307],[150.65031,-35.13296],[150.6504,-35.13277],[150.65046,-35.13268],[150.65053,-35.13258],[150.65058,-35.13249],[150.65076,-35.13223],[150.65086,-35.13213],[150.6509,-35.13209],[150.65099,-35.13196],[150.65114,-35.1318],[150.65128,-35.13172],[150.65139,-35.13167],[150.65156,-35.13163],[150.65173,-35.13162],[150.65192,-35.13161],[150.65202,-35.13157],[150.65223,-35.13134],[150.65233,-35.13127],[150.65239,-35.13125],[150.65256,-35.13118],[150.6526,-35.13117],[150.65275,-35.13111],[150.6529,-35.13107],[150.65306,-35.13105],[150.65329,-35.13104],[150.65342,-35.13102],[150.65356,-35.13095],[150.65371,-35.13093],[150.65387,-35.13092],[150.65395,-35.13093],[150.65404,-35.13092],[150.65408,-35.13091],[150.65429,-35.13082],[150.65437,-35.13077],[150.65453,-35.13061],[150.65469,-35.13051],[150.65479,-35.13042],[150.65503,-35.13027],[150.65524,-35.1302],[150.65539,-35.13013],[150.65556,-35.13008],[150.65584,-35.13003],[150.65596,-35.13],[150.65607,-35.12994],[150.65615,-35.12991],[150.65626,-35.12989],[150.65636,-35.12985],[150.65647,-35.12982],[150.65663,-35.12978],[150.65686,-35.12974],[150.65703,-35.12968],[150.65716,-35.12959],[150.65724,-35.12951],[150.6573,-35.12944],[150.65739,-35.12933],[150.65755,-35.12892],[150.65762,-35.12869],[150.65778,-35.12831],[150.65786,-35.12811],[150.65792,-35.128],[150.65799,-35.12789],[150.65817,-35.12736],[150.65822,-35.12727],[150.65828,-35.12713],[150.65839,-35.12698],[150.65871,-35.12671],[150.65879,-35.12665],[150.65891,-35.1266],[150.65959,-35.12637],[150.65973,-35.1263],[150.65996,-35.12622],[150.66014,-35.12597],[150.66022,-35.12581],[150.66028,-35.12556],[150.66042,-35.12509],[150.66042,-35.12497],[150.66046,-35.12479],[150.66049,-35.1245],[150.6606,-35.12414],[150.66067,-35.12393],[150.66075,-35.1237],[150.66082,-35.12359],[150.66084,-35.12352],[150.66091,-35.1234],[150.66097,-35.12329],[150.66105,-35.12316],[150.66109,-35.12305],[150.66119,-35.12279],[150.66122,-35.12275],[150.6613,-35.12261],[150.66133,-35.1225],[150.66138,-35.12221],[150.66139,-35.12192],[150.66141,-35.12183],[150.66143,-35.12176],[150.66144,-35.12151],[150.66144,-35.1207],[150.66149,-35.12054],[150.66158,-35.12033],[150.66167,-35.11999],[150.66171,-35.11978],[150.66177,-35.11948],[150.66181,-35.11933],[150.66187,-35.11922],[150.66188,-35.11906],[150.66184,-35.11892],[150.66176,-35.11867],[150.66173,-35.11857],[150.6617,-35.11849],[150.66159,-35.11827],[150.66151,-35.11811],[150.66138,-35.11787],[150.66137,-35.11785],[150.66136,-35.11781],[150.66439,-35.11821],[150.66441,-35.11822],[150.6645,-35.11823],[150.67067,-35.11906],[150.67397,-35.1195],[150.69318,-35.12208],[150.70113,-35.12315],[150.70196,-35.12302],[150.7023,-35.12318],[150.70292,-35.1233],[150.70365,-35.1233],[150.70525,-35.12302],[150.70565,-35.12287],[150.70597,-35.12261],[150.70707,-35.12239],[150.70729,-35.12241],[150.70744,-35.12238],[150.70784,-35.12222],[150.70814,-35.12221],[150.7083,-35.12223],[150.70847,-35.12229],[150.7087,-35.12242],[150.70887,-35.12256],[150.70904,-35.12278],[150.70925,-35.12289],[150.70929,-35.12294],[150.70929,-35.12299],[150.70946,-35.12312],[150.70958,-35.12342],[150.70968,-35.12362],[150.70972,-35.1237],[150.70981,-35.12389],[150.70993,-35.12409],[150.71074,-35.12512],[150.7121,-35.12673],[150.71226,-35.12693],[150.71262,-35.12746],[150.71264,-35.12752],[150.71288,-35.12791],[150.71329,-35.1285],[150.71363,-35.1289],[150.71367,-35.12896],[150.71412,-35.12948],[150.71434,-35.12979],[150.71476,-35.13034],[150.71501,-35.13061],[150.71512,-35.13074],[150.71526,-35.13088],[150.7168,-35.13242],[150.71704,-35.1327],[150.71712,-35.13279],[150.71747,-35.13315],[150.71783,-35.13342],[150.71936,-35.13441]]],[[[150.76719,-35.12256],[150.76688,-35.1225],[150.76671,-35.1225],[150.76652,-35.12257],[150.76631,-35.12243],[150.76613,-35.1225],[150.76612,-35.1226],[150.76605,-35.12265],[150.76584,-35.12267],[150.76579,-35.12273],[150.76579,-35.12283],[150.76585,-35.12288],[150.76596,-35.12293],[150.76612,-35.12291],[150.76618,-35.12296],[150.76606,-35.1231],[150.76613,-35.12317],[150.7662,-35.12317],[150.76624,-35.12321],[150.76613,-35.12336],[150.76603,-35.12342],[150.7659,-35.12359],[150.76578,-35.12367],[150.76569,-35.12373],[150.76564,-35.12373],[150.76546,-35.12379],[150.7652,-35.12379],[150.76513,-35.12377],[150.76485,-35.12368],[150.76482,-35.1236],[150.76483,-35.12343],[150.76489,-35.12337],[150.76496,-35.12333],[150.76505,-35.12324],[150.76509,-35.12313],[150.76504,-35.12296],[150.76523,-35.12283],[150.76526,-35.12274],[150.76537,-35.12263],[150.76537,-35.12257],[150.76523,-35.12244],[150.76516,-35.12245],[150.76507,-35.12234],[150.76497,-35.12238],[150.76493,-35.1223],[150.76499,-35.12218],[150.76493,-35.1221],[150.76474,-35.12211],[150.76469,-35.12208],[150.76469,-35.122],[150.76474,-35.12188],[150.76481,-35.12182],[150.76478,-35.12171],[150.76483,-35.12164],[150.765,-35.12155],[150.76506,-35.12148],[150.76506,-35.12134],[150.76499,-35.12122],[150.765,-35.12107],[150.76495,-35.12089],[150.76488,-35.12078],[150.76471,-35.12069],[150.7646,-35.12051],[150.76462,-35.12042],[150.76469,-35.12035],[150.76469,-35.12024],[150.76464,-35.12011],[150.76464,-35.11994],[150.76455,-35.11982],[150.76436,-35.11968],[150.7644,-35.11932],[150.76429,-35.11919],[150.76429,-35.1191],[150.76436,-35.11898],[150.76438,-35.11872],[150.76433,-35.11836],[150.76447,-35.11799],[150.76447,-35.11786],[150.76442,-35.11775],[150.76442,-35.11767],[150.7645,-35.11747],[150.76455,-35.11744],[150.76464,-35.11746],[150.76468,-35.11751],[150.76485,-35.11736],[150.76501,-35.11736],[150.76506,-35.1173],[150.76506,-35.11722],[150.76499,-35.11713],[150.76499,-35.11709],[150.76534,-35.11684],[150.76539,-35.11684],[150.76567,-35.11659],[150.76569,-35.1165],[150.76562,-35.11643],[150.76562,-35.11636],[150.76579,-35.11613],[150.76579,-35.11606],[150.76572,-35.11599],[150.7657,-35.1159],[150.76596,-35.11563],[150.766,-35.11553],[150.76607,-35.11546],[150.76616,-35.11541],[150.76633,-35.11546],[150.7664,-35.11551],[150.7665,-35.1155],[150.76652,-35.11534],[150.76657,-35.1153],[150.76666,-35.11528],[150.7668,-35.1152],[150.767,-35.1152],[150.76704,-35.11516],[150.76703,-35.11497],[150.76692,-35.1149],[150.76685,-35.11471],[150.76685,-35.11454],[150.7669,-35.11441],[150.76694,-35.11438],[150.76704,-35.11442],[150.76703,-35.1144],[150.76706,-35.11437],[150.7671,-35.11425],[150.76727,-35.11423],[150.76744,-35.11413],[150.76769,-35.11411],[150.76781,-35.11403],[150.76797,-35.11401],[150.768,-35.11398],[150.76802,-35.1139],[150.76795,-35.11383],[150.76783,-35.1139],[150.76776,-35.11382],[150.76777,-35.11361],[150.76772,-35.11341],[150.76767,-35.11337],[150.76758,-35.11337],[150.76755,-35.11334],[150.76755,-35.11328],[150.7676,-35.1132],[150.76772,-35.11311],[150.76779,-35.11297],[150.76793,-35.11282],[150.76804,-35.11284],[150.76811,-35.11278],[150.76812,-35.11269],[150.76823,-35.11255],[150.76823,-35.11248],[150.76819,-35.11244],[150.76821,-35.11239],[150.76832,-35.11232],[150.7684,-35.11231],[150.76878,-35.11236],[150.76885,-35.11239],[150.7689,-35.11241],[150.76893,-35.11242],[150.76899,-35.11245],[150.76902,-35.11247],[150.76906,-35.11249],[150.7691,-35.11251],[150.76913,-35.11254],[150.76919,-35.11258],[150.76927,-35.11264],[150.76931,-35.11267],[150.76933,-35.11269],[150.7694,-35.11273],[150.76943,-35.11275],[150.76946,-35.11276],[150.76949,-35.11278],[150.76951,-35.11279],[150.76953,-35.1128],[150.76978,-35.11287],[150.77011,-35.113],[150.77013,-35.113],[150.77027,-35.11305],[150.77034,-35.11307],[150.77042,-35.1131],[150.77048,-35.11313],[150.77054,-35.11315],[150.77056,-35.11317],[150.77058,-35.11318],[150.77061,-35.11319],[150.77063,-35.11321],[150.77065,-35.11323],[150.77066,-35.11324],[150.77066,-35.11325],[150.77067,-35.11326],[150.77067,-35.11327],[150.77067,-35.11328],[150.77067,-35.11329],[150.77067,-35.11333],[150.77067,-35.11335],[150.77068,-35.11339],[150.77068,-35.11343],[150.77069,-35.11345],[150.77069,-35.11347],[150.7707,-35.1135],[150.77071,-35.11352],[150.77073,-35.11356],[150.77076,-35.11362],[150.77078,-35.11366],[150.7708,-35.1137],[150.77082,-35.11372],[150.77084,-35.11376],[150.77087,-35.11379],[150.77091,-35.11385],[150.77094,-35.11388],[150.771,-35.11394],[150.77103,-35.11397],[150.77107,-35.11402],[150.77112,-35.11409],[150.77115,-35.11413],[150.77121,-35.11422],[150.77125,-35.11427],[150.77127,-35.11432],[150.77133,-35.11441],[150.77142,-35.11458],[150.77146,-35.11465],[150.77147,-35.11467],[150.77147,-35.11468],[150.7715,-35.11475],[150.77151,-35.11478],[150.77154,-35.11484],[150.77156,-35.11488],[150.77158,-35.11491],[150.77159,-35.11493],[150.7717,-35.11508],[150.77176,-35.11515],[150.77178,-35.1152],[150.77181,-35.11524],[150.77182,-35.11527],[150.77184,-35.11532],[150.77185,-35.11534],[150.77189,-35.11548],[150.77189,-35.11551],[150.7719,-35.11555],[150.77193,-35.11568],[150.77195,-35.1158],[150.77198,-35.11596],[150.772,-35.11611],[150.77207,-35.11661],[150.77208,-35.11669],[150.77208,-35.11677],[150.77209,-35.11681],[150.77209,-35.11696],[150.77209,-35.11705],[150.77209,-35.11711],[150.7721,-35.11715],[150.77211,-35.11721],[150.77212,-35.11726],[150.77215,-35.11741],[150.7722,-35.11763],[150.77221,-35.11771],[150.77222,-35.11774],[150.77223,-35.11778],[150.77223,-35.11782],[150.77224,-35.11787],[150.77224,-35.11796],[150.77225,-35.11809],[150.77225,-35.11813],[150.77225,-35.11816],[150.77226,-35.11823],[150.77228,-35.11838],[150.77228,-35.11842],[150.7723,-35.11854],[150.7723,-35.11859],[150.7723,-35.11865],[150.77231,-35.1187],[150.77231,-35.11878],[150.7723,-35.11899],[150.77229,-35.11911],[150.77229,-35.11914],[150.77228,-35.1192],[150.77228,-35.11925],[150.77226,-35.11938],[150.77225,-35.11942],[150.77223,-35.11948],[150.77222,-35.11952],[150.77221,-35.11956],[150.7722,-35.11957],[150.77219,-35.11958],[150.77218,-35.1196],[150.77216,-35.11962],[150.77208,-35.11968],[150.77206,-35.1197],[150.77205,-35.11971],[150.77204,-35.11973],[150.77203,-35.11975],[150.77202,-35.11978],[150.77201,-35.11981],[150.77199,-35.11993],[150.77199,-35.11996],[150.77198,-35.12],[150.77195,-35.12009],[150.77194,-35.12012],[150.77193,-35.12015],[150.77192,-35.12018],[150.7719,-35.12021],[150.77189,-35.12023],[150.77182,-35.12035],[150.77179,-35.1204],[150.77174,-35.12051],[150.77172,-35.12055],[150.7717,-35.12058],[150.77167,-35.12063],[150.77164,-35.12067],[150.77162,-35.1207],[150.77159,-35.12075],[150.77155,-35.12079],[150.77149,-35.12087],[150.77145,-35.12091],[150.77136,-35.12101],[150.77121,-35.12118],[150.77115,-35.12125],[150.77111,-35.12129],[150.77106,-35.12136],[150.771,-35.12143],[150.77099,-35.12145],[150.77098,-35.12147],[150.77096,-35.1215],[150.77095,-35.12152],[150.77093,-35.12157],[150.77092,-35.12161],[150.77091,-35.12163],[150.77091,-35.12165],[150.77089,-35.12174],[150.77089,-35.12177],[150.77088,-35.1218],[150.77087,-35.12182],[150.77087,-35.12184],[150.77086,-35.12186],[150.77085,-35.12187],[150.77084,-35.12189],[150.77082,-35.12191],[150.77078,-35.12195],[150.77076,-35.12197],[150.77059,-35.12212],[150.77053,-35.12218],[150.77049,-35.12221],[150.77047,-35.12223],[150.77041,-35.12227],[150.77038,-35.12229],[150.77035,-35.12231],[150.77032,-35.12233],[150.77029,-35.12235],[150.77027,-35.12236],[150.77022,-35.12238],[150.77018,-35.12239],[150.77011,-35.12242],[150.77005,-35.12244],[150.77001,-35.12246],[150.76986,-35.12251],[150.76978,-35.12254],[150.76973,-35.12255],[150.7697,-35.12256],[150.76966,-35.12257],[150.76963,-35.12258],[150.7696,-35.12258],[150.76956,-35.12258],[150.76952,-35.12259],[150.76945,-35.12259],[150.7694,-35.12259],[150.76931,-35.12259],[150.76839,-35.12291],[150.76839,-35.12287],[150.76836,-35.12281],[150.76806,-35.1227],[150.76789,-35.12258],[150.76778,-35.12271],[150.76761,-35.12268],[150.76737,-35.1225],[150.76728,-35.1225],[150.76719,-35.12256]]]]}},
{"type":"Feature","properties":{"STE_NAME21":"ACT","Elect_div":"Canberra","index":"CANB"},"geometry":{"type":"MultiPolygon","coordinates":[[[[149.08412,-35.34886],[149.08366,-35.3488],[149.08313,-35.34871],[149.08116,-35.34828],[149.08115,-35.34828],[149.08102,-35.34825],[149.08013,-35.34807],[149.07904,-35.34784],[149.0781,-35.34769],[149.07729,-35.34762],[149.07671,-35.34761],[149.07642,-35.3476],[149.07583,-35.34762],[149.07555,-35.34764],[149.07455,-35.34777],[149.07442,-35.34778],[149.07309,-35.34794],[149.07195,-35.34808],[149.07133,-35.34815],[149.07068,-35.34823],[149.06993,-35.34832],[149.06956,-35.34836],[149.06952,-35.34819],[149.06938,-35.34772],[149.06929,-35.34743],[149.06921,-35.3472],[149.069,-35.34663],[149.06861,-35.34572],[149.06859,-35.34567],[149.06829,-35.34473],[149.06788,-35.34362],[149.06768,-35.34328],[149.06659,-35.34137],[149.0663,-35.34087],[149.06579,-35.33987],[149.06542,-35.33906],[149.06518,-35.3385],[149.06481,-35.33756],[149.0644,-35.33636],[149.06399,-35.3349],[149.06383,-35.3342],[149.06371,-35.33363],[149.06369,-35.3335],[149.06368,-35.33345],[149.06357,-35.3328],[149.06349,-35.33208],[149.06344,-35.33144],[149.06343,-35.3306],[149.06344,-35.33025],[149.06346,-35.32968],[149.0635,-35.32915],[149.06356,-35.32876],[149.06369,-35.32799],[149.0637,-35.32796],[149.06371,-35.32789],[149.06403,-35.32626],[149.06409,-35.32587],[149.06412,-35.32571],[149.06418,-35.32501],[149.06419,-35.32452],[149.06412,-35.32404],[149.06386,-35.3222],[149.0638,-35.32202],[149.06371,-35.3218],[149.06356,-35.32152],[149.06329,-35.3211],[149.06295,-35.32035],[149.06286,-35.32014],[149.06281,-35.31992],[149.06279,-35.31974],[149.06279,-35.31944],[149.06282,-35.31925],[149.06295,-35.31873],[149.06301,-35.31847],[149.06305,-35.31832],[149.06307,-35.31816],[149.06309,-35.31799],[149.06308,-35.31782],[149.06299,-35.31688],[149.06297,-35.31639],[149.06266,-35.31474],[149.06247,-35.31379],[149.06246,-35.31379],[149.0623,-35.31295],[149.06198,-35.31133],[149.06194,-35.31109],[149.0619,-35.31085],[149.06186,-35.31047],[149.06184,-35.31023],[149.06183,-35.31003],[149.06182,-35.30979],[149.06182,-35.3096],[149.06182,-35.30941],[149.06183,-35.30917],[149.06184,-35.30897],[149.06188,-35.30854],[149.0619,-35.3083],[149.06194,-35.30806],[149.06197,-35.30781],[149.06202,-35.30757],[149.06207,-35.30734],[149.06214,-35.30705],[149.06221,-35.30681],[149.06228,-35.30658],[149.06236,-35.30634],[149.06242,-35.30619],[149.06252,-35.30592],[149.06266,-35.3056],[149.0628,-35.30529],[149.06293,-35.30503],[149.06309,-35.30471],[149.06326,-35.30441],[149.06349,-35.30403],[149.06374,-35.30366],[149.06397,-35.30334],[149.06425,-35.30298],[149.06454,-35.30262],[149.06484,-35.30228],[149.06516,-35.30195],[149.06542,-35.30169],[149.06574,-35.30139],[149.06612,-35.30107],[149.06651,-35.30075],[149.0672,-35.30016],[149.06757,-35.29984],[149.06793,-35.2995],[149.06827,-35.29917],[149.06866,-35.29877],[149.06899,-35.29841],[149.06931,-35.29803],[149.06954,-35.29775],[149.0698,-35.29741],[149.07005,-35.29707],[149.07029,-35.29673],[149.07051,-35.29637],[149.0717,-35.29444],[149.07182,-35.29427],[149.07191,-35.29413],[149.07212,-35.29385],[149.07233,-35.29358],[149.07256,-35.29333],[149.07278,-35.2931],[149.07305,-35.29283],[149.07322,-35.29267],[149.07337,-35.29254],[149.07355,-35.29238],[149.0737,-35.29226],[149.07386,-35.29213],[149.07406,-35.29199],[149.07434,-35.29178],[149.07463,-35.29159],[149.0748,-35.29148],[149.07549,-35.29106],[149.07606,-35.2907],[149.07811,-35.28944],[149.07942,-35.28863],[149.07959,-35.28852],[149.08072,-35.28782],[149.08107,-35.28759],[149.08142,-35.28736],[149.08264,-35.28651],[149.08335,-35.286],[149.08361,-35.28581],[149.08382,-35.28564],[149.08402,-35.28548],[149.08423,-35.28529],[149.08441,-35.28512],[149.08457,-35.28495],[149.08476,-35.28475],[149.08499,-35.28448],[149.08524,-35.2841],[149.08543,-35.28405],[149.08545,-35.28405],[149.08564,-35.28413],[149.08544,-35.28404],[149.08546,-35.284],[149.08565,-35.28367],[149.08579,-35.2834],[149.08594,-35.28305],[149.08606,-35.28273],[149.08618,-35.28237],[149.08628,-35.282],[149.08638,-35.28155],[149.08641,-35.28135],[149.08647,-35.28062],[149.08632,-35.28043],[149.08618,-35.28024],[149.08607,-35.28011],[149.08597,-35.28],[149.08584,-35.27988],[149.0857,-35.27978],[149.08547,-35.27964],[149.08538,-35.2796],[149.08506,-35.27947],[149.08481,-35.2794],[149.08458,-35.27936],[149.08451,-35.27936],[149.08394,-35.27927],[149.08379,-35.27925],[149.08352,-35.27922],[149.08329,-35.27918],[149.08319,-35.27915],[149.08302,-35.27912],[149.08265,-35.27901],[149.08249,-35.27896],[149.08232,-35.2789],[149.08213,-35.27882],[149.08182,-35.27867],[149.08168,-35.2786],[149.08088,-35.27823],[149.07889,-35.2773],[149.07822,-35.27703],[149.07764,-35.27685],[149.07699,-35.2767],[149.07656,-35.27663],[149.0757,-35.27654],[149.07284,-35.27632],[149.0714,-35.27618],[149.07121,-35.27616],[149.07059,-35.27608],[149.07009,-35.27601],[149.06951,-35.2759],[149.06909,-35.27582],[149.06849,-35.2757],[149.06826,-35.27564],[149.06776,-35.2755],[149.06743,-35.27539],[149.06719,-35.2753],[149.06676,-35.27513],[149.06659,-35.27505],[149.06629,-35.27492],[149.06594,-35.27479],[149.06562,-35.27469],[149.06526,-35.27458],[149.0648,-35.27446],[149.06422,-35.27432],[149.06367,-35.27417],[149.06319,-35.27403],[149.06261,-35.27384],[149.06216,-35.27367],[149.06165,-35.27347],[149.06121,-35.27327],[149.05733,-35.27155],[149.05516,-35.27066],[149.05307,-35.2698],[149.05263,-35.26963],[149.05221,-35.26949],[149.05156,-35.2693],[149.05116,-35.26921],[149.05114,-35.26921],[149.0505,-35.2691],[149.05015,-35.26906],[149.04976,-35.26902],[149.04923,-35.26898],[149.04887,-35.26898],[149.04854,-35.26899],[149.04831,-35.26901],[149.04829,-35.269],[149.04766,-35.26904],[149.04706,-35.26909],[149.0464,-35.26918],[149.04587,-35.26926],[149.04546,-35.26934],[149.04365,-35.26966],[149.04305,-35.26978],[149.04226,-35.26987],[149.04155,-35.26991],[149.0407,-35.2699],[149.03971,-35.26979],[149.03889,-35.26965],[149.03808,-35.26945],[149.03742,-35.26921],[149.03672,-35.26888],[149.03638,-35.26869],[149.03592,-35.26838],[149.03542,-35.26797],[149.03512,-35.26768],[149.03471,-35.26719],[149.03448,-35.26686],[149.03416,-35.26629],[149.03397,-35.26587],[149.03396,-35.26588],[149.03355,-35.26501],[149.03293,-35.26395],[149.03228,-35.26306],[149.03155,-35.26225],[149.03064,-35.26139],[149.02916,-35.2601],[149.02843,-35.25945],[149.02762,-35.25856],[149.02689,-35.25745],[149.02638,-35.25622],[149.02609,-35.25482],[149.02611,-35.25353],[149.02633,-35.25224],[149.02719,-35.24735],[149.027199277108423,-35.247340722891565],[149.02719,-35.24734],[149.02757,-35.24535],[149.02758,-35.24512],[149.0276,-35.24497],[149.02764,-35.24477],[149.02769,-35.2446],[149.02775,-35.24436],[149.02783,-35.24406],[149.02792,-35.24377],[149.02801,-35.24347],[149.02807,-35.24329],[149.02814,-35.2431],[149.0282,-35.24294],[149.02826,-35.24279],[149.0283,-35.24271],[149.02841,-35.24245],[149.02845,-35.24234],[149.02847,-35.24223],[149.02849,-35.24212],[149.0285,-35.24204],[149.02851,-35.24203],[149.02865,-35.24216],[149.02872,-35.24199],[149.02894,-35.24157],[149.02907,-35.24135],[149.03015,-35.23958],[149.0303,-35.23963],[149.03324,-35.24061],[149.03355,-35.2407],[149.0338,-35.24076],[149.03409,-35.24082],[149.03437,-35.24088],[149.03488,-35.24096],[149.03526,-35.241],[149.03569,-35.24103],[149.03596,-35.24104],[149.03624,-35.24104],[149.03652,-35.24104],[149.03844,-35.24097],[149.0388,-35.24096],[149.039,-35.24095],[149.03917,-35.24095],[149.03949,-35.24096],[149.03978,-35.24098],[149.04007,-35.241],[149.04031,-35.24102],[149.04065,-35.24107],[149.04096,-35.24111],[149.04133,-35.24118],[149.04186,-35.24129],[149.04214,-35.24137],[149.04239,-35.24144],[149.04263,-35.24151],[149.04284,-35.24158],[149.04306,-35.24166],[149.0433,-35.24174],[149.04374,-35.24191],[149.04443,-35.24218],[149.04559,-35.24262],[149.04572,-35.24267],[149.04602,-35.24277],[149.04635,-35.24288],[149.04687,-35.24303],[149.0474,-35.24316],[149.04768,-35.24323],[149.04776,-35.24324],[149.04813,-35.24332],[149.04835,-35.24336],[149.04846,-35.24338],[149.0488,-35.24343],[149.04912,-35.24347],[149.04951,-35.24352],[149.04992,-35.24355],[149.05034,-35.24357],[149.05079,-35.24359],[149.05387,-35.24369],[149.05595,-35.24376],[149.05626,-35.24377],[149.0565,-35.24378],[149.05723,-35.24385],[149.05757,-35.2439],[149.05792,-35.24396],[149.05816,-35.24401],[149.05842,-35.24406],[149.05866,-35.24413],[149.05898,-35.24422],[149.0592,-35.24429],[149.05974,-35.2445],[149.06006,-35.24464],[149.0604,-35.2448],[149.06328,-35.24634],[149.06379,-35.24661],[149.06382,-35.24662],[149.06418,-35.2468],[149.06458,-35.24698],[149.06499,-35.24716],[149.06546,-35.24736],[149.06614,-35.24762],[149.06638,-35.24771],[149.06674,-35.24784],[149.06736,-35.24804],[149.06763,-35.24812],[149.06829,-35.2483],[149.0688,-35.24843],[149.0728,-35.24946],[149.07563,-35.25039],[149.07578,-35.25044],[149.07588,-35.25017],[149.07595,-35.24996],[149.07616,-35.24928],[149.07623,-35.24885],[149.07622,-35.24843],[149.07621,-35.24834],[149.0762,-35.24817],[149.07619,-35.24805],[149.07614,-35.24779],[149.07609,-35.24758],[149.07606,-35.24744],[149.07602,-35.24734],[149.07593,-35.24709],[149.07586,-35.24695],[149.07579,-35.24681],[149.07568,-35.24662],[149.07486,-35.24537],[149.0747,-35.24513],[149.07449,-35.24477],[149.07439,-35.24459],[149.0743,-35.2444],[149.07422,-35.24423],[149.07409,-35.24393],[149.07405,-35.24381],[149.07396,-35.24355],[149.07392,-35.24343],[149.07387,-35.24324],[149.0738,-35.24299],[149.0734,-35.24109],[149.07419,-35.24109],[149.07424,-35.24109],[149.07431,-35.24109],[149.07436,-35.24108],[149.07442,-35.24107],[149.07448,-35.24105],[149.07453,-35.24104],[149.07458,-35.24102],[149.07464,-35.24099],[149.07469,-35.24097],[149.07473,-35.24095],[149.07479,-35.2409],[149.07486,-35.24085],[149.07491,-35.2408],[149.07496,-35.24075],[149.07572,-35.23972],[149.07635,-35.23887],[149.07664,-35.23848],[149.07665,-35.23846],[149.07677,-35.23828],[149.07686,-35.23811],[149.07689,-35.23805],[149.07695,-35.23787],[149.07708,-35.23734],[149.07736,-35.23641],[149.07767,-35.23556],[149.0777,-35.2355],[149.07784,-35.23512],[149.07791,-35.23495],[149.07801,-35.23473],[149.0781,-35.23456],[149.07816,-35.23445],[149.0782,-35.23438],[149.07835,-35.23415],[149.07841,-35.23406],[149.0785,-35.23393],[149.07933,-35.23281],[149.07966,-35.2323],[149.07988,-35.23192],[149.08005,-35.2316],[149.08019,-35.23125],[149.08029,-35.231],[149.08005,-35.23094],[149.07964,-35.23082],[149.07944,-35.23076],[149.07923,-35.23068],[149.07904,-35.23061],[149.07885,-35.23053],[149.07866,-35.23045],[149.07829,-35.23026],[149.07814,-35.23018],[149.07797,-35.23009],[149.07767,-35.2299],[149.07764,-35.22988],[149.07747,-35.22977],[149.07717,-35.22955],[149.07687,-35.22931],[149.07676,-35.22922],[149.07663,-35.2291],[149.07652,-35.22899],[149.07634,-35.22882],[149.0761,-35.22856],[149.07588,-35.22828],[149.07564,-35.22795],[149.07534,-35.22752],[149.07418,-35.22584],[149.07427,-35.2258],[149.07493,-35.22551],[149.07492,-35.22553],[149.07543,-35.2253],[149.07554,-35.22525],[149.07569,-35.22518],[149.07585,-35.2251],[149.07589,-35.22508],[149.07594,-35.22506],[149.07604,-35.225],[149.07617,-35.22493],[149.07631,-35.22485],[149.07632,-35.22484],[149.07634,-35.22483],[149.07644,-35.22477],[149.07657,-35.22468],[149.07667,-35.22462],[149.07668,-35.22461],[149.07673,-35.22458],[149.0769,-35.22445],[149.07692,-35.22444],[149.07695,-35.22442],[149.07696,-35.22441],[149.07701,-35.22438],[149.07712,-35.22429],[149.07721,-35.22422],[149.07733,-35.22412],[149.07736,-35.22409],[149.07738,-35.22407],[149.07747,-35.224],[149.0775,-35.22397],[149.07751,-35.22396],[149.07752,-35.22395],[149.07757,-35.2239],[149.07764,-35.22384],[149.07769,-35.2238],[149.07775,-35.22374],[149.07777,-35.22371],[149.0778,-35.22368],[149.07785,-35.22363],[149.07797,-35.22351],[149.0781,-35.22336],[149.07813,-35.22332],[149.07817,-35.22328],[149.07818,-35.22327],[149.07821,-35.22323],[149.07827,-35.22315],[149.0783,-35.22312],[149.07832,-35.22309],[149.07838,-35.22301],[149.07849,-35.22286],[149.07852,-35.22282],[149.07855,-35.22277],[149.07857,-35.22275],[149.07864,-35.22264],[149.07868,-35.22258],[149.07872,-35.22251],[149.0788,-35.22238],[149.07886,-35.22227],[149.07892,-35.22217],[149.07899,-35.22203],[149.079,-35.22201],[149.07991,-35.22016],[149.08,-35.21999],[149.08007,-35.21986],[149.08012,-35.21978],[149.08014,-35.21974],[149.08015,-35.21972],[149.08016,-35.21971],[149.08021,-35.21964],[149.08022,-35.21962],[149.08024,-35.21959],[149.08031,-35.21947],[149.08039,-35.21936],[149.08044,-35.2193],[149.08046,-35.21927],[149.08047,-35.21926],[149.08052,-35.21919],[149.08063,-35.21905],[149.08068,-35.219],[149.08069,-35.21898],[149.08074,-35.21893],[149.08086,-35.2188],[149.08087,-35.21878],[149.08091,-35.21874],[149.08092,-35.21873],[149.08093,-35.21872],[149.08103,-35.21862],[149.08104,-35.21861],[149.08109,-35.21856],[149.0811,-35.21855],[149.08117,-35.21848],[149.08125,-35.21841],[149.08126,-35.2184],[149.08127,-35.21838],[149.08128,-35.21838],[149.08133,-35.21833],[149.08142,-35.21825],[149.08143,-35.21825],[149.08144,-35.21824],[149.08153,-35.21816],[149.08163,-35.21808],[149.08171,-35.21802],[149.08172,-35.21801],[149.08173,-35.218],[149.08176,-35.21798],[149.08186,-35.2179],[149.0819,-35.21788],[149.08193,-35.21786],[149.08205,-35.21777],[149.08207,-35.21776],[149.08291,-35.2172],[149.0844,-35.2162],[149.08486,-35.21588],[149.08498,-35.21579],[149.08515,-35.21566],[149.08523,-35.21559],[149.08558,-35.21527],[149.08572,-35.21512],[149.08592,-35.21491],[149.08601,-35.21479],[149.08623,-35.21451],[149.08636,-35.2143],[149.08647,-35.21413],[149.08658,-35.21393],[149.08668,-35.21373],[149.08678,-35.21351],[149.08686,-35.21331],[149.08696,-35.213],[149.08704,-35.2127],[149.08708,-35.21245],[149.08728,-35.21125],[149.08736,-35.21092],[149.08747,-35.21056],[149.08763,-35.21014],[149.08782,-35.20975],[149.08805,-35.20936],[149.08837,-35.20889],[149.08888,-35.20813],[149.08904,-35.20787],[149.08922,-35.20752],[149.08937,-35.20714],[149.08947,-35.20679],[149.08953,-35.20646],[149.0896,-35.20544],[149.08964,-35.20512],[149.08974,-35.20474],[149.08989,-35.20432],[149.09011,-35.20389],[149.09035,-35.20353],[149.09066,-35.20316],[149.09099,-35.20284],[149.09131,-35.20259],[149.09269,-35.20194],[149.093,-35.20184],[149.09328,-35.20178],[149.09364,-35.20174],[149.09422,-35.20176],[149.09433,-35.20179],[149.09455,-35.2018],[149.09478,-35.20174],[149.09495,-35.20164],[149.09497,-35.20162],[149.09506,-35.20149],[149.09507,-35.20136],[149.09533,-35.20139],[149.09544,-35.20155],[149.09553,-35.20168],[149.09562,-35.2018],[149.09573,-35.20192],[149.09585,-35.20202],[149.09762,-35.20343],[149.09805,-35.20375],[149.09888,-35.20431],[149.09958,-35.20482],[149.10054,-35.20533],[149.102,-35.20614],[149.10272,-35.20651],[149.10371,-35.20701],[149.10568,-35.208],[149.10773,-35.20903],[149.10824,-35.20929],[149.10854,-35.20945],[149.10887,-35.20966],[149.1089,-35.20968],[149.10925,-35.20993],[149.10965,-35.21024],[149.11001,-35.21054],[149.11067,-35.21117],[149.11103,-35.21158],[149.11214,-35.21288],[149.11285,-35.21372],[149.1133,-35.21421],[149.11377,-35.2147],[149.11471,-35.21558],[149.11636,-35.21696],[149.11707,-35.2176],[149.11713,-35.21766],[149.11791,-35.21843],[149.11903,-35.2196],[149.11909,-35.21966],[149.11916,-35.21976],[149.12,-35.22091],[149.1209,-35.22245],[149.12164,-35.22374],[149.12262,-35.22574],[149.1227,-35.2259],[149.12448,-35.22994],[149.12462,-35.23026],[149.12513,-35.23138],[149.13437,-35.22872],[149.13568,-35.22834],[149.14212,-35.22555],[149.14389,-35.22579],[149.14391,-35.22592],[149.14448,-35.2263],[149.15129,-35.23096],[149.15198,-35.23047],[149.15252,-35.2301],[149.1536,-35.22934],[149.15429,-35.22888],[149.15505,-35.22837],[149.15564,-35.228],[149.1565,-35.22747],[149.15682,-35.22733],[149.15812,-35.22676],[149.16517,-35.22463],[149.16706,-35.22406],[149.16861,-35.22359],[149.17152,-35.22273],[149.17237,-35.22247],[149.17356,-35.22211],[149.17409,-35.22193],[149.17733,-35.22072],[149.17791,-35.22048],[149.17812,-35.22037],[149.17845,-35.2202],[149.17903,-35.21986],[149.17954,-35.2195],[149.18711,-35.21369],[149.18906,-35.21219],[149.18935,-35.21194],[149.18963,-35.21166],[149.18983,-35.21142],[149.19023,-35.2109],[149.19141,-35.20938],[149.19177,-35.20897],[149.19217,-35.20858],[149.19269,-35.20813],[149.19321,-35.20775],[149.19372,-35.20742],[149.19435,-35.20707],[149.19495,-35.20679],[149.19555,-35.20655],[149.19614,-35.20635],[149.19678,-35.20618],[149.19764,-35.206],[149.2007,-35.20555],[149.2007,-35.20556],[149.20068,-35.20634],[149.20423,-35.20894],[149.2059,-35.21155],[149.2072,-35.21184],[149.20852,-35.2115],[149.20871,-35.21305],[149.20763,-35.21586],[149.20756,-35.21603],[149.20756,-35.21604],[149.2061,-35.21626],[149.20562,-35.21743],[149.20503,-35.21985],[149.20246,-35.22461],[149.20328,-35.22614],[149.20428,-35.22668],[149.20499,-35.22909],[149.20977,-35.22648],[149.21085,-35.22512],[149.21196,-35.22211],[149.21306,-35.22027],[149.21379,-35.21959],[149.21601,-35.21974],[149.21999,-35.22069],[149.22352,-35.21912],[149.22428,-35.21935],[149.22581,-35.2193],[149.22704,-35.21983],[149.22878,-35.22167],[149.23172,-35.22199],[149.2318,-35.22196],[149.2344,-35.22099],[149.23652,-35.22155],[149.23711,-35.22235],[149.2387,-35.22221],[149.23991,-35.22313],[149.24073,-35.22503],[149.24129,-35.22533],[149.24327,-35.22545],[149.24554,-35.22671],[149.24602,-35.22725],[149.24613,-35.22797],[149.2468,-35.22914],[149.24632,-35.22986],[149.24596,-35.2307],[149.24481,-35.23136],[149.24294,-35.23132],[149.24275,-35.23165],[149.24294,-35.23212],[149.24298,-35.23285],[149.24277,-35.23362],[149.24152,-35.23502],[149.24125,-35.23674],[149.23843,-35.2379],[149.23849,-35.23834],[149.23705,-35.2389],[149.23619,-35.23973],[149.23456,-35.24046],[149.23438,-35.24278],[149.2349,-35.24341],[149.2373,-35.24328],[149.23795,-35.24356],[149.24061,-35.2458],[149.24187,-35.24635],[149.24274,-35.24611],[149.24427,-35.2464],[149.24581,-35.24737],[149.24724,-35.24651],[149.24943,-35.24717],[149.25033,-35.24797],[149.24966,-35.24934],[149.25,-35.25072],[149.25066,-35.25223],[149.25302,-35.25222],[149.25391,-35.25363],[149.25535,-35.25537],[149.25538,-35.25633],[149.25733,-35.25719],[149.26001,-35.25734],[149.2613,-35.25691],[149.26227,-35.25738],[149.26271,-35.2582],[149.26286,-35.25849],[149.26287,-35.25851],[149.26771,-35.25943],[149.2696,-35.25876],[149.27055,-35.25914],[149.27176,-35.25901],[149.27318,-35.25917],[149.27332,-35.25992],[149.27283,-35.26048],[149.27302,-35.26123],[149.27256,-35.26182],[149.27278,-35.26264],[149.2738,-35.2632],[149.27352,-35.26421],[149.27347,-35.26609],[149.27208,-35.26695],[149.27248,-35.26728],[149.27237,-35.26942],[149.27172,-35.27012],[149.27163,-35.27079],[149.27226,-35.2719],[149.27181,-35.27347],[149.27245,-35.27338],[149.27438,-35.2749],[149.27538,-35.27504],[149.27576,-35.27379],[149.27639,-35.27307],[149.27703,-35.27132],[149.27845,-35.27074],[149.27963,-35.27064],[149.28013,-35.27105],[149.28153,-35.27098],[149.28298,-35.27205],[149.28544,-35.27162],[149.28733,-35.27295],[149.28753,-35.27411],[149.28837,-35.27523],[149.2893,-35.27569],[149.29144,-35.27423],[149.29365,-35.27418],[149.29431,-35.27354],[149.29668,-35.27242],[149.29724,-35.27271],[149.29733,-35.27275],[149.29847,-35.27214],[149.29879,-35.27216],[149.30067,-35.27283],[149.30165,-35.27288],[149.3021,-35.27322],[149.30223,-35.27389],[149.30272,-35.2741],[149.30385,-35.27336],[149.30577,-35.27398],[149.30623,-35.27449],[149.30542,-35.27552],[149.30665,-35.27653],[149.30907,-35.27619],[149.30977,-35.27826],[149.3117,-35.27751],[149.31214,-35.27657],[149.31423,-35.27595],[149.31454,-35.27603],[149.31531,-35.27622],[149.31607,-35.27866],[149.31657,-35.27943],[149.31628,-35.28054],[149.31627,-35.28177],[149.31705,-35.28195],[149.31833,-35.28281],[149.31935,-35.2838],[149.32035,-35.28393],[149.32096,-35.28439],[149.32128,-35.28521],[149.32204,-35.28577],[149.32248,-35.28673],[149.32352,-35.2864],[149.32459,-35.28638],[149.32503,-35.28437],[149.32544,-35.28345],[149.32654,-35.28242],[149.32757,-35.28239],[149.3288,-35.28315],[149.33001,-35.28442],[149.33116,-35.28452],[149.3317,-35.28518],[149.33288,-35.28534],[149.33478,-35.28629],[149.33486,-35.28696],[149.33576,-35.28737],[149.33581,-35.2884],[149.33633,-35.28872],[149.33762,-35.28786],[149.3377,-35.28696],[149.33971,-35.28629],[149.3415,-35.28669],[149.34144,-35.28895],[149.34284,-35.29017],[149.34322,-35.29203],[149.34504,-35.29219],[149.34577,-35.29186],[149.34788,-35.29157],[149.34888,-35.29206],[149.34877,-35.29285],[149.34809,-35.29347],[149.34895,-35.29442],[149.34971,-35.29439],[149.35051,-35.29594],[149.35057,-35.2967],[149.35017,-35.29725],[149.35043,-35.29815],[149.35035,-35.29875],[149.35056,-35.29935],[149.35202,-35.29986],[149.35372,-35.29972],[149.35503,-35.29964],[149.35662,-35.30058],[149.35762,-35.3008],[149.35951,-35.30157],[149.36096,-35.30159],[149.362,-35.30308],[149.36193,-35.30428],[149.36107,-35.30594],[149.35966,-35.30753],[149.36167,-35.30901],[149.3638,-35.30863],[149.36585,-35.30851],[149.36681,-35.30801],[149.3699,-35.30825],[149.37197,-35.30675],[149.3738,-35.3048],[149.37601,-35.30511],[149.37606,-35.30487],[149.3778,-35.30511],[149.37987,-35.3057],[149.38163,-35.30568],[149.3819,-35.30625],[149.3837,-35.30646],[149.38418,-35.30434],[149.38658,-35.3034],[149.38827,-35.3036],[149.38968,-35.30268],[149.39161,-35.30344],[149.39342,-35.30291],[149.39462,-35.30314],[149.39479,-35.30318],[149.39496,-35.30402],[149.39501,-35.30464],[149.39495,-35.30558],[149.39469,-35.30655],[149.39535,-35.3073],[149.3945,-35.30918],[149.39643,-35.30967],[149.39729,-35.31099],[149.39714,-35.31353],[149.39669,-35.31417],[149.39714,-35.31596],[149.39721,-35.3173],[149.39801,-35.31857],[149.39929,-35.31908],[149.39817,-35.3206],[149.39816,-35.32094],[149.39814,-35.32193],[149.39743,-35.32334],[149.39718,-35.32424],[149.39804,-35.32524],[149.39714,-35.32571],[149.39655,-35.3261],[149.39515,-35.32684],[149.39492,-35.32697],[149.39447,-35.32725],[149.39417,-35.32747],[149.394,-35.32759],[149.39384,-35.32771],[149.39372,-35.32781],[149.39363,-35.32789],[149.39352,-35.32798],[149.39338,-35.32811],[149.39309,-35.3284],[149.39287,-35.32864],[149.39284,-35.32867],[149.3927,-35.32883],[149.39226,-35.32937],[149.39187,-35.32981],[149.39173,-35.32996],[149.39158,-35.3301],[149.39144,-35.33023],[149.39128,-35.33035],[149.39111,-35.33048],[149.39099,-35.33057],[149.39082,-35.33069],[149.39064,-35.3308],[149.39046,-35.3309],[149.39019,-35.33104],[149.38999,-35.33113],[149.38959,-35.33129],[149.38938,-35.33137],[149.38918,-35.33143],[149.38897,-35.33149],[149.38876,-35.33155],[149.38861,-35.33157],[149.38728,-35.33183],[149.38707,-35.33188],[149.38685,-35.33193],[149.38664,-35.33199],[149.38643,-35.33205],[149.38623,-35.33212],[149.38603,-35.3322],[149.38583,-35.33228],[149.38564,-35.33237],[149.38536,-35.3325],[149.37644,-35.33713],[149.37615,-35.33727],[149.37594,-35.33737],[149.37574,-35.33745],[149.37547,-35.33757],[149.37527,-35.33765],[149.37507,-35.33772],[149.37486,-35.3378],[149.3746,-35.33789],[149.37396,-35.33804],[149.37328,-35.33822],[149.3727,-35.3384],[149.37221,-35.33851],[149.37198,-35.33848],[149.37201,-35.33856],[149.36842,-35.3394],[149.36821,-35.33945],[149.368,-35.33951],[149.36779,-35.33957],[149.36759,-35.33964],[149.36739,-35.33973],[149.36719,-35.33981],[149.367,-35.33991],[149.36686,-35.33999],[149.36661,-35.34014],[149.36642,-35.34027],[149.36623,-35.34045],[149.36599,-35.34067],[149.36585,-35.34081],[149.36576,-35.34092],[149.36564,-35.34107],[149.36545,-35.34134],[149.36539,-35.34141],[149.36535,-35.3415],[149.36525,-35.34167],[149.36518,-35.34184],[149.36511,-35.34202],[149.36505,-35.34219],[149.36501,-35.34237],[149.36497,-35.34255],[149.36495,-35.34273],[149.36493,-35.34291],[149.36492,-35.3431],[149.36492,-35.34328],[149.36493,-35.34332],[149.36491,-35.3438],[149.36498,-35.34513],[149.36499,-35.34532],[149.36506,-35.3464],[149.36506,-35.34648],[149.36505,-35.34657],[149.365,-35.34683],[149.36499,-35.34688],[149.36492,-35.34709],[149.36483,-35.34728],[149.36478,-35.34735],[149.36454,-35.34764],[149.36446,-35.34772],[149.36431,-35.34785],[149.36414,-35.34796],[149.3639,-35.34809],[149.36366,-35.34822],[149.36357,-35.34826],[149.36345,-35.3483],[149.36335,-35.34832],[149.36306,-35.34838],[149.36279,-35.3484],[149.36246,-35.34839],[149.362,-35.34833],[149.36133,-35.34823],[149.36126,-35.34821],[149.36115,-35.34821],[149.36069,-35.34824],[149.36064,-35.34825],[149.36047,-35.34827],[149.36026,-35.34831],[149.36012,-35.34834],[149.35991,-35.34841],[149.3597,-35.34848],[149.35956,-35.34854],[149.35951,-35.34857],[149.35933,-35.34868],[149.35913,-35.34883],[149.35882,-35.34909],[149.35847,-35.34944],[149.35833,-35.34958],[149.35817,-35.34971],[149.3579,-35.34992],[149.35773,-35.35003],[149.35755,-35.35014],[149.35737,-35.35024],[149.3571,-35.35036],[149.35689,-35.35043],[149.35668,-35.35049],[149.35648,-35.35055],[149.35626,-35.3506],[149.35604,-35.35064],[149.35557,-35.3507],[149.35145,-35.35124],[149.35123,-35.35125],[149.35101,-35.35125],[149.35079,-35.35125],[149.35057,-35.35125],[149.35035,-35.35124],[149.35012,-35.35122],[149.34994,-35.3512],[149.34973,-35.35115],[149.3493,-35.35107],[149.34909,-35.35101],[149.34878,-35.3509],[149.34864,-35.35085],[149.34825,-35.35066],[149.34807,-35.35057],[149.34788,-35.35046],[149.34771,-35.35035],[149.34753,-35.35023],[149.34386,-35.34721],[149.34125,-35.34508],[149.34106,-35.34491],[149.34091,-35.34477],[149.34078,-35.34463],[149.34065,-35.34448],[149.34053,-35.34433],[149.34045,-35.34422],[149.34035,-35.34406],[149.34026,-35.34389],[149.34019,-35.34372],[149.34012,-35.34355],[149.34006,-35.34337],[149.34005,-35.34333],[149.33994,-35.3426],[149.33981,-35.34222],[149.33942,-35.34165],[149.33932,-35.34149],[149.3392,-35.34134],[149.33908,-35.34119],[149.33894,-35.34105],[149.3388,-35.3409],[149.33876,-35.34086],[149.3386,-35.34073],[149.33844,-35.34061],[149.33827,-35.34048],[149.3381,-35.34037],[149.33792,-35.34026],[149.33773,-35.34017],[149.33754,-35.34008],[149.33745,-35.34004],[149.33725,-35.33996],[149.33704,-35.33988],[149.33684,-35.33982],[149.33663,-35.33977],[149.33642,-35.33971],[149.3362,-35.33967],[149.32702,-35.33822],[149.32707,-35.33804],[149.32647,-35.33795],[149.32631,-35.33811],[149.32405,-35.33775],[149.32022,-35.33713],[149.31956,-35.33699],[149.31927,-35.33694],[149.31892,-35.33677],[149.31575,-35.33625],[149.31493,-35.33615],[149.31403,-35.33603],[149.31331,-35.33595],[149.31208,-35.33584],[149.31196,-35.33583],[149.31186,-35.33583],[149.30938,-35.33585],[149.30863,-35.33584],[149.30863,-35.33575],[149.30797,-35.33574],[149.30797,-35.33583],[149.30549,-35.33578],[149.30527,-35.33578],[149.30504,-35.33577],[149.30483,-35.33574],[149.30461,-35.3357],[149.30451,-35.33567],[149.30431,-35.33558],[149.30413,-35.33548],[149.30395,-35.33538],[149.30377,-35.33527],[149.30361,-35.33514],[149.30357,-35.33511],[149.30321,-35.3347],[149.30283,-35.33414],[149.30252,-35.33368],[149.30233,-35.3335],[149.30179,-35.3333],[149.30131,-35.33316],[149.30109,-35.3331],[149.30088,-35.33306],[149.30066,-35.33302],[149.30044,-35.33299],[149.30022,-35.33299],[149.29999,-35.33301],[149.29864,-35.33306],[149.2981,-35.33304],[149.29787,-35.33305],[149.29565,-35.33315],[149.29563,-35.33295],[149.29367,-35.33212],[149.29363,-35.33231],[149.29542,-35.33306],[149.29542,-35.33316],[149.29449,-35.3332],[149.29427,-35.33321],[149.2942,-35.33322],[149.29405,-35.33324],[149.29384,-35.33329],[149.29362,-35.33334],[149.29342,-35.33338],[149.29304,-35.33345],[149.29294,-35.33347],[149.29273,-35.33354],[149.29253,-35.33361],[149.2922,-35.33372],[149.2921,-35.33376],[149.29171,-35.33396],[149.29137,-35.33414],[149.29127,-35.33419],[149.29123,-35.33422],[149.29015,-35.3348],[149.29017,-35.33471],[149.28967,-35.33507],[149.289,-35.33543],[149.28833,-35.33564],[149.28673,-35.33651],[149.2864,-35.33669],[149.28617,-35.33682],[149.2846,-35.33771],[149.28408,-35.33788],[149.28302,-35.33809],[149.28259,-35.33813],[149.28173,-35.33806],[149.28081,-35.33789],[149.28034,-35.33774],[149.27728,-35.33618],[149.27717,-35.33613],[149.27705,-35.33607],[149.27693,-35.33602],[149.27681,-35.33598],[149.27669,-35.33594],[149.27656,-35.33591],[149.27643,-35.33588],[149.2763,-35.33586],[149.27617,-35.33584],[149.27604,-35.33582],[149.2759,-35.33582],[149.27576,-35.33582],[149.27561,-35.33582],[149.27547,-35.33583],[149.27533,-35.33585],[149.27452,-35.33599],[149.27392,-35.33597],[149.27325,-35.33575],[149.27241,-35.33544],[149.27148,-35.3352],[149.27068,-35.33513],[149.2701,-35.33517],[149.26961,-35.33514],[149.26881,-35.33511],[149.26838,-35.33505],[149.26792,-35.33486],[149.26718,-35.33441],[149.26658,-35.33389],[149.26635,-35.33356],[149.26565,-35.33307],[149.26494,-35.33261],[149.26406,-35.33224],[149.26319,-35.33164],[149.26309,-35.33157],[149.26298,-35.33151],[149.26286,-35.33145],[149.26275,-35.3314],[149.26263,-35.33136],[149.26249,-35.33131],[149.26236,-35.33127],[149.26222,-35.33124],[149.26208,-35.33121],[149.2618,-35.33117],[149.26165,-35.33115],[149.2615,-35.33114],[149.26136,-35.33114],[149.26121,-35.33115],[149.26107,-35.33116],[149.26092,-35.33118],[149.26078,-35.3312],[149.26064,-35.33123],[149.2605,-35.33127],[149.26047,-35.33128],[149.26036,-35.33131],[149.25961,-35.33164],[149.25858,-35.33196],[149.25812,-35.33178],[149.25756,-35.33169],[149.25657,-35.33138],[149.25603,-35.33095],[149.25593,-35.33087],[149.25582,-35.33078],[149.25571,-35.33071],[149.25561,-35.33065],[149.25552,-35.3306],[149.25543,-35.33055],[149.25532,-35.3305],[149.25506,-35.33019],[149.25475,-35.33011],[149.25435,-35.33018],[149.25345,-35.33016],[149.25309,-35.33023],[149.25171,-35.33024],[149.25168,-35.33024],[149.25042,-35.33016],[149.24998,-35.33015],[149.24976,-35.33013],[149.24953,-35.33011],[149.24931,-35.33011],[149.24921,-35.33013],[149.249,-35.33017],[149.24878,-35.33022],[149.24857,-35.33028],[149.24836,-35.33033],[149.24816,-35.3304],[149.24793,-35.33048],[149.24774,-35.33057],[149.24755,-35.33066],[149.24738,-35.33077],[149.24719,-35.33087],[149.24701,-35.33098],[149.24685,-35.3311],[149.24669,-35.33123],[149.24655,-35.33134],[149.2464,-35.33148],[149.24626,-35.33162],[149.24612,-35.33176],[149.246,-35.33191],[149.2459,-35.33208],[149.2458,-35.33224],[149.24497,-35.33368],[149.24486,-35.33385],[149.24475,-35.33402],[149.24463,-35.33418],[149.2445,-35.33435],[149.24437,-35.33451],[149.24424,-35.33467],[149.24409,-35.33482],[149.24394,-35.33497],[149.24378,-35.33513],[149.24361,-35.33527],[149.24346,-35.33539],[149.24341,-35.33543],[149.24338,-35.33546],[149.24326,-35.33555],[149.24308,-35.33569],[149.24289,-35.33581],[149.2427,-35.33594],[149.24149,-35.33667],[149.24139,-35.33673],[149.24009,-35.33745],[149.23883,-35.33815],[149.23347,-35.34114],[149.23155,-35.34221],[149.23149,-35.34224],[149.23126,-35.34237],[149.23112,-35.34245],[149.23091,-35.34257],[149.23074,-35.34264],[149.23053,-35.34271],[149.23041,-35.34275],[149.23017,-35.34282],[149.22987,-35.34287],[149.22957,-35.3429],[149.22944,-35.34291],[149.22938,-35.34288],[149.22872,-35.34259],[149.22768,-35.34239],[149.22655,-35.34218],[149.22615,-35.34192],[149.2257,-35.34183],[149.22486,-35.34167],[149.22437,-35.34176],[149.22158,-35.34123],[149.22135,-35.34126],[149.22081,-35.34134],[149.22059,-35.34131],[149.22037,-35.34128],[149.2201,-35.34126],[149.21988,-35.34125],[149.21966,-35.34124],[149.21944,-35.34125],[149.2192,-35.34127],[149.21898,-35.3413],[149.21876,-35.34133],[149.21855,-35.34137],[149.21833,-35.34142],[149.21812,-35.34148],[149.21792,-35.34155],[149.21788,-35.34156],[149.21619,-35.34218],[149.21326,-35.34325],[149.20804,-35.34515],[149.20769,-35.34526],[149.20745,-35.34537],[149.20739,-35.34525],[149.20739,-35.34524],[149.20717,-35.34529],[149.20726,-35.34545],[149.20711,-35.34552],[149.20693,-35.34561],[149.20683,-35.34566],[149.20665,-35.34576],[149.20656,-35.34581],[149.20647,-35.34586],[149.20637,-35.34592],[149.20635,-35.34589],[149.20595,-35.3452],[149.20536,-35.34454],[149.20459,-35.34405],[149.20341,-35.34369],[149.20208,-35.34363],[149.20095,-35.34381],[149.20013,-35.34398],[149.19909,-35.34407],[149.19807,-35.34412],[149.19595,-35.34411],[149.19561,-35.3441],[149.19435,-35.34408],[149.19314,-35.34408],[149.19174,-35.34404],[149.19036,-35.34383],[149.18988,-35.34365],[149.18976,-35.34361],[149.18863,-35.34317],[149.18871,-35.343],[149.18857,-35.34296],[149.18823,-35.34285],[149.1879,-35.34274],[149.18743,-35.34257],[149.18721,-35.34249],[149.18702,-35.34242],[149.18653,-35.34222],[149.18631,-35.34213],[149.18602,-35.34201],[149.18577,-35.34189],[149.18549,-35.34176],[149.18449,-35.34129],[149.18204,-35.33981],[149.18182,-35.33968],[149.18147,-35.33949],[149.18119,-35.33936],[149.18099,-35.33927],[149.18071,-35.33915],[149.18037,-35.33903],[149.17986,-35.33887],[149.1783,-35.33843],[149.17783,-35.33839],[149.17638,-35.33771],[149.1762,-35.33762],[149.17574,-35.33794],[149.17538,-35.33817],[149.17447,-35.33868],[149.17352,-35.33907],[149.17285,-35.3393],[149.17216,-35.33946],[149.17143,-35.33959],[149.16891,-35.33995],[149.16297,-35.34077],[149.16214,-35.3409],[149.16186,-35.34094],[149.16153,-35.34099],[149.16138,-35.34102],[149.16121,-35.34105],[149.16105,-35.34107],[149.1609,-35.3411],[149.16069,-35.34114],[149.16049,-35.34118],[149.16029,-35.34123],[149.16003,-35.34129],[149.15976,-35.34135],[149.15957,-35.3414],[149.15931,-35.34147],[149.15918,-35.34151],[149.159,-35.34156],[149.15876,-35.34163],[149.15841,-35.34174],[149.15806,-35.34186],[149.15429,-35.34309],[149.14756,-35.34523],[149.14727,-35.34532],[149.1468,-35.34544],[149.14629,-35.34555],[149.14609,-35.34558],[149.14588,-35.34561],[149.14567,-35.34564],[149.14545,-35.34566],[149.14509,-35.34569],[149.1448,-35.3457],[149.14463,-35.3457],[149.14437,-35.3457],[149.14404,-35.34569],[149.1438,-35.34568],[149.14355,-35.34565],[149.14333,-35.34563],[149.14312,-35.3456],[149.1429,-35.34557],[149.14277,-35.34554],[149.14256,-35.3455],[149.14242,-35.34547],[149.14224,-35.34543],[149.14195,-35.34536],[149.14173,-35.34529],[149.14154,-35.34523],[149.14129,-35.34515],[149.1411,-35.34508],[149.14095,-35.34502],[149.14058,-35.34487],[149.14046,-35.34482],[149.14034,-35.34478],[149.14021,-35.34473],[149.14007,-35.34468],[149.13992,-35.34464],[149.13981,-35.3446],[149.13968,-35.34456],[149.13956,-35.34453],[149.13939,-35.34449],[149.13929,-35.34446],[149.13916,-35.34443],[149.13905,-35.34441],[149.1389,-35.34438],[149.13876,-35.34435],[149.13841,-35.3443],[149.13796,-35.34424],[149.13737,-35.34419],[149.13683,-35.34416],[149.13633,-35.34416],[149.13562,-35.3442],[149.13351,-35.34437],[149.13305,-35.34449],[149.13132,-35.3449],[149.13089,-35.34502],[149.13064,-35.34512],[149.1304,-35.34524],[149.1302,-35.34535],[149.12985,-35.34559],[149.1291,-35.34618],[149.1288,-35.34639],[149.12855,-35.34653],[149.12823,-35.34669],[149.1279,-35.34682],[149.12742,-35.34698],[149.12532,-35.34768],[149.12498,-35.34778],[149.12471,-35.34785],[149.12443,-35.34791],[149.12429,-35.34786],[149.12389,-35.34793],[149.12342,-35.34796],[149.12293,-35.34795],[149.12242,-35.34789],[149.12194,-35.34779],[149.12154,-35.34767],[149.12119,-35.34753],[149.11787,-35.34594],[149.11738,-35.34574],[149.11686,-35.34556],[149.11606,-35.34535],[149.11564,-35.34526],[149.11562,-35.34526],[149.11518,-35.3452],[149.11479,-35.34516],[149.1143,-35.34513],[149.1139,-35.34513],[149.1138,-35.34513],[149.11345,-35.34514],[149.11295,-35.34518],[149.11256,-35.34523],[149.11214,-35.3453],[149.11171,-35.3454],[149.11121,-35.34554],[149.11092,-35.34563],[149.11018,-35.34592],[149.10974,-35.34612],[149.10932,-35.34636],[149.10743,-35.3475],[149.10544,-35.3487],[149.10532,-35.34878],[149.10401,-35.34957],[149.10385,-35.34967],[149.10349,-35.34987],[149.1031,-35.35008],[149.10266,-35.35027],[149.10225,-35.35041],[149.10178,-35.35053],[149.10131,-35.35062],[149.10113,-35.35064],[149.10083,-35.35067],[149.10047,-35.35068],[149.10044,-35.34963],[149.10041,-35.34925],[149.10033,-35.34866],[149.10021,-35.34813],[149.09997,-35.34728],[149.0994,-35.3453],[149.09931,-35.34504],[149.09917,-35.3447],[149.09901,-35.34441],[149.09884,-35.34414],[149.09862,-35.34384],[149.09839,-35.34358],[149.09814,-35.34334],[149.09784,-35.34309],[149.0976,-35.34291],[149.09732,-35.34273],[149.09549,-35.34166],[149.09465,-35.34108],[149.09423,-35.3408],[149.09225,-35.33941],[149.0915,-35.3389],[149.0914,-35.33883],[149.08977,-35.3377],[149.08952,-35.33752],[149.08936,-35.33738],[149.08875,-35.33691],[149.08769,-35.33666],[149.08755,-35.33663],[149.08752,-35.33663],[149.08723,-35.3366],[149.08702,-35.33659],[149.08694,-35.33659],[149.08677,-35.3366],[149.08664,-35.33661],[149.08651,-35.33662],[149.08631,-35.33666],[149.08604,-35.33672],[149.08581,-35.3368],[149.08557,-35.3369],[149.08536,-35.33701],[149.08503,-35.33728],[149.0844,-35.33789],[149.08437,-35.33792],[149.08433,-35.33795],[149.08358,-35.33862],[149.08356,-35.3386],[149.08344,-35.33849],[149.08318,-35.33873],[149.08311,-35.33879],[149.08284,-35.33913],[149.08264,-35.33947],[149.08244,-35.33994],[149.08243,-35.33998],[149.08234,-35.34034],[149.0823,-35.34069],[149.08235,-35.34212],[149.08237,-35.34274],[149.0824,-35.34351],[149.08243,-35.34381],[149.08248,-35.34406],[149.08251,-35.34421],[149.08263,-35.34464],[149.083,-35.34571],[149.08338,-35.34678],[149.08403,-35.34865],[149.08412,-35.34886]]]]}}
]
}
