{"type": "FeatureCollection", "features": [{"type": "Feature", "properties": {"index": "CANB", "division": "Canberra", "state": "Australian Capital Territory", "year": "2016", "proclaimed": "20160128", "quota": "0", "electors": "0", "deviation": ""}, "geometry": {"type": "MultiPolygon", "coordinates": [[[[149.241522, -35.336655], [149.241415, -35.336529], [149.239895, -35.335143], [149.239011, -35.33431], [149.238744, -35.33369], [149.238484, -35.332595], [149.238444, -35.332398], [149.238325, -35.332094], [149.238213, -35.331883], [149.238089, -35.331685], [149.237967, -35.331513], [149.237865, -35.331378], [149.237606, -35.331142], [149.237475, -35.331029], [149.237226, -35.330859], [149.236887, -35.330676], [149.236616, -35.33057], [149.236491, -35.330521], [149.236108, -35.330412], [149.23229, -35.329491], [149.231842, -35.329377], [149.231591, -35.329305], [149.231295, -35.329209], [149.23105, -35.329121], [149.230766, -35.329023], [149.230491, -35.328908], [149.230001, -35.328702], [149.229747, -35.32858], [149.229238, -35.328323], [149.225895, -35.326814], [149.221622, -35.324803], [149.221085, -35.324492], [149.219799, -35.323749], [149.217065, -35.322023], [149.216117, -35.321532], [149.215401, -35.321257], [149.21457, -35.321023], [149.211714, -35.320523], [149.209625, -35.320205], [149.208686, -35.320104], [149.20798, -35.320056], [149.207456, -35.320043], [149.206824, -35.320047], [149.206014, -35.320084], [149.205273, -35.320128], [149.202596, -35.320342], [149.202331, -35.320363], [149.199778, -35.32057], [149.197484, -35.320762], [149.196416, -35.320844], [149.194964, -35.320962], [149.194475, -35.321], [149.19412, -35.321022], [149.193835, -35.321039], [149.193287, -35.321023], [149.192888, -35.320974], [149.192595, -35.32093], [149.192205, -35.320834], [149.191829, -35.320701], [149.191424, -35.320515], [149.191069, -35.320305], [149.190733, -35.320052], [149.190486, -35.319826], [149.190234, -35.319548], [149.189992, -35.319205], [149.189796, -35.318809], [149.189567, -35.318257], [149.189111, -35.317393], [149.188154, -35.315524], [149.18783, -35.314724], [149.187498, -35.313826], [149.187384, -35.313327], [149.187308, -35.312939], [149.187188, -35.312297], [149.186608, -35.309521], [149.186372, -35.30833], [149.186268, -35.307755], [149.1861, -35.306779], [149.186011, -35.306392], [149.18574, -35.305842], [149.18561, -35.305688], [149.185345, -35.305394], [149.184628, -35.304907], [149.183495, -35.304227], [149.183157, -35.304019], [149.182784, -35.303792], [149.182641, -35.303702], [149.182496, -35.303622], [149.182266, -35.303505], [149.182149, -35.303446], [149.182067, -35.303415], [149.181781, -35.303293], [149.181483, -35.30317], [149.181081, -35.303027], [149.180974, -35.303007], [149.180864, -35.302982], [149.180763, -35.302959], [149.180682, -35.30294], [149.180593, -35.302919], [149.180551, -35.302909], [149.180506, -35.302898], [149.180508, -35.302895], [149.180828, -35.302397], [149.181008, -35.30209], [149.18113, -35.301848], [149.181221, -35.301642], [149.181282, -35.301382], [149.181319, -35.301034], [149.181313, -35.300684], [149.181259, -35.300316], [149.18122, -35.300169], [149.181167, -35.300002], [149.181044, -35.299743], [149.180847, -35.299444], [149.180634, -35.299205], [149.180392, -35.299015], [149.180223, -35.298901], [149.179959, -35.298786], [149.179686, -35.298696], [149.179501, -35.298654], [149.179318, -35.298626], [149.179147, -35.298611], [149.178939, -35.298604], [149.178423, -35.298604], [149.17835, -35.29859], [149.178006, -35.298556], [149.177798, -35.298527], [149.1777, -35.298509], [149.177684, -35.298505], [149.177689, -35.298467], [149.177357, -35.29839], [149.177273, -35.298367], [149.177042, -35.298296], [149.176717, -35.298162], [149.176451, -35.298019], [149.176299, -35.29792], [149.176176, -35.297842], [149.175928, -35.297643], [149.17268, -35.294588], [149.172287, -35.294216], [149.17063, -35.292642], [149.170567, -35.292572], [149.170545, -35.292548], [149.170492, -35.29248], [149.170451, -35.292426], [149.170396, -35.292349], [149.170331, -35.292235], [149.170273, -35.292123], [149.169334, -35.289783], [149.167188, -35.287945], [149.165935, -35.287283], [149.165642, -35.287201], [149.165623, -35.287263], [149.165589, -35.287322], [149.165543, -35.287365], [149.165485, -35.287393], [149.16543, -35.287403], [149.165355, -35.287393], [149.16528, -35.287349], [149.165227, -35.28729], [149.1652, -35.287213], [149.165208, -35.28713], [149.165227, -35.287076], [149.164031, -35.286444], [149.163291, -35.286053], [149.161468, -35.285088], [149.16042, -35.28453], [149.159805, -35.284203], [149.160126, -35.283578], [149.160183, -35.283441], [149.160219, -35.283328], [149.16024, -35.28324], [149.160256, -35.283141], [149.160263, -35.28306], [149.160266, -35.282943], [149.160259, -35.282826], [149.160239, -35.282701], [149.160216, -35.282604], [149.160182, -35.282499], [149.16014, -35.282397], [149.160095, -35.282305], [149.160032, -35.2822], [149.159967, -35.282106], [149.159888, -35.282008], [149.1598, -35.281916], [149.15972, -35.281841], [149.159642, -35.281778], [149.159518, -35.281688], [149.159413, -35.281623], [149.159293, -35.281559], [149.156496, -35.280292], [149.156302, -35.280189], [149.156143, -35.280093], [149.155966, -35.279971], [149.155808, -35.279846], [149.155065, -35.279183], [149.152572, -35.276964], [149.152408, -35.276806], [149.152286, -35.276678], [149.152153, -35.276524], [149.152034, -35.276373], [149.151944, -35.276248], [149.15188, -35.276154], [149.151767, -35.275968], [149.151704, -35.275853], [149.151649, -35.275745], [149.151568, -35.275568], [149.151516, -35.275439], [149.151476, -35.275327], [149.151416, -35.275135], [149.151364, -35.274923], [149.151324, -35.2747], [149.1513, -35.274494], [149.151291, -35.27435], [149.151289, -35.274206], [149.151293, -35.274034], [149.151439, -35.271655], [149.146777, -35.274461], [149.144516, -35.27584], [149.144473, -35.275864], [149.144462, -35.275871], [149.144443, -35.27588], [149.144418, -35.275894], [149.144406, -35.275899], [149.14439, -35.275908], [149.144378, -35.275913], [149.14433, -35.275936], [149.144284, -35.275955], [149.143597, -35.276223], [149.143502, -35.276062], [149.143021, -35.275231], [149.141926, -35.273339], [149.141871, -35.273246], [149.141153, -35.272005], [149.140435, -35.270764], [149.139717, -35.269523], [149.138998, -35.268282], [149.138909, -35.268317], [149.138709, -35.268396], [149.13844, -35.268499], [149.138202, -35.268593], [149.137927, -35.268701], [149.137614, -35.268824], [149.137217, -35.268979], [149.136998, -35.269064], [149.136773, -35.269151], [149.136533, -35.269245], [149.135901, -35.26949], [149.135744, -35.269507], [149.135436, -35.269472], [149.134757, -35.269397], [149.133345, -35.269244], [149.130935, -35.268982], [149.129394, -35.268815], [149.128115, -35.268676], [149.125555, -35.268398], [149.125459, -35.268387], [149.125272, -35.268506], [149.125258, -35.268135], [149.125205, -35.267837], [149.125082, -35.26751], [149.124489, -35.266694], [149.124352, -35.266542], [149.123927, -35.266089], [149.1238, -35.265455], [149.124037, -35.264866], [149.124532, -35.264412], [149.124862, -35.26408], [149.125177, -35.263692], [149.123908, -35.264247], [149.122331, -35.264936], [149.121193, -35.265433], [149.119804, -35.266041], [149.118938, -35.26642], [149.118666, -35.266538], [149.117188, -35.267185], [149.114689, -35.268277], [149.114528, -35.268348], [149.113211, -35.268923], [149.111868, -35.266847], [149.111688, -35.266441], [149.111589, -35.266025], [149.111575, -35.265866], [149.111567, -35.265683], [149.111574, -35.265533], [149.111591, -35.265382], [149.111433, -35.26537], [149.111284, -35.265375], [149.111108, -35.265397], [149.110937, -35.26543], [149.110904, -35.264915], [149.110809, -35.26361], [149.110783, -35.263354], [149.110752, -35.263204], [149.110691, -35.262901], [149.110535, -35.262517], [149.110323, -35.262171], [149.110053, -35.261853], [149.1099, -35.261704], [149.109732, -35.261569], [149.109421, -35.261356], [149.109153, -35.261212], [149.108839, -35.261074], [149.108495, -35.260966], [149.107239, -35.26067], [149.104894, -35.260116], [149.104472, -35.260034], [149.103745, -35.25996], [149.100323, -35.260412], [149.099379, -35.260453], [149.098531, -35.260456], [149.097424, -35.260378], [149.097278, -35.260368], [149.096036, -35.260178], [149.094811, -35.259892], [149.093585, -35.259495], [149.092488, -35.259037], [149.091376, -35.258457], [149.090305, -35.257767], [149.089316, -35.256997], [149.088304, -35.257779], [149.088087, -35.257975], [149.087854, -35.258211], [149.087612, -35.258513], [149.087389, -35.258842], [149.087201, -35.259207], [149.087061, -35.259576], [149.08648, -35.261422], [149.086212, -35.26227], [149.08615, -35.262498], [149.086072, -35.26286], [149.086003, -35.263331], [149.085975, -35.263632], [149.085958, -35.264005], [149.085971, -35.264436], [149.085976, -35.264627], [149.085988, -35.264724], [149.08598, -35.265049], [149.086003, -35.265328], [149.086062, -35.265722], [149.086144, -35.266011], [149.086239, -35.266405], [149.08638, -35.26678], [149.087617, -35.269271], [149.087734, -35.269559], [149.087855, -35.269913], [149.087994, -35.270377], [149.0881, -35.270781], [149.088147, -35.271079], [149.088194, -35.271377], [149.088206, -35.27181], [149.088182, -35.272637], [149.088147, -35.272983], [149.088076, -35.273358], [149.08797, -35.273752], [149.087817, -35.274204], [149.087664, -35.274646], [149.087546, -35.274964], [149.087452, -35.275281], [149.087346, -35.275627], [149.08724, -35.275964], [149.087146, -35.27632], [149.087051, -35.276743], [149.086945, -35.277214], [149.086839, -35.277627], [149.086777, -35.277932], [149.086763, -35.277999], [149.08673, -35.278037], [149.086692, -35.278057], [149.086669, -35.278056], [149.086601, -35.278066], [149.086477, -35.27809], [149.086354, -35.278111], [149.086327, -35.278045], [149.086309, -35.27802], [149.086287, -35.277993], [149.086224, -35.277951], [149.086168, -35.277939], [149.086118, -35.277932], [149.086082, -35.277931], [149.086044, -35.277941], [149.086007, -35.277953], [149.085991, -35.277965], [149.085927, -35.278008], [149.085826, -35.278069], [149.08572, -35.278133], [149.085591, -35.278208], [149.085376, -35.278333], [149.085284, -35.27838], [149.08512, -35.27846], [149.084972, -35.278535], [149.084846, -35.278597], [149.084531, -35.278734], [149.083941, -35.278966], [149.083352, -35.279201], [149.08269, -35.279038], [149.082102, -35.27882], [149.080872, -35.278238], [149.079766, -35.277716], [149.07853, -35.277226], [149.078034, -35.277057], [149.077592, -35.276922], [149.07725, -35.276845], [149.076921, -35.276778], [149.076651, -35.276736], [149.076306, -35.276682], [149.075931, -35.276653], [149.07545, -35.276603], [149.074359, -35.276518], [149.07357, -35.276465], [149.073075, -35.276413], [149.072258, -35.276348], [149.071756, -35.276297], [149.070949, -35.276201], [149.069902, -35.276017], [149.06937, -35.275932], [149.068781, -35.275821], [149.068163, -35.275677], [149.067757, -35.275557], [149.067374, -35.275432], [149.066915, -35.275263], [149.066526, -35.27511], [149.066108, -35.274946], [149.065637, -35.274807], [149.065089, -35.274638], [149.064606, -35.274509], [149.064147, -35.274379], [149.063581, -35.27422], [149.063134, -35.274086], [149.062521, -35.273893], [149.061973, -35.273677], [149.06139, -35.273446], [149.061078, -35.273327], [149.060687, -35.273156], [149.060336, -35.272983], [149.059947, -35.272827], [149.059526, -35.272647], [149.059179, -35.27249], [149.058496, -35.272166], [149.058107, -35.272012], [149.057651, -35.27182], [149.057235, -35.271627], [149.056853, -35.271464], [149.056461, -35.271291], [149.056152, -35.271154], [149.055737, -35.270993], [149.055233, -35.2708], [149.054777, -35.270608], [149.054285, -35.270413], [149.053875, -35.270235], [149.053507, -35.270094], [149.053069, -35.269942], [149.052586, -35.269757], [149.052168, -35.269615], [149.051679, -35.269461], [149.051275, -35.269336], [149.05099, -35.269264], [149.05051, -35.269173], [149.050074, -35.269086], [149.049759, -35.269021], [149.049556, -35.269007], [149.049308, -35.269005], [149.049076, -35.268997], [149.04869, -35.268973], [149.048378, -35.268975], [149.048083, -35.268982], [149.047703, -35.268999], [149.047523, -35.269013], [149.047412, -35.269025], [149.047094, -35.269049], [149.046764, -35.269089], [149.046149, -35.269186], [149.045783, -35.269246], [149.045006, -35.269383], [149.044588, -35.269458], [149.044182, -35.26953], [149.043637, -35.269626], [149.043222, -35.269703], [149.04211, -35.269902], [149.041796, -35.269934], [149.041468, -35.269973], [149.041278, -35.269977], [149.041048, -35.269989], [149.040809, -35.269997], [149.040586, -35.269987], [149.0403, -35.26997], [149.040012, -35.269953], [149.039717, -35.269915], [149.039396, -35.269864], [149.039087, -35.269816], [149.038172, -35.269574], [149.037359, -35.269256], [149.037029, -35.269085], [149.03669, -35.26891], [149.036079, -35.268573], [149.035536, -35.268157], [149.035144, -35.267775], [149.034809, -35.267409], [149.034665, -35.267245], [149.034393, -35.26682], [149.033922, -35.265958], [149.032288, -35.267687], [149.030347, -35.269779], [149.027344, -35.273], [149.026142, -35.274347], [149.023894, -35.276838], [149.024123, -35.277957], [149.022075, -35.278858], [149.021278, -35.279214], [149.021457, -35.279543], [149.021658, -35.279892], [149.021274, -35.279978], [149.021066, -35.279978], [149.020838, -35.279978], [149.020663, -35.280021], [149.020489, -35.28012], [149.020426, -35.280147], [149.020365, -35.280242], [149.020266, -35.280337], [149.020141, -35.280401], [149.02013, -35.280474], [149.019965, -35.280464], [149.019825, -35.28042], [149.019616, -35.280406], [149.018883, -35.280091], [149.018413, -35.279818], [149.018327, -35.279726], [149.018156, -35.279359], [149.017938, -35.278797], [149.017769, -35.278257], [149.017717, -35.2782], [149.017752, -35.278043], [149.018103, -35.277056], [149.018103, -35.276955], [149.018243, -35.276569], [149.018332, -35.276101], [149.018506, -35.275167], [149.018645, -35.274176], [149.018488, -35.273027], [149.017827, -35.272331], [149.017357, -35.27207], [149.016765, -35.271791], [149.01553, -35.271704], [149.013929, -35.271896], [149.011754, -35.271774], [149.01123, -35.271828], [149.009795, -35.272031], [149.008615, -35.272104], [149.008026, -35.272109], [149.007886, -35.272137], [149.007625, -35.272079], [149.007402, -35.27197], [149.006641, -35.271446], [149.00516, -35.270187], [149.003983, -35.268913], [149.003931, -35.26887], [149.003827, -35.268669], [149.003653, -35.268111], [149.003654, -35.267882], [149.003636, -35.26771], [149.003584, -35.267553], [149.003585, -35.267281], [149.00355, -35.267066], [149.003551, -35.266851], [149.003577, -35.266804], [149.003721, -35.266648], [149.003657, -35.266412], [149.00356, -35.266035], [149.003394, -35.265547], [149.003406, -35.265409], [149.003371, -35.265221], [149.003275, -35.26506], [149.003209, -35.264836], [149.003237, -35.264748], [149.003186, -35.264548], [149.003073, -35.264312], [149.002899, -35.264064], [149.002803, -35.263865], [149.002847, -35.263777], [149.002843, -35.263614], [149.002744, -35.263327], [149.002678, -35.263115], [149.002628, -35.262967], [149.002501, -35.262757], [149.002465, -35.262557], [149.002458, -35.262442], [149.00246, -35.262331], [149.002484, -35.26208], [149.002417, -35.261831], [149.00232, -35.261632], [149.002178, -35.261446], [149.00205, -35.26121], [149.001954, -35.261011], [149.001844, -35.2609], [149.001687, -35.260703], [149.001652, -35.260553], [149.001573, -35.260441], [149.001384, -35.260206], [149.001207, -35.260076], [149.001056, -35.259915], [149.000949, -35.259826], [149.000842, -35.259701], [149.000816, -35.259667], [149.000544, -35.259501], [149.000289, -35.25941], [149.00023, -35.259373], [148.999881, -35.259216], [148.998972, -35.258603], [148.998728, -35.258489], [148.998536, -35.258447], [148.998169, -35.258419], [148.997995, -35.258377], [148.997681, -35.258248], [148.997297, -35.258178], [148.997018, -35.258078], [148.996516, -35.257991], [148.996321, -35.258122], [148.996251, -35.258266], [148.996045, -35.259155], [148.996012, -35.25957], [148.995943, -35.259872], [148.995946, -35.260507], [148.995963, -35.260813], [148.995958, -35.261048], [148.995919, -35.261247], [148.995933, -35.261382], [148.99594, -35.261634], [148.995904, -35.26196], [148.995841, -35.262114], [148.995778, -35.262241], [148.995672, -35.262378], [148.9955, -35.262535], [148.995227, -35.262629], [148.995041, -35.262687], [148.994778, -35.262691], [148.994524, -35.262659], [148.99428, -35.262573], [148.993881, -35.262471], [148.99366, -35.262403], [148.993329, -35.262354], [148.99281, -35.262317], [148.992469, -35.262287], [148.992323, -35.262181], [148.992252, -35.261975], [148.992059, -35.261726], [148.991657, -35.261489], [148.991137, -35.261326], [148.990739, -35.261233], [148.990407, -35.261184], [148.989794, -35.261204], [148.98955, -35.261233], [148.989212, -35.261321], [148.988919, -35.26148], [148.988692, -35.261664], [148.988553, -35.2618], [148.9884, -35.261982], [148.988359, -35.262083], [148.988251, -35.262202], [148.988006, -35.262317], [148.987715, -35.262346], [148.98757, -35.262276], [148.987211, -35.262065], [148.986687, -35.261811], [148.986407, -35.261635], [148.985783, -35.261383], [148.985437, -35.261199], [148.985153, -35.261088], [148.984613, -35.260866], [148.98418, -35.260844], [148.983901, -35.260788], [148.983709, -35.260717], [148.983028, -35.260561], [148.982732, -35.260447], [148.982539, -35.260304], [148.982329, -35.260075], [148.982189, -35.259818], [148.982066, -35.259388], [148.981978, -35.259274], [148.981769, -35.259102], [148.981629, -35.259031], [148.98128, -35.259017], [148.980897, -35.259061], [148.980531, -35.259048], [148.980008, -35.259149], [148.979653, -35.25937], [148.979441, -35.25937], [148.978936, -35.259209], [148.978213, -35.258773], [148.97788, -35.258348], [148.977743, -35.257969], [148.977857, -35.25751], [148.978041, -35.257154], [148.978248, -35.256741], [148.978282, -35.256385], [148.978202, -35.256087], [148.977949, -35.255754], [148.977731, -35.255593], [148.977272, -35.255386], [148.976962, -35.255341], [148.976434, -35.255318], [148.976124, -35.255364], [148.975826, -35.25541], [148.975574, -35.25546], [148.975298, -35.255617], [148.975091, -35.255862], [148.974988, -35.255981], [148.974749, -35.256057], [148.974462, -35.256073], [148.974082, -35.256068], [148.973588, -35.256084], [148.973182, -35.255997], [148.972878, -35.255753], [148.972726, -35.255449], [148.972644, -35.25495], [148.972694, -35.254673], [148.972758, -35.254505], [148.972872, -35.254407], [148.972878, -35.25406], [148.972791, -35.253794], [148.972639, -35.253593], [148.972411, -35.253365], [148.972229, -35.253073], [148.971962, -35.252684], [148.971341, -35.251979], [148.971111, -35.251444], [148.971013, -35.250982], [148.970855, -35.250617], [148.970491, -35.250143], [148.970043, -35.24962], [148.969451, -35.249201], [148.969076, -35.248886], [148.968735, -35.248642], [148.968233, -35.248444], [148.967974, -35.248341], [148.967786, -35.248301], [148.967514, -35.248289], [148.967216, -35.248204], [148.96689, -35.248049], [148.966436, -35.24786], [148.965971, -35.24771], [148.96536, -35.247555], [148.964782, -35.247392], [148.963887, -35.24718], [148.962999, -35.24683], [148.962135, -35.246415], [148.961655, -35.246081], [148.961345, -35.2456], [148.96137, -35.24525], [148.961531, -35.244924], [148.961638, -35.24472], [148.961792, -35.244557], [148.962175, -35.244223], [148.962525, -35.243979], [148.963269, -35.24375], [148.964093, -35.243564], [148.964979, -35.243439], [148.965757, -35.243299], [148.96613, -35.243019], [148.966705, -35.242848], [148.967032, -35.2426], [148.967545, -35.242195], [148.967724, -35.241932], [148.96807, -35.241726], [148.968184, -35.241762], [148.968354, -35.241762], [148.968884, -35.241743], [148.969577, -35.241667], [148.971217, -35.24144], [148.972396, -35.2412], [148.973045, -35.240967], [148.973625, -35.240797], [148.973896, -35.240784], [148.974123, -35.240747], [148.974483, -35.240724], [148.975484, -35.240089], [148.975985, -35.239492], [148.976254, -35.238837], [148.975985, -35.238106], [148.975368, -35.237663], [148.974926, -35.236854], [148.973616, -35.235218], [148.972962, -35.234813], [148.972019, -35.234217], [148.971207, -35.233829], [148.971006, -35.233615], [148.970628, -35.233162], [148.969973, -35.232507], [148.969558, -35.232117], [148.96913, -35.231651], [148.968677, -35.231135], [148.968337, -35.230329], [148.96806, -35.229725], [148.967632, -35.229058], [148.967456, -35.228466], [148.967306, -35.227888], [148.96732, -35.227751], [148.967251, -35.227354], [148.967087, -35.226943], [148.966909, -35.226614], [148.966553, -35.226258], [148.96621, -35.225888], [148.965772, -35.225258], [148.965361, -35.224751], [148.964964, -35.224148], [148.964553, -35.223627], [148.964128, -35.223161], [148.963566, -35.222476], [148.962972, -35.221707], [148.962412, -35.220081], [148.962128, -35.219361], [148.96187, -35.218659], [148.961731, -35.218467], [148.961438, -35.218639], [148.950534, -35.225157], [148.949973, -35.225485], [148.948303, -35.226464], [148.948044, -35.226617], [148.944873, -35.228475], [148.941318, -35.23056], [148.926451, -35.239272], [148.925935, -35.239575], [148.916721, -35.244973], [148.915529, -35.24567], [148.910775, -35.248444], [148.909015, -35.24947], [148.896264, -35.256945], [148.874226, -35.269856], [148.849229, -35.28449], [148.810041, -35.307412], [148.808951, -35.308455], [148.807854, -35.309647], [148.807605, -35.310425], [148.807226, -35.310812], [148.805142, -35.314669], [148.803558, -35.316661], [148.803535, -35.316769], [148.80327, -35.318028], [148.802693, -35.319806], [148.800865, -35.321723], [148.801939, -35.32435], [148.802106, -35.32553], [148.801531, -35.329267], [148.799809, -35.330932], [148.7983, -35.332139], [148.797472, -35.333825], [148.795109, -35.336386], [148.794119, -35.338197], [148.793247, -35.339156], [148.795233, -35.342113], [148.796555, -35.346339], [148.79859, -35.348352], [148.799107, -35.350616], [148.7992, -35.353657], [148.798949, -35.354573], [148.798445, -35.355784], [148.797298, -35.357085], [148.796395, -35.358616], [148.799451, -35.359224], [148.799998, -35.359892], [148.80065, -35.360687], [148.800604, -35.361884], [148.801361, -35.362815], [148.80316, -35.363399], [148.804783, -35.364897], [148.805565, -35.365361], [148.805595, -35.366303], [148.80488, -35.367672], [148.804292, -35.368561], [148.804092, -35.369589], [148.804145, -35.370537], [148.803784, -35.372516], [148.803952, -35.373958], [148.804209, -35.37514], [148.804108, -35.376121], [148.804626, -35.377607], [148.805344, -35.378841], [148.806972, -35.379225], [148.807908, -35.379854], [148.808675, -35.380591], [148.808757, -35.381518], [148.808702, -35.382373], [148.807912, -35.382882], [148.8061, -35.383974], [148.804826, -35.385028], [148.804803, -35.386924], [148.803648, -35.388739], [148.802137, -35.389266], [148.801183, -35.389639], [148.799445, -35.390158], [148.796756, -35.391634], [148.795719, -35.39292], [148.79588, -35.394284], [148.795876, -35.396309], [148.796077, -35.398056], [148.795658, -35.400333], [148.796234, -35.401516], [148.796038, -35.402368], [148.79648, -35.40374], [148.796281, -35.404855], [148.796328, -35.405789], [148.796119, -35.406549], [148.795471, -35.407009], [148.792434, -35.407294], [148.788511, -35.408049], [148.787487, -35.40842], [148.785764, -35.408748], [148.785776, -35.410466], [148.786252, -35.412673], [148.787316, -35.414083], [148.788334, -35.41445], [148.790073, -35.415468], [148.789753, -35.416841], [148.788884, -35.417792], [148.789323, -35.419444], [148.788829, -35.420746], [148.788853, -35.421898], [148.787563, -35.422978], [148.788297, -35.424586], [148.788539, -35.425698], [148.788868, -35.426382], [148.787404, -35.427409], [148.786195, -35.428827], [148.785301, -35.430236], [148.785039, -35.431351], [148.784206, -35.432188], [148.783734, -35.432472], [148.780917, -35.433227], [148.780143, -35.435152], [148.778613, -35.437267], [148.777524, -35.439998], [148.774822, -35.44174], [148.774333, -35.443902], [148.774627, -35.446091], [148.773002, -35.449316], [148.773828, -35.451549], [148.774567, -35.452567], [148.774962, -35.453795], [148.77594, -35.454683], [148.77499, -35.455966], [148.774745, -35.45755], [148.7731, -35.459802], [148.772727, -35.46079], [148.772881, -35.462355], [148.771723, -35.463436], [148.77011, -35.463867], [148.768855, -35.464826], [148.767058, -35.465405], [148.766809, -35.46735], [148.766937, -35.47018], [148.766886, -35.471056], [148.767974, -35.472231], [148.769235, -35.474278], [148.769459, -35.474483], [148.77063, -35.475563], [148.770297, -35.478298], [148.770827, -35.47998], [148.77255, -35.482109], [148.77359, -35.48384], [148.774462, -35.484882], [148.774458, -35.484929], [148.774354, -35.486003], [148.773545, -35.48641], [148.773124, -35.48654], [148.771021, -35.487649], [148.7699, -35.487791], [148.768906, -35.488535], [148.766204, -35.490138], [148.765183, -35.490825], [148.764305, -35.491919], [148.76323, -35.494282], [148.762675, -35.495505], [148.763049, -35.496601], [148.764089, -35.497701], [148.764733, -35.499149], [148.764698, -35.499773], [148.764608, -35.501142], [148.764681, -35.502678], [148.765516, -35.504936], [148.76706, -35.506141], [148.768094, -35.50675], [148.768588, -35.507999], [148.766335, -35.510447], [148.76722, -35.511771], [148.767476, -35.51302], [148.76725, -35.513822], [148.76715, -35.514652], [148.767412, -35.516382], [148.767443, -35.517797], [148.767463, -35.518078], [148.767746, -35.519585], [148.768239, -35.521195], [148.767871, -35.522815], [148.768105, -35.524448], [148.769872, -35.526112], [148.772364, -35.529329], [148.772375, -35.530749], [148.771253, -35.534058], [148.769973, -35.536284], [148.769956, -35.537315], [148.769658, -35.538655], [148.76971, -35.540471], [148.769685, -35.542], [148.769508, -35.542664], [148.769231, -35.544096], [148.769948, -35.54589], [148.771191, -35.54757], [148.77312, -35.549033], [148.773915, -35.550741], [148.774883, -35.553091], [148.775034, -35.554317], [148.775684, -35.554914], [148.778231, -35.558852], [148.778514, -35.563669], [148.773018, -35.567911], [148.773039, -35.568157], [148.773855, -35.569487], [148.775393, -35.571151], [148.777558, -35.574086], [148.778801, -35.575635], [148.779766, -35.576541], [148.780122, -35.577011], [148.780429, -35.577493], [148.780611, -35.577888], [148.781289, -35.578376], [148.782121, -35.579122], [148.782112, -35.580199], [148.782467, -35.581287], [148.783959, -35.581604], [148.786003, -35.582351], [148.786504, -35.58368], [148.786972, -35.584551], [148.787118, -35.58501], [148.7876, -35.585927], [148.788153, -35.586289], [148.78836, -35.587337], [148.788758, -35.588179], [148.788315, -35.588786], [148.787316, -35.59064], [148.783868, -35.593334], [148.783191, -35.595258], [148.778366, -35.596505], [148.77436, -35.597897], [148.77363, -35.598463], [148.77327, -35.599385], [148.77249, -35.600265], [148.772116, -35.601336], [148.770943, -35.601981], [148.769814, -35.602386], [148.768473, -35.603186], [148.768856, -35.604132], [148.769946, -35.605393], [148.770498, -35.606145], [148.771008, -35.607056], [148.771356, -35.607922], [148.772447, -35.60912], [148.773699, -35.610021], [148.774974, -35.610619], [148.776576, -35.611801], [148.778157, -35.613338], [148.779037, -35.614823], [148.779455, -35.61582], [148.780439, -35.617586], [148.780284, -35.618152], [148.78065, -35.620301], [148.779467, -35.622625], [148.779531, -35.623116], [148.779602, -35.623652], [148.779614, -35.623724], [148.780346, -35.624997], [148.780758, -35.625994], [148.782361, -35.626208], [148.783017, -35.627099], [148.783462, -35.628342], [148.782971, -35.62974], [148.782444, -35.63005], [148.78177, -35.630729], [148.78043, -35.63286], [148.776758, -35.635903], [148.775501, -35.636567], [148.770818, -35.639938], [148.771216, -35.640597], [148.771665, -35.640929], [148.771813, -35.641723], [148.771412, -35.643103], [148.77162, -35.644418], [148.771365, -35.645738], [148.770419, -35.646146], [148.769073, -35.645837], [148.767495, -35.647323], [148.76838, -35.648475], [148.769493, -35.649422], [148.769883, -35.649652], [148.770565, -35.649701], [148.771826, -35.649661], [148.772799, -35.649918], [148.772992, -35.651176], [148.772927, -35.652133], [148.772183, -35.65358], [148.772714, -35.654559], [148.773636, -35.655457], [148.774508, -35.655543], [148.775233, -35.655706], [148.776433, -35.655707], [148.777704, -35.655771], [148.77819, -35.655845], [148.780927, -35.655918], [148.781458, -35.655808], [148.781908, -35.655871], [148.782387, -35.655957], [148.783304, -35.656231], [148.784121, -35.656765], [148.785496, -35.657125], [148.78595, -35.657365], [148.786422, -35.6578], [148.7863, -35.658409], [148.786951, -35.660462], [148.788182, -35.660286], [148.78986, -35.659662], [148.790554, -35.659235], [148.791579, -35.659989], [148.792685, -35.66096], [148.793636, -35.661875], [148.794867, -35.66344], [148.796375, -35.664147], [148.796296, -35.664756], [148.797518, -35.665914], [148.798434, -35.666492], [148.798519, -35.666869], [148.797896, -35.667988], [148.797508, -35.668955], [148.797419, -35.670153], [148.797166, -35.67156], [148.797979, -35.674018], [148.797992, -35.675054], [148.798134, -35.675448], [148.798377, -35.676384], [148.797965, -35.678302], [148.797614, -35.678977], [148.797583, -35.679539], [148.7976, -35.680088], [148.797556, -35.680341], [148.797168, -35.681297], [148.796589, -35.682524], [148.795675, -35.683516], [148.795523, -35.683999], [148.794179, -35.685586], [148.793225, -35.686726], [148.792926, -35.687933], [148.792675, -35.688692], [148.792542, -35.689107], [148.792, -35.689348], [148.791407, -35.689557], [148.791171, -35.690751], [148.791483, -35.691658], [148.791105, -35.692041], [148.791367, -35.69324], [148.790462, -35.694649], [148.790232, -35.695099], [148.789354, -35.696485], [148.788687, -35.697181], [148.788417, -35.69774], [148.789047, -35.699061], [148.790045, -35.700921], [148.790255, -35.701645], [148.790548, -35.702237], [148.790698, -35.702396], [148.791182, -35.703449], [148.791347, -35.703636], [148.792775, -35.704505], [148.793263, -35.705019], [148.793153, -35.705519], [148.794196, -35.706433], [148.79516, -35.707251], [148.796127, -35.707909], [148.796317, -35.708296], [148.796565, -35.709449], [148.797188, -35.709733], [148.798069, -35.710266], [148.798915, -35.710444], [148.799296, -35.710874], [148.799765, -35.7112], [148.800354, -35.711496], [148.80174, -35.712079], [148.804045, -35.713967], [148.805302, -35.713996], [148.807355, -35.715527], [148.808604, -35.717269], [148.810254, -35.717986], [148.811494, -35.718227], [148.811875, -35.719041], [148.812719, -35.719786], [148.813276, -35.719905], [148.814138, -35.719859], [148.815823, -35.719493], [148.816938, -35.719088], [148.818749, -35.718718], [148.820684, -35.719515], [148.822495, -35.720971], [148.822605, -35.721579], [148.823104, -35.722599], [148.823144, -35.723238], [148.823575, -35.724213], [148.824906, -35.724984], [148.825788, -35.725213], [148.827871, -35.726148], [148.829033, -35.727701], [148.829238, -35.728466], [148.829383, -35.729368], [148.829478, -35.729952], [148.830182, -35.732159], [148.831341, -35.733907], [148.832873, -35.735021], [148.833047, -35.736324], [148.834032, -35.738138], [148.834726, -35.740511], [148.835193, -35.741061], [148.835715, -35.741884], [148.837171, -35.743153], [148.83765, -35.743509], [148.83863, -35.744237], [148.839623, -35.74548], [148.840738, -35.746444], [148.84267, -35.747506], [148.844513, -35.74895], [148.846045, -35.749445], [148.847093, -35.750469], [148.84878, -35.751016], [148.849538, -35.750866], [148.850972, -35.751247], [148.853457, -35.75098], [148.854026, -35.751082], [148.856132, -35.753518], [148.854938, -35.759197], [148.855652, -35.760874], [148.857501, -35.761397], [148.859648, -35.760626], [148.861175, -35.759203], [148.862456, -35.75755], [148.861176, -35.75434], [148.860737, -35.752874], [148.861439, -35.7501], [148.862743, -35.749388], [148.863899, -35.748104], [148.864071, -35.746922], [148.864253, -35.746203], [148.864884, -35.743749], [148.864863, -35.742375], [148.866738, -35.740665], [148.867477, -35.738702], [148.866792, -35.737165], [148.86407, -35.733869], [148.865765, -35.731624], [148.867246, -35.731907], [148.868591, -35.731092], [148.868659, -35.729963], [148.869366, -35.72922], [148.870416, -35.727717], [148.870959, -35.726793], [148.871608, -35.725564], [148.872115, -35.723931], [148.872305, -35.722937], [148.872491, -35.721422], [148.874087, -35.720192], [148.877693, -35.714936], [148.878164, -35.715348], [148.880343, -35.715793], [148.883614, -35.717122], [148.884942, -35.717854], [148.886633, -35.719136], [148.887192, -35.7204], [148.888026, -35.721649], [148.889403, -35.722723], [148.890487, -35.724541], [148.892315, -35.728359], [148.892479, -35.730487], [148.888368, -35.733671], [148.888036, -35.7356], [148.888087, -35.737026], [148.890314, -35.739423], [148.890855, -35.740469], [148.891726, -35.744151], [148.893008, -35.746052], [148.894087, -35.751288], [148.895105, -35.751446], [148.897428, -35.750955], [148.898777, -35.751215], [148.901043, -35.754871], [148.902395, -35.755956], [148.902902, -35.756505], [148.90327, -35.757375], [148.903348, -35.757798], [148.902833, -35.759272], [148.902352, -35.760206], [148.901774, -35.761702], [148.902177, -35.762698], [148.902312, -35.763202], [148.901885, -35.763644], [148.900486, -35.765485], [148.900124, -35.766471], [148.899418, -35.767601], [148.897224, -35.768825], [148.896138, -35.769899], [148.895221, -35.770611], [148.894887, -35.771654], [148.894793, -35.773229], [148.895284, -35.775342], [148.895044, -35.777043], [148.894688, -35.777668], [148.895501, -35.779265], [148.894809, -35.780469], [148.895432, -35.781791], [148.89514, -35.783051], [148.894956, -35.784627], [148.895366, -35.785519], [148.895433, -35.786751], [148.896204, -35.788622], [148.89634, -35.789441], [148.896523, -35.791588], [148.896935, -35.792985], [148.896971, -35.79346], [148.897776, -35.79465], [148.897098, -35.795768], [148.896349, -35.796721], [148.89464, -35.798465], [148.893118, -35.799293], [148.893198, -35.800341], [148.892963, -35.801516], [148.892063, -35.802508], [148.892032, -35.802543], [148.890784, -35.803548], [148.890302, -35.804351], [148.88946, -35.807193], [148.889159, -35.807635], [148.887504, -35.808755], [148.886881, -35.809564], [148.886623, -35.810063], [148.887292, -35.810737], [148.887645, -35.811212], [148.888941, -35.812046], [148.89104, -35.813846], [148.891852, -35.814932], [148.892052, -35.816077], [148.892426, -35.816626], [148.893672, -35.81726], [148.894861, -35.817652], [148.895747, -35.817599], [148.896577, -35.817924], [148.897275, -35.820855], [148.897683, -35.823271], [148.897596, -35.82472], [148.899603, -35.825879], [148.901776, -35.82639], [148.903561, -35.826134], [148.906203, -35.828013], [148.907065, -35.829563], [148.906596, -35.832084], [148.905088, -35.83325], [148.903802, -35.833356], [148.903249, -35.834182], [148.90314, -35.835173], [148.903249, -35.83621], [148.903625, -35.837223], [148.903846, -35.837619], [148.903886, -35.837685], [148.904348, -35.838516], [148.904523, -35.838989], [148.905268, -35.839639], [148.90511, -35.839956], [148.90477, -35.840489], [148.904165, -35.841333], [148.903936, -35.842505], [148.904778, -35.843365], [148.904839, -35.844147], [148.906017, -35.844955], [148.906444, -35.845875], [148.906409, -35.846254], [148.907291, -35.846968], [148.907842, -35.847863], [148.907892, -35.848356], [148.907603, -35.848939], [148.907901, -35.849885], [148.907788, -35.850765], [148.908634, -35.851704], [148.908974, -35.852499], [148.909367, -35.853065], [148.91054, -35.853235], [148.911275, -35.854194], [148.911613, -35.854573], [148.911856, -35.854781], [148.912654, -35.85546], [148.912729, -35.855468], [148.916306, -35.855809], [148.917616, -35.856299], [148.918109, -35.85659], [148.920059, -35.85729], [148.9205, -35.858807], [148.919456, -35.859817], [148.919783, -35.86079], [148.920487, -35.861121], [148.920684, -35.861258], [148.922073, -35.862366], [148.923524, -35.862958], [148.924309, -35.863416], [148.924983, -35.863808], [148.926386, -35.865065], [148.926503, -35.865832], [148.927702, -35.867055], [148.928915, -35.867791], [148.930301, -35.868172], [148.93136, -35.869372], [148.932237, -35.870567], [148.932168, -35.872967], [148.932719, -35.87365], [148.933015, -35.873706], [148.934157, -35.873988], [148.93553, -35.874171], [148.936025, -35.874507], [148.937496, -35.874649], [148.940614, -35.875839], [148.941131, -35.877389], [148.942165, -35.878491], [148.943032, -35.879747], [148.944412, -35.881071], [148.944562, -35.881391], [148.949755, -35.885631], [148.950928, -35.886382], [148.95277, -35.888208], [148.955551, -35.88957], [148.956265, -35.890014], [148.956587, -35.890422], [148.956598, -35.890437], [148.958406, -35.891788], [148.958647, -35.893024], [148.959591, -35.894349], [148.959133, -35.895456], [148.961624, -35.8968], [148.962166, -35.896761], [148.964238, -35.897046], [148.966288, -35.897268], [148.966348, -35.896883], [148.967101, -35.895526], [148.967215, -35.895035], [148.967855, -35.893972], [148.96999, -35.893291], [148.970578, -35.892945], [148.97314, -35.892363], [148.975656, -35.892176], [148.977311, -35.892423], [148.979133, -35.892975], [148.979368, -35.893041], [148.979968, -35.893205], [148.981676, -35.893837], [148.98376, -35.893993], [148.984438, -35.894213], [148.986733, -35.895463], [148.98951, -35.895988], [148.990432, -35.895967], [148.992067, -35.89534], [148.993326, -35.895225], [148.993976, -35.895503], [148.995316, -35.895966], [148.996888, -35.896205], [148.997983, -35.896887], [148.997398, -35.900995], [148.999379, -35.902625], [149.001217, -35.902025], [149.003487, -35.901203], [149.00882, -35.901306], [149.01093, -35.900742], [149.011783, -35.899972], [149.012198, -35.899697], [149.013853, -35.90024], [149.015122, -35.901712], [149.016171, -35.901941], [149.017489, -35.903476], [149.019075, -35.904444], [149.020617, -35.905228], [149.022681, -35.906086], [149.023697, -35.907129], [149.023825, -35.908068], [149.024913, -35.910475], [149.02528, -35.910882], [149.025562, -35.911334], [149.026408, -35.912147], [149.027606, -35.912892], [149.028373, -35.912421], [149.02952, -35.91203], [149.030145, -35.911703], [149.031159, -35.911324], [149.032376, -35.91114], [149.0337, -35.911196], [149.034117, -35.911941], [149.035048, -35.912977], [149.036133, -35.913922], [149.038479, -35.914396], [149.039718, -35.914062], [149.041232, -35.914611], [149.042452, -35.915848], [149.043763, -35.916535], [149.04387, -35.917417], [149.044564, -35.919537], [149.04608, -35.920762], [149.047298, -35.920612], [149.048135, -35.920526], [149.048811, -35.92041], [149.049339, -35.920129], [149.049704, -35.919716], [149.050027, -35.918776], [149.050547, -35.918225], [149.051263, -35.917301], [149.051981, -35.916728], [149.052543, -35.916148], [149.052564, -35.915764], [149.053211, -35.91558], [149.05378, -35.915006], [149.054498, -35.91453], [149.055067, -35.913675], [149.055164, -35.913028], [149.055445, -35.912362], [149.055731, -35.911136], [149.055962, -35.910505], [149.05568, -35.910213], [149.055848, -35.909513], [149.056733, -35.908309], [149.057133, -35.907397], [149.054785, -35.905399], [149.051698, -35.903534], [149.051752, -35.902296], [149.053051, -35.900237], [149.054224, -35.898895], [149.055996, -35.897471], [149.056847, -35.897293], [149.058113, -35.896575], [149.058908, -35.896001], [149.058578, -35.894666], [149.060814, -35.893283], [149.06125, -35.891828], [149.061738, -35.891448], [149.060433, -35.889338], [149.060364, -35.889093], [149.06014, -35.888293], [149.061068, -35.886961], [149.061939, -35.885399], [149.062377, -35.884516], [149.062447, -35.884073], [149.061946, -35.88334], [149.06181, -35.882294], [149.061523, -35.881708], [149.061736, -35.880683], [149.061518, -35.880073], [149.061711, -35.879879], [149.062767, -35.877983], [149.064381, -35.875305], [149.064408, -35.874932], [149.065384, -35.873882], [149.06614, -35.872872], [149.067644, -35.870859], [149.069651, -35.869775], [149.070254, -35.869394], [149.072819, -35.866389], [149.074272, -35.865846], [149.07464, -35.864911], [149.074754, -35.863862], [149.076039, -35.86231], [149.076789, -35.860646], [149.079685, -35.859055], [149.080863, -35.857143], [149.080773, -35.856186], [149.082121, -35.853208], [149.083702, -35.852893], [149.084522, -35.852289], [149.084228, -35.850227], [149.085274, -35.849839], [149.086135, -35.849], [149.086574, -35.848248], [149.088894, -35.848199], [149.093266, -35.846476], [149.094851, -35.846825], [149.095682, -35.845716], [149.09606, -35.844317], [149.095836, -35.843327], [149.094588, -35.841549], [149.095376, -35.839146], [149.093395, -35.838305], [149.09298, -35.838266], [149.092949, -35.837831], [149.09263, -35.837362], [149.091978, -35.835416], [149.092214, -35.8349], [149.093658, -35.833978], [149.093661, -35.83215], [149.093907, -35.831546], [149.093994, -35.83133], [149.094519, -35.830841], [149.0945, -35.830073], [149.094725, -35.828766], [149.094321, -35.827152], [149.093371, -35.825729], [149.093517, -35.824221], [149.094987, -35.822039], [149.094504, -35.821215], [149.095419, -35.820135], [149.096028, -35.81976], [149.095823, -35.8183], [149.095925, -35.817654], [149.095931, -35.817612], [149.097238, -35.81743], [149.098789, -35.81688], [149.100453, -35.815367], [149.100583, -35.814811], [149.099624, -35.811909], [149.100282, -35.811414], [149.100457, -35.810044], [149.099611, -35.809658], [149.098237, -35.807904], [149.098705, -35.807524], [149.099611, -35.807246], [149.099509, -35.806707], [149.100089, -35.806041], [149.101088, -35.805063], [149.101481, -35.803698], [149.099805, -35.80328], [149.099775, -35.801716], [149.099147, -35.801277], [149.098263, -35.800427], [149.097099, -35.799674], [149.096732, -35.798272], [149.097047, -35.796833], [149.097661, -35.796017], [149.098711, -35.79524], [149.099476, -35.795111], [149.100201, -35.7941], [149.100463, -35.793188], [149.1006, -35.791457], [149.100232, -35.789757], [149.097806, -35.788293], [149.096232, -35.787227], [149.093498, -35.787226], [149.093417, -35.786515], [149.093033, -35.785829], [149.092936, -35.784792], [149.093324, -35.783869], [149.093144, -35.783159], [149.09468, -35.781452], [149.095097, -35.780625], [149.095763, -35.780216], [149.096233, -35.778914], [149.097391, -35.777414], [149.097289, -35.777295], [149.0964, -35.776249], [149.095914, -35.775993], [149.094795, -35.775773], [149.092982, -35.774485], [149.09165, -35.773939], [149.093069, -35.771522], [149.093325, -35.770851], [149.092772, -35.768767], [149.092346, -35.768099], [149.091986, -35.767802], [149.091117, -35.767003], [149.090716, -35.7656], [149.092826, -35.763611], [149.093244, -35.762881], [149.093617, -35.761832], [149.093268, -35.761013], [149.092948, -35.759112], [149.094648, -35.756591], [149.094622, -35.755732], [149.094898, -35.754946], [149.094909, -35.754275], [149.095584, -35.753328], [149.096438, -35.75278], [149.096301, -35.75211], [149.095089, -35.750316], [149.09576, -35.749631], [149.096974, -35.747448], [149.095618, -35.746037], [149.096198, -35.743805], [149.096792, -35.742879], [149.097694, -35.741899], [149.098018, -35.740619], [149.098394, -35.739746], [149.099008, -35.739318], [149.099005, -35.739043], [149.099845, -35.737713], [149.100699, -35.736392], [149.100763, -35.735604], [149.10061, -35.73491], [149.100592, -35.733488], [149.099013, -35.730643], [149.099056, -35.729323], [149.100064, -35.728383], [149.102408, -35.726917], [149.103737, -35.726049], [149.104121, -35.725193], [149.104194, -35.72427], [149.103918, -35.723379], [149.102462, -35.721769], [149.102426, -35.72095], [149.101827, -35.720118], [149.100714, -35.719078], [149.100646, -35.718655], [149.100124, -35.717055], [149.099371, -35.716218], [149.099514, -35.714819], [149.09977, -35.714679], [149.101101, -35.713112], [149.100973, -35.712805], [149.101253, -35.712423], [149.101578, -35.710688], [149.101582, -35.709647], [149.101893, -35.709044], [149.101939, -35.708017], [149.102222, -35.707481], [149.102709, -35.7068], [149.10339, -35.706218], [149.103413, -35.706182], [149.104065, -35.705029], [149.105304, -35.704058], [149.105608, -35.703882], [149.106301, -35.703483], [149.107524, -35.702358], [149.107878, -35.701319], [149.107863, -35.70062], [149.108694, -35.699543], [149.109483, -35.69664], [149.108589, -35.695644], [149.108224, -35.694965], [149.107948, -35.694102], [149.106693, -35.692937], [149.106001, -35.69119], [149.104281, -35.691105], [149.103793, -35.690759], [149.103825, -35.689808], [149.104365, -35.689105], [149.104879, -35.687286], [149.104827, -35.686399], [149.104439, -35.684867], [149.103113, -35.684836], [149.102149, -35.684562], [149.101513, -35.684101], [149.09953, -35.683842], [149.096122, -35.680556], [149.095379, -35.679285], [149.095561, -35.677955], [149.095037, -35.676784], [149.096135, -35.675786], [149.096647, -35.674442], [149.097183, -35.674135], [149.09729, -35.67359], [149.096678, -35.672775], [149.096728, -35.672208], [149.095974, -35.669212], [149.09601, -35.668668], [149.095737, -35.668057], [149.095693, -35.667164], [149.096038, -35.6653], [149.096668, -35.664534], [149.096724, -35.663182], [149.095904, -35.661957], [149.095914, -35.661515], [149.096252, -35.660345], [149.096953, -35.659701], [149.097888, -35.658778], [149.098572, -35.657231], [149.098392, -35.656817], [149.098239, -35.656633], [149.097649, -35.655964], [149.096069, -35.65436], [149.095415, -35.653043], [149.095454, -35.652574], [149.096831, -35.651769], [149.097126, -35.648737], [149.097495, -35.647313], [149.096145, -35.645618], [149.096329, -35.644151], [149.096007, -35.642519], [149.095717, -35.640344], [149.093736, -35.640026], [149.093544, -35.639969], [149.092505, -35.639662], [149.090735, -35.639967], [149.089091, -35.641032], [149.088296, -35.640763], [149.087612, -35.639697], [149.08774, -35.637852], [149.087524, -35.636656], [149.08724, -35.636326], [149.086569, -35.635838], [149.088591, -35.634094], [149.08815, -35.633548], [149.087318, -35.630392], [149.087817, -35.629175], [149.087827, -35.628058], [149.087916, -35.627857], [149.087607, -35.627558], [149.086076, -35.625567], [149.085926, -35.625371], [149.085129, -35.622884], [149.084652, -35.62227], [149.08419, -35.621677], [149.085208, -35.619576], [149.084901, -35.618524], [149.084757, -35.617654], [149.084948, -35.616768], [149.084525, -35.614644], [149.082571, -35.613639], [149.081931, -35.611788], [149.081248, -35.611255], [149.081217, -35.610486], [149.080424, -35.608997], [149.079492, -35.60798], [149.079234, -35.607749], [149.079498, -35.606641], [149.079517, -35.605151], [149.080057, -35.604985], [149.07952, -35.602471], [149.07855, -35.599826], [149.07818, -35.598819], [149.078873, -35.598582], [149.079366, -35.597443], [149.078589, -35.596725], [149.07839, -35.595953], [149.078233, -35.59534], [149.079121, -35.593534], [149.079121, -35.593044], [149.078726, -35.592556], [149.078247, -35.588693], [149.077956, -35.587703], [149.078148, -35.586417], [149.082923, -35.584593], [149.084614, -35.580814], [149.090598, -35.581619], [149.108345, -35.58398], [149.108262, -35.584251], [149.108241, -35.584326], [149.10822, -35.584395], [149.108207, -35.584463], [149.108137, -35.584807], [149.108116, -35.584882], [149.108109, -35.584951], [149.108088, -35.585031], [149.108046, -35.585248], [149.108025, -35.585323], [149.108011, -35.585392], [149.10797, -35.585529], [149.107963, -35.585604], [149.107949, -35.585673], [149.107942, -35.585747], [149.107942, -35.585896], [149.107956, -35.586051], [149.107998, -35.586188], [149.10802, -35.586268], [149.108055, -35.586337], [149.108083, -35.586411], [149.108118, -35.58648], [149.108202, -35.586618], [149.108251, -35.586686], [149.108308, -35.586761], [149.108357, -35.586829], [149.108413, -35.586898], [149.108511, -35.587035], [149.108645, -35.587178], [149.108708, -35.587247], [149.108778, -35.587316], [149.108856, -35.587384], [149.108947, -35.587447], [149.109059, -35.587527], [149.109143, -35.587579], [149.109228, -35.587619], [149.109312, -35.587653], [149.10939, -35.58768], [149.109578, -35.587739], [149.109659, -35.587757], [149.109747, -35.587785], [149.109838, -35.587807], [149.109922, -35.58783], [149.110006, -35.587841], [149.11009, -35.587858], [149.110175, -35.58787], [149.110266, -35.587881], [149.11035, -35.587887], [149.1107, -35.587886], [149.110883, -35.587863], [149.110967, -35.587846], [149.111065, -35.587823], [149.111156, -35.5878], [149.11124, -35.587777], [149.111408, -35.587719], [149.1115, -35.587679], [149.111584, -35.587645], [149.111675, -35.587599], [149.111766, -35.587559], [149.11185, -35.587501], [149.112018, -35.587352], [149.112087, -35.587283], [149.112165, -35.587215], [149.112235, -35.587134], [149.112305, -35.58706], [149.112361, -35.586985], [149.112424, -35.586916], [149.112473, -35.586842], [149.112529, -35.586767], [149.112564, -35.586698], [149.112592, -35.58663], [149.112641, -35.586492], [149.112669, -35.586418], [149.112697, -35.586349], [149.112718, -35.58628], [149.112774, -35.586143], [149.112809, -35.586074], [149.112843, -35.585999], [149.112893, -35.58593], [149.112976, -35.585862], [149.113061, -35.585821], [149.113145, -35.585804], [149.113229, -35.585804], [149.11332, -35.585809], [149.113418, -35.585827], [149.11358, -35.585869], [149.113671, -35.585895], [149.113839, -35.585941], [149.114008, -35.585975], [149.114092, -35.585986], [149.114183, -35.586009], [149.114351, -35.586055], [149.114528, -35.586117], [149.114604, -35.586146], [149.114772, -35.586203], [149.114863, -35.586238], [149.114975, -35.586279], [149.115035, -35.585973], [149.123406, -35.58707], [149.123418, -35.586914], [149.12552, -35.587203], [149.125101, -35.589303], [149.126396, -35.58949], [149.126, -35.591626], [149.129998, -35.592151], [149.130268, -35.590785], [149.135194, -35.591465], [149.135181, -35.591591], [149.14251, -35.59257], [149.141344, -35.590671], [149.140486, -35.588292], [149.138857, -35.582423], [149.138021, -35.57942], [149.137429, -35.577253], [149.136354, -35.573312], [149.135777, -35.571265], [149.135509, -35.570307], [149.135177, -35.570353], [149.134938, -35.569499], [149.135297, -35.569549], [149.13443, -35.566466], [149.13337, -35.562651], [149.132324, -35.558899], [149.131546, -35.556102], [149.13147, -35.555369], [149.131418, -35.555055], [149.131376, -35.554173], [149.131532, -35.552505], [149.131775, -35.551409], [149.132049, -35.550537], [149.132384, -35.549458], [149.133059, -35.548017], [149.137843, -35.537323], [149.137709, -35.537124], [149.138079, -35.536315], [149.13825, -35.535941], [149.138442, -35.535968], [149.144909, -35.522012], [149.150195, -35.510604], [149.15094, -35.508371], [149.150985, -35.508179], [149.151279, -35.506926], [149.151414, -35.499738], [149.151545, -35.492842], [149.151546, -35.492538], [149.151533, -35.492235], [149.151507, -35.491931], [149.151467, -35.491629], [149.151414, -35.491329], [149.151347, -35.49103], [149.151267, -35.490733], [149.151174, -35.490439], [149.151067, -35.490148], [149.150948, -35.48986], [149.144637, -35.475775], [149.144471, -35.47542], [149.144289, -35.47507], [149.144092, -35.474726], [149.14388, -35.474388], [149.143654, -35.474056], [149.143413, -35.473731], [149.143158, -35.473413], [149.142889, -35.473103], [149.142607, -35.472801], [149.142312, -35.472507], [149.141695, -35.471912], [149.141379, -35.471628], [149.141075, -35.471335], [149.140784, -35.471034], [149.140505, -35.470725], [149.140239, -35.470408], [149.139986, -35.470084], [149.139748, -35.469753], [149.139523, -35.469416], [149.139313, -35.469072], [149.139116, -35.468723], [149.138935, -35.468368], [149.138768, -35.468009], [149.138617, -35.467645], [149.138481, -35.467278], [149.13836, -35.466906], [149.138255, -35.466532], [149.1382, -35.465681], [149.138186, -35.464829], [149.138213, -35.463977], [149.138222, -35.463906], [149.138227, -35.463834], [149.138229, -35.463762], [149.138228, -35.46369], [149.138224, -35.463618], [149.138216, -35.463546], [149.138206, -35.463474], [149.138193, -35.463403], [149.138176, -35.463333], [149.138157, -35.463262], [149.138135, -35.463193], [149.138109, -35.463124], [149.138081, -35.463056], [149.13805, -35.462988], [149.138016, -35.462922], [149.137979, -35.462856], [149.137939, -35.462792], [149.137896, -35.462729], [149.137851, -35.462667], [149.137804, -35.462607], [149.137753, -35.462548], [149.137609, -35.462392], [149.137472, -35.462232], [149.137341, -35.462069], [149.137217, -35.461901], [149.137101, -35.461731], [149.136991, -35.461557], [149.13689, -35.461381], [149.136795, -35.461201], [149.136709, -35.461019], [149.13663, -35.460835], [149.136559, -35.460648], [149.136495, -35.46046], [149.13644, -35.46027], [149.136393, -35.460078], [149.136354, -35.459885], [149.136323, -35.459692], [149.1363, -35.459497], [149.136286, -35.459302], [149.13628, -35.459107], [149.136282, -35.458911], [149.136474, -35.456997], [149.135701, -35.4553], [149.13555, -35.454422], [149.135821, -35.453436], [149.136298, -35.4527], [149.136994, -35.452091], [149.13713, -35.452019], [149.137269, -35.451951], [149.137411, -35.451888], [149.137555, -35.451828], [149.137702, -35.451773], [149.13785, -35.451721], [149.138001, -35.451674], [149.138154, -35.451631], [149.138308, -35.451592], [149.138465, -35.451558], [149.138622, -35.451528], [149.13878, -35.451502], [149.13894, -35.451481], [149.141253, -35.451511], [149.142171, -35.451395], [149.143053, -35.450641], [149.143347, -35.450218], [149.143261, -35.449671], [149.14339, -35.449356], [149.14318, -35.448545], [149.143348, -35.447823], [149.143794, -35.447029], [149.14503, -35.446125], [149.148082, -35.444266], [149.149114, -35.444036], [149.151478, -35.443994], [149.151557, -35.443981], [149.151636, -35.443967], [149.151713, -35.44395], [149.15179, -35.443931], [149.151866, -35.443909], [149.151941, -35.443886], [149.152015, -35.44386], [149.152088, -35.443832], [149.152159, -35.443802], [149.152229, -35.44377], [149.152298, -35.443736], [149.152366, -35.443701], [149.152431, -35.443663], [149.152495, -35.443623], [149.152558, -35.443582], [149.152618, -35.443539], [149.152677, -35.443494], [149.152733, -35.443447], [149.152788, -35.443399], [149.152841, -35.443349], [149.152891, -35.443298], [149.152939, -35.443246], [149.152985, -35.443192], [149.153029, -35.443136], [149.15307, -35.44308], [149.153145, -35.442964], [149.153178, -35.442904], [149.153209, -35.442843], [149.153238, -35.442782], [149.153264, -35.44272], [149.153287, -35.442657], [149.153307, -35.442593], [149.153325, -35.442529], [149.15334, -35.442465], [149.153352, -35.442399], [149.153361, -35.442334], [149.153368, -35.442269], [149.153371, -35.442203], [149.153372, -35.442137], [149.15337, -35.442072], [149.153366, -35.442006], [149.153358, -35.441941], [149.153348, -35.441875], [149.153319, -35.441746], [149.1533, -35.441682], [149.153279, -35.441619], [149.153254, -35.441556], [149.153215, -35.441436], [149.15318, -35.441315], [149.15315, -35.441193], [149.153126, -35.44107], [149.153107, -35.440946], [149.153093, -35.440822], [149.153084, -35.440698], [149.15308, -35.440573], [149.153082, -35.440449], [149.153088, -35.440325], [149.153101, -35.440201], [149.153118, -35.440077], [149.15314, -35.439954], [149.153168, -35.439831], [149.1532, -35.43971], [149.153238, -35.439589], [149.153281, -35.43947], [149.153329, -35.439351], [149.153381, -35.439234], [149.153439, -35.439119], [149.153501, -35.439006], [149.153569, -35.438894], [149.15364, -35.438784], [149.153717, -35.438676], [149.153798, -35.438571], [149.153883, -35.438468], [149.153972, -35.438367], [149.154066, -35.438269], [149.154164, -35.438173], [149.154265, -35.438081], [149.154371, -35.437991], [149.154867, -35.437382], [149.155134, -35.436628], [149.155123, -35.435781], [149.155107, -35.435688], [149.155087, -35.435595], [149.155063, -35.435504], [149.155036, -35.435413], [149.155004, -35.435323], [149.154969, -35.435233], [149.15493, -35.435145], [149.154887, -35.435058], [149.154841, -35.434973], [149.154791, -35.434888], [149.154737, -35.434805], [149.15468, -35.434724], [149.15462, -35.434645], [149.154556, -35.434567], [149.154489, -35.434491], [149.154418, -35.434417], [149.154345, -35.434345], [149.154268, -35.434275], [149.154189, -35.434207], [149.154107, -35.434142], [149.154022, -35.434079], [149.153935, -35.434019], [149.153845, -35.433961], [149.153752, -35.433905], [149.153658, -35.433853], [149.153561, -35.433803], [149.153462, -35.433755], [149.153361, -35.433711], [149.153258, -35.433669], [149.153154, -35.433631], [149.153048, -35.433596], [149.15294, -35.433563], [149.152831, -35.433534], [149.152721, -35.433508], [149.152611, -35.433484], [149.152499, -35.433464], [149.152386, -35.433448], [149.152273, -35.433434], [149.150711, -35.433606], [149.150555, -35.433629], [149.150398, -35.433648], [149.150241, -35.433662], [149.150083, -35.433672], [149.149925, -35.433677], [149.149767, -35.433678], [149.149608, -35.433673], [149.14945, -35.433665], [149.148418, -35.433596], [149.147388, -35.433501], [149.146362, -35.43338], [149.145341, -35.433233], [149.144822, -35.433338], [149.144714, -35.433424], [149.144603, -35.433506], [149.144488, -35.433586], [149.144369, -35.433663], [149.144248, -35.433735], [149.144123, -35.433805], [149.143995, -35.43387], [149.143865, -35.433932], [149.143732, -35.43399], [149.143597, -35.434044], [149.143459, -35.434095], [149.14332, -35.434141], [149.143178, -35.434183], [149.143035, -35.434221], [149.14289, -35.434255], [149.142744, -35.434285], [149.142596, -35.434311], [149.142448, -35.434332], [149.142298, -35.434349], [149.142149, -35.434361], [149.141998, -35.43437], [149.141889, -35.434366], [149.141779, -35.43436], [149.14167, -35.43435], [149.141561, -35.434337], [149.141453, -35.434321], [149.141346, -35.434303], [149.14124, -35.434281], [149.141134, -35.434256], [149.14103, -35.434228], [149.140927, -35.434196], [149.140826, -35.434163], [149.140726, -35.434126], [149.140627, -35.434086], [149.14053, -35.434044], [149.140435, -35.433999], [149.140343, -35.433951], [149.140252, -35.433901], [149.140163, -35.433848], [149.140077, -35.433792], [149.139993, -35.433735], [149.139912, -35.433674], [149.139833, -35.433612], [149.139757, -35.433547], [149.139684, -35.43348], [149.139613, -35.433411], [149.139546, -35.43334], [149.139481, -35.433268], [149.13942, -35.433193], [149.139362, -35.433117], [149.139308, -35.433039], [149.139256, -35.43296], [149.139208, -35.432879], [149.139164, -35.432797], [149.139123, -35.432713], [149.139086, -35.432629], [149.139052, -35.432543], [149.138163, -35.429401], [149.138667, -35.428319], [149.139088, -35.428002], [149.139741, -35.427599], [149.140409, -35.427214], [149.141091, -35.426846], [149.141788, -35.426495], [149.142996, -35.425615], [149.143088, -35.425133], [149.143793, -35.424771], [149.144486, -35.423693], [149.14565, -35.416777], [149.145706, -35.416573], [149.145771, -35.41637], [149.145845, -35.416169], [149.145926, -35.41597], [149.146016, -35.415774], [149.146114, -35.41558], [149.14622, -35.415389], [149.146334, -35.415201], [149.146456, -35.415017], [149.146586, -35.414836], [149.146723, -35.414659], [149.146867, -35.414485], [149.147018, -35.414316], [149.147175, -35.414151], [149.147342, -35.413991], [149.147513, -35.413836], [149.147691, -35.413685], [149.147875, -35.413539], [149.148065, -35.413399], [149.148261, -35.413264], [149.148463, -35.413135], [149.14867, -35.413011], [149.152449, -35.410732], [149.154856, -35.40928], [149.155122, -35.409128], [149.155381, -35.408969], [149.155633, -35.408802], [149.155877, -35.408628], [149.156113, -35.408447], [149.156342, -35.408259], [149.156562, -35.408065], [149.156773, -35.407864], [149.156976, -35.407657], [149.157169, -35.407444], [149.158154, -35.406406], [149.159675, -35.404787], [149.162711, -35.401591], [149.166234, -35.39787], [149.169739, -35.394026], [149.17085, -35.392849], [149.176217, -35.387167], [149.176361, -35.386607], [149.176683, -35.386268], [149.177794, -35.385092], [149.177995, -35.384884], [149.178637, -35.384615], [149.182191, -35.380848], [149.183053, -35.379906], [149.183334, -35.379585], [149.18379, -35.379055], [149.184386, -35.378336], [149.184568, -35.378104], [149.184858, -35.377754], [149.185136, -35.377397], [149.18591, -35.376368], [149.186426, -35.375649], [149.186658, -35.375304], [149.187118, -35.374614], [149.187875, -35.373442], [149.188705, -35.372154], [149.190824, -35.368854], [149.193477, -35.364751], [149.195703, -35.361273], [149.199259, -35.35572], [149.199339, -35.355594], [149.199654, -35.355107], [149.201631, -35.35206], [149.202122, -35.351303], [149.204105, -35.348247], [149.204403, -35.347787], [149.204521, -35.34761], [149.204646, -35.347436], [149.20478, -35.347267], [149.20492, -35.347101], [149.205068, -35.34694], [149.205222, -35.346782], [149.205383, -35.34663], [149.205551, -35.346482], [149.205725, -35.34634], [149.205905, -35.346202], [149.206091, -35.34607], [149.206283, -35.345943], [149.206345, -35.345905], [149.206445, -35.345845], [149.206682, -35.345707], [149.206889, -35.345599], [149.207101, -35.345495], [149.207317, -35.345399], [149.207546, -35.345305], [149.207761, -35.345225], [149.213248, -35.343248], [149.216186, -35.342191], [149.217912, -35.341563], [149.218119, -35.341496], [149.218329, -35.341438], [149.218541, -35.341387], [149.218756, -35.341342], [149.218974, -35.341309], [149.219194, -35.341281], [149.21943, -35.34126], [149.219651, -35.341255], [149.219873, -35.341259], [149.220094, -35.341271], [149.220366, -35.341294], [149.220585, -35.34132], [149.220802, -35.341356], [149.221343, -35.341276], [149.221571, -35.341242], [149.221657, -35.341264], [149.224367, -35.341774], [149.224851, -35.341686], [149.225318, -35.341775], [149.225693, -35.341844], [149.226027, -35.341905], [149.226143, -35.341932], [149.226546, -35.342191], [149.226638, -35.342215], [149.227679, -35.342406], [149.228822, -35.342616], [149.229396, -35.34287], [149.229516, -35.34295], [149.229615, -35.342945], [149.229713, -35.342936], [149.229812, -35.342925], [149.229898, -35.342912], [149.230006, -35.342893], [149.230103, -35.342873], [149.230198, -35.342851], [149.230292, -35.342826], [149.230386, -35.342798], [149.230478, -35.342768], [149.230568, -35.342735], [149.230658, -35.342699], [149.230745, -35.342661], [149.230831, -35.34262], [149.230915, -35.342577], [149.231257, -35.342381], [149.231378, -35.342319], [149.231448, -35.342281], [149.231586, -35.342204], [149.233477, -35.341147], [149.235133, -35.340221], [149.238824, -35.338161], [149.240084, -35.337459], [149.241433, -35.336702], [149.241522, -35.336655]]], [[[167.995552, -29.037017], [167.995468, -29.036608], [167.995427, -29.036478], [167.995299, -29.036345], [167.995156, -29.036133], [167.995026, -29.035933], [167.994896, -29.035669], [167.994857, -29.03553000000001], [167.994864, -29.035133], [167.994706, -29.034889], [167.994587, -29.034653], [167.99455, -29.034437], [167.994542, -29.034212], [167.994557, -29.033823], [167.99463, -29.033457], [167.994622, -29.03333500000001], [167.994541, -29.032967], [167.994417, -29.032541], [167.994222, -29.032059], [167.994011, -29.031459], [167.99394, -29.031041], [167.993929, -29.030712], [167.993973, -29.030418], [167.994017, -29.029899], [167.994052, -29.02974], [167.99409, -29.029681], [167.994142, -29.029634], [167.994401, -29.029435], [167.994645, -29.029181], [167.994862, -29.029018], [167.994894, -29.028977], [167.994908, -29.028914], [167.994889, -29.028869], [167.994842, -29.02882], [167.994638, -29.028708], [167.994363, -29.028592], [167.994253, -29.028522], [167.994183, -29.028429], [167.994107, -29.028224], [167.994006, -29.028122], [167.993934, -29.028079], [167.993801, -29.028041], [167.993648, -29.028054], [167.993548, -29.02802], [167.993154, -29.027817], [167.992902, -29.027669], [167.992776, -29.027572], [167.992593, -29.027234], [167.992531, -29.027203], [167.992369, -29.027189], [167.991195, -29.027292], [167.991063, -29.027286], [167.990964, -29.027265], [167.990792, -29.027184], [167.990654, -29.027083], [167.990513, -29.026928], [167.990457, -29.026835], [167.990351, -29.026562], [167.990269, -29.02646], [167.990183, -29.026223], [167.990136, -29.026147], [167.990101, -29.026121], [167.989877, -29.026022], [167.98963, -29.025969], [167.989289, -29.025851], [167.989055, -29.025712], [167.988751, -29.025506], [167.988289, -29.025427], [167.988011, -29.02528], [167.987844, -29.02523], [167.987767, -29.025223], [167.987622, -29.025239], [167.987452, -29.025217], [167.987409, -29.025167], [167.9873, -29.024834], [167.987142, -29.024454], [167.987028, -29.024265], [167.986757, -29.024141], [167.986417, -29.02402], [167.986158, -29.023898], [167.985888, -29.023742], [167.985726, -29.023689], [167.985334, -29.023449], [167.985157, -29.023379], [167.984967, -29.023348], [167.984449, -29.023368], [167.98413, -29.02333000000001], [167.984011, -29.023335], [167.983809, -29.023388], [167.983714, -29.023372], [167.983636, -29.023315], [167.983512, -29.023254], [167.983439, -29.023255], [167.983385, -29.023263], [167.983275, -29.023323], [167.983133, -29.02346], [167.983006, -29.023492], [167.982916, -29.023537], [167.982668, -29.023604], [167.982536, -29.023629], [167.982456, -29.023625], [167.982381, -29.023614], [167.98231, -29.023584], [167.98185, -29.023324], [167.981388, -29.02327100000001], [167.981109, -29.023291], [167.98071, -29.023151], [167.980596, -29.023094], [167.980375, -29.023113], [167.980125, -29.023078], [167.980084, -29.023061], [167.979905, -29.023065], [167.979766, -29.02305], [167.979705, -29.023024], [167.979667, -29.022989], [167.979564, -29.022779], [167.979528, -29.022735], [167.979502, -29.022726], [167.979461, -29.022741], [167.979435, -29.022773], [167.979355, -29.022937], [167.979309, -29.022997], [167.979241, -29.023003], [167.979157, -29.022982], [167.978809, -29.022828], [167.978761, -29.022785], [167.978708, -29.02269], [167.978664, -29.022641], [167.978569, -29.022585], [167.97823, -29.022489], [167.977931, -29.022477], [167.977847, -29.022457], [167.977775, -29.022404], [167.97769, -29.022216], [167.977608, -29.022146], [167.97753, -29.022152], [167.97734, -29.022224], [167.977256, -29.02224], [167.977142, -29.022242], [167.97677, -29.022295], [167.976437, -29.022298], [167.976203, -29.022353], [167.975794, -29.02234], [167.97568, -29.022302], [167.975544, -29.022228], [167.975437, -29.02219], [167.975337, -29.022205], [167.975186, -29.022258], [167.975137, -29.022296], [167.974971, -29.022344], [167.974877, -29.022085], [167.974238, -29.02205], [167.973831, -29.021991], [167.973759, -29.021992], [167.97364, -29.021954], [167.97359, -29.021906], [167.973318, -29.021907], [167.973203, -29.022009], [167.972969, -29.022037], [167.972757, -29.022033], [167.972287, -29.022079], [167.971917, -29.02202], [167.971729, -29.021943], [167.971497, -29.021817], [167.971011, -29.021435], [167.970482, -29.021068], [167.97002, -29.020695], [167.969906, -29.020567], [167.969756, -29.020309], [167.969702, -29.020148], [167.969639, -29.02009], [167.969587, -29.020064], [167.969408, -29.020023], [167.969266, -29.019932], [167.96899, -29.019717], [167.968849, -29.019639], [167.968702, -29.019579], [167.968511, -29.019538], [167.968159, -29.019537], [167.968039, -29.019521], [167.967572, -29.019419], [167.967311, -29.019317], [167.967165, -29.019297], [167.966975, -29.019243], [167.966895, -29.019159], [167.9669, -29.018888], [167.96687, -29.018803], [167.966838, -29.018768], [167.966729, -29.018721], [167.966209, -29.018655], [167.966062, -29.018605], [167.966004, -29.018511], [167.965954, -29.018332], [167.965794, -29.018299], [167.965308, -29.017413], [167.965111, -29.017223], [167.964711, -29.01693], [167.964681, -29.016872], [167.96464, -29.016674], [167.964571, -29.016563], [167.964228, -29.016241], [167.96405, -29.016124], [167.963886, -29.016073], [167.963712, -29.016063], [167.963618, -29.016016], [167.963569, -29.015958], [167.963482, -29.015775], [167.963398, -29.015709], [167.96336, -29.015661], [167.963331, -29.015544], [167.96328, -29.015419], [167.963207, -29.015339], [167.963041, -29.015199], [167.962897, -29.015012], [167.962798, -29.014731], [167.962803, -29.014482], [167.962786, -29.014338], [167.962759, -29.014262], [167.962618, -29.014008], [167.962614, -29.013926], [167.962644, -29.013695], [167.962632, -29.013619], [167.962584, -29.013498], [167.962441, -29.013294], [167.962199, -29.013182], [167.962083, -29.013148], [167.961999, -29.013087], [167.961972, -29.013047], [167.961991, -29.012933], [167.962086, -29.012764], [167.962233, -29.01257100000001], [167.9623, -29.012435], [167.962364, -29.012257], [167.962389, -29.012099], [167.962375, -29.012004], [167.962266, -29.011835], [167.962024, -29.011596], [167.961891, -29.0115], [167.961302, -29.01135], [167.961074, -29.011264], [167.960913, -29.011182], [167.960461, -29.01089], [167.960076, -29.010777], [167.959935, -29.010721], [167.959897, -29.010695], [167.95991, -29.010636], [167.9599, -29.010618], [167.959866, -29.010601], [167.959675, -29.010596], [167.959472, -29.010641], [167.959236, -29.010633], [167.958977, -29.010553], [167.958762, -29.010432], [167.958708, -29.010415], [167.958581, -29.010431], [167.958549, -29.010414], [167.95844, -29.010317], [167.958269, -29.010122], [167.958146, -29.010021], [167.957488, -29.009549], [167.957432, -29.00946], [167.95737, -29.009249], [167.957106, -29.008899], [167.956941, -29.00860000000001], [167.956882, -29.008529], [167.956628, -29.008359], [167.956514, -29.008222], [167.956476, -29.00813700000001], [167.956458, -29.007934], [167.956428, -29.007858], [167.956348, -29.007734], [167.955976, -29.007368], [167.955911, -29.007333], [167.955818, -29.007308], [167.955674, -29.007234], [167.955736, -29.007134], [167.95579, -29.006957], [167.955776, -29.006908], [167.955667, -29.00682], [167.955538, -29.006755], [167.955139, -29.006619], [167.954856, -29.00658500000001], [167.954713, -29.006588], [167.954664, -29.006558], [167.954616, -29.006387], [167.954523, -29.00634], [167.954455, -29.006337], [167.954321, -29.006358], [167.95414, -29.006484], [167.954048, -29.006477], [167.953858, -29.006422], [167.953512, -29.006276], [167.953372, -29.006257], [167.953249, -29.006219], [167.953024, -29.006062], [167.952896, -29.00601], [167.952781, -29.00600800000001], [167.952722, -29.006028], [167.952666, -29.00607400000001], [167.952604, -29.006093], [167.952353, -29.006103], [167.952085, -29.006051], [167.951689, -29.005933], [167.951467, -29.005848], [167.951264, -29.005749], [167.951185, -29.005547], [167.951043, -29.00542], [167.95096, -29.005381], [167.950844, -29.005374], [167.950805, -29.005384], [167.950644, -29.005455], [167.950531, -29.00553], [167.950386, -29.005664], [167.950122, -29.006004], [167.950038, -29.006087], [167.949937, -29.006148], [167.949669, -29.006235], [167.949519, -29.006256], [167.949367, -29.006259], [167.949188, -29.006241], [167.948988, -29.006186], [167.948914, -29.006143], [167.948858, -29.006072], [167.948802, -29.005771], [167.948768, -29.0057], [167.948658, -29.005598], [167.948573, -29.005542], [167.94845, -29.00549], [167.948317, -29.005443], [167.948088, -29.005399], [167.94791, -29.005385], [167.94743, -29.005409], [167.947205, -29.005378], [167.947049, -29.005336], [167.946949, -29.005298], [167.946761, -29.005184], [167.946648, -29.005074], [167.946403, -29.004791], [167.946283, -29.004681], [167.9462, -29.004642], [167.946072, -29.004627], [167.945885, -29.004635], [167.945657, -29.004699], [167.945518, -29.004702], [167.945475, -29.004676], [167.945432, -29.004614], [167.945389, -29.004434], [167.945217, -29.004132], [167.945168, -29.003966], [167.945193, -29.003343], [167.945102, -29.002574], [167.945108, -29.002316], [167.945094, -29.002231], [167.945053, -29.002146], [167.944943, -29.002049], [167.944856, -29.001993], [167.944686, -29.001933], [167.944503, -29.00191], [167.944296, -29.001946], [167.944072, -29.002055], [167.943871, -29.002199], [167.94379, -29.002269], [167.943711, -29.002374], [167.943519, -29.002707], [167.94342, -29.00290800000001], [167.943335, -29.003036], [167.943262, -29.003101], [167.94315, -29.003144], [167.943071, -29.003137], [167.942907, -29.003082], [167.942626, -29.002966], [167.942482, -29.002942], [167.942215, -29.002939], [167.941834, -29.003006], [167.941605, -29.003002], [167.941351, -29.002895], [167.94116, -29.002845], [167.940462, -29.002734], [167.940156, -29.002659], [167.939909, -29.002575], [167.939743, -29.002475], [167.939683, -29.002458], [167.939531, -29.002475], [167.939366, -29.002541], [167.939211, -29.002617], [167.939152, -29.002695], [167.939104, -29.0027], [167.939064, -29.00267], [167.938945, -29.002474], [167.938855, -29.002408], [167.938769, -29.002388], [167.93871, -29.002393], [167.938628, -29.002431], [167.938507, -29.002533], [167.938467, -29.002606], [167.938439, -29.002742], [167.93841, -29.002788], [167.93838, -29.002811], [167.938322, -29.002821], [167.938259, -29.002782], [167.938235, -29.002629], [167.938178, -29.002567], [167.93814, -29.002546], [167.938012, -29.002517], [167.937903, -29.002528], [167.937711, -29.002496], [167.937035, -29.00216], [167.936905, -29.002329], [167.936596, -29.002264], [167.936237, -29.002209], [167.936024, -29.0022], [167.9359, -29.002211], [167.93566, -29.002266], [167.935457, -29.002406], [167.935232, -29.002497], [167.935012, -29.002556], [167.93491, -29.002562], [167.934778, -29.002534], [167.934632, -29.002595], [167.933828, -29.002672], [167.933526, -29.002678], [167.933219, -29.002649], [167.932966, -29.002587], [167.932784, -29.002519], [167.932627, -29.002481], [167.932266, -29.002485], [167.932046, -29.002435], [167.931939, -29.002402], [167.931487, -29.0021], [167.931293, -29.001987], [167.9311, -29.00196], [167.930861, -29.001866], [167.93064, -29.001853], [167.9305, -29.001829], [167.930371, -29.001777], [167.930315, -29.001743], [167.930193, -29.001632], [167.929958, -29.001372], [167.929937, -29.001322], [167.929941, -29.001237], [167.929916, -29.001201], [167.929823, -29.001176], [167.929671, -29.00117], [167.929575, -29.00115], [167.929437, -29.001085], [167.92934, -29.001056], [167.929303, -29.001052], [167.929221, -29.00109], [167.929156, -29.001051], [167.928834, -29.000959], [167.92867, -29.000953], [167.928637, -29.00094], [167.928275, -29.000953], [167.927712, -29.000816], [167.92744, -29.00077200000001], [167.927064, -29.000681], [167.926845, -29.000587], [167.926588, -29.000444], [167.926272, -29.000198], [167.926181, -29.000087], [167.926133, -29.000003], [167.926097, -28.999918], [167.926083, -28.999828], [167.926246, -28.998805], [167.926288, -28.998173], [167.926301, -28.998096], [167.926366, -28.997937], [167.926372, -28.997864], [167.92631, -28.997748], [167.926125, -28.997568], [167.926041, -28.997448], [167.925983, -28.997327], [167.925942, -28.997175], [167.925885, -28.996707], [167.925851, -28.996559], [167.925815, -28.996501], [167.925746, -28.996439], [167.925595, -28.996339], [167.925469, -28.996306], [167.925127, -28.996254], [167.92487, -28.996251], [167.924659, -28.996201], [167.924406, -28.996202], [167.924337, -28.996186], [167.924305, -28.996227], [167.924285, -28.996322], [167.92424, -28.996359], [167.924081, -28.996363], [167.923722, -28.996312], [167.92353, -28.996325], [167.923318, -28.996411], [167.922977, -28.99659], [167.922773, -28.99663], [167.922317, -28.996627], [167.922052, -28.996565], [167.921781, -28.996521], [167.92156, -28.99644], [167.921513, -28.99645900000001], [167.921496, -28.996536], [167.921503, -28.996622], [167.921525, -28.996689], [167.921566, -28.996747], [167.921975, -28.996963], [167.922038, -28.997012], [167.922079, -28.997078], [167.922151, -28.997537], [167.922145, -28.997636], [167.92212, -28.99771300000001], [167.922068, -28.997805], [167.921997, -28.997888], [167.921884, -28.997994], [167.921716, -28.998115], [167.921512, -28.998236], [167.921214, -28.998297], [167.921139, -28.99833], [167.921079, -28.998386], [167.921039, -28.998495], [167.921036, -28.998756], [167.920956, -28.999011], [167.920946, -28.999281], [167.920906, -28.999354], [167.92078, -28.999461], [167.920721, -28.999534], [167.92035, -29.000056], [167.920308, -29.000166], [167.920285, -29.000283], [167.920249, -29.000717], [167.920187, -29.0008], [167.919969, -29.000967], [167.919873, -29.001009], [167.919635, -29.001064], [167.919487, -29.001135], [167.919413, -29.001182], [167.919343, -29.001291], [167.919351, -29.001386], [167.919436, -29.001583], [167.919458, -29.001916], [167.91955, -29.002211], [167.919569, -29.002414], [167.919549, -29.002969], [167.919528, -29.003078], [167.919507, -29.003132], [167.919414, -29.00327], [167.919303, -29.003376], [167.919304, -29.00343], [167.919331, -29.003502], [167.919453, -29.003675], [167.919635, -29.004189], [167.919801, -29.004434], [167.919868, -29.004622], [167.919897, -29.004833], [167.919889, -29.004946], [167.919867, -29.005028], [167.919719, -29.005211], [167.91975, -29.005301], [167.919741, -29.005369], [167.919647, -29.005732], [167.919564, -29.005864], [167.919631, -29.006142], [167.91956, -29.006234], [167.919457, -29.006317], [167.91942, -29.006372], [167.919418, -29.006409], [167.919447, -29.006503], [167.91943, -29.006634], [167.919403, -29.00672], [167.919339, -29.006812], [167.919148, -29.00696], [167.919091, -29.006997], [167.919018, -29.007004], [167.918975, -29.007032], [167.918912, -29.007155], [167.918792, -29.007514], [167.918716, -29.007619], [167.918673, -29.007642], [167.91841, -29.007698], [167.918225, -29.007774], [167.918032, -29.007823], [167.917835, -29.007841], [167.917657, -29.00784], [167.91754, -29.007816], [167.917359, -29.007833], [167.917298, -29.007812], [167.917241, -29.007759], [167.917129, -29.007762], [167.916817, -29.007845], [167.91673, -29.007851], [167.916522, -29.007897], [167.916465, -29.007925], [167.916438, -29.007971], [167.916453, -29.008024], [167.916538, -29.008104], [167.916563, -29.008148], [167.916568, -29.008297], [167.916612, -29.008332], [167.916752, -29.008302], [167.917071, -29.008286], [167.91752, -29.008213], [167.917731, -29.008204], [167.917908, -29.008245], [167.918081, -29.008327], [167.918171, -29.008393], [167.918251, -29.008414], [167.918344, -29.008403], [167.918403, -29.008437], [167.918528, -29.008731], [167.918483, -29.008835], [167.918254, -29.009116], [167.918226, -29.00926], [167.918226, -29.009404], [167.918345, -29.00946], [167.918621, -29.009388], [167.918718, -29.009413], [167.918777, -29.009389], [167.918828, -29.009388], [167.919253, -29.009501], [167.919462, -29.009519], [167.919675, -29.009496], [167.919856, -29.009416], [167.920025, -29.009254], [167.920097, -29.009203], [167.920277, -29.00912200000001], [167.920362, -29.009017], [167.920416, -29.008989], [167.920925, -29.008874], [167.921168, -29.008792], [167.921253, -29.008785], [167.922335, -29.008965], [167.922513, -29.00907], [167.922641, -29.008977], [167.922668, -29.008967], [167.922713, -29.008975], [167.922768, -29.00906], [167.922769, -29.009177], [167.922799, -29.009199], [167.922869, -29.00922], [167.923077, -29.009233], [167.923167, -29.009276], [167.92319, -29.009325], [167.923188, -29.009389], [167.923174, -29.009461], [167.92313, -29.009489], [167.923146, -29.009529], [167.923325, -29.009526], [167.923217, -29.009698], [167.923126, -29.009967], [167.923093, -29.010094], [167.923081, -29.010307], [167.923025, -29.010443], [167.922994, -29.010624], [167.922962, -29.010679], [167.922858, -29.010794], [167.922787, -29.011048], [167.922771, -29.01122], [167.922791, -29.011503], [167.922786, -29.011792], [167.922733, -29.012208], [167.922746, -29.012271], [167.922839, -29.0124], [167.92286, -29.012517], [167.922843, -29.012603], [167.922806, -29.012653], [167.922704, -29.012741], [167.922689, -29.012782], [167.922742, -29.013015], [167.922741, -29.013196], [167.922725, -29.013282], [167.922582, -29.013524], [167.922471, -29.013829], [167.922333, -29.013944], [167.922286, -29.014026], [167.922164, -29.014485], [167.922146, -29.01465200000001], [167.92211, -29.014729], [167.921984, -29.01489], [167.921956, -29.015062], [167.921935, -29.015098], [167.921893, -29.015113], [167.921878, -29.01514], [167.921848, -29.015308], [167.921724, -29.015347], [167.921709, -29.015378], [167.921716, -29.015419], [167.921694, -29.015446], [167.921638, -29.015457], [167.921595, -29.015449], [167.921569, -29.015463], [167.921566, -29.015485], [167.921608, -29.015565], [167.921486, -29.015694], [167.921428, -29.015863], [167.9214, -29.015895], [167.921219, -29.016016], [167.921241, -29.016119], [167.921274, -29.016128], [167.92134, -29.01609], [167.921391, -29.016084], [167.921465, -29.016214], [167.921506, -29.01624], [167.921682, -29.01629], [167.921779, -29.016337], [167.921851, -29.016395], [167.921974, -29.01655], [167.922041, -29.016675], [167.922079, -29.016786], [167.922097, -29.016903], [167.922094, -29.01705700000001], [167.922073, -29.017147], [167.921915, -29.01745800000001], [167.921852, -29.017499], [167.921731, -29.017484], [167.92167, -29.017539], [167.921672, -29.017585], [167.921844, -29.017635], [167.921861, -29.017662], [167.921719, -29.017863], [167.921637, -29.018009], [167.921635, -29.018063], [167.921683, -29.01818], [167.921663, -29.018261], [167.921566, -29.018403], [167.921479, -29.018486], [167.921417, -29.018591], [167.921397, -29.018709], [167.921423, -29.018929], [167.921406, -29.018988], [167.921305, -29.019117], [167.921212, -29.019281], [167.92107, -29.019568], [167.921035, -29.019691], [167.921044, -29.019817], [167.921096, -29.019915], [167.921201, -29.019994], [167.921445, -29.020102], [167.921519, -29.020149], [167.92161, -29.020355], [167.921722, -29.020438], [167.92176, -29.020496], [167.92178, -29.02063100000001], [167.921765, -29.020884], [167.921798, -29.02097300000001], [167.921801, -29.021059], [167.921776, -29.021235], [167.921708, -29.021422], [167.921708, -29.021552], [167.921693, -29.021593], [167.921613, -29.021663], [167.921576, -29.021722], [167.921559, -29.022124], [167.92154, -29.022187], [167.921351, -29.02239], [167.921324, -29.022449], [167.921326, -29.022657], [167.921293, -29.022793], [167.921256, -29.022879], [167.921177, -29.022976], [167.921042, -29.023037], [167.920688, -29.023324], [167.920507, -29.02345], [167.920256, -29.023586], [167.920582, -29.023584], [167.920392, -29.023633], [167.920224, -29.023731], [167.920184, -29.023804], [167.920115, -29.024216], [167.92012, -29.024293], [167.920154, -29.024373], [167.920378, -29.024707], [167.920392, -29.024819], [167.920437, -29.024958], [167.920626, -29.025387], [167.920689, -29.025566], [167.920706, -29.025705], [167.920708, -29.02594], [167.920674, -29.02627], [167.920639, -29.026397], [167.920657, -29.026464], [167.92081, -29.026627], [167.920945, -29.026855], [167.921026, -29.026947], [167.921235, -29.027078], [167.921331, -29.027099], [167.921544, -29.027184], [167.921552, -29.027198], [167.921554, -29.027229], [167.921486, -29.027316], [167.92146, -29.02743], [167.92141, -29.027539], [167.92139, -29.027621], [167.92144, -29.027705], [167.921515, -29.027911], [167.921478, -29.028232], [167.921482, -29.028349], [167.921663, -29.028832], [167.921669, -29.028895], [167.921629, -29.028982], [167.921636, -29.029027], [167.921853, -29.029545], [167.921938, -29.029697], [167.92195, -29.029922], [167.922088, -29.03028], [167.922103, -29.030433], [167.922011, -29.030593], [167.921828, -29.030759], [167.921594, -29.030913], [167.921288, -29.031073], [167.9212, -29.031147], [167.921143, -29.031216], [167.92109, -29.031343], [167.921072, -29.031515], [167.921109, -29.031604], [167.921262, -29.031795], [167.921278, -29.031835], [167.921274, -29.031876], [167.921204, -29.031954], [167.920988, -29.032058], [167.920862, -29.032169], [167.920822, -29.032242], [167.92074, -29.032573], [167.920495, -29.032664], [167.920318, -29.032794], [167.920114, -29.032848], [167.919979, -29.033009], [167.91992, -29.03306], [167.919687, -29.033146], [167.919632, -29.033242], [167.919585, -29.033288], [167.919333, -29.033397], [167.919282, -29.033435], [167.919245, -29.033507], [167.919231, -29.033593], [167.919159, -29.033649], [167.919134, -29.03369], [167.919111, -29.033876], [167.918981, -29.034226], [167.918969, -29.034289], [167.918976, -29.034321], [167.919244, -29.034518], [167.919341, -29.034574], [167.919363, -29.034695], [167.919474, -29.034919], [167.919638, -29.035068], [167.919681, -29.035126], [167.919707, -29.035238], [167.919712, -29.0354], [167.91975, -29.03553000000001], [167.919788, -29.035597], [167.919997, -29.035863], [167.920147, -29.036135], [167.920156, -29.036252], [167.920124, -29.036361], [167.920139, -29.03641], [167.920182, -29.036459], [167.920284, -29.036534], [167.920334, -29.036645], [167.920595, -29.036761], [167.920642, -29.036895], [167.920675, -29.03717], [167.920635, -29.037275], [167.920634, -29.037342], [167.92067, -29.037562], [167.920689, -29.0379], [167.920726, -29.038089], [167.920797, -29.038299], [167.920797, -29.038394], [167.920755, -29.03867], [167.920317, -29.038914], [167.920099, -29.039167], [167.919564, -29.03958], [167.919507, -29.039644], [167.919497, -29.03969], [167.919518, -29.039748], [167.919594, -29.039796], [167.919716, -29.039807], [167.919838, -29.039781], [167.91992, -29.03978], [167.920097, -29.039825], [167.920191, -29.039891], [167.920346, -29.040032], [167.920535, -29.040168], [167.920577, -29.04023], [167.920563, -29.040316], [167.920449, -29.040656], [167.920366, -29.040812], [167.92033, -29.040916], [167.920213, -29.041126], [167.920189, -29.041226], [167.920207, -29.041275], [167.92025, -29.041315], [167.920348, -29.04134], [167.920452, -29.041337], [167.920513, -29.041354], [167.920706, -29.04144], [167.920742, -29.041489], [167.920742, -29.041633], [167.920778, -29.041786], [167.920744, -29.041868], [167.920638, -29.041947], [167.920622, -29.042082], [167.920674, -29.042302], [167.920708, -29.042347], [167.920813, -29.042376], [167.920837, -29.042502], [167.920825, -29.042547], [167.920791, -29.04257], [167.920617, -29.042596], [167.920565, -29.042616], [167.920506, -29.042671], [167.920441, -29.042668], [167.920413, -29.042682], [167.920405, -29.042741], [167.920434, -29.042817], [167.920576, -29.04294], [167.920829, -29.043097], [167.920884, -29.043118], [167.921117, -29.043149], [167.921378, -29.043081], [167.921461, -29.043083], [167.921491, -29.043096], [167.921499, -29.043119], [167.921479, -29.043164], [167.921519, -29.04328], [167.921528, -29.043393], [167.921521, -29.04347900000001], [167.921488, -29.043592], [167.921518, -29.043659], [167.921524, -29.04374], [167.921504, -29.04384], [167.921454, -29.043931], [167.921402, -29.043991], [167.92127, -29.044093], [167.921184, -29.044154], [167.921162, -29.04415], [167.921114, -29.044182], [167.921069, -29.044287], [167.921041, -29.044297], [167.92099, -29.044284], [167.92091, -29.044232], [167.920828, -29.044215], [167.920793, -29.044225], [167.920766, -29.044257], [167.920751, -29.04433], [167.92078, -29.044383], [167.920822, -29.044423], [167.920977, -29.044523], [167.921185, -29.04462300000001], [167.921331, -29.044665], [167.921402, -29.044717], [167.921442, -29.044766], [167.92145, -29.044806], [167.921384, -29.044929], [167.921384, -29.04497], [167.921412, -29.044997], [167.921649, -29.045118], [167.921787, -29.045133], [167.922002, -29.045096], [167.922177, -29.045007], [167.922356, -29.044944], [167.922477, -29.044933], [167.922576, -29.044971], [167.922603, -29.044876], [167.922612, -29.044889], [167.922657, -29.044876], [167.922735, -29.044874], [167.922763, -29.044886], [167.922842, -29.044875], [167.922947, -29.044966], [167.922977, -29.044976], [167.923011, -29.045047], [167.923024, -29.045187], [167.923058, -29.045312], [167.923109, -29.045406], [167.923235, -29.04557], [167.923288, -29.045686], [167.923297, -29.045767], [167.923286, -29.045957], [167.923333, -29.046073], [167.923403, -29.046491], [167.92341, -29.046662], [167.92337, -29.046979], [167.923165, -29.047231], [167.922947, -29.047637], [167.922794, -29.047871], [167.922673, -29.047986], [167.922348, -29.048192], [167.921861, -29.048464], [167.92172, -29.048512], [167.921617, -29.048627], [167.921604, -29.048695], [167.921629, -29.048762], [167.922116, -29.049031], [167.922186, -29.049084], [167.922265, -29.049199], [167.922263, -29.049244], [167.922239, -29.049272], [167.922155, -29.049314], [167.92206, -29.04933], [167.921991, -29.049367], [167.92177, -29.049535], [167.921594, -29.049642], [167.921516, -29.049653], [167.921178, -29.049615], [167.92106, -29.04964], [167.920472, -29.05005], [167.920356, -29.050111], [167.920209, -29.05015], [167.920151, -29.050197], [167.920137, -29.05031], [167.92021, -29.05050200000001], [167.920262, -29.050555], [167.920441, -29.050619], [167.920479, -29.050668], [167.920458, -29.050921], [167.920396, -29.051278], [167.920381, -29.051315], [167.92029, -29.05140700000001], [167.920277, -29.051506], [167.920298, -29.051551], [167.920344, -29.051591], [167.920542, -29.051631], [167.920606, -29.051743], [167.920658, -29.051787], [167.92069, -29.05179], [167.920737, -29.051771], [167.92082, -29.051657], [167.920934, -29.051645], [167.921029, -29.051661], [167.921162, -29.051744], [167.921378, -29.051951], [167.9215, -29.052016], [167.921643, -29.052058], [167.92172, -29.052039], [167.92174, -29.052016], [167.921707, -29.051877], [167.921709, -29.051831], [167.92175, -29.051745], [167.9218, -29.051721], [167.922178, -29.05176700000001], [167.922502, -29.051841], [167.922766, -29.05184], [167.922943, -29.051796], [167.923006, -29.051763], [167.923055, -29.051725], [167.923118, -29.051611], [167.923213, -29.051596], [167.92346, -29.051631], [167.923597, -29.051691], [167.923658, -29.051762], [167.923701, -29.051738], [167.923759, -29.051674], [167.923845, -29.051438], [167.923922, -29.051332], [167.924012, -29.051258], [167.924157, -29.051205], [167.924218, -29.051209], [167.924507, -29.051319], [167.924595, -29.051327], [167.924694, -29.051306], [167.924771, -29.051264], [167.924866, -29.051262], [167.924916, -29.051193], [167.925018, -29.05125], [167.925607, -29.05144], [167.926028, -29.051485], [167.926565, -29.051514], [167.926957, -29.051568], [167.9276, -29.051735], [167.927681, -29.0518], [167.927837, -29.051874], [167.928167, -29.051975], [167.928227, -29.05196], [167.928371, -29.05188], [167.928458, -29.051851], [167.928491, -29.051855], [167.928689, -29.05181500000001], [167.92887, -29.05175600000001], [167.92899, -29.05176700000001], [167.929507, -29.051914], [167.929892, -29.052095], [167.929989, -29.05216], [167.930108, -29.052194], [167.930261, -29.052299], [167.930309, -29.052347], [167.930334, -29.05241], [167.930375, -29.052689], [167.930367, -29.052833], [167.930327, -29.052969], [167.930334, -29.05303200000001], [167.930369, -29.053068], [167.930609, -29.05322], [167.930671, -29.053287], [167.930708, -29.053344], [167.930742, -29.053438], [167.930788, -29.053482], [167.930852, -29.053504], [167.931003, -29.053518], [167.931099, -29.053557], [167.931213, -29.053626], [167.931395, -29.053659], [167.931594, -29.053645], [167.931913, -29.053539], [167.932125, -29.053525], [167.932428, -29.053546], [167.932606, -29.053578], [167.932692, -29.053621], [167.93277, -29.053687], [167.932825, -29.053704], [167.933105, -29.053675], [167.933589, -29.053759], [167.933712, -29.0538], [167.933868, -29.053923], [167.933921, -29.053982], [167.933984, -29.05413], [167.933999, -29.05431], [167.933953, -29.05451400000001], [167.933972, -29.054572], [167.934033, -29.054602], [167.93418, -29.05459], [167.934392, -29.054698], [167.934484, -29.0548], [167.934699, -29.054921], [167.934756, -29.054965], [167.934866, -29.055098], [167.934968, -29.05515000000001], [167.935027, -29.055198], [167.935131, -29.055489], [167.935202, -29.055767], [167.935196, -29.055839], [167.935138, -29.055926], [167.935115, -29.056003], [167.935127, -29.056017], [167.935306, -29.056067], [167.935382, -29.056124], [167.935427, -29.056191], [167.935455, -29.056294], [167.935479, -29.056708], [167.935741, -29.056639], [167.936101, -29.058801], [167.935824, -29.058883], [167.935997, -29.059078], [167.936108, -29.059251], [167.936196, -29.059425], [167.936278, -29.059726], [167.936289, -29.059852], [167.936322, -29.059968], [167.936327, -29.060104], [167.936223, -29.06043], [167.936212, -29.060742], [167.936274, -29.060813], [167.936433, -29.060823], [167.936531, -29.060861], [167.936621, -29.06108], [167.936611, -29.061171], [167.93658, -29.061212], [167.936501, -29.061259], [167.936358, -29.061302], [167.936318, -29.061344], [167.936326, -29.06137100000001], [167.936411, -29.06136400000001], [167.936569, -29.061266], [167.936701, -29.06120900000001], [167.936797, -29.061049], [167.936865, -29.060989], [167.936907, -29.06097], [167.937097, -29.060939], [167.937268, -29.060949], [167.937761, -29.06079400000001], [167.938022, -29.060585], [167.938307, -29.060466], [167.938402, -29.060387], [167.93846, -29.060287], [167.938524, -29.060236], [167.938617, -29.060292], [167.938678, -29.060309], [167.93886, -29.06022400000001], [167.939022, -29.060243], [167.939506, -29.06050700000001], [167.93975, -29.06057], [167.939859, -29.060558], [167.939926, -29.06053], [167.940027, -29.060437], [167.940166, -29.060376], [167.940256, -29.060288], [167.940353, -29.060087], [167.940698, -29.059516], [167.9408, -29.05941500000001], [167.94101, -29.059261], [167.94106, -29.05924200000001], [167.941122, -29.059232], [167.941313, -29.059255], [167.94147, -29.059229], [167.941657, -29.059225], [167.94171, -29.059192], [167.941804, -29.059077], [167.941848, -29.059008], [167.941894, -29.058863], [167.941924, -29.058587], [167.942009, -29.058401], [167.942052, -29.058183], [167.942104, -29.058078], [167.942169, -29.057892], [167.942129, -29.057816], [167.94203, -29.057751], [167.942031, -29.057696], [167.942066, -29.057637], [167.942173, -29.057536], [167.942267, -29.057494], [167.942415, -29.05739], [167.942587, -29.057315], [167.942825, -29.057251], [167.943049, -29.057228], [167.943135, -29.057239], [167.943316, -29.057299], [167.943557, -29.057338], [167.943627, -29.057391], [167.943676, -29.057462], [167.943842, -29.057567], [167.943964, -29.057767], [167.943993, -29.05778], [167.94412, -29.057705], [167.944233, -29.057666], [167.944484, -29.057516], [167.944619, -29.057482], [167.944755, -29.057398], [167.944888, -29.057363], [167.944968, -29.057316], [167.945039, -29.057355], [167.945119, -29.057448], [167.945238, -29.057428], [167.945305, -29.05744], [167.945443, -29.05754], [167.945469, -29.05754], [167.945657, -29.057391], [167.945738, -29.057349], [167.945924, -29.05721], [167.946056, -29.057148], [167.946108, -29.057133], [167.946267, -29.05713], [167.946456, -29.057176], [167.946566, -29.057155], [167.946734, -29.057088], [167.946773, -29.057056], [167.946829, -29.056964], [167.946866, -29.056846], [167.946874, -29.056792], [167.946858, -29.056603], [167.946882, -29.056499], [167.946925, -29.056403], [167.947018, -29.056324], [167.947211, -29.056207], [167.947333, -29.05611], [167.947494, -29.056043], [167.947599, -29.055982], [167.947932, -29.055899], [167.947966, -29.055875], [167.947941, -29.055862], [167.947955, -29.055862], [167.94802, -29.055887], [167.948152, -29.056024], [167.94824, -29.05609], [167.94832, -29.056129], [167.948508, -29.056165], [167.948853, -29.056149], [167.949091, -29.056062], [167.94917, -29.05602], [167.949471, -29.055774], [167.949584, -29.055731], [167.949675, -29.05572], [167.9498, -29.055744], [167.949961, -29.055809], [167.950348, -29.055999], [167.950499, -29.056022], [167.950725, -29.056098], [167.950833, -29.05611], [167.950904, -29.05613500000001], [167.951156, -29.056278], [167.951411, -29.056484], [167.951616, -29.056569], [167.951682, -29.056568], [167.951638, -29.056507], [167.951726, -29.056469], [167.951847, -29.056439], [167.952036, -29.056421], [167.951995, -29.057148], [167.952182, -29.057189], [167.952307, -29.057205], [167.952381, -29.057199], [167.952461, -29.057174], [167.952532, -29.057132], [167.952593, -29.057032], [167.952639, -29.057008], [167.952749, -29.057015], [167.952763, -29.057028], [167.952944, -29.05701], [167.953049, -29.057044], [167.953227, -29.05713], [167.953411, -29.057135], [167.953568, -29.057222], [167.953582, -29.05724], [167.953576, -29.057294], [167.953609, -29.057307], [167.953616, -29.05728], [167.953668, -29.057274], [167.953686, -29.057328], [167.953811, -29.057266], [167.953849, -29.057166], [167.95393, -29.057173], [167.953992, -29.057159], [167.954472, -29.057441], [167.954493, -29.057477], [167.954497, -29.05754], [167.954439, -29.057638], [167.954179, -29.057813], [167.954248, -29.057865], [167.954214, -29.057898], [167.953758, -29.058219], [167.95349, -29.058365], [167.953298, -29.058432], [167.95333, -29.058522], [167.953439, -29.058519], [167.953638, -29.058447], [167.953959, -29.058219], [167.95413, -29.058134], [167.954415, -29.058033], [167.954794, -29.058138], [167.954963, -29.058206], [167.955197, -29.058309], [167.955439, -29.058448], [167.955501, -29.058451], [167.955838, -29.058363], [167.956392, -29.058386], [167.956645, -29.058417], [167.957005, -29.058481], [167.957277, -29.058547], [167.957461, -29.058566], [167.958021, -29.058666], [167.958305, -29.05875], [167.958906, -29.058877], [167.959039, -29.058919], [167.959561, -29.05916], [167.959885, -29.059256], [167.960003, -29.059308], [167.960066, -29.059478], [167.960162, -29.059557], [167.960435, -29.059718], [167.960541, -29.059756], [167.9606, -29.059804], [167.960638, -29.059894], [167.960663, -29.06002], [167.960646, -29.060047], [167.960576, -29.06008], [167.960581, -29.060157], [167.96062, -29.060223], [167.960797, -29.060319], [167.96111, -29.060348], [167.961168, -29.060324], [167.961241, -29.060268], [167.961305, -29.060271], [167.961322, -29.060226], [167.961316, -29.060185], [167.961279, -29.06006], [167.96121, -29.059908], [167.961199, -29.059809], [167.961213, -29.059728], [167.961241, -29.059664], [167.961263, -29.059632], [167.96132, -29.059599], [167.96138, -29.059611], [167.961413, -29.059656], [167.961521, -29.059703], [167.961607, -29.059724], [167.961795, -29.059724], [167.961913, -29.059744], [167.962372, -29.05991], [167.962539, -29.060005], [167.962795, -29.060198], [167.962923, -29.06033], [167.963043, -29.060513], [167.963107, -29.060637], [167.963212, -29.060924], [167.96322, -29.061456], [167.963101, -29.061612], [167.963036, -29.06165800000001], [167.962962, -29.061682], [167.962909, -29.061684], [167.962758, -29.061633], [167.962562, -29.06166], [167.962328, -29.061638], [167.962172, -29.061664], [167.962022, -29.061717], [167.961938, -29.061759], [167.961868, -29.061824], [167.961764, -29.061988], [167.961528, -29.062142], [167.961494, -29.062215], [167.961508, -29.062242], [167.961572, -29.062277], [167.961609, -29.062276], [167.961674, -29.06223900000001], [167.961748, -29.062223], [167.962232, -29.062407], [167.962388, -29.062435], [167.962561, -29.06244], [167.962618, -29.062479], [167.962739, -29.062621], [167.962869, -29.062528], [167.962846, -29.062447], [167.962879, -29.062419], [167.963236, -29.062384], [167.963316, -29.06236000000001], [167.96339, -29.062318], [167.963502, -29.062329], [167.963898, -29.062325], [167.964026, -29.062299], [167.964182, -29.0623], [167.964405, -29.06239], [167.964642, -29.062552], [167.964731, -29.062667], [167.9648, -29.06267], [167.964813, -29.062643], [167.964808, -29.062589], [167.96472, -29.062424], [167.964704, -29.062379], [167.964711, -29.062361], [167.964898, -29.062361], [167.965102, -29.062257], [167.965248, -29.062155], [167.965272, -29.062105], [167.965288, -29.061956], [167.965333, -29.06186], [167.965437, -29.061745], [167.965541, -29.061666], [167.96566, -29.061609], [167.965892, -29.061532], [167.966043, -29.06152], [167.96616, -29.061531], [167.966287, -29.061564], [167.966334, -29.061644], [167.966377, -29.061679], [167.966408, -29.06166500000001], [167.966439, -29.061606], [167.966441, -29.061574], [167.966409, -29.061525], [167.966417, -29.061511], [167.966599, -29.061431], [167.966782, -29.061323], [167.966873, -29.06131600000001], [167.96694, -29.061337], [167.967103, -29.061334], [167.967221, -29.061363], [167.967234, -29.061349], [167.967246, -29.06125000000001], [167.9672, -29.061174], [167.967155, -29.061035], [167.967205, -29.060727], [167.967198, -29.06066], [167.96716, -29.060602], [167.967157, -29.060575], [167.967219, -29.060515], [167.967538, -29.060328], [167.967599, -29.060263], [167.96762, -29.06019], [167.967609, -29.060159], [167.96755, -29.060106], [167.967443, -29.060068], [167.967383, -29.06002], [167.967324, -29.059922], [167.967274, -29.05967], [167.96728, -29.059639], [167.967323, -29.05958800000001], [167.967322, -29.059462], [167.967335, -29.059426], [167.967691, -29.058976], [167.968083, -29.058408], [167.968472, -29.05779], [167.968633, -29.057584], [167.968731, -29.057483], [167.96885, -29.057394], [167.968951, -29.05736], [167.969052, -29.057255], [167.969256, -29.057151], [167.969337, -29.057144], [167.969372, -29.05718], [167.969491, -29.057195], [167.969581, -29.057189], [167.969653, -29.05716], [167.969711, -29.057195], [167.969795, -29.057184], [167.969876, -29.057151], [167.969968, -29.057072], [167.970046, -29.057066], [167.970198, -29.057107], [167.970273, -29.05710600000001], [167.970682, -29.056961], [167.970855, -29.056921], [167.970899, -29.056929], [167.970907, -29.056862], [167.971008, -29.056796], [167.971653, -29.056628], [167.971921, -29.056582], [167.972051, -29.056574], [167.972173, -29.056584], [167.972274, -29.056542], [167.972615, -29.056542], [167.972749, -29.056524], [167.972836, -29.056528], [167.972907, -29.05651], [167.973044, -29.056519], [167.973175, -29.056575], [167.973235, -29.056583], [167.973342, -29.056549], [167.973479, -29.05655], [167.973677, -29.05648100000001], [167.973727, -29.056482], [167.973771, -29.056503], [167.973936, -29.056617], [167.974101, -29.056654], [167.974288, -29.056731], [167.974452, -29.056749], [167.974822, -29.056759], [167.974879, -29.056775], [167.974944, -29.056829], [167.975, -29.056855], [167.975252, -29.056921], [167.975296, -29.056965], [167.975338, -29.056982], [167.97553, -29.057014], [167.975636, -29.057016], [167.975892, -29.057105], [167.97611, -29.057155], [167.976168, -29.057147], [167.976171, -29.057218], [167.976303, -29.057256], [167.976405, -29.057322], [167.976591, -29.057335], [167.976697, -29.057365], [167.976802, -29.057358], [167.976905, -29.057392], [167.977181, -29.057377], [167.977331, -29.05734], [167.977388, -29.057259], [167.977435, -29.057222], [167.977568, -29.057219], [167.977731, -29.057139], [167.978026, -29.05711], [167.978181, -29.057183], [167.978268, -29.057289], [167.978285, -29.057293], [167.978349, -29.057103], [167.978509, -29.057018], [167.978561, -29.056976], [167.978643, -29.056943], [167.978802, -29.056939], [167.978985, -29.056985], [167.979083, -29.05699200000001], [167.979093, -29.056982], [167.979226, -29.057011], [167.979277, -29.057037], [167.979329, -29.057121], [167.979353, -29.057112], [167.979362, -29.057089], [167.979261, -29.05669], [167.979314, -29.056684], [167.979528, -29.056707], [167.97969, -29.056689], [167.979816, -29.056655], [167.980166, -29.056521], [167.980622, -29.05638], [167.981194, -29.056282], [167.981535, -29.056261], [167.981661, -29.056285], [167.981723, -29.056324], [167.982077, -29.056433], [167.982382, -29.056472], [167.982573, -29.056413], [167.98309, -29.056176], [167.983274, -29.056118], [167.983596, -29.056079], [167.984167, -29.055977], [167.984399, -29.055967], [167.984465, -29.055938], [167.984507, -29.055883], [167.984502, -29.05555], [167.984528, -29.055491], [167.98456, -29.055467], [167.984697, -29.055514], [167.985208, -29.055629], [167.985514, -29.055717], [167.985691, -29.055758], [167.985742, -29.055748], [167.985805, -29.05567900000001], [167.985866, -29.055578], [167.986095, -29.055145], [167.986261, -29.05478], [167.986274, -29.05469], [167.986265, -29.054645], [167.986028, -29.054091], [167.986061, -29.054063], [167.986148, -29.054052], [167.986183, -29.054033], [167.986257, -29.053932], [167.986274, -29.053882], [167.986269, -29.053752], [167.986303, -29.053625], [167.986296, -29.053566], [167.98621, -29.053527], [167.98612, -29.053547], [167.986046, -29.053581], [167.985954, -29.053592], [167.985818, -29.053554], [167.985685, -29.053548], [167.985478, -29.053512], [167.985267, -29.053449], [167.985047, -29.053359], [167.984992, -29.053284], [167.984942, -29.053159], [167.984909, -29.053137], [167.984679, -29.053093], [167.984593, -29.053031], [167.984467, -29.052989], [167.984358, -29.052982], [167.984252, -29.053034], [167.984104, -29.053011], [167.983485, -29.052821], [167.983421, -29.05276], [167.983406, -29.052688], [167.983438, -29.05252], [167.983459, -29.052461], [167.983512, -29.052401], [167.983652, -29.052295], [167.983739, -29.052248], [167.983947, -29.052184], [167.983996, -29.052152], [167.984004, -29.05212], [167.983983, -29.052048], [167.983857, -29.051844], [167.983825, -29.051659], [167.983781, -29.051516], [167.983653, -29.051289], [167.983575, -29.051205], [167.983189, -29.050899], [167.982666, -29.050323], [167.982583, -29.050176], [167.982652, -29.049083], [167.982752, -29.048671], [167.982858, -29.048466], [167.982994, -29.048241], [167.983108, -29.04809], [167.983345, -29.047882], [167.983383, -29.047868], [167.983703, -29.047635], [167.984338, -29.047147], [167.984256, -29.047086], [167.984561, -29.046805], [167.984641, -29.046739], [167.984986, -29.046529], [167.985138, -29.046381], [167.985359, -29.046214], [167.98562, -29.046104], [167.985766, -29.046083], [167.986008, -29.046168], [167.98623, -29.046172], [167.986561, -29.046146], [167.986794, -29.046092], [167.98697, -29.046033], [167.987246, -29.046047], [167.987362, -29.046074], [167.987539, -29.046161], [167.988001, -29.046522], [167.988055, -29.046587], [167.988126, -29.046631], [167.988203, -29.046721], [167.988449, -29.04692], [167.988771, -29.04727400000001], [167.988851, -29.047313], [167.988936, -29.04732900000001], [167.989781, -29.04727000000001], [167.989861, -29.047245], [167.990105, -29.047109], [167.990249, -29.047074], [167.990831, -29.047093], [167.99101, -29.047148], [167.991133, -29.047208], [167.991217, -29.04722], [167.991583, -29.047153], [167.991623, -29.047165], [167.991767, -29.047257], [167.991844, -29.047264], [167.991949, -29.04723], [167.99225, -29.047061], [167.99239, -29.047018], [167.992717, -29.046861], [167.993089, -29.046655], [167.993432, -29.046521], [167.993936, -29.046203], [167.993973, -29.046161], [167.993967, -29.046103], [167.993858, -29.046006], [167.993763, -29.045896], [167.993536, -29.045765], [167.993391, -29.045724], [167.993189, -29.045615], [167.993162, -29.045413], [167.993288, -29.045203], [167.993378, -29.044993], [167.993439, -29.044915], [167.99356, -29.044845], [167.993688, -29.044797], [167.993868, -29.044761], [167.993981, -29.044763], [167.994131, -29.044796], [167.994219, -29.044781], [167.994255, -29.044726], [167.99425, -29.044636], [167.994262, -29.044604], [167.994368, -29.04452], [167.994346, -29.044462], [167.994196, -29.044344], [167.994172, -29.044268], [167.994165, -29.043736], [167.994184, -29.043649], [167.994251, -29.043513], [167.994254, -29.043467], [167.994221, -29.043364], [167.994151, -29.043289], [167.994144, -29.043258], [167.994161, -29.043208], [167.994217, -29.043162], [167.994268, -29.043075], [167.994247, -29.042908], [167.994198, -29.042792], [167.994236, -29.042652], [167.994228, -29.042571], [167.99416, -29.042347], [167.993985, -29.042175], [167.993955, -29.042072], [167.993969, -29.042017], [167.994025, -29.041917], [167.994279, -29.041663], [167.994329, -29.041572], [167.994354, -29.041436], [167.994358, -29.041048], [167.9944, -29.040803], [167.994451, -29.040658], [167.99448, -29.040617], [167.994731, -29.040345], [167.994776, -29.040042], [167.994915, -29.03948], [167.994938, -29.038888], [167.994915, -29.038681], [167.994835, -29.038422], [167.994616, -29.03794], [167.994594, -29.037845], [167.99459, -29.03771], [167.994618, -29.037615], [167.994676, -29.037532], [167.994882, -29.037356], [167.99528, -29.03709], [167.995358, -29.037075], [167.995397, -29.037088], [167.995513, -29.03709], [167.995544, -29.037071], [167.995552, -29.037017]]], [[[167.96559, -29.117522], [167.965571, -29.11741], [167.965511, -29.117358], [167.964351, -29.11707], [167.964119, -29.11707], [167.96381, -29.117158], [167.963499, -29.117294], [167.96319, -29.117382], [167.962978, -29.117358], [167.962883, -29.11727], [167.962842, -29.117158], [167.962843, -29.11696600000001], [167.962822, -29.11679], [167.96263, -29.116654], [167.962087, -29.116514], [167.961547, -29.116314], [167.961179, -29.115986], [167.961082, -29.115734], [167.960967, -29.11564600000001], [167.960735, -29.115622], [167.960578, -29.115846], [167.96023, -29.115986], [167.959863, -29.11615000000001], [167.959554, -29.116338], [167.959399, -29.116466], [167.959186, -29.11649], [167.958974, -29.116338], [167.95905, -29.116126], [167.959091, -29.11587400000001], [167.958935, -29.115758], [167.958703, -29.115786], [167.95855, -29.116086], [167.958278, -29.116262], [167.957969, -29.11635], [167.957331, -29.11659], [167.956151, -29.116678], [167.955379, -29.116678], [167.954814, -29.116626], [167.95443, -29.11649], [167.954023, -29.116238], [167.953655, -29.115946], [167.953135, -29.115306], [167.953135, -29.115054], [167.95329, -29.114914], [167.953443, -29.114702], [167.953211, -29.114638], [167.953018, -29.11455], [167.952842, -29.114386], [167.952727, -29.11431], [167.952554, -29.114338], [167.952474, -29.114502], [167.952341, -29.114562], [167.952146, -29.114562], [167.95203, -29.114474], [167.951895, -29.114386], [167.951646, -29.114386], [167.95147, -29.11455], [167.951258, -29.11475], [167.95083, -29.11493], [167.950583, -29.115142], [167.95025, -29.115206], [167.950018, -29.11509], [167.950038, -29.114814], [167.950174, -29.11459], [167.950194, -29.11441], [167.950174, -29.114198], [167.950019, -29.114174], [167.949805, -29.114386], [167.949595, -29.114802], [167.949498, -29.114954], [167.949287, -29.115002], [167.94915, -29.114866], [167.949111, -29.114562], [167.94909, -29.114426], [167.948995, -29.114386], [167.948782, -29.114474], [167.94853, -29.114474], [167.948243, -29.114362], [167.948026, -29.11441], [167.947875, -29.11459], [167.947582, -29.114726], [167.947274, -29.11489], [167.947043, -29.114954], [167.946926, -29.115166], [167.946982, -29.115458], [167.947078, -29.115594], [167.947138, -29.115698], [167.947158, -29.11581], [167.947061, -29.115898], [167.946579, -29.115986], [167.946423, -29.115986], [167.94625, -29.115946], [167.946054, -29.115822], [167.945978, -29.11571], [167.945843, -29.11571], [167.945765, -29.115786], [167.945671, -29.115898], [167.945495, -29.115962], [167.945283, -29.115962], [167.945106, -29.115898], [167.944875, -29.115898], [167.944622, -29.11601], [167.944294, -29.11615000000001], [167.94383, -29.116374], [167.943579, -29.11659], [167.943367, -29.117042], [167.943463, -29.117634], [167.943599, -29.117886], [167.943755, -29.117962], [167.943911, -29.117962], [167.944043, -29.117798], [167.944082, -29.11761], [167.944123, -29.117522], [167.944238, -29.117434], [167.94439, -29.117434], [167.94449, -29.11757], [167.944547, -29.11785], [167.944391, -29.11819], [167.943579, -29.11917], [167.943503, -29.119446], [167.943618, -29.119562], [167.943678, -29.119774], [167.943658, -29.11995], [167.943463, -29.120114], [167.943367, -29.120254], [167.943291, -29.120542], [167.943503, -29.121322], [167.943447, -29.121562], [167.943231, -29.121738], [167.943114, -29.121826], [167.943114, -29.122042], [167.943386, -29.122178], [167.943891, -29.12238200000001], [167.944315, -29.122634], [167.944606, -29.122846], [167.944739, -29.123186], [167.944838, -29.123478], [167.944894, -29.123554], [167.944954, -29.123714], [167.944894, -29.123942], [167.944873, -29.124142], [167.944955, -29.124422], [167.945187, -29.124446], [167.945417, -29.124282], [167.945842, -29.124054], [167.946054, -29.123942], [167.946366, -29.123918], [167.94677, -29.124118], [167.947158, -29.124422], [167.947409, -29.12461], [167.947699, -29.124926], [167.94791, -29.12525000000001], [167.948222, -29.125654], [167.948318, -29.126146], [167.948374, -29.126598], [167.948203, -29.127078], [167.947911, -29.127582], [167.947779, -29.127934], [167.947739, -29.128222], [167.947834, -29.128526], [167.94799, -29.128638], [167.948222, -29.128662], [167.948414, -29.128726], [167.94857, -29.128826], [167.948707, -29.129054], [167.948898, -29.129282], [167.949206, -29.12937], [167.949499, -29.129446], [167.949655, -29.12962200000001], [167.949866, -29.129922], [167.950175, -29.130362], [167.950406, -29.130626], [167.950583, -29.130906], [167.950735, -29.13107], [167.951063, -29.131042], [167.951354, -29.130842], [167.951566, -29.130362], [167.951818, -29.129874], [167.951974, -29.12967], [167.95205, -29.129446], [167.952111, -29.129254], [167.952071, -29.12903], [167.951838, -29.128614], [167.951763, -29.128222], [167.951858, -29.127998], [167.951778, -29.127718], [167.951606, -29.127494], [167.951546, -29.127126], [167.951315, -29.126462], [167.951278, -29.125958], [167.951334, -29.12559], [167.951471, -29.12525000000001], [167.951646, -29.125014], [167.952031, -29.124926], [167.952575, -29.124762], [167.952999, -29.124586], [167.953291, -29.124246], [167.953655, -29.123854], [167.953985, -29.123578], [167.954062, -29.123362], [167.954138, -29.123214], [167.954138, -29.122974], [167.953926, -29.122722], [167.953734, -29.122518], [167.953579, -29.122218], [167.953695, -29.122042], [167.953926, -29.121954], [167.954431, -29.121826], [167.954799, -29.121878], [167.954874, -29.12165], [167.954895, -29.121398], [167.954991, -29.121234], [167.955029, -29.121098], [167.955146, -29.12101], [167.955435, -29.120982], [167.955514, -29.121146], [167.955879, -29.121714], [167.95619, -29.121814], [167.956443, -29.12179], [167.956673, -29.121854], [167.956806, -29.122042], [167.956943, -29.12247], [167.957058, -29.122606], [167.957406, -29.122582], [167.957639, -29.122458], [167.957754, -29.12233], [167.957835, -29.12213], [167.957855, -29.121954], [167.95791, -29.12179], [167.958046, -29.12165], [167.958394, -29.121626], [167.958783, -29.121854], [167.95909, -29.122178], [167.959267, -29.12233], [167.959479, -29.122606], [167.959478, -29.12305], [167.959575, -29.123362], [167.959863, -29.123478], [167.960291, -29.123578], [167.960947, -29.123414], [167.961971, -29.122858], [167.96261, -29.12247], [167.962726, -29.122318], [167.962802, -29.122206], [167.963018, -29.122178], [167.96317, -29.122266], [167.963305, -29.12233], [167.963462, -29.122218], [167.963382, -29.122066], [167.963211, -29.121878], [167.963034, -29.12165], [167.962918, -29.121486], [167.962918, -29.12135], [167.963114, -29.121286], [167.963249, -29.121398], [167.963402, -29.121514], [167.963634, -29.121514], [167.963715, -29.121398], [167.963771, -29.121186], [167.963694, -29.120846], [167.963614, -29.120758], [167.963498, -29.120594], [167.963538, -29.120454], [167.96377, -29.120278], [167.964098, -29.12023], [167.964351, -29.120066], [167.964486, -29.119726], [167.964562, -29.119358], [167.964623, -29.118946], [167.964623, -29.118554], [167.964506, -29.118214], [167.96441, -29.118026], [167.96433, -29.117862], [167.964331, -29.117774], [167.964411, -29.117634], [167.964622, -29.117598], [167.965127, -29.117662], [167.965491, -29.117634], [167.96559, -29.117522]]], [[[167.96629, -29.070658], [167.966042, -29.070594], [167.965866, -29.070594], [167.965654, -29.07063], [167.965537, -29.070518], [167.965421, -29.070318], [167.96515, -29.070154], [167.964203, -29.070038], [167.964066, -29.070114], [167.963934, -29.070266], [167.963855, -29.070406], [167.963642, -29.070454], [167.963566, -29.070366], [167.963507, -29.070494], [167.963354, -29.070542], [167.963255, -29.070378], [167.963122, -29.070494], [167.963042, -29.070818], [167.963006, -29.070958], [167.962927, -29.071046], [167.962774, -29.070982], [167.962558, -29.070982], [167.962502, -29.071134], [167.962618, -29.07135], [167.962559, -29.071486], [167.962387, -29.071526], [167.96221, -29.071514], [167.961999, -29.07169], [167.962039, -29.07199], [167.961958, -29.072194], [167.961806, -29.072266], [167.961711, -29.072406], [167.961843, -29.072494], [167.961882, -29.072658], [167.961883, -29.07281], [167.962059, -29.072858], [167.962134, -29.072634], [167.96221, -29.07247], [167.962483, -29.072406], [167.962674, -29.072282], [167.962774, -29.072166], [167.962986, -29.072154], [167.963218, -29.072242], [167.963275, -29.072658], [167.963274, -29.073198], [167.963178, -29.07367800000001], [167.963006, -29.073978], [167.963043, -29.074346], [167.963139, -29.074558], [167.96341, -29.074622], [167.963718, -29.07451], [167.963935, -29.074422], [167.964126, -29.07451], [167.964126, -29.07467400000001], [167.964203, -29.074734], [167.964414, -29.074598], [167.964802, -29.074118], [167.964783, -29.074006], [167.96455, -29.073778], [167.964514, -29.073478], [167.96459, -29.073162], [167.964746, -29.07305], [167.964918, -29.072886], [167.964939, -29.072694], [167.964783, -29.072694], [167.964631, -29.07247], [167.964651, -29.072418], [167.964999, -29.071854], [167.965246, -29.071778], [167.965538, -29.071854], [167.965749, -29.071854], [167.965926, -29.071802], [167.965886, -29.071602], [167.965749, -29.071462], [167.96579, -29.071186], [167.965885, -29.070934], [167.966098, -29.07087], [167.96629, -29.070746], [167.96629, -29.070658]]]]}}, {"type": "Feature", "properties": {"index": "FNNR", "division": "Fenner", "state": "Australian Capital Territory", "year": "2016", "proclaimed": "20160128", "quota": "0", "electors": "0", "deviation": ""}, "geometry": {"type": "MultiPolygon", "coordinates": [[[[149.398005, -35.318585], [149.397201, -35.317313], [149.397169, -35.316657], [149.397316, -35.315895], [149.396688, -35.314182], [149.397136, -35.313539], [149.397281, -35.311003], [149.396428, -35.30968], [149.394497, -35.309191], [149.395342, -35.307312], [149.394685, -35.306559], [149.394733, -35.306377], [149.39497, -35.30569], [149.39511, -35.304413], [149.39479, -35.303157], [149.394619, -35.303156], [149.393416, -35.302924], [149.391606, -35.303456], [149.389676, -35.302698], [149.388265, -35.303609], [149.386579, -35.303418], [149.384175, -35.304349], [149.383697, -35.306471], [149.381897, -35.306266], [149.381623, -35.305692], [149.379861, -35.305716], [149.377796, -35.305126], [149.376052, -35.304886], [149.376041, -35.30494], [149.374174, -35.304695], [149.374019, -35.304856], [149.372244, -35.306739], [149.370172, -35.30824], [149.36868, -35.308168], [149.366807, -35.308022], [149.36584, -35.308526], [149.363797, -35.308643], [149.361666, -35.309025], [149.359659, -35.307538], [149.361062, -35.305955], [149.361926, -35.304294], [149.361991, -35.303089], [149.360954, -35.301605], [149.359507, -35.301587], [149.357616, -35.300814], [149.356615, -35.300596], [149.355025, -35.299653], [149.353713, -35.299731], [149.352018, -35.299874], [149.350879, -35.299473], [149.350553, -35.299358], [149.350342, -35.298763], [149.350421, -35.298166], [149.350167, -35.297263], [149.350568, -35.296708], [149.350505, -35.295952], [149.349701, -35.294404], [149.348944, -35.294436], [149.34808, -35.293479], [149.348761, -35.292862], [149.34887, -35.292069], [149.347872, -35.291587], [149.34729, -35.291653], [149.347057, -35.291697], [149.345768, -35.291871], [149.345034, -35.292206], [149.343211, -35.292048], [149.342838, -35.290187], [149.341439, -35.288961], [149.341498, -35.286703], [149.339709, -35.2863], [149.337698, -35.286971], [149.337618, -35.287873], [149.336325, -35.288737], [149.335805, -35.288414], [149.335757, -35.287382], [149.334853, -35.286976], [149.334765, -35.286293], [149.332868, -35.285361], [149.331692, -35.285202], [149.331146, -35.284546], [149.330706, -35.28451], [149.329837, -35.284388], [149.328881, -35.28331], [149.327533, -35.282478], [149.326499, -35.282426], [149.325415, -35.283473], [149.325029, -35.284317], [149.324993, -35.284394], [149.324985, -35.284568], [149.324581, -35.286388], [149.323516, -35.286414], [149.322477, -35.28674], [149.322035, -35.285787], [149.32127, -35.28522], [149.321069, -35.284604], [149.320388, -35.283993], [149.31919, -35.28384], [149.318178, -35.282854], [149.316922, -35.281931], [149.316202, -35.281775], [149.31626, -35.280394], [149.316575, -35.279535], [149.316044, -35.278876], [149.315286, -35.276286], [149.314529, -35.276092], [149.314182, -35.276004], [149.313978, -35.276055], [149.312444, -35.276497], [149.312139, -35.276587], [149.311697, -35.277525], [149.309768, -35.278268], [149.309061, -35.276206], [149.306645, -35.276544], [149.305417, -35.275532], [149.306229, -35.274501], [149.305766, -35.273993], [149.303846, -35.273377], [149.302711, -35.274109], [149.302229, -35.273905], [149.302099, -35.27323], [149.301643, -35.272894], [149.300665, -35.272845], [149.298785, -35.272172], [149.298462, -35.272156], [149.297309, -35.272774], [149.297233, -35.272727], [149.296667, -35.272435], [149.294296, -35.273559], [149.293636, -35.274201], [149.291434, -35.274248], [149.289293, -35.275699], [149.288364, -35.275247], [149.28752, -35.274128], [149.287323, -35.272963], [149.285433, -35.271631], [149.282976, -35.272059], [149.281524, -35.270994], [149.280126, -35.271061], [149.279627, -35.270652], [149.278449, -35.270752], [149.277021, -35.271338], [149.276381, -35.273082], [149.275751, -35.273802], [149.275378, -35.275052], [149.274376, -35.274918], [149.272439, -35.273394], [149.271808, -35.273485], [149.272249, -35.271917], [149.271628, -35.270805], [149.271713, -35.270138], [149.27236, -35.269429], [149.272477, -35.26729], [149.272076, -35.266965], [149.273461, -35.266102], [149.27351, -35.264299], [149.273665, -35.263666], [149.273792, -35.263214], [149.272975, -35.262702], [149.272885, -35.262708], [149.272778, -35.262649], [149.272554, -35.26183], [149.273018, -35.261238], [149.272819, -35.260489], [149.273316, -35.259937], [149.273179, -35.259179], [149.271749, -35.259026], [149.270546, -35.259155], [149.269571, -35.258922], [149.267593, -35.259578], [149.26716, -35.25952], [149.262825, -35.25867], [149.262805, -35.258666], [149.262756, -35.258582], [149.262566, -35.257962], [149.262261, -35.257395], [149.261291, -35.25692], [149.260006, -35.257348], [149.257329, -35.257203], [149.255379, -35.256345], [149.255342, -35.255379], [149.2539, -35.25364], [149.253011, -35.252231], [149.250653, -35.25224], [149.249992, -35.250733], [149.249651, -35.249354], [149.250324, -35.247987], [149.249429, -35.247183], [149.247233, -35.246527], [149.245803, -35.247379], [149.244266, -35.246411], [149.242737, -35.246121], [149.241867, -35.24636], [149.240608, -35.245811], [149.237943, -35.243572], [149.237298, -35.243295], [149.23489, -35.243419], [149.234374, -35.242792], [149.23455, -35.24047], [149.236186, -35.239741], [149.237043, -35.23891], [149.238483, -35.238348], [149.238425, -35.23791], [149.241242, -35.236755], [149.241518, -35.235032], [149.242764, -35.233636], [149.24297, -35.232867], [149.24294, -35.232161], [149.242741, -35.231667], [149.242934, -35.23133], [149.244808, -35.231371], [149.245953, -35.230715], [149.246317, -35.229869], [149.246794, -35.22915], [149.246125, -35.227979], [149.246009, -35.227265], [149.245531, -35.226723], [149.243261, -35.225466], [149.241288, -35.225344], [149.240728, -35.225046], [149.2399, -35.223138], [149.238697, -35.222227], [149.237105, -35.222363], [149.23651, -35.221561], [149.234392, -35.221003], [149.231797, -35.221972], [149.231715, -35.222002], [149.228775, -35.221687], [149.227037, -35.219844], [149.225799, -35.219312], [149.224309, -35.219181], [149.223762, -35.219016], [149.219988, -35.220706], [149.21621, -35.219799], [149.215996, -35.219749], [149.213785, -35.219605], [149.213064, -35.220272], [149.212132, -35.222571], [149.212052, -35.222698], [149.211518, -35.224582], [149.211505, -35.22463], [149.210454, -35.22634], [149.207736, -35.227905], [149.204883, -35.229549], [149.204986, -35.2291], [149.204279, -35.226689], [149.203279, -35.226149], [149.202456, -35.224625], [149.205028, -35.219863], [149.205613, -35.217445], [149.206099, -35.216268], [149.207555, -35.216047], [149.207621, -35.215875], [149.208189, -35.214457], [149.208778, -35.212828], [149.208568, -35.211501], [149.207193, -35.211851], [149.205895, -35.211567], [149.204226, -35.208952], [149.201715, -35.207118], [149.200961, -35.206568], [149.200672, -35.206357], [149.200687, -35.205872], [149.200699, -35.205565], [149.200701, -35.205411], [149.200716, -35.204954], [149.198518, -35.202903], [149.197769, -35.202537], [149.196336, -35.202364], [149.19239, -35.202536], [149.189542, -35.203324], [149.190221, -35.20074], [149.19019, -35.200127], [149.191497, -35.198504], [149.191329, -35.197081], [149.190287, -35.194353], [149.190696, -35.194046], [149.190983, -35.193968], [149.192203, -35.193637], [149.196388, -35.190942], [149.196375, -35.188447], [149.196901, -35.187416], [149.196824, -35.186152], [149.197037, -35.185499], [149.195365, -35.184583], [149.194346, -35.183132], [149.192781, -35.181443], [149.19282, -35.180893], [149.192166, -35.179854], [149.191465, -35.179295], [149.187791, -35.178186], [149.185822, -35.177832], [149.184172, -35.176733], [149.183629, -35.175618], [149.184858, -35.17365], [149.184911, -35.173031], [149.185109, -35.17279], [149.187779, -35.169529], [149.189097, -35.165677], [149.185495, -35.161201], [149.183737, -35.161052], [149.182917, -35.160093], [149.17941, -35.158805], [149.177613, -35.15931], [149.176381, -35.158283], [149.174229, -35.158474], [149.173357, -35.159845], [149.172947, -35.158759], [149.171901, -35.158642], [149.171213, -35.159051], [149.170868, -35.15979], [149.16979, -35.160326], [149.167696, -35.159881], [149.167702, -35.158341], [149.16689, -35.157662], [149.165414, -35.156877], [149.164688, -35.155293], [149.164134, -35.154688], [149.162773, -35.154332], [149.162554, -35.153783], [149.163255, -35.153077], [149.163361, -35.152103], [149.163374, -35.151889], [149.163393, -35.151582], [149.164679, -35.15085], [149.165066, -35.150099], [149.164206, -35.149552], [149.164431, -35.14875], [149.16328, -35.147089], [149.163195, -35.146968], [149.163207, -35.146909], [149.163379, -35.146005], [149.163995, -35.145356], [149.164422, -35.144107], [149.164879, -35.143727], [149.164312, -35.142046], [149.16335, -35.141986], [149.161934, -35.141762], [149.161016, -35.142074], [149.159195, -35.141708], [149.158187, -35.14226], [149.157571, -35.143104], [149.157444, -35.144129], [149.155787, -35.144627], [149.154721, -35.144613], [149.153929, -35.143952], [149.152668, -35.143973], [149.152037, -35.14461], [149.150699, -35.144695], [149.150061, -35.14547], [149.148862, -35.145399], [149.148435, -35.145103], [149.147731, -35.145145], [149.146775, -35.144856], [149.146513, -35.144055], [149.147379, -35.142999], [149.149298, -35.14206], [149.149368, -35.141684], [149.149767, -35.139522], [149.149637, -35.138669], [149.148265, -35.137385], [149.14747, -35.137348], [149.145875, -35.13615], [149.146004, -35.135446], [149.144961, -35.134596], [149.143162, -35.135987], [149.141335, -35.135827], [149.140501, -35.136293], [149.139793, -35.135413], [149.1386, -35.135257], [149.138679, -35.13288], [149.139966, -35.130832], [149.138642, -35.129451], [149.138819, -35.128466], [149.136822, -35.127813], [149.131698, -35.12906], [149.129566, -35.127669], [149.128759, -35.128021], [149.128083, -35.126591], [149.126856, -35.126389], [149.127163, -35.12572], [149.127186, -35.125622], [149.126449, -35.125322], [149.125653, -35.125221], [149.12317, -35.125043], [149.12206, -35.124785], [149.120902, -35.124517], [149.118076, -35.126527], [149.116909, -35.126111], [149.116242, -35.126478], [149.115503, -35.126247], [149.113387, -35.127539], [149.112652, -35.127711], [149.112447, -35.128019], [149.111149, -35.130001], [149.11108, -35.130288], [149.109918, -35.130709], [149.109725, -35.131145], [149.106853, -35.131181], [149.104328, -35.132328], [149.103364, -35.133327], [149.102863, -35.135229], [149.099468, -35.136296], [149.098046, -35.136742], [149.096553, -35.137966], [149.093322, -35.138657], [149.092272, -35.140744], [149.09201, -35.14142], [149.091017, -35.142339], [149.081158, -35.148093], [149.069708, -35.154851], [149.065822, -35.157144], [149.062678, -35.159098], [149.062456, -35.159223], [149.061705, -35.159669], [149.061331, -35.159895], [149.058798, -35.161391], [149.057031, -35.162436], [149.046345, -35.168751], [149.042022, -35.171304], [149.029652, -35.178612], [149.028986, -35.179005], [149.025216, -35.181224], [149.017893, -35.185403], [149.01219, -35.188922], [149.008369, -35.191177], [149.00714, -35.191904], [149.006872, -35.192061], [149.003328, -35.194153], [149.002604, -35.194586], [149.00082, -35.195652], [148.991604, -35.200887], [148.963429, -35.217468], [148.961731, -35.218467], [148.96187, -35.218659], [148.962128, -35.219361], [148.962412, -35.220081], [148.962972, -35.221707], [148.963566, -35.222476], [148.964128, -35.223161], [148.964553, -35.223627], [148.964964, -35.224148], [148.965361, -35.224751], [148.965772, -35.225258], [148.96621, -35.225888], [148.966553, -35.226258], [148.966909, -35.226614], [148.967087, -35.226943], [148.967251, -35.227354], [148.96732, -35.227751], [148.967306, -35.227888], [148.967456, -35.228466], [148.967632, -35.229058], [148.96806, -35.229725], [148.968337, -35.230329], [148.968677, -35.231135], [148.96913, -35.231651], [148.969558, -35.232117], [148.969973, -35.232507], [148.970628, -35.233162], [148.971006, -35.233615], [148.971207, -35.233829], [148.972019, -35.234217], [148.972962, -35.234813], [148.973616, -35.235218], [148.974926, -35.236854], [148.975368, -35.237663], [148.975985, -35.238106], [148.976254, -35.238837], [148.975985, -35.239492], [148.975484, -35.240089], [148.974483, -35.240724], [148.974123, -35.240747], [148.973896, -35.240784], [148.973625, -35.240797], [148.973045, -35.240967], [148.972396, -35.2412], [148.971217, -35.24144], [148.969577, -35.241667], [148.968884, -35.241743], [148.968354, -35.241762], [148.968184, -35.241762], [148.96807, -35.241726], [148.967724, -35.241932], [148.967545, -35.242195], [148.967032, -35.2426], [148.966705, -35.242848], [148.96613, -35.243019], [148.965757, -35.243299], [148.964979, -35.243439], [148.964093, -35.243564], [148.963269, -35.24375], [148.962525, -35.243979], [148.962175, -35.244223], [148.961792, -35.244557], [148.961638, -35.24472], [148.961531, -35.244924], [148.96137, -35.24525], [148.961345, -35.2456], [148.961655, -35.246081], [148.962135, -35.246415], [148.962999, -35.24683], [148.963887, -35.24718], [148.964782, -35.247392], [148.96536, -35.247555], [148.965971, -35.24771], [148.966436, -35.24786], [148.96689, -35.248049], [148.967216, -35.248204], [148.967514, -35.248289], [148.967786, -35.248301], [148.967974, -35.248341], [148.968233, -35.248444], [148.968735, -35.248642], [148.969076, -35.248886], [148.969451, -35.249201], [148.970043, -35.24962], [148.970491, -35.250143], [148.970855, -35.250617], [148.971013, -35.250982], [148.971111, -35.251444], [148.971341, -35.251979], [148.971962, -35.252684], [148.972229, -35.253073], [148.972411, -35.253365], [148.972639, -35.253593], [148.972791, -35.253794], [148.972878, -35.25406], [148.972872, -35.254407], [148.972758, -35.254505], [148.972694, -35.254673], [148.972644, -35.25495], [148.972726, -35.255449], [148.972878, -35.255753], [148.973182, -35.255997], [148.973588, -35.256084], [148.974082, -35.256068], [148.974462, -35.256073], [148.974749, -35.256057], [148.974988, -35.255981], [148.975091, -35.255862], [148.975298, -35.255617], [148.975574, -35.25546], [148.975826, -35.25541], [148.976124, -35.255364], [148.976434, -35.255318], [148.976962, -35.255341], [148.977272, -35.255386], [148.977731, -35.255593], [148.977949, -35.255754], [148.978202, -35.256087], [148.978282, -35.256385], [148.978248, -35.256741], [148.978041, -35.257154], [148.977857, -35.25751], [148.977743, -35.257969], [148.97788, -35.258348], [148.978213, -35.258773], [148.978936, -35.259209], [148.979441, -35.25937], [148.979653, -35.25937], [148.980008, -35.259149], [148.980531, -35.259048], [148.980897, -35.259061], [148.98128, -35.259017], [148.981629, -35.259031], [148.981769, -35.259102], [148.981978, -35.259274], [148.982066, -35.259388], [148.982189, -35.259818], [148.982329, -35.260075], [148.982539, -35.260304], [148.982732, -35.260447], [148.983028, -35.260561], [148.983709, -35.260717], [148.983901, -35.260788], [148.98418, -35.260844], [148.984613, -35.260866], [148.985153, -35.261088], [148.985437, -35.261199], [148.985783, -35.261383], [148.986407, -35.261635], [148.986687, -35.261811], [148.987211, -35.262065], [148.98757, -35.262276], [148.987715, -35.262346], [148.988006, -35.262317], [148.988251, -35.262202], [148.988359, -35.262083], [148.9884, -35.261982], [148.988553, -35.2618], [148.988692, -35.261664], [148.988919, -35.26148], [148.989212, -35.261321], [148.98955, -35.261233], [148.989794, -35.261204], [148.990407, -35.261184], [148.990739, -35.261233], [148.991137, -35.261326], [148.991657, -35.261489], [148.992059, -35.261726], [148.992252, -35.261975], [148.992323, -35.262181], [148.992469, -35.262287], [148.99281, -35.262317], [148.993329, -35.262354], [148.99366, -35.262403], [148.993881, -35.262471], [148.99428, -35.262573], [148.994524, -35.262659], [148.994778, -35.262691], [148.995041, -35.262687], [148.995227, -35.262629], [148.9955, -35.262535], [148.995672, -35.262378], [148.995778, -35.262241], [148.995841, -35.262114], [148.995904, -35.26196], [148.99594, -35.261634], [148.995933, -35.261382], [148.995919, -35.261247], [148.995958, -35.261048], [148.995963, -35.260813], [148.995946, -35.260507], [148.995943, -35.259872], [148.996012, -35.25957], [148.996045, -35.259155], [148.996251, -35.258266], [148.996321, -35.258122], [148.996516, -35.257991], [148.997018, -35.258078], [148.997297, -35.258178], [148.997681, -35.258248], [148.997995, -35.258377], [148.998169, -35.258419], [148.998536, -35.258447], [148.998728, -35.258489], [148.998972, -35.258603], [148.999881, -35.259216], [149.00023, -35.259373], [149.000289, -35.25941], [149.000544, -35.259501], [149.000816, -35.259667], [149.000842, -35.259701], [149.000949, -35.259826], [149.001056, -35.259915], [149.001207, -35.260076], [149.001384, -35.260206], [149.001573, -35.260441], [149.001652, -35.260553], [149.001687, -35.260703], [149.001844, -35.2609], [149.001954, -35.261011], [149.00205, -35.26121], [149.002178, -35.261446], [149.00232, -35.261632], [149.002417, -35.261831], [149.002484, -35.26208], [149.00246, -35.262331], [149.002458, -35.262442], [149.002465, -35.262557], [149.002501, -35.262757], [149.002628, -35.262967], [149.002678, -35.263115], [149.002744, -35.263327], [149.002843, -35.263614], [149.002847, -35.263777], [149.002803, -35.263865], [149.002899, -35.264064], [149.003073, -35.264312], [149.003186, -35.264548], [149.003237, -35.264748], [149.003209, -35.264836], [149.003275, -35.26506], [149.003371, -35.265221], [149.003406, -35.265409], [149.003394, -35.265547], [149.00356, -35.266035], [149.003657, -35.266412], [149.003721, -35.266648], [149.003577, -35.266804], [149.003551, -35.266851], [149.00355, -35.267066], [149.003585, -35.267281], [149.003584, -35.267553], [149.003636, -35.26771], [149.003654, -35.267882], [149.003653, -35.268111], [149.003827, -35.268669], [149.003931, -35.26887], [149.003983, -35.268913], [149.00516, -35.270187], [149.006641, -35.271446], [149.007402, -35.27197], [149.007625, -35.272079], [149.007886, -35.272137], [149.008026, -35.272109], [149.008615, -35.272104], [149.009795, -35.272031], [149.01123, -35.271828], [149.011754, -35.271774], [149.013929, -35.271896], [149.01553, -35.271704], [149.016765, -35.271791], [149.017357, -35.27207], [149.017827, -35.272331], [149.018488, -35.273027], [149.018645, -35.274176], [149.018506, -35.275167], [149.018332, -35.276101], [149.018243, -35.276569], [149.018103, -35.276955], [149.018103, -35.277056], [149.017752, -35.278043], [149.017717, -35.2782], [149.017769, -35.278257], [149.017938, -35.278797], [149.018156, -35.279359], [149.018327, -35.279726], [149.018413, -35.279818], [149.018883, -35.280091], [149.019616, -35.280406], [149.019825, -35.28042], [149.019965, -35.280464], [149.02013, -35.280474], [149.020141, -35.280401], [149.020266, -35.280337], [149.020365, -35.280242], [149.020426, -35.280147], [149.020489, -35.28012], [149.020663, -35.280021], [149.020838, -35.279978], [149.021066, -35.279978], [149.021274, -35.279978], [149.021658, -35.279892], [149.021457, -35.279543], [149.021278, -35.279214], [149.022075, -35.278858], [149.024123, -35.277957], [149.023894, -35.276838], [149.026142, -35.274347], [149.027344, -35.273], [149.030347, -35.269779], [149.032288, -35.267687], [149.033922, -35.265958], [149.034393, -35.26682], [149.034665, -35.267245], [149.034809, -35.267409], [149.035144, -35.267775], [149.035536, -35.268157], [149.036079, -35.268573], [149.03669, -35.26891], [149.037029, -35.269085], [149.037359, -35.269256], [149.038172, -35.269574], [149.039087, -35.269816], [149.039396, -35.269864], [149.039717, -35.269915], [149.040012, -35.269953], [149.0403, -35.26997], [149.040586, -35.269987], [149.040809, -35.269997], [149.041048, -35.269989], [149.041278, -35.269977], [149.041468, -35.269973], [149.041796, -35.269934], [149.04211, -35.269902], [149.043222, -35.269703], [149.043637, -35.269626], [149.044182, -35.26953], [149.044588, -35.269458], [149.045006, -35.269383], [149.045783, -35.269246], [149.046149, -35.269186], [149.046764, -35.269089], [149.047094, -35.269049], [149.047412, -35.269025], [149.047523, -35.269013], [149.047703, -35.268999], [149.048083, -35.268982], [149.048378, -35.268975], [149.04869, -35.268973], [149.049076, -35.268997], [149.049308, -35.269005], [149.049556, -35.269007], [149.049759, -35.269021], [149.050074, -35.269086], [149.05051, -35.269173], [149.05099, -35.269264], [149.051275, -35.269336], [149.051679, -35.269461], [149.052168, -35.269615], [149.052586, -35.269757], [149.053069, -35.269942], [149.053507, -35.270094], [149.053875, -35.270235], [149.054285, -35.270413], [149.054777, -35.270608], [149.055233, -35.2708], [149.055737, -35.270993], [149.056152, -35.271154], [149.056461, -35.271291], [149.056853, -35.271464], [149.057235, -35.271627], [149.057651, -35.27182], [149.058107, -35.272012], [149.058496, -35.272166], [149.059179, -35.27249], [149.059526, -35.272647], [149.059947, -35.272827], [149.060336, -35.272983], [149.060687, -35.273156], [149.061078, -35.273327], [149.06139, -35.273446], [149.061973, -35.273677], [149.062521, -35.273893], [149.063134, -35.274086], [149.063581, -35.27422], [149.064147, -35.274379], [149.064606, -35.274509], [149.065089, -35.274638], [149.065637, -35.274807], [149.066108, -35.274946], [149.066526, -35.27511], [149.066915, -35.275263], [149.067374, -35.275432], [149.067757, -35.275557], [149.068163, -35.275677], [149.068781, -35.275821], [149.06937, -35.275932], [149.069902, -35.276017], [149.070949, -35.276201], [149.071756, -35.276297], [149.072258, -35.276348], [149.073075, -35.276413], [149.07357, -35.276465], [149.074359, -35.276518], [149.07545, -35.276603], [149.075931, -35.276653], [149.076306, -35.276682], [149.076651, -35.276736], [149.076921, -35.276778], [149.07725, -35.276845], [149.077592, -35.276922], [149.078034, -35.277057], [149.07853, -35.277226], [149.079766, -35.277716], [149.080872, -35.278238], [149.082102, -35.27882], [149.08269, -35.279038], [149.083352, -35.279201], [149.083941, -35.278966], [149.084531, -35.278734], [149.084846, -35.278597], [149.084972, -35.278535], [149.08512, -35.27846], [149.085284, -35.27838], [149.085376, -35.278333], [149.085591, -35.278208], [149.08572, -35.278133], [149.085826, -35.278069], [149.085927, -35.278008], [149.085991, -35.277965], [149.086007, -35.277953], [149.086044, -35.277941], [149.086082, -35.277931], [149.086118, -35.277932], [149.086168, -35.277939], [149.086224, -35.277951], [149.086287, -35.277993], [149.086309, -35.27802], [149.086327, -35.278045], [149.086354, -35.278111], [149.086477, -35.27809], [149.086601, -35.278066], [149.086669, -35.278056], [149.086692, -35.278057], [149.08673, -35.278037], [149.086763, -35.277999], [149.086777, -35.277932], [149.086839, -35.277627], [149.086945, -35.277214], [149.087051, -35.276743], [149.087146, -35.27632], [149.08724, -35.275964], [149.087346, -35.275627], [149.087452, -35.275281], [149.087546, -35.274964], [149.087664, -35.274646], [149.087817, -35.274204], [149.08797, -35.273752], [149.088076, -35.273358], [149.088147, -35.272983], [149.088182, -35.272637], [149.088206, -35.27181], [149.088194, -35.271377], [149.088147, -35.271079], [149.0881, -35.270781], [149.087994, -35.270377], [149.087855, -35.269913], [149.087734, -35.269559], [149.087617, -35.269271], [149.08638, -35.26678], [149.086239, -35.266405], [149.086144, -35.266011], [149.086062, -35.265722], [149.086003, -35.265328], [149.08598, -35.265049], [149.085988, -35.264724], [149.085976, -35.264627], [149.085971, -35.264436], [149.085958, -35.264005], [149.085975, -35.263632], [149.086003, -35.263331], [149.086072, -35.26286], [149.08615, -35.262498], [149.086212, -35.26227], [149.08648, -35.261422], [149.087061, -35.259576], [149.087201, -35.259207], [149.087389, -35.258842], [149.087612, -35.258513], [149.087854, -35.258211], [149.088087, -35.257975], [149.088304, -35.257779], [149.089316, -35.256997], [149.090305, -35.257767], [149.091376, -35.258457], [149.092488, -35.259037], [149.093585, -35.259495], [149.094811, -35.259892], [149.096036, -35.260178], [149.097278, -35.260368], [149.097424, -35.260378], [149.098531, -35.260456], [149.099379, -35.260453], [149.100323, -35.260412], [149.103745, -35.25996], [149.104472, -35.260034], [149.104894, -35.260116], [149.107239, -35.26067], [149.108495, -35.260966], [149.108839, -35.261074], [149.109153, -35.261212], [149.109421, -35.261356], [149.109732, -35.261569], [149.1099, -35.261704], [149.110053, -35.261853], [149.110323, -35.262171], [149.110535, -35.262517], [149.110691, -35.262901], [149.110752, -35.263204], [149.110783, -35.263354], [149.110809, -35.26361], [149.110904, -35.264915], [149.110937, -35.26543], [149.111108, -35.265397], [149.111284, -35.265375], [149.111433, -35.26537], [149.111591, -35.265382], [149.111574, -35.265533], [149.111567, -35.265683], [149.111575, -35.265866], [149.111589, -35.266025], [149.111688, -35.266441], [149.111868, -35.266847], [149.113211, -35.268923], [149.114528, -35.268348], [149.114689, -35.268277], [149.117188, -35.267185], [149.118666, -35.266538], [149.118938, -35.26642], [149.119804, -35.266041], [149.121193, -35.265433], [149.122331, -35.264936], [149.123908, -35.264247], [149.125177, -35.263692], [149.124862, -35.26408], [149.124532, -35.264412], [149.124037, -35.264866], [149.1238, -35.265455], [149.123927, -35.266089], [149.124352, -35.266542], [149.124489, -35.266694], [149.125082, -35.26751], [149.125205, -35.267837], [149.125258, -35.268135], [149.125272, -35.268506], [149.125459, -35.268387], [149.125555, -35.268398], [149.128115, -35.268676], [149.129394, -35.268815], [149.130935, -35.268982], [149.133345, -35.269244], [149.134757, -35.269397], [149.135436, -35.269472], [149.135744, -35.269507], [149.135901, -35.26949], [149.136533, -35.269245], [149.136773, -35.269151], [149.136998, -35.269064], [149.137217, -35.268979], [149.137614, -35.268824], [149.137927, -35.268701], [149.138202, -35.268593], [149.13844, -35.268499], [149.138709, -35.268396], [149.138909, -35.268317], [149.138998, -35.268282], [149.139717, -35.269523], [149.140435, -35.270764], [149.141153, -35.272005], [149.141871, -35.273246], [149.141926, -35.273339], [149.143021, -35.275231], [149.143502, -35.276062], [149.143597, -35.276223], [149.144284, -35.275955], [149.14433, -35.275936], [149.144378, -35.275913], [149.14439, -35.275908], [149.144406, -35.275899], [149.144418, -35.275894], [149.144443, -35.27588], [149.144462, -35.275871], [149.144473, -35.275864], [149.144516, -35.27584], [149.146777, -35.274461], [149.151439, -35.271655], [149.151293, -35.274034], [149.151289, -35.274206], [149.151291, -35.27435], [149.1513, -35.274494], [149.151324, -35.2747], [149.151364, -35.274923], [149.151416, -35.275135], [149.151476, -35.275327], [149.151516, -35.275439], [149.151568, -35.275568], [149.151649, -35.275745], [149.151704, -35.275853], [149.151767, -35.275968], [149.15188, -35.276154], [149.151944, -35.276248], [149.152034, -35.276373], [149.152153, -35.276524], [149.152286, -35.276678], [149.152408, -35.276806], [149.152572, -35.276964], [149.155065, -35.279183], [149.155808, -35.279846], [149.155966, -35.279971], [149.156143, -35.280093], [149.156302, -35.280189], [149.156496, -35.280292], [149.159293, -35.281559], [149.159413, -35.281623], [149.159518, -35.281688], [149.159642, -35.281778], [149.15972, -35.281841], [149.1598, -35.281916], [149.159888, -35.282008], [149.159967, -35.282106], [149.160032, -35.2822], [149.160095, -35.282305], [149.16014, -35.282397], [149.160182, -35.282499], [149.160216, -35.282604], [149.160239, -35.282701], [149.160259, -35.282826], [149.160266, -35.282943], [149.160263, -35.28306], [149.160256, -35.283141], [149.16024, -35.28324], [149.160219, -35.283328], [149.160183, -35.283441], [149.160126, -35.283578], [149.159805, -35.284203], [149.16042, -35.28453], [149.161468, -35.285088], [149.163291, -35.286053], [149.164031, -35.286444], [149.165227, -35.287076], [149.165208, -35.28713], [149.1652, -35.287213], [149.165227, -35.28729], [149.16528, -35.287349], [149.165355, -35.287393], [149.16543, -35.287403], [149.165485, -35.287393], [149.165543, -35.287365], [149.165589, -35.287322], [149.165623, -35.287263], [149.165642, -35.287201], [149.165935, -35.287283], [149.167188, -35.287945], [149.169334, -35.289783], [149.170273, -35.292123], [149.170331, -35.292235], [149.170396, -35.292349], [149.170451, -35.292426], [149.170492, -35.29248], [149.170545, -35.292548], [149.170567, -35.292572], [149.17063, -35.292642], [149.172287, -35.294216], [149.17268, -35.294588], [149.175928, -35.297643], [149.176176, -35.297842], [149.176299, -35.29792], [149.176451, -35.298019], [149.176717, -35.298162], [149.177042, -35.298296], [149.177273, -35.298367], [149.177357, -35.29839], [149.177689, -35.298467], [149.177684, -35.298505], [149.1777, -35.298509], [149.177798, -35.298527], [149.178006, -35.298556], [149.17835, -35.29859], [149.178423, -35.298604], [149.178939, -35.298604], [149.179147, -35.298611], [149.179318, -35.298626], [149.179501, -35.298654], [149.179686, -35.298696], [149.179959, -35.298786], [149.180223, -35.298901], [149.180392, -35.299015], [149.180634, -35.299205], [149.180847, -35.299444], [149.181044, -35.299743], [149.181167, -35.300002], [149.18122, -35.300169], [149.181259, -35.300316], [149.181313, -35.300684], [149.181319, -35.301034], [149.181282, -35.301382], [149.181221, -35.301642], [149.18113, -35.301848], [149.181008, -35.30209], [149.180828, -35.302397], [149.180508, -35.302895], [149.180506, -35.302898], [149.180551, -35.302909], [149.180593, -35.302919], [149.180682, -35.30294], [149.180763, -35.302959], [149.180864, -35.302982], [149.180974, -35.303007], [149.181081, -35.303027], [149.181483, -35.30317], [149.181781, -35.303293], [149.182067, -35.303415], [149.182149, -35.303446], [149.182266, -35.303505], [149.182496, -35.303622], [149.182641, -35.303702], [149.182784, -35.303792], [149.183157, -35.304019], [149.183495, -35.304227], [149.184628, -35.304907], [149.185345, -35.305394], [149.18561, -35.305688], [149.18574, -35.305842], [149.186011, -35.306392], [149.1861, -35.306779], [149.186268, -35.307755], [149.186372, -35.30833], [149.186608, -35.309521], [149.187188, -35.312297], [149.187308, -35.312939], [149.187384, -35.313327], [149.187498, -35.313826], [149.18783, -35.314724], [149.188154, -35.315524], [149.189111, -35.317393], [149.189567, -35.318257], [149.189796, -35.318809], [149.189992, -35.319205], [149.190234, -35.319548], [149.190486, -35.319826], [149.190733, -35.320052], [149.191069, -35.320305], [149.191424, -35.320515], [149.191829, -35.320701], [149.192205, -35.320834], [149.192595, -35.32093], [149.192888, -35.320974], [149.193287, -35.321023], [149.193835, -35.321039], [149.19412, -35.321022], [149.194475, -35.321], [149.194964, -35.320962], [149.196416, -35.320844], [149.197484, -35.320762], [149.199778, -35.32057], [149.202331, -35.320363], [149.202596, -35.320342], [149.205273, -35.320128], [149.206014, -35.320084], [149.206824, -35.320047], [149.207456, -35.320043], [149.20798, -35.320056], [149.208686, -35.320104], [149.209625, -35.320205], [149.211714, -35.320523], [149.21457, -35.321023], [149.215401, -35.321257], [149.216117, -35.321532], [149.217065, -35.322023], [149.219799, -35.323749], [149.221085, -35.324492], [149.221622, -35.324803], [149.225895, -35.326814], [149.229238, -35.328323], [149.229747, -35.32858], [149.230001, -35.328702], [149.230491, -35.328908], [149.230766, -35.329023], [149.23105, -35.329121], [149.231295, -35.329209], [149.231591, -35.329305], [149.231842, -35.329377], [149.23229, -35.329491], [149.236108, -35.330412], [149.236491, -35.330521], [149.236616, -35.33057], [149.236887, -35.330676], [149.237226, -35.330859], [149.237475, -35.331029], [149.237606, -35.331142], [149.237865, -35.331378], [149.237967, -35.331513], [149.238089, -35.331685], [149.238213, -35.331883], [149.238325, -35.332094], [149.238444, -35.332398], [149.238484, -35.332595], [149.238744, -35.33369], [149.239011, -35.33431], [149.239895, -35.335143], [149.241415, -35.336529], [149.241522, -35.336655], [149.241564, -35.336633], [149.24269, -35.335951], [149.242742, -35.335918], [149.242853, -35.335846], [149.242954, -35.335778], [149.243079, -35.335692], [149.24321, -35.335597], [149.243306, -35.335524], [149.243373, -35.335472], [149.243506, -35.335365], [149.243661, -35.335234], [149.243739, -35.335165], [149.243802, -35.335109], [149.243877, -35.335038], [149.243955, -35.334964], [149.244029, -35.334892], [149.244087, -35.334832], [149.244183, -35.33473], [149.244258, -35.334647], [149.244331, -35.334563], [149.244424, -35.334453], [149.244516, -35.334338], [149.244584, -35.334251], [149.244628, -35.334192], [149.244692, -35.334103], [149.244776, -35.333984], [149.244836, -35.333893], [149.244902, -35.33379], [149.244973, -35.333675], [149.245796, -35.332253], [149.245895, -35.332089], [149.245997, -35.331927], [149.246119, -35.331776], [149.246259, -35.331634], [149.246398, -35.331492], [149.246547, -35.331355], [149.246682, -35.331241], [149.246842, -35.331114], [149.247007, -35.330994], [149.247181, -35.330882], [149.247371, -35.330786], [149.247546, -35.330675], [149.247738, -35.330582], [149.247929, -35.330497], [149.248151, -35.330414], [149.248355, -35.330345], [149.248566, -35.330289], [149.248778, -35.330235], [149.24899, -35.330184], [149.249206, -35.33014], [149.249308, -35.330127], [149.249529, -35.330125], [149.24975, -35.330139], [149.24997, -35.33016], [149.250412, -35.330171], [149.251677, -35.330254], [149.253085, -35.330247], [149.253446, -35.330178], [149.254346, -35.330188], [149.254744, -35.330121], [149.255051, -35.330208], [149.25531, -35.330511], [149.255373, -35.330539], [149.255436, -35.33057], [149.255513, -35.33061], [149.255572, -35.330642], [149.255646, -35.330686], [149.255709, -35.330726], [149.255765, -35.330763], [149.255808, -35.330793], [149.255851, -35.330825], [149.255907, -35.330868], [149.255952, -35.330904], [149.256024, -35.330966], [149.256568, -35.331395], [149.257553, -35.331702], [149.258112, -35.331797], [149.258576, -35.331968], [149.259605, -35.33165], [149.260354, -35.331326], [149.26046, -35.331294], [149.260569, -35.331261], [149.260633, -35.331245], [149.260724, -35.331224], [149.260807, -35.331208], [149.260868, -35.331197], [149.260934, -35.331187], [149.261041, -35.331174], [149.261108, -35.331167], [149.261238, -35.331159], [149.261328, -35.331156], [149.261395, -35.331155], [149.261458, -35.331156], [149.261557, -35.33116], [149.261658, -35.331166], [149.261722, -35.331173], [149.261802, -35.331182], [149.261856, -35.331189], [149.261935, -35.331202], [149.262007, -35.331212], [149.26209, -35.331226], [149.262173, -35.331241], [149.262255, -35.331259], [149.26235, -35.331283], [149.262442, -35.331308], [149.262521, -35.331333], [149.26262, -35.331368], [149.262734, -35.331413], [149.262796, -35.331439], [149.26284, -35.331459], [149.262893, -35.331484], [149.262955, -35.331516], [149.263007, -35.331543], [149.263058, -35.331572], [149.263123, -35.331611], [149.263187, -35.331651], [149.264051, -35.332252], [149.264937, -35.332622], [149.265647, -35.333086], [149.266345, -35.333576], [149.266572, -35.333903], [149.267175, -35.334423], [149.267912, -35.334873], [149.268373, -35.335067], [149.268803, -35.335121], [149.269609, -35.335158], [149.270098, -35.335179], [149.270674, -35.335141], [149.271479, -35.335215], [149.272402, -35.335449], [149.273241, -35.335758], [149.27391, -35.335988], [149.274513, -35.335999], [149.275347, -35.33586], [149.275428, -35.33585], [149.275509, -35.335841], [149.27557, -35.335837], [149.275651, -35.335832], [149.276044, -35.335785], [149.277357, -35.33626], [149.278093, -35.336525], [149.279224, -35.337129], [149.27998, -35.337511], [149.280654, -35.337765], [149.281563, -35.338002], [149.282694, -35.338069], [149.28342, -35.337993], [149.283949, -35.3379], [149.284532, -35.33774], [149.28552, -35.33734], [149.286695, -35.33659], [149.288058, -35.335852], [149.288499, -35.335746], [149.29089, -35.334428], [149.291074, -35.334314], [149.291264, -35.334205], [149.291457, -35.334102], [149.291656, -35.334004], [149.291858, -35.333912], [149.292064, -35.333826], [149.292274, -35.333746], [149.292486, -35.333672], [149.292702, -35.333604], [149.292921, -35.333542], [149.293142, -35.333487], [149.293366, -35.333438], [149.293591, -35.333395], [149.293818, -35.333359], [149.294047, -35.33333], [149.294276, -35.333307], [149.294507, -35.333291], [149.294738, -35.333281], [149.294969, -35.333278], [149.2952, -35.333282], [149.295431, -35.333292], [149.29576, -35.333272], [149.299606, -35.333082], [149.299747, -35.333077], [149.299887, -35.333077], [149.300028, -35.33308], [149.300168, -35.333088], [149.300307, -35.333099], [149.300447, -35.333114], [149.300585, -35.333134], [149.300723, -35.333157], [149.300859, -35.333184], [149.300995, -35.333215], [149.301129, -35.33325], [149.301261, -35.333288], [149.302133, -35.333484], [149.303161, -35.334815], [149.303216, -35.334888], [149.303275, -35.334959], [149.303337, -35.335029], [149.303402, -35.335097], [149.30347, -35.335163], [149.303541, -35.335227], [149.303614, -35.335289], [149.30369, -35.335349], [149.303768, -35.335406], [149.303849, -35.335461], [149.303932, -35.335514], [149.304018, -35.335564], [149.304105, -35.335612], [149.304195, -35.335658], [149.304287, -35.3357], [149.30438, -35.33574], [149.304475, -35.335778], [149.304571, -35.335812], [149.304669, -35.335844], [149.304769, -35.335873], [149.304869, -35.335898], [149.30497, -35.335922], [149.305073, -35.335942], [149.305176, -35.335959], [149.30528, -35.335973], [149.305384, -35.335984], [149.305489, -35.335992], [149.305594, -35.335997], [149.3057, -35.335999], [149.305805, -35.335998], [149.30591, -35.335994], [149.306015, -35.335986], [149.306119, -35.335976], [149.30795, -35.336006], [149.307945, -35.335892], [149.308588, -35.335919], [149.308586, -35.336034], [149.311912, -35.33611], [149.311959, -35.335847], [149.312178, -35.335863], [149.31402, -35.33604], [149.316209, -35.336337], [149.31674, -35.336424], [149.317045, -35.336486], [149.318915, -35.336781], [149.31905, -35.336933], [149.31904, -35.337005], [149.326571, -35.338245], [149.326636, -35.338096], [149.327243, -35.338198], [149.327304, -35.338382], [149.336346, -35.339884], [149.336502, -35.339914], [149.336658, -35.339949], [149.336811, -35.339988], [149.336963, -35.340031], [149.337113, -35.340079], [149.337261, -35.340132], [149.337406, -35.340188], [149.337549, -35.340249], [149.337689, -35.340314], [149.337826, -35.340383], [149.33796, -35.340456], [149.33809, -35.340533], [149.338218, -35.340613], [149.338342, -35.340698], [149.338462, -35.340785], [149.338578, -35.340876], [149.33869, -35.340971], [149.338798, -35.341068], [149.338902, -35.341169], [149.339002, -35.341273], [149.339097, -35.341379], [149.339186, -35.341489], [149.339271, -35.3416], [149.339353, -35.341714], [149.339427, -35.341831], [149.339498, -35.341949], [149.339563, -35.34207], [149.339757, -35.342369], [149.340039, -35.342761], [149.34008, -35.343575], [149.340099, -35.343671], [149.340122, -35.343767], [149.340149, -35.343862], [149.34018, -35.343956], [149.340215, -35.344049], [149.340254, -35.344141], [149.340296, -35.344233], [149.340342, -35.344323], [149.340392, -35.344411], [149.340446, -35.344498], [149.340503, -35.344584], [149.340564, -35.344667], [149.340629, -35.34475], [149.340696, -35.34483], [149.340767, -35.344908], [149.340841, -35.344985], [149.340919, -35.345059], [149.340999, -35.345131], [149.341082, -35.345201], [149.347266, -35.350155], [149.347426, -35.350265], [149.34759, -35.350371], [149.347761, -35.350471], [149.347934, -35.350567], [149.348111, -35.350658], [149.348293, -35.350744], [149.348477, -35.350824], [149.348665, -35.3509], [149.348855, -35.35097], [149.34905, -35.351034], [149.349246, -35.351094], [149.349445, -35.351147], [149.349646, -35.351195], [149.349849, -35.351238], [149.350053, -35.351274], [149.350258, -35.351305], [149.350466, -35.351329], [149.350674, -35.351349], [149.350882, -35.351362], [149.351091, -35.351369], [149.3513, -35.35137], [149.351509, -35.351366], [149.351718, -35.351355], [149.351926, -35.351339], [149.352134, -35.351317], [149.356236, -35.350708], [149.356385, -35.350674], [149.356532, -35.350636], [149.356677, -35.350593], [149.35682, -35.350546], [149.356962, -35.350495], [149.357101, -35.35044], [149.357237, -35.350381], [149.357371, -35.350319], [149.357502, -35.350252], [149.357631, -35.350182], [149.357756, -35.350108], [149.357878, -35.350031], [149.357996, -35.34995], [149.358111, -35.349866], [149.358223, -35.349778], [149.358331, -35.349688], [149.358963, -35.349175], [149.359036, -35.349111], [149.359111, -35.34905], [149.359189, -35.34899], [149.359269, -35.348933], [149.359352, -35.348879], [149.359437, -35.348826], [149.359524, -35.348776], [149.359613, -35.348729], [149.359704, -35.348684], [149.359798, -35.348642], [149.359892, -35.348602], [149.359988, -35.348565], [149.360086, -35.348531], [149.360186, -35.3485], [149.360286, -35.348471], [149.360386, -35.348446], [149.360486, -35.348424], [149.360588, -35.348404], [149.36069, -35.348388], [149.360793, -35.348374], [149.360897, -35.348363], [149.361, -35.348355], [149.361104, -35.34835], [149.361209, -35.348347], [149.361313, -35.348348], [149.361417, -35.348352], [149.361521, -35.348358], [149.361625, -35.348368], [149.362484, -35.348417], [149.362562, -35.348426], [149.36264, -35.348432], [149.362717, -35.348436], [149.362873, -35.348437], [149.362951, -35.348434], [149.363029, -35.348429], [149.363106, -35.348422], [149.363183, -35.348413], [149.36326, -35.348401], [149.363336, -35.348388], [149.363412, -35.348372], [149.363486, -35.348354], [149.36356, -35.348334], [149.363634, -35.348312], [149.363706, -35.348287], [149.363777, -35.348261], [149.363847, -35.348233], [149.363915, -35.348203], [149.363983, -35.348171], [149.364049, -35.348137], [149.364113, -35.348101], [149.364176, -35.348063], [149.364238, -35.348024], [149.364297, -35.347983], [149.364355, -35.34794], [149.364411, -35.347895], [149.364465, -35.347849], [149.364517, -35.347802], [149.364567, -35.347753], [149.364615, -35.347703], [149.364661, -35.347651], [149.364704, -35.347598], [149.364746, -35.347544], [149.364785, -35.347488], [149.364821, -35.347432], [149.364856, -35.347375], [149.364888, -35.347316], [149.364917, -35.347257], [149.364944, -35.347197], [149.364968, -35.347136], [149.36499, -35.347075], [149.365009, -35.347013], [149.365025, -35.346951], [149.365039, -35.346888], [149.364946, -35.342929], [149.364951, -35.342807], [149.364963, -35.342685], [149.364979, -35.342563], [149.365, -35.342442], [149.365026, -35.342322], [149.365056, -35.342202], [149.365092, -35.342083], [149.365133, -35.341965], [149.365178, -35.341849], [149.365228, -35.341733], [149.365283, -35.341619], [149.365346, -35.3415], [149.365415, -35.341383], [149.365489, -35.341267], [149.365567, -35.341154], [149.365651, -35.341043], [149.365739, -35.340935], [149.365832, -35.340829], [149.365929, -35.340726], [149.366031, -35.340626], [149.366137, -35.340529], [149.366247, -35.340436], [149.366361, -35.340345], [149.366479, -35.340258], [149.366601, -35.340174], [149.366726, -35.340094], [149.366855, -35.340018], [149.366987, -35.339946], [149.367122, -35.339877], [149.36726, -35.339812], [149.367401, -35.339752], [149.367544, -35.339696], [149.367689, -35.339643], [149.367837, -35.339596], [149.367987, -35.339552], [149.373322, -35.338264], [149.373831, -35.338125], [149.374333, -35.337971], [149.374828, -35.337802], [149.375315, -35.337618], [149.375793, -35.337419], [149.376261, -35.337206], [149.37672, -35.336978], [149.383849, -35.333297], [149.385354, -35.332516], [149.385633, -35.332386], [149.385827, -35.332298], [149.386024, -35.332214], [149.386224, -35.332136], [149.386426, -35.332062], [149.386634, -35.331998], [149.386845, -35.331943], [149.38706, -35.331893], [149.387275, -35.331844], [149.388607, -35.331585], [149.38875, -35.331558], [149.388962, -35.331507], [149.389171, -35.331448], [149.389377, -35.33138], [149.389588, -35.331304], [149.389986, -35.331145], [149.39018, -35.331056], [149.39045, -35.330912], [149.390633, -35.33081], [149.39081, -35.3307], [149.390982, -35.330582], [149.391109, -35.33049], [149.391273, -35.330366], [149.391433, -35.33024], [149.391578, -35.330112], [149.391729, -35.32997], [149.391865, -35.329827], [149.39225, -35.329381], [149.392699, -35.328838], [149.392836, -35.32868], [149.392861, -35.328652], [149.393081, -35.328416], [149.393374, -35.328124], [149.393518, -35.327995], [149.393625, -35.3279], [149.393717, -35.327824], [149.393838, -35.327725], [149.393997, -35.327599], [149.394164, -35.327478], [149.394468, -35.327267], [149.394911, -35.326981], [149.395144, -35.326851], [149.396546, -35.326116], [149.397131, -35.325725], [149.398036, -35.325252], [149.39718, -35.324254], [149.397281, -35.323868], [149.397422, -35.323356], [149.398129, -35.321948], [149.398155, -35.320949], [149.398163, -35.320615], [149.399287, -35.31909], [149.398005, -35.318585]]], [[[150.765554, -35.12748], [150.765486, -35.127351], [150.765349, -35.127006], [150.765193, -35.126848], [150.765054, -35.126762], [150.76476, -35.126546], [150.76476, -35.126503], [150.764743, -35.12646], [150.764745, -35.126159], [150.764486, -35.125872], [150.765081, -35.125359], [150.765117, -35.12513], [150.765224, -35.124801], [150.765207, -35.12473], [150.764915, -35.124156], [150.764881, -35.124127], [150.764585, -35.124068], [150.764481, -35.124068], [150.764238, -35.123952], [150.763141, -35.12409], [150.762526, -35.124961], [150.760764, -35.125482], [150.760329, -35.125581], [150.760207, -35.125594], [150.760033, -35.125622], [150.759894, -35.125593], [150.759702, -35.125606], [150.759163, -35.125518], [150.758955, -35.125474], [150.758868, -35.125459], [150.758573, -35.125401], [150.758226, -35.125242], [150.757809, -35.125011], [150.757654, -35.124881], [150.757585, -35.124809], [150.757464, -35.124709], [150.75736, -35.124579], [150.757274, -35.124493], [150.757136, -35.124292], [150.757084, -35.124177], [150.757085, -35.12412], [150.756981, -35.124019], [150.756859, -35.124019], [150.756615, -35.124032], [150.756319, -35.124059], [150.756232, -35.124073], [150.756128, -35.124072], [150.756006, -35.124086], [150.75587, -35.123613], [150.755558, -35.123469], [150.754548, -35.123607], [150.754006, -35.123962], [150.753936, -35.124005], [150.753813, -35.124062], [150.753604, -35.124089], [150.753482, -35.124146], [150.753134, -35.124202], [150.753012, -35.124258], [150.752644, -35.124586], [150.752504, -35.124728], [150.752222, -35.125199], [150.752204, -35.125257], [150.752029, -35.125513], [150.751624, -35.126184], [150.751589, -35.126227], [150.751501, -35.12627], [150.751274, -35.126426], [150.751185, -35.126712], [150.751184, -35.126812], [150.751095, -35.127041], [150.751043, -35.127155], [150.750741, -35.127984], [150.750705, -35.128127], [150.750705, -35.128227], [150.750616, -35.128484], [150.750598, -35.128542], [150.750246, -35.12917], [150.750158, -35.129298], [150.749875, -35.129884], [150.749716, -35.130269], [150.749663, -35.130427], [150.749558, -35.130526], [150.749469, -35.130683], [150.748842, -35.130895], [150.748824, -35.130924], [150.748579, -35.131109], [150.748492, -35.131137], [150.74809, -35.13135], [150.747933, -35.131478], [150.748104, -35.131808], [150.747911, -35.132036], [150.747735, -35.132322], [150.747611, -35.132707], [150.747592, -35.132836], [150.747557, -35.132922], [150.747556, -35.133108], [150.747538, -35.133151], [150.747571, -35.133309], [150.747657, -35.133481], [150.747692, -35.133524], [150.747743, -35.133696], [150.747777, -35.133739], [150.74774, -35.134125], [150.747583, -35.134196], [150.747147, -35.134266], [150.746921, -35.134336], [150.746815, -35.134421], [150.746763, -35.134436], [150.746535, -35.134663], [150.746412, -35.134878], [150.746376, -35.135006], [150.7462, -35.13532], [150.745989, -35.135663], [150.745639, -35.135905], [150.7455, -35.13599], [150.744819, -35.136201], [150.744767, -35.136201], [150.744593, -35.136243], [150.742764, -35.136478], [150.742572, -35.13652], [150.742503, -35.136462], [150.742538, -35.136348], [150.742556, -35.136262], [150.742557, -35.136205], [150.742592, -35.136119], [150.742593, -35.13599], [150.742525, -35.135833], [150.742264, -35.135803], [150.742055, -35.135816], [150.741969, -35.135587], [150.741814, -35.135328], [150.741501, -35.135341], [150.740995, -35.135453], [150.740647, -35.135494], [150.740542, -35.135508], [150.740438, -35.135579], [150.740402, -35.135751], [150.740296, -35.135937], [150.74014, -35.135907], [150.73993, -35.136035], [150.739959, -35.136908], [150.73933, -35.137134], [150.73893, -35.13719], [150.738633, -35.137203], [150.738425, -35.137202], [150.73792, -35.137156], [150.737781, -35.137127], [150.737555, -35.137126], [150.736981, -35.137094], [150.736128, -35.137105], [150.735676, -35.137088], [150.734163, -35.136909], [150.73305, -35.136689], [150.732529, -35.136529], [150.732147, -35.136384], [150.731817, -35.136254], [150.730619, -35.135904], [150.73041, -35.135889], [150.730289, -35.135888], [150.730097, -35.135916], [150.730133, -35.135759], [150.730013, -35.135501], [150.729804, -35.1355], [150.729717, -35.135485], [150.729456, -35.135469], [150.729352, -35.135383], [150.729265, -35.135325], [150.729248, -35.135311], [150.729214, -35.135268], [150.72904, -35.135181], [150.729006, -35.135152], [150.728501, -35.13515], [150.728379, -35.135178], [150.728013, -35.135176], [150.727771, -35.135032], [150.727755, -35.134888], [150.72779, -35.134774], [150.727773, -35.134717], [150.727739, -35.134559], [150.727671, -35.134444], [150.7275, -35.134], [150.72736, -35.134085], [150.727185, -35.134284], [150.727114, -35.134341], [150.727044, -35.134427], [150.726833, -35.134698], [150.726694, -35.134783], [150.726309, -35.134939], [150.726204, -35.135024], [150.726135, -35.135052], [150.72589, -35.135194], [150.725715, -35.135322], [150.725485, -35.135635], [150.725313, -35.135621], [150.725138, -35.13562], [150.724947, -35.135648], [150.724877, -35.135633], [150.723832, -35.135842], [150.723483, -35.135898], [150.723222, -35.135911], [150.723152, -35.135939], [150.722927, -35.13591], [150.722666, -35.135894], [150.722318, -35.135835], [150.721866, -35.135675], [150.720618, -35.135097], [150.719768, -35.134663], [150.719352, -35.134418], [150.717828, -35.133437], [150.717464, -35.133163], [150.717118, -35.132803], [150.717032, -35.132717], [150.716791, -35.13243], [150.715257, -35.130897], [150.715113, -35.130752], [150.715009, -35.130623], [150.71475, -35.13035], [150.714336, -35.129805], [150.714112, -35.129488], [150.713664, -35.12897], [150.713629, -35.128913], [150.713284, -35.128511], [150.712871, -35.127921], [150.71263, -35.127533], [150.712613, -35.127476], [150.712252, -35.126945], [150.712096, -35.126744], [150.710734, -35.125133], [150.709924, -35.124099], [150.709803, -35.123898], [150.709717, -35.123711], [150.709678, -35.123635], [150.709573, -35.123435], [150.709457, -35.123134], [150.709282, -35.123005], [150.709282, -35.122948], [150.709248, -35.122906], [150.709039, -35.122791], [150.708865, -35.122576], [150.708691, -35.122433], [150.708465, -35.122304], [150.708291, -35.122247], [150.708134, -35.12222], [150.707838, -35.122231], [150.707439, -35.122391], [150.707282, -35.12242], [150.70706, -35.122406], [150.705961, -35.122621], [150.705648, -35.122879], [150.705249, -35.123036], [150.703649, -35.123309], [150.702919, -35.123311], [150.702293, -35.123195], [150.701604, -35.122862], [150.700489, -35.12304], [150.693173, -35.122096], [150.681824, -35.120649], [150.678841, -35.12024], [150.673991, -35.119582], [150.673745, -35.119548], [150.670643, -35.119128], [150.664396, -35.11828], [150.661053, -35.117824], [150.661084, -35.117938], [150.661223, -35.11831], [150.661467, -35.118682], [150.661571, -35.118911], [150.66164, -35.119226], [150.661641, -35.119713], [150.661554, -35.120299], [150.661345, -35.120943], [150.661241, -35.121402], [150.661242, -35.121573], [150.661172, -35.121917], [150.660871, -35.12282], [150.660824, -35.122904], [150.660825, -35.123105], [150.660877, -35.123248], [150.660865, -35.123429], [150.660858, -35.123478], [150.660839, -35.123536], [150.660839, -35.123593], [150.660803, -35.123707], [150.660803, -35.12375], [150.66064, -35.124451], [150.660373, -35.125251], [150.66032, -35.125394], [150.660039, -35.125722], [150.659758, -35.126035], [150.659442, -35.126348], [150.659144, -35.126633], [150.659022, -35.126747], [150.658969, -35.126818], [150.658583, -35.127173], [150.658319, -35.12753], [150.658178, -35.127758], [150.657965, -35.12833], [150.657735, -35.128772], [150.657594, -35.129], [150.6574, -35.129185], [150.657174, -35.12937], [150.65609, -35.12998], [150.655704, -35.130178], [150.655286, -35.130391], [150.655199, -35.130419], [150.655163, -35.130447], [150.655024, -35.130504], [150.654272, -35.130915], [150.654219, -35.130958], [150.653957, -35.131056], [150.653574, -35.131168], [150.653208, -35.131253], [150.652824, -35.131394], [150.652457, -35.131549], [150.651688, -35.131917], [150.651303, -35.132201], [150.650672, -35.132842], [150.64888, -35.134779], [150.648495, -35.135134], [150.648338, -35.135233], [150.648022, -35.135518], [150.647828, -35.135775], [150.647739, -35.136018], [150.647736, -35.13639], [150.647665, -35.136675], [150.647523, -35.136904], [150.647225, -35.137189], [150.646962, -35.137416], [150.646577, -35.137771], [150.646471, -35.137857], [150.646489, -35.137871], [150.645998, -35.138241], [150.645823, -35.138326], [150.645631, -35.138468], [150.645508, -35.138553], [150.645421, -35.138581], [150.645106, -35.138751], [150.644618, -35.138935], [150.644408, -35.139033], [150.644023, -35.139261], [150.643638, -35.139545], [150.643462, -35.139787], [150.643409, -35.139844], [150.643374, -35.13993], [150.643321, -35.140001], [150.643303, -35.140087], [150.643215, -35.140172], [150.642966, -35.140829], [150.642948, -35.140943], [150.64277, -35.141372], [150.642611, -35.141657], [150.642523, -35.141757], [150.642383, -35.141942], [150.642154, -35.14217], [150.642136, -35.142213], [150.641645, -35.142668], [150.641382, -35.142939], [150.641224, -35.14311], [150.641172, -35.143109], [150.641049, -35.143209], [150.640278, -35.14382], [150.640138, -35.143977], [150.639785, -35.144562], [150.639592, -35.144747], [150.639311, -35.145031], [150.639223, -35.145088], [150.639136, -35.145174], [150.638627, -35.145701], [150.638346, -35.145928], [150.638065, -35.146198], [150.637259, -35.146881], [150.636086, -35.147733], [150.636085, -35.147776], [150.635683, -35.148031], [150.635228, -35.148301], [150.635158, -35.148357], [150.634372, -35.148725], [150.634266, -35.148811], [150.633428, -35.14925], [150.633044, -35.149391], [150.632904, -35.149419], [150.632834, -35.149418], [150.632469, -35.149473], [150.632381, -35.149458], [150.632277, -35.149472], [150.632068, -35.149457], [150.631389, -35.149453], [150.631058, -35.149493], [150.630744, -35.149592], [150.630552, -35.149677], [150.630395, -35.149705], [150.630325, -35.149719], [150.629941, -35.149802], [150.629523, -35.149843], [150.629192, -35.149869], [150.628739, -35.149938], [150.627903, -35.149976], [150.627695, -35.149947], [150.627364, -35.149888], [150.626861, -35.149785], [150.626113, -35.149594], [150.624758, -35.149286], [150.624134, -35.149097], [150.623613, -35.148893], [150.623042, -35.148575], [150.622419, -35.148113], [150.622194, -35.14794], [150.621969, -35.147853], [150.62145, -35.147363], [150.62126, -35.147176], [150.620396, -35.146484], [150.620327, -35.14644], [150.62005, -35.146195], [150.619999, -35.146124], [150.619636, -35.145836], [150.619377, -35.145633], [150.618614, -35.1452], [150.618026, -35.144782], [150.617749, -35.144537], [150.617595, -35.144378], [150.617352, -35.144147], [150.617075, -35.143945], [150.616763, -35.143772], [150.616488, -35.143555], [150.615761, -35.143036], [150.615449, -35.142862], [150.615275, -35.14279], [150.615153, -35.142804], [150.615135, -35.142903], [150.615169, -35.142976], [150.615274, -35.143062], [150.615411, -35.143148], [150.61555, -35.143279], [150.615722, -35.14348], [150.615996, -35.144025], [150.616116, -35.144183], [150.616133, -35.144284], [150.61627, -35.144456], [150.616356, -35.144629], [150.616408, -35.144686], [150.616494, -35.14483], [150.616649, -35.145017], [150.61684, -35.145047], [150.617188, -35.14502], [150.617537, -35.145022], [150.617588, -35.145037], [150.617658, -35.145037], [150.617953, -35.145182], [150.618144, -35.145283], [150.61868, -35.145659], [150.618835, -35.145788], [150.619233, -35.146077], [150.619579, -35.146365], [150.620097, -35.146898], [150.620442, -35.147172], [150.620944, -35.147489], [150.62122, -35.147863], [150.621026, -35.148062], [150.620817, -35.148147], [150.620678, -35.148146], [150.620626, -35.148132], [150.620521, -35.148131], [150.620104, -35.148043], [150.619965, -35.148028], [150.619078, -35.14785], [150.618923, -35.147792], [150.618627, -35.147719], [150.618123, -35.147631], [150.617828, -35.147615], [150.617741, -35.147614], [150.617393, -35.147626], [150.617165, -35.14771], [150.616676, -35.147937], [150.616012, -35.148348], [150.615906, -35.148405], [150.615609, -35.148518], [150.615435, -35.14856], [150.614913, -35.148585], [150.614739, -35.148555], [150.614617, -35.148483], [150.614531, -35.148426], [150.614376, -35.148138], [150.614343, -35.148038], [150.614343, -35.147995], [150.614309, -35.147909], [150.614344, -35.147866], [150.614398, -35.147709], [150.614469, -35.147566], [150.614592, -35.147367], [150.614803, -35.14711], [150.614892, -35.146939], [150.614915, -35.146893], [150.614945, -35.146853], [150.614947, -35.146567], [150.614967, -35.146395], [150.614934, -35.146037], [150.614901, -35.145851], [150.614904, -35.145622], [150.615026, -35.145466], [150.615218, -35.145424], [150.615323, -35.145424], [150.615567, -35.145368], [150.61557, -35.145082], [150.615292, -35.144966], [150.615135, -35.144965], [150.61503, -35.144993], [150.614802, -35.145149], [150.614522, -35.145505], [150.61452, -35.145562], [150.614486, -35.145605], [150.614397, -35.145777], [150.614326, -35.14589], [150.614308, -35.145933], [150.614272, -35.146105], [150.61427, -35.146434], [150.614319, -35.146763], [150.6143, -35.146936], [150.614263, -35.147106], [150.614141, -35.147249], [150.613948, -35.14732], [150.613897, -35.147319], [150.613862, -35.147333], [150.613601, -35.147317], [150.613096, -35.147272], [150.613044, -35.147257], [150.612957, -35.147256], [150.612331, -35.147196], [150.612262, -35.147167], [150.611829, -35.146893], [150.611397, -35.146547], [150.611361, -35.146546], [150.611189, -35.146374], [150.610139, -35.14515], [150.610086, -35.145121], [150.609948, -35.144977], [150.609862, -35.14492], [150.609257, -35.144444], [150.609153, -35.144371], [150.609014, -35.144299], [150.608337, -35.144037], [150.608181, -35.144022], [150.608025, -35.143965], [150.607504, -35.143847], [150.607347, -35.14386], [150.60733, -35.143846], [150.607277, -35.14386], [150.607173, -35.143859], [150.606911, -35.143943], [150.606735, -35.144056], [150.606702, -35.144056], [150.606631, -35.144128], [150.606473, -35.144285], [150.606402, -35.144327], [150.606333, -35.144398], [150.605403, -35.145208], [150.605105, -35.14545], [150.605036, -35.145479], [150.604983, -35.145521], [150.604598, -35.145762], [150.60444, -35.145847], [150.604266, -35.145917], [150.604144, -35.145988], [150.603969, -35.146044], [150.603882, -35.146087], [150.603463, -35.146213], [150.603062, -35.146254], [150.602853, -35.146252], [150.602402, -35.146121], [150.602228, -35.146092], [150.602158, -35.146091], [150.602106, -35.146076], [150.601932, -35.146075], [150.601549, -35.146116], [150.601235, -35.146143], [150.600992, -35.146113], [150.600557, -35.146096], [150.600313, -35.146123], [150.600243, -35.146152], [150.600156, -35.146165], [150.599737, -35.14632], [150.599615, -35.146333], [150.599545, -35.146376], [150.598971, -35.146345], [150.598397, -35.146241], [150.597806, -35.146094], [150.597598, -35.14605], [150.596973, -35.145903], [150.596799, -35.145859], [150.596695, -35.145816], [150.596487, -35.1457], [150.596418, -35.145657], [150.596366, -35.145642], [150.596106, -35.145482], [150.59602, -35.145439], [150.595968, -35.145382], [150.595882, -35.145323], [150.595795, -35.145223], [150.595623, -35.145064], [150.595416, -35.14482], [150.595347, -35.144705], [150.595107, -35.14436], [150.595003, -35.144259], [150.594969, -35.144173], [150.594882, -35.144144], [150.594848, -35.144101], [150.594674, -35.144014], [150.594553, -35.143985], [150.594484, -35.143956], [150.594344, -35.143941], [150.594292, -35.143926], [150.593997, -35.143924], [150.593839, -35.143981], [150.592868, -35.143937], [150.59343, -35.146914], [150.594565, -35.148684], [150.595383, -35.151], [150.596246, -35.15218], [150.598001, -35.152476], [150.598381, -35.152543], [150.600607, -35.152997], [150.602606, -35.153179], [150.604378, -35.154313], [150.605105, -35.156175], [150.604696, -35.1579], [150.603106, -35.160215], [150.601961, -35.162382], [150.601834, -35.162621], [150.601016, -35.164528], [150.600744, -35.165708], [150.601016, -35.166888], [150.601425, -35.167706], [150.601698, -35.168886], [150.601334, -35.170066], [150.599154, -35.170611], [150.596837, -35.17043], [150.595156, -35.17052], [150.594652, -35.170638], [150.593157, -35.171021], [150.592117, -35.171654], [150.591749, -35.171882], [150.591249, -35.172472], [150.591104, -35.173199], [150.590986, -35.173785], [150.591489, -35.17668], [150.59159, -35.178818], [150.592497, -35.181612], [150.592698, -35.182921], [150.592472, -35.183651], [150.592547, -35.184281], [150.593378, -35.184758], [150.593971, -35.185018], [150.594724, -35.183836], [150.595231, -35.18361], [150.595371, -35.183525], [150.595493, -35.183483], [150.595756, -35.183312], [150.595932, -35.183099], [150.596091, -35.182842], [150.596178, -35.182771], [150.596355, -35.182471], [150.596549, -35.182186], [150.596813, -35.181887], [150.597271, -35.181275], [150.597588, -35.180933], [150.597834, -35.180605], [150.597905, -35.18052], [150.598081, -35.180249], [150.598327, -35.180021], [150.598608, -35.17978], [150.600046, -35.178657], [150.600361, -35.178387], [150.600449, -35.178331], [150.60073, -35.178074], [150.601028, -35.177862], [150.601465, -35.177607], [150.601658, -35.177507], [150.602392, -35.177082], [150.603198, -35.176558], [150.603688, -35.176246], [150.604458, -35.175835], [150.604615, -35.175764], [150.605052, -35.175552], [150.605717, -35.175241], [150.6068, -35.174804], [150.607342, -35.174535], [150.607955, -35.174181], [150.608025, -35.174153], [150.608462, -35.173883], [150.608602, -35.173827], [150.608899, -35.173671], [150.608952, -35.173686], [150.609074, -35.173629], [150.609196, -35.173601], [150.609738, -35.173376], [150.609965, -35.173248], [150.610385, -35.173021], [150.610718, -35.172809], [150.611696, -35.172414], [150.61215, -35.172245], [150.612342, -35.172188], [150.612674, -35.172061], [150.613163, -35.171935], [150.613215, -35.171936], [150.614105, -35.171712], [150.614437, -35.171585], [150.615258, -35.171318], [150.615677, -35.171177], [150.616637, -35.170882], [150.617353, -35.170629], [150.617737, -35.170502], [150.618454, -35.170177], [150.619799, -35.169655], [150.620008, -35.169613], [150.620113, -35.169543], [150.620532, -35.169402], [150.62191, -35.169109], [150.622032, -35.169053], [150.622329, -35.168983], [150.623202, -35.168744], [150.623254, -35.168745], [150.623341, -35.168717], [150.62369, -35.168647], [150.624544, -35.168537], [150.624631, -35.168509], [150.624701, -35.16851], [150.625154, -35.168426], [150.625869, -35.16823], [150.627056, -35.167951], [150.627126, -35.167922], [150.627178, -35.167923], [150.631453, -35.166788], [150.631768, -35.166675], [150.63196, -35.166619], [150.632099, -35.166562], [150.632623, -35.166422], [150.633338, -35.166297], [150.633773, -35.166243], [150.633878, -35.166215], [150.634157, -35.166159], [150.634662, -35.16609], [150.635238, -35.165979], [150.63543, -35.165937], [150.635465, -35.165937], [150.635988, -35.16584], [150.637836, -35.165593], [150.638428, -35.165525], [150.639927, -35.16529], [150.640032, -35.16529], [150.641445, -35.164955], [150.641968, -35.164786], [150.642195, -35.164744], [150.642474, -35.164703], [150.642997, -35.164591], [150.644392, -35.164313], [150.645962, -35.163921], [150.646067, -35.163907], [150.646468, -35.163837], [150.647008, -35.163769], [150.647914, -35.163631], [150.648036, -35.163646], [150.648089, -35.163632], [150.648367, -35.163605], [150.649516, -35.163611], [150.649621, -35.163583], [150.650144, -35.163571], [150.650631, -35.163503], [150.651137, -35.16342], [150.653106, -35.16323], [150.6545, -35.163138], [150.654621, -35.163138], [150.654709, -35.16311], [150.654952, -35.163097], [150.656119, -35.163103], [150.656467, -35.16312], [150.65711, -35.163238], [150.657406, -35.163254], [150.657476, -35.163268], [150.658015, -35.1633], [150.658224, -35.163287], [150.659182, -35.163235], [150.660245, -35.163097], [150.660523, -35.163099], [150.660611, -35.163085], [150.660628, -35.163099], [150.66075, -35.1631], [150.660993, -35.16313], [150.661271, -35.163203], [150.661445, -35.163233], [150.661688, -35.163349], [150.661844, -35.163435], [150.661896, -35.163493], [150.661965, -35.163536], [150.661999, -35.163608], [150.662085, -35.163723], [150.66229, -35.164211], [150.662376, -35.164383], [150.662409, -35.164555], [150.662304, -35.164712], [150.662214, -35.164997], [150.662369, -35.165256], [150.662526, -35.165228], [150.662735, -35.165158], [150.662926, -35.165202], [150.6631, -35.165274], [150.663378, -35.165362], [150.6635, -35.165362], [150.663691, -35.165378], [150.663778, -35.165392], [150.664074, -35.165394], [150.664319, -35.165324], [150.665295, -35.165129], [150.665592, -35.16503], [150.665644, -35.164959], [150.665767, -35.164888], [150.665786, -35.164688], [150.665719, -35.164358], [150.665725, -35.164356], [150.665876, -35.164302], [150.665911, -35.164273], [150.666016, -35.164245], [150.666138, -35.16416], [150.666278, -35.164103], [150.666348, -35.164032], [150.666418, -35.164004], [150.666803, -35.163734], [150.667031, -35.163578], [150.667083, -35.163564], [150.667206, -35.163507], [150.667363, -35.163451], [150.66738, -35.163437], [150.667502, -35.16338], [150.667921, -35.163296], [150.668426, -35.16327], [150.668687, -35.163286], [150.670218, -35.163523], [150.671973, -35.163876], [150.672425, -35.163993], [150.672511, -35.164037], [150.672581, -35.164037], [150.67397, -35.164531], [150.674821, -35.164808], [150.675411, -35.165026], [150.675585, -35.165127], [150.675775, -35.165271], [150.676034, -35.165544], [150.676155, -35.165716], [150.676448, -35.166062], [150.676482, -35.166162], [150.676273, -35.166204], [150.676134, -35.16616], [150.675772, -35.165657], [150.675704, -35.165514], [150.6756, -35.165413], [150.675166, -35.165196], [150.674887, -35.165223], [150.674869, -35.165409], [150.67485, -35.165581], [150.674832, -35.165652], [150.674831, -35.165738], [150.674812, -35.165967], [150.674829, -35.166039], [150.675034, -35.166469], [150.675103, -35.166527], [150.675155, -35.166627], [150.675589, -35.166802], [150.675815, -35.166874], [150.676438, -35.167264], [150.676577, -35.167322], [150.676699, -35.167394], [150.676768, -35.167466], [150.677045, -35.167668], [150.677515, -35.167685], [150.677532, -35.167699], [150.678054, -35.167759], [150.678681, -35.167677], [150.679083, -35.16755], [150.67931, -35.167465], [150.679519, -35.167409], [150.679885, -35.167297], [150.679972, -35.167283], [150.680094, -35.16724], [150.680269, -35.167213], [150.680653, -35.1671], [150.681264, -35.166874], [150.681317, -35.166803], [150.681422, -35.166675], [150.681424, -35.166503], [150.681251, -35.166302], [150.681147, -35.16623], [150.681185, -35.165901], [150.68122, -35.165772], [150.681536, -35.165473], [150.681623, -35.165431], [150.681694, -35.165388], [150.681885, -35.16536], [150.682199, -35.165348], [150.682616, -35.165393], [150.683277, -35.165554], [150.683346, -35.165554], [150.683624, -35.165627], [150.684406, -35.165817], [150.68484, -35.166006], [150.6851, -35.166136], [150.68536, -35.166309], [150.685637, -35.16654], [150.68574, -35.166698], [150.685912, -35.167013], [150.68603, -35.167501], [150.686149, -35.167845], [150.686183, -35.167931], [150.6862, -35.168031], [150.686199, -35.168117], [150.686216, -35.168203], [150.686181, -35.168203], [150.685903, -35.168159], [150.685555, -35.168056], [150.685486, -35.168056], [150.685294, -35.168127], [150.685206, -35.168141], [150.684875, -35.168253], [150.6847, -35.168381], [150.684594, -35.168495], [150.684209, -35.168794], [150.683772, -35.169078], [150.683509, -35.169234], [150.682968, -35.169489], [150.682915, -35.169488], [150.682723, -35.169545], [150.682199, -35.169742], [150.681798, -35.169926], [150.68171, -35.169983], [150.681553, -35.170025], [150.681551, -35.170254], [150.681638, -35.170255], [150.68169, -35.170284], [150.681899, -35.170285], [150.682038, -35.1703], [150.682299, -35.170344], [150.682699, -35.170432], [150.682855, -35.17049], [150.68355, -35.170637], [150.684125, -35.170697], [150.684856, -35.17073], [150.68503, -35.170759], [150.685412, -35.170847], [150.68583, -35.170906], [150.685969, -35.17095], [150.686352, -35.170938], [150.686474, -35.17091], [150.686981, -35.170669], [150.68712, -35.170598], [150.687295, -35.170485], [150.687419, -35.170285], [150.687333, -35.170141], [150.687212, -35.170055], [150.687264, -35.169984], [150.687404, -35.169956], [150.687474, -35.169913], [150.687771, -35.169743], [150.688068, -35.169587], [150.688278, -35.169474], [150.688592, -35.169432], [150.68901, -35.169434], [150.68934, -35.169493], [150.689792, -35.169639], [150.690052, -35.169755], [150.690226, -35.169842], [150.690711, -35.170145], [150.690952, -35.170403], [150.691107, -35.170633], [150.691244, -35.170935], [150.691397, -35.171408], [150.691465, -35.171709], [150.691463, -35.171909], [150.691445, -35.172081], [150.691426, -35.172195], [150.691355, -35.172352], [150.691074, -35.17268], [150.691004, -35.172723], [150.690689, -35.173022], [150.690407, -35.17335], [150.690144, -35.173735], [150.689827, -35.174134], [150.689826, -35.174191], [150.689721, -35.174319], [150.689438, -35.174833], [150.689384, -35.175162], [150.68907, -35.175246], [150.689, -35.175246], [150.688965, -35.175274], [150.688878, -35.175303], [150.688826, -35.175302], [150.688511, -35.175458], [150.688371, -35.175572], [150.688248, -35.175657], [150.688125, -35.175871], [150.688124, -35.175957], [150.688106, -35.176], [150.688106, -35.176057], [150.688122, -35.176229], [150.688206, -35.176559], [150.688344, -35.176846], [150.688343, -35.176932], [150.688446, -35.177075], [150.68867, -35.177334], [150.688965, -35.177608], [150.689051, -35.17768], [150.689138, -35.177737], [150.689293, -35.17791], [150.689363, -35.17791], [150.689362, -35.177953], [150.689693, -35.177941], [150.690199, -35.177829], [150.690339, -35.177772], [150.690479, -35.177687], [150.690619, -35.177616], [150.690689, -35.177559], [150.690829, -35.177431], [150.690813, -35.177245], [150.690727, -35.17713], [150.69071, -35.177087], [150.690745, -35.177016], [150.691077, -35.176889], [150.691252, -35.176775], [150.691428, -35.176547], [150.691498, -35.17649], [150.691593, -35.176461], [150.691638, -35.176448], [150.691829, -35.176449], [150.691864, -35.176506], [150.691897, -35.176678], [150.691894, -35.17705], [150.691911, -35.177093], [150.69191, -35.177179], [150.691662, -35.177836], [150.6918, -35.177923], [150.691835, -35.17798], [150.691939, -35.178038], [150.692252, -35.178054], [150.692566, -35.178041], [150.693123, -35.17803], [150.693262, -35.178031], [150.693299, -35.177831], [150.693161, -35.177658], [150.693318, -35.177544], [150.693353, -35.177573], [150.693388, -35.177559], [150.693597, -35.177517], [150.693667, -35.177489], [150.693719, -35.177489], [150.694086, -35.177348], [150.694138, -35.177291], [150.694366, -35.177192], [150.694523, -35.177107], [150.694768, -35.176994], [150.694942, -35.17698], [150.695186, -35.176981], [150.695377, -35.176997], [150.69562, -35.177084], [150.695707, -35.177127], [150.695759, -35.177199], [150.695793, -35.177242], [150.695757, -35.177428], [150.695722, -35.1775], [150.695686, -35.177542], [150.695546, -35.17767], [150.695441, -35.17777], [150.695458, -35.177784], [150.695336, -35.17787], [150.695213, -35.177998], [150.695073, -35.178112], [150.695002, -35.178197], [150.694636, -35.178253], [150.694496, -35.178381], [150.694461, -35.178452], [150.694249, -35.178737], [150.694109, -35.178951], [150.693895, -35.17948], [150.693735, -35.180066], [150.69368, -35.18038], [150.693677, -35.180781], [150.693552, -35.181095], [150.693552, -35.181167], [150.693516, -35.181281], [150.693655, -35.181354], [150.693724, -35.181354], [150.693881, -35.181441], [150.693933, -35.181441], [150.694367, -35.181629], [150.694748, -35.181918], [150.694869, -35.181961], [150.694921, -35.182047], [150.695235, -35.181906], [150.695551, -35.18165], [150.696001, -35.181981], [150.695948, -35.182053], [150.695808, -35.182109], [150.695616, -35.182251], [150.695598, -35.182394], [150.695701, -35.182538], [150.695822, -35.182653], [150.695978, -35.18274], [150.696134, -35.182769], [150.696239, -35.182727], [150.696309, -35.182727], [150.696361, -35.182742], [150.69636, -35.182813], [150.696255, -35.182956], [150.695606, -35.183597], [150.69543, -35.183796], [150.69543, -35.183839], [150.695307, -35.183953], [150.695167, -35.184038], [150.695045, -35.184095], [150.695077, -35.184381], [150.695077, -35.184482], [150.695059, -35.184553], [150.695058, -35.184639], [150.695092, -35.184782], [150.69523, -35.184955], [150.695385, -35.185156], [150.695349, -35.185242], [150.695138, -35.185556], [150.694997, -35.185741], [150.694927, -35.185826], [150.694752, -35.18594], [150.694682, -35.185968], [150.694594, -35.186068], [150.694577, -35.186111], [150.694541, -35.186139], [150.694541, -35.186182], [150.69447, -35.186296], [150.694434, -35.186482], [150.694451, -35.186525], [150.694415, -35.186768], [150.694603, -35.187185], [150.694758, -35.187371], [150.694827, -35.187529], [150.694896, -35.187616], [150.69505, -35.187917], [150.695102, -35.18796], [150.695119, -35.188003], [150.695275, -35.188176], [150.695361, -35.188248], [150.695481, -35.188506], [150.695547, -35.188936], [150.695547, -35.189022], [150.69532, -35.189049], [150.695145, -35.189177], [150.695127, -35.189349], [150.695283, -35.18945], [150.695508, -35.189608], [150.695525, -35.189651], [150.695507, -35.189737], [150.695594, -35.189781], [150.695698, -35.189767], [150.69575, -35.189853], [150.695731, -35.19001], [150.695731, -35.190068], [150.695713, -35.190082], [150.695643, -35.190196], [150.695537, -35.190296], [150.69538, -35.190352], [150.694962, -35.190407], [150.694682, -35.190535], [150.694629, -35.190563], [150.694526, -35.190491], [150.694422, -35.190433], [150.694334, -35.190518], [150.694194, -35.190646], [150.694123, -35.190718], [150.693915, -35.190702], [150.693809, -35.190845], [150.693843, -35.191003], [150.693999, -35.191089], [150.69419, -35.191176], [150.694241, -35.191291], [150.69424, -35.191434], [150.694065, -35.191576], [150.693977, -35.191633], [150.693819, -35.191718], [150.693679, -35.191818], [150.693592, -35.191903], [150.693486, -35.19206], [150.693414, -35.192317], [150.692975, -35.192888], [150.692887, -35.192973], [150.692834, -35.193044], [150.692799, -35.193087], [150.691458, -35.193023], [150.691388, -35.193051], [150.691336, -35.193122], [150.691335, -35.193165], [150.691265, -35.193337], [150.691142, -35.193379], [150.691002, -35.193407], [150.690967, -35.193507], [150.690984, -35.193593], [150.691053, -35.193651], [150.691837, -35.193669], [150.69201, -35.193756], [150.691886, -35.19407], [150.69199, -35.194142], [150.69232, -35.194158], [150.692283, -35.194502], [150.692178, -35.194616], [150.692142, -35.19473], [150.692142, -35.194801], [150.692209, -35.195074], [150.692208, -35.195174], [150.692219, -35.195259], [150.692241, -35.195446], [150.691697, -35.19603], [150.691553, -35.196573], [150.691552, -35.196702], [150.691585, -35.196946], [150.69162, -35.19706], [150.691791, -35.197462], [150.691842, -35.197534], [150.691963, -35.197663], [150.691998, -35.197664], [150.692257, -35.197966], [150.692343, -35.198023], [150.692378, -35.198038], [150.692483, -35.19801], [150.692622, -35.198039], [150.692725, -35.19814], [150.692673, -35.198225], [150.692724, -35.198369], [150.69274, -35.198512], [150.69274, -35.198555], [150.692809, -35.198627], [150.692946, -35.198857], [150.69305, -35.198957], [150.693188, -35.199187], [150.693393, -35.199675], [150.693618, -35.199934], [150.693894, -35.200164], [150.694084, -35.200408], [150.694291, -35.200624], [150.694621, -35.200783], [150.694778, -35.200827], [150.69483, -35.200856], [150.695056, -35.200857], [150.695143, -35.200872], [150.695684, -35.200818], [150.695788, -35.200818], [150.696015, -35.200776], [150.696241, -35.200777], [150.696958, -35.200409], [150.697098, -35.200295], [150.697414, -35.200068], [150.697731, -35.19964], [150.697853, -35.199526], [150.698065, -35.199212], [150.698205, -35.199084], [150.698381, -35.198899], [150.698451, -35.198842], [150.698521, -35.198756], [150.698556, -35.198685], [150.698609, -35.198628], [150.698715, -35.198443], [150.698874, -35.198229], [150.698944, -35.198114], [150.698979, -35.198029], [150.699016, -35.197771], [150.699018, -35.1976], [150.699088, -35.1975], [150.699438, -35.197244], [150.699438, -35.197215], [150.699613, -35.197102], [150.69977, -35.197074], [150.700032, -35.197075], [150.700293, -35.197034], [150.700608, -35.196863], [150.70101, -35.196608], [150.701116, -35.196465], [150.701169, -35.196422], [150.701222, -35.196337], [150.701275, -35.196208], [150.701329, -35.195951], [150.701399, -35.195865], [150.701417, -35.19578], [150.702359, -35.19567], [150.702483, -35.195427], [150.702518, -35.195385], [150.702642, -35.195099], [150.702643, -35.194927], [150.702678, -35.19487], [150.70261, -35.194727], [150.702472, -35.194525], [150.702351, -35.194382], [150.702456, -35.194325], [150.70284, -35.194241], [150.703346, -35.194072], [150.70366, -35.193959], [150.703766, -35.193874], [150.704272, -35.193633], [150.70464, -35.193363], [150.704676, -35.193306], [150.704816, -35.193177], [150.705081, -35.192735], [150.705134, -35.19265], [150.705328, -35.192307], [150.705573, -35.19205], [150.70573, -35.192008], [150.706027, -35.19191], [150.706254, -35.191882], [150.706882, -35.191742], [150.707057, -35.191657], [150.707441, -35.191502], [150.707511, -35.191459], [150.707616, -35.191345], [150.707634, -35.19136], [150.707739, -35.19126], [150.707757, -35.191217], [150.707897, -35.191089], [150.70776, -35.190773], [150.707639, -35.190672], [150.707605, -35.190544], [150.707658, -35.190458], [150.707798, -35.190373], [150.707991, -35.19023], [150.708095, -35.190174], [150.708182, -35.19016], [150.708339, -35.190189], [150.708531, -35.19009], [150.708637, -35.18999], [150.708672, -35.189876], [150.708795, -35.189719], [150.708796, -35.189648], [150.708884, -35.189519], [150.709564, -35.189365], [150.710285, -35.18851], [150.71032, -35.188482], [150.71046, -35.188282], [150.710531, -35.188225], [150.710742, -35.187797], [150.710778, -35.187625], [150.710763, -35.187339], [150.710747, -35.18721], [150.710801, -35.186981], [150.710767, -35.186809], [150.710409, -35.18582], [150.710392, -35.185719], [150.710585, -35.185606], [150.710968, -35.185608], [150.711211, -35.185652], [150.711281, -35.185652], [150.711472, -35.185624], [150.711612, -35.185625], [150.712102, -35.185298], [150.712211, -35.184655], [150.712247, -35.184555], [150.712249, -35.184283], [150.712267, -35.184211], [150.712302, -35.184154], [150.712373, -35.183969], [150.712583, -35.183755], [150.712619, -35.183698], [150.712707, -35.183612], [150.712882, -35.183413], [150.71304, -35.183285], [150.713057, -35.183313], [150.713197, -35.1832], [150.71325, -35.183171], [150.713443, -35.182986], [150.713775, -35.182745], [150.714142, -35.182575], [150.71416, -35.182532], [150.714912, -35.182049], [150.715053, -35.181935], [150.715263, -35.181793], [150.715507, -35.18168], [150.715647, -35.181652], [150.715769, -35.181581], [150.716206, -35.181397], [150.716258, -35.18134], [150.716574, -35.181055], [150.716907, -35.180828], [150.717379, -35.180487], [150.717556, -35.180173], [150.717749, -35.179944], [150.717994, -35.179745], [150.718204, -35.179632], [150.718344, -35.179475], [150.718643, -35.179205], [150.72037, -35.178726], [150.720422, -35.178727], [150.72051, -35.178655], [150.720772, -35.178485], [150.721141, -35.178129], [150.721651, -35.17733], [150.721864, -35.17683], [150.721917, -35.176759], [150.72197, -35.176644], [150.72227, -35.176145], [150.723648, -35.175722], [150.724142, -35.17488], [150.723779, -35.174549], [150.723727, -35.174463], [150.723815, -35.174306], [150.723938, -35.174178], [150.724309, -35.173507], [150.724519, -35.173236], [150.724625, -35.173093], [150.724694, -35.173079], [150.724729, -35.173036], [150.724869, -35.172951], [150.725166, -35.172881], [150.725584, -35.172854], [150.726298, -35.172887], [150.72642, -35.172887], [150.727168, -35.172962], [150.728351, -35.173097], [150.728681, -35.17317], [150.728837, -35.173257], [150.729044, -35.173559], [150.729095, -35.173759], [150.729232, -35.174103], [150.729369, -35.174333], [150.729456, -35.174448], [150.729508, -35.174477], [150.729611, -35.174606], [150.729732, -35.174707], [150.730149, -35.174924], [150.730878, -35.175156], [150.731087, -35.1752], [150.731069, -35.175258], [150.730999, -35.175357], [150.730876, -35.175428], [150.730806, -35.175485], [150.730806, -35.175514], [150.730892, -35.175729], [150.730978, -35.175815], [150.731396, -35.175817], [150.731483, -35.175861], [150.731673, -35.175976], [150.731637, -35.176162], [150.731601, -35.176305], [150.731426, -35.17649], [150.731216, -35.176661], [150.730938, -35.176617], [150.730676, -35.17673], [150.730548, -35.177445], [150.730512, -35.177674], [150.730529, -35.177746], [150.730545, -35.177889], [150.730579, -35.178061], [150.730578, -35.178147], [150.730595, -35.178218], [150.730594, -35.178404], [150.730663, -35.178534], [150.730835, -35.178763], [150.730992, -35.178779], [150.731183, -35.178822], [150.73207, -35.178927], [150.732401, -35.178929], [150.732523, -35.178958], [150.732836, -35.179002], [150.733288, -35.179076], [150.733913, -35.179294], [150.734035, -35.179309], [150.734209, -35.179309], [150.734732, -35.179283], [150.734889, -35.179313], [150.735236, -35.179429], [150.735323, -35.179487], [150.73579, -35.179875], [150.735929, -35.179876], [150.736086, -35.179862], [150.736208, -35.179863], [150.736347, -35.179907], [150.736799, -35.180023], [150.737008, -35.180024], [150.737443, -35.180084], [150.738088, -35.18003], [150.738175, -35.179987], [150.738821, -35.179818], [150.738856, -35.179761], [150.739031, -35.179619], [150.739155, -35.179348], [150.73933, -35.179148], [150.739366, -35.179048], [150.739349, -35.178905], [150.739367, -35.178848], [150.73935, -35.178776], [150.73937, -35.178418], [150.739442, -35.178104], [150.739462, -35.177832], [150.739479, -35.17776], [150.739481, -35.177546], [150.739848, -35.177333], [150.739918, -35.177261], [150.740233, -35.177077], [150.740724, -35.176592], [150.740794, -35.17655], [150.740934, -35.176407], [150.741128, -35.176165], [150.741233, -35.176065], [150.741321, -35.175951], [150.741373, -35.175908], [150.741409, -35.175823], [150.741427, -35.175651], [150.741445, -35.175579], [150.741481, -35.175494], [150.741481, -35.175465], [150.74197, -35.17521], [150.742458, -35.175141], [150.742511, -35.175141], [150.742807, -35.175114], [150.743033, -35.1751], [150.74312, -35.175086], [150.743661, -35.175003], [150.743713, -35.175003], [150.744044, -35.174933], [150.744824, -35.175395], [150.745016, -35.17541], [150.745643, -35.175356], [150.745765, -35.175328], [150.746167, -35.175158], [150.746468, -35.174487], [150.746211, -35.173756], [150.746493, -35.173399], [150.746789, -35.173357], [150.747033, -35.173359], [150.747329, -35.173331], [150.747451, -35.173303], [150.747783, -35.173133], [150.74787, -35.173105], [150.748358, -35.173007], [150.748533, -35.172994], [150.748568, -35.172951], [150.74862, -35.172951], [150.7489, -35.172766], [150.748917, -35.172752], [150.748988, -35.172681], [150.749094, -35.172467], [150.749129, -35.172424], [150.749654, -35.172011], [150.749852, -35.171067], [150.749992, -35.170968], [150.750167, -35.170797], [150.750464, -35.170655], [150.750447, -35.170626], [150.750762, -35.170427], [150.751025, -35.170099], [150.751304, -35.170101], [150.751478, -35.170059], [150.751828, -35.169788], [150.752161, -35.169575], [150.752335, -35.169547], [150.752439, -35.169548], [150.752753, -35.169535], [150.752805, -35.169549], [150.752857, -35.169535], [150.753255, -35.169924], [150.753359, -35.169996], [150.753603, -35.170026], [150.753846, -35.170098], [150.753879, -35.170413], [150.753861, -35.170471], [150.753912, -35.170585], [150.753999, -35.170743], [150.754207, -35.170744], [150.754869, -35.170762], [150.755129, -35.170863], [150.7556, -35.170751], [150.755777, -35.170408], [150.755882, -35.170251], [150.755935, -35.170137], [150.756129, -35.169808], [150.756217, -35.169637], [150.756218, -35.169565], [150.756254, -35.169451], [150.756306, -35.169351], [150.756447, -35.169209], [150.756935, -35.169082], [150.757005, -35.169011], [150.757234, -35.16864], [150.757427, -35.168455], [150.757427, -35.168426], [150.757603, -35.168169], [150.757726, -35.167969], [150.757762, -35.167826], [150.757763, -35.16774], [150.757729, -35.167554], [150.757608, -35.167496], [150.757398, -35.167524], [150.756298, -35.168063], [150.756245, -35.168077], [150.756158, -35.168134], [150.755669, -35.168332], [150.75553, -35.16836], [150.755477, -35.168345], [150.75539, -35.168345], [150.755148, -35.168215], [150.75487, -35.16807], [150.754766, -35.167998], [150.75468, -35.167869], [150.75468, -35.167826], [150.754663, -35.167755], [150.754664, -35.167683], [150.754681, -35.167654], [150.75496, -35.167684], [150.755168, -35.167785], [150.755463, -35.167844], [150.755707, -35.167831], [150.755916, -35.167818], [150.756283, -35.167719], [150.757226, -35.167251], [150.757383, -35.167209], [150.757488, -35.167166], [150.757557, -35.167181], [150.757662, -35.16721], [150.757749, -35.167168], [150.757767, -35.16711], [150.757925, -35.166925], [150.758031, -35.166639], [150.758067, -35.166482], [150.758016, -35.166253], [150.758054, -35.165895], [150.758108, -35.165652], [150.758302, -35.165209], [150.758373, -35.165124], [150.758583, -35.164838], [150.758636, -35.164752], [150.758952, -35.16431], [150.759094, -35.164053], [150.759375, -35.163611], [150.759534, -35.163339], [150.759639, -35.163254], [150.759919, -35.163055], [150.760041, -35.16297], [150.760356, -35.162785], [150.760356, -35.162699], [150.760409, -35.162642], [150.760481, -35.16227], [150.760362, -35.161941], [150.76031, -35.161883], [150.760224, -35.161697], [150.76026, -35.161568], [150.760278, -35.16141], [150.760402, -35.161053], [150.760232, -35.160566], [150.760583, -35.160124], [150.760583, -35.160052], [150.760602, -35.159923], [150.760569, -35.159565], [150.760552, -35.159494], [150.760398, -35.159206], [150.760293, -35.159206], [150.760206, -35.159177], [150.759562, -35.159131], [150.759267, -35.159015], [150.758833, -35.158813], [150.758555, -35.158754], [150.758398, -35.158739], [150.758138, -35.158666], [150.757965, -35.158523], [150.757811, -35.158035], [150.757971, -35.157649], [150.758059, -35.157535], [150.758217, -35.157264], [150.758395, -35.156664], [150.758206, -35.156305], [150.758103, -35.156118], [150.758104, -35.156047], [150.75807, -35.155889], [150.758088, -35.155818], [150.758089, -35.15566], [150.758124, -35.155574], [150.758194, -35.155489], [150.758317, -35.155346], [150.75837, -35.155246], [150.758493, -35.155089], [150.758511, -35.155047], [150.758494, -35.154918], [150.758513, -35.154703], [150.758566, -35.15456], [150.758672, -35.154346], [150.758725, -35.154289], [150.758743, -35.154246], [150.759023, -35.153904], [150.759355, -35.153776], [150.759425, -35.153734], [150.759878, -35.153578], [150.760053, -35.153551], [150.760244, -35.153523], [150.760558, -35.153453], [150.760628, -35.153467], [150.760785, -35.153439], [150.760889, -35.153397], [150.761029, -35.153383], [150.761168, -35.153355], [150.761377, -35.153256], [150.761656, -35.1532], [150.761726, -35.153172], [150.761901, -35.153144], [150.761953, -35.153116], [150.762268, -35.152859], [150.762425, -35.152803], [150.76246, -35.15276], [150.7626, -35.152675], [150.762601, -35.152575], [150.762483, -35.151973], [150.762627, -35.151258], [150.762214, -35.150626], [150.762162, -35.150583], [150.762024, -35.150368], [150.761872, -35.149708], [150.761855, -35.149579], [150.761804, -35.149436], [150.761777, -35.148305], [150.761885, -35.147704], [150.761994, -35.147061], [150.762013, -35.146803], [150.76212, -35.14636], [150.762138, -35.146331], [150.762138, -35.146274], [150.762191, -35.146217], [150.762511, -35.145302], [150.762376, -35.144543], [150.762361, -35.144228], [150.762293, -35.144027], [150.76226, -35.143812], [150.762263, -35.143283], [150.762701, -35.142913], [150.762929, -35.142685], [150.763016, -35.142613], [150.763191, -35.142428], [150.763244, -35.142371], [150.763367, -35.142214], [150.763543, -35.141957], [150.763578, -35.141857], [150.763597, -35.1417], [150.7636, -35.141256], [150.763794, -35.140785], [150.763935, -35.140613], [150.764197, -35.140386], [150.764531, -35.139958], [150.764952, -35.139487], [150.764935, -35.139444], [150.764936, -35.139344], [150.764748, -35.138685], [150.764645, -35.138498], [150.764576, -35.138426], [150.764439, -35.138211], [150.764352, -35.138139], [150.764232, -35.137809], [150.764198, -35.13768], [150.764181, -35.137594], [150.764131, -35.137322], [150.76415, -35.137122], [150.764205, -35.136692], [150.764418, -35.136078], [150.764682, -35.135635], [150.765013, -35.13558], [150.76531, -35.135409], [150.765468, -35.135167], [150.765575, -35.134838], [150.765489, -35.134608], [150.765438, -35.134522], [150.765369, -35.134393], [150.765265, -35.134321], [150.765179, -35.134235], [150.76504, -35.134177], [150.764517, -35.134346], [150.764081, -35.134401], [150.763839, -35.134128], [150.763687, -35.133498], [150.763723, -35.133269], [150.763741, -35.133226], [150.763742, -35.133126], [150.763847, -35.132969], [150.764213, -35.132899], [150.764283, -35.132899], [150.764387, -35.132871], [150.764458, -35.132728], [150.764511, -35.132571], [150.764494, -35.132442], [150.76453, -35.132242], [150.764479, -35.132142], [150.764496, -35.132099], [150.764428, -35.131855], [150.764167, -35.131854], [150.76408, -35.131882], [150.764027, -35.131953], [150.763958, -35.131939], [150.763838, -35.131795], [150.763803, -35.13168], [150.763804, -35.131566], [150.763822, -35.131451], [150.763875, -35.131251], [150.763981, -35.131051], [150.764069, -35.130923], [150.764193, -35.130723], [150.764385, -35.130566], [150.764665, -35.130324], [150.764928, -35.130011], [150.765069, -35.129797], [150.765087, -35.129739], [150.765175, -35.129511], [150.765211, -35.129325], [150.765249, -35.128867], [150.76513, -35.128394], [150.765777, -35.127982], [150.765554, -35.12748]]], [[[150.772739, -35.118276], [150.7726, -35.118276], [150.772565, -35.118247], [150.772565, -35.118204], [150.7726, -35.118176], [150.772652, -35.118176], [150.772704, -35.118133], [150.772687, -35.117804], [150.7726, -35.11766], [150.7726, -35.117446], [150.772653, -35.117374], [150.772705, -35.117374], [150.772757, -35.117331], [150.772757, -35.117231], [150.772688, -35.117117], [150.772549, -35.117016], [150.772479, -35.116916], [150.772462, -35.11653], [150.77241, -35.116315], [150.77241, -35.116243], [150.772463, -35.116201], [150.772463, -35.115886], [150.772289, -35.1158], [150.772289, -35.115757], [150.772376, -35.115614], [150.77248, -35.115542], [150.772446, -35.115428], [150.772376, -35.11537], [150.772324, -35.115356], [150.772202, -35.115499], [150.772167, -35.115499], [150.772028, -35.115313], [150.772028, -35.115098], [150.772063, -35.11507], [150.772081, -35.114955], [150.772029, -35.114869], [150.771924, -35.114812], [150.771838, -35.114726], [150.771838, -35.114655], [150.77189, -35.114526], [150.771855, -35.11444], [150.771734, -35.114354], [150.771455, -35.114383], [150.771386, -35.114297], [150.771386, -35.114239], [150.77149, -35.114197], [150.77156, -35.114125], [150.771542, -35.114025], [150.771421, -35.113925], [150.771421, -35.113882], [150.771508, -35.113867], [150.771525, -35.113839], [150.771491, -35.113781], [150.771386, -35.113696], [150.771282, -35.113724], [150.770951, -35.113681], [150.770778, -35.113567], [150.770691, -35.113567], [150.770621, -35.113495], [150.770621, -35.113452], [150.770726, -35.113309], [150.770708, -35.113166], [150.7705, -35.113051], [150.770309, -35.113008], [150.770204, -35.112951], [150.770135, -35.112951], [150.770048, -35.112894], [150.769979, -35.112765], [150.769857, -35.112679], [150.769665, -35.112693], [150.769196, -35.112435], [150.768396, -35.112321], [150.76831, -35.112335], [150.768205, -35.112406], [150.768188, -35.112449], [150.768222, -35.112492], [150.768222, -35.112564], [150.768118, -35.112707], [150.7681, -35.112793], [150.768031, -35.11285], [150.767927, -35.112836], [150.767787, -35.112979], [150.767718, -35.113122], [150.767596, -35.113208], [150.767544, -35.113294], [150.767544, -35.113351], [150.767578, -35.113379], [150.767665, -35.113379], [150.767717, -35.113422], [150.767769, -35.113623], [150.767752, -35.113837], [150.767821, -35.113909], [150.767943, -35.113838], [150.768013, -35.113909], [150.767995, -35.113995], [150.76796, -35.114024], [150.767804, -35.114038], [150.767682, -35.114124], [150.767438, -35.114138], [150.767265, -35.114238], [150.767091, -35.114267], [150.767056, -35.114381], [150.767021, -35.11441], [150.767032, -35.114435], [150.766934, -35.114395], [150.766899, -35.114424], [150.766847, -35.114553], [150.766847, -35.114725], [150.766916, -35.114911], [150.76702, -35.114982], [150.767038, -35.115168], [150.766996, -35.115214], [150.766794, -35.115211], [150.766655, -35.115297], [150.766568, -35.115311], [150.766516, -35.115354], [150.766498, -35.115512], [150.766394, -35.115526], [150.766325, -35.115469], [150.766151, -35.115426], [150.766064, -35.115468], [150.765994, -35.11554], [150.765959, -35.11564], [150.765698, -35.115912], [150.765715, -35.115998], [150.765785, -35.116069], [150.765785, -35.116141], [150.765611, -35.11637], [150.765611, -35.116441], [150.765681, -35.116513], [150.765663, -35.116599], [150.765385, -35.116856], [150.765332, -35.116856], [150.764984, -35.1171], [150.764984, -35.117143], [150.765054, -35.117228], [150.765054, -35.117314], [150.765002, -35.117372], [150.764845, -35.117371], [150.764671, -35.117518], [150.764636, -35.117472], [150.764549, -35.117457], [150.764497, -35.117486], [150.76441, -35.117686], [150.76441, -35.117758], [150.764462, -35.117872], [150.764462, -35.118001], [150.764322, -35.118373], [150.764374, -35.118731], [150.764357, -35.118989], [150.764287, -35.119117], [150.764287, -35.119203], [150.764391, -35.119332], [150.764356, -35.11969], [150.764547, -35.119833], [150.764634, -35.119948], [150.764634, -35.120119], [150.764686, -35.120248], [150.764686, -35.120363], [150.764616, -35.120434], [150.764599, -35.12052], [150.764703, -35.120706], [150.764877, -35.120792], [150.764946, -35.120907], [150.764998, -35.121078], [150.764981, -35.121236], [150.76505, -35.12135], [150.76505, -35.121493], [150.764998, -35.121565], [150.764824, -35.121651], [150.764772, -35.121722], [150.764806, -35.121837], [150.764737, -35.121894], [150.764684, -35.122009], [150.764684, -35.122094], [150.764737, -35.122123], [150.764928, -35.122109], [150.76498, -35.122195], [150.764928, -35.122309], [150.764962, -35.122395], [150.765066, -35.122353], [150.765154, -35.122467], [150.765223, -35.122452], [150.765362, -35.122581], [150.765362, -35.122639], [150.765258, -35.122753], [150.765223, -35.122839], [150.765031, -35.122968], [150.765084, -35.123139], [150.765042, -35.123254], [150.76495, -35.123347], [150.764889, -35.123382], [150.764829, -35.123442], [150.764817, -35.123611], [150.764849, -35.123697], [150.765126, -35.123785], [150.765196, -35.123799], [150.765457, -35.1238], [150.765632, -35.123744], [150.765684, -35.123744], [150.765771, -35.123687], [150.765894, -35.123602], [150.766023, -35.123428], [150.766127, -35.123369], [150.766231, -35.123226], [150.766196, -35.123183], [150.766127, -35.123183], [150.766057, -35.123111], [150.766179, -35.122968], [150.76611, -35.122925], [150.765953, -35.122939], [150.765849, -35.122896], [150.76578, -35.122839], [150.76578, -35.122739], [150.765832, -35.122682], [150.766041, -35.122667], [150.76611, -35.12261], [150.766128, -35.12251], [150.766302, -35.122439], [150.76651, -35.122582], [150.766701, -35.12251], [150.766875, -35.12251], [150.767188, -35.122568], [150.767275, -35.12251], [150.767362, -35.12251], [150.767605, -35.122697], [150.767779, -35.122725], [150.767884, -35.122597], [150.768058, -35.122711], [150.768353, -35.122826], [150.768388, -35.122883], [150.768388, -35.122983], [150.768475, -35.123055], [150.768701, -35.123055], [150.76877, -35.123012], [150.768858, -35.123012], [150.76891, -35.122969], [150.769066, -35.122983], [150.76917, -35.123098], [150.769379, -35.123112], [150.769466, -35.123026], [150.769657, -35.123055], [150.769779, -35.123012], [150.76997, -35.123012], [150.77004, -35.122941], [150.770023, -35.122898], [150.770057, -35.122869], [150.770336, -35.123012], [150.770527, -35.122998], [150.770614, -35.122927], [150.770614, -35.122827], [150.770684, -35.122769], [150.770805, -35.122769], [150.770927, -35.122712], [150.771119, -35.122526], [150.77131, -35.122583], [150.771362, -35.122541], [150.77138, -35.12244], [150.771258, -35.122197], [150.771258, -35.122125], [150.771362, -35.12204], [150.771571, -35.121982], [150.771606, -35.121939], [150.771606, -35.121811], [150.771711, -35.121753], [150.771763, -35.121753], [150.771867, -35.121625], [150.771867, -35.121539], [150.771815, -35.121439], [150.771972, -35.121367], [150.772111, -35.121253], [150.772146, -35.121081], [150.772302, -35.121009], [150.772337, -35.120895], [150.772302, -35.12078], [150.772494, -35.120523], [150.772424, -35.120279], [150.772477, -35.120208], [150.772616, -35.120165], [150.772564, -35.120008], [150.772703, -35.119865], [150.772703, -35.119707], [150.772756, -35.119564], [150.772721, -35.119449], [150.772738, -35.119335], [150.772669, -35.119249], [150.772547, -35.119192], [150.772495, -35.119092], [150.77253, -35.119034], [150.772669, -35.119034], [150.772756, -35.118977], [150.772774, -35.118834], [150.772669, -35.11872], [150.772669, -35.118648], [150.772826, -35.118505], [150.772826, -35.118347], [150.772739, -35.118276]]], [[[150.695127, -35.182406], [150.694939, -35.182408], [150.694308, -35.182416], [150.694131, -35.182845], [150.693885, -35.183087], [150.693657, -35.183343], [150.693586, -35.183529], [150.693549, -35.183758], [150.693756, -35.184031], [150.693809, -35.184046], [150.694083, -35.184562], [150.694378, -35.184678], [150.6945, -35.184693], [150.694762, -35.18468], [150.694886, -35.184309], [150.694835, -35.184194], [150.694836, -35.184037], [150.694907, -35.183894], [150.695136, -35.183552], [150.69524, -35.183552], [150.695555, -35.183382], [150.695663, -35.182967], [150.695127, -35.182406]]]]}}]}