{"type": "FeatureCollection", "features": [{"type": "Feature", "properties": {"index": "CANB", "division": "Canberra", "state": "Australian Capital Territory", "year": "2005", "proclaimed": "20051209", "quota": "114630", "electors": "119422", "deviation": ""}, "geometry": {"type": "Polygon", "coordinates": [[[149.109385, -35.284322], [149.109173, -35.284283], [149.109053, -35.284231], [149.108953, -35.284184], [149.108821, -35.284172], [149.108715, -35.284147], [149.108536, -35.284112], [149.108351, -35.284072], [149.10812, -35.284066], [149.107922, -35.284047], [149.107739, -35.284099], [149.107656, -35.284182], [149.107539, -35.284254], [149.107381, -35.284278], [149.107264, -35.284313], [149.107099, -35.28431], [149.107008, -35.284344], [149.106903, -35.284373], [149.106758, -35.284365], [149.106678, -35.284318], [149.106591, -35.284292], [149.106513, -35.28431], [149.10633, -35.284356], [149.106153, -35.284413], [149.105989, -35.284416], [149.105811, -35.284397], [149.105572, -35.284348], [149.105459, -35.284285], [149.105319, -35.284233], [149.105243, -35.284211], [149.105206, -35.284197], [149.105055, -35.284189], [149.104917, -35.284213], [149.104859, -35.284257], [149.104769, -35.284356], [149.1046, -35.284451], [149.104418, -35.284524], [149.104255, -35.284597], [149.104144, -35.284626], [149.103979, -35.284629], [149.103834, -35.284632], [149.103717, -35.284666], [149.103653, -35.284737], [149.103536, -35.284793], [149.103465, -35.284859], [149.103388, -35.284942], [149.10322, -35.285042], [149.103116, -35.28513], [149.103094, -35.285211], [149.103074, -35.285282], [149.102991, -35.285408], [149.102863, -35.285534], [149.102697, -35.285743], [149.102667, -35.285835], [149.102603, -35.285922], [149.102573, -35.286025], [149.102529, -35.286145], [149.102453, -35.286238], [149.102419, -35.286438], [149.102389, -35.286579], [149.102387, -35.286752], [149.102365, -35.286915], [149.102322, -35.28705], [149.102288, -35.28724], [149.1022, -35.287382], [149.10209, -35.287481], [149.101993, -35.287558], [149.10195, -35.28764], [149.101925, -35.28771], [149.101946, -35.28778], [149.101936, -35.287909], [149.101926, -35.288012], [149.101897, -35.288158], [149.101886, -35.28825], [149.101797, -35.288376], [149.101714, -35.288475], [149.10163, -35.288557], [149.101592, -35.288617], [149.101608, -35.288725], [149.101598, -35.288844], [149.101549, -35.288974], [149.101559, -35.289114], [149.101577, -35.289276], [149.101586, -35.2894], [149.101596, -35.289519], [149.101624, -35.289599], [149.10166, -35.28969], [149.101682, -35.289803], [149.101717, -35.289884], [149.101791, -35.289953], [149.101867, -35.290065], [149.101942, -35.290182], [149.101991, -35.29031], [149.101977, -35.290385], [149.101952, -35.290455], [149.101949, -35.290574], [149.101978, -35.290665], [149.102025, -35.290713], [149.102041, -35.290805], [149.102076, -35.290901], [149.102112, -35.291009], [149.102178, -35.291045], [149.102252, -35.291109], [149.102267, -35.291173], [149.102327, -35.291199], [149.102362, -35.291264], [149.102377, -35.29135], [149.102405, -35.291414], [149.102434, -35.291494], [149.102397, -35.291603], [149.10238, -35.291706], [149.102337, -35.29182], [149.102319, -35.291907], [149.102282, -35.29201], [149.102233, -35.292135], [149.102262, -35.292259], [149.102265, -35.292367], [149.102261, -35.292437], [149.102235, -35.292481], [149.102231, -35.292589], [149.102248, -35.292718], [149.102257, -35.292826], [149.102248, -35.292977], [149.102206, -35.293129], [149.102188, -35.293216], [149.102105, -35.293309], [149.102028, -35.293397], [149.101938, -35.29349], [149.10189, -35.293531], [149.101882, -35.293604], [149.101878, -35.293685], [149.10188, -35.293772], [149.101849, -35.293869], [149.10178, -35.293973], [149.101696, -35.294072], [149.1016, -35.294171], [149.10151, -35.294221], [149.101406, -35.294277], [149.101267, -35.294285], [149.101169, -35.294302], [149.100997, -35.294284], [149.100872, -35.294286], [149.100747, -35.294272], [149.100654, -35.294241], [149.100568, -35.294243], [149.100436, -35.294229], [149.100323, -35.294193], [149.100177, -35.294147], [149.100064, -35.294106], [149.099997, -35.294053], [149.099949, -35.293967], [149.099907, -35.293882], [149.099853, -35.293834], [149.09976, -35.293803], [149.099648, -35.293794], [149.099581, -35.293774], [149.099501, -35.293716], [149.099467, -35.293668], [149.099491, -35.293603], [149.099489, -35.293527], [149.099442, -35.293496], [149.099383, -35.29347], [149.099336, -35.293433], [149.099328, -35.29339], [149.099346, -35.293341], [149.099378, -35.293292], [149.099402, -35.29321], [149.099414, -35.293161], [149.099374, -35.29314], [149.099315, -35.293141], [149.099288, -35.29311], [149.099232, -35.292997], [149.099196, -35.29289], [149.099188, -35.292809], [149.099166, -35.292734], [149.099211, -35.292674], [149.099195, -35.292571], [149.099134, -35.292524], [149.099062, -35.29252], [149.099001, -35.292483], [149.098962, -35.292487], [149.098881, -35.292402], [149.098754, -35.29235], [149.098607, -35.292272], [149.098493, -35.292182], [149.098439, -35.292124], [149.098352, -35.292087], [149.098324, -35.292023], [149.098343, -35.291985], [149.098316, -35.291929], [149.098287, -35.291862], [149.098298, -35.291791], [149.098336, -35.29172], [149.098388, -35.291676], [149.098446, -35.291648], [149.098558, -35.291635], [149.098652, -35.29165], [149.098704, -35.291687], [149.098745, -35.291751], [149.098812, -35.291788], [149.098919, -35.291829], [149.099079, -35.291812], [149.099207, -35.29177], [149.099402, -35.291669], [149.09953, -35.291548], [149.099599, -35.291412], [149.099629, -35.291277], [149.099604, -35.291072], [149.099553, -35.290911], [149.099444, -35.290735], [149.099362, -35.29065], [149.099314, -35.290564], [149.099279, -35.290473], [149.09921, -35.290372], [149.099123, -35.290298], [149.099055, -35.290229], [149.099019, -35.290121], [149.099024, -35.29004], [149.099074, -35.289942], [149.099131, -35.289866], [149.099187, -35.289735], [149.099217, -35.289605], [149.099189, -35.289535], [149.099173, -35.289444], [149.09921, -35.289324], [149.09926, -35.289231], [149.099312, -35.289204], [149.099324, -35.289155], [149.099284, -35.289139], [149.09925, -35.289097], [149.099267, -35.288999], [149.099362, -35.288863], [149.099425, -35.288743], [149.0995, -35.28859], [149.099549, -35.288433], [149.099546, -35.288314], [149.099576, -35.288233], [149.099626, -35.288113], [149.099683, -35.288023], [149.099733, -35.28793], [149.099757, -35.287843], [149.099755, -35.287746], [149.099754, -35.287698], [149.099808, -35.287513], [149.099857, -35.287345], [149.099884, -35.287139], [149.099866, -35.286945], [149.099828, -35.286751], [149.099736, -35.286504], [149.099643, -35.286225], [149.099536, -35.286173], [149.099422, -35.286089], [149.099341, -35.285982], [149.099285, -35.285859], [149.099281, -35.285718], [149.099252, -35.2856], [149.099171, -35.285553], [149.099059, -35.285522], [149.098887, -35.285509], [149.098688, -35.285469], [149.09851, -35.28544], [149.098286, -35.285433], [149.09812, -35.285404], [149.098049, -35.285362], [149.097867, -35.285357], [149.097715, -35.285376], [149.097492, -35.285371], [149.097299, -35.285383], [149.097086, -35.285387], [149.096884, -35.285399], [149.09667, -35.285377], [149.096497, -35.28538], [149.096275, -35.285417], [149.096062, -35.285421], [149.095859, -35.285425], [149.095707, -35.285436], [149.095517, -35.285522], [149.095335, -35.285534], [149.095203, -35.285577], [149.094971, -35.285598], [149.094758, -35.28561], [149.094575, -35.285605], [149.094413, -35.285616], [149.094253, -35.285685], [149.094172, -35.285728], [149.094001, -35.285765], [149.093788, -35.285768], [149.093647, -35.285804], [149.093424, -35.285816], [149.093231, -35.285811], [149.09304, -35.285864], [149.092746, -35.285878], [149.092625, -35.28593], [149.092483, -35.285941], [149.092313, -35.286035], [149.092126, -35.286238], [149.091283, -35.286219], [149.090968, -35.286192], [149.090704, -35.286188], [149.090448, -35.286109], [149.090241, -35.28593], [149.090137, -35.285857], [149.089963, -35.285793], [149.089881, -35.285736], [149.089778, -35.285688], [149.089667, -35.285707], [149.089451, -35.285619], [149.089315, -35.285463], [149.089244, -35.285335], [149.089084, -35.2853], [149.088797, -35.285202], [149.088568, -35.285168], [149.088464, -35.285152], [149.08849, -35.285263], [149.08856, -35.285328], [149.088675, -35.285363], [149.088813, -35.285398], [149.088905, -35.285443], [149.088895, -35.285481], [149.08884, -35.285566], [149.08874, -35.28568], [149.088571, -35.285739], [149.088467, -35.285713], [149.088272, -35.28567], [149.088212, -35.28553], [149.08803, -35.28515], [149.087895, -35.285208], [149.087817, -35.285275], [149.087796, -35.285332], [149.087938, -35.285554], [149.088029, -35.285777], [149.088048, -35.285842], [149.088004, -35.28589], [149.087993, -35.285927], [149.088052, -35.286001], [149.088102, -35.286169], [149.088082, -35.286244], [149.088084, -35.286328], [149.088258, -35.286465], [149.088398, -35.286585], [149.088516, -35.286732], [149.088611, -35.286853], [149.08874, -35.286981], [149.088916, -35.287194], [149.089021, -35.287285], [149.089035, -35.287388], [149.089062, -35.287519], [149.089085, -35.287546], [149.089223, -35.287591], [149.089191, -35.287685], [149.089092, -35.287808], [149.088992, -35.287913], [149.088872, -35.288049], [149.088763, -35.288238], [149.088651, -35.288324], [149.088583, -35.288334], [149.088432, -35.288206], [149.088324, -35.287965], [149.088366, -35.287862], [149.088295, -35.28776], [149.088194, -35.287799], [149.087988, -35.287765], [149.087792, -35.287685], [149.087529, -35.287643], [149.087345, -35.287552], [149.087218, -35.287517], [149.087117, -35.287556], [149.087084, -35.287622], [149.086905, -35.287747], [149.086738, -35.287871], [149.086672, -35.287984], [149.086606, -35.288079], [149.086517, -35.288164], [149.086406, -35.28825], [149.086203, -35.288347], [149.086012, -35.288435], [149.085877, -35.288521], [149.085857, -35.288615], [149.085872, -35.288764], [149.085921, -35.288903], [149.085902, -35.289034], [149.085838, -35.289194], [149.085694, -35.28933], [149.085471, -35.289484], [149.085235, -35.289638], [149.085146, -35.289752], [149.085091, -35.289846], [149.085104, -35.289902], [149.085185, -35.289948], [149.085416, -35.290019], [149.085715, -35.290107], [149.085923, -35.290197], [149.086073, -35.290251], [149.086143, -35.290306], [149.08617, -35.290465], [149.086148, -35.290531], [149.086036, -35.290598], [149.085981, -35.290693], [149.085974, -35.290861], [149.085896, -35.290947], [149.085796, -35.291024], [149.085751, -35.291081], [149.085683, -35.291091], [149.085647, -35.291026], [149.085601, -35.290999], [149.085433, -35.291142], [149.085153, -35.291363], [149.084919, -35.291573], [149.084808, -35.291724], [149.084708, -35.29182], [149.084677, -35.291933], [149.084693, -35.292109], [149.084675, -35.292306], [149.084542, -35.292477], [149.084385, -35.292611], [149.084297, -35.292715], [149.084291, -35.292921], [149.084307, -35.293108], [149.084402, -35.293266], [149.084451, -35.293387], [149.084444, -35.293546], [149.084367, -35.293679], [149.084358, -35.293773], [149.084464, -35.293892], [149.084525, -35.294032], [149.084599, -35.294274], [149.084581, -35.294452], [149.084553, -35.294696], [149.084455, -35.294904], [149.084378, -35.295018], [149.084383, -35.295105], [149.084281, -35.295235], [149.084216, -35.295358], [149.084061, -35.295557], [149.083917, -35.295743], [149.083775, -35.295984], [149.08371, -35.296144], [149.083659, -35.296171], [149.083532, -35.296324], [149.083322, -35.29659], [149.083145, -35.296799], [149.083012, -35.296961], [149.082732, -35.297162], [149.08228, -35.297357], [149.081895, -35.297504], [149.081624, -35.297631], [149.081284, -35.29773], [149.081138, -35.297808], [149.080931, -35.297774], [149.080701, -35.297703], [149.080346, -35.297653], [149.079887, -35.297586], [149.079587, -35.29746], [149.07931, -35.297343], [149.079192, -35.297214], [149.079178, -35.297111], [149.079255, -35.296978], [149.079308, -35.296846], [149.079281, -35.296688], [149.079118, -35.29655], [149.078885, -35.296367], [149.078661, -35.296118], [149.078586, -35.296056], [149.078561, -35.295972], [149.078613, -35.295775], [149.07865, -35.295437], [149.078622, -35.295231], [149.078529, -35.295177], [149.078391, -35.295123], [149.078343, -35.295058], [149.07841, -35.294991], [149.078604, -35.294969], [149.078786, -35.294961], [149.078831, -35.294909], [149.078803, -35.294704], [149.078832, -35.294544], [149.078796, -35.29446], [149.078816, -35.294348], [149.078825, -35.294254], [149.07888, -35.294178], [149.079003, -35.294082], [149.079022, -35.293922], [149.079042, -35.2938], [149.079098, -35.293753], [149.079107, -35.293659], [149.079038, -35.293622], [149.078934, -35.293596], [149.078821, -35.293636], [149.078752, -35.293627], [149.078671, -35.293591], [149.078569, -35.293621], [149.078456, -35.293661], [149.078342, -35.293681], [149.078251, -35.293692], [149.078138, -35.293741], [149.077988, -35.293687], [149.07791, -35.293736], [149.077751, -35.293794], [149.077627, -35.293843], [149.07756, -35.29391], [149.07754, -35.294014], [149.077497, -35.294108], [149.077454, -35.294249], [149.077353, -35.294307], [149.077332, -35.294382], [149.077208, -35.294441], [149.077117, -35.29447], [149.077088, -35.294546], [149.07699, -35.294639], [149.07678, -35.294663], [149.076508, -35.294752], [149.076362, -35.294858], [149.076208, -35.295086], [149.076031, -35.295313], [149.075933, -35.295474], [149.075844, -35.295588], [149.075812, -35.295692], [149.07577, -35.295814], [149.075558, -35.295998], [149.074702, -35.296627], [149.074144, -35.296928], [149.073779, -35.297031], [149.073518, -35.297101], [149.073302, -35.297123], [149.07314, -35.29706], [149.073047, -35.296968], [149.072964, -35.296885], [149.072781, -35.296823], [149.072575, -35.296817], [149.072397, -35.296875], [149.072292, -35.296944], [149.072283, -35.297019], [149.072319, -35.297084], [149.072286, -35.297141], [149.072265, -35.297216], [149.072303, -35.297356], [149.072364, -35.29752], [149.072493, -35.297634], [149.072548, -35.297783], [149.072523, -35.297906], [149.072514, -35.298019], [149.072343, -35.298089], [149.072162, -35.29809], [149.072014, -35.298112], [149.071878, -35.29817], [149.07165, -35.298165], [149.071421, -35.298131], [149.071328, -35.298067], [149.07126, -35.298078], [149.07125, -35.298143], [149.071322, -35.298283], [149.071303, -35.298433], [149.071247, -35.29849], [149.071172, -35.29853], [149.071123, -35.298567], [149.071204, -35.298603], [149.071353, -35.298629], [149.07148, -35.298655], [149.071515, -35.29871], [149.071513, -35.298787], [149.071268, -35.299047], [149.071385, -35.299102], [149.071382, -35.299205], [149.072123, -35.299583], [149.072162, -35.299603], [149.07208, -35.299699], [149.071693, -35.300312], [149.071214, -35.301032], [149.070947, -35.301925], [149.070907, -35.302552], [149.070894, -35.303245], [149.071094, -35.303925], [149.0712, -35.304604], [149.071187, -35.305404], [149.071147, -35.305831], [149.071125, -35.306044], [149.071046, -35.306804], [149.070899, -35.307329], [149.070032, -35.308759], [149.069238, -35.309614], [149.068066, -35.310506], [149.066966, -35.311252], [149.066001, -35.311826], [149.065058, -35.31242], [149.06395, -35.313128], [149.061946, -35.314016], [149.059452, -35.314804], [149.058562, -35.31514], [149.058062, -35.31544], [149.057662, -35.315973], [149.057329, -35.316423], [149.056296, -35.316956], [149.054463, -35.317339], [149.053247, -35.317782], [149.05318, -35.317806], [149.051781, -35.318106], [149.050221, -35.31846], [149.050111, -35.318528], [149.049797, -35.3186], [149.049151, -35.318714], [149.049081, -35.318757], [149.04854, -35.318871], [149.048086, -35.318942], [149.047807, -35.318942], [149.047441, -35.31887], [149.047104, -35.318651], [149.047074, -35.318598], [149.046778, -35.318355], [149.046534, -35.318025], [149.046499, -35.317882], [149.046517, -35.317553], [149.046482, -35.31731], [149.046448, -35.316537], [149.046379, -35.31595], [149.046326, -35.315706], [149.046292, -35.315678], [149.046257, -35.315492], [149.046135, -35.315148], [149.046107, -35.314897], [149.046217, -35.314491], [149.046549, -35.314112], [149.047023, -35.313567], [149.047639, -35.312287], [149.048113, -35.311339], [149.048231, -35.310486], [149.047947, -35.309704], [149.046952, -35.308969], [149.046123, -35.308543], [149.045246, -35.30814], [149.044559, -35.308045], [149.043857, -35.308115], [149.043611, -35.30814], [149.043303, -35.308258], [149.042703, -35.308577], [149.042284, -35.308848], [149.041621, -35.30912], [149.041237, -35.309234], [149.040573, -35.309362], [149.040503, -35.309405], [149.039927, -35.309505], [149.038741, -35.309504], [149.038095, -35.309404], [149.037903, -35.309346], [149.037624, -35.309217], [149.037335, -35.308967], [149.037325, -35.308893], [149.037317, -35.308833], [149.037397, -35.308663], [149.037447, -35.308043], [149.037427, -35.307563], [149.037547, -35.307223], [149.037777, -35.306993], [149.038567, -35.306684], [149.040086, -35.306204], [149.040292, -35.306052], [149.040609, -35.305819], [149.040822, -35.305684], [149.040961, -35.305627], [149.041258, -35.305398], [149.041817, -35.305141], [149.042123, -35.305033], [149.042795, -35.304841], [149.043318, -35.304756], [149.044017, -35.304555], [149.044296, -35.304441], [149.044837, -35.304155], [149.046234, -35.303913], [149.046531, -35.30377], [149.046985, -35.303441], [149.047247, -35.303327], [149.047439, -35.303269], [149.048172, -35.303155], [149.048224, -35.303112], [149.04833, -35.303102], [149.048414, -35.303093], [149.048676, -35.303076], [149.049075, -35.302956], [149.050057, -35.302685], [149.050342, -35.302601], [149.051011, -35.302439], [149.051481, -35.302285], [149.051971, -35.302161], [149.052329, -35.302021], [149.053223, -35.301523], [149.053418, -35.301236], [149.053604, -35.300816], [149.053534, -35.300341], [149.053192, -35.300194], [149.052725, -35.300263], [149.05259, -35.300267], [149.051909, -35.300123], [149.05088, -35.299708], [149.050374, -35.299564], [149.049956, -35.299378], [149.049485, -35.299005], [149.049118, -35.298834], [149.049066, -35.298834], [149.048142, -35.298346], [149.047165, -35.297931], [149.046974, -35.29777], [149.046321, -35.29684], [149.045945, -35.296484], [149.045875, -35.29647], [149.045779, -35.296391], [149.045317, -35.295926], [149.045244, -35.295791], [149.044657, -35.295187], [149.044224, -35.294884], [149.043766, -35.294408], [149.04333, -35.294049], [149.042929, -35.293634], [149.042632, -35.293462], [149.041983, -35.293211], [149.041706, -35.292679], [149.041159, -35.291328], [149.040668, -35.290235], [149.040612, -35.290183], [149.040601, -35.289892], [149.040613, -35.289294], [149.040583, -35.288383], [149.040522, -35.287897], [149.040431, -35.287639], [149.04037, -35.287199], [149.040331, -35.287105], [149.039978, -35.286264], [149.039796, -35.286089], [149.039775, -35.286076], [149.039722, -35.286108], [149.039631, -35.286197], [149.039377, -35.286399], [149.039266, -35.286472], [149.039228, -35.286489], [149.039198, -35.286498], [149.039165, -35.286502], [149.039121, -35.286501], [149.039079, -35.286492], [149.039048, -35.286479], [149.039013, -35.286458], [149.038689, -35.286175], [149.038665, -35.286155], [149.038623, -35.286126], [149.038587, -35.286105], [149.038559, -35.286091], [149.038531, -35.286079], [149.038506, -35.286069], [149.038469, -35.286058], [149.038437, -35.286051], [149.038393, -35.286047], [149.038349, -35.286048], [149.038306, -35.286054], [149.038254, -35.286069], [149.038187, -35.286098], [149.038174, -35.286108], [149.038141, -35.286137], [149.03812, -35.286162], [149.038093, -35.286209], [149.038082, -35.286247], [149.038076, -35.286292], [149.03808, -35.286334], [149.038212, -35.286999], [149.038047, -35.28701], [149.037848, -35.286039], [149.037555, -35.28551], [149.036209, -35.285262], [149.035282, -35.285817], [149.03485, -35.286452], [149.033726, -35.286285], [149.03366, -35.286427], [149.033168, -35.287436], [149.033181, -35.287545], [149.033234, -35.287587], [149.033478, -35.288074], [149.033517, -35.288107], [149.033781, -35.288468], [149.033757, -35.288969], [149.033684, -35.289238], [149.03327, -35.289301], [149.032935, -35.289548], [149.032888, -35.289649], [149.032794, -35.289827], [149.032635, -35.28995], [149.032387, -35.290105], [149.031778, -35.290326], [149.031546, -35.29035], [149.031008, -35.290228], [149.030436, -35.290011], [149.030073, -35.289789], [149.029864, -35.289603], [149.029724, -35.289489], [149.029602, -35.289302], [149.029463, -35.28903], [149.029475, -35.289001], [149.028882, -35.28782], [149.028247, -35.28677], [149.027873, -35.285981], [149.02774, -35.285594], [149.0272, -35.285135], [149.027008, -35.284892], [149.026886, -35.284663], [149.026834, -35.284248], [149.026835, -35.283861], [149.026966, -35.283426], [149.027527, -35.282397], [149.02779, -35.282033], [149.027973, -35.281789], [149.028319, -35.280791], [149.028401, -35.279691], [149.028248, -35.279386], [149.028034, -35.278958], [149.02724, -35.278693], [149.026731, -35.278551], [149.025835, -35.278388], [149.024837, -35.27851], [149.023686, -35.278704], [149.023439, -35.278835], [149.022671, -35.279407], [149.021658, -35.279892], [149.021274, -35.279978], [149.020838, -35.279978], [149.020663, -35.280021], [149.020489, -35.28012], [149.020426, -35.280147], [149.020365, -35.280242], [149.020266, -35.280337], [149.020141, -35.280401], [149.02013, -35.280474], [149.019965, -35.280464], [149.019825, -35.28042], [149.019616, -35.280406], [149.018883, -35.280091], [149.018413, -35.279818], [149.018327, -35.279726], [149.018274, -35.279613], [149.018156, -35.279359], [149.017938, -35.278797], [149.017769, -35.278257], [149.017717, -35.2782], [149.017752, -35.278043], [149.018103, -35.277056], [149.018103, -35.276955], [149.018243, -35.276569], [149.018332, -35.276101], [149.018506, -35.275167], [149.018645, -35.274176], [149.018488, -35.273027], [149.017827, -35.272331], [149.017357, -35.27207], [149.016765, -35.271791], [149.01553, -35.271704], [149.013929, -35.271896], [149.011754, -35.271774], [149.01123, -35.271828], [149.009795, -35.272031], [149.008615, -35.272104], [149.008026, -35.272109], [149.007886, -35.272137], [149.007625, -35.272079], [149.007402, -35.27197], [149.006641, -35.271446], [149.00516, -35.270187], [149.003983, -35.268913], [149.003931, -35.26887], [149.003827, -35.268669], [149.003653, -35.268111], [149.003654, -35.267882], [149.003636, -35.26771], [149.003584, -35.267553], [149.003585, -35.267281], [149.00355, -35.267066], [149.003551, -35.266851], [149.003577, -35.266804], [149.003721, -35.266648], [149.003657, -35.266412], [149.00356, -35.266035], [149.0035, -35.265859], [149.003394, -35.265547], [149.003406, -35.265409], [149.003371, -35.265221], [149.003275, -35.26506], [149.003209, -35.264836], [149.003237, -35.264748], [149.003186, -35.264548], [149.003073, -35.264312], [149.002899, -35.264064], [149.002803, -35.263865], [149.002847, -35.263777], [149.002843, -35.263614], [149.002744, -35.263327], [149.002678, -35.263115], [149.002628, -35.262967], [149.002501, -35.262757], [149.002465, -35.262557], [149.002458, -35.262442], [149.00246, -35.262331], [149.002484, -35.26208], [149.002417, -35.261831], [149.00232, -35.261632], [149.002178, -35.261446], [149.00205, -35.26121], [149.001954, -35.261011], [149.001844, -35.2609], [149.001687, -35.260703], [149.001652, -35.260553], [149.001573, -35.260441], [149.001384, -35.260206], [149.001207, -35.260076], [149.001056, -35.259915], [149.000949, -35.259826], [149.000842, -35.259701], [149.000816, -35.259667], [149.000544, -35.259501], [149.000289, -35.25941], [149.00023, -35.259373], [148.999881, -35.259216], [148.998972, -35.258603], [148.998728, -35.258489], [148.998536, -35.258447], [148.998169, -35.258419], [148.997995, -35.258377], [148.997681, -35.258248], [148.997297, -35.258178], [148.997018, -35.258078], [148.996516, -35.257991], [148.996321, -35.258122], [148.996251, -35.258266], [148.996045, -35.259155], [148.996012, -35.25957], [148.995943, -35.259872], [148.995946, -35.260507], [148.995963, -35.260813], [148.995958, -35.261048], [148.995919, -35.261247], [148.995933, -35.261382], [148.995937, -35.261544], [148.99594, -35.261634], [148.995904, -35.26196], [148.995841, -35.262114], [148.995778, -35.262241], [148.995672, -35.262378], [148.9955, -35.262535], [148.995227, -35.262629], [148.995041, -35.262687], [148.994778, -35.262691], [148.994524, -35.262659], [148.99428, -35.262573], [148.993881, -35.262471], [148.99366, -35.262403], [148.993329, -35.262354], [148.99281, -35.262317], [148.992469, -35.262287], [148.992323, -35.262181], [148.992252, -35.261975], [148.992059, -35.261726], [148.991657, -35.261489], [148.991137, -35.261326], [148.990739, -35.261233], [148.990407, -35.261184], [148.989794, -35.261204], [148.98955, -35.261233], [148.989212, -35.261321], [148.988919, -35.26148], [148.988692, -35.261664], [148.988553, -35.2618], [148.9884, -35.261982], [148.988359, -35.262083], [148.988251, -35.262202], [148.988006, -35.262317], [148.987715, -35.262346], [148.98757, -35.262276], [148.987211, -35.262065], [148.986687, -35.261811], [148.986407, -35.261635], [148.986106, -35.261513], [148.985783, -35.261383], [148.985437, -35.261199], [148.985153, -35.261088], [148.984613, -35.260866], [148.98418, -35.260844], [148.983901, -35.260788], [148.983709, -35.260717], [148.983028, -35.260561], [148.982732, -35.260447], [148.982539, -35.260304], [148.982329, -35.260075], [148.982189, -35.259818], [148.982066, -35.259388], [148.981978, -35.259274], [148.981769, -35.259102], [148.981629, -35.259031], [148.98128, -35.259017], [148.980897, -35.259061], [148.980531, -35.259048], [148.980008, -35.259149], [148.979653, -35.25937], [148.979441, -35.25937], [148.978936, -35.259209], [148.978213, -35.258773], [148.97788, -35.258348], [148.977743, -35.257969], [148.977857, -35.25751], [148.978041, -35.257154], [148.978248, -35.256741], [148.978282, -35.256385], [148.978202, -35.256087], [148.977949, -35.255754], [148.977731, -35.255593], [148.977272, -35.255386], [148.976962, -35.255341], [148.976434, -35.255318], [148.976124, -35.255364], [148.975826, -35.25541], [148.975574, -35.25546], [148.975298, -35.255617], [148.975091, -35.255862], [148.974988, -35.255981], [148.97475, -35.256057], [148.974462, -35.256073], [148.974082, -35.256068], [148.973589, -35.256084], [148.973182, -35.255997], [148.972878, -35.255753], [148.972726, -35.255449], [148.972645, -35.25495], [148.972694, -35.254673], [148.972758, -35.254505], [148.972872, -35.254407], [148.972878, -35.25406], [148.972791, -35.253794], [148.972639, -35.253593], [148.972411, -35.253365], [148.97223, -35.253073], [148.971962, -35.252684], [148.971342, -35.251979], [148.971111, -35.251444], [148.971014, -35.250982], [148.970855, -35.250617], [148.970491, -35.250143], [148.970043, -35.24962], [148.969451, -35.249201], [148.969076, -35.248886], [148.968735, -35.248642], [148.968234, -35.248444], [148.967974, -35.248341], [148.967786, -35.248301], [148.967514, -35.248289], [148.967217, -35.248204], [148.96689, -35.248049], [148.966437, -35.24786], [148.965971, -35.24771], [148.965361, -35.247555], [148.964782, -35.247392], [148.963886, -35.24718], [148.962998, -35.24683], [148.962134, -35.246415], [148.961654, -35.246081], [148.961345, -35.2456], [148.96137, -35.24525], [148.961531, -35.244924], [148.961638, -35.24472], [148.961793, -35.244557], [148.962175, -35.244223], [148.962526, -35.243979], [148.96327, -35.24375], [148.964093, -35.243564], [148.964979, -35.243439], [148.965757, -35.243299], [148.96613, -35.243019], [148.966705, -35.242848], [148.967032, -35.2426], [148.967545, -35.242195], [148.967724, -35.241932], [148.96807, -35.241726], [148.968184, -35.241762], [148.968354, -35.241762], [148.968884, -35.241743], [148.969577, -35.241667], [148.971217, -35.24144], [148.972396, -35.2412], [148.973045, -35.240967], [148.973625, -35.240797], [148.973896, -35.240784], [148.974123, -35.240747], [148.974483, -35.240724], [148.975484, -35.240089], [148.975985, -35.239492], [148.976254, -35.238837], [148.975985, -35.238106], [148.975368, -35.237663], [148.974926, -35.236854], [148.974386, -35.23618], [148.974001, -35.235699], [148.973616, -35.235218], [148.972962, -35.234813], [148.972019, -35.234217], [148.971207, -35.233829], [148.971006, -35.233615], [148.970628, -35.233162], [148.969973, -35.232507], [148.969558, -35.232117], [148.96913, -35.231651], [148.968677, -35.231135], [148.968337, -35.230329], [148.96806, -35.229725], [148.967632, -35.229058], [148.967456, -35.228466], [148.967306, -35.227888], [148.96732, -35.227751], [148.967251, -35.227354], [148.967087, -35.226943], [148.966909, -35.226614], [148.966553, -35.226258], [148.96621, -35.225888], [148.965772, -35.225258], [148.965361, -35.224751], [148.964964, -35.224148], [148.964553, -35.223627], [148.964128, -35.223161], [148.963566, -35.222476], [148.962972, -35.221707], [148.962412, -35.220081], [148.962128, -35.219361], [148.961968, -35.218926], [148.96187, -35.218659], [148.961795, -35.218557], [148.961792, -35.218555], [148.96162, -35.218656], [148.961089, -35.218967], [148.95463, -35.222755], [148.952118, -35.224228], [148.950791, -35.225006], [148.950534, -35.225157], [148.949973, -35.225485], [148.948303, -35.226464], [148.948044, -35.226617], [148.945578, -35.228062], [148.944873, -35.228475], [148.943724, -35.229149], [148.941594, -35.230398], [148.941318, -35.23056], [148.939195, -35.231804], [148.938941, -35.231953], [148.930798, -35.236725], [148.926451, -35.239272], [148.925935, -35.239575], [148.921358, -35.242256], [148.919794, -35.243173], [148.919122, -35.243566], [148.918481, -35.243942], [148.917929, -35.244265], [148.916721, -35.244973], [148.915529, -35.24567], [148.910775, -35.248444], [148.909015, -35.24947], [148.908441, -35.249807], [148.908229, -35.249931], [148.906414, -35.250995], [148.906113, -35.251171], [148.899582, -35.255], [148.897466, -35.25624], [148.896264, -35.256945], [148.884126, -35.264057], [148.882671, -35.264909], [148.874226, -35.269856], [148.849229, -35.28449], [148.810041, -35.307412], [148.808951, -35.308455], [148.808462, -35.308986], [148.807854, -35.309647], [148.807605, -35.310425], [148.807226, -35.310812], [148.805142, -35.314669], [148.803558, -35.316661], [148.803535, -35.316769], [148.80327, -35.318028], [148.802693, -35.319806], [148.800865, -35.321723], [148.801939, -35.32435], [148.802106, -35.32553], [148.801531, -35.329267], [148.799809, -35.330932], [148.7983, -35.332139], [148.797472, -35.333825], [148.795109, -35.336386], [148.794119, -35.338197], [148.793247, -35.339156], [148.795233, -35.342113], [148.796555, -35.346339], [148.79859, -35.348352], [148.799107, -35.350616], [148.7992, -35.353657], [148.798949, -35.354573], [148.798445, -35.355784], [148.797298, -35.357085], [148.796395, -35.358616], [148.799451, -35.359224], [148.799579, -35.359381], [148.799998, -35.359892], [148.80065, -35.360687], [148.800604, -35.361884], [148.801361, -35.362815], [148.80316, -35.363399], [148.804783, -35.364897], [148.805565, -35.365361], [148.805595, -35.366303], [148.80488, -35.367672], [148.804292, -35.368561], [148.804092, -35.369589], [148.804145, -35.370537], [148.803784, -35.372516], [148.803892, -35.373445], [148.803952, -35.373958], [148.804209, -35.37514], [148.804108, -35.376121], [148.804626, -35.377607], [148.805344, -35.378841], [148.806972, -35.379225], [148.807908, -35.379854], [148.808675, -35.380591], [148.808758, -35.381518], [148.808702, -35.382373], [148.807912, -35.382882], [148.806101, -35.383974], [148.804826, -35.385028], [148.804802, -35.386924], [148.803647, -35.388739], [148.802137, -35.389266], [148.801183, -35.389639], [148.799445, -35.390158], [148.796756, -35.391634], [148.795719, -35.39292], [148.79588, -35.394284], [148.795876, -35.396309], [148.796013, -35.397504], [148.796044, -35.397769], [148.796077, -35.398056], [148.795658, -35.400333], [148.796234, -35.401516], [148.796038, -35.402368], [148.79648, -35.40374], [148.796281, -35.404855], [148.796328, -35.405789], [148.796119, -35.406549], [148.795471, -35.407009], [148.792434, -35.407294], [148.788511, -35.408049], [148.787487, -35.40842], [148.785764, -35.408748], [148.785776, -35.410466], [148.786252, -35.412673], [148.787316, -35.414083], [148.787659, -35.414207], [148.788095, -35.414364], [148.788334, -35.41445], [148.789251, -35.414987], [148.789589, -35.415185], [148.790073, -35.415468], [148.789753, -35.416841], [148.788884, -35.417792], [148.789323, -35.419444], [148.788829, -35.420746], [148.788853, -35.421898], [148.787563, -35.422978], [148.788297, -35.424586], [148.788539, -35.425698], [148.788868, -35.426382], [148.787404, -35.427409], [148.786195, -35.428827], [148.785301, -35.430236], [148.785039, -35.431351], [148.784206, -35.432188], [148.783734, -35.432472], [148.78358, -35.432513], [148.780917, -35.433227], [148.780143, -35.435152], [148.778613, -35.437267], [148.777524, -35.439998], [148.774822, -35.44174], [148.774333, -35.443902], [148.774627, -35.446091], [148.773002, -35.449316], [148.773828, -35.451549], [148.774567, -35.452567], [148.774962, -35.453795], [148.77594, -35.454683], [148.775634, -35.455097], [148.77499, -35.455966], [148.774745, -35.45755], [148.7731, -35.459802], [148.772727, -35.46079], [148.772881, -35.462355], [148.771723, -35.463436], [148.77011, -35.463867], [148.768855, -35.464826], [148.767058, -35.465405], [148.766809, -35.46735], [148.766937, -35.47018], [148.766886, -35.471056], [148.767974, -35.472231], [148.769235, -35.474278], [148.76928, -35.474319], [148.769459, -35.474483], [148.77063, -35.475563], [148.770297, -35.478298], [148.770827, -35.47998], [148.77255, -35.482109], [148.77359, -35.48384], [148.774462, -35.484882], [148.774458, -35.484929], [148.774354, -35.486003], [148.773545, -35.48641], [148.773124, -35.48654], [148.771021, -35.487649], [148.7699, -35.487791], [148.768906, -35.488535], [148.766204, -35.490138], [148.765183, -35.490825], [148.764305, -35.491919], [148.763367, -35.493981], [148.76323, -35.494282], [148.762675, -35.495505], [148.763049, -35.496601], [148.764089, -35.497701], [148.76442, -35.498446], [148.764733, -35.499149], [148.764698, -35.499773], [148.764608, -35.501142], [148.764681, -35.502678], [148.765516, -35.504936], [148.76706, -35.506141], [148.768094, -35.50675], [148.768588, -35.507999], [148.766335, -35.510447], [148.76722, -35.511771], [148.767476, -35.51302], [148.76725, -35.513822], [148.76715, -35.514652], [148.767412, -35.516382], [148.767443, -35.517797], [148.767463, -35.518078], [148.767746, -35.519585], [148.768239, -35.521195], [148.767871, -35.522815], [148.767911, -35.523092], [148.76796, -35.523435], [148.768105, -35.524448], [148.769872, -35.526112], [148.772364, -35.529329], [148.772375, -35.530749], [148.771253, -35.534058], [148.769973, -35.536284], [148.769956, -35.537315], [148.769658, -35.538655], [148.76971, -35.540471], [148.769685, -35.542], [148.769508, -35.542664], [148.769231, -35.544096], [148.769948, -35.54589], [148.770512, -35.546652], [148.771191, -35.54757], [148.77312, -35.549033], [148.773915, -35.550741], [148.774883, -35.553091], [148.775034, -35.554317], [148.775684, -35.554914], [148.778231, -35.558852], [148.778514, -35.563669], [148.773018, -35.567911], [148.773039, -35.568157], [148.773855, -35.569487], [148.775393, -35.571151], [148.777558, -35.574086], [148.778801, -35.575635], [148.779766, -35.576541], [148.780122, -35.577011], [148.780429, -35.577493], [148.780611, -35.577888], [148.781289, -35.578376], [148.782121, -35.579122], [148.782112, -35.580199], [148.782467, -35.581287], [148.783959, -35.581604], [148.786003, -35.582351], [148.786504, -35.58368], [148.786972, -35.584551], [148.787118, -35.58501], [148.7876, -35.585927], [148.788153, -35.586289], [148.78836, -35.587337], [148.788758, -35.588179], [148.788315, -35.588786], [148.787316, -35.59064], [148.783868, -35.593334], [148.783191, -35.595258], [148.778366, -35.596505], [148.77436, -35.597897], [148.77363, -35.598463], [148.77327, -35.599385], [148.77249, -35.600265], [148.772116, -35.601336], [148.770943, -35.601981], [148.769814, -35.602386], [148.768473, -35.603186], [148.768856, -35.604132], [148.769946, -35.605393], [148.770498, -35.606145], [148.771008, -35.607056], [148.771356, -35.607922], [148.772447, -35.60912], [148.773699, -35.610021], [148.774974, -35.610619], [148.776576, -35.611801], [148.778157, -35.613338], [148.779037, -35.614823], [148.779455, -35.61582], [148.780439, -35.617586], [148.780284, -35.618152], [148.78065, -35.620301], [148.779467, -35.622625], [148.779531, -35.623116], [148.779575, -35.623446], [148.779602, -35.623652], [148.779614, -35.623724], [148.780346, -35.624997], [148.780758, -35.625994], [148.782362, -35.626208], [148.783018, -35.627099], [148.783462, -35.628342], [148.78297, -35.62974], [148.782443, -35.63005], [148.78177, -35.630729], [148.78043, -35.63286], [148.776758, -35.635903], [148.775501, -35.636567], [148.770818, -35.639938], [148.771216, -35.640597], [148.771665, -35.640929], [148.771813, -35.641723], [148.771412, -35.643103], [148.77162, -35.644418], [148.771365, -35.645738], [148.770419, -35.646146], [148.769073, -35.645837], [148.767495, -35.647323], [148.76838, -35.648475], [148.769493, -35.649422], [148.769883, -35.649652], [148.770565, -35.649701], [148.771826, -35.649661], [148.772799, -35.649918], [148.772992, -35.651176], [148.772927, -35.652133], [148.772183, -35.65358], [148.772714, -35.654559], [148.773636, -35.655457], [148.774508, -35.655543], [148.775233, -35.655706], [148.776433, -35.655707], [148.777704, -35.655771], [148.77819, -35.655845], [148.780927, -35.655918], [148.781458, -35.655808], [148.781908, -35.655871], [148.782387, -35.655957], [148.783304, -35.656231], [148.784121, -35.656765], [148.785496, -35.657125], [148.78595, -35.657365], [148.786422, -35.6578], [148.7863, -35.658409], [148.786951, -35.660462], [148.788182, -35.660286], [148.78986, -35.659662], [148.790554, -35.659235], [148.791579, -35.659989], [148.792685, -35.66096], [148.793636, -35.661875], [148.794867, -35.66344], [148.796375, -35.664147], [148.796296, -35.664756], [148.797518, -35.665914], [148.798434, -35.666492], [148.798519, -35.666869], [148.797896, -35.667988], [148.797508, -35.668955], [148.797419, -35.670153], [148.797166, -35.67156], [148.797979, -35.674018], [148.797992, -35.675054], [148.798134, -35.675448], [148.798377, -35.676384], [148.797965, -35.678302], [148.797614, -35.678977], [148.797583, -35.679539], [148.7976, -35.680088], [148.797556, -35.680341], [148.797168, -35.681297], [148.796589, -35.682524], [148.795675, -35.683516], [148.795523, -35.683999], [148.794179, -35.685586], [148.793225, -35.686726], [148.792926, -35.687933], [148.792675, -35.688692], [148.792542, -35.689107], [148.792, -35.689348], [148.791407, -35.689557], [148.791171, -35.690751], [148.791483, -35.691658], [148.791105, -35.692041], [148.791367, -35.69324], [148.790462, -35.694649], [148.790231, -35.695099], [148.789354, -35.696485], [148.788687, -35.697181], [148.788417, -35.69774], [148.789047, -35.699061], [148.790045, -35.700921], [148.790255, -35.701645], [148.790548, -35.702237], [148.790698, -35.702396], [148.791182, -35.703449], [148.791347, -35.703636], [148.792775, -35.704505], [148.793263, -35.705019], [148.793153, -35.705519], [148.794196, -35.706433], [148.79516, -35.707251], [148.796127, -35.707909], [148.796317, -35.708296], [148.796565, -35.709449], [148.797188, -35.709733], [148.798069, -35.710266], [148.798914, -35.710444], [148.799295, -35.710874], [148.799765, -35.7112], [148.800354, -35.711496], [148.801741, -35.712079], [148.804046, -35.713967], [148.805302, -35.713996], [148.807355, -35.715527], [148.808604, -35.717269], [148.810254, -35.717986], [148.811494, -35.718227], [148.811875, -35.719041], [148.812719, -35.719786], [148.813276, -35.719905], [148.814138, -35.719859], [148.815823, -35.719493], [148.816938, -35.719088], [148.818713, -35.718681], [148.820695, -35.71951], [148.820703, -35.719514], [148.821054, -35.719797], [148.822423, -35.7209], [148.822605, -35.721579], [148.823117, -35.722614], [148.823128, -35.72317], [148.823478, -35.72419], [148.824906, -35.724984], [148.825788, -35.725213], [148.827871, -35.726148], [148.829033, -35.727701], [148.829238, -35.728466], [148.829383, -35.729368], [148.829478, -35.729952], [148.830182, -35.732159], [148.831341, -35.733907], [148.832873, -35.735021], [148.833047, -35.736324], [148.834032, -35.738138], [148.834726, -35.740511], [148.835193, -35.741061], [148.835715, -35.741884], [148.837238, -35.743221], [148.837647, -35.743512], [148.838471, -35.744098], [148.839623, -35.74548], [148.840738, -35.746444], [148.84267, -35.747506], [148.84387, -35.748446], [148.844513, -35.74895], [148.846045, -35.749445], [148.847093, -35.750469], [148.84878, -35.751016], [148.849538, -35.750866], [148.850972, -35.751247], [148.853457, -35.75098], [148.854026, -35.751082], [148.856132, -35.753518], [148.854938, -35.759197], [148.855652, -35.760874], [148.857501, -35.761397], [148.859648, -35.760626], [148.861175, -35.759203], [148.862456, -35.75755], [148.861176, -35.75434], [148.860737, -35.752874], [148.861439, -35.7501], [148.862743, -35.749388], [148.863592, -35.748445], [148.863899, -35.748104], [148.864071, -35.746922], [148.864253, -35.746203], [148.864884, -35.743749], [148.864863, -35.742375], [148.866738, -35.740665], [148.867477, -35.738702], [148.866792, -35.737165], [148.86407, -35.733869], [148.865765, -35.731624], [148.867246, -35.731907], [148.86859, -35.731092], [148.868658, -35.729963], [148.869366, -35.72922], [148.870416, -35.727717], [148.870959, -35.726793], [148.871608, -35.725564], [148.872115, -35.723931], [148.872305, -35.722937], [148.872491, -35.721422], [148.874087, -35.720192], [148.877693, -35.714936], [148.878164, -35.715348], [148.880343, -35.715793], [148.883614, -35.717122], [148.884942, -35.717854], [148.885696, -35.718426], [148.886633, -35.719136], [148.887192, -35.7204], [148.888026, -35.721649], [148.889403, -35.722723], [148.890487, -35.724541], [148.892315, -35.728359], [148.892479, -35.730487], [148.888368, -35.733671], [148.888036, -35.7356], [148.888087, -35.737026], [148.890314, -35.739423], [148.890855, -35.740469], [148.891726, -35.744151], [148.893008, -35.746052], [148.893501, -35.748445], [148.894087, -35.751288], [148.895105, -35.751446], [148.897428, -35.750955], [148.898777, -35.751215], [148.901043, -35.754871], [148.902395, -35.755956], [148.902902, -35.756505], [148.90327, -35.757375], [148.903348, -35.757798], [148.902833, -35.759272], [148.902352, -35.760206], [148.901774, -35.761702], [148.902177, -35.762698], [148.902312, -35.763202], [148.901885, -35.763644], [148.900486, -35.765485], [148.900124, -35.766471], [148.899418, -35.767601], [148.897224, -35.768825], [148.896138, -35.769899], [148.895221, -35.770611], [148.894887, -35.771654], [148.894794, -35.773229], [148.895285, -35.775342], [148.895045, -35.777043], [148.894687, -35.777668], [148.895142, -35.778559], [148.895501, -35.779265], [148.894809, -35.780469], [148.895432, -35.781791], [148.89514, -35.783051], [148.894956, -35.784627], [148.895366, -35.785519], [148.895433, -35.786751], [148.896204, -35.788622], [148.89634, -35.789441], [148.896523, -35.791588], [148.896935, -35.792985], [148.896971, -35.79346], [148.897776, -35.79465], [148.897098, -35.795768], [148.896349, -35.796721], [148.89464, -35.798465], [148.893118, -35.799293], [148.893198, -35.800341], [148.892963, -35.801516], [148.892196, -35.802362], [148.892063, -35.802508], [148.892032, -35.802543], [148.890784, -35.803548], [148.890302, -35.804351], [148.88946, -35.807193], [148.889159, -35.807635], [148.887504, -35.808755], [148.886881, -35.809564], [148.886623, -35.810063], [148.887292, -35.810737], [148.887645, -35.811212], [148.888941, -35.812046], [148.889581, -35.812595], [148.89104, -35.813846], [148.891852, -35.814932], [148.892052, -35.816077], [148.892426, -35.816626], [148.893672, -35.81726], [148.894861, -35.817652], [148.895747, -35.817599], [148.896577, -35.817924], [148.897275, -35.820855], [148.897683, -35.823271], [148.897596, -35.82472], [148.899603, -35.825879], [148.901776, -35.82639], [148.903561, -35.826134], [148.906203, -35.828013], [148.907065, -35.829563], [148.906596, -35.832084], [148.905088, -35.83325], [148.903802, -35.833356], [148.903249, -35.834182], [148.90314, -35.835173], [148.903249, -35.83621], [148.903625, -35.837223], [148.903846, -35.837619], [148.903886, -35.837685], [148.904348, -35.838516], [148.904523, -35.838989], [148.905268, -35.839639], [148.90511, -35.839956], [148.90477, -35.840489], [148.904165, -35.841333], [148.903936, -35.842505], [148.904778, -35.843365], [148.904839, -35.844147], [148.906017, -35.844955], [148.906444, -35.845875], [148.906409, -35.846254], [148.907291, -35.846968], [148.907842, -35.847863], [148.907892, -35.848356], [148.907603, -35.848939], [148.907901, -35.849885], [148.907788, -35.850765], [148.908634, -35.851704], [148.908974, -35.852499], [148.909367, -35.853065], [148.91054, -35.853235], [148.911275, -35.854194], [148.911613, -35.854573], [148.911856, -35.854781], [148.912654, -35.85546], [148.912729, -35.855468], [148.916306, -35.855809], [148.917616, -35.856299], [148.918109, -35.85659], [148.920059, -35.85729], [148.9205, -35.858807], [148.919456, -35.859817], [148.919783, -35.86079], [148.920487, -35.861121], [148.920684, -35.861258], [148.922074, -35.862366], [148.923524, -35.862958], [148.924309, -35.863416], [148.924983, -35.863808], [148.926386, -35.865065], [148.926502, -35.865832], [148.927702, -35.867055], [148.927842, -35.867141], [148.928914, -35.867791], [148.930301, -35.868172], [148.93136, -35.869372], [148.932237, -35.870567], [148.93221, -35.871491], [148.932205, -35.871677], [148.932168, -35.872967], [148.932554, -35.873445], [148.932719, -35.87365], [148.933015, -35.873706], [148.934157, -35.873988], [148.93553, -35.874171], [148.936025, -35.874507], [148.937496, -35.874649], [148.940614, -35.875839], [148.941131, -35.877389], [148.942165, -35.878491], [148.943032, -35.879747], [148.944412, -35.881071], [148.944562, -35.881391], [148.946404, -35.882895], [148.946599, -35.883054], [148.949755, -35.885631], [148.950928, -35.886382], [148.95277, -35.888208], [148.955551, -35.88957], [148.956265, -35.890014], [148.956587, -35.890422], [148.956598, -35.890437], [148.958406, -35.891788], [148.958647, -35.893024], [148.959591, -35.894349], [148.959133, -35.895456], [148.961624, -35.8968], [148.962095, -35.896766], [148.962166, -35.896761], [148.962317, -35.896782], [148.964238, -35.897046], [148.966288, -35.897268], [148.966348, -35.896883], [148.967101, -35.895526], [148.967215, -35.895035], [148.967855, -35.893972], [148.96999, -35.893291], [148.970578, -35.892945], [148.973164, -35.892417], [148.973397, -35.892406], [148.975655, -35.892296], [148.977374, -35.892528], [148.97909, -35.89312], [148.979163, -35.893144], [148.97918, -35.89315], [148.979379, -35.893205], [148.981676, -35.893837], [148.98376, -35.893993], [148.984438, -35.894213], [148.986733, -35.895463], [148.98951, -35.895988], [148.990432, -35.895967], [148.992067, -35.89534], [148.993326, -35.895225], [148.993976, -35.895503], [148.995316, -35.895966], [148.996888, -35.896205], [148.997983, -35.896887], [148.997437, -35.901153], [148.999391, -35.902753], [149.001217, -35.902149], [149.003555, -35.901376], [149.005632, -35.901388], [149.005866, -35.901389], [149.008857, -35.901407], [149.01075, -35.900976], [149.011783, -35.899972], [149.012198, -35.899697], [149.013853, -35.90024], [149.015122, -35.901712], [149.016171, -35.901941], [149.01749, -35.903476], [149.019075, -35.904444], [149.020618, -35.905228], [149.022681, -35.906086], [149.023698, -35.907129], [149.023826, -35.908068], [149.024913, -35.910475], [149.02528, -35.910882], [149.025562, -35.911334], [149.026408, -35.912147], [149.027606, -35.912892], [149.028373, -35.912421], [149.029519, -35.91203], [149.030146, -35.911703], [149.031159, -35.911324], [149.032376, -35.91114], [149.0337, -35.911196], [149.034117, -35.911941], [149.035048, -35.912977], [149.036133, -35.913922], [149.038479, -35.914396], [149.039718, -35.914062], [149.041232, -35.914611], [149.042452, -35.915848], [149.043763, -35.916535], [149.04387, -35.917417], [149.044564, -35.919537], [149.045682, -35.920441], [149.045927, -35.920639], [149.04608, -35.920762], [149.047298, -35.920612], [149.048135, -35.920526], [149.048811, -35.92041], [149.049339, -35.920129], [149.049704, -35.919716], [149.050027, -35.918776], [149.050547, -35.918225], [149.051263, -35.917301], [149.051981, -35.916728], [149.052543, -35.916148], [149.052564, -35.915764], [149.053211, -35.91558], [149.05378, -35.915006], [149.054498, -35.91453], [149.055067, -35.913675], [149.055164, -35.913028], [149.055445, -35.912362], [149.055731, -35.911136], [149.055962, -35.910505], [149.05568, -35.910213], [149.055848, -35.909513], [149.056733, -35.908309], [149.057133, -35.907397], [149.054785, -35.905399], [149.051698, -35.903534], [149.051752, -35.902296], [149.052049, -35.901825], [149.053051, -35.900237], [149.054224, -35.898895], [149.055996, -35.897471], [149.056847, -35.897293], [149.058113, -35.896575], [149.058908, -35.896001], [149.058737, -35.894901], [149.060853, -35.893374], [149.06102, -35.89248], [149.061118, -35.891958], [149.061659, -35.891511], [149.060338, -35.889168], [149.060322, -35.889083], [149.060182, -35.888331], [149.06059, -35.887872], [149.061052, -35.887201], [149.06202, -35.885349], [149.062419, -35.884162], [149.061904, -35.883205], [149.06181, -35.882294], [149.061493, -35.88175], [149.06159, -35.880879], [149.06137, -35.880071], [149.062177, -35.878958], [149.062767, -35.877983], [149.064381, -35.875305], [149.064408, -35.874932], [149.065384, -35.873882], [149.065712, -35.873444], [149.06614, -35.872872], [149.067644, -35.870859], [149.069651, -35.869775], [149.070254, -35.869394], [149.072819, -35.866389], [149.074272, -35.865846], [149.07464, -35.864911], [149.074754, -35.863862], [149.076038, -35.86231], [149.07679, -35.860646], [149.079685, -35.859055], [149.080863, -35.857143], [149.080773, -35.856186], [149.082121, -35.853208], [149.083702, -35.852893], [149.084522, -35.852289], [149.084228, -35.850227], [149.085274, -35.849839], [149.086135, -35.849], [149.086574, -35.848248], [149.088894, -35.848199], [149.092685, -35.846705], [149.093266, -35.846476], [149.094851, -35.846825], [149.095682, -35.845716], [149.09606, -35.844317], [149.095836, -35.843327], [149.094588, -35.841549], [149.095376, -35.839146], [149.093395, -35.838305], [149.09298, -35.838266], [149.092973, -35.838171], [149.092949, -35.837831], [149.09263, -35.837362], [149.091978, -35.835416], [149.092214, -35.8349], [149.093658, -35.833978], [149.093661, -35.83215], [149.093907, -35.831546], [149.093977, -35.831373], [149.093994, -35.83133], [149.094519, -35.830841], [149.0945, -35.830073], [149.094725, -35.828766], [149.094321, -35.827152], [149.094178, -35.826937], [149.09337, -35.825729], [149.093517, -35.824221], [149.094987, -35.822039], [149.094504, -35.821215], [149.095419, -35.820135], [149.096028, -35.81976], [149.095823, -35.8183], [149.095925, -35.817654], [149.095931, -35.817612], [149.097238, -35.81743], [149.098789, -35.81688], [149.100453, -35.815367], [149.100583, -35.814811], [149.099624, -35.811909], [149.100282, -35.811414], [149.100345, -35.810923], [149.100457, -35.810044], [149.099611, -35.809658], [149.09881, -35.808636], [149.098636, -35.808413], [149.098237, -35.807904], [149.098705, -35.807524], [149.098855, -35.807478], [149.099099, -35.807403], [149.099611, -35.807246], [149.099509, -35.806707], [149.100089, -35.806041], [149.101088, -35.805063], [149.101481, -35.803698], [149.100051, -35.803341], [149.099837, -35.803288], [149.099805, -35.80328], [149.099775, -35.801716], [149.099147, -35.801277], [149.098263, -35.800427], [149.097463, -35.79991], [149.097099, -35.799674], [149.096732, -35.798272], [149.097012, -35.796994], [149.097047, -35.796833], [149.097661, -35.796017], [149.098711, -35.79524], [149.099476, -35.795111], [149.100201, -35.7941], [149.100463, -35.793188], [149.1006, -35.791457], [149.100232, -35.789757], [149.097806, -35.788293], [149.096232, -35.787227], [149.094514, -35.787226], [149.093498, -35.787226], [149.093417, -35.786515], [149.093033, -35.785829], [149.092936, -35.784792], [149.093324, -35.783869], [149.093144, -35.783159], [149.09468, -35.781452], [149.095097, -35.780625], [149.095763, -35.780216], [149.096233, -35.778914], [149.09739, -35.777414], [149.097289, -35.777295], [149.096399, -35.776249], [149.095914, -35.775993], [149.094794, -35.775773], [149.092982, -35.774485], [149.09165, -35.773939], [149.093069, -35.771522], [149.093325, -35.770851], [149.092772, -35.768767], [149.092346, -35.768099], [149.091986, -35.767802], [149.091117, -35.767003], [149.090716, -35.7656], [149.092826, -35.763611], [149.093244, -35.762881], [149.093617, -35.761832], [149.093268, -35.761013], [149.092948, -35.759112], [149.094648, -35.756591], [149.094622, -35.755732], [149.094898, -35.754946], [149.094901, -35.754761], [149.094909, -35.754275], [149.095584, -35.753328], [149.096438, -35.75278], [149.096301, -35.75211], [149.095089, -35.750316], [149.09576, -35.749631], [149.096421, -35.748443], [149.096974, -35.747448], [149.095618, -35.746037], [149.095874, -35.745053], [149.095942, -35.74479], [149.096198, -35.743805], [149.096792, -35.742879], [149.097694, -35.741899], [149.097868, -35.741211], [149.098018, -35.740619], [149.098394, -35.739746], [149.099008, -35.739318], [149.099005, -35.739043], [149.099845, -35.737713], [149.100699, -35.736392], [149.100763, -35.735604], [149.10061, -35.73491], [149.100595, -35.733695], [149.100592, -35.733488], [149.099884, -35.732213], [149.099013, -35.730643], [149.099016, -35.730544], [149.099056, -35.729323], [149.100064, -35.728383], [149.102408, -35.726917], [149.103737, -35.726049], [149.104121, -35.725193], [149.104194, -35.72427], [149.103918, -35.723379], [149.102462, -35.721769], [149.102426, -35.72095], [149.101827, -35.720118], [149.100714, -35.719078], [149.100646, -35.718655], [149.100124, -35.717055], [149.099371, -35.716218], [149.099514, -35.714819], [149.09977, -35.714679], [149.101101, -35.713112], [149.100973, -35.712805], [149.101253, -35.712423], [149.101578, -35.710688], [149.101582, -35.709647], [149.101893, -35.709044], [149.101939, -35.708017], [149.102222, -35.707481], [149.102709, -35.7068], [149.10339, -35.706218], [149.103413, -35.706182], [149.104065, -35.705029], [149.105304, -35.704058], [149.105345, -35.704034], [149.105608, -35.703882], [149.106301, -35.703483], [149.107524, -35.702358], [149.107878, -35.701319], [149.107863, -35.70062], [149.108303, -35.700049], [149.108694, -35.699543], [149.109184, -35.69774], [149.109483, -35.69664], [149.108802, -35.695882], [149.108589, -35.695644], [149.108224, -35.694965], [149.107948, -35.694102], [149.106693, -35.692937], [149.106001, -35.69119], [149.104281, -35.691105], [149.103793, -35.690759], [149.103825, -35.689808], [149.104365, -35.689105], [149.104879, -35.687286], [149.104827, -35.686399], [149.104633, -35.685633], [149.104439, -35.684867], [149.103113, -35.684836], [149.102149, -35.684562], [149.101513, -35.684101], [149.09953, -35.683842], [149.096122, -35.680556], [149.096021, -35.680383], [149.095379, -35.679285], [149.095561, -35.677955], [149.095037, -35.676784], [149.096135, -35.675786], [149.096647, -35.674442], [149.097183, -35.674135], [149.09729, -35.67359], [149.096678, -35.672775], [149.096711, -35.672396], [149.096728, -35.672208], [149.095974, -35.669212], [149.09601, -35.668668], [149.095737, -35.668057], [149.095693, -35.667164], [149.096038, -35.6653], [149.096668, -35.664534], [149.096724, -35.663182], [149.095904, -35.661957], [149.095914, -35.661515], [149.096252, -35.660345], [149.096953, -35.659701], [149.097888, -35.658778], [149.098571, -35.657231], [149.098391, -35.656817], [149.098239, -35.656633], [149.097649, -35.655964], [149.096069, -35.65436], [149.095415, -35.653043], [149.095454, -35.652574], [149.096831, -35.651769], [149.096902, -35.651037], [149.097126, -35.648737], [149.097495, -35.647313], [149.096973, -35.646658], [149.096959, -35.646639], [149.096145, -35.645618], [149.096329, -35.644151], [149.096007, -35.642519], [149.095717, -35.640344], [149.093736, -35.640026], [149.093544, -35.639969], [149.093332, -35.639906], [149.092505, -35.639662], [149.090735, -35.639967], [149.089091, -35.641032], [149.088296, -35.640763], [149.087612, -35.639697], [149.08774, -35.637852], [149.087524, -35.636656], [149.08724, -35.636326], [149.086569, -35.635838], [149.088591, -35.634094], [149.08815, -35.633548], [149.087318, -35.630392], [149.087817, -35.629175], [149.087827, -35.628058], [149.087916, -35.627857], [149.087622, -35.627478], [149.086149, -35.625576], [149.08604, -35.625433], [149.085064, -35.623443], [149.084478, -35.622247], [149.083877, -35.6215], [149.085004, -35.619432], [149.084493, -35.617561], [149.084717, -35.61654], [149.084345, -35.614548], [149.082389, -35.613488], [149.08173, -35.611612], [149.081019, -35.611192], [149.081153, -35.610321], [149.080424, -35.608997], [149.080329, -35.608836], [149.079431, -35.607729], [149.078994, -35.607439], [149.079204, -35.606436], [149.079243, -35.604992], [149.079802, -35.604662], [149.079242, -35.601891], [149.078406, -35.59964], [149.078005, -35.598496], [149.078718, -35.598206], [149.079116, -35.597076], [149.078461, -35.596586], [149.078099, -35.595029], [149.078942, -35.593289], [149.078917, -35.592671], [149.078669, -35.592345], [149.078247, -35.588693], [149.077956, -35.587703], [149.078043, -35.586127], [149.083006, -35.58432], [149.084514, -35.580594], [149.088549, -35.581177], [149.088716, -35.581201], [149.090418, -35.581446], [149.09504, -35.582123], [149.10791, -35.584007], [149.108318, -35.584067], [149.108283, -35.584183], [149.108262, -35.584251], [149.108241, -35.584326], [149.10822, -35.584395], [149.108207, -35.584463], [149.108193, -35.584532], [149.108179, -35.584601], [149.108165, -35.58467], [149.108151, -35.584738], [149.108137, -35.584807], [149.108116, -35.584882], [149.108109, -35.584951], [149.108088, -35.585031], [149.108074, -35.585105], [149.10806, -35.585174], [149.108046, -35.585248], [149.108025, -35.585323], [149.108011, -35.585392], [149.10799, -35.585461], [149.10797, -35.585529], [149.107963, -35.585604], [149.107949, -35.585673], [149.107942, -35.585747], [149.107942, -35.585821], [149.107942, -35.585896], [149.107949, -35.58597], [149.107956, -35.586051], [149.107977, -35.586119], [149.107998, -35.586188], [149.10802, -35.586268], [149.108055, -35.586337], [149.108083, -35.586411], [149.108118, -35.58648], [149.10816, -35.586549], [149.108202, -35.586618], [149.108251, -35.586686], [149.108308, -35.586761], [149.108357, -35.586829], [149.108413, -35.586898], [149.108462, -35.586967], [149.108511, -35.587035], [149.108575, -35.587104], [149.108645, -35.587178], [149.108708, -35.587247], [149.108778, -35.587316], [149.108856, -35.587384], [149.108947, -35.587447], [149.109059, -35.587527], [149.109143, -35.587579], [149.109228, -35.587619], [149.109312, -35.587653], [149.10939, -35.58768], [149.109487, -35.58771], [149.109578, -35.587739], [149.109659, -35.587757], [149.109747, -35.587785], [149.109838, -35.587807], [149.109922, -35.58783], [149.110006, -35.587841], [149.11009, -35.587858], [149.110175, -35.58787], [149.110266, -35.587881], [149.11035, -35.587887], [149.110441, -35.587887], [149.110525, -35.587887], [149.110616, -35.587886], [149.1107, -35.587886], [149.110791, -35.587875], [149.110883, -35.587863], [149.110967, -35.587846], [149.111065, -35.587823], [149.111156, -35.5878], [149.11124, -35.587777], [149.111324, -35.587748], [149.111408, -35.587719], [149.1115, -35.587679], [149.111584, -35.587645], [149.111675, -35.587599], [149.111766, -35.587559], [149.11185, -35.587501], [149.111934, -35.587427], [149.112018, -35.587352], [149.112087, -35.587283], [149.112165, -35.587215], [149.112235, -35.587134], [149.112305, -35.58706], [149.112361, -35.586985], [149.112424, -35.586916], [149.112473, -35.586842], [149.112529, -35.586767], [149.112564, -35.586698], [149.112592, -35.58663], [149.112618, -35.586557], [149.112641, -35.586492], [149.112669, -35.586418], [149.112697, -35.586349], [149.112718, -35.58628], [149.112746, -35.586211], [149.112774, -35.586143], [149.112809, -35.586074], [149.112843, -35.585999], [149.112893, -35.58593], [149.112976, -35.585862], [149.113061, -35.585821], [149.113145, -35.585804], [149.113229, -35.585804], [149.11332, -35.585809], [149.113418, -35.585827], [149.113503, -35.585849], [149.11358, -35.585869], [149.113671, -35.585895], [149.113755, -35.585918], [149.113839, -35.585941], [149.113923, -35.585958], [149.114008, -35.585975], [149.114092, -35.585986], [149.114183, -35.586009], [149.114267, -35.586032], [149.114351, -35.586055], [149.114446, -35.586088], [149.114528, -35.586117], [149.114604, -35.586146], [149.114688, -35.586175], [149.114772, -35.586203], [149.114863, -35.586238], [149.114975, -35.586279], [149.115035, -35.585973], [149.123406, -35.58707], [149.123418, -35.586914], [149.12552, -35.587203], [149.125101, -35.589303], [149.126396, -35.58949], [149.126, -35.591626], [149.129998, -35.592151], [149.130268, -35.590785], [149.135194, -35.591465], [149.135181, -35.591591], [149.13698, -35.591831], [149.137247, -35.591867], [149.142228, -35.592532], [149.14251, -35.59257], [149.141344, -35.590671], [149.140486, -35.588292], [149.139687, -35.585414], [149.138857, -35.582423], [149.138021, -35.57942], [149.137429, -35.577253], [149.136354, -35.573312], [149.136351, -35.573302], [149.135777, -35.571265], [149.135641, -35.570777], [149.135509, -35.570307], [149.135177, -35.570353], [149.134992, -35.569691], [149.134986, -35.569671], [149.134938, -35.569499], [149.135297, -35.569549], [149.13443, -35.566466], [149.13337, -35.562651], [149.132325, -35.558899], [149.131546, -35.556102], [149.13147, -35.555369], [149.131418, -35.555055], [149.131376, -35.554173], [149.131532, -35.552505], [149.131775, -35.551409], [149.132049, -35.550537], [149.132384, -35.549458], [149.133059, -35.548017], [149.137843, -35.537323], [149.137709, -35.537124], [149.138079, -35.536315], [149.13825, -35.535941], [149.138442, -35.535968], [149.150195, -35.510604], [149.150443, -35.509862], [149.15094, -35.508371], [149.150985, -35.508179], [149.151279, -35.506926], [149.151414, -35.499738], [149.151419, -35.499447], [149.151438, -35.498442], [149.15152, -35.494148], [149.151545, -35.492842], [149.151546, -35.492538], [149.151533, -35.492235], [149.151507, -35.491931], [149.151467, -35.491629], [149.151414, -35.491329], [149.151347, -35.49103], [149.151267, -35.490733], [149.151174, -35.490439], [149.151067, -35.490148], [149.150948, -35.489861], [149.150948, -35.48986], [149.144637, -35.475775], [149.144471, -35.47542], [149.144289, -35.47507], [149.144092, -35.474726], [149.14388, -35.474388], [149.143654, -35.474056], [149.143413, -35.473731], [149.143158, -35.473413], [149.142889, -35.473103], [149.142607, -35.472801], [149.142312, -35.472507], [149.141695, -35.471913], [149.141695, -35.471912], [149.141379, -35.471628], [149.141075, -35.471335], [149.140784, -35.471034], [149.140505, -35.470725], [149.140239, -35.470408], [149.139986, -35.470084], [149.139748, -35.469753], [149.139523, -35.469416], [149.139313, -35.469072], [149.139116, -35.468723], [149.138935, -35.468368], [149.138768, -35.468009], [149.138617, -35.467645], [149.138481, -35.467278], [149.13836, -35.466906], [149.138255, -35.466532], [149.1382, -35.465681], [149.138186, -35.464829], [149.138213, -35.463977], [149.138222, -35.463906], [149.138227, -35.463834], [149.138229, -35.463762], [149.138228, -35.46369], [149.138224, -35.463618], [149.138216, -35.463546], [149.138206, -35.463474], [149.138193, -35.463403], [149.138176, -35.463333], [149.138157, -35.463262], [149.138135, -35.463193], [149.138109, -35.463124], [149.138081, -35.463056], [149.13805, -35.462988], [149.138016, -35.462922], [149.137979, -35.462856], [149.137939, -35.462792], [149.137896, -35.462729], [149.137851, -35.462667], [149.137804, -35.462607], [149.137753, -35.462548], [149.137609, -35.462392], [149.137472, -35.462232], [149.137341, -35.462069], [149.137217, -35.461901], [149.137101, -35.461731], [149.136991, -35.461557], [149.13689, -35.461381], [149.136795, -35.461201], [149.136709, -35.461019], [149.13663, -35.460835], [149.136559, -35.460648], [149.136495, -35.46046], [149.13644, -35.46027], [149.136393, -35.460078], [149.136354, -35.459885], [149.136323, -35.459692], [149.1363, -35.459497], [149.136286, -35.459302], [149.13628, -35.459107], [149.136282, -35.458911], [149.136474, -35.456997], [149.135701, -35.4553], [149.13555, -35.454422], [149.135821, -35.453436], [149.136298, -35.4527], [149.136994, -35.452091], [149.13713, -35.452019], [149.137269, -35.451951], [149.137411, -35.451888], [149.137555, -35.451828], [149.137702, -35.451773], [149.13785, -35.451721], [149.138001, -35.451674], [149.138154, -35.451631], [149.138308, -35.451592], [149.138465, -35.451558], [149.138622, -35.451528], [149.13878, -35.451502], [149.13894, -35.451481], [149.141253, -35.451511], [149.142171, -35.451395], [149.143053, -35.450641], [149.143347, -35.450218], [149.143261, -35.449671], [149.14339, -35.449356], [149.14318, -35.448545], [149.143348, -35.447823], [149.143794, -35.447029], [149.14503, -35.446125], [149.148082, -35.444266], [149.149114, -35.444036], [149.151478, -35.443994], [149.151557, -35.443981], [149.151636, -35.443967], [149.151713, -35.44395], [149.15179, -35.443931], [149.151866, -35.443909], [149.151941, -35.443886], [149.152015, -35.44386], [149.152088, -35.443832], [149.152159, -35.443802], [149.152229, -35.44377], [149.152298, -35.443736], [149.152366, -35.443701], [149.152431, -35.443663], [149.152495, -35.443623], [149.152558, -35.443582], [149.152618, -35.443539], [149.152677, -35.443494], [149.152733, -35.443447], [149.152788, -35.443399], [149.152841, -35.443349], [149.152891, -35.443298], [149.152939, -35.443246], [149.152985, -35.443192], [149.153029, -35.443136], [149.15307, -35.44308], [149.153108, -35.443022], [149.153145, -35.442964], [149.153178, -35.442904], [149.153209, -35.442843], [149.153238, -35.442782], [149.153264, -35.44272], [149.153287, -35.442657], [149.153307, -35.442593], [149.153325, -35.442529], [149.15334, -35.442465], [149.153352, -35.442399], [149.153361, -35.442334], [149.153368, -35.442269], [149.153371, -35.442203], [149.153372, -35.442137], [149.15337, -35.442072], [149.153366, -35.442006], [149.153358, -35.441941], [149.153348, -35.441875], [149.153334, -35.441811], [149.153319, -35.441746], [149.1533, -35.441682], [149.153279, -35.441619], [149.153254, -35.441556], [149.153215, -35.441436], [149.15318, -35.441315], [149.15315, -35.441193], [149.153126, -35.44107], [149.153107, -35.440946], [149.153093, -35.440822], [149.153084, -35.440698], [149.15308, -35.440573], [149.153082, -35.440449], [149.153088, -35.440325], [149.153101, -35.440201], [149.153118, -35.440077], [149.15314, -35.439954], [149.153168, -35.439831], [149.1532, -35.43971], [149.153238, -35.439589], [149.153281, -35.43947], [149.153329, -35.439351], [149.153381, -35.439234], [149.153439, -35.439119], [149.153501, -35.439006], [149.153569, -35.438894], [149.15364, -35.438784], [149.153717, -35.438676], [149.153798, -35.438571], [149.153883, -35.438468], [149.153972, -35.438367], [149.154066, -35.438269], [149.154164, -35.438173], [149.154265, -35.438081], [149.154371, -35.437991], [149.154867, -35.437382], [149.155134, -35.436628], [149.155123, -35.435781], [149.155107, -35.435688], [149.155087, -35.435595], [149.155063, -35.435504], [149.155036, -35.435413], [149.155004, -35.435323], [149.154969, -35.435233], [149.15493, -35.435145], [149.154887, -35.435058], [149.154841, -35.434973], [149.154791, -35.434888], [149.154737, -35.434805], [149.15468, -35.434724], [149.15462, -35.434645], [149.154556, -35.434567], [149.154489, -35.434491], [149.154418, -35.434417], [149.154345, -35.434345], [149.154268, -35.434275], [149.154189, -35.434207], [149.154107, -35.434142], [149.154022, -35.434079], [149.153935, -35.434019], [149.153845, -35.433961], [149.153752, -35.433905], [149.153658, -35.433853], [149.153561, -35.433803], [149.153462, -35.433755], [149.153361, -35.433711], [149.153258, -35.433669], [149.153154, -35.433631], [149.153048, -35.433596], [149.15294, -35.433563], [149.152831, -35.433534], [149.152721, -35.433508], [149.152611, -35.433484], [149.152499, -35.433464], [149.152386, -35.433448], [149.152273, -35.433434], [149.150711, -35.433606], [149.150555, -35.433629], [149.150398, -35.433648], [149.150241, -35.433662], [149.150083, -35.433672], [149.149925, -35.433677], [149.149767, -35.433678], [149.149608, -35.433673], [149.14945, -35.433665], [149.148418, -35.433596], [149.147388, -35.433501], [149.146362, -35.43338], [149.145341, -35.433233], [149.144822, -35.433338], [149.144714, -35.433424], [149.144603, -35.433506], [149.144488, -35.433586], [149.144369, -35.433663], [149.144248, -35.433735], [149.144123, -35.433805], [149.143995, -35.43387], [149.143865, -35.433932], [149.143732, -35.43399], [149.143597, -35.434044], [149.143459, -35.434095], [149.14332, -35.434141], [149.143178, -35.434183], [149.143035, -35.434221], [149.14289, -35.434255], [149.142744, -35.434285], [149.142596, -35.434311], [149.142448, -35.434332], [149.142298, -35.434349], [149.142149, -35.434361], [149.141998, -35.43437], [149.141889, -35.434366], [149.141779, -35.43436], [149.14167, -35.43435], [149.141561, -35.434337], [149.141453, -35.434321], [149.141346, -35.434303], [149.14124, -35.434281], [149.141134, -35.434256], [149.14103, -35.434228], [149.140927, -35.434196], [149.140826, -35.434163], [149.140726, -35.434126], [149.140627, -35.434086], [149.14053, -35.434044], [149.140435, -35.433999], [149.140343, -35.433951], [149.140252, -35.433901], [149.140163, -35.433848], [149.140077, -35.433792], [149.139993, -35.433735], [149.139912, -35.433674], [149.139833, -35.433612], [149.139757, -35.433547], [149.139684, -35.43348], [149.139613, -35.433411], [149.139546, -35.43334], [149.139481, -35.433268], [149.13942, -35.433193], [149.139362, -35.433117], [149.139308, -35.433039], [149.139256, -35.43296], [149.139208, -35.432879], [149.139164, -35.432797], [149.139123, -35.432713], [149.139086, -35.432629], [149.139052, -35.432543], [149.138163, -35.429401], [149.138667, -35.428319], [149.139088, -35.428002], [149.139741, -35.427599], [149.140409, -35.427214], [149.141091, -35.426846], [149.141788, -35.426495], [149.142996, -35.425615], [149.143088, -35.425133], [149.143793, -35.424771], [149.144486, -35.423693], [149.14565, -35.416777], [149.145706, -35.416573], [149.145771, -35.41637], [149.145845, -35.416169], [149.145926, -35.41597], [149.146016, -35.415774], [149.146114, -35.41558], [149.146219, -35.415389], [149.146334, -35.415201], [149.146455, -35.415017], [149.146586, -35.414836], [149.146722, -35.414659], [149.146866, -35.414485], [149.147018, -35.414316], [149.147175, -35.414151], [149.147342, -35.413991], [149.147513, -35.413836], [149.147691, -35.413685], [149.147875, -35.413539], [149.148066, -35.413399], [149.148262, -35.413264], [149.148463, -35.413135], [149.14867, -35.413011], [149.154856, -35.40928], [149.155122, -35.409128], [149.155381, -35.408969], [149.155633, -35.408802], [149.155877, -35.408628], [149.156113, -35.408447], [149.156342, -35.408259], [149.156562, -35.408065], [149.156773, -35.407864], [149.156976, -35.407657], [149.157169, -35.407444], [149.159683, -35.404793], [149.162796, -35.401501], [149.162807, -35.401489], [149.166234, -35.39787], [149.168353, -35.395546], [149.168545, -35.395335], [149.169739, -35.394026], [149.176217, -35.387167], [149.176361, -35.386607], [149.177796, -35.385094], [149.177995, -35.384884], [149.178637, -35.384615], [149.182188, -35.380851], [149.182191, -35.380848], [149.183046, -35.379913], [149.183053, -35.379906], [149.183334, -35.379585], [149.183533, -35.379354], [149.18359, -35.379288], [149.18379, -35.379055], [149.184553, -35.378136], [149.184575, -35.378109], [149.184858, -35.377754], [149.185004, -35.377571], [149.185016, -35.377556], [149.185142, -35.377398], [149.18591, -35.376368], [149.186426, -35.375649], [149.186658, -35.375304], [149.187118, -35.374614], [149.187875, -35.373442], [149.188705, -35.372154], [149.193477, -35.364751], [149.193641, -35.364495], [149.195703, -35.361273], [149.196875, -35.359443], [149.197916, -35.357817], [149.199259, -35.35572], [149.199339, -35.355594], [149.199654, -35.355107], [149.203785, -35.34874], [149.204106, -35.348247], [149.204403, -35.347787], [149.204522, -35.34761], [149.204646, -35.347436], [149.204781, -35.347267], [149.20492, -35.347101], [149.205068, -35.34694], [149.205222, -35.346782], [149.205383, -35.34663], [149.205551, -35.346482], [149.205725, -35.34634], [149.205905, -35.346202], [149.206091, -35.34607], [149.206183, -35.346009], [149.206283, -35.345943], [149.206345, -35.345905], [149.206445, -35.345845], [149.20648, -35.345823], [149.206523, -35.345798], [149.206682, -35.345707], [149.206889, -35.345599], [149.207101, -35.345495], [149.207317, -35.345399], [149.207546, -35.345305], [149.207761, -35.345225], [149.210881, -35.344101], [149.213248, -35.343248], [149.216186, -35.342191], [149.217878, -35.341575], [149.217912, -35.341563], [149.218119, -35.341496], [149.218329, -35.341438], [149.218541, -35.341387], [149.218756, -35.341342], [149.218974, -35.341309], [149.218989, -35.341307], [149.219194, -35.341281], [149.21943, -35.34126], [149.219651, -35.341255], [149.219873, -35.341259], [149.220094, -35.341271], [149.220366, -35.341294], [149.220585, -35.34132], [149.220802, -35.341356], [149.221454, -35.341259], [149.221571, -35.341242], [149.221657, -35.341264], [149.224473, -35.341801], [149.224954, -35.341708], [149.225318, -35.341775], [149.225693, -35.341844], [149.226027, -35.341905], [149.226238, -35.341943], [149.226604, -35.342191], [149.226638, -35.342215], [149.228822, -35.342616], [149.229396, -35.34287], [149.229516, -35.34295], [149.229593, -35.342946], [149.229615, -35.342945], [149.229713, -35.342936], [149.229812, -35.342925], [149.229898, -35.342912], [149.229909, -35.34291], [149.230006, -35.342893], [149.230037, -35.342887], [149.230103, -35.342873], [149.230198, -35.342851], [149.230292, -35.342826], [149.230386, -35.342798], [149.230478, -35.342768], [149.230568, -35.342735], [149.230658, -35.342699], [149.230745, -35.342661], [149.230831, -35.34262], [149.230915, -35.342577], [149.231257, -35.342381], [149.231378, -35.342319], [149.231448, -35.342281], [149.231586, -35.342204], [149.23146, -35.341817], [149.23147, -35.341538], [149.23198, -35.340932], [149.232317, -35.340527], [149.232923, -35.339899], [149.233102, -35.339666], [149.23317, -35.339379], [149.233157, -35.339063], [149.233115, -35.338748], [149.232965, -35.338488], [149.232677, -35.338187], [149.232047, -35.337625], [149.231636, -35.33731], [149.231189, -35.337043], [149.230889, -35.336865], [149.230763, -35.336983], [149.229695, -35.337128], [149.228525, -35.337388], [149.226937, -35.338254], [149.22607, -35.33879], [149.22536, -35.339146], [149.225004, -35.33939], [149.224493, -35.339679], [149.22396, -35.339812], [149.222783, -35.339613], [149.222094, -35.339168], [149.22207, -35.339116], [149.221828, -35.338524], [149.22205, -35.337502], [149.222138, -35.336791], [149.222538, -35.33588], [149.222738, -35.335169], [149.222671, -35.334303], [149.222183, -35.333014], [149.22125, -35.332437], [149.219562, -35.331815], [149.218406, -35.331815], [149.217673, -35.332126], [149.216866, -35.332736], [149.215937, -35.333494], [149.214858, -35.334079], [149.214307, -35.334366], [149.213515, -35.334745], [149.211151, -35.335812], [149.209957, -35.336283], [149.209682, -35.336386], [149.208618, -35.336741], [149.207301, -35.33717], [149.205751, -35.337342], [149.205236, -35.337399], [149.20397, -35.337579], [149.203381, -35.33783], [149.202493, -35.338227], [149.201586, -35.339165], [149.201073, -35.340429], [149.200707, -35.341048], [149.200299, -35.341456], [149.19961, -35.341779], [149.198827, -35.341687], [149.198429, -35.34164], [149.196895, -35.341232], [149.194686, -35.340796], [149.192858, -35.340585], [149.191409, -35.340176], [149.190663, -35.339657], [149.190579, -35.339599], [149.190309, -35.339306], [149.190325, -35.338826], [149.190418, -35.337023], [149.190327, -35.336783], [149.190328, -35.336266], [149.190386, -35.335775], [149.190443, -35.335336], [149.190642, -35.334965], [149.191691, -35.333038], [149.192203, -35.331962], [149.192427, -35.331732], [149.19285, -35.330493], [149.192864, -35.329584], [149.191966, -35.328395], [149.189918, -35.324921], [149.188517, -35.322237], [149.187928, -35.321098], [149.187162, -35.320311], [149.185721, -35.319918], [149.183078, -35.31946], [149.18077, -35.318746], [149.178645, -35.318493], [149.177112, -35.31793], [149.17662, -35.317128], [149.176563, -35.316143], [149.177438, -35.314564], [149.178195, -35.313456], [149.178058, -35.3122], [149.17754, -35.311396], [149.176139, -35.310636], [149.174922, -35.309478], [149.175078, -35.308027], [149.175363, -35.306601], [149.175545, -35.305202], [149.17583, -35.30388], [149.175686, -35.303592], [149.175441, -35.303102], [149.174534, -35.302636], [149.174158, -35.302493], [149.173575, -35.302273], [149.171942, -35.302532], [149.170646, -35.302895], [149.170206, -35.303828], [149.169517, -35.304812], [149.168503, -35.30579], [149.166658, -35.30612], [149.165571, -35.305826], [149.164814, -35.305264], [149.163958, -35.305032], [149.162493, -35.30491], [149.161322, -35.304219], [149.159969, -35.302865], [149.159269, -35.302308], [149.157905, -35.302034], [149.156714, -35.302493], [149.155527, -35.303184], [149.153442, -35.304123], [149.15306, -35.304343], [149.152929, -35.304565], [149.15282, -35.304816], [149.152536, -35.304691], [149.1525, -35.304736], [149.152423, -35.304782], [149.152235, -35.304793], [149.152218, -35.304795], [149.15217, -35.304795], [149.152038, -35.304775], [149.151905, -35.304735], [149.151885, -35.304731], [149.151865, -35.304727], [149.151845, -35.304723], [149.151825, -35.304719], [149.151806, -35.304715], [149.151783, -35.304709], [149.151761, -35.304702], [149.151738, -35.304695], [149.151716, -35.304689], [149.151693, -35.304684], [149.151668, -35.30468], [149.151643, -35.304677], [149.151618, -35.304675], [149.151592, -35.304674], [149.151568, -35.304676], [149.151547, -35.304678], [149.151528, -35.304683], [149.151508, -35.304687], [149.151488, -35.304693], [149.151469, -35.304699], [149.151442, -35.30471], [149.151417, -35.304723], [149.151392, -35.304737], [149.151366, -35.30475], [149.151339, -35.304761], [149.151302, -35.304772], [149.151263, -35.304781], [149.151223, -35.304789], [149.151182, -35.304795], [149.151143, -35.304802], [149.151096, -35.304811], [149.151048, -35.304821], [149.150995, -35.304829], [149.150954, -35.304836], [149.150907, -35.304839], [149.150871, -35.304839], [149.150835, -35.304837], [149.150799, -35.304834], [149.150764, -35.30483], [149.150728, -35.304826], [149.150678, -35.304818], [149.150628, -35.304809], [149.150579, -35.304799], [149.15053, -35.304786], [149.150483, -35.304771], [149.150439, -35.304754], [149.150397, -35.304734], [149.150355, -35.304713], [149.150315, -35.30469], [149.150276, -35.304666], [149.150245, -35.304645], [149.150214, -35.304623], [149.150184, -35.304599], [149.150156, -35.304575], [149.150128, -35.30455], [149.150099, -35.304522], [149.150071, -35.304493], [149.150044, -35.304462], [149.150019, -35.304432], [149.149993, -35.304401], [149.14998, -35.304387], [149.149968, -35.304372], [149.149956, -35.304357], [149.149943, -35.304342], [149.149931, -35.304327], [149.149879, -35.304344], [149.149862, -35.304335], [149.149846, -35.304324], [149.149831, -35.304312], [149.149805, -35.304286], [149.149792, -35.304268], [149.149782, -35.304248], [149.149772, -35.304223], [149.149764, -35.304193], [149.149756, -35.304163], [149.149745, -35.304136], [149.149734, -35.30411], [149.149721, -35.304085], [149.149707, -35.304059], [149.149693, -35.304034], [149.149677, -35.304007], [149.14966, -35.30398], [149.149642, -35.303953], [149.149623, -35.303927], [149.149604, -35.303901], [149.149576, -35.303866], [149.149546, -35.303832], [149.149516, -35.303798], [149.149485, -35.303765], [149.149454, -35.303731], [149.149435, -35.303708], [149.149416, -35.303686], [149.149397, -35.303664], [149.149378, -35.303641], [149.149359, -35.303619], [149.149343, -35.303597], [149.149327, -35.303574], [149.14931, -35.303552], [149.149294, -35.303529], [149.149277, -35.303507], [149.14924, -35.30346], [149.149202, -35.303413], [149.149163, -35.303367], [149.149124, -35.30332], [149.149086, -35.303273], [149.149035, -35.303203], [149.148985, -35.303132], [149.148936, -35.303061], [149.148886, -35.302991], [149.148833, -35.302921], [149.148793, -35.302871], [149.148751, -35.30282], [149.148709, -35.302772], [149.148665, -35.302721], [149.148623, -35.302671], [149.148571, -35.30261], [149.148519, -35.302548], [149.148468, -35.302486], [149.148416, -35.302424], [149.148364, -35.302363], [149.148303, -35.302289], [149.148244, -35.302215], [149.148183, -35.302141], [149.148122, -35.302067], [149.148058, -35.301995], [149.148022, -35.301955], [149.147985, -35.301915], [149.147947, -35.301876], [149.147909, -35.301837], [149.147868, -35.3018], [149.14783, -35.301765], [149.147791, -35.301731], [149.147751, -35.301698], [149.147709, -35.301666], [149.147667, -35.301635], [149.147618, -35.301602], [149.147568, -35.301571], [149.147517, -35.30154], [149.147465, -35.301511], [149.147412, -35.301483], [149.147361, -35.301458], [149.147308, -35.301434], [149.147254, -35.301412], [149.1472, -35.30139], [149.147146, -35.301369], [149.147085, -35.301346], [149.147023, -35.301325], [149.14696, -35.301304], [149.146897, -35.301285], [149.146832, -35.301269], [149.146771, -35.30125], [149.146708, -35.301234], [149.146644, -35.30122], [149.14658, -35.301206], [149.146515, -35.301194], [149.146475, -35.30119], [149.146434, -35.301185], [149.146393, -35.301182], [149.146352, -35.301179], [149.146311, -35.301176], [149.146246, -35.301174], [149.146182, -35.301174], [149.146117, -35.301174], [149.146053, -35.301176], [149.145988, -35.301177], [149.14592, -35.301177], [149.145851, -35.301178], [149.145783, -35.30118], [149.145714, -35.301181], [149.145646, -35.301183], [149.145581, -35.301184], [149.145517, -35.301186], [149.145452, -35.301188], [149.145388, -35.30119], [149.145323, -35.301194], [149.145247, -35.3012], [149.145171, -35.301207], [149.145094, -35.301216], [149.145018, -35.301224], [149.144943, -35.301233], [149.144874, -35.30124], [149.144806, -35.301248], [149.144737, -35.301256], [149.144669, -35.301264], [149.144601, -35.301271], [149.144543, -35.301278], [149.144485, -35.301284], [149.144427, -35.30129], [149.144369, -35.301296], [149.144312, -35.301304], [149.14425, -35.301312], [149.144189, -35.301322], [149.144127, -35.301333], [149.144066, -35.301343], [149.144004, -35.301352], [149.143937, -35.301361], [149.14387, -35.301369], [149.143802, -35.301377], [149.143735, -35.301386], [149.143669, -35.301396], [149.143612, -35.301406], [149.143556, -35.301417], [149.1435, -35.301428], [149.143443, -35.301439], [149.143387, -35.30145], [149.14332, -35.301461], [149.143253, -35.301472], [149.143186, -35.301482], [149.143119, -35.301493], [149.143053, -35.301504], [149.143, -35.301513], [149.142947, -35.301522], [149.142895, -35.301532], [149.142843, -35.301542], [149.14279, -35.301552], [149.142744, -35.301563], [149.142699, -35.301576], [149.142653, -35.301589], [149.142608, -35.301599], [149.142561, -35.301605], [149.142536, -35.301606], [149.142511, -35.301606], [149.142486, -35.301606], [149.142461, -35.301604], [149.142436, -35.301601], [149.142407, -35.301596], [149.142378, -35.30159], [149.142349, -35.301582], [149.142322, -35.301572], [149.142297, -35.301561], [149.142274, -35.301548], [149.142253, -35.301533], [149.142233, -35.301516], [149.142214, -35.301499], [149.142196, -35.301481], [149.142169, -35.301452], [149.142146, -35.301421], [149.142125, -35.301388], [149.142105, -35.301355], [149.142086, -35.301321], [149.142063, -35.301282], [149.142039, -35.301242], [149.142026, -35.301217], [149.142018, -35.301201], [149.142001, -35.30116], [149.141989, -35.301118], [149.141985, -35.301097], [149.141982, -35.301075], [149.14198, -35.301053], [149.141979, -35.301032], [149.141979, -35.30101], [149.141979, -35.300986], [149.14198, -35.300961], [149.141983, -35.300937], [149.141987, -35.300913], [149.141996, -35.300891], [149.142009, -35.300871], [149.142026, -35.300851], [149.142045, -35.300833], [149.142065, -35.300815], [149.142086, -35.300798], [149.142113, -35.300775], [149.142143, -35.300754], [149.142173, -35.300733], [149.142204, -35.300713], [149.142234, -35.300693], [149.142281, -35.30066], [149.142329, -35.300627], [149.142376, -35.300595], [149.142423, -35.300561], [149.142467, -35.300526], [149.142513, -35.300487], [149.142559, -35.300447], [149.142602, -35.300406], [149.142644, -35.300364], [149.142685, -35.300321], [149.142726, -35.30028], [149.142766, -35.300239], [149.142806, -35.300197], [149.142845, -35.300155], [149.142884, -35.300112], [149.142926, -35.300065], [149.142968, -35.300017], [149.143009, -35.299969], [149.143049, -35.29992], [149.143088, -35.299871], [149.143118, -35.299833], [149.143148, -35.299794], [149.143177, -35.299755], [149.143204, -35.299715], [149.143228, -35.299674], [149.143241, -35.299647], [149.143254, -35.299619], [149.143265, -35.29959], [149.143275, -35.299562], [149.143283, -35.299533], [149.143289, -35.299503], [149.143294, -35.299473], [149.143297, -35.299442], [149.143298, -35.299412], [149.143299, -35.299381], [149.143299, -35.299351], [149.143297, -35.299321], [149.143295, -35.299291], [149.143292, -35.299261], [149.143288, -35.29923], [149.143284, -35.299193], [149.14328, -35.299156], [149.143275, -35.299119], [149.143268, -35.299083], [149.143257, -35.299047], [149.143243, -35.299014], [149.143226, -35.298982], [149.143207, -35.29895], [149.143187, -35.298919], [149.143167, -35.298887], [149.143143, -35.298846], [149.143118, -35.298805], [149.143092, -35.298764], [149.143065, -35.298724], [149.143037, -35.298684], [149.143017, -35.298658], [149.142997, -35.298633], [149.142976, -35.298607], [149.142955, -35.298582], [149.142935, -35.298556], [149.142919, -35.298538], [149.142902, -35.298519], [149.142885, -35.2985], [149.142871, -35.298481], [149.14286, -35.298461], [149.142853, -35.298443], [149.142847, -35.298424], [149.142844, -35.298406], [149.142842, -35.298387], [149.142847, -35.298358], [149.142856, -35.298336], [149.142869, -35.298315], [149.142887, -35.298293], [149.142909, -35.298274], [149.142932, -35.298257], [149.142958, -35.298242], [149.142985, -35.298229], [149.143026, -35.298203], [149.143066, -35.298176], [149.143105, -35.298149], [149.143143, -35.29812], [149.143179, -35.29809], [149.143202, -35.298071], [149.143226, -35.298052], [149.143248, -35.298033], [149.14327, -35.298013], [149.143288, -35.297991], [149.143306, -35.297966], [149.143321, -35.297939], [149.143334, -35.297911], [149.143346, -35.297883], [149.143357, -35.297855], [149.14337, -35.297824], [149.143382, -35.297793], [149.143393, -35.297761], [149.143403, -35.297729], [149.143413, -35.297697], [149.143426, -35.297647], [149.143438, -35.297596], [149.143448, -35.297545], [149.143457, -35.297494], [149.143465, -35.297443], [149.143474, -35.297386], [149.143481, -35.297328], [149.143487, -35.297271], [149.143493, -35.297213], [149.143497, -35.297156], [149.1435, -35.297092], [149.143501, -35.297029], [149.143502, -35.296965], [149.143502, -35.296901], [149.143502, -35.296837], [149.143502, -35.29676], [149.143503, -35.296682], [149.143503, -35.296604], [149.143501, -35.296526], [149.143498, -35.296449], [149.143493, -35.296374], [149.143487, -35.2963], [149.143484, -35.296267], [149.143479, -35.296225], [149.143471, -35.296151], [149.143462, -35.296077], [149.143447, -35.295967], [149.14343, -35.295857], [149.143411, -35.295748], [149.143389, -35.295638], [149.143366, -35.29553], [149.143361, -35.295493], [149.143355, -35.295456], [149.143346, -35.29542], [149.143335, -35.295384], [149.143322, -35.295348], [149.143307, -35.295313], [149.143292, -35.295278], [149.143276, -35.295243], [149.143261, -35.29521], [149.143247, -35.295177], [149.143231, -35.295144], [149.143213, -35.295113], [149.143193, -35.295083], [149.143173, -35.29506], [149.143152, -35.295039], [149.14313, -35.295018], [149.143107, -35.294997], [149.143084, -35.294977], [149.14306, -35.294954], [149.143036, -35.294932], [149.143012, -35.294909], [149.142987, -35.294887], [149.142963, -35.294865], [149.14294, -35.294845], [149.142916, -35.294826], [149.142893, -35.294806], [149.14287, -35.294786], [149.142848, -35.294765], [149.142817, -35.29473], [149.142788, -35.294694], [149.142761, -35.294657], [149.142733, -35.29462], [149.142705, -35.294584], [149.14267, -35.294541], [149.142636, -35.294498], [149.1426, -35.294455], [149.142565, -35.294413], [149.142528, -35.294371], [149.142489, -35.294327], [149.142449, -35.294283], [149.142408, -35.294239], [149.142367, -35.294196], [149.142325, -35.294153], [149.142286, -35.294116], [149.142247, -35.294079], [149.142208, -35.294042], [149.142168, -35.294005], [149.142129, -35.293968], [149.142051, -35.293889], [149.141975, -35.293808], [149.1419, -35.293727], [149.141823, -35.293647], [149.141743, -35.29357], [149.141696, -35.293526], [149.141649, -35.293483], [149.1416, -35.293441], [149.141551, -35.293399], [149.141501, -35.293358], [149.141451, -35.29332], [149.1414, -35.293283], [149.141348, -35.293247], [149.141296, -35.29321], [149.141245, -35.293173], [149.141213, -35.293149], [149.141181, -35.293125], [149.141149, -35.2931], [149.141118, -35.293076], [149.141086, -35.293051], [149.140904, -35.292953], [149.14069, -35.292827], [149.140396, -35.292665], [149.140363, -35.292682], [149.140336, -35.292675], [149.140308, -35.292668], [149.14028, -35.292661], [149.140252, -35.292654], [149.140224, -35.292646], [149.140151, -35.292625], [149.140079, -35.292602], [149.140008, -35.292578], [149.139936, -35.292553], [149.139865, -35.292528], [149.13979, -35.292502], [149.139715, -35.292475], [149.13964, -35.292448], [149.139566, -35.292419], [149.139493, -35.292389], [149.139419, -35.292356], [149.139347, -35.292321], [149.139275, -35.292285], [149.139204, -35.292249], [149.139133, -35.292212], [149.139058, -35.292174], [149.138984, -35.292135], [149.13891, -35.292095], [149.138837, -35.292055], [149.138765, -35.292013], [149.138699, -35.291973], [149.138634, -35.291932], [149.13857, -35.29189], [149.138506, -35.291847], [149.138444, -35.291803], [149.138371, -35.29175], [149.1383, -35.291696], [149.13823, -35.291642], [149.138162, -35.291585], [149.138094, -35.291529], [149.13805, -35.29149], [149.138006, -35.291451], [149.137964, -35.291412], [149.137921, -35.291372], [149.137878, -35.291333], [149.137824, -35.291284], [149.137768, -35.291236], [149.137713, -35.291187], [149.137662, -35.291137], [149.137615, -35.291083], [149.137597, -35.291058], [149.137581, -35.291031], [149.137565, -35.291004], [149.137547, -35.290978], [149.137526, -35.290955], [149.137509, -35.290941], [149.137491, -35.290928], [149.137472, -35.290915], [149.137452, -35.290903], [149.137432, -35.290892], [149.137402, -35.290878], [149.137371, -35.290866], [149.137338, -35.290855], [149.137305, -35.290845], [149.137272, -35.290836], [149.137231, -35.290824], [149.137188, -35.290813], [149.137146, -35.290803], [149.137103, -35.290794], [149.13706, -35.290786], [149.136992, -35.290774], [149.136924, -35.290764], [149.136855, -35.290756], [149.136786, -35.290749], [149.136717, -35.290743], [149.136681, -35.29074], [149.136644, -35.290738], [149.136608, -35.290736], [149.136572, -35.290735], [149.136535, -35.290734], [149.136272, -35.290727], [149.135995, -35.290705], [149.135751, -35.290699], [149.135514, -35.290703], [149.13533, -35.290712], [149.135158, -35.290709], [149.134993, -35.290691], [149.134821, -35.290645], [149.134656, -35.29061], [149.134483, -35.290559], [149.134356, -35.290491], [149.134261, -35.290374], [149.1342, -35.290316], [149.134131, -35.290198], [149.134109, -35.290107], [149.134119, -35.289954], [149.134123, -35.289936], [149.134128, -35.289919], [149.134134, -35.289901], [149.134143, -35.289885], [149.134159, -35.289859], [149.134181, -35.289835], [149.134204, -35.289818], [149.134227, -35.289806], [149.134252, -35.289797], [149.134272, -35.289793], [149.134293, -35.289792], [149.134314, -35.289793], [149.134336, -35.289794], [149.134357, -35.289795], [149.134379, -35.289794], [149.1344, -35.289792], [149.134422, -35.289791], [149.134442, -35.289791], [149.134479, -35.289797], [149.134511, -35.289811], [149.134542, -35.289824], [149.134563, -35.289831], [149.134585, -35.28984], [149.134606, -35.289847], [149.134642, -35.289849], [149.134661, -35.289839], [149.134676, -35.289824], [149.134682, -35.289799], [149.134679, -35.289781], [149.134684, -35.289756], [149.134698, -35.289735], [149.134721, -35.289725], [149.13475, -35.289722], [149.134778, -35.289726], [149.134805, -35.289738], [149.13483, -35.289754], [149.134846, -35.289769], [149.134864, -35.289774], [149.134881, -35.289765], [149.134896, -35.289753], [149.134923, -35.289734], [149.134948, -35.289713], [149.134974, -35.289692], [149.135002, -35.289671], [149.135032, -35.289653], [149.13506, -35.289643], [149.13509, -35.289636], [149.135116, -35.289638], [149.13514, -35.289646], [149.135164, -35.289656], [149.135181, -35.289663], [149.135198, -35.289671], [149.135216, -35.289678], [149.135233, -35.289686], [149.13525, -35.289693], [149.135267, -35.289699], [149.135284, -35.289706], [149.135301, -35.289713], [149.135319, -35.289719], [149.135337, -35.289723], [149.13537, -35.289727], [149.135406, -35.289726], [149.135442, -35.289723], [149.135478, -35.289718], [149.135514, -35.289715], [149.135545, -35.289714], [149.135575, -35.289713], [149.135606, -35.289712], [149.135636, -35.289711], [149.135666, -35.289707], [149.1357, -35.2897], [149.135735, -35.28969], [149.135769, -35.289679], [149.135802, -35.289667], [149.135841, -35.289651], [149.135854, -35.289649], [149.135872, -35.289642], [149.13589, -35.289635], [149.135908, -35.289628], [149.135927, -35.289621], [149.135962, -35.28961], [149.135997, -35.2896], [149.136033, -35.28959], [149.136068, -35.28958], [149.136103, -35.28957], [149.136131, -35.289561], [149.136159, -35.289553], [149.136187, -35.289544], [149.136214, -35.289534], [149.13624, -35.289524], [149.136259, -35.289516], [149.136278, -35.289508], [149.136297, -35.289499], [149.136315, -35.28949], [149.136342, -35.28947], [149.136363, -35.28945], [149.136383, -35.28943], [149.1364, -35.28941], [149.136417, -35.289392], [149.136437, -35.289382], [149.136458, -35.289377], [149.13648, -35.289374], [149.136499, -35.289373], [149.136519, -35.289374], [149.136539, -35.289377], [149.136559, -35.28938], [149.136579, -35.289383], [149.136603, -35.289387], [149.136627, -35.289392], [149.136651, -35.289397], [149.136674, -35.289401], [149.136705, -35.289403], [149.136731, -35.289402], [149.136718, -35.289388], [149.136704, -35.289375], [149.136683, -35.28936], [149.136661, -35.289346], [149.136637, -35.289329], [149.136611, -35.289309], [149.136583, -35.289291], [149.136566, -35.289281], [149.136547, -35.289272], [149.136529, -35.289263], [149.13651, -35.289256], [149.13649, -35.28925], [149.136472, -35.289246], [149.136454, -35.289244], [149.136435, -35.289242], [149.136416, -35.289241], [149.136398, -35.28924], [149.136375, -35.28924], [149.136353, -35.289241], [149.13633, -35.289242], [149.136308, -35.289243], [149.136286, -35.289242], [149.136259, -35.28924], [149.136232, -35.289235], [149.136206, -35.28923], [149.136179, -35.289224], [149.136153, -35.289218], [149.13613, -35.289211], [149.136108, -35.289204], [149.136085, -35.289197], [149.136063, -35.289189], [149.13604, -35.289182], [149.136022, -35.289176], [149.136003, -35.28917], [149.135984, -35.289164], [149.135966, -35.289158], [149.135947, -35.289151], [149.135914, -35.289138], [149.135881, -35.289124], [149.135848, -35.28911], [149.135815, -35.289097], [149.135781, -35.289084], [149.135755, -35.289075], [149.135729, -35.289065], [149.135702, -35.289057], [149.135675, -35.289049], [149.135648, -35.289043], [149.135627, -35.289039], [149.135606, -35.289036], [149.135585, -35.289034], [149.135563, -35.289033], [149.135543, -35.289034], [149.13552, -35.289039], [149.135497, -35.289046], [149.135475, -35.289057], [149.135449, -35.289067], [149.135417, -35.28908], [149.135389, -35.289095], [149.13536, -35.289108], [149.135334, -35.289117], [149.135307, -35.289124], [149.135283, -35.289123], [149.135261, -35.289116], [149.135242, -35.289104], [149.135224, -35.28908], [149.135214, -35.289049], [149.135198, -35.28902], [149.13518, -35.288992], [149.135159, -35.288965], [149.135141, -35.288946], [149.135122, -35.288927], [149.135101, -35.288909], [149.13508, -35.288892], [149.135058, -35.288875], [149.135035, -35.288859], [149.135012, -35.288842], [149.134988, -35.288827], [149.134963, -35.288813], [149.134937, -35.288802], [149.134912, -35.288794], [149.134886, -35.288789], [149.134859, -35.288785], [149.134832, -35.288781], [149.134805, -35.288777], [149.134764, -35.288771], [149.134723, -35.288764], [149.134682, -35.288759], [149.134641, -35.288755], [149.1346, -35.288754], [149.134566, -35.288755], [149.134532, -35.288757], [149.134497, -35.28876], [149.134463, -35.288764], [149.134429, -35.288768], [149.134396, -35.288771], [149.134364, -35.288776], [149.134331, -35.28878], [149.134298, -35.288784], [149.134265, -35.288787], [149.134242, -35.288788], [149.134218, -35.288788], [149.134194, -35.288788], [149.13417, -35.288788], [149.134146, -35.288789], [149.134124, -35.28879], [149.134101, -35.288791], [149.134079, -35.288792], [149.134056, -35.288792], [149.134021, -35.288788], [149.133995, -35.288782], [149.133968, -35.288776], [149.133947, -35.288771], [149.133926, -35.288766], [149.133905, -35.288762], [149.133884, -35.288758], [149.133851, -35.288756], [149.133827, -35.288758], [149.133803, -35.288757], [149.133785, -35.288753], [149.133767, -35.288747], [149.133749, -35.288739], [149.133733, -35.28873], [149.133717, -35.288721], [149.133692, -35.288706], [149.13367, -35.288688], [149.13366, -35.288665], [149.133651, -35.288643], [149.133629, -35.288636], [149.133606, -35.288637], [149.133582, -35.288642], [149.133556, -35.28864], [149.133529, -35.288629], [149.133503, -35.288617], [149.133488, -35.288607], [149.133462, -35.288589], [149.133443, -35.288573], [149.133423, -35.288557], [149.133403, -35.288543], [149.133374, -35.288526], [149.133344, -35.28851], [149.133313, -35.288496], [149.133281, -35.288482], [149.133249, -35.28847], [149.133221, -35.28846], [149.133192, -35.28845], [149.133163, -35.288441], [149.133133, -35.288434], [149.133103, -35.288429], [149.133074, -35.288427], [149.133045, -35.288425], [149.133016, -35.288425], [149.132987, -35.288427], [149.132958, -35.288432], [149.132941, -35.288436], [149.132906, -35.288447], [149.132889, -35.288453], [149.132858, -35.288469], [149.132829, -35.288488], [149.132803, -35.28851], [149.13278, -35.288541], [149.132766, -35.288551], [149.13275, -35.288573], [149.132737, -35.288596], [149.132726, -35.28862], [149.132665, -35.288788], [149.132643, -35.288956], [149.132615, -35.289151], [149.132645, -35.28928], [149.132679, -35.289328], [149.132739, -35.289332], [149.132823, -35.289309], [149.132893, -35.289306], [149.132969, -35.289333], [149.13301, -35.289387], [149.133045, -35.289451], [149.133079, -35.28952], [149.133082, -35.289612], [149.133116, -35.289666], [149.133215, -35.28968], [149.133314, -35.289673], [149.133478, -35.289648], [149.133546, -35.289607], [149.133618, -35.289595], [149.133724, -35.289615], [149.133803, -35.28964], [149.133864, -35.289699], [149.133906, -35.289768], [149.133934, -35.289843], [149.133923, -35.289914], [149.133918, -35.289995], [149.133893, -35.290055], [149.133822, -35.290083], [149.133777, -35.290121], [149.133745, -35.290176], [149.133734, -35.290236], [149.133662, -35.290269], [149.133545, -35.290309], [149.133427, -35.290365], [149.13337, -35.290453], [149.133306, -35.290513], [149.133221, -35.290536], [149.133115, -35.290527], [149.133003, -35.290524], [149.13284, -35.290586], [149.132711, -35.290675], [149.132672, -35.290718], [149.132653, -35.29074], [149.132637, -35.29076], [149.132615, -35.290785], [149.132595, -35.290811], [149.132556, -35.290865], [149.132535, -35.290891], [149.132487, -35.290942], [149.132458, -35.290968], [149.132429, -35.290993], [149.132398, -35.291016], [149.132332, -35.291055], [149.132298, -35.291071], [149.132226, -35.291098], [149.132189, -35.291111], [149.132146, -35.291123], [149.132102, -35.291134], [149.132057, -35.291143], [149.132012, -35.291151], [149.131966, -35.291158], [149.131916, -35.291164], [149.131864, -35.291168], [149.131813, -35.291171], [149.131761, -35.291172], [149.13171, -35.291173], [149.131668, -35.291174], [149.131625, -35.291174], [149.131582, -35.291174], [149.13154, -35.291172], [149.131499, -35.291166], [149.131465, -35.291158], [149.131431, -35.291147], [149.131398, -35.291135], [149.131365, -35.291122], [149.131333, -35.291109], [149.13129, -35.291091], [149.131247, -35.291072], [149.131205, -35.291051], [149.131162, -35.29103], [149.13112, -35.291011], [149.131072, -35.290989], [149.131025, -35.290968], [149.130977, -35.290947], [149.130928, -35.290927], [149.13088, -35.290907], [149.130818, -35.290884], [149.130756, -35.290862], [149.130693, -35.290841], [149.13063, -35.29082], [149.130567, -35.290799], [149.130497, -35.290774], [149.130427, -35.290748], [149.130357, -35.290722], [149.130287, -35.290698], [149.130215, -35.290676], [149.130149, -35.290657], [149.130081, -35.290641], [149.130013, -35.290625], [149.129945, -35.29061], [149.129877, -35.290595], [149.129812, -35.290581], [149.129748, -35.290568], [149.129683, -35.290555], [149.129618, -35.290542], [149.129553, -35.29053], [149.129505, -35.290529], [149.129443, -35.290523], [149.12941, -35.290529], [149.129363, -35.290531], [149.129315, -35.290535], [149.129255, -35.290535], [149.129225, -35.290543], [149.12918, -35.290548], [149.129136, -35.290556], [149.129092, -35.290565], [149.129023, -35.290588], [149.128985, -35.290601], [149.128933, -35.290624], [149.128882, -35.290648], [149.128832, -35.290673], [149.128774, -35.290707], [149.128722, -35.290731], [149.128668, -35.290762], [149.128617, -35.290795], [149.128566, -35.290828], [149.128513, -35.290867], [149.128461, -35.290907], [149.128411, -35.290948], [149.128362, -35.29099], [149.128314, -35.291033], [149.128258, -35.291084], [149.128203, -35.291138], [149.128149, -35.291192], [149.128096, -35.291246], [149.128045, -35.291302], [149.128006, -35.291347], [149.12797, -35.291393], [149.127933, -35.29144], [149.127895, -35.291485], [149.127853, -35.291527], [149.127822, -35.291554], [149.12779, -35.291581], [149.127756, -35.291607], [149.127722, -35.291632], [149.127685, -35.291654], [149.127644, -35.291675], [149.127601, -35.291695], [149.127556, -35.291713], [149.12749, -35.291732], [149.127463, -35.291739], [149.127417, -35.291748], [149.127381, -35.29175], [149.127341, -35.291756], [149.127295, -35.291753], [149.127253, -35.291753], [149.127192, -35.291752], [149.127131, -35.29175], [149.12707, -35.291745], [149.127009, -35.291737], [149.126975, -35.291731], [149.126949, -35.291726], [149.126913, -35.291718], [149.126876, -35.291709], [149.12684, -35.291699], [149.126805, -35.291688], [149.12677, -35.291675], [149.12673, -35.291657], [149.126691, -35.291637], [149.126653, -35.291615], [149.126617, -35.291591], [149.126583, -35.291565], [149.126554, -35.29154], [149.126525, -35.291514], [149.126499, -35.291486], [149.126475, -35.291457], [149.126454, -35.291427], [149.12644, -35.291403], [149.126427, -35.291377], [149.126417, -35.291351], [149.126407, -35.291325], [149.126398, -35.291299], [149.126391, -35.291273], [149.126385, -35.291247], [149.126381, -35.291221], [149.126377, -35.291195], [149.126375, -35.291169], [149.12624, -35.289542], [149.126222, -35.289364], [149.12618, -35.289279], [149.126176, -35.289128], [149.126164, -35.288901], [149.126139, -35.288702], [149.126121, -35.288513], [149.126099, -35.288295], [149.126075, -35.288144], [149.126085, -35.28802], [149.126082, -35.287907], [149.126032, -35.287767], [149.125956, -35.287644], [149.125841, -35.287501], [149.125712, -35.287362], [149.125517, -35.287198], [149.125349, -35.287088], [149.125142, -35.286978], [149.125043, -35.286953], [149.124956, -35.286895], [149.124729, -35.286775], [149.124655, -35.286717], [149.124509, -35.286665], [149.124335, -35.286566], [149.124176, -35.286525], [149.124024, -35.286512], [149.123767, -35.2865], [149.123549, -35.286483], [149.123371, -35.286475], [149.123109, -35.286523], [149.122879, -35.28656], [149.122558, -35.286641], [149.122238, -35.286744], [149.121892, -35.286853], [149.121493, -35.286952], [149.121107, -35.287045], [149.120694, -35.287122], [149.120446, -35.287186], [149.120321, -35.287226], [149.120178, -35.287298], [149.119985, -35.287437], [149.11983, -35.287548], [149.119721, -35.287684], [149.119464, -35.287926], [149.119285, -35.28814], [149.119248, -35.288211], [149.119197, -35.28832], [149.119084, -35.288527], [149.119056, -35.288706], [149.119052, -35.288798], [149.119113, -35.288861], [149.119168, -35.288936], [149.119208, -35.289039], [149.119208, -35.289207], [149.119238, -35.289368], [149.119255, -35.289525], [149.119245, -35.289654], [149.119259, -35.289924], [149.119272, -35.290151], [149.119288, -35.290285], [149.119293, -35.290442], [149.119244, -35.290599], [149.119262, -35.290777], [149.119338, -35.290922], [149.119508, -35.291124], [149.119675, -35.291218], [149.11982, -35.291243], [149.119892, -35.291245], [149.120172, -35.291369], [149.120419, -35.291499], [149.120593, -35.291599], [149.120641, -35.291658], [149.120589, -35.291696], [149.12055, -35.291729], [149.120579, -35.29181], [149.120718, -35.291872], [149.120879, -35.291945], [149.121059, -35.292028], [149.121239, -35.292111], [149.121398, -35.292168], [149.12155, -35.292187], [149.121582, -35.292186], [149.121613, -35.292185], [149.121645, -35.292186], [149.121677, -35.292187], [149.121708, -35.29219], [149.121747, -35.292193], [149.121786, -35.292199], [149.121823, -35.292202], [149.121863, -35.292214], [149.1219, -35.292224], [149.121928, -35.292233], [149.121955, -35.292244], [149.121982, -35.292255], [149.122008, -35.292268], [149.122033, -35.292281], [149.122058, -35.292295], [149.122082, -35.29231], [149.122106, -35.292325], [149.122128, -35.292342], [149.122147, -35.29236], [149.122166, -35.292382], [149.122183, -35.292406], [149.122198, -35.292431], [149.122211, -35.292457], [149.122223, -35.292483], [149.122236, -35.292516], [149.122246, -35.29255], [149.122254, -35.292585], [149.122261, -35.29262], [149.122267, -35.292655], [149.122274, -35.292711], [149.122279, -35.292767], [149.122281, -35.292823], [149.122279, -35.29288], [149.122274, -35.292936], [149.122271, -35.292962], [149.122268, -35.292988], [149.122263, -35.293014], [149.122258, -35.29304], [149.122251, -35.293065], [149.122243, -35.293091], [149.122234, -35.293116], [149.122224, -35.293141], [149.122214, -35.293166], [149.122202, -35.293191], [149.122182, -35.293228], [149.122161, -35.293264], [149.122138, -35.2933], [149.122113, -35.293336], [149.122088, -35.293371], [149.122059, -35.29341], [149.122028, -35.29345], [149.121997, -35.293488], [149.121964, -35.293526], [149.12193, -35.293563], [149.121332, -35.294193], [149.121307, -35.294225], [149.12128, -35.294256], [149.12125, -35.294286], [149.121218, -35.294315], [149.121185, -35.294341], [149.121144, -35.294369], [149.121099, -35.294394], [149.121053, -35.294417], [149.121005, -35.294438], [149.120957, -35.294458], [149.120902, -35.294478], [149.120855, -35.294496], [149.120803, -35.294512], [149.120749, -35.294527], [149.120696, -35.294539], [149.12064, -35.294548], [149.120584, -35.294555], [149.120527, -35.29456], [149.12047, -35.294564], [149.120414, -35.294565], [149.120359, -35.294566], [149.120304, -35.294565], [149.120249, -35.294562], [149.120195, -35.294557], [149.120143, -35.294548], [149.120092, -35.294535], [149.120042, -35.294518], [149.119993, -35.294498], [149.119944, -35.294477], [149.119897, -35.294455], [149.119843, -35.294431], [149.11979, -35.294405], [149.119738, -35.294377], [149.119686, -35.294349], [149.119636, -35.29432], [149.118903, -35.293873], [149.118459, -35.293608], [149.118057, -35.29335], [149.117816, -35.293187], [149.117649, -35.293082], [149.117501, -35.29296], [149.117379, -35.292838], [149.117304, -35.292737], [149.117222, -35.292614], [149.117119, -35.292481], [149.117004, -35.292332], [149.116854, -35.292135], [149.11678, -35.291991], [149.116725, -35.291873], [149.11669, -35.291788], [149.11663, -35.291767], [149.116602, -35.291714], [149.116592, -35.29159], [149.116575, -35.291439], [149.116526, -35.29131], [149.116497, -35.291219], [149.116468, -35.291133], [149.116408, -35.291091], [149.116353, -35.291016], [149.116298, -35.290909], [149.116203, -35.290797], [149.116054, -35.290633], [149.115885, -35.290481], [149.115631, -35.290321], [149.115429, -35.290214], [149.115398, -35.290198], [149.115164, -35.290078], [149.11497, -35.289968], [149.114803, -35.289863], [149.114574, -35.289694], [149.114413, -35.289562], [149.114291, -35.28944], [149.114191, -35.289382], [149.114069, -35.289239], [149.113965, -35.289062], [149.113843, -35.288919], [149.11374, -35.288732], [149.113696, -35.288581], [149.113692, -35.288425], [149.113655, -35.288285], [149.11366, -35.28817], [149.113662, -35.288013], [149.113644, -35.287835], [149.113652, -35.287614], [149.113626, -35.287398], [149.113569, -35.287205], [149.113537, -35.286995], [149.113499, -35.286833], [149.113423, -35.286678], [149.113328, -35.286588], [149.113254, -35.286481], [149.113137, -35.286327], [149.112982, -35.286178], [149.112828, -35.286068], [149.112647, -35.285941], [149.11248, -35.285852], [149.112312, -35.285737], [149.112112, -35.285632], [149.111912, -35.285531], [149.111732, -35.285453], [149.111572, -35.285386], [149.111425, -35.285302], [149.111324, -35.285217], [149.111258, -35.285197], [149.111212, -35.285214], [149.111139, -35.285166], [149.111038, -35.285103], [149.110911, -35.285025], [149.110739, -35.284979], [149.110645, -35.284932], [149.110545, -35.284869], [149.110411, -35.284801], [149.110337, -35.284738], [149.110303, -35.284663], [149.109517, -35.284331], [149.109385, -35.284322]]]}}, {"type": "Feature", "properties": {"index": "FRAS", "division": "Fraser", "state": "Australian Capital Territory", "year": "2005", "proclaimed": "20051209", "quota": "114630", "electors": "109838", "deviation": ""}, "geometry": {"type": "MultiPolygon", "coordinates": [[[[149.127009, -35.291737], [149.12707, -35.291745], [149.127131, -35.29175], [149.127192, -35.291752], [149.127253, -35.291753], [149.127295, -35.291753], [149.127341, -35.291756], [149.127381, -35.29175], [149.127417, -35.291748], [149.127463, -35.291739], [149.12749, -35.291732], [149.127556, -35.291713], [149.127601, -35.291695], [149.127644, -35.291675], [149.127685, -35.291654], [149.127722, -35.291632], [149.127756, -35.291607], [149.12779, -35.291581], [149.127822, -35.291554], [149.127853, -35.291527], [149.127895, -35.291485], [149.127933, -35.29144], [149.12797, -35.291393], [149.128006, -35.291347], [149.128045, -35.291302], [149.128096, -35.291246], [149.128149, -35.291192], [149.128203, -35.291138], [149.128258, -35.291084], [149.128314, -35.291033], [149.128362, -35.29099], [149.128411, -35.290948], [149.128461, -35.290907], [149.128513, -35.290867], [149.128566, -35.290828], [149.128617, -35.290795], [149.128668, -35.290762], [149.128722, -35.290731], [149.128774, -35.290707], [149.128832, -35.290673], [149.128882, -35.290648], [149.128933, -35.290624], [149.128985, -35.290601], [149.129023, -35.290588], [149.129092, -35.290565], [149.129136, -35.290556], [149.12918, -35.290548], [149.129225, -35.290543], [149.129255, -35.290535], [149.129315, -35.290535], [149.129363, -35.290531], [149.12941, -35.290529], [149.129443, -35.290523], [149.129505, -35.290529], [149.129553, -35.29053], [149.129618, -35.290542], [149.129683, -35.290555], [149.129748, -35.290568], [149.129812, -35.290581], [149.129877, -35.290595], [149.129945, -35.29061], [149.130013, -35.290625], [149.130081, -35.290641], [149.130149, -35.290657], [149.130215, -35.290676], [149.130287, -35.290698], [149.130357, -35.290722], [149.130427, -35.290748], [149.130497, -35.290774], [149.130567, -35.290799], [149.13063, -35.29082], [149.130693, -35.290841], [149.130756, -35.290862], [149.130818, -35.290884], [149.13088, -35.290907], [149.130928, -35.290927], [149.130977, -35.290947], [149.131025, -35.290968], [149.131072, -35.290989], [149.13112, -35.291011], [149.131162, -35.29103], [149.131205, -35.291051], [149.131247, -35.291072], [149.13129, -35.291091], [149.131333, -35.291109], [149.131365, -35.291122], [149.131398, -35.291135], [149.131431, -35.291147], [149.131465, -35.291158], [149.131499, -35.291166], [149.13154, -35.291172], [149.131582, -35.291174], [149.131625, -35.291174], [149.131668, -35.291174], [149.13171, -35.291173], [149.131761, -35.291172], [149.131813, -35.291171], [149.131864, -35.291168], [149.131916, -35.291164], [149.131966, -35.291158], [149.132012, -35.291151], [149.132057, -35.291143], [149.132102, -35.291134], [149.132146, -35.291123], [149.132189, -35.291111], [149.132226, -35.291098], [149.132298, -35.291071], [149.132332, -35.291055], [149.132398, -35.291016], [149.132429, -35.290993], [149.132458, -35.290968], [149.132487, -35.290942], [149.132535, -35.290891], [149.132556, -35.290865], [149.132595, -35.290811], [149.132615, -35.290785], [149.132637, -35.29076], [149.132653, -35.29074], [149.132672, -35.290718], [149.132711, -35.290675], [149.13284, -35.290586], [149.133003, -35.290524], [149.133115, -35.290527], [149.133221, -35.290536], [149.133306, -35.290513], [149.13337, -35.290453], [149.133427, -35.290365], [149.133545, -35.290309], [149.133662, -35.290269], [149.133734, -35.290236], [149.133745, -35.290176], [149.133777, -35.290121], [149.133822, -35.290083], [149.133893, -35.290055], [149.133918, -35.289995], [149.133923, -35.289914], [149.133934, -35.289843], [149.133906, -35.289768], [149.133864, -35.289699], [149.133803, -35.28964], [149.133724, -35.289615], [149.133618, -35.289595], [149.133546, -35.289607], [149.133478, -35.289648], [149.133314, -35.289673], [149.133215, -35.28968], [149.133116, -35.289666], [149.133082, -35.289612], [149.133079, -35.28952], [149.133045, -35.289451], [149.13301, -35.289387], [149.132969, -35.289333], [149.132893, -35.289306], [149.132823, -35.289309], [149.132739, -35.289332], [149.132679, -35.289328], [149.132645, -35.28928], [149.132615, -35.289151], [149.132643, -35.288956], [149.132665, -35.288788], [149.132726, -35.28862], [149.132737, -35.288596], [149.13275, -35.288573], [149.132766, -35.288551], [149.13278, -35.288541], [149.132803, -35.28851], [149.132829, -35.288488], [149.132858, -35.288469], [149.132889, -35.288453], [149.132906, -35.288447], [149.132941, -35.288436], [149.132958, -35.288432], [149.132987, -35.288427], [149.133016, -35.288425], [149.133045, -35.288425], [149.133074, -35.288427], [149.133103, -35.288429], [149.133133, -35.288434], [149.133163, -35.288441], [149.133192, -35.28845], [149.133221, -35.28846], [149.133249, -35.28847], [149.133281, -35.288482], [149.133313, -35.288496], [149.133344, -35.28851], [149.133374, -35.288526], [149.133403, -35.288543], [149.133423, -35.288557], [149.133443, -35.288573], [149.133462, -35.288589], [149.133488, -35.288607], [149.133503, -35.288617], [149.133529, -35.288629], [149.133556, -35.28864], [149.133582, -35.288642], [149.133606, -35.288637], [149.133629, -35.288636], [149.133651, -35.288643], [149.13366, -35.288665], [149.13367, -35.288688], [149.133692, -35.288706], [149.133717, -35.288721], [149.133733, -35.28873], [149.133749, -35.288739], [149.133767, -35.288747], [149.133785, -35.288753], [149.133803, -35.288757], [149.133827, -35.288758], [149.133851, -35.288756], [149.133884, -35.288758], [149.133905, -35.288762], [149.133926, -35.288766], [149.133947, -35.288771], [149.133968, -35.288776], [149.133995, -35.288782], [149.134021, -35.288788], [149.134056, -35.288792], [149.134079, -35.288792], [149.134101, -35.288791], [149.134124, -35.28879], [149.134146, -35.288789], [149.13417, -35.288788], [149.134194, -35.288788], [149.134218, -35.288788], [149.134242, -35.288788], [149.134265, -35.288787], [149.134298, -35.288784], [149.134331, -35.28878], [149.134364, -35.288776], [149.134396, -35.288771], [149.134429, -35.288768], [149.134463, -35.288764], [149.134497, -35.28876], [149.134532, -35.288757], [149.134566, -35.288755], [149.1346, -35.288754], [149.134641, -35.288755], [149.134682, -35.288759], [149.134723, -35.288764], [149.134764, -35.288771], [149.134805, -35.288777], [149.134832, -35.288781], [149.134859, -35.288785], [149.134886, -35.288789], [149.134912, -35.288794], [149.134937, -35.288802], [149.134963, -35.288813], [149.134988, -35.288827], [149.135012, -35.288842], [149.135035, -35.288859], [149.135058, -35.288875], [149.13508, -35.288892], [149.135101, -35.288909], [149.135122, -35.288927], [149.135141, -35.288946], [149.135159, -35.288965], [149.13518, -35.288992], [149.135198, -35.28902], [149.135214, -35.289049], [149.135224, -35.28908], [149.135242, -35.289104], [149.135261, -35.289116], [149.135283, -35.289123], [149.135307, -35.289124], [149.135334, -35.289117], [149.13536, -35.289108], [149.135389, -35.289095], [149.135417, -35.28908], [149.135449, -35.289067], [149.135475, -35.289057], [149.135497, -35.289046], [149.13552, -35.289039], [149.135543, -35.289034], [149.135563, -35.289033], [149.135585, -35.289034], [149.135606, -35.289036], [149.135627, -35.289039], [149.135648, -35.289043], [149.135675, -35.289049], [149.135702, -35.289057], [149.135729, -35.289065], [149.135755, -35.289075], [149.135781, -35.289084], [149.135815, -35.289097], [149.135848, -35.28911], [149.135881, -35.289124], [149.135914, -35.289138], [149.135947, -35.289151], [149.135966, -35.289158], [149.135984, -35.289164], [149.136003, -35.28917], [149.136022, -35.289176], [149.13604, -35.289182], [149.136063, -35.289189], [149.136085, -35.289197], [149.136108, -35.289204], [149.13613, -35.289211], [149.136153, -35.289218], [149.136179, -35.289224], [149.136206, -35.28923], [149.136232, -35.289235], [149.136259, -35.28924], [149.136286, -35.289242], [149.136308, -35.289243], [149.13633, -35.289242], [149.136353, -35.289241], [149.136375, -35.28924], [149.136398, -35.28924], [149.136416, -35.289241], [149.136435, -35.289242], [149.136454, -35.289244], [149.136472, -35.289246], [149.13649, -35.28925], [149.13651, -35.289256], [149.136529, -35.289263], [149.136547, -35.289272], [149.136566, -35.289281], [149.136583, -35.289291], [149.136611, -35.289309], [149.136637, -35.289329], [149.136661, -35.289346], [149.136683, -35.28936], [149.136704, -35.289375], [149.136718, -35.289388], [149.136731, -35.289402], [149.136705, -35.289403], [149.136674, -35.289401], [149.136651, -35.289397], [149.136627, -35.289392], [149.136603, -35.289387], [149.136579, -35.289383], [149.136559, -35.28938], [149.136539, -35.289377], [149.136519, -35.289374], [149.136499, -35.289373], [149.13648, -35.289374], [149.136458, -35.289377], [149.136437, -35.289382], [149.136417, -35.289392], [149.1364, -35.28941], [149.136383, -35.28943], [149.136363, -35.28945], [149.136342, -35.28947], [149.136315, -35.28949], [149.136297, -35.289499], [149.136278, -35.289508], [149.136259, -35.289516], [149.13624, -35.289524], [149.136214, -35.289534], [149.136187, -35.289544], [149.136159, -35.289553], [149.136131, -35.289561], [149.136103, -35.28957], [149.136068, -35.28958], [149.136033, -35.28959], [149.135997, -35.2896], [149.135962, -35.28961], [149.135927, -35.289621], [149.135908, -35.289628], [149.13589, -35.289635], [149.135872, -35.289642], [149.135854, -35.289649], [149.135841, -35.289651], [149.135802, -35.289667], [149.135769, -35.289679], [149.135735, -35.28969], [149.1357, -35.2897], [149.135666, -35.289707], [149.135636, -35.289711], [149.135606, -35.289712], [149.135575, -35.289713], [149.135545, -35.289714], [149.135514, -35.289715], [149.135478, -35.289718], [149.135442, -35.289723], [149.135406, -35.289726], [149.13537, -35.289727], [149.135337, -35.289723], [149.135319, -35.289719], [149.135301, -35.289713], [149.135284, -35.289706], [149.135267, -35.289699], [149.13525, -35.289693], [149.135233, -35.289686], [149.135216, -35.289678], [149.135198, -35.289671], [149.135181, -35.289663], [149.135164, -35.289656], [149.13514, -35.289646], [149.135116, -35.289638], [149.13509, -35.289636], [149.13506, -35.289643], [149.135032, -35.289653], [149.135002, -35.289671], [149.134974, -35.289692], [149.134948, -35.289713], [149.134923, -35.289734], [149.134896, -35.289753], [149.134881, -35.289765], [149.134864, -35.289774], [149.134846, -35.289769], [149.13483, -35.289754], [149.134805, -35.289738], [149.134778, -35.289726], [149.13475, -35.289722], [149.134721, -35.289725], [149.134698, -35.289735], [149.134684, -35.289756], [149.134679, -35.289781], [149.134682, -35.289799], [149.134676, -35.289824], [149.134661, -35.289839], [149.134642, -35.289849], [149.134606, -35.289847], [149.134585, -35.28984], [149.134563, -35.289831], [149.134542, -35.289824], [149.134511, -35.289811], [149.134479, -35.289797], [149.134442, -35.289791], [149.134422, -35.289791], [149.1344, -35.289792], [149.134379, -35.289794], [149.134357, -35.289795], [149.134336, -35.289794], [149.134314, -35.289793], [149.134293, -35.289792], [149.134272, -35.289793], [149.134252, -35.289797], [149.134227, -35.289806], [149.134204, -35.289818], [149.134181, -35.289835], [149.134159, -35.289859], [149.134143, -35.289885], [149.134134, -35.289901], [149.134128, -35.289919], [149.134123, -35.289936], [149.134119, -35.289954], [149.134109, -35.290107], [149.134131, -35.290198], [149.1342, -35.290316], [149.134261, -35.290374], [149.134356, -35.290491], [149.134483, -35.290559], [149.134656, -35.29061], [149.134821, -35.290645], [149.134993, -35.290691], [149.135158, -35.290709], [149.13533, -35.290712], [149.135514, -35.290703], [149.135751, -35.290699], [149.135995, -35.290705], [149.136272, -35.290727], [149.136535, -35.290734], [149.136572, -35.290735], [149.136608, -35.290736], [149.136644, -35.290738], [149.136681, -35.29074], [149.136717, -35.290743], [149.136786, -35.290749], [149.136855, -35.290756], [149.136924, -35.290764], [149.136992, -35.290774], [149.13706, -35.290786], [149.137103, -35.290794], [149.137146, -35.290803], [149.137188, -35.290813], [149.137231, -35.290824], [149.137272, -35.290836], [149.137305, -35.290845], [149.137338, -35.290855], [149.137371, -35.290866], [149.137402, -35.290878], [149.137432, -35.290892], [149.137452, -35.290903], [149.137472, -35.290915], [149.137491, -35.290928], [149.137509, -35.290941], [149.137526, -35.290955], [149.137547, -35.290978], [149.137565, -35.291004], [149.137581, -35.291031], [149.137597, -35.291058], [149.137615, -35.291083], [149.137662, -35.291137], [149.137713, -35.291187], [149.137768, -35.291236], [149.137824, -35.291284], [149.137878, -35.291333], [149.137921, -35.291372], [149.137964, -35.291412], [149.138006, -35.291451], [149.13805, -35.29149], [149.138094, -35.291529], [149.138162, -35.291585], [149.13823, -35.291642], [149.1383, -35.291696], [149.138371, -35.29175], [149.138444, -35.291803], [149.138506, -35.291847], [149.13857, -35.29189], [149.138634, -35.291932], [149.138699, -35.291973], [149.138765, -35.292013], [149.138837, -35.292055], [149.13891, -35.292095], [149.138984, -35.292135], [149.139058, -35.292174], [149.139133, -35.292212], [149.139204, -35.292249], [149.139275, -35.292285], [149.139347, -35.292321], [149.139419, -35.292356], [149.139493, -35.292389], [149.139566, -35.292419], [149.13964, -35.292448], [149.139715, -35.292475], [149.13979, -35.292502], [149.139865, -35.292528], [149.139936, -35.292553], [149.140008, -35.292578], [149.140079, -35.292602], [149.140151, -35.292625], [149.140224, -35.292646], [149.140252, -35.292654], [149.14028, -35.292661], [149.140308, -35.292668], [149.140336, -35.292675], [149.140363, -35.292682], [149.140396, -35.292665], [149.14069, -35.292827], [149.140904, -35.292953], [149.141086, -35.293051], [149.141118, -35.293076], [149.141149, -35.2931], [149.141181, -35.293125], [149.141213, -35.293149], [149.141245, -35.293173], [149.141296, -35.29321], [149.141348, -35.293247], [149.1414, -35.293283], [149.141451, -35.29332], [149.141501, -35.293358], [149.141551, -35.293399], [149.1416, -35.293441], [149.141649, -35.293483], [149.141696, -35.293526], [149.141743, -35.29357], [149.141823, -35.293647], [149.1419, -35.293727], [149.141975, -35.293808], [149.142051, -35.293889], [149.142129, -35.293968], [149.142168, -35.294005], [149.142208, -35.294042], [149.142247, -35.294079], [149.142286, -35.294116], [149.142325, -35.294153], [149.142367, -35.294196], [149.142408, -35.294239], [149.142449, -35.294283], [149.142489, -35.294327], [149.142528, -35.294371], [149.142565, -35.294413], [149.1426, -35.294455], [149.142636, -35.294498], [149.14267, -35.294541], [149.142705, -35.294584], [149.142733, -35.29462], [149.142761, -35.294657], [149.142788, -35.294694], [149.142817, -35.29473], [149.142848, -35.294765], [149.14287, -35.294786], [149.142893, -35.294806], [149.142916, -35.294826], [149.14294, -35.294845], [149.142963, -35.294865], [149.142987, -35.294887], [149.143012, -35.294909], [149.143036, -35.294932], [149.14306, -35.294954], [149.143084, -35.294977], [149.143107, -35.294997], [149.14313, -35.295018], [149.143152, -35.295039], [149.143173, -35.29506], [149.143193, -35.295083], [149.143213, -35.295113], [149.143231, -35.295144], [149.143247, -35.295177], [149.143261, -35.29521], [149.143276, -35.295243], [149.143292, -35.295278], [149.143307, -35.295313], [149.143322, -35.295348], [149.143335, -35.295384], [149.143346, -35.29542], [149.143355, -35.295456], [149.143361, -35.295493], [149.143366, -35.29553], [149.143389, -35.295638], [149.143411, -35.295748], [149.14343, -35.295857], [149.143447, -35.295967], [149.143462, -35.296077], [149.143471, -35.296151], [149.143479, -35.296225], [149.143484, -35.296267], [149.143487, -35.2963], [149.143493, -35.296374], [149.143498, -35.296449], [149.143501, -35.296526], [149.143503, -35.296604], [149.143503, -35.296682], [149.143502, -35.29676], [149.143502, -35.296837], [149.143502, -35.296901], [149.143502, -35.296965], [149.143501, -35.297029], [149.1435, -35.297092], [149.143497, -35.297156], [149.143493, -35.297213], [149.143487, -35.297271], [149.143481, -35.297328], [149.143474, -35.297386], [149.143465, -35.297443], [149.143457, -35.297494], [149.143448, -35.297545], [149.143438, -35.297596], [149.143426, -35.297647], [149.143413, -35.297697], [149.143403, -35.297729], [149.143393, -35.297761], [149.143382, -35.297793], [149.14337, -35.297824], [149.143357, -35.297855], [149.143346, -35.297883], [149.143334, -35.297911], [149.143321, -35.297939], [149.143306, -35.297966], [149.143288, -35.297991], [149.14327, -35.298013], [149.143248, -35.298033], [149.143226, -35.298052], [149.143202, -35.298071], [149.143179, -35.29809], [149.143143, -35.29812], [149.143105, -35.298149], [149.143066, -35.298176], [149.143026, -35.298203], [149.142985, -35.298229], [149.142958, -35.298242], [149.142932, -35.298257], [149.142909, -35.298274], [149.142887, -35.298293], [149.142869, -35.298315], [149.142856, -35.298336], [149.142847, -35.298358], [149.142842, -35.298387], [149.142844, -35.298406], [149.142847, -35.298424], [149.142853, -35.298443], [149.14286, -35.298461], [149.142871, -35.298481], [149.142885, -35.2985], [149.142902, -35.298519], [149.142919, -35.298538], [149.142935, -35.298556], [149.142955, -35.298582], [149.142976, -35.298607], [149.142997, -35.298633], [149.143017, -35.298658], [149.143037, -35.298684], [149.143065, -35.298724], [149.143092, -35.298764], [149.143118, -35.298805], [149.143143, -35.298846], [149.143167, -35.298887], [149.143187, -35.298919], [149.143207, -35.29895], [149.143226, -35.298982], [149.143243, -35.299014], [149.143257, -35.299047], [149.143268, -35.299083], [149.143275, -35.299119], [149.14328, -35.299156], [149.143284, -35.299193], [149.143288, -35.29923], [149.143292, -35.299261], [149.143295, -35.299291], [149.143297, -35.299321], [149.143299, -35.299351], [149.143299, -35.299381], [149.143298, -35.299412], [149.143297, -35.299442], [149.143294, -35.299473], [149.143289, -35.299503], [149.143283, -35.299533], [149.143275, -35.299562], [149.143265, -35.29959], [149.143254, -35.299619], [149.143241, -35.299647], [149.143228, -35.299674], [149.143204, -35.299715], [149.143177, -35.299755], [149.143148, -35.299794], [149.143118, -35.299833], [149.143088, -35.299871], [149.143049, -35.29992], [149.143009, -35.299969], [149.142968, -35.300017], [149.142926, -35.300065], [149.142884, -35.300112], [149.142845, -35.300155], [149.142806, -35.300197], [149.142766, -35.300239], [149.142726, -35.30028], [149.142685, -35.300321], [149.142644, -35.300364], [149.142602, -35.300406], [149.142559, -35.300447], [149.142513, -35.300487], [149.142467, -35.300526], [149.142423, -35.300561], [149.142376, -35.300595], [149.142329, -35.300627], [149.142281, -35.30066], [149.142234, -35.300693], [149.142204, -35.300713], [149.142173, -35.300733], [149.142143, -35.300754], [149.142113, -35.300775], [149.142086, -35.300798], [149.142065, -35.300815], [149.142045, -35.300833], [149.142026, -35.300851], [149.142009, -35.300871], [149.141996, -35.300891], [149.141987, -35.300913], [149.141983, -35.300937], [149.14198, -35.300961], [149.141979, -35.300986], [149.141979, -35.30101], [149.141979, -35.301032], [149.14198, -35.301053], [149.141982, -35.301075], [149.141985, -35.301097], [149.141989, -35.301118], [149.142001, -35.30116], [149.142018, -35.301201], [149.142026, -35.301217], [149.142039, -35.301242], [149.142063, -35.301282], [149.142086, -35.301321], [149.142105, -35.301355], [149.142125, -35.301388], [149.142146, -35.301421], [149.142169, -35.301452], [149.142196, -35.301481], [149.142214, -35.301499], [149.142233, -35.301516], [149.142253, -35.301533], [149.142274, -35.301548], [149.142297, -35.301561], [149.142322, -35.301572], [149.142349, -35.301582], [149.142378, -35.30159], [149.142407, -35.301596], [149.142436, -35.301601], [149.142461, -35.301604], [149.142486, -35.301606], [149.142511, -35.301606], [149.142536, -35.301606], [149.142561, -35.301605], [149.142608, -35.301599], [149.142653, -35.301589], [149.142699, -35.301576], [149.142744, -35.301563], [149.14279, -35.301552], [149.142843, -35.301542], [149.142895, -35.301532], [149.142947, -35.301522], [149.143, -35.301513], [149.143053, -35.301504], [149.143119, -35.301493], [149.143186, -35.301482], [149.143253, -35.301472], [149.14332, -35.301461], [149.143387, -35.30145], [149.143443, -35.301439], [149.1435, -35.301428], [149.143556, -35.301417], [149.143612, -35.301406], [149.143669, -35.301396], [149.143735, -35.301386], [149.143802, -35.301377], [149.14387, -35.301369], [149.143937, -35.301361], [149.144004, -35.301352], [149.144066, -35.301343], [149.144127, -35.301333], [149.144189, -35.301322], [149.14425, -35.301312], [149.144312, -35.301304], [149.144369, -35.301296], [149.144427, -35.30129], [149.144485, -35.301284], [149.144543, -35.301278], [149.144601, -35.301271], [149.144669, -35.301264], [149.144737, -35.301256], [149.144806, -35.301248], [149.144874, -35.30124], [149.144943, -35.301233], [149.145018, -35.301224], [149.145094, -35.301216], [149.145171, -35.301207], [149.145247, -35.3012], [149.145323, -35.301194], [149.145388, -35.30119], [149.145452, -35.301188], [149.145517, -35.301186], [149.145581, -35.301184], [149.145646, -35.301183], [149.145714, -35.301181], [149.145783, -35.30118], [149.145851, -35.301178], [149.14592, -35.301177], [149.145988, -35.301177], [149.146053, -35.301176], [149.146117, -35.301174], [149.146182, -35.301174], [149.146246, -35.301174], [149.146311, -35.301176], [149.146352, -35.301179], [149.146393, -35.301182], [149.146434, -35.301185], [149.146475, -35.30119], [149.146515, -35.301194], [149.14658, -35.301206], [149.146644, -35.30122], [149.146708, -35.301234], [149.146771, -35.30125], [149.146832, -35.301269], [149.146897, -35.301285], [149.14696, -35.301304], [149.147023, -35.301325], [149.147085, -35.301346], [149.147146, -35.301369], [149.1472, -35.30139], [149.147254, -35.301412], [149.147308, -35.301434], [149.147361, -35.301458], [149.147412, -35.301483], [149.147465, -35.301511], [149.147517, -35.30154], [149.147568, -35.301571], [149.147618, -35.301602], [149.147667, -35.301635], [149.147709, -35.301666], [149.147751, -35.301698], [149.147791, -35.301731], [149.14783, -35.301765], [149.147868, -35.3018], [149.147909, -35.301837], [149.147947, -35.301876], [149.147985, -35.301915], [149.148022, -35.301955], [149.148058, -35.301995], [149.148122, -35.302067], [149.148183, -35.302141], [149.148244, -35.302215], [149.148303, -35.302289], [149.148364, -35.302363], [149.148416, -35.302424], [149.148468, -35.302486], [149.148519, -35.302548], [149.148571, -35.30261], [149.148623, -35.302671], [149.148665, -35.302721], [149.148709, -35.302772], [149.148751, -35.30282], [149.148793, -35.302871], [149.148833, -35.302921], [149.148886, -35.302991], [149.148936, -35.303061], [149.148985, -35.303132], [149.149035, -35.303203], [149.149086, -35.303273], [149.149124, -35.30332], [149.149163, -35.303367], [149.149202, -35.303413], [149.14924, -35.30346], [149.149277, -35.303507], [149.149294, -35.303529], [149.14931, -35.303552], [149.149327, -35.303574], [149.149343, -35.303597], [149.149359, -35.303619], [149.149378, -35.303641], [149.149397, -35.303664], [149.149416, -35.303686], [149.149435, -35.303708], [149.149454, -35.303731], [149.149485, -35.303765], [149.149516, -35.303798], [149.149546, -35.303832], [149.149576, -35.303866], [149.149604, -35.303901], [149.149623, -35.303927], [149.149642, -35.303953], [149.14966, -35.30398], [149.149677, -35.304007], [149.149693, -35.304034], [149.149707, -35.304059], [149.149721, -35.304085], [149.149734, -35.30411], [149.149745, -35.304136], [149.149756, -35.304163], [149.149764, -35.304193], [149.149772, -35.304223], [149.149782, -35.304248], [149.149792, -35.304268], [149.149805, -35.304286], [149.149831, -35.304312], [149.149846, -35.304324], [149.149862, -35.304335], [149.149879, -35.304344], [149.149931, -35.304327], [149.149943, -35.304342], [149.149956, -35.304357], [149.149968, -35.304372], [149.14998, -35.304387], [149.149993, -35.304401], [149.150019, -35.304432], [149.150044, -35.304462], [149.150071, -35.304493], [149.150099, -35.304522], [149.150128, -35.30455], [149.150156, -35.304575], [149.150184, -35.304599], [149.150214, -35.304623], [149.150245, -35.304645], [149.150276, -35.304666], [149.150315, -35.30469], [149.150355, -35.304713], [149.150397, -35.304734], [149.150439, -35.304754], [149.150483, -35.304771], [149.15053, -35.304786], [149.150579, -35.304799], [149.150628, -35.304809], [149.150678, -35.304818], [149.150728, -35.304826], [149.150764, -35.30483], [149.150799, -35.304834], [149.150835, -35.304837], [149.150871, -35.304839], [149.150907, -35.304839], [149.150954, -35.304836], [149.150995, -35.304829], [149.151048, -35.304821], [149.151096, -35.304811], [149.151143, -35.304802], [149.151182, -35.304795], [149.151223, -35.304789], [149.151263, -35.304781], [149.151302, -35.304772], [149.151339, -35.304761], [149.151366, -35.30475], [149.151392, -35.304737], [149.151417, -35.304723], [149.151442, -35.30471], [149.151469, -35.304699], [149.151488, -35.304693], [149.151508, -35.304687], [149.151528, -35.304683], [149.151547, -35.304678], [149.151568, -35.304676], [149.151592, -35.304674], [149.151618, -35.304675], [149.151643, -35.304677], [149.151668, -35.30468], [149.151693, -35.304684], [149.151716, -35.304689], [149.151738, -35.304695], [149.151761, -35.304702], [149.151783, -35.304709], [149.151806, -35.304715], [149.151825, -35.304719], [149.151845, -35.304723], [149.151865, -35.304727], [149.151885, -35.304731], [149.151905, -35.304735], [149.152038, -35.304775], [149.15217, -35.304795], [149.152218, -35.304795], [149.152235, -35.304793], [149.152423, -35.304782], [149.1525, -35.304736], [149.152536, -35.304691], [149.15282, -35.304816], [149.152929, -35.304565], [149.15306, -35.304343], [149.153442, -35.304123], [149.155527, -35.303184], [149.156714, -35.302493], [149.157905, -35.302034], [149.159269, -35.302308], [149.159969, -35.302865], [149.161322, -35.304219], [149.162493, -35.30491], [149.163958, -35.305032], [149.164814, -35.305264], [149.165571, -35.305826], [149.166658, -35.30612], [149.168503, -35.30579], [149.169517, -35.304812], [149.170206, -35.303828], [149.170646, -35.302895], [149.171942, -35.302532], [149.173575, -35.302273], [149.174158, -35.302493], [149.174534, -35.302636], [149.175441, -35.303102], [149.175686, -35.303592], [149.17583, -35.30388], [149.175545, -35.305202], [149.175363, -35.306601], [149.175078, -35.308027], [149.174922, -35.309478], [149.176139, -35.310636], [149.17754, -35.311396], [149.178058, -35.3122], [149.178195, -35.313456], [149.177438, -35.314564], [149.176563, -35.316143], [149.17662, -35.317128], [149.177112, -35.31793], [149.178645, -35.318493], [149.18077, -35.318746], [149.183078, -35.31946], [149.185721, -35.319918], [149.187162, -35.320311], [149.187928, -35.321098], [149.188517, -35.322237], [149.189918, -35.324921], [149.191966, -35.328395], [149.192864, -35.329584], [149.19285, -35.330493], [149.192427, -35.331732], [149.192203, -35.331962], [149.191691, -35.333038], [149.190642, -35.334965], [149.190443, -35.335336], [149.190386, -35.335775], [149.190328, -35.336266], [149.190327, -35.336783], [149.190418, -35.337023], [149.190325, -35.338826], [149.190309, -35.339306], [149.190579, -35.339599], [149.190663, -35.339657], [149.191409, -35.340176], [149.192858, -35.340585], [149.194686, -35.340796], [149.196895, -35.341232], [149.198429, -35.34164], [149.198827, -35.341687], [149.19961, -35.341779], [149.200299, -35.341456], [149.200707, -35.341048], [149.201073, -35.340429], [149.201586, -35.339165], [149.202493, -35.338227], [149.203381, -35.33783], [149.20397, -35.337579], [149.205236, -35.337399], [149.205751, -35.337342], [149.207301, -35.33717], [149.208618, -35.336741], [149.209682, -35.336386], [149.209957, -35.336283], [149.211151, -35.335812], [149.213515, -35.334745], [149.214307, -35.334366], [149.214858, -35.334079], [149.215937, -35.333494], [149.216866, -35.332736], [149.217673, -35.332126], [149.218406, -35.331815], [149.219562, -35.331815], [149.22125, -35.332437], [149.222183, -35.333014], [149.222671, -35.334303], [149.222738, -35.335169], [149.222538, -35.33588], [149.222138, -35.336791], [149.22205, -35.337502], [149.221828, -35.338524], [149.22207, -35.339116], [149.222094, -35.339168], [149.222783, -35.339613], [149.22396, -35.339812], [149.224493, -35.339679], [149.225004, -35.33939], [149.22536, -35.339146], [149.22607, -35.33879], [149.226937, -35.338254], [149.228525, -35.337388], [149.229695, -35.337128], [149.230763, -35.336983], [149.230889, -35.336865], [149.231189, -35.337043], [149.231636, -35.33731], [149.232047, -35.337625], [149.232677, -35.338187], [149.232965, -35.338488], [149.233115, -35.338748], [149.233157, -35.339063], [149.23317, -35.339379], [149.233102, -35.339666], [149.232923, -35.339899], [149.232317, -35.340527], [149.23198, -35.340932], [149.23147, -35.341538], [149.23146, -35.341817], [149.231586, -35.342204], [149.231677, -35.342152], [149.232142, -35.341893], [149.232227, -35.341845], [149.235133, -35.340221], [149.241433, -35.336702], [149.241557, -35.336628], [149.242687, -35.335959], [149.24409, -35.334829], [149.245074, -35.333504], [149.24573, -35.332376], [149.246585, -35.331304], [149.247774, -35.330527], [149.249247, -35.33009], [149.250424, -35.330119], [149.251204, -35.33017], [149.251614, -35.330197], [149.251749, -35.330206], [149.253131, -35.330198], [149.253508, -35.330133], [149.254417, -35.330143], [149.254814, -35.330079], [149.255121, -35.330171], [149.25539, -35.330473], [149.255779, -35.330691], [149.25611, -35.330943], [149.256645, -35.331374], [149.257633, -35.33169], [149.258195, -35.331784], [149.258663, -35.331957], [149.25971, -35.331639], [149.260454, -35.331319], [149.262038, -35.331209], [149.262722, -35.331369], [149.263304, -35.331658], [149.264176, -35.332262], [149.265044, -35.33263], [149.265199, -35.33273], [149.266034, -35.333464], [149.267124, -35.334536], [149.267921, -35.334954], [149.269683, -35.335094], [149.269981, -35.335117], [149.27031, -35.334988], [149.271002, -35.335056], [149.272354, -35.335432], [149.273954, -35.335877], [149.276044, -35.335785], [149.277357, -35.33626], [149.278093, -35.336525], [149.279224, -35.337129], [149.27998, -35.337511], [149.280654, -35.337765], [149.281563, -35.338002], [149.282694, -35.338069], [149.28342, -35.337993], [149.283949, -35.3379], [149.284532, -35.33774], [149.28552, -35.33734], [149.286695, -35.33659], [149.288058, -35.335852], [149.288499, -35.335746], [149.29089, -35.334428], [149.291074, -35.334314], [149.291264, -35.334205], [149.291457, -35.334102], [149.291656, -35.334004], [149.291858, -35.333912], [149.292064, -35.333826], [149.292274, -35.333746], [149.292486, -35.333672], [149.292702, -35.333604], [149.292921, -35.333542], [149.293142, -35.333487], [149.293366, -35.333438], [149.293591, -35.333395], [149.293818, -35.333359], [149.294047, -35.33333], [149.294276, -35.333307], [149.294507, -35.333291], [149.294738, -35.333281], [149.294969, -35.333278], [149.2952, -35.333282], [149.295431, -35.333292], [149.29576, -35.333272], [149.299606, -35.333082], [149.299747, -35.333077], [149.299887, -35.333077], [149.300028, -35.33308], [149.300168, -35.333088], [149.300307, -35.333099], [149.300447, -35.333114], [149.300585, -35.333134], [149.300723, -35.333157], [149.300859, -35.333184], [149.300995, -35.333215], [149.301129, -35.33325], [149.301261, -35.333288], [149.302133, -35.333484], [149.303161, -35.334815], [149.303216, -35.334888], [149.303275, -35.334959], [149.303337, -35.335029], [149.303402, -35.335097], [149.30347, -35.335163], [149.303541, -35.335227], [149.303614, -35.335289], [149.30369, -35.335349], [149.303768, -35.335406], [149.303849, -35.335461], [149.303932, -35.335514], [149.304018, -35.335564], [149.304105, -35.335612], [149.304195, -35.335658], [149.304287, -35.3357], [149.30438, -35.33574], [149.304475, -35.335778], [149.304571, -35.335812], [149.304669, -35.335844], [149.304769, -35.335873], [149.304869, -35.335898], [149.30497, -35.335922], [149.305073, -35.335942], [149.305176, -35.335959], [149.30528, -35.335973], [149.305384, -35.335984], [149.305489, -35.335992], [149.305594, -35.335997], [149.3057, -35.335999], [149.305805, -35.335998], [149.30591, -35.335994], [149.306015, -35.335986], [149.306119, -35.335976], [149.30795, -35.336006], [149.307945, -35.335892], [149.308588, -35.335919], [149.308586, -35.336034], [149.311882, -35.33611], [149.312133, -35.336115], [149.314995, -35.336181], [149.316203, -35.336361], [149.316729, -35.336439], [149.317045, -35.336486], [149.317113, -35.336497], [149.318863, -35.336757], [149.319098, -35.336792], [149.31905, -35.336933], [149.31904, -35.337005], [149.31926, -35.337041], [149.319488, -35.337079], [149.326571, -35.338245], [149.326636, -35.338096], [149.327243, -35.338198], [149.327304, -35.338382], [149.336187, -35.339858], [149.336346, -35.339884], [149.336502, -35.339914], [149.336658, -35.339949], [149.33681, -35.339988], [149.336962, -35.340031], [149.337113, -35.340079], [149.337261, -35.340132], [149.337406, -35.340188], [149.337549, -35.340249], [149.337689, -35.340314], [149.337826, -35.340383], [149.337959, -35.340456], [149.33809, -35.340533], [149.338218, -35.340613], [149.338342, -35.340698], [149.338462, -35.340785], [149.338578, -35.340876], [149.33869, -35.340971], [149.338798, -35.341068], [149.338902, -35.341169], [149.339002, -35.341273], [149.339097, -35.341379], [149.339186, -35.341489], [149.339271, -35.3416], [149.339353, -35.341714], [149.339427, -35.341831], [149.339498, -35.341949], [149.339563, -35.34207], [149.339757, -35.342369], [149.340038, -35.342761], [149.340079, -35.343575], [149.340098, -35.343671], [149.340122, -35.343767], [149.340149, -35.343862], [149.340179, -35.343956], [149.340214, -35.344049], [149.340254, -35.344141], [149.340295, -35.344233], [149.340342, -35.344323], [149.340391, -35.344411], [149.340446, -35.344498], [149.340502, -35.344584], [149.340563, -35.344667], [149.340629, -35.34475], [149.340695, -35.34483], [149.340766, -35.344908], [149.340841, -35.344985], [149.340918, -35.345059], [149.340998, -35.345131], [149.341082, -35.345201], [149.347266, -35.350155], [149.347426, -35.350265], [149.34759, -35.350371], [149.347761, -35.350471], [149.347934, -35.350567], [149.348111, -35.350658], [149.348293, -35.350744], [149.348477, -35.350824], [149.348665, -35.3509], [149.348855, -35.35097], [149.34905, -35.351034], [149.349246, -35.351094], [149.349445, -35.351147], [149.349646, -35.351195], [149.349849, -35.351238], [149.350053, -35.351274], [149.350258, -35.351305], [149.350466, -35.351329], [149.350674, -35.351349], [149.350882, -35.351362], [149.351091, -35.351369], [149.351301, -35.35137], [149.35151, -35.351366], [149.351718, -35.351355], [149.351926, -35.351339], [149.352134, -35.351317], [149.356236, -35.350708], [149.356385, -35.350674], [149.356532, -35.350636], [149.356677, -35.350593], [149.35682, -35.350546], [149.356962, -35.350495], [149.357101, -35.35044], [149.357237, -35.350381], [149.357371, -35.350319], [149.357502, -35.350252], [149.357631, -35.350182], [149.357756, -35.350108], [149.357878, -35.350031], [149.357996, -35.34995], [149.358111, -35.349866], [149.358223, -35.349778], [149.358331, -35.349688], [149.358963, -35.349175], [149.359036, -35.349111], [149.359111, -35.34905], [149.359189, -35.34899], [149.359269, -35.348933], [149.359352, -35.348879], [149.359437, -35.348826], [149.359524, -35.348776], [149.359613, -35.348729], [149.359704, -35.348684], [149.359798, -35.348642], [149.359892, -35.348602], [149.359988, -35.348565], [149.360086, -35.348531], [149.360186, -35.3485], [149.360286, -35.348471], [149.360386, -35.348446], [149.360486, -35.348424], [149.360588, -35.348404], [149.36069, -35.348388], [149.360793, -35.348374], [149.360897, -35.348363], [149.361, -35.348355], [149.361104, -35.34835], [149.361209, -35.348347], [149.361313, -35.348348], [149.361417, -35.348352], [149.361521, -35.348358], [149.361625, -35.348368], [149.362484, -35.348417], [149.362562, -35.348426], [149.36264, -35.348432], [149.362717, -35.348436], [149.362795, -35.348437], [149.362873, -35.348437], [149.362951, -35.348434], [149.363029, -35.348429], [149.363106, -35.348422], [149.363183, -35.348413], [149.36326, -35.348401], [149.363336, -35.348388], [149.363412, -35.348372], [149.363486, -35.348354], [149.36356, -35.348334], [149.363634, -35.348312], [149.363706, -35.348287], [149.363777, -35.348261], [149.363847, -35.348233], [149.363915, -35.348203], [149.363983, -35.348171], [149.364049, -35.348137], [149.364113, -35.348101], [149.364176, -35.348063], [149.364238, -35.348024], [149.364297, -35.347983], [149.364355, -35.34794], [149.364411, -35.347895], [149.364465, -35.347849], [149.364517, -35.347802], [149.364567, -35.347753], [149.364615, -35.347703], [149.364661, -35.347651], [149.364704, -35.347598], [149.364746, -35.347544], [149.364785, -35.347488], [149.364821, -35.347432], [149.364856, -35.347375], [149.364888, -35.347316], [149.364917, -35.347257], [149.364944, -35.347197], [149.364968, -35.347136], [149.36499, -35.347075], [149.365009, -35.347013], [149.365025, -35.346951], [149.365039, -35.346888], [149.365, -35.345225], [149.364946, -35.342929], [149.364951, -35.342807], [149.364963, -35.342685], [149.364979, -35.342563], [149.365, -35.342442], [149.365026, -35.342322], [149.365056, -35.342202], [149.365092, -35.342083], [149.365133, -35.341965], [149.365178, -35.341849], [149.365228, -35.341733], [149.365283, -35.341619], [149.365346, -35.3415], [149.365415, -35.341383], [149.365489, -35.341267], [149.365567, -35.341154], [149.365651, -35.341043], [149.365739, -35.340935], [149.365832, -35.340829], [149.365929, -35.340726], [149.366031, -35.340626], [149.366137, -35.340529], [149.366247, -35.340436], [149.366361, -35.340345], [149.366479, -35.340258], [149.366601, -35.340174], [149.366726, -35.340094], [149.366855, -35.340018], [149.366987, -35.339946], [149.367122, -35.339877], [149.36726, -35.339812], [149.367401, -35.339752], [149.367544, -35.339696], [149.367689, -35.339643], [149.367837, -35.339596], [149.367987, -35.339552], [149.373322, -35.338264], [149.373831, -35.338125], [149.374333, -35.337971], [149.374828, -35.337802], [149.375315, -35.337618], [149.375793, -35.337419], [149.376261, -35.337206], [149.37672, -35.336978], [149.383164, -35.33365], [149.385366, -35.332525], [149.386789, -35.331936], [149.389546, -35.331346], [149.390655, -35.330703], [149.391764, -35.32982], [149.394162, -35.327436], [149.394575, -35.327214], [149.397884, -35.32547], [149.397457, -35.324862], [149.397149, -35.324424], [149.3973, -35.323873], [149.397335, -35.323743], [149.398025, -35.322262], [149.398041, -35.320932], [149.398047, -35.320396], [149.399284, -35.319175], [149.397833, -35.318796], [149.397769, -35.318174], [149.397754, -35.318029], [149.397743, -35.317994], [149.397466, -35.317099], [149.397454, -35.317076], [149.397328, -35.31683], [149.397327, -35.316756], [149.397316, -35.315895], [149.396832, -35.314114], [149.396945, -35.313946], [149.397267, -35.313465], [149.39736, -35.310928], [149.396479, -35.309616], [149.39454, -35.309155], [149.395345, -35.307264], [149.394673, -35.306519], [149.394708, -35.306377], [149.394708, -35.306374], [149.39497, -35.30569], [149.39511, -35.304413], [149.39479, -35.303157], [149.394625, -35.303131], [149.393449, -35.30294], [149.391581, -35.303464], [149.390368, -35.302851], [149.390164, -35.302748], [149.389902, -35.302615], [149.38838, -35.303462], [149.386537, -35.303214], [149.386288, -35.303313], [149.385952, -35.303448], [149.385212, -35.303744], [149.384968, -35.303842], [149.384457, -35.304047], [149.384015, -35.305687], [149.383967, -35.305864], [149.383821, -35.30641], [149.381991, -35.306207], [149.381732, -35.305557], [149.379891, -35.305751], [149.378702, -35.305339], [149.37798, -35.305089], [149.376081, -35.304836], [149.376073, -35.304874], [149.374231, -35.304626], [149.374075, -35.304792], [149.372244, -35.306739], [149.370172, -35.30824], [149.368689, -35.308124], [149.368469, -35.308106], [149.367088, -35.307997], [149.366122, -35.308501], [149.36408, -35.308617], [149.361948, -35.308998], [149.359942, -35.30751], [149.361346, -35.305928], [149.362211, -35.304267], [149.362277, -35.303063], [149.361241, -35.301578], [149.359795, -35.301559], [149.357904, -35.300786], [149.356903, -35.300568], [149.356022, -35.300045], [149.355239, -35.29958], [149.353617, -35.299616], [149.352922, -35.299736], [149.352205, -35.299861], [149.351452, -35.299547], [149.350871, -35.299304], [149.350585, -35.298686], [149.350725, -35.297981], [149.350509, -35.297173], [149.35088, -35.296612], [149.350726, -35.295775], [149.349951, -35.294365], [149.349113, -35.294428], [149.348408, -35.29347], [149.349023, -35.292892], [149.349049, -35.292638], [149.3491, -35.292142], [149.348158, -35.291579], [149.34729, -35.291653], [149.347062, -35.291673], [149.345544, -35.291801], [149.344831, -35.292185], [149.343043, -35.29196], [149.34266, -35.290132], [149.341326, -35.288859], [149.341384, -35.286648], [149.339861, -35.286234], [149.337806, -35.286892], [149.337666, -35.287785], [149.336366, -35.288638], [149.335821, -35.288202], [149.335843, -35.28736], [149.334872, -35.286849], [149.334765, -35.286293], [149.332868, -35.285361], [149.331692, -35.285202], [149.331146, -35.284546], [149.330706, -35.28451], [149.329837, -35.284388], [149.328881, -35.28331], [149.327533, -35.282478], [149.326499, -35.282426], [149.325415, -35.283473], [149.325029, -35.284317], [149.324993, -35.284394], [149.324914, -35.284568], [149.324911, -35.284573], [149.324456, -35.286412], [149.323533, -35.286382], [149.322394, -35.286708], [149.322178, -35.286223], [149.321997, -35.285819], [149.321517, -35.285466], [149.32132, -35.285321], [149.321069, -35.284604], [149.320388, -35.283993], [149.31919, -35.28384], [149.318974, -35.283629], [149.318178, -35.282854], [149.316922, -35.281931], [149.316202, -35.281775], [149.31626, -35.280394], [149.316575, -35.279535], [149.316044, -35.278876], [149.315556, -35.277208], [149.315498, -35.277011], [149.315286, -35.276286], [149.314529, -35.276092], [149.314182, -35.276004], [149.313978, -35.276055], [149.312456, -35.276437], [149.312156, -35.276512], [149.311743, -35.277428], [149.30987, -35.278194], [149.309104, -35.276154], [149.306728, -35.276449], [149.305472, -35.27544], [149.306276, -35.274421], [149.30583, -35.273962], [149.303916, -35.273341], [149.302798, -35.274096], [149.302351, -35.273873], [149.302254, -35.273271], [149.301877, -35.272904], [149.300446, -35.272736], [149.299523, -35.272436], [149.298518, -35.272109], [149.297309, -35.272774], [149.297233, -35.272727], [149.296667, -35.272435], [149.294296, -35.273559], [149.293729, -35.27411], [149.293636, -35.274201], [149.291593, -35.27425], [149.291511, -35.274252], [149.290021, -35.275263], [149.289371, -35.275704], [149.288442, -35.275252], [149.287597, -35.274134], [149.2874, -35.272969], [149.285509, -35.271637], [149.283053, -35.272067], [149.282552, -35.2717], [149.2816, -35.271002], [149.280202, -35.27107], [149.279703, -35.270661], [149.278523, -35.270762], [149.278329, -35.27085], [149.277158, -35.271382], [149.276735, -35.272619], [149.276675, -35.272794], [149.276639, -35.272899], [149.275834, -35.273964], [149.275595, -35.275156], [149.274582, -35.275045], [149.272635, -35.273548], [149.272049, -35.273644], [149.272393, -35.2722], [149.272421, -35.27208], [149.272384, -35.272015], [149.271871, -35.271094], [149.271886, -35.270556], [149.272453, -35.269754], [149.272519, -35.26752], [149.272254, -35.26725], [149.273561, -35.266341], [149.273495, -35.264524], [149.273674, -35.26382], [149.273769, -35.263448], [149.272966, -35.263005], [149.272875, -35.263051], [149.27277, -35.262994], [149.2725, -35.262065], [149.272941, -35.261401], [149.272655, -35.260639], [149.273173, -35.260072], [149.273132, -35.259287], [149.271701, -35.259096], [149.27066, -35.259301], [149.269571, -35.258922], [149.267593, -35.259578], [149.267196, -35.259525], [149.26716, -35.25952], [149.265314, -35.259158], [149.264593, -35.259017], [149.26414, -35.258928], [149.263057, -35.258716], [149.262968, -35.258698], [149.262825, -35.25867], [149.262805, -35.258666], [149.262756, -35.258582], [149.262599, -35.258312], [149.262198, -35.257617], [149.261409, -35.257226], [149.260172, -35.257637], [149.257593, -35.257281], [149.257407, -35.257255], [149.257377, -35.257241], [149.257182, -35.257157], [149.257102, -35.257122], [149.255614, -35.256473], [149.255462, -35.255476], [149.253971, -35.253635], [149.253072, -35.252293], [149.251202, -35.252302], [149.25038, -35.252274], [149.249835, -35.249388], [149.2503, -35.248441], [149.25064, -35.247855], [149.249665, -35.247011], [149.247504, -35.246419], [149.246134, -35.247254], [149.244488, -35.246282], [149.242895, -35.24599], [149.242234, -35.246285], [149.241093, -35.245837], [149.238316, -35.243604], [149.237735, -35.243291], [149.23537, -35.243432], [149.234885, -35.242822], [149.234919, -35.24052], [149.236541, -35.239746], [149.237234, -35.238971], [149.238702, -35.238329], [149.238777, -35.23794], [149.241498, -35.236652], [149.241572, -35.235055], [149.241869, -35.234716], [149.243027, -35.2334], [149.243088, -35.232182], [149.243102, -35.231923], [149.24282, -35.231529], [149.243035, -35.231242], [149.243942, -35.231271], [149.244779, -35.231298], [149.245203, -35.231085], [149.245976, -35.230698], [149.246285, -35.229906], [149.24679, -35.229217], [149.246218, -35.227899], [149.245884, -35.227131], [149.245561, -35.22684], [149.243222, -35.225436], [149.241747, -35.225329], [149.241274, -35.225294], [149.240819, -35.225044], [149.239936, -35.223428], [149.23974, -35.223068], [149.238597, -35.222127], [149.237083, -35.222248], [149.23636, -35.221438], [149.234403, -35.220924], [149.231778, -35.221873], [149.228832, -35.221616], [149.22695, -35.219631], [149.226033, -35.219039], [149.224415, -35.219228], [149.223325, -35.218871], [149.219936, -35.220476], [149.218517, -35.22016], [149.216371, -35.219682], [149.216157, -35.219635], [149.214063, -35.219507], [149.213578, -35.220277], [149.212131, -35.222571], [149.212052, -35.222698], [149.211518, -35.224582], [149.211505, -35.22463], [149.210454, -35.22634], [149.207736, -35.227905], [149.206811, -35.228438], [149.204883, -35.229549], [149.204933, -35.227656], [149.204952, -35.226961], [149.203775, -35.226175], [149.202867, -35.224844], [149.20354, -35.223728], [149.203655, -35.223536], [149.204784, -35.221224], [149.204869, -35.22105], [149.205338, -35.220089], [149.205474, -35.219522], [149.205781, -35.218233], [149.205826, -35.21758], [149.206206, -35.216914], [149.206336, -35.216398], [149.207367, -35.2162], [149.207542, -35.216245], [149.20767, -35.215889], [149.208189, -35.214457], [149.208507, -35.213574], [149.208778, -35.212828], [149.208649, -35.21201], [149.208569, -35.211501], [149.207418, -35.211763], [149.207074, -35.211695], [149.206058, -35.211478], [149.204485, -35.209162], [149.201896, -35.207292], [149.201692, -35.207144], [149.201189, -35.20682], [149.20099, -35.206691], [149.200706, -35.206508], [149.200757, -35.206025], [149.200802, -35.205596], [149.200811, -35.205549], [149.200829, -35.205343], [149.200865, -35.204996], [149.200772, -35.204915], [149.200747, -35.204892], [149.198516, -35.202938], [149.197762, -35.202566], [149.196391, -35.202409], [149.195652, -35.202453], [149.195427, -35.202466], [149.192571, -35.202634], [149.190305, -35.203166], [149.189701, -35.203308], [149.190467, -35.200586], [149.190381, -35.200099], [149.191088, -35.199235], [149.191753, -35.198423], [149.191537, -35.19707], [149.191536, -35.197061], [149.190912, -35.195447], [149.190836, -35.195253], [149.190467, -35.194299], [149.191114, -35.193885], [149.191894, -35.19375], [149.192291, -35.193646], [149.19653, -35.190848], [149.196497, -35.190607], [149.19647, -35.19042], [149.196422, -35.190087], [149.196233, -35.188737], [149.196901, -35.187416], [149.196824, -35.186152], [149.197037, -35.185499], [149.195365, -35.184583], [149.194346, -35.183132], [149.194224, -35.183001], [149.194031, -35.182792], [149.193095, -35.181782], [149.192913, -35.181586], [149.192781, -35.181443], [149.19282, -35.180893], [149.192466, -35.180331], [149.192166, -35.179854], [149.191465, -35.179295], [149.187791, -35.178186], [149.185822, -35.177832], [149.184171, -35.176733], [149.183629, -35.175618], [149.184858, -35.17365], [149.184911, -35.173031], [149.184925, -35.173015], [149.18511, -35.17279], [149.187779, -35.169529], [149.189097, -35.165677], [149.185495, -35.161201], [149.184256, -35.161096], [149.184032, -35.161077], [149.183806, -35.161058], [149.183737, -35.161052], [149.182917, -35.160093], [149.17941, -35.158805], [149.177613, -35.15931], [149.176382, -35.158283], [149.174229, -35.158474], [149.173357, -35.159845], [149.172946, -35.158759], [149.171901, -35.158642], [149.171213, -35.159051], [149.170868, -35.15979], [149.16979, -35.160326], [149.167696, -35.159881], [149.167702, -35.158341], [149.16729, -35.157997], [149.167095, -35.157834], [149.16689, -35.157662], [149.165414, -35.156877], [149.165299, -35.156625], [149.164688, -35.155293], [149.164134, -35.154688], [149.163725, -35.154581], [149.162773, -35.154332], [149.162554, -35.153783], [149.163255, -35.153077], [149.163361, -35.152103], [149.163374, -35.151889], [149.163388, -35.151668], [149.163393, -35.151582], [149.164679, -35.15085], [149.164811, -35.150593], [149.165066, -35.150099], [149.164206, -35.149552], [149.164431, -35.14875], [149.164117, -35.148296], [149.16328, -35.147089], [149.163195, -35.146968], [149.163207, -35.146909], [149.163378, -35.146005], [149.163995, -35.145356], [149.164422, -35.144107], [149.164879, -35.143727], [149.164313, -35.142046], [149.16335, -35.141986], [149.161934, -35.141762], [149.161015, -35.142074], [149.159194, -35.141708], [149.158187, -35.14226], [149.157571, -35.143104], [149.157531, -35.143423], [149.157509, -35.143604], [149.157444, -35.144129], [149.155787, -35.144627], [149.154721, -35.144613], [149.153929, -35.143952], [149.152668, -35.143973], [149.152037, -35.14461], [149.150699, -35.144695], [149.150061, -35.14547], [149.148862, -35.145399], [149.148435, -35.145103], [149.147827, -35.145139], [149.147731, -35.145145], [149.146775, -35.144856], [149.146513, -35.144055], [149.147379, -35.142999], [149.148313, -35.142542], [149.148423, -35.142488], [149.148722, -35.142342], [149.149298, -35.14206], [149.149368, -35.141684], [149.149767, -35.139522], [149.149659, -35.138815], [149.149637, -35.138669], [149.148265, -35.137385], [149.14747, -35.137348], [149.145875, -35.13615], [149.146004, -35.135446], [149.145079, -35.134692], [149.144961, -35.134596], [149.144871, -35.134665], [149.144262, -35.135137], [149.144004, -35.135336], [149.143162, -35.135987], [149.141335, -35.135827], [149.140501, -35.136293], [149.139793, -35.135413], [149.1386, -35.135257], [149.138679, -35.13288], [149.139966, -35.130832], [149.138642, -35.129451], [149.138819, -35.128466], [149.136822, -35.127813], [149.133595, -35.128598], [149.131698, -35.12906], [149.129566, -35.127669], [149.128759, -35.128021], [149.128083, -35.126591], [149.126856, -35.126389], [149.127163, -35.12572], [149.127186, -35.125622], [149.126449, -35.125322], [149.125653, -35.125221], [149.12317, -35.125043], [149.12206, -35.124785], [149.120902, -35.124517], [149.120437, -35.124863], [149.12023, -35.125018], [149.118103, -35.126603], [149.116847, -35.12624], [149.116242, -35.126534], [149.115481, -35.126279], [149.113166, -35.127665], [149.112674, -35.127725], [149.112588, -35.127736], [149.112532, -35.127823], [149.112379, -35.128065], [149.111149, -35.130001], [149.11108, -35.130288], [149.109918, -35.130709], [149.109725, -35.131145], [149.108286, -35.131163], [149.106853, -35.131181], [149.105023, -35.132012], [149.104328, -35.132328], [149.103364, -35.133327], [149.102863, -35.135229], [149.099468, -35.136296], [149.099244, -35.136366], [149.098046, -35.136742], [149.096554, -35.137966], [149.093322, -35.138657], [149.092272, -35.140744], [149.09201, -35.14142], [149.091655, -35.141749], [149.091017, -35.142339], [149.089821, -35.143046], [149.084501, -35.146193], [149.084248, -35.146343], [149.081115, -35.148196], [149.072298, -35.15341], [149.069809, -35.154882], [149.065973, -35.15715], [149.062678, -35.159098], [149.062456, -35.159223], [149.061705, -35.159669], [149.06133, -35.159895], [149.058798, -35.161391], [149.058139, -35.161781], [149.057031, -35.162436], [149.050392, -35.166359], [149.046562, -35.168623], [149.046345, -35.168751], [149.042022, -35.171304], [149.029652, -35.178612], [149.028986, -35.179005], [149.025216, -35.181224], [149.018072, -35.185446], [149.01219, -35.188922], [149.008369, -35.191177], [149.007981, -35.191407], [149.007753, -35.191541], [149.00714, -35.191904], [149.006872, -35.192061], [149.006686, -35.192171], [149.003328, -35.194153], [149.002604, -35.194586], [149.00082, -35.195652], [148.991695, -35.20101], [148.961792, -35.218555], [148.961795, -35.218557], [148.96187, -35.218659], [148.961968, -35.218926], [148.962128, -35.219361], [148.962412, -35.220081], [148.962972, -35.221707], [148.963566, -35.222476], [148.964128, -35.223161], [148.964553, -35.223627], [148.964964, -35.224148], [148.965361, -35.224751], [148.965772, -35.225258], [148.96621, -35.225888], [148.966553, -35.226258], [148.966909, -35.226614], [148.967087, -35.226943], [148.967251, -35.227354], [148.96732, -35.227751], [148.967306, -35.227888], [148.967456, -35.228466], [148.967632, -35.229058], [148.96806, -35.229725], [148.968337, -35.230329], [148.968677, -35.231135], [148.96913, -35.231651], [148.969558, -35.232117], [148.969973, -35.232507], [148.970628, -35.233162], [148.971006, -35.233615], [148.971207, -35.233829], [148.972019, -35.234217], [148.972962, -35.234813], [148.973616, -35.235218], [148.974001, -35.235699], [148.974386, -35.23618], [148.974926, -35.236854], [148.975368, -35.237663], [148.975985, -35.238106], [148.976254, -35.238837], [148.975985, -35.239492], [148.975484, -35.240089], [148.974483, -35.240724], [148.974123, -35.240747], [148.973896, -35.240784], [148.973625, -35.240797], [148.973045, -35.240967], [148.972396, -35.2412], [148.971217, -35.24144], [148.969577, -35.241667], [148.968884, -35.241743], [148.968354, -35.241762], [148.968184, -35.241762], [148.96807, -35.241726], [148.967724, -35.241932], [148.967545, -35.242195], [148.967032, -35.2426], [148.966705, -35.242848], [148.96613, -35.243019], [148.965757, -35.243299], [148.964979, -35.243439], [148.964093, -35.243564], [148.96327, -35.24375], [148.962526, -35.243979], [148.962175, -35.244223], [148.961793, -35.244557], [148.961638, -35.24472], [148.961531, -35.244924], [148.96137, -35.24525], [148.961345, -35.2456], [148.961654, -35.246081], [148.962134, -35.246415], [148.962998, -35.24683], [148.963886, -35.24718], [148.964782, -35.247392], [148.965361, -35.247555], [148.965971, -35.24771], [148.966437, -35.24786], [148.96689, -35.248049], [148.967217, -35.248204], [148.967514, -35.248289], [148.967786, -35.248301], [148.967974, -35.248341], [148.968234, -35.248444], [148.968735, -35.248642], [148.969076, -35.248886], [148.969451, -35.249201], [148.970043, -35.24962], [148.970491, -35.250143], [148.970855, -35.250617], [148.971014, -35.250982], [148.971111, -35.251444], [148.971342, -35.251979], [148.971962, -35.252684], [148.97223, -35.253073], [148.972411, -35.253365], [148.972639, -35.253593], [148.972791, -35.253794], [148.972878, -35.25406], [148.972872, -35.254407], [148.972758, -35.254505], [148.972694, -35.254673], [148.972645, -35.25495], [148.972726, -35.255449], [148.972878, -35.255753], [148.973182, -35.255997], [148.973589, -35.256084], [148.974082, -35.256068], [148.974462, -35.256073], [148.97475, -35.256057], [148.974988, -35.255981], [148.975091, -35.255862], [148.975298, -35.255617], [148.975574, -35.25546], [148.975826, -35.25541], [148.976124, -35.255364], [148.976434, -35.255318], [148.976962, -35.255341], [148.977272, -35.255386], [148.977731, -35.255593], [148.977949, -35.255754], [148.978202, -35.256087], [148.978282, -35.256385], [148.978248, -35.256741], [148.978041, -35.257154], [148.977857, -35.25751], [148.977743, -35.257969], [148.97788, -35.258348], [148.978213, -35.258773], [148.978936, -35.259209], [148.979441, -35.25937], [148.979653, -35.25937], [148.980008, -35.259149], [148.980531, -35.259048], [148.980897, -35.259061], [148.98128, -35.259017], [148.981629, -35.259031], [148.981769, -35.259102], [148.981978, -35.259274], [148.982066, -35.259388], [148.982189, -35.259818], [148.982329, -35.260075], [148.982539, -35.260304], [148.982732, -35.260447], [148.983028, -35.260561], [148.983709, -35.260717], [148.983901, -35.260788], [148.98418, -35.260844], [148.984613, -35.260866], [148.985153, -35.261088], [148.985437, -35.261199], [148.985783, -35.261383], [148.986106, -35.261513], [148.986407, -35.261635], [148.986687, -35.261811], [148.987211, -35.262065], [148.98757, -35.262276], [148.987715, -35.262346], [148.988006, -35.262317], [148.988251, -35.262202], [148.988359, -35.262083], [148.9884, -35.261982], [148.988553, -35.2618], [148.988692, -35.261664], [148.988919, -35.26148], [148.989212, -35.261321], [148.98955, -35.261233], [148.989794, -35.261204], [148.990407, -35.261184], [148.990739, -35.261233], [148.991137, -35.261326], [148.991657, -35.261489], [148.992059, -35.261726], [148.992252, -35.261975], [148.992323, -35.262181], [148.992469, -35.262287], [148.99281, -35.262317], [148.993329, -35.262354], [148.99366, -35.262403], [148.993881, -35.262471], [148.99428, -35.262573], [148.994524, -35.262659], [148.994778, -35.262691], [148.995041, -35.262687], [148.995227, -35.262629], [148.9955, -35.262535], [148.995672, -35.262378], [148.995778, -35.262241], [148.995841, -35.262114], [148.995904, -35.26196], [148.99594, -35.261634], [148.995937, -35.261544], [148.995933, -35.261382], [148.995919, -35.261247], [148.995958, -35.261048], [148.995963, -35.260813], [148.995946, -35.260507], [148.995943, -35.259872], [148.996012, -35.25957], [148.996045, -35.259155], [148.996251, -35.258266], [148.996321, -35.258122], [148.996516, -35.257991], [148.997018, -35.258078], [148.997297, -35.258178], [148.997681, -35.258248], [148.997995, -35.258377], [148.998169, -35.258419], [148.998536, -35.258447], [148.998728, -35.258489], [148.998972, -35.258603], [148.999881, -35.259216], [149.00023, -35.259373], [149.000289, -35.25941], [149.000544, -35.259501], [149.000816, -35.259667], [149.000842, -35.259701], [149.000949, -35.259826], [149.001056, -35.259915], [149.001207, -35.260076], [149.001384, -35.260206], [149.001573, -35.260441], [149.001652, -35.260553], [149.001687, -35.260703], [149.001844, -35.2609], [149.001954, -35.261011], [149.00205, -35.26121], [149.002178, -35.261446], [149.00232, -35.261632], [149.002417, -35.261831], [149.002484, -35.26208], [149.00246, -35.262331], [149.002458, -35.262442], [149.002465, -35.262557], [149.002501, -35.262757], [149.002628, -35.262967], [149.002678, -35.263115], [149.002744, -35.263327], [149.002843, -35.263614], [149.002847, -35.263777], [149.002803, -35.263865], [149.002899, -35.264064], [149.003073, -35.264312], [149.003186, -35.264548], [149.003237, -35.264748], [149.003209, -35.264836], [149.003275, -35.26506], [149.003371, -35.265221], [149.003406, -35.265409], [149.003394, -35.265547], [149.0035, -35.265859], [149.00356, -35.266035], [149.003657, -35.266412], [149.003721, -35.266648], [149.003577, -35.266804], [149.003551, -35.266851], [149.00355, -35.267066], [149.003585, -35.267281], [149.003584, -35.267553], [149.003636, -35.26771], [149.003654, -35.267882], [149.003653, -35.268111], [149.003827, -35.268669], [149.003931, -35.26887], [149.003983, -35.268913], [149.00516, -35.270187], [149.006641, -35.271446], [149.007402, -35.27197], [149.007625, -35.272079], [149.007886, -35.272137], [149.008026, -35.272109], [149.008615, -35.272104], [149.009795, -35.272031], [149.01123, -35.271828], [149.011754, -35.271774], [149.013929, -35.271896], [149.01553, -35.271704], [149.016765, -35.271791], [149.017357, -35.27207], [149.017827, -35.272331], [149.018488, -35.273027], [149.018645, -35.274176], [149.018506, -35.275167], [149.018332, -35.276101], [149.018243, -35.276569], [149.018103, -35.276955], [149.018103, -35.277056], [149.017752, -35.278043], [149.017717, -35.2782], [149.017769, -35.278257], [149.017938, -35.278797], [149.018156, -35.279359], [149.018274, -35.279613], [149.018327, -35.279726], [149.018413, -35.279818], [149.018883, -35.280091], [149.019616, -35.280406], [149.019825, -35.28042], [149.019965, -35.280464], [149.02013, -35.280474], [149.020141, -35.280401], [149.020266, -35.280337], [149.020365, -35.280242], [149.020426, -35.280147], [149.020489, -35.28012], [149.020663, -35.280021], [149.020838, -35.279978], [149.021274, -35.279978], [149.021658, -35.279892], [149.022671, -35.279407], [149.023439, -35.278835], [149.023686, -35.278704], [149.024837, -35.27851], [149.025835, -35.278388], [149.026731, -35.278551], [149.02724, -35.278693], [149.028034, -35.278958], [149.028248, -35.279386], [149.028401, -35.279691], [149.028319, -35.280791], [149.027973, -35.281789], [149.02779, -35.282033], [149.027527, -35.282397], [149.026966, -35.283426], [149.026835, -35.283861], [149.026834, -35.284248], [149.026886, -35.284663], [149.027008, -35.284892], [149.0272, -35.285135], [149.02774, -35.285594], [149.027873, -35.285981], [149.028247, -35.28677], [149.028882, -35.28782], [149.029475, -35.289001], [149.029463, -35.28903], [149.029602, -35.289302], [149.029724, -35.289489], [149.029864, -35.289603], [149.030073, -35.289789], [149.030436, -35.290011], [149.031008, -35.290228], [149.031546, -35.29035], [149.031778, -35.290326], [149.032387, -35.290105], [149.032635, -35.28995], [149.032794, -35.289827], [149.032888, -35.289649], [149.032935, -35.289548], [149.03327, -35.289301], [149.033684, -35.289238], [149.033757, -35.288969], [149.033781, -35.288468], [149.033517, -35.288107], [149.033478, -35.288074], [149.033234, -35.287587], [149.033181, -35.287545], [149.033168, -35.287436], [149.03366, -35.286427], [149.033726, -35.286285], [149.03485, -35.286452], [149.035282, -35.285817], [149.036209, -35.285262], [149.037555, -35.28551], [149.037848, -35.286039], [149.038047, -35.28701], [149.038212, -35.286999], [149.03808, -35.286334], [149.038076, -35.286292], [149.038082, -35.286247], [149.038093, -35.286209], [149.03812, -35.286162], [149.038141, -35.286137], [149.038174, -35.286108], [149.038187, -35.286098], [149.038254, -35.286069], [149.038306, -35.286054], [149.038349, -35.286048], [149.038393, -35.286047], [149.038437, -35.286051], [149.038469, -35.286058], [149.038506, -35.286069], [149.038531, -35.286079], [149.038559, -35.286091], [149.038587, -35.286105], [149.038623, -35.286126], [149.038665, -35.286155], [149.038689, -35.286175], [149.039013, -35.286458], [149.039048, -35.286479], [149.039079, -35.286492], [149.039121, -35.286501], [149.039165, -35.286502], [149.039198, -35.286498], [149.039228, -35.286489], [149.039266, -35.286472], [149.039377, -35.286399], [149.039631, -35.286197], [149.039722, -35.286108], [149.039775, -35.286076], [149.039796, -35.286089], [149.039978, -35.286264], [149.040331, -35.287105], [149.04037, -35.287199], [149.040431, -35.287639], [149.040522, -35.287897], [149.040583, -35.288383], [149.040613, -35.289294], [149.040601, -35.289892], [149.040612, -35.290183], [149.040668, -35.290235], [149.041159, -35.291328], [149.041706, -35.292679], [149.041983, -35.293211], [149.042632, -35.293462], [149.042929, -35.293634], [149.04333, -35.294049], [149.043766, -35.294408], [149.044224, -35.294884], [149.044657, -35.295187], [149.045244, -35.295791], [149.045317, -35.295926], [149.045779, -35.296391], [149.045875, -35.29647], [149.045945, -35.296484], [149.046321, -35.29684], [149.046974, -35.29777], [149.047165, -35.297931], [149.048142, -35.298346], [149.049066, -35.298834], [149.049118, -35.298834], [149.049485, -35.299005], [149.049956, -35.299378], [149.050374, -35.299564], [149.05088, -35.299708], [149.051909, -35.300123], [149.05259, -35.300267], [149.052725, -35.300263], [149.053192, -35.300194], [149.053534, -35.300341], [149.053604, -35.300816], [149.053418, -35.301236], [149.053223, -35.301523], [149.052329, -35.302021], [149.051971, -35.302161], [149.051481, -35.302285], [149.051011, -35.302439], [149.050342, -35.302601], [149.050057, -35.302685], [149.049075, -35.302956], [149.048676, -35.303076], [149.048414, -35.303093], [149.04833, -35.303102], [149.048224, -35.303112], [149.048172, -35.303155], [149.047439, -35.303269], [149.047247, -35.303327], [149.046985, -35.303441], [149.046531, -35.30377], [149.046234, -35.303913], [149.044837, -35.304155], [149.044296, -35.304441], [149.044017, -35.304555], [149.043318, -35.304756], [149.042795, -35.304841], [149.042123, -35.305033], [149.041817, -35.305141], [149.041258, -35.305398], [149.040961, -35.305627], [149.040822, -35.305684], [149.040609, -35.305819], [149.040292, -35.306052], [149.040086, -35.306204], [149.038567, -35.306684], [149.037777, -35.306993], [149.037547, -35.307223], [149.037427, -35.307563], [149.037447, -35.308043], [149.037397, -35.308663], [149.037317, -35.308833], [149.037325, -35.308893], [149.037335, -35.308967], [149.037624, -35.309217], [149.037903, -35.309346], [149.038095, -35.309404], [149.038741, -35.309504], [149.039927, -35.309505], [149.040503, -35.309405], [149.040573, -35.309362], [149.041237, -35.309234], [149.041621, -35.30912], [149.042284, -35.308848], [149.042703, -35.308577], [149.043303, -35.308258], [149.043611, -35.30814], [149.043857, -35.308115], [149.044559, -35.308045], [149.045246, -35.30814], [149.046123, -35.308543], [149.046952, -35.308969], [149.047947, -35.309704], [149.048231, -35.310486], [149.048113, -35.311339], [149.047639, -35.312287], [149.047023, -35.313567], [149.046549, -35.314112], [149.046217, -35.314491], [149.046107, -35.314897], [149.046135, -35.315148], [149.046257, -35.315492], [149.046292, -35.315678], [149.046326, -35.315706], [149.046379, -35.31595], [149.046448, -35.316537], [149.046482, -35.31731], [149.046517, -35.317553], [149.046499, -35.317882], [149.046534, -35.318025], [149.046778, -35.318355], [149.047074, -35.318598], [149.047104, -35.318651], [149.047441, -35.31887], [149.047807, -35.318942], [149.048086, -35.318942], [149.04854, -35.318871], [149.049081, -35.318757], [149.049151, -35.318714], [149.049797, -35.3186], [149.050111, -35.318528], [149.050221, -35.31846], [149.051781, -35.318106], [149.05318, -35.317806], [149.053247, -35.317782], [149.054463, -35.317339], [149.056296, -35.316956], [149.057329, -35.316423], [149.057662, -35.315973], [149.058062, -35.31544], [149.058562, -35.31514], [149.059452, -35.314804], [149.061946, -35.314016], [149.06395, -35.313128], [149.065058, -35.31242], [149.066001, -35.311826], [149.066966, -35.311252], [149.068066, -35.310506], [149.069238, -35.309614], [149.070032, -35.308759], [149.070899, -35.307329], [149.071046, -35.306804], [149.071125, -35.306044], [149.071147, -35.305831], [149.071187, -35.305404], [149.0712, -35.304604], [149.071094, -35.303925], [149.070894, -35.303245], [149.070907, -35.302552], [149.070947, -35.301925], [149.071214, -35.301032], [149.071693, -35.300312], [149.07208, -35.299699], [149.072162, -35.299603], [149.072123, -35.299583], [149.071382, -35.299205], [149.071385, -35.299102], [149.071268, -35.299047], [149.071513, -35.298787], [149.071515, -35.29871], [149.07148, -35.298655], [149.071353, -35.298629], [149.071204, -35.298603], [149.071123, -35.298567], [149.071172, -35.29853], [149.071247, -35.29849], [149.071303, -35.298433], [149.071322, -35.298283], [149.07125, -35.298143], [149.07126, -35.298078], [149.071328, -35.298067], [149.071421, -35.298131], [149.07165, -35.298165], [149.071878, -35.29817], [149.072014, -35.298112], [149.072162, -35.29809], [149.072343, -35.298089], [149.072514, -35.298019], [149.072523, -35.297906], [149.072548, -35.297783], [149.072493, -35.297634], [149.072364, -35.29752], [149.072303, -35.297356], [149.072265, -35.297216], [149.072286, -35.297141], [149.072319, -35.297084], [149.072283, -35.297019], [149.072292, -35.296944], [149.072397, -35.296875], [149.072575, -35.296817], [149.072781, -35.296823], [149.072964, -35.296885], [149.073047, -35.296968], [149.07314, -35.29706], [149.073302, -35.297123], [149.073518, -35.297101], [149.073779, -35.297031], [149.074144, -35.296928], [149.074702, -35.296627], [149.075558, -35.295998], [149.07577, -35.295814], [149.075812, -35.295692], [149.075844, -35.295588], [149.075933, -35.295474], [149.076031, -35.295313], [149.076208, -35.295086], [149.076362, -35.294858], [149.076508, -35.294752], [149.07678, -35.294663], [149.07699, -35.294639], [149.077088, -35.294546], [149.077117, -35.29447], [149.077208, -35.294441], [149.077332, -35.294382], [149.077353, -35.294307], [149.077454, -35.294249], [149.077497, -35.294108], [149.07754, -35.294014], [149.07756, -35.29391], [149.077627, -35.293843], [149.077751, -35.293794], [149.07791, -35.293736], [149.077988, -35.293687], [149.078138, -35.293741], [149.078251, -35.293692], [149.078342, -35.293681], [149.078456, -35.293661], [149.078569, -35.293621], [149.078671, -35.293591], [149.078752, -35.293627], [149.078821, -35.293636], [149.078934, -35.293596], [149.079038, -35.293622], [149.079107, -35.293659], [149.079098, -35.293753], [149.079042, -35.2938], [149.079022, -35.293922], [149.079003, -35.294082], [149.07888, -35.294178], [149.078825, -35.294254], [149.078816, -35.294348], [149.078796, -35.29446], [149.078832, -35.294544], [149.078803, -35.294704], [149.078831, -35.294909], [149.078786, -35.294961], [149.078604, -35.294969], [149.07841, -35.294991], [149.078343, -35.295058], [149.078391, -35.295123], [149.078529, -35.295177], [149.078622, -35.295231], [149.07865, -35.295437], [149.078613, -35.295775], [149.078561, -35.295972], [149.078586, -35.296056], [149.078661, -35.296118], [149.078885, -35.296367], [149.079118, -35.29655], [149.079281, -35.296688], [149.079308, -35.296846], [149.079255, -35.296978], [149.079178, -35.297111], [149.079192, -35.297214], [149.07931, -35.297343], [149.079587, -35.29746], [149.079887, -35.297586], [149.080346, -35.297653], [149.080701, -35.297703], [149.080931, -35.297774], [149.081138, -35.297808], [149.081284, -35.29773], [149.081624, -35.297631], [149.081895, -35.297504], [149.08228, -35.297357], [149.082732, -35.297162], [149.083012, -35.296961], [149.083145, -35.296799], [149.083322, -35.29659], [149.083532, -35.296324], [149.083659, -35.296171], [149.08371, -35.296144], [149.083775, -35.295984], [149.083917, -35.295743], [149.084061, -35.295557], [149.084216, -35.295358], [149.084281, -35.295235], [149.084383, -35.295105], [149.084378, -35.295018], [149.084455, -35.294904], [149.084553, -35.294696], [149.084581, -35.294452], [149.084599, -35.294274], [149.084525, -35.294032], [149.084464, -35.293892], [149.084358, -35.293773], [149.084367, -35.293679], [149.084444, -35.293546], [149.084451, -35.293387], [149.084402, -35.293266], [149.084307, -35.293108], [149.084291, -35.292921], [149.084297, -35.292715], [149.084385, -35.292611], [149.084542, -35.292477], [149.084675, -35.292306], [149.084693, -35.292109], [149.084677, -35.291933], [149.084708, -35.29182], [149.084808, -35.291724], [149.084919, -35.291573], [149.085153, -35.291363], [149.085433, -35.291142], [149.085601, -35.290999], [149.085647, -35.291026], [149.085683, -35.291091], [149.085751, -35.291081], [149.085796, -35.291024], [149.085896, -35.290947], [149.085974, -35.290861], [149.085981, -35.290693], [149.086036, -35.290598], [149.086148, -35.290531], [149.08617, -35.290465], [149.086143, -35.290306], [149.086073, -35.290251], [149.085923, -35.290197], [149.085715, -35.290107], [149.085416, -35.290019], [149.085185, -35.289948], [149.085104, -35.289902], [149.085091, -35.289846], [149.085146, -35.289752], [149.085235, -35.289638], [149.085471, -35.289484], [149.085694, -35.28933], [149.085838, -35.289194], [149.085902, -35.289034], [149.085921, -35.288903], [149.085872, -35.288764], [149.085857, -35.288615], [149.085877, -35.288521], [149.086012, -35.288435], [149.086203, -35.288347], [149.086406, -35.28825], [149.086517, -35.288164], [149.086606, -35.288079], [149.086672, -35.287984], [149.086738, -35.287871], [149.086905, -35.287747], [149.087084, -35.287622], [149.087117, -35.287556], [149.087218, -35.287517], [149.087345, -35.287552], [149.087529, -35.287643], [149.087792, -35.287685], [149.087988, -35.287765], [149.088194, -35.287799], [149.088295, -35.28776], [149.088366, -35.287862], [149.088324, -35.287965], [149.088432, -35.288206], [149.088583, -35.288334], [149.088651, -35.288324], [149.088763, -35.288238], [149.088872, -35.288049], [149.088992, -35.287913], [149.089092, -35.287808], [149.089191, -35.287685], [149.089223, -35.287591], [149.089085, -35.287546], [149.089062, -35.287519], [149.089035, -35.287388], [149.089021, -35.287285], [149.088916, -35.287194], [149.08874, -35.286981], [149.088611, -35.286853], [149.088516, -35.286732], [149.088398, -35.286585], [149.088258, -35.286465], [149.088084, -35.286328], [149.088082, -35.286244], [149.088102, -35.286169], [149.088052, -35.286001], [149.087993, -35.285927], [149.088004, -35.28589], [149.088048, -35.285842], [149.088029, -35.285777], [149.087938, -35.285554], [149.087796, -35.285332], [149.087817, -35.285275], [149.087895, -35.285208], [149.08803, -35.28515], [149.088212, -35.28553], [149.088272, -35.28567], [149.088467, -35.285713], [149.088571, -35.285739], [149.08874, -35.28568], [149.08884, -35.285566], [149.088895, -35.285481], [149.088905, -35.285443], [149.088813, -35.285398], [149.088675, -35.285363], [149.08856, -35.285328], [149.08849, -35.285263], [149.088464, -35.285152], [149.088568, -35.285168], [149.088797, -35.285202], [149.089084, -35.2853], [149.089244, -35.285335], [149.089315, -35.285463], [149.089451, -35.285619], [149.089667, -35.285707], [149.089778, -35.285688], [149.089881, -35.285736], [149.089963, -35.285793], [149.090137, -35.285857], [149.090241, -35.28593], [149.090448, -35.286109], [149.090704, -35.286188], [149.090968, -35.286192], [149.091283, -35.286219], [149.092126, -35.286238], [149.092313, -35.286035], [149.092483, -35.285941], [149.092625, -35.28593], [149.092746, -35.285878], [149.09304, -35.285864], [149.093231, -35.285811], [149.093424, -35.285816], [149.093647, -35.285804], [149.093788, -35.285768], [149.094001, -35.285765], [149.094172, -35.285728], [149.094253, -35.285685], [149.094413, -35.285616], [149.094575, -35.285605], [149.094758, -35.28561], [149.094971, -35.285598], [149.095203, -35.285577], [149.095335, -35.285534], [149.095517, -35.285522], [149.095707, -35.285436], [149.095859, -35.285425], [149.096062, -35.285421], [149.096275, -35.285417], [149.096497, -35.28538], [149.09667, -35.285377], [149.096884, -35.285399], [149.097086, -35.285387], [149.097299, -35.285383], [149.097492, -35.285371], [149.097715, -35.285376], [149.097867, -35.285357], [149.098049, -35.285362], [149.09812, -35.285404], [149.098286, -35.285433], [149.09851, -35.28544], [149.098688, -35.285469], [149.098887, -35.285509], [149.099059, -35.285522], [149.099171, -35.285553], [149.099252, -35.2856], [149.099281, -35.285718], [149.099285, -35.285859], [149.099341, -35.285982], [149.099422, -35.286089], [149.099536, -35.286173], [149.099643, -35.286225], [149.099736, -35.286504], [149.099828, -35.286751], [149.099866, -35.286945], [149.099884, -35.287139], [149.099857, -35.287345], [149.099808, -35.287513], [149.099754, -35.287698], [149.099755, -35.287746], [149.099757, -35.287843], [149.099733, -35.28793], [149.099683, -35.288023], [149.099626, -35.288113], [149.099576, -35.288233], [149.099546, -35.288314], [149.099549, -35.288433], [149.0995, -35.28859], [149.099425, -35.288743], [149.099362, -35.288863], [149.099267, -35.288999], [149.09925, -35.289097], [149.099284, -35.289139], [149.099324, -35.289155], [149.099312, -35.289204], [149.09926, -35.289231], [149.09921, -35.289324], [149.099173, -35.289444], [149.099189, -35.289535], [149.099217, -35.289605], [149.099187, -35.289735], [149.099131, -35.289866], [149.099074, -35.289942], [149.099024, -35.29004], [149.099019, -35.290121], [149.099055, -35.290229], [149.099123, -35.290298], [149.09921, -35.290372], [149.099279, -35.290473], [149.099314, -35.290564], [149.099362, -35.29065], [149.099444, -35.290735], [149.099553, -35.290911], [149.099604, -35.291072], [149.099629, -35.291277], [149.099599, -35.291412], [149.09953, -35.291548], [149.099402, -35.291669], [149.099207, -35.29177], [149.099079, -35.291812], [149.098919, -35.291829], [149.098812, -35.291788], [149.098745, -35.291751], [149.098704, -35.291687], [149.098652, -35.29165], [149.098558, -35.291635], [149.098446, -35.291648], [149.098388, -35.291676], [149.098336, -35.29172], [149.098298, -35.291791], [149.098287, -35.291862], [149.098316, -35.291929], [149.098343, -35.291985], [149.098324, -35.292023], [149.098352, -35.292087], [149.098439, -35.292124], [149.098493, -35.292182], [149.098607, -35.292272], [149.098754, -35.29235], [149.098881, -35.292402], [149.098962, -35.292487], [149.099001, -35.292483], [149.099062, -35.29252], [149.099134, -35.292524], [149.099195, -35.292571], [149.099211, -35.292674], [149.099166, -35.292734], [149.099188, -35.292809], [149.099196, -35.29289], [149.099232, -35.292997], [149.099288, -35.29311], [149.099315, -35.293141], [149.099374, -35.29314], [149.099414, -35.293161], [149.099402, -35.29321], [149.099378, -35.293292], [149.099346, -35.293341], [149.099328, -35.29339], [149.099336, -35.293433], [149.099383, -35.29347], [149.099442, -35.293496], [149.099489, -35.293527], [149.099491, -35.293603], [149.099467, -35.293668], [149.099501, -35.293716], [149.099581, -35.293774], [149.099648, -35.293794], [149.09976, -35.293803], [149.099853, -35.293834], [149.099907, -35.293882], [149.099949, -35.293967], [149.099997, -35.294053], [149.100064, -35.294106], [149.100177, -35.294147], [149.100323, -35.294193], [149.100436, -35.294229], [149.100568, -35.294243], [149.100654, -35.294241], [149.100747, -35.294272], [149.100872, -35.294286], [149.100997, -35.294284], [149.101169, -35.294302], [149.101267, -35.294285], [149.101406, -35.294277], [149.10151, -35.294221], [149.1016, -35.294171], [149.101696, -35.294072], [149.10178, -35.293973], [149.101849, -35.293869], [149.10188, -35.293772], [149.101878, -35.293685], [149.101882, -35.293604], [149.10189, -35.293531], [149.101938, -35.29349], [149.102028, -35.293397], [149.102105, -35.293309], [149.102188, -35.293216], [149.102206, -35.293129], [149.102248, -35.292977], [149.102257, -35.292826], [149.102248, -35.292718], [149.102231, -35.292589], [149.102235, -35.292481], [149.102261, -35.292437], [149.102265, -35.292367], [149.102262, -35.292259], [149.102233, -35.292135], [149.102282, -35.29201], [149.102319, -35.291907], [149.102337, -35.29182], [149.10238, -35.291706], [149.102397, -35.291603], [149.102434, -35.291494], [149.102405, -35.291414], [149.102377, -35.29135], [149.102362, -35.291264], [149.102327, -35.291199], [149.102267, -35.291173], [149.102252, -35.291109], [149.102178, -35.291045], [149.102112, -35.291009], [149.102076, -35.290901], [149.102041, -35.290805], [149.102025, -35.290713], [149.101978, -35.290665], [149.101949, -35.290574], [149.101952, -35.290455], [149.101977, -35.290385], [149.101991, -35.29031], [149.101942, -35.290182], [149.101867, -35.290065], [149.101791, -35.289953], [149.101717, -35.289884], [149.101682, -35.289803], [149.10166, -35.28969], [149.101624, -35.289599], [149.101596, -35.289519], [149.101586, -35.2894], [149.101577, -35.289276], [149.101559, -35.289114], [149.101549, -35.288974], [149.101598, -35.288844], [149.101608, -35.288725], [149.101592, -35.288617], [149.10163, -35.288557], [149.101714, -35.288475], [149.101797, -35.288376], [149.101886, -35.28825], [149.101897, -35.288158], [149.101926, -35.288012], [149.101936, -35.287909], [149.101946, -35.28778], [149.101925, -35.28771], [149.10195, -35.28764], [149.101993, -35.287558], [149.10209, -35.287481], [149.1022, -35.287382], [149.102288, -35.28724], [149.102322, -35.28705], [149.102365, -35.286915], [149.102387, -35.286752], [149.102389, -35.286579], [149.102419, -35.286438], [149.102453, -35.286238], [149.102529, -35.286145], [149.102573, -35.286025], [149.102603, -35.285922], [149.102667, -35.285835], [149.102697, -35.285743], [149.102863, -35.285534], [149.102991, -35.285408], [149.103074, -35.285282], [149.103094, -35.285211], [149.103116, -35.28513], [149.10322, -35.285042], [149.103388, -35.284942], [149.103465, -35.284859], [149.103536, -35.284793], [149.103653, -35.284737], [149.103717, -35.284666], [149.103834, -35.284632], [149.103979, -35.284629], [149.104144, -35.284626], [149.104255, -35.284597], [149.104418, -35.284524], [149.1046, -35.284451], [149.104769, -35.284356], [149.104859, -35.284257], [149.104917, -35.284213], [149.105055, -35.284189], [149.105206, -35.284197], [149.105243, -35.284211], [149.105319, -35.284233], [149.105459, -35.284285], [149.105572, -35.284348], [149.105811, -35.284397], [149.105989, -35.284416], [149.106153, -35.284413], [149.10633, -35.284356], [149.106513, -35.28431], [149.106591, -35.284292], [149.106678, -35.284318], [149.106758, -35.284365], [149.106903, -35.284373], [149.107008, -35.284344], [149.107099, -35.28431], [149.107264, -35.284313], [149.107381, -35.284278], [149.107539, -35.284254], [149.107656, -35.284182], [149.107739, -35.284099], [149.107922, -35.284047], [149.10812, -35.284066], [149.108351, -35.284072], [149.108536, -35.284112], [149.108715, -35.284147], [149.108821, -35.284172], [149.108953, -35.284184], [149.109053, -35.284231], [149.109173, -35.284283], [149.109385, -35.284322], [149.109517, -35.284331], [149.110303, -35.284663], [149.110337, -35.284738], [149.110411, -35.284801], [149.110545, -35.284869], [149.110645, -35.284932], [149.110739, -35.284979], [149.110911, -35.285025], [149.111038, -35.285103], [149.111139, -35.285166], [149.111212, -35.285214], [149.111258, -35.285197], [149.111324, -35.285217], [149.111425, -35.285302], [149.111572, -35.285386], [149.111732, -35.285453], [149.111912, -35.285531], [149.112112, -35.285632], [149.112312, -35.285737], [149.11248, -35.285852], [149.112647, -35.285941], [149.112828, -35.286068], [149.112982, -35.286178], [149.113137, -35.286327], [149.113254, -35.286481], [149.113328, -35.286588], [149.113423, -35.286678], [149.113499, -35.286833], [149.113537, -35.286995], [149.113569, -35.287205], [149.113626, -35.287398], [149.113652, -35.287614], [149.113644, -35.287835], [149.113662, -35.288013], [149.11366, -35.28817], [149.113655, -35.288285], [149.113692, -35.288425], [149.113696, -35.288581], [149.11374, -35.288732], [149.113843, -35.288919], [149.113965, -35.289062], [149.114069, -35.289239], [149.114191, -35.289382], [149.114291, -35.28944], [149.114413, -35.289562], [149.114574, -35.289694], [149.114803, -35.289863], [149.11497, -35.289968], [149.115164, -35.290078], [149.115398, -35.290198], [149.115429, -35.290214], [149.115631, -35.290321], [149.115885, -35.290481], [149.116054, -35.290633], [149.116203, -35.290797], [149.116298, -35.290909], [149.116353, -35.291016], [149.116408, -35.291091], [149.116468, -35.291133], [149.116497, -35.291219], [149.116526, -35.29131], [149.116575, -35.291439], [149.116592, -35.29159], [149.116602, -35.291714], [149.11663, -35.291767], [149.11669, -35.291788], [149.116725, -35.291873], [149.11678, -35.291991], [149.116854, -35.292135], [149.117004, -35.292332], [149.117119, -35.292481], [149.117222, -35.292614], [149.117304, -35.292737], [149.117379, -35.292838], [149.117501, -35.29296], [149.117649, -35.293082], [149.117816, -35.293187], [149.118057, -35.29335], [149.118459, -35.293608], [149.118903, -35.293873], [149.119636, -35.29432], [149.119686, -35.294349], [149.119738, -35.294377], [149.11979, -35.294405], [149.119843, -35.294431], [149.119897, -35.294455], [149.119944, -35.294477], [149.119993, -35.294498], [149.120042, -35.294518], [149.120092, -35.294535], [149.120143, -35.294548], [149.120195, -35.294557], [149.120249, -35.294562], [149.120304, -35.294565], [149.120359, -35.294566], [149.120414, -35.294565], [149.12047, -35.294564], [149.120527, -35.29456], [149.120584, -35.294555], [149.12064, -35.294548], [149.120696, -35.294539], [149.120749, -35.294527], [149.120803, -35.294512], [149.120855, -35.294496], [149.120902, -35.294478], [149.120957, -35.294458], [149.121005, -35.294438], [149.121053, -35.294417], [149.121099, -35.294394], [149.121144, -35.294369], [149.121185, -35.294341], [149.121218, -35.294315], [149.12125, -35.294286], [149.12128, -35.294256], [149.121307, -35.294225], [149.121332, -35.294193], [149.12193, -35.293563], [149.121964, -35.293526], [149.121997, -35.293488], [149.122028, -35.29345], [149.122059, -35.29341], [149.122088, -35.293371], [149.122113, -35.293336], [149.122138, -35.2933], [149.122161, -35.293264], [149.122182, -35.293228], [149.122202, -35.293191], [149.122214, -35.293166], [149.122224, -35.293141], [149.122234, -35.293116], [149.122243, -35.293091], [149.122251, -35.293065], [149.122258, -35.29304], [149.122263, -35.293014], [149.122268, -35.292988], [149.122271, -35.292962], [149.122274, -35.292936], [149.122279, -35.29288], [149.122281, -35.292823], [149.122279, -35.292767], [149.122274, -35.292711], [149.122267, -35.292655], [149.122261, -35.29262], [149.122254, -35.292585], [149.122246, -35.29255], [149.122236, -35.292516], [149.122223, -35.292483], [149.122211, -35.292457], [149.122198, -35.292431], [149.122183, -35.292406], [149.122166, -35.292382], [149.122147, -35.29236], [149.122128, -35.292342], [149.122106, -35.292325], [149.122082, -35.29231], [149.122058, -35.292295], [149.122033, -35.292281], [149.122008, -35.292268], [149.121982, -35.292255], [149.121955, -35.292244], [149.121928, -35.292233], [149.1219, -35.292224], [149.121863, -35.292214], [149.121823, -35.292202], [149.121786, -35.292199], [149.121747, -35.292193], [149.121708, -35.29219], [149.121677, -35.292187], [149.121645, -35.292186], [149.121613, -35.292185], [149.121582, -35.292186], [149.12155, -35.292187], [149.121398, -35.292168], [149.121239, -35.292111], [149.121059, -35.292028], [149.120879, -35.291945], [149.120718, -35.291872], [149.120579, -35.29181], [149.12055, -35.291729], [149.120589, -35.291696], [149.120641, -35.291658], [149.120593, -35.291599], [149.120419, -35.291499], [149.120172, -35.291369], [149.119892, -35.291245], [149.11982, -35.291243], [149.119675, -35.291218], [149.119508, -35.291124], [149.119338, -35.290922], [149.119262, -35.290777], [149.119244, -35.290599], [149.119293, -35.290442], [149.119288, -35.290285], [149.119272, -35.290151], [149.119259, -35.289924], [149.119245, -35.289654], [149.119255, -35.289525], [149.119238, -35.289368], [149.119208, -35.289207], [149.119208, -35.289039], [149.119168, -35.288936], [149.119113, -35.288861], [149.119052, -35.288798], [149.119056, -35.288706], [149.119084, -35.288527], [149.119197, -35.28832], [149.119248, -35.288211], [149.119285, -35.28814], [149.119464, -35.287926], [149.119721, -35.287684], [149.11983, -35.287548], [149.119985, -35.287437], [149.120178, -35.287298], [149.120321, -35.287226], [149.120446, -35.287186], [149.120694, -35.287122], [149.121107, -35.287045], [149.121493, -35.286952], [149.121892, -35.286853], [149.122238, -35.286744], [149.122558, -35.286641], [149.122879, -35.28656], [149.123109, -35.286523], [149.123371, -35.286475], [149.123549, -35.286483], [149.123767, -35.2865], [149.124024, -35.286512], [149.124176, -35.286525], [149.124335, -35.286566], [149.124509, -35.286665], [149.124655, -35.286717], [149.124729, -35.286775], [149.124956, -35.286895], [149.125043, -35.286953], [149.125142, -35.286978], [149.125349, -35.287088], [149.125517, -35.287198], [149.125712, -35.287362], [149.125841, -35.287501], [149.125956, -35.287644], [149.126032, -35.287767], [149.126082, -35.287907], [149.126085, -35.28802], [149.126075, -35.288144], [149.126099, -35.288295], [149.126121, -35.288513], [149.126139, -35.288702], [149.126164, -35.288901], [149.126176, -35.289128], [149.12618, -35.289279], [149.126222, -35.289364], [149.12624, -35.289542], [149.126375, -35.291169], [149.126377, -35.291195], [149.126381, -35.291221], [149.126385, -35.291247], [149.126391, -35.291273], [149.126398, -35.291299], [149.126407, -35.291325], [149.126417, -35.291351], [149.126427, -35.291377], [149.12644, -35.291403], [149.126454, -35.291427], [149.126475, -35.291457], [149.126499, -35.291486], [149.126525, -35.291514], [149.126554, -35.29154], [149.126583, -35.291565], [149.126617, -35.291591], [149.126653, -35.291615], [149.126691, -35.291637], [149.12673, -35.291657], [149.12677, -35.291675], [149.126805, -35.291688], [149.12684, -35.291699], [149.126876, -35.291709], [149.126913, -35.291718], [149.126949, -35.291726], [149.126975, -35.291731], [149.127009, -35.291737]]], [[[150.715113, -35.130752], [150.715009, -35.130623], [150.71475, -35.13035], [150.714336, -35.129805], [150.714112, -35.129488], [150.713664, -35.12897], [150.713629, -35.128913], [150.713284, -35.128511], [150.712871, -35.127921], [150.71263, -35.127533], [150.712613, -35.127476], [150.712252, -35.126945], [150.712096, -35.126744], [150.710734, -35.125133], [150.709924, -35.124099], [150.709803, -35.123898], [150.709717, -35.123711], [150.709678, -35.123635], [150.709573, -35.123435], [150.709457, -35.123134], [150.709282, -35.123005], [150.709282, -35.122948], [150.709248, -35.122906], [150.709039, -35.122791], [150.708865, -35.122576], [150.708691, -35.122433], [150.708465, -35.122304], [150.708291, -35.122247], [150.708134, -35.12222], [150.707838, -35.122231], [150.707439, -35.122391], [150.707282, -35.12242], [150.70706, -35.122406], [150.705961, -35.122621], [150.705648, -35.122879], [150.705249, -35.123036], [150.703649, -35.123309], [150.702919, -35.123311], [150.702293, -35.123195], [150.701604, -35.122862], [150.700489, -35.12304], [150.69875, -35.122817], [150.693624, -35.122161], [150.693171, -35.122103], [150.688678, -35.121527], [150.681824, -35.120649], [150.678841, -35.12024], [150.675988, -35.119853], [150.67492, -35.119708], [150.673991, -35.119582], [150.673745, -35.119548], [150.670643, -35.119128], [150.665031, -35.118366], [150.664396, -35.11828], [150.662861, -35.118071], [150.661053, -35.117824], [150.661084, -35.117938], [150.661223, -35.11831], [150.661467, -35.118682], [150.661571, -35.118911], [150.66164, -35.119226], [150.661641, -35.119713], [150.661554, -35.120299], [150.661345, -35.120943], [150.661241, -35.121402], [150.661242, -35.121573], [150.661172, -35.121917], [150.660871, -35.12282], [150.660824, -35.122904], [150.660825, -35.123105], [150.660877, -35.123248], [150.660865, -35.123429], [150.660858, -35.123478], [150.660839, -35.123536], [150.660839, -35.123593], [150.660803, -35.123707], [150.660803, -35.12375], [150.66064, -35.124451], [150.660392, -35.125194], [150.660373, -35.125251], [150.66032, -35.125394], [150.660039, -35.125722], [150.659758, -35.126035], [150.659442, -35.126348], [150.659144, -35.126633], [150.659022, -35.126747], [150.658969, -35.126818], [150.658583, -35.127173], [150.658319, -35.12753], [150.658178, -35.127758], [150.657965, -35.12833], [150.657734, -35.128772], [150.657594, -35.129], [150.6574, -35.129185], [150.657174, -35.12937], [150.65609, -35.12998], [150.655705, -35.130178], [150.655286, -35.130391], [150.655199, -35.130419], [150.655163, -35.130447], [150.655024, -35.130504], [150.654272, -35.130915], [150.654219, -35.130958], [150.653957, -35.131056], [150.653574, -35.131168], [150.653208, -35.131253], [150.652824, -35.131394], [150.652457, -35.131549], [150.651688, -35.131917], [150.651303, -35.132201], [150.650672, -35.132842], [150.64888, -35.134779], [150.648495, -35.135134], [150.648338, -35.135233], [150.648022, -35.135518], [150.647828, -35.135775], [150.647739, -35.136018], [150.647736, -35.13639], [150.647665, -35.136675], [150.647523, -35.136904], [150.647225, -35.137189], [150.646962, -35.137416], [150.646577, -35.137771], [150.646471, -35.137857], [150.646489, -35.137871], [150.645998, -35.138241], [150.645823, -35.138326], [150.645631, -35.138468], [150.645508, -35.138553], [150.645421, -35.138581], [150.645106, -35.138751], [150.644618, -35.138935], [150.644408, -35.139033], [150.644023, -35.139261], [150.643638, -35.139545], [150.643462, -35.139787], [150.643409, -35.139844], [150.643374, -35.13993], [150.643321, -35.140001], [150.643303, -35.140087], [150.643215, -35.140172], [150.643037, -35.140643], [150.642966, -35.140829], [150.642948, -35.140943], [150.64277, -35.141372], [150.642611, -35.141657], [150.642523, -35.141757], [150.642383, -35.141942], [150.642154, -35.14217], [150.642136, -35.142213], [150.641645, -35.142668], [150.641382, -35.142939], [150.641224, -35.14311], [150.641172, -35.143109], [150.641049, -35.143209], [150.640278, -35.14382], [150.640138, -35.143977], [150.639785, -35.144562], [150.639592, -35.144747], [150.639311, -35.145031], [150.639223, -35.145088], [150.639136, -35.145174], [150.638627, -35.145701], [150.638346, -35.145928], [150.638065, -35.146198], [150.637259, -35.146881], [150.636086, -35.147733], [150.636085, -35.147776], [150.635683, -35.148031], [150.635228, -35.148301], [150.635158, -35.148357], [150.634372, -35.148725], [150.634266, -35.148811], [150.633428, -35.14925], [150.633044, -35.149391], [150.632904, -35.149419], [150.632834, -35.149418], [150.632469, -35.149473], [150.632381, -35.149458], [150.632277, -35.149472], [150.632068, -35.149457], [150.631389, -35.149453], [150.631058, -35.149493], [150.630744, -35.149592], [150.630552, -35.149677], [150.630395, -35.149705], [150.630325, -35.149719], [150.629941, -35.149802], [150.629523, -35.149843], [150.629192, -35.149869], [150.628739, -35.149938], [150.627903, -35.149976], [150.627695, -35.149947], [150.627364, -35.149888], [150.626861, -35.149785], [150.626113, -35.149594], [150.624758, -35.149286], [150.624134, -35.149097], [150.623613, -35.148893], [150.623042, -35.148575], [150.622419, -35.148113], [150.622194, -35.14794], [150.621969, -35.147853], [150.62145, -35.147363], [150.62126, -35.147176], [150.620396, -35.146484], [150.620327, -35.14644], [150.62005, -35.146195], [150.619999, -35.146124], [150.619636, -35.145836], [150.619377, -35.145633], [150.618614, -35.1452], [150.618026, -35.144782], [150.617749, -35.144537], [150.617594, -35.144378], [150.617352, -35.144147], [150.617075, -35.143945], [150.616763, -35.143772], [150.616487, -35.143555], [150.615761, -35.143036], [150.615449, -35.142862], [150.615275, -35.14279], [150.615153, -35.142804], [150.615135, -35.142903], [150.615169, -35.142976], [150.615274, -35.143062], [150.615411, -35.143148], [150.61555, -35.143279], [150.615722, -35.14348], [150.615996, -35.144025], [150.616116, -35.144183], [150.616133, -35.144284], [150.61627, -35.144456], [150.616356, -35.144629], [150.616408, -35.144686], [150.616494, -35.14483], [150.616649, -35.145017], [150.61684, -35.145047], [150.617188, -35.14502], [150.617537, -35.145022], [150.617588, -35.145037], [150.617658, -35.145037], [150.617953, -35.145182], [150.618143, -35.145283], [150.61868, -35.145659], [150.618835, -35.145788], [150.619233, -35.146077], [150.619579, -35.146365], [150.620097, -35.146898], [150.620442, -35.147172], [150.620944, -35.147489], [150.62122, -35.147863], [150.621026, -35.148062], [150.620817, -35.148147], [150.620678, -35.148146], [150.620626, -35.148132], [150.620521, -35.148131], [150.620104, -35.148043], [150.619965, -35.148028], [150.619078, -35.14785], [150.618923, -35.147792], [150.618627, -35.147719], [150.618123, -35.147631], [150.617828, -35.147615], [150.617741, -35.147614], [150.617393, -35.147626], [150.617165, -35.14771], [150.616676, -35.147937], [150.616012, -35.148348], [150.615906, -35.148405], [150.615609, -35.148518], [150.615435, -35.14856], [150.614913, -35.148585], [150.614739, -35.148555], [150.614617, -35.148483], [150.614531, -35.148426], [150.614377, -35.148138], [150.614343, -35.148038], [150.614343, -35.147995], [150.614309, -35.147909], [150.614344, -35.147866], [150.614398, -35.147709], [150.614469, -35.147566], [150.614592, -35.147367], [150.614803, -35.14711], [150.614892, -35.146939], [150.614915, -35.146893], [150.614945, -35.146853], [150.614947, -35.146567], [150.614966, -35.146395], [150.614934, -35.146037], [150.614901, -35.145851], [150.614903, -35.145622], [150.615026, -35.145466], [150.615218, -35.145424], [150.615323, -35.145424], [150.615567, -35.145368], [150.61557, -35.145082], [150.615292, -35.144966], [150.615135, -35.144965], [150.61503, -35.144993], [150.614802, -35.145149], [150.614522, -35.145505], [150.614521, -35.145562], [150.614486, -35.145605], [150.614397, -35.145777], [150.614326, -35.14589], [150.614308, -35.145933], [150.614272, -35.146105], [150.61427, -35.146434], [150.614318, -35.146763], [150.6143, -35.146936], [150.614263, -35.147106], [150.614141, -35.147249], [150.613948, -35.14732], [150.613897, -35.147319], [150.613862, -35.147333], [150.613601, -35.147317], [150.613271, -35.147287], [150.613096, -35.147272], [150.613045, -35.147257], [150.612957, -35.147256], [150.612331, -35.147196], [150.612262, -35.147167], [150.611829, -35.146893], [150.611397, -35.146547], [150.611362, -35.146546], [150.611189, -35.146374], [150.610139, -35.14515], [150.610086, -35.145121], [150.609949, -35.144977], [150.609862, -35.14492], [150.609257, -35.144444], [150.609153, -35.144371], [150.609014, -35.144299], [150.608338, -35.144037], [150.608181, -35.144022], [150.608025, -35.143965], [150.607504, -35.143847], [150.607347, -35.14386], [150.60733, -35.143846], [150.607277, -35.14386], [150.607173, -35.143859], [150.606911, -35.143943], [150.606735, -35.144056], [150.606702, -35.144056], [150.606631, -35.144128], [150.606473, -35.144285], [150.606402, -35.144327], [150.606333, -35.144398], [150.605403, -35.145208], [150.605105, -35.14545], [150.605036, -35.145479], [150.604983, -35.145521], [150.604598, -35.145762], [150.60444, -35.145847], [150.604266, -35.145917], [150.604144, -35.145988], [150.603969, -35.146044], [150.603882, -35.146087], [150.603463, -35.146213], [150.603323, -35.146227], [150.603062, -35.146254], [150.602853, -35.146252], [150.602402, -35.146121], [150.602228, -35.146092], [150.602158, -35.146091], [150.602106, -35.146076], [150.601932, -35.146075], [150.601549, -35.146116], [150.601235, -35.146143], [150.600992, -35.146113], [150.600557, -35.146096], [150.600313, -35.146123], [150.600243, -35.146152], [150.600156, -35.146165], [150.599737, -35.14632], [150.599615, -35.146333], [150.599545, -35.146376], [150.598971, -35.146345], [150.598397, -35.146241], [150.597806, -35.146094], [150.597598, -35.14605], [150.596973, -35.145903], [150.596799, -35.145859], [150.596695, -35.145816], [150.596487, -35.1457], [150.596418, -35.145657], [150.596366, -35.145642], [150.596106, -35.145482], [150.59602, -35.145439], [150.595968, -35.145382], [150.595882, -35.145323], [150.595795, -35.145223], [150.595623, -35.145064], [150.595416, -35.14482], [150.595347, -35.144705], [150.595107, -35.14436], [150.595003, -35.144259], [150.594969, -35.144173], [150.594882, -35.144144], [150.594848, -35.144101], [150.594674, -35.144014], [150.594553, -35.143985], [150.594484, -35.143956], [150.594344, -35.143941], [150.594292, -35.143926], [150.593997, -35.143924], [150.593839, -35.143981], [150.592868, -35.143937], [150.59343, -35.146914], [150.594565, -35.148684], [150.595383, -35.151], [150.596246, -35.15218], [150.598001, -35.152476], [150.598381, -35.152543], [150.600607, -35.152997], [150.602606, -35.153179], [150.604378, -35.154313], [150.605105, -35.156175], [150.604696, -35.1579], [150.603106, -35.160215], [150.601961, -35.162382], [150.601834, -35.162621], [150.601016, -35.164528], [150.600744, -35.165708], [150.601016, -35.166888], [150.601425, -35.167706], [150.601698, -35.168886], [150.601334, -35.170066], [150.599154, -35.170611], [150.596837, -35.17043], [150.595156, -35.17052], [150.594652, -35.170638], [150.593157, -35.171021], [150.592117, -35.171654], [150.591749, -35.171882], [150.591249, -35.172472], [150.590986, -35.173785], [150.591489, -35.17668], [150.59159, -35.178818], [150.592497, -35.181612], [150.592698, -35.182921], [150.592472, -35.183651], [150.592547, -35.184281], [150.593378, -35.184758], [150.593971, -35.185018], [150.594724, -35.183836], [150.595231, -35.18361], [150.595371, -35.183525], [150.595493, -35.183483], [150.595756, -35.183312], [150.595932, -35.183099], [150.596091, -35.182842], [150.596178, -35.182771], [150.596355, -35.182471], [150.596549, -35.182186], [150.596813, -35.181887], [150.597271, -35.181275], [150.597588, -35.180933], [150.597834, -35.180605], [150.597905, -35.18052], [150.598081, -35.180249], [150.598327, -35.180021], [150.598608, -35.17978], [150.600046, -35.178657], [150.600361, -35.178387], [150.600449, -35.178331], [150.60073, -35.178074], [150.601028, -35.177862], [150.601465, -35.177607], [150.601658, -35.177507], [150.602392, -35.177082], [150.603198, -35.176558], [150.603688, -35.176246], [150.604458, -35.175835], [150.604615, -35.175764], [150.605052, -35.175552], [150.605717, -35.175241], [150.6068, -35.174804], [150.607342, -35.174535], [150.607955, -35.174181], [150.608025, -35.174153], [150.608462, -35.173883], [150.608602, -35.173827], [150.608899, -35.173671], [150.608952, -35.173686], [150.609074, -35.173629], [150.609196, -35.173601], [150.609738, -35.173376], [150.609965, -35.173248], [150.610385, -35.173021], [150.610718, -35.172809], [150.611696, -35.172414], [150.61215, -35.172245], [150.612342, -35.172188], [150.612674, -35.172061], [150.613163, -35.171935], [150.613215, -35.171936], [150.614105, -35.171712], [150.614437, -35.171585], [150.615258, -35.171318], [150.615677, -35.171177], [150.616637, -35.170882], [150.617353, -35.170629], [150.617737, -35.170502], [150.618454, -35.170177], [150.619799, -35.169655], [150.620008, -35.169613], [150.620113, -35.169543], [150.620532, -35.169402], [150.62191, -35.169109], [150.622032, -35.169053], [150.622329, -35.168983], [150.623202, -35.168744], [150.623254, -35.168745], [150.623341, -35.168717], [150.62369, -35.168647], [150.624544, -35.168537], [150.624631, -35.168509], [150.624701, -35.16851], [150.625154, -35.168426], [150.625869, -35.16823], [150.627056, -35.167951], [150.627126, -35.167922], [150.627178, -35.167923], [150.631453, -35.166788], [150.631768, -35.166675], [150.63196, -35.166619], [150.632099, -35.166562], [150.632623, -35.166422], [150.633338, -35.166297], [150.633773, -35.166243], [150.633878, -35.166215], [150.634157, -35.166159], [150.634662, -35.16609], [150.635238, -35.165979], [150.63543, -35.165937], [150.635465, -35.165937], [150.635988, -35.16584], [150.637836, -35.165593], [150.638428, -35.165525], [150.639927, -35.16529], [150.640032, -35.16529], [150.641445, -35.164955], [150.641968, -35.164786], [150.642195, -35.164744], [150.642474, -35.164703], [150.642997, -35.164591], [150.644392, -35.164313], [150.645962, -35.163921], [150.646067, -35.163907], [150.646468, -35.163837], [150.647008, -35.163769], [150.647914, -35.163631], [150.648036, -35.163646], [150.648089, -35.163632], [150.648367, -35.163605], [150.649516, -35.163611], [150.649621, -35.163583], [150.650144, -35.163571], [150.650631, -35.163503], [150.651137, -35.16342], [150.653106, -35.16323], [150.6545, -35.163138], [150.654621, -35.163138], [150.654709, -35.16311], [150.654952, -35.163097], [150.656119, -35.163103], [150.656467, -35.16312], [150.65711, -35.163238], [150.657406, -35.163254], [150.657476, -35.163268], [150.658015, -35.1633], [150.658224, -35.163287], [150.659182, -35.163235], [150.660245, -35.163097], [150.660523, -35.163099], [150.660611, -35.163085], [150.660628, -35.163099], [150.66075, -35.1631], [150.660993, -35.16313], [150.661271, -35.163203], [150.661445, -35.163233], [150.661688, -35.163349], [150.661844, -35.163435], [150.661896, -35.163493], [150.661965, -35.163536], [150.661999, -35.163608], [150.662085, -35.163723], [150.66229, -35.164211], [150.662376, -35.164383], [150.662409, -35.164555], [150.662304, -35.164712], [150.662214, -35.164997], [150.662369, -35.165256], [150.662526, -35.165228], [150.662735, -35.165158], [150.662926, -35.165202], [150.6631, -35.165274], [150.663378, -35.165362], [150.6635, -35.165362], [150.663691, -35.165378], [150.663778, -35.165392], [150.664074, -35.165394], [150.664319, -35.165324], [150.665295, -35.165129], [150.665592, -35.16503], [150.665644, -35.164959], [150.665767, -35.164888], [150.665786, -35.164688], [150.665736, -35.164444], [150.665719, -35.164358], [150.665876, -35.164302], [150.665911, -35.164273], [150.666016, -35.164245], [150.666138, -35.16416], [150.666278, -35.164103], [150.666348, -35.164032], [150.666418, -35.164004], [150.666803, -35.163734], [150.667031, -35.163578], [150.667083, -35.163564], [150.667206, -35.163507], [150.667363, -35.163451], [150.66738, -35.163437], [150.667502, -35.16338], [150.667921, -35.163296], [150.668426, -35.16327], [150.668687, -35.163286], [150.670218, -35.163523], [150.671973, -35.163876], [150.672425, -35.163993], [150.672511, -35.164037], [150.672581, -35.164037], [150.67397, -35.164531], [150.674821, -35.164808], [150.675411, -35.165026], [150.675585, -35.165127], [150.675775, -35.165271], [150.676034, -35.165544], [150.676155, -35.165716], [150.676448, -35.166062], [150.676482, -35.166162], [150.676273, -35.166204], [150.676134, -35.16616], [150.675772, -35.165657], [150.675704, -35.165514], [150.6756, -35.165413], [150.675166, -35.165196], [150.674887, -35.165223], [150.674869, -35.165409], [150.67485, -35.165581], [150.674832, -35.165652], [150.674831, -35.165738], [150.674812, -35.165967], [150.674829, -35.166039], [150.675034, -35.166469], [150.675103, -35.166527], [150.675155, -35.166627], [150.675589, -35.166802], [150.675815, -35.166874], [150.676438, -35.167264], [150.676577, -35.167322], [150.676699, -35.167394], [150.676768, -35.167466], [150.677045, -35.167668], [150.677515, -35.167685], [150.677532, -35.167699], [150.678054, -35.167759], [150.678681, -35.167677], [150.679083, -35.16755], [150.67931, -35.167465], [150.679519, -35.167409], [150.679885, -35.167297], [150.679972, -35.167283], [150.680094, -35.16724], [150.680269, -35.167213], [150.680653, -35.1671], [150.681264, -35.166874], [150.681317, -35.166803], [150.681422, -35.166675], [150.681424, -35.166503], [150.681251, -35.166302], [150.681147, -35.16623], [150.681185, -35.165901], [150.68122, -35.165772], [150.681536, -35.165473], [150.681623, -35.165431], [150.681694, -35.165388], [150.681885, -35.16536], [150.682199, -35.165348], [150.682616, -35.165393], [150.683277, -35.165554], [150.683346, -35.165554], [150.683624, -35.165627], [150.684406, -35.165817], [150.68484, -35.166006], [150.6851, -35.166136], [150.68536, -35.166309], [150.685637, -35.16654], [150.68574, -35.166698], [150.685912, -35.167013], [150.68603, -35.167501], [150.686149, -35.167845], [150.686183, -35.167931], [150.6862, -35.168031], [150.686199, -35.168117], [150.686216, -35.168203], [150.686181, -35.168203], [150.685903, -35.168159], [150.685555, -35.168056], [150.685486, -35.168056], [150.685294, -35.168127], [150.685206, -35.168141], [150.684875, -35.168253], [150.6847, -35.168381], [150.684594, -35.168495], [150.684209, -35.168794], [150.683772, -35.169078], [150.683509, -35.169234], [150.682968, -35.169489], [150.682915, -35.169488], [150.682723, -35.169545], [150.682199, -35.169742], [150.681798, -35.169926], [150.68171, -35.169983], [150.681553, -35.170025], [150.681551, -35.170254], [150.681638, -35.170255], [150.68169, -35.170284], [150.681899, -35.170285], [150.682038, -35.1703], [150.682299, -35.170344], [150.682699, -35.170432], [150.682855, -35.17049], [150.68355, -35.170637], [150.684125, -35.170697], [150.684856, -35.17073], [150.68503, -35.170759], [150.685412, -35.170847], [150.68583, -35.170906], [150.685969, -35.17095], [150.686352, -35.170938], [150.686474, -35.17091], [150.686981, -35.170669], [150.68712, -35.170598], [150.687295, -35.170485], [150.687419, -35.170285], [150.687333, -35.170141], [150.687212, -35.170055], [150.687264, -35.169984], [150.687404, -35.169956], [150.687474, -35.169913], [150.687771, -35.169743], [150.688068, -35.169587], [150.688278, -35.169474], [150.688592, -35.169432], [150.68901, -35.169434], [150.68934, -35.169493], [150.689792, -35.169639], [150.690052, -35.169755], [150.690226, -35.169842], [150.690711, -35.170145], [150.690952, -35.170403], [150.691107, -35.170633], [150.691244, -35.170935], [150.691318, -35.171165], [150.691397, -35.171408], [150.691465, -35.171709], [150.691463, -35.171909], [150.691445, -35.172081], [150.691426, -35.172195], [150.691355, -35.172352], [150.691074, -35.17268], [150.691004, -35.172723], [150.690689, -35.173022], [150.690407, -35.17335], [150.690144, -35.173735], [150.689827, -35.174134], [150.689826, -35.174191], [150.689721, -35.174319], [150.689438, -35.174833], [150.689384, -35.175162], [150.68907, -35.175246], [150.689, -35.175246], [150.688965, -35.175274], [150.688878, -35.175303], [150.688826, -35.175302], [150.688511, -35.175458], [150.688371, -35.175572], [150.688248, -35.175657], [150.688125, -35.175871], [150.688124, -35.175957], [150.688106, -35.176], [150.688106, -35.176057], [150.688122, -35.176229], [150.688206, -35.176559], [150.688344, -35.176846], [150.688343, -35.176932], [150.688446, -35.177075], [150.68867, -35.177334], [150.688965, -35.177608], [150.689051, -35.17768], [150.689138, -35.177737], [150.689293, -35.17791], [150.689363, -35.17791], [150.689362, -35.177953], [150.689693, -35.177941], [150.690199, -35.177829], [150.690339, -35.177772], [150.690479, -35.177687], [150.690619, -35.177616], [150.690689, -35.177559], [150.690829, -35.177431], [150.690813, -35.177245], [150.690727, -35.17713], [150.69071, -35.177087], [150.690745, -35.177016], [150.691077, -35.176889], [150.691252, -35.176775], [150.691428, -35.176547], [150.691498, -35.17649], [150.691593, -35.176461], [150.691638, -35.176448], [150.691829, -35.176449], [150.691864, -35.176506], [150.691897, -35.176678], [150.691894, -35.17705], [150.691911, -35.177093], [150.69191, -35.177179], [150.691662, -35.177836], [150.6918, -35.177923], [150.691835, -35.17798], [150.691939, -35.178038], [150.692252, -35.178054], [150.692566, -35.178041], [150.693123, -35.17803], [150.693262, -35.178031], [150.693299, -35.177831], [150.693161, -35.177658], [150.693318, -35.177544], [150.693353, -35.177573], [150.693388, -35.177559], [150.693597, -35.177517], [150.693667, -35.177489], [150.693719, -35.177489], [150.694086, -35.177348], [150.694138, -35.177291], [150.694366, -35.177192], [150.694523, -35.177107], [150.694768, -35.176994], [150.694942, -35.17698], [150.695186, -35.176981], [150.695377, -35.176997], [150.69562, -35.177084], [150.695707, -35.177127], [150.695759, -35.177199], [150.695793, -35.177242], [150.695757, -35.177428], [150.695722, -35.1775], [150.695686, -35.177542], [150.695546, -35.17767], [150.695441, -35.17777], [150.695458, -35.177784], [150.695336, -35.17787], [150.695213, -35.177998], [150.695073, -35.178112], [150.695002, -35.178197], [150.694636, -35.178253], [150.694496, -35.178381], [150.694461, -35.178452], [150.694249, -35.178737], [150.694109, -35.178951], [150.693895, -35.17948], [150.693735, -35.180066], [150.69368, -35.18038], [150.693677, -35.180781], [150.693552, -35.181095], [150.693552, -35.181167], [150.693516, -35.181281], [150.693655, -35.181354], [150.693724, -35.181354], [150.693881, -35.181441], [150.693933, -35.181441], [150.694367, -35.181629], [150.694748, -35.181918], [150.694869, -35.181961], [150.694921, -35.182047], [150.695235, -35.181906], [150.695551, -35.18165], [150.696001, -35.181981], [150.695948, -35.182053], [150.695808, -35.182109], [150.695616, -35.182251], [150.695598, -35.182394], [150.695701, -35.182538], [150.695822, -35.182653], [150.695978, -35.18274], [150.696134, -35.182769], [150.696239, -35.182727], [150.696309, -35.182727], [150.696361, -35.182742], [150.69636, -35.182813], [150.696255, -35.182956], [150.695606, -35.183597], [150.69543, -35.183796], [150.69543, -35.183839], [150.695307, -35.183953], [150.695167, -35.184038], [150.695045, -35.184095], [150.695077, -35.184381], [150.695077, -35.184482], [150.695059, -35.184553], [150.695058, -35.184639], [150.695092, -35.184782], [150.69523, -35.184955], [150.695385, -35.185156], [150.695349, -35.185242], [150.695138, -35.185556], [150.694997, -35.185741], [150.694927, -35.185826], [150.694752, -35.18594], [150.694682, -35.185968], [150.694594, -35.186068], [150.694577, -35.186111], [150.694541, -35.186139], [150.694541, -35.186182], [150.69447, -35.186296], [150.694434, -35.186482], [150.694451, -35.186525], [150.694415, -35.186768], [150.694603, -35.187185], [150.694758, -35.187371], [150.694827, -35.187529], [150.694896, -35.187616], [150.69505, -35.187917], [150.695102, -35.18796], [150.695119, -35.188003], [150.695275, -35.188176], [150.695361, -35.188248], [150.695481, -35.188506], [150.695547, -35.188936], [150.695547, -35.189022], [150.69532, -35.189049], [150.695145, -35.189177], [150.695127, -35.189349], [150.695283, -35.18945], [150.695508, -35.189608], [150.695525, -35.189651], [150.695507, -35.189737], [150.695594, -35.189781], [150.695698, -35.189767], [150.69575, -35.189853], [150.695731, -35.19001], [150.695731, -35.190068], [150.695713, -35.190082], [150.695643, -35.190196], [150.695537, -35.190296], [150.69538, -35.190352], [150.694962, -35.190407], [150.694682, -35.190535], [150.694629, -35.190563], [150.694526, -35.190491], [150.694422, -35.190433], [150.694334, -35.190518], [150.694194, -35.190647], [150.694123, -35.190718], [150.693915, -35.190702], [150.693809, -35.190845], [150.693843, -35.191003], [150.693999, -35.191089], [150.69419, -35.191176], [150.694241, -35.191291], [150.69424, -35.191434], [150.694065, -35.191576], [150.693977, -35.191633], [150.693819, -35.191718], [150.693679, -35.191818], [150.693592, -35.191903], [150.693486, -35.19206], [150.693414, -35.192317], [150.692975, -35.192888], [150.692887, -35.192973], [150.692859, -35.193011], [150.692834, -35.193044], [150.692799, -35.193087], [150.691458, -35.193023], [150.691388, -35.193051], [150.691336, -35.193122], [150.691335, -35.193165], [150.691265, -35.193337], [150.691142, -35.193379], [150.691002, -35.193407], [150.690967, -35.193507], [150.690984, -35.193593], [150.691053, -35.193651], [150.691837, -35.193669], [150.69201, -35.193756], [150.691886, -35.19407], [150.69199, -35.194142], [150.69232, -35.194158], [150.692283, -35.194502], [150.692178, -35.194616], [150.692142, -35.19473], [150.692142, -35.194801], [150.692209, -35.195074], [150.692208, -35.195174], [150.692219, -35.195259], [150.692241, -35.195446], [150.691697, -35.19603], [150.691553, -35.196573], [150.691552, -35.196702], [150.691585, -35.196946], [150.69162, -35.19706], [150.691791, -35.197462], [150.691842, -35.197534], [150.691963, -35.197663], [150.691998, -35.197664], [150.692257, -35.197966], [150.692343, -35.198023], [150.692378, -35.198038], [150.692483, -35.19801], [150.692622, -35.198039], [150.692725, -35.19814], [150.692673, -35.198225], [150.692724, -35.198369], [150.69274, -35.198512], [150.69274, -35.198555], [150.692809, -35.198627], [150.692946, -35.198857], [150.69305, -35.198957], [150.693188, -35.199187], [150.693393, -35.199675], [150.693618, -35.199934], [150.693894, -35.200164], [150.694084, -35.200408], [150.694291, -35.200624], [150.694621, -35.200783], [150.694778, -35.200827], [150.69483, -35.200856], [150.695056, -35.200857], [150.695143, -35.200872], [150.695684, -35.200818], [150.695788, -35.200818], [150.696015, -35.200776], [150.696241, -35.200777], [150.696958, -35.200409], [150.697098, -35.200295], [150.697414, -35.200068], [150.697731, -35.19964], [150.697853, -35.199526], [150.698065, -35.199212], [150.698205, -35.199084], [150.698381, -35.198899], [150.698451, -35.198842], [150.698521, -35.198756], [150.698556, -35.198685], [150.698609, -35.198628], [150.698715, -35.198443], [150.698874, -35.198229], [150.698944, -35.198114], [150.698979, -35.198029], [150.699016, -35.197771], [150.699018, -35.1976], [150.699088, -35.1975], [150.699438, -35.197244], [150.699438, -35.197215], [150.699613, -35.197102], [150.69977, -35.197074], [150.700032, -35.197075], [150.700293, -35.197034], [150.700608, -35.196863], [150.70101, -35.196608], [150.701116, -35.196465], [150.701169, -35.196422], [150.701222, -35.196337], [150.701275, -35.196208], [150.701329, -35.195951], [150.701399, -35.195865], [150.701417, -35.19578], [150.702359, -35.19567], [150.702483, -35.195427], [150.702518, -35.195385], [150.702642, -35.195099], [150.702643, -35.194927], [150.702678, -35.19487], [150.70261, -35.194727], [150.702472, -35.194525], [150.702351, -35.194382], [150.702456, -35.194325], [150.70284, -35.194241], [150.703346, -35.194072], [150.70366, -35.193959], [150.703766, -35.193874], [150.704272, -35.193633], [150.70464, -35.193363], [150.704676, -35.193306], [150.704816, -35.193177], [150.705081, -35.192735], [150.705134, -35.19265], [150.705328, -35.192307], [150.705573, -35.19205], [150.70573, -35.192008], [150.706027, -35.19191], [150.706254, -35.191882], [150.706882, -35.191742], [150.707057, -35.191657], [150.707441, -35.191502], [150.707511, -35.191459], [150.707616, -35.191345], [150.707634, -35.19136], [150.707739, -35.19126], [150.707757, -35.191217], [150.707897, -35.191089], [150.70776, -35.190773], [150.707639, -35.190672], [150.707605, -35.190544], [150.707658, -35.190458], [150.707798, -35.190373], [150.707991, -35.19023], [150.708095, -35.190174], [150.708182, -35.19016], [150.708339, -35.190189], [150.708531, -35.19009], [150.708637, -35.18999], [150.708672, -35.189876], [150.708795, -35.189719], [150.708796, -35.189648], [150.708884, -35.189519], [150.709564, -35.189365], [150.710285, -35.18851], [150.71032, -35.188482], [150.71046, -35.188282], [150.710531, -35.188225], [150.710742, -35.187797], [150.710778, -35.187625], [150.710763, -35.187339], [150.710747, -35.18721], [150.710801, -35.186981], [150.710767, -35.186809], [150.710409, -35.18582], [150.710392, -35.185719], [150.710585, -35.185606], [150.710968, -35.185608], [150.711211, -35.185652], [150.711281, -35.185652], [150.711472, -35.185624], [150.711612, -35.185625], [150.712102, -35.185298], [150.712211, -35.184655], [150.712247, -35.184555], [150.712249, -35.184283], [150.712267, -35.184211], [150.712302, -35.184154], [150.712373, -35.183969], [150.712583, -35.183755], [150.712619, -35.183698], [150.712707, -35.183612], [150.712882, -35.183413], [150.71304, -35.183285], [150.713057, -35.183313], [150.713197, -35.1832], [150.71325, -35.183171], [150.713443, -35.182986], [150.713775, -35.182745], [150.714142, -35.182575], [150.71416, -35.182532], [150.714912, -35.182049], [150.715053, -35.181935], [150.715263, -35.181793], [150.715507, -35.18168], [150.715647, -35.181652], [150.715769, -35.181581], [150.716206, -35.181397], [150.716258, -35.18134], [150.716574, -35.181055], [150.716907, -35.180828], [150.717379, -35.180487], [150.717556, -35.180173], [150.717749, -35.179944], [150.717994, -35.179745], [150.718204, -35.179632], [150.718344, -35.179475], [150.718643, -35.179205], [150.72037, -35.178726], [150.720422, -35.178727], [150.72051, -35.178655], [150.720772, -35.178485], [150.721141, -35.178129], [150.721651, -35.17733], [150.721864, -35.17683], [150.721917, -35.176759], [150.72197, -35.176644], [150.72227, -35.176145], [150.723648, -35.175722], [150.724142, -35.17488], [150.723779, -35.174549], [150.723727, -35.174463], [150.723815, -35.174306], [150.723938, -35.174178], [150.724309, -35.173507], [150.724519, -35.173236], [150.724625, -35.173093], [150.724694, -35.173079], [150.724729, -35.173036], [150.724869, -35.172951], [150.725166, -35.172881], [150.725584, -35.172854], [150.726298, -35.172887], [150.72642, -35.172887], [150.727168, -35.172962], [150.728351, -35.173097], [150.728681, -35.17317], [150.728837, -35.173257], [150.729044, -35.173559], [150.729095, -35.173759], [150.729232, -35.174103], [150.729369, -35.174333], [150.729456, -35.174448], [150.729508, -35.174477], [150.729611, -35.174606], [150.729732, -35.174707], [150.730149, -35.174924], [150.730878, -35.175156], [150.731087, -35.1752], [150.731069, -35.175258], [150.730999, -35.175357], [150.730876, -35.175428], [150.730806, -35.175485], [150.730806, -35.175514], [150.730892, -35.175729], [150.730978, -35.175815], [150.731396, -35.175817], [150.731483, -35.175861], [150.731673, -35.175976], [150.731637, -35.176162], [150.731601, -35.176305], [150.731426, -35.17649], [150.731216, -35.176661], [150.730938, -35.176617], [150.730676, -35.17673], [150.730548, -35.177445], [150.730512, -35.177674], [150.730529, -35.177746], [150.730545, -35.177889], [150.730579, -35.178061], [150.730578, -35.178147], [150.730595, -35.178218], [150.730594, -35.178404], [150.730663, -35.178534], [150.730835, -35.178763], [150.730992, -35.178779], [150.731183, -35.178822], [150.73207, -35.178927], [150.732401, -35.178929], [150.732523, -35.178958], [150.732836, -35.179002], [150.733288, -35.179076], [150.733913, -35.179294], [150.734035, -35.179309], [150.734209, -35.179309], [150.734732, -35.179283], [150.734889, -35.179313], [150.735236, -35.179429], [150.735323, -35.179487], [150.73579, -35.179875], [150.735929, -35.179876], [150.736086, -35.179862], [150.736208, -35.179863], [150.736347, -35.179907], [150.736799, -35.180023], [150.737008, -35.180024], [150.737443, -35.180084], [150.738088, -35.18003], [150.738175, -35.179987], [150.738821, -35.179818], [150.738856, -35.179761], [150.739031, -35.179619], [150.739155, -35.179348], [150.73933, -35.179148], [150.739366, -35.179048], [150.739349, -35.178905], [150.739367, -35.178848], [150.73935, -35.178776], [150.73937, -35.178418], [150.739442, -35.178104], [150.739462, -35.177832], [150.739479, -35.17776], [150.739481, -35.177546], [150.739848, -35.177333], [150.739918, -35.177261], [150.740233, -35.177077], [150.740724, -35.176592], [150.740794, -35.17655], [150.740934, -35.176407], [150.741128, -35.176165], [150.741233, -35.176065], [150.741321, -35.175951], [150.741373, -35.175908], [150.741409, -35.175823], [150.741427, -35.175651], [150.741445, -35.175579], [150.741481, -35.175494], [150.741481, -35.175465], [150.74197, -35.17521], [150.742266, -35.175168], [150.742458, -35.175141], [150.742511, -35.175141], [150.742807, -35.175114], [150.743033, -35.1751], [150.74312, -35.175086], [150.743661, -35.175003], [150.743713, -35.175003], [150.744044, -35.174933], [150.744824, -35.175395], [150.745016, -35.17541], [150.745643, -35.175356], [150.745765, -35.175328], [150.746167, -35.175158], [150.746468, -35.174487], [150.746211, -35.173756], [150.746493, -35.173399], [150.746789, -35.173357], [150.747033, -35.173359], [150.747329, -35.173331], [150.747451, -35.173303], [150.747783, -35.173133], [150.74787, -35.173105], [150.748358, -35.173007], [150.748533, -35.172994], [150.748568, -35.172951], [150.74862, -35.172951], [150.7489, -35.172766], [150.748917, -35.172752], [150.748988, -35.172681], [150.749094, -35.172467], [150.749129, -35.172424], [150.749654, -35.172011], [150.749852, -35.171067], [150.749992, -35.170968], [150.750167, -35.170797], [150.750464, -35.170655], [150.750447, -35.170626], [150.750762, -35.170427], [150.751025, -35.170099], [150.751177, -35.1701], [150.751304, -35.170101], [150.751478, -35.170059], [150.751828, -35.169788], [150.752161, -35.169575], [150.752335, -35.169547], [150.752439, -35.169548], [150.752753, -35.169535], [150.752805, -35.169549], [150.752857, -35.169535], [150.753255, -35.169924], [150.753359, -35.169996], [150.753603, -35.170026], [150.753846, -35.170098], [150.753879, -35.170413], [150.753861, -35.170471], [150.753912, -35.170585], [150.753999, -35.170743], [150.754207, -35.170744], [150.754869, -35.170762], [150.755129, -35.170863], [150.7556, -35.170751], [150.755777, -35.170408], [150.755882, -35.170251], [150.755935, -35.170137], [150.756129, -35.169808], [150.756217, -35.169637], [150.756218, -35.169565], [150.756254, -35.169451], [150.756306, -35.169351], [150.756447, -35.169209], [150.756935, -35.169082], [150.757005, -35.169011], [150.757234, -35.16864], [150.757427, -35.168455], [150.757427, -35.168426], [150.757603, -35.168169], [150.757726, -35.167969], [150.757762, -35.167826], [150.757763, -35.16774], [150.757729, -35.167554], [150.757608, -35.167496], [150.757398, -35.167524], [150.756298, -35.168063], [150.756245, -35.168077], [150.756158, -35.168134], [150.755669, -35.168332], [150.75553, -35.16836], [150.755477, -35.168345], [150.75539, -35.168345], [150.755148, -35.168215], [150.75487, -35.16807], [150.754766, -35.167998], [150.75468, -35.167869], [150.75468, -35.167826], [150.754663, -35.167755], [150.754664, -35.167683], [150.754681, -35.167654], [150.75496, -35.167684], [150.755168, -35.167785], [150.755463, -35.167844], [150.755707, -35.167831], [150.755916, -35.167818], [150.756283, -35.167719], [150.757226, -35.167251], [150.757383, -35.167209], [150.757488, -35.167166], [150.757557, -35.167181], [150.757662, -35.16721], [150.757749, -35.167168], [150.757767, -35.16711], [150.757925, -35.166925], [150.758031, -35.166639], [150.758067, -35.166482], [150.758016, -35.166253], [150.758054, -35.165895], [150.758108, -35.165652], [150.758302, -35.165209], [150.758373, -35.165124], [150.758583, -35.164838], [150.758636, -35.164752], [150.758952, -35.16431], [150.759094, -35.164053], [150.759375, -35.163611], [150.759534, -35.163339], [150.759639, -35.163254], [150.759919, -35.163055], [150.760041, -35.16297], [150.760356, -35.162785], [150.760356, -35.162699], [150.760409, -35.162642], [150.760481, -35.16227], [150.760362, -35.161941], [150.76031, -35.161883], [150.760224, -35.161697], [150.76026, -35.161568], [150.760278, -35.16141], [150.760402, -35.161053], [150.760232, -35.160566], [150.760583, -35.160124], [150.760583, -35.160052], [150.760602, -35.159923], [150.760569, -35.159565], [150.760552, -35.159494], [150.760398, -35.159206], [150.760293, -35.159206], [150.760206, -35.159177], [150.759562, -35.159131], [150.759267, -35.159015], [150.758833, -35.158813], [150.758555, -35.158754], [150.758398, -35.158739], [150.758138, -35.158666], [150.757965, -35.158523], [150.757811, -35.158035], [150.757971, -35.157649], [150.758059, -35.157535], [150.758217, -35.157264], [150.758395, -35.156664], [150.758206, -35.156305], [150.758103, -35.156118], [150.758104, -35.156047], [150.75807, -35.155889], [150.758088, -35.155818], [150.758089, -35.15566], [150.758124, -35.155574], [150.758194, -35.155489], [150.758317, -35.155346], [150.75837, -35.155246], [150.758493, -35.155089], [150.758511, -35.155047], [150.758494, -35.154918], [150.758513, -35.154703], [150.758566, -35.15456], [150.758672, -35.154346], [150.758725, -35.154289], [150.758743, -35.154246], [150.759023, -35.153904], [150.759355, -35.153776], [150.759425, -35.153734], [150.759878, -35.153578], [150.760053, -35.153551], [150.760244, -35.153523], [150.760558, -35.153453], [150.760628, -35.153467], [150.760785, -35.153439], [150.760889, -35.153397], [150.761029, -35.153383], [150.761168, -35.153355], [150.761377, -35.153256], [150.761656, -35.1532], [150.761726, -35.153172], [150.761901, -35.153144], [150.761953, -35.153116], [150.762268, -35.152859], [150.762425, -35.152803], [150.76246, -35.15276], [150.7626, -35.152675], [150.762601, -35.152575], [150.762483, -35.151973], [150.762627, -35.151258], [150.762214, -35.150626], [150.762162, -35.150583], [150.762024, -35.150368], [150.761872, -35.149708], [150.761855, -35.149579], [150.761804, -35.149436], [150.761777, -35.148305], [150.761885, -35.147704], [150.761994, -35.147061], [150.762013, -35.146803], [150.76212, -35.14636], [150.762138, -35.146331], [150.762138, -35.146274], [150.762191, -35.146217], [150.762511, -35.145302], [150.762376, -35.144543], [150.762361, -35.144228], [150.762293, -35.144027], [150.76226, -35.143812], [150.762263, -35.143283], [150.762701, -35.142913], [150.762929, -35.142685], [150.763016, -35.142613], [150.763191, -35.142428], [150.763244, -35.142371], [150.763367, -35.142214], [150.763543, -35.141957], [150.763578, -35.141857], [150.763597, -35.1417], [150.7636, -35.141256], [150.763794, -35.140785], [150.763935, -35.140613], [150.764197, -35.140386], [150.764531, -35.139958], [150.764952, -35.139487], [150.764935, -35.139444], [150.764936, -35.139344], [150.764748, -35.138685], [150.764645, -35.138498], [150.764576, -35.138426], [150.764439, -35.138211], [150.764352, -35.138139], [150.764232, -35.137809], [150.764198, -35.13768], [150.764181, -35.137594], [150.764131, -35.137322], [150.76415, -35.137122], [150.764205, -35.136692], [150.764418, -35.136078], [150.764682, -35.135635], [150.765013, -35.13558], [150.76531, -35.135409], [150.765468, -35.135167], [150.765575, -35.134838], [150.765489, -35.134608], [150.765438, -35.134522], [150.765369, -35.134393], [150.765265, -35.134321], [150.765179, -35.134235], [150.76504, -35.134177], [150.764517, -35.134346], [150.764081, -35.134401], [150.763839, -35.134128], [150.763687, -35.133498], [150.763723, -35.133269], [150.763741, -35.133226], [150.763742, -35.133126], [150.763847, -35.132969], [150.764213, -35.132899], [150.764283, -35.132899], [150.764387, -35.132871], [150.764458, -35.132728], [150.764511, -35.132571], [150.764494, -35.132442], [150.76453, -35.132242], [150.764479, -35.132142], [150.764496, -35.132099], [150.764428, -35.131855], [150.764167, -35.131854], [150.76408, -35.131882], [150.764027, -35.131953], [150.763958, -35.131939], [150.763838, -35.131795], [150.763803, -35.13168], [150.763804, -35.131566], [150.763822, -35.131451], [150.763875, -35.131251], [150.763981, -35.131051], [150.764069, -35.130923], [150.764193, -35.130723], [150.764385, -35.130566], [150.764665, -35.130324], [150.764928, -35.130011], [150.765069, -35.129797], [150.765087, -35.129739], [150.765175, -35.129511], [150.765211, -35.129325], [150.765249, -35.128867], [150.76513, -35.128394], [150.765777, -35.127982], [150.765554, -35.12748], [150.765486, -35.127351], [150.765349, -35.127006], [150.765193, -35.126848], [150.765054, -35.126762], [150.76476, -35.126546], [150.76476, -35.126503], [150.764743, -35.12646], [150.764745, -35.126159], [150.764486, -35.125872], [150.765081, -35.125359], [150.765117, -35.12513], [150.765224, -35.124801], [150.765207, -35.12473], [150.764915, -35.124156], [150.764881, -35.124127], [150.764697, -35.12409], [150.764585, -35.124068], [150.764481, -35.124068], [150.764238, -35.123952], [150.763141, -35.12409], [150.762526, -35.124961], [150.760764, -35.125482], [150.760329, -35.125581], [150.760207, -35.125594], [150.760033, -35.125622], [150.759894, -35.125593], [150.759702, -35.125606], [150.759163, -35.125518], [150.758955, -35.125474], [150.758868, -35.125459], [150.758642, -35.125415], [150.758573, -35.125401], [150.758226, -35.125242], [150.757809, -35.125011], [150.757654, -35.124881], [150.757585, -35.124809], [150.757464, -35.124709], [150.75736, -35.124579], [150.757274, -35.124493], [150.757136, -35.124292], [150.757084, -35.124177], [150.757085, -35.12412], [150.756981, -35.124019], [150.756859, -35.124019], [150.756615, -35.124032], [150.756319, -35.124059], [150.756232, -35.124073], [150.756128, -35.124072], [150.756006, -35.124086], [150.75587, -35.123613], [150.755558, -35.123469], [150.754548, -35.123607], [150.754006, -35.123962], [150.753936, -35.124005], [150.753813, -35.124062], [150.753604, -35.124089], [150.753482, -35.124146], [150.753134, -35.124202], [150.753012, -35.124258], [150.752644, -35.124586], [150.752504, -35.124728], [150.752222, -35.125199], [150.752204, -35.125257], [150.752029, -35.125513], [150.751624, -35.126184], [150.751589, -35.126227], [150.751501, -35.12627], [150.751274, -35.126426], [150.751185, -35.126712], [150.751184, -35.126812], [150.751177, -35.126831], [150.751095, -35.127041], [150.751043, -35.127155], [150.750741, -35.127984], [150.750705, -35.128127], [150.750705, -35.128227], [150.750616, -35.128484], [150.750598, -35.128542], [150.750246, -35.12917], [150.750158, -35.129298], [150.749875, -35.129884], [150.749716, -35.130269], [150.749663, -35.130427], [150.749558, -35.130526], [150.749469, -35.130683], [150.748842, -35.130895], [150.748824, -35.130924], [150.748579, -35.131109], [150.748492, -35.131137], [150.74809, -35.13135], [150.747933, -35.131478], [150.748104, -35.131808], [150.747911, -35.132036], [150.747735, -35.132322], [150.747611, -35.132707], [150.747592, -35.132836], [150.747557, -35.132922], [150.747556, -35.133108], [150.747538, -35.133151], [150.747571, -35.133309], [150.747657, -35.133481], [150.747692, -35.133524], [150.747743, -35.133696], [150.747777, -35.133739], [150.74774, -35.134125], [150.747583, -35.134196], [150.747147, -35.134266], [150.746921, -35.134336], [150.746815, -35.134421], [150.746763, -35.134436], [150.746535, -35.134663], [150.746412, -35.134878], [150.746376, -35.135006], [150.7462, -35.13532], [150.745989, -35.135663], [150.745639, -35.135905], [150.7455, -35.13599], [150.744819, -35.136201], [150.744767, -35.136201], [150.744593, -35.136243], [150.742764, -35.136478], [150.742572, -35.13652], [150.742503, -35.136462], [150.742538, -35.136348], [150.742556, -35.136262], [150.742557, -35.136205], [150.742592, -35.136119], [150.742593, -35.13599], [150.742525, -35.135833], [150.742264, -35.135803], [150.742055, -35.135816], [150.741969, -35.135587], [150.741814, -35.135328], [150.741501, -35.135341], [150.740995, -35.135453], [150.740647, -35.135494], [150.740542, -35.135508], [150.740438, -35.135579], [150.740402, -35.135751], [150.740296, -35.135937], [150.74014, -35.135907], [150.73993, -35.136035], [150.739959, -35.136908], [150.73933, -35.137134], [150.73893, -35.13719], [150.738633, -35.137203], [150.738425, -35.137202], [150.73792, -35.137156], [150.737781, -35.137127], [150.737555, -35.137126], [150.736981, -35.137094], [150.736128, -35.137105], [150.735676, -35.137088], [150.734163, -35.136909], [150.73305, -35.136689], [150.732529, -35.136529], [150.732147, -35.136384], [150.731817, -35.136254], [150.730619, -35.135904], [150.73041, -35.135889], [150.730289, -35.135888], [150.730097, -35.135916], [150.730133, -35.135759], [150.730013, -35.135501], [150.729804, -35.1355], [150.729717, -35.135485], [150.729456, -35.135469], [150.729352, -35.135383], [150.729265, -35.135325], [150.729248, -35.135311], [150.729214, -35.135268], [150.72904, -35.135181], [150.729006, -35.135152], [150.728501, -35.13515], [150.728379, -35.135178], [150.728013, -35.135176], [150.727771, -35.135032], [150.727755, -35.134888], [150.72779, -35.134774], [150.727773, -35.134717], [150.727739, -35.134559], [150.727671, -35.134444], [150.7275, -35.134], [150.72736, -35.134085], [150.727185, -35.134284], [150.727114, -35.134341], [150.727044, -35.134427], [150.726833, -35.134698], [150.726694, -35.134783], [150.726309, -35.134939], [150.726204, -35.135024], [150.726135, -35.135052], [150.72589, -35.135194], [150.725715, -35.135322], [150.725485, -35.135635], [150.725313, -35.135621], [150.725138, -35.13562], [150.724947, -35.135648], [150.724877, -35.135633], [150.723832, -35.135842], [150.723483, -35.135898], [150.723222, -35.135911], [150.723152, -35.135939], [150.722927, -35.13591], [150.722666, -35.135894], [150.722318, -35.135835], [150.721866, -35.135675], [150.720618, -35.135097], [150.719768, -35.134663], [150.719352, -35.134418], [150.717828, -35.133437], [150.717464, -35.133163], [150.717118, -35.132803], [150.717032, -35.132717], [150.716791, -35.13243], [150.715257, -35.130897], [150.715113, -35.130752]]], [[[150.76831, -35.112335], [150.768205, -35.112406], [150.768188, -35.112449], [150.768222, -35.112492], [150.768222, -35.112564], [150.768118, -35.112707], [150.7681, -35.112793], [150.768031, -35.11285], [150.767927, -35.112836], [150.767787, -35.112979], [150.767718, -35.113122], [150.767596, -35.113208], [150.767544, -35.113294], [150.767544, -35.113351], [150.767578, -35.113379], [150.767665, -35.113379], [150.767717, -35.113422], [150.767769, -35.113623], [150.767752, -35.113837], [150.767821, -35.113909], [150.767943, -35.113838], [150.768013, -35.113909], [150.767995, -35.113995], [150.76796, -35.114024], [150.767804, -35.114038], [150.767682, -35.114124], [150.767438, -35.114138], [150.767265, -35.114238], [150.767091, -35.114267], [150.767056, -35.114381], [150.767021, -35.11441], [150.767032, -35.114435], [150.766934, -35.114395], [150.766899, -35.114424], [150.766847, -35.114553], [150.766847, -35.114725], [150.766916, -35.114911], [150.76702, -35.114982], [150.767038, -35.115168], [150.766996, -35.115214], [150.766794, -35.115211], [150.766655, -35.115297], [150.766568, -35.115311], [150.766516, -35.115354], [150.766498, -35.115512], [150.766394, -35.115526], [150.766325, -35.115469], [150.766151, -35.115426], [150.766064, -35.115468], [150.765994, -35.11554], [150.765959, -35.11564], [150.765698, -35.115912], [150.765715, -35.115998], [150.765785, -35.116069], [150.765785, -35.116141], [150.765611, -35.11637], [150.765611, -35.116441], [150.765681, -35.116513], [150.765663, -35.116599], [150.765385, -35.116856], [150.765332, -35.116856], [150.764984, -35.1171], [150.764984, -35.117143], [150.765054, -35.117228], [150.765054, -35.117314], [150.765002, -35.117372], [150.764845, -35.117371], [150.764671, -35.117518], [150.764636, -35.117472], [150.764549, -35.117457], [150.764497, -35.117486], [150.76441, -35.117686], [150.76441, -35.117758], [150.764462, -35.117872], [150.764462, -35.118001], [150.764322, -35.118373], [150.764374, -35.118731], [150.764357, -35.118989], [150.764287, -35.119117], [150.764287, -35.119203], [150.764391, -35.119332], [150.764356, -35.11969], [150.764547, -35.119833], [150.764634, -35.119948], [150.764634, -35.120119], [150.764686, -35.120248], [150.764686, -35.120363], [150.764616, -35.120434], [150.764599, -35.12052], [150.764703, -35.120706], [150.764877, -35.120792], [150.764946, -35.120907], [150.764998, -35.121078], [150.764981, -35.121236], [150.76505, -35.12135], [150.76505, -35.121493], [150.764998, -35.121565], [150.764824, -35.121651], [150.764772, -35.121722], [150.764806, -35.121837], [150.764737, -35.121894], [150.764684, -35.122009], [150.764684, -35.122094], [150.764737, -35.122123], [150.764928, -35.122109], [150.76498, -35.122195], [150.764928, -35.122309], [150.764962, -35.122395], [150.765066, -35.122353], [150.765154, -35.122467], [150.765223, -35.122452], [150.765362, -35.122581], [150.765362, -35.122639], [150.765258, -35.122753], [150.765223, -35.122839], [150.765031, -35.122968], [150.765084, -35.123139], [150.765042, -35.123254], [150.76495, -35.123347], [150.764889, -35.123382], [150.764843, -35.123428], [150.764829, -35.123442], [150.764817, -35.123611], [150.764849, -35.123697], [150.765126, -35.123785], [150.765196, -35.123799], [150.765457, -35.1238], [150.765632, -35.123744], [150.765672, -35.123744], [150.765684, -35.123744], [150.765771, -35.123687], [150.765894, -35.123602], [150.766023, -35.123428], [150.766127, -35.123369], [150.766231, -35.123226], [150.766196, -35.123183], [150.766127, -35.123183], [150.766057, -35.123111], [150.766179, -35.122968], [150.76611, -35.122925], [150.765953, -35.122939], [150.765849, -35.122896], [150.76578, -35.122839], [150.76578, -35.122739], [150.765832, -35.122682], [150.766041, -35.122667], [150.76611, -35.12261], [150.766128, -35.12251], [150.766302, -35.122439], [150.76651, -35.122582], [150.766701, -35.12251], [150.766875, -35.12251], [150.767188, -35.122568], [150.767275, -35.12251], [150.767362, -35.12251], [150.767605, -35.122697], [150.767779, -35.122725], [150.767884, -35.122597], [150.768058, -35.122711], [150.768353, -35.122826], [150.768388, -35.122883], [150.768388, -35.122983], [150.768475, -35.123055], [150.768701, -35.123055], [150.76877, -35.123012], [150.768858, -35.123012], [150.76891, -35.122969], [150.769066, -35.122983], [150.76917, -35.123098], [150.769379, -35.123112], [150.769466, -35.123026], [150.769657, -35.123055], [150.769779, -35.123012], [150.76997, -35.123012], [150.77004, -35.122941], [150.770023, -35.122898], [150.770057, -35.122869], [150.770336, -35.123012], [150.770527, -35.122998], [150.770614, -35.122927], [150.770614, -35.122867], [150.770614, -35.122827], [150.770684, -35.122769], [150.770805, -35.122769], [150.770927, -35.122712], [150.771044, -35.122598], [150.771119, -35.122526], [150.77131, -35.122583], [150.771362, -35.122541], [150.77138, -35.12244], [150.771258, -35.122197], [150.771258, -35.122125], [150.771362, -35.12204], [150.771571, -35.121982], [150.771606, -35.121939], [150.771606, -35.121811], [150.771711, -35.121753], [150.771763, -35.121753], [150.771867, -35.121625], [150.771867, -35.121539], [150.771815, -35.121439], [150.771972, -35.121367], [150.772111, -35.121253], [150.772146, -35.121081], [150.772302, -35.121009], [150.772337, -35.120895], [150.772302, -35.12078], [150.772494, -35.120523], [150.772424, -35.120279], [150.772477, -35.120208], [150.772616, -35.120165], [150.772564, -35.120008], [150.772703, -35.119865], [150.772703, -35.119707], [150.772756, -35.119564], [150.772721, -35.119449], [150.772738, -35.119335], [150.772669, -35.119249], [150.772547, -35.119192], [150.772495, -35.119092], [150.77253, -35.119034], [150.772669, -35.119034], [150.772756, -35.118977], [150.772774, -35.118834], [150.772669, -35.11872], [150.772669, -35.118648], [150.772826, -35.118505], [150.772826, -35.118347], [150.772739, -35.118276], [150.7726, -35.118276], [150.772565, -35.118247], [150.772565, -35.118204], [150.7726, -35.118176], [150.772652, -35.118176], [150.772704, -35.118133], [150.772687, -35.117804], [150.7726, -35.11766], [150.7726, -35.117446], [150.772653, -35.117374], [150.772705, -35.117374], [150.772757, -35.117331], [150.772757, -35.117231], [150.772688, -35.117117], [150.772549, -35.117016], [150.772479, -35.116916], [150.772462, -35.11653], [150.77241, -35.116315], [150.77241, -35.116243], [150.772463, -35.116201], [150.772463, -35.115886], [150.772289, -35.1158], [150.772289, -35.115757], [150.772376, -35.115614], [150.77248, -35.115542], [150.772446, -35.115428], [150.772376, -35.11537], [150.772324, -35.115356], [150.772202, -35.115499], [150.772167, -35.115499], [150.772028, -35.115313], [150.772028, -35.115098], [150.772063, -35.11507], [150.772081, -35.114955], [150.772029, -35.114869], [150.771924, -35.114812], [150.771838, -35.114726], [150.771838, -35.114655], [150.77189, -35.114526], [150.771855, -35.11444], [150.771734, -35.114354], [150.771455, -35.114383], [150.771386, -35.114297], [150.771386, -35.114239], [150.77149, -35.114197], [150.77156, -35.114125], [150.771542, -35.114025], [150.771421, -35.113925], [150.771421, -35.113882], [150.771508, -35.113867], [150.771525, -35.113839], [150.771491, -35.113781], [150.771386, -35.113696], [150.771282, -35.113724], [150.770951, -35.113681], [150.770778, -35.113567], [150.770691, -35.113567], [150.770621, -35.113495], [150.770621, -35.113452], [150.770726, -35.113309], [150.770708, -35.113166], [150.7705, -35.113051], [150.770309, -35.113008], [150.770204, -35.112951], [150.770135, -35.112951], [150.770048, -35.112894], [150.769979, -35.112765], [150.769857, -35.112679], [150.769665, -35.112693], [150.769196, -35.112435], [150.768396, -35.112321], [150.76831, -35.112335]]], [[[150.694083, -35.184562], [150.694378, -35.184678], [150.6945, -35.184693], [150.694762, -35.18468], [150.694886, -35.184309], [150.694835, -35.184194], [150.694836, -35.184037], [150.694907, -35.183894], [150.695136, -35.183552], [150.69524, -35.183552], [150.695555, -35.183382], [150.695663, -35.182967], [150.695127, -35.182406], [150.694308, -35.182416], [150.694131, -35.182845], [150.693885, -35.183087], [150.693657, -35.183343], [150.693586, -35.183529], [150.693549, -35.183758], [150.693756, -35.184031], [150.693809, -35.184046], [150.694083, -35.184562]]]]}}]}