{"type": "FeatureCollection", "features": [{"type": "Feature", "properties": {"index": "CANB", "division": "Canberra", "state": "Australian Capital Territory", "year": "1997", "proclaimed": "19971210", "quota": "102301", "electors": "104282", "deviation": ""}, "geometry": {"type": "Polygon", "coordinates": [[[149.079121, -35.593047], [149.078726, -35.592559], [149.078309, -35.589028], [149.077997, -35.588014], [149.078148, -35.58642], [149.082923, -35.584597], [149.084614, -35.580818], [149.084951, -35.580863], [149.088571, -35.58135], [149.08879, -35.581379], [149.090385, -35.581592], [149.095022, -35.582212], [149.099594, -35.582823], [149.10797, -35.583933], [149.108191, -35.583962], [149.107775, -35.584482], [149.107628, -35.585368], [149.107725, -35.585966], [149.108272, -35.58675], [149.10864, -35.587232], [149.109048, -35.587493], [149.109693, -35.587499], [149.110284, -35.587415], [149.110735, -35.58743], [149.111095, -35.587593], [149.111533, -35.587533], [149.112015, -35.587347], [149.112417, -35.586969], [149.112625, -35.586605], [149.112656, -35.586232], [149.113293, -35.586003], [149.116359, -35.586424], [149.123499, -35.587359], [149.123512, -35.587203], [149.125613, -35.587492], [149.125206, -35.589536], [149.126445, -35.589723], [149.126035, -35.591857], [149.130063, -35.592412], [149.130346, -35.590979], [149.135273, -35.591659], [149.13526, -35.591785], [149.137058, -35.592025], [149.137326, -35.592061], [149.143004, -35.592842], [149.142688, -35.592283], [149.14193, -35.591012], [149.141258, -35.589593], [149.140124, -35.585665], [149.139094, -35.582044], [149.13854, -35.579961], [149.136499, -35.572673], [149.136075, -35.571227], [149.13567, -35.569748], [149.135657, -35.569699], [149.134768, -35.566509], [149.134563, -35.565885], [149.134385, -35.565345], [149.133345, -35.561527], [149.131994, -35.556547], [149.131887, -35.554358], [149.13196, -35.552274], [149.132422, -35.550356], [149.132852, -35.549228], [149.134231, -35.546361], [149.135149, -35.544291], [149.135321, -35.543903], [149.136659, -35.541013], [149.138176, -35.537598], [149.139408, -35.535016], [149.142515, -35.528211], [149.148305, -35.515556], [149.149838, -35.512181], [149.150954, -35.509638], [149.151328, -35.508532], [149.151464, -35.508064], [149.151798, -35.499845], [149.151846, -35.498445], [149.151999, -35.494647], [149.151884, -35.492709], [149.15151, -35.491054], [149.150477, -35.488474], [149.149146, -35.485305], [149.147095, -35.480515], [149.146079, -35.478097], [149.14499, -35.475815], [149.144012, -35.474238], [149.142465, -35.472272], [149.141765, -35.471462], [149.139868, -35.469541], [149.139223, -35.468671], [149.138743, -35.467589], [149.138501, -35.465922], [149.138348, -35.463548], [149.137905, -35.462512], [149.137279, -35.461686], [149.136836, -35.460951], [149.136577, -35.459854], [149.136628, -35.458471], [149.136736, -35.45754], [149.136183, -35.456233], [149.135721, -35.455257], [149.135627, -35.454251], [149.135791, -35.453574], [149.136248, -35.452897], [149.136798, -35.452446], [149.137385, -35.452144], [149.138101, -35.451903], [149.138872, -35.451766], [149.139386, -35.451736], [149.140837, -35.451869], [149.141278, -35.451838], [149.141846, -35.451732], [149.142434, -35.451506], [149.143185, -35.450934], [149.143514, -35.450287], [149.143526, -35.447808], [149.143947, -35.447206], [149.144864, -35.446498], [149.145927, -35.44576], [149.147027, -35.445082], [149.148438, -35.444299], [149.149337, -35.444132], [149.150622, -35.44422], [149.151045, -35.444235], [149.151907, -35.444053], [149.152439, -35.443812], [149.152916, -35.44345], [149.1533, -35.442849], [149.153463, -35.441947], [149.153203, -35.44091], [149.153255, -35.439873], [149.153584, -35.439076], [149.154023, -35.43852], [149.154756, -35.437858], [149.155249, -35.437045], [149.155395, -35.436459], [149.155377, -35.435945], [149.155226, -35.435197], [149.154765, -35.434416], [149.154158, -35.433891], [149.153717, -35.433637], [149.153294, -35.433472], [149.152707, -35.433338], [149.152027, -35.433279], [149.151293, -35.433288], [149.149257, -35.433476], [149.148654, -35.433481], [149.148066, -35.433436], [149.147436, -35.433332], [149.145252, -35.432868], [149.144775, -35.432854], [149.144261, -35.432975], [149.144232, -35.432989], [149.143619, -35.433277], [149.142941, -35.433743], [149.14292, -35.43375], [149.142336, -35.43394], [149.141547, -35.433971], [149.141014, -35.433866], [149.140536, -35.433657], [149.139984, -35.433222], [149.139432, -35.432396], [149.139099, -35.431209], [149.138655, -35.430173], [149.138654, -35.429332], [149.138982, -35.428595], [149.139678, -35.427888], [149.143253, -35.425839], [149.144132, -35.425071], [149.14468, -35.424124], [149.144971, -35.422891], [149.14573, -35.418112], [149.146204, -35.416608], [149.146825, -35.41542], [149.147813, -35.414186], [149.148747, -35.413404], [149.149444, -35.412922], [149.151533, -35.411641], [149.154245, -35.409984], [149.155362, -35.409216], [149.156333, -35.408478], [149.157486, -35.407484], [149.1595, -35.405393], [149.159879, -35.405001], [149.162281, -35.402458], [149.16314, -35.401554], [149.170276, -35.394], [149.170953, -35.393277], [149.174246, -35.389786], [149.174988, -35.388965], [149.179777, -35.383894], [149.180546, -35.38312], [149.181582, -35.382002], [149.182675, -35.380769], [149.183517, -35.379784], [149.184376, -35.378701], [149.184971, -35.377867], [149.185039, -35.377764], [149.185177, -35.377556], [149.186465, -35.375708], [149.187909, -35.373445], [149.195862, -35.36124], [149.200164, -35.354644], [149.204012, -35.348775], [149.204222, -35.348456], [149.204631, -35.347834], [149.205416, -35.346857], [149.206169, -35.346246], [149.206416, -35.346091], [149.206542, -35.346012], [149.206936, -35.345795], [149.213484, -35.34344], [149.21363, -35.343388], [149.218225, -35.341748], [149.218864, -35.341548], [149.218927, -35.341537], [149.219836, -35.341412], [149.220108, -35.341432], [149.220802, -35.341358], [149.220775, -35.341268], [149.220806, -35.341274], [149.221403, -35.341178], [149.221599, -35.341155], [149.224368, -35.341683], [149.224852, -35.341597], [149.225123, -35.341648], [149.225707, -35.341758], [149.226199, -35.341851], [149.226402, -35.341988], [149.226582, -35.342108], [149.227684, -35.34232], [149.228746, -35.342523], [149.22947, -35.342833], [149.229455, -35.343165], [149.230014, -35.343132], [149.230447, -35.343014], [149.23126, -35.342648], [149.231345, -35.342601], [149.231611, -35.342452], [149.231451, -35.342217], [149.231406, -35.342137], [149.231377, -35.342086], [149.23136, -35.341873], [149.23139, -35.341637], [149.231476, -35.34141], [149.231597, -35.341246], [149.231776, -35.341096], [149.231964, -35.340917], [149.232166, -35.340642], [149.23237, -35.340378], [149.232521, -35.340239], [149.232679, -35.340066], [149.23286, -35.339917], [149.23301, -35.339755], [149.233112, -35.339607], [149.233188, -35.339431], [149.233211, -35.339215], [149.233199, -35.339034], [149.233184, -35.338859], [149.233086, -35.338621], [149.232951, -35.338401], [149.232809, -35.338332], [149.232638, -35.338216], [149.232542, -35.338136], [149.232281, -35.337946], [149.232079, -35.337757], [149.231877, -35.337528], [149.231737, -35.337418], [149.231556, -35.337331], [149.231246, -35.337219], [149.230955, -35.33714], [149.230689, -35.337091], [149.230514, -35.337102], [149.230398, -35.337101], [149.230108, -35.337152], [149.229834, -35.337216], [149.22958, -35.337311], [149.22931, -35.33733], [149.228992, -35.337327], [149.228684, -35.337366], [149.228455, -35.337375], [149.22824, -35.337438], [149.227969, -35.337501], [149.227722, -35.337642], [149.227463, -35.337743], [149.227062, -35.338046], [149.226757, -35.338263], [149.226473, -35.338395], [149.226112, -35.338637], [149.225723, -35.338931], [149.225388, -35.339194], [149.225287, -35.339359], [149.225225, -35.339466], [149.224803, -35.339663], [149.224409, -35.339811], [149.224204, -35.339847], [149.22389, -35.339793], [149.22345, -35.339792], [149.223075, -35.339758], [149.222834, -35.339726], [149.222616, -35.339717], [149.222366, -35.339645], [149.222145, -35.339498], [149.222006, -35.339409], [149.221958, -35.33936], [149.221817, -35.33919], [149.221808, -35.339122], [149.221776, -35.33888], [149.221806, -35.33859], [149.221934, -35.338337], [149.222062, -35.338081], [149.222084, -35.337753], [149.222068, -35.337476], [149.222075, -35.337147], [149.22218, -35.336892], [149.222212, -35.336679], [149.222211, -35.336543], [149.222224, -35.336433], [149.222387, -35.336314], [149.222567, -35.336062], [149.222674, -35.335765], [149.222706, -35.335479], [149.222777, -35.335187], [149.222808, -35.33498], [149.222749, -35.334725], [149.222661, -35.334447], [149.222579, -35.334147], [149.222487, -35.33388], [149.222327, -35.333503], [149.22206, -35.333052], [149.221686, -35.332725], [149.221198, -35.332433], [149.220669, -35.332183], [149.22023, -35.331985], [149.220036, -35.331903], [149.219616, -35.331848], [149.2193, -35.331823], [149.218926, -35.331707], [149.218554, -35.331753], [149.218239, -35.33183], [149.217943, -35.331946], [149.21763, -35.33217], [149.217387, -35.332335], [149.217284, -35.332408], [149.216951, -35.33263], [149.216695, -35.332843], [149.216461, -35.333053], [149.216351, -35.333169], [149.21591, -35.333559], [149.215544, -35.333785], [149.215267, -35.333814], [149.215138, -35.333855], [149.214846, -35.334067], [149.214559, -35.334287], [149.214283, -35.334442], [149.214021, -35.334588], [149.213814, -35.334745], [149.213502, -35.334857], [149.213155, -35.334987], [149.212792, -35.335108], [149.212544, -35.335243], [149.212281, -35.335394], [149.21191, -35.335544], [149.211613, -35.33571], [149.211343, -35.335831], [149.211078, -35.335962], [149.210657, -35.336115], [149.210318, -35.33624], [149.209997, -35.336328], [149.209625, -35.336441], [149.209322, -35.336568], [149.208897, -35.336744], [149.208544, -35.336827], [149.208398, -35.336877], [149.208114, -35.336966], [149.207832, -35.337049], [149.207518, -35.33716], [149.207268, -35.33722], [149.207002, -35.337284], [149.206689, -35.33734], [149.206372, -35.337382], [149.205945, -35.337375], [149.205737, -35.337367], [149.20573, -35.337366], [149.205546, -35.337359], [149.205093, -35.337334], [149.204649, -35.337367], [149.204436, -35.337399], [149.204124, -35.337539], [149.20379, -35.337705], [149.203342, -35.337769], [149.203044, -35.337931], [149.202754, -35.338162], [149.202513, -35.338191], [149.202215, -35.33831], [149.202015, -35.338544], [149.20183, -35.338754], [149.201684, -35.338973], [149.201561, -35.339199], [149.201446, -35.339446], [149.201349, -35.339897], [149.201263, -35.340164], [149.201102, -35.340483], [149.200931, -35.340808], [149.200794, -35.34106], [149.20063, -35.341218], [149.200441, -35.341385], [149.200233, -35.341519], [149.199972, -35.341624], [149.199678, -35.341694], [149.199255, -35.341721], [149.198915, -35.341713], [149.198827, -35.34169], [149.198627, -35.341638], [149.198331, -35.341544], [149.198007, -35.341402], [149.197723, -35.341307], [149.197357, -35.341241], [149.196998, -35.341189], [149.196718, -35.341184], [149.196398, -35.341129], [149.195895, -35.341037], [149.195471, -35.340964], [149.195202, -35.340913], [149.194855, -35.340848], [149.194566, -35.340787], [149.194196, -35.340721], [149.193896, -35.340703], [149.193465, -35.340625], [149.193058, -35.340529], [149.192714, -35.340491], [149.192418, -35.340449], [149.192013, -35.340399], [149.19167, -35.340342], [149.191341, -35.340253], [149.191092, -35.340166], [149.190911, -35.33998], [149.190763, -35.339884], [149.190595, -35.339714], [149.190017, -35.34019], [149.189252, -35.340819], [149.189194, -35.340867], [149.189033, -35.340999], [149.188704, -35.341269], [149.187359, -35.342376], [149.187245, -35.342349], [149.186171, -35.342002], [149.185125, -35.341541], [149.181942, -35.33965], [149.181002, -35.339183], [149.179881, -35.338789], [149.177533, -35.338208], [149.176962, -35.337996], [149.176254, -35.337668], [149.176194, -35.337635], [149.171514, -35.335422], [149.166825, -35.333199], [149.164689, -35.332187], [149.161856, -35.330525], [149.161575, -35.330357], [149.161563, -35.330487], [149.161505, -35.331151], [149.161512, -35.331587], [149.161583, -35.332509], [149.16161, -35.332971], [149.162194, -35.33677], [149.162231, -35.337227], [149.162274, -35.338329], [149.161789, -35.339874], [149.161616, -35.340219], [149.161251, -35.340656], [149.160652, -35.341002], [149.158392, -35.341706], [149.156841, -35.342203], [149.154329, -35.34301], [149.154227, -35.343043], [149.147207, -35.345267], [149.146246, -35.345494], [149.145291, -35.345619], [149.144643, -35.345651], [149.143929, -35.345637], [149.14324, -35.345574], [149.14255, -35.345461], [149.141502, -35.345189], [149.139765, -35.344554], [149.138755, -35.344314], [149.138752, -35.344313], [149.138581, -35.343154], [149.138447, -35.342634], [149.138444, -35.342624], [149.138127, -35.341731], [149.137821, -35.341077], [149.137217, -35.340068], [149.137101, -35.339908], [149.136592, -35.339257], [149.13628, -35.338991], [149.135969, -35.338845], [149.135574, -35.338752], [149.135817, -35.337534], [149.135848, -35.336915], [149.134937, -35.33688], [149.134659, -35.336861], [149.134148, -35.336762], [149.13369, -35.336615], [149.13305, -35.336377], [149.132585, -35.336163], [149.131654, -35.335522], [149.131243, -35.33523], [149.131242, -35.334913], [149.130982, -35.334329], [149.129716, -35.332243], [149.129229, -35.331439], [149.128116, -35.329339], [149.127748, -35.328448], [149.127172, -35.326565], [149.127167, -35.326547], [149.126948, -35.325448], [149.126766, -35.323674], [149.126758, -35.323431], [149.126759, -35.322573], [149.127077, -35.322424], [149.127361, -35.322264], [149.127642, -35.322068], [149.127908, -35.321838], [149.128234, -35.321468], [149.128526, -35.320972], [149.128608, -35.320774], [149.130085, -35.320381], [149.131268, -35.319967], [149.131893, -35.319709], [149.132463, -35.319449], [149.132978, -35.319191], [149.133033, -35.319163], [149.132654, -35.318509], [149.13264, -35.317944], [149.132666, -35.317774], [149.132729, -35.317625], [149.132719, -35.317623], [149.133022, -35.317166], [149.133371, -35.316879], [149.133483, -35.316813], [149.133762, -35.316686], [149.134083, -35.316593], [149.134455, -35.316505], [149.134721, -35.316418], [149.135434, -35.316111], [149.133694, -35.315068], [149.133422, -35.314862], [149.133199, -35.314546], [149.133144, -35.314389], [149.133164, -35.31387], [149.133307, -35.313598], [149.133369, -35.313519], [149.12906, -35.310945], [149.128691, -35.310725], [149.128633, -35.31069], [149.128627, -35.310686], [149.12887, -35.310383], [149.129257, -35.30975], [149.129552, -35.308868], [149.129577, -35.308741], [149.129592, -35.308617], [149.129558, -35.307518], [149.129186, -35.306481], [149.129121, -35.306359], [149.129048, -35.306246], [149.129244, -35.30617], [149.129445, -35.306092], [149.131008, -35.305483], [149.132543, -35.304888], [149.134052, -35.304292], [149.13614, -35.303491], [149.136456, -35.30337], [149.138084, -35.302749], [149.139619, -35.302163], [149.139796, -35.302094], [149.139601, -35.301768], [149.138539, -35.299933], [149.138147, -35.299258], [149.138014, -35.299027], [149.135274, -35.297391], [149.133645, -35.296417], [149.132252, -35.295585], [149.130905, -35.294781], [149.126558, -35.294308], [149.126205, -35.29427], [149.125917, -35.294251], [149.125008, -35.294419], [149.124443, -35.294765], [149.1241, -35.295161], [149.123469, -35.296735], [149.122668, -35.296815], [149.12235, -35.296877], [149.121925, -35.297203], [149.121011, -35.298031], [149.120738, -35.298163], [149.120532, -35.298093], [149.119996, -35.297714], [149.119912, -35.297697], [149.11964, -35.297852], [149.119475, -35.298274], [149.119582, -35.298474], [149.119982, -35.298756], [149.120617, -35.298983], [149.120659, -35.298987], [149.120959, -35.299172], [149.121264, -35.299449], [149.12151, -35.300101], [149.121596, -35.300312], [149.121573, -35.300368], [149.12109, -35.300251], [149.120698, -35.30004], [149.120362, -35.299996], [149.120113, -35.300003], [149.119998, -35.300052], [149.119961, -35.300095], [149.119946, -35.300151], [149.119959, -35.300206], [149.120122, -35.300331], [149.120153, -35.300375], [149.120117, -35.300529], [149.119971, -35.300667], [149.1198, -35.300714], [149.119761, -35.300683], [149.119718, -35.300764], [149.119459, -35.300821], [149.119141, -35.300824], [149.118912, -35.300764], [149.118773, -35.300661], [149.118724, -35.30053], [149.118739, -35.300483], [149.118862, -35.300382], [149.118912, -35.300086], [149.118752, -35.29994], [149.118372, -35.299834], [149.118043, -35.299825], [149.117798, -35.299468], [149.117794, -35.29926], [149.118031, -35.299086], [149.118061, -35.299023], [149.118203, -35.29886], [149.118183, -35.298648], [149.118033, -35.298465], [149.117821, -35.298388], [149.117468, -35.298439], [149.116606, -35.298782], [149.116568, -35.298803], [149.116439, -35.298915], [149.116418, -35.298965], [149.116351, -35.299023], [149.116381, -35.299058], [149.116211, -35.299083], [149.116102, -35.299058], [149.116068, -35.299043], [149.115858, -35.299105], [149.115493, -35.299044], [149.115317, -35.298961], [149.115283, -35.298919], [149.115057, -35.298412], [149.114915, -35.298228], [149.114738, -35.298111], [149.114577, -35.297837], [149.114257, -35.297786], [149.113952, -35.297801], [149.113465, -35.297731], [149.113385, -35.297728], [149.113465, -35.29787], [149.113558, -35.297889], [149.113636, -35.298018], [149.113627, -35.298099], [149.11342, -35.298282], [149.113296, -35.298274], [149.113104, -35.298475], [149.112853, -35.298573], [149.112731, -35.298581], [149.112582, -35.298513], [149.11245, -35.298421], [149.112436, -35.298308], [149.112416, -35.298256], [149.112355, -35.298213], [149.112412, -35.29804], [149.112336, -35.297894], [149.112247, -35.297823], [149.112226, -35.297758], [149.112073, -35.297758], [149.111641, -35.297597], [149.11111, -35.297511], [149.110687, -35.297394], [149.110543, -35.29735], [149.110443, -35.297351], [149.110203, -35.297439], [149.110151, -35.297429], [149.110107, -35.297345], [149.110151, -35.297089], [149.110094, -35.296986], [149.109913, -35.296867], [149.109725, -35.296837], [149.109686, -35.296812], [149.109624, -35.296807], [149.109548, -35.296842], [149.109406, -35.296991], [149.109387, -35.29705], [149.109294, -35.29684], [149.109319, -35.296706], [149.109308, -35.296656], [149.109109, -35.296607], [149.109, -35.296551], [149.108927, -35.296459], [149.108701, -35.296394], [149.108515, -35.296332], [149.108183, -35.296341], [149.107927, -35.296256], [149.107683, -35.29608], [149.107479, -35.296043], [149.107152, -35.296086], [149.106902, -35.296183], [149.106837, -35.29623], [149.106716, -35.296361], [149.106414, -35.297713], [149.106149, -35.298427], [149.105871, -35.298684], [149.105732, -35.298737], [149.105501, -35.298766], [149.105013, -35.299038], [149.104772, -35.29912], [149.104471, -35.299141], [149.103962, -35.29905], [149.103764, -35.299006], [149.103366, -35.298928], [149.103171, -35.298857], [149.103107, -35.298861], [149.10263, -35.298664], [149.102529, -35.298646], [149.102077, -35.298804], [149.102248, -35.299174], [149.102274, -35.299506], [149.102218, -35.30026], [149.101908, -35.300731], [149.101821, -35.301289], [149.10162, -35.301477], [149.101383, -35.301464], [149.101014, -35.301323], [149.100674, -35.301114], [149.100493, -35.300739], [149.100449, -35.300668], [149.100155, -35.300607], [149.100114, -35.300586], [149.100064, -35.300461], [149.100071, -35.300367], [149.100328, -35.300031], [149.100334, -35.299945], [149.100296, -35.299615], [149.100213, -35.299462], [149.100144, -35.299228], [149.100022, -35.299096], [149.100055, -35.298832], [149.100105, -35.298815], [149.100149, -35.29859], [149.100098, -35.298509], [149.099718, -35.298446], [149.099416, -35.298441], [149.099034, -35.298454], [149.098904, -35.298492], [149.098731, -35.298904], [149.098386, -35.29916], [149.098252, -35.299237], [149.098129, -35.299275], [149.097901, -35.299264], [149.09758, -35.299014], [149.097271, -35.298836], [149.097226, -35.298831], [149.096838, -35.299003], [149.096698, -35.299018], [149.096349, -35.29874], [149.09602, -35.298589], [149.095852, -35.298531], [149.09577, -35.298452], [149.09586, -35.298465], [149.096387, -35.298111], [149.0965, -35.298001], [149.096559, -35.297531], [149.096376, -35.297205], [149.096046, -35.296916], [149.095789, -35.296646], [149.095781, -35.296463], [149.095803, -35.296398], [149.095953, -35.296255], [149.095939, -35.296106], [149.095723, -35.295582], [149.0956, -35.29533], [149.095446, -35.295137], [149.095186, -35.294965], [149.095083, -35.294832], [149.095072, -35.294798], [149.094988, -35.294565], [149.094888, -35.2937], [149.094643, -35.293385], [149.094321, -35.29333], [149.093882, -35.293204], [149.093524, -35.293087], [149.093437, -35.293], [149.093417, -35.292705], [149.093693, -35.29244], [149.093997, -35.292276], [149.094263, -35.29219], [149.09459, -35.292223], [149.094859, -35.292165], [149.095071, -35.292125], [149.095135, -35.292053], [149.09505, -35.291865], [149.095416, -35.291462], [149.095779, -35.291268], [149.095854, -35.291212], [149.095865, -35.291029], [149.095824, -35.291006], [149.095844, -35.290945], [149.095793, -35.290822], [149.095845, -35.29082], [149.095898, -35.290725], [149.095901, -35.290673], [149.096115, -35.290309], [149.096149, -35.290124], [149.096117, -35.289898], [149.096036, -35.289834], [149.096003, -35.289791], [149.096053, -35.289689], [149.096068, -35.289629], [149.096011, -35.289026], [149.096198, -35.288779], [149.096131, -35.288426], [149.096203, -35.288257], [149.096437, -35.288184], [149.096523, -35.288115], [149.096426, -35.287829], [149.096326, -35.287739], [149.096038, -35.287586], [149.095677, -35.287474], [149.095281, -35.287395], [149.095007, -35.287376], [149.094925, -35.287355], [149.094897, -35.2874], [149.094551, -35.287406], [149.094488, -35.287407], [149.094021, -35.287761], [149.093865, -35.287962], [149.09363, -35.288605], [149.093208, -35.28899], [149.092911, -35.289347], [149.092894, -35.289395], [149.09299, -35.289601], [149.093141, -35.289749], [149.093129, -35.289803], [149.092998, -35.289855], [149.092865, -35.289997], [149.092815, -35.290019], [149.092562, -35.28994], [149.092301, -35.289759], [149.092041, -35.289695], [149.09161, -35.289838], [149.091415, -35.289931], [149.091138, -35.289992], [149.091041, -35.290026], [149.091001, -35.290084], [149.091048, -35.29028], [149.091173, -35.290405], [149.091229, -35.290547], [149.091151, -35.290602], [149.091047, -35.290633], [149.091016, -35.290692], [149.09093, -35.290854], [149.090874, -35.290882], [149.090757, -35.290867], [149.090698, -35.290893], [149.090642, -35.290955], [149.090574, -35.290983], [149.090603, -35.290932], [149.090389, -35.290712], [149.090143, -35.290623], [149.08983, -35.290737], [149.089437, -35.291015], [149.089119, -35.291222], [149.088837, -35.291608], [149.088443, -35.292153], [149.088287, -35.292379], [149.088354, -35.292884], [149.088327, -35.293033], [149.088296, -35.293159], [149.088157, -35.293319], [149.087963, -35.293586], [149.088103, -35.294099], [149.088173, -35.294316], [149.088148, -35.294374], [149.087937, -35.294444], [149.087637, -35.294437], [149.087385, -35.294433], [149.087296, -35.294474], [149.087404, -35.294656], [149.087304, -35.294927], [149.087182, -35.295085], [149.087236, -35.295122], [149.087461, -35.295603], [149.087613, -35.295754], [149.087555, -35.295814], [149.087537, -35.29586], [149.087401, -35.29595], [149.087378, -35.29603], [149.087157, -35.296247], [149.087104, -35.296518], [149.087224, -35.297216], [149.087359, -35.297372], [149.087711, -35.297457], [149.088052, -35.29753], [149.08815, -35.297542], [149.088618, -35.297547], [149.088871, -35.29763], [149.089108, -35.29763], [149.089374, -35.297747], [149.089628, -35.297879], [149.089646, -35.297956], [149.089526, -35.298099], [149.089454, -35.298137], [149.089219, -35.29822], [149.088761, -35.298361], [149.088505, -35.298395], [149.088026, -35.298372], [149.087661, -35.298439], [149.087257, -35.298472], [149.08697, -35.298419], [149.086574, -35.298113], [149.08636, -35.298024], [149.086037, -35.298003], [149.085766, -35.298046], [149.085287, -35.298282], [149.084813, -35.29845], [149.084517, -35.29856], [149.084007, -35.298786], [149.083574, -35.299056], [149.083266, -35.29918], [149.082906, -35.299431], [149.082813, -35.299524], [149.082554, -35.299708], [149.082508, -35.299849], [149.082583, -35.299986], [149.082685, -35.300055], [149.082883, -35.300948], [149.083012, -35.301271], [149.083163, -35.30185], [149.083121, -35.302029], [149.08305, -35.302234], [149.083069, -35.302315], [149.08305, -35.30237], [149.083132, -35.302413], [149.083125, -35.302476], [149.083163, -35.302579], [149.083504, -35.302804], [149.083739, -35.302889], [149.084229, -35.303544], [149.084381, -35.30361], [149.084436, -35.303727], [149.084519, -35.303769], [149.084449, -35.30392], [149.084268, -35.303906], [149.084161, -35.303835], [149.084023, -35.303829], [149.083984, -35.303878], [149.08397, -35.303946], [149.083914, -35.304004], [149.083667, -35.304059], [149.083524, -35.303945], [149.083448, -35.303925], [149.08326, -35.303775], [149.083158, -35.303768], [149.082883, -35.303924], [149.082778, -35.303908], [149.082624, -35.303947], [149.082281, -35.304197], [149.082163, -35.304033], [149.082424, -35.303182], [149.082369, -35.30313], [149.082153, -35.30275], [149.081871, -35.302573], [149.081764, -35.302503], [149.081576, -35.302468], [149.081282, -35.30256], [149.08103, -35.302745], [149.080954, -35.302743], [149.080702, -35.302585], [149.080419, -35.302493], [149.080194, -35.302412], [149.080151, -35.302362], [149.080155, -35.302297], [149.080262, -35.302124], [149.080553, -35.302044], [149.080856, -35.301889], [149.080899, -35.301839], [149.081006, -35.301662], [149.081102, -35.301415], [149.081039, -35.301012], [149.080967, -35.300956], [149.080673, -35.300925], [149.080349, -35.300989], [149.079945, -35.301071], [149.079614, -35.301039], [149.079314, -35.301116], [149.079078, -35.301124], [149.078842, -35.300995], [149.078478, -35.300967], [149.078229, -35.300844], [149.078132, -35.300761], [149.077862, -35.300637], [149.077826, -35.300513], [149.077459, -35.30038], [149.077115, -35.300348], [149.076912, -35.300324], [149.076844, -35.300224], [149.076585, -35.300044], [149.076354, -35.29991], [149.076131, -35.299908], [149.075978, -35.299934], [149.075927, -35.299889], [149.075969, -35.299784], [149.076101, -35.299642], [149.076055, -35.299592], [149.075826, -35.29963], [149.07574, -35.299591], [149.075682, -35.299465], [149.075742, -35.299017], [149.075664, -35.298967], [149.075509, -35.298924], [149.075446, -35.29877], [149.075487, -35.298635], [149.075756, -35.298498], [149.075842, -35.298385], [149.075803, -35.298231], [149.07562, -35.298091], [149.07557, -35.29808], [149.075276, -35.298146], [149.074788, -35.298556], [149.074564, -35.298911], [149.074294, -35.299232], [149.074313, -35.299363], [149.073739, -35.300156], [149.073384, -35.299976], [149.073303, -35.300083], [149.073242, -35.300163], [149.072439, -35.299753], [149.072361, -35.299713], [149.072067, -35.299563], [149.071936, -35.299751], [149.071507, -35.300501], [149.071222, -35.301159], [149.070949, -35.301911], [149.070839, -35.302516], [149.070799, -35.302781], [149.070886, -35.303782], [149.071075, -35.304238], [149.071105, -35.304501], [149.071138, -35.304944], [149.071142, -35.305178], [149.071091, -35.305509], [149.071041, -35.305827], [149.071029, -35.306166], [149.070975, -35.306406], [149.070901, -35.306781], [149.070785, -35.307153], [149.070677, -35.30753], [149.070596, -35.307689], [149.070518, -35.307913], [149.07008, -35.308677], [149.069729, -35.309094], [149.069422, -35.309371], [149.069091, -35.30963], [149.068844, -35.309822], [149.068524, -35.310042], [149.068313, -35.310226], [149.068072, -35.310417], [149.067874, -35.310592], [149.067412, -35.310946], [149.067325, -35.311004], [149.067052, -35.311159], [149.06675, -35.311377], [149.066463, -35.311532], [149.065725, -35.311944], [149.064864, -35.312425], [149.064064, -35.312982], [149.063622, -35.313229], [149.063364, -35.313374], [149.063006, -35.313568], [149.062609, -35.313764], [149.061914, -35.313971], [149.060776, -35.314396], [149.060139, -35.314599], [149.059226, -35.31494], [149.058612, -35.315128], [149.058135, -35.315381], [149.057865, -35.315522], [149.057618, -35.315733], [149.057528, -35.316068], [149.057444, -35.316299], [149.05673, -35.316848], [149.055987, -35.317102], [149.055347, -35.317237], [149.054771, -35.317328], [149.054148, -35.317445], [149.053555, -35.317535], [149.052999, -35.317769], [149.052427, -35.317789], [149.051544, -35.317947], [149.05127, -35.318082], [149.050547, -35.318303], [149.0499, -35.318411], [149.049389, -35.318705], [149.049178, -35.318783], [149.048839, -35.31884], [149.04851, -35.318942], [149.048228, -35.318974], [149.047914, -35.318939], [149.047492, -35.318896], [149.047073, -35.318732], [149.04685, -35.318541], [149.046424, -35.317897], [149.046464, -35.317106], [149.046477, -35.316428], [149.046315, -35.315994], [149.046246, -35.315534], [149.046242, -35.315187], [149.045999, -35.314838], [149.046111, -35.314313], [149.046189, -35.31422], [149.046419, -35.314129], [149.046829, -35.313796], [149.047046, -35.313445], [149.047063, -35.313268], [149.047365, -35.312621], [149.047786, -35.311799], [149.04806, -35.311654], [149.0482, -35.310951], [149.048201, -35.310946], [149.048205, -35.310927], [149.04823, -35.310689], [149.047769, -35.30981], [149.047427, -35.309403], [149.047172, -35.309154], [149.046513, -35.30897], [149.045874, -35.308628], [149.045506, -35.308455], [149.045154, -35.308289], [149.044289, -35.308124], [149.043676, -35.308119], [149.042841, -35.308455], [149.041937, -35.308743], [149.040725, -35.309222], [149.039635, -35.309587], [149.038324, -35.309388], [149.037884, -35.309201], [149.037634, -35.308979], [149.03742, -35.308784], [149.037485, -35.308237], [149.037407, -35.307567], [149.037515, -35.307273], [149.03795, -35.306951], [149.039037, -35.30666], [149.03988, -35.306326], [149.040738, -35.306095], [149.041184, -35.305887], [149.041609, -35.305901], [149.042049, -35.305629], [149.042924, -35.305535], [149.044019, -35.304925], [149.044147, -35.304724], [149.045258, -35.304162], [149.046177, -35.303622], [149.046873, -35.303257], [149.047296, -35.303299], [149.048087, -35.303291], [149.049803, -35.302745], [149.050618, -35.302625], [149.052187, -35.302077], [149.052961, -35.301616], [149.053381, -35.301155], [149.053465, -35.300479], [149.053089, -35.30033], [149.052324, -35.300229], [149.050776, -35.299911], [149.050325, -35.299745], [149.049362, -35.299339], [149.048269, -35.298783], [149.047034, -35.297919], [149.046417, -35.297169], [149.046107, -35.296865], [149.045637, -35.296417], [149.044659, -35.2957], [149.043661, -35.294833], [149.04306, -35.294034], [149.042067, -35.293373], [149.041609, -35.292847], [149.041154, -35.291796], [149.040947, -35.291048], [149.04088, -35.290511], [149.040634, -35.290269], [149.040614, -35.289794], [149.040596, -35.289169], [149.040522, -35.288582], [149.040398, -35.288048], [149.040297, -35.287626], [149.04018, -35.287212], [149.039897, -35.286704], [149.039744, -35.28631], [149.03963, -35.2862], [149.039376, -35.286402], [149.039265, -35.286475], [149.039256, -35.28648], [149.039246, -35.286484], [149.039237, -35.286489], [149.039227, -35.286492], [149.039218, -35.286495], [149.039207, -35.286498], [149.039197, -35.286501], [149.039186, -35.286503], [149.039175, -35.286504], [149.039164, -35.286505], [149.039152, -35.286505], [149.039141, -35.286505], [149.03913, -35.286505], [149.03912, -35.286504], [149.039108, -35.286502], [149.039097, -35.2865], [149.039087, -35.286497], [149.039078, -35.286495], [149.039077, -35.286494], [149.039066, -35.286491], [149.039057, -35.286487], [149.039047, -35.286482], [149.039039, -35.286478], [149.03903, -35.286473], [149.03902, -35.286467], [149.039012, -35.286461], [149.039004, -35.286454], [149.038688, -35.286178], [149.03868, -35.286172], [149.038673, -35.286165], [149.038664, -35.286158], [149.038656, -35.286152], [149.038647, -35.286146], [149.038636, -35.286138], [149.038631, -35.286134], [149.038622, -35.286129], [149.038613, -35.286124], [149.038604, -35.286118], [149.038595, -35.286113], [149.038586, -35.286108], [149.038577, -35.286103], [149.038567, -35.286099], [149.038558, -35.286094], [149.038548, -35.28609], [149.038539, -35.286085], [149.03853, -35.286082], [149.03852, -35.286078], [149.038514, -35.286076], [149.038505, -35.286072], [149.038499, -35.28607], [149.038489, -35.286067], [149.038478, -35.286064], [149.038468, -35.286061], [149.038457, -35.286059], [149.038447, -35.286056], [149.038436, -35.286054], [149.038425, -35.286053], [149.038414, -35.286052], [149.038403, -35.286051], [149.038392, -35.28605], [149.038381, -35.28605], [149.03837, -35.28605], [149.03836, -35.28605], [149.038348, -35.286051], [149.038338, -35.286052], [149.038327, -35.286053], [149.038317, -35.286055], [149.038305, -35.286057], [149.038294, -35.286059], [149.038284, -35.286062], [149.038274, -35.286065], [149.038263, -35.286068], [149.038253, -35.286072], [149.038243, -35.286076], [149.038234, -35.28608], [149.038224, -35.286084], [149.038215, -35.286089], [149.038205, -35.286094], [149.038197, -35.286099], [149.038188, -35.286105], [149.038172, -35.286116], [149.038164, -35.286122], [149.03816, -35.286126], [149.038154, -35.286131], [149.038137, -35.286148], [149.038134, -35.286152], [149.038121, -35.286167], [149.038112, -35.28618], [149.038109, -35.286185], [149.038101, -35.286199], [149.038094, -35.286213], [149.038089, -35.286224], [149.038084, -35.286241], [149.038081, -35.28625], [149.038078, -35.286268], [149.038076, -35.286283], [149.038075, -35.286295], [149.038076, -35.28631], [149.038076, -35.286316], [149.038077, -35.286322], [149.038078, -35.286328], [149.038079, -35.286337], [149.038211, -35.287006], [149.038046, -35.287013], [149.037847, -35.286042], [149.037554, -35.285513], [149.036208, -35.285265], [149.035281, -35.28582], [149.034849, -35.286455], [149.033612, -35.286275], [149.033454, -35.286462], [149.033348, -35.286945], [149.033203, -35.287344], [149.033172, -35.287579], [149.033271, -35.287882], [149.033367, -35.288069], [149.033507, -35.288229], [149.033682, -35.288695], [149.033696, -35.288819], [149.033655, -35.288925], [149.033398, -35.289187], [149.033149, -35.289487], [149.032768, -35.289769], [149.032387, -35.290022], [149.031997, -35.290229], [149.031551, -35.290345], [149.031259, -35.290358], [149.030609, -35.290094], [149.030302, -35.2899], [149.030107, -35.289897], [149.029814, -35.289758], [149.029622, -35.289538], [149.029558, -35.289288], [149.029092, -35.288283], [149.028758, -35.287689], [149.027929, -35.286427], [149.027709, -35.285872], [149.027548, -35.28541], [149.027457, -35.285244], [149.027277, -35.285024], [149.027065, -35.284966], [149.026872, -35.284699], [149.026842, -35.284452], [149.026793, -35.284149], [149.026727, -35.284028], [149.026713, -35.283674], [149.026805, -35.283462], [149.027101, -35.282855], [149.027455, -35.28227], [149.027616, -35.281816], [149.027904, -35.281427], [149.028139, -35.281009], [149.028232, -35.280708], [149.028333, -35.280236], [149.02832, -35.27994], [149.028195, -35.279458], [149.027965, -35.279111], [149.027699, -35.278907], [149.027331, -35.278788], [149.027003, -35.278727], [149.02663, -35.278606], [149.026144, -35.278519], [149.025503, -35.278526], [149.024518, -35.278642], [149.024022, -35.278833], [149.023396, -35.279165], [149.022656, -35.279805], [149.021884, -35.280222], [149.021044, -35.280364], [149.020008, -35.280391], [149.019504, -35.280316], [149.018798, -35.280078], [149.018262, -35.2798], [149.017695, -35.279264], [149.017589, -35.278565], [149.017562, -35.27811], [149.017719, -35.277517], [149.017958, -35.276779], [149.018178, -35.276232], [149.018283, -35.2755], [149.018364, -35.27399], [149.018266, -35.273141], [149.017955, -35.272484], [149.017285, -35.272022], [149.016573, -35.271741], [149.01617, -35.271654], [149.015783, -35.27163], [149.015093, -35.271761], [149.014184, -35.271869], [149.0135, -35.271961], [149.012781, -35.271828], [149.01201, -35.271797], [149.011213, -35.271859], [149.010631, -35.27188], [149.01023, -35.271931], [149.009666, -35.272045], [149.00916, -35.272052], [149.008514, -35.272155], [149.007851, -35.272234], [149.007398, -35.272187], [149.007033, -35.271947], [149.006735, -35.271662], [149.006535, -35.271401], [149.006271, -35.271184], [149.005681, -35.270712], [149.005108, -35.270262], [149.004589, -35.269817], [149.004343, -35.269453], [149.003964, -35.269149], [149.003607, -35.268747], [149.003596, -35.268226], [149.003691, -35.267694], [149.003617, -35.266967], [149.003659, -35.266426], [149.003269, -35.265295], [149.002975, -35.26462], [149.002754, -35.263998], [149.002602, -35.263404], [149.002375, -35.262743], [149.002274, -35.262244], [149.002172, -35.261975], [149.001832, -35.261253], [149.001331, -35.260618], [149.001206, -35.260502], [149.000781, -35.260121], [149.000609, -35.259864], [148.999689, -35.259236], [148.999153, -35.258975], [148.998954, -35.258817], [148.99866, -35.258684], [148.997884, -35.258435], [148.997193, -35.25827], [148.996813, -35.258217], [148.996583, -35.258334], [148.996619, -35.258548], [148.996408, -35.259125], [148.996247, -35.259631], [148.996253, -35.260364], [148.996092, -35.260936], [148.99606, -35.261508], [148.996084, -35.261969], [148.996105, -35.262189], [148.995838, -35.262434], [148.995595, -35.26259], [148.995477, -35.26284], [148.994994, -35.262934], [148.994649, -35.262921], [148.994268, -35.262673], [148.993915, -35.262417], [148.993063, -35.262369], [148.992625, -35.262429], [148.99233, -35.262459], [148.992225, -35.262106], [148.992024, -35.261839], [148.991638, -35.261566], [148.991218, -35.26148], [148.990594, -35.261381], [148.990019, -35.261379], [148.98938, -35.261518], [148.989028, -35.261787], [148.988774, -35.262036], [148.988511, -35.262273], [148.988121, -35.262481], [148.987749, -35.262592], [148.987397, -35.262446], [148.987075, -35.262241], [148.986591, -35.261934], [148.985823, -35.26149], [148.985197, -35.261246], [148.984202, -35.261083], [148.983263, -35.260933], [148.982482, -35.26058], [148.982148, -35.260291], [148.981926, -35.259874], [148.981841, -35.259315], [148.98161, -35.259031], [148.9812, -35.259014], [148.980729, -35.259129], [148.980151, -35.259323], [148.97958, -35.2594], [148.979026, -35.259292], [148.978176, -35.258385], [148.978002, -35.257994], [148.978105, -35.257406], [148.978326, -35.256912], [148.978286, -35.256203], [148.977855, -35.255685], [148.97733, -35.255211], [148.976566, -35.255262], [148.975615, -35.255383], [148.974373, -35.25597], [148.97393, -35.25608], [148.973465, -35.256073], [148.973115, -35.256006], [148.972765, -35.255769], [148.972603, -35.255397], [148.972458, -35.254972], [148.972439, -35.254683], [148.972664, -35.254463], [148.972862, -35.254155], [148.972687, -35.253731], [148.972407, -35.253239], [148.972135, -35.252832], [148.97152, -35.252139], [148.971258, -35.251642], [148.970942, -35.25072], [148.970469, -35.250066], [148.970397, -35.249864], [148.969549, -35.249041], [148.96919, -35.248696], [148.968737, -35.248514], [148.968316, -35.248447], [148.968008, -35.248356], [148.96721, -35.248049], [148.966689, -35.247858], [148.966308, -35.247619], [148.965961, -35.247495], [148.965324, -35.247369], [148.964421, -35.247158], [148.96336, -35.246943], [148.962677, -35.246694], [148.962157, -35.246474], [148.961856, -35.246311], [148.96166, -35.246026], [148.961408, -35.245493], [148.961398, -35.245103], [148.961491, -35.244846], [148.961736, -35.244523], [148.96198, -35.24421], [148.962387, -35.243955], [148.963083, -35.243766], [148.96364, -35.243587], [148.964475, -35.243466], [148.965402, -35.243221], [148.966238, -35.242976], [148.966946, -35.242655], [148.967202, -35.242332], [148.967644, -35.241896], [148.968015, -35.241678], [148.968784, -35.241635], [148.970673, -35.24165], [148.971668, -35.241709], [148.973268, -35.241324], [148.974441, -35.240671], [148.974912, -35.240372], [148.975889, -35.239404], [148.97632, -35.238845], [148.97638, -35.238312], [148.975953, -35.237826], [148.97526, -35.23733], [148.974787, -35.236635], [148.97446, -35.236117], [148.973664, -35.235193], [148.972983, -35.234583], [148.971989, -35.233981], [148.971134, -35.23357], [148.970602, -35.233074], [148.969892, -35.232233], [148.969128, -35.231515], [148.968471, -35.230348], [148.967879, -35.228974], [148.967426, -35.227811], [148.967297, -35.227175], [148.966743, -35.226315], [148.965842, -35.22501], [148.965212, -35.224189], [148.964197, -35.222941], [148.963268, -35.221858], [148.962627, -35.220773], [148.961487, -35.218607], [148.961437, -35.218636], [148.960959, -35.218918], [148.950379, -35.22514], [148.95029, -35.225193], [148.949997, -35.225365], [148.948332, -35.226344], [148.948071, -35.226497], [148.944893, -35.228366], [148.941393, -35.230424], [148.941069, -35.230614], [148.939948, -35.231274], [148.939742, -35.231395], [148.939069, -35.23179], [148.938816, -35.231939], [148.930812, -35.236643], [148.926295, -35.239298], [148.925798, -35.239589], [148.921248, -35.242263], [148.91981, -35.243109], [148.919567, -35.243251], [148.915457, -35.245666], [148.910723, -35.248447], [148.909072, -35.249416], [148.909021, -35.249447], [148.908681, -35.249646], [148.90857, -35.249711], [148.908493, -35.249757], [148.90835, -35.249841], [148.908297, -35.249875], [148.906397, -35.250989], [148.906101, -35.251163], [148.899645, -35.254953], [148.899563, -35.255001], [148.897457, -35.256238], [148.896602, -35.256739], [148.896346, -35.25689], [148.896263, -35.256938], [148.884131, -35.26406], [148.88399, -35.264144], [148.882669, -35.264919], [148.874223, -35.269874], [148.852341, -35.282711], [148.849251, -35.284522], [148.810133, -35.307447], [148.80967, -35.308107], [148.80796, -35.309784], [148.807798, -35.310401], [148.807336, -35.310936], [148.806988, -35.311622], [148.805317, -35.314694], [148.803728, -35.316766], [148.80347, -35.318058], [148.802837, -35.319817], [148.801068, -35.321769], [148.802084, -35.324342], [148.802286, -35.325622], [148.801712, -35.329172], [148.800396, -35.33048], [148.798505, -35.332088], [148.797653, -35.333827], [148.795269, -35.336486], [148.794372, -35.338157], [148.793547, -35.339121], [148.795494, -35.341931], [148.796032, -35.343649], [148.796664, -35.345863], [148.796904, -35.34639], [148.798729, -35.348148], [148.799294, -35.350369], [148.799397, -35.353387], [148.799244, -35.354292], [148.798684, -35.355662], [148.79769, -35.356817], [148.796698, -35.358412], [148.799553, -35.35897], [148.800163, -35.359617], [148.800788, -35.36028], [148.800735, -35.361683], [148.801488, -35.362608], [148.803285, -35.36319], [148.80491, -35.364689], [148.805696, -35.365154], [148.805727, -35.366104], [148.805012, -35.367474], [148.804431, -35.368354], [148.804232, -35.36938], [148.804286, -35.370327], [148.803926, -35.372308], [148.803913, -35.373449], [148.803907, -35.374042], [148.804164, -35.375223], [148.804064, -35.376203], [148.804581, -35.377685], [148.805297, -35.378913], [148.806922, -35.379295], [148.807862, -35.379925], [148.808632, -35.380664], [148.808715, -35.381594], [148.808659, -35.382453], [148.80787, -35.382963], [148.806059, -35.384055], [148.804712, -35.385172], [148.80469, -35.387026], [148.803531, -35.388847], [148.802101, -35.389347], [148.801148, -35.38972], [148.79941, -35.39024], [148.796723, -35.391716], [148.795688, -35.393002], [148.795855, -35.394417], [148.795816, -35.396458], [148.79607, -35.398506], [148.795685, -35.400162], [148.796127, -35.40147], [148.795825, -35.402462], [148.796357, -35.403851], [148.796089, -35.40495], [148.796193, -35.405977], [148.795977, -35.406636], [148.79531, -35.407097], [148.792525, -35.40739], [148.790211, -35.407915], [148.788318, -35.40822], [148.787508, -35.408558], [148.785795, -35.40891], [148.785778, -35.410681], [148.786287, -35.412789], [148.78721, -35.414125], [148.788766, -35.414776], [148.790158, -35.415649], [148.789718, -35.417029], [148.788926, -35.418005], [148.789324, -35.419625], [148.788907, -35.421062], [148.788882, -35.422089], [148.787611, -35.423197], [148.788335, -35.424837], [148.78857, -35.425968], [148.788916, -35.426494], [148.788334, -35.426918], [148.787348, -35.427565], [148.78621, -35.42901], [148.785328, -35.430367], [148.785081, -35.431569], [148.784206, -35.432372], [148.783556, -35.432726], [148.781028, -35.433338], [148.780281, -35.435212], [148.779055, -35.436777], [148.778784, -35.437417], [148.778691, -35.437553], [148.777711, -35.44004], [148.774841, -35.441833], [148.774354, -35.444115], [148.774598, -35.446082], [148.774294, -35.446967], [148.773886, -35.447705], [148.773014, -35.449496], [148.773755, -35.451642], [148.774617, -35.452837], [148.775112, -35.454065], [148.775986, -35.454885], [148.775773, -35.455116], [148.774908, -35.456056], [148.774678, -35.457692], [148.773451, -35.459218], [148.772707, -35.46089], [148.772877, -35.462389], [148.771684, -35.463475], [148.770213, -35.463839], [148.769016, -35.464908], [148.767152, -35.465492], [148.766741, -35.46718], [148.766846, -35.468946], [148.766867, -35.470436], [148.766846, -35.471193], [148.768163, -35.472468], [148.769335, -35.474325], [148.770561, -35.475605], [148.770451, -35.477041], [148.770249, -35.478543], [148.770842, -35.480059], [148.771918, -35.481452], [148.772995, -35.482633], [148.77364, -35.4838], [148.774473, -35.485022], [148.77448, -35.485632], [148.774382, -35.486144], [148.77385, -35.486437], [148.773186, -35.486665], [148.771864, -35.487363], [148.77089, -35.48786], [148.769846, -35.487925], [148.768766, -35.48878], [148.767007, -35.489712], [148.765185, -35.490895], [148.764523, -35.491872], [148.763553, -35.49389], [148.76279, -35.495497], [148.762946, -35.496582], [148.764031, -35.49791], [148.764152, -35.498449], [148.764419, -35.499633], [148.764257, -35.501402], [148.76436, -35.503148], [148.765188, -35.505267], [148.766912, -35.506503], [148.767835, -35.507065], [148.76832, -35.508276], [148.76605, -35.510899], [148.766992, -35.512016], [148.767246, -35.513422], [148.767052, -35.514451], [148.7669, -35.515334], [148.767166, -35.516838], [148.76725, -35.518698], [148.767497, -35.520182], [148.768008, -35.521582], [148.767665, -35.523457], [148.767972, -35.524978], [148.769615, -35.526661], [148.770958, -35.528213], [148.771493, -35.528909], [148.771931, -35.529365], [148.772248, -35.52985], [148.772195, -35.531317], [148.771691, -35.533134], [148.771217, -35.534447], [148.77028, -35.536052], [148.769995, -35.536991], [148.769797, -35.538138], [148.769927, -35.540345], [148.769839, -35.541998], [148.769658, -35.542621], [148.769407, -35.54369], [148.769673, -35.544385], [148.769998, -35.545578], [148.771404, -35.547344], [148.771704, -35.547577], [148.77272, -35.548566], [148.773225, -35.548862], [148.774095, -35.550597], [148.774682, -35.551946], [148.775228, -35.553152], [148.775423, -35.554479], [148.776122, -35.555072], [148.776872, -35.556412], [148.777386, -35.557117], [148.777949, -35.558518], [148.778525, -35.563529], [148.77294, -35.567796], [148.773127, -35.568216], [148.773623, -35.569258], [148.775194, -35.570861], [148.777076, -35.573501], [148.779634, -35.576487], [148.780344, -35.577252], [148.780625, -35.577837], [148.781524, -35.578585], [148.782148, -35.579235], [148.782199, -35.580295], [148.782556, -35.581251], [148.783926, -35.581622], [148.784975, -35.581985], [148.786124, -35.582472], [148.786598, -35.58363], [148.787068, -35.584553], [148.78723, -35.585095], [148.787797, -35.586104], [148.78821, -35.586403], [148.788477, -35.587345], [148.788632, -35.587815], [148.788774, -35.588338], [148.788309, -35.589128], [148.787493, -35.590615], [148.785654, -35.592083], [148.783956, -35.593426], [148.783191, -35.595404], [148.780255, -35.596058], [148.778336, -35.596627], [148.776622, -35.597338], [148.775591, -35.597568], [148.774518, -35.597997], [148.773614, -35.598563], [148.773305, -35.599485], [148.772531, -35.60034], [148.772163, -35.601396], [148.770963, -35.60206], [148.769586, -35.602629], [148.769044, -35.60275], [148.768433, -35.603304], [148.768895, -35.60426], [148.76977, -35.605359], [148.770619, -35.606333], [148.771014, -35.60715], [148.771625, -35.608149], [148.772666, -35.60944], [148.773719, -35.610059], [148.774865, -35.610711], [148.776264, -35.611663], [148.778174, -35.613426], [148.779064, -35.614797], [148.779588, -35.616195], [148.780388, -35.617619], [148.780336, -35.6183], [148.780622, -35.620335], [148.779839, -35.621725], [148.77949, -35.622613], [148.779588, -35.623449], [148.779622, -35.623737], [148.780433, -35.624992], [148.780698, -35.625988], [148.782361, -35.626195], [148.783096, -35.627385], [148.783443, -35.628509], [148.782962, -35.629868], [148.782367, -35.630254], [148.781707, -35.630825], [148.78038, -35.633], [148.776229, -35.636453], [148.775668, -35.636569], [148.770858, -35.640032], [148.771228, -35.640659], [148.771959, -35.641233], [148.771709, -35.642375], [148.771417, -35.643352], [148.771746, -35.644857], [148.771361, -35.645856], [148.770432, -35.64626], [148.769124, -35.645871], [148.76811, -35.646895], [148.767498, -35.64741], [148.767963, -35.64797], [148.768443, -35.648623], [148.769563, -35.649532], [148.770188, -35.649871], [148.771761, -35.649737], [148.772828, -35.650044], [148.772957, -35.65077], [148.77307, -35.65197], [148.772204, -35.653688], [148.772511, -35.654258], [148.77308, -35.655092], [148.773502, -35.655499], [148.774667, -35.655625], [148.775323, -35.655815], [148.776379, -35.655796], [148.777614, -35.65583], [148.778279, -35.655944], [148.779922, -35.655975], [148.78096, -35.655978], [148.781722, -35.655816], [148.782666, -35.656113], [148.783343, -35.656289], [148.784224, -35.656845], [148.785231, -35.657117], [148.786089, -35.657391], [148.786448, -35.657881], [148.786347, -35.65852], [148.786999, -35.660438], [148.787592, -35.660588], [148.789786, -35.659754], [148.790554, -35.659318], [148.791676, -35.660094], [148.792627, -35.661056], [148.793819, -35.662093], [148.794315, -35.662805], [148.794834, -35.663497], [148.796422, -35.664238], [148.796336, -35.664831], [148.796739, -35.66527], [148.797377, -35.665929], [148.798448, -35.666594], [148.798521, -35.666977], [148.797954, -35.667958], [148.797532, -35.668773], [148.797452, -35.669981], [148.797338, -35.670942], [148.79717, -35.671681], [148.797293, -35.67245], [148.797697, -35.673247], [148.79801, -35.674122], [148.798084, -35.675397], [148.798388, -35.676146], [148.798243, -35.677104], [148.798153, -35.67762], [148.797975, -35.678385], [148.797529, -35.679186], [148.797669, -35.679661], [148.797502, -35.680424], [148.797141, -35.681447], [148.79657, -35.682655], [148.795682, -35.683596], [148.795475, -35.684134], [148.794572, -35.685107], [148.794112, -35.685708], [148.793694, -35.68614], [148.793248, -35.686787], [148.793025, -35.687437], [148.792914, -35.688031], [148.792614, -35.688816], [148.79237, -35.689324], [148.791375, -35.689644], [148.791325, -35.690126], [148.791167, -35.690834], [148.791345, -35.691277], [148.791526, -35.691738], [148.791169, -35.692208], [148.791152, -35.692742], [148.791397, -35.693319], [148.790435, -35.694715], [148.79014, -35.695268], [148.789627, -35.695864], [148.789359, -35.696492], [148.788729, -35.69718], [148.788443, -35.697805], [148.788895, -35.698769], [148.789276, -35.699605], [148.789643, -35.700265], [148.790121, -35.701026], [148.790316, -35.70167], [148.790623, -35.702355], [148.791111, -35.702872], [148.791098, -35.703423], [148.791479, -35.703776], [148.7921, -35.704138], [148.792799, -35.704587], [148.793316, -35.705131], [148.793206, -35.705737], [148.793773, -35.706191], [148.79427, -35.706447], [148.795373, -35.707413], [148.79616, -35.707943], [148.796532, -35.708809], [148.796283, -35.70935], [148.79696, -35.709655], [148.798053, -35.710279], [148.798982, -35.710468], [148.799465, -35.710935], [148.800139, -35.711435], [148.800911, -35.711726], [148.801795, -35.712097], [148.802407, -35.712627], [148.80314, -35.71332], [148.804146, -35.714017], [148.805274, -35.71401], [148.806411, -35.71489], [148.807314, -35.715551], [148.80785, -35.716204], [148.808558, -35.717213], [148.810385, -35.718042], [148.811509, -35.718244], [148.811926, -35.71906], [148.812775, -35.71975], [148.813309, -35.719867], [148.8142, -35.719867], [148.816017, -35.719479], [148.817277, -35.718995], [148.818749, -35.718715], [148.820684, -35.719513], [148.822494, -35.720969], [148.822668, -35.721757], [148.823104, -35.722597], [148.823144, -35.723235], [148.823575, -35.724211], [148.824982, -35.725044], [148.825882, -35.725272], [148.827863, -35.726166], [148.828992, -35.727702], [148.829206, -35.728388], [148.829383, -35.729371], [148.829534, -35.730164], [148.830156, -35.732172], [148.831488, -35.734051], [148.832899, -35.735003], [148.833128, -35.736468], [148.834106, -35.738309], [148.83472, -35.740533], [148.835305, -35.741138], [148.835791, -35.741921], [148.837171, -35.743152], [148.837652, -35.743509], [148.83863, -35.744235], [148.839725, -35.745523], [148.840954, -35.746592], [148.842917, -35.747673], [148.843701, -35.74828], [148.84391, -35.748449], [148.8447, -35.749087], [148.846047, -35.749528], [148.847079, -35.750525], [148.848363, -35.75093], [148.848876, -35.751076], [148.849581, -35.750936], [148.851011, -35.751298], [148.853419, -35.75105], [148.854042, -35.751202], [148.856083, -35.753543], [148.854933, -35.759269], [148.855665, -35.760957], [148.857523, -35.761456], [148.858105, -35.761232], [148.859657, -35.760648], [148.860604, -35.759759], [148.861317, -35.759045], [148.862441, -35.757523], [148.86108, -35.754201], [148.86073, -35.752848], [148.86142, -35.750182], [148.862706, -35.749433], [148.863543, -35.748449], [148.863932, -35.747992], [148.864045, -35.747534], [148.864092, -35.746922], [148.864932, -35.743503], [148.864872, -35.742376], [148.866766, -35.740635], [148.867446, -35.738686], [148.866751, -35.737125], [148.864061, -35.733872], [148.865823, -35.7316], [148.867235, -35.731896], [148.868115, -35.731378], [148.868609, -35.731047], [148.86868, -35.729906], [148.869451, -35.729086], [148.870449, -35.727633], [148.870977, -35.726778], [148.871595, -35.725568], [148.872022, -35.724257], [148.872252, -35.723211], [148.872385, -35.722497], [148.872485, -35.721427], [148.874075, -35.72019], [148.877714, -35.71496], [148.878199, -35.715392], [148.879841, -35.715734], [148.880573, -35.715873], [148.883787, -35.71723], [148.885013, -35.717932], [148.885661, -35.718431], [148.886705, -35.719237], [148.88727, -35.720598], [148.888192, -35.721908], [148.889368, -35.722785], [148.890599, -35.724802], [148.892306, -35.728419], [148.892473, -35.730465], [148.888375, -35.733694], [148.888049, -35.735735], [148.888073, -35.737056], [148.888327, -35.737333], [148.890358, -35.739483], [148.890913, -35.740675], [148.891761, -35.744238], [148.893, -35.746097], [148.893404, -35.748448], [148.893412, -35.748489], [148.894099, -35.751337], [148.895126, -35.751482], [148.897511, -35.751019], [148.898822, -35.751302], [148.901203, -35.755097], [148.9014, -35.755188], [148.902491, -35.756089], [148.902898, -35.756567], [148.903215, -35.757392], [148.903319, -35.757935], [148.903061, -35.758567], [148.902756, -35.759438], [148.902276, -35.760379], [148.901808, -35.761744], [148.902148, -35.762667], [148.9023, -35.76329], [148.901798, -35.76381], [148.900452, -35.765577], [148.900113, -35.766506], [148.899334, -35.767682], [148.897065, -35.768951], [148.896051, -35.769962], [148.895093, -35.770787], [148.894864, -35.771876], [148.89481, -35.773269], [148.89526, -35.775304], [148.895054, -35.777022], [148.8947, -35.777668], [148.895499, -35.77928], [148.894841, -35.780525], [148.895429, -35.781785], [148.89516, -35.783063], [148.894995, -35.784661], [148.895324, -35.785519], [148.895438, -35.78671], [148.896157, -35.78844], [148.896345, -35.789729], [148.896367, -35.790281], [148.896568, -35.791627], [148.896985, -35.793115], [148.897052, -35.793512], [148.897777, -35.794658], [148.897181, -35.795648], [148.89635, -35.79671], [148.895853, -35.797218], [148.895199, -35.797923], [148.894549, -35.79853], [148.893154, -35.799319], [148.893219, -35.80035], [148.892957, -35.801512], [148.891991, -35.802554], [148.890761, -35.803585], [148.890252, -35.804526], [148.889815, -35.80612], [148.889427, -35.807213], [148.889152, -35.807625], [148.887434, -35.808826], [148.886948, -35.809492], [148.88668, -35.810062], [148.887415, -35.810799], [148.887752, -35.811216], [148.889062, -35.812065], [148.89111, -35.81385], [148.891886, -35.814947], [148.89215, -35.816133], [148.892517, -35.816608], [148.89373, -35.817237], [148.894956, -35.81762], [148.895834, -35.817581], [148.896604, -35.817904], [148.897343, -35.821047], [148.897704, -35.823268], [148.897636, -35.824703], [148.899757, -35.825874], [148.901875, -35.82635], [148.903606, -35.826095], [148.906227, -35.828014], [148.907064, -35.829577], [148.906597, -35.832063], [148.905091, -35.833212], [148.90379, -35.833328], [148.90322, -35.834262], [148.903149, -35.835274], [148.903311, -35.836305], [148.903685, -35.837302], [148.903868, -35.83761], [148.903926, -35.837706], [148.904389, -35.838536], [148.904565, -35.839008], [148.905313, -35.839657], [148.905156, -35.839973], [148.904817, -35.840508], [148.904215, -35.841353], [148.903989, -35.842524], [148.904832, -35.843382], [148.904896, -35.844163], [148.906074, -35.844969], [148.906504, -35.845888], [148.906469, -35.846269], [148.907354, -35.846981], [148.907908, -35.847874], [148.907959, -35.848367], [148.907671, -35.848951], [148.907972, -35.849895], [148.907861, -35.850775], [148.908709, -35.851713], [148.909051, -35.852507], [148.909446, -35.853072], [148.910619, -35.853238], [148.911357, -35.854196], [148.911696, -35.854575], [148.912957, -35.855508], [148.914724, -35.855632], [148.916381, -35.855754], [148.917728, -35.856283], [148.918194, -35.856562], [148.920045, -35.857242], [148.920466, -35.858766], [148.919458, -35.859782], [148.919813, -35.860745], [148.920823, -35.861261], [148.92223, -35.862372], [148.923611, -35.862927], [148.924449, -35.863438], [148.925015, -35.863751], [148.926391, -35.864996], [148.926564, -35.865786], [148.927552, -35.866784], [148.928005, -35.867156], [148.929018, -35.867756], [148.930346, -35.868134], [148.93122, -35.869142], [148.93221, -35.870539], [148.932206, -35.871435], [148.932161, -35.8729], [148.932748, -35.873448], [148.932897, -35.873587], [148.934176, -35.87409], [148.935618, -35.874192], [148.936055, -35.874589], [148.937233, -35.874671], [148.938524, -35.875071], [148.940549, -35.8758], [148.941065, -35.877256], [148.941935, -35.878363], [148.942933, -35.879612], [148.944314, -35.880886], [148.944555, -35.881419], [148.945678, -35.882414], [148.946365, -35.882912], [148.947087, -35.883537], [148.948345, -35.884325], [148.949752, -35.885647], [148.950972, -35.886419], [148.951807, -35.887317], [148.95292, -35.888286], [148.954083, -35.888849], [148.955931, -35.889828], [148.95657, -35.890354], [148.958367, -35.891715], [148.958502, -35.893003], [148.95954, -35.894282], [148.959179, -35.895412], [148.961599, -35.896719], [148.962174, -35.896676], [148.964246, -35.896959], [148.966295, -35.897178], [148.966354, -35.896793], [148.967103, -35.895434], [148.967358, -35.894656], [148.967758, -35.894004], [148.969869, -35.893286], [148.97035, -35.893007], [148.97085, -35.892836], [148.972959, -35.892375], [148.975655, -35.892174], [148.977244, -35.892397], [148.979176, -35.892987], [148.979287, -35.893018], [148.979394, -35.893047], [148.979967, -35.893203], [148.981645, -35.893739], [148.983669, -35.893873], [148.984328, -35.894056], [148.986179, -35.894996], [148.986911, -35.895387], [148.987973, -35.895636], [148.989611, -35.895801], [148.990817, -35.895884], [148.992003, -35.895195], [148.993249, -35.89515], [148.994015, -35.895402], [148.994697, -35.895627], [148.99532, -35.895838], [148.996957, -35.896171], [148.997662, -35.896425], [148.997958, -35.896696], [148.997607, -35.898841], [148.997397, -35.900994], [148.999416, -35.902676], [149.001216, -35.902024], [149.003486, -35.901202], [149.00569, -35.901244], [149.005922, -35.901249], [149.008819, -35.901304], [149.010929, -35.900741], [149.011755, -35.900111], [149.012395, -35.899622], [149.014055, -35.900143], [149.015348, -35.90161], [149.016414, -35.90187], [149.017252, -35.902857], [149.017676, -35.903358], [149.019307, -35.904303], [149.020862, -35.905111], [149.021482, -35.905345], [149.022882, -35.905978], [149.023933, -35.907017], [149.02405, -35.908014], [149.024451, -35.908886], [149.025093, -35.91032], [149.025512, -35.910759], [149.02579, -35.911222], [149.026596, -35.912005], [149.027287, -35.912445], [149.027769, -35.912733], [149.028535, -35.912243], [149.029729, -35.911873], [149.030379, -35.911519], [149.031361, -35.911164], [149.032674, -35.910951], [149.034032, -35.911026], [149.034317, -35.911694], [149.035315, -35.91283], [149.036314, -35.913761], [149.036889, -35.913858], [149.038748, -35.914214], [149.039963, -35.913869], [149.041489, -35.914394], [149.042674, -35.915589], [149.044066, -35.916291], [149.044171, -35.917186], [149.044536, -35.918166], [149.044901, -35.919301], [149.046379, -35.920528], [149.047517, -35.920355], [149.048448, -35.920288], [149.049042, -35.920206], [149.049543, -35.919956], [149.049906, -35.919549], [149.050208, -35.918577], [149.050737, -35.918049], [149.051356, -35.917198], [149.052088, -35.916616], [149.052639, -35.916023], [149.052627, -35.915689], [149.053219, -35.915537], [149.053905, -35.914879], [149.054313, -35.91465], [149.054869, -35.913941], [149.054951, -35.913498], [149.055126, -35.912838], [149.055422, -35.912361], [149.055478, -35.911789], [149.055838, -35.910843], [149.05598, -35.910409], [149.055738, -35.910199], [149.055969, -35.909345], [149.056428, -35.908691], [149.056817, -35.90827], [149.056842, -35.90823], [149.057244, -35.90733], [149.054883, -35.905359], [149.052688, -35.904076], [149.051695, -35.90337], [149.05178, -35.9021], [149.05221, -35.901439], [149.053313, -35.899993], [149.054198, -35.89876], [149.056049, -35.897355], [149.056888, -35.897225], [149.058342, -35.896364], [149.058799, -35.895945], [149.058577, -35.894664], [149.060813, -35.89328], [149.061145, -35.892412], [149.061249, -35.891826], [149.061737, -35.891446], [149.061169, -35.890473], [149.060433, -35.889336], [149.060366, -35.889098], [149.060139, -35.888291], [149.061068, -35.88696], [149.061939, -35.885397], [149.062376, -35.884514], [149.062447, -35.884071], [149.061946, -35.883338], [149.061819, -35.882293], [149.061523, -35.881706], [149.061736, -35.88068], [149.061518, -35.880071], [149.061711, -35.879878], [149.062456, -35.878496], [149.062924, -35.877778], [149.063924, -35.876648], [149.064338, -35.876112], [149.064283, -35.874945], [149.065494, -35.873788], [149.065761, -35.873442], [149.066193, -35.872881], [149.066566, -35.872398], [149.067736, -35.870749], [149.06972, -35.869725], [149.070392, -35.869286], [149.072826, -35.866339], [149.074317, -35.865772], [149.074719, -35.864706], [149.074803, -35.863779], [149.076147, -35.862118], [149.076829, -35.86057], [149.078083, -35.859926], [149.079757, -35.858956], [149.080867, -35.857044], [149.080812, -35.856109], [149.082193, -35.853117], [149.08378, -35.852804], [149.084531, -35.852218], [149.084204, -35.8502], [149.085279, -35.84978], [149.086207, -35.848897], [149.086573, -35.848194], [149.089007, -35.84816], [149.092671, -35.846708], [149.093316, -35.846453], [149.094859, -35.846827], [149.095686, -35.845635], [149.096018, -35.844221], [149.095814, -35.843314], [149.09461, -35.841494], [149.095035, -35.840079], [149.095384, -35.839118], [149.093409, -35.838265], [149.092987, -35.838239], [149.092968, -35.837723], [149.092612, -35.837263], [149.092045, -35.835379], [149.092259, -35.834835], [149.093677, -35.833878], [149.093707, -35.832076], [149.093986, -35.83132], [149.094558, -35.830763], [149.094513, -35.829808], [149.094704, -35.828627], [149.094254, -35.827008], [149.093375, -35.825602], [149.093571, -35.82411], [149.094317, -35.822981], [149.094983, -35.821998], [149.094511, -35.821209], [149.095406, -35.820112], [149.096046, -35.819738], [149.095801, -35.818264], [149.095921, -35.817585], [149.09734, -35.817378], [149.098804, -35.816876], [149.100428, -35.815301], [149.1006, -35.814702], [149.10015, -35.813642], [149.099565, -35.811891], [149.100271, -35.811355], [149.100478, -35.81002], [149.0996, -35.809625], [149.098263, -35.807935], [149.098839, -35.807459], [149.099669, -35.807228], [149.099553, -35.806674], [149.100421, -35.805704], [149.101116, -35.805059], [149.101504, -35.80365], [149.099832, -35.803269], [149.099838, -35.801767], [149.09899, -35.801155], [149.098402, -35.800531], [149.09711, -35.799683], [149.096907, -35.79896], [149.096759, -35.798179], [149.097065, -35.796848], [149.097769, -35.795967], [149.098712, -35.795222], [149.099457, -35.79509], [149.100195, -35.79406], [149.100452, -35.793063], [149.100531, -35.791388], [149.100324, -35.790307], [149.10015, -35.78972], [149.097554, -35.788195], [149.096124, -35.787212], [149.093476, -35.787229], [149.093358, -35.786392], [149.093012, -35.78568], [149.092886, -35.784899], [149.093327, -35.783893], [149.093142, -35.783188], [149.094727, -35.781371], [149.095059, -35.780629], [149.09577, -35.780186], [149.096273, -35.778814], [149.09737, -35.77744], [149.096319, -35.776279], [149.095883, -35.77601], [149.094851, -35.775818], [149.092932, -35.774452], [149.09163, -35.773945], [149.093072, -35.771459], [149.093271, -35.770775], [149.092713, -35.768703], [149.092233, -35.767995], [149.091144, -35.767047], [149.090709, -35.765615], [149.092845, -35.763564], [149.093305, -35.762657], [149.093635, -35.761858], [149.093209, -35.760925], [149.092925, -35.759117], [149.094644, -35.756603], [149.0946, -35.755605], [149.094902, -35.754909], [149.094935, -35.754304], [149.095602, -35.75332], [149.0964, -35.752822], [149.09622, -35.752076], [149.095064, -35.750399], [149.095639, -35.749849], [149.0964, -35.748446], [149.096983, -35.74737], [149.095615, -35.745991], [149.096229, -35.743649], [149.096898, -35.742685], [149.097789, -35.741719], [149.098066, -35.740519], [149.098419, -35.739673], [149.09906, -35.73925], [149.099035, -35.738825], [149.099703, -35.737955], [149.100686, -35.736302], [149.100769, -35.735528], [149.100589, -35.734884], [149.100586, -35.733462], [149.09904, -35.730605], [149.099098, -35.729286], [149.100116, -35.728353], [149.102811, -35.7267], [149.103674, -35.726037], [149.104098, -35.72498], [149.104132, -35.724116], [149.103887, -35.723288], [149.102408, -35.721762], [149.10241, -35.720893], [149.101662, -35.719865], [149.100677, -35.719016], [149.100612, -35.718508], [149.100065, -35.716934], [149.099371, -35.716133], [149.099349, -35.714657], [149.099778, -35.714425], [149.10111, -35.712866], [149.100983, -35.71256], [149.101266, -35.712176], [149.101597, -35.710445], [149.101605, -35.709402], [149.101917, -35.7088], [149.101966, -35.707774], [149.102253, -35.707237], [149.102743, -35.706555], [149.103425, -35.705975], [149.104128, -35.704933], [149.105454, -35.703886], [149.106289, -35.703401], [149.107476, -35.702305], [149.10788, -35.701195], [149.107825, -35.700529], [149.108633, -35.69953], [149.108947, -35.698496], [149.109135, -35.697736], [149.109418, -35.696584], [149.108794, -35.695884], [149.108495, -35.695548], [149.108215, -35.695009], [149.107882, -35.694025], [149.106674, -35.692902], [149.105934, -35.691145], [149.104178, -35.691077], [149.103755, -35.690723], [149.103799, -35.689769], [149.104377, -35.689058], [149.104839, -35.687341], [149.104767, -35.686383], [149.104608, -35.685757], [149.104382, -35.684867], [149.1029, -35.684818], [149.102059, -35.684556], [149.101446, -35.684136], [149.09942, -35.683881], [149.095893, -35.680379], [149.095298, -35.679278], [149.095495, -35.678044], [149.09496, -35.676822], [149.096075, -35.67586], [149.096569, -35.674528], [149.097119, -35.67417], [149.097271, -35.673603], [149.096606, -35.672818], [149.096646, -35.67239], [149.09667, -35.67213], [149.096217, -35.670135], [149.09594, -35.669195], [149.095956, -35.668589], [149.095726, -35.668049], [149.095699, -35.66732], [149.095686, -35.666986], [149.095975, -35.665415], [149.096618, -35.664611], [149.096669, -35.663165], [149.096093, -35.662405], [149.095853, -35.661929], [149.095893, -35.661439], [149.096218, -35.66036], [149.096766, -35.659821], [149.096893, -35.659696], [149.097848, -35.658757], [149.098535, -35.657211], [149.098356, -35.656797], [149.098215, -35.656635], [149.097615, -35.655944], [149.096038, -35.654337], [149.095389, -35.653019], [149.095428, -35.652551], [149.096807, -35.651747], [149.096876, -35.651036], [149.097108, -35.648716], [149.097479, -35.647293], [149.096978, -35.646662], [149.096133, -35.645597], [149.09632, -35.64413], [149.096014, -35.642561], [149.095833, -35.641629], [149.095628, -35.640333], [149.093577, -35.640059], [149.093526, -35.640044], [149.093316, -35.639982], [149.092422, -35.639718], [149.090655, -35.64002], [149.089042, -35.641056], [149.088266, -35.640726], [149.087562, -35.63965], [149.08766, -35.637907], [149.087446, -35.636686], [149.087236, -35.636365], [149.086504, -35.635876], [149.088585, -35.63409], [149.088146, -35.633561], [149.087773, -35.632419], [149.087261, -35.630279], [149.087773, -35.629052], [149.087742, -35.628118], [149.087873, -35.627903], [149.087608, -35.627557], [149.086079, -35.625568], [149.085926, -35.62537], [149.085308, -35.623441], [149.085129, -35.622887], [149.084762, -35.622415], [149.084651, -35.622273], [149.084189, -35.62168], [149.085208, -35.619579], [149.084901, -35.618527], [149.084757, -35.617657], [149.084948, -35.616771], [149.084525, -35.614646], [149.082571, -35.613642], [149.081931, -35.61179], [149.081248, -35.611257], [149.081217, -35.610489], [149.080424, -35.609], [149.079592, -35.608073], [149.079234, -35.607752], [149.079498, -35.606644], [149.079517, -35.605154], [149.080057, -35.604987], [149.079519, -35.602474], [149.078949, -35.600917], [149.078485, -35.599654], [149.07818, -35.598822], [149.078873, -35.598584], [149.079366, -35.597445], [149.078589, -35.596728], [149.078453, -35.596199], [149.078346, -35.595784], [149.078233, -35.595343], [149.079121, -35.593536], [149.079121, -35.593396], [149.079121, -35.593047]]]}}, {"type": "Feature", "properties": {"index": "FRAS", "division": "Fraser", "state": "Australian Capital Territory", "year": "1997", "proclaimed": "19971210", "quota": "204602", "electors": "200638", "deviation": ""}, "geometry": {"type": "MultiPolygon", "coordinates": [[[[149.399283, -35.319178], [149.397832, -35.318799], [149.397768, -35.318177], [149.397753, -35.318032], [149.397742, -35.317997], [149.397465, -35.317102], [149.397453, -35.317079], [149.397327, -35.316833], [149.397326, -35.316759], [149.397315, -35.315898], [149.396831, -35.314117], [149.396944, -35.313949], [149.397266, -35.313468], [149.397359, -35.310931], [149.396478, -35.309619], [149.394539, -35.309158], [149.395344, -35.307267], [149.394672, -35.306522], [149.394707, -35.306377], [149.394969, -35.305693], [149.395109, -35.304416], [149.394789, -35.30316], [149.394624, -35.303134], [149.393448, -35.302943], [149.39158, -35.303467], [149.390367, -35.302854], [149.390163, -35.302751], [149.389901, -35.302618], [149.388379, -35.303465], [149.386536, -35.303217], [149.386287, -35.303316], [149.385951, -35.303451], [149.385211, -35.303747], [149.384967, -35.303845], [149.384456, -35.30405], [149.384355, -35.304425], [149.384321, -35.304445], [149.38423, -35.304611], [149.384146, -35.304857], [149.384076, -35.305121], [149.384063, -35.305355], [149.384041, -35.305602], [149.384013, -35.305705], [149.383957, -35.306019], [149.383834, -35.306194], [149.383797, -35.306248], [149.383769, -35.306414], [149.38372, -35.306523], [149.383405, -35.306512], [149.382944, -35.306454], [149.382463, -35.306391], [149.382086, -35.306322], [149.381953, -35.306282], [149.381883, -35.306224], [149.381778, -35.30611], [149.381674, -35.30595], [149.381562, -35.305806], [149.381506, -35.305772], [149.381401, -35.305755], [149.381129, -35.305743], [149.380543, -35.305749], [149.380116, -35.305777], [149.379872, -35.305742], [149.379649, -35.305719], [149.379181, -35.305645], [149.378776, -35.305582], [149.378329, -35.305524], [149.377938, -35.305484], [149.377609, -35.305438], [149.37726, -35.305357], [149.376967, -35.305312], [149.376485, -35.305248], [149.375885, -35.305162], [149.375417, -35.305087], [149.375103, -35.305053], [149.374796, -35.305036], [149.374545, -35.305001], [149.374279, -35.304995], [149.373909, -35.304989], [149.373721, -35.304989], [149.373574, -35.305052], [149.373497, -35.305149], [149.373378, -35.305338], [149.37321, -35.305539], [149.372966, -35.305807], [149.37261, -35.306179], [149.372114, -35.306654], [149.371568, -35.307135], [149.371072, -35.307536], [149.370506, -35.307959], [149.369961, -35.308285], [149.369605, -35.308479], [149.369228, -35.308359], [149.3689, -35.308284], [149.368502, -35.308215], [149.368208, -35.308164], [149.367887, -35.308146], [149.367538, -35.308152], [149.367175, -35.308214], [149.366777, -35.308294], [149.366329, -35.308414], [149.366113, -35.308465], [149.365757, -35.308574], [149.365261, -35.308757], [149.364869, -35.308877], [149.364597, -35.308923], [149.364248, -35.308957], [149.363808, -35.308962], [149.363333, -35.308973], [149.36297, -35.30899], [149.362299, -35.309001], [149.361734, -35.309007], [149.361356, -35.308966], [149.361042, -35.308892], [149.360742, -35.308788], [149.360519, -35.308685], [149.360295, -35.308565], [149.360086, -35.308404], [149.359946, -35.308244], [149.359842, -35.308106], [149.359779, -35.307969], [149.359744, -35.307792], [149.36, -35.307582], [149.360183, -35.307429], [149.360408, -35.307264], [149.360619, -35.307071], [149.360809, -35.306883], [149.360929, -35.306746], [149.361064, -35.306575], [149.361155, -35.306421], [149.361262, -35.306209], [149.361326, -35.306044], [149.361412, -35.305832], [149.361477, -35.305626], [149.361562, -35.305409], [149.361627, -35.305169], [149.36167, -35.304992], [149.361686, -35.304854], [149.361708, -35.304654], [149.361724, -35.304442], [149.361705, -35.304219], [149.361692, -35.304053], [149.361646, -35.303806], [149.361598, -35.303622], [149.361524, -35.303376], [149.361435, -35.303106], [149.361326, -35.302831], [149.361202, -35.302601], [149.361126, -35.302463], [149.360995, -35.302331], [149.360801, -35.302123], [149.360614, -35.301973], [149.360426, -35.301875], [149.360245, -35.301799], [149.360057, -35.301735], [149.359813, -35.301699], [149.359541, -35.301641], [149.35922, -35.30157], [149.358935, -35.301477], [149.358698, -35.301418], [149.358468, -35.301336], [149.358183, -35.301226], [149.357946, -35.301144], [149.357695, -35.301023], [149.357487, -35.300913], [149.357195, -35.300756], [149.356938, -35.3006], [149.356722, -35.30049], [149.356507, -35.300369], [149.356305, -35.300259], [149.356034, -35.300125], [149.355763, -35.299986], [149.355547, -35.299876], [149.355332, -35.299772], [149.355165, -35.299679], [149.355047, -35.299621], [149.354914, -35.29958], [149.354768, -35.299557], [149.354545, -35.299544], [149.3543, -35.299571], [149.354041, -35.299598], [149.353839, -35.299643], [149.353572, -35.299704], [149.353363, -35.299732], [149.353076, -35.299742], [149.35272, -35.29974], [149.352434, -35.299738], [149.352176, -35.299719], [149.352001, -35.299701], [149.351778, -35.299654], [149.351555, -35.299612], [149.351276, -35.299536], [149.350921, -35.299426], [149.35058, -35.299303], [149.350414, -35.299176], [149.350338, -35.299038], [149.350277, -35.298769], [149.350238, -35.298448], [149.350226, -35.298196], [149.3502, -35.297972], [149.350174, -35.297737], [149.350127, -35.297565], [149.350121, -35.297468], [149.350136, -35.297382], [149.350179, -35.297279], [149.350285, -35.297119], [149.350363, -35.296982], [149.350405, -35.296857], [149.350435, -35.296645], [149.350423, -35.296496], [149.350431, -35.296307], [149.350343, -35.296014], [149.350241, -35.295676], [149.350097, -35.295326], [149.349932, -35.295021], [149.349774, -35.294757], [149.34965, -35.294613], [149.34958, -35.294567], [149.349441, -35.294503], [149.349295, -35.294508], [149.349113, -35.294512], [149.348931, -35.294517], [149.348737, -35.294424], [149.348605, -35.294309], [149.348453, -35.294107], [149.34828, -35.29386], [149.34817, -35.293699], [149.348122, -35.293619], [149.348109, -35.293527], [149.34811, -35.293447], [149.348215, -35.29331], [149.348328, -35.29319], [149.34842, -35.293059], [149.348526, -35.292917], [149.348632, -35.292728], [149.348662, -35.292579], [149.348712, -35.292414], [149.348692, -35.29227], [149.348659, -35.29215], [149.34861, -35.292052], [149.348534, -35.291972], [149.348291, -35.291856], [149.348089, -35.291774], [149.347887, -35.291727], [149.347657, -35.29172], [149.347146, -35.29178], [149.346706, -35.291875], [149.346216, -35.291935], [149.345944, -35.291979], [149.345734, -35.292018], [149.345566, -35.29208], [149.345397, -35.292159], [149.345243, -35.29225], [149.345117, -35.292272], [149.344858, -35.292282], [149.3446, -35.292258], [149.344252, -35.292193], [149.343861, -35.292145], [149.343478, -35.292097], [149.343296, -35.292084], [149.343198, -35.292095], [149.343144, -35.29186], [149.343079, -35.291424], [149.342991, -35.291011], [149.342958, -35.290834], [149.342953, -35.290639], [149.342926, -35.29049], [149.342885, -35.290358], [149.342796, -35.290185], [149.342665, -35.29003], [149.342471, -35.289846], [149.342221, -35.289644], [149.341972, -35.28943], [149.341757, -35.289269], [149.341618, -35.289159], [149.341514, -35.289038], [149.341452, -35.288969], [149.341425, -35.288894], [149.341405, -35.288688], [149.341402, -35.28823], [149.341406, -35.287794], [149.341396, -35.287359], [149.341392, -35.287078], [149.341386, -35.286929], [149.341373, -35.286821], [149.341297, -35.286717], [149.340935, -35.286629], [149.340488, -35.286546], [149.340063, -35.286463], [149.339847, -35.286411], [149.339652, -35.286421], [149.339141, -35.286544], [149.338602, -35.286718], [149.338217, -35.286842], [149.337965, -35.286904], [149.33786, -35.286949], [149.337761, -35.287034], [149.337754, -35.287074], [149.337829, -35.287281], [149.337862, -35.287441], [149.33784, -35.287567], [149.337762, -35.287773], [149.337684, -35.28791], [149.337564, -35.288006], [149.337403, -35.288091], [149.337101, -35.288227], [149.336863, -35.288352], [149.336687, -35.288488], [149.336546, -35.288607], [149.33644, -35.288767], [149.336239, -35.288669], [149.33603, -35.288559], [149.335884, -35.288432], [149.335795, -35.288294], [149.33574, -35.288196], [149.335727, -35.28807], [149.335715, -35.287847], [149.33571, -35.287663], [149.33571, -35.287554], [149.33567, -35.287457], [149.335579, -35.287382], [149.33535, -35.287283], [149.33512, -35.287179], [149.334954, -35.287057], [149.33485, -35.286965], [149.334809, -35.286867], [149.334775, -35.286724], [149.334735, -35.286489], [149.334688, -35.286346], [149.334619, -35.286265], [149.33434, -35.286132], [149.333993, -35.285969], [149.333575, -35.285795], [149.333227, -35.285661], [149.332998, -35.285574], [149.332748, -35.285441], [149.332504, -35.285382], [149.332267, -35.285317], [149.332044, -35.285264], [149.33187, -35.285223], [149.331745, -35.285171], [149.331612, -35.285113], [149.331509, -35.285009], [149.331329, -35.284831], [149.331232, -35.284727], [149.331128, -35.284652], [149.330989, -35.284588], [149.330717, -35.284523], [149.330382, -35.284458], [149.330117, -35.284405], [149.329978, -35.28437], [149.329853, -35.284318], [149.329694, -35.284196], [149.329513, -35.284052], [149.329292, -35.283816], [149.329175, -35.283644], [149.329043, -35.283494], [149.32887, -35.283344], [149.328655, -35.283142], [149.328496, -35.283009], [149.328295, -35.282899], [149.328128, -35.282818], [149.327912, -35.282702], [149.327717, -35.282638], [149.327494, -35.282591], [149.327292, -35.282544], [149.327076, -35.282502], [149.326909, -35.282496], [149.32672, -35.282506], [149.32658, -35.282557], [149.32644, -35.282607], [149.326327, -35.282693], [149.326166, -35.282818], [149.326011, -35.282977], [149.325834, -35.283165], [149.325672, -35.283336], [149.325482, -35.283535], [149.325369, -35.283701], [149.325262, -35.283889], [149.325184, -35.284123], [149.32509, -35.28438], [149.325025, -35.284649], [149.32496, -35.28489], [149.324909, -35.285153], [149.324865, -35.285319], [149.3248, -35.285559], [149.324721, -35.285839], [149.324606, -35.286193], [149.32457, -35.286388], [149.324534, -35.286422], [149.324248, -35.286437], [149.323969, -35.286464], [149.323556, -35.286525], [149.323227, -35.286574], [149.322884, -35.286664], [149.32273, -35.286686], [149.32229, -35.286752], [149.322257, -35.286557], [149.322189, -35.286396], [149.322093, -35.286189], [149.321941, -35.285937], [149.32181, -35.285781], [149.321672, -35.285626], [149.32152, -35.28547], [149.321339, -35.285337], [149.321221, -35.285245], [149.321083, -35.285129], [149.320993, -35.285009], [149.320946, -35.284837], [149.320891, -35.284676], [149.320802, -35.284498], [149.320699, -35.284366], [149.320581, -35.284244], [149.320456, -35.284164], [149.320213, -35.284053], [149.320004, -35.284012], [149.319753, -35.283953], [149.319523, -35.283917], [149.319321, -35.28383], [149.319168, -35.283743], [149.319016, -35.283553], [149.318864, -35.283381], [149.318642, -35.283196], [149.318414, -35.283028], [149.318129, -35.282832], [149.31783, -35.282664], [149.317532, -35.282479], [149.317233, -35.282288], [149.316948, -35.282149], [149.316628, -35.281998], [149.316329, -35.281876], [149.316107, -35.281794], [149.316157, -35.281583], [149.316159, -35.281382], [149.316154, -35.281153], [149.316143, -35.280809], [149.316145, -35.280592], [149.316147, -35.280414], [149.316169, -35.28026], [149.316213, -35.280025], [149.316257, -35.279831], [149.3163, -35.279631], [149.316344, -35.279459], [149.316352, -35.279333], [149.316353, -35.279213], [149.316285, -35.279081], [149.316181, -35.278937], [149.316036, -35.27877], [149.315891, -35.278568], [149.315774, -35.278379], [149.315692, -35.278166], [149.315584, -35.277845], [149.315488, -35.277575], [149.315407, -35.277328], [149.315346, -35.277133], [149.315305, -35.276955], [149.315273, -35.276726], [149.315253, -35.276577], [149.315226, -35.276457], [149.315164, -35.27637], [149.315012, -35.276266], [149.31481, -35.276162], [149.314622, -35.276103], [149.314481, -35.276079], [149.314413, -35.276068], [149.314204, -35.276044], [149.314022, -35.276082], [149.313686, -35.276149], [149.313287, -35.276273], [149.31286, -35.276419], [149.312573, -35.276497], [149.312384, -35.276554], [149.312292, -35.276605], [149.312229, -35.276679], [149.312123, -35.276833], [149.312016, -35.277038], [149.311917, -35.277215], [149.311818, -35.277386], [149.311719, -35.277517], [149.311564, -35.277648], [149.311416, -35.277739], [149.311178, -35.277812], [149.310884, -35.277885], [149.310577, -35.27794], [149.310262, -35.278024], [149.310073, -35.278103], [149.309806, -35.278216], [149.309641, -35.278003], [149.309517, -35.277784], [149.309422, -35.277538], [149.309306, -35.277222], [149.309211, -35.276912], [149.309122, -35.276659], [149.309054, -35.276476], [149.309013, -35.276367], [149.308923, -35.276274], [149.308819, -35.276217], [149.308666, -35.276204], [149.308316, -35.276242], [149.307974, -35.276286], [149.30768, -35.276341], [149.307365, -35.276408], [149.30717, -35.276424], [149.30696, -35.276446], [149.3068, -35.276422], [149.306695, -35.276387], [149.30657, -35.276334], [149.306459, -35.276259], [149.306209, -35.276074], [149.306029, -35.275953], [149.305807, -35.27578], [149.305662, -35.275641], [149.305544, -35.27552], [149.305475, -35.275422], [149.305455, -35.275291], [149.305542, -35.275039], [149.305669, -35.274885], [149.305789, -35.274743], [149.305902, -35.274589], [149.306001, -35.274446], [149.306065, -35.274332], [149.306059, -35.274218], [149.306018, -35.27412], [149.305907, -35.274062], [149.305746, -35.274032], [149.305558, -35.274014], [149.305349, -35.273961], [149.30523, -35.273949], [149.305063, -35.273902], [149.304945, -35.273821], [149.304793, -35.273723], [149.304667, -35.273659], [149.304424, -35.273583], [149.304187, -35.27353], [149.303971, -35.273494], [149.303803, -35.273505], [149.303656, -35.273532], [149.30346, -35.273577], [149.303271, -35.273685], [149.303032, -35.273827], [149.3028, -35.274003], [149.30266, -35.274122], [149.302423, -35.274006], [149.302257, -35.273907], [149.302174, -35.273827], [149.302119, -35.273752], [149.302105, -35.273689], [149.302106, -35.273569], [149.302121, -35.273449], [149.302101, -35.273328], [149.302005, -35.273167], [149.301908, -35.273092], [149.301755, -35.273011], [149.301581, -35.272947], [149.301358, -35.272911], [149.301016, -35.272897], [149.300793, -35.272845], [149.30057, -35.272774], [149.300264, -35.272669], [149.299909, -35.272564], [149.299617, -35.272488], [149.299324, -35.272429], [149.299135, -35.272427], [149.298996, -35.272427], [149.298758, -35.272459], [149.298492, -35.272509], [149.298164, -35.272587], [149.29773, -35.272694], [149.297359, -35.272754], [149.297002, -35.272827], [149.296843, -35.272745], [149.296648, -35.272698], [149.296299, -35.272662], [149.296124, -35.272661], [149.295935, -35.272717], [149.295697, -35.272847], [149.295479, -35.272977], [149.295206, -35.273107], [149.294834, -35.273277], [149.294518, -35.273452], [149.294224, -35.273617], [149.293922, -35.273781], [149.293634, -35.27394], [149.293326, -35.274059], [149.293032, -35.274154], [149.292738, -35.274175], [149.292494, -35.274185], [149.292214, -35.274183], [149.291942, -35.27417], [149.291642, -35.274191], [149.291362, -35.27423], [149.291159, -35.274291], [149.290949, -35.274382], [149.290655, -35.274552], [149.290367, -35.274722], [149.290093, -35.274926], [149.289811, -35.275159], [149.289621, -35.275318], [149.28946, -35.275478], [149.28936, -35.27562], [149.28931, -35.275757], [149.28924, -35.27578], [149.289108, -35.275785], [149.288768, -35.275479], [149.288443, -35.275162], [149.288139, -35.274851], [149.287932, -35.274614], [149.287807, -35.274459], [149.287656, -35.274258], [149.287553, -35.274079], [149.287491, -35.273987], [149.287443, -35.27381], [149.287404, -35.273586], [149.287391, -35.273425], [149.287358, -35.273276], [149.287269, -35.273098], [149.287165, -35.27296], [149.287068, -35.272856], [149.286854, -35.272672], [149.2865, -35.272406], [149.286146, -35.272169], [149.285869, -35.27199], [149.285723, -35.271903], [149.285466, -35.271775], [149.285159, -35.271733], [149.284908, -35.271748], [149.284628, -35.271775], [149.284265, -35.271796], [149.283866, -35.271868], [149.283453, -35.271968], [149.283153, -35.272007], [149.282971, -35.272005], [149.282895, -35.271942], [149.282492, -35.271722], [149.282076, -35.271438], [149.281764, -35.271207], [149.281611, -35.271126], [149.2815, -35.271085], [149.281319, -35.271044], [149.281123, -35.271031], [149.280865, -35.27103], [149.280593, -35.271033], [149.280377, -35.271009], [149.28021, -35.27098], [149.280098, -35.270939], [149.279973, -35.270852], [149.279821, -35.270759], [149.279681, -35.270718], [149.279472, -35.270705], [149.279144, -35.270715], [149.278746, -35.270741], [149.278438, -35.270785], [149.278137, -35.270852], [149.277773, -35.270952], [149.277528, -35.271042], [149.277297, -35.271133], [149.277163, -35.271235], [149.277092, -35.27136], [149.276964, -35.271617], [149.276835, -35.271949], [149.276664, -35.272326], [149.2765, -35.272674], [149.276421, -35.272885], [149.276343, -35.273057], [149.276223, -35.27317], [149.276068, -35.273301], [149.275941, -35.273403], [149.275794, -35.273534], [149.275715, -35.273717], [149.275721, -35.273849], [149.275692, -35.273969], [149.275642, -35.274066], [149.275571, -35.274168], [149.275416, -35.274311], [149.275366, -35.274505], [149.27532, -35.274843], [149.275055, -35.274824], [149.274742, -35.274747], [149.274477, -35.27466], [149.274248, -35.274555], [149.27404, -35.274433], [149.273859, -35.274312], [149.273659, -35.274116], [149.273528, -35.273961], [149.273369, -35.273782], [149.27321, -35.273643], [149.273008, -35.273482], [149.272814, -35.27336], [149.272564, -35.273244], [149.272369, -35.27318], [149.272195, -35.27311], [149.272105, -35.273029], [149.2721, -35.272829], [149.272171, -35.272692], [149.272271, -35.27252], [149.272335, -35.272355], [149.272407, -35.272143], [149.272415, -35.272], [149.272396, -35.271863], [149.272334, -35.271708], [149.272217, -35.271529], [149.272073, -35.271299], [149.271991, -35.271144], [149.27195, -35.270983], [149.271911, -35.270765], [149.271934, -35.270519], [149.272006, -35.270233], [149.272085, -35.27001], [149.272213, -35.269851], [149.272395, -35.26972], [149.272522, -35.269572], [149.27258, -35.269412], [149.272595, -35.269235], [149.272579, -35.268817], [149.272617, -35.268445], [149.272633, -35.268233], [149.272628, -35.267992], [149.272603, -35.267728], [149.272584, -35.267557], [149.272495, -35.267361], [149.272406, -35.267155], [149.272393, -35.267074], [149.272471, -35.266897], [149.272591, -35.266772], [149.272781, -35.266682], [149.272998, -35.266608], [149.273159, -35.266547], [149.27337, -35.266325], [149.273555, -35.266062], [149.273654, -35.265885], [149.273683, -35.265737], [149.273664, -35.265536], [149.273653, -35.265227], [149.273643, -35.264826], [149.273612, -35.264453], [149.273494, -35.264338], [149.273432, -35.264234], [149.273398, -35.264125], [149.273427, -35.264034], [149.273505, -35.263931], [149.273646, -35.26376], [149.273717, -35.263646], [149.273753, -35.263543], [149.27374, -35.263406], [149.273658, -35.263239], [149.273548, -35.263107], [149.273395, -35.262985], [149.273222, -35.262887], [149.273013, -35.262794], [149.27284, -35.26273], [149.272739, -35.262317], [149.272651, -35.26203], [149.272638, -35.261927], [149.272681, -35.261801], [149.272801, -35.261613], [149.272879, -35.261481], [149.272916, -35.261344], [149.272933, -35.261035], [149.272921, -35.26076], [149.272923, -35.2606], [149.272966, -35.260468], [149.273037, -35.260325], [149.273101, -35.260217], [149.273165, -35.260034], [149.273216, -35.259851], [149.273218, -35.259685], [149.273199, -35.259485], [149.273151, -35.25933], [149.27302, -35.259208], [149.272762, -35.259178], [149.272371, -35.25913], [149.272113, -35.259105], [149.271785, -35.259092], [149.271443, -35.259112], [149.271101, -35.259144], [149.270877, -35.25916], [149.270674, -35.259182], [149.270556, -35.259141], [149.270334, -35.259036], [149.270097, -35.258966], [149.269895, -35.258919], [149.269665, -35.258894], [149.26947, -35.258916], [149.269168, -35.259012], [149.268896, -35.25909], [149.268623, -35.259168], [149.268307, -35.259269], [149.268076, -35.259331], [149.267867, -35.259364], [149.267629, -35.259385], [149.267399, -35.259378], [149.266813, -35.259277], [149.265698, -35.259098], [149.264493, -35.258903], [149.264325, -35.258877], [149.264081, -35.258841], [149.26365, -35.258758], [149.263315, -35.258698], [149.263217, -35.258698], [149.26316, -35.258774], [149.262825, -35.258673], [149.262804, -35.258669], [149.262599, -35.258315], [149.262198, -35.25762], [149.261409, -35.257229], [149.260172, -35.25764], [149.257415, -35.257258], [149.257406, -35.257257], [149.255379, -35.256348], [149.255341, -35.255382], [149.2539, -35.253643], [149.253011, -35.252233], [149.251202, -35.252241], [149.250653, -35.252243], [149.249992, -35.250736], [149.249651, -35.249357], [149.250101, -35.248444], [149.250324, -35.24799], [149.249429, -35.247186], [149.247233, -35.24653], [149.245803, -35.247382], [149.244266, -35.246414], [149.242736, -35.246123], [149.241867, -35.246362], [149.240608, -35.245814], [149.237943, -35.243574], [149.237298, -35.243298], [149.23489, -35.243422], [149.234373, -35.242794], [149.23455, -35.240472], [149.236185, -35.239744], [149.237043, -35.238912], [149.238483, -35.238351], [149.238425, -35.237913], [149.241242, -35.236758], [149.241518, -35.235035], [149.242765, -35.233639], [149.24297, -35.23287], [149.242939, -35.232138], [149.242741, -35.23167], [149.242934, -35.231333], [149.244808, -35.231374], [149.245953, -35.230718], [149.246317, -35.229871], [149.246794, -35.229153], [149.246125, -35.227982], [149.246112, -35.2279], [149.246009, -35.227267], [149.245889, -35.22713], [149.245531, -35.226725], [149.243261, -35.225469], [149.241738, -35.225375], [149.241288, -35.225347], [149.240728, -35.225049], [149.240031, -35.223443], [149.2399, -35.223141], [149.239751, -35.223028], [149.238697, -35.22223], [149.237105, -35.222366], [149.23651, -35.221564], [149.236366, -35.221526], [149.234392, -35.221006], [149.231715, -35.222005], [149.228775, -35.22169], [149.227037, -35.219847], [149.225799, -35.219315], [149.225793, -35.219315], [149.224278, -35.219369], [149.22351, -35.219138], [149.219988, -35.220709], [149.21848, -35.220347], [149.216323, -35.219828], [149.216116, -35.219778], [149.216003, -35.219752], [149.213784, -35.219608], [149.213779, -35.219613], [149.21306, -35.220277], [149.21305, -35.220287], [149.211949, -35.222124], [149.211798, -35.222534], [149.211059, -35.224536], [149.210839, -35.225131], [149.209762, -35.226493], [149.207251, -35.227865], [149.206865, -35.228076], [149.204985, -35.229103], [149.204901, -35.228817], [149.204559, -35.22765], [149.204278, -35.226692], [149.203278, -35.226152], [149.202455, -35.224628], [149.202973, -35.22367], [149.204327, -35.221162], [149.204423, -35.220984], [149.205027, -35.219865], [149.205118, -35.219488], [149.205612, -35.217448], [149.206098, -35.216271], [149.207351, -35.216081], [149.207552, -35.21605], [149.207623, -35.215871], [149.208505, -35.213576], [149.208702, -35.213061], [149.208517, -35.211514], [149.207192, -35.211854], [149.205894, -35.211569], [149.204225, -35.208955], [149.201941, -35.207286], [149.201738, -35.207138], [149.201714, -35.207121], [149.201202, -35.206747], [149.201006, -35.206603], [149.200961, -35.20657], [149.200671, -35.206358], [149.200686, -35.205874], [149.200695, -35.205592], [149.200707, -35.205211], [149.200715, -35.204957], [149.198517, -35.202904], [149.197761, -35.202568], [149.19639, -35.202411], [149.195651, -35.202455], [149.195426, -35.202468], [149.192389, -35.202537], [149.190315, -35.203112], [149.189541, -35.203326], [149.189944, -35.201793], [149.19022, -35.200742], [149.190189, -35.200129], [149.191111, -35.198984], [149.191496, -35.198506], [149.191331, -35.197104], [149.191328, -35.197083], [149.1907, -35.195439], [149.190631, -35.195257], [149.190286, -35.194354], [149.190695, -35.194048], [149.191893, -35.193752], [149.192202, -35.193639], [149.196528, -35.190852], [149.196496, -35.190609], [149.196469, -35.190422], [149.196422, -35.190089], [149.196901, -35.187419], [149.196885, -35.187169], [149.196841, -35.186051], [149.196871, -35.185944], [149.197035, -35.185371], [149.195458, -35.184551], [149.194406, -35.183027], [149.194297, -35.18287], [149.194254, -35.182823], [149.19313, -35.181621], [149.192948, -35.181427], [149.192922, -35.181399], [149.192963, -35.180938], [149.192485, -35.180229], [149.192265, -35.179903], [149.191415, -35.179257], [149.188444, -35.178252], [149.185879, -35.177903], [149.184329, -35.176955], [149.18364, -35.175671], [149.18498, -35.173437], [149.184976, -35.173025], [149.184976, -35.172956], [149.185115, -35.172795], [149.187545, -35.169988], [149.188635, -35.167028], [149.189072, -35.165526], [149.185606, -35.161124], [149.18406, -35.161013], [149.183833, -35.160996], [149.183736, -35.160989], [149.183002, -35.160018], [149.179395, -35.158834], [149.177411, -35.159292], [149.176381, -35.158285], [149.174892, -35.158317], [149.174077, -35.158351], [149.173186, -35.159585], [149.172838, -35.158593], [149.171782, -35.158407], [149.171777, -35.15841], [149.171188, -35.158804], [149.170659, -35.159679], [149.169463, -35.160219], [149.167577, -35.159755], [149.167625, -35.158243], [149.166846, -35.157559], [149.16531, -35.156753], [149.165255, -35.156624], [149.164683, -35.155282], [149.164128, -35.154653], [149.163729, -35.154546], [149.162636, -35.154253], [149.162429, -35.153767], [149.163254, -35.152836], [149.163373, -35.151892], [149.163384, -35.151723], [149.163387, -35.151671], [149.163392, -35.151585], [149.164678, -35.150853], [149.16506, -35.150112], [149.165065, -35.150102], [149.164205, -35.149555], [149.16443, -35.148753], [149.164116, -35.148299], [149.163279, -35.147092], [149.163194, -35.146971], [149.163206, -35.146912], [149.163378, -35.146008], [149.163995, -35.145359], [149.164421, -35.14411], [149.164879, -35.14373], [149.164312, -35.142049], [149.16335, -35.141989], [149.161934, -35.141765], [149.161015, -35.142077], [149.159194, -35.141711], [149.158186, -35.142263], [149.15757, -35.143107], [149.15753, -35.143426], [149.157508, -35.143607], [149.157443, -35.144132], [149.155786, -35.14463], [149.15472, -35.144616], [149.153928, -35.143955], [149.152667, -35.143976], [149.152036, -35.144613], [149.150698, -35.144698], [149.15006, -35.145473], [149.148861, -35.145402], [149.148434, -35.145106], [149.147826, -35.145142], [149.14773, -35.145148], [149.146774, -35.144859], [149.146512, -35.144058], [149.147378, -35.143002], [149.148312, -35.142545], [149.148422, -35.142491], [149.148721, -35.142345], [149.149297, -35.142063], [149.149367, -35.141687], [149.149766, -35.139525], [149.149658, -35.138818], [149.149636, -35.138672], [149.148264, -35.137388], [149.147469, -35.137351], [149.145874, -35.136153], [149.146003, -35.135449], [149.145078, -35.134695], [149.14496, -35.134599], [149.14487, -35.134668], [149.144261, -35.13514], [149.144003, -35.135339], [149.143161, -35.13599], [149.141334, -35.13583], [149.1405, -35.136296], [149.139792, -35.135416], [149.138599, -35.13526], [149.138678, -35.132883], [149.139965, -35.130835], [149.138641, -35.129454], [149.138818, -35.128469], [149.136821, -35.127816], [149.133594, -35.128601], [149.131697, -35.129063], [149.129565, -35.127672], [149.128758, -35.128024], [149.128082, -35.126594], [149.126855, -35.126392], [149.126866, -35.12617], [149.12688, -35.125871], [149.125672, -35.125347], [149.125244, -35.125296], [149.123169, -35.125046], [149.122059, -35.124788], [149.120901, -35.12452], [149.120436, -35.124866], [149.120229, -35.125021], [149.118102, -35.126606], [149.116846, -35.126243], [149.116241, -35.126537], [149.11548, -35.126282], [149.113165, -35.127668], [149.112673, -35.127728], [149.112587, -35.127739], [149.112531, -35.127826], [149.112378, -35.128068], [149.111148, -35.130004], [149.111079, -35.130291], [149.109917, -35.130712], [149.109724, -35.131148], [149.108286, -35.131166], [149.106853, -35.131184], [149.105023, -35.132015], [149.104328, -35.132331], [149.103364, -35.13333], [149.102863, -35.135232], [149.099468, -35.136299], [149.099244, -35.136369], [149.098046, -35.136745], [149.096553, -35.137969], [149.096203, -35.138049], [149.095288, -35.138258], [149.093152, -35.138739], [149.092217, -35.140663], [149.091917, -35.141445], [149.091338, -35.142086], [149.077739, -35.150112], [149.072174, -35.153396], [149.069825, -35.154783], [149.06584, -35.157136], [149.06263, -35.15903], [149.062497, -35.159109], [149.062407, -35.159162], [149.061933, -35.159442], [149.061698, -35.15958], [149.061129, -35.159915], [149.058654, -35.161376], [149.058617, -35.161398], [149.057963, -35.161784], [149.056884, -35.16242], [149.050323, -35.166289], [149.046208, -35.168715], [149.046012, -35.168831], [149.042023, -35.171183], [149.041759, -35.171339], [149.029682, -35.178456], [149.028761, -35.178999], [149.0251, -35.181157], [149.016974, -35.185946], [149.008463, -35.19096], [149.008192, -35.19112], [149.007939, -35.191269], [149.007104, -35.191761], [149.006489, -35.192123], [149.001205, -35.195229], [149.001109, -35.195286], [148.99254, -35.200333], [148.9916, -35.200886], [148.991508, -35.20094], [148.991401, -35.201003], [148.990529, -35.201517], [148.987251, -35.203446], [148.983136, -35.205868], [148.982968, -35.205967], [148.982865, -35.206028], [148.976126, -35.209994], [148.973996, -35.211248], [148.966282, -35.215787], [148.963428, -35.217466], [148.961994, -35.218309], [148.961487, -35.218607], [148.962627, -35.220773], [148.963268, -35.221858], [148.964197, -35.222941], [148.965212, -35.224189], [148.965842, -35.22501], [148.966743, -35.226315], [148.967297, -35.227175], [148.967426, -35.227811], [148.967879, -35.228974], [148.968471, -35.230348], [148.969128, -35.231515], [148.969892, -35.232233], [148.970602, -35.233074], [148.971134, -35.23357], [148.971989, -35.233981], [148.972983, -35.234583], [148.973664, -35.235193], [148.97446, -35.236117], [148.974787, -35.236635], [148.97526, -35.23733], [148.975953, -35.237826], [148.97638, -35.238312], [148.97632, -35.238845], [148.975889, -35.239404], [148.974912, -35.240372], [148.974441, -35.240671], [148.973268, -35.241324], [148.971668, -35.241709], [148.970673, -35.24165], [148.968784, -35.241635], [148.968015, -35.241678], [148.967644, -35.241896], [148.967202, -35.242332], [148.966946, -35.242655], [148.966238, -35.242976], [148.965402, -35.243221], [148.964475, -35.243466], [148.96364, -35.243587], [148.963083, -35.243766], [148.962387, -35.243955], [148.96198, -35.24421], [148.961736, -35.244523], [148.961491, -35.244846], [148.961398, -35.245103], [148.961408, -35.245493], [148.96166, -35.246026], [148.961856, -35.246311], [148.962157, -35.246474], [148.962677, -35.246694], [148.96336, -35.246943], [148.964421, -35.247158], [148.965324, -35.247369], [148.965961, -35.247495], [148.966308, -35.247619], [148.966689, -35.247858], [148.96721, -35.248049], [148.968008, -35.248356], [148.968316, -35.248447], [148.968737, -35.248514], [148.96919, -35.248696], [148.969549, -35.249041], [148.970397, -35.249864], [148.970469, -35.250066], [148.970942, -35.25072], [148.971258, -35.251642], [148.97152, -35.252139], [148.972135, -35.252832], [148.972407, -35.253239], [148.972687, -35.253731], [148.972862, -35.254155], [148.972664, -35.254463], [148.972439, -35.254683], [148.972458, -35.254972], [148.972603, -35.255397], [148.972765, -35.255769], [148.973115, -35.256006], [148.973465, -35.256073], [148.97393, -35.25608], [148.974373, -35.25597], [148.975615, -35.255383], [148.976566, -35.255262], [148.97733, -35.255211], [148.977855, -35.255685], [148.978286, -35.256203], [148.978326, -35.256912], [148.978105, -35.257406], [148.978002, -35.257994], [148.978176, -35.258385], [148.979026, -35.259292], [148.97958, -35.2594], [148.980151, -35.259323], [148.980729, -35.259129], [148.9812, -35.259014], [148.98161, -35.259031], [148.981841, -35.259315], [148.981926, -35.259874], [148.982148, -35.260291], [148.982482, -35.26058], [148.983263, -35.260933], [148.984202, -35.261083], [148.985197, -35.261246], [148.985823, -35.26149], [148.986591, -35.261934], [148.987075, -35.262241], [148.987397, -35.262446], [148.987749, -35.262592], [148.988121, -35.262481], [148.988511, -35.262273], [148.988774, -35.262036], [148.989028, -35.261787], [148.98938, -35.261518], [148.990019, -35.261379], [148.990594, -35.261381], [148.991218, -35.26148], [148.991638, -35.261566], [148.992024, -35.261839], [148.992225, -35.262106], [148.99233, -35.262459], [148.992625, -35.262429], [148.993063, -35.262369], [148.993915, -35.262417], [148.994268, -35.262673], [148.994649, -35.262921], [148.994994, -35.262934], [148.995477, -35.26284], [148.995595, -35.26259], [148.995838, -35.262434], [148.996105, -35.262189], [148.996084, -35.261969], [148.99606, -35.261508], [148.996092, -35.260936], [148.996253, -35.260364], [148.996247, -35.259631], [148.996408, -35.259125], [148.996619, -35.258548], [148.996583, -35.258334], [148.996813, -35.258217], [148.997193, -35.25827], [148.997884, -35.258435], [148.99866, -35.258684], [148.998954, -35.258817], [148.999153, -35.258975], [148.999689, -35.259236], [149.000609, -35.259864], [149.000781, -35.260121], [149.001206, -35.260502], [149.001331, -35.260618], [149.001832, -35.261253], [149.002172, -35.261975], [149.002274, -35.262244], [149.002375, -35.262743], [149.002602, -35.263404], [149.002754, -35.263998], [149.002975, -35.26462], [149.003269, -35.265295], [149.003659, -35.266426], [149.003617, -35.266967], [149.003691, -35.267694], [149.003596, -35.268226], [149.003607, -35.268747], [149.003964, -35.269149], [149.004343, -35.269453], [149.004589, -35.269817], [149.005108, -35.270262], [149.005681, -35.270712], [149.006271, -35.271184], [149.006535, -35.271401], [149.006735, -35.271662], [149.007033, -35.271947], [149.007398, -35.272187], [149.007851, -35.272234], [149.008514, -35.272155], [149.00916, -35.272052], [149.009666, -35.272045], [149.01023, -35.271931], [149.010631, -35.27188], [149.011213, -35.271859], [149.01201, -35.271797], [149.012781, -35.271828], [149.0135, -35.271961], [149.014184, -35.271869], [149.015093, -35.271761], [149.015783, -35.27163], [149.01617, -35.271654], [149.016573, -35.271741], [149.017285, -35.272022], [149.017955, -35.272484], [149.018266, -35.273141], [149.018364, -35.27399], [149.018283, -35.2755], [149.018178, -35.276232], [149.017958, -35.276779], [149.017719, -35.277517], [149.017562, -35.27811], [149.017589, -35.278565], [149.017695, -35.279264], [149.018262, -35.2798], [149.018798, -35.280078], [149.019504, -35.280316], [149.020008, -35.280391], [149.021044, -35.280364], [149.021884, -35.280222], [149.022656, -35.279805], [149.023396, -35.279165], [149.024022, -35.278833], [149.024518, -35.278642], [149.025503, -35.278526], [149.026144, -35.278519], [149.02663, -35.278606], [149.027003, -35.278727], [149.027331, -35.278788], [149.027699, -35.278907], [149.027965, -35.279111], [149.028195, -35.279458], [149.02832, -35.27994], [149.028333, -35.280236], [149.028232, -35.280708], [149.028139, -35.281009], [149.027904, -35.281427], [149.027616, -35.281816], [149.027455, -35.28227], [149.027101, -35.282855], [149.026805, -35.283462], [149.026713, -35.283674], [149.026727, -35.284028], [149.026793, -35.284149], [149.026842, -35.284452], [149.026872, -35.284699], [149.027065, -35.284966], [149.027277, -35.285024], [149.027457, -35.285244], [149.027548, -35.28541], [149.027709, -35.285872], [149.027929, -35.286427], [149.028758, -35.287689], [149.029092, -35.288283], [149.029558, -35.289288], [149.029622, -35.289538], [149.029814, -35.289758], [149.030107, -35.289897], [149.030302, -35.2899], [149.030609, -35.290094], [149.031259, -35.290358], [149.031551, -35.290345], [149.031997, -35.290229], [149.032387, -35.290022], [149.032768, -35.289769], [149.033149, -35.289487], [149.033398, -35.289187], [149.033655, -35.288925], [149.033696, -35.288819], [149.033682, -35.288695], [149.033507, -35.288229], [149.033367, -35.288069], [149.033271, -35.287882], [149.033172, -35.287579], [149.033203, -35.287344], [149.033348, -35.286945], [149.033454, -35.286462], [149.033612, -35.286275], [149.034849, -35.286455], [149.035281, -35.28582], [149.036208, -35.285265], [149.037554, -35.285513], [149.037847, -35.286042], [149.038046, -35.287013], [149.038211, -35.287006], [149.038079, -35.286337], [149.038078, -35.286328], [149.038077, -35.286322], [149.038076, -35.286316], [149.038076, -35.28631], [149.038075, -35.286295], [149.038076, -35.286283], [149.038078, -35.286268], [149.038081, -35.28625], [149.038084, -35.286241], [149.038089, -35.286224], [149.038094, -35.286213], [149.038101, -35.286199], [149.038109, -35.286185], [149.038112, -35.28618], [149.038121, -35.286167], [149.038134, -35.286152], [149.038137, -35.286148], [149.038154, -35.286131], [149.03816, -35.286126], [149.038164, -35.286122], [149.038172, -35.286116], [149.038188, -35.286105], [149.038197, -35.286099], [149.038205, -35.286094], [149.038215, -35.286089], [149.038224, -35.286084], [149.038234, -35.28608], [149.038243, -35.286076], [149.038253, -35.286072], [149.038263, -35.286068], [149.038274, -35.286065], [149.038284, -35.286062], [149.038294, -35.286059], [149.038305, -35.286057], [149.038317, -35.286055], [149.038327, -35.286053], [149.038338, -35.286052], [149.038348, -35.286051], [149.03836, -35.28605], [149.03837, -35.28605], [149.038381, -35.28605], [149.038392, -35.28605], [149.038403, -35.286051], [149.038414, -35.286052], [149.038425, -35.286053], [149.038436, -35.286054], [149.038447, -35.286056], [149.038457, -35.286059], [149.038468, -35.286061], [149.038478, -35.286064], [149.038489, -35.286067], [149.038499, -35.28607], [149.038505, -35.286072], [149.038514, -35.286076], [149.03852, -35.286078], [149.03853, -35.286082], [149.038539, -35.286085], [149.038548, -35.28609], [149.038558, -35.286094], [149.038567, -35.286099], [149.038577, -35.286103], [149.038586, -35.286108], [149.038595, -35.286113], [149.038604, -35.286118], [149.038613, -35.286124], [149.038622, -35.286129], [149.038631, -35.286134], [149.038636, -35.286138], [149.038647, -35.286146], [149.038656, -35.286152], [149.038664, -35.286158], [149.038673, -35.286165], [149.03868, -35.286172], [149.038688, -35.286178], [149.039004, -35.286454], [149.039012, -35.286461], [149.03902, -35.286467], [149.03903, -35.286473], [149.039039, -35.286478], [149.039047, -35.286482], [149.039057, -35.286487], [149.039066, -35.286491], [149.039077, -35.286494], [149.039078, -35.286495], [149.039087, -35.286497], [149.039097, -35.2865], [149.039108, -35.286502], [149.03912, -35.286504], [149.03913, -35.286505], [149.039141, -35.286505], [149.039152, -35.286505], [149.039164, -35.286505], [149.039175, -35.286504], [149.039186, -35.286503], [149.039197, -35.286501], [149.039207, -35.286498], [149.039218, -35.286495], [149.039227, -35.286492], [149.039237, -35.286489], [149.039246, -35.286484], [149.039256, -35.28648], [149.039265, -35.286475], [149.039376, -35.286402], [149.03963, -35.2862], [149.039744, -35.28631], [149.039897, -35.286704], [149.04018, -35.287212], [149.040297, -35.287626], [149.040398, -35.288048], [149.040522, -35.288582], [149.040596, -35.289169], [149.040614, -35.289794], [149.040634, -35.290269], [149.04088, -35.290511], [149.040947, -35.291048], [149.041154, -35.291796], [149.041609, -35.292847], [149.042067, -35.293373], [149.04306, -35.294034], [149.043661, -35.294833], [149.044659, -35.2957], [149.045637, -35.296417], [149.046107, -35.296865], [149.046417, -35.297169], [149.047034, -35.297919], [149.048269, -35.298783], [149.049362, -35.299339], [149.050325, -35.299745], [149.050776, -35.299911], [149.052324, -35.300229], [149.053089, -35.30033], [149.053465, -35.300479], [149.053381, -35.301155], [149.052961, -35.301616], [149.052187, -35.302077], [149.050618, -35.302625], [149.049803, -35.302745], [149.048087, -35.303291], [149.047296, -35.303299], [149.046873, -35.303257], [149.046177, -35.303622], [149.045258, -35.304162], [149.044147, -35.304724], [149.044019, -35.304925], [149.042924, -35.305535], [149.042049, -35.305629], [149.041609, -35.305901], [149.041184, -35.305887], [149.040738, -35.306095], [149.03988, -35.306326], [149.039037, -35.30666], [149.03795, -35.306951], [149.037515, -35.307273], [149.037407, -35.307567], [149.037485, -35.308237], [149.03742, -35.308784], [149.037634, -35.308979], [149.037884, -35.309201], [149.038324, -35.309388], [149.039635, -35.309587], [149.040725, -35.309222], [149.041937, -35.308743], [149.042841, -35.308455], [149.043676, -35.308119], [149.044289, -35.308124], [149.045154, -35.308289], [149.045506, -35.308455], [149.045874, -35.308628], [149.046513, -35.30897], [149.047172, -35.309154], [149.047427, -35.309403], [149.047769, -35.30981], [149.04823, -35.310689], [149.048205, -35.310927], [149.048201, -35.310946], [149.0482, -35.310951], [149.04806, -35.311654], [149.047786, -35.311799], [149.047365, -35.312621], [149.047063, -35.313268], [149.047046, -35.313445], [149.046829, -35.313796], [149.046419, -35.314129], [149.046189, -35.31422], [149.046111, -35.314313], [149.045999, -35.314838], [149.046242, -35.315187], [149.046246, -35.315534], [149.046315, -35.315994], [149.046477, -35.316428], [149.046464, -35.317106], [149.046424, -35.317897], [149.04685, -35.318541], [149.047073, -35.318732], [149.047492, -35.318896], [149.047914, -35.318939], [149.048228, -35.318974], [149.04851, -35.318942], [149.048839, -35.31884], [149.049178, -35.318783], [149.049389, -35.318705], [149.0499, -35.318411], [149.050547, -35.318303], [149.05127, -35.318082], [149.051544, -35.317947], [149.052427, -35.317789], [149.052999, -35.317769], [149.053555, -35.317535], [149.054148, -35.317445], [149.054771, -35.317328], [149.055347, -35.317237], [149.055987, -35.317102], [149.05673, -35.316848], [149.057444, -35.316299], [149.057528, -35.316068], [149.057618, -35.315733], [149.057865, -35.315522], [149.058135, -35.315381], [149.058612, -35.315128], [149.059226, -35.31494], [149.060139, -35.314599], [149.060776, -35.314396], [149.061914, -35.313971], [149.062609, -35.313764], [149.063006, -35.313568], [149.063364, -35.313374], [149.063622, -35.313229], [149.064064, -35.312982], [149.064864, -35.312425], [149.065725, -35.311944], [149.066463, -35.311532], [149.06675, -35.311377], [149.067052, -35.311159], [149.067325, -35.311004], [149.067412, -35.310946], [149.067874, -35.310592], [149.068072, -35.310417], [149.068313, -35.310226], [149.068524, -35.310042], [149.068844, -35.309822], [149.069091, -35.30963], [149.069422, -35.309371], [149.069729, -35.309094], [149.07008, -35.308677], [149.070518, -35.307913], [149.070596, -35.307689], [149.070677, -35.30753], [149.070785, -35.307153], [149.070901, -35.306781], [149.070975, -35.306406], [149.071029, -35.306166], [149.071041, -35.305827], [149.071091, -35.305509], [149.071142, -35.305178], [149.071138, -35.304944], [149.071105, -35.304501], [149.071075, -35.304238], [149.070886, -35.303782], [149.070799, -35.302781], [149.070839, -35.302516], [149.070949, -35.301911], [149.071222, -35.301159], [149.071507, -35.300501], [149.071936, -35.299751], [149.072067, -35.299563], [149.071559, -35.299304], [149.071235, -35.299138], [149.071282, -35.29906], [149.071437, -35.298784], [149.071396, -35.298723], [149.071225, -35.298619], [149.071137, -35.298474], [149.07108, -35.298352], [149.071112, -35.298237], [149.071301, -35.298187], [149.071583, -35.298197], [149.071811, -35.298154], [149.071935, -35.298138], [149.07222, -35.298136], [149.072285, -35.298128], [149.072417, -35.298002], [149.072442, -35.297949], [149.072446, -35.297705], [149.072263, -35.297356], [149.07224, -35.297339], [149.072109, -35.297212], [149.07208, -35.297128], [149.07211, -35.297005], [149.072229, -35.296943], [149.072279, -35.296921], [149.072444, -35.296879], [149.072658, -35.296884], [149.072874, -35.296958], [149.072957, -35.297027], [149.073019, -35.297044], [149.073328, -35.297092], [149.073575, -35.297051], [149.073835, -35.296916], [149.07421, -35.296739], [149.074574, -35.296463], [149.075024, -35.296192], [149.07541, -35.295955], [149.075709, -35.295663], [149.075824, -35.295451], [149.076154, -35.29489], [149.07619, -35.294841], [149.076404, -35.294743], [149.07663, -35.294734], [149.077046, -35.294573], [149.077135, -35.294512], [149.077347, -35.294268], [149.07747, -35.29403], [149.077594, -35.2938], [149.077725, -35.293722], [149.078219, -35.293545], [149.078611, -35.293484], [149.078808, -35.293507], [149.079071, -35.293706], [149.079096, -35.293794], [149.078962, -35.294277], [149.078978, -35.29434], [149.079052, -35.294422], [149.079027, -35.2945], [149.078958, -35.294529], [149.078937, -35.29457], [149.078775, -35.294977], [149.078485, -35.295054], [149.078373, -35.295067], [149.078368, -35.295149], [149.078424, -35.295177], [149.07856, -35.295213], [149.07872, -35.295375], [149.078739, -35.295523], [149.078667, -35.296101], [149.078809, -35.296326], [149.079098, -35.296531], [149.079363, -35.296742], [149.079361, -35.296859], [149.079269, -35.297167], [149.079295, -35.297269], [149.079341, -35.297339], [149.079562, -35.297493], [149.079951, -35.297634], [149.080373, -35.297707], [149.080579, -35.297713], [149.081045, -35.297771], [149.081255, -35.297778], [149.081356, -35.297749], [149.081659, -35.297604], [149.082306, -35.297412], [149.082642, -35.297279], [149.082904, -35.297169], [149.083095, -35.296974], [149.08362, -35.296229], [149.084084, -35.2956], [149.084165, -35.295478], [149.084499, -35.294849], [149.084543, -35.294663], [149.084529, -35.294277], [149.084391, -35.293907], [149.084434, -35.293642], [149.084389, -35.293537], [149.084301, -35.293423], [149.084127, -35.292818], [149.084175, -35.292714], [149.084524, -35.292399], [149.084597, -35.291971], [149.084664, -35.291689], [149.08499, -35.291369], [149.085209, -35.291204], [149.085478, -35.291117], [149.085687, -35.291053], [149.085784, -35.29099], [149.085848, -35.290925], [149.086, -35.290506], [149.086068, -35.290387], [149.085988, -35.290324], [149.085945, -35.290312], [149.085846, -35.290248], [149.085467, -35.290081], [149.085218, -35.290037], [149.084953, -35.289995], [149.084904, -35.289927], [149.084901, -35.289853], [149.084922, -35.289814], [149.085201, -35.289617], [149.085529, -35.289416], [149.085565, -35.289374], [149.085667, -35.289049], [149.085661, -35.288998], [149.085653, -35.288809], [149.085768, -35.288551], [149.086034, -35.28826], [149.086229, -35.288087], [149.086564, -35.287849], [149.086674, -35.287744], [149.086912, -35.287352], [149.087008, -35.287289], [149.087338, -35.287351], [149.087448, -35.287374], [149.087859, -35.287558], [149.088021, -35.287593], [149.088278, -35.287643], [149.088584, -35.287656], [149.088786, -35.287717], [149.088896, -35.287691], [149.088924, -35.287606], [149.088898, -35.28756], [149.088674, -35.287259], [149.08863, -35.287237], [149.088609, -35.287212], [149.088453, -35.286875], [149.088322, -35.286744], [149.088123, -35.286577], [149.088015, -35.286555], [149.087935, -35.286426], [149.087659, -35.286036], [149.087582, -35.285939], [149.087419, -35.285818], [149.087464, -35.285786], [149.087733, -35.285856], [149.087947, -35.285816], [149.088047, -35.285772], [149.088543, -35.285578], [149.088584, -35.28555], [149.0886, -35.285521], [149.088547, -35.285289], [149.088931, -35.285315], [149.089315, -35.285377], [149.089413, -35.285535], [149.089461, -35.285579], [149.089701, -35.28565], [149.090014, -35.285718], [149.090077, -35.285763], [149.090173, -35.285765], [149.090178, -35.285822], [149.090552, -35.286163], [149.090841, -35.286212], [149.091292, -35.28613], [149.091776, -35.286175], [149.092169, -35.28617], [149.09227, -35.286144], [149.092413, -35.28592], [149.092426, -35.285871], [149.092476, -35.285833], [149.092716, -35.28581], [149.09324, -35.285761], [149.093805, -35.285691], [149.095102, -35.285501], [149.097914, -35.285359], [149.098782, -35.285436], [149.099101, -35.285503], [149.099354, -35.285595], [149.099531, -35.286073], [149.09969, -35.286211], [149.100024, -35.286983], [149.099803, -35.288092], [149.099668, -35.288397], [149.099668, -35.288685], [149.099439, -35.289061], [149.099352, -35.289124], [149.099324, -35.289219], [149.099072, -35.290007], [149.099073, -35.290266], [149.099495, -35.290825], [149.099612, -35.291148], [149.099543, -35.291521], [149.099288, -35.291761], [149.099078, -35.291815], [149.098835, -35.291779], [149.098606, -35.291637], [149.098453, -35.291664], [149.098202, -35.291792], [149.098534, -35.292245], [149.098981, -35.292477], [149.099165, -35.292556], [149.099199, -35.292601], [149.099211, -35.292957], [149.099415, -35.293227], [149.099486, -35.293754], [149.099766, -35.293788], [149.099897, -35.29384], [149.099983, -35.294064], [149.100269, -35.294228], [149.100399, -35.294215], [149.100923, -35.294318], [149.101197, -35.294348], [149.10143, -35.294393], [149.101498, -35.294379], [149.101633, -35.294172], [149.101868, -35.293982], [149.101915, -35.293866], [149.101876, -35.293594], [149.10189, -35.293533], [149.102165, -35.293226], [149.102266, -35.292577], [149.102128, -35.292157], [149.102361, -35.291423], [149.101981, -35.290658], [149.101682, -35.289791], [149.101493, -35.289437], [149.101479, -35.288959], [149.101591, -35.288499], [149.101823, -35.287918], [149.102328, -35.286871], [149.102504, -35.285981], [149.102783, -35.285469], [149.102949, -35.285323], [149.103028, -35.285127], [149.103272, -35.284888], [149.103431, -35.28477], [149.103771, -35.284581], [149.104097, -35.284538], [149.104222, -35.284537], [149.104338, -35.284469], [149.104424, -35.284474], [149.104846, -35.284194], [149.105026, -35.284142], [149.105121, -35.284095], [149.105298, -35.284117], [149.105356, -35.284201], [149.105658, -35.2843], [149.106039, -35.284354], [149.106415, -35.284286], [149.106746, -35.28428], [149.107088, -35.284293], [149.1073, -35.284257], [149.107359, -35.284224], [149.10741, -35.284179], [149.107505, -35.284212], [149.10774, -35.284023], [149.108427, -35.284083], [149.10885, -35.284136], [149.109367, -35.284247], [149.109598, -35.284333], [149.109843, -35.284251], [149.110398, -35.283624], [149.110213, -35.283362], [149.109788, -35.283069], [149.109667, -35.283011], [149.109652, -35.282952], [149.109851, -35.282876], [149.109908, -35.282811], [149.109974, -35.282718], [149.110045, -35.282729], [149.110122, -35.282877], [149.110129, -35.282954], [149.110279, -35.282967], [149.110505, -35.282814], [149.110552, -35.282754], [149.110686, -35.282391], [149.110837, -35.282209], [149.110887, -35.282167], [149.111008, -35.282084], [149.111228, -35.281908], [149.111344, -35.281867], [149.111396, -35.281786], [149.111668, -35.281653], [149.111806, -35.281642], [149.111993, -35.281561], [149.112043, -35.281537], [149.112156, -35.281492], [149.112444, -35.281377], [149.112566, -35.281353], [149.112756, -35.28126], [149.112985, -35.281211], [149.113345, -35.281086], [149.113598, -35.281028], [149.113963, -35.280904], [149.114216, -35.280776], [149.114332, -35.28068], [149.114382, -35.280637], [149.114529, -35.280739], [149.114513, -35.280753], [149.114276, -35.280948], [149.11401, -35.281068], [149.113708, -35.281173], [149.113311, -35.281286], [149.113245, -35.281314], [149.112672, -35.281583], [149.112428, -35.281703], [149.111939, -35.282123], [149.111868, -35.282168], [149.111622, -35.282391], [149.111552, -35.282509], [149.111524, -35.282531], [149.111387, -35.282642], [149.111204, -35.28296], [149.110958, -35.283399], [149.110859, -35.283573], [149.110803, -35.283771], [149.110812, -35.283849], [149.110308, -35.284531], [149.110306, -35.28462], [149.110343, -35.28471], [149.110421, -35.284789], [149.110707, -35.284882], [149.111627, -35.285379], [149.112661, -35.285933], [149.113076, -35.28627], [149.113448, -35.28671], [149.113659, -35.287958], [149.113729, -35.288658], [149.114071, -35.289275], [149.114443, -35.289674], [149.114796, -35.289915], [149.115118, -35.290105], [149.11543, -35.290229], [149.115849, -35.290486], [149.116182, -35.290792], [149.116521, -35.291332], [149.116768, -35.292025], [149.117293, -35.292735], [149.117323, -35.29278], [149.117644, -35.293094], [149.117708, -35.293138], [149.117849, -35.293163], [149.118208, -35.293383], [149.11826, -35.293478], [149.119164, -35.294026], [149.11986, -35.294437], [149.120113, -35.294506], [149.12042, -35.294552], [149.120901, -35.29448], [149.121184, -35.294328], [149.121296, -35.294232], [149.122051, -35.293428], [149.12226, -35.293009], [149.122232, -35.292501], [149.121995, -35.292267], [149.121769, -35.292197], [149.121615, -35.292197], [149.121381, -35.292184], [149.120624, -35.291802], [149.120474, -35.291598], [149.120044, -35.291428], [149.119733, -35.291308], [149.119495, -35.291177], [149.119243, -35.290989], [149.119155, -35.290646], [149.119173, -35.290416], [149.119115, -35.29014], [149.119074, -35.28862], [149.119547, -35.287854], [149.119936, -35.287473], [149.120249, -35.287287], [149.120669, -35.287157], [149.121248, -35.287045], [149.122323, -35.286738], [149.122723, -35.286602], [149.123281, -35.286524], [149.123471, -35.286498], [149.123658, -35.286497], [149.124098, -35.286545], [149.124402, -35.286607], [149.12481, -35.286798], [149.125155, -35.286993], [149.12554, -35.287205], [149.12597, -35.287637], [149.126149, -35.288355], [149.126205, -35.289083], [149.126406, -35.291229], [149.126511, -35.291474], [149.126743, -35.291637], [149.126974, -35.291739], [149.127022, -35.291761], [149.127232, -35.291743], [149.127543, -35.291717], [149.127704, -35.291626], [149.128312, -35.291041], [149.128929, -35.290628], [149.129256, -35.290538], [149.129623, -35.290538], [149.130052, -35.290623], [149.130493, -35.29076], [149.131098, -35.290994], [149.131696, -35.291183], [149.132145, -35.291136], [149.132445, -35.290995], [149.132802, -35.29064], [149.13325, -35.290428], [149.133844, -35.290058], [149.133883, -35.290013], [149.13389, -35.289933], [149.133893, -35.289814], [149.133872, -35.289764], [149.133749, -35.289678], [149.133332, -35.289716], [149.132919, -35.289699], [149.13283, -35.289657], [149.132686, -35.289473], [149.13262, -35.289117], [149.132779, -35.288543], [149.132893, -35.288453], [149.132997, -35.288427], [149.133244, -35.288457], [149.133577, -35.28865], [149.133621, -35.288617], [149.133702, -35.288637], [149.133706, -35.288709], [149.133738, -35.288743], [149.134177, -35.288805], [149.134621, -35.288771], [149.134965, -35.288827], [149.135202, -35.289012], [149.135269, -35.289163], [149.135307, -35.289176], [149.135474, -35.289059], [149.135981, -35.289187], [149.135986, -35.289249], [149.13603, -35.289304], [149.136366, -35.289438], [149.136338, -35.289497], [149.135639, -35.289709], [149.135282, -35.289709], [149.135153, -35.289655], [149.135065, -35.289644], [149.134772, -35.28983], [149.134315, -35.289861], [149.134237, -35.289886], [149.134164, -35.289967], [149.134148, -35.290057], [149.13427, -35.290391], [149.134313, -35.290448], [149.134462, -35.290567], [149.134797, -35.290675], [149.135277, -35.290697], [149.136085, -35.290707], [149.136672, -35.290729], [149.137147, -35.290794], [149.137545, -35.290998], [149.137875, -35.291324], [149.138451, -35.291782], [149.139217, -35.292234], [149.139688, -35.292447], [149.1404, -35.292641], [149.141025, -35.293002], [149.141711, -35.293528], [149.142396, -35.294227], [149.143272, -35.295192], [149.143518, -35.296826], [149.143418, -35.297713], [149.143247, -35.298064], [149.142864, -35.298374], [149.143303, -35.299206], [149.143308, -35.299431], [149.143257, -35.299645], [149.14281, -35.300223], [149.14233, -35.300669], [149.142171, -35.300778], [149.141958, -35.30095], [149.141946, -35.301038], [149.141996, -35.301163], [149.142037, -35.301216], [149.142283, -35.301535], [149.142412, -35.301588], [149.142635, -35.301586], [149.143297, -35.301463], [149.144672, -35.301261], [149.145245, -35.301208], [149.146159, -35.301183], [149.1467, -35.301238], [149.147512, -35.301546], [149.148022, -35.301953], [149.149056, -35.303275], [149.149873, -35.304341], [149.149937, -35.304306], [149.150225, -35.304627], [149.150379, -35.304719], [149.15053, -35.304778], [149.150868, -35.30484], [149.151278, -35.304797], [149.151607, -35.304599], [149.151672, -35.304617], [149.151742, -35.304679], [149.151981, -35.304716], [149.152073, -35.304771], [149.152202, -35.304782], [149.15222, -35.304783], [149.152209, -35.304846], [149.152116, -35.305422], [149.15063, -35.308934], [149.150297, -35.309429], [149.150286, -35.309439], [149.150275, -35.309449], [149.150247, -35.309476], [149.15021, -35.30951], [149.150188, -35.30953], [149.150101, -35.309606], [149.149997, -35.309692], [149.14986, -35.309796], [149.149761, -35.309868], [149.149642, -35.309948], [149.149538, -35.310014], [149.149413, -35.310088], [149.149317, -35.310141], [149.149211, -35.310197], [149.149036, -35.310282], [149.148935, -35.310328], [149.148857, -35.310361], [149.148749, -35.310405], [149.148688, -35.310428], [149.148654, -35.310442], [149.148503, -35.310494], [149.148412, -35.310524], [149.148263, -35.310569], [149.148138, -35.310603], [149.148, -35.310636], [149.147864, -35.310666], [149.147735, -35.310691], [149.147606, -35.310713], [149.147454, -35.310734], [149.147279, -35.310753], [149.147138, -35.310765], [149.146951, -35.310775], [149.146775, -35.310779], [149.146665, -35.310779], [149.146604, -35.310778], [149.14487, -35.310249], [149.143734, -35.309805], [149.143717, -35.309799], [149.143154, -35.309563], [149.142831, -35.309428], [149.142169, -35.309082], [149.142024, -35.309006], [149.140959, -35.308448], [149.140338, -35.307994], [149.139974, -35.307318], [149.139964, -35.306691], [149.140668, -35.304373], [149.140684, -35.304088], [149.140592, -35.303431], [149.139796, -35.302094], [149.139619, -35.302163], [149.138084, -35.302749], [149.136456, -35.30337], [149.13614, -35.303491], [149.134052, -35.304292], [149.132543, -35.304888], [149.131008, -35.305483], [149.129048, -35.306246], [149.129121, -35.306359], [149.129186, -35.306481], [149.129558, -35.307518], [149.129592, -35.308617], [149.129577, -35.308741], [149.129552, -35.308868], [149.129257, -35.30975], [149.12887, -35.310383], [149.128627, -35.310686], [149.128633, -35.31069], [149.12906, -35.310945], [149.133369, -35.313519], [149.133307, -35.313598], [149.133164, -35.31387], [149.133144, -35.314389], [149.133199, -35.314546], [149.133422, -35.314862], [149.133694, -35.315068], [149.135434, -35.316111], [149.134721, -35.316418], [149.134455, -35.316505], [149.134083, -35.316593], [149.133762, -35.316686], [149.133483, -35.316813], [149.133371, -35.316879], [149.133022, -35.317166], [149.132719, -35.317623], [149.132729, -35.317625], [149.132666, -35.317774], [149.13264, -35.317944], [149.132654, -35.318509], [149.133033, -35.319163], [149.132989, -35.319185], [149.132463, -35.319449], [149.131893, -35.319709], [149.131268, -35.319967], [149.130085, -35.320381], [149.128608, -35.320774], [149.128526, -35.320972], [149.128234, -35.321468], [149.127908, -35.321838], [149.127642, -35.322068], [149.127361, -35.322264], [149.127077, -35.322424], [149.126759, -35.322573], [149.126758, -35.323431], [149.126766, -35.323674], [149.126948, -35.325448], [149.127167, -35.326547], [149.127172, -35.326565], [149.127748, -35.328448], [149.128116, -35.329339], [149.129229, -35.331439], [149.129716, -35.332243], [149.130982, -35.334329], [149.131242, -35.334913], [149.131243, -35.33523], [149.131654, -35.335522], [149.132585, -35.336163], [149.13305, -35.336377], [149.13369, -35.336615], [149.134148, -35.336762], [149.134659, -35.336861], [149.134937, -35.33688], [149.135848, -35.336915], [149.135817, -35.337534], [149.135574, -35.338752], [149.135969, -35.338845], [149.13628, -35.338991], [149.136592, -35.339257], [149.137101, -35.339908], [149.137217, -35.340068], [149.137821, -35.341077], [149.138127, -35.341731], [149.138444, -35.342624], [149.138447, -35.342634], [149.138581, -35.343154], [149.138752, -35.344313], [149.139765, -35.344554], [149.141502, -35.345189], [149.14255, -35.345461], [149.14324, -35.345574], [149.143929, -35.345637], [149.144643, -35.345651], [149.145291, -35.345619], [149.146246, -35.345494], [149.147207, -35.345267], [149.154227, -35.343043], [149.154329, -35.34301], [149.156841, -35.342203], [149.158392, -35.341706], [149.160652, -35.341002], [149.161251, -35.340656], [149.161616, -35.340219], [149.161789, -35.339874], [149.162274, -35.338329], [149.162231, -35.337227], [149.162194, -35.33677], [149.16161, -35.332971], [149.161583, -35.332509], [149.161512, -35.331587], [149.161505, -35.331151], [149.161563, -35.330487], [149.161575, -35.330357], [149.161856, -35.330525], [149.164689, -35.332187], [149.166825, -35.333199], [149.171514, -35.335422], [149.176194, -35.337635], [149.176254, -35.337668], [149.176962, -35.337996], [149.177533, -35.338208], [149.179881, -35.338789], [149.181002, -35.339183], [149.181942, -35.33965], [149.185125, -35.341541], [149.186171, -35.342002], [149.187245, -35.342349], [149.187359, -35.342376], [149.188704, -35.341269], [149.189033, -35.340999], [149.189194, -35.340867], [149.189252, -35.340819], [149.190017, -35.34019], [149.190595, -35.339714], [149.190763, -35.339884], [149.190911, -35.33998], [149.191092, -35.340166], [149.191341, -35.340253], [149.19167, -35.340342], [149.192013, -35.340399], [149.192418, -35.340449], [149.192714, -35.340491], [149.193058, -35.340529], [149.193465, -35.340625], [149.193896, -35.340703], [149.194196, -35.340721], [149.194566, -35.340787], [149.194855, -35.340848], [149.195202, -35.340913], [149.195471, -35.340964], [149.195895, -35.341037], [149.196398, -35.341129], [149.196718, -35.341184], [149.196998, -35.341189], [149.197357, -35.341241], [149.197723, -35.341307], [149.198007, -35.341402], [149.198331, -35.341544], [149.198627, -35.341638], [149.198827, -35.34169], [149.198915, -35.341713], [149.199255, -35.341721], [149.199678, -35.341694], [149.199972, -35.341624], [149.200233, -35.341519], [149.200441, -35.341385], [149.20063, -35.341218], [149.200794, -35.34106], [149.200931, -35.340808], [149.201102, -35.340483], [149.201263, -35.340164], [149.201349, -35.339897], [149.201446, -35.339446], [149.201561, -35.339199], [149.201684, -35.338973], [149.20183, -35.338754], [149.202015, -35.338544], [149.202215, -35.33831], [149.202513, -35.338191], [149.202754, -35.338162], [149.203044, -35.337931], [149.203342, -35.337769], [149.20379, -35.337705], [149.204124, -35.337539], [149.204436, -35.337399], [149.204649, -35.337367], [149.205093, -35.337334], [149.205546, -35.337359], [149.20573, -35.337366], [149.205737, -35.337367], [149.205945, -35.337375], [149.206372, -35.337382], [149.206689, -35.33734], [149.207002, -35.337284], [149.207268, -35.33722], [149.207518, -35.33716], [149.207832, -35.337049], [149.208114, -35.336966], [149.208398, -35.336877], [149.208544, -35.336827], [149.208897, -35.336744], [149.209322, -35.336568], [149.209625, -35.336441], [149.209997, -35.336328], [149.210318, -35.33624], [149.210657, -35.336115], [149.211078, -35.335962], [149.211343, -35.335831], [149.211613, -35.33571], [149.21191, -35.335544], [149.212281, -35.335394], [149.212544, -35.335243], [149.212792, -35.335108], [149.213155, -35.334987], [149.213502, -35.334857], [149.213814, -35.334745], [149.214021, -35.334588], [149.214283, -35.334442], [149.214559, -35.334287], [149.214846, -35.334067], [149.215138, -35.333855], [149.215267, -35.333814], [149.215544, -35.333785], [149.21591, -35.333559], [149.216351, -35.333169], [149.216461, -35.333053], [149.216695, -35.332843], [149.216951, -35.33263], [149.217284, -35.332408], [149.217387, -35.332335], [149.21763, -35.33217], [149.217943, -35.331946], [149.218239, -35.33183], [149.218554, -35.331753], [149.218926, -35.331707], [149.2193, -35.331823], [149.219616, -35.331848], [149.220036, -35.331903], [149.22023, -35.331985], [149.220669, -35.332183], [149.221198, -35.332433], [149.221686, -35.332725], [149.22206, -35.333052], [149.222327, -35.333503], [149.222487, -35.33388], [149.222579, -35.334147], [149.222661, -35.334447], [149.222749, -35.334725], [149.222808, -35.33498], [149.222777, -35.335187], [149.222706, -35.335479], [149.222674, -35.335765], [149.222567, -35.336062], [149.222387, -35.336314], [149.222224, -35.336433], [149.222211, -35.336543], [149.222212, -35.336679], [149.22218, -35.336892], [149.222075, -35.337147], [149.222068, -35.337476], [149.222084, -35.337753], [149.222062, -35.338081], [149.221934, -35.338337], [149.221806, -35.33859], [149.221776, -35.33888], [149.221808, -35.339122], [149.221817, -35.33919], [149.221958, -35.33936], [149.222006, -35.339409], [149.222145, -35.339498], [149.222366, -35.339645], [149.222616, -35.339717], [149.222834, -35.339726], [149.223075, -35.339758], [149.22345, -35.339792], [149.22389, -35.339793], [149.224204, -35.339847], [149.224409, -35.339811], [149.224803, -35.339663], [149.225225, -35.339466], [149.225287, -35.339359], [149.225388, -35.339194], [149.225723, -35.338931], [149.226112, -35.338637], [149.226473, -35.338395], [149.226757, -35.338263], [149.227062, -35.338046], [149.227463, -35.337743], [149.227722, -35.337642], [149.227969, -35.337501], [149.22824, -35.337438], [149.228455, -35.337375], [149.228684, -35.337366], [149.228992, -35.337327], [149.22931, -35.33733], [149.22958, -35.337311], [149.229834, -35.337216], [149.230108, -35.337152], [149.230398, -35.337101], [149.230514, -35.337102], [149.230689, -35.337091], [149.230955, -35.33714], [149.231246, -35.337219], [149.231556, -35.337331], [149.231737, -35.337418], [149.231877, -35.337528], [149.232079, -35.337757], [149.232281, -35.337946], [149.232542, -35.338136], [149.232638, -35.338216], [149.232809, -35.338332], [149.232951, -35.338401], [149.233086, -35.338621], [149.233184, -35.338859], [149.233199, -35.339034], [149.233211, -35.339215], [149.233188, -35.339431], [149.233112, -35.339607], [149.23301, -35.339755], [149.23286, -35.339917], [149.232679, -35.340066], [149.232521, -35.340239], [149.23237, -35.340378], [149.232166, -35.340642], [149.231964, -35.340917], [149.231776, -35.341096], [149.231597, -35.341246], [149.231476, -35.34141], [149.23139, -35.341637], [149.23136, -35.341873], [149.231377, -35.342086], [149.231406, -35.342137], [149.231451, -35.342217], [149.231611, -35.342452], [149.231649, -35.342431], [149.23174, -35.34238], [149.240924, -35.337235], [149.241692, -35.336817], [149.241704, -35.336811], [149.242304, -35.336484], [149.243062, -35.336052], [149.244102, -35.335326], [149.244881, -35.334501], [149.245431, -35.33363], [149.246404, -35.331931], [149.247173, -35.331202], [149.247664, -35.330927], [149.248324, -35.330695], [149.248934, -35.330529], [149.249722, -35.330447], [149.251203, -35.330413], [149.252246, -35.330384], [149.252861, -35.330374], [149.253504, -35.33038], [149.254272, -35.330399], [149.254803, -35.330532], [149.255326, -35.330755], [149.255682, -35.331042], [149.256519, -35.331748], [149.257147, -35.332064], [149.257727, -35.332213], [149.258237, -35.332266], [149.258886, -35.332198], [149.25939, -35.332062], [149.259851, -35.331862], [149.260264, -35.331616], [149.260409, -35.331547], [149.260627, -35.331462], [149.261068, -35.331348], [149.261725, -35.331321], [149.26213, -35.331367], [149.262577, -35.331511], [149.262877, -35.331672], [149.26347, -35.332085], [149.264056, -35.332395], [149.264733, -35.332762], [149.265347, -35.333112], [149.265731, -35.333399], [149.266324, -35.333915], [149.266923, -35.334472], [149.267433, -35.334827], [149.267851, -35.335034], [149.268312, -35.335155], [149.269102, -35.335248], [149.269598, -35.335288], [149.270107, -35.335363], [149.270569, -35.335416], [149.271148, -35.335474], [149.271763, -35.335555], [149.272203, -35.335653], [149.272748, -35.33582], [149.273376, -35.33605], [149.273893, -35.336142], [149.274494, -35.336171], [149.275039, -35.336109], [149.275444, -35.33607], [149.275633, -35.336075], [149.275814, -35.336087], [149.276289, -35.336145], [149.276862, -35.3363], [149.277379, -35.336519], [149.277965, -35.336806], [149.278614, -35.337173], [149.279026, -35.337408], [149.279487, -35.337604], [149.280269, -35.337925], [149.280995, -35.33815], [149.281721, -35.338259], [149.282315, -35.338306], [149.283035, -35.338284], [149.283727, -35.338188], [149.2843, -35.338051], [149.284782, -35.337885], [149.285502, -35.337543], [149.286502, -35.337017], [149.28739, -35.336526], [149.289879, -35.33523], [149.290977, -35.334618], [149.291774, -35.334224], [149.292193, -35.334047], [149.292704, -35.33387], [149.29348, -35.333677], [149.294088, -35.333592], [149.29487, -35.333541], [149.295653, -35.333513], [149.296541, -35.333457], [149.296882, -35.333435], [149.298161, -35.333373], [149.299027, -35.333317], [149.299789, -35.333283], [149.300662, -35.333279], [149.301305, -35.333428], [149.301912, -35.333738], [149.302401, -35.334134], [149.303084, -35.334965], [149.30344, -35.335275], [149.303928, -35.335642], [149.304319, -35.335808], [149.304745, -35.335934], [149.305234, -35.336021], [149.305961, -35.336072], [149.306757, -35.336056], [149.30747, -35.336062], [149.308294, -35.336052], [149.308832, -35.336052], [149.309461, -35.336065], [149.310006, -35.336059], [149.310439, -35.336071], [149.311194, -35.336112], [149.311878, -35.336176], [149.312493, -35.336222], [149.312933, -35.336269], [149.31338, -35.336338], [149.314121, -35.336465], [149.316433, -35.336812], [149.317131, -35.336932], [149.317893, -35.337041], [149.318675, -35.337166], [149.31966, -35.337323], [149.321546, -35.337612], [149.322293, -35.337732], [149.322936, -35.337831], [149.325628, -35.338268], [149.326834, -35.338464], [149.333184, -35.339449], [149.33398, -35.339576], [149.334588, -35.339696], [149.335803, -35.339881], [149.336257, -35.339938], [149.3369, -35.340116], [149.33771, -35.340483], [149.338164, -35.340764], [149.33875, -35.341252], [149.339197, -35.341847], [149.340103, -35.344218], [149.340626, -35.344957], [149.341233, -35.345479], [149.342071, -35.346155], [149.343076, -35.346975], [149.344103, -35.3478], [149.345262, -35.348757], [149.346009, -35.349342], [149.347231, -35.350373], [149.347859, -35.350751], [149.348362, -35.350998], [149.349249, -35.351279], [149.349913, -35.351446], [149.350542, -35.351521], [149.351213, -35.351538], [149.351646, -35.351539], [149.353162, -35.351357], [149.355133, -35.351095], [149.35586, -35.350969], [149.356356, -35.350907], [149.357012, -35.350701], [149.357488, -35.350507], [149.357956, -35.350249], [149.358439, -35.349877], [149.359012, -35.349305], [149.359431, -35.349002], [149.359928, -35.348728], [149.360585, -35.348551], [149.361137, -35.348494], [149.362199, -35.348597], [149.362723, -35.348609], [149.363582, -35.348461], [149.364232, -35.348158], [149.364701, -35.347769], [149.364869, -35.347551], [149.365197, -35.346939], [149.365247, -35.345427], [149.365187, -35.342719], [149.365488, -35.341804], [149.366026, -35.340985], [149.366439, -35.340567], [149.3669, -35.340224], [149.36732, -35.339967], [149.367823, -35.339756], [149.368438, -35.339578], [149.36957, -35.339321], [149.37052, -35.339081], [149.373182, -35.338482], [149.37372, -35.338339], [149.374175, -35.338231], [149.374971, -35.337996], [149.375621, -35.337733], [149.376334, -35.337396], [149.37727, -35.336887], [149.377892, -35.336566], [149.379724, -35.33564], [149.381415, -35.334713], [149.382966, -35.333924], [149.383485, -35.333649], [149.384098, -35.3333], [149.385069, -35.332803], [149.385628, -35.33254], [149.386278, -35.332328], [149.386697, -35.332219], [149.388137, -35.331882], [149.388772, -35.331739], [149.389359, -35.331574], [149.390058, -35.331334], [149.390729, -35.330979], [149.391351, -35.330538], [149.39221, -35.329703], [149.392651, -35.329125], [149.393392, -35.328358], [149.393853, -35.32798], [149.394858, -35.327231], [149.395473, -35.326847], [149.396437, -35.326384], [149.397138, -35.326019], [149.397986, -35.325569], [149.397883, -35.325473], [149.397456, -35.324865], [149.397148, -35.324427], [149.397299, -35.323876], [149.397334, -35.323746], [149.398024, -35.322265], [149.39804, -35.320935], [149.398046, -35.320399], [149.399283, -35.319178]]], [[[150.772822, -35.118348], [150.772596, -35.118277], [150.772649, -35.118176], [150.772597, -35.117447], [150.772754, -35.117332], [150.772476, -35.116917], [150.772407, -35.116244], [150.772459, -35.115887], [150.772285, -35.1158], [150.772477, -35.115543], [150.77232, -35.115357], [150.772199, -35.1155], [150.772025, -35.115314], [150.772025, -35.115099], [150.772077, -35.114956], [150.771834, -35.114727], [150.771886, -35.114526], [150.77173, -35.114355], [150.771452, -35.114383], [150.771382, -35.11424], [150.771556, -35.114126], [150.771417, -35.113925], [150.771522, -35.11384], [150.771382, -35.113696], [150.770687, -35.113567], [150.770722, -35.11331], [150.770705, -35.113167], [150.770131, -35.112952], [150.769853, -35.11268], [150.769662, -35.112694], [150.768201, -35.112407], [150.751174, -35.114963], [150.701603, -35.122863], [150.700486, -35.123041], [150.698747, -35.122818], [150.693621, -35.122162], [150.688675, -35.121528], [150.681821, -35.12065], [150.681392, -35.120591], [150.678838, -35.120241], [150.675985, -35.119854], [150.674917, -35.119709], [150.673988, -35.119583], [150.673742, -35.119549], [150.67064, -35.119129], [150.665028, -35.118367], [150.661053, -35.117827], [150.660868, -35.122821], [150.660821, -35.122906], [150.660862, -35.12343], [150.660389, -35.125195], [150.659439, -35.126349], [150.658316, -35.127531], [150.657398, -35.129187], [150.656087, -35.129981], [150.655196, -35.13042], [150.654217, -35.130958], [150.653205, -35.131253], [150.651685, -35.131918], [150.648878, -35.134779], [150.647825, -35.135776], [150.64752, -35.136905], [150.646468, -35.137858], [150.645628, -35.138469], [150.645103, -35.138752], [150.64402, -35.139261], [150.64337, -35.139931], [150.6433, -35.140088], [150.642379, -35.141943], [150.641221, -35.143111], [150.640135, -35.143978], [150.63922, -35.145089], [150.637256, -35.146882], [150.636083, -35.147734], [150.635155, -35.148359], [150.634264, -35.148811], [150.63304, -35.149391], [150.632465, -35.149474], [150.631386, -35.149454], [150.630549, -35.149678], [150.62952, -35.149844], [150.6279, -35.149978], [150.626857, -35.149786], [150.624755, -35.149287], [150.62361, -35.148894], [150.62219, -35.147941], [150.621447, -35.147393], [150.620323, -35.146442], [150.61965, -35.145836], [150.618022, -35.144782], [150.617072, -35.143946], [150.615757, -35.143037], [150.615272, -35.142791], [150.61515, -35.142804], [150.615166, -35.142976], [150.615992, -35.144026], [150.616645, -35.145018], [150.617585, -35.145037], [150.618676, -35.145659], [150.620093, -35.146898], [150.620941, -35.14749], [150.621216, -35.147864], [150.620814, -35.148148], [150.620101, -35.148043], [150.618919, -35.147793], [150.617824, -35.147615], [150.616673, -35.147938], [150.615606, -35.148518], [150.614736, -35.148556], [150.61434, -35.148039], [150.614963, -35.146396], [150.6149, -35.145623], [150.615023, -35.145466], [150.615563, -35.145369], [150.615566, -35.145083], [150.615132, -35.144966], [150.614518, -35.145506], [150.614261, -35.147108], [150.613946, -35.147321], [150.613094, -35.147273], [150.612259, -35.147168], [150.611394, -35.146547], [150.610083, -35.145122], [150.609254, -35.144445], [150.608178, -35.144023], [150.607344, -35.143861], [150.606698, -35.144058], [150.6054, -35.145209], [150.604595, -35.145763], [150.603966, -35.146045], [150.603059, -35.146255], [150.602225, -35.146092], [150.601232, -35.146145], [150.60031, -35.146125], [150.599612, -35.146335], [150.598394, -35.146242], [150.59697, -35.145905], [150.596363, -35.145643], [150.59562, -35.145066], [150.594966, -35.144175], [150.594341, -35.143942], [150.593836, -35.143982], [150.593553, -35.143995], [150.593312, -35.144089], [150.593048, -35.144231], [150.592956, -35.144372], [150.592956, -35.144636], [150.593059, -35.14523], [150.593242, -35.145777], [150.59377, -35.146862], [150.594398, -35.148121], [150.595006, -35.149583], [150.595268, -35.150435], [150.59544, -35.150907], [150.595727, -35.151491], [150.596082, -35.151906], [150.596473, -35.152152], [150.596782, -35.152265], [150.597287, -35.15235], [150.597815, -35.152425], [150.598048, -35.152459], [150.599876, -35.152717], [150.601161, -35.152878], [150.601953, -35.153029], [150.602937, -35.153252], [150.603946, -35.153818], [150.604566, -35.154393], [150.604978, -35.155006], [150.605231, -35.155562], [150.605346, -35.155977], [150.605346, -35.156383], [150.605265, -35.156694], [150.605081, -35.157071], [150.604863, -35.157439], [150.604565, -35.157829], [150.603991, -35.15865], [150.603682, -35.159103], [150.603211, -35.159999], [150.602727, -35.160689], [150.602176, -35.161616], [150.601808, -35.162327], [150.601785, -35.162379], [150.601389, -35.163233], [150.601021, -35.164214], [150.600824, -35.165001], [150.600758, -35.16568], [150.600771, -35.166014], [150.600863, -35.166381], [150.601256, -35.167432], [150.601446, -35.167896], [150.601715, -35.168472], [150.601746, -35.168633], [150.601792, -35.169006], [150.601723, -35.169323], [150.601587, -35.169659], [150.601383, -35.169957], [150.601088, -35.170124], [150.600385, -35.170329], [150.599735, -35.170469], [150.599054, -35.170562], [150.598146, -35.170562], [150.597625, -35.170543], [150.597126, -35.170487], [150.595901, -35.170338], [150.595025, -35.170268], [150.594495, -35.170305], [150.594366, -35.170314], [150.593955, -35.170427], [150.593224, -35.170729], [150.592498, -35.17112], [150.591996, -35.171465], [150.591794, -35.171604], [150.591386, -35.172108], [150.591181, -35.172611], [150.591022, -35.173207], [150.590954, -35.173934], [150.590863, -35.17468], [150.590863, -35.17509], [150.590931, -35.175537], [150.591088, -35.175995], [150.59136, -35.176592], [150.591496, -35.176983], [150.591496, -35.177207], [150.591496, -35.17771], [150.591473, -35.17881], [150.591473, -35.179388], [150.591586, -35.179966], [150.591722, -35.180301], [150.591926, -35.180544], [150.592335, -35.18086], [150.592833, -35.181289], [150.59306, -35.181699], [150.593128, -35.182016], [150.593083, -35.182333], [150.592856, -35.182725], [150.592308, -35.183497], [150.592218, -35.183739], [150.592285, -35.184], [150.592512, -35.18428], [150.593193, -35.184746], [150.593873, -35.185156], [150.594569, -35.185695], [150.59553, -35.184598], [150.59549, -35.183484], [150.596175, -35.182772], [150.597585, -35.180934], [150.598605, -35.179781], [150.600358, -35.178389], [150.601462, -35.177608], [150.603195, -35.176559], [150.604455, -35.175837], [150.605714, -35.175243], [150.60734, -35.174536], [150.60846, -35.173884], [150.608897, -35.173672], [150.609962, -35.173249], [150.611693, -35.172414], [150.612671, -35.172062], [150.614102, -35.171713], [150.615674, -35.171178], [150.617734, -35.170503], [150.619796, -35.169656], [150.621907, -35.16911], [150.623199, -35.168745], [150.624541, -35.168538], [150.627053, -35.167951], [150.63145, -35.166788], [150.632096, -35.166563], [150.633334, -35.166298], [150.634154, -35.166159], [150.635235, -35.165979], [150.637832, -35.165593], [150.639924, -35.16529], [150.641441, -35.164955], [150.642192, -35.164745], [150.644389, -35.164313], [150.645959, -35.163921], [150.647911, -35.163632], [150.649513, -35.163612], [150.650628, -35.163503], [150.653103, -35.163231], [150.654496, -35.163138], [150.656116, -35.163104], [150.657107, -35.163239], [150.658012, -35.163301], [150.660242, -35.163098], [150.660608, -35.163086], [150.661442, -35.163234], [150.661962, -35.163537], [150.662407, -35.164556], [150.662212, -35.164998], [150.662366, -35.165257], [150.662523, -35.165229], [150.662733, -35.165159], [150.663497, -35.165363], [150.664316, -35.165325], [150.665589, -35.165031], [150.665764, -35.164889], [150.665716, -35.164359], [150.666275, -35.164104], [150.66708, -35.163565], [150.667918, -35.163297], [150.668684, -35.163287], [150.670215, -35.163524], [150.67197, -35.163877], [150.672579, -35.164038], [150.673967, -35.164532], [150.675409, -35.165026], [150.676152, -35.165718], [150.676479, -35.166163], [150.676131, -35.166161], [150.675163, -35.165197], [150.674885, -35.165224], [150.675032, -35.16647], [150.675152, -35.166628], [150.676436, -35.167265], [150.677042, -35.167669], [150.677512, -35.167686], [150.678679, -35.167678], [150.679516, -35.16741], [150.680092, -35.167241], [150.681262, -35.166876], [150.68142, -35.166676], [150.681421, -35.166504], [150.681145, -35.166231], [150.681218, -35.165773], [150.681883, -35.165361], [150.683274, -35.165555], [150.683622, -35.165628], [150.684838, -35.166007], [150.685738, -35.166699], [150.686214, -35.168204], [150.685484, -35.168057], [150.684697, -35.168382], [150.683507, -35.169235], [150.682721, -35.169546], [150.681708, -35.169984], [150.68155, -35.170026], [150.681549, -35.170255], [150.682297, -35.170345], [150.683548, -35.170638], [150.684853, -35.170731], [150.685827, -35.170908], [150.686471, -35.170911], [150.687293, -35.170486], [150.687416, -35.170286], [150.687209, -35.170056], [150.688276, -35.169474], [150.689337, -35.169494], [150.690222, -35.169843], [150.691104, -35.170634], [150.691423, -35.172196], [150.690405, -35.173351], [150.689825, -35.174135], [150.689381, -35.175163], [150.688875, -35.175304], [150.688122, -35.175872], [150.688444, -35.177076], [150.68929, -35.177911], [150.690197, -35.17783], [150.690827, -35.177432], [150.690811, -35.177246], [150.690707, -35.177088], [150.691495, -35.176491], [150.691827, -35.17645], [150.691659, -35.177838], [150.691936, -35.178039], [150.69326, -35.178032], [150.693296, -35.177832], [150.693158, -35.177659], [150.693316, -35.177545], [150.694084, -35.177349], [150.694765, -35.176995], [150.695617, -35.177085], [150.69579, -35.177243], [150.695439, -35.177771], [150.695, -35.178198], [150.694634, -35.178254], [150.693893, -35.179481], [150.693732, -35.180067], [150.693514, -35.181283], [150.694364, -35.181631], [150.694918, -35.182048], [150.695549, -35.181651], [150.695999, -35.181983], [150.695614, -35.182253], [150.695819, -35.182654], [150.696132, -35.182771], [150.696359, -35.182743], [150.695428, -35.183798], [150.695042, -35.184096], [150.695089, -35.184783], [150.695382, -35.185157], [150.694995, -35.185742], [150.694925, -35.185828], [150.694592, -35.186069], [150.694432, -35.186483], [150.694412, -35.186769], [150.695117, -35.188004], [150.695545, -35.189023], [150.695143, -35.189178], [150.695124, -35.18935], [150.695505, -35.189609], [150.695591, -35.189782], [150.695747, -35.189854], [150.695728, -35.190069], [150.695378, -35.190353], [150.694627, -35.190564], [150.694419, -35.190434], [150.694121, -35.190719], [150.693912, -35.190703], [150.693807, -35.190846], [150.69384, -35.191004], [150.694187, -35.191177], [150.694237, -35.191435], [150.693484, -35.192061], [150.692857, -35.193012], [150.691456, -35.193024], [150.691333, -35.193123], [150.691262, -35.193338], [150.691, -35.193408], [150.690981, -35.193594], [150.692008, -35.193757], [150.691884, -35.194071], [150.692318, -35.194159], [150.692281, -35.194503], [150.692139, -35.194803], [150.692216, -35.19526], [150.692239, -35.195447], [150.69155, -35.196703], [150.69196, -35.197664], [150.692375, -35.198039], [150.692619, -35.19804], [150.692723, -35.198141], [150.692737, -35.198556], [150.693892, -35.200165], [150.694619, -35.200784], [150.695681, -35.200819], [150.696956, -35.20041], [150.697851, -35.199527], [150.698554, -35.198686], [150.699436, -35.197245], [150.700029, -35.197076], [150.701008, -35.196609], [150.701415, -35.195781], [150.702356, -35.195671], [150.702676, -35.194871], [150.702349, -35.194383], [150.703344, -35.194073], [150.704638, -35.193364], [150.705571, -35.192052], [150.706251, -35.191883], [150.707054, -35.191658], [150.707613, -35.191346], [150.707893, -35.19109], [150.707601, -35.190544], [150.708179, -35.190161], [150.708336, -35.190191], [150.708633, -35.189992], [150.708792, -35.18972], [150.708881, -35.18952], [150.709561, -35.189366], [150.710527, -35.188226], [150.71076, -35.18734], [150.710389, -35.18572], [150.711208, -35.185653], [150.712099, -35.185298], [150.71237, -35.183969], [150.713037, -35.183285], [150.714139, -35.182575], [150.715259, -35.181793], [150.716203, -35.181397], [150.717553, -35.180173], [150.718341, -35.179475], [150.720367, -35.178727], [150.721138, -35.178129], [150.722266, -35.176145], [150.723645, -35.175722], [150.724139, -35.17488], [150.723724, -35.174463], [150.724622, -35.173093], [150.724727, -35.173037], [150.725581, -35.172855], [150.726417, -35.172887], [150.728348, -35.173097], [150.728834, -35.173257], [150.729453, -35.174448], [150.730146, -35.174924], [150.731084, -35.175201], [150.730804, -35.175486], [150.730975, -35.175816], [150.731671, -35.175977], [150.731599, -35.176305], [150.731213, -35.176661], [150.730935, -35.176617], [150.730673, -35.17673], [150.73066, -35.178534], [150.730833, -35.178764], [150.732067, -35.178927], [150.732833, -35.179003], [150.733911, -35.179294], [150.734886, -35.179313], [150.735788, -35.179876], [150.736344, -35.179907], [150.73744, -35.180084], [150.738173, -35.179987], [150.738818, -35.179819], [150.739363, -35.179048], [150.739478, -35.177546], [150.740721, -35.176593], [150.741406, -35.175823], [150.741478, -35.175465], [150.742456, -35.175141], [150.743658, -35.175003], [150.744042, -35.174934], [150.745013, -35.175411], [150.745763, -35.175328], [150.746164, -35.175159], [150.746465, -35.174487], [150.746209, -35.173756], [150.74649, -35.1734], [150.747326, -35.173332], [150.748355, -35.173007], [150.748529, -35.172994], [150.749651, -35.172012], [150.749849, -35.171068], [150.750461, -35.170655], [150.751022, -35.1701], [150.751174, -35.170101], [150.752157, -35.169576], [150.752802, -35.16955], [150.753356, -35.169996], [150.753843, -35.170099], [150.753995, -35.170744], [150.755126, -35.170863], [150.755597, -35.170751], [150.75625, -35.169452], [150.756443, -35.169209], [150.756932, -35.169083], [150.757423, -35.168455], [150.757759, -35.167741], [150.757726, -35.167555], [150.757604, -35.167497], [150.756242, -35.168077], [150.755526, -35.16836], [150.754677, -35.16787], [150.75466, -35.167683], [150.754678, -35.167655], [150.75546, -35.167845], [150.757223, -35.167252], [150.757746, -35.167168], [150.758064, -35.166483], [150.758369, -35.165124], [150.75953, -35.16334], [150.760352, -35.162786], [150.760406, -35.162643], [150.760358, -35.161941], [150.760221, -35.161697], [150.760399, -35.161054], [150.760228, -35.160566], [150.76058, -35.160124], [150.760394, -35.159207], [150.759264, -35.159016], [150.758395, -35.15874], [150.757962, -35.158523], [150.757808, -35.158036], [150.758392, -35.156664], [150.758067, -35.15589], [150.758507, -35.155047], [150.758739, -35.154247], [150.759421, -35.153734], [150.760241, -35.153523], [150.760886, -35.153398], [150.761653, -35.153201], [150.762283, -35.15286], [150.762422, -35.152803], [150.762597, -35.152675], [150.762624, -35.151258], [150.761869, -35.149709], [150.76201, -35.146803], [150.762508, -35.145303], [150.76226, -35.143283], [150.763241, -35.142372], [150.764528, -35.139958], [150.764949, -35.139488], [150.764128, -35.137323], [150.764679, -35.135636], [150.765307, -35.13541], [150.765572, -35.134838], [150.765176, -35.134235], [150.765037, -35.134177], [150.764078, -35.134402], [150.763684, -35.133498], [150.763844, -35.13297], [150.764384, -35.132872], [150.764528, -35.132243], [150.764426, -35.131856], [150.764078, -35.131883], [150.763955, -35.131939], [150.763801, -35.131567], [150.764382, -35.130567], [150.765066, -35.129797], [150.765128, -35.128395], [150.765775, -35.127982], [150.765052, -35.126762], [150.764757, -35.126546], [150.764743, -35.12616], [150.764483, -35.125872], [150.765079, -35.12536], [150.765205, -35.12473], [150.765125, -35.124573], [150.764877, -35.124128], [150.76568, -35.123745], [150.766019, -35.123429], [150.766228, -35.123226], [150.766054, -35.123112], [150.766176, -35.122969], [150.765776, -35.12284], [150.765828, -35.122682], [150.766037, -35.122668], [150.766124, -35.122511], [150.766298, -35.122439], [150.766506, -35.122582], [150.767185, -35.122568], [150.767359, -35.122511], [150.767646, -35.12266], [150.767776, -35.122726], [150.76788, -35.122597], [150.76835, -35.122826], [150.768384, -35.122984], [150.768854, -35.123013], [150.769062, -35.122984], [150.769167, -35.123098], [150.769376, -35.123113], [150.769967, -35.123013], [150.770054, -35.12287], [150.770332, -35.123013], [150.770523, -35.122999], [150.770611, -35.122827], [150.77068, -35.12277], [150.771115, -35.122527], [150.771306, -35.122584], [150.771376, -35.122441], [150.771254, -35.122126], [150.771602, -35.12194], [150.771864, -35.121625], [150.771811, -35.121439], [150.772107, -35.121253], [150.772142, -35.121082], [150.772299, -35.12101], [150.772299, -35.120781], [150.77249, -35.120523], [150.772421, -35.12028], [150.772612, -35.120166], [150.77256, -35.120008], [150.772699, -35.119865], [150.772735, -35.119336], [150.772544, -35.119193], [150.772526, -35.119035], [150.772665, -35.119035], [150.77277, -35.118835], [150.772666, -35.11872], [150.772822, -35.118506], [150.772822, -35.118348]]]]}}]}