{"type": "FeatureCollection", "features": [{"type": "Feature", "properties": {"index": "BNKS", "division": "Banks", "state": "New South Wales", "year": "1992", "proclaimed": "19920131", "quota": "0", "electors": "0", "deviation": ""}, "geometry": {"type": "Polygon", "coordinates": [[[151.019352, -33.977704], [151.021924, -33.976532], [151.020516, -33.975612], [151.02147, -33.975201], [151.021197, -33.974643], [151.017949, -33.974525], [151.023624, -33.972123], [151.023115, -33.971879], [151.023699, -33.968641], [151.022538, -33.966889], [151.022601, -33.964096], [151.025647, -33.968299], [151.025237, -33.970315], [151.023731, -33.971637], [151.025117, -33.971163], [151.025407, -33.973457], [151.024111, -33.974454], [151.024802, -33.977307], [151.029648, -33.976672], [151.033238, -33.975009], [151.038431, -33.974657], [151.041335, -33.973072], [151.041321, -33.97127], [151.04434, -33.970126], [151.044501, -33.968863], [151.041754, -33.965368], [151.041461, -33.963438], [151.04025, -33.962638], [151.04026, -33.960771], [151.040332, -33.959401], [151.041966, -33.957727], [151.040856, -33.957117], [151.04125, -33.953341], [151.040657, -33.952257], [151.04207, -33.952148], [151.042541, -33.950461], [151.041907, -33.94739], [151.044672, -33.947705], [151.04229, -33.952125], [151.042942, -33.952923], [151.042017, -33.957379], [151.04285, -33.958844], [151.04198, -33.960218], [151.042114, -33.962766], [151.043162, -33.962875], [151.043924, -33.964915], [151.04648, -33.966092], [151.045418, -33.967169], [151.046713, -33.96841], [151.046513, -33.970533], [151.043935, -33.971897], [151.041995, -33.974996], [151.03898, -33.976486], [151.037286, -33.978521], [151.037708, -33.979503], [151.039443, -33.980079], [151.040101, -33.981823], [151.039698, -33.983516], [151.033508, -33.984574], [151.033407, -33.985431], [151.037216, -33.986626], [151.036311, -33.987276], [151.033971, -33.987054], [151.03653, -33.990931], [151.043808, -33.991279], [151.045972, -33.989751], [151.048104, -33.991145], [151.052862, -33.991004], [151.055171, -33.988811], [151.053425, -33.987502], [151.051924, -33.98336], [151.049359, -33.980172], [151.050244, -33.979934], [151.053704, -33.982764], [151.055015, -33.980922], [151.057439, -33.980042], [151.059351, -33.976761], [151.061823, -33.975238], [151.06432, -33.976452], [151.059729, -33.977541], [151.058174, -33.980942], [151.054252, -33.983647], [151.054461, -33.985123], [151.055801, -33.986179], [151.057498, -33.986223], [151.059037, -33.983429], [151.060765, -33.98258], [151.063644, -33.983518], [151.065277, -33.982803], [151.064118, -33.987322], [151.066826, -33.988248], [151.067654, -33.98784], [151.067628, -33.986095], [151.070969, -33.986274], [151.071099, -33.983642], [151.074759, -33.984036], [151.072744, -33.985124], [151.072792, -33.987001], [151.069593, -33.989984], [151.071663, -33.994262], [151.071685, -33.994249], [151.076649, -33.987723], [151.077697, -33.983035], [151.079386, -33.980152], [151.079066, -33.976716], [151.079474, -33.974619], [151.082968, -33.969348], [151.087223, -33.966658], [151.089996, -33.965426], [151.075695, -33.950013], [151.073599, -33.948236], [151.078871, -33.947102], [151.075812, -33.939922], [151.073916, -33.935273], [151.07318, -33.93261], [151.072531, -33.929689], [151.07191, -33.928668], [151.064499, -33.930517], [151.056898, -33.930866], [151.042374, -33.932468], [151.036761, -33.934474], [151.027186, -33.933782], [151.018467, -33.93835], [151.001221, -33.932526], [150.995892, -33.930808], [150.990621, -33.929789], [150.984943, -33.929163], [150.981113, -33.929628], [150.97842, -33.929017], [150.97826, -33.929396], [150.976841, -33.929526], [150.973222, -33.929337], [150.970426, -33.929366], [150.968679, -33.930677], [150.967631, -33.932308], [150.967572, -33.935045], [150.967951, -33.936908], [150.967805, -33.938685], [150.966992, -33.940036], [150.966116, -33.94282], [150.968213, -33.944596], [150.970048, -33.94611], [150.972086, -33.949517], [150.973455, -33.951847], [150.977852, -33.953012], [150.980706, -33.953565], [150.982744, -33.954992], [150.982744, -33.956768], [150.981579, -33.959331], [150.98024, -33.961923], [150.980589, -33.964194], [150.98254, -33.965504], [150.985394, -33.965592], [150.988743, -33.965854], [150.990461, -33.967252], [150.993315, -33.970804], [150.996838, -33.973105], [150.998702, -33.97491], [150.997828, -33.976628], [150.995062, -33.978084], [150.995062, -33.979977], [150.995266, -33.981724], [150.998178, -33.982714], [151.001419, -33.981781], [151.00379, -33.980038], [151.004684, -33.98011], [151.006027, -33.982151], [151.010992, -33.984036], [151.013992, -33.983536], [151.015621, -33.982036], [151.019352, -33.977704]]]}}, {"type": "Feature", "properties": {"index": "BRTN", "division": "Barton", "state": "New South Wales", "year": "1992", "proclaimed": "19920131", "quota": "0", "electors": "0", "deviation": ""}, "geometry": {"type": "Polygon", "coordinates": [[[151.114687, -34.001294], [151.115307, -34.001336], [151.11621, -33.997932], [151.117628, -33.996563], [151.116649, -33.993229], [151.118375, -33.991431], [151.118302, -33.990491], [151.120985, -33.991128], [151.121882, -33.987715], [151.124058, -33.987795], [151.126455, -33.985021], [151.129872, -33.983598], [151.13074, -33.983977], [151.131438, -33.985443], [151.130177, -33.988541], [151.126477, -33.993647], [151.123118, -33.996271], [151.1227, -34.000518], [151.128308, -34.006013], [151.139781, -34.003281], [151.140538, -33.998884], [151.141888, -33.997348], [151.146165, -33.99682], [151.149472, -33.9942], [151.148211, -33.98995], [151.148619, -33.982831], [151.15118, -33.97398], [151.157771, -33.959321], [151.162086, -33.953369], [151.165221, -33.950632], [151.168033, -33.949774], [151.168124, -33.949836], [151.167999, -33.948864], [151.166473, -33.947598], [151.162509, -33.945477], [151.161413, -33.943814], [151.162196, -33.940853], [151.16288, -33.937567], [151.162131, -33.934324], [151.161655, -33.933405], [151.16105, -33.933285], [151.159073, -33.932424], [151.157072, -33.93154], [151.15686, -33.930939], [151.157455, -33.92907], [151.156744, -33.92759], [151.155287, -33.926219], [151.154384, -33.926475], [151.152871, -33.927474], [151.151356, -33.927721], [151.148677, -33.927343], [151.146988, -33.92708], [151.145576, -33.926979], [151.144528, -33.927488], [151.1435, -33.928124], [151.143101, -33.927779], [151.142206, -33.927577], [151.141237, -33.927663], [151.140509, -33.92743], [151.139744, -33.927469], [151.139301, -33.927896], [151.138747, -33.928376], [151.138219, -33.929578], [151.137655, -33.930488], [151.136759, -33.930377], [151.135709, -33.930115], [151.134816, -33.92992], [151.134248, -33.930866], [151.133548, -33.932572], [151.133404, -33.9342], [151.131919, -33.935511], [151.129152, -33.936559], [151.12723, -33.936967], [151.125804, -33.937462], [151.124639, -33.938452], [151.123781, -33.939319], [151.122877, -33.93977], [151.122688, -33.940985], [151.122723, -33.942185], [151.121796, -33.942801], [151.120727, -33.944374], [151.119153, -33.945037], [151.11737, -33.945601], [151.116369, -33.945732], [151.115447, -33.945864], [151.113602, -33.94713], [151.11433, -33.949022], [151.119053, -33.954296], [151.117156, -33.959905], [151.123416, -33.968475], [151.120649, -33.968999], [151.115661, -33.969908], [151.112583, -33.969319], [151.11039, -33.968564], [151.108739, -33.968416], [151.106075, -33.96854], [151.103847, -33.967805], [151.10171, -33.967079], [151.098838, -33.966029], [151.095855, -33.965383], [151.09374, -33.965453], [151.090015, -33.965417], [151.089996, -33.965426], [151.087223, -33.966658], [151.082968, -33.969348], [151.079474, -33.974619], [151.079066, -33.976716], [151.079386, -33.980152], [151.077697, -33.983035], [151.076649, -33.987723], [151.071685, -33.994249], [151.075437, -33.992077], [151.075085, -33.993558], [151.076013, -33.994056], [151.079598, -33.99299], [151.085403, -33.992662], [151.084507, -33.99081], [151.082395, -33.990091], [151.082157, -33.989147], [151.083781, -33.987086], [151.085292, -33.987481], [151.088499, -33.985252], [151.08872, -33.984122], [151.087542, -33.982853], [151.090172, -33.982475], [151.090836, -33.984228], [151.094394, -33.984727], [151.093127, -33.985636], [151.090219, -33.985708], [151.085982, -33.989882], [151.087582, -33.99165], [151.089025, -33.991538], [151.090304, -33.992884], [151.091341, -33.992469], [151.091906, -33.99101], [151.094038, -33.991335], [151.09618, -33.990373], [151.096367, -33.99264], [151.099089, -33.993517], [151.100136, -33.991453], [151.101378, -33.990788], [151.101745, -33.988883], [151.103798, -33.989403], [151.104156, -33.991378], [151.102148, -33.993372], [151.104218, -33.994221], [151.104785, -33.99699], [151.102179, -34.000398], [151.102494, -34.000906], [151.105803, -33.999601], [151.109356, -34.000497], [151.112258, -33.998815], [151.11026, -33.997146], [151.11096, -33.996686], [151.113736, -33.996236], [151.115525, -33.997426], [151.114089, -34.000541], [151.114522, -34.001215], [151.112993, -34.003536], [151.11352, -34.00368], [151.114687, -34.001294]]]}}, {"type": "Feature", "properties": {"index": "BNLG", "division": "Bennelong", "state": "New South Wales", "year": "1992", "proclaimed": "19920131", "quota": "0", "electors": "0", "deviation": ""}, "geometry": {"type": "Polygon", "coordinates": [[[151.084359, -33.818674], [151.088674, -33.820989], [151.092828, -33.819609], [151.094077, -33.82053], [151.094317, -33.822201], [151.099869, -33.824636], [151.099337, -33.826209], [151.101222, -33.827354], [151.101513, -33.830862], [151.103044, -33.830189], [151.108068, -33.831081], [151.1088, -33.832501], [151.108625, -33.835555], [151.111926, -33.834452], [151.110767, -33.829913], [151.112863, -33.829724], [151.113587, -33.830094], [151.114011, -33.832419], [151.116151, -33.833803], [151.114825, -33.835143], [151.115256, -33.837016], [151.117198, -33.836861], [151.11884, -33.834729], [151.119092, -33.832836], [151.119771, -33.832693], [151.121235, -33.835149], [151.119992, -33.836208], [151.119883, -33.838032], [151.122401, -33.838535], [151.125198, -33.841767], [151.125927, -33.841368], [151.125602, -33.839558], [151.126278, -33.838538], [151.128289, -33.841693], [151.130888, -33.84045], [151.132926, -33.840664], [151.133837, -33.844837], [151.137971, -33.844723], [151.138728, -33.84407], [151.137386, -33.842189], [151.139559, -33.841493], [151.141555, -33.842144], [151.143677, -33.84009], [151.14481, -33.8411], [151.146452, -33.841174], [151.148783, -33.839386], [151.148861, -33.838677], [151.147176, -33.83809], [151.141452, -33.83743], [151.139951, -33.836514], [151.136924, -33.837366], [151.135902, -33.836469], [151.13744, -33.836982], [151.143088, -33.835565], [151.144107, -33.836691], [151.148661, -33.837428], [151.151669, -33.837648], [151.153336, -33.8365], [151.153559, -33.838277], [151.156979, -33.839343], [151.158348, -33.841021], [151.158555, -33.842838], [151.161206, -33.844774], [151.16199, -33.844643], [151.162173, -33.841964], [151.167976, -33.843637], [151.169241, -33.842783], [151.174315, -33.843065], [151.173549, -33.838818], [151.176834, -33.838619], [151.180284, -33.836201], [151.17745, -33.835175], [151.169325, -33.839309], [151.164513, -33.837398], [151.162132, -33.837605], [151.160647, -33.836081], [151.161753, -33.834045], [151.158546, -33.834077], [151.156898, -33.83243], [151.152977, -33.830804], [151.148994, -33.83189], [151.143844, -33.829174], [151.142527, -33.827023], [151.143526, -33.826667], [151.143554, -33.825263], [151.144788, -33.826371], [151.147032, -33.825447], [151.146905, -33.82003], [151.143717, -33.81795], [151.139419, -33.818518], [151.138738, -33.81589], [151.136883, -33.815139], [151.139232, -33.815529], [151.14047, -33.817149], [151.143724, -33.816767], [151.143455, -33.815218], [151.140842, -33.814182], [151.14076, -33.8116], [151.139059, -33.809379], [151.141723, -33.809896], [151.140877, -33.807005], [151.143542, -33.805595], [151.143969, -33.804083], [151.143298, -33.802904], [151.143594, -33.802934], [151.142983, -33.802192], [151.143507, -33.801195], [151.144613, -33.799957], [151.146598, -33.799654], [151.148071, -33.799265], [151.149374, -33.799011], [151.150634, -33.799702], [151.151398, -33.799222], [151.152417, -33.798879], [151.152891, -33.799411], [151.153255, -33.800452], [151.153997, -33.800517], [151.155635, -33.80011], [151.15656, -33.800321], [151.157077, -33.800874], [151.158271, -33.800175], [151.158993, -33.798884], [151.158488, -33.797923], [151.157819, -33.796656], [151.157309, -33.795326], [151.157104, -33.794044], [151.156585, -33.792194], [151.156036, -33.791496], [151.154882, -33.791774], [151.154011, -33.791566], [151.152612, -33.790791], [151.152389, -33.791569], [151.15179, -33.792233], [151.149569, -33.792848], [151.149139, -33.794037], [151.148424, -33.793771], [151.147797, -33.792817], [151.147382, -33.791498], [151.147228, -33.790507], [151.147313, -33.789892], [151.147081, -33.789003], [151.14692, -33.788269], [151.148621, -33.787899], [151.148031, -33.787072], [151.146698, -33.786116], [151.145553, -33.785825], [151.144648, -33.785176], [151.1445, -33.783861], [151.143964, -33.783313], [151.143246, -33.782732], [151.143024, -33.781758], [151.142409, -33.781624], [151.14176, -33.781724], [151.140957, -33.782185], [151.139931, -33.782254], [151.139744, -33.781177], [151.13947, -33.780425], [151.139726, -33.779469], [151.140411, -33.777496], [151.140121, -33.776318], [151.139333, -33.775983], [151.137761, -33.775316], [151.137257, -33.775769], [151.136224, -33.775863], [151.13549, -33.775705], [151.134481, -33.77502], [151.133678, -33.77506], [151.132943, -33.774735], [151.13327, -33.773689], [151.132772, -33.773044], [151.131911, -33.772933], [151.130431, -33.772343], [151.128193, -33.772189], [151.127475, -33.772241], [151.12611, -33.772757], [151.125151, -33.771762], [151.124252, -33.771568], [151.123932, -33.770939], [151.123306, -33.770139], [151.122621, -33.770011], [151.122021, -33.769788], [151.121665, -33.76843], [151.121011, -33.76834], [151.120224, -33.767998], [151.120196, -33.767354], [151.12035, -33.766482], [151.120008, -33.765987], [151.119905, -33.764927], [151.119406, -33.763079], [151.119017, -33.762723], [151.117923, -33.762176], [151.117308, -33.761493], [151.116112, -33.761373], [151.114044, -33.761544], [151.111232, -33.761976], [151.110114, -33.762655], [151.10844, -33.762416], [151.106646, -33.761886], [151.105569, -33.760416], [151.10562, -33.759955], [151.105174, -33.759148], [151.105299, -33.7585], [151.105418, -33.757282], [151.104431, -33.756753], [151.103398, -33.755885], [151.102698, -33.754948], [151.101964, -33.75406], [151.100784, -33.754519], [151.100288, -33.753308], [151.099448, -33.752542], [151.098647, -33.75244], [151.097538, -33.751994], [151.096223, -33.752016], [151.095531, -33.752324], [151.094716, -33.752382], [151.09342, -33.752397], [151.092254, -33.75236], [151.09132, -33.752305], [151.089999, -33.752227], [151.089373, -33.752615], [151.088776, -33.753445], [151.087829, -33.753576], [151.086926, -33.753372], [151.086155, -33.753736], [151.085762, -33.754115], [151.086111, -33.754799], [151.086029, -33.755407], [151.085413, -33.756039], [151.084694, -33.756602], [151.084338, -33.757615], [151.083861, -33.758633], [151.083549, -33.759313], [151.083155, -33.760914], [151.08368, -33.761613], [151.084072, -33.762519], [151.084083, -33.763478], [151.083579, -33.76433], [151.082748, -33.765515], [151.081932, -33.767029], [151.081229, -33.768882], [151.081468, -33.77107], [151.070962, -33.77313], [151.061607, -33.775363], [151.062888, -33.779289], [151.064752, -33.779202], [151.065014, -33.779988], [151.065581, -33.780454], [151.066178, -33.780687], [151.065945, -33.781327], [151.065509, -33.781968], [151.066208, -33.782317], [151.067023, -33.7829], [151.0681, -33.783919], [151.063048, -33.785888], [151.064344, -33.787617], [151.065764, -33.790864], [151.066374, -33.792665], [151.065698, -33.794231], [151.065127, -33.795035], [151.065261, -33.796496], [151.066001, -33.797851], [151.066104, -33.802483], [151.06679, -33.803517], [151.070051, -33.806079], [151.070284, -33.806895], [151.071711, -33.807623], [151.074885, -33.812602], [151.076312, -33.817349], [151.077676, -33.817658], [151.079456, -33.818373], [151.079498, -33.819249], [151.084359, -33.818674]]]}}, {"type": "Feature", "properties": {"index": "BRWA", "division": "Berowra", "state": "New South Wales", "year": "1992", "proclaimed": "19920131", "quota": "0", "electors": "0", "deviation": ""}, "geometry": {"type": "MultiPolygon", "coordinates": [[[[151.161708, -33.657469], [151.15985, -33.65559], [151.15869, -33.652331], [151.155866, -33.652427], [151.155309, -33.651828], [151.149449, -33.655463], [151.153123, -33.652464], [151.158646, -33.650526], [151.162978, -33.646504], [151.162421, -33.645485], [151.159165, -33.645269], [151.161809, -33.644264], [151.162321, -33.641996], [151.158467, -33.641126], [151.161607, -33.640118], [151.163812, -33.636814], [151.162303, -33.635929], [151.166506, -33.63456], [151.167733, -33.631785], [151.16997, -33.630394], [151.170368, -33.629078], [151.169885, -33.627623], [151.165526, -33.62754], [151.163926, -33.625865], [151.166619, -33.626566], [151.169819, -33.625439], [151.171174, -33.623827], [151.175328, -33.622945], [151.175582, -33.620174], [151.176933, -33.62036], [151.176804, -33.621223], [151.177982, -33.622124], [151.180414, -33.622414], [151.182431, -33.620237], [151.18719, -33.617898], [151.194285, -33.618708], [151.195351, -33.616882], [151.198733, -33.614863], [151.194855, -33.612153], [151.201434, -33.612328], [151.20343, -33.611557], [151.203487, -33.610357], [151.205566, -33.609111], [151.208398, -33.610483], [151.210544, -33.608465], [151.213105, -33.607855], [151.213616, -33.606342], [151.212771, -33.605359], [151.213058, -33.601661], [151.207896, -33.599694], [151.211213, -33.59946], [151.213827, -33.596733], [151.210744, -33.595932], [151.209058, -33.593964], [151.206765, -33.593921], [151.204973, -33.592821], [151.203683, -33.593209], [151.201366, -33.596284], [151.202104, -33.592287], [151.198964, -33.592657], [151.195441, -33.590907], [151.192952, -33.592203], [151.189061, -33.592835], [151.186312, -33.592116], [151.188468, -33.592551], [151.191756, -33.591716], [151.192896, -33.590524], [151.192331, -33.589084], [151.199504, -33.590496], [151.201773, -33.589921], [151.208906, -33.59097], [151.211312, -33.589976], [151.213358, -33.592464], [151.215787, -33.592597], [151.219472, -33.594318], [151.220629, -33.594013], [151.21948, -33.592547], [151.220244, -33.591624], [151.223386, -33.592363], [151.224543, -33.593803], [151.225297, -33.593321], [151.225185, -33.591822], [151.227864, -33.59319], [151.232759, -33.594043], [151.233465, -33.593476], [151.233331, -33.590094], [151.235397, -33.589696], [151.237243, -33.587551], [151.237466, -33.585891], [151.24211, -33.584795], [151.242478, -33.583683], [151.243999, -33.582825], [151.24323, -33.581177], [151.245082, -33.579405], [151.246952, -33.579213], [151.246934, -33.578339], [151.244104, -33.576368], [151.243008, -33.573309], [151.240873, -33.573317], [151.240329, -33.572622], [151.240269, -33.570411], [151.241967, -33.569915], [151.234458, -33.565633], [151.231023, -33.561429], [151.229806, -33.562352], [151.228952, -33.565206], [151.22562, -33.567442], [151.226454, -33.570585], [151.224715, -33.570811], [151.223506, -33.572187], [151.224131, -33.574986], [151.221943, -33.575872], [151.221063, -33.573503], [151.215263, -33.571712], [151.212894, -33.572681], [151.214068, -33.56916], [151.211539, -33.568121], [151.211241, -33.567209], [151.21391, -33.566596], [151.220382, -33.570325], [151.221956, -33.569449], [151.22097, -33.566456], [151.21868, -33.564935], [151.219608, -33.563292], [151.223701, -33.562001], [151.224138, -33.560059], [151.225631, -33.558954], [151.225549, -33.557681], [151.223094, -33.55574], [151.228427, -33.554394], [151.229, -33.551307], [151.2314, -33.550778], [151.230335, -33.547766], [151.233105, -33.547499], [151.231212, -33.546445], [151.227303, -33.546453], [151.231204, -33.539986], [151.230923, -33.538454], [151.229645, -33.537675], [151.227626, -33.537922], [151.218468, -33.54205], [151.203578, -33.542139], [151.202188, -33.544055], [151.20373, -33.545421], [151.209174, -33.54513], [151.228985, -33.541529], [151.22722, -33.545766], [151.225898, -33.54703], [151.221797, -33.546615], [151.219223, -33.545486], [151.21328, -33.547499], [151.201063, -33.548849], [151.200758, -33.549664], [151.19853, -33.549974], [151.198115, -33.549304], [151.199727, -33.546817], [151.198338, -33.543793], [151.19994, -33.541837], [151.193354, -33.540094], [151.188192, -33.536506], [151.186148, -33.536773], [151.186624, -33.534683], [151.18512, -33.529322], [151.180088, -33.526409], [151.179978, -33.525663], [151.181215, -33.525378], [151.177495, -33.518085], [151.17696, -33.514671], [151.175635, -33.513995], [151.174597, -33.514956], [151.172522, -33.524214], [151.169815, -33.526712], [151.164184, -33.529131], [151.163651, -33.532343], [151.165382, -33.535522], [151.170059, -33.538633], [151.168506, -33.539147], [151.16755, -33.537901], [151.160479, -33.5342], [151.158399, -33.534621], [151.154912, -33.533735], [151.15024, -33.535429], [151.148863, -33.536804], [151.148583, -33.539758], [151.15166, -33.540495], [151.154863, -33.542909], [151.155148, -33.546165], [151.158465, -33.549136], [151.162701, -33.550057], [151.165296, -33.551667], [151.167102, -33.556266], [151.169581, -33.55851], [151.166646, -33.557029], [151.163931, -33.553314], [151.161758, -33.551826], [151.158015, -33.552451], [151.153382, -33.549829], [151.151753, -33.551425], [151.151127, -33.553234], [151.152054, -33.554026], [151.151457, -33.555708], [151.152142, -33.557748], [151.154331, -33.559839], [151.159836, -33.562104], [151.157578, -33.564242], [151.155072, -33.564807], [151.159158, -33.568221], [151.158346, -33.569243], [151.155425, -33.5687], [151.155392, -33.570166], [151.158122, -33.57359], [151.161706, -33.57465], [151.162249, -33.575775], [151.161523, -33.574878], [151.157027, -33.574376], [151.156144, -33.572907], [151.151103, -33.569991], [151.15015, -33.568554], [151.146349, -33.572163], [151.142539, -33.571514], [151.140871, -33.573139], [151.139395, -33.572326], [151.139511, -33.571045], [151.136427, -33.57177], [151.133637, -33.571006], [151.133193, -33.57525], [151.135192, -33.577405], [151.135479, -33.578984], [151.136864, -33.579346], [151.136146, -33.580942], [151.138394, -33.581313], [151.14155, -33.583477], [151.146165, -33.582802], [151.143728, -33.583624], [151.144255, -33.587115], [151.143313, -33.583847], [151.140712, -33.584489], [151.136846, -33.583083], [151.134795, -33.584161], [151.132105, -33.581432], [151.130314, -33.583986], [151.128737, -33.583579], [151.126017, -33.584933], [151.126621, -33.588676], [151.123518, -33.585831], [151.121646, -33.588871], [151.119096, -33.588709], [151.119026, -33.591458], [151.122248, -33.592431], [151.124491, -33.594866], [151.125713, -33.600336], [151.120234, -33.59925], [151.119924, -33.59842], [151.122259, -33.597974], [151.122735, -33.596475], [151.120584, -33.594377], [151.118645, -33.594329], [151.11702, -33.592595], [151.115983, -33.587418], [151.111564, -33.588482], [151.109666, -33.590118], [151.109666, -33.588285], [151.108622, -33.587613], [151.102778, -33.587778], [151.104471, -33.586667], [151.107476, -33.586166], [151.111173, -33.586902], [151.114704, -33.585539], [151.120054, -33.586003], [151.122261, -33.583409], [151.125048, -33.582482], [151.125104, -33.581767], [151.127805, -33.580732], [151.129048, -33.579216], [151.131477, -33.578359], [151.12959, -33.577353], [151.130416, -33.572973], [151.128499, -33.571948], [151.130975, -33.567866], [151.134046, -33.567209], [151.137027, -33.56782], [151.141533, -33.565988], [151.144318, -33.567716], [151.144269, -33.565178], [151.142184, -33.564714], [151.144622, -33.563666], [151.146264, -33.565395], [151.147591, -33.565572], [151.148505, -33.564109], [151.15059, -33.563461], [151.151464, -33.562214], [151.150773, -33.560957], [151.148981, -33.560515], [151.148193, -33.55814], [151.146542, -33.5579], [151.147099, -33.550765], [151.148382, -33.548004], [151.147084, -33.546827], [151.1477, -33.544028], [151.144903, -33.542073], [151.143643, -33.542077], [151.140882, -33.544634], [151.141031, -33.547723], [151.138763, -33.550485], [151.136899, -33.549694], [151.132386, -33.550243], [151.131284, -33.549201], [151.133712, -33.548893], [151.137586, -33.546416], [151.132612, -33.543361], [151.129535, -33.542897], [151.128267, -33.541631], [151.124783, -33.543113], [151.120824, -33.543222], [151.119526, -33.545665], [151.116951, -33.546207], [151.118735, -33.542719], [151.121552, -33.540524], [151.122261, -33.541175], [151.12374, -33.540933], [151.127088, -33.537627], [151.131579, -33.540255], [151.13427, -33.540299], [151.136004, -33.541744], [151.137583, -33.541965], [151.140542, -33.538784], [151.140516, -33.535484], [151.141758, -33.534324], [151.141081, -33.532148], [151.14335, -33.529813], [151.142982, -33.528904], [151.138679, -33.528729], [151.137469, -33.527926], [151.135789, -33.522252], [151.132707, -33.526135], [151.130754, -33.527012], [151.129165, -33.529212], [151.12637, -33.531096], [151.127853, -33.526889], [151.131501, -33.522742], [151.131303, -33.519283], [151.121711, -33.521528], [151.122465, -33.518757], [151.119424, -33.513032], [151.115322, -33.509705], [151.111753, -33.508936], [151.111449, -33.507042], [151.113273, -33.505417], [151.116979, -33.504666], [151.122315, -33.504334], [151.130175, -33.50509], [151.130476, -33.505866], [151.123176, -33.508421], [151.121259, -33.510594], [151.121181, -33.511884], [151.123304, -33.515834], [151.125504, -33.517763], [151.127778, -33.517217], [151.129337, -33.513348], [151.133765, -33.513375], [151.136177, -33.514681], [151.135503, -33.51778], [151.137923, -33.518429], [151.139091, -33.519745], [151.140763, -33.524378], [151.145112, -33.522245], [151.148461, -33.523028], [151.150378, -33.52076], [151.152804, -33.522843], [151.153209, -33.524453], [151.153931, -33.523913], [151.154455, -33.522348], [151.153272, -33.520869], [151.154464, -33.519705], [151.15353, -33.517898], [151.152179, -33.517379], [151.153296, -33.514672], [151.152526, -33.508791], [151.153354, -33.502556], [151.155275, -33.49895], [151.153906, -33.49766], [151.14606, -33.495776], [151.142507, -33.496627], [151.135225, -33.492053], [151.132068, -33.492767], [151.131294, -33.491264], [151.133746, -33.4897], [151.134506, -33.488069], [151.136845, -33.488824], [151.138414, -33.490676], [151.143281, -33.490999], [151.145975, -33.484971], [151.148141, -33.48261], [151.150217, -33.474673], [151.152734, -33.473477], [151.15562, -33.467419], [151.154591, -33.465294], [151.153759, -33.465111], [151.149143, -33.470848], [151.146302, -33.47297], [151.142188, -33.474809], [151.138404, -33.475394], [151.135498, -33.474764], [151.130859, -33.472061], [151.126042, -33.46667], [151.124574, -33.466412], [151.12597, -33.467421], [151.12547, -33.467671], [151.122384, -33.466638], [151.120947, -33.468214], [151.123615, -33.468417], [151.123523, -33.46944], [151.117296, -33.470776], [151.114272, -33.472495], [151.113673, -33.473374], [151.114387, -33.473528], [151.113234, -33.474772], [151.10874, -33.477371], [151.105133, -33.483292], [151.102239, -33.484163], [151.097615, -33.483541], [151.090045, -33.480637], [151.084709, -33.473794], [151.079928, -33.455012], [151.079761, -33.448845], [151.078091, -33.448227], [151.07659, -33.449505], [151.076367, -33.451951], [151.078341, -33.455543], [151.078627, -33.458068], [151.077064, -33.460844], [151.072851, -33.46259], [151.073125, -33.464807], [151.073679, -33.466875], [151.072776, -33.469379], [151.07065, -33.469495], [151.068379, -33.468418], [151.066544, -33.466613], [151.063195, -33.466321], [151.059876, -33.465943], [151.05775, -33.464429], [151.055508, -33.46338], [151.054401, -33.463118], [151.0528, -33.461487], [151.050732, -33.461517], [151.047471, -33.463002], [151.045374, -33.464341], [151.04616, -33.466438], [151.046277, -33.468039], [151.047296, -33.470223], [151.046626, -33.472466], [151.044908, -33.473718], [151.043015, -33.472437], [151.041705, -33.471563], [151.038065, -33.470748], [151.037628, -33.468651], [151.034541, -33.466263], [151.030319, -33.46702], [151.024378, -33.466904], [151.023359, -33.474213], [151.023912, -33.476921], [151.024408, -33.480095], [151.023097, -33.482483], [151.023563, -33.484783], [151.025048, -33.486647], [151.025951, -33.488132], [151.026446, -33.490491], [151.025136, -33.493636], [151.025077, -33.4955], [151.026126, -33.49748], [151.027116, -33.500013], [151.02697, -33.502459], [151.026067, -33.50674], [151.025601, -33.50907], [151.029154, -33.517252], [151.026402, -33.520441], [151.023519, -33.524256], [151.01985, -33.52644], [151.015715, -33.529002], [151.01356, -33.529526], [151.011609, -33.532089], [151.012861, -33.535496], [151.01391, -33.538262], [151.012687, -33.541378], [151.011231, -33.543941], [151.013386, -33.548047], [151.012803, -33.550347], [151.010328, -33.554162], [151.009076, -33.556666], [151.011231, -33.561384], [151.011143, -33.563859], [151.009134, -33.566946], [151.007998, -33.569295], [151.009949, -33.571285], [151.012803, -33.571605], [151.013336, -33.575431], [151.013491, -33.578606], [151.011276, -33.581953], [151.01283, -33.584391], [151.01027, -33.589179], [151.007241, -33.593197], [151.006688, -33.595207], [151.006542, -33.598788], [151.008726, -33.602516], [151.013269, -33.604933], [151.01621, -33.606971], [151.018132, -33.609359], [151.019334, -33.612767], [151.020054, -33.615853], [151.022442, -33.619231], [151.023461, -33.621502], [151.023548, -33.624298], [151.022325, -33.626947], [151.022325, -33.629161], [151.022588, -33.631811], [151.022209, -33.636033], [151.021947, -33.63912], [151.022529, -33.642236], [151.021625, -33.645834], [151.021394, -33.648496], [151.020054, -33.651467], [151.020899, -33.655107], [151.023985, -33.660552], [151.025703, -33.662154], [151.026169, -33.663144], [151.025237, -33.665765], [151.026024, -33.667017], [151.025237, -33.669346], [151.025237, -33.671093], [151.02646, -33.674879], [151.027247, -33.677354], [151.02827, -33.679423], [151.02847, -33.682159], [151.027829, -33.68411], [151.02739, -33.686559], [151.027851, -33.687667], [151.0301, -33.689293], [151.031615, -33.690953], [151.032144, -33.692701], [151.030741, -33.694797], [151.030159, -33.696806], [151.028732, -33.699311], [151.027218, -33.702048], [151.025945, -33.705633], [151.024917, -33.708571], [151.024597, -33.710114], [151.025791, -33.712327], [151.027764, -33.715508], [151.029227, -33.717569], [151.03143, -33.719853], [151.033915, -33.721733], [151.035633, -33.722578], [151.037759, -33.723946], [151.038899, -33.724903], [151.039712, -33.72716], [151.040904, -33.728693], [151.041574, -33.72945], [151.042561, -33.730685], [151.043583, -33.731838], [151.044606, -33.733847], [151.045651, -33.735769], [151.046653, -33.737137], [151.047165, -33.738419], [151.047776, -33.740457], [151.047427, -33.742205], [151.047077, -33.743631], [151.04865, -33.745466], [151.049294, -33.747309], [151.049645, -33.748852], [151.049045, -33.751038], [151.04814, -33.752696], [151.04791, -33.754658], [151.048621, -33.756531], [151.048984, -33.758987], [151.048504, -33.761045], [151.047756, -33.763187], [151.047456, -33.765908], [151.047849, -33.767372], [151.050878, -33.7704], [151.051268, -33.773961], [151.052177, -33.7776], [151.061607, -33.775363], [151.070962, -33.77313], [151.081468, -33.77107], [151.081229, -33.768882], [151.081932, -33.767029], [151.082748, -33.765515], [151.083579, -33.76433], [151.084083, -33.763478], [151.084072, -33.762519], [151.08368, -33.761613], [151.083155, -33.760914], [151.083549, -33.759313], [151.083861, -33.758633], [151.084338, -33.757615], [151.084694, -33.756602], [151.085413, -33.756039], [151.086029, -33.755407], [151.086111, -33.754799], [151.085762, -33.754115], [151.086155, -33.753736], [151.086926, -33.753372], [151.087829, -33.753576], [151.088776, -33.753445], [151.089373, -33.752615], [151.089999, -33.752227], [151.09132, -33.752305], [151.092254, -33.75236], [151.09342, -33.752397], [151.094716, -33.752382], [151.095531, -33.752324], [151.096223, -33.752016], [151.097538, -33.751994], [151.098647, -33.75244], [151.099448, -33.752542], [151.100288, -33.753308], [151.099674, -33.750284], [151.112267, -33.74796], [151.112011, -33.747259], [151.112472, -33.745755], [151.111598, -33.74474], [151.116298, -33.739629], [151.111998, -33.736357], [151.116375, -33.731723], [151.115992, -33.727763], [151.119512, -33.727079], [151.119447, -33.725057], [151.118197, -33.722585], [151.117417, -33.720754], [151.116454, -33.719902], [151.113959, -33.718908], [151.110096, -33.718698], [151.114096, -33.713563], [151.116744, -33.709565], [151.117684, -33.70707], [151.118043, -33.703926], [151.118009, -33.70116], [151.119324, -33.698116], [151.121306, -33.694254], [151.121627, -33.692144], [151.122383, -33.691811], [151.122896, -33.690564], [151.123562, -33.689487], [151.123835, -33.688445], [151.125083, -33.688154], [151.125031, -33.688701], [151.125732, -33.689265], [151.126433, -33.688838], [151.1278, -33.689026], [151.128568, -33.689555], [151.129459, -33.6889], [151.129918, -33.68783], [151.131388, -33.687864], [151.132345, -33.686941], [151.13337, -33.685779], [151.134442, -33.685545], [151.134842, -33.684967], [151.13689, -33.684532], [151.137642, -33.683472], [151.13689, -33.682516], [151.138001, -33.681234], [151.13824, -33.679662], [151.138077, -33.678037], [151.138889, -33.677765], [151.140512, -33.678022], [151.143315, -33.676603], [151.144186, -33.675339], [151.146015, -33.674604], [151.147655, -33.673801], [151.148228, -33.673056], [151.147757, -33.671733], [151.148338, -33.670093], [151.149825, -33.669393], [151.151633, -33.669258], [151.15367, -33.667393], [151.155413, -33.66712], [151.154989, -33.666112], [151.154165, -33.665257], [151.154172, -33.663906], [151.155293, -33.66348], [151.156694, -33.66319], [151.157771, -33.662216], [151.158796, -33.660353], [151.160092, -33.659893], [151.161708, -33.657469]]], [[[151.176395, -33.508033], [151.176047, -33.509718], [151.177901, -33.510632], [151.178829, -33.517286], [151.183015, -33.519315], [151.182914, -33.516192], [151.181003, -33.512917], [151.180521, -33.51039], [151.177446, -33.507316], [151.176395, -33.508033]]], [[[151.243785, -33.537085], [151.237826, -33.536685], [151.236202, -33.537461], [151.234785, -33.54057], [151.235388, -33.541626], [151.237939, -33.54244], [151.239266, -33.540213], [151.24281, -33.540033], [151.243089, -33.538866], [151.243785, -33.537085]]], [[[151.153575, -33.528225], [151.154009, -33.526801], [151.153282, -33.525239], [151.152462, -33.525909], [151.152014, -33.527973], [151.153575, -33.528225]]]]}}, {"type": "Feature", "properties": {"index": "BLXD", "division": "Blaxland", "state": "New South Wales", "year": "1992", "proclaimed": "19920131", "quota": "0", "electors": "0", "deviation": ""}, "geometry": {"type": "Polygon", "coordinates": [[[150.981113, -33.929628], [150.984943, -33.929163], [150.990621, -33.929789], [150.995892, -33.930808], [151.001221, -33.932526], [151.018467, -33.93835], [151.027186, -33.933782], [151.036761, -33.934474], [151.042374, -33.932468], [151.056898, -33.930866], [151.064499, -33.930517], [151.07191, -33.928668], [151.068489, -33.922851], [151.073693, -33.921095], [151.069334, -33.91431], [151.068415, -33.915112], [151.067585, -33.913816], [151.06972, -33.912549], [151.070831, -33.912414], [151.071312, -33.913067], [151.071831, -33.913223], [151.074006, -33.912273], [151.074978, -33.910738], [151.074851, -33.910191], [151.075501, -33.909687], [151.065163, -33.907888], [151.065374, -33.90687], [151.067935, -33.907315], [151.068299, -33.906165], [151.06444, -33.905553], [151.064426, -33.904738], [151.067221, -33.88945], [151.067868, -33.887142], [151.068667, -33.885996], [151.06633, -33.886244], [151.06379, -33.886965], [151.062342, -33.887796], [151.059708, -33.889654], [151.058456, -33.890149], [151.059504, -33.883233], [151.056838, -33.883836], [151.051089, -33.883939], [151.050943, -33.886007], [151.029787, -33.887668], [150.994814, -33.86832], [150.990459, -33.864048], [150.990381, -33.864155], [150.978322, -33.88056], [150.973244, -33.889784], [150.97112, -33.889127], [150.969363, -33.88928], [150.967274, -33.890199], [150.968244, -33.891478], [150.968457, -33.89297], [150.96839, -33.894212], [150.968461, -33.896367], [150.970164, -33.897363], [150.972057, -33.898324], [150.97229, -33.900421], [150.974328, -33.902081], [150.976425, -33.90409], [150.978085, -33.905197], [150.978842, -33.90709], [150.978143, -33.908487], [150.977066, -33.909041], [150.975611, -33.908371], [150.974066, -33.907002], [150.973457, -33.907921], [150.973222, -33.910613], [150.974363, -33.913026], [150.974357, -33.913758], [150.973542, -33.916262], [150.973629, -33.919116], [150.975027, -33.922654], [150.975872, -33.924067], [150.977051, -33.925697], [150.97858, -33.927983], [150.97842, -33.929017], [150.981113, -33.929628]]]}}, {"type": "Feature", "properties": {"index": "BFLD", "division": "Bradfield", "state": "New South Wales", "year": "1992", "proclaimed": "19920131", "quota": "0", "electors": "0", "deviation": ""}, "geometry": {"type": "Polygon", "coordinates": [[[151.160421, -33.798781], [151.161259, -33.79928], [151.161914, -33.79879], [151.162803, -33.799029], [151.163776, -33.798995], [151.165552, -33.799126], [151.166206, -33.799599], [151.167991, -33.799924], [151.16866, -33.796933], [151.170184, -33.796586], [151.171566, -33.796242], [151.17273, -33.796295], [151.173684, -33.796216], [151.175102, -33.795736], [151.176756, -33.795725], [151.178011, -33.796067], [151.17866, -33.794792], [151.1796, -33.793732], [151.179984, -33.792652], [151.18036, -33.791061], [151.195555, -33.786322], [151.196523, -33.785287], [151.197302, -33.784813], [151.198447, -33.784522], [151.199355, -33.78452], [151.200275, -33.784898], [151.20101, -33.785189], [151.202138, -33.785496], [151.202582, -33.785684], [151.203518, -33.786678], [151.203947, -33.786821], [151.205492, -33.786732], [151.207828, -33.787905], [151.208819, -33.78811], [151.20969, -33.789255], [151.211058, -33.789029], [151.212025, -33.789216], [151.212643, -33.789484], [151.213432, -33.788905], [151.214458, -33.789537], [151.214819, -33.78996], [151.216842, -33.791687], [151.219258, -33.790511], [151.221242, -33.791983], [151.225359, -33.793314], [151.226388, -33.792565], [151.22567, -33.791555], [151.229425, -33.791338], [151.230176, -33.790581], [151.23128, -33.791667], [151.232622, -33.790705], [151.232505, -33.787491], [151.230055, -33.785082], [151.222594, -33.786318], [151.220429, -33.785211], [151.217938, -33.785599], [151.216204, -33.784387], [151.213378, -33.784277], [151.211639, -33.778909], [151.207226, -33.778819], [151.207284, -33.776441], [151.203719, -33.774083], [151.203235, -33.773939], [151.202146, -33.7733], [151.202232, -33.772001], [151.202471, -33.771079], [151.202039, -33.770287], [151.20136, -33.7699], [151.201046, -33.769791], [151.200796, -33.769148], [151.199855, -33.768809], [151.1989, -33.768755], [151.198404, -33.766978], [151.198507, -33.765696], [151.198643, -33.765047], [151.198831, -33.764643], [151.198404, -33.764073], [151.198353, -33.763321], [151.198095, -33.762193], [151.197123, -33.761664], [151.195841, -33.761185], [151.194457, -33.760741], [151.193375, -33.760059], [151.192274, -33.75921], [151.191518, -33.758332], [151.191398, -33.75746], [151.19136, -33.756638], [151.192133, -33.75611], [151.192697, -33.755512], [151.193585, -33.754914], [151.194702, -33.754139], [151.194406, -33.753376], [151.19526, -33.753359], [151.196234, -33.753735], [151.197618, -33.753821], [151.198691, -33.754301], [151.199276, -33.753855], [151.199774, -33.753267], [151.20095, -33.75324], [151.203359, -33.753257], [151.204333, -33.753171], [151.205418, -33.753503], [151.206196, -33.753581], [151.20677, -33.754003], [151.208046, -33.754132], [151.209403, -33.754052], [151.211271, -33.753581], [151.212569, -33.753376], [151.213287, -33.753], [151.214432, -33.751275], [151.215235, -33.75042], [151.216175, -33.749925], [151.216927, -33.749788], [151.21843, -33.750437], [151.219233, -33.74772], [151.218687, -33.747515], [151.215455, -33.745173], [151.215235, -33.74514], [151.215867, -33.739689], [151.213567, -33.734881], [151.213953, -33.731778], [151.217901, -33.728378], [151.22082, -33.728393], [151.220474, -33.726768], [151.21733, -33.722204], [151.217012, -33.721338], [151.217832, -33.71088], [151.217196, -33.707118], [151.21286, -33.700543], [151.206401, -33.703516], [151.202351, -33.707514], [151.19391, -33.709718], [151.191996, -33.709274], [151.194389, -33.703037], [151.190629, -33.702132], [151.188818, -33.700662], [151.187349, -33.700491], [151.184888, -33.700167], [151.178549, -33.698851], [151.174909, -33.697023], [151.174123, -33.695519], [151.173405, -33.693742], [151.173269, -33.69217], [151.171406, -33.691674], [151.167459, -33.688206], [151.166536, -33.686548], [151.165733, -33.685677], [151.16628, -33.684839], [151.167664, -33.683814], [151.169168, -33.682174], [151.170022, -33.680773], [151.170415, -33.679611], [151.170501, -33.678568], [151.17127, -33.677953], [151.171321, -33.677184], [151.170569, -33.676791], [151.168604, -33.67633], [151.168433, -33.674895], [151.167562, -33.67363], [151.166912, -33.672622], [151.167664, -33.671956], [151.168304, -33.671329], [151.167339, -33.67011], [151.167955, -33.668658], [151.16816, -33.667513], [151.167083, -33.667052], [151.166468, -33.666231], [151.166553, -33.665309], [151.165955, -33.664676], [151.164947, -33.664181], [151.163563, -33.663549], [151.161657, -33.661867], [151.161325, -33.661156], [151.160737, -33.659937], [151.15969, -33.660497], [151.160092, -33.659893], [151.158796, -33.660353], [151.157771, -33.662216], [151.156694, -33.66319], [151.155293, -33.66348], [151.154172, -33.663906], [151.154165, -33.665257], [151.154989, -33.666112], [151.155413, -33.66712], [151.15367, -33.667393], [151.151633, -33.669258], [151.149825, -33.669393], [151.148338, -33.670093], [151.147757, -33.671733], [151.148228, -33.673056], [151.147655, -33.673801], [151.146015, -33.674604], [151.144186, -33.675339], [151.143315, -33.676603], [151.140512, -33.678022], [151.138889, -33.677765], [151.138077, -33.678037], [151.13824, -33.679662], [151.138001, -33.681234], [151.13689, -33.682516], [151.137642, -33.683472], [151.13689, -33.684532], [151.134842, -33.684967], [151.134442, -33.685545], [151.13337, -33.685779], [151.132345, -33.686941], [151.131388, -33.687864], [151.129918, -33.68783], [151.129459, -33.6889], [151.128568, -33.689555], [151.1278, -33.689026], [151.126433, -33.688838], [151.125732, -33.689265], [151.125031, -33.688701], [151.125083, -33.688154], [151.123835, -33.688445], [151.123562, -33.689487], [151.122896, -33.690564], [151.122383, -33.691811], [151.121627, -33.692144], [151.121306, -33.694254], [151.119324, -33.698116], [151.118009, -33.70116], [151.118043, -33.703926], [151.117684, -33.70707], [151.116744, -33.709565], [151.114096, -33.713563], [151.110096, -33.718698], [151.113959, -33.718908], [151.116454, -33.719902], [151.117417, -33.720754], [151.118197, -33.722585], [151.119447, -33.725057], [151.119512, -33.727079], [151.115992, -33.727763], [151.116375, -33.731723], [151.111998, -33.736357], [151.116298, -33.739629], [151.111598, -33.74474], [151.112472, -33.745755], [151.112011, -33.747259], [151.112267, -33.74796], [151.099674, -33.750284], [151.100288, -33.753308], [151.100784, -33.754519], [151.101964, -33.75406], [151.102698, -33.754948], [151.103398, -33.755885], [151.104431, -33.756753], [151.105418, -33.757282], [151.105299, -33.7585], [151.105174, -33.759148], [151.10562, -33.759955], [151.105569, -33.760416], [151.106646, -33.761886], [151.10844, -33.762416], [151.110114, -33.762655], [151.111232, -33.761976], [151.114044, -33.761544], [151.116112, -33.761373], [151.117308, -33.761493], [151.117923, -33.762176], [151.119017, -33.762723], [151.119406, -33.763079], [151.119905, -33.764927], [151.120008, -33.765987], [151.12035, -33.766482], [151.120196, -33.767354], [151.120224, -33.767998], [151.121011, -33.76834], [151.121665, -33.76843], [151.122021, -33.769788], [151.122621, -33.770011], [151.123306, -33.770139], [151.123932, -33.770939], [151.124252, -33.771568], [151.125151, -33.771762], [151.12611, -33.772757], [151.127475, -33.772241], [151.128193, -33.772189], [151.130431, -33.772343], [151.131911, -33.772933], [151.132772, -33.773044], [151.13327, -33.773689], [151.132943, -33.774735], [151.133678, -33.77506], [151.134481, -33.77502], [151.13549, -33.775705], [151.136224, -33.775863], [151.137257, -33.775769], [151.137761, -33.775316], [151.139333, -33.775983], [151.140121, -33.776318], [151.140411, -33.777496], [151.139726, -33.779469], [151.13947, -33.780425], [151.139744, -33.781177], [151.139931, -33.782254], [151.140957, -33.782185], [151.14176, -33.781724], [151.142409, -33.781624], [151.143024, -33.781758], [151.143246, -33.782732], [151.143964, -33.783313], [151.1445, -33.783861], [151.144648, -33.785176], [151.145553, -33.785825], [151.146698, -33.786116], [151.148031, -33.787072], [151.148621, -33.787899], [151.14692, -33.788269], [151.147081, -33.789003], [151.147313, -33.789892], [151.147228, -33.790507], [151.147382, -33.791498], [151.147797, -33.792817], [151.148424, -33.793771], [151.149139, -33.794037], [151.149569, -33.792848], [151.15179, -33.792233], [151.152389, -33.791569], [151.152612, -33.790791], [151.154011, -33.791566], [151.154882, -33.791774], [151.156036, -33.791496], [151.156585, -33.792194], [151.157104, -33.794044], [151.157309, -33.795326], [151.157819, -33.796656], [151.158488, -33.797923], [151.158993, -33.798884], [151.160421, -33.798781]]]}}, {"type": "Feature", "properties": {"index": "CLRE", "division": "Calare", "state": "New South Wales", "year": "1992", "proclaimed": "19920131", "quota": "0", "electors": "0", "deviation": ""}, "geometry": {"type": "Polygon", "coordinates": [[[150.023587, -34.129885], [150.029111, -34.128833], [150.034768, -34.126925], [150.03799, -34.123111], [150.042857, -34.12344], [150.046475, -34.125807], [150.048579, -34.128241], [150.051539, -34.128964], [150.057393, -34.132187], [150.061602, -34.131858], [150.069165, -34.135278], [150.072257, -34.134555], [150.076926, -34.131464], [150.07857, -34.127583], [150.081201, -34.125281], [150.084095, -34.125215], [150.085345, -34.12778], [150.087976, -34.129227], [150.087449, -34.131135], [150.087384, -34.133963], [150.090935, -34.138632], [150.094816, -34.141198], [150.100077, -34.142316], [150.102971, -34.145999], [150.106523, -34.149945], [150.110009, -34.151063], [150.111719, -34.153891], [150.114678, -34.152576], [150.119479, -34.151918], [150.122505, -34.151063], [150.122768, -34.148761], [150.120729, -34.146196], [150.120795, -34.14396], [150.118822, -34.142776], [150.116191, -34.143105], [150.112705, -34.142644], [150.111455, -34.138764], [150.109154, -34.135344], [150.109943, -34.131727], [150.110272, -34.127583], [150.107443, -34.123703], [150.104944, -34.119296], [150.103103, -34.113114], [150.106523, -34.107392], [150.110732, -34.103972], [150.110403, -34.098776], [150.109614, -34.09575], [150.107707, -34.093317], [150.107312, -34.091015], [150.111145, -34.088089], [150.109665, -34.084709], [150.112228, -34.084259], [150.114532, -34.087189], [150.115479, -34.090458], [150.116562, -34.091137], [150.117638, -34.089897], [150.117309, -34.087529], [150.116454, -34.084241], [150.115494, -34.080196], [150.117441, -34.077927], [150.12294, -34.076038], [150.124478, -34.078387], [150.127832, -34.0799], [150.131058, -34.081337], [150.131882, -34.07943], [150.128906, -34.078297], [150.127686, -34.077057], [150.128494, -34.074127], [150.131882, -34.073109], [150.133488, -34.073849], [150.135803, -34.073566], [150.137299, -34.071426], [150.138245, -34.071308], [150.139465, -34.072208], [150.143387, -34.071987], [150.14502, -34.068497], [150.143524, -34.066689], [150.142181, -34.063309], [150.14217, -34.05938], [150.142044, -34.055866], [150.141098, -34.051697], [150.142456, -34.048889], [150.145706, -34.047977], [150.144897, -34.044827], [150.146642, -34.043463], [150.150589, -34.043247], [150.152481, -34.042686], [150.153548, -34.038859], [150.154114, -34.036488], [150.156143, -34.034126], [150.157623, -34.033897], [150.159241, -34.03616], [150.161682, -34.036949], [150.166153, -34.035366], [150.16684, -34.033909], [150.16629, -34.033558], [150.162888, -34.033269], [150.159393, -34.032097], [150.160873, -34.029167], [150.164203, -34.028402], [150.16806, -34.026917], [150.168182, -34.026009], [150.165756, -34.024208], [150.166373, -34.021628], [150.16832, -34.020947], [150.17157, -34.019817], [150.174011, -34.017109], [150.17808, -34.017418], [150.180771, -34.017109], [150.181992, -34.012829], [150.183762, -34.011246], [150.188354, -34.010117], [150.190796, -34.007309], [150.194063, -34.006106], [150.198242, -34.005386], [150.200943, -34.003807], [150.201752, -34.000767], [150.206619, -33.998627], [150.208557, -33.997177], [150.208618, -33.993687], [150.210114, -33.990658], [150.212939, -33.9894], [150.216736, -33.986927], [150.220305, -33.981574], [150.223001, -33.98039], [150.227051, -33.979046], [150.226288, -33.976238], [150.227868, -33.974207], [150.231308, -33.971485], [150.231049, -33.969406], [150.2323, -33.967266], [150.23616, -33.965286], [150.234161, -33.963348], [150.235046, -33.959667], [150.238194, -33.953358], [150.237537, -33.949938], [150.224777, -33.948426], [150.218924, -33.948031], [150.215898, -33.944743], [150.21774, -33.941257], [150.216951, -33.936982], [150.214583, -33.935666], [150.208729, -33.936192], [150.20452, -33.939349], [150.199982, -33.943361], [150.193602, -33.947242], [150.187157, -33.950399], [150.182684, -33.950333], [150.179922, -33.945861], [150.17716, -33.945861], [150.175515, -33.943164], [150.17545, -33.939876], [150.170648, -33.935798], [150.171438, -33.932904], [150.171043, -33.926722], [150.170451, -33.92271], [150.169267, -33.918632], [150.166373, -33.915409], [150.166373, -33.911989], [150.167886, -33.907911], [150.169525, -33.902737], [150.168137, -33.898918], [150.164719, -33.897758], [150.160783, -33.897585], [150.157959, -33.896156], [150.156574, -33.895415], [150.155685, -33.893047], [150.158415, -33.889233], [150.16008, -33.887466], [150.163773, -33.887188], [150.16449, -33.888378], [150.166834, -33.888443], [150.17249, -33.887194], [150.175705, -33.885929], [150.178711, -33.883389], [150.178909, -33.880779], [150.180843, -33.880551], [150.18454, -33.880096], [150.182326, -33.876702], [150.17807, -33.872917], [150.175629, -33.871956], [150.169785, -33.872009], [150.168579, -33.868996], [150.165985, -33.865967], [150.167038, -33.863468], [150.171479, -33.862156], [150.174103, -33.862186], [150.175674, -33.860687], [150.174911, -33.854446], [150.175171, -33.853016], [150.181717, -33.847939], [150.182236, -33.841728], [150.184616, -33.838448], [150.184067, -33.831768], [150.181155, -33.830353], [150.178818, -33.830647], [150.17569, -33.834007], [150.172526, -33.83288], [150.169075, -33.828257], [150.16861, -33.825638], [150.17215, -33.823559], [150.173737, -33.821068], [150.173141, -33.816456], [150.177307, -33.810696], [150.17836, -33.808376], [150.180634, -33.805088], [150.179581, -33.797676], [150.177765, -33.797194], [150.173615, -33.798618], [150.170593, -33.798279], [150.169189, -33.795086], [150.171524, -33.793068], [150.171997, -33.788307], [150.175812, -33.787395], [150.179367, -33.784328], [150.178875, -33.781477], [150.177658, -33.780315], [150.177612, -33.778698], [150.184097, -33.778397], [150.190033, -33.775288], [150.189835, -33.771317], [150.193039, -33.769318], [150.194916, -33.767647], [150.194168, -33.764557], [150.193268, -33.762196], [150.194591, -33.760521], [150.195816, -33.759727], [150.194961, -33.757131], [150.192566, -33.753616], [150.19191, -33.750626], [150.188721, -33.749657], [150.185638, -33.751118], [150.179993, -33.745487], [150.179993, -33.742416], [150.1851, -33.739874], [150.190092, -33.734635], [150.190536, -33.733467], [150.19429, -33.734188], [150.19693, -33.732708], [150.200195, -33.728096], [150.206364, -33.726992], [150.210205, -33.725796], [150.211548, -33.721138], [150.208336, -33.716699], [150.206894, -33.714638], [150.203344, -33.716822], [150.201828, -33.717857], [150.199356, -33.717438], [150.198944, -33.713646], [150.195831, -33.713219], [150.193605, -33.715281], [150.191633, -33.718918], [150.191055, -33.720406], [150.185211, -33.721176], [150.181717, -33.722538], [150.178604, -33.722015], [150.177048, -33.720177], [150.179491, -33.715158], [150.183251, -33.713062], [150.184448, -33.711868], [150.183243, -33.709045], [150.18222, -33.707226], [150.207227, -33.709364], [150.2198, -33.675404], [150.232867, -33.676575], [150.235763, -33.66283], [150.24618, -33.663755], [150.246981, -33.665234], [150.248645, -33.663385], [150.252343, -33.662584], [150.251912, -33.65981], [150.252405, -33.656544], [150.249878, -33.653832], [150.244577, -33.650996], [150.242482, -33.648161], [150.243098, -33.643231], [150.244022, -33.637683], [150.253144, -33.639594], [150.258137, -33.638978], [150.263745, -33.639779], [150.265348, -33.630349], [150.268984, -33.630965], [150.268923, -33.627699], [150.26769, -33.625233], [150.26769, -33.621782], [150.272128, -33.622336], [150.272128, -33.616543], [150.261034, -33.615557], [150.261712, -33.608654], [150.251542, -33.607667], [150.251603, -33.602737], [150.24544, -33.600888], [150.246549, -33.593122], [150.23977, -33.591396], [150.241064, -33.583876], [150.239893, -33.579254], [150.236873, -33.577651], [150.236256, -33.573953], [150.231819, -33.573953], [150.230586, -33.569577], [150.229168, -33.564831], [150.22356, -33.559284], [150.215855, -33.556511], [150.219492, -33.54819], [150.227196, -33.550779], [150.227813, -33.559839], [150.232065, -33.561996], [150.238722, -33.562058], [150.240509, -33.560517], [150.244022, -33.560764], [150.244515, -33.557497], [150.248892, -33.557867], [150.251788, -33.559654], [150.255425, -33.538637], [150.258753, -33.517927], [150.254808, -33.516818], [150.257952, -33.50406], [150.258753, -33.495246], [150.268676, -33.498882], [150.275025, -33.499992], [150.275764, -33.498389], [150.292529, -33.501286], [150.301404, -33.502334], [150.313854, -33.505231], [150.311451, -33.520824], [150.333331, -33.523043], [150.33481, -33.513243], [150.339309, -33.511826], [150.346829, -33.510531], [150.35028, -33.507018], [150.349541, -33.501841], [150.349787, -33.498821], [150.353054, -33.499067], [150.356197, -33.498266], [150.356382, -33.493643], [150.354903, -33.491548], [150.35028, -33.490808], [150.35405, -33.488514], [150.355774, -33.485126], [150.358786, -33.487049], [150.362731, -33.488528], [150.369507, -33.490105], [150.369766, -33.488674], [150.373455, -33.487727], [150.375763, -33.485916], [150.379211, -33.486076], [150.383621, -33.485996], [150.382599, -33.484257], [150.383591, -33.479946], [150.387772, -33.480034], [150.389557, -33.481606], [150.38985, -33.483905], [150.394287, -33.486617], [150.398392, -33.488285], [150.399711, -33.484645], [150.399887, -33.481735], [150.396286, -33.479763], [150.398479, -33.478173], [150.403381, -33.476303], [150.405792, -33.474644], [150.408951, -33.473366], [150.41173, -33.477125], [150.412038, -33.480577], [150.415305, -33.483844], [150.418823, -33.485645], [150.422886, -33.482981], [150.425598, -33.48107], [150.431761, -33.480269], [150.439835, -33.481008], [150.446554, -33.480515], [150.448279, -33.478913], [150.450378, -33.458805], [150.454514, -33.456905], [150.458588, -33.457165], [150.46196, -33.455883], [150.465475, -33.455677], [150.467941, -33.453846], [150.466507, -33.451294], [150.462579, -33.450438], [150.460037, -33.448544], [150.464674, -33.444151], [150.468865, -33.440576], [150.471619, -33.438595], [150.473389, -33.432945], [150.478348, -33.428993], [150.477679, -33.424551], [150.479126, -33.420624], [150.479959, -33.41697], [150.480011, -33.408463], [150.479035, -33.405506], [150.479019, -33.402134], [150.475784, -33.398556], [150.478546, -33.396175], [150.482918, -33.396754], [150.484436, -33.396473], [150.48317, -33.392483], [150.485198, -33.389235], [150.48732, -33.386253], [150.484644, -33.384735], [150.482803, -33.382374], [150.486374, -33.381542], [150.48793, -33.379955], [150.489944, -33.377026], [150.493347, -33.378082], [150.495245, -33.377093], [150.49791, -33.376644], [150.501755, -33.377712], [150.503689, -33.377031], [150.505035, -33.375256], [150.507339, -33.378002], [150.509827, -33.377243], [150.512039, -33.374943], [150.514999, -33.376713], [150.516922, -33.377113], [150.518814, -33.374714], [150.523165, -33.374257], [150.525253, -33.375114], [150.528219, -33.371854], [150.531239, -33.370251], [150.533705, -33.368464], [150.537537, -33.366074], [150.541046, -33.367405], [150.540916, -33.365875], [150.54158, -33.363632], [150.544244, -33.364581], [150.546417, -33.364082], [150.548569, -33.363403], [150.54936, -33.366676], [150.549515, -33.368473], [150.553955, -33.366673], [150.555618, -33.365532], [150.559158, -33.365322], [150.559296, -33.363983], [150.560684, -33.360943], [150.565216, -33.360214], [150.566208, -33.359425], [150.565735, -33.356712], [150.570008, -33.355705], [150.572042, -33.356507], [150.574417, -33.357334], [150.576356, -33.354288], [150.578674, -33.351463], [150.580719, -33.351143], [150.581287, -33.348063], [150.580566, -33.345371], [150.583206, -33.342625], [150.589005, -33.342743], [150.591003, -33.336552], [150.589539, -33.335354], [150.584442, -33.333092], [150.58255, -33.331524], [150.583999, -33.327538], [150.585526, -33.324734], [150.583259, -33.321806], [150.579992, -33.321745], [150.57463, -33.323101], [150.572103, -33.321991], [150.567296, -33.32119], [150.561813, -33.320293], [150.554414, -33.318416], [150.551209, -33.314965], [150.551224, -33.311344], [150.556244, -33.311985], [150.557648, -33.312103], [150.562302, -33.310574], [150.56517, -33.307743], [150.565816, -33.304734], [150.566528, -33.301094], [150.565536, -33.298103], [150.561317, -33.296228], [150.557281, -33.294155], [150.556818, -33.290619], [150.55925, -33.288872], [150.564029, -33.289387], [150.567357, -33.289448], [150.573706, -33.289387], [150.575989, -33.289371], [150.569699, -33.286182], [150.563967, -33.283593], [150.557037, -33.279995], [150.553497, -33.275593], [150.553859, -33.270835], [150.554428, -33.265335], [150.559345, -33.265472], [150.562485, -33.265583], [150.563187, -33.263615], [150.562427, -33.259371], [150.558174, -33.255734], [150.554537, -33.254686], [150.549744, -33.256134], [150.543564, -33.255104], [150.541153, -33.253075], [150.53956, -33.249632], [150.538019, -33.246674], [150.534531, -33.244114], [150.533112, -33.241104], [150.528281, -33.239339], [150.525253, -33.238243], [150.527665, -33.234162], [150.529831, -33.231934], [150.530075, -33.226715], [150.534073, -33.222374], [150.539005, -33.221773], [150.543137, -33.220112], [150.541532, -33.216226], [150.539375, -33.213021], [150.535217, -33.211842], [150.532226, -33.207351], [150.53067, -33.202015], [150.529312, -33.196945], [150.525138, -33.195024], [150.528897, -33.193052], [150.533397, -33.191696], [150.537216, -33.190693], [150.540298, -33.187424], [150.545441, -33.184002], [150.551544, -33.183945], [150.552963, -33.183163], [150.55484, -33.177692], [150.554825, -33.173912], [150.552536, -33.171432], [150.555222, -33.167515], [150.556017, -33.166734], [150.555277, -33.162604], [150.559052, -33.160732], [150.561749, -33.161125], [150.565155, -33.161121], [150.565933, -33.159882], [150.568634, -33.155514], [150.572372, -33.156403], [150.573397, -33.158475], [150.570892, -33.163044], [150.569824, -33.167171], [150.573336, -33.168891], [150.577589, -33.167288], [150.583862, -33.167171], [150.585724, -33.165852], [150.585281, -33.162514], [150.588745, -33.160774], [150.589238, -33.158475], [150.588436, -33.153606], [150.588348, -33.148232], [150.592134, -33.146579], [150.597015, -33.144882], [150.601811, -33.146086], [150.604675, -33.146652], [150.607849, -33.144554], [150.609924, -33.142971], [150.611191, -33.139473], [150.610672, -33.135231], [150.606803, -33.133143], [150.604553, -33.131863], [150.599213, -33.126984], [150.599518, -33.123741], [150.604141, -33.122841], [150.605515, -33.124313], [150.60614, -33.124413], [150.607254, -33.122902], [150.607742, -33.120564], [150.61174, -33.119114], [150.612854, -33.117962], [150.610995, -33.115577], [150.609022, -33.113173], [150.609451, -33.109142], [150.613617, -33.109493], [150.617836, -33.109783], [150.619415, -33.109253], [150.617767, -33.106514], [150.617096, -33.103794], [150.614349, -33.102303], [150.609947, -33.101956], [150.605865, -33.102852], [150.603836, -33.102722], [150.60199, -33.100071], [150.606384, -33.100163], [150.609762, -33.099922], [150.612844, -33.09721], [150.612457, -33.093243], [150.611303, -33.09117], [150.60791, -33.090542], [150.607834, -33.089554], [150.613098, -33.089382], [150.613129, -33.088211], [150.611426, -33.086732], [150.610933, -33.082788], [150.61171, -33.081142], [150.612289, -33.076439], [150.613754, -33.072624], [150.606552, -33.073654], [150.608159, -33.072063], [150.610317, -33.070954], [150.611176, -33.069054], [150.610947, -33.065891], [150.585066, -33.058339], [150.560364, -33.057994], [150.553109, -33.043138], [150.541535, -33.040893], [150.527025, -33.03571], [150.494032, -33.034329], [150.47814, -33.047975], [150.466048, -33.043311], [150.447738, -33.031046], [150.434092, -33.034156], [150.421827, -33.023619], [150.410081, -33.02621], [150.401617, -33.032083], [150.387452, -33.016709], [150.38227, -32.977843], [150.387107, -32.964369], [150.378988, -32.951587], [150.377088, -32.938286], [150.366724, -32.925503], [150.359123, -32.903047], [150.353596, -32.883182], [150.371042, -32.878691], [150.373288, -32.863317], [150.362405, -32.841725], [150.358432, -32.821687], [150.348241, -32.806659], [150.347204, -32.796813], [150.324677, -32.785255], [150.287445, -32.761726], [150.287264, -32.739291], [150.301601, -32.728235], [150.305229, -32.699388], [150.31853, -32.676241], [150.328721, -32.671404], [150.327512, -32.653267], [150.266708, -32.623037], [150.240279, -32.615264], [150.272236, -32.605936], [150.278793, -32.577904], [150.251161, -32.574671], [150.259798, -32.557224], [150.255998, -32.540468], [150.261008, -32.528377], [150.251852, -32.512312], [150.257898, -32.508339], [150.253062, -32.501602], [150.264462, -32.493311], [150.258762, -32.482083], [150.244252, -32.469473], [150.268954, -32.466363], [150.279836, -32.453063], [150.293482, -32.435616], [150.311965, -32.426979], [150.324748, -32.420069], [150.327167, -32.392777], [150.310238, -32.375157], [150.276727, -32.373257], [150.263168, -32.352764], [150.260971, -32.338196], [150.266535, -32.329554], [150.267807, -32.320877], [150.261581, -32.318146], [150.253387, -32.310017], [150.249298, -32.306515], [150.241058, -32.309296], [150.231124, -32.311589], [150.21765, -32.317463], [150.208817, -32.319275], [150.215607, -32.333656], [150.208817, -32.339294], [150.197006, -32.337524], [150.19635, -32.334934], [150.1922, -32.343937], [150.186737, -32.348755], [150.183621, -32.336637], [150.179031, -32.332405], [150.173584, -32.324947], [150.17067, -32.323357], [150.15976, -32.331535], [150.149551, -32.335815], [150.141818, -32.338709], [150.136932, -32.338928], [150.126251, -32.341537], [150.120209, -32.339775], [150.109177, -32.341385], [150.101959, -32.342556], [150.096215, -32.343546], [150.079773, -32.343288], [150.085073, -32.359006], [150.077818, -32.369371], [150.061926, -32.379044], [150.071945, -32.393899], [150.075054, -32.410482], [150.062272, -32.425338], [150.041197, -32.423611], [150.038088, -32.456776], [150.022542, -32.478541], [150.03187, -32.490288], [150.033942, -32.507907], [150.023233, -32.517235], [150.023233, -32.532091], [150.044307, -32.550055], [150.034979, -32.571475], [150.015884, -32.595589], [149.988754, -32.600338], [149.952064, -32.598422], [149.933063, -32.588403], [149.916135, -32.566293], [149.902661, -32.54971], [149.883362, -32.545559], [149.877441, -32.563183], [149.842893, -32.610859], [149.839784, -32.6727], [149.817328, -32.802599], [149.796599, -32.813655], [149.78589, -32.822292], [149.763433, -32.830238], [149.756178, -32.846475], [149.745123, -32.859603], [149.732341, -32.869277], [149.734068, -32.885514], [149.73925, -32.894842], [149.744919, -32.91914], [149.741608, -32.9193], [149.736633, -32.921032], [149.733704, -32.92263], [149.728226, -32.92897], [149.724075, -32.929691], [149.712494, -32.928589], [149.699585, -32.929142], [149.697678, -32.930092], [149.695114, -32.944122], [149.694824, -32.952511], [149.687485, -32.9533], [149.682281, -32.958282], [149.680374, -32.965981], [149.680725, -32.966881], [149.676071, -32.972122], [149.668182, -32.973103], [149.658112, -32.979801], [149.641825, -32.978102], [149.630079, -32.980866], [149.604168, -32.986048], [149.593113, -32.992267], [149.582306, -32.992222], [149.572647, -32.98764], [149.570724, -32.987404], [149.561096, -32.983913], [149.552582, -32.981831], [149.53894, -32.972282], [149.530121, -32.978321], [149.518829, -32.979542], [149.503769, -32.977043], [149.496689, -32.979713], [149.49408, -32.978504], [149.480103, -32.960651], [149.461929, -32.957413], [149.451202, -32.940224], [149.418992, -32.985703], [149.383754, -32.985703], [149.363025, -33.009541], [149.348169, -33.028887], [149.344369, -33.051689], [149.314957, -33.055595], [149.307755, -33.059074], [149.300964, -33.060493], [149.290543, -33.055447], [149.282883, -33.051186], [149.276413, -33.046387], [149.279343, -33.037064], [149.281906, -33.022865], [149.281952, -33.011013], [149.270233, -33.015015], [149.266602, -33.012505], [149.25618, -33.012264], [149.249039, -33.011955], [149.240433, -33.008156], [149.231522, -32.998653], [149.240158, -32.993786], [149.250015, -32.993053], [149.252426, -32.988934], [149.245941, -32.978596], [149.239243, -32.967896], [149.245361, -32.967484], [149.258484, -32.963123], [149.273102, -32.956306], [149.280014, -32.949444], [149.274612, -32.941963], [149.276474, -32.930584], [149.280899, -32.922504], [149.277939, -32.917107], [149.272812, -32.909435], [149.269562, -32.901661], [149.258804, -32.903454], [149.24823, -32.907959], [149.241974, -32.916882], [149.245908, -32.89726], [149.254545, -32.877223], [149.252472, -32.867764], [149.249512, -32.860245], [149.248093, -32.845924], [149.249161, -32.840214], [149.253693, -32.835186], [149.241074, -32.825565], [149.244181, -32.792408], [149.230362, -32.789471], [149.226043, -32.779452], [149.207733, -32.776861], [149.179058, -32.770816], [149.176985, -32.745596], [149.180958, -32.734886], [149.188041, -32.708802], [149.169385, -32.698956], [149.166621, -32.682028], [149.151938, -32.682373], [149.138637, -32.681682], [149.124473, -32.667863], [149.107285, -32.664856], [149.102371, -32.655476], [149.11232, -32.647816], [149.108673, -32.637337], [149.097153, -32.637257], [149.086273, -32.636898], [149.0784, -32.633327], [149.068359, -32.622936], [149.063492, -32.610668], [149.062943, -32.599945], [149.04776, -32.593517], [149.023651, -32.587147], [149.012863, -32.590748], [149.006973, -32.598866], [148.999191, -32.608276], [149.004715, -32.631187], [149.004166, -32.649418], [148.9925, -32.653699], [148.9887, -32.660608], [148.968317, -32.663027], [148.952194, -32.681889], [148.940308, -32.66927], [148.933424, -32.653008], [148.920914, -32.655407], [148.895421, -32.644025], [148.907858, -32.619496], [148.891403, -32.595249], [148.830817, -32.569748], [148.804561, -32.564565], [148.724075, -32.570419], [148.721939, -32.574959], [148.712463, -32.57518], [148.697937, -32.578529], [148.708359, -32.58876], [148.70488, -32.591148], [148.690216, -32.598572], [148.694702, -32.605358], [148.702209, -32.613289], [148.69165, -32.612888], [148.678024, -32.619389], [148.666931, -32.62973], [148.661789, -32.6408], [148.653442, -32.638832], [148.637894, -32.633442], [148.630157, -32.6478], [148.617657, -32.661645], [148.508141, -32.618805], [148.477048, -32.639189], [148.465647, -32.61466], [148.43808, -32.627434], [148.384114, -32.628133], [148.362004, -32.636425], [148.356262, -32.682064], [148.339233, -32.687344], [148.343063, -32.716885], [148.34671, -32.739765], [148.348876, -32.810545], [148.396897, -32.834729], [148.393788, -32.854076], [148.40277, -32.879986], [148.389815, -32.975856], [148.403807, -32.966874], [148.421599, -32.969811], [148.4406, -32.973611], [148.476184, -33.015932], [148.491903, -33.021114], [148.515914, -33.055834], [148.512287, -33.094528], [148.512632, -33.108174], [148.503304, -33.123894], [148.514705, -33.145486], [148.510214, -33.174506], [148.505895, -33.199726], [148.474284, -33.217518], [148.438843, -33.217072], [148.438527, -33.234274], [148.428508, -33.244983], [148.404831, -33.256683], [148.400528, -33.267323], [148.398712, -33.277115], [148.401184, -33.290752], [148.404419, -33.304512], [148.412643, -33.314083], [148.411331, -33.328854], [148.408298, -33.331353], [148.400697, -33.337399], [148.391907, -33.347164], [148.393555, -33.358555], [148.401535, -33.370945], [148.402344, -33.377934], [148.406815, -33.391125], [148.406525, -33.392742], [148.407776, -33.401272], [148.403634, -33.402003], [148.400116, -33.403423], [148.389786, -33.406944], [148.386032, -33.414055], [148.376341, -33.421177], [148.36734, -33.431923], [148.362695, -33.438796], [148.360275, -33.446583], [148.356247, -33.448845], [148.352875, -33.444675], [148.348709, -33.448624], [148.349396, -33.453476], [148.345215, -33.450436], [148.335648, -33.445484], [148.331345, -33.445835], [148.330292, -33.453953], [148.327606, -33.455654], [148.322205, -33.448895], [148.315628, -33.453526], [148.308762, -33.457596], [148.311996, -33.459503], [148.314835, -33.466263], [148.310355, -33.464534], [148.30542, -33.468536], [148.301718, -33.470235], [148.298781, -33.47248], [148.290317, -33.482327], [148.289978, -33.487835], [148.297928, -33.493916], [148.298325, -33.496284], [148.304245, -33.494583], [148.309036, -33.495525], [148.311386, -33.498756], [148.315704, -33.499424], [148.321583, -33.497528], [148.323776, -33.491405], [148.332382, -33.491844], [148.335358, -33.492634], [148.345718, -33.496796], [148.352325, -33.497684], [148.354058, -33.501673], [148.358276, -33.510864], [148.363831, -33.512672], [148.370926, -33.511414], [148.377136, -33.512985], [148.384827, -33.518154], [148.389404, -33.519043], [148.395752, -33.523766], [148.398178, -33.530766], [148.396724, -33.533975], [148.39093, -33.538895], [148.390686, -33.545094], [148.393921, -33.548813], [148.399063, -33.554783], [148.404724, -33.556683], [148.410248, -33.557575], [148.418869, -33.557114], [148.423477, -33.563984], [148.420258, -33.571312], [148.416473, -33.567493], [148.410278, -33.569424], [148.402252, -33.569732], [148.391418, -33.566975], [148.388596, -33.572735], [148.396042, -33.583652], [148.402649, -33.585903], [148.409409, -33.590515], [148.415588, -33.599274], [148.416855, -33.606174], [148.426971, -33.607395], [148.431961, -33.606255], [148.441528, -33.607475], [148.444656, -33.612652], [148.447205, -33.613323], [148.457581, -33.607773], [148.469009, -33.601433], [148.476151, -33.599945], [148.478287, -33.596893], [148.478134, -33.592045], [148.482559, -33.583012], [148.488205, -33.580063], [148.499252, -33.579243], [148.508987, -33.579704], [148.518678, -33.576987], [148.528178, -33.582861], [148.532364, -33.585644], [148.537964, -33.591164], [148.543304, -33.600563], [148.551325, -33.606698], [148.557053, -33.604362], [148.560959, -33.599804], [148.566574, -33.601082], [148.572449, -33.597672], [148.584473, -33.59481], [148.597274, -33.595643], [148.60332, -33.594607], [148.612442, -33.592743], [148.622467, -33.592693], [148.623123, -33.587002], [148.622494, -33.584415], [148.62648, -33.577221], [148.63002, -33.570683], [148.639221, -33.56686], [148.648529, -33.563671], [148.654969, -33.56766], [148.666016, -33.570923], [148.672989, -33.57534], [148.677231, -33.585903], [148.679092, -33.586201], [148.685165, -33.584152], [148.694031, -33.580322], [148.704102, -33.577042], [148.714615, -33.56971], [148.722595, -33.561279], [148.734192, -33.545631], [148.740799, -33.538181], [148.74881, -33.533691], [148.757797, -33.5285], [148.77153, -33.52626], [148.783486, -33.53173], [148.793518, -33.537762], [148.798355, -33.54211], [148.803802, -33.550598], [148.807495, -33.54694], [148.811646, -33.549309], [148.817398, -33.557339], [148.815094, -33.565041], [148.817139, -33.56979], [148.825333, -33.565338], [148.828979, -33.57476], [148.831497, -33.571831], [148.839737, -33.569191], [148.846848, -33.579449], [148.851852, -33.576309], [148.863251, -33.579929], [148.87117, -33.57304], [148.874207, -33.579399], [148.87178, -33.590889], [148.876236, -33.592899], [148.883329, -33.586488], [148.89119, -33.582027], [148.901123, -33.583229], [148.90535, -33.584518], [148.910873, -33.590561], [148.91832, -33.59568], [148.91951, -33.605938], [148.918304, -33.614609], [148.912521, -33.626068], [148.911438, -33.63591], [148.910583, -33.64566], [148.910104, -33.655756], [148.908798, -33.66769], [148.910019, -33.67886], [148.916397, -33.684441], [148.929749, -33.688198], [148.948106, -33.698768], [148.949316, -33.715351], [148.977299, -33.725715], [148.96538, -33.753354], [148.970908, -33.765445], [148.970044, -33.77771], [148.982269, -33.790787], [148.996301, -33.79602], [149.000965, -33.807421], [149.017029, -33.80863], [149.030848, -33.816231], [149.053995, -33.829877], [149.067469, -33.829359], [149.07576, -33.810876], [149.092516, -33.812258], [149.098562, -33.782028], [149.118254, -33.782547], [149.136564, -33.777192], [149.140883, -33.753699], [149.164894, -33.739707], [149.184586, -33.747308], [149.205833, -33.74869], [149.216024, -33.73988], [149.22708, -33.751454], [149.235717, -33.756808], [149.223625, -33.769418], [149.206711, -33.800056], [149.187546, -33.797966], [149.181915, -33.806267], [149.18013, -33.812698], [149.181995, -33.822104], [149.179886, -33.828396], [149.180496, -33.835598], [149.182541, -33.839348], [149.172821, -33.847996], [149.180359, -33.850925], [149.179058, -33.857688], [149.172729, -33.857376], [149.166183, -33.858837], [149.160553, -33.854248], [149.147797, -33.849697], [149.140152, -33.855598], [149.135574, -33.866676], [149.120605, -33.868828], [149.112554, -33.87738], [149.113763, -33.897763], [149.14946, -33.937626], [149.143129, -33.942157], [149.144073, -33.951748], [149.147232, -33.960999], [149.151627, -33.966877], [149.158691, -33.969566], [149.163513, -33.976437], [149.169815, -33.975788], [149.176407, -33.982529], [149.183823, -33.987106], [149.19754, -33.984718], [149.199997, -33.979065], [149.206351, -33.972041], [149.217789, -33.964008], [149.226074, -33.971855], [149.225998, -33.974178], [149.233475, -33.979008], [149.232071, -33.969856], [149.235443, -33.967587], [149.246719, -33.968876], [149.263184, -33.964165], [149.270955, -33.960986], [149.274704, -33.956635], [149.284256, -33.953731], [149.294785, -33.951004], [149.305801, -33.953125], [149.316269, -33.957817], [149.327515, -33.954235], [149.339533, -33.958395], [149.349033, -33.96565], [149.356384, -33.971657], [149.362625, -33.974155], [149.366425, -33.977726], [149.373444, -33.983616], [149.382248, -33.979565], [149.385254, -33.991364], [149.400696, -33.998024], [149.40621, -34.004861], [149.413513, -34.011074], [149.422546, -34.014656], [149.437195, -34.022114], [149.454712, -34.027584], [149.456223, -34.025116], [149.464264, -34.010765], [149.475327, -34.013916], [149.487946, -34.021126], [149.492752, -34.026573], [149.498825, -34.028095], [149.504211, -34.029724], [149.512573, -34.031822], [149.516244, -34.038545], [149.51416, -34.046036], [149.517456, -34.052944], [149.525925, -34.058205], [149.536652, -34.066402], [149.541443, -34.071743], [149.545166, -34.078094], [149.553848, -34.087963], [149.559631, -34.090942], [149.57074, -34.091042], [149.574203, -34.095573], [149.587646, -34.104244], [149.593521, -34.110832], [149.602539, -34.116203], [149.609253, -34.120884], [149.614502, -34.112583], [149.620285, -34.104961], [149.620233, -34.112478], [149.61824, -34.118134], [149.623535, -34.128422], [149.627762, -34.113361], [149.632736, -34.117573], [149.634644, -34.129421], [149.644501, -34.144363], [149.651703, -34.154343], [149.659332, -34.162964], [149.672928, -34.171284], [149.673691, -34.176704], [149.678696, -34.189693], [149.695202, -34.19591], [149.709274, -34.195332], [149.71553, -34.193123], [149.728713, -34.195219], [149.73436, -34.195961], [149.741074, -34.189022], [149.753415, -34.191419], [149.766129, -34.191441], [149.773575, -34.192841], [149.782883, -34.197411], [149.79393, -34.204132], [149.800613, -34.202152], [149.81636, -34.200001], [149.828629, -34.19207], [149.837204, -34.187389], [149.851703, -34.187964], [149.860535, -34.186741], [149.869629, -34.186012], [149.877487, -34.185951], [149.881699, -34.185291], [149.898361, -34.185051], [149.905029, -34.181709], [149.930298, -34.174862], [149.959665, -34.142534], [149.958283, -34.128542], [149.942218, -34.119214], [149.941182, -34.111959], [149.957765, -34.104704], [149.972275, -34.094081], [149.994213, -34.098831], [149.997495, -34.1136], [150.006304, -34.125692], [150.020759, -34.129951], [150.023587, -34.129885]]]}}, {"type": "Feature", "properties": {"index": "CHLN", "division": "Charlton", "state": "New South Wales", "year": "1992", "proclaimed": "19920131", "quota": "0", "electors": "0", "deviation": ""}, "geometry": {"type": "Polygon", "coordinates": [[[151.331379, -33.069274], [151.333999, -33.071216], [151.336618, -33.072387], [151.337481, -33.074297], [151.350332, -33.077317], [151.357728, -33.082063], [151.356896, -33.089768], [151.361334, -33.090846], [151.363244, -33.091986], [151.364569, -33.093866], [151.368422, -33.093897], [151.370979, -33.093712], [151.372305, -33.095407], [151.375078, -33.094174], [151.376188, -33.097318], [151.379855, -33.097873], [151.383152, -33.098705], [151.380533, -33.100923], [151.38155, -33.102988], [151.383306, -33.10533], [151.384262, -33.107457], [151.382536, -33.10983], [151.382906, -33.111894], [151.384477, -33.113805], [151.382289, -33.118304], [151.383861, -33.120801], [151.382937, -33.123358], [151.385279, -33.125207], [151.386789, -33.126964], [151.385433, -33.132018], [151.38571, -33.135963], [151.387682, -33.138921], [151.389994, -33.139969], [151.389686, -33.145085], [151.391535, -33.14678], [151.394154, -33.147797], [151.395233, -33.150601], [151.39474, -33.153898], [151.396558, -33.157381], [151.398191, -33.160062], [151.399177, -33.161942], [151.396804, -33.163267], [151.393538, -33.164407], [151.391874, -33.166287], [151.395787, -33.166595], [151.40004, -33.166595], [151.40155, -33.167889], [151.401673, -33.169584], [151.406666, -33.171125], [151.403184, -33.171957], [151.40115, -33.182435], [151.413538, -33.184315], [151.414709, -33.185979], [151.413446, -33.190694], [151.421612, -33.192143], [151.42229, -33.189739], [151.432614, -33.192697], [151.432213, -33.198429], [151.438685, -33.199107], [151.439579, -33.194855], [151.445372, -33.19205], [151.442999, -33.199847], [151.45169, -33.201265], [151.454957, -33.202251], [151.45961, -33.201357], [151.462692, -33.198676], [151.466605, -33.193129], [151.470427, -33.193221], [151.472738, -33.190694], [151.476529, -33.188845], [151.484264, -33.189677], [151.48599, -33.189153], [151.488023, -33.190047], [151.49092, -33.187982], [151.4924, -33.188445], [151.495697, -33.191156], [151.499734, -33.192851], [151.50334, -33.193899], [151.510613, -33.195378], [151.512031, -33.189779], [151.513817, -33.186916], [151.515262, -33.181928], [151.518294, -33.18071], [151.525068, -33.180171], [151.527193, -33.179548], [151.525918, -33.176742], [151.526258, -33.172661], [151.528072, -33.169714], [151.528299, -33.166256], [151.525861, -33.162827], [151.525068, -33.158377], [151.525918, -33.155232], [151.526048, -33.152839], [151.527608, -33.151293], [151.522881, -33.147104], [151.527396, -33.139917], [151.527274, -33.139059], [151.5259, -33.138277], [151.52225, -33.138596], [151.52089, -33.14137], [151.519823, -33.141723], [151.513717, -33.139935], [151.511628, -33.137451], [151.509848, -33.137719], [151.510694, -33.136166], [151.515126, -33.136174], [151.514946, -33.136914], [151.513313, -33.137195], [151.51458, -33.137458], [151.517785, -33.135512], [151.519422, -33.126858], [151.521422, -33.125574], [151.522107, -33.124081], [151.523553, -33.124432], [151.524613, -33.126998], [151.524019, -33.129026], [151.525946, -33.130739], [151.527217, -33.130008], [151.527538, -33.12802], [151.531, -33.126275], [151.534746, -33.126496], [151.53652, -33.127363], [151.541834, -33.126061], [151.541356, -33.122836], [151.539353, -33.122093], [151.540048, -33.123419], [151.538174, -33.123297], [151.537579, -33.117916], [151.536158, -33.116224], [151.538059, -33.114729], [151.54064, -33.114351], [151.543394, -33.115145], [151.545401, -33.118323], [151.547137, -33.119597], [151.552476, -33.120858], [151.552398, -33.118795], [151.549115, -33.116182], [151.550304, -33.114624], [151.556144, -33.115474], [151.558093, -33.117858], [151.561794, -33.118727], [151.565141, -33.117848], [151.564382, -33.114945], [151.568733, -33.114279], [151.568501, -33.114007], [151.565732, -33.112545], [151.564162, -33.110634], [151.565632, -33.104498], [151.565141, -33.100586], [151.561273, -33.1009], [151.559702, -33.099894], [151.558571, -33.095107], [151.559121, -33.093623], [151.55542, -33.094291], [151.550361, -33.093749], [151.549348, -33.091468], [151.549947, -33.090443], [151.548437, -33.088561], [151.548499, -33.09124], [151.546826, -33.092375], [151.545365, -33.094946], [151.543647, -33.095542], [151.540223, -33.102131], [151.537841, -33.104583], [151.528897, -33.105961], [151.524186, -33.107476], [151.520438, -33.105323], [151.519208, -33.10343], [151.519504, -33.100605], [151.518491, -33.100085], [151.517037, -33.100334], [151.517034, -33.101951], [151.513677, -33.105228], [151.509516, -33.102519], [151.509396, -33.10175], [151.51357, -33.096556], [151.513297, -33.095916], [151.510631, -33.095753], [151.509924, -33.09476], [151.509837, -33.093307], [151.510692, -33.092328], [151.512961, -33.092754], [151.512457, -33.090022], [151.513639, -33.090497], [151.515038, -33.09308], [151.517335, -33.090643], [151.518993, -33.09159], [151.525678, -33.090967], [151.527636, -33.086648], [151.534039, -33.085539], [151.535148, -33.083979], [151.5348, -33.082394], [151.53597, -33.081302], [151.535954, -33.080232], [151.541549, -33.072959], [151.545271, -33.071816], [151.548704, -33.073918], [151.550349, -33.073672], [151.550898, -33.072677], [151.548141, -33.070249], [151.547004, -33.066634], [151.54579, -33.065485], [151.549206, -33.062517], [151.553935, -33.060904], [151.558955, -33.062316], [151.561824, -33.065519], [151.567154, -33.067499], [151.57008, -33.06973], [151.571574, -33.072557], [151.571749, -33.075132], [151.576212, -33.073587], [151.58358, -33.073905], [151.585944, -33.071676], [151.591117, -33.072378], [151.594108, -33.071742], [151.59735, -33.074918], [151.601044, -33.076271], [151.605944, -33.079603], [151.607861, -33.083358], [151.607169, -33.085181], [151.610911, -33.082779], [151.613787, -33.082133], [151.611855, -33.078551], [151.609967, -33.077711], [151.61207, -33.07491], [151.610144, -33.073767], [151.611159, -33.072148], [151.604555, -33.072583], [151.601217, -33.07087], [151.599055, -33.071629], [151.596032, -33.069925], [151.594926, -33.068387], [151.591539, -33.067476], [151.587808, -33.068402], [151.587045, -33.069829], [151.583869, -33.070807], [151.580757, -33.068462], [151.580198, -33.066292], [151.581046, -33.06513], [151.5836, -33.063914], [151.587102, -33.063847], [151.587554, -33.060925], [151.58852, -33.059987], [151.582928, -33.057883], [151.581997, -33.056642], [151.582933, -33.055159], [151.586139, -33.054668], [151.585166, -33.053168], [151.586091, -33.050835], [151.585937, -33.047209], [151.587189, -33.047319], [151.587981, -33.049853], [151.593483, -33.054444], [151.594465, -33.056784], [151.597337, -33.058702], [151.600064, -33.059344], [151.598109, -33.053878], [151.598949, -33.05195], [151.595242, -33.047162], [151.594665, -33.043292], [151.597737, -33.041319], [151.600043, -33.04114], [151.597912, -33.039176], [151.593245, -33.038192], [151.592124, -33.032944], [151.59092, -33.034581], [151.588955, -33.033895], [151.58721, -33.034789], [151.577324, -33.032883], [151.579142, -33.032679], [151.58006, -33.031736], [151.581679, -33.032291], [151.581267, -33.031413], [151.582246, -33.030384], [151.581302, -33.030762], [151.580906, -33.030135], [151.581711, -33.029521], [151.582575, -33.030366], [151.582019, -33.029299], [151.582686, -33.028708], [151.584381, -33.028882], [151.583945, -33.030615], [151.584854, -33.030555], [151.591267, -33.026691], [151.593563, -33.026737], [151.595888, -33.027595], [151.598818, -33.030109], [151.601157, -33.02984], [151.604778, -33.032479], [151.606148, -33.036481], [151.608337, -33.037538], [151.608014, -33.039614], [151.609617, -33.044293], [151.612457, -33.047434], [151.613787, -33.050514], [151.615411, -33.050975], [151.61569, -33.049402], [151.619654, -33.047954], [151.617783, -33.044603], [151.616345, -33.044016], [151.616206, -33.042543], [151.614825, -33.041719], [151.615174, -33.039798], [151.61341, -33.03819], [151.613741, -33.033945], [151.610287, -33.031231], [151.609835, -33.028484], [151.606618, -33.024304], [151.606428, -33.02309], [151.607759, -33.0219], [151.607426, -33.021033], [151.599743, -33.015096], [151.595758, -33.010552], [151.59699, -33.007252], [151.599753, -33.005014], [151.597495, -33.00177], [151.597706, -32.997245], [151.596587, -32.996675], [151.593884, -32.997354], [151.592522, -33.001757], [151.59116, -33.004001], [151.589852, -33.004481], [151.588714, -33.002638], [151.587125, -33.00298], [151.587478, -33.00162], [151.588668, -32.999687], [151.59257, -32.998229], [151.585789, -32.99859], [151.585078, -32.997628], [151.585497, -32.99683], [151.584081, -32.996124], [151.585826, -32.994387], [151.587306, -32.989685], [151.589056, -32.989255], [151.589803, -32.990979], [151.591481, -32.991691], [151.590649, -32.993115], [151.591068, -32.993943], [151.591809, -32.993857], [151.59145, -32.992912], [151.593344, -32.994467], [151.598678, -32.996316], [151.599945, -32.994696], [151.601171, -32.994419], [151.604792, -32.995062], [151.60513, -32.996642], [151.607967, -32.996563], [151.609352, -32.999328], [151.606502, -33.001667], [151.610121, -33.006861], [151.613916, -33.006844], [151.616745, -33.005668], [151.61699, -33.003812], [151.615748, -33.001322], [151.614936, -32.996401], [151.61584, -32.993007], [151.61541, -32.989219], [151.618622, -32.98642], [151.618395, -32.982698], [151.62106, -32.976261], [151.620671, -32.975526], [151.620441, -32.976847], [151.617259, -32.978892], [151.61796, -32.977584], [151.616705, -32.97462], [151.616865, -32.972739], [151.612829, -32.972634], [151.61179, -32.969848], [151.609301, -32.968223], [151.60739, -32.969087], [151.60807, -32.966099], [151.609853, -32.966118], [151.610073, -32.96528], [151.614166, -32.962599], [151.616572, -32.962553], [151.626384, -32.966679], [151.627134, -32.970792], [151.630631, -32.973642], [151.632972, -32.973582], [151.637514, -32.970984], [151.641654, -32.97239], [151.643898, -32.974847], [151.645098, -32.980459], [151.644148, -32.982406], [151.647527, -32.982384], [151.651012, -32.98278], [151.657106, -32.984509], [151.666798, -32.983291], [151.668413, -32.982242], [151.669434, -32.979125], [151.670171, -32.977254], [151.673401, -32.976772], [151.674337, -32.975157], [151.677822, -32.975015], [151.675952, -32.968979], [151.67649, -32.964076], [151.676972, -32.960051], [151.678474, -32.958039], [151.686069, -32.955092], [151.686495, -32.950019], [151.686665, -32.947468], [151.685928, -32.945768], [151.687572, -32.942821], [151.688818, -32.940723], [151.689385, -32.938116], [151.691029, -32.937549], [151.689329, -32.935225], [151.689499, -32.933241], [151.692106, -32.929784], [151.694317, -32.928254], [151.691029, -32.927743], [151.689215, -32.92593], [151.69358, -32.905751], [151.691879, -32.903654], [151.692446, -32.90031], [151.694033, -32.897193], [151.696697, -32.896172], [151.681507, -32.895832], [151.683944, -32.893792], [151.675215, -32.890901], [151.676689, -32.884269], [151.676405, -32.881775], [151.678163, -32.879678], [151.679183, -32.876107], [151.651381, -32.87265], [151.650786, -32.873812], [151.649765, -32.87452], [151.648008, -32.877326], [151.645401, -32.881095], [151.644834, -32.883646], [151.646676, -32.886168], [151.636474, -32.896201], [151.611364, -32.892431], [151.607822, -32.896031], [151.600907, -32.895492], [151.598158, -32.896767], [151.596315, -32.899516], [151.593198, -32.899857], [151.5894, -32.897816], [151.587417, -32.893877], [151.585461, -32.889229], [151.582514, -32.888832], [151.580218, -32.889852], [151.578263, -32.889399], [151.576109, -32.890788], [151.573246, -32.890646], [151.566445, -32.891156], [151.563271, -32.892686], [151.555704, -32.892941], [151.553805, -32.893537], [151.546862, -32.894529], [151.54278, -32.893338], [151.540003, -32.891269], [151.537651, -32.891893], [151.535979, -32.898695], [151.532748, -32.898468], [151.532323, -32.899743], [151.53442, -32.900225], [151.537708, -32.900905], [151.536801, -32.902577], [151.53374, -32.903427], [151.529007, -32.903427], [151.528384, -32.90629], [151.527193, -32.90901], [151.516339, -32.917484], [151.517132, -32.919128], [151.517189, -32.921367], [151.517019, -32.924201], [151.517841, -32.927914], [151.516226, -32.930407], [151.517473, -32.933752], [151.516707, -32.935962], [151.517047, -32.939023], [151.516084, -32.941999], [151.517019, -32.944408], [151.518068, -32.947213], [151.517473, -32.9524], [151.518691, -32.954128], [151.520732, -32.958323], [151.518975, -32.960448], [151.518776, -32.963962], [151.516481, -32.968157], [151.512031, -32.970396], [151.507355, -32.968724], [151.503501, -32.966343], [151.501177, -32.965918], [151.497011, -32.966626], [151.494659, -32.967703], [151.49259, -32.97221], [151.491371, -32.973768], [151.488452, -32.97323], [151.484343, -32.970452], [151.483464, -32.971246], [151.481594, -32.971869], [151.479128, -32.967902], [151.474905, -32.96827], [151.472496, -32.969319], [151.470909, -32.968695], [151.465241, -32.968355], [151.464759, -32.970849], [151.463512, -32.972946], [151.459516, -32.975695], [151.457731, -32.977679], [151.457391, -32.980173], [151.457533, -32.982185], [151.455605, -32.983546], [151.454812, -32.987032], [151.453338, -32.987627], [151.452516, -32.989469], [151.449116, -32.993862], [151.445545, -32.996611], [151.443788, -32.997347], [151.441719, -32.996214], [151.437638, -32.998453], [151.431119, -32.997489], [151.424998, -33.000266], [151.418423, -33.004631], [151.413747, -33.006331], [151.411309, -33.006615], [151.406407, -33.005906], [151.402269, -33.004546], [151.401192, -33.006161], [151.399888, -33.008258], [151.39507, -33.012084], [151.391641, -33.011914], [151.38705, -33.010101], [151.38484, -33.010044], [151.383763, -33.011943], [151.384641, -33.015599], [151.385293, -33.018744], [151.385095, -33.023534], [151.381835, -33.028749], [151.379427, -33.028664], [151.377301, -33.029514], [151.376876, -33.03504], [151.374609, -33.037449], [151.373447, -33.040935], [151.369422, -33.042805], [151.366277, -33.04666], [151.363414, -33.047482], [151.360722, -33.045498], [151.345531, -33.045781], [151.340884, -33.046801], [151.3389, -33.048729], [151.336519, -33.052073], [151.337029, -33.05434], [151.336179, -33.056664], [151.331071, -33.065345], [151.331379, -33.069274]]]}}, {"type": "Feature", "properties": {"index": "CHFY", "division": "Chifley", "state": "New South Wales", "year": "1992", "proclaimed": "19920131", "quota": "0", "electors": "0", "deviation": ""}, "geometry": {"type": "Polygon", "coordinates": [[[150.812971, -33.822356], [150.826974, -33.820865], [150.857407, -33.820711], [150.861597, -33.821918], [150.861597, -33.820428], [150.859432, -33.817342], [150.857812, -33.81507], [150.857171, -33.812915], [150.857229, -33.811343], [150.858103, -33.809887], [150.858744, -33.807557], [150.858802, -33.804995], [150.859734, -33.803422], [150.860672, -33.802361], [150.860306, -33.799561], [150.861015, -33.797715], [150.859734, -33.796259], [150.86087, -33.794521], [150.860782, -33.791716], [150.862285, -33.790494], [150.866067, -33.79141], [150.871535, -33.79224], [150.883598, -33.794264], [150.889398, -33.795615], [150.891088, -33.787629], [150.89335, -33.78545], [150.895339, -33.77573], [150.875611, -33.773187], [150.877198, -33.765879], [150.880169, -33.766083], [150.881333, -33.761162], [150.881042, -33.759444], [150.879528, -33.756706], [150.878858, -33.754522], [150.88046, -33.7503], [150.879091, -33.746951], [150.873359, -33.743681], [150.870168, -33.742673], [150.853916, -33.737548], [150.849191, -33.733361], [150.846907, -33.731184], [150.84504, -33.727668], [150.844175, -33.716706], [150.835178, -33.700388], [150.821243, -33.685506], [150.812633, -33.677638], [150.810164, -33.678694], [150.807556, -33.678802], [150.807051, -33.677793], [150.804369, -33.675345], [150.801923, -33.67517], [150.799739, -33.675957], [150.797517, -33.677934], [150.796856, -33.680121], [150.796099, -33.682654], [150.795662, -33.684518], [150.794643, -33.685129], [150.7931, -33.685683], [150.791236, -33.686149], [150.790392, -33.68708], [150.791491, -33.687992], [150.790843, -33.688977], [150.78847, -33.6904], [150.785217, -33.692013], [150.783548, -33.694593], [150.781044, -33.695729], [150.779472, -33.696544], [150.779326, -33.701087], [150.777802, -33.70306], [150.775833, -33.704201], [150.774765, -33.703732], [150.773514, -33.702171], [150.771362, -33.701862], [150.769396, -33.703533], [150.767911, -33.704989], [150.766484, -33.706562], [150.766484, -33.709998], [150.767183, -33.71323], [150.767044, -33.714684], [150.766164, -33.717016], [150.764755, -33.719151], [150.763428, -33.72047], [150.762873, -33.723626], [150.763048, -33.726072], [150.761126, -33.729363], [150.760456, -33.732624], [150.760019, -33.738128], [150.759321, -33.739904], [150.75868, -33.740894], [150.75708, -33.741283], [150.755264, -33.740162], [150.753647, -33.740223], [150.752186, -33.741418], [150.752652, -33.743573], [150.753438, -33.744651], [150.75415, -33.745461], [150.756088, -33.74604], [150.756641, -33.746747], [150.757137, -33.747767], [150.757828, -33.749233], [150.759146, -33.748902], [150.760986, -33.748291], [150.762375, -33.749043], [150.762961, -33.751086], [150.764067, -33.753911], [150.764908, -33.755482], [150.765174, -33.757347], [150.765671, -33.759022], [150.764649, -33.760754], [150.764191, -33.762051], [150.765494, -33.763637], [150.767042, -33.765571], [150.767532, -33.767219], [150.767358, -33.768325], [150.766484, -33.768267], [150.7643, -33.768325], [150.762268, -33.76923], [150.761633, -33.769594], [150.760482, -33.77095], [150.759088, -33.77511], [150.75935, -33.776508], [150.760864, -33.777906], [150.762804, -33.779291], [150.764504, -33.779769], [150.765747, -33.7812], [150.765145, -33.781662], [150.764475, -33.783264], [150.778132, -33.785361], [150.789837, -33.787632], [150.789343, -33.789233], [150.789114, -33.791049], [150.79013, -33.792408], [150.790246, -33.79366], [150.790246, -33.795407], [150.791003, -33.796979], [150.792139, -33.798144], [150.793042, -33.799425], [150.793012, -33.800846], [150.792314, -33.802279], [150.791941, -33.803145], [150.792394, -33.805088], [150.789321, -33.807616], [150.787509, -33.809734], [150.786245, -33.812544], [150.801282, -33.81218], [150.807602, -33.812238], [150.815377, -33.813112], [150.815238, -33.814501], [150.814798, -33.815979], [150.815155, -33.81707], [150.814561, -33.818732], [150.813163, -33.820625], [150.812955, -33.82248], [150.812971, -33.822356]]]}}, {"type": "Feature", "properties": {"index": "COOK", "division": "Cook", "state": "New South Wales", "year": "1992", "proclaimed": "19920131", "quota": "0", "electors": "0", "deviation": ""}, "geometry": {"type": "Polygon", "coordinates": [[[151.058883, -34.068374], [151.061128, -34.064351], [151.0662, -34.064314], [151.068808, -34.063176], [151.077391, -34.061964], [151.082104, -34.062504], [151.082245, -34.061957], [151.081125, -34.062246], [151.079604, -34.06123], [151.082285, -34.060536], [151.083916, -34.06149], [151.084, -34.063723], [151.085486, -34.065131], [151.088837, -34.065546], [151.089618, -34.064873], [151.088884, -34.064068], [151.08616, -34.064323], [151.085712, -34.063768], [151.086494, -34.061979], [151.090334, -34.061336], [151.089079, -34.058214], [151.085638, -34.055997], [151.083618, -34.057875], [151.080277, -34.055637], [151.078558, -34.056392], [151.077519, -34.055903], [151.077022, -34.053923], [151.078389, -34.055634], [151.080224, -34.054978], [151.083559, -34.055911], [151.085771, -34.053852], [151.087694, -34.055589], [151.092183, -34.057661], [151.095062, -34.052079], [151.094486, -34.050874], [151.092886, -34.05072], [151.091909, -34.049059], [151.095397, -34.049657], [151.097725, -34.049047], [151.096978, -34.047053], [151.101305, -34.051596], [151.100802, -34.054515], [151.098715, -34.055856], [151.099968, -34.056667], [151.100825, -34.058995], [151.10177, -34.058999], [151.103576, -34.055814], [151.106539, -34.054327], [151.106896, -34.050617], [151.108629, -34.046787], [151.105231, -34.042091], [151.109271, -34.044745], [151.112134, -34.043153], [151.109027, -34.050744], [151.109284, -34.052495], [151.111611, -34.052968], [151.10756, -34.05853], [151.105961, -34.059439], [151.106814, -34.061765], [151.10891, -34.061125], [151.110906, -34.061861], [151.114401, -34.059429], [151.114425, -34.061769], [151.113604, -34.063198], [151.115955, -34.065789], [151.112202, -34.066201], [151.112675, -34.068831], [151.110834, -34.070185], [151.111637, -34.072455], [151.118847, -34.070813], [151.1193, -34.067831], [151.121948, -34.070487], [151.129658, -34.069298], [151.130071, -34.066731], [151.127981, -34.066029], [151.126297, -34.063989], [151.127901, -34.061366], [151.12916, -34.064058], [151.13206, -34.063561], [151.133493, -34.060735], [151.133033, -34.058485], [151.135034, -34.058066], [151.133934, -34.05555], [151.138273, -34.056205], [151.138067, -34.058555], [151.135057, -34.065739], [151.134444, -34.071897], [151.137414, -34.073716], [151.140341, -34.073794], [151.141194, -34.067112], [151.139197, -34.064746], [151.143485, -34.059743], [151.142319, -34.057389], [151.145229, -34.056869], [151.146292, -34.055463], [151.145788, -34.05502], [151.147489, -34.055561], [151.148906, -34.054581], [151.150041, -34.055277], [151.149623, -34.05632], [151.150166, -34.056087], [151.150611, -34.057719], [151.148232, -34.059401], [151.146647, -34.06214], [151.146379, -34.064473], [151.147819, -34.069625], [151.146941, -34.070732], [151.14775, -34.07189], [151.147416, -34.073366], [151.148302, -34.073783], [151.150638, -34.072457], [151.153407, -34.073152], [151.156521, -34.071538], [151.157184, -34.070352], [151.156758, -34.06928], [151.158353, -34.066935], [151.15552, -34.064231], [151.156441, -34.062747], [151.155905, -34.062155], [151.158404, -34.058437], [151.157362, -34.056884], [151.155073, -34.0557], [151.155138, -34.054435], [151.156442, -34.052937], [151.15588, -34.051861], [151.160883, -34.044905], [151.165543, -34.040719], [151.175756, -34.036174], [151.185918, -34.034563], [151.189886, -34.034975], [151.194148, -34.036629], [151.196735, -34.038522], [151.197869, -34.041223], [151.198776, -34.041682], [151.200842, -34.040671], [151.201218, -34.039665], [151.200159, -34.038669], [151.201143, -34.03786], [151.2032, -34.040228], [151.205962, -34.040102], [151.207359, -34.041497], [151.20971, -34.040623], [151.21452, -34.04193], [151.215357, -34.040415], [151.218609, -34.040133], [151.221219, -34.038916], [151.223927, -34.034877], [151.225423, -34.034278], [151.226256, -34.031466], [151.227935, -34.029768], [151.227473, -34.029219], [151.230295, -34.026401], [151.228577, -34.024599], [151.230371, -34.021766], [151.229518, -34.020608], [151.229852, -34.018881], [151.231926, -34.016739], [151.230728, -34.012619], [151.231455, -34.011663], [151.229629, -34.010275], [151.230158, -34.00783], [151.228426, -34.004305], [151.221931, -34.001214], [151.218538, -34.002991], [151.216304, -34.005949], [151.211401, -34.007892], [151.196506, -34.007999], [151.192417, -34.006954], [151.186751, -34.00753], [151.187001, -34.008447], [151.198869, -34.010189], [151.200127, -34.011799], [151.198342, -34.012304], [151.198137, -34.013989], [151.199851, -34.015], [151.201574, -34.014931], [151.199857, -34.014721], [151.200143, -34.013939], [151.202637, -34.014586], [151.20463, -34.013618], [151.20643, -34.014045], [151.205204, -34.0149], [151.205642, -34.016225], [151.203729, -34.016561], [151.203519, -34.017765], [151.199857, -34.017958], [151.199689, -34.019301], [151.196318, -34.021228], [151.196219, -34.020623], [151.193094, -34.020831], [151.193493, -34.019625], [151.19238, -34.019056], [151.190019, -34.020656], [151.189569, -34.018296], [151.185783, -34.019572], [151.184969, -34.021941], [151.181687, -34.023818], [151.180799, -34.025841], [151.179375, -34.026122], [151.176965, -34.025486], [151.174495, -34.023673], [151.173585, -34.020564], [151.172146, -34.019546], [151.170581, -34.020278], [151.169019, -34.023479], [151.163374, -34.022983], [151.162494, -34.023864], [151.162613, -34.022664], [151.16048, -34.022032], [151.159558, -34.023258], [151.159117, -34.021317], [151.155559, -34.016345], [151.157101, -34.016058], [151.158315, -34.014511], [151.163199, -34.013245], [151.168124, -34.013007], [151.169397, -34.013741], [151.170315, -34.015818], [151.175347, -34.015088], [151.178624, -34.012843], [151.176648, -34.011239], [151.175532, -34.011237], [151.174927, -34.012217], [151.172434, -34.011493], [151.172617, -34.010149], [151.174322, -34.008325], [151.173522, -34.007138], [151.162119, -34.000028], [151.161117, -34.002256], [151.155607, -34.005717], [151.155899, -34.006461], [151.157071, -34.006372], [151.156888, -34.005222], [151.157828, -34.004742], [151.159764, -34.004891], [151.161739, -34.00324], [151.162196, -34.004018], [151.163, -34.00303], [151.165507, -34.003046], [151.163874, -34.003819], [151.163538, -34.006478], [151.160458, -34.010747], [151.15799, -34.011665], [151.157393, -34.013218], [151.150737, -34.013871], [151.149345, -34.01615], [151.149144, -34.013625], [151.142816, -34.013724], [151.141756, -34.014559], [151.145661, -34.019313], [151.151536, -34.02139], [151.160885, -34.027817], [151.16097, -34.030269], [151.159864, -34.032201], [151.156657, -34.03353], [151.154899, -34.035353], [151.152796, -34.034061], [151.154599, -34.03575], [151.152051, -34.038334], [151.147324, -34.038757], [151.148165, -34.037649], [151.147596, -34.036835], [151.147916, -34.037621], [151.147017, -34.038716], [151.137635, -34.037053], [151.13367, -34.033077], [151.132022, -34.027938], [151.131615, -34.026123], [151.133864, -34.022939], [151.130906, -34.022627], [151.125748, -34.017617], [151.125442, -34.015065], [151.128024, -34.011899], [151.126957, -34.009899], [151.121817, -34.011837], [151.122028, -34.013896], [151.120171, -34.015783], [151.11805, -34.014416], [151.117262, -34.016432], [151.116204, -34.016661], [151.11747, -34.015853], [151.11703, -34.015215], [151.114067, -34.01652], [151.114403, -34.017202], [151.115946, -34.016788], [151.113822, -34.018815], [151.11549, -34.021813], [151.113135, -34.020106], [151.111655, -34.021358], [151.110762, -34.023642], [151.110771, -34.021786], [151.109517, -34.022705], [151.10965, -34.021456], [151.112011, -34.019852], [151.109658, -34.01814], [151.111703, -34.018841], [151.113013, -34.017772], [151.110824, -34.017755], [151.110932, -34.016953], [151.112762, -34.016796], [151.111326, -34.015984], [151.110031, -34.016542], [151.109509, -34.017843], [151.110011, -34.015853], [151.107858, -34.014364], [151.110896, -34.015524], [151.111669, -34.015055], [151.11135, -34.014058], [151.112839, -34.013385], [151.113379, -34.013474], [151.112131, -34.014068], [151.112211, -34.014748], [151.115962, -34.014561], [151.114081, -34.01327], [151.117358, -34.013775], [151.114317, -34.00987], [151.114487, -34.008007], [151.11579, -34.007163], [151.112694, -34.005369], [151.11352, -34.00368], [151.112993, -34.003536], [151.112087, -34.004911], [151.109528, -34.006689], [151.107351, -34.005104], [151.103844, -34.006489], [151.100139, -34.005558], [151.097649, -34.005821], [151.096999, -34.004222], [151.097877, -34.001586], [151.097384, -33.99937], [151.098196, -33.997907], [151.094428, -33.997849], [151.095646, -34.003504], [151.091987, -34.006602], [151.090471, -34.011887], [151.087901, -34.011522], [151.087866, -34.009747], [151.084367, -34.010556], [151.0825, -34.009256], [151.077713, -34.01258], [151.077729, -34.012307], [151.077657, -34.012363], [151.075972, -34.016806], [151.071682, -34.017572], [151.068465, -34.019441], [151.067576, -34.026274], [151.066657, -34.027162], [151.066565, -34.029828], [151.063317, -34.031146], [151.063102, -34.03326], [151.061938, -34.036508], [151.058874, -34.037059], [151.057434, -34.03902], [151.054492, -34.040583], [151.053236, -34.046987], [151.050969, -34.047814], [151.051735, -34.051093], [151.051367, -34.052686], [151.054339, -34.054463], [151.056882, -34.056087], [151.057832, -34.058048], [151.058047, -34.061572], [151.058843, -34.062644], [151.058169, -34.063901], [151.058476, -34.066076], [151.056698, -34.068742], [151.057985, -34.070458], [151.059726, -34.06935], [151.058883, -34.068374]]]}}, {"type": "Feature", "properties": {"index": "CWPR", "division": "Cowper", "state": "New South Wales", "year": "1992", "proclaimed": "19920131", "quota": "0", "electors": "0", "deviation": ""}, "geometry": {"type": "MultiPolygon", "coordinates": [[[[152.100463, -31.508032], [152.146714, -31.509166], [152.141571, -31.481638], [152.132884, -31.45974], [152.137192, -31.443869], [152.161678, -31.440469], [152.173921, -31.447724], [152.180949, -31.469716], [152.184235, -31.477499], [152.18721, -31.487617], [152.181686, -31.505539], [152.183014, -31.522148], [152.194916, -31.533678], [152.207825, -31.539087], [152.21492, -31.523067], [152.218094, -31.507387], [152.229355, -31.508549], [152.243622, -31.503757], [152.258896, -31.489408], [152.266144, -31.491978], [152.272156, -31.503647], [152.282364, -31.517418], [152.292877, -31.520458], [152.305664, -31.513577], [152.322525, -31.512136], [152.331482, -31.513357], [152.338654, -31.525217], [152.348145, -31.524628], [152.362305, -31.517668], [152.368449, -31.5137], [152.375351, -31.504557], [152.381821, -31.496376], [152.392883, -31.496426], [152.402771, -31.497467], [152.415741, -31.493557], [152.430313, -31.488037], [152.437912, -31.484276], [152.456192, -31.473076], [152.464859, -31.464996], [152.467117, -31.457516], [152.466019, -31.446146], [152.466507, -31.436577], [152.470871, -31.426676], [152.476212, -31.412617], [152.489293, -31.428679], [152.49324, -31.433626], [152.503555, -31.434475], [152.515457, -31.433706], [152.518875, -31.442385], [152.523682, -31.449615], [152.534103, -31.449205], [152.540695, -31.457165], [152.551346, -31.451166], [152.555405, -31.43989600000001], [152.568222, -31.443825], [152.5746, -31.453856], [152.584516, -31.457926], [152.593307, -31.460775], [152.602036, -31.463144], [152.622635, -31.467634], [152.634018, -31.464954], [152.657294, -31.457246], [152.668823, -31.447824], [152.682739, -31.440994], [152.69221, -31.437068], [152.702957, -31.433434], [152.717285, -31.428715], [152.723907, -31.434864], [152.729767, -31.445614], [152.738159, -31.451954], [152.749313, -31.451883], [152.761551, -31.442343], [152.820988, -31.4051], [152.914717, -31.413642], [152.914711, -31.411809], [152.917846, -31.398803], [152.922054, -31.388373], [152.93773, -31.360849], [152.947125, -31.347178], [152.959817, -31.331086], [152.967785, -31.323053], [152.969859, -31.321929], [152.972067, -31.32263], [152.971419, -31.320303], [152.972992, -31.318198], [152.973944, -31.314934], [152.975849, -31.315102], [152.974887, -31.313965], [152.976418, -31.314141], [152.973562, -31.311324], [152.972094, -31.311175], [152.970541, -31.312705], [152.968262, -31.311948], [152.965377, -31.308773], [152.964537, -31.30634], [152.964546, -31.297024], [152.965379, -31.291386], [152.967802, -31.285545], [152.968773, -31.285072], [152.968002, -31.284543], [152.969274, -31.283627], [152.970394, -31.281193], [152.972587, -31.279646], [152.97138, -31.278445], [152.968265, -31.278662], [152.966721, -31.27457], [152.967853, -31.267557], [152.970611, -31.261072], [152.968782, -31.257267], [152.968729, -31.25389], [152.969196, -31.252874], [152.97116, -31.252606], [152.967537, -31.250614], [152.964339, -31.251245], [152.962681, -31.250259], [152.960351, -31.244985], [152.960738, -31.232992], [152.961735, -31.226881], [152.966471, -31.212969], [152.974418, -31.197795], [152.975888, -31.19622], [152.979052, -31.196104], [152.979267, -31.1944], [152.982694, -31.192109], [152.982186, -31.187844], [152.984242, -31.186512], [152.978118, -31.186859], [152.975618, -31.182052], [152.975729, -31.177988], [152.979077, -31.167239], [152.989801, -31.145951], [152.998062, -31.133938], [153.006635, -31.123408], [153.037751, -31.089331], [153.04925, -31.079172], [153.05416, -31.079766], [153.055722, -31.078636], [153.054866, -31.078587], [153.055501, -31.07813], [153.054896, -31.077673], [153.055692, -31.077609], [153.054778, -31.077432], [153.055559, -31.077089], [153.053518, -31.075697], [153.054555, -31.075681], [153.053833, -31.075429], [153.055042, -31.074717], [153.054231, -31.074134], [153.05482, -31.072878], [153.053403, -31.071229], [153.053477, -31.070138], [153.05655, -31.068475], [153.05646, -31.064625], [153.057872, -31.063206], [153.059867, -31.063116], [153.05995, -31.059596], [153.063249, -31.05699], [153.064704, -31.056733], [153.06489, -31.052409], [153.063888, -31.051092], [153.064808, -31.050648], [153.064558, -31.048973], [153.066013, -31.049203], [153.065763, -31.048415], [153.066382, -31.047456], [153.064443, -31.047326], [153.0621, -31.049659], [153.057668, -31.051116], [153.055694, -31.053048], [153.056061, -31.053678], [153.054389, -31.053706], [153.048539, -31.050766], [153.042042, -31.043417], [153.038207, -31.032776], [153.037643, -31.027349], [153.037487, -31.015952], [153.039757, -30.999138], [153.042936, -30.988461], [153.047178, -30.977959], [153.05734, -30.958407], [153.063373, -30.95035], [153.069519, -30.9443], [153.074046, -30.937382], [153.079782, -30.930921], [153.085081, -30.925673], [153.086715, -30.925672], [153.086756, -30.924828], [153.087735, -30.925103], [153.089288, -30.923973], [153.089164, -30.921116], [153.090196, -30.922114], [153.090714, -30.921563], [153.089086, -30.920162], [153.08861, -30.92072], [153.087519, -30.918696], [153.086255, -30.918164], [153.086329, -30.915932], [153.087384, -30.915271], [153.086784, -30.913313], [153.088617, -30.913232], [153.088887, -30.91276], [153.088356, -30.911751], [153.088614, -30.911182], [153.08441, -30.909145], [153.085049, -30.906787], [153.083367, -30.907128], [153.081609, -30.905726], [153.082044, -30.899682], [153.08329, -30.899258], [153.084223, -30.897525], [153.083345, -30.897183], [153.082558, -30.894749], [153.083384, -30.894412], [153.083063, -30.893442], [153.080425, -30.893075], [153.078058, -30.889554], [153.076483, -30.889125], [153.076029, -30.886477], [153.076968, -30.884898], [153.077549, -30.880358], [153.076012, -30.878209], [153.071865, -30.876306], [153.06637, -30.875077], [153.067743, -30.876975], [153.069048, -30.881776], [153.065835, -30.884781], [153.060289, -30.886687], [153.051678, -30.886082], [153.04568, -30.883821], [153.044134, -30.882379], [153.04303, -30.883164], [153.041751, -30.88203100000001], [153.04063, -30.883086], [153.039414, -30.882149], [153.037184, -30.882482], [153.033315, -30.878905], [153.028778, -30.872456], [153.022906, -30.873152], [153.013744, -30.860782], [153.006218, -30.842193], [153.00279, -30.827211], [153.000864, -30.802438], [153.001537, -30.796351], [153.003189, -30.795449], [153.003347, -30.794], [153.002974, -30.793267], [152.999093, -30.793128], [152.997264, -30.786115], [152.997209, -30.774981], [152.998541, -30.76220800000001], [153.000881, -30.758097], [153.000005, -30.755615], [153.001686, -30.753976], [153.001853, -30.752566], [153.000431, -30.751163], [153.001661, -30.748638], [152.999961, -30.747636], [153.000322, -30.74677], [152.998637, -30.746523], [152.998559, -30.744109], [152.997723, -30.743146], [152.995312, -30.744607], [152.991874, -30.7425], [152.989853, -30.738318], [152.9885, -30.732377], [152.988701, -30.717812], [152.989888, -30.707504], [152.991875, -30.696939], [152.997491, -30.678914], [153.012058, -30.65154400000001], [153.018207, -30.648963], [153.019183, -30.649375], [153.020362, -30.647583], [153.019634, -30.64625], [153.018185, -30.646501], [153.017263, -30.644806], [153.016867, -30.641852], [153.017634, -30.640579], [153.016835, -30.640422], [153.016922, -30.638499], [153.015462, -30.637928], [153.01441, -30.634218], [153.0134, -30.626892], [153.010513, -30.618598], [153.010084, -30.60786600000001], [153.011861, -30.602121], [153.011566, -30.600878], [153.014517, -30.595788], [153.012483, -30.587203], [153.012376, -30.581591], [153.017103, -30.564111], [153.022644, -30.553527], [153.026602, -30.548924], [153.02959, -30.546964], [153.026114, -30.542856], [153.025013, -30.533623], [153.026534, -30.526706], [153.028655, -30.521592], [153.030112, -30.510211], [153.032433, -30.503028], [153.031711, -30.499017], [153.036949, -30.483578], [153.045956, -30.467008], [153.063915, -30.444146], [153.076319, -30.43189], [153.073419, -30.428579], [153.072085, -30.425023], [153.073893, -30.415505], [153.075807, -30.410593], [153.081203, -30.399806], [153.090296, -30.387201], [153.099079, -30.378361], [153.100156, -30.376029], [153.102548, -30.377152], [153.104516, -30.376997], [153.104977, -30.375823], [153.10408, -30.375775], [153.103746, -30.37486000000001], [153.104452, -30.37301400000001], [153.103097, -30.370137], [153.10362, -30.366641], [153.106054, -30.360738], [153.10772, -30.358458], [153.109088, -30.35875], [153.109789, -30.35632], [153.109379, -30.35527700000001], [153.106312, -30.354371], [153.113451, -30.34061700000001], [153.124613, -30.326353], [153.136083, -30.315935], [153.14286, -30.312221], [153.148814, -30.313768], [153.14921, -30.312461], [153.152929, -30.309492], [153.152704, -30.309068], [153.150042, -30.311458], [153.148126, -30.31182], [153.143342, -30.310278], [153.1429, -30.311161], [153.142972, -30.310496], [153.140125, -30.309882], [153.140118, -30.306455], [153.142501, -30.303102], [153.150206, -30.30648400000001], [153.154572, -30.305148], [153.152722, -30.303652], [153.148646, -30.304976], [153.146042, -30.302443], [153.140955, -30.301646], [153.139825, -30.299669], [153.139025, -30.296585], [153.140464, -30.295388], [153.139612, -30.293789], [153.139446, -30.290545], [153.140878, -30.284349], [153.142496, -30.281512], [153.144946, -30.281391], [153.145342, -30.279179], [153.146102, -30.279145], [153.14663, -30.277752], [153.147838, -30.277603], [153.146134, -30.27629], [153.144238, -30.27668], [153.142791, -30.274485], [153.143009, -30.27182], [153.144191, -30.271189], [153.14392, -30.270645], [153.145366, -30.269854], [153.147394, -30.270863], [153.147519, -30.26967], [153.14524, -30.267687], [153.141475, -30.268083], [153.139659, -30.266719], [153.140372, -30.264271], [153.138258, -30.262552], [153.139987, -30.257835], [153.141427, -30.257835], [153.141413, -30.257141], [153.140363, -30.257141], [153.140185, -30.255886], [153.143838, -30.24767900000001], [153.155198, -30.23394], [153.153843, -30.232336], [153.154539, -30.228094], [153.161181, -30.215627], [153.163863, -30.214544], [153.163614, -30.212831], [153.162322, -30.212787], [153.161727, -30.211897], [153.16176, -30.209411], [153.166987, -30.198029], [153.178113, -30.183941], [153.184709, -30.177824], [153.185658, -30.177381], [153.190596, -30.178673], [153.193349, -30.177131], [153.189554, -30.176204], [153.189851, -30.173698], [153.192011, -30.172215], [153.189964, -30.171198], [153.190774, -30.167843], [153.192648, -30.165484], [153.194908, -30.164591], [153.194732, -30.162722], [153.197858, -30.159764], [153.20109, -30.157596], [153.204171, -30.157917], [153.205118, -30.15682], [153.206622, -30.157103], [153.206858, -30.156386], [153.202299, -30.15596], [153.200803, -30.15387000000001], [153.200458, -30.150191], [153.201117, -30.147392], [153.203831, -30.146194], [153.202202, -30.146237], [153.200722, -30.145272], [153.199564, -30.141272], [153.201143, -30.13452], [153.205001, -30.129406], [153.20419, -30.127219], [153.204393, -30.124254], [153.206919, -30.116635], [153.208976, -30.11299], [153.213128, -30.113208], [153.212309, -30.111847], [153.213714, -30.109724], [153.211826, -30.108642], [153.208831, -30.109132], [153.207951, -30.108333], [153.20607, -30.108781], [153.205137, -30.108027], [153.204107, -30.108311], [153.203992, -30.109187], [153.202839, -30.109081], [153.201367, -30.10785], [153.199641, -30.103902], [153.199427, -30.099075], [153.201738, -30.094502], [153.200593, -30.090349], [153.200831, -30.086521], [153.202384, -30.083631], [153.202126, -30.081882], [153.203411, -30.078338], [153.20603, -30.077537], [153.205888, -30.076625], [153.203631, -30.075673], [153.203279, -30.072944], [153.204614, -30.070094], [153.206519, -30.069789], [153.207861, -30.068526], [153.206595, -30.067101], [153.20336, -30.0668], [153.202601, -30.065365], [153.20335, -30.060621], [153.206272, -30.059569], [153.206343, -30.058314], [153.204197, -30.057769], [153.200672, -30.059462], [153.198411, -30.058011], [153.19634, -30.054904], [153.196045, -30.052457], [153.155065, -30.055531], [153.138287, -30.089539], [153.115842, -30.128989], [153.062335, -30.113118], [153.035809, -30.109944], [152.991824, -30.10813], [152.971873, -30.10609], [152.959403, -30.118786], [152.958496, -30.141232], [152.926981, -30.143046], [152.914738, -30.159823], [152.882997, -30.140779], [152.859418, -30.157783], [152.84196, -30.162317], [152.812713, -30.143046], [152.804245, -30.174534], [152.757846, -30.199953], [152.701233, -30.201324], [152.695724, -30.21469], [152.696274, -30.224955], [152.685975, -30.231241], [152.674942, -30.23771500000001], [152.665451, -30.245636], [152.656274, -30.251193], [152.644836, -30.254786], [152.627472, -30.258255], [152.602341, -30.251146], [152.590927, -30.244516], [152.582362, -30.24416400000001], [152.571411, -30.240036], [152.560486, -30.245056], [152.556458, -30.260197], [152.534977, -30.288829], [152.523414, -30.299258], [152.514345, -30.320343], [152.496434, -30.329866], [152.471495, -30.350724], [152.456406, -30.402216], [152.426147, -30.411297], [152.411186, -30.423729], [152.409373, -30.439826], [152.375591, -30.461592], [152.377405, -30.502175], [152.367859, -30.508118], [152.359711, -30.508987], [152.357635, -30.508247], [152.341751, -30.515478], [152.334244, -30.517427], [152.322021, -30.519527], [152.315063, -30.516699], [152.309615, -30.518499], [152.303589, -30.518167], [152.28746, -30.527557], [152.273636, -30.537767], [152.261612, -30.541489], [152.253161, -30.546159], [152.248306, -30.550259], [152.235855, -30.557579], [152.22673, -30.563669], [152.217194, -30.56793800000001], [152.210983, -30.576658], [152.201508, -30.586699], [152.195663, -30.58865], [152.183365, -30.58758], [152.173447, -30.58725], [152.163406, -30.59161], [152.153793, -30.603909], [152.146362, -30.608189], [152.137344, -30.613628], [152.131516, -30.622799], [152.126648, -30.630619], [152.123764, -30.63854], [152.117615, -30.636869], [152.112915, -30.63702], [152.103523, -30.640023], [152.096817, -30.65315100000001], [152.090607, -30.65708], [152.089127, -30.66077], [152.081146, -30.66387], [152.072937, -30.670851], [152.073596, -30.675392], [152.073624, -30.68746000000001], [152.07045, -30.692579], [152.057678, -30.69582], [152.049667, -30.70289], [152.04158, -30.70825], [152.0383, -30.71282], [152.031937, -30.721081], [152.025558, -30.732759], [152.02063, -30.735069], [152.01947, -30.747061], [152.008942, -30.75411], [152.007431, -30.759241], [152.012909, -30.76524], [152.018753, -30.77548], [152.019058, -30.78586], [152.012381, -30.80417], [152.016235, -30.81664], [152.029158, -30.840899], [152.04364, -30.847759], [152.037064, -30.85754], [152.045807, -30.861309], [152.060669, -30.84869], [152.073349, -30.846529], [152.080154, -30.846581], [152.087952, -30.85132], [152.100784, -30.854839], [152.111404, -30.85997], [152.116562, -30.867579], [152.124283, -30.85825], [152.139648, -30.869719], [152.147079, -30.87077], [152.151886, -30.871248], [152.156113, -30.877588], [152.157959, -30.882389], [152.164978, -30.89181900000001], [152.170151, -30.899609], [152.169037, -30.908169], [152.17424, -30.910189], [152.178177, -30.914278], [152.189178, -30.915159], [152.196884, -30.918638], [152.204971, -30.927528], [152.210129, -30.937759], [152.215637, -30.941038], [152.223267, -30.942528], [152.234406, -30.937717], [152.243347, -30.944538], [152.255203, -30.94216700000001], [152.273906, -30.945986], [152.278894, -30.983622], [152.257582, -31.003346], [152.262604, -31.026487], [152.273226, -31.026245], [152.29227, -31.040982], [152.306915, -31.043068], [152.327639, -31.04529000000001], [152.325825, -31.134166], [152.306327, -31.195381], [152.255995, -31.197421], [152.232869, -31.203089], [152.199767, -31.189713], [152.182083, -31.199689], [152.15873, -31.185859], [152.134698, -31.203543], [152.139912, -31.228256], [152.145354, -31.24662], [152.140139, -31.27496100000001], [152.107944, -31.287657], [152.090033, -31.384921], [152.052171, -31.40578], [152.050583, -31.43208], [152.069401, -31.454299], [152.063733, -31.49306800000001], [152.100463, -31.508032]]], [[[153.226679, -30.162389], [153.228058, -30.161968], [153.229085, -30.161032], [153.228899, -30.160258], [153.227934, -30.159359], [153.226607, -30.159447], [153.225217, -30.160286], [153.225675, -30.161633], [153.226679, -30.162389]]], [[[153.267069, -30.207604], [153.268006, -30.207416], [153.267774, -30.206164], [153.269533, -30.2063], [153.26904, -30.205277], [153.267954, -30.205437], [153.267526, -30.203944], [153.265636, -30.204335], [153.267069, -30.207604]]], [[[153.180901, -30.239344], [153.179204, -30.240298], [153.180262, -30.24135100000001], [153.182395, -30.240799], [153.180901, -30.239344]]], [[[153.077617, -30.432768], [153.078133, -30.431821], [153.077158, -30.43175], [153.076402, -30.429552], [153.075618, -30.429323], [153.075418, -30.429927], [153.075914, -30.429954], [153.076604, -30.432411], [153.077617, -30.432768]]], [[[153.09056, -30.910205], [153.089538, -30.910897], [153.090588, -30.911671], [153.091415, -30.910952], [153.09056, -30.910205]]], [[[153.208191, -30.130709], [153.208917, -30.130083], [153.207075, -30.130046], [153.206779, -30.130746], [153.208191, -30.130709]]], [[[153.088533, -30.916097], [153.08889, -30.915614], [153.087548, -30.914682], [153.08761, -30.915546], [153.088533, -30.916097]]], [[[153.100975, -30.939364], [153.10162, -30.939431], [153.100843, -30.937928], [153.100389, -30.938753], [153.100975, -30.939364]]], [[[153.14358, -30.296026], [153.144221, -30.296165], [153.144375, -30.295076], [153.143278, -30.295206], [153.14358, -30.296026]]], [[[153.206115, -30.096366], [153.206526, -30.09557], [153.205603, -30.09566], [153.205554, -30.09631900000001], [153.206115, -30.096366]]], [[[153.065189, -31.05639], [153.065758, -31.055732], [153.06492, -31.055399], [153.064771, -31.055946], [153.065189, -31.05639]]], [[[153.077155, -30.949182], [153.077351, -30.948718], [153.07689, -30.948627], [153.076034, -30.949606], [153.077155, -30.949182]]], [[[153.157217, -30.233674], [153.156862, -30.234495], [153.157284, -30.23442], [153.157647, -30.233743], [153.157217, -30.233674]]], [[[153.206402, -30.130058], [153.206989, -30.129696], [153.206718, -30.129439], [153.206289, -30.129646], [153.206402, -30.130058]]], [[[153.076856, -30.878999], [153.077036, -30.879024], [153.076735, -30.87827], [153.076397, -30.878549], [153.076856, -30.878999]]], [[[153.076261, -30.949117], [153.076177, -30.948771], [153.075685, -30.949254], [153.07564, -30.949581], [153.076261, -30.949117]]], [[[153.087798, -30.910346], [153.088847, -30.91116], [153.088847, -30.910892], [153.088193, -30.910446], [153.087798, -30.910346]]], [[[153.019821, -30.649475], [153.019893, -30.649174], [153.019467, -30.648969], [153.019396, -30.64925300000001], [153.019821, -30.649475]]], [[[153.2077, -30.095247], [153.207417, -30.095246], [153.207304, -30.095647], [153.207561, -30.095665], [153.2077, -30.095247]]], [[[153.146002, -30.30206], [153.146036, -30.30194], [153.14562, -30.301882], [153.145467, -30.302139], [153.146002, -30.30206]]], [[[153.145329, -30.301973], [153.145448, -30.301658], [153.145065, -30.301743], [153.145025, -30.301904], [153.145329, -30.301973]]], [[[153.208197, -30.096406], [153.208264, -30.096217], [153.207908, -30.096147], [153.207874, -30.096394], [153.208197, -30.096406]]], [[[153.208134, -30.06794800000001], [153.208047, -30.068068], [153.208224, -30.06835], [153.208423, -30.068064], [153.208134, -30.06794800000001]]], [[[153.065788, -31.05553000000001], [153.065779, -31.054963], [153.065603, -31.05513300000001], [153.065647, -31.05547500000001], [153.065788, -31.05553000000001]]], [[[153.053934, -31.071483], [153.054155, -31.07147], [153.053771, -31.071141], [153.053683, -31.071331], [153.053934, -31.071483]]], [[[153.066365, -31.048301], [153.066298, -31.048115], [153.066081, -31.048158], [153.066131, -31.04843], [153.066365, -31.048301]]], [[[153.208205, -30.096056], [153.208397, -30.095799], [153.207916, -30.095872], [153.208074, -30.095947], [153.208205, -30.096056]]], [[[153.043655, -30.882054], [153.043738, -30.881919], [153.043545, -30.881792], [153.043425, -30.882006], [153.043655, -30.882054]]], [[[153.102179, -30.938797], [153.102264, -30.938847], [153.10229, -30.938651], [153.101938, -30.938539], [153.102179, -30.938797]]], [[[153.088847, -30.91165], [153.088663, -30.911551], [153.088621, -30.911739], [153.088763, -30.911856], [153.088847, -30.91165]]], [[[153.062195, -31.058492], [153.062343, -31.058391], [153.062063, -31.058302], [153.061989, -31.058429], [153.062195, -31.058492]]], [[[153.084313, -30.897906], [153.084546, -30.898048], [153.084582, -30.897878], [153.084463, -30.89781], [153.084313, -30.897906]]]]}}, {"type": "Feature", "properties": {"index": "CGHM", "division": "Cunningham", "state": "New South Wales", "year": "1992", "proclaimed": "19920131", "quota": "0", "electors": "0", "deviation": ""}, "geometry": {"type": "Polygon", "coordinates": [[[150.902392, -34.433215], [150.907179, -34.423381], [150.910653, -34.422605], [150.910846, -34.421307], [150.907848, -34.420151], [150.906943, -34.418956], [150.906974, -34.420246], [150.906153, -34.420819], [150.908112, -34.420736], [150.906869, -34.421662], [150.904246, -34.42078], [150.903957, -34.419052], [150.90575, -34.419158], [150.903086, -34.418561], [150.902211, -34.417201], [150.903327, -34.416355], [150.902047, -34.416199], [150.903085, -34.411056], [150.902213, -34.410425], [150.902085, -34.407696], [150.904248, -34.400102], [150.909203, -34.391673], [150.913607, -34.38676], [150.916523, -34.386118], [150.915509, -34.384959], [150.915851, -34.383928], [150.919996, -34.378616], [150.923669, -34.375865], [150.926676, -34.375683], [150.926591, -34.373309], [150.9313, -34.368752], [150.930421, -34.367661], [150.928397, -34.367438], [150.928708, -34.368068], [150.927509, -34.368652], [150.925308, -34.367648], [150.924774, -34.365706], [150.922763, -34.36523], [150.921077, -34.363643], [150.919412, -34.358542], [150.919942, -34.353278], [150.921322, -34.349162], [150.922089, -34.348056], [150.924327, -34.347907], [150.922632, -34.346183], [150.923526, -34.343378], [150.925647, -34.340052], [150.927537, -34.339655], [150.925275, -34.337629], [150.9257, -34.33343], [150.927937, -34.331173], [150.930286, -34.331102], [150.929065, -34.330036], [150.927405, -34.330025], [150.924432, -34.327458], [150.925403, -34.321521], [150.928023, -34.316624], [150.932537, -34.312439], [150.933498, -34.309728], [150.934869, -34.309468], [150.935681, -34.306399], [150.938567, -34.305355], [150.93817, -34.303738], [150.940453, -34.302319], [150.941388, -34.302835], [150.943418, -34.301322], [150.941502, -34.299923], [150.942115, -34.299227], [150.94174, -34.297551], [150.944556, -34.294167], [150.947034, -34.293765], [150.946098, -34.29256], [150.947484, -34.29047], [150.950037, -34.289998], [150.948858, -34.288536], [150.94974, -34.286359], [150.952639, -34.285], [150.954026, -34.281781], [150.956727, -34.280991], [150.956231, -34.278328], [150.958781, -34.274473], [150.961536, -34.272603], [150.961431, -34.271432], [150.964255, -34.270479], [150.963522, -34.26983], [150.963922, -34.268639], [150.967967, -34.267245], [150.968054, -34.26256], [150.972447, -34.260024], [150.971922, -34.258606], [150.97369, -34.258473], [150.973283, -34.257024], [150.973852, -34.256597], [150.969303, -34.256923], [150.9682, -34.253491], [150.954166, -34.266605], [150.946445, -34.264951], [150.94669, -34.262745], [150.946384, -34.260355], [150.943565, -34.259742], [150.942339, -34.257352], [150.941358, -34.254962], [150.936885, -34.253859], [150.932411, -34.251775], [150.929286, -34.249324], [150.92567, -34.245279], [150.924874, -34.243012], [150.922104, -34.239052], [150.918378, -34.239519], [150.914578, -34.24007], [150.911147, -34.238661], [150.90747, -34.237987], [150.907286, -34.235658], [150.906021, -34.233509], [150.90155, -34.232971], [150.897236, -34.232226], [150.895336, -34.235107], [150.892609, -34.235137], [150.890678, -34.236056], [150.88933, -34.238508], [150.887737, -34.241725], [150.884642, -34.24341], [150.880322, -34.258363], [150.874745, -34.259037], [150.87401, -34.260876], [150.854492, -34.276931], [150.853174, -34.277973], [150.851703, -34.280179], [150.849987, -34.277391], [150.848609, -34.278555], [150.845391, -34.278249], [150.842113, -34.27592], [150.838987, -34.274174], [150.835586, -34.27497], [150.8305, -34.275706], [150.827803, -34.275583], [150.824555, -34.273898], [150.822809, -34.27353], [150.820664, -34.274112], [150.820021, -34.272182], [150.817845, -34.270099], [150.816221, -34.268505], [150.813647, -34.268076], [150.811533, -34.268444], [150.811502, -34.269823], [150.811717, -34.271416], [150.810032, -34.271998], [150.807856, -34.270834], [150.806079, -34.270589], [150.804179, -34.271998], [150.801759, -34.272795], [150.800564, -34.273346], [150.804026, -34.276901], [150.803857, -34.279919], [150.803888, -34.281482], [150.804961, -34.283075], [150.807381, -34.284025], [150.809128, -34.285741], [150.808944, -34.28712], [150.808546, -34.290092], [150.812161, -34.291961], [150.814337, -34.293462], [150.815195, -34.295178], [150.815195, -34.296771], [150.813509, -34.297262], [150.811702, -34.296925], [150.810936, -34.298181], [150.811487, -34.300387], [150.813663, -34.303237], [150.814245, -34.305565], [150.791203, -34.302654], [150.789855, -34.306209], [150.748122, -34.301797], [150.744567, -34.335685], [150.74205, -34.339523], [150.685982, -34.440784], [150.690517, -34.443112], [150.693765, -34.443786], [150.697871, -34.444522], [150.700536, -34.446513], [150.705316, -34.446973], [150.709177, -34.450252], [150.711975, -34.4501], [150.71411, -34.449976], [150.714601, -34.452611], [150.715244, -34.45494], [150.718339, -34.456227], [150.72125, -34.456962], [150.724406, -34.457483], [150.726979, -34.457943], [150.728236, -34.459352], [150.731239, -34.460087], [150.733567, -34.460792], [150.73703, -34.460363], [150.739757, -34.459536], [150.742264, -34.460152], [150.744384, -34.461037], [150.747202, -34.457299], [150.750113, -34.454787], [150.753086, -34.453867], [150.754985, -34.451661], [150.757191, -34.449424], [150.765771, -34.448995], [150.76957, -34.450742], [150.774136, -34.449578], [150.777169, -34.447739], [150.780233, -34.44777], [150.782286, -34.448015], [150.784646, -34.445441], [150.786453, -34.444277], [150.789977, -34.442806], [150.792153, -34.443051], [150.793072, -34.444736], [150.795462, -34.443572], [150.798924, -34.444062], [150.801682, -34.444338], [150.803766, -34.44541], [150.808423, -34.446023], [150.814398, -34.447586], [150.819913, -34.447157], [150.823192, -34.447494], [150.826654, -34.448444], [150.829167, -34.450405], [150.830117, -34.452458], [150.834866, -34.454143], [150.839615, -34.454848], [150.843629, -34.454296], [150.846847, -34.450711], [150.850983, -34.446391], [150.853373, -34.443541], [150.85512, -34.439681], [150.857295, -34.438424], [150.858827, -34.438639], [150.858521, -34.440906], [150.859072, -34.442745], [150.861401, -34.442898], [150.86615, -34.442745], [150.869858, -34.44397], [150.874209, -34.445227], [150.878468, -34.443664], [150.881961, -34.442959], [150.886098, -34.441611], [150.889683, -34.442714], [150.896148, -34.443082], [150.900071, -34.444646], [150.902392, -34.433215]]]}}, {"type": "Feature", "properties": {"index": "DBLL", "division": "Dobell", "state": "New South Wales", "year": "1992", "proclaimed": "19920131", "quota": "0", "electors": "0", "deviation": ""}, "geometry": {"type": "MultiPolygon", "coordinates": [[[[151.105828, -33.282884], [151.109803, -33.281436], [151.113409, -33.281436], [151.115689, -33.282977], [151.117877, -33.283316], [151.12099, -33.286644], [151.123764, -33.285328], [151.121658, -33.283768], [151.121902, -33.28233], [151.124939, -33.280479], [151.124924, -33.276417], [151.127258, -33.272579], [151.132793, -33.27407], [151.139282, -33.272667], [151.142487, -33.268387], [151.144318, -33.267788], [151.148895, -33.27002], [151.155212, -33.270287], [151.159296, -33.269756], [151.162766, -33.268417], [151.165009, -33.269268], [151.169739, -33.269066], [151.170502, -33.268356], [151.17067, -33.265739], [151.175536, -33.265411], [151.177994, -33.264679], [151.179626, -33.262989], [151.182938, -33.264118], [151.186723, -33.2635], [151.188354, -33.262028], [151.19104, -33.261707], [151.194427, -33.263007], [151.196615, -33.262514], [151.197971, -33.260788], [151.199913, -33.260572], [151.202902, -33.261065], [151.206662, -33.259001], [151.209898, -33.260603], [151.212055, -33.262884], [151.211685, -33.264733], [151.213257, -33.266582], [151.214243, -33.269201], [151.217201, -33.271204], [151.222286, -33.268308], [151.227525, -33.264733], [151.233658, -33.265534], [151.232548, -33.271266], [151.23865, -33.271852], [151.236308, -33.286212], [151.247371, -33.28763], [151.247125, -33.289633], [151.25224, -33.28951], [151.250885, -33.295704], [151.267433, -33.2978], [151.266139, -33.301559], [151.266262, -33.303901], [151.265184, -33.306675], [151.264752, -33.311698], [151.281424, -33.313177], [151.279822, -33.320081], [151.298836, -33.322515], [151.299822, -33.319433], [151.301055, -33.319865], [151.299329, -33.327692], [151.303212, -33.32837], [151.301055, -33.33854], [151.294645, -33.337492], [151.291378, -33.351483], [151.295046, -33.351545], [151.297573, -33.353486], [151.299453, -33.357], [151.299915, -33.359588], [151.303151, -33.363225], [151.307003, -33.363471], [151.310454, -33.365166], [151.313012, -33.365844], [151.31594, -33.364889], [151.318867, -33.365628], [151.322011, -33.365752], [151.324469, -33.366775], [151.327323, -33.366119], [151.32942, -33.364736], [151.331712, -33.364511], [151.330609, -33.366276], [151.327825, -33.367906], [151.324384, -33.368156], [151.311687, -33.368833], [151.305061, -33.376569], [151.303767, -33.379959], [151.30352, -33.38378], [151.315293, -33.384211], [151.319638, -33.385506], [151.325668, -33.384266], [151.327589, -33.387879], [151.332335, -33.393179], [151.3348, -33.395953], [151.339977, -33.397], [151.341118, -33.398141], [151.343306, -33.401007], [151.347244, -33.402946], [151.348236, -33.406369], [151.343398, -33.413395], [151.360286, -33.415244], [151.367096, -33.418665], [151.378406, -33.420268], [151.383337, -33.423072], [151.392644, -33.424366], [151.394678, -33.427571], [151.399701, -33.426369], [151.403831, -33.426], [151.410179, -33.426647], [151.411905, -33.427787], [151.410333, -33.430129], [151.411011, -33.432841], [151.414493, -33.437032], [151.415171, -33.438696], [151.41927, -33.43959], [151.421489, -33.440884], [151.425064, -33.440175], [151.433662, -33.440884], [151.436189, -33.440175], [151.443556, -33.441281], [151.443517, -33.441117], [151.444997, -33.435403], [151.448808, -33.430045], [151.45219, -33.426817], [151.453731, -33.426627], [151.454528, -33.423904], [151.458781, -33.421213], [151.460278, -33.419053], [151.462745, -33.418494], [151.462583, -33.417594], [151.463616, -33.416999], [151.462765, -33.416656], [151.462956, -33.415253], [151.468196, -33.410269], [151.473523, -33.407877], [151.4764, -33.40752], [151.479228, -33.402519], [151.485003, -33.398629], [151.484475, -33.394819], [151.48661, -33.394159], [151.487178, -33.390914], [151.483366, -33.384629], [151.485417, -33.382915], [151.487208, -33.383635], [151.488672, -33.381832], [151.486157, -33.379558], [151.487366, -33.374543], [151.491633, -33.369472], [151.499447, -33.364883], [151.500301, -33.362598], [151.502528, -33.362681], [151.503018, -33.363546], [151.504443, -33.362511], [151.503211, -33.361226], [151.503083, -33.362431], [151.501722, -33.36235], [151.500205, -33.360447], [151.50051, -33.358516], [151.502272, -33.357069], [151.502131, -33.354686], [151.504939, -33.354148], [151.504594, -33.351157], [151.503193, -33.34893], [151.504234, -33.345265], [151.50223, -33.34553], [151.499746, -33.341812], [151.498974, -33.339022], [151.494014, -33.336508], [151.490251, -33.338507], [151.489898, -33.341981], [151.490484, -33.343261], [151.484881, -33.354747], [151.475292, -33.364637], [151.474621, -33.364464], [151.474091, -33.365857], [151.473719, -33.364582], [151.471677, -33.365465], [151.469345, -33.36538], [151.462586, -33.362861], [151.448791, -33.354628], [151.441984, -33.347347], [151.439052, -33.34166], [151.440226, -33.332514], [151.441795, -33.329918], [151.443253, -33.328279], [151.446968, -33.326469], [151.453264, -33.325265], [151.456813, -33.325785], [151.462059, -33.327969], [151.46542, -33.327608], [151.466534, -33.329684], [151.468581, -33.328497], [151.465417, -33.326376], [151.457761, -33.323396], [151.453414, -33.322835], [151.449002, -33.319884], [151.445004, -33.312176], [151.445889, -33.311642], [151.444631, -33.310778], [151.444993, -33.308942], [151.443022, -33.307581], [151.444282, -33.309659], [151.442063, -33.309532], [151.441149, -33.308968], [151.441615, -33.30706], [151.444039, -33.306238], [151.445186, -33.303654], [151.447658, -33.301139], [151.45251, -33.298624], [151.460489, -33.298265], [151.465006, -33.301936], [151.467905, -33.299481], [151.465715, -33.298769], [151.465103, -33.297796], [151.465887, -33.295101], [151.468471, -33.294044], [151.471427, -33.295343], [151.472272, -33.294842], [151.471936, -33.290768], [151.473589, -33.289756], [151.474429, -33.287344], [151.473512, -33.285183], [151.475091, -33.282436], [151.476894, -33.281568], [151.478632, -33.282535], [151.486211, -33.282013], [151.488073, -33.280616], [151.489008, -33.277096], [151.490932, -33.276657], [151.491432, -33.275806], [151.491252, -33.26867], [151.494578, -33.263796], [151.499903, -33.262384], [151.505695, -33.262756], [151.506765, -33.263469], [151.50788, -33.262484], [151.50772, -33.260633], [151.509557, -33.259938], [151.519037, -33.261667], [151.515357, -33.25425], [151.514362, -33.249078], [151.516133, -33.242539], [151.510873, -33.237693], [151.509748, -33.234878], [151.50696, -33.232069], [151.506961, -33.224987], [151.508584, -33.222659], [151.51026, -33.222136], [151.510274, -33.22145], [151.511969, -33.21883], [151.51505, -33.217752], [151.510613, -33.21467], [151.514403, -33.21239], [151.517516, -33.209647], [151.519919, -33.205702], [151.521738, -33.201665], [151.520906, -33.198676], [151.518687, -33.196704], [151.516684, -33.195748], [151.510613, -33.195378], [151.50334, -33.193899], [151.499734, -33.192851], [151.495697, -33.191156], [151.4924, -33.188445], [151.49092, -33.187982], [151.488023, -33.190047], [151.48599, -33.189153], [151.484264, -33.189677], [151.476529, -33.188845], [151.472738, -33.190694], [151.470427, -33.193221], [151.466605, -33.193129], [151.462692, -33.198676], [151.45961, -33.201357], [151.454957, -33.202251], [151.45169, -33.201265], [151.442999, -33.199847], [151.445372, -33.19205], [151.439579, -33.194855], [151.438685, -33.199107], [151.432213, -33.198429], [151.432614, -33.192697], [151.42229, -33.189739], [151.421612, -33.192143], [151.413446, -33.190694], [151.414709, -33.185979], [151.413538, -33.184315], [151.40115, -33.182435], [151.403184, -33.171957], [151.406666, -33.171125], [151.401673, -33.169584], [151.40155, -33.167889], [151.40004, -33.166595], [151.395787, -33.166595], [151.391874, -33.166287], [151.393538, -33.164407], [151.396804, -33.163267], [151.399177, -33.161942], [151.398191, -33.160062], [151.396558, -33.157381], [151.39474, -33.153898], [151.395233, -33.150601], [151.394154, -33.147797], [151.391535, -33.14678], [151.389686, -33.145085], [151.389994, -33.139969], [151.387682, -33.138921], [151.38571, -33.135963], [151.385433, -33.132018], [151.386789, -33.126964], [151.385279, -33.125207], [151.382937, -33.123358], [151.383861, -33.120801], [151.382289, -33.118304], [151.384477, -33.113805], [151.382906, -33.111894], [151.382536, -33.10983], [151.384262, -33.107457], [151.383306, -33.10533], [151.38155, -33.102988], [151.380533, -33.100923], [151.383152, -33.098705], [151.379855, -33.097873], [151.376188, -33.097318], [151.375078, -33.094174], [151.372305, -33.095407], [151.370979, -33.093712], [151.368422, -33.093897], [151.364569, -33.093866], [151.363244, -33.091986], [151.361334, -33.090846], [151.356896, -33.089768], [151.357728, -33.082063], [151.350332, -33.077317], [151.337481, -33.074297], [151.336618, -33.072387], [151.333999, -33.071216], [151.331379, -33.069274], [151.331071, -33.065345], [151.329345, -33.062417], [151.324692, -33.061708], [151.321826, -33.056377], [151.317974, -33.05536], [151.316248, -33.051816], [151.313752, -33.050738], [151.307095, -33.049412], [151.306756, -33.048026], [151.304784, -33.045529], [151.302473, -33.046269], [151.300562, -33.052463], [151.297912, -33.055391], [151.295107, -33.057024], [151.290546, -33.057178], [151.286109, -33.057209], [151.282102, -33.059274], [151.279329, -33.058596], [151.275477, -33.05801], [151.271994, -33.05875], [151.267125, -33.05798], [151.267618, -33.059705], [151.268296, -33.064605], [151.267495, -33.068519], [151.266232, -33.07157], [151.263951, -33.075299], [151.264968, -33.07761], [151.265831, -33.079398], [151.264598, -33.082479], [151.264136, -33.084791], [151.265369, -33.08855], [151.264352, -33.091077], [151.262318, -33.092803], [151.26352, -33.094991], [151.264074, -33.096594], [151.260808, -33.100353], [151.256555, -33.100569], [151.253227, -33.099552], [151.24996, -33.099614], [151.247002, -33.101833], [151.243519, -33.105931], [151.238958, -33.108027], [151.236986, -33.106332], [151.235538, -33.107811], [151.233997, -33.107226], [151.23338, -33.10966], [151.233442, -33.113081], [151.230391, -33.114591], [151.227278, -33.116009], [151.222502, -33.119522], [151.220129, -33.124946], [151.221023, -33.12738], [151.220375, -33.13], [151.217448, -33.130462], [151.213596, -33.129907], [151.206384, -33.133975], [151.205367, -33.136687], [151.202224, -33.139584], [151.194212, -33.138505], [151.192455, -33.136379], [151.183777, -33.135166], [151.178433, -33.131879], [151.172116, -33.130123], [151.161669, -33.125778], [151.160898, -33.123466], [151.158279, -33.123035], [151.158125, -33.120231], [151.15797, -33.118227], [151.155536, -33.119214], [151.15344, -33.119306], [151.151437, -33.117796], [151.151314, -33.115454], [151.149989, -33.114067], [151.147677, -33.114868], [151.135597, -33.114098], [151.133995, -33.111417], [151.131529, -33.112033], [151.128293, -33.114591], [151.126937, -33.116687], [151.122715, -33.118505], [151.122253, -33.121217], [151.120096, -33.122388], [151.115258, -33.128366], [151.112885, -33.128736], [151.111036, -33.130154], [151.10666, -33.131325], [151.106259, -33.133544], [151.10216, -33.137766], [151.099264, -33.141525], [151.099356, -33.147011], [151.098493, -33.151356], [151.101051, -33.153914], [151.102931, -33.157458], [151.101421, -33.160755], [151.100743, -33.163652], [151.099202, -33.167504], [151.098586, -33.171541], [151.098986, -33.173514], [151.099017, -33.175979], [151.099202, -33.184793], [151.100096, -33.187042], [151.09726, -33.189477], [151.096582, -33.195363], [151.096028, -33.198476], [151.096367, -33.20051], [151.098339, -33.202359], [151.097168, -33.20544], [151.096182, -33.211172], [151.096921, -33.212929], [151.09649, -33.214994], [151.097445, -33.21789], [151.096367, -33.219277], [151.09612, -33.221342], [151.097137, -33.223684], [151.099942, -33.225133], [151.100219, -33.227012], [151.101791, -33.228122], [151.104225, -33.229509], [151.104903, -33.23333], [151.102992, -33.235148], [151.101667, -33.236689], [151.099079, -33.24051], [151.099325, -33.24239], [151.098216, -33.243222], [151.096891, -33.245503], [151.098339, -33.247845], [151.096891, -33.2488], [151.097784, -33.252221], [151.096305, -33.253977], [151.096921, -33.256166], [151.095442, -33.25786], [151.097877, -33.260542], [151.094271, -33.260141], [151.09273, -33.261867], [151.089217, -33.26615], [151.086998, -33.266613], [151.084471, -33.26766], [151.084964, -33.269201], [151.087615, -33.270588], [151.087645, -33.274933], [151.08931, -33.277645], [151.088015, -33.279063], [151.087029, -33.280665], [151.089833, -33.281836], [151.091528, -33.284302], [151.092576, -33.287969], [151.105828, -33.282884]]], [[[151.453837, -33.416117], [151.455192, -33.417752], [151.454869, -33.418723], [151.453751, -33.418209], [151.454212, -33.421251], [151.452876, -33.423601], [151.44653, -33.425461], [151.448493, -33.429019], [151.448047, -33.429788], [151.443976, -33.425159], [151.443796, -33.423681], [151.445238, -33.422179], [151.449188, -33.421709], [151.453296, -33.416856], [151.453222, -33.415967], [151.454306, -33.415664], [151.454926, -33.416359], [151.453837, -33.416117]]], [[[151.512434, -33.321286], [151.510627, -33.325333], [151.508855, -33.326358], [151.502808, -33.326908], [151.501959, -33.329444], [151.501835, -33.336644], [151.502912, -33.340967], [151.501893, -33.34382], [151.503129, -33.343895], [151.506159, -33.335826], [151.509143, -33.331355], [151.513232, -33.326847], [151.513232, -33.320846], [151.512434, -33.321286]]]]}}, {"type": "Feature", "properties": {"index": "EDMO", "division": "Eden-Monaro", "state": "New South Wales", "year": "1992", "proclaimed": "19920131", "quota": "0", "electors": "0", "deviation": ""}, "geometry": {"type": "MultiPolygon", "coordinates": [[[[148.821603, -37.050028], [149.199775, -37.201189], [149.504912, -37.321672], [149.976679, -37.50506], [149.978196, -37.502129], [149.97625, -37.501079], [149.973986, -37.498286], [149.974922, -37.4947], [149.976523, -37.494713], [149.977295, -37.493278], [149.974384, -37.488447], [149.975835, -37.487738], [149.974583, -37.485723], [149.975483, -37.484309], [149.973809, -37.482602], [149.975363, -37.48167], [149.97525, -37.478264], [149.975933, -37.478341], [149.976762, -37.474017], [149.97632, -37.471313], [149.972893, -37.468817], [149.972451, -37.465165], [149.973828, -37.459417], [149.976065, -37.458564], [149.977038, -37.456943], [149.976675, -37.455446], [149.974807, -37.454637], [149.975601, -37.454422], [149.974476, -37.452797], [149.975231, -37.452058], [149.974564, -37.451516], [149.975042, -37.450665], [149.974164, -37.4504], [149.975041, -37.449496], [149.97364, -37.447761], [149.97541, -37.44545], [149.974381, -37.444545], [149.973108, -37.444687], [149.972121, -37.44323], [149.973825, -37.441268], [149.972035, -37.440747], [149.969604, -37.441925], [149.966972, -37.439859], [149.966054, -37.43809], [149.967477, -37.436577], [149.967118, -37.435542], [149.96237, -37.432982], [149.963945, -37.432957], [149.963182, -37.432217], [149.963664, -37.430861], [149.96087, -37.428542], [149.961363, -37.426599], [149.958525, -37.425808], [149.95824, -37.424519], [149.956554, -37.423509], [149.955959, -37.420226], [149.956816, -37.41882], [149.95653, -37.416115], [149.955681, -37.415456], [149.956095, -37.414733], [149.954626, -37.413726], [149.955204, -37.411891], [149.953872, -37.409552], [149.953936, -37.406728], [149.955636, -37.404587], [149.954477, -37.402591], [149.955678, -37.401511], [149.955207, -37.398267], [149.954281, -37.397054], [149.954921, -37.396477], [149.95368, -37.394588], [149.954364, -37.391703], [149.953927, -37.389968], [149.955072, -37.389446], [149.955242, -37.387617], [149.954024, -37.38668], [149.954897, -37.385797], [149.953511, -37.383364], [149.953223, -37.380615], [149.951232, -37.377483], [149.95184, -37.376254], [149.949831, -37.374669], [149.951181, -37.366104], [149.957081, -37.351221], [149.963338, -37.340525], [149.965316, -37.338072], [149.966743, -37.338039], [149.96895, -37.336203], [149.969819, -37.334361], [149.968561, -37.33129], [149.969213, -37.329622], [149.972162, -37.328523], [149.971441, -37.32669], [149.971966, -37.325717], [149.970786, -37.324098], [149.97124, -37.323092], [149.970089, -37.321438], [149.970303, -37.320502], [149.968076, -37.317746], [149.967518, -37.316109], [149.968279, -37.315399], [149.96679, -37.31284], [149.968865, -37.312924], [149.96933, -37.312191], [149.968311, -37.31081], [149.969726, -37.309697], [149.967462, -37.309075], [149.963496, -37.304167], [149.961389, -37.303099], [149.960708, -37.301231], [149.957567, -37.298723], [149.955507, -37.298226], [149.952577, -37.295766], [149.951999, -37.296617], [149.950848, -37.295648], [149.950207, -37.294462], [149.951864, -37.291804], [149.951209, -37.288696], [149.942936, -37.282524], [149.944008, -37.277729], [149.945313, -37.274383], [149.952408, -37.263619], [149.962841, -37.253629], [149.965537, -37.25177], [149.966632, -37.252059], [149.96698, -37.250728], [149.966025, -37.249843], [149.97731, -37.243123], [149.98678, -37.239932], [149.990791, -37.240324], [149.993419, -37.245035], [149.998416, -37.24577], [149.999518, -37.247281], [150.001367, -37.246969], [150.00251, -37.248596], [150.003035, -37.247265], [150.004883, -37.247713], [150.005525, -37.249225], [150.007061, -37.24997], [150.007895, -37.24938], [150.01, -37.249896], [150.010142, -37.252481], [150.013021, -37.255478], [150.014248, -37.254527], [150.016036, -37.254532], [150.018443, -37.255792], [150.020634, -37.255662], [150.020808, -37.256416], [150.024787, -37.257531], [150.025171, -37.258337], [150.026082, -37.257571], [150.026882, -37.259114], [150.029172, -37.258661], [150.030312, -37.256009], [150.032004, -37.257249], [150.032987, -37.256849], [150.033799, -37.257594], [150.034909, -37.256927], [150.038366, -37.258536], [150.038613, -37.257908], [150.040062, -37.259188], [150.041009, -37.258223], [150.044699, -37.258836], [150.044792, -37.259927], [150.046345, -37.260267], [150.048653, -37.263117], [150.05118, -37.263029], [150.051842, -37.262255], [150.05049, -37.26139], [150.050353, -37.259391], [150.049333, -37.259649], [150.049324, -37.25819], [150.047847, -37.256049], [150.046662, -37.255478], [150.046608, -37.254055], [150.044739, -37.253605], [150.044317, -37.251919], [150.042623, -37.251993], [150.041633, -37.249051], [150.040907, -37.24889], [150.04162, -37.247979], [150.037497, -37.245998], [150.036362, -37.242972], [150.035512, -37.243824], [150.035927, -37.241436], [150.035076, -37.241205], [150.03569, -37.240045], [150.034988, -37.239066], [150.030825, -37.23786], [150.032471, -37.234883], [150.030887, -37.233851], [150.030644, -37.230609], [150.029481, -37.230378], [150.030759, -37.228148], [150.029324, -37.226743], [150.029429, -37.225655], [150.028146, -37.224862], [150.027744, -37.222497], [150.025454, -37.220091], [150.021247, -37.218864], [150.019211, -37.214985], [150.015214, -37.216009], [150.012522, -37.212951], [150.012294, -37.211672], [150.010766, -37.211813], [150.012002, -37.211193], [150.013044, -37.211299], [150.013133, -37.212333], [150.015127, -37.214314], [150.017602, -37.213845], [150.018983, -37.212235], [150.022907, -37.213302], [150.023399, -37.211966], [150.021424, -37.208693], [150.022543, -37.206759], [150.020263, -37.205151], [150.021381, -37.204162], [150.020812, -37.202445], [150.019605, -37.202558], [150.019359, -37.201424], [150.015523, -37.201106], [150.015737, -37.199064], [150.017048, -37.199014], [150.019504, -37.197124], [150.017628, -37.19093], [150.018997, -37.191207], [150.020037, -37.19025], [150.02086, -37.185414], [150.019507, -37.183892], [150.016382, -37.182804], [150.015536, -37.181187], [150.01475, -37.182109], [150.013803, -37.180895], [150.011903, -37.180496], [150.011975, -37.178387], [150.012635, -37.177941], [150.012021, -37.177232], [150.01282, -37.17649], [150.011708, -37.176488], [150.010636, -37.174106], [150.009687, -37.173775], [150.010044, -37.171497], [150.009204, -37.172031], [150.009142, -37.170919], [150.004904, -37.170541], [150.002958, -37.168505], [150.003333, -37.166227], [150.002646, -37.163896], [150.004834, -37.163515], [150.005061, -37.161494], [150.007897, -37.161993], [150.009021, -37.161402], [150.008768, -37.162033], [150.00955, -37.161268], [150.007104, -37.156512], [150.00708, -37.153357], [150.005886, -37.151023], [150.007503, -37.150544], [150.007215, -37.148911], [150.006295, -37.146818], [150.004599, -37.14645], [150.004869, -37.141269], [150.003005, -37.141994], [149.999103, -37.141549], [149.996748, -37.139296], [149.993418, -37.138685], [149.993697, -37.137881], [149.992996, -37.137586], [149.994121, -37.137213], [149.993284, -37.136645], [149.992773, -37.137459], [149.992257, -37.1363], [149.992366, -37.13924], [149.991369, -37.139679], [149.989878, -37.139006], [149.988216, -37.141374], [149.987616, -37.141124], [149.987312, -37.138611], [149.98592, -37.138587], [149.983811, -37.136842], [149.980333, -37.130121], [149.9769, -37.130971], [149.976332, -37.127419], [149.97506, -37.126701], [149.970836, -37.127568], [149.968962, -37.125682], [149.96893, -37.124476], [149.970896, -37.122564], [149.970861, -37.120449], [149.972108, -37.118644], [149.971312, -37.117834], [149.969295, -37.116514], [149.969213, -37.117469], [149.967922, -37.117123], [149.966904, -37.118207], [149.965812, -37.115591], [149.964744, -37.115995], [149.964359, -37.115308], [149.963487, -37.11681], [149.961872, -37.11711], [149.961777, -37.114695], [149.961192, -37.114124], [149.959864, -37.114791], [149.958769, -37.111359], [149.954218, -37.108416], [149.95232, -37.108727], [149.952615, -37.106059], [149.954084, -37.10446], [149.953207, -37.103296], [149.953914, -37.103008], [149.953789, -37.100888], [149.948674, -37.104389], [149.946041, -37.103472], [149.94324, -37.105383], [149.941239, -37.103806], [149.940061, -37.101011], [149.938777, -37.101003], [149.938309, -37.09858], [149.933491, -37.099804], [149.932566, -37.099181], [149.930429, -37.101142], [149.929565, -37.100639], [149.928284, -37.102236], [149.925831, -37.101242], [149.926203, -37.100315], [149.925049, -37.102003], [149.925759, -37.101348], [149.92831, -37.102369], [149.928202, -37.103687], [149.929874, -37.105039], [149.929107, -37.106236], [149.929964, -37.107109], [149.92932, -37.108388], [149.930405, -37.109196], [149.929726, -37.110113], [149.927296, -37.111422], [149.924403, -37.111782], [149.922657, -37.111041], [149.922762, -37.110009], [149.921938, -37.110704], [149.919528, -37.109965], [149.917804, -37.110369], [149.916471, -37.109489], [149.915386, -37.110354], [149.9147, -37.109496], [149.913028, -37.110166], [149.913409, -37.111653], [149.911385, -37.1118], [149.906214, -37.109525], [149.900064, -37.105475], [149.895867, -37.101072], [149.893487, -37.097087], [149.886502, -37.103689], [149.882521, -37.10305], [149.878305, -37.101044], [149.874692, -37.097305], [149.872759, -37.093308], [149.872235, -37.091243], [149.873726, -37.09051], [149.874, -37.088239], [149.872862, -37.086943], [149.872514, -37.083208], [149.873089, -37.082194], [149.876396, -37.080923], [149.87679, -37.078913], [149.878738, -37.076806], [149.884214, -37.076478], [149.88452, -37.078359], [149.883682, -37.078592], [149.885227, -37.078433], [149.885101, -37.077435], [149.886499, -37.076391], [149.890401, -37.07747], [149.889868, -37.076307], [149.890807, -37.074646], [149.893963, -37.073208], [149.897031, -37.074099], [149.897058, -37.072281], [149.901876, -37.069158], [149.902937, -37.069287], [149.904566, -37.071446], [149.906666, -37.070662], [149.909283, -37.071447], [149.909634, -37.072603], [149.906284, -37.075389], [149.909584, -37.074064], [149.91031, -37.075639], [149.912592, -37.075994], [149.912731, -37.075079], [149.914847, -37.076119], [149.915518, -37.073885], [149.916151, -37.073603], [149.916946, -37.073951], [149.917265, -37.072817], [149.913042, -37.069721], [149.912215, -37.071006], [149.910676, -37.070886], [149.910354, -37.06835], [149.912898, -37.066816], [149.911827, -37.066629], [149.909715, -37.064129], [149.910415, -37.063228], [149.909916, -37.062083], [149.915492, -37.052727], [149.919308, -37.04898], [149.923414, -37.046306], [149.92434, -37.045987], [149.933304, -37.050595], [149.935169, -37.049733], [149.935702, -37.050335], [149.936015, -37.049732], [149.937288, -37.050102], [149.938081, -37.052069], [149.942001, -37.054174], [149.9431, -37.056276], [149.944652, -37.053996], [149.943915, -37.053261], [149.944774, -37.052596], [149.944104, -37.051997], [149.944593, -37.049025], [149.943847, -37.048905], [149.943123, -37.046261], [149.940838, -37.043825], [149.943325, -37.043224], [149.944432, -37.04173], [149.943707, -37.040835], [149.940053, -37.039915], [149.939397, -37.038901], [149.940464, -37.036265], [149.940147, -37.034856], [149.94166, -37.033609], [149.939898, -37.031216], [149.94129, -37.029958], [149.940147, -37.028936], [149.940742, -37.026715], [149.943063, -37.025618], [149.943927, -37.024166], [149.94316, -37.02355], [149.94438, -37.021388], [149.943234, -37.018731], [149.94585, -37.018376], [149.947176, -37.018986], [149.947732, -37.017556], [149.946579, -37.016506], [149.945409, -37.017219], [149.944129, -37.01647], [149.942766, -37.017343], [149.939964, -37.016693], [149.937584, -37.013133], [149.938839, -37.011691], [149.939591, -37.011962], [149.937955, -37.010226], [149.937774, -37.008857], [149.934504, -37.010243], [149.930788, -37.007831], [149.927494, -37.000756], [149.926665, -36.99206], [149.926817, -36.987441], [149.92779, -36.986334], [149.927095, -36.985038], [149.927898, -36.977168], [149.929288, -36.974055], [149.931046, -36.965088], [149.933505, -36.959335], [149.939062, -36.950893], [149.941212, -36.949902], [149.941623, -36.950498], [149.943549, -36.949623], [149.945863, -36.949795], [149.945918, -36.94913], [149.942427, -36.949383], [149.939668, -36.947985], [149.938192, -36.948355], [149.936101, -36.946762], [149.932952, -36.946553], [149.930984, -36.944484], [149.931276, -36.94377], [149.928804, -36.941873], [149.926547, -36.943097], [149.923473, -36.943289], [149.923314, -36.946426], [149.920394, -36.947689], [149.9184, -36.947863], [149.913436, -36.944592], [149.912044, -36.943162], [149.912342, -36.941971], [149.910351, -36.941748], [149.908606, -36.939094], [149.905328, -36.931263], [149.903966, -36.922997], [149.904788, -36.914648], [149.906784, -36.909109], [149.910042, -36.903386], [149.915999, -36.897283], [149.919697, -36.895441], [149.92194, -36.89512], [149.926329, -36.897558], [149.927753, -36.899666], [149.930439, -36.90059], [149.931057, -36.901906], [149.933249, -36.903004], [149.938102, -36.902453], [149.936307, -36.898932], [149.934463, -36.899594], [149.933237, -36.899165], [149.932326, -36.897462], [149.93033, -36.89674], [149.930348, -36.895074], [149.929592, -36.894714], [149.930012, -36.889074], [149.932536, -36.888134], [149.933525, -36.885923], [149.935305, -36.884159], [149.9313, -36.883991], [149.930163, -36.882338], [149.929555, -36.87947], [149.930172, -36.873988], [149.933532, -36.865279], [149.939116, -36.857512], [149.94171, -36.855488], [149.943887, -36.854975], [149.947971, -36.85659], [149.950011, -36.85539], [149.945212, -36.854542], [149.945213, -36.851645], [149.939825, -36.850471], [149.938742, -36.847789], [149.939805, -36.84626], [149.938931, -36.847049], [149.93641, -36.84685], [149.934352, -36.844126], [149.934175, -36.836919], [149.936752, -36.826749], [149.939388, -36.822572], [149.940821, -36.822154], [149.941485, -36.823098], [149.943, -36.822157], [149.940879, -36.822079], [149.93881, -36.82017], [149.939091, -36.816407], [149.940621, -36.811683], [149.945056, -36.802947], [149.953738, -36.792314], [149.956525, -36.790223], [149.958626, -36.789689], [149.960029, -36.790072], [149.959577, -36.791259], [149.962337, -36.791492], [149.96348, -36.789482], [149.962479, -36.787568], [149.967162, -36.78743], [149.967, -36.785928], [149.968037, -36.785694], [149.968817, -36.784249], [149.96798, -36.783958], [149.969743, -36.783193], [149.969331, -36.782059], [149.970527, -36.782365], [149.971127, -36.781497], [149.969342, -36.779063], [149.9704, -36.779571], [149.970509, -36.778813], [149.97083, -36.779439], [149.970625, -36.778427], [149.971067, -36.779144], [149.971494, -36.778733], [149.971335, -36.779465], [149.973175, -36.776496], [149.970792, -36.775061], [149.974124, -36.774947], [149.974163, -36.773086], [149.972732, -36.772538], [149.974891, -36.772284], [149.976393, -36.768863], [149.977198, -36.769631], [149.977851, -36.766646], [149.977309, -36.765895], [149.978515, -36.765544], [149.977356, -36.76474], [149.978638, -36.765193], [149.979174, -36.764611], [149.978992, -36.762366], [149.979948, -36.76187], [149.980675, -36.759537], [149.980161, -36.75814], [149.980593, -36.758522], [149.9807, -36.75745], [149.982148, -36.757153], [149.981703, -36.755429], [149.983237, -36.754885], [149.982753, -36.753989], [149.983877, -36.753796], [149.981012, -36.752205], [149.983214, -36.74998], [149.980764, -36.748019], [149.98394, -36.748122], [149.984491, -36.74762], [149.983971, -36.746883], [149.985518, -36.746723], [149.981787, -36.745503], [149.982294, -36.745132], [149.981701, -36.744194], [149.985114, -36.74365], [149.984182, -36.741513], [149.98277, -36.741585], [149.983537, -36.740875], [149.98222, -36.73988], [149.984158, -36.740426], [149.984522, -36.73991], [149.982963, -36.739273], [149.983223, -36.737632], [149.98185, -36.73708], [149.983493, -36.737113], [149.983777, -36.738354], [149.984883, -36.738681], [149.984416, -36.738173], [149.985246, -36.738099], [149.986246, -36.736488], [149.984939, -36.735815], [149.987596, -36.735025], [149.987013, -36.732874], [149.987524, -36.732318], [149.988339, -36.732918], [149.988947, -36.730728], [149.99008, -36.731436], [149.990847, -36.73072], [149.990451, -36.729214], [149.989185, -36.729243], [149.991869, -36.725572], [149.990966, -36.724512], [149.989841, -36.725475], [149.988721, -36.725191], [149.987726, -36.726359], [149.985433, -36.72608], [149.983718, -36.72721], [149.981023, -36.72502], [149.979306, -36.722228], [149.978306, -36.71786], [149.978639, -36.714203], [149.982757, -36.702281], [149.984761, -36.699658], [149.986155, -36.700009], [149.987081, -36.699296], [149.98785, -36.699938], [149.988671, -36.697615], [149.99116, -36.697576], [149.991594, -36.696497], [149.989665, -36.695376], [149.990185, -36.69404], [149.992196, -36.69399], [149.992936, -36.694775], [149.993346, -36.693224], [149.994365, -36.692906], [149.994392, -36.693609], [149.995516, -36.692395], [149.995778, -36.692982], [149.997116, -36.692217], [149.995988, -36.690681], [149.99341, -36.691033], [149.992487, -36.687797], [149.993558, -36.68574], [149.999328, -36.685645], [149.998856, -36.681806], [149.997506, -36.681554], [149.997516, -36.680897], [149.99668, -36.681557], [149.995694, -36.681011], [149.994564, -36.678438], [149.995503, -36.673989], [149.997613, -36.670204], [149.999178, -36.669347], [149.999881, -36.665002], [150.011805, -36.646325], [150.015573, -36.644299], [150.015797, -36.642134], [150.014666, -36.640946], [150.015584, -36.640626], [150.014962, -36.639927], [150.016744, -36.63587], [150.022121, -36.626042], [150.024255, -36.624643], [150.024946, -36.622672], [150.02721, -36.621651], [150.027567, -36.619268], [150.029393, -36.618994], [150.0295, -36.615759], [150.031394, -36.614855], [150.030028, -36.613852], [150.031384, -36.610623], [150.033541, -36.607682], [150.034874, -36.607374], [150.035194, -36.605736], [150.037275, -36.605665], [150.03677, -36.603323], [150.039774, -36.603074], [150.037961, -36.601577], [150.039066, -36.599331], [150.041029, -36.598496], [150.040461, -36.597031], [150.042377, -36.596707], [150.041566, -36.59592], [150.041784, -36.594848], [150.045155, -36.592812], [150.043531, -36.590976], [150.044143, -36.589002], [150.046842, -36.586125], [150.04981, -36.585846], [150.049531, -36.58488], [150.051044, -36.584461], [150.051462, -36.583305], [150.052698, -36.583207], [150.053912, -36.584857], [150.055231, -36.585076], [150.055611, -36.584378], [150.054344, -36.584199], [150.053518, -36.582436], [150.056813, -36.582939], [150.055482, -36.581845], [150.05657, -36.58156], [150.05604, -36.580853], [150.058028, -36.579313], [150.056561, -36.577927], [150.057506, -36.577309], [150.056462, -36.575609], [150.055295, -36.575357], [150.055783, -36.570668], [150.057413, -36.570148], [150.057767, -36.566937], [150.060448, -36.562528], [150.060524, -36.560462], [150.0627, -36.555876], [150.068288, -36.554137], [150.068506, -36.552378], [150.0662, -36.549798], [150.065877, -36.547563], [150.063337, -36.546393], [150.063439, -36.545277], [150.062614, -36.544638], [150.057277, -36.543901], [150.055537, -36.540206], [150.055254, -36.534567], [150.056284, -36.52921], [150.057605, -36.526381], [150.06049, -36.525384], [150.059722, -36.522809], [150.060642, -36.520052], [150.059378, -36.517988], [150.060765, -36.516337], [150.059726, -36.514597], [150.060281, -36.513411], [150.059546, -36.512968], [150.060009, -36.511941], [150.059011, -36.510048], [150.061195, -36.509191], [150.061482, -36.508388], [150.060861, -36.508235], [150.062206, -36.50655], [150.060721, -36.505703], [150.061152, -36.503648], [150.059395, -36.503291], [150.058036, -36.501513], [150.059133, -36.50023], [150.058581, -36.499028], [150.059836, -36.498802], [150.060675, -36.497105], [150.056378, -36.4971], [150.055037, -36.495297], [150.054818, -36.488115], [150.056985, -36.487291], [150.055786, -36.48547], [150.056758, -36.480614], [150.06241, -36.469288], [150.068297, -36.462119], [150.06942, -36.462157], [150.069799, -36.460731], [150.072239, -36.460606], [150.073039, -36.459657], [150.072494, -36.459511], [150.073652, -36.459095], [150.072676, -36.459005], [150.074011, -36.456964], [150.071201, -36.453364], [150.073908, -36.451652], [150.071816, -36.450946], [150.072131, -36.449704], [150.071443, -36.449652], [150.072299, -36.448753], [150.071686, -36.449047], [150.071423, -36.448136], [150.071719, -36.447485], [150.073305, -36.446696], [150.07238, -36.4442], [150.074145, -36.443647], [150.074539, -36.442615], [150.075859, -36.441775], [150.074412, -36.439697], [150.074982, -36.439755], [150.074496, -36.439447], [150.07536, -36.437491], [150.078445, -36.432944], [150.080913, -36.43272], [150.082676, -36.43021], [150.083654, -36.4303], [150.08476, -36.429194], [150.083428, -36.427198], [150.084192, -36.426662], [150.082979, -36.425077], [150.082699, -36.422783], [150.081597, -36.422855], [150.080973, -36.423493], [150.0804, -36.423425], [150.079564, -36.424957], [150.078167, -36.425219], [150.074896, -36.42379], [150.075085, -36.421973], [150.07104, -36.422737], [150.06764, -36.41941], [150.067541, -36.417308], [150.065942, -36.414911], [150.066654, -36.413451], [150.065329, -36.411332], [150.06534, -36.406143], [150.066831, -36.398525], [150.070314, -36.389638], [150.072636, -36.385788], [150.077092, -36.379421], [150.080611, -36.377548], [150.080205, -36.375975], [150.081507, -36.373536], [150.083311, -36.372919], [150.082409, -36.372485], [150.082904, -36.371441], [150.080814, -36.371381], [150.079326, -36.369259], [150.081111, -36.368081], [150.083346, -36.363312], [150.089788, -36.353992], [150.101584, -36.340463], [150.111436, -36.331004], [150.113559, -36.330917], [150.113715, -36.329848], [150.116885, -36.329113], [150.11559, -36.328347], [150.115788, -36.327736], [150.120213, -36.323132], [150.124242, -36.320514], [150.125722, -36.320408], [150.126232, -36.321167], [150.127437, -36.320541], [150.127353, -36.31864], [150.129296, -36.316882], [150.131203, -36.316547], [150.131625, -36.314247], [150.133547, -36.314045], [150.133651, -36.31197], [150.135273, -36.311369], [150.134564, -36.310424], [150.135545, -36.309796], [150.134905, -36.308536], [150.136222, -36.307536], [150.136439, -36.305905], [150.137913, -36.304437], [150.139723, -36.304902], [150.139194, -36.303667], [150.136788, -36.304165], [150.136292, -36.303221], [150.134219, -36.30254], [150.133811, -36.30123], [150.134806, -36.29983], [150.134137, -36.298801], [150.13537, -36.298664], [150.132868, -36.296127], [150.133518, -36.29545], [150.132996, -36.294665], [150.131559, -36.293956], [150.133565, -36.292191], [150.130773, -36.288866], [150.133593, -36.282812], [150.135427, -36.281067], [150.13876, -36.275335], [150.145811, -36.267901], [150.147665, -36.267736], [150.147735, -36.266681], [150.148569, -36.266969], [150.147769, -36.266129], [150.148654, -36.266069], [150.147763, -36.262871], [150.144835, -36.259958], [150.144755, -36.258279], [150.146305, -36.257673], [150.1447, -36.256007], [150.146102, -36.254097], [150.145379, -36.253412], [150.145769, -36.252086], [150.144436, -36.252026], [150.143505, -36.249674], [150.145082, -36.240474], [150.146826, -36.237666], [150.147542, -36.237994], [150.145696, -36.235015], [150.145953, -36.233399], [150.143922, -36.232468], [150.143345, -36.229644], [150.141582, -36.227016], [150.140761, -36.220586], [150.142489, -36.217796], [150.140651, -36.217153], [150.139817, -36.215385], [150.137602, -36.215393], [150.133828, -36.211061], [150.135078, -36.209969], [150.134481, -36.209192], [150.132868, -36.20949], [150.131732, -36.205105], [150.13164, -36.203143], [150.133113, -36.201373], [150.130935, -36.199788], [150.131888, -36.198361], [150.131438, -36.197054], [150.132561, -36.193356], [150.134174, -36.192228], [150.133013, -36.192071], [150.13206, -36.189329], [150.132277, -36.186803], [150.133267, -36.185352], [150.132304, -36.184193], [150.131979, -36.180701], [150.132478, -36.179353], [150.133904, -36.179], [150.132697, -36.177346], [150.132651, -36.175083], [150.133105, -36.174059], [150.135854, -36.172495], [150.135437, -36.170667], [150.131481, -36.169406], [150.131938, -36.168222], [150.133522, -36.167486], [150.133479, -36.166112], [150.131025, -36.166107], [150.1299, -36.164274], [150.130306, -36.16298], [150.126691, -36.162177], [150.125418, -36.16014], [150.124334, -36.141924], [150.126071, -36.129106], [150.128798, -36.119013], [150.13455, -36.106223], [150.138333, -36.103503], [150.136469, -36.101323], [150.137539, -36.097026], [150.140637, -36.095916], [150.141502, -36.094435], [150.138858, -36.092621], [150.136342, -36.093427], [150.13396, -36.090214], [150.133873, -36.087583], [150.136032, -36.086626], [150.133697, -36.084736], [150.135515, -36.083352], [150.13256, -36.082401], [150.132667, -36.079046], [150.135084, -36.06907], [150.134469, -36.06594], [150.137374, -36.065698], [150.138681, -36.06344], [150.141666, -36.063714], [150.140854, -36.061712], [150.142105, -36.060215], [150.142047, -36.05829], [150.14278, -36.057294], [150.144535, -36.056992], [150.141419, -36.053646], [150.142229, -36.052634], [150.141413, -36.051773], [150.141363, -36.049267], [150.14422, -36.03946], [150.149238, -36.02881], [150.155568, -36.018963], [150.159417, -36.015814], [150.160261, -36.013824], [150.164553, -36.013024], [150.164259, -36.012082], [150.161813, -36.012816], [150.158966, -36.012012], [150.157407, -36.007989], [150.15748, -36.004403], [150.159381, -36.002861], [150.158506, -36.000588], [150.159103, -35.999068], [150.159875, -35.999039], [150.159793, -35.99688], [150.164327, -35.99364], [150.163458, -35.993487], [150.163409, -35.992594], [150.160546, -35.993514], [150.160188, -35.991831], [150.155707, -35.992872], [150.154079, -35.991911], [150.15272, -35.988726], [150.153522, -35.98491], [150.151918, -35.98323], [150.151067, -35.97886], [150.151417, -35.975917], [150.152531, -35.97514], [150.151811, -35.972654], [150.152933, -35.971795], [150.152675, -35.970219], [150.153922, -35.968946], [150.153878, -35.965258], [150.160404, -35.953897], [150.156581, -35.951077], [150.155057, -35.945862], [150.156491, -35.939397], [150.159326, -35.934763], [150.161225, -35.93316], [150.157678, -35.926879], [150.15678, -35.918319], [150.158459, -35.911911], [150.161817, -35.908667], [150.161549, -35.907513], [150.160744, -35.90736], [150.157802, -35.908742], [150.156209, -35.90787], [150.154461, -35.908502], [150.152075, -35.907795], [150.151657, -35.905078], [150.156498, -35.904947], [150.150883, -35.904881], [150.149658, -35.899337], [150.150243, -35.891139], [150.15256, -35.884169], [150.157529, -35.874898], [150.16323, -35.867891], [150.169215, -35.86252], [150.175549, -35.859], [150.176609, -35.859178], [150.177781, -35.861141], [150.179955, -35.861287], [150.180271, -35.858826], [150.18205, -35.857552], [150.18314, -35.857873], [150.183332, -35.85906], [150.18895, -35.86103], [150.191359, -35.860505], [150.192207, -35.85682], [150.190628, -35.854727], [150.18879, -35.854248], [150.188298, -35.855528], [150.186507, -35.854958], [150.186416, -35.856661], [150.185565, -35.85722], [150.182739, -35.856953], [150.17922, -35.85443], [150.17766, -35.850199], [150.177493, -35.845976], [150.178608, -35.843119], [150.179846, -35.842441], [150.181087, -35.843257], [150.182617, -35.842711], [150.183487, -35.840044], [150.18475, -35.839895], [150.186438, -35.838301], [150.189893, -35.838464], [150.189095, -35.836935], [150.185304, -35.837653], [150.18553, -35.83488], [150.186699, -35.833116], [150.190512, -35.832206], [150.191996, -35.833529], [150.192233, -35.832765], [150.191027, -35.83203], [150.191472, -35.831344], [150.192715, -35.830817], [150.194459, -35.831365], [150.194984, -35.829616], [150.199136, -35.828596], [150.208394, -35.831511], [150.210168, -35.835846], [150.211362, -35.834088], [150.210696, -35.832652], [150.211156, -35.831721], [150.214876, -35.830974], [150.216554, -35.83308], [150.216295, -35.831294], [150.217544, -35.830701], [150.219316, -35.832401], [150.220392, -35.831036], [150.222869, -35.831093], [150.223204, -35.832013], [150.225922, -35.833035], [150.22682, -35.832039], [150.227473, -35.834232], [150.228319, -35.833647], [150.23351, -35.83687], [150.234248, -35.836499], [150.233959, -35.835017], [150.235278, -35.835527], [150.234431, -35.832537], [150.232594, -35.831923], [150.232926, -35.830196], [150.231393, -35.831051], [150.231365, -35.829855], [150.230173, -35.829207], [150.228258, -35.829484], [150.226975, -35.828236], [150.225949, -35.828627], [150.224934, -35.827793], [150.225206, -35.824826], [150.226174, -35.824672], [150.22713, -35.825724], [150.227326, -35.824181], [150.226075, -35.824267], [150.227165, -35.823685], [150.227112, -35.822133], [150.224936, -35.820719], [150.226992, -35.82044], [150.227204, -35.818449], [150.230793, -35.818402], [150.229954, -35.818007], [150.22943, -35.816231], [150.228377, -35.816886], [150.227225, -35.81631], [150.226075, -35.814129], [150.226429, -35.810955], [150.228433, -35.810401], [150.224191, -35.808749], [150.228653, -35.806587], [150.226514, -35.804936], [150.227479, -35.803291], [150.229115, -35.80391], [150.229747, -35.80325], [150.230994, -35.804122], [150.232033, -35.803012], [150.232503, -35.803735], [150.234732, -35.80386], [150.235267, -35.804856], [150.237153, -35.801716], [150.236718, -35.800947], [150.235507, -35.801039], [150.235173, -35.801911], [150.233184, -35.802753], [150.230108, -35.801106], [150.231662, -35.800522], [150.231536, -35.79803], [150.233451, -35.7973], [150.231263, -35.796528], [150.231731, -35.795299], [150.230465, -35.794186], [150.231196, -35.79232], [150.232792, -35.79143], [150.234129, -35.792156], [150.234984, -35.790896], [150.237379, -35.791939], [150.234829, -35.788078], [150.235128, -35.787373], [150.236579, -35.787219], [150.23667, -35.786272], [150.235561, -35.785063], [150.233061, -35.785231], [150.235801, -35.783105], [150.235805, -35.782018], [150.232575, -35.781315], [150.233326, -35.779977], [150.236249, -35.779423], [150.236102, -35.778321], [150.23446, -35.777027], [150.234501, -35.775357], [150.231468, -35.775226], [150.230637, -35.773962], [150.234324, -35.77268], [150.234944, -35.771762], [150.225988, -35.771437], [150.225475, -35.770632], [150.226286, -35.769704], [150.221649, -35.767556], [150.220751, -35.763699], [150.221927, -35.763197], [150.221126, -35.762331], [150.219747, -35.763488], [150.218705, -35.762637], [150.217054, -35.7627], [150.215867, -35.761385], [150.215329, -35.762329], [150.214389, -35.762262], [150.211872, -35.75999], [150.211348, -35.757473], [150.212635, -35.755145], [150.212101, -35.752463], [150.214353, -35.751056], [150.216078, -35.75225], [150.217149, -35.751281], [150.213726, -35.748697], [150.215512, -35.74782], [150.215177, -35.746967], [150.216781, -35.745726], [150.216116, -35.744892], [150.216444, -35.743306], [150.215084, -35.743019], [150.215667, -35.742478], [150.214973, -35.741514], [150.213315, -35.742555], [150.212019, -35.741195], [150.212452, -35.739457], [150.214073, -35.739578], [150.21448, -35.737926], [150.212457, -35.737289], [150.211877, -35.738392], [150.211294, -35.73845], [150.210549, -35.738322], [150.208089, -35.736526], [150.207152, -35.733139], [150.208021, -35.729512], [150.206068, -35.73024], [150.205525, -35.731609], [150.204531, -35.7319], [150.201715, -35.731475], [150.199813, -35.730287], [150.197705, -35.724746], [150.1981, -35.71967], [150.199194, -35.719221], [150.193322, -35.71661], [150.185133, -35.711423], [150.184021, -35.711609], [150.17981, -35.708735], [150.177263, -35.703075], [150.179865, -35.701855], [150.182331, -35.704749], [150.186207, -35.704155], [150.19122, -35.704554], [150.192203, -35.705772], [150.198951, -35.701359], [150.200653, -35.702357], [150.201572, -35.701019], [150.203522, -35.700847], [150.210273, -35.702356], [150.20886, -35.710832], [150.209289, -35.711578], [150.21194, -35.7112], [150.212214, -35.711807], [150.212819, -35.708843], [150.220049, -35.705347], [150.228811, -35.70256], [150.233969, -35.702933], [150.23741, -35.704523], [150.237786, -35.706607], [150.241257, -35.708293], [150.241585, -35.709591], [150.246834, -35.70979], [150.250492, -35.711488], [150.251324, -35.713503], [150.250609, -35.715211], [150.251553, -35.716726], [150.250625, -35.718561], [150.251028, -35.7194], [150.251607, -35.718729], [150.252372, -35.71933], [150.253388, -35.718946], [150.254725, -35.715866], [150.258055, -35.716436], [150.25779, -35.718762], [150.260392, -35.716981], [150.262428, -35.717863], [150.261582, -35.719878], [150.263542, -35.722347], [150.264146, -35.725336], [150.265411, -35.726463], [150.266486, -35.725781], [150.264973, -35.724264], [150.265404, -35.722675], [150.266813, -35.722109], [150.267486, -35.720474], [150.270352, -35.719129], [150.273224, -35.719328], [150.274322, -35.72156], [150.2766, -35.723524], [150.27708, -35.721292], [150.278187, -35.720296], [150.277697, -35.71774], [150.278802, -35.717572], [150.279032, -35.716788], [150.277044, -35.715395], [150.276763, -35.711191], [150.278535, -35.710494], [150.279877, -35.711231], [150.281858, -35.709754], [150.282, -35.707406], [150.280373, -35.706672], [150.281104, -35.705776], [150.280313, -35.704531], [150.280941, -35.703348], [150.282317, -35.702478], [150.285788, -35.702899], [150.28622, -35.702005], [150.285516, -35.700874], [150.286487, -35.700766], [150.28786, -35.697365], [150.287736, -35.698525], [150.289217, -35.697751], [150.290227, -35.696339], [150.290255, -35.694274], [150.291219, -35.693678], [150.293136, -35.693185], [150.29744, -35.6961], [150.298399, -35.694377], [150.297139, -35.692912], [150.297937, -35.691068], [150.296996, -35.68842], [150.29838, -35.68825], [150.29702, -35.686061], [150.299061, -35.683723], [150.300624, -35.683169], [150.302844, -35.684848], [150.303782, -35.684391], [150.304998, -35.686035], [150.306552, -35.686106], [150.304818, -35.685166], [150.302056, -35.680865], [150.299687, -35.678853], [150.300913, -35.678151], [150.305106, -35.679927], [150.304722, -35.677223], [150.301418, -35.675097], [150.301431, -35.674169], [150.30288, -35.672231], [150.307122, -35.673125], [150.304419, -35.670557], [150.307557, -35.668763], [150.305728, -35.666665], [150.302886, -35.667934], [150.299855, -35.66402], [150.299345, -35.664864], [150.298534, -35.66469], [150.29743, -35.663088], [150.296634, -35.659784], [150.297771, -35.659624], [150.297867, -35.658649], [150.296657, -35.657107], [150.296133, -35.65439], [150.299254, -35.647388], [150.303265, -35.642455], [150.303631, -35.642323], [150.293724, -35.638884], [150.25313, -35.630592], [150.237238, -35.619019], [150.252785, -35.572552], [150.246765, -35.561951], [150.239304, -35.555088], [150.232544, -35.55138], [150.228119, -35.549129], [150.221771, -35.546219], [150.212128, -35.548149], [150.211838, -35.544651], [150.205917, -35.544891], [150.197922, -35.550308], [150.190903, -35.55212], [150.188431, -35.555511], [150.183517, -35.562706], [150.18129, -35.5714], [150.172333, -35.575241], [150.167236, -35.571751], [150.158401, -35.570518], [150.150681, -35.573009], [150.141174, -35.571781], [150.137726, -35.568752], [150.136063, -35.56424], [150.126953, -35.571232], [150.119247, -35.57552], [150.116898, -35.573162], [150.107391, -35.573162], [150.100632, -35.573952], [150.0914, -35.578911], [150.084229, -35.579823], [150.076355, -35.57645], [150.070435, -35.578922], [150.056656, -35.576], [150.051407, -35.57003], [150.035825, -35.565124], [150.028107, -35.560242], [150.020248, -35.55426], [150.013214, -35.55077], [150.005096, -35.543793], [149.999298, -35.537003], [149.994461, -35.526043], [149.979889, -35.509941], [149.958438, -35.489119], [149.975366, -35.477028], [149.988667, -35.472709], [150.000586, -35.442307], [150.002832, -35.415014], [150.022179, -35.399122], [150.031161, -35.382712], [150.035307, -35.365093], [150.037725, -35.344191], [150.035652, -35.323981], [150.04878, -35.304634], [150.0778, -35.295997], [150.093347, -35.282178], [150.118912, -35.281315], [150.150178, -35.26145], [150.162961, -35.245039], [150.17177, -35.232775], [150.194054, -35.225693], [150.186626, -35.208937], [150.184726, -35.198573], [150.213919, -35.196154], [150.175354, -35.164818], [150.170807, -35.156601], [150.165293, -35.152106], [150.158035, -35.149071], [150.152817, -35.144569], [150.143768, -35.145031], [150.140198, -35.14278], [150.139555, -35.135523], [150.138092, -35.121498], [150.137268, -35.11631], [150.132736, -35.113388], [150.130054, -35.106848], [150.127914, -35.099091], [150.122833, -35.0938], [150.10898, -35.085429], [150.102798, -35.0821], [150.10498, -35.075451], [150.102416, -35.068846], [150.094147, -35.068359], [150.087845, -35.066448], [150.081116, -35.056549], [150.072754, -35.051479], [150.074661, -35.044159], [150.074249, -35.04269], [150.066177, -35.040112], [150.065201, -35.035599], [150.060822, -35.035721], [150.063019, -35.031212], [150.06369, -35.022652], [150.062866, -35.021969], [150.05574, -35.018589], [150.050262, -35.01252], [150.051071, -35.007111], [150.042465, -35.000191], [150.033966, -35.003849], [150.02301, -35.005432], [150.023697, -35.014221], [150.022186, -35.023571], [150.027817, -35.028519], [150.024261, -35.041821], [150.024399, -35.048241], [150.026047, -35.054661], [150.011932, -35.064579], [150.00386, -35.069759], [149.99118, -35.075111], [149.988495, -35.069229], [149.977997, -35.065102], [149.976852, -35.069031], [149.97963, -35.078861], [149.980896, -35.0881], [149.979996, -35.09486], [149.990112, -35.09819], [149.994583, -35.101379], [150.00119, -35.101089], [150.010162, -35.101532], [150.022079, -35.096119], [150.026062, -35.09679], [150.025101, -35.104572], [150.01825, -35.106941], [150.016891, -35.1129], [150.017029, -35.119442], [150.022369, -35.121132], [150.03006, -35.121571], [150.034027, -35.12439], [150.028, -35.131149], [150.015518, -35.131832], [150.01236, -35.13195], [150.008118, -35.140511], [149.997589, -35.141281], [149.990829, -35.145401], [149.992889, -35.157471], [149.988449, -35.161942], [149.984867, -35.162211], [149.977432, -35.16637], [149.969666, -35.16532], [149.962411, -35.159275], [149.961685, -35.150482], [149.956345, -35.149872], [149.951813, -35.151081], [149.936874, -35.149723], [149.931534, -35.148781], [149.932419, -35.156113], [149.933197, -35.1595], [149.933258, -35.16637], [149.941818, -35.173191], [149.949051, -35.176632], [149.953781, -35.183762], [149.950806, -35.19128], [149.951904, -35.203011], [149.951019, -35.209423], [149.943771, -35.217812], [149.937836, -35.222282], [149.934586, -35.229462], [149.928192, -35.236061], [149.920212, -35.237122], [149.91777, -35.235641], [149.915939, -35.239342], [149.907653, -35.241326], [149.90094, -35.242493], [149.896988, -35.239193], [149.896225, -35.234112], [149.906662, -35.234203], [149.912155, -35.233562], [149.919235, -35.227882], [149.918015, -35.225391], [149.910873, -35.225552], [149.903214, -35.224712], [149.897842, -35.225231], [149.895447, -35.230053], [149.889801, -35.232372], [149.883988, -35.234934], [149.879852, -35.237591], [149.884293, -35.243931], [149.891571, -35.244781], [149.889999, -35.249393], [149.883774, -35.252712], [149.877701, -35.255821], [149.872391, -35.252621], [149.864426, -35.253124], [149.859512, -35.249363], [149.852936, -35.248184], [149.845596, -35.242481], [149.846222, -35.236294], [149.84903, -35.231583], [149.848114, -35.227753], [149.848038, -35.223011], [149.843796, -35.221512], [149.843445, -35.216331], [149.840195, -35.210102], [149.834412, -35.207987], [149.822876, -35.207184], [149.810303, -35.210522], [149.798538, -35.207603], [149.793655, -35.203053], [149.797699, -35.198704], [149.79567, -35.196312], [149.790451, -35.186462], [149.78833, -35.180702], [149.790085, -35.172943], [149.77758, -35.168775], [149.755124, -35.170675], [149.740614, -35.179312], [149.671864, -35.138373], [149.658218, -35.125591], [149.651481, -35.112462], [149.633862, -35.106244], [149.615897, -35.113844], [149.618315, -35.130773], [149.627643, -35.145974], [149.597241, -35.155647], [149.573403, -35.151847], [149.556129, -35.161866], [149.539546, -35.175685], [149.495671, -35.171885], [149.446442, -35.175468], [149.408956, -35.141137], [149.329496, -35.132846], [149.306004, -35.159793], [149.28562, -35.168084], [149.243472, -35.179831], [149.254527, -35.219906], [149.244211, -35.226262], [149.245531, -35.226723], [149.246794, -35.22915], [149.244808, -35.231371], [149.242934, -35.23133], [149.242764, -35.233636], [149.241518, -35.235032], [149.241242, -35.236755], [149.23455, -35.24047], [149.234374, -35.242792], [149.23489, -35.243419], [149.237943, -35.243572], [149.241867, -35.24636], [149.244266, -35.246411], [149.245803, -35.247379], [149.247233, -35.246527], [149.249429, -35.247183], [149.250324, -35.247987], [149.249651, -35.249354], [149.250653, -35.25224], [149.253011, -35.252231], [149.255379, -35.256345], [149.257329, -35.257203], [149.261291, -35.25692], [149.262805, -35.258666], [149.267593, -35.259578], [149.269571, -35.258922], [149.273179, -35.259179], [149.272554, -35.26183], [149.273792, -35.263214], [149.273461, -35.266102], [149.272076, -35.266965], [149.271808, -35.273485], [149.275378, -35.275052], [149.277021, -35.271338], [149.279627, -35.270652], [149.282976, -35.272059], [149.285433, -35.271631], [149.289293, -35.275699], [149.291434, -35.274248], [149.293636, -35.274201], [149.298462, -35.272156], [149.301643, -35.272894], [149.302711, -35.274109], [149.303846, -35.273377], [149.305766, -35.273993], [149.306229, -35.274501], [149.305417, -35.275532], [149.306645, -35.276544], [149.309061, -35.276206], [149.309768, -35.278268], [149.311697, -35.277525], [149.312139, -35.276587], [149.315286, -35.276286], [149.316575, -35.279535], [149.316202, -35.281775], [149.320388, -35.283993], [149.322477, -35.28674], [149.324581, -35.286388], [149.325415, -35.283473], [149.326499, -35.282426], [149.334765, -35.286293], [149.336325, -35.288737], [149.337698, -35.286971], [149.339709, -35.2863], [149.341498, -35.286703], [149.341439, -35.288961], [149.342838, -35.290187], [149.343211, -35.292048], [149.34887, -35.292069], [149.34808, -35.293479], [149.349701, -35.294404], [149.350505, -35.295952], [149.350553, -35.299358], [149.355025, -35.299653], [149.360954, -35.301605], [149.361926, -35.304294], [149.359659, -35.307538], [149.361666, -35.309025], [149.366807, -35.308022], [149.370172, -35.30824], [149.374174, -35.304695], [149.383697, -35.306471], [149.384175, -35.304349], [149.389676, -35.302698], [149.391606, -35.303456], [149.39479, -35.303157], [149.394685, -35.306559], [149.395342, -35.307312], [149.394497, -35.309191], [149.396428, -35.30968], [149.397281, -35.311003], [149.396688, -35.314182], [149.397201, -35.317313], [149.399287, -35.31909], [149.39718, -35.324254], [149.398036, -35.325252], [149.393997, -35.327599], [149.39018, -35.331056], [149.385827, -35.332298], [149.375315, -35.337618], [149.366726, -35.340094], [149.365056, -35.342202], [149.364567, -35.347753], [149.359988, -35.348565], [149.356532, -35.350636], [149.351091, -35.351369], [149.347934, -35.350567], [149.340841, -35.344985], [149.338798, -35.341068], [149.336346, -35.339884], [149.31402, -35.33604], [149.305073, -35.335942], [149.302133, -35.333484], [149.300028, -35.33308], [149.292921, -35.333542], [149.284532, -35.33774], [149.281563, -35.338002], [149.276044, -35.335785], [149.268373, -35.335067], [149.262255, -35.331259], [149.258576, -35.331968], [149.254744, -35.330121], [149.249308, -35.330127], [149.246547, -35.331355], [149.242954, -35.335778], [149.230568, -35.342735], [149.218974, -35.341309], [149.206091, -35.34607], [149.190824, -35.368854], [149.183334, -35.379585], [149.156976, -35.407657], [149.146867, -35.414485], [149.14565, -35.416777], [149.144486, -35.423693], [149.138163, -35.429401], [149.139208, -35.432879], [149.140726, -35.434126], [149.142744, -35.434285], [149.145341, -35.433233], [149.152273, -35.433434], [149.154189, -35.434207], [149.155123, -35.435781], [149.1532, -35.43971], [149.152841, -35.443349], [149.148082, -35.444266], [149.14503, -35.446125], [149.143348, -35.447823], [149.143053, -35.450641], [149.142171, -35.451395], [149.13713, -35.452019], [149.13555, -35.454422], [149.136474, -35.456997], [149.136495, -35.46046], [149.138193, -35.463403], [149.138768, -35.468009], [149.144289, -35.47507], [149.151533, -35.492235], [149.15094, -35.508371], [149.132384, -35.549458], [149.131376, -35.554173], [149.135177, -35.570353], [149.140486, -35.588292], [149.14251, -35.59257], [149.130268, -35.590785], [149.129998, -35.592151], [149.126, -35.591626], [149.126396, -35.58949], [149.125101, -35.589303], [149.12552, -35.587203], [149.113145, -35.585804], [149.111766, -35.587559], [149.11009, -35.587858], [149.108083, -35.586411], [149.108345, -35.58398], [149.084614, -35.580814], [149.082923, -35.584593], [149.078148, -35.586417], [149.079121, -35.593044], [149.078233, -35.59534], [149.079366, -35.597443], [149.07818, -35.598819], [149.080057, -35.604985], [149.079234, -35.607749], [149.082571, -35.613639], [149.084525, -35.614644], [149.085208, -35.619576], [149.08419, -35.621677], [149.087916, -35.627857], [149.087318, -35.630392], [149.088591, -35.634094], [149.086569, -35.635838], [149.087524, -35.636656], [149.087612, -35.639697], [149.089091, -35.641032], [149.092505, -35.639662], [149.095717, -35.640344], [149.096145, -35.645618], [149.097495, -35.647313], [149.096831, -35.651769], [149.095415, -35.653043], [149.098572, -35.657231], [149.095914, -35.661515], [149.096724, -35.663182], [149.095737, -35.668057], [149.09729, -35.67359], [149.095037, -35.676784], [149.095379, -35.679285], [149.09953, -35.683842], [149.104439, -35.684867], [149.104879, -35.687286], [149.103793, -35.690759], [149.106001, -35.69119], [149.109483, -35.69664], [149.107524, -35.702358], [149.102222, -35.707481], [149.101101, -35.713112], [149.099514, -35.714819], [149.099371, -35.716218], [149.103918, -35.723379], [149.104121, -35.725193], [149.099056, -35.729323], [149.100592, -35.733488], [149.100699, -35.736392], [149.096198, -35.743805], [149.095618, -35.746037], [149.096974, -35.747448], [149.095089, -35.750316], [149.096438, -35.75278], [149.094909, -35.754275], [149.094648, -35.756591], [149.092948, -35.759112], [149.093244, -35.762881], [149.090716, -35.7656], [149.093325, -35.770851], [149.09165, -35.773939], [149.097391, -35.777414], [149.093144, -35.783159], [149.093033, -35.785829], [149.093498, -35.787226], [149.096232, -35.787227], [149.100232, -35.789757], [149.100201, -35.7941], [149.097661, -35.796017], [149.096732, -35.798272], [149.097099, -35.799674], [149.099775, -35.801716], [149.099805, -35.80328], [149.101481, -35.803698], [149.099611, -35.807246], [149.098237, -35.807904], [149.100457, -35.810044], [149.099624, -35.811909], [149.100453, -35.815367], [149.098789, -35.81688], [149.095931, -35.817612], [149.096028, -35.81976], [149.094504, -35.821215], [149.094987, -35.822039], [149.093517, -35.824221], [149.093371, -35.825729], [149.094725, -35.828766], [149.094519, -35.830841], [149.093658, -35.833978], [149.091978, -35.835416], [149.09298, -35.838266], [149.095376, -35.839146], [149.094588, -35.841549], [149.095836, -35.843327], [149.095682, -35.845716], [149.094851, -35.846825], [149.093266, -35.846476], [149.088894, -35.848199], [149.086574, -35.848248], [149.084228, -35.850227], [149.084522, -35.852289], [149.082121, -35.853208], [149.079685, -35.859055], [149.076789, -35.860646], [149.074272, -35.865846], [149.067644, -35.870859], [149.064408, -35.874932], [149.061518, -35.880073], [149.062377, -35.884516], [149.06014, -35.888293], [149.061738, -35.891448], [149.060814, -35.893283], [149.058578, -35.894666], [149.058908, -35.896001], [149.054224, -35.898895], [149.051752, -35.902296], [149.051698, -35.903534], [149.057133, -35.907397], [149.055848, -35.909513], [149.055067, -35.913675], [149.048811, -35.92041], [149.04608, -35.920762], [149.044564, -35.919537], [149.043763, -35.916535], [149.039718, -35.914062], [149.036133, -35.913922], [149.0337, -35.911196], [149.031159, -35.911324], [149.027606, -35.912892], [149.024913, -35.910475], [149.022681, -35.906086], [149.012198, -35.899697], [149.00882, -35.901306], [149.003487, -35.901203], [148.999379, -35.902625], [148.997398, -35.900995], [148.997983, -35.896887], [148.996888, -35.896205], [148.993326, -35.895225], [148.990432, -35.895967], [148.986733, -35.895463], [148.98376, -35.893993], [148.975656, -35.892176], [148.967855, -35.893972], [148.966288, -35.897268], [148.961624, -35.8968], [148.959133, -35.895456], [148.959591, -35.894349], [148.958406, -35.891788], [148.95277, -35.888208], [148.944562, -35.881391], [148.940614, -35.875839], [148.932719, -35.87365], [148.932237, -35.870567], [148.930301, -35.868172], [148.927702, -35.867055], [148.924983, -35.863808], [148.919783, -35.86079], [148.919456, -35.859817], [148.9205, -35.858807], [148.920059, -35.85729], [148.916306, -35.855809], [148.912654, -35.85546], [148.91054, -35.853235], [148.909367, -35.853065], [148.907788, -35.850765], [148.907842, -35.847863], [148.903936, -35.842505], [148.905268, -35.839639], [148.90314, -35.835173], [148.903802, -35.833356], [148.906596, -35.832084], [148.907065, -35.829563], [148.906203, -35.828013], [148.903561, -35.826134], [148.899603, -35.825879], [148.897596, -35.82472], [148.896577, -35.817924], [148.892426, -35.816626], [148.89104, -35.813846], [148.886623, -35.810063], [148.889159, -35.807635], [148.890784, -35.803548], [148.892963, -35.801516], [148.893118, -35.799293], [148.897776, -35.79465], [148.894956, -35.784627], [148.895432, -35.781791], [148.894809, -35.780469], [148.895501, -35.779265], [148.894688, -35.777668], [148.895284, -35.775342], [148.894887, -35.771654], [148.895221, -35.770611], [148.899418, -35.767601], [148.902312, -35.763202], [148.901774, -35.761702], [148.903348, -35.757798], [148.898777, -35.751215], [148.894087, -35.751288], [148.890855, -35.740469], [148.888087, -35.737026], [148.888368, -35.733671], [148.892479, -35.730487], [148.892315, -35.728359], [148.886633, -35.719136], [148.883614, -35.717122], [148.877693, -35.714936], [148.872491, -35.721422], [148.871608, -35.725564], [148.868591, -35.731092], [148.867246, -35.731907], [148.865765, -35.731624], [148.86407, -35.733869], [148.867477, -35.738702], [148.866738, -35.740665], [148.864863, -35.742375], [148.863899, -35.748104], [148.861439, -35.7501], [148.860737, -35.752874], [148.862456, -35.75755], [148.859648, -35.760626], [148.857501, -35.761397], [148.855652, -35.760874], [148.854938, -35.759197], [148.856132, -35.753518], [148.854026, -35.751082], [148.847093, -35.750469], [148.840738, -35.746444], [148.835715, -35.741884], [148.832873, -35.735021], [148.830182, -35.732159], [148.829033, -35.727701], [148.827871, -35.726148], [148.823575, -35.724213], [148.822495, -35.720971], [148.818861, -35.718785], [148.793833, -35.737777], [148.778459, -35.724476], [148.770686, -35.707029], [148.755485, -35.692347], [148.736138, -35.676973], [148.706082, -35.663154], [148.689672, -35.661081], [148.657369, -35.660735], [148.605375, -35.627569], [148.546875, -35.735355], [148.508987, -35.795126], [148.497925, -35.803066], [148.456129, -35.894624], [148.477894, -35.903606], [148.48964, -35.917771], [148.491367, -35.946791], [148.543535, -35.982375], [148.578082, -36.002067], [148.571518, -36.029014], [148.585683, -36.055271], [148.57981, -36.071163], [148.584301, -36.087746], [148.578428, -36.099837], [148.561154, -36.10571], [148.540771, -36.097764], [148.52246, -36.089473], [148.510023, -36.100183], [148.494477, -36.102256], [148.489295, -36.118839], [148.471675, -36.12713], [148.475821, -36.141986], [148.469602, -36.154077], [148.456474, -36.163751], [148.454971, -36.192528], [148.439224, -36.20089], [148.447342, -36.22517], [148.449692, -36.235741], [148.455185, -36.250111], [148.439056, -36.261299], [148.428836, -36.27154], [148.412599, -36.290886], [148.394288, -36.292268], [148.384615, -36.29365], [148.389106, -36.320943], [148.374596, -36.345472], [148.335903, -36.383474], [148.286154, -36.430114], [148.280626, -36.481935], [148.265425, -36.501973], [148.266116, -36.538594], [148.288227, -36.562432], [148.302391, -36.585233], [148.314137, -36.598707], [148.298782, -36.610203], [148.264734, -36.626691], [148.255127, -36.644333], [148.25412, -36.653912], [148.257479, -36.695095], [148.244873, -36.715744], [148.232259, -36.748299], [148.217058, -36.756245], [148.202203, -36.764191], [148.198304, -36.797613], [148.821603, -37.050028]]], [[[149.931569, -36.897441], [149.931763, -36.897454], [149.93159, -36.897539], [149.931536, -36.897522], [149.931569, -36.897441]]], [[[150.2248, -36.244195], [150.223927, -36.244001], [150.224909, -36.244676], [150.224531, -36.245618], [150.223148, -36.245812], [150.225878, -36.248262], [150.224487, -36.248694], [150.224045, -36.249708], [150.22512, -36.250291], [150.223262, -36.251314], [150.223938, -36.253727], [150.223473, -36.255572], [150.222839, -36.256231], [150.227533, -36.259576], [150.22909, -36.258943], [150.229446, -36.257722], [150.228735, -36.257296], [150.229729, -36.256855], [150.228824, -36.255922], [150.229674, -36.255598], [150.228517, -36.254967], [150.229898, -36.254201], [150.229372, -36.252293], [150.23019, -36.251818], [150.229304, -36.251089], [150.230948, -36.250533], [150.230272, -36.250286], [150.230677, -36.249695], [150.229299, -36.250145], [150.226852, -36.248029], [150.227155, -36.24723], [150.229551, -36.24718], [150.229214, -36.246358], [150.229672, -36.245886], [150.22886, -36.245472], [150.230321, -36.245288], [150.230724, -36.244048], [150.229052, -36.242934], [150.227987, -36.243888], [150.226808, -36.242919], [150.225059, -36.243422], [150.2248, -36.244195]]], [[[150.259584, -35.749349], [150.260772, -35.751345], [150.261797, -35.750245], [150.260678, -35.749124], [150.262107, -35.749187], [150.262322, -35.748511], [150.261015, -35.74682], [150.260295, -35.746633], [150.260311, -35.747439], [150.259584, -35.749349]]], [[[150.256794, -35.751888], [150.257485, -35.753177], [150.258532, -35.752928], [150.257625, -35.750289], [150.258942, -35.749126], [150.256682, -35.749033], [150.256575, -35.750639], [150.255424, -35.751945], [150.256794, -35.751888]]], [[[150.232549, -35.818423], [150.235137, -35.818919], [150.235505, -35.818012], [150.237419, -35.817979], [150.23619, -35.816436], [150.235168, -35.817431], [150.234642, -35.816845], [150.233857, -35.817358], [150.232549, -35.818423]]], [[[150.310511, -35.665105], [150.309656, -35.667139], [150.312249, -35.668395], [150.31171, -35.666346], [150.310511, -35.665105]]], [[[150.204842, -35.832425], [150.204408, -35.831722], [150.203228, -35.832455], [150.204087, -35.833664], [150.204842, -35.832425]]], [[[150.006164, -37.142638], [150.006604, -37.142266], [150.005798, -37.140724], [150.005236, -37.141915], [150.006164, -37.142638]]], [[[150.213069, -35.725293], [150.213014, -35.724803], [150.211921, -35.725185], [150.212583, -35.725723], [150.213069, -35.725293]]], [[[149.969972, -36.785671], [149.969325, -36.785407], [149.969318, -36.787032], [149.969735, -36.786229], [149.969972, -36.785671]]], [[[150.151084, -36.262128], [150.149859, -36.261424], [150.149931, -36.261645], [150.150894, -36.262554], [150.151084, -36.262128]]], [[[149.97361, -36.778404], [149.973215, -36.778046], [149.972988, -36.778075], [149.97307, -36.779207], [149.97361, -36.778404]]], [[[149.948407, -37.018044], [149.948931, -37.018204], [149.948177, -37.01722], [149.948072, -37.017581], [149.948407, -37.018044]]], [[[150.223429, -36.255038], [150.223377, -36.254776], [150.222976, -36.254616], [150.222717, -36.255254], [150.223429, -36.255038]]], [[[149.946702, -36.949567], [149.947136, -36.949579], [149.946324, -36.948749], [149.946206, -36.948874], [149.946702, -36.949567]]], [[[150.229931, -36.246758], [150.230356, -36.24653], [150.230103, -36.246307], [150.229463, -36.246401], [150.229931, -36.246758]]], [[[149.973587, -36.777807], [149.973786, -36.777526], [149.973464, -36.777328], [149.973071, -36.777774], [149.973587, -36.777807]]], [[[150.000162, -37.140859], [149.999969, -37.140838], [149.999911, -37.14121], [150.000552, -37.141491], [150.000162, -37.140859]]], [[[150.019341, -37.18322], [150.019052, -37.183213], [150.019164, -37.183636], [150.019636, -37.18387], [150.019341, -37.18322]]], [[[149.983104, -36.752292], [149.98279, -36.752578], [149.983377, -36.752933], [149.983383, -36.75274], [149.983104, -36.752292]]], [[[149.983085, -36.749733], [149.983361, -36.749754], [149.983236, -36.749093], [149.982981, -36.749418], [149.983085, -36.749733]]], [[[150.149914, -36.264255], [150.150177, -36.264062], [150.149939, -36.263776], [150.149629, -36.264088], [150.149914, -36.264255]]], [[[149.982473, -36.757045], [149.982769, -36.757104], [149.982801, -36.756726], [149.982501, -36.756571], [149.982473, -36.757045]]], [[[150.051117, -36.585876], [150.051443, -36.585705], [150.050579, -36.585393], [150.050762, -36.585577], [150.051117, -36.585876]]], [[[150.222297, -36.255966], [150.222034, -36.255731], [150.221852, -36.255787], [150.221894, -36.256194], [150.222297, -36.255966]]], [[[149.991481, -36.72941], [149.991255, -36.729246], [149.990955, -36.729411], [149.991219, -36.729639], [149.991481, -36.72941]]], [[[150.136528, -36.302846], [150.136089, -36.302625], [150.136013, -36.302683], [150.136332, -36.3031], [150.136528, -36.302846]]], [[[150.051806, -37.263521], [150.052163, -37.263646], [150.052032, -37.263122], [150.051882, -37.263244], [150.051806, -37.263521]]], [[[150.146707, -36.233014], [150.146191, -36.232996], [150.146246, -36.233151], [150.146925, -36.233209], [150.146707, -36.233014]]], [[[150.02154, -37.188806], [150.021463, -37.188307], [150.021285, -37.188474], [150.021272, -37.188825], [150.02154, -37.188806]]], [[[150.080569, -36.378427], [150.08009, -36.378214], [150.080326, -36.378592], [150.080559, -36.378693], [150.080569, -36.378427]]], [[[150.135714, -36.311356], [150.135442, -36.311081], [150.135372, -36.311496], [150.135642, -36.311529], [150.135714, -36.311356]]], [[[150.143884, -36.270675], [150.144374, -36.270541], [150.144152, -36.270346], [150.143799, -36.270593], [150.143884, -36.270675]]], [[[150.146978, -36.233381], [150.146703, -36.233462], [150.147389, -36.233757], [150.147146, -36.233447], [150.146978, -36.233381]]], [[[150.281967, -35.710313], [150.282302, -35.710169], [150.281985, -35.709902], [150.281911, -35.710047], [150.281967, -35.710313]]], [[[150.051299, -37.263441], [150.051369, -37.26314], [150.051092, -37.263145], [150.051133, -37.263583], [150.051299, -37.263441]]], [[[150.01074, -37.173912], [150.010772, -37.17364], [150.010418, -37.17369], [150.010484, -37.173906], [150.01074, -37.173912]]], [[[149.946128, -37.056478], [149.946462, -37.056414], [149.946456, -37.056255], [149.946178, -37.056153], [149.946128, -37.056478]]], [[[150.150683, -36.264273], [150.150919, -36.264203], [150.150789, -36.263913], [150.150532, -36.26412], [150.150683, -36.264273]]], [[[149.983854, -36.749736], [149.983862, -36.74939], [149.983605, -36.749697], [149.983614, -36.749912], [149.983854, -36.749736]]], [[[149.94493, -37.052724], [149.944958, -37.052986], [149.945198, -37.052745], [149.945249, -37.052495], [149.94493, -37.052724]]], [[[149.913621, -37.069699], [149.913175, -37.069524], [149.913172, -37.069676], [149.913427, -37.069829], [149.913621, -37.069699]]], [[[150.149895, -36.265532], [150.150106, -36.265907], [150.150244, -36.265856], [150.150175, -36.265605], [150.149895, -36.265532]]], [[[150.214083, -35.735999], [150.214408, -35.73617], [150.214506, -35.735875], [150.214331, -35.735905], [150.214083, -35.735999]]], [[[149.959879, -37.113766], [149.95999, -37.114178], [149.960052, -37.114112], [149.960102, -37.113744], [149.959879, -37.113766]]], [[[150.075112, -36.442812], [150.074984, -36.442596], [150.074768, -36.442796], [150.074772, -36.442913], [150.075112, -36.442812]]], [[[150.298519, -35.691618], [150.298555, -35.691259], [150.298368, -35.691259], [150.298345, -35.691432], [150.298519, -35.691618]]], [[[150.015167, -36.645599], [150.015227, -36.645246], [150.015043, -36.645325], [150.014996, -36.645467], [150.015167, -36.645599]]], [[[150.057329, -36.487396], [150.057492, -36.487107], [150.057103, -36.487313], [150.05714, -36.487356], [150.057329, -36.487396]]], [[[150.05223, -37.262161], [150.052236, -37.262394], [150.05269, -37.262504], [150.052519, -37.262424], [150.05223, -37.262161]]], [[[150.020356, -37.183974], [150.020589, -37.183732], [150.020469, -37.183702], [150.020212, -37.183915], [150.020356, -37.183974]]], [[[150.0807, -36.423175], [150.080617, -36.423329], [150.080923, -36.423328], [150.080895, -36.423153], [150.0807, -36.423175]]], [[[150.14336, -36.271828], [150.143389, -36.271801], [150.142814, -36.271496], [150.142974, -36.271692], [150.14336, -36.271828]]], [[[150.066921, -36.414018], [150.066715, -36.413667], [150.066693, -36.413937], [150.066737, -36.414013], [150.066921, -36.414018]]], [[[150.147997, -36.2338], [150.148284, -36.233702], [150.147837, -36.233604], [150.147856, -36.233644], [150.147997, -36.2338]]], [[[150.080099, -36.379163], [150.080242, -36.379062], [150.080051, -36.378904], [150.079962, -36.379068], [150.080099, -36.379163]]], [[[150.072731, -36.465643], [150.07271, -36.46547], [150.072603, -36.46547], [150.072456, -36.465675], [150.072731, -36.465643]]], [[[149.913902, -37.069254], [149.913714, -37.069073], [149.913649, -37.069147], [149.913732, -37.069357], [149.913902, -37.069254]]], [[[149.94461, -37.055824], [149.944788, -37.055501], [149.944615, -37.055506], [149.94457, -37.055666], [149.94461, -37.055824]]], [[[150.018832, -37.18337], [150.01892, -37.183313], [150.018822, -37.183088], [150.018677, -37.183238], [150.018832, -37.18337]]], [[[150.142194, -36.219358], [150.142497, -36.21938], [150.142483, -36.219273], [150.142299, -36.219204], [150.142194, -36.219358]]], [[[150.079285, -36.37894], [150.079474, -36.378819], [150.079366, -36.378706], [150.079185, -36.378871], [150.079285, -36.37894]]], [[[150.080869, -36.375655], [150.080863, -36.375498], [150.080684, -36.375685], [150.080665, -36.375866], [150.080869, -36.375655]]], [[[150.072251, -36.465375], [150.072398, -36.465243], [150.072192, -36.465188], [150.072098, -36.465306], [150.072251, -36.465375]]], [[[149.934968, -36.884897], [149.934918, -36.884739], [149.934813, -36.884845], [149.934834, -36.88507], [149.934968, -36.884897]]], [[[150.066913, -36.416091], [150.066935, -36.415792], [150.066855, -36.415781], [150.06681, -36.416041], [150.066913, -36.416091]]], [[[150.212999, -35.724345], [150.213165, -35.724196], [150.213058, -35.724136], [150.212894, -35.724275], [150.212999, -35.724345]]], [[[150.056915, -36.487501], [150.056929, -36.487636], [150.057143, -36.48751], [150.057061, -36.487416], [150.056915, -36.487501]]], [[[150.060787, -36.497503], [150.060884, -36.497375], [150.060781, -36.497354], [150.060564, -36.497591], [150.060787, -36.497503]]], [[[150.081837, -36.376894], [150.081681, -36.376848], [150.081584, -36.376963], [150.081754, -36.377009], [150.081837, -36.376894]]], [[[149.955105, -37.108641], [149.954342, -37.10841], [149.954554, -37.108498], [149.954737, -37.108593], [149.955105, -37.108641]]], [[[150.005403, -37.162752], [150.005443, -37.162706], [150.005214, -37.162638], [150.005189, -37.162787], [150.005403, -37.162752]]], [[[150.067678, -36.417616], [150.067683, -36.41737], [150.067589, -36.417447], [150.067567, -36.417638], [150.067678, -36.417616]]], [[[150.081514, -36.375333], [150.081372, -36.375266], [150.081316, -36.37535], [150.081456, -36.375459], [150.081514, -36.375333]]], [[[150.074459, -36.421795], [150.074454, -36.421754], [150.074353, -36.421757], [150.074298, -36.422058], [150.074459, -36.421795]]], [[[150.07234, -36.450011], [150.072526, -36.449778], [150.0723, -36.449921], [150.072221, -36.450044], [150.07234, -36.450011]]], [[[150.082129, -36.422497], [150.082033, -36.422359], [150.081962, -36.422472], [150.082055, -36.422589], [150.082129, -36.422497]]], [[[150.071933, -36.447852], [150.071945, -36.44771], [150.071772, -36.447836], [150.071783, -36.44792], [150.071933, -36.447852]]], [[[149.957166, -37.109523], [149.957015, -37.109359], [149.956994, -37.109496], [149.957036, -37.109558], [149.957166, -37.109523]]], [[[149.956565, -37.109265], [149.956483, -37.109183], [149.95641, -37.109332], [149.956556, -37.109359], [149.956565, -37.109265]]], [[[150.072621, -36.46071], [150.072723, -36.46073], [150.072443, -36.460563], [150.072524, -36.460743], [150.072621, -36.46071]]], [[[150.080534, -36.377948], [150.080483, -36.377915], [150.080306, -36.378049], [150.080437, -36.378073], [150.080534, -36.377948]]], [[[149.946012, -36.949344], [149.946146, -36.949347], [149.946041, -36.949182], [149.945979, -36.949228], [149.946012, -36.949344]]], [[[150.081319, -36.37668], [150.081123, -36.376622], [150.081108, -36.376664], [150.08121, -36.376773], [150.081319, -36.37668]]], [[[150.073897, -36.421647], [150.073828, -36.42157], [150.073743, -36.421725], [150.073784, -36.42179], [150.073897, -36.421647]]], [[[150.081534, -36.378176], [150.081627, -36.378149], [150.081518, -36.378025], [150.081427, -36.378119], [150.081534, -36.378176]]], [[[150.005344, -37.162451], [150.0052, -37.162494], [150.005191, -37.162561], [150.005332, -37.16258], [150.005344, -37.162451]]], [[[150.072379, -36.453059], [150.072446, -36.452915], [150.072357, -36.452882], [150.0723, -36.452996], [150.072379, -36.453059]]], [[[150.07289, -36.46584], [150.072928, -36.465769], [150.072822, -36.465743], [150.07275, -36.465898], [150.07289, -36.46584]]], [[[150.057343, -36.486515], [150.05736, -36.486431], [150.057196, -36.4865], [150.057284, -36.486575], [150.057343, -36.486515]]], [[[150.072722, -36.448877], [150.072652, -36.448977], [150.07283, -36.448957], [150.07281, -36.448891], [150.072722, -36.448877]]], [[[150.05653, -36.487849], [150.056558, -36.487746], [150.056389, -36.487815], [150.056453, -36.487874], [150.05653, -36.487849]]], [[[150.056319, -36.495936], [150.056324, -36.495872], [150.056218, -36.495912], [150.056199, -36.496056], [150.056319, -36.495936]]], [[[150.074284, -36.421883], [150.074257, -36.421836], [150.074207, -36.421829], [150.074142, -36.422017], [150.074284, -36.421883]]], [[[150.072209, -36.450562], [150.072282, -36.450486], [150.072188, -36.450436], [150.072141, -36.450531], [150.072209, -36.450562]]], [[[149.916333, -37.073926], [149.916207, -37.073903], [149.916244, -37.073988], [149.916344, -37.074006], [149.916333, -37.073926]]], [[[150.072842, -36.452846], [150.072882, -36.452782], [150.072767, -36.452726], [150.072763, -36.452821], [150.072842, -36.452846]]], [[[150.072593, -36.452807], [150.072628, -36.452711], [150.072542, -36.452685], [150.072509, -36.452761], [150.072593, -36.452807]]], [[[150.074139, -36.421897], [150.074173, -36.421747], [150.074124, -36.421734], [150.074088, -36.421919], [150.074139, -36.421897]]], [[[150.073044, -36.45397], [150.073124, -36.453924], [150.073017, -36.453871], [150.072966, -36.453949], [150.073044, -36.45397]]], [[[150.137666, -36.305436], [150.1377, -36.305508], [150.137811, -36.305463], [150.137784, -36.305412], [150.137666, -36.305436]]], [[[150.075021, -36.42158], [150.075071, -36.421508], [150.074961, -36.421484], [150.074939, -36.421544], [150.075021, -36.42158]]], [[[150.072868, -36.453595], [150.072882, -36.453531], [150.07276, -36.453547], [150.072756, -36.453603], [150.072868, -36.453595]]], [[[150.072415, -36.453376], [150.072482, -36.453477], [150.072432, -36.453323], [150.072317, -36.453343], [150.072415, -36.453376]]]]}}, {"type": "Feature", "properties": {"index": "FRRR", "division": "Farrer", "state": "New South Wales", "year": "1992", "proclaimed": "19920131", "quota": "0", "electors": "0", "deviation": ""}, "geometry": {"type": "Polygon", "coordinates": [[[141.002956, -34.021892], [141.004816, -34.023365], [141.012311, -34.024655], [141.011467, -34.025836], [141.005899, -34.025954], [141.003776, -34.027604], [141.00266, -34.030112], [141.003679, -34.033331], [141.001772, -34.037642], [141.00187, -34.039103], [141.002779, -34.040636], [141.006582, -34.042124], [141.009898, -34.045218], [141.017017, -34.047264], [141.018274, -34.049393], [141.018427, -34.056021], [141.023262, -34.059699], [141.026307, -34.059383], [141.027454, -34.057489], [141.026998, -34.056172], [141.023562, -34.053297], [141.02367, -34.051151], [141.032272, -34.047], [141.032498, -34.045422], [141.031077, -34.0413], [141.032787, -34.036394], [141.034336, -34.035735], [141.036405, -34.036167], [141.041369, -34.039502], [141.043439, -34.042704], [141.043527, -34.044949], [141.040149, -34.049324], [141.039446, -34.051408], [141.040772, -34.059109], [141.042463, -34.061101], [141.045617, -34.061858], [141.049019, -34.061126], [141.052951, -34.057544], [141.061715, -34.054979], [141.065601, -34.050062], [141.068512, -34.059521], [141.071951, -34.06291], [141.076655, -34.063655], [141.081626, -34.061154], [141.08491, -34.062288], [141.08604, -34.06502], [141.083021, -34.068719], [141.082796, -34.070911], [141.085314, -34.075022], [141.089218, -34.076696], [141.092404, -34.076405], [141.094915, -34.074799], [141.096691, -34.073138], [141.097587, -34.070035], [141.097558, -34.067311], [141.095561, -34.060666], [141.094075, -34.059558], [141.08791, -34.059295], [141.087257, -34.057173], [141.08759, -34.055026], [141.094238, -34.050656], [141.097564, -34.050095], [141.101054, -34.051201], [141.104053, -34.058224], [141.106917, -34.061054], [141.120338, -34.064866], [141.128236, -34.063433], [141.135263, -34.05971], [141.137307, -34.057561], [141.137936, -34.058128], [141.137106, -34.059924], [141.137639, -34.061628], [141.139885, -34.06324], [141.142973, -34.063534], [141.144098, -34.062189], [141.143756, -34.05851], [141.144988, -34.056398], [141.153111, -34.054521], [141.153416, -34.055152], [141.151481, -34.057625], [141.151105, -34.059655], [141.153484, -34.062971], [141.153443, -34.064189], [141.144842, -34.066318], [141.143847, -34.067799], [141.146137, -34.069618], [141.151174, -34.067925], [141.15318, -34.068915], [141.153638, -34.070565], [141.152847, -34.079531], [141.15367, -34.082118], [141.158877, -34.084582], [141.165854, -34.083212], [141.169036, -34.080647], [141.17117, -34.074412], [141.172598, -34.073382], [141.174668, -34.073334], [141.175648, -34.075425], [141.174786, -34.078123], [141.17488, -34.081288], [141.177824, -34.084855], [141.178612, -34.088561], [141.181479, -34.090992], [141.18623, -34.091977], [141.191908, -34.090958], [141.194437, -34.087608], [141.194487, -34.08602], [141.192953, -34.083262], [141.187765, -34.080277], [141.187449, -34.079294], [141.192411, -34.078339], [141.193095, -34.074243], [141.198034, -34.073243], [141.199831, -34.072131], [141.201917, -34.065481], [141.205907, -34.061723], [141.208387, -34.060952], [141.210913, -34.061209], [141.213116, -34.062675], [141.213663, -34.06464], [141.215756, -34.065395], [141.217153, -34.064761], [141.21967, -34.061645], [141.222119, -34.061677], [141.222729, -34.06301], [141.221687, -34.066647], [141.222235, -34.068945], [141.226223, -34.072988], [141.228468, -34.073651], [141.231794, -34.073158], [141.236188, -34.070678], [141.237255, -34.06853], [141.236858, -34.066312], [141.237524, -34.06393], [141.239511, -34.061626], [141.241808, -34.061315], [141.244264, -34.063763], [141.244723, -34.068966], [141.247217, -34.073209], [141.24611, -34.07626], [141.241671, -34.08195], [141.241669, -34.085125], [141.242543, -34.087341], [141.244529, -34.088266], [141.247444, -34.08808], [141.249401, -34.086381], [141.250482, -34.081445], [141.252089, -34.078899], [141.255358, -34.07753], [141.259566, -34.078134], [141.26301, -34.081274], [141.265883, -34.088122], [141.268692, -34.09213], [141.275357, -34.098157], [141.279847, -34.099067], [141.283701, -34.103874], [141.298544, -34.10696], [141.299057, -34.10796], [141.297965, -34.111617], [141.30079, -34.113718], [141.303241, -34.113857], [141.313762, -34.111666], [141.317451, -34.112413], [141.318572, -34.113528], [141.31842, -34.116306], [141.313395, -34.123814], [141.31353, -34.12486], [141.3145, -34.126309], [141.31677, -34.12726], [141.322619, -34.125476], [141.325922, -34.126866], [141.32615, -34.129823], [141.323115, -34.133159], [141.323208, -34.137578], [141.324937, -34.138782], [141.328125, -34.138557], [141.331423, -34.135987], [141.330869, -34.135709], [141.331271, -34.133246], [141.332942, -34.130653], [141.341433, -34.12805], [141.346407, -34.124348], [141.347556, -34.121585], [141.346955, -34.11512], [141.348504, -34.112311], [141.351774, -34.111138], [141.358972, -34.110723], [141.361284, -34.111463], [141.362657, -34.112947], [141.364394, -34.121112], [141.368758, -34.127115], [141.370895, -34.127361], [141.37177, -34.126411], [141.36954, -34.122495], [141.369693, -34.120204], [141.371762, -34.119701], [141.381587, -34.122143], [141.384549, -34.124974], [141.38585, -34.129705], [141.385513, -34.131924], [141.386465, -34.133743], [141.388118, -34.13473], [141.392368, -34.134338], [141.403364, -34.127205], [141.405922, -34.126881], [141.408248, -34.127856], [141.409807, -34.129583], [141.410318, -34.132187], [141.407737, -34.136651], [141.40607, -34.14196], [141.407404, -34.1464], [141.411923, -34.149965], [141.417155, -34.150778], [141.421001, -34.14979], [141.430168, -34.145583], [141.433901, -34.145904], [141.434746, -34.147759], [141.43209, -34.154496], [141.432802, -34.15994], [141.43544, -34.162384], [141.441193, -34.164979], [141.444539, -34.168015], [141.447124, -34.168412], [141.448822, -34.167468], [141.449257, -34.165626], [141.448557, -34.162464], [141.450643, -34.161004], [141.463981, -34.165842], [141.466962, -34.16547], [141.468952, -34.164254], [141.470191, -34.162635], [141.470262, -34.159758], [141.471192, -34.159204], [141.472961, -34.15945], [141.479121, -34.162781], [141.482801, -34.163425], [141.486076, -34.161311], [141.485749, -34.157137], [141.487374, -34.154867], [141.489767, -34.15409], [141.494967, -34.154611], [141.50049, -34.158791], [141.504717, -34.169154], [141.510846, -34.177705], [141.513209, -34.17913], [141.517488, -34.179572], [141.518744, -34.18091], [141.518558, -34.182489], [141.517318, -34.183865], [141.51071, -34.185769], [141.506669, -34.190619], [141.507657, -34.194177], [141.514628, -34.198207], [141.518577, -34.203159], [141.517199, -34.2068], [141.512421, -34.208389], [141.508513, -34.208387], [141.506149, -34.210498], [141.506082, -34.213835], [141.510071, -34.216479], [141.513662, -34.21613], [141.519626, -34.213273], [141.531062, -34.212404], [141.533863, -34.210697], [141.536102, -34.207729], [141.536431, -34.204932], [141.530805, -34.195559], [141.531299, -34.193067], [141.533546, -34.191434], [141.535967, -34.191523], [141.538047, -34.192704], [141.544466, -34.200198], [141.547738, -34.200841], [141.550405, -34.200342], [141.556495, -34.197294], [141.557806, -34.195232], [141.55824, -34.191938], [141.560468, -34.1909], [141.567201, -34.191509], [141.573114, -34.196018], [141.576981, -34.196478], [141.583921, -34.198816], [141.586262, -34.198291], [141.588113, -34.195991], [141.588787, -34.19147], [141.588245, -34.188352], [141.589743, -34.186893], [141.591459, -34.187146], [141.59278, -34.189764], [141.595833, -34.191788], [141.600015, -34.192272], [141.603285, -34.191228], [141.605942, -34.187987], [141.604947, -34.183933], [141.601266, -34.181949], [141.592834, -34.181927], [141.590326, -34.180217], [141.589383, -34.177353], [141.589922, -34.175267], [141.59316, -34.172772], [141.602561, -34.168794], [141.60384, -34.165532], [141.602959, -34.162254], [141.600484, -34.157405], [141.597953, -34.155442], [141.595848, -34.15538], [141.590093, -34.157807], [141.585615, -34.156511], [141.583501, -34.153627], [141.584484, -34.151403], [141.587322, -34.150749], [141.595301, -34.154806], [141.597986, -34.153963], [141.602597, -34.149449], [141.60458, -34.149115], [141.608258, -34.150828], [141.609386, -34.153781], [141.612543, -34.156777], [141.615604, -34.157078], [141.618538, -34.156287], [141.621019, -34.154264], [141.62096, -34.149286], [141.611817, -34.139023], [141.613484, -34.138429], [141.615343, -34.139051], [141.618239, -34.143509], [141.621309, -34.145181], [141.625308, -34.146116], [141.627982, -34.145417], [141.63044, -34.143394], [141.632119, -34.140138], [141.630057, -34.129696], [141.630527, -34.125816], [141.632653, -34.121484], [141.635074, -34.12039], [141.641857, -34.119741], [141.654672, -34.116688], [141.664125, -34.110839], [141.674511, -34.10254], [141.67745, -34.101225], [141.688571, -34.102316], [141.694038, -34.098696], [141.704907, -34.095686], [141.707415, -34.096068], [141.71058, -34.09862], [141.711394, -34.109032], [141.713282, -34.113061], [141.715692, -34.114733], [141.720288, -34.114589], [141.723535, -34.112667], [141.725504, -34.109662], [141.729935, -34.105442], [141.729771, -34.102701], [141.72619, -34.098565], [141.725457, -34.095159], [141.72658, -34.092095], [141.729691, -34.090896], [141.734494, -34.092238], [141.743173, -34.101646], [141.746343, -34.103403], [141.752611, -34.102409], [141.758252, -34.096783], [141.760007, -34.096619], [141.761836, -34.097537], [141.762447, -34.09912], [141.761441, -34.10057], [141.754013, -34.104006], [141.752623, -34.106242], [141.753308, -34.110054], [141.756947, -34.112097], [141.759313, -34.112307], [141.76273, -34.111349], [141.771007, -34.104712], [141.777897, -34.101774], [141.778934, -34.102525], [141.779287, -34.104299], [141.775548, -34.110466], [141.774679, -34.113853], [141.775599, -34.116003], [141.776886, -34.116878], [141.780441, -34.116612], [141.784087, -34.112259], [141.786445, -34.111685], [141.790717, -34.115175], [141.79325, -34.115862], [141.797763, -34.114976], [141.801314, -34.115521], [141.806553, -34.120267], [141.815292, -34.121318], [141.825395, -34.127681], [141.832663, -34.130184], [141.839049, -34.13116], [141.841383, -34.132452], [141.844088, -34.131811], [141.847806, -34.126221], [141.850694, -34.124307], [141.852671, -34.125745], [141.851498, -34.12992], [141.853257, -34.131233], [141.856067, -34.131313], [141.86329, -34.12816], [141.867763, -34.128652], [141.872499, -34.131468], [141.874757, -34.135934], [141.876627, -34.137418], [141.877847, -34.136849], [141.880873, -34.130614], [141.886359, -34.127436], [141.888789, -34.124415], [141.88865, -34.121495], [141.885164, -34.117867], [141.884744, -34.114984], [141.893571, -34.114046], [141.900686, -34.111198], [141.903505, -34.11115], [141.908169, -34.114381], [141.913321, -34.115542], [141.920548, -34.114071], [141.922592, -34.11457], [141.926528, -34.122228], [141.927744, -34.122685], [141.929784, -34.12579], [141.928582, -34.128874], [141.925875, -34.132249], [141.925629, -34.134605], [141.928528, -34.136928], [141.93299, -34.138238], [141.936302, -34.137689], [141.938303, -34.13615], [141.93909, -34.132834], [141.938943, -34.130265], [141.938516, -34.130882], [141.938049, -34.128856], [141.939213, -34.123454], [141.941202, -34.120913], [141.945003, -34.119477], [141.948051, -34.120527], [141.954002, -34.129021], [141.95671, -34.131615], [141.961207, -34.134232], [141.962377, -34.135999], [141.967084, -34.136981], [141.970437, -34.136107], [141.971663, -34.13525], [141.972333, -34.133125], [141.969028, -34.125747], [141.969742, -34.119898], [141.972657, -34.115023], [141.978235, -34.112616], [141.984896, -34.112942], [141.988292, -34.115917], [141.991064, -34.120233], [141.993007, -34.121299], [141.996083, -34.12012], [141.995205, -34.120118], [141.996244, -34.118992], [141.998472, -34.11855], [142.005018, -34.122116], [142.010272, -34.123497], [142.01332, -34.125264], [142.02124, -34.125258], [142.023905, -34.123873], [142.024303, -34.1219], [142.023454, -34.120606], [142.01653, -34.117324], [142.014742, -34.113476], [142.014992, -34.108896], [142.013043, -34.107452], [142.012927, -34.105246], [142.015452, -34.104089], [142.021076, -34.106474], [142.025965, -34.106535], [142.0306, -34.104476], [142.035086, -34.09981], [142.036848, -34.099306], [142.038529, -34.09989], [142.041977, -34.103063], [142.042265, -34.105298], [142.040628, -34.107291], [142.034257, -34.110943], [142.0294, -34.118211], [142.023852, -34.115054], [142.028533, -34.118893], [142.028737, -34.122731], [142.027564, -34.122981], [142.028868, -34.12339], [142.029669, -34.126116], [142.031957, -34.128078], [142.036144, -34.129537], [142.040524, -34.128851], [142.048822, -34.125384], [142.061797, -34.125801], [142.066928, -34.127218], [142.075638, -34.131418], [142.077742, -34.135635], [142.077177, -34.13871], [142.073873, -34.142296], [142.068921, -34.143253], [142.066602, -34.144692], [142.065283, -34.147328], [142.065345, -34.150611], [142.067601, -34.153594], [142.074641, -34.155232], [142.077538, -34.157346], [142.080663, -34.164986], [142.081624, -34.171886], [142.08277, -34.173545], [142.085825, -34.173682], [142.090207, -34.171928], [142.093059, -34.171915], [142.098626, -34.173805], [142.103569, -34.177159], [142.105411, -34.177525], [142.112352, -34.175057], [142.119613, -34.174909], [142.121586, -34.172397], [142.11842, -34.161155], [142.120343, -34.156705], [142.123826, -34.156503], [142.132056, -34.160384], [142.135161, -34.160738], [142.139815, -34.159021], [142.142974, -34.151802], [142.146367, -34.148972], [142.150979, -34.149157], [142.158446, -34.151692], [142.162462, -34.151261], [142.165577, -34.152124], [142.166803, -34.153657], [142.166654, -34.15548], [142.161366, -34.163796], [142.159255, -34.171482], [142.161481, -34.172384], [142.165196, -34.171032], [142.166529, -34.171395], [142.166691, -34.172545], [142.163404, -34.176396], [142.165944, -34.182777], [142.168373, -34.183731], [142.175995, -34.184426], [142.178309, -34.183743], [142.180265, -34.181592], [142.181209, -34.176661], [142.183613, -34.175672], [142.190805, -34.180811], [142.19858, -34.183496], [142.20634, -34.183728], [142.216447, -34.180837], [142.219102, -34.181064], [142.220713, -34.182046], [142.22529, -34.189059], [142.227211, -34.198135], [142.227191, -34.196144], [142.227544, -34.196988], [142.229263, -34.207713], [142.233035, -34.212883], [142.23313, -34.214407], [142.233731, -34.21333], [142.232315, -34.211099], [142.232967, -34.20997], [142.231821, -34.20894], [142.238561, -34.206528], [142.237525, -34.205508], [142.237077, -34.20612], [142.236607, -34.20531], [142.234683, -34.205292], [142.235645, -34.204042], [142.238324, -34.204652], [142.24372, -34.20987], [142.243779, -34.216518], [142.242266, -34.217148], [142.241796, -34.216051], [142.241759, -34.217275], [142.235334, -34.223748], [142.236088, -34.225355], [142.241433, -34.228443], [142.24403, -34.232457], [142.244968, -34.237881], [142.243579, -34.245768], [142.241469, -34.248136], [142.237402, -34.24836], [142.234771, -34.24944], [142.233029, -34.25188], [142.23229, -34.255036], [142.23242, -34.256053], [142.234044, -34.25714], [142.238542, -34.25714], [142.241857, -34.25806], [142.246205, -34.261324], [142.248993, -34.265054], [142.249383, -34.267597], [142.245454, -34.273782], [142.244714, -34.277193], [142.245226, -34.279071], [142.247974, -34.282064], [142.248845, -34.284983], [142.247957, -34.287703], [142.243689, -34.291924], [142.23748, -34.294801], [142.234237, -34.295157], [142.232465, -34.296749], [142.231929, -34.30216], [142.235894, -34.306973], [142.238544, -34.30782], [142.248807, -34.307202], [142.253057, -34.306139], [142.267332, -34.295284], [142.269335, -34.296103], [142.270799, -34.301607], [142.272191, -34.30357], [142.273673, -34.304021], [142.277452, -34.30315], [142.282908, -34.298043], [142.286132, -34.296536], [142.291512, -34.301955], [142.298083, -34.30453], [142.298886, -34.305703], [142.29682, -34.30741], [142.290727, -34.306045], [142.288257, -34.306447], [142.284023, -34.31076], [142.280597, -34.315901], [142.279993, -34.3198], [142.280476, -34.322024], [142.283873, -34.326567], [142.286588, -34.326951], [142.290679, -34.325949], [142.292443, -34.323761], [142.294386, -34.32345], [142.301653, -34.329055], [142.316257, -34.33012], [142.318074, -34.33157], [142.319328, -34.334852], [142.32161, -34.336936], [142.330924, -34.339378], [142.347159, -34.337216], [142.352059, -34.333077], [142.357405, -34.331469], [142.36188, -34.328092], [142.368436, -34.326913], [142.373234, -34.331521], [142.379621, -34.330897], [142.385702, -34.334001], [142.392206, -34.334715], [142.396798, -34.338095], [142.397676, -34.341202], [142.397, -34.343802], [142.388302, -34.343054], [142.385622, -34.344568], [142.384459, -34.346915], [142.384486, -34.349843], [142.386321, -34.355254], [142.388759, -34.358333], [142.3915, -34.360112], [142.39127, -34.361431], [142.389752, -34.362799], [142.387511, -34.363779], [142.383832, -34.363448], [142.379925, -34.360398], [142.371317, -34.357848], [142.364249, -34.360996], [142.36353, -34.362158], [142.364111, -34.364058], [142.366151, -34.365086], [142.374847, -34.362447], [142.376419, -34.362843], [142.378269, -34.36475], [142.377248, -34.367251], [142.369266, -34.369414], [142.368057, -34.37065], [142.370326, -34.374634], [142.369764, -34.379948], [142.370652, -34.383289], [142.373739, -34.386407], [142.373927, -34.388151], [142.3724, -34.388267], [142.367964, -34.385517], [142.363897, -34.38568], [142.359865, -34.390131], [142.351891, -34.394745], [142.350969, -34.396629], [142.351724, -34.399164], [142.355403, -34.399513], [142.356477, -34.400426], [142.352413, -34.404512], [142.351817, -34.406477], [142.352573, -34.40794], [142.35399, -34.408895], [142.359563, -34.409975], [142.360695, -34.411768], [142.359457, -34.414069], [142.352636, -34.419081], [142.351836, -34.422288], [142.354529, -34.424061], [142.361062, -34.422166], [142.364539, -34.422704], [142.365066, -34.424816], [142.363892, -34.427654], [142.360503, -34.430485], [142.359897, -34.431933], [142.360842, -34.432997], [142.36345, -34.433334], [142.367936, -34.435415], [142.367029, -34.436514], [142.362699, -34.438053], [142.360823, -34.4405], [142.36067, -34.442029], [142.364445, -34.445327], [142.365136, -34.447402], [142.362399, -34.453514], [142.360885, -34.459239], [142.358036, -34.462268], [142.354061, -34.46425], [142.352896, -34.467567], [142.353334, -34.469582], [142.356339, -34.472296], [142.358632, -34.472036], [142.364401, -34.469328], [142.372335, -34.471697], [142.376029, -34.470227], [142.377863, -34.467033], [142.379267, -34.466704], [142.380464, -34.467886], [142.384163, -34.478091], [142.382997, -34.479341], [142.378212, -34.476549], [142.374698, -34.477007], [142.372474, -34.480656], [142.364268, -34.484715], [142.361417, -34.487859], [142.359779, -34.491228], [142.359067, -34.493555], [142.359576, -34.498779], [142.360296, -34.499885], [142.369722, -34.503819], [142.371109, -34.502713], [142.37137, -34.497978], [142.372386, -34.495699], [142.375346, -34.492537], [142.377726, -34.491397], [142.382512, -34.490992], [142.391071, -34.492007], [142.394681, -34.493484], [142.39378, -34.495234], [142.388765, -34.497398], [142.386727, -34.499091], [142.384718, -34.505336], [142.380702, -34.509137], [142.376057, -34.512156], [142.374942, -34.515284], [142.377204, -34.518347], [142.380693, -34.51948], [142.383916, -34.519138], [142.389169, -34.516136], [142.392777, -34.515876], [142.394769, -34.516887], [142.400571, -34.522747], [142.399907, -34.523873], [142.398521, -34.524248], [142.382877, -34.523968], [142.370189, -34.526356], [142.368408, -34.527088], [142.367695, -34.530446], [142.370318, -34.534281], [142.371538, -34.534912], [142.374139, -34.534711], [142.376935, -34.532128], [142.378183, -34.532145], [142.378304, -34.533515], [142.37581, -34.538272], [142.376705, -34.540985], [142.386586, -34.54513], [142.388526, -34.548065], [142.390211, -34.549119], [142.392498, -34.549364], [142.399831, -34.546958], [142.401508, -34.54564], [142.403305, -34.542003], [142.405558, -34.541508], [142.406667, -34.547834], [142.41069, -34.553473], [142.409877, -34.556617], [142.40664, -34.561722], [142.40628, -34.565617], [142.407693, -34.567972], [142.409502, -34.569244], [142.411971, -34.569207], [142.418521, -34.566913], [142.421527, -34.565214], [142.423719, -34.562682], [142.426062, -34.562348], [142.428319, -34.564301], [142.429344, -34.566579], [142.428641, -34.572575], [142.430178, -34.574793], [142.434747, -34.576146], [142.444922, -34.57549], [142.449636, -34.582877], [142.451622, -34.584265], [142.457502, -34.584177], [142.458747, -34.581498], [142.457686, -34.578769], [142.454095, -34.57603], [142.451608, -34.572796], [142.44865, -34.561623], [142.448847, -34.559483], [142.450974, -34.557979], [142.454787, -34.557591], [142.459733, -34.560228], [142.464854, -34.561731], [142.467968, -34.564295], [142.472397, -34.57408], [142.472705, -34.576695], [142.467054, -34.581159], [142.466247, -34.582977], [142.45873, -34.585226], [142.458363, -34.587575], [142.459999, -34.589435], [142.467438, -34.589351], [142.469582, -34.590402], [142.471264, -34.592677], [142.469199, -34.596732], [142.469212, -34.601525], [142.462978, -34.603881], [142.461307, -34.606565], [142.461811, -34.608548], [142.467918, -34.611937], [142.468257, -34.612934], [142.463011, -34.613894], [142.45916, -34.616289], [142.458359, -34.619166], [142.463038, -34.623194], [142.463988, -34.626677], [142.459743, -34.629325], [142.453684, -34.630321], [142.452496, -34.63194], [142.45239, -34.63365], [142.453435, -34.635103], [142.456457, -34.636325], [142.461545, -34.634389], [142.465141, -34.634174], [142.467136, -34.638136], [142.471077, -34.640135], [142.47451, -34.639278], [142.480249, -34.635408], [142.482334, -34.635455], [142.483644, -34.636435], [142.483832, -34.638399], [142.479908, -34.639866], [142.476075, -34.642672], [142.471654, -34.651796], [142.472119, -34.657128], [142.471311, -34.665749], [142.472994, -34.670206], [142.475586, -34.672618], [142.480269, -34.673634], [142.488799, -34.673323], [142.493117, -34.672202], [142.496254, -34.668544], [142.495806, -34.667302], [142.494028, -34.666421], [142.488614, -34.667159], [142.486577, -34.666162], [142.486878, -34.663517], [142.489333, -34.662527], [142.497334, -34.665018], [142.499825, -34.664766], [142.502162, -34.663096], [142.503818, -34.657861], [142.507081, -34.656396], [142.509689, -34.656806], [142.512903, -34.660479], [142.517112, -34.662569], [142.517288, -34.663397], [142.515842, -34.664918], [142.513613, -34.665774], [142.503769, -34.667479], [142.498495, -34.671778], [142.497428, -34.674295], [142.497432, -34.677577], [142.499365, -34.681863], [142.500918, -34.682651], [142.505043, -34.680099], [142.506367, -34.680202], [142.508282, -34.682292], [142.509502, -34.686089], [142.513369, -34.689886], [142.514379, -34.69215], [142.51316, -34.695007], [142.509398, -34.697097], [142.505392, -34.698107], [142.502083, -34.697898], [142.499794, -34.698949], [142.498902, -34.700664], [142.499744, -34.703137], [142.502729, -34.704271], [142.50468, -34.703821], [142.511809, -34.700219], [142.517888, -34.701344], [142.518864, -34.703671], [142.509408, -34.713651], [142.512785, -34.719505], [142.51316, -34.721381], [142.51241, -34.723182], [142.507608, -34.72821], [142.501829, -34.732639], [142.500312, -34.735456], [142.499571, -34.739194], [142.50204, -34.740913], [142.510128, -34.740354], [142.511671, -34.740888], [142.512722, -34.74309], [142.508299, -34.745884], [142.507428, -34.748839], [142.524612, -34.759584], [142.526373, -34.759804], [142.529208, -34.758777], [142.533406, -34.753025], [142.538793, -34.762876], [142.547574, -34.762027], [142.55014, -34.76266], [142.550767, -34.764439], [142.550326, -34.768872], [142.556744, -34.775373], [142.560794, -34.774284], [142.563154, -34.769169], [142.567176, -34.766928], [142.571651, -34.769771], [142.576501, -34.771523], [142.585793, -34.77042], [142.594879, -34.772469], [142.605571, -34.780231], [142.61578, -34.785261], [142.622475, -34.785842], [142.632212, -34.784136], [142.63869, -34.780753], [142.64444, -34.775338], [142.646391, -34.763394], [142.642943, -34.758936], [142.639584, -34.757503], [142.626335, -34.760646], [142.623337, -34.75973], [142.620498, -34.757128], [142.619211, -34.75435], [142.619486, -34.744516], [142.616298, -34.736723], [142.616798, -34.731008], [142.618316, -34.728751], [142.620947, -34.72758], [142.623491, -34.727519], [142.632066, -34.733761], [142.637334, -34.735043], [142.642564, -34.731664], [142.652175, -34.72946], [142.661412, -34.721707], [142.663737, -34.723298], [142.664237, -34.730297], [142.667412, -34.735908], [142.671178, -34.737751], [142.678954, -34.739202], [142.684657, -34.736553], [142.686292, -34.735322], [142.686657, -34.733929], [142.684876, -34.732294], [142.679575, -34.731006], [142.676553, -34.729046], [142.67594, -34.7268], [142.678646, -34.722345], [142.681835, -34.721805], [142.690561, -34.72667], [142.694436, -34.726572], [142.698961, -34.725138], [142.69956, -34.722921], [142.698189, -34.721037], [142.688829, -34.717514], [142.684489, -34.714057], [142.68538, -34.709555], [142.687368, -34.706858], [142.690513, -34.704759], [142.691089, -34.701397], [142.689417, -34.698338], [142.685283, -34.694744], [142.681963, -34.690345], [142.679682, -34.685057], [142.678929, -34.680153], [142.680729, -34.674718], [142.680539, -34.672882], [142.68496, -34.670774], [142.689005, -34.671665], [142.698862, -34.677072], [142.704252, -34.679142], [142.707446, -34.679458], [142.710436, -34.676748], [142.710898, -34.667905], [142.709066, -34.662674], [142.705483, -34.660362], [142.701643, -34.659352], [142.695436, -34.65997], [142.693234, -34.656358], [142.68967, -34.653379], [142.689172, -34.651925], [142.697372, -34.640981], [142.694956, -34.635913], [142.699051, -34.631266], [142.700788, -34.624516], [142.703095, -34.623194], [142.707965, -34.623433], [142.708902, -34.621788], [142.707544, -34.618876], [142.701489, -34.619844], [142.696747, -34.618918], [142.691339, -34.619535], [142.689504, -34.618298], [142.689383, -34.61664], [142.691465, -34.615512], [142.700544, -34.615755], [142.703692, -34.613953], [142.703865, -34.611209], [142.699486, -34.602912], [142.699646, -34.600096], [142.700852, -34.598276], [142.704294, -34.59757], [142.713275, -34.600545], [142.714821, -34.600442], [142.71783, -34.598804], [142.719618, -34.594054], [142.722756, -34.59236], [142.725129, -34.592705], [142.728213, -34.596845], [142.732111, -34.599729], [142.743966, -34.60296], [142.753357, -34.602501], [142.761766, -34.598485], [142.763405, -34.596958], [142.763974, -34.594657], [142.763532, -34.590732], [142.762411, -34.589287], [142.758802, -34.588267], [142.749168, -34.588973], [142.745699, -34.586273], [142.745504, -34.583192], [142.748291, -34.576759], [142.750243, -34.576262], [142.758482, -34.579787], [142.769306, -34.578206], [142.780337, -34.579136], [142.784068, -34.580393], [142.783854, -34.577492], [142.778679, -34.574085], [142.771895, -34.571811], [142.769991, -34.568882], [142.77163, -34.566], [142.778003, -34.567368], [142.782512, -34.564933], [142.782709, -34.561601], [142.787195, -34.559362], [142.788646, -34.557411], [142.788879, -34.554514], [142.788001, -34.551217], [142.789373, -34.547113], [142.791428, -34.546389], [142.792633, -34.549743], [142.79417, -34.551271], [142.798554, -34.552442], [142.802162, -34.552461], [142.805408, -34.553901], [142.810104, -34.560855], [142.809125, -34.56197], [142.802711, -34.564742], [142.796435, -34.571949], [142.796633, -34.574047], [142.800142, -34.57597], [142.801374, -34.579034], [142.78664, -34.584259], [142.786718, -34.588217], [142.787687, -34.590178], [142.793546, -34.594771], [142.795345, -34.597116], [142.797919, -34.597628], [142.799577, -34.597496], [142.802121, -34.589749], [142.803072, -34.588898], [142.805191, -34.58827], [142.810259, -34.589093], [142.811426, -34.59142], [142.809726, -34.594992], [142.806952, -34.597894], [142.803838, -34.599708], [142.802942, -34.601669], [142.802966, -34.60624], [142.804997, -34.608401], [142.818507, -34.612357], [142.820156, -34.609934], [142.818464, -34.605361], [142.818514, -34.603133], [142.820651, -34.600613], [142.823118, -34.600251], [142.825172, -34.601916], [142.824032, -34.606162], [142.825038, -34.60878], [142.827151, -34.610118], [142.83557, -34.611128], [142.83824, -34.613044], [142.839674, -34.617233], [142.839467, -34.623659], [142.840679, -34.625752], [142.845088, -34.626497], [142.846588, -34.624697], [142.847623, -34.620116], [142.849012, -34.619337], [142.852466, -34.619195], [142.855826, -34.620695], [142.860804, -34.627886], [142.863153, -34.62837], [142.868177, -34.627306], [142.868183, -34.628391], [142.865469, -34.629949], [142.862068, -34.633704], [142.856813, -34.636508], [142.855209, -34.639522], [142.856742, -34.643541], [142.859095, -34.644941], [142.860458, -34.644231], [142.860024, -34.639802], [142.861977, -34.638571], [142.863472, -34.639075], [142.864381, -34.644002], [142.869731, -34.64749], [142.871867, -34.650292], [142.872024, -34.652061], [142.869568, -34.657158], [142.867826, -34.658891], [142.861283, -34.662403], [142.860551, -34.665162], [142.862101, -34.666747], [142.864182, -34.667108], [142.869291, -34.664072], [142.872151, -34.664119], [142.872651, -34.670415], [142.874045, -34.673405], [142.875881, -34.674859], [142.877667, -34.674907], [142.883405, -34.672269], [142.886457, -34.672085], [142.887173, -34.673426], [142.885219, -34.677207], [142.886815, -34.679808], [142.888955, -34.680218], [142.893886, -34.678797], [142.893919, -34.676777], [142.890776, -34.673901], [142.891362, -34.671847], [142.896402, -34.673279], [142.900176, -34.671464], [142.900368, -34.670333], [142.899365, -34.66883], [142.894325, -34.667379], [142.893269, -34.665679], [142.895154, -34.663897], [142.899275, -34.663537], [142.900417, -34.662726], [142.900976, -34.661015], [142.900544, -34.657368], [142.901526, -34.654958], [142.910166, -34.651061], [142.918246, -34.650612], [142.923844, -34.647856], [142.924905, -34.648279], [142.924713, -34.649591], [142.92119, -34.654454], [142.922267, -34.656482], [142.924412, -34.656946], [142.930641, -34.655124], [142.932606, -34.655515], [142.933927, -34.659417], [142.935194, -34.660775], [142.938045, -34.661581], [142.941895, -34.661202], [142.943725, -34.662017], [142.945243, -34.66645], [142.948867, -34.669674], [142.952409, -34.669369], [142.957199, -34.665152], [142.959264, -34.664982], [142.957736, -34.669637], [142.958111, -34.671106], [142.962973, -34.675683], [142.964594, -34.682575], [142.967534, -34.688925], [142.9678, -34.691878], [142.972708, -34.695207], [142.976248, -34.694388], [142.977304, -34.693264], [142.978838, -34.688763], [142.981453, -34.68545], [142.982428, -34.68274], [142.981509, -34.677583], [142.976094, -34.672904], [142.975282, -34.670861], [142.986066, -34.668396], [142.987447, -34.666989], [142.989313, -34.662579], [142.990729, -34.663545], [142.990898, -34.668237], [142.993056, -34.672494], [142.994573, -34.673872], [142.996475, -34.674003], [142.999, -34.670276], [143.001138, -34.669667], [143.013301, -34.67112], [143.016169, -34.672353], [143.017281, -34.67366], [143.016882, -34.676597], [143.008007, -34.685967], [143.008036, -34.690781], [143.010179, -34.693658], [143.015447, -34.694833], [143.021785, -34.692862], [143.022575, -34.691659], [143.023045, -34.684952], [143.024196, -34.682922], [143.026798, -34.681779], [143.032502, -34.682928], [143.032925, -34.683715], [143.029773, -34.687401], [143.029424, -34.691851], [143.034681, -34.697047], [143.037152, -34.701225], [143.039468, -34.702611], [143.042549, -34.701396], [143.044386, -34.699301], [143.043471, -34.697576], [143.039093, -34.69444], [143.037519, -34.69168], [143.037736, -34.688503], [143.040422, -34.685888], [143.043344, -34.686633], [143.043819, -34.692206], [143.046952, -34.697085], [143.050935, -34.699254], [143.054822, -34.698855], [143.058404, -34.697109], [143.064859, -34.689416], [143.066275, -34.686173], [143.066981, -34.679472], [143.070763, -34.67838], [143.071643, -34.679528], [143.071845, -34.689406], [143.076222, -34.695958], [143.079602, -34.697974], [143.090001, -34.701285], [143.092828, -34.701273], [143.094501, -34.700496], [143.097286, -34.696237], [143.104118, -34.694001], [143.106488, -34.692328], [143.108511, -34.689471], [143.110984, -34.681152], [143.112525, -34.680819], [143.121272, -34.687401], [143.119693, -34.687564], [143.11565, -34.685678], [143.111605, -34.687127], [143.110066, -34.688804], [143.110727, -34.689063], [143.110208, -34.692678], [143.10656, -34.699494], [143.107243, -34.701466], [143.109779, -34.701611], [143.112921, -34.698924], [143.122063, -34.693599], [143.125655, -34.692347], [143.127791, -34.692661], [143.128428, -34.693651], [143.127675, -34.694529], [143.119921, -34.696901], [143.11808, -34.698348], [143.117022, -34.700512], [143.117841, -34.703076], [143.120606, -34.703659], [143.125782, -34.701126], [143.133463, -34.700577], [143.133722, -34.705964], [143.134948, -34.707791], [143.138133, -34.710196], [143.1474, -34.714757], [143.148742, -34.713895], [143.147514, -34.710761], [143.147954, -34.708797], [143.153673, -34.705342], [143.156377, -34.699335], [143.158702, -34.698032], [143.161689, -34.697916], [143.163978, -34.69902], [143.165802, -34.70199], [143.166, -34.707089], [143.16367, -34.715308], [143.163915, -34.716746], [143.16536, -34.718136], [143.171126, -34.72026], [143.173197, -34.719709], [143.175625, -34.713202], [143.179737, -34.709702], [143.180987, -34.709482], [143.181641, -34.710281], [143.181285, -34.711676], [143.177919, -34.71513], [143.179282, -34.717329], [143.180903, -34.717092], [143.184111, -34.714943], [143.191752, -34.712786], [143.199179, -34.717034], [143.19658, -34.719064], [143.195807, -34.720827], [143.196836, -34.723793], [143.196549, -34.728639], [143.200006, -34.733418], [143.201855, -34.734377], [143.205612, -34.73439], [143.212934, -34.730453], [143.218847, -34.729471], [143.222453, -34.732416], [143.214858, -34.735448], [143.213929, -34.736637], [143.213847, -34.738496], [143.217237, -34.741094], [143.221271, -34.742895], [143.2191, -34.752649], [143.219952, -34.755237], [143.224384, -34.758733], [143.226785, -34.758815], [143.228938, -34.757759], [143.227354, -34.750673], [143.228775, -34.747789], [143.231698, -34.746843], [143.237893, -34.747333], [143.24066, -34.74546], [143.242449, -34.746193], [143.243379, -34.747871], [143.243308, -34.751837], [143.244164, -34.754877], [143.245997, -34.756845], [143.248933, -34.757853], [143.252044, -34.757343], [143.256756, -34.753311], [143.263304, -34.751201], [143.265285, -34.748558], [143.274016, -34.752685], [143.27388, -34.75336], [143.268583, -34.753017], [143.267412, -34.755005], [143.267692, -34.755954], [143.271435, -34.758267], [143.271585, -34.759485], [143.264953, -34.764029], [143.257761, -34.765172], [143.254282, -34.766647], [143.252446, -34.769306], [143.25213, -34.772803], [143.252798, -34.774807], [143.256004, -34.777898], [143.257728, -34.778542], [143.259459, -34.778542], [143.261972, -34.77712], [143.262707, -34.77358], [143.266513, -34.775263], [143.273005, -34.776412], [143.273502, -34.777452], [143.2718, -34.779662], [143.27616, -34.782311], [143.273674, -34.786077], [143.273566, -34.78908], [143.276736, -34.79226], [143.283662, -34.795215], [143.286873, -34.794985], [143.287204, -34.79317], [143.284327, -34.785245], [143.2875, -34.78503], [143.29225, -34.790325], [143.294285, -34.790822], [143.295093, -34.790287], [143.295572, -34.786776], [143.296991, -34.78539], [143.301184, -34.78371], [143.304476, -34.781122], [143.308844, -34.779939], [143.312698, -34.78075], [143.313591, -34.782379], [143.31295, -34.785784], [143.313441, -34.78753], [143.315041, -34.789405], [143.318269, -34.790842], [143.321731, -34.790944], [143.326016, -34.787401], [143.32909, -34.786358], [143.33079, -34.787467], [143.331327, -34.791587], [143.332986, -34.793207], [143.336538, -34.793414], [143.34506, -34.790743], [143.347876, -34.791635], [143.351185, -34.794063], [143.351698, -34.795494], [143.347414, -34.80392], [143.347559, -34.807302], [143.35197, -34.810654], [143.357022, -34.812088], [143.359559, -34.816899], [143.355449, -34.819243], [143.351614, -34.823196], [143.351829, -34.825255], [143.354204, -34.829765], [143.350618, -34.83423], [143.35152, -34.838488], [143.346547, -34.84257], [143.341937, -34.845065], [143.341191, -34.846309], [143.343326, -34.848245], [143.347384, -34.846434], [143.354957, -34.846039], [143.355179, -34.847408], [143.351793, -34.846917], [143.348701, -34.847826], [143.34521, -34.853463], [143.347351, -34.856093], [143.352563, -34.858235], [143.349589, -34.859985], [143.347906, -34.862121], [143.348624, -34.864785], [143.343486, -34.865919], [143.338404, -34.870312], [143.337336, -34.874806], [143.33865, -34.875743], [143.340461, -34.874709], [143.34239, -34.875765], [143.340805, -34.877823], [143.342928, -34.878836], [143.341732, -34.88112], [143.338855, -34.881369], [143.337627, -34.879375], [143.336668, -34.879203], [143.33601, -34.883158], [143.334071, -34.884581], [143.335709, -34.886003], [143.332218, -34.888363], [143.331852, -34.887943], [143.333769, -34.886219], [143.333618, -34.885453], [143.32725, -34.882318], [143.326626, -34.883912], [143.323652, -34.883826], [143.323328, -34.88624], [143.321389, -34.88846], [143.322746, -34.891779], [143.32807, -34.895033], [143.326151, -34.898158], [143.327638, -34.898977], [143.327703, -34.900809], [143.329427, -34.901456], [143.330311, -34.90346], [143.332423, -34.904538], [143.32988, -34.906391], [143.33197, -34.90749], [143.333414, -34.911262], [143.336173, -34.913439], [143.338586, -34.912619], [143.340526, -34.91374], [143.341884, -34.919042], [143.341043, -34.921887], [143.339384, -34.922986], [143.33975, -34.923977], [143.33891, -34.925895], [143.339298, -34.928438], [143.342789, -34.932533], [143.34085, -34.935378], [143.337574, -34.936606], [143.337509, -34.940163], [143.338651, -34.940464], [143.340095, -34.939494], [143.34141, -34.940335], [143.339492, -34.943632], [143.336561, -34.944775], [143.336195, -34.94318], [143.334578, -34.941844], [143.334664, -34.939106], [143.333371, -34.938503], [143.332078, -34.939171], [143.331798, -34.941068], [143.329449, -34.939926], [143.327962, -34.94068], [143.327316, -34.942382], [143.32417, -34.943244], [143.322014, -34.942339], [143.321626, -34.943374], [143.322532, -34.946218], [143.319945, -34.947706], [143.322682, -34.949796], [143.322704, -34.950874], [143.321109, -34.95193], [143.318372, -34.951779], [143.317704, -34.952598], [143.317812, -34.953913], [143.319795, -34.95596], [143.319213, -34.959947], [143.31917, -34.964667], [143.320054, -34.966908], [143.319601, -34.968697], [143.322338, -34.969343], [143.323006, -34.970206], [143.321325, -34.973761], [143.323717, -34.979085], [143.3232, -34.981542], [143.320959, -34.982296], [143.320678, -34.9843], [143.317769, -34.986369], [143.318825, -34.992943], [143.319579, -34.99374], [143.323501, -34.994537], [143.32626, -34.993093], [143.329708, -34.995744], [143.330225, -34.997792], [143.33583, -35.002986], [143.335588, -35.005209], [143.337211, -35.007044], [143.337098, -35.009223], [143.338117, -35.010891], [143.336527, -35.012001], [143.335938, -35.014089], [143.334109, -35.015108], [143.333318, -35.018187], [143.335123, -35.020563], [143.332744, -35.022152], [143.331864, -35.023804], [143.332318, -35.025201], [143.334929, -35.026302], [143.332898, -35.027921], [143.335234, -35.029367], [143.334533, -35.032941], [143.335987, -35.037375], [143.330486, -35.037428], [143.328811, -35.034211], [143.32766, -35.033865], [143.322869, -35.035406], [143.322081, -35.036727], [143.324107, -35.037962], [143.327817, -35.037937], [143.32776, -35.039124], [143.325291, -35.040097], [143.324428, -35.041989], [143.325541, -35.042726], [143.329473, -35.041439], [143.327841, -35.044187], [143.328679, -35.0459], [143.332134, -35.045604], [143.334533, -35.043053], [143.336543, -35.043219], [143.33634, -35.044227], [143.333321, -35.046161], [143.33227, -35.050817], [143.330492, -35.05388], [143.331495, -35.054963], [143.334183, -35.0545], [143.335026, -35.053344], [143.334042, -35.0516], [143.334302, -35.049347], [143.335876, -35.048102], [143.337264, -35.048645], [143.339885, -35.055047], [143.339094, -35.05769], [143.336806, -35.059821], [143.337663, -35.061294], [143.338813, -35.062137], [143.341628, -35.062365], [143.340811, -35.059269], [143.342011, -35.058746], [143.344554, -35.061632], [143.347861, -35.062461], [143.348664, -35.063694], [143.350838, -35.064702], [143.350758, -35.068397], [143.349659, -35.069929], [143.347047, -35.068304], [143.347398, -35.066607], [143.346777, -35.065825], [143.341898, -35.064543], [143.340416, -35.065428], [143.339058, -35.068191], [143.339036, -35.070384], [143.343641, -35.071846], [143.34552, -35.074056], [143.34292, -35.076517], [143.342989, -35.079101], [143.337446, -35.080418], [143.338048, -35.08138], [143.340953, -35.082434], [143.343659, -35.082482], [143.341644, -35.085079], [143.345023, -35.08702], [143.342006, -35.087092], [143.340924, -35.088488], [143.346, -35.09312], [143.345871, -35.09378], [143.341134, -35.094633], [143.340858, -35.095714], [143.344569, -35.096423], [143.344309, -35.099157], [143.345787, -35.101397], [143.346021, -35.10335], [143.348103, -35.10544], [143.35008, -35.10442], [143.348231, -35.102017], [143.348769, -35.100634], [143.350979, -35.102649], [143.352641, -35.103025], [143.353374, -35.10259], [143.352296, -35.10033], [143.352884, -35.09963], [143.360762, -35.103032], [143.360962, -35.103814], [143.3582, -35.103931], [143.357705, -35.104907], [143.359742, -35.109047], [143.359026, -35.111328], [143.362135, -35.114361], [143.361967, -35.1169], [143.365968, -35.120298], [143.368768, -35.119805], [143.373905, -35.122603], [143.376651, -35.129034], [143.387042, -35.13759], [143.386695, -35.143197], [143.390647, -35.145107], [143.391141, -35.147181], [143.389439, -35.150292], [143.384645, -35.152815], [143.382284, -35.156061], [143.382668, -35.157369], [143.385834, -35.158557], [143.386933, -35.15979], [143.3834, -35.160841], [143.382394, -35.161787], [143.382613, -35.16281], [143.385944, -35.161954], [143.387445, -35.162315], [143.384864, -35.165245], [143.384663, -35.167154], [143.382558, -35.169949], [143.381936, -35.17312], [143.382722, -35.174112], [143.38426, -35.174113], [143.384919, -35.173692], [143.384699, -35.171438], [143.387665, -35.172475], [143.389806, -35.171078], [143.39182, -35.172567], [143.391875, -35.175392], [143.393815, -35.176821], [143.393669, -35.178128], [143.391637, -35.180292], [143.387372, -35.182215], [143.386969, -35.183462], [143.388763, -35.186273], [143.391088, -35.184786], [143.39312, -35.185523], [143.39096, -35.188708], [143.393505, -35.190002], [143.394677, -35.192377], [143.396691, -35.193098], [143.398997, -35.190273], [143.400498, -35.189882], [143.404215, -35.193715], [143.40795, -35.19361], [143.409506, -35.194302], [143.412216, -35.193325], [143.413882, -35.194527], [143.417489, -35.194888], [143.425835, -35.189387], [143.42697, -35.190168], [143.428491, -35.193715], [143.431641, -35.195037], [143.433873, -35.193504], [143.433799, -35.190663], [143.436508, -35.190723], [143.439162, -35.189385], [143.44502, -35.190015], [143.449486, -35.189112], [143.450128, -35.189803], [143.449452, -35.191937], [143.450222, -35.19386], [143.451889, -35.195302], [143.455972, -35.196353], [143.458226, -35.198832], [143.459218, -35.203414], [143.460738, -35.203744], [143.463593, -35.20218], [143.464691, -35.202616], [143.464932, -35.206042], [143.465849, -35.207649], [143.46613, -35.214742], [143.471482, -35.219293], [143.4741, -35.218555], [143.479356, -35.219139], [143.48406, -35.21843], [143.493951, -35.220047], [143.49752, -35.218271], [143.501446, -35.217946], [143.504913, -35.2139], [143.50722, -35.214142], [143.512332, -35.212519], [143.515683, -35.212898], [143.518322, -35.21162], [143.519786, -35.21272], [143.522783, -35.218306], [143.524888, -35.219753], [143.529155, -35.219921], [143.530677, -35.218687], [143.535842, -35.217095], [143.543169, -35.216482], [143.548335, -35.21379], [143.549665, -35.211499], [143.546491, -35.207617], [143.547023, -35.206173], [143.553542, -35.205664], [143.559459, -35.202716], [143.561473, -35.203153], [143.563433, -35.202506], [143.570828, -35.206905], [143.575586, -35.21195], [143.580053, -35.214299], [143.580984, -35.220036], [143.578053, -35.222565], [143.575889, -35.226388], [143.576236, -35.230318], [143.578074, -35.231665], [143.575282, -35.232485], [143.574053, -35.234698], [143.572954, -35.235194], [143.569129, -35.23501], [143.564473, -35.236094], [143.564179, -35.237991], [143.566559, -35.239151], [143.566705, -35.240235], [143.563919, -35.242356], [143.563717, -35.243545], [143.567544, -35.245821], [143.569816, -35.246243], [143.570128, -35.2507], [143.57155, -35.252048], [143.572102, -35.254754], [143.574076, -35.256505], [143.572037, -35.260671], [143.572079, -35.263847], [143.570992, -35.265524], [143.57169, -35.267959], [143.573824, -35.269152], [143.575194, -35.268512], [143.574408, -35.266424], [143.575134, -35.265441], [143.578449, -35.267441], [143.583507, -35.265005], [143.583208, -35.266647], [143.580789, -35.269144], [143.582431, -35.272823], [143.585131, -35.273486], [143.587449, -35.272194], [143.58974, -35.272226], [143.590779, -35.273771], [143.587724, -35.276859], [143.585322, -35.276842], [143.584534, -35.279255], [143.590281, -35.280352], [143.59086, -35.281659], [143.586666, -35.284647], [143.586737, -35.286468], [143.584158, -35.286273], [143.582127, -35.287789], [143.582191, -35.288933], [143.581101, -35.290233], [143.581666, -35.292157], [143.579694, -35.295615], [143.582353, -35.298009], [143.577075, -35.298415], [143.576715, -35.29935], [143.577937, -35.303197], [143.574143, -35.303398], [143.571119, -35.301322], [143.569019, -35.302447], [143.572512, -35.306026], [143.567688, -35.308341], [143.566483, -35.313872], [143.563613, -35.31637], [143.562909, -35.31913], [143.563664, -35.322417], [143.561868, -35.32398], [143.561696, -35.325294], [143.563591, -35.326602], [143.564347, -35.328535], [143.563384, -35.329774], [143.563835, -35.332559], [143.561843, -35.337174], [143.563963, -35.33913], [143.564768, -35.342129], [143.566839, -35.343646], [143.570353, -35.342664], [143.57065, -35.34063], [143.572661, -35.337367], [143.573725, -35.337346], [143.573374, -35.339426], [143.574981, -35.340787], [143.579963, -35.33972], [143.581993, -35.341109], [143.584453, -35.346003], [143.589417, -35.347149], [143.589527, -35.349542], [143.590341, -35.35035], [143.596182, -35.350536], [143.598448, -35.352111], [143.597555, -35.355202], [143.599453, -35.356155], [143.60037, -35.358407], [143.60242, -35.359901], [143.603759, -35.362136], [143.602601, -35.36413], [143.603015, -35.365407], [143.606068, -35.3654], [143.608457, -35.36658], [143.608678, -35.368972], [143.609751, -35.37002], [143.613605, -35.367664], [143.616037, -35.368884], [143.616578, -35.372088], [143.613314, -35.376958], [143.616348, -35.380432], [143.619012, -35.382054], [143.618706, -35.385261], [143.620416, -35.387682], [143.62317, -35.388417], [143.624693, -35.387903], [143.624153, -35.383102], [143.626297, -35.380962], [143.627655, -35.38108], [143.629919, -35.384765], [143.633019, -35.383467], [143.634639, -35.386581], [143.630936, -35.38931], [143.629381, -35.392368], [143.630723, -35.393285], [143.63124, -35.395512], [143.634198, -35.396742], [143.637648, -35.396091], [143.640043, -35.400859], [143.642338, -35.401037], [143.647328, -35.398727], [143.648955, -35.395428], [143.653874, -35.394879], [143.652398, -35.391434], [143.655628, -35.390887], [143.65714, -35.384999], [143.660482, -35.385928], [143.663289, -35.38499], [143.666541, -35.386535], [143.668081, -35.385735], [143.66795, -35.384351], [143.665779, -35.382186], [143.666782, -35.379144], [143.664155, -35.377673], [143.666648, -35.37645], [143.667922, -35.371554], [143.66979, -35.371044], [143.674654, -35.37162], [143.676631, -35.370719], [143.677116, -35.372068], [143.678982, -35.373491], [143.682627, -35.374091], [143.683341, -35.373608], [143.683295, -35.368977], [143.684521, -35.368446], [143.688448, -35.37065], [143.689315, -35.377286], [143.692858, -35.377882], [143.6923, -35.382323], [143.693148, -35.383917], [143.697002, -35.38379], [143.697951, -35.38129], [143.70081, -35.379733], [143.701135, -35.378292], [143.702284, -35.377882], [143.703762, -35.37869], [143.703932, -35.380451], [143.701287, -35.387019], [143.703349, -35.389408], [143.705551, -35.388968], [143.705986, -35.386995], [143.707747, -35.386405], [143.709169, -35.384035], [143.711685, -35.38469], [143.711788, -35.386637], [143.709227, -35.388605], [143.708431, -35.391767], [143.709175, -35.392538], [143.712187, -35.392036], [143.715041, -35.392908], [143.72687, -35.390215], [143.730437, -35.390512], [143.732048, -35.394083], [143.734988, -35.392858], [143.739632, -35.393595], [143.741316, -35.391771], [143.744303, -35.39044], [143.744914, -35.386465], [143.745759, -35.386553], [143.745875, -35.38866], [143.751004, -35.387835], [143.751575, -35.392465], [143.754145, -35.392519], [143.757213, -35.394522], [143.762378, -35.392067], [143.764387, -35.392584], [143.762893, -35.400593], [143.768823, -35.401809], [143.766973, -35.404047], [143.76716, -35.406741], [143.768648, -35.407389], [143.768595, -35.408421], [143.766062, -35.408997], [143.764998, -35.41005], [143.763346, -35.40965], [143.761547, -35.410283], [143.758802, -35.415427], [143.758914, -35.416707], [143.760218, -35.417489], [143.764419, -35.41563], [143.765962, -35.415858], [143.765671, -35.41817], [143.762445, -35.421366], [143.762852, -35.423066], [143.765367, -35.423503], [143.76889, -35.421798], [143.77196, -35.423953], [143.776679, -35.424062], [143.780975, -35.42377], [143.782718, -35.422736], [143.785345, -35.423439], [143.787106, -35.4225], [143.790117, -35.422477], [143.790286, -35.424827], [143.792602, -35.426009], [143.793655, -35.429351], [143.796887, -35.429671], [143.800162, -35.433449], [143.803781, -35.434456], [143.805854, -35.433344], [143.80859, -35.433282], [143.811273, -35.434768], [143.813588, -35.434955], [143.81539, -35.436633], [143.818018, -35.437545], [143.819068, -35.439606], [143.813034, -35.443438], [143.812357, -35.445082], [143.813021, -35.446265], [143.81506, -35.447045], [143.816784, -35.446086], [143.822146, -35.445942], [143.821804, -35.449343], [143.82703, -35.455101], [143.833936, -35.45629], [143.837098, -35.457849], [143.839981, -35.457709], [143.846035, -35.463292], [143.84969, -35.463322], [143.852937, -35.461806], [143.855435, -35.461838], [143.856102, -35.464339], [143.853853, -35.468775], [143.860424, -35.474548], [143.858245, -35.477323], [143.858784, -35.479978], [143.861117, -35.480106], [143.86269, -35.477562], [143.863865, -35.477234], [143.8672, -35.480933], [143.8697, -35.481729], [143.870269, -35.481193], [143.869748, -35.478749], [143.87138, -35.477828], [143.87236, -35.480157], [143.875067, -35.482309], [143.875663, -35.485423], [143.876584, -35.486166], [143.880574, -35.487285], [143.883841, -35.48573], [143.887497, -35.485303], [143.894671, -35.492388], [143.899389, -35.495257], [143.901411, -35.495238], [143.905046, -35.493513], [143.907733, -35.494162], [143.90768, -35.494986], [143.90505, -35.494528], [143.903875, -35.495256], [143.90486, -35.498888], [143.906183, -35.499958], [143.908776, -35.498524], [143.910761, -35.499519], [143.91236, -35.499347], [143.91142, -35.496843], [143.912221, -35.494889], [143.917267, -35.497034], [143.916515, -35.499136], [143.918261, -35.500761], [143.922049, -35.499633], [143.924052, -35.501621], [143.929898, -35.50164], [143.93317, -35.499384], [143.935045, -35.499288], [143.935652, -35.50097], [143.932803, -35.501238], [143.932251, -35.502232], [143.933355, -35.50661], [143.935855, -35.505864], [143.936755, -35.502901], [143.939383, -35.502785], [143.94192, -35.501656], [143.945836, -35.50219], [143.948832, -35.500832], [143.953061, -35.503832], [143.958981, -35.50448], [143.961003, -35.503408], [143.960009, -35.500427], [143.961001, -35.498992], [143.963502, -35.499737], [143.966886, -35.50289], [143.968319, -35.502296], [143.967546, -35.50048], [143.970101, -35.500078], [143.970286, -35.502754], [143.968651, -35.505279], [143.970179, -35.507725], [143.972536, -35.509249], [143.968586, -35.510314], [143.966979, -35.508322], [143.964776, -35.508366], [143.963634, -35.509602], [143.962441, -35.51398], [143.966451, -35.517821], [143.970939, -35.520017], [143.969322, -35.523078], [143.971511, -35.52474], [143.974476, -35.532309], [143.976941, -35.533989], [143.986283, -35.534346], [143.989263, -35.535357], [143.992426, -35.534094], [143.99581, -35.534989], [143.996841, -35.53625], [143.99688, -35.539443], [143.995632, -35.542196], [143.998944, -35.544354], [143.999221, -35.545367], [143.996354, -35.549268], [143.992419, -35.550571], [143.989588, -35.552962], [143.989865, -35.554663], [143.992994, -35.556439], [143.996709, -35.555977], [144.003065, -35.560809], [144.009646, -35.563307], [144.012297, -35.5623], [144.012137, -35.560674], [144.009675, -35.559243], [144.00941, -35.558065], [144.012702, -35.554073], [144.015161, -35.554684], [144.018886, -35.552946], [144.029404, -35.556315], [144.031834, -35.553834], [144.034082, -35.555971], [144.036639, -35.553628], [144.037647, -35.549912], [144.039215, -35.549257], [144.040005, -35.550286], [144.038764, -35.553437], [144.041478, -35.555802], [144.043203, -35.555393], [144.044001, -35.552583], [144.046108, -35.552572], [144.045897, -35.554396], [144.047879, -35.556292], [144.046594, -35.560055], [144.0468, -35.563141], [144.050345, -35.564841], [144.053732, -35.565114], [144.063958, -35.570545], [144.064166, -35.57119], [144.062265, -35.573398], [144.062285, -35.576768], [144.06608, -35.577663], [144.068513, -35.580218], [144.069638, -35.580255], [144.070644, -35.578378], [144.071849, -35.578308], [144.072583, -35.580561], [144.075853, -35.581037], [144.079628, -35.584337], [144.08584, -35.584334], [144.092046, -35.58754], [144.096322, -35.587074], [144.098167, -35.58884], [144.100573, -35.588808], [144.10203, -35.591556], [144.105015, -35.59078], [144.105766, -35.591691], [144.105461, -35.593702], [144.106195, -35.595387], [144.103765, -35.596672], [144.10334, -35.598059], [144.109829, -35.598359], [144.111088, -35.598939], [144.108901, -35.600229], [144.109704, -35.602132], [144.113511, -35.60216], [144.113386, -35.604401], [144.114158, -35.605339], [144.111985, -35.605927], [144.111014, -35.607436], [144.111877, -35.608926], [144.114505, -35.610413], [144.115885, -35.612861], [144.115933, -35.614611], [144.113572, -35.616718], [144.114822, -35.619713], [144.116222, -35.620387], [144.118173, -35.619839], [144.119886, -35.621025], [144.117303, -35.624388], [144.117546, -35.625926], [144.123651, -35.630542], [144.12636, -35.631643], [144.127756, -35.634571], [144.12877, -35.634648], [144.130476, -35.633247], [144.131449, -35.633513], [144.13047, -35.635581], [144.131665, -35.638576], [144.131488, -35.640761], [144.132958, -35.641337], [144.13572, -35.640032], [144.137992, -35.640735], [144.139285, -35.641947], [144.140697, -35.646614], [144.142927, -35.647253], [144.147425, -35.647152], [144.148101, -35.645526], [144.146569, -35.644508], [144.15061, -35.64263], [144.152629, -35.642678], [144.149752, -35.644728], [144.149573, -35.646039], [144.150532, -35.646676], [144.153554, -35.646151], [144.157023, -35.651083], [144.156513, -35.651756], [144.155488, -35.650146], [144.154, -35.650066], [144.151454, -35.653349], [144.153244, -35.654887], [144.154433, -35.657485], [144.158449, -35.658193], [144.158304, -35.661353], [144.160925, -35.66375], [144.161129, -35.666107], [144.162597, -35.667981], [144.161849, -35.670099], [144.162351, -35.671526], [144.16437, -35.671889], [144.166803, -35.670829], [144.168675, -35.671946], [144.171815, -35.671848], [144.172986, -35.67403], [144.174426, -35.674559], [144.176788, -35.672397], [144.180296, -35.67347], [144.185471, -35.67049], [144.186788, -35.670431], [144.186735, -35.672872], [144.189935, -35.673902], [144.187931, -35.674054], [144.186453, -35.675227], [144.187221, -35.676318], [144.189658, -35.676753], [144.188302, -35.678569], [144.188353, -35.68058], [144.190128, -35.681298], [144.191539, -35.680772], [144.194278, -35.683305], [144.195139, -35.685858], [144.199359, -35.686497], [144.202779, -35.684396], [144.20343, -35.68506], [144.20291, -35.686976], [144.203888, -35.687765], [144.20662, -35.685782], [144.208286, -35.687416], [144.213483, -35.686671], [144.215136, -35.692135], [144.219558, -35.6924], [144.221647, -35.693952], [144.217438, -35.695199], [144.216207, -35.696297], [144.216664, -35.697758], [144.218881, -35.697873], [144.219697, -35.698883], [144.21574, -35.701154], [144.215049, -35.704491], [144.215952, -35.706477], [144.221419, -35.708478], [144.223096, -35.709831], [144.225645, -35.71026], [144.23057, -35.715449], [144.23769, -35.718595], [144.242887, -35.718831], [144.245177, -35.720704], [144.24815, -35.721034], [144.247069, -35.723542], [144.247959, -35.726257], [144.247574, -35.729394], [144.249479, -35.730582], [144.252355, -35.729566], [144.253249, -35.72992], [144.251621, -35.732578], [144.254745, -35.735281], [144.253942, -35.738363], [144.258922, -35.741776], [144.262038, -35.746002], [144.261239, -35.748994], [144.264496, -35.751403], [144.268267, -35.753959], [144.270499, -35.753999], [144.271364, -35.752965], [144.271441, -35.750704], [144.274353, -35.746372], [144.278407, -35.744227], [144.27784, -35.740754], [144.2823, -35.739935], [144.285542, -35.736953], [144.28939, -35.738554], [144.29606, -35.737091], [144.297422, -35.739645], [144.30091, -35.741121], [144.301278, -35.742986], [144.300096, -35.745591], [144.294516, -35.750711], [144.294294, -35.753004], [144.295276, -35.754379], [144.29704, -35.754535], [144.297996, -35.752078], [144.299985, -35.751789], [144.303419, -35.756202], [144.304866, -35.757226], [144.306756, -35.757241], [144.307991, -35.756377], [144.309898, -35.750308], [144.311708, -35.749439], [144.313857, -35.750298], [144.312787, -35.754501], [144.314671, -35.757013], [144.316456, -35.756521], [144.316474, -35.753358], [144.317776, -35.752134], [144.323144, -35.753272], [144.327832, -35.752646], [144.329122, -35.753739], [144.32796, -35.75575], [144.323428, -35.756703], [144.321641, -35.757889], [144.322571, -35.763444], [144.322068, -35.764253], [144.318822, -35.764767], [144.318651, -35.766574], [144.322621, -35.768565], [144.324466, -35.768624], [144.327555, -35.765529], [144.331024, -35.764984], [144.33245, -35.76598], [144.334029, -35.769377], [144.336395, -35.770394], [144.338365, -35.768365], [144.339308, -35.76497], [144.341522, -35.763901], [144.342305, -35.764631], [144.340624, -35.769947], [144.341565, -35.771239], [144.342948, -35.771549], [144.344834, -35.770698], [144.346979, -35.767411], [144.349111, -35.767142], [144.349519, -35.771514], [144.346837, -35.774645], [144.347998, -35.775996], [144.352227, -35.775233], [144.353261, -35.775724], [144.353146, -35.778209], [144.35144, -35.782606], [144.351546, -35.785069], [144.352408, -35.78644], [144.354507, -35.78718], [144.358888, -35.784834], [144.360283, -35.784811], [144.359412, -35.786026], [144.356176, -35.786893], [144.355338, -35.788479], [144.361844, -35.792101], [144.362329, -35.795834], [144.36525, -35.795835], [144.367743, -35.791716], [144.370163, -35.790435], [144.374411, -35.790772], [144.37685, -35.792979], [144.376852, -35.795593], [144.373822, -35.796915], [144.372976, -35.79842], [144.375726, -35.801211], [144.375707, -35.802139], [144.372375, -35.805545], [144.372193, -35.808371], [144.367307, -35.809905], [144.366709, -35.811253], [144.367842, -35.812459], [144.37747, -35.8111], [144.378004, -35.812013], [144.377484, -35.814346], [144.376709, -35.814708], [144.373089, -35.812736], [144.368868, -35.81323], [144.366143, -35.815991], [144.364806, -35.820937], [144.366602, -35.824176], [144.368707, -35.824799], [144.371831, -35.823362], [144.370969, -35.81862], [144.372438, -35.816688], [144.373625, -35.816948], [144.373808, -35.819106], [144.375242, -35.820616], [144.381482, -35.818634], [144.384118, -35.819565], [144.383502, -35.821814], [144.378993, -35.821635], [144.374821, -35.82532], [144.374271, -35.826903], [144.374962, -35.828081], [144.378918, -35.828627], [144.379392, -35.829359], [144.374001, -35.829701], [144.372189, -35.83195], [144.372731, -35.83363], [144.374902, -35.834615], [144.378613, -35.832515], [144.382044, -35.833175], [144.381575, -35.837023], [144.375232, -35.835352], [144.373755, -35.836158], [144.372936, -35.83815], [144.374382, -35.8403], [144.376258, -35.841143], [144.384314, -35.841922], [144.384173, -35.842496], [144.381263, -35.842451], [144.380587, -35.8435], [144.383978, -35.845412], [144.384493, -35.846559], [144.381716, -35.850212], [144.381433, -35.852423], [144.386959, -35.855085], [144.388281, -35.854258], [144.38859, -35.850911], [144.390318, -35.850553], [144.390801, -35.853393], [144.388885, -35.85848], [144.394448, -35.860665], [144.397247, -35.859401], [144.398635, -35.862667], [144.400043, -35.862282], [144.400723, -35.86044], [144.404271, -35.85995], [144.407121, -35.858461], [144.411388, -35.859003], [144.410686, -35.860521], [144.406973, -35.859602], [144.405189, -35.860321], [144.408104, -35.865675], [144.403312, -35.86695], [144.401926, -35.86802], [144.403671, -35.870851], [144.40617, -35.871329], [144.409039, -35.86994], [144.410936, -35.871189], [144.409759, -35.872642], [144.40405, -35.874177], [144.403672, -35.875583], [144.404229, -35.876154], [144.407564, -35.874766], [144.408647, -35.875159], [144.404312, -35.878707], [144.403628, -35.880666], [144.405038, -35.882238], [144.410318, -35.880657], [144.41151, -35.881125], [144.411441, -35.881862], [144.407695, -35.882638], [144.40688, -35.883828], [144.412218, -35.886566], [144.413545, -35.892417], [144.418183, -35.89322], [144.415267, -35.893959], [144.414646, -35.895], [144.417172, -35.896713], [144.416641, -35.898036], [144.412176, -35.896714], [144.408376, -35.898742], [144.407329, -35.901629], [144.407927, -35.904013], [144.409719, -35.904791], [144.414623, -35.904896], [144.415778, -35.90448], [144.41705, -35.901821], [144.418931, -35.900185], [144.424381, -35.900194], [144.425193, -35.901122], [144.424964, -35.902361], [144.42101, -35.902682], [144.416945, -35.905721], [144.415708, -35.908669], [144.416979, -35.910472], [144.418363, -35.911178], [144.4208, -35.910843], [144.420351, -35.906255], [144.421315, -35.905572], [144.423428, -35.906005], [144.422947, -35.911628], [144.423826, -35.912855], [144.426752, -35.913503], [144.425898, -35.916631], [144.426505, -35.918744], [144.432658, -35.920011], [144.433961, -35.923572], [144.435659, -35.924862], [144.439345, -35.924652], [144.440115, -35.925876], [144.438697, -35.928937], [144.439135, -35.931164], [144.442413, -35.932937], [144.444493, -35.932369], [144.445597, -35.93114], [144.445467, -35.933444], [144.446974, -35.935531], [144.449505, -35.935378], [144.453283, -35.937153], [144.457585, -35.935739], [144.458491, -35.936487], [144.45855, -35.938815], [144.460553, -35.939596], [144.461822, -35.938405], [144.461827, -35.934421], [144.46389, -35.933357], [144.466553, -35.933602], [144.467576, -35.935228], [144.463686, -35.938337], [144.463247, -35.939237], [144.464123, -35.940942], [144.470243, -35.939512], [144.472233, -35.940725], [144.471833, -35.941798], [144.46755, -35.943285], [144.466551, -35.944401], [144.466691, -35.945927], [144.468479, -35.946857], [144.47176, -35.945817], [144.473086, -35.947332], [144.474964, -35.947885], [144.476187, -35.946397], [144.478746, -35.946775], [144.476441, -35.945708], [144.479415, -35.945275], [144.480899, -35.947388], [144.477678, -35.951439], [144.479758, -35.953295], [144.481383, -35.952752], [144.483027, -35.949488], [144.484643, -35.948873], [144.487583, -35.949511], [144.487884, -35.951203], [144.482379, -35.951755], [144.481833, -35.9536], [144.483088, -35.95387], [144.483553, -35.954925], [144.481336, -35.957025], [144.48123, -35.958609], [144.483381, -35.959997], [144.487174, -35.957155], [144.488638, -35.957123], [144.48739, -35.963983], [144.489453, -35.965685], [144.490713, -35.965811], [144.490475, -35.96494], [144.491575, -35.965206], [144.493963, -35.968592], [144.496109, -35.969104], [144.497327, -35.968454], [144.500113, -35.964501], [144.499834, -35.960674], [144.500886, -35.958262], [144.5019, -35.958039], [144.50296, -35.959581], [144.502549, -35.962959], [144.499187, -35.967825], [144.501128, -35.970606], [144.504256, -35.971464], [144.506888, -35.971057], [144.508924, -35.969667], [144.51108, -35.966079], [144.513047, -35.965202], [144.514487, -35.965639], [144.514728, -35.966697], [144.51112, -35.969241], [144.509539, -35.972655], [144.50995, -35.973945], [144.513245, -35.97489], [144.516544, -35.970113], [144.519124, -35.969522], [144.521099, -35.970266], [144.521738, -35.973158], [144.517232, -35.977433], [144.516507, -35.97907], [144.516029, -35.982349], [144.516782, -35.98597], [144.512009, -35.988895], [144.5124, -35.989958], [144.514919, -35.991337], [144.514795, -35.993311], [144.51614, -35.995438], [144.518738, -35.995954], [144.528307, -35.993871], [144.530517, -35.994829], [144.535745, -35.999462], [144.539704, -36.001274], [144.542172, -36.001794], [144.547455, -36.000622], [144.546641, -36.003994], [144.547188, -36.004952], [144.549043, -36.005233], [144.553661, -36.002984], [144.556437, -36.012947], [144.557655, -36.014107], [144.561037, -36.013058], [144.561683, -36.010836], [144.561195, -36.00796], [144.5623, -36.00737], [144.563385, -36.007806], [144.565223, -36.010809], [144.565084, -36.013168], [144.564055, -36.014129], [144.564167, -36.016998], [144.566402, -36.01826], [144.570499, -36.017098], [144.571127, -36.024079], [144.573142, -36.024615], [144.577086, -36.021549], [144.579332, -36.021027], [144.58204, -36.02246], [144.584358, -36.025752], [144.586445, -36.027182], [144.585813, -36.028972], [144.583301, -36.028768], [144.581339, -36.029783], [144.583414, -36.033034], [144.582515, -36.038135], [144.584677, -36.03927], [144.588812, -36.038352], [144.589839, -36.042159], [144.590991, -36.043318], [144.593512, -36.042539], [144.598917, -36.037411], [144.603901, -36.042495], [144.605702, -36.042765], [144.608761, -36.041808], [144.610145, -36.039339], [144.606403, -36.037957], [144.605957, -36.036542], [144.610759, -36.032977], [144.615473, -36.031593], [144.615361, -36.035692], [144.618443, -36.037935], [144.618897, -36.039088], [144.617181, -36.040424], [144.613614, -36.041346], [144.613047, -36.042804], [144.617003, -36.044837], [144.617551, -36.046904], [144.616918, -36.048397], [144.613696, -36.051073], [144.613418, -36.053303], [144.610992, -36.056436], [144.610824, -36.059795], [144.608432, -36.063641], [144.608914, -36.064948], [144.6115, -36.066424], [144.615825, -36.066582], [144.610909, -36.070198], [144.610447, -36.071504], [144.614827, -36.07426], [144.61767, -36.077192], [144.619782, -36.077467], [144.622152, -36.076207], [144.620976, -36.071019], [144.624566, -36.067945], [144.627637, -36.066618], [144.628221, -36.065259], [144.62785, -36.064323], [144.625081, -36.063303], [144.619725, -36.063171], [144.6183, -36.059708], [144.621096, -36.059684], [144.624571, -36.061889], [144.626288, -36.0618], [144.627414, -36.060358], [144.627458, -36.058538], [144.625729, -36.055484], [144.624999, -36.052081], [144.629359, -36.05104], [144.632744, -36.048097], [144.637537, -36.047425], [144.641315, -36.055441], [144.643921, -36.056664], [144.646412, -36.056118], [144.646154, -36.051759], [144.646888, -36.050954], [144.649747, -36.051109], [144.653191, -36.05324], [144.653473, -36.059447], [144.6522, -36.063055], [144.654147, -36.067023], [144.652797, -36.073603], [144.654966, -36.075349], [144.656116, -36.075101], [144.656663, -36.072029], [144.658022, -36.07038], [144.660037, -36.072455], [144.660513, -36.075502], [144.664631, -36.077042], [144.666415, -36.074905], [144.665701, -36.071628], [144.667856, -36.068596], [144.668596, -36.071729], [144.671184, -36.071338], [144.674114, -36.067961], [144.678538, -36.069273], [144.679485, -36.065812], [144.67865, -36.062479], [144.689004, -36.061417], [144.689639, -36.062862], [144.687949, -36.066381], [144.688838, -36.067859], [144.691765, -36.068762], [144.692444, -36.069839], [144.691537, -36.073121], [144.686331, -36.075354], [144.686008, -36.081054], [144.68238, -36.083976], [144.684783, -36.090269], [144.683907, -36.095138], [144.685975, -36.096187], [144.688262, -36.095871], [144.692896, -36.091191], [144.695716, -36.093886], [144.697522, -36.094047], [144.698886, -36.087259], [144.701589, -36.088627], [144.703468, -36.091602], [144.706461, -36.092948], [144.71184, -36.091293], [144.715385, -36.086214], [144.719473, -36.086166], [144.719172, -36.089297], [144.72048, -36.090899], [144.725675, -36.089438], [144.725922, -36.090903], [144.723841, -36.092585], [144.723346, -36.094712], [144.725415, -36.098826], [144.719131, -36.10068], [144.719693, -36.106216], [144.717604, -36.110088], [144.717445, -36.112113], [144.718402, -36.113565], [144.72106, -36.114634], [144.723285, -36.114126], [144.72548, -36.112365], [144.725125, -36.115829], [144.726379, -36.117781], [144.734659, -36.116514], [144.735147, -36.115379], [144.731268, -36.111952], [144.740569, -36.107576], [144.743471, -36.109001], [144.74333, -36.112], [144.744794, -36.116363], [144.748239, -36.121746], [144.754211, -36.122345], [144.756867, -36.118781], [144.764132, -36.119611], [144.766328, -36.118543], [144.768416, -36.115851], [144.771896, -36.116132], [144.771143, -36.1192], [144.773616, -36.120896], [144.77345, -36.125438], [144.777064, -36.129837], [144.780771, -36.128317], [144.786867, -36.12768], [144.788205, -36.126374], [144.788111, -36.124965], [144.785264, -36.122301], [144.788038, -36.121262], [144.790289, -36.123016], [144.791695, -36.12278], [144.793082, -36.119273], [144.794782, -36.117285], [144.796794, -36.120026], [144.801253, -36.119883], [144.804043, -36.123035], [144.805787, -36.123842], [144.80787, -36.123628], [144.809056, -36.122532], [144.8098, -36.118155], [144.81301, -36.115393], [144.813362, -36.113912], [144.812141, -36.112664], [144.807132, -36.11342], [144.807868, -36.110143], [144.806398, -36.107457], [144.80746, -36.107242], [144.813453, -36.110615], [144.815004, -36.110778], [144.81634, -36.109865], [144.816144, -36.108924], [144.810377, -36.103807], [144.809893, -36.102428], [144.81143, -36.102258], [144.817208, -36.104987], [144.818465, -36.107353], [144.819903, -36.107947], [144.823805, -36.102637], [144.830312, -36.102701], [144.834106, -36.100453], [144.835527, -36.09846], [144.840293, -36.100466], [144.84242, -36.099871], [144.843052, -36.096162], [144.839791, -36.094427], [144.843915, -36.092275], [144.841562, -36.08695], [144.842523, -36.08512], [144.841959, -36.082973], [144.844943, -36.083126], [144.846534, -36.080973], [144.84916, -36.081994], [144.85061, -36.081335], [144.849771, -36.076678], [144.8475, -36.074465], [144.847176, -36.072881], [144.849565, -36.071203], [144.851447, -36.071795], [144.852587, -36.07397], [144.856474, -36.073553], [144.856692, -36.072475], [144.854567, -36.070986], [144.853874, -36.069522], [144.854667, -36.06731], [144.856312, -36.065627], [144.858011, -36.065207], [144.860541, -36.06646], [144.857964, -36.06773], [144.857597, -36.068985], [144.859653, -36.071798], [144.861487, -36.071732], [144.860611, -36.06921], [144.863549, -36.068551], [144.864303, -36.065707], [144.863705, -36.061135], [144.862655, -36.059755], [144.86346, -36.059112], [144.866577, -36.059618], [144.875012, -36.057649], [144.881394, -36.060178], [144.883614, -36.061831], [144.886693, -36.061714], [144.88905, -36.06364], [144.891663, -36.063109], [144.895534, -36.063619], [144.897977, -36.062381], [144.901607, -36.063625], [144.902702, -36.06295], [144.902766, -36.061383], [144.903866, -36.06087], [144.908534, -36.064044], [144.913502, -36.063022], [144.92301, -36.065801], [144.932614, -36.067049], [144.93397, -36.069091], [144.936635, -36.069083], [144.937711, -36.069985], [144.938211, -36.072941], [144.936771, -36.074079], [144.93646, -36.075805], [144.940102, -36.078328], [144.94361, -36.079236], [144.946624, -36.082469], [144.94829, -36.082904], [144.951777, -36.082459], [144.954205, -36.079201], [144.95788, -36.080048], [144.961746, -36.078689], [144.965353, -36.079211], [144.970518, -36.076576], [144.973894, -36.076128], [144.976088, -36.073696], [144.980295, -36.073325], [144.981909, -36.072316], [144.98327, -36.068165], [144.986997, -36.063946], [144.985932, -36.056509], [144.984011, -36.054765], [144.983343, -36.050057], [144.982057, -36.048278], [144.97185, -36.04505], [144.967808, -36.042078], [144.967217, -36.039635], [144.965518, -36.037478], [144.966643, -36.033432], [144.966557, -36.029915], [144.965714, -36.028567], [144.962317, -36.026914], [144.961831, -36.018216], [144.960334, -36.017739], [144.957663, -36.019785], [144.95457, -36.018822], [144.953958, -36.016398], [144.945499, -36.012186], [144.945219, -36.011018], [144.947161, -36.007996], [144.945759, -36.004312], [144.942548, -36.001931], [144.936221, -35.999542], [144.932101, -35.995169], [144.931384, -35.992225], [144.929694, -35.990598], [144.927095, -35.989527], [144.924535, -35.989878], [144.923606, -35.988768], [144.924044, -35.981399], [144.925488, -35.978229], [144.925894, -35.97468], [144.926648, -35.973336], [144.92928, -35.972133], [144.931005, -35.96847], [144.93668, -35.966198], [144.941531, -35.966787], [144.944906, -35.963311], [144.94984, -35.963448], [144.955028, -35.962517], [144.957378, -35.961005], [144.957455, -35.957828], [144.95399, -35.952494], [144.955269, -35.946457], [144.95264, -35.944929], [144.952046, -35.943183], [144.950466, -35.941977], [144.950379, -35.937571], [144.951499, -35.935151], [144.948917, -35.931602], [144.950066, -35.926218], [144.951939, -35.924587], [144.951754, -35.922545], [144.952922, -35.921225], [144.952193, -35.918973], [144.952797, -35.916636], [144.955412, -35.915163], [144.958533, -35.911586], [144.961907, -35.911517], [144.964948, -35.905625], [144.966979, -35.90519], [144.967263, -35.901089], [144.96505, -35.897701], [144.964745, -35.895903], [144.968353, -35.891423], [144.972719, -35.888342], [144.974954, -35.883845], [144.97266, -35.880633], [144.969735, -35.878722], [144.970998, -35.877186], [144.970784, -35.875974], [144.972391, -35.874776], [144.972389, -35.873516], [144.968954, -35.871117], [144.969694, -35.867878], [144.968187, -35.865528], [144.970909, -35.863398], [144.970795, -35.861049], [144.975488, -35.86078], [144.979146, -35.858386], [144.98199, -35.859934], [144.983468, -35.858041], [144.984987, -35.857518], [144.987772, -35.857565], [144.991436, -35.858984], [144.991742, -35.858308], [144.989701, -35.85482], [144.991257, -35.856398], [144.993374, -35.855895], [144.993881, -35.854226], [144.992263, -35.852338], [144.994752, -35.852386], [144.998582, -35.854975], [144.99971, -35.854914], [145.000748, -35.849332], [145.003671, -35.851398], [145.004784, -35.854719], [145.006969, -35.856243], [145.010056, -35.856326], [145.013197, -35.857668], [145.018998, -35.856647], [145.022841, -35.853404], [145.024576, -35.84713], [145.029903, -35.849566], [145.036191, -35.846958], [145.037816, -35.84519], [145.037003, -35.842167], [145.038799, -35.838372], [145.039502, -35.838515], [145.039345, -35.841063], [145.040976, -35.841653], [145.046209, -35.83798], [145.048348, -35.834552], [145.049713, -35.833671], [145.051631, -35.834089], [145.049387, -35.836997], [145.050862, -35.838738], [145.052865, -35.83871], [145.054391, -35.837714], [145.054449, -35.835893], [145.05331, -35.836036], [145.053845, -35.835172], [145.057711, -35.835631], [145.059348, -35.837057], [145.061056, -35.837309], [145.068662, -35.835182], [145.071826, -35.83323], [145.073233, -35.830912], [145.072903, -35.827614], [145.07412, -35.826732], [145.07549, -35.827265], [145.075215, -35.83082], [145.07648, -35.831822], [145.077977, -35.830557], [145.077423, -35.827408], [145.084522, -35.828016], [145.087278, -35.825881], [145.089998, -35.825457], [145.09238, -35.826333], [145.093407, -35.827913], [145.09309, -35.8288], [145.089418, -35.83093], [145.090299, -35.834531], [145.091922, -35.835957], [145.093427, -35.83484], [145.094812, -35.831337], [145.09832, -35.82888], [145.09943, -35.825789], [145.100232, -35.825783], [145.10201, -35.828485], [145.103985, -35.828553], [145.114092, -35.820548], [145.115504, -35.821114], [145.113888, -35.824504], [145.115336, -35.826038], [145.117712, -35.824949], [145.120754, -35.820821], [145.122322, -35.820804], [145.121978, -35.82413], [145.122949, -35.828074], [145.124186, -35.829454], [145.126435, -35.829671], [145.127439, -35.828273], [145.125949, -35.825239], [145.126159, -35.821827], [145.127683, -35.820716], [145.128627, -35.826865], [145.130553, -35.828164], [145.134032, -35.827384], [145.134336, -35.832044], [145.136636, -35.83427], [145.138723, -35.833119], [145.138862, -35.829323], [145.139579, -35.828538], [145.140774, -35.828818], [145.14385, -35.832192], [145.147473, -35.833501], [145.149898, -35.833224], [145.154889, -35.830203], [145.15917, -35.831077], [145.157502, -35.838108], [145.15583, -35.839964], [145.152942, -35.841248], [145.153456, -35.843045], [145.157329, -35.842035], [145.163607, -35.842937], [145.168085, -35.842544], [145.171752, -35.838718], [145.181014, -35.842026], [145.182347, -35.840783], [145.181719, -35.838127], [145.18263, -35.835252], [145.186215, -35.835278], [145.189806, -35.834267], [145.193388, -35.837637], [145.194836, -35.837389], [145.196514, -35.835212], [145.197807, -35.834799], [145.207378, -35.837973], [145.212283, -35.83585], [145.215221, -35.836248], [145.217136, -35.837643], [145.215522, -35.840358], [145.215925, -35.841423], [145.21864, -35.842405], [145.22276, -35.84244], [145.22408, -35.84154], [145.224365, -35.839599], [145.220094, -35.836712], [145.223059, -35.835759], [145.225029, -35.832184], [145.229136, -35.833347], [145.235267, -35.829682], [145.236917, -35.832428], [145.24049, -35.833672], [145.246178, -35.830321], [145.252959, -35.83502], [145.255762, -35.835819], [145.260717, -35.835426], [145.259705, -35.837261], [145.259646, -35.839441], [145.264174, -35.842289], [145.258048, -35.848032], [145.258317, -35.850588], [145.262023, -35.849904], [145.263257, -35.851539], [145.267074, -35.852446], [145.27056, -35.845931], [145.272698, -35.845203], [145.277229, -35.849181], [145.277673, -35.852221], [145.278659, -35.853356], [145.280536, -35.853438], [145.2825, -35.85126], [145.285017, -35.850654], [145.283047, -35.854784], [145.284014, -35.856467], [145.285228, -35.856705], [145.288652, -35.854766], [145.292657, -35.853821], [145.292734, -35.857974], [145.294329, -35.859815], [145.296542, -35.860566], [145.301671, -35.85848], [145.30904, -35.860465], [145.312189, -35.855683], [145.31822, -35.854962], [145.322277, -35.851556], [145.324453, -35.850686], [145.327473, -35.853619], [145.333228, -35.854928], [145.335915, -35.858598], [145.341486, -35.862384], [145.34401, -35.862683], [145.3479, -35.860312], [145.350066, -35.86046], [145.352396, -35.865795], [145.3554, -35.867067], [145.358819, -35.865416], [145.360656, -35.861202], [145.366075, -35.860173], [145.369442, -35.858344], [145.374242, -35.859508], [145.377364, -35.858778], [145.379967, -35.855011], [145.38715, -35.850142], [145.392047, -35.850714], [145.399005, -35.849641], [145.404824, -35.850879], [145.410625, -35.848613], [145.411945, -35.846411], [145.409912, -35.843429], [145.411107, -35.839979], [145.409675, -35.836824], [145.412544, -35.834403], [145.411772, -35.83194], [145.412575, -35.830601], [145.416538, -35.8314], [145.417937, -35.830855], [145.418777, -35.828738], [145.419874, -35.828174], [145.424978, -35.828741], [145.426323, -35.830344], [145.42689, -35.832919], [145.429425, -35.834457], [145.431442, -35.833906], [145.434194, -35.830045], [145.435823, -35.829583], [145.436865, -35.830044], [145.439888, -35.835535], [145.442293, -35.835642], [145.443589, -35.834746], [145.4446, -35.832384], [145.447267, -35.831501], [145.449143, -35.829126], [145.44896, -35.828558], [145.448441, -35.829103], [145.447955, -35.826676], [145.450658, -35.821418], [145.453393, -35.82141], [145.454869, -35.824559], [145.456898, -35.826041], [145.460561, -35.827255], [145.46344, -35.826274], [145.46441, -35.825062], [145.46403, -35.821898], [145.46909, -35.818175], [145.467819, -35.813629], [145.471521, -35.811322], [145.472128, -35.80923], [145.474539, -35.812387], [145.47636, -35.812314], [145.477944, -35.810843], [145.48221, -35.813475], [145.483759, -35.81379], [145.485988, -35.812461], [145.487653, -35.812542], [145.489132, -35.814196], [145.491977, -35.815076], [145.494301, -35.813982], [145.494516, -35.810342], [145.495543, -35.80901], [145.500308, -35.810339], [145.502556, -35.809449], [145.506756, -35.812097], [145.511959, -35.81209], [145.512749, -35.815381], [145.515771, -35.817185], [145.52251, -35.818486], [145.525361, -35.816853], [145.52485, -35.815792], [145.524098, -35.815755], [145.524433, -35.816842], [145.523455, -35.815829], [145.523669, -35.813839], [145.52815, -35.811532], [145.528313, -35.809857], [145.526613, -35.808429], [145.526793, -35.807088], [145.532065, -35.80508], [145.535398, -35.801983], [145.535789, -35.802953], [145.533866, -35.805832], [145.535239, -35.808184], [145.539683, -35.807895], [145.541889, -35.808905], [145.536542, -35.817377], [145.536673, -35.819912], [145.538763, -35.821813], [145.541113, -35.822247], [145.542419, -35.82165], [145.544797, -35.815125], [145.546741, -35.812894], [145.554247, -35.814662], [145.560931, -35.812903], [145.562836, -35.813449], [145.563639, -35.814955], [145.562942, -35.816155], [145.558485, -35.817192], [145.55706, -35.818861], [145.557221, -35.820185], [145.55989, -35.82269], [145.557321, -35.825788], [145.557997, -35.82823], [145.561106, -35.828321], [145.564206, -35.825852], [145.56684, -35.826497], [145.567528, -35.827668], [145.567077, -35.828699], [145.563703, -35.831634], [145.564011, -35.83419], [145.568501, -35.833856], [145.570989, -35.837131], [145.574664, -35.837797], [145.576421, -35.839846], [145.577066, -35.842766], [145.579436, -35.844615], [145.581563, -35.848255], [145.59323, -35.849077], [145.593727, -35.851058], [145.592464, -35.855515], [145.58815, -35.857736], [145.586792, -35.861245], [145.588695, -35.862565], [145.594118, -35.860943], [145.598028, -35.861458], [145.598046, -35.862972], [145.595233, -35.867384], [145.595469, -35.869704], [145.601134, -35.875008], [145.606474, -35.874998], [145.60165, -35.870244], [145.601748, -35.867857], [145.603134, -35.867783], [145.607057, -35.870136], [145.609646, -35.870311], [145.61115, -35.86985], [145.613415, -35.86636], [145.615988, -35.864875], [145.624984, -35.862165], [145.626347, -35.862758], [145.628623, -35.86566], [145.62832, -35.867775], [145.619148, -35.86914], [145.616509, -35.870606], [145.614857, -35.87257], [145.615683, -35.874762], [145.617121, -35.875518], [145.619795, -35.87526], [145.623012, -35.87307], [145.626007, -35.873483], [145.628134, -35.875409], [145.62778, -35.876659], [145.625465, -35.87729], [145.620903, -35.880357], [145.620027, -35.88233], [145.620321, -35.883884], [145.621206, -35.884589], [145.623423, -35.884533], [145.62532, -35.883103], [145.627299, -35.879892], [145.62957, -35.880105], [145.631458, -35.884336], [145.631737, -35.888072], [145.633259, -35.889126], [145.636779, -35.88931], [145.63973, -35.894239], [145.643101, -35.894746], [145.64552, -35.893241], [145.647284, -35.89309], [145.651183, -35.899688], [145.657449, -35.900686], [145.658919, -35.902848], [145.661528, -35.912416], [145.663462, -35.91342], [145.667159, -35.912325], [145.668557, -35.912891], [145.668344, -35.918316], [145.669121, -35.919586], [145.6712, -35.919844], [145.674692, -35.918512], [145.676745, -35.91668], [145.679053, -35.916829], [145.67948, -35.917789], [145.678799, -35.919441], [145.673506, -35.923178], [145.673992, -35.925924], [145.678332, -35.926179], [145.68204, -35.929844], [145.685852, -35.930615], [145.687673, -35.929057], [145.686245, -35.925598], [145.687314, -35.923933], [145.695139, -35.920592], [145.698181, -35.920977], [145.702764, -35.924038], [145.703269, -35.925702], [145.702143, -35.926781], [145.697709, -35.92474], [145.695763, -35.925792], [145.695704, -35.927405], [145.697646, -35.929924], [145.69617, -35.934082], [145.697327, -35.936501], [145.700302, -35.936966], [145.70669, -35.93205], [145.709269, -35.932952], [145.710844, -35.935655], [145.714419, -35.937389], [145.717864, -35.936786], [145.720274, -35.934449], [145.721456, -35.935382], [145.722712, -35.93864], [145.7263, -35.942312], [145.727241, -35.945162], [145.726457, -35.946352], [145.721073, -35.944104], [145.717288, -35.945047], [145.715669, -35.947806], [145.716766, -35.950594], [145.721452, -35.951519], [145.724759, -35.954096], [145.730029, -35.951087], [145.734238, -35.951348], [145.736799, -35.954819], [145.73171, -35.95619], [145.730746, -35.957631], [145.731027, -35.958734], [145.733785, -35.96035], [145.739016, -35.95907], [145.744316, -35.959135], [145.744772, -35.959708], [145.743511, -35.962318], [145.746109, -35.964239], [145.75417, -35.96135], [145.757897, -35.958088], [145.762958, -35.961448], [145.764249, -35.965924], [145.766105, -35.966687], [145.76735, -35.966041], [145.768313, -35.963086], [145.773266, -35.962686], [145.778211, -35.960243], [145.780772, -35.96217], [145.78139, -35.96379], [145.778694, -35.966981], [145.778391, -35.969398], [145.776913, -35.971008], [145.777006, -35.972559], [145.778781, -35.973005], [145.784551, -35.971989], [145.788024, -35.975251], [145.789705, -35.974834], [145.791768, -35.972731], [145.792732, -35.972801], [145.792779, -35.981167], [145.793445, -35.982817], [145.7953, -35.98363], [145.798677, -35.982971], [145.802792, -35.983719], [145.805835, -35.982811], [145.80798, -35.983762], [145.808444, -35.984416], [145.806835, -35.988936], [145.808656, -35.990754], [145.811662, -35.991769], [145.815005, -35.991016], [145.81668, -35.9882], [145.815793, -35.98686], [145.811392, -35.985465], [145.811375, -35.984142], [145.818195, -35.982314], [145.824585, -35.984704], [145.828252, -35.982982], [145.829099, -35.981341], [145.828613, -35.979816], [145.824444, -35.979314], [145.827548, -35.975438], [145.831193, -35.976986], [145.835813, -35.976849], [145.836363, -35.97759], [145.836078, -35.982114], [145.837005, -35.983088], [145.840021, -35.983244], [145.844621, -35.982937], [145.848589, -35.980899], [145.84855, -35.97856], [145.844438, -35.975035], [145.845548, -35.97346], [145.848273, -35.972963], [145.851196, -35.975525], [145.853802, -35.976609], [145.858624, -35.974814], [145.859796, -35.973016], [145.859313, -35.971565], [145.847975, -35.968689], [145.84849, -35.967799], [145.852177, -35.966977], [145.853906, -35.965593], [145.852602, -35.961478], [145.854042, -35.959927], [145.860595, -35.96054], [145.863278, -35.958656], [145.867892, -35.957506], [145.870564, -35.955475], [145.876365, -35.955343], [145.880541, -35.957766], [145.883282, -35.957214], [145.885268, -35.955358], [145.889989, -35.957322], [145.891406, -35.956479], [145.892338, -35.954271], [145.894427, -35.953249], [145.902693, -35.952496], [145.908409, -35.953744], [145.910314, -35.955962], [145.908792, -35.958404], [145.903747, -35.959727], [145.900756, -35.961529], [145.900138, -35.964452], [145.902934, -35.968856], [145.904963, -35.969006], [145.90477, -35.964497], [145.906084, -35.963262], [145.908561, -35.966058], [145.910741, -35.96676], [145.912421, -35.969083], [145.913815, -35.969562], [145.915071, -35.968791], [145.914177, -35.965538], [145.914889, -35.964542], [145.925821, -35.964563], [145.927766, -35.965877], [145.928254, -35.967343], [145.925348, -35.969973], [145.924995, -35.971558], [145.926023, -35.973117], [145.928, -35.973947], [145.930516, -35.97276], [145.934624, -35.972692], [145.935735, -35.969617], [145.939054, -35.968343], [145.943577, -35.962816], [145.946074, -35.961334], [145.952385, -35.960995], [145.953716, -35.961556], [145.954998, -35.962906], [145.954206, -35.964774], [145.947325, -35.964897], [145.944171, -35.966874], [145.944754, -35.969371], [145.949183, -35.972136], [145.951491, -35.976571], [145.950359, -35.978742], [145.946147, -35.978718], [145.945488, -35.980583], [145.945958, -35.98324], [145.948257, -35.985191], [145.949755, -35.98293], [145.951555, -35.982911], [145.952615, -35.9855], [145.952904, -35.992161], [145.956361, -35.992697], [145.960486, -35.99582], [145.96504, -35.996656], [145.965009, -35.997503], [145.958847, -36.00357], [145.957851, -36.003426], [145.958336, -36.006973], [145.959999, -36.008818], [145.962189, -36.009369], [145.967772, -36.005838], [145.971314, -36.005652], [145.973475, -36.00842], [145.970809, -36.010345], [145.96934, -36.013208], [145.97207, -36.015747], [145.973501, -36.015786], [145.97466, -36.01457], [145.975485, -36.008801], [145.978678, -36.009375], [145.98171, -36.011727], [145.984626, -36.012734], [145.989449, -36.013018], [146.001235, -36.008555], [146.006157, -36.002634], [146.013323, -36.005444], [146.015925, -36.005423], [146.017906, -36.002786], [146.021278, -36.001174], [146.023113, -35.99841], [146.027863, -35.997136], [146.031488, -35.994714], [146.033477, -35.995111], [146.036145, -35.999143], [146.03883, -36.000858], [146.040902, -36.001086], [146.043705, -35.999837], [146.050022, -36.002948], [146.051755, -36.002477], [146.052725, -36.000634], [146.051393, -35.996284], [146.052346, -35.995466], [146.056599, -35.999258], [146.058138, -36.011907], [146.059621, -36.014264], [146.07118, -36.015138], [146.073152, -36.013683], [146.071761, -36.009915], [146.073173, -36.009481], [146.074685, -36.011358], [146.075681, -36.017791], [146.081066, -36.017638], [146.085382, -36.01926], [146.088638, -36.019085], [146.093631, -36.021107], [146.096083, -36.020246], [146.096839, -36.017601], [146.096315, -36.016194], [146.090768, -36.012203], [146.090921, -36.010612], [146.092244, -36.009741], [146.094189, -36.009625], [146.097986, -36.012758], [146.10137, -36.013247], [146.106462, -36.007895], [146.1109, -36.007009], [146.114342, -36.008482], [146.109486, -36.011498], [146.108404, -36.013572], [146.108815, -36.014476], [146.110734, -36.015721], [146.119885, -36.016925], [146.121474, -36.014737], [146.123924, -36.013967], [146.125609, -36.010599], [146.130299, -36.008842], [146.131712, -36.004444], [146.134331, -36.00309], [146.138056, -36.004928], [146.140504, -36.009035], [146.134274, -36.009043], [146.13188, -36.010237], [146.132595, -36.014895], [146.130925, -36.017748], [146.132241, -36.020494], [146.133666, -36.020629], [146.137157, -36.01845], [146.141778, -36.017379], [146.145534, -36.014317], [146.146113, -36.014752], [146.146083, -36.019949], [146.148055, -36.021845], [146.153663, -36.024883], [146.155069, -36.024389], [146.157033, -36.021911], [146.158733, -36.022334], [146.160596, -36.024186], [146.163159, -36.024548], [146.172245, -36.020696], [146.174467, -36.020423], [146.175483, -36.021356], [146.175821, -36.024285], [146.178454, -36.028844], [146.177249, -36.033409], [146.178456, -36.033922], [146.18135, -36.033268], [146.182649, -36.034124], [146.182161, -36.035693], [146.178544, -36.036706], [146.178834, -36.038323], [146.182908, -36.039539], [146.185384, -36.041992], [146.189282, -36.041119], [146.190677, -36.039701], [146.189899, -36.039466], [146.190551, -36.038465], [146.197038, -36.034413], [146.198008, -36.032781], [146.195674, -36.033506], [146.194285, -36.035463], [146.195244, -36.032776], [146.197836, -36.029907], [146.198957, -36.03061], [146.19925, -36.03291], [146.200051, -36.032664], [146.200383, -36.033371], [146.197916, -36.036102], [146.20087, -36.038018], [146.205352, -36.039075], [146.207927, -36.035862], [146.211028, -36.034455], [146.209869, -36.034177], [146.207167, -36.035994], [146.206874, -36.035011], [146.205458, -36.035765], [146.209343, -36.032474], [146.211296, -36.02922], [146.212685, -36.028547], [146.214134, -36.029579], [146.216375, -36.033354], [146.212065, -36.033818], [146.210159, -36.03753], [146.211243, -36.038645], [146.214774, -36.037831], [146.215267, -36.036442], [146.213431, -36.037497], [146.214289, -36.036025], [146.218671, -36.036968], [146.220754, -36.036564], [146.221867, -36.035114], [146.220444, -36.031459], [146.221503, -36.030249], [146.228287, -36.029034], [146.228829, -36.029648], [146.228357, -36.032812], [146.22981, -36.03413], [146.232084, -36.033175], [146.233194, -36.031553], [146.232513, -36.031157], [146.232668, -36.029885], [146.233893, -36.028502], [146.238132, -36.027979], [146.239544, -36.029378], [146.239614, -36.028083], [146.243078, -36.028895], [146.244453, -36.027064], [146.241721, -36.023614], [146.249402, -36.024452], [146.251229, -36.022744], [146.250496, -36.021512], [146.245707, -36.020722], [146.244834, -36.019549], [146.245279, -36.017782], [146.248205, -36.017166], [146.249127, -36.018923], [146.251504, -36.019638], [146.252565, -36.018726], [146.253291, -36.01556], [146.256539, -36.01359], [146.257285, -36.012176], [146.258132, -36.014781], [146.260334, -36.01741], [146.260839, -36.017235], [146.260216, -36.015728], [146.261911, -36.01599], [146.260651, -36.018026], [146.261381, -36.021468], [146.263163, -36.021936], [146.267597, -36.021239], [146.268227, -36.022036], [146.268052, -36.025175], [146.271708, -36.026763], [146.273455, -36.026636], [146.278784, -36.023625], [146.278102, -36.022433], [146.279125, -36.020707], [146.278675, -36.019623], [146.276837, -36.020346], [146.276539, -36.021391], [146.274562, -36.019997], [146.277096, -36.017218], [146.275265, -36.012559], [146.277228, -36.011583], [146.282889, -36.011002], [146.283447, -36.01172], [146.278507, -36.01368], [146.278828, -36.01582], [146.281404, -36.016648], [146.28459, -36.014231], [146.286439, -36.014366], [146.288112, -36.015143], [146.288739, -36.018105], [146.291414, -36.020134], [146.282389, -36.023037], [146.281611, -36.023974], [146.282304, -36.026009], [146.283618, -36.027373], [146.285695, -36.027781], [146.292075, -36.024687], [146.292175, -36.02716], [146.293212, -36.028962], [146.292507, -36.030215], [146.288214, -36.029675], [146.28636, -36.030307], [146.286653, -36.033626], [146.290816, -36.035038], [146.29139, -36.035869], [146.287163, -36.036233], [146.284107, -36.037848], [146.28269, -36.040836], [146.284469, -36.042151], [146.288008, -36.039708], [146.291242, -36.038871], [146.291813, -36.039416], [146.291411, -36.043576], [146.292818, -36.045707], [146.297807, -36.047639], [146.300219, -36.047701], [146.302404, -36.045222], [146.300808, -36.043849], [146.297307, -36.044768], [146.298087, -36.042804], [146.297374, -36.039764], [146.298734, -36.037898], [146.301033, -36.036701], [146.301602, -36.037178], [146.30107, -36.040961], [146.302416, -36.042714], [146.305386, -36.04331], [146.30646, -36.042305], [146.306881, -36.03984], [146.308822, -36.039401], [146.312859, -36.045497], [146.315587, -36.044754], [146.315106, -36.040029], [146.316456, -36.038518], [146.31839, -36.039843], [146.319492, -36.042308], [146.323041, -36.043014], [146.321722, -36.042451], [146.323842, -36.041622], [146.32739, -36.043392], [146.329279, -36.04332], [146.330344, -36.042773], [146.32999, -36.040325], [146.332161, -36.036884], [146.33086, -36.035429], [146.326498, -36.035085], [146.325803, -36.03367], [146.3278, -36.03204], [146.328632, -36.029777], [146.330686, -36.028261], [146.331484, -36.026583], [146.334643, -36.027783], [146.33858, -36.026344], [146.345903, -36.029222], [146.347119, -36.038013], [146.350363, -36.041847], [146.351917, -36.042506], [146.355996, -36.040491], [146.359046, -36.041225], [146.362033, -36.04346], [146.364692, -36.04787], [146.367258, -36.050392], [146.369476, -36.051061], [146.370813, -36.050553], [146.373571, -36.046835], [146.37901, -36.045844], [146.380244, -36.044626], [146.379781, -36.042361], [146.376069, -36.039238], [146.376051, -36.038459], [146.383324, -36.039196], [146.385824, -36.037727], [146.387694, -36.035441], [146.386396, -36.032818], [146.380954, -36.029896], [146.379172, -36.02689], [146.378588, -36.022517], [146.380402, -36.013244], [146.38446, -36.009256], [146.388376, -36.007118], [146.394672, -36.007105], [146.396912, -36.008173], [146.399064, -36.00723], [146.400108, -36.004783], [146.397956, -35.999565], [146.398381, -35.995734], [146.402839, -35.988792], [146.416168, -35.9836], [146.415716, -35.982588], [146.41261, -35.981955], [146.412184, -35.981115], [146.414783, -35.979614], [146.414773, -35.974999], [146.417175, -35.977779], [146.418971, -35.978356], [146.420641, -35.976698], [146.419075, -35.974726], [146.419404, -35.97324], [146.422599, -35.973542], [146.424808, -35.972691], [146.42191, -35.968085], [146.421717, -35.96664], [146.422463, -35.965627], [146.425428, -35.964049], [146.427247, -35.963996], [146.42906, -35.965351], [146.436691, -35.966927], [146.438521, -35.969222], [146.438615, -35.972807], [146.441214, -35.975612], [146.443029, -35.97581], [146.44483, -35.97492], [146.445926, -35.972948], [146.447387, -35.965619], [146.448885, -35.964131], [146.451426, -35.963763], [146.453757, -35.962167], [146.45652, -35.966485], [146.45849, -35.966797], [146.460309, -35.965428], [146.462117, -35.96621], [146.463078, -35.968234], [146.462568, -35.97068], [146.468777, -35.975541], [146.468471, -35.977474], [146.465186, -35.979795], [146.467358, -35.984165], [146.469205, -35.984134], [146.469046, -35.982197], [146.469804, -35.981241], [146.473165, -35.984051], [146.476698, -35.983278], [146.48064, -35.987009], [146.486349, -35.985726], [146.48793, -35.990102], [146.490311, -35.99137], [146.498301, -35.991444], [146.502682, -35.98829], [146.50325, -35.986052], [146.502561, -35.984179], [146.500507, -35.983868], [146.496574, -35.986288], [146.493052, -35.986157], [146.492429, -35.985248], [146.498902, -35.981439], [146.501213, -35.979087], [146.496578, -35.973244], [146.497658, -35.971305], [146.497973, -35.967425], [146.501061, -35.963716], [146.501028, -35.95949], [146.502279, -35.957865], [146.512633, -35.964075], [146.515934, -35.963225], [146.517741, -35.960146], [146.519438, -35.960261], [146.521671, -35.963611], [146.519703, -35.967137], [146.5201, -35.969228], [146.523001, -35.970401], [146.525935, -35.9699], [146.528658, -35.973288], [146.532439, -35.976018], [146.531305, -35.982224], [146.531688, -35.98364], [146.533945, -35.984363], [146.536674, -35.982169], [146.537856, -35.98206], [146.538256, -35.984243], [146.549186, -35.992198], [146.554334, -35.990403], [146.555934, -35.988786], [146.555955, -35.9878], [146.554926, -35.987162], [146.550798, -35.987933], [146.549886, -35.985563], [146.553701, -35.9853], [146.554934, -35.983689], [146.554604, -35.982135], [146.552106, -35.980085], [146.552269, -35.979189], [146.555023, -35.978151], [146.557862, -35.979049], [146.559108, -35.978629], [146.560243, -35.976423], [146.558964, -35.971502], [146.561087, -35.970611], [146.561947, -35.968718], [146.565872, -35.970941], [146.562397, -35.973125], [146.562691, -35.975608], [146.564352, -35.976133], [146.566171, -35.974914], [146.567376, -35.975183], [146.568178, -35.977681], [146.569702, -35.979011], [146.577223, -35.978784], [146.579224, -35.981918], [146.582019, -35.983354], [146.585972, -35.982997], [146.586833, -35.981769], [146.586722, -35.980613], [146.583434, -35.976651], [146.583708, -35.975065], [146.589826, -35.973826], [146.594841, -35.974335], [146.598945, -35.970731], [146.599521, -35.970619], [146.599978, -35.974624], [146.600976, -35.975744], [146.602059, -35.975594], [146.603639, -35.972653], [146.607411, -35.974077], [146.611356, -35.972053], [146.617065, -35.973828], [146.618684, -35.975546], [146.612024, -35.978145], [146.610906, -35.979316], [146.611848, -35.980617], [146.615984, -35.980812], [146.616315, -35.982146], [146.611673, -35.984571], [146.608292, -35.985372], [146.60783, -35.986692], [146.609047, -35.989047], [146.613138, -35.990399], [146.612944, -35.994376], [146.613626, -35.995886], [146.615673, -35.996588], [146.61753, -35.993627], [146.619676, -35.993163], [146.62212, -35.995015], [146.620377, -35.998247], [146.621169, -35.999166], [146.623485, -35.999077], [146.624634, -35.996672], [146.625785, -35.996147], [146.626455, -35.996446], [146.626683, -35.998466], [146.628432, -35.999846], [146.633415, -35.999708], [146.633615, -36.000362], [146.630856, -36.002306], [146.631425, -36.003927], [146.636752, -36.005672], [146.64036, -36.009315], [146.642587, -36.00874], [146.641206, -36.00572], [146.641864, -36.003965], [146.642917, -36.004201], [146.643855, -36.00677], [146.645094, -36.007722], [146.648354, -36.007177], [146.650739, -36.00769], [146.649309, -36.01025], [146.650212, -36.013844], [146.652276, -36.014799], [146.657549, -36.013805], [146.658518, -36.014426], [146.65879, -36.016258], [146.657587, -36.017792], [146.653755, -36.017056], [146.650356, -36.01803], [146.650459, -36.019938], [146.651453, -36.021016], [146.65367, -36.021736], [146.656712, -36.02114], [146.658154, -36.021885], [146.655033, -36.024475], [146.655918, -36.026195], [146.661747, -36.026122], [146.664987, -36.029146], [146.66943, -36.028149], [146.669603, -36.026596], [146.66706, -36.024584], [146.665387, -36.020793], [146.665988, -36.018694], [146.668316, -36.017843], [146.669327, -36.018309], [146.668508, -36.0216], [146.671354, -36.025891], [146.672572, -36.025606], [146.674085, -36.021876], [146.678886, -36.021875], [146.680767, -36.022841], [146.682131, -36.025563], [146.676599, -36.026959], [146.675291, -36.028746], [146.677118, -36.029947], [146.680764, -36.029005], [146.682508, -36.029508], [146.682559, -36.030814], [146.67972, -36.033414], [146.681893, -36.03816], [146.683891, -36.039613], [146.687311, -36.040865], [146.689473, -36.040455], [146.690115, -36.038322], [146.694675, -36.034752], [146.694332, -36.032932], [146.691159, -36.032819], [146.689177, -36.031698], [146.689585, -36.030373], [146.692785, -36.03142], [146.696373, -36.031371], [146.697939, -36.033525], [146.70219, -36.033599], [146.705687, -36.035744], [146.70743, -36.035932], [146.709976, -36.034014], [146.706133, -36.03073], [146.706375, -36.029985], [146.712501, -36.0292], [146.716275, -36.026477], [146.719716, -36.028555], [146.722451, -36.028612], [146.72723, -36.02682], [146.731645, -36.023725], [146.732846, -36.026586], [146.729171, -36.027651], [146.728387, -36.029551], [146.729889, -36.031168], [146.732358, -36.030981], [146.732874, -36.034459], [146.735136, -36.03672], [146.731592, -36.038668], [146.730065, -36.044724], [146.73319, -36.045906], [146.735203, -36.048098], [146.737003, -36.047742], [146.739841, -36.045102], [146.744626, -36.047837], [146.747251, -36.045933], [146.749274, -36.042266], [146.751322, -36.041408], [146.752929, -36.042113], [146.753104, -36.043388], [146.751434, -36.045534], [146.750628, -36.050572], [146.74687, -36.051305], [146.748741, -36.05192], [146.747809, -36.053233], [146.746994, -36.058832], [146.749851, -36.061277], [146.753707, -36.060687], [146.755852, -36.058431], [146.753049, -36.05657], [146.752811, -36.055471], [146.756361, -36.056917], [146.758128, -36.056229], [146.758382, -36.055086], [146.755846, -36.052862], [146.75647, -36.051816], [146.759649, -36.052603], [146.762315, -36.051665], [146.763071, -36.052913], [146.759985, -36.055876], [146.759612, -36.057237], [146.762818, -36.059519], [146.764706, -36.05975], [146.765503, -36.058433], [146.765313, -36.056727], [146.767155, -36.055669], [146.768266, -36.058992], [146.771287, -36.058045], [146.775686, -36.059277], [146.777699, -36.060738], [146.780471, -36.064536], [146.781955, -36.064621], [146.783475, -36.063244], [146.781108, -36.061396], [146.781338, -36.060436], [146.784183, -36.059331], [146.787826, -36.059342], [146.788883, -36.060618], [146.786566, -36.063281], [146.787008, -36.06436], [146.788563, -36.064833], [146.789618, -36.063785], [146.791726, -36.063584], [146.794358, -36.065131], [146.796181, -36.065138], [146.798566, -36.063965], [146.798604, -36.062489], [146.793364, -36.061238], [146.79457, -36.058545], [146.796558, -36.057207], [146.799017, -36.058434], [146.800782, -36.058364], [146.802947, -36.055281], [146.803936, -36.055194], [146.804024, -36.058046], [146.806232, -36.060811], [146.814733, -36.064106], [146.813139, -36.065809], [146.813157, -36.067887], [146.817393, -36.067303], [146.81838, -36.067834], [146.818228, -36.069188], [146.814676, -36.070365], [146.814799, -36.072844], [146.816301, -36.074377], [146.81798, -36.074175], [146.822861, -36.069785], [146.824748, -36.069928], [146.825542, -36.070847], [146.825822, -36.072524], [146.823419, -36.074357], [146.823576, -36.07503], [146.82421, -36.076134], [146.827081, -36.076562], [146.827545, -36.077526], [146.824359, -36.081437], [146.821938, -36.082786], [146.821215, -36.084587], [146.821573, -36.086862], [146.825026, -36.088724], [146.829785, -36.08609], [146.83302, -36.086547], [146.834118, -36.085969], [146.8367, -36.082073], [146.841113, -36.084419], [146.844277, -36.084488], [146.846681, -36.086549], [146.849026, -36.08647], [146.851505, -36.08385], [146.854404, -36.084966], [146.857158, -36.084918], [146.860001, -36.083508], [146.861168, -36.081595], [146.865675, -36.078834], [146.866238, -36.077785], [146.864175, -36.074517], [146.86453, -36.073084], [146.872952, -36.073681], [146.874217, -36.076955], [146.876557, -36.080048], [146.876809, -36.082907], [146.880556, -36.087524], [146.884548, -36.08681], [146.890075, -36.088111], [146.894522, -36.085849], [146.899022, -36.085462], [146.901122, -36.083041], [146.90691, -36.084946], [146.906945, -36.086078], [146.904034, -36.086063], [146.902957, -36.086937], [146.906099, -36.091664], [146.903347, -36.097994], [146.904149, -36.098886], [146.906922, -36.098607], [146.90867, -36.099511], [146.909561, -36.102691], [146.912402, -36.104636], [146.911843, -36.10632], [146.905538, -36.107103], [146.906032, -36.109623], [146.907763, -36.111284], [146.914594, -36.112705], [146.916458, -36.111473], [146.918078, -36.107926], [146.92161, -36.108837], [146.924058, -36.108315], [146.925304, -36.106774], [146.924847, -36.104093], [146.921467, -36.10086], [146.924083, -36.098123], [146.926804, -36.097178], [146.929858, -36.098984], [146.928673, -36.101722], [146.92748, -36.102531], [146.928183, -36.105854], [146.93281, -36.109147], [146.933957, -36.111482], [146.939106, -36.113131], [146.943705, -36.115989], [146.945682, -36.115516], [146.946897, -36.113906], [146.949882, -36.11283], [146.952498, -36.110788], [146.952094, -36.108208], [146.949268, -36.106775], [146.948492, -36.103049], [146.949147, -36.101164], [146.952042, -36.099775], [146.95035, -36.094442], [146.950837, -36.093488], [146.952212, -36.092485], [146.956302, -36.092886], [146.958653, -36.091895], [146.958317, -36.090749], [146.956022, -36.090077], [146.955033, -36.088774], [146.959141, -36.084548], [146.958928, -36.082844], [146.956031, -36.079164], [146.956824, -36.078061], [146.959636, -36.07955], [146.96108, -36.082069], [146.96269, -36.082244], [146.964333, -36.080524], [146.966637, -36.083655], [146.972589, -36.082113], [146.975388, -36.085029], [146.976527, -36.085172], [146.97733, -36.090841], [146.978354, -36.092839], [146.981298, -36.094876], [146.984227, -36.0939], [146.987045, -36.089172], [146.990447, -36.086148], [146.993198, -36.085941], [146.999318, -36.087278], [147.002799, -36.086039], [147.002747, -36.084678], [147.003577, -36.083914], [147.007444, -36.083732], [147.00829, -36.085494], [147.005867, -36.086886], [147.005514, -36.087839], [147.006396, -36.089115], [147.008435, -36.089596], [147.011846, -36.087918], [147.016319, -36.089798], [147.016317, -36.090929], [147.013063, -36.094906], [147.01306, -36.096911], [147.015158, -36.09992], [147.013245, -36.103217], [147.013473, -36.104721], [147.01531, -36.106326], [147.017397, -36.10594], [147.018176, -36.104221], [147.017788, -36.101353], [147.019062, -36.099144], [147.022777, -36.099895], [147.026326, -36.105425], [147.031777, -36.110496], [147.032485, -36.114324], [147.034141, -36.115239], [147.042121, -36.109591], [147.042832, -36.107591], [147.041598, -36.105404], [147.042344, -36.104305], [147.048853, -36.103825], [147.050689, -36.108023], [147.052963, -36.107881], [147.055695, -36.100282], [147.050147, -36.098179], [147.051757, -36.095285], [147.052367, -36.090321], [147.059339, -36.089504], [147.05965, -36.088324], [147.057791, -36.085488], [147.06302, -36.082492], [147.06299, -36.080331], [147.060473, -36.077057], [147.059515, -36.07404], [147.061812, -36.066155], [147.063947, -36.065609], [147.064893, -36.068768], [147.066811, -36.068622], [147.06757, -36.067237], [147.066649, -36.063444], [147.068791, -36.060448], [147.071623, -36.063497], [147.074524, -36.064091], [147.075946, -36.060902], [147.078624, -36.059531], [147.079313, -36.056618], [147.085439, -36.055874], [147.084197, -36.054976], [147.080872, -36.055001], [147.080529, -36.053814], [147.085088, -36.052465], [147.088222, -36.053201], [147.0904, -36.049226], [147.091575, -36.049491], [147.093019, -36.052942], [147.095444, -36.05271], [147.095578, -36.04978], [147.091829, -36.046828], [147.091582, -36.043861], [147.093717, -36.043747], [147.09435, -36.04696], [147.097003, -36.046784], [147.099206, -36.042587], [147.098812, -36.041519], [147.096637, -36.040545], [147.096384, -36.038599], [147.09978, -36.03894], [147.100177, -36.035907], [147.103288, -36.034213], [147.103712, -36.032854], [147.098128, -36.031446], [147.092787, -36.028849], [147.09214, -36.02765], [147.093586, -36.026269], [147.097034, -36.028357], [147.099095, -36.026194], [147.099332, -36.024197], [147.096632, -36.021866], [147.098341, -36.019013], [147.097322, -36.016766], [147.097671, -36.015823], [147.099999, -36.015684], [147.101029, -36.019976], [147.104335, -36.019054], [147.106364, -36.016455], [147.106255, -36.013173], [147.105457, -36.011755], [147.098612, -36.012412], [147.098074, -36.010246], [147.105176, -36.010738], [147.107442, -36.012634], [147.109228, -36.012549], [147.110572, -36.009559], [147.109732, -36.008627], [147.106403, -36.007904], [147.10682, -36.004825], [147.112579, -36.008207], [147.11628, -36.007635], [147.116664, -36.006555], [147.115622, -36.003728], [147.111931, -36.000922], [147.116686, -35.998508], [147.119098, -36.000415], [147.120767, -36.00034], [147.121896, -35.998558], [147.122113, -35.995717], [147.123357, -35.994498], [147.124957, -35.994702], [147.124931, -35.995641], [147.123129, -35.997317], [147.125581, -36.000062], [147.122882, -36.00371], [147.127158, -36.005468], [147.125132, -36.008365], [147.128425, -36.011689], [147.127364, -36.013336], [147.128284, -36.015293], [147.127391, -36.018047], [147.1308, -36.020012], [147.131335, -36.024394], [147.136967, -36.028545], [147.141429, -36.028673], [147.144691, -36.031271], [147.144716, -36.032596], [147.142819, -36.035846], [147.144361, -36.037765], [147.146666, -36.036891], [147.149304, -36.031977], [147.155279, -36.035965], [147.159138, -36.033606], [147.161202, -36.031244], [147.164456, -36.030798], [147.166805, -36.031459], [147.1689, -36.033189], [147.180819, -36.037409], [147.184521, -36.038482], [147.187746, -36.038269], [147.186963, -36.041138], [147.187598, -36.042335], [147.193345, -36.044923], [147.195534, -36.043894], [147.203481, -36.049481], [147.206299, -36.050136], [147.214937, -36.046699], [147.22092, -36.048564], [147.224823, -36.048506], [147.232035, -36.042381], [147.238868, -36.043316], [147.242378, -36.038482], [147.25178, -36.04158], [147.263604, -36.039264], [147.266837, -36.039359], [147.279958, -36.043287], [147.282689, -36.040114], [147.285177, -36.039439], [147.2874, -36.0435], [147.290687, -36.042757], [147.296489, -36.044729], [147.297701, -36.046699], [147.29999, -36.044975], [147.301465, -36.047659], [147.304779, -36.04743], [147.304901, -36.04831], [147.302401, -36.048962], [147.302261, -36.050042], [147.30353, -36.051995], [147.306788, -36.053855], [147.306669, -36.05719], [147.310582, -36.060957], [147.313033, -36.061171], [147.3155, -36.058808], [147.314383, -36.056301], [147.31107, -36.054476], [147.312972, -36.052807], [147.318126, -36.054902], [147.317938, -36.060094], [147.318797, -36.061036], [147.319949, -36.060987], [147.321708, -36.058173], [147.324426, -36.057393], [147.329417, -36.054198], [147.332299, -36.047014], [147.341434, -36.043755], [147.343779, -36.042176], [147.34713, -36.036757], [147.352825, -36.031749], [147.351805, -36.028744], [147.34895, -36.027402], [147.346224, -36.024544], [147.34568, -36.018772], [147.348922, -36.012946], [147.352122, -36.010783], [147.355287, -36.009832], [147.355545, -36.004339], [147.35318, -36.000759], [147.357649, -35.994246], [147.358193, -35.991276], [147.36188, -35.988275], [147.36639, -35.986516], [147.367125, -35.985156], [147.370895, -35.982355], [147.374856, -35.982317], [147.374685, -35.98065], [147.373948, -35.981167], [147.374297, -35.979685], [147.372028, -35.980688], [147.375863, -35.978364], [147.376545, -35.976678], [147.373916, -35.977868], [147.383679, -35.972352], [147.391207, -35.973917], [147.392344, -35.973533], [147.392616, -35.972852], [147.391468, -35.971868], [147.392666, -35.971867], [147.392324, -35.970434], [147.3931, -35.970225], [147.388937, -35.966328], [147.388225, -35.963455], [147.393017, -35.962258], [147.394157, -35.96047], [147.392674, -35.959037], [147.388159, -35.95991], [147.387144, -35.959006], [147.38888, -35.956711], [147.391496, -35.956253], [147.392646, -35.955045], [147.392414, -35.953061], [147.390541, -35.951077], [147.390342, -35.949266], [147.391478, -35.949076], [147.39184, -35.94764], [147.393738, -35.949116], [147.395408, -35.949083], [147.396745, -35.947279], [147.404631, -35.943495], [147.406796, -35.945074], [147.407064, -35.947057], [147.408408, -35.948232], [147.41181, -35.948207], [147.415185, -35.946984], [147.417815, -35.948652], [147.421983, -35.948836], [147.431041, -35.952994], [147.435204, -35.95304], [147.439713, -35.955958], [147.443125, -35.955629], [147.445043, -35.958586], [147.450685, -35.960804], [147.453704, -35.960169], [147.456156, -35.957779], [147.454421, -35.951598], [147.457889, -35.949142], [147.459132, -35.946942], [147.464072, -35.944137], [147.471234, -35.9433], [147.477706, -35.944175], [147.476341, -35.943444], [147.478835, -35.942689], [147.479766, -35.945505], [147.481317, -35.947006], [147.481553, -35.949223], [147.484001, -35.94843], [147.488462, -35.948724], [147.491594, -35.943854], [147.494112, -35.943549], [147.498602, -35.946642], [147.500876, -35.950527], [147.504922, -35.9527], [147.50713, -35.955536], [147.507139, -35.958333], [147.511421, -35.962412], [147.512973, -35.962423], [147.514996, -35.959321], [147.516085, -35.958912], [147.523228, -35.961389], [147.525267, -35.963338], [147.525458, -35.965096], [147.521288, -35.967107], [147.519527, -35.971021], [147.51667, -35.973283], [147.514925, -35.976369], [147.515501, -35.977435], [147.520076, -35.979738], [147.519533, -35.983213], [147.521359, -35.986936], [147.527515, -35.986754], [147.531096, -35.990292], [147.537527, -35.994198], [147.542622, -35.996529], [147.546545, -35.997359], [147.548434, -36.00291], [147.551873, -36.004095], [147.556189, -36.002737], [147.565988, -35.994927], [147.568508, -35.991807], [147.579606, -35.988526], [147.583737, -35.985897], [147.584027, -35.984648], [147.582916, -35.979946], [147.581428, -35.978027], [147.5688, -35.977856], [147.56542, -35.978603], [147.562222, -35.974133], [147.558887, -35.972489], [147.554002, -35.975826], [147.547654, -35.978625], [147.547583, -35.974567], [147.551214, -35.972196], [147.551783, -35.971006], [147.548484, -35.968791], [147.549115, -35.96455], [147.553654, -35.967198], [147.563887, -35.969858], [147.571573, -35.968993], [147.576462, -35.971067], [147.578252, -35.9704], [147.580424, -35.968153], [147.582327, -35.967786], [147.586549, -35.969426], [147.591893, -35.969859], [147.593487, -35.970786], [147.594685, -35.974134], [147.596803, -35.976472], [147.601438, -35.979118], [147.614732, -35.971782], [147.620516, -35.967582], [147.623581, -35.96697], [147.625883, -35.965144], [147.631165, -35.964373], [147.633468, -35.962787], [147.637771, -35.96211], [147.639534, -35.959938], [147.639449, -35.958045], [147.641919, -35.953376], [147.642417, -35.949707], [147.646777, -35.946008], [147.660878, -35.94322], [147.664558, -35.943702], [147.672293, -35.94253], [147.674763, -35.944595], [147.679217, -35.943862], [147.682086, -35.942566], [147.686809, -35.93855], [147.693465, -35.936375], [147.703972, -35.92999], [147.708415, -35.928545], [147.711306, -35.930035], [147.714075, -35.935284], [147.717756, -35.938559], [147.718042, -35.939835], [147.716862, -35.942905], [147.718672, -35.945513], [147.72149, -35.946913], [147.728571, -35.947514], [147.741292, -35.95649], [147.749467, -35.957475], [147.756893, -35.954771], [147.759653, -35.955598], [147.763447, -35.95881], [147.773261, -35.958863], [147.773436, -35.960064], [147.767975, -35.96116], [147.766747, -35.962595], [147.766797, -35.964158], [147.768359, -35.965382], [147.772957, -35.964922], [147.776849, -35.968614], [147.779025, -35.967986], [147.780284, -35.965905], [147.783998, -35.96581], [147.788168, -35.967245], [147.791266, -35.966327], [147.793174, -35.964542], [147.79644, -35.963833], [147.802144, -35.965215], [147.806153, -35.965057], [147.8112, -35.967299], [147.813491, -35.97157], [147.815785, -35.971813], [147.815885, -35.972759], [147.813232, -35.975991], [147.814135, -35.977775], [147.817498, -35.979741], [147.820787, -35.979527], [147.821833, -35.978724], [147.825212, -35.980404], [147.82619, -35.980112], [147.825887, -35.979332], [147.829458, -35.978163], [147.830851, -35.979774], [147.834764, -35.979671], [147.842588, -35.986316], [147.84525, -35.986286], [147.846957, -35.984832], [147.84842, -35.985139], [147.849192, -35.986654], [147.848543, -35.988612], [147.849626, -35.989733], [147.857051, -35.988862], [147.858775, -35.987304], [147.860198, -35.987175], [147.861445, -35.98816], [147.860903, -35.991501], [147.861983, -35.992291], [147.863794, -35.992145], [147.864546, -35.991524], [147.86362, -35.991439], [147.86424, -35.990398], [147.866396, -35.989664], [147.868067, -35.99042], [147.868344, -35.992328], [147.870131, -35.993595], [147.873121, -35.991006], [147.879451, -35.995614], [147.882086, -35.99659], [147.881437, -35.999405], [147.88288, -36.001798], [147.886159, -36.000823], [147.884735, -35.998961], [147.88508, -35.998286], [147.88866, -35.997677], [147.893604, -35.998293], [147.897506, -35.999861], [147.898894, -35.998455], [147.89918, -35.995522], [147.897967, -35.994372], [147.895818, -35.993964], [147.895698, -35.993018], [147.901813, -35.992498], [147.906414, -35.995928], [147.912342, -35.995198], [147.913997, -35.997954], [147.909096, -36.000346], [147.908543, -36.001473], [147.911523, -36.00286], [147.914131, -36.001613], [147.915067, -36.003803], [147.91654, -36.004785], [147.913982, -36.009113], [147.917083, -36.011204], [147.915004, -36.013481], [147.912782, -36.018082], [147.916138, -36.019264], [147.916174, -36.020009], [147.9133, -36.019996], [147.910471, -36.021349], [147.910841, -36.022151], [147.915058, -36.023067], [147.914238, -36.024548], [147.911701, -36.025437], [147.91149, -36.026597], [147.915288, -36.028382], [147.917828, -36.02755], [147.924058, -36.029138], [147.927133, -36.030954], [147.928929, -36.034007], [147.931559, -36.035267], [147.931018, -36.036391], [147.927702, -36.035194], [147.923752, -36.035709], [147.923613, -36.03664], [147.924601, -36.037527], [147.928101, -36.037567], [147.923865, -36.040028], [147.923338, -36.041517], [147.923974, -36.042491], [147.930324, -36.044233], [147.934261, -36.047637], [147.9376, -36.046134], [147.937105, -36.043555], [147.937669, -36.042394], [147.94071, -36.043839], [147.943197, -36.043866], [147.944222, -36.046256], [147.945687, -36.046584], [147.946797, -36.045781], [147.949302, -36.046137], [147.94988, -36.043603], [147.95302, -36.043972], [147.955116, -36.041909], [147.958994, -36.040974], [147.959896, -36.042248], [147.956679, -36.04277], [147.956353, -36.044012], [147.95914, -36.044038], [147.960712, -36.045826], [147.964964, -36.046853], [147.966706, -36.045882], [147.965944, -36.043735], [147.967986, -36.042297], [147.968143, -36.04014], [147.969764, -36.039207], [147.971528, -36.039592], [147.971389, -36.040652], [147.969291, -36.041284], [147.968518, -36.043289], [147.970426, -36.043394], [147.971551, -36.04277], [147.97426, -36.038505], [147.973135, -36.040836], [147.974372, -36.042753], [147.973234, -36.046314], [147.975018, -36.047001], [147.979403, -36.046427], [147.9804, -36.041444], [147.981774, -36.040254], [147.982358, -36.041327], [147.98102, -36.042846], [147.981746, -36.044749], [147.983227, -36.04439], [147.984212, -36.042943], [147.988128, -36.043396], [147.987317, -36.044339], [147.984631, -36.043601], [147.983968, -36.044818], [147.984688, -36.046104], [147.987145, -36.046418], [147.985705, -36.049526], [147.986485, -36.051659], [147.98862, -36.052243], [147.988121, -36.049395], [147.989161, -36.049164], [147.989906, -36.05144], [147.99126, -36.052559], [147.992376, -36.051909], [147.991455, -36.049649], [147.992141, -36.048703], [147.995843, -36.048154], [147.997902, -36.045761], [147.999692, -36.046204], [147.99736, -36.047981], [147.99666, -36.05073], [147.997793, -36.053034], [147.997129, -36.05637], [147.999192, -36.058482], [147.996483, -36.059893], [147.99742, -36.061352], [147.996156, -36.062764], [147.99601, -36.06154], [147.994686, -36.061112], [147.99439, -36.062773], [147.991305, -36.064108], [147.992359, -36.064979], [147.994586, -36.064174], [147.994466, -36.065622], [147.990551, -36.066399], [147.989467, -36.068478], [147.989518, -36.070444], [147.992007, -36.06997], [147.990256, -36.072762], [147.9924, -36.074242], [147.991548, -36.075539], [147.988582, -36.075465], [147.988471, -36.078858], [147.991404, -36.079727], [147.990802, -36.079931], [147.992889, -36.081071], [147.990313, -36.080973], [147.988039, -36.082279], [147.985876, -36.080879], [147.985279, -36.079363], [147.982389, -36.077891], [147.981524, -36.080053], [147.982357, -36.082114], [147.982954, -36.081751], [147.984194, -36.083114], [147.983279, -36.08489], [147.980247, -36.086482], [147.980798, -36.0885], [147.982086, -36.088427], [147.984966, -36.090901], [147.989147, -36.090051], [147.986873, -36.091471], [147.986681, -36.092631], [147.987405, -36.093074], [147.990794, -36.093256], [147.992909, -36.092251], [147.993793, -36.092708], [147.993861, -36.093445], [147.991396, -36.094644], [147.991133, -36.095632], [147.99283, -36.097262], [147.993676, -36.096416], [147.993373, -36.094942], [147.995492, -36.095727], [147.99599, -36.097673], [147.994228, -36.098993], [147.994019, -36.100367], [147.996207, -36.100207], [147.997739, -36.098473], [147.999218, -36.098655], [147.996931, -36.100507], [147.995841, -36.102641], [147.997662, -36.1047], [147.99408, -36.10502], [147.994012, -36.106194], [147.995867, -36.107208], [147.995676, -36.108811], [147.992535, -36.109474], [147.991074, -36.111251], [147.992874, -36.111549], [147.994797, -36.11045], [147.995714, -36.110701], [147.996301, -36.11259], [147.993281, -36.111949], [147.99228, -36.114857], [147.993795, -36.115981], [147.998016, -36.115003], [147.998229, -36.115919], [147.99675, -36.116741], [147.993149, -36.116603], [147.993098, -36.117347], [147.995359, -36.118733], [147.991433, -36.120239], [147.990652, -36.121272], [147.991766, -36.122789], [147.995015, -36.123028], [147.997462, -36.124787], [147.999812, -36.123711], [148.000537, -36.124355], [148.000679, -36.12573], [147.999514, -36.126963], [147.999355, -36.128438], [148.002972, -36.131081], [148.003366, -36.132621], [148.002029, -36.134846], [148.00246, -36.1361], [148.000174, -36.136161], [147.999707, -36.137485], [148.002388, -36.140057], [148.003704, -36.140564], [148.004519, -36.139879], [148.003509, -36.137126], [148.005106, -36.135764], [148.006686, -36.136315], [148.005263, -36.139766], [148.007839, -36.140689], [148.009195, -36.14006], [148.008202, -36.137793], [148.009997, -36.135882], [148.010843, -36.136913], [148.010551, -36.139294], [148.014062, -36.13743], [148.015973, -36.139091], [148.018478, -36.139219], [148.01876, -36.140564], [148.020319, -36.141641], [148.022076, -36.141625], [148.023447, -36.13984], [148.029065, -36.140049], [148.032995, -36.142896], [148.034634, -36.141202], [148.037726, -36.140797], [148.037358, -36.142709], [148.034978, -36.144448], [148.035569, -36.146606], [148.034021, -36.148689], [148.035771, -36.150424], [148.035191, -36.152536], [148.034216, -36.15245], [148.03282, -36.150091], [148.031493, -36.149501], [148.030893, -36.150056], [148.031401, -36.15175], [148.029013, -36.153398], [148.028969, -36.155367], [148.025637, -36.154609], [148.024551, -36.15304], [148.022899, -36.153457], [148.024393, -36.15636], [148.024652, -36.159097], [148.027135, -36.161731], [148.031146, -36.161252], [148.034224, -36.162061], [148.034795, -36.162983], [148.033692, -36.164762], [148.030423, -36.164858], [148.029142, -36.168675], [148.025209, -36.168421], [148.023702, -36.170842], [148.026412, -36.173453], [148.02617, -36.175886], [148.024857, -36.175639], [148.02341, -36.17391], [148.021819, -36.176462], [148.023052, -36.179611], [148.02204, -36.181448], [148.024412, -36.182846], [148.024199, -36.184734], [148.025575, -36.185634], [148.024359, -36.187883], [148.025135, -36.188547], [148.026747, -36.187054], [148.027508, -36.188251], [148.029204, -36.187954], [148.030023, -36.188739], [148.029908, -36.190845], [148.032245, -36.191922], [148.032152, -36.193393], [148.034971, -36.192713], [148.036623, -36.194746], [148.035012, -36.19577], [148.036324, -36.197791], [148.039022, -36.197775], [148.038285, -36.202051], [148.039654, -36.203454], [148.04062, -36.206951], [148.039885, -36.208583], [148.037037, -36.209446], [148.038829, -36.213052], [148.036249, -36.21497], [148.037279, -36.217197], [148.033309, -36.215925], [148.032983, -36.217922], [148.031639, -36.218906], [148.030053, -36.222677], [148.028937, -36.222883], [148.027482, -36.221743], [148.026096, -36.223042], [148.026821, -36.22587], [148.029047, -36.226598], [148.029893, -36.228447], [148.031596, -36.229049], [148.032017, -36.232787], [148.034406, -36.23324], [148.0349, -36.234116], [148.033993, -36.237688], [148.035341, -36.240688], [148.033135, -36.241002], [148.029472, -36.243478], [148.02887, -36.244571], [148.029993, -36.245551], [148.02884, -36.247044], [148.030819, -36.249367], [148.03282, -36.249368], [148.0344, -36.250684], [148.036054, -36.253052], [148.034443, -36.255455], [148.036309, -36.256398], [148.038676, -36.259221], [148.038833, -36.262117], [148.036338, -36.26311], [148.036001, -36.264601], [148.032828, -36.26586], [148.034011, -36.266644], [148.032952, -36.269088], [148.035203, -36.272727], [148.03294, -36.275321], [148.035041, -36.278923], [148.037688, -36.280435], [148.035054, -36.280572], [148.033753, -36.28223], [148.036038, -36.284878], [148.040119, -36.284157], [148.038529, -36.28657], [148.039798, -36.287875], [148.038321, -36.289588], [148.040019, -36.29149], [148.040011, -36.292653], [148.038994, -36.292943], [148.035939, -36.291565], [148.035234, -36.292329], [148.039369, -36.29891], [148.040543, -36.299357], [148.042413, -36.298507], [148.043928, -36.299479], [148.04232, -36.299413], [148.041198, -36.300455], [148.04254, -36.30441], [148.040722, -36.306078], [148.038057, -36.305225], [148.035011, -36.310577], [148.038498, -36.31457], [148.043265, -36.313314], [148.046457, -36.315245], [148.047525, -36.31712], [148.047055, -36.318453], [148.050285, -36.319025], [148.054856, -36.316661], [148.058138, -36.318521], [148.058941, -36.320046], [148.058048, -36.322361], [148.053233, -36.323212], [148.051243, -36.324557], [148.051547, -36.328818], [148.054936, -36.332326], [148.055613, -36.334386], [148.052635, -36.336318], [148.052394, -36.338425], [148.054097, -36.340012], [148.053762, -36.341348], [148.050686, -36.342142], [148.049095, -36.345508], [148.047845, -36.346311], [148.048212, -36.349111], [148.046589, -36.349767], [148.045279, -36.351666], [148.047938, -36.352994], [148.048959, -36.355632], [148.044693, -36.353843], [148.042124, -36.357181], [148.042347, -36.360356], [148.037836, -36.366246], [148.03829, -36.367715], [148.042165, -36.367296], [148.044702, -36.36574], [148.045966, -36.367038], [148.043338, -36.36772], [148.043026, -36.369358], [148.040263, -36.371675], [148.043747, -36.374784], [148.038199, -36.378545], [148.045048, -36.381142], [148.045359, -36.382383], [148.038266, -36.387688], [148.037583, -36.390225], [148.038615, -36.391209], [148.042615, -36.392147], [148.046383, -36.390637], [148.047045, -36.396206], [148.049675, -36.398852], [148.053782, -36.398881], [148.058163, -36.400804], [148.058428, -36.403115], [148.057546, -36.405111], [148.05845, -36.40671], [148.054636, -36.408689], [148.059945, -36.415538], [148.06752, -36.416949], [148.069906, -36.416716], [148.071767, -36.418004], [148.076266, -36.417993], [148.08028, -36.422101], [148.079072, -36.424115], [148.079352, -36.425167], [148.081535, -36.426363], [148.08302, -36.430793], [148.086847, -36.432002], [148.087818, -36.43504], [148.088334, -36.437572], [148.086774, -36.438561], [148.08635, -36.440021], [148.087734, -36.442108], [148.086746, -36.445001], [148.087856, -36.448213], [148.087601, -36.451895], [148.099473, -36.455613], [148.101736, -36.457113], [148.106346, -36.456299], [148.111307, -36.457244], [148.115533, -36.459064], [148.117925, -36.461126], [148.121358, -36.461309], [148.12225, -36.462605], [148.123599, -36.462837], [148.123718, -36.464167], [148.124663, -36.464713], [148.122429, -36.471045], [148.124, -36.472735], [148.123407, -36.47481], [148.125082, -36.47725], [148.124946, -36.479229], [148.12373, -36.480642], [148.119093, -36.481884], [148.126108, -36.484301], [148.126424, -36.485274], [148.123707, -36.48952], [148.120008, -36.491297], [148.119539, -36.493536], [148.11763, -36.495476], [148.124859, -36.498708], [148.125973, -36.499545], [148.125898, -36.501392], [148.128351, -36.502615], [148.12815, -36.508519], [148.129993, -36.5132], [148.132188, -36.51681], [148.139815, -36.525445], [148.13653, -36.530679], [148.136858, -36.532753], [148.135023, -36.534338], [148.133724, -36.534346], [148.133325, -36.536633], [148.134045, -36.539068], [148.128671, -36.541626], [148.129258, -36.54592], [148.126218, -36.548122], [148.124337, -36.550642], [148.131032, -36.558916], [148.131666, -36.561802], [148.133367, -36.563034], [148.132814, -36.56541], [148.13341, -36.566921], [148.135743, -36.567433], [148.137496, -36.565566], [148.141494, -36.565338], [148.146965, -36.563309], [148.149319, -36.561568], [148.149075, -36.558874], [148.150489, -36.558336], [148.151892, -36.561122], [148.158797, -36.565631], [148.156627, -36.57161], [148.162578, -36.572838], [148.162475, -36.574911], [148.160156, -36.579087], [148.160713, -36.579776], [148.165121, -36.578229], [148.165992, -36.576709], [148.165395, -36.575356], [148.165915, -36.57441], [148.169411, -36.573696], [148.170276, -36.574295], [148.171313, -36.578138], [148.173158, -36.578435], [148.176124, -36.577526], [148.179193, -36.580044], [148.18181, -36.578798], [148.185795, -36.578523], [148.190134, -36.57662], [148.191207, -36.577923], [148.189598, -36.581042], [148.19033, -36.584891], [148.194808, -36.586064], [148.196969, -36.585634], [148.201814, -36.588109], [148.203538, -36.586444], [148.20599, -36.586932], [148.20512, -36.588368], [148.203574, -36.588771], [148.204782, -36.592632], [148.206772, -36.59375], [148.209319, -36.592678], [148.210605, -36.592979], [148.211624, -36.59374], [148.211417, -36.595318], [148.217563, -36.598239], [148.216512, -36.59959], [148.212699, -36.600807], [148.213088, -36.601867], [148.215639, -36.603404], [148.21586, -36.604498], [148.21138, -36.606395], [148.209778, -36.610393], [148.208126, -36.610977], [148.208257, -36.608611], [148.206887, -36.608293], [148.203597, -36.610023], [148.202781, -36.611915], [148.204262, -36.61265], [148.210066, -36.612659], [148.214196, -36.61049], [148.213473, -36.614974], [148.216351, -36.616601], [148.214245, -36.619967], [148.215839, -36.620161], [148.218584, -36.618599], [148.219547, -36.619558], [148.219662, -36.623468], [148.22067, -36.625757], [148.21849, -36.62806], [148.216502, -36.628482], [148.2151, -36.634472], [148.212941, -36.63264], [148.211863, -36.632975], [148.213366, -36.637262], [148.215459, -36.638237], [148.216236, -36.63948], [148.212177, -36.639838], [148.211586, -36.643173], [148.209702, -36.644993], [148.209664, -36.646908], [148.211605, -36.647872], [148.211171, -36.650519], [148.208355, -36.65113], [148.206537, -36.653693], [148.203137, -36.653704], [148.203878, -36.656468], [148.20076, -36.658542], [148.200447, -36.659567], [148.203512, -36.662293], [148.197579, -36.664775], [148.196219, -36.667768], [148.197204, -36.669495], [148.199326, -36.670359], [148.199262, -36.672218], [148.198473, -36.673015], [148.195689, -36.672792], [148.190233, -36.674971], [148.189304, -36.676184], [148.18954, -36.678991], [148.18543, -36.683102], [148.184016, -36.683153], [148.18504, -36.685354], [148.187611, -36.686118], [148.185739, -36.687971], [148.189056, -36.688129], [148.185501, -36.690629], [148.184861, -36.692385], [148.182982, -36.692942], [148.182638, -36.691871], [148.182048, -36.692128], [148.180859, -36.697217], [148.173114, -36.702566], [148.171811, -36.710281], [148.170243, -36.712799], [148.168121, -36.714122], [148.165672, -36.711295], [148.162576, -36.711532], [148.161887, -36.71207], [148.161825, -36.71553], [148.158498, -36.716983], [148.154557, -36.720236], [148.149098, -36.719743], [148.148399, -36.721994], [148.144799, -36.724381], [148.143528, -36.7261], [148.14332, -36.728082], [148.140593, -36.729841], [148.139093, -36.732213], [148.13605, -36.732788], [148.134081, -36.731867], [148.130703, -36.734683], [148.130936, -36.735551], [148.136703, -36.738436], [148.13477, -36.743471], [148.131872, -36.744942], [148.133191, -36.746976], [148.132654, -36.750847], [148.131527, -36.751399], [148.129857, -36.750265], [148.128612, -36.75039], [148.127669, -36.751075], [148.128872, -36.751852], [148.128478, -36.752735], [148.125978, -36.753288], [148.125738, -36.754169], [148.123013, -36.754668], [148.120472, -36.756303], [148.119441, -36.758634], [148.120209, -36.759449], [148.126081, -36.759417], [148.122112, -36.762181], [148.121644, -36.764687], [148.119639, -36.765562], [148.116066, -36.765652], [148.112864, -36.768127], [148.111133, -36.771445], [148.110804, -36.773972], [148.108483, -36.775368], [148.108854, -36.776773], [148.104716, -36.780507], [148.105548, -36.784759], [148.103728, -36.787965], [148.101638, -36.788875], [148.098594, -36.78675], [148.097983, -36.787161], [148.100162, -36.791559], [148.101641, -36.790035], [148.103788, -36.791221], [148.104708, -36.789827], [148.106433, -36.793845], [148.107589, -36.794262], [148.10882, -36.797001], [148.110535, -36.798269], [148.108031, -36.798777], [148.108888, -36.800865], [148.112903, -36.800242], [148.114343, -36.802764], [148.115638, -36.802234], [148.117663, -36.803612], [148.117962, -36.804939], [148.120152, -36.806079], [148.120653, -36.804858], [148.121991, -36.804293], [148.121057, -36.803682], [148.122633, -36.802101], [148.122465, -36.801145], [148.12631, -36.801436], [148.126771, -36.796451], [148.129732, -36.795656], [148.131766, -36.79673], [148.135094, -36.797083], [148.135689, -36.796524], [148.134014, -36.795131], [148.136547, -36.795784], [148.136767, -36.79453], [148.137563, -36.795244], [148.141044, -36.794682], [148.141909, -36.795327], [148.143404, -36.794986], [148.144061, -36.795791], [148.14641, -36.795363], [148.149028, -36.794189], [148.148659, -36.79195], [148.149902, -36.791667], [148.151746, -36.793092], [148.152634, -36.79154], [148.156663, -36.790013], [148.157745, -36.790161], [148.15698, -36.79152], [148.158546, -36.793151], [148.160479, -36.793042], [148.161364, -36.79221], [148.163778, -36.79239], [148.163087, -36.79403], [148.163898, -36.794789], [148.168182, -36.792494], [148.176124, -36.796743], [148.179595, -36.796326], [148.182473, -36.804895], [148.186682, -36.804121], [148.189672, -36.801635], [148.19167, -36.798415], [148.194946, -36.796253], [148.198304, -36.797613], [148.202203, -36.764191], [148.217058, -36.756245], [148.232259, -36.748299], [148.244873, -36.715744], [148.257479, -36.695095], [148.25412, -36.653912], [148.255127, -36.644333], [148.264734, -36.626691], [148.298782, -36.610203], [148.314137, -36.598707], [148.302391, -36.585233], [148.288227, -36.562432], [148.266116, -36.538594], [148.265425, -36.501973], [148.280626, -36.481935], [148.286154, -36.430114], [148.335903, -36.383474], [148.374596, -36.345472], [148.389106, -36.320943], [148.384615, -36.29365], [148.394288, -36.292268], [148.412599, -36.290886], [148.428836, -36.27154], [148.439056, -36.261299], [148.455185, -36.250111], [148.449692, -36.235741], [148.447342, -36.22517], [148.439224, -36.20089], [148.454971, -36.192528], [148.456474, -36.163751], [148.469602, -36.154077], [148.475821, -36.141986], [148.471675, -36.12713], [148.489295, -36.118839], [148.494477, -36.102256], [148.510023, -36.100183], [148.52246, -36.089473], [148.540771, -36.097764], [148.561154, -36.10571], [148.578428, -36.099837], [148.584301, -36.087746], [148.57981, -36.071163], [148.585683, -36.055271], [148.571518, -36.029014], [148.578082, -36.002067], [148.543535, -35.982375], [148.491367, -35.946791], [148.480139, -35.975293], [148.471848, -36.003622], [148.452576, -36.003227], [148.442551, -35.991058], [148.43483, -35.978233], [148.387897, -35.972529], [148.37114, -35.975468], [148.354233, -35.974331], [148.350632, -35.967789], [148.3591, -35.960129], [148.362015, -35.949539], [148.362167, -35.942101], [148.361954, -35.930378], [148.365723, -35.91655], [148.36261, -35.91201], [148.362503, -35.89262], [148.36647, -35.882271], [148.367249, -35.864449], [148.360657, -35.845238], [148.360229, -35.827587], [148.355077, -35.797717], [148.353349, -35.769043], [148.311201, -35.697529], [148.280108, -35.707548], [148.249706, -35.702711], [148.160843, -35.695801], [148.130862, -35.673345], [148.139499, -35.645016], [148.129825, -35.619105], [148.094579, -35.614416], [148.088059, -35.570819], [148.052299, -35.566269], [148.026388, -35.575943], [147.940621, -35.574987], [147.890182, -35.551494], [147.855626, -35.558904], [147.817624, -35.55994], [147.762289, -35.55356], [147.700087, -35.542053], [147.677764, -35.565203], [147.65289, -35.557257], [147.622958, -35.55872], [147.600126, -35.552401], [147.586073, -35.541262], [147.566726, -35.528825], [147.545196, -35.516697], [147.529451, -35.515091], [147.51736, -35.503344], [147.508745, -35.522552], [147.495789, -35.526352], [147.494551, -35.539557], [147.484543, -35.560642], [147.46907, -35.567133], [147.441777, -35.553314], [147.419696, -35.554674], [147.404863, -35.566251], [147.387934, -35.57627], [147.371043, -35.561554], [147.370006, -35.542553], [147.346109, -35.526345], [147.302579, -35.510107], [147.235211, -35.498361], [147.223465, -35.483505], [147.192717, -35.478323], [147.168534, -35.466231], [147.148842, -35.480396], [147.118094, -35.466518], [147.084502, -35.455081], [147.058937, -35.478228], [147.029468, -35.490951], [147.003903, -35.491297], [147.002734, -35.515693], [146.98546, -35.52433], [146.964188, -35.529755], [146.914093, -35.559466], [146.903626, -35.574491], [146.878752, -35.578637], [146.800703, -35.569956], [146.814412, -35.481697], [146.783834, -35.472105], [146.795062, -35.438248], [146.80622, -35.419302], [146.844303, -35.193477], [146.833248, -35.164111], [146.792136, -35.115744], [146.768644, -35.104344], [146.760698, -35.089143], [146.680892, -35.074287], [146.656363, -35.064268], [146.41522, -34.948188], [146.33576, -34.912604], [146.31365, -34.909149], [146.272538, -34.891184], [146.260792, -34.896021], [146.237299, -34.887038], [146.197569, -34.936442], [146.15093, -34.912949], [146.13331, -34.920895], [146.091162, -34.907421], [146.059724, -34.91364], [146.028285, -34.901548], [146.005138, -34.90984], [145.959535, -34.889457], [145.801652, -34.876329], [145.772632, -34.865619], [144.629101, -34.857327], [144.409377, -34.83418], [144.329227, -34.802051], [144.304698, -34.813106], [144.28086, -34.80136], [144.271877, -34.787541], [144.252185, -34.784431], [143.903944, -34.664551], [143.935037, -34.419262], [143.921909, -34.399224], [143.928127, -34.374695], [144.015187, -34.28418], [144.030043, -34.259306], [144.057681, -34.257233], [144.074264, -34.204029], [144.087738, -34.182264], [144.108121, -34.190901], [144.122286, -34.171554], [144.157179, -34.181573], [144.173416, -34.19712], [144.178944, -34.210939], [144.210037, -34.228558], [144.23042, -34.225449], [144.240439, -34.211975], [144.250458, -34.205411], [144.270495, -34.213703], [144.289151, -34.203338], [144.317826, -34.214393], [144.344428, -34.213703], [144.384503, -34.205411], [144.40385, -34.192628], [144.444962, -34.194701], [144.478473, -34.192283], [144.508875, -34.185028], [144.525458, -34.16499], [144.552405, -34.160499], [144.55966, -34.124224], [144.602154, -34.104532], [144.629792, -34.089331], [144.651212, -34.079657], [144.691633, -34.077239], [144.68956, -34.055128], [144.663649, -34.049255], [144.576934, -34.044419], [144.571752, -34.006761], [144.565533, -33.955976], [144.579007, -33.895518], [144.539968, -33.883081], [144.55206, -33.808457], [144.548259, -33.78531], [144.557587, -33.767691], [144.55586, -33.736944], [144.519239, -33.729343], [144.528913, -33.615335], [144.449107, -33.603589], [144.457053, -33.518256], [144.429761, -33.510656], [144.433906, -33.453652], [144.399013, -33.452615], [144.384848, -33.427396], [144.387958, -33.362791], [144.366884, -33.357609], [144.361701, -33.311315], [144.376212, -33.29335], [144.365847, -33.280222], [144.366538, -33.265021], [144.29157, -33.260875], [144.286387, -33.239801], [144.269804, -33.226673], [144.254949, -33.218727], [144.265313, -33.137885], [143.907398, -33.104029], [143.904289, -33.143413], [143.88667, -33.152741], [143.858341, -33.153086], [143.830702, -33.135122], [143.814465, -33.149977], [143.768516, -33.155505], [143.748133, -33.147559], [143.737769, -33.151705], [143.731205, -33.166215], [143.702185, -33.172779], [143.686984, -33.178652], [143.671092, -33.160341], [143.653127, -33.151014], [143.591632, -33.140304], [143.607524, -33.023878], [143.689057, -33.030096], [143.698385, -32.955819], [143.714622, -32.947873], [143.69182, -32.939236], [143.620998, -32.928871], [143.620307, -32.883614], [143.518736, -32.870831], [143.509754, -32.914361], [143.446531, -32.900888], [143.454823, -32.805536], [143.29003, -32.788262], [143.292103, -32.775134], [142.970118, -32.748532], [142.948353, -32.892596], [142.513742, -32.848721], [142.555199, -33.018005], [142.443265, -33.00004], [142.432209, -32.980002], [142.374169, -32.970329], [142.379697, -33.024223], [142.346531, -33.047716], [142.317511, -33.055316], [142.294018, -33.0795], [142.291254, -33.096083], [142.303001, -33.110593], [142.291254, -33.11612], [142.28089, -33.133394], [142.133026, -33.121648], [142.124043, -33.098155], [142.019018, -33.0871], [142.030764, -33.149286], [141.638302, -33.100228], [141.583716, -33.091937], [141.58648, -33.001422], [141.397849, -32.980002], [141.34741, -33.378683], [141.32599, -33.366937], [141.297661, -33.350354], [141.259658, -33.344826], [141.260349, -33.365555], [141.00248, -33.335281], [141.002956, -34.021892]]]}}, {"type": "Feature", "properties": {"index": "FWLR", "division": "Fowler", "state": "New South Wales", "year": "1992", "proclaimed": "19920131", "quota": "0", "electors": "0", "deviation": ""}, "geometry": {"type": "Polygon", "coordinates": [[[150.973457, -33.907921], [150.974066, -33.907002], [150.975611, -33.908371], [150.977066, -33.909041], [150.978143, -33.908487], [150.978842, -33.90709], [150.978085, -33.905197], [150.976425, -33.90409], [150.974328, -33.902081], [150.97229, -33.900421], [150.972057, -33.898324], [150.970164, -33.897363], [150.968461, -33.896367], [150.96839, -33.894212], [150.968457, -33.89297], [150.968244, -33.891478], [150.967274, -33.890199], [150.966255, -33.889792], [150.964158, -33.890083], [150.962292, -33.890811], [150.96021, -33.890225], [150.959511, -33.889648], [150.96011, -33.888307], [150.961299, -33.887921], [150.962353, -33.886938], [150.961858, -33.886123], [150.960306, -33.886177], [150.958872, -33.885913], [150.95813, -33.884754], [150.957635, -33.883269], [150.957315, -33.881988], [150.955917, -33.882046], [150.954823, -33.882501], [150.953617, -33.881988], [150.952452, -33.882075], [150.952566, -33.883187], [150.951747, -33.883989], [150.950676, -33.883706], [150.95042, -33.882662], [150.948898, -33.882912], [150.949394, -33.884434], [150.948288, -33.883968], [150.946897, -33.88452], [150.946493, -33.885852], [150.944502, -33.885512], [150.942609, -33.885308], [150.940571, -33.884347], [150.939177, -33.883178], [150.938546, -33.883045], [150.93609, -33.882185], [150.935358, -33.881459], [150.934077, -33.880474], [150.933932, -33.879746], [150.932417, -33.878756], [150.931088, -33.878043], [150.929971, -33.878057], [150.928224, -33.877183], [150.92735, -33.876193], [150.926012, -33.875041], [150.925309, -33.874727], [150.923749, -33.875134], [150.922109, -33.875611], [150.920449, -33.87564], [150.919382, -33.875635], [150.9171, -33.874242], [150.915499, -33.873572], [150.9148, -33.871563], [150.914217, -33.869903], [150.913082, -33.86769], [150.912491, -33.866786], [150.910053, -33.865506], [150.899806, -33.872863], [150.889035, -33.881667], [150.886048, -33.880902], [150.883845, -33.87861], [150.881253, -33.876979], [150.879914, -33.877038], [150.878397, -33.876525], [150.873653, -33.877649], [150.870959, -33.878445], [150.869751, -33.878377], [150.867745, -33.877741], [150.864588, -33.883457], [150.864664, -33.883621], [150.857072, -33.894173], [150.856443, -33.897349], [150.855609, -33.900344], [150.855424, -33.904309], [150.854723, -33.909106], [150.855395, -33.913336], [150.85568, -33.915432], [150.854143, -33.917646], [150.852389, -33.919389], [150.848313, -33.924315], [150.851551, -33.925479], [150.856152, -33.926323], [150.859911, -33.926457], [150.866987, -33.926042], [150.873736, -33.927822], [150.8908, -33.927433], [150.897329, -33.926507], [150.903142, -33.926817], [150.900983, -33.932582], [150.916372, -33.934506], [150.913926, -33.938466], [150.918509, -33.939145], [150.921031, -33.934856], [150.923186, -33.933487], [150.924963, -33.931652], [150.926768, -33.929323], [150.927875, -33.926411], [150.928925, -33.923542], [150.929913, -33.923208], [150.93306, -33.922619], [150.93898, -33.92371], [150.94191, -33.92321], [150.947678, -33.922142], [150.950239, -33.920645], [150.950974, -33.919849], [150.94986, -33.91619], [150.949278, -33.913511], [150.948229, -33.911064], [150.947676, -33.908094], [150.948715, -33.90593], [150.951416, -33.905029], [150.952132, -33.904134], [150.954316, -33.902358], [150.958713, -33.900785], [150.962479, -33.89967], [150.964857, -33.900028], [150.966051, -33.90061], [150.966064, -33.90197], [150.964711, -33.901979], [150.961421, -33.902241], [150.959936, -33.903348], [150.960431, -33.905706], [150.964741, -33.909317], [150.96608, -33.910424], [150.967172, -33.910933], [150.969332, -33.911279], [150.971526, -33.910904], [150.973222, -33.910613], [150.973457, -33.907921]]]}}, {"type": "Feature", "properties": {"index": "GLMR", "division": "Gilmore", "state": "New South Wales", "year": "1992", "proclaimed": "19920131", "quota": "0", "electors": "0", "deviation": ""}, "geometry": {"type": "MultiPolygon", "coordinates": [[[[150.307466, -35.640944], [150.307577, -35.638613], [150.313561, -35.635562], [150.317616, -35.634879], [150.319657, -35.63535], [150.320368, -35.636158], [150.320285, -35.63853], [150.322325, -35.640059], [150.326048, -35.637215], [150.326363, -35.634767], [150.329894, -35.62958], [150.327457, -35.629192], [150.327969, -35.626293], [150.324647, -35.627642], [150.323117, -35.626168], [150.322765, -35.624308], [150.323965, -35.622556], [150.323951, -35.619908], [150.325369, -35.617946], [150.324568, -35.616385], [150.322776, -35.616454], [150.323435, -35.615251], [150.322605, -35.613539], [150.323913, -35.612449], [150.325842, -35.6123], [150.327665, -35.609516], [150.330371, -35.608143], [150.334119, -35.611107], [150.336057, -35.609217], [150.334555, -35.606814], [150.334094, -35.603567], [150.33834, -35.605395], [150.339991, -35.603519], [150.34564, -35.604252], [150.341791, -35.601183], [150.342982, -35.599558], [150.340029, -35.597308], [150.342733, -35.597464], [150.343273, -35.595058], [150.346478, -35.593709], [150.346565, -35.591602], [150.348251, -35.590691], [150.346852, -35.589651], [150.346391, -35.587906], [150.34917, -35.58829], [150.352646, -35.585789], [150.352861, -35.582981], [150.354291, -35.58228], [150.357367, -35.577987], [150.362302, -35.57608], [150.362514, -35.573679], [150.364353, -35.572297], [150.364873, -35.570642], [150.366433, -35.570219], [150.368318, -35.571676], [150.372042, -35.570523], [150.376802, -35.571802], [150.376591, -35.56998], [150.379054, -35.56844], [150.375564, -35.566478], [150.375839, -35.563551], [150.379074, -35.5634], [150.379674, -35.561615], [150.381344, -35.561833], [150.384088, -35.563767], [150.386919, -35.562708], [150.387115, -35.561681], [150.386309, -35.561035], [150.387489, -35.560141], [150.387488, -35.559065], [150.386149, -35.558609], [150.385877, -35.557572], [150.382743, -35.557946], [150.381625, -35.555993], [150.385042, -35.546132], [150.386284, -35.546189], [150.385883, -35.54508], [150.388075, -35.5429], [150.392492, -35.544512], [150.393103, -35.543419], [150.390469, -35.541875], [150.390555, -35.53988], [150.392462, -35.53628], [150.396202, -35.53312], [150.397554, -35.532604], [150.39989, -35.533435], [150.401037, -35.531986], [150.402651, -35.531712], [150.4039, -35.532136], [150.403444, -35.534514], [150.406331, -35.533928], [150.405041, -35.531725], [150.407352, -35.530522], [150.40767, -35.529616], [150.405968, -35.52812], [150.405969, -35.526425], [150.40432, -35.525867], [150.401744, -35.521862], [150.400936, -35.519055], [150.402182, -35.518448], [150.400687, -35.516706], [150.399293, -35.516883], [150.398621, -35.515939], [150.39933, -35.514068], [150.401623, -35.513985], [150.400976, -35.511755], [150.398098, -35.510986], [150.397877, -35.508888], [150.401564, -35.50793], [150.401584, -35.506192], [150.400697, -35.50573], [150.399681, -35.50649], [150.397093, -35.504956], [150.393661, -35.505663], [150.392188, -35.503803], [150.393024, -35.502479], [150.39274, -35.501234], [150.391579, -35.500885], [150.390874, -35.498431], [150.391302, -35.495219], [150.392965, -35.493554], [150.395665, -35.492887], [150.390781, -35.491825], [150.389433, -35.48864], [150.391316, -35.482862], [150.394399, -35.48161], [150.395711, -35.479957], [150.39472, -35.478185], [150.394653, -35.475798], [150.391666, -35.474902], [150.390782, -35.473473], [150.391113, -35.468995], [150.392847, -35.464609], [150.394436, -35.462268], [150.396695, -35.462031], [150.395844, -35.460059], [150.397275, -35.458479], [150.398644, -35.458607], [150.399758, -35.456725], [150.402163, -35.456517], [150.402992, -35.458307], [150.403749, -35.458115], [150.403248, -35.455941], [150.401226, -35.45565], [150.400862, -35.452788], [150.406091, -35.445871], [150.40924, -35.444469], [150.410493, -35.445382], [150.411964, -35.444747], [150.41295, -35.445688], [150.415734, -35.445422], [150.414636, -35.443135], [150.412885, -35.443902], [150.410629, -35.441504], [150.410745, -35.436522], [150.414645, -35.430726], [150.423084, -35.420975], [150.43751, -35.409891], [150.439771, -35.409407], [150.442233, -35.410905], [150.445017, -35.410866], [150.445837, -35.409329], [150.445581, -35.407354], [150.449098, -35.406757], [150.446814, -35.401784], [150.450347, -35.400282], [150.449378, -35.400085], [150.449887, -35.399493], [150.448444, -35.398457], [150.448758, -35.395575], [150.447303, -35.394922], [150.452093, -35.389968], [150.457246, -35.385941], [150.45894, -35.385648], [150.46137, -35.381173], [150.466447, -35.37643], [150.468706, -35.376891], [150.471992, -35.375292], [150.475542, -35.371695], [150.475222, -35.370952], [150.477182, -35.370611], [150.478544, -35.367845], [150.485053, -35.36667], [150.485909, -35.365733], [150.489707, -35.367776], [150.492479, -35.366331], [150.490751, -35.361605], [150.489006, -35.360525], [150.485846, -35.359463], [150.484068, -35.360749], [150.483391, -35.359063], [150.479403, -35.359969], [150.478973, -35.358493], [150.478117, -35.358371], [150.479139, -35.357147], [150.478886, -35.355946], [150.478334, -35.357237], [150.476902, -35.357988], [150.47571, -35.357821], [150.474882, -35.356554], [150.475801, -35.354603], [150.478041, -35.355292], [150.477353, -35.354035], [150.478306, -35.353], [150.4831, -35.354381], [150.484291, -35.354306], [150.485034, -35.353284], [150.484665, -35.350583], [150.48332, -35.350629], [150.480628, -35.349354], [150.478864, -35.347387], [150.475586, -35.346446], [150.47558, -35.34557], [150.477188, -35.345121], [150.477964, -35.343698], [150.478338, -35.342082], [150.47713, -35.341515], [150.478423, -35.341148], [150.477378, -35.339893], [150.477125, -35.340896], [150.475737, -35.340616], [150.474417, -35.33918], [150.474529, -35.334856], [150.475899, -35.330281], [150.478327, -35.326652], [150.480871, -35.324779], [150.483512, -35.324921], [150.485016, -35.326791], [150.487294, -35.324977], [150.48545, -35.321448], [150.484279, -35.321298], [150.483144, -35.322305], [150.478084, -35.319696], [150.475162, -35.319464], [150.47376, -35.317168], [150.471901, -35.316547], [150.472823, -35.307794], [150.474264, -35.305429], [150.475958, -35.305335], [150.476601, -35.304187], [150.475273, -35.30243], [150.473651, -35.302752], [150.473556, -35.30218], [150.475189, -35.297077], [150.478024, -35.291824], [150.480096, -35.290686], [150.479656, -35.289831], [150.481359, -35.287915], [150.489199, -35.28071], [150.507207, -35.268503], [150.507682, -35.268216], [150.508422, -35.269433], [150.51308, -35.26989], [150.513018, -35.26843], [150.514506, -35.267739], [150.513839, -35.267271], [150.514607, -35.266925], [150.514454, -35.263948], [150.518198, -35.260359], [150.522587, -35.258927], [150.527142, -35.259876], [150.527454, -35.259228], [150.526306, -35.257674], [150.526822, -35.255794], [150.530692, -35.252651], [150.535859, -35.24987], [150.538923, -35.249689], [150.539247, -35.251291], [150.541876, -35.249468], [150.543859, -35.249703], [150.545226, -35.248436], [150.544736, -35.247478], [150.54187, -35.246515], [150.542043, -35.242952], [150.539231, -35.243621], [150.538121, -35.244959], [150.535879, -35.244286], [150.535088, -35.244968], [150.533043, -35.243838], [150.531116, -35.241207], [150.530748, -35.237826], [150.531622, -35.235799], [150.5302, -35.235074], [150.531884, -35.233926], [150.530686, -35.231685], [150.535593, -35.225076], [150.535522, -35.223386], [150.540554, -35.219998], [150.540879, -35.218869], [150.539727, -35.219048], [150.539216, -35.217886], [150.540543, -35.215675], [150.546422, -35.211162], [150.549735, -35.210839], [150.550688, -35.2095], [150.553604, -35.208717], [150.556023, -35.205225], [150.559082, -35.204014], [150.563802, -35.198375], [150.572751, -35.193035], [150.587021, -35.188398], [150.593591, -35.191773], [150.595247, -35.191583], [150.59742, -35.190064], [150.593432, -35.188165], [150.593971, -35.185018], [150.592547, -35.184281], [150.591249, -35.172472], [150.594652, -35.170638], [150.601334, -35.170066], [150.601016, -35.164528], [150.605105, -35.156175], [150.604378, -35.154313], [150.602606, -35.153179], [150.596246, -35.15218], [150.59343, -35.146914], [150.592868, -35.143937], [150.58961, -35.143941], [150.587379, -35.142424], [150.585885, -35.138164], [150.589542, -35.133907], [150.596947, -35.130945], [150.598912, -35.127192], [150.595292, -35.125253], [150.590511, -35.124766], [150.587868, -35.122053], [150.588338, -35.121181], [150.586461, -35.120235], [150.584426, -35.121494], [150.582667, -35.124346], [150.580054, -35.126578], [150.569959, -35.13035], [150.573432, -35.125707], [150.574358, -35.122863], [150.568448, -35.121414], [150.565494, -35.119567], [150.562797, -35.121898], [150.560485, -35.120995], [150.556833, -35.122452], [150.544818, -35.12293], [150.543812, -35.12127], [150.544057, -35.119495], [150.54138, -35.118777], [150.544753, -35.119152], [150.545395, -35.119797], [150.545727, -35.119024], [150.547256, -35.119354], [150.550334, -35.118283], [150.553066, -35.116095], [150.556924, -35.118216], [150.558754, -35.11295], [150.562283, -35.113067], [150.565448, -35.111967], [150.568716, -35.112856], [150.564842, -35.109405], [150.565456, -35.102507], [150.564882, -35.10368], [150.562499, -35.104179], [150.56116, -35.105839], [150.557978, -35.106423], [150.557318, -35.105908], [150.557095, -35.103188], [150.559321, -35.10203], [150.557984, -35.100241], [150.555863, -35.100554], [150.554854, -35.100997], [150.555775, -35.101699], [150.554416, -35.104818], [150.553319, -35.106578], [150.552258, -35.106878], [150.550104, -35.105903], [150.549499, -35.10304], [150.555795, -35.098751], [150.559049, -35.095003], [150.563048, -35.093674], [150.566611, -35.094264], [150.571302, -35.096484], [150.572814, -35.096471], [150.57575, -35.098476], [150.579468, -35.099236], [150.579869, -35.097805], [150.57671, -35.091206], [150.576903, -35.088371], [150.581369, -35.090106], [150.583019, -35.09211], [150.586233, -35.093915], [150.584707, -35.089191], [150.583333, -35.08932], [150.58714, -35.088315], [150.588529, -35.090337], [150.592127, -35.090524], [150.595133, -35.092443], [150.594332, -35.094833], [150.595131, -35.09635], [150.59433, -35.09937], [150.59525, -35.101546], [150.598832, -35.099372], [150.605263, -35.098915], [150.608427, -35.099961], [150.609991, -35.099461], [150.612563, -35.101522], [150.612215, -35.103311], [150.611189, -35.104155], [150.61597, -35.103984], [150.620558, -35.106175], [150.621445, -35.108866], [150.620645, -35.112271], [150.619201, -35.113217], [150.615672, -35.113474], [150.613533, -35.115405], [150.614193, -35.116536], [150.619427, -35.116036], [150.623425, -35.117081], [150.625581, -35.115808], [150.633596, -35.115236], [150.638256, -35.116681], [150.639977, -35.113289], [150.638916, -35.109053], [150.640063, -35.10795], [150.640289, -35.103614], [150.643139, -35.101867], [150.645399, -35.102311], [150.647068, -35.101652], [150.649971, -35.103255], [150.652474, -35.103054], [150.657742, -35.105186], [150.658143, -35.111297], [150.659351, -35.112763], [150.661053, -35.117824], [150.701604, -35.122862], [150.699737, -35.121545], [150.697787, -35.118526], [150.695, -35.111113], [150.693814, -35.104802], [150.694054, -35.101008], [150.693393, -35.100379], [150.694209, -35.099234], [150.693304, -35.096715], [150.693475, -35.093036], [150.694448, -35.092163], [150.693925, -35.089973], [150.692603, -35.088714], [150.693556, -35.085293], [150.691608, -35.083161], [150.693619, -35.076419], [150.697959, -35.071135], [150.697125, -35.070219], [150.694223, -35.07065], [150.693025, -35.072182], [150.690018, -35.07154], [150.688889, -35.072156], [150.683136, -35.069582], [150.676828, -35.069026], [150.675106, -35.065935], [150.674287, -35.061513], [150.677356, -35.050677], [150.67951, -35.049259], [150.677199, -35.048816], [150.676243, -35.047757], [150.677648, -35.042719], [150.675093, -35.04053], [150.673807, -35.040487], [150.673389, -35.037653], [150.67113, -35.037153], [150.676735, -35.026731], [150.684441, -35.019328], [150.692061, -35.014115], [150.699212, -35.010532], [150.709141, -35.007434], [150.712805, -35.007289], [150.715185, -35.008504], [150.717426, -35.007157], [150.717997, -35.00813], [150.717529, -35.00866], [150.714109, -35.00892], [150.714805, -35.010222], [150.716228, -35.009734], [150.717097, -35.010592], [150.720654, -35.008099], [150.724612, -35.007194], [150.728397, -35.007549], [150.729004, -35.006747], [150.726868, -35.006391], [150.726015, -35.004288], [150.726517, -35.00287], [150.72457, -35.000911], [150.724829, -34.998169], [150.726267, -34.99665], [150.736708, -34.992805], [150.740907, -34.991957], [150.749203, -34.992321], [150.750987, -34.990845], [150.760349, -34.992211], [150.767618, -34.996178], [150.774208, -35.002118], [150.774051, -35.003177], [150.771654, -35.004994], [150.776309, -35.001918], [150.778271, -35.002448], [150.777417, -35.008803], [150.776165, -35.01135], [150.770519, -35.013825], [150.768608, -35.013695], [150.767252, -35.015173], [150.768208, -35.015813], [150.770774, -35.02194], [150.773796, -35.022556], [150.77508, -35.023644], [150.775304, -35.026707], [150.780098, -35.027724], [150.785012, -35.030788], [150.787111, -35.036227], [150.786657, -35.039934], [150.781407, -35.045887], [150.779248, -35.053844], [150.777649, -35.055046], [150.77645, -35.055103], [150.775738, -35.054144], [150.775632, -35.056334], [150.7769, -35.057021], [150.775701, -35.057579], [150.773507, -35.065335], [150.773462, -35.079261], [150.776331, -35.078274], [150.777199, -35.078776], [150.776154, -35.083012], [150.779737, -35.077946], [150.78158, -35.077331], [150.781235, -35.072909], [150.786259, -35.072542], [150.788486, -35.074583], [150.788064, -35.076331], [150.788776, -35.07739], [150.790775, -35.076517], [150.792547, -35.077433], [150.793643, -35.076603], [150.793642, -35.077763], [150.792251, -35.078979], [150.793051, -35.079695], [150.793416, -35.078664], [150.794093, -35.080697], [150.795292, -35.081627], [150.798925, -35.080325], [150.799116, -35.08293], [150.799932, -35.082672], [150.80028, -35.083846], [150.80014, -35.086365], [150.798974, -35.088197], [150.799512, -35.09063], [150.802449, -35.093793], [150.803978, -35.094595], [150.805821, -35.094438], [150.808586, -35.092148], [150.810603, -35.088956], [150.81003, -35.088097], [150.811577, -35.088555], [150.815002, -35.085764], [150.81542, -35.084619], [150.81794, -35.084963], [150.819661, -35.083431], [150.819619, -35.082001], [150.820791, -35.081713], [150.82399, -35.078521], [150.825606, -35.075916], [150.828283, -35.074699], [150.828509, -35.076159], [150.830073, -35.075429], [150.830542, -35.076373], [150.833758, -35.074355], [150.832431, -35.073005], [150.833862, -35.07205], [150.834852, -35.068987], [150.836156, -35.067971], [150.836607, -35.064879], [150.837841, -35.065623], [150.838919, -35.064005], [150.83801, -35.061621], [150.839179, -35.062345], [150.840204, -35.061243], [150.841073, -35.058666], [150.84038, -35.058275], [150.841177, -35.05785], [150.841037, -35.053614], [150.841785, -35.053499], [150.842983, -35.050636], [150.840307, -35.048762], [150.839126, -35.050684], [150.83671, -35.049493], [150.834573, -35.04321], [150.833418, -35.043685], [150.832939, -35.041622], [150.831646, -35.041184], [150.835337, -35.039632], [150.836031, -35.033849], [150.835267, -35.032089], [150.836066, -35.032618], [150.838393, -35.029855], [150.839573, -35.023658], [150.840755, -35.0237], [150.843221, -35.021624], [150.842804, -35.020637], [150.843516, -35.020522], [150.845009, -35.017015], [150.84803, -35.01481], [150.849645, -35.014752], [150.849715, -35.012891], [150.846536, -35.011848], [150.84657, -35.01013], [150.845545, -35.009515], [150.846587, -35.009314], [150.846587, -35.008384], [150.843026, -35.004435], [150.842171, -35.004572], [150.841742, -35.006668], [150.840873, -35.006783], [150.837018, -35.005767], [150.836271, -35.005009], [150.836705, -35.004036], [150.835194, -35.003091], [150.830645, -35.005182], [150.829846, -35.002907], [150.829134, -35.00335], [150.829446, -35.005025], [150.827015, -35.008675], [150.827345, -35.010221], [150.825296, -35.011023], [150.821423, -35.014745], [150.817185, -35.014874], [150.810238, -35.012456], [150.79805, -35.003854], [150.792073, -34.995192], [150.784718, -34.986574], [150.779433, -34.973075], [150.779055, -34.967306], [150.781087, -34.964371], [150.778641, -34.96334], [150.777013, -34.95916], [150.776325, -34.947837], [150.777561, -34.940479], [150.78001, -34.934466], [150.78152, -34.932677], [150.784764, -34.931704], [150.785753, -34.930429], [150.783915, -34.929685], [150.779839, -34.9299], [150.778747, -34.930186], [150.777757, -34.931918], [150.774965, -34.931589], [150.772365, -34.930071], [150.768621, -34.926048], [150.766043, -34.918718], [150.76563, -34.913135], [150.767283, -34.905878], [150.768392, -34.905849], [150.768272, -34.904232], [150.769087, -34.904332], [150.769782, -34.90197], [150.768967, -34.90187], [150.769592, -34.90051], [150.771898, -34.899494], [150.770391, -34.897761], [150.770895, -34.895815], [150.760049, -34.900442], [150.755778, -34.8968], [150.751467, -34.890586], [150.74952, -34.885124], [150.748675, -34.878541], [150.748369, -34.872537], [150.749519, -34.864921], [150.749538, -34.85516], [150.755037, -34.833799], [150.760547, -34.820646], [150.767684, -34.808854], [150.782121, -34.791323], [150.789596, -34.784539], [150.7974, -34.7789], [150.807472, -34.774119], [150.811494, -34.772974], [150.815115, -34.772534], [150.81848, -34.774333], [150.81997, -34.77638], [150.819814, -34.77794], [150.820975, -34.780345], [150.823922, -34.78262], [150.825135, -34.782505], [150.82309, -34.780917], [150.822899, -34.779171], [150.824303, -34.777166], [150.822899, -34.773159], [150.828498, -34.769192], [150.828238, -34.766344], [150.826962, -34.763963], [150.827909, -34.761721], [150.830283, -34.759444], [150.831825, -34.759114], [150.834113, -34.75492], [150.836556, -34.755134], [150.837007, -34.754547], [150.832813, -34.752257], [150.832207, -34.751142], [150.835741, -34.749022], [150.836145, -34.746106], [150.835902, -34.744745], [150.834428, -34.74413], [150.832954, -34.741867], [150.833299, -34.738644], [150.835239, -34.73469], [150.839309, -34.72989], [150.842393, -34.728743], [150.846035, -34.725446], [150.846237, -34.723327], [150.84809, -34.720719], [150.846216, -34.716981], [150.847532, -34.715792], [150.850374, -34.715117], [150.851534, -34.71377], [150.849763, -34.708414], [150.852583, -34.706574], [150.849982, -34.703602], [150.851259, -34.702256], [150.856019, -34.700538], [150.851956, -34.697455], [150.857168, -34.695089], [150.85715, -34.693384], [150.854672, -34.692584], [150.854428, -34.690163], [150.860942, -34.688143], [150.861011, -34.686959], [150.858825, -34.686322], [150.859497, -34.681895], [150.857297, -34.681983], [150.855894, -34.681024], [150.8552, -34.679277], [150.856342, -34.678159], [150.855094, -34.676398], [150.85582, -34.675394], [150.858798, -34.675235], [150.858918, -34.672428], [150.861256, -34.672985], [150.864679, -34.671917], [150.862517, -34.669718], [150.860404, -34.669462], [150.859355, -34.670214], [150.860326, -34.670428], [150.859698, -34.671183], [150.858933, -34.670551], [150.858051, -34.67134], [150.85677, -34.671197], [150.856162, -34.669779], [150.857505, -34.668922], [150.857435, -34.667808], [150.854772, -34.663378], [150.85503, -34.660112], [150.857449, -34.654953], [150.860409, -34.653777], [150.863163, -34.653961], [150.863646, -34.652787], [150.862641, -34.651341], [150.864787, -34.650351], [150.864181, -34.649721], [150.865478, -34.64889], [150.863591, -34.647716], [150.860042, -34.649051], [150.856594, -34.64603], [150.857043, -34.644856], [150.855708, -34.64212], [150.856104, -34.639126], [150.857314, -34.636562], [150.861794, -34.632462], [150.862029, -34.629456], [150.860053, -34.628061], [150.85754, -34.625548], [150.850922, -34.617949], [150.848103, -34.616295], [150.84798, -34.61366], [150.845897, -34.613782], [150.84173, -34.613782], [150.839707, -34.611086], [150.836582, -34.610657], [150.835969, -34.613292], [150.839217, -34.61605], [150.841791, -34.619175], [150.845886, -34.621971], [150.847748, -34.62458], [150.849136, -34.62804], [150.8489, -34.633208], [150.846741, -34.63586], [150.844559, -34.636662], [150.842651, -34.634983], [150.844242, -34.633208], [150.845886, -34.63113], [150.844376, -34.629673], [150.84111, -34.631493], [150.836075, -34.632301], [150.833633, -34.634121], [150.831619, -34.638531], [150.830638, -34.638479], [150.827941, -34.639582], [150.824692, -34.640823], [150.819901, -34.641293], [150.815195, -34.638846], [150.816101, -34.641762], [150.809418, -34.642132], [150.804838, -34.644607], [150.800568, -34.644764], [150.799179, -34.642632], [150.798281, -34.639306], [150.798894, -34.635139], [150.80015, -34.631952], [150.800181, -34.628153], [150.794359, -34.626896], [150.795921, -34.621075], [150.796381, -34.613384], [150.789518, -34.612036], [150.791111, -34.600607], [150.778548, -34.598217], [150.775852, -34.599258], [150.768345, -34.596409], [150.767671, -34.605111], [150.760225, -34.60459], [150.759428, -34.611852], [150.69928, -34.603487], [150.700353, -34.601066], [150.698422, -34.600116], [150.696185, -34.601648], [150.692968, -34.603027], [150.690057, -34.601219], [150.687698, -34.600944], [150.684481, -34.599718], [150.680834, -34.599994], [150.675258, -34.595428], [150.670447, -34.592333], [150.66818, -34.588748], [150.664778, -34.582865], [150.665483, -34.580108], [150.661776, -34.579342], [150.657731, -34.579771], [150.654698, -34.57925], [150.648998, -34.577718], [150.645046, -34.577902], [150.641553, -34.577473], [150.641216, -34.575542], [150.639684, -34.574409], [150.639132, -34.571344], [150.639867, -34.569077], [150.640633, -34.565952], [150.639684, -34.563868], [150.640572, -34.560927], [150.640143, -34.558353], [150.640358, -34.557066], [150.632387, -34.56127], [150.628441, -34.561238], [150.626698, -34.560251], [150.624297, -34.559922], [150.623442, -34.562191], [150.594569, -34.575937], [150.590491, -34.576167], [150.588683, -34.577154], [150.588222, -34.577318], [150.582402, -34.577516], [150.578883, -34.576529], [150.576252, -34.577154], [150.571188, -34.577549], [150.569576, -34.578996], [150.567538, -34.577285], [150.565926, -34.577713], [150.562013, -34.578009], [150.555863, -34.577022], [150.551753, -34.576069], [150.547971, -34.575082], [150.544682, -34.57528], [150.541624, -34.576496], [150.538138, -34.577812], [150.532844, -34.577976], [150.529786, -34.579127], [150.526957, -34.577779], [150.52459, -34.578009], [150.523209, -34.575543], [150.521531, -34.574688], [150.520545, -34.571958], [150.518802, -34.569459], [150.517092, -34.567979], [150.514922, -34.567387], [150.513935, -34.569656], [150.513475, -34.572221], [150.51262, -34.573569], [150.510975, -34.57278], [150.510219, -34.570084], [150.509956, -34.567223], [150.508377, -34.565842], [150.505812, -34.565151], [150.503872, -34.566401], [150.502294, -34.568538], [150.502984, -34.571399], [150.505779, -34.575148], [150.499663, -34.575839], [150.498019, -34.574885], [150.495158, -34.574984], [150.493612, -34.573767], [150.492527, -34.570643], [150.49131, -34.570182], [150.490981, -34.569097], [150.494171, -34.567913], [150.495552, -34.566269], [150.49496, -34.563474], [150.493283, -34.561731], [150.490817, -34.559988], [150.488515, -34.55933], [150.486575, -34.558344], [150.48572, -34.555187], [150.48618, -34.551898], [150.4823, -34.540586], [150.481247, -34.537889], [150.478195, -34.534374], [150.478195, -34.529186], [150.475723, -34.527386], [150.474228, -34.525364], [150.468506, -34.522896], [150.467941, -34.520985], [150.467529, -34.517265], [150.465068, -34.515001], [150.462753, -34.513996], [150.462067, -34.511417], [150.457169, -34.511425], [150.456894, -34.511986], [150.452703, -34.512173], [150.450226, -34.510536], [150.448166, -34.507717], [150.44435, -34.509082], [150.44191, -34.510437], [150.439041, -34.513756], [150.437622, -34.513664], [150.43103, -34.513496], [150.423416, -34.515087], [150.421509, -34.517906], [150.41864, -34.516335], [150.417557, -34.516117], [150.41333, -34.516228], [150.409927, -34.518486], [150.406891, -34.523228], [150.405975, -34.525894], [150.403275, -34.528076], [150.40097, -34.528755], [150.399857, -34.531647], [150.396088, -34.534405], [150.39305, -34.533088], [150.389526, -34.530018], [150.389695, -34.526248], [150.389959, -34.522039], [150.39032, -34.516148], [150.391541, -34.512318], [150.389893, -34.509506], [150.392334, -34.507248], [150.393143, -34.504536], [150.389367, -34.502373], [150.383908, -34.498822], [150.379929, -34.497566], [150.37558, -34.499947], [150.37299, -34.499743], [150.371078, -34.496677], [150.368362, -34.495327], [150.36441, -34.496685], [150.361743, -34.495928], [150.355423, -34.493767], [150.349304, -34.495575], [150.343196, -34.494481], [150.3414, -34.493217], [150.340164, -34.489948], [150.336777, -34.491188], [150.333067, -34.491258], [150.331192, -34.489395], [150.33432, -34.487705], [150.331726, -34.484097], [150.326754, -34.483037], [150.323563, -34.481735], [150.320297, -34.481857], [150.320557, -34.479488], [150.322601, -34.478249], [150.324097, -34.480389], [150.324783, -34.480717], [150.326416, -34.479706], [150.325372, -34.47771], [150.320953, -34.473625], [150.319595, -34.472946], [150.316055, -34.473736], [150.309937, -34.479038], [150.307023, -34.479091], [150.295381, -34.473764], [150.285446, -34.467678], [150.283798, -34.467678], [150.284897, -34.469929], [150.288574, -34.471275], [150.288696, -34.472408], [150.287028, -34.472974], [150.282166, -34.473537], [150.280188, -34.476789], [150.276966, -34.480275], [150.273468, -34.482109], [150.265324, -34.483366], [150.261902, -34.484138], [150.263138, -34.487186], [150.262314, -34.489437], [150.259186, -34.488087], [150.25638, -34.488167], [150.253617, -34.48797], [150.249115, -34.486397], [150.24704, -34.489285], [150.245067, -34.491587], [150.240814, -34.492378], [150.240529, -34.490666], [150.242035, -34.485947], [150.243393, -34.482456], [150.243226, -34.480209], [150.240936, -34.477497], [150.236313, -34.478508], [150.234131, -34.478737], [150.230598, -34.479551], [150.225555, -34.480316], [150.223938, -34.478848], [150.222311, -34.475342], [150.21797, -34.476789], [150.213181, -34.478848], [150.212097, -34.478069], [150.210587, -34.475918], [150.207321, -34.476707], [150.203659, -34.474228], [150.202972, -34.473099], [150.20108, -34.470169], [150.197976, -34.471264], [150.193726, -34.470509], [150.191818, -34.468479], [150.190018, -34.465805], [150.187607, -34.46172], [150.184601, -34.46093], [150.181198, -34.46431], [150.177536, -34.464417], [150.178574, -34.458768], [150.179443, -34.452358], [150.181625, -34.448757], [150.176041, -34.448078], [150.172226, -34.445709], [150.170746, -34.44323], [150.170868, -34.441757], [150.173737, -34.439289], [150.174286, -34.437599], [150.177139, -34.434097], [150.180542, -34.433086], [150.183395, -34.433987], [150.185974, -34.436359], [150.189789, -34.435799], [150.19101, -34.433319], [150.191956, -34.42791], [150.192254, -34.424831], [150.191833, -34.42149], [150.192108, -34.415058], [150.19632, -34.410667], [150.196732, -34.407848], [150.195908, -34.407059], [150.190281, -34.405626], [150.186386, -34.403908], [150.184362, -34.401219], [150.182999, -34.39996], [150.18081, -34.39655], [150.180817, -34.393757], [150.182454, -34.394379], [150.184906, -34.394329], [150.187387, -34.388854], [150.188034, -34.383957], [150.185715, -34.380688], [150.18765, -34.378265], [150.18252, -34.37478], [150.181336, -34.372215], [150.178528, -34.371109], [150.175385, -34.37426], [150.17308, -34.374939], [150.171326, -34.374489], [150.171734, -34.371031], [150.171326, -34.36998], [150.167919, -34.368532], [150.164658, -34.370537], [150.162354, -34.373917], [150.159363, -34.370987], [150.15773, -34.374027], [150.154173, -34.374977], [150.150556, -34.378463], [150.146027, -34.380787], [150.142776, -34.380669], [150.144806, -34.376167], [150.148483, -34.374249], [150.148621, -34.371658], [150.145952, -34.368005], [150.141216, -34.3684], [150.136398, -34.369617], [150.133942, -34.372219], [150.129707, -34.374385], [150.122528, -34.377167], [150.115723, -34.38076], [150.113953, -34.38448], [150.108643, -34.387409], [150.108231, -34.397099], [150.115005, -34.41119], [150.106567, -34.41975], [150.100433, -34.429428], [150.095123, -34.433491], [150.087921, -34.43224], [150.087992, -34.442495], [150.076599, -34.447098], [150.06366, -34.458359], [150.059433, -34.463871], [150.059006, -34.472771], [150.063354, -34.475597], [150.065674, -34.473801], [150.071396, -34.47155], [150.071915, -34.481129], [150.067688, -34.484501], [150.070267, -34.492729], [150.07666, -34.495781], [150.082642, -34.495789], [150.089294, -34.504589], [150.092422, -34.513611], [150.082062, -34.515961], [150.075531, -34.516861], [150.067642, -34.512108], [150.062042, -34.518761], [150.05632, -34.5201], [150.045822, -34.526958], [150.050034, -34.53677], [150.056961, -34.539589], [150.063492, -34.545578], [150.072342, -34.543331], [150.078613, -34.545708], [150.083633, -34.554279], [150.087723, -34.55349], [150.094528, -34.555187], [150.092743, -34.561161], [150.093552, -34.569611], [150.093414, -34.57333], [150.084, -34.575581], [150.082642, -34.581551], [150.08139, -34.585598], [150.085617, -34.59203], [150.088074, -34.593388], [150.0867, -34.597561], [150.092529, -34.609509], [150.092311, -34.621539], [150.074691, -34.63674], [150.080737, -34.653841], [150.073827, -34.666451], [150.063118, -34.678715], [150.024597, -34.697544], [150.054308, -34.715854], [150.045792, -34.725849], [150.045364, -34.732269], [150.03894, -34.73925], [150.044525, -34.745911], [150.041107, -34.75119], [150.046005, -34.75819], [150.046362, -34.769921], [150.046017, -34.777695], [150.050308, -34.78355], [150.041534, -34.793789], [150.044937, -34.800892], [150.041656, -34.806641], [150.036041, -34.807751], [150.037384, -34.815079], [150.040649, -34.824211], [150.042953, -34.831429], [150.041718, -34.834129], [150.037445, -34.844261], [150.04126, -34.851372], [150.040558, -34.859261], [150.044937, -34.862309], [150.052155, -34.87178], [150.055604, -34.880388], [150.059647, -34.883621], [150.062859, -34.888852], [150.065231, -34.890171], [150.068559, -34.892998], [150.072464, -34.894119], [150.079178, -34.897289], [150.083282, -34.894138], [150.086685, -34.898312], [150.081345, -34.903149], [150.087204, -34.910488], [150.090088, -34.912739], [150.086243, -34.918148], [150.087875, -34.924351], [150.082245, -34.928841], [150.074844, -34.934349], [150.066772, -34.938511], [150.061127, -34.95158], [150.057297, -34.954159], [150.058624, -34.97039], [150.067695, -34.974876], [150.073257, -34.974812], [150.078751, -34.981267], [150.082809, -34.993191], [150.074219, -34.998219], [150.062714, -35.005409], [150.056412, -35.007332], [150.051071, -35.007111], [150.050262, -35.01252], [150.05574, -35.018589], [150.062866, -35.021969], [150.06369, -35.022652], [150.063019, -35.031212], [150.060822, -35.035721], [150.065201, -35.035599], [150.066177, -35.040112], [150.074249, -35.04269], [150.074661, -35.044159], [150.072754, -35.051479], [150.081116, -35.056549], [150.087845, -35.066448], [150.094147, -35.068359], [150.102416, -35.068846], [150.10498, -35.075451], [150.102798, -35.0821], [150.10898, -35.085429], [150.122833, -35.0938], [150.127914, -35.099091], [150.130054, -35.106848], [150.132736, -35.113388], [150.137268, -35.11631], [150.138092, -35.121498], [150.139555, -35.135523], [150.140198, -35.14278], [150.143768, -35.145031], [150.152817, -35.144569], [150.158035, -35.149071], [150.165293, -35.152106], [150.170807, -35.156601], [150.175354, -35.164818], [150.213919, -35.196154], [150.184726, -35.198573], [150.186626, -35.208937], [150.194054, -35.225693], [150.17177, -35.232775], [150.162961, -35.245039], [150.150178, -35.26145], [150.118912, -35.281315], [150.093347, -35.282178], [150.0778, -35.295997], [150.04878, -35.304634], [150.035652, -35.323981], [150.037725, -35.344191], [150.035307, -35.365093], [150.031161, -35.382712], [150.022179, -35.399122], [150.002832, -35.415014], [150.000586, -35.442307], [149.988667, -35.472709], [149.975366, -35.477028], [149.958438, -35.489119], [149.979889, -35.509941], [149.994461, -35.526043], [149.999298, -35.537003], [150.005096, -35.543793], [150.013214, -35.55077], [150.020248, -35.55426], [150.028107, -35.560242], [150.035825, -35.565124], [150.051407, -35.57003], [150.056656, -35.576], [150.070435, -35.578922], [150.076355, -35.57645], [150.084229, -35.579823], [150.0914, -35.578911], [150.100632, -35.573952], [150.107391, -35.573162], [150.116898, -35.573162], [150.119247, -35.57552], [150.126953, -35.571232], [150.136063, -35.56424], [150.137726, -35.568752], [150.141174, -35.571781], [150.150681, -35.573009], [150.158401, -35.570518], [150.167236, -35.571751], [150.172333, -35.575241], [150.18129, -35.5714], [150.183517, -35.562706], [150.188431, -35.555511], [150.190903, -35.55212], [150.197922, -35.550308], [150.205917, -35.544891], [150.211838, -35.544651], [150.212128, -35.548149], [150.221771, -35.546219], [150.228119, -35.549129], [150.232544, -35.55138], [150.239304, -35.555088], [150.246765, -35.561951], [150.252785, -35.572552], [150.237238, -35.619019], [150.25313, -35.630592], [150.293724, -35.638884], [150.303631, -35.642323], [150.307466, -35.640944]]], [[[150.418074, -35.530819], [150.419187, -35.532215], [150.420876, -35.531884], [150.421118, -35.530981], [150.420135, -35.529936], [150.420941, -35.526186], [150.418609, -35.525905], [150.41426, -35.52732], [150.411333, -35.530274], [150.4128, -35.532407], [150.413782, -35.532061], [150.41392, -35.531099], [150.418074, -35.530819]]], [[[150.515202, -35.271676], [150.514788, -35.272977], [150.516177, -35.27362], [150.517554, -35.273244], [150.517149, -35.271842], [150.51438, -35.27102], [150.515202, -35.271676]]], [[[150.334283, -35.631059], [150.330772, -35.630357], [150.334907, -35.633281], [150.334839, -35.632105], [150.334283, -35.631059]]], [[[150.388402, -35.552945], [150.389692, -35.554443], [150.391944, -35.55468], [150.391231, -35.553434], [150.389689, -35.552597], [150.388402, -35.552945]]], [[[150.364362, -35.576704], [150.362329, -35.576295], [150.364313, -35.578202], [150.365174, -35.578018], [150.364362, -35.576704]]], [[[150.353841, -35.586934], [150.355106, -35.58704], [150.354775, -35.586341], [150.353267, -35.585962], [150.353841, -35.586934]]], [[[150.359315, -35.586694], [150.359831, -35.586437], [150.359444, -35.58612], [150.358802, -35.586442], [150.359315, -35.586694]]]]}}, {"type": "Feature", "properties": {"index": "GYDL", "division": "Grayndler", "state": "New South Wales", "year": "1992", "proclaimed": "19920131", "quota": "0", "electors": "0", "deviation": ""}, "geometry": {"type": "Polygon", "coordinates": [[[151.161257, -33.932635], [151.163092, -33.930095], [151.165625, -33.928558], [151.168785, -33.926847], [151.173216, -33.925902], [151.174667, -33.923681], [151.17684, -33.922423], [151.178554, -33.920842], [151.180695, -33.91908], [151.179064, -33.918526], [151.177404, -33.917245], [151.178741, -33.916434], [151.181269, -33.915905], [151.181265, -33.909161], [151.181488, -33.907159], [151.181498, -33.906798], [151.180182, -33.904149], [151.179428, -33.902991], [151.177789, -33.899084], [151.179618, -33.896708], [151.180506, -33.896293], [151.18218, -33.894561], [151.180753, -33.890775], [151.179836, -33.890265], [151.178744, -33.886931], [151.177914, -33.883976], [151.177739, -33.882141], [151.178103, -33.879826], [151.177554, -33.879783], [151.173793, -33.878996], [151.166508, -33.876875], [151.166921, -33.874031], [151.165421, -33.874279], [151.161857, -33.874562], [151.15999, -33.875269], [151.156038, -33.875039], [151.155943, -33.873705], [151.15087, -33.872265], [151.147569, -33.878049], [151.146586, -33.880436], [151.145475, -33.882144], [151.145168, -33.882731], [151.144688, -33.885104], [151.144766, -33.887366], [151.144986, -33.890056], [151.144791, -33.891987], [151.143255, -33.890458], [151.140665, -33.888566], [151.138776, -33.887113], [151.134739, -33.884298], [151.129684, -33.877013], [151.123535, -33.87995], [151.121547, -33.882206], [151.117497, -33.888511], [151.116999, -33.893305], [151.099494, -33.897655], [151.098933, -33.900767], [151.099487, -33.902061], [151.099378, -33.903114], [151.100571, -33.902838], [151.102185, -33.903156], [151.103949, -33.902314], [151.106162, -33.902023], [151.107784, -33.901991], [151.11012, -33.90324], [151.111578, -33.905692], [151.112394, -33.907235], [151.114123, -33.908343], [151.115372, -33.909407], [151.115382, -33.910508], [151.115341, -33.911839], [151.117606, -33.913554], [151.119682, -33.914864], [151.121537, -33.914777], [151.123081, -33.914515], [151.125035, -33.914356], [151.126837, -33.914894], [151.128402, -33.915468], [151.129921, -33.916171], [151.13147, -33.915635], [151.132878, -33.915023], [151.133703, -33.914157], [151.134874, -33.913379], [151.136218, -33.913435], [151.136884, -33.91434], [151.138128, -33.914889], [151.139688, -33.915777], [151.140087, -33.916612], [151.139327, -33.917964], [151.13848, -33.918789], [151.137262, -33.919466], [151.136959, -33.920304], [151.137124, -33.921239], [151.138864, -33.921912], [151.140174, -33.922436], [151.141863, -33.923047], [151.143756, -33.922698], [151.144836, -33.922649], [151.146359, -33.921753], [151.147797, -33.921366], [151.149623, -33.922561], [151.151192, -33.923205], [151.152288, -33.922814], [151.154443, -33.923135], [151.155309, -33.924515], [151.155404, -33.925028], [151.155287, -33.926219], [151.156744, -33.92759], [151.157455, -33.92907], [151.15686, -33.930939], [151.157072, -33.93154], [151.159073, -33.932424], [151.16105, -33.933285], [151.161655, -33.933405], [151.161257, -33.932635]]]}}, {"type": "Feature", "properties": {"index": "GRWY", "division": "Greenway", "state": "New South Wales", "year": "1992", "proclaimed": "19920131", "quota": "0", "electors": "0", "deviation": ""}, "geometry": {"type": "Polygon", "coordinates": [[[150.821243, -33.685506], [150.835178, -33.700388], [150.844175, -33.716706], [150.84504, -33.727668], [150.846907, -33.731184], [150.849191, -33.733361], [150.853916, -33.737548], [150.870168, -33.742673], [150.873359, -33.743681], [150.879091, -33.746951], [150.88046, -33.7503], [150.878858, -33.754522], [150.879528, -33.756706], [150.881042, -33.759444], [150.881333, -33.761162], [150.880169, -33.766083], [150.877198, -33.765879], [150.875611, -33.773187], [150.895339, -33.77573], [150.89335, -33.78545], [150.891088, -33.787629], [150.889398, -33.795615], [150.894445, -33.797016], [150.904113, -33.800452], [150.907708, -33.801312], [150.916109, -33.80219], [150.923577, -33.804207], [150.929487, -33.805199], [150.933385, -33.806901], [150.93993, -33.808606], [150.944448, -33.808974], [150.948241, -33.810668], [150.952326, -33.811529], [150.956157, -33.801165], [150.954301, -33.79922], [150.95251, -33.795851], [150.952102, -33.792124], [150.951464, -33.787486], [150.950723, -33.785365], [150.94921, -33.78204], [150.948044, -33.780877], [150.95318, -33.776137], [150.957781, -33.778408], [150.962557, -33.775816], [150.961101, -33.773953], [150.95964, -33.771003], [150.959179, -33.768391], [150.957315, -33.762737], [150.955715, -33.759081], [150.954498, -33.756939], [150.948528, -33.745121], [150.937481, -33.718996], [150.931602, -33.707937], [150.930403, -33.704216], [150.927637, -33.696929], [150.922365, -33.690895], [150.917239, -33.684729], [150.913121, -33.678776], [150.903333, -33.670663], [150.899724, -33.666426], [150.894042, -33.662619], [150.88592, -33.660296], [150.882865, -33.660032], [150.878608, -33.660106], [150.876037, -33.659347], [150.873835, -33.65566], [150.866554, -33.65252], [150.864201, -33.650438], [150.858545, -33.646412], [150.833475, -33.657698], [150.829699, -33.657432], [150.825729, -33.658688], [150.823749, -33.659387], [150.820753, -33.660461], [150.818711, -33.661105], [150.816927, -33.66277], [150.815886, -33.665124], [150.814671, -33.666277], [150.81312, -33.667686], [150.813527, -33.67054], [150.814535, -33.67298], [150.81586, -33.673955], [150.818158, -33.674442], [150.818711, -33.675898], [150.817963, -33.67646], [150.814721, -33.677558], [150.812633, -33.677638], [150.821243, -33.685506]]]}}, {"type": "Feature", "properties": {"index": "GWYD", "division": "Gwydir", "state": "New South Wales", "year": "1992", "proclaimed": "19920131", "quota": "0", "electors": "0", "deviation": ""}, "geometry": {"type": "Polygon", "coordinates": [[[148.804561, -32.564565], [148.830817, -32.569748], [148.891403, -32.595249], [148.907858, -32.619496], [148.895421, -32.644025], [148.920914, -32.655407], [148.933424, -32.653008], [148.940308, -32.66927], [148.952194, -32.681889], [148.968317, -32.663027], [148.9887, -32.660608], [148.9925, -32.653699], [149.004166, -32.649418], [149.004715, -32.631187], [148.999191, -32.608276], [149.006973, -32.598866], [149.012863, -32.590748], [149.023651, -32.587147], [149.04776, -32.593517], [149.062943, -32.599945], [149.063492, -32.610668], [149.068359, -32.622936], [149.0784, -32.633327], [149.086273, -32.636898], [149.097153, -32.637257], [149.108673, -32.637337], [149.11232, -32.647816], [149.102371, -32.655476], [149.107285, -32.664856], [149.124473, -32.667863], [149.138637, -32.681682], [149.151938, -32.682373], [149.166621, -32.682028], [149.169385, -32.698956], [149.188041, -32.708802], [149.180958, -32.734886], [149.176985, -32.745596], [149.179058, -32.770816], [149.207733, -32.776861], [149.226043, -32.779452], [149.230362, -32.789471], [149.244181, -32.792408], [149.241074, -32.825565], [149.253693, -32.835186], [149.249161, -32.840214], [149.248093, -32.845924], [149.249512, -32.860245], [149.252472, -32.867764], [149.254545, -32.877223], [149.245908, -32.89726], [149.241974, -32.916882], [149.24823, -32.907959], [149.258804, -32.903454], [149.269562, -32.901661], [149.272812, -32.909435], [149.277939, -32.917107], [149.280899, -32.922504], [149.276474, -32.930584], [149.274612, -32.941963], [149.280014, -32.949444], [149.273102, -32.956306], [149.258484, -32.963123], [149.245361, -32.967484], [149.239243, -32.967896], [149.245941, -32.978596], [149.252426, -32.988934], [149.250015, -32.993053], [149.240158, -32.993786], [149.231522, -32.998653], [149.240433, -33.008156], [149.249039, -33.011955], [149.25618, -33.012264], [149.266602, -33.012505], [149.270233, -33.015015], [149.281952, -33.011013], [149.281906, -33.022865], [149.279343, -33.037064], [149.276413, -33.046387], [149.282883, -33.051186], [149.290543, -33.055447], [149.300964, -33.060493], [149.307755, -33.059074], [149.314957, -33.055595], [149.344369, -33.051689], [149.348169, -33.028887], [149.363025, -33.009541], [149.383754, -32.985703], [149.418992, -32.985703], [149.451202, -32.940224], [149.461929, -32.957413], [149.480103, -32.960651], [149.49408, -32.978504], [149.496689, -32.979713], [149.503769, -32.977043], [149.518829, -32.979542], [149.530121, -32.978321], [149.53894, -32.972282], [149.552582, -32.981831], [149.561096, -32.983913], [149.570724, -32.987404], [149.572647, -32.98764], [149.582306, -32.992222], [149.593113, -32.992267], [149.604168, -32.986048], [149.630079, -32.980866], [149.641825, -32.978102], [149.658112, -32.979801], [149.668182, -32.973103], [149.676071, -32.972122], [149.680725, -32.966881], [149.680374, -32.965981], [149.682281, -32.958282], [149.687485, -32.9533], [149.694824, -32.952511], [149.695114, -32.944122], [149.697678, -32.930092], [149.699585, -32.929142], [149.712494, -32.928589], [149.724075, -32.929691], [149.728226, -32.92897], [149.733704, -32.92263], [149.736633, -32.921032], [149.741608, -32.9193], [149.744919, -32.91914], [149.73925, -32.894842], [149.734068, -32.885514], [149.732341, -32.869277], [149.745123, -32.859603], [149.756178, -32.846475], [149.763433, -32.830238], [149.78589, -32.822292], [149.796599, -32.813655], [149.817328, -32.802599], [149.839784, -32.6727], [149.842893, -32.610859], [149.877441, -32.563183], [149.883362, -32.545559], [149.902661, -32.54971], [149.916135, -32.566293], [149.933063, -32.588403], [149.952064, -32.598422], [149.988754, -32.600338], [150.015884, -32.595589], [150.034979, -32.571475], [150.044307, -32.550055], [150.023233, -32.532091], [150.023233, -32.517235], [150.033942, -32.507907], [150.03187, -32.490288], [150.022542, -32.478541], [150.038088, -32.456776], [150.041197, -32.423611], [150.062272, -32.425338], [150.075054, -32.410482], [150.071945, -32.393899], [150.061926, -32.379044], [150.077818, -32.369371], [150.085073, -32.359006], [150.079773, -32.343288], [150.062703, -32.341473], [150.067123, -32.355919], [150.05397, -32.349419], [150.04863, -32.340969], [150.045242, -32.334068], [150.041275, -32.329666], [150.037308, -32.328526], [150.029465, -32.332088], [150.028488, -32.328987], [150.029365, -32.319881], [150.032211, -32.316338], [150.030229, -32.312971], [150.024874, -32.304507], [150.027847, -32.295258], [150.031723, -32.292686], [150.037399, -32.293728], [150.037003, -32.285248], [150.040237, -32.286758], [150.044434, -32.281418], [150.045746, -32.276539], [150.044571, -32.272476], [150.044586, -32.271576], [150.051819, -32.259678], [150.045258, -32.251087], [150.05481, -32.248207], [150.058899, -32.250587], [150.062703, -32.249749], [150.0616, -32.243057], [150.055801, -32.238747], [150.069717, -32.239147], [150.072895, -32.239385], [150.075317, -32.234558], [150.071884, -32.231277], [150.059448, -32.227165], [150.057602, -32.226036], [150.062027, -32.220196], [150.061951, -32.211529], [150.06485, -32.211536], [150.07132, -32.217308], [150.075821, -32.218685], [150.077011, -32.218018], [150.079819, -32.215096], [150.076263, -32.210346], [150.077042, -32.205208], [150.084396, -32.202057], [150.091721, -32.196457], [150.090561, -32.191948], [150.084229, -32.187077], [150.08757, -32.182697], [150.094315, -32.182388], [150.090637, -32.178547], [150.091309, -32.174717], [150.095566, -32.173618], [150.094788, -32.169777], [150.094589, -32.166348], [150.100311, -32.163837], [150.106964, -32.162025], [150.10994, -32.160156], [150.104156, -32.154846], [150.096215, -32.15077], [150.095459, -32.146015], [150.098419, -32.139618], [150.106491, -32.138977], [150.108231, -32.136955], [150.101105, -32.132198], [150.094376, -32.129017], [150.09549, -32.124329], [150.096573, -32.115505], [150.102051, -32.107647], [150.102356, -32.100555], [150.105789, -32.103046], [150.10907, -32.108017], [150.112259, -32.105095], [150.116516, -32.100616], [150.117859, -32.098255], [150.113907, -32.092266], [150.110245, -32.086906], [150.108673, -32.083797], [150.111206, -32.079418], [150.109818, -32.069836], [150.112473, -32.066586], [150.115734, -32.063018], [150.118469, -32.057938], [150.1185, -32.053886], [150.13059, -32.032098], [150.144927, -32.010506], [150.142681, -31.981658], [150.134908, -31.962657], [150.129553, -31.933637], [150.136117, -31.900126], [150.145791, -31.869896], [150.167556, -31.842776], [150.176711, -31.820493], [150.168765, -31.797346], [150.149017, -31.782785], [150.144063, -31.760035], [150.148036, -31.751398], [150.143718, -31.726005], [150.164274, -31.701303], [150.181893, -31.683857], [150.198303, -31.67072900000001], [150.241834, -31.643436], [150.254789, -31.56484], [150.200549, -31.547566], [150.199513, -31.525455], [150.217305, -31.498335], [150.229742, -31.481925], [150.228705, -31.46085100000001], [150.216786, -31.430449], [150.222832, -31.418703], [150.219299, -31.408445], [150.206595, -31.405747], [150.184139, -31.414211], [150.180339, -31.402983], [150.192258, -31.349953], [150.203313, -31.346843], [150.216959, -31.355308], [150.260662, -31.355826], [150.330449, -31.381737], [150.352041, -31.379836], [150.373115, -31.375518], [150.402481, -31.386746], [150.419409, -31.382428], [150.421655, -31.372754], [150.451193, -31.36429], [150.499387, -31.361526], [150.52478, -31.355308], [150.536699, -31.35306200000001], [150.551178, -31.344622], [150.581265, -31.356344], [150.586966, -31.368263], [150.603721, -31.364808], [150.613049, -31.367227], [150.62635, -31.379318], [150.652952, -31.390028], [150.686809, -31.394001], [150.688882, -31.378109], [150.70771, -31.3712], [150.718247, -31.359108], [150.74554, -31.345634], [150.756595, -31.348916], [150.765405, -31.36619], [150.795029, -31.36169900000001], [150.791229, -31.332506], [150.783629, -31.31575], [150.767737, -31.290531], [150.772055, -31.277748], [150.760574, -31.264551], [150.763591, -31.248728], [150.758927, -31.237845], [150.715915, -31.191033], [150.69415, -31.187751], [150.668239, -31.164949], [150.657875, -31.148021], [150.633346, -31.125738], [150.621445, -31.107752], [150.605072, -31.078672], [150.602426, -31.047314], [150.565632, -31.01760300000001], [150.550086, -31.011212], [150.531948, -30.973382], [150.528148, -30.955072], [150.501546, -30.958181], [150.50241, -30.932616], [150.482027, -30.928988], [150.476326, -30.913615], [150.469086, -30.90602300000001], [150.473217, -30.889258], [150.4823, -30.895674], [150.487488, -30.898653], [150.486359, -30.885563], [150.484618, -30.874921], [150.464407, -30.857647], [150.454907, -30.8383], [150.460607, -30.823445], [150.464753, -30.816881], [150.47719, -30.805826], [150.468553, -30.794252], [150.458189, -30.778015], [150.471317, -30.779396], [150.479954, -30.784751], [150.485654, -30.794425], [150.490664, -30.806689], [150.515711, -30.809626], [150.539376, -30.821027], [150.551295, -30.813944], [150.543004, -30.797707], [150.543522, -30.781469], [150.556823, -30.783369], [150.570296, -30.793561], [150.590852, -30.789243], [150.605535, -30.830354], [150.615554, -30.842273], [150.636283, -30.853501], [150.672385, -30.860584], [150.701751, -30.862311], [150.746663, -30.862311], [150.793993, -30.844174], [150.823877, -30.830182], [150.83666, -30.81774400000001], [150.86257, -30.829491], [150.885712, -30.83362], [150.890554, -30.814808], [150.926138, -30.822754], [150.947212, -30.850047], [150.969559, -30.856939], [150.97876, -30.86669], [150.990397, -30.86352], [151.007498, -30.867493], [151.023217, -30.874403], [151.034445, -30.883385], [151.050856, -30.902905], [151.05431, -30.921215], [151.082812, -30.925015], [151.104232, -30.895304], [151.128934, -30.870603], [151.112351, -30.839682], [151.102505, -30.849874], [151.078839, -30.853847], [151.067266, -30.849874], [151.045273, -30.853098], [151.039109, -30.835709], [151.031682, -30.804789], [151.021317, -30.775078], [151.011298, -30.736903], [151.016481, -30.723947], [151.012335, -30.707192], [151.056729, -30.666253], [151.046799, -30.644348], [151.039282, -30.624968], [151.016999, -30.612358], [151.00128, -30.583165], [150.999552, -30.561746], [151.021317, -30.561227], [151.037567, -30.567949], [151.040491, -30.556391], [150.996788, -30.475031], [151.002143, -30.441519], [150.978305, -30.449638], [150.938575, -30.447393], [150.923547, -30.412672], [150.920092, -30.40369], [150.930629, -30.373288], [150.933566, -30.316284], [150.949458, -30.298492], [150.941452, -30.27338], [150.925995, -30.25783], [150.917847, -30.23216], [150.932877, -30.20961], [150.928384, -30.183275], [150.948422, -30.156155], [150.933911, -30.138017], [150.930802, -30.111416], [150.936675, -30.09241400000001], [150.971223, -30.091896], [150.98114, -30.05966], [150.978305, -30.03472], [150.966386, -30.018482], [150.970359, -29.990326], [150.961722, -29.96286], [150.971223, -29.947141], [150.965868, -29.935049], [150.950494, -29.931249], [150.902128, -29.934531], [150.863607, -29.879082], [150.857561, -29.859562], [150.847715, -29.845225], [150.852707, -29.8363], [150.906619, -29.829506], [150.942203, -29.797722], [150.956713, -29.753501], [150.938403, -29.739509], [150.941339, -29.69477], [150.932465, -29.680691], [150.935639, -29.665922], [150.956022, -29.662468], [150.976578, -29.624292], [150.989015, -29.610646], [151.005944, -29.610646], [151.005598, -29.594063], [151.014235, -29.582317], [151.056383, -29.580762], [151.073312, -29.592681], [151.099568, -29.585081], [151.118652, -29.575008], [151.137743, -29.593199], [151.148453, -29.615137], [151.165727, -29.622565], [151.1773, -29.634657], [151.187665, -29.639321], [151.19682, -29.630856], [151.190256, -29.609782], [151.179373, -29.590435], [151.176091, -29.566943], [151.178337, -29.546042], [151.158817, -29.520822], [151.14638, -29.510285], [151.123579, -29.501648], [151.119778, -29.462609], [151.113905, -29.437734], [151.095249, -29.446199], [151.086267, -29.43255200000001], [151.080048, -29.416833], [151.088167, -29.398868], [151.097668, -29.350501], [151.115287, -29.308871], [151.119644, -29.28702], [151.127716, -29.27269], [151.120469, -29.242021], [151.156917, -29.204537], [151.210121, -29.144424], [151.224533, -29.1134], [151.260025, -29.092209], [151.276765, -29.083278], [151.275684, -29.08081], [151.275509, -29.077791], [151.284284, -29.065537], [151.284284, -29.059148], [151.287827, -29.053919], [151.288861, -29.050251], [151.286309, -29.045198], [151.285867, -29.042453], [151.286752, -29.040848], [151.284865, -29.037356], [151.283358, -29.036334], [151.275759, -29.035274], [151.271058, -29.030275], [151.274384, -29.02413500000001], [151.281856, -29.019131], [151.28293, -29.01646], [151.283956, -29.005871], [151.282946, -29.002636], [151.278083, -28.995432], [151.276414, -28.986967], [151.276765, -28.984701], [151.280705, -28.983689], [151.282556, -28.980593], [151.278995, -28.978346], [151.275927, -28.975008], [151.272148, -28.973172], [151.273705, -28.969124], [151.2804, -28.96100600000001], [151.28234, -28.95408], [151.281591, -28.948893], [151.27731, -28.944127], [151.274808, -28.938926], [151.27223, -28.937201], [151.267819, -28.936373], [151.265194, -28.933147], [151.258674, -28.932145], [151.254756, -28.929046], [151.243908, -28.924297], [151.240756, -28.919872], [151.240782, -28.916229], [151.238465, -28.908929], [151.234722, -28.904656], [151.233348, -28.904681], [151.231203, -28.907885], [151.228042, -28.908491], [151.217696, -28.905117], [151.2128, -28.902266], [151.208752, -28.90147], [151.207319, -28.897624], [151.206606, -28.892281], [151.200196, -28.884349], [151.185065, -28.878682], [151.178879, -28.879929], [151.174018, -28.879974], [151.164684, -28.871135], [151.162985, -28.866825], [151.161334, -28.865471], [151.158356, -28.864833], [151.151498, -28.865058], [151.144698, -28.860955], [151.13933, -28.861746], [151.132965, -28.860242], [151.130196, -28.858089], [151.124959, -28.851409], [151.122528, -28.85063], [151.115599, -28.850394], [151.114321, -28.848248], [151.10855, -28.842831], [151.105674, -28.844374], [151.1044, -28.844291], [151.103645, -28.841811], [151.10376, -28.837773], [151.102759, -28.836369], [151.100081, -28.836429], [151.096845, -28.838109], [151.088303, -28.834434], [151.083206, -28.83438], [151.07297, -28.840087], [151.067935, -28.844546], [151.059889, -28.845935], [151.054835, -28.849373], [151.052376, -28.84864], [151.053343, -28.845522], [151.052146, -28.843864], [151.050612, -28.843534], [151.047003, -28.844936], [151.045321, -28.844482], [151.044323, -28.840488], [151.039228, -28.838577], [151.039512, -28.836813], [151.04247, -28.835895], [151.042867, -28.834358], [151.041416, -28.830521], [151.037362, -28.827649], [151.037641, -28.819087], [151.041311, -28.81662], [151.042095, -28.815027], [151.041319, -28.808587], [151.042255, -28.80298], [151.041903, -28.799153], [151.040854, -28.79786500000001], [151.037516, -28.797044], [151.03369, -28.793926], [151.024763, -28.793127], [151.026445, -28.786365], [151.025092, -28.778819], [151.023767, -28.776068], [151.020083, -28.773655], [151.019308, -28.772049], [151.020202, -28.771125], [151.026604, -28.771185], [151.028963, -28.770497], [151.029468, -28.768558], [151.028277, -28.761415], [151.026719, -28.75579], [151.025092, -28.753374], [151.016276, -28.74634800000001], [151.013198, -28.745199], [151.011908, -28.741872], [151.01065, -28.740805], [150.998157, -28.73800500000001], [150.99345, -28.737939], [150.988298, -28.735574], [150.983459, -28.735621], [150.980176, -28.732307], [150.970383, -28.731625], [150.967202, -28.733329], [150.965199, -28.736311], [150.96304, -28.737169], [150.960805, -28.735102], [150.957465, -28.734883], [150.954483, -28.736417], [150.948417, -28.734381], [150.947374, -28.731098], [150.945211, -28.728717], [150.942355, -28.728647], [150.94008, -28.730507], [150.938189, -28.730938], [150.937708, -28.725427], [150.932945, -28.723209], [150.932122, -28.722079], [150.932794, -28.71913500000001], [150.930908, -28.705519], [150.924063, -28.698455], [150.919746, -28.70017], [150.914506, -28.697514], [150.910931, -28.694366], [150.908208, -28.689052], [150.906384, -28.687706], [150.899648, -28.686977], [150.893944, -28.688242], [150.891363, -28.69087], [150.890643, -28.694558], [150.888912, -28.695163], [150.88524, -28.695367], [150.884451, -28.694209], [150.884394, -28.690452], [150.880567, -28.68859], [150.878893, -28.689597], [150.876515, -28.69340400000001], [150.874008, -28.693797], [150.872699, -28.692688], [150.872219, -28.689012], [150.870263, -28.686087], [150.868525, -28.685373], [150.863196, -28.687359], [150.85282, -28.680266], [150.852071, -28.677101], [150.848417, -28.673119], [150.843479, -28.671784], [150.839609, -28.672242], [150.83545, -28.669226], [150.829882, -28.666992], [150.819279, -28.666631], [150.816427, -28.663177], [150.819025, -28.659833], [150.819419, -28.657918], [150.818847, -28.657336], [150.8136, -28.656884], [150.804297, -28.653216], [150.799133, -28.653511], [150.796825, -28.655366], [150.795757, -28.655236], [150.792353, -28.651887], [150.78135, -28.644149], [150.774015, -28.644323], [150.768168, -28.638355], [150.766042, -28.637605], [150.757388, -28.638961], [150.754755, -28.63441900000001], [150.752343, -28.633464], [150.746056, -28.634741], [150.744359, -28.633683], [150.728255, -28.63449], [150.725594, -28.636081], [150.725575, -28.638604], [150.724156, -28.639757], [150.714732, -28.643706], [150.710529, -28.644643], [150.708589, -28.64745], [150.709243, -28.650298], [150.708625, -28.651951], [150.701038, -28.654811], [150.692406, -28.653411], [150.68891, -28.656135], [150.68757, -28.658178], [150.685224, -28.658627], [150.681695, -28.661351], [150.67909, -28.660277], [150.676021, -28.655096], [150.67647, -28.652265], [150.6734, -28.65018], [150.669788, -28.653762], [150.667309, -28.654409], [150.664805, -28.656203], [150.653437, -28.659916], [150.641159, -28.665133], [150.635743, -28.671064], [150.632541, -28.676572], [150.626986, -28.672528], [150.627259, -28.670292], [150.625827, -28.668979], [150.620514, -28.668632], [150.617553, -28.673514], [150.606229, -28.67063], [150.600191, -28.670758], [150.599729, -28.669632], [150.600835, -28.668017], [150.600217, -28.665111], [150.595815, -28.663174], [150.592947, -28.660861], [150.586797, -28.658751], [150.58306, -28.656108], [150.580641, -28.655465], [150.569369, -28.659057], [150.565543, -28.661888], [150.561392, -28.661817], [150.55892, -28.659195], [150.556657, -28.654512], [150.554094, -28.653064], [150.551448, -28.653964], [150.548167, -28.658494], [150.55276, -28.663446], [150.552333, -28.66802600000001], [150.550566, -28.670145], [150.544079, -28.671524], [150.541622, -28.671109], [150.535145, -28.67203], [150.527008, -28.668879], [150.525319, -28.666127], [150.525682, -28.665566], [150.532246, -28.662046], [150.535883, -28.66273], [150.538095, -28.662076], [150.5392, -28.660519], [150.537428, -28.657106], [150.535055, -28.657323], [150.531529, -28.655456], [150.525002, -28.654311], [150.520856, -28.6555], [150.518538, -28.660419], [150.51481, -28.661759], [150.50335, -28.660699], [150.499946, -28.659331], [150.493143, -28.659391], [150.487084, -28.657421], [150.484281, -28.659786], [150.483443, -28.662131], [150.481727, -28.663777], [150.478931, -28.662062], [150.47278, -28.660118], [150.470803, -28.662883], [150.460085, -28.668912], [150.458604, -28.668311], [150.458353, -28.66487], [150.456598, -28.663736], [150.453469, -28.665639], [150.445551, -28.665141], [150.437649, -28.661581], [150.433389, -28.655869], [150.430799, -28.653999], [150.4305, -28.652129], [150.429277, -28.651122], [150.427566, -28.651703], [150.420995, -28.650233], [150.415222, -28.650834], [150.414064, -28.649159], [150.414697, -28.64732], [150.415999, -28.646585], [150.41641, -28.644149], [150.415674, -28.639677], [150.416337, -28.635887], [150.413973, -28.633892], [150.408798, -28.63389], [150.404762, -28.63084], [150.403995, -28.62877], [150.401823, -28.627281], [150.397551, -28.628636], [150.390865, -28.634144], [150.387879, -28.633924], [150.385375, -28.631512], [150.387735, -28.628037], [150.387493, -28.625354], [150.38011, -28.627067], [150.377347, -28.625249], [150.37595, -28.622436], [150.372497, -28.621934], [150.370045, -28.62068], [150.368789, -28.614149], [150.36978, -28.611735], [150.366954, -28.609421], [150.364258, -28.608877], [150.363767, -28.60751], [150.367401, -28.603814], [150.369675, -28.598511], [150.36476, -28.597557], [150.363089, -28.595859], [150.363945, -28.591153], [150.363344, -28.589484], [150.356447, -28.589807], [150.352542, -28.587759], [150.349343, -28.581921], [150.3513, -28.575348], [150.342672, -28.575283], [150.33185, -28.572816], [150.327556, -28.571045], [150.324473, -28.568359], [150.322731, -28.565588], [150.321743, -28.559444], [150.320591, -28.55718200000001], [150.313068, -28.555387], [150.311338, -28.552345], [150.309109, -28.550592], [150.300536, -28.548467], [150.297828, -28.545041], [150.297166, -28.54121], [150.295979, -28.53967], [150.293302, -28.537851], [150.289648, -28.537157], [150.287096, -28.538382], [150.281714, -28.542888], [150.277488, -28.542109], [150.272201, -28.539275], [150.269541, -28.539786], [150.262192, -28.544869], [150.257653, -28.545153], [150.253124, -28.547008], [150.251017, -28.548821], [150.249043, -28.552242], [150.245857, -28.5534], [150.244736, -28.554577], [150.244011, -28.554447], [150.243227, -28.552357], [150.240038, -28.553993], [150.236053, -28.55381], [150.23525, -28.556234], [150.238197, -28.557261], [150.239227, -28.559207], [150.238805, -28.559711], [150.236894, -28.559683], [150.232522, -28.556031], [150.230399, -28.555713], [150.228929, -28.558576], [150.233425, -28.560387], [150.233491, -28.561074], [150.232961, -28.562642], [150.23052, -28.563803], [150.229074, -28.567687], [150.226225, -28.568782], [150.219983, -28.566728], [150.21851, -28.568318], [150.21533, -28.566956], [150.213149, -28.567549], [150.212298, -28.569405], [150.213696, -28.572933], [150.212287, -28.574181], [150.207564, -28.572675], [150.204226, -28.573415], [150.20116, -28.568803], [150.197961, -28.567206], [150.195778, -28.56797], [150.192465, -28.56674200000001], [150.189802, -28.567468], [150.18922, -28.5689], [150.189752, -28.570221], [150.186688, -28.572795], [150.182958, -28.571105], [150.181958, -28.56939300000001], [150.183028, -28.568414], [150.185894, -28.569396], [150.187552, -28.569053], [150.187786, -28.567746], [150.186598, -28.565211], [150.182314, -28.565296], [150.17789, -28.563474], [150.180226, -28.56281], [150.184067, -28.558642], [150.182694, -28.556287], [150.181243, -28.556171], [150.17693, -28.558982], [150.174894, -28.557815], [150.173594, -28.558277], [150.171875, -28.559992], [150.172541, -28.562668], [150.171551, -28.56389], [150.170395, -28.562502], [150.169758, -28.557208], [150.167777, -28.55552700000001], [150.170186, -28.55461], [150.169233, -28.550587], [150.166572, -28.551051], [150.165459, -28.553852], [150.163422, -28.55570000000001], [150.161356, -28.554497], [150.157972, -28.554559], [150.156095, -28.555514], [150.155057, -28.554804], [150.15409, -28.557155], [150.152262, -28.555528], [150.152864, -28.554286], [150.15471, -28.55342], [150.153522, -28.552231], [150.154104, -28.551015], [150.15228, -28.55021], [150.151288, -28.55174], [150.147836, -28.552713], [150.148163, -28.558294], [150.143682, -28.557528], [150.143194, -28.558536], [150.144273, -28.560519], [150.143252, -28.561759], [150.141293, -28.559879], [150.138744, -28.560487], [150.139452, -28.564175], [150.138555, -28.565316], [150.136876, -28.564214], [150.137642, -28.562999], [150.136794, -28.560141], [150.133062, -28.561672], [150.131617, -28.563496], [150.133901, -28.564368], [150.13142, -28.56525600000001], [150.130589, -28.564393], [150.130734, -28.562688], [150.128017, -28.562401], [150.126394, -28.564865], [150.124418, -28.56116], [150.121475, -28.559734], [150.120913, -28.562448], [150.116974, -28.561657], [150.116223, -28.562303], [150.117228, -28.563212], [150.116783, -28.563967], [150.113992, -28.562713], [150.112885, -28.563041], [150.115733, -28.566362], [150.115516, -28.567914], [150.111804, -28.568144], [150.110908, -28.570297], [150.105653, -28.567746], [150.105191, -28.56535], [150.101589, -28.565915], [150.097152, -28.563369], [150.091932, -28.564239], [150.091094, -28.565525], [150.090977, -28.56872], [150.091682, -28.571316], [150.093634, -28.574009], [150.092923, -28.578618], [150.091936, -28.579416], [150.090427, -28.578846], [150.091141, -28.576422], [150.090443, -28.575497], [150.085176, -28.575843], [150.085452, -28.577163], [150.088126, -28.577631], [150.087386, -28.580732], [150.084465, -28.580389], [150.081605, -28.577473], [150.079824, -28.581633], [150.082607, -28.582652], [150.079904, -28.584396], [150.075761, -28.582149], [150.075092, -28.58023], [150.072567, -28.580124], [150.073281, -28.576562], [150.070506, -28.57715], [150.069576, -28.578408], [150.06976, -28.580955], [150.068773, -28.580307], [150.068829, -28.578385], [150.067904, -28.577774], [150.065849, -28.577843], [150.065451, -28.578933], [150.064, -28.577587], [150.059394, -28.578451], [150.057296, -28.579955], [150.057626, -28.583415], [150.055551, -28.584611], [150.056549, -28.586378], [150.051271, -28.585359], [150.04874, -28.589196], [150.047104, -28.587354], [150.045166, -28.586827], [150.046384, -28.584118], [150.045836, -28.582399], [150.043652, -28.582032], [150.043174, -28.584133], [150.04051, -28.586101], [150.03982, -28.585456], [150.040147, -28.583074], [150.037923, -28.583674], [150.037367, -28.585385], [150.03628, -28.585802], [150.034356, -28.583532], [150.032214, -28.584177], [150.031022, -28.5837], [150.030213, -28.582683], [150.0313, -28.580975], [150.026725, -28.579175], [150.025752, -28.579475], [150.024896, -28.581573], [150.022758, -28.582868], [150.02093, -28.582711], [150.017933, -28.580389], [150.016091, -28.580656], [150.01553, -28.581663], [150.017315, -28.5834], [150.013196, -28.583245], [150.014944, -28.585641], [150.011633, -28.585537], [150.009165, -28.590883], [150.007124, -28.590345], [150.005732, -28.586995], [150.004736, -28.588686], [150.001448, -28.590577], [150.003147, -28.592674], [149.998877, -28.591224], [149.9986, -28.594853], [149.995825, -28.593682], [149.994482, -28.59392], [149.993871, -28.59515], [149.994614, -28.596073], [149.993431, -28.597259], [149.993827, -28.598728], [149.993017, -28.60025], [149.984973, -28.602472], [149.984906, -28.603655], [149.987038, -28.604601], [149.984319, -28.604001], [149.982085, -28.605201], [149.981162, -28.6077], [149.978741, -28.608319], [149.977001, -28.610814], [149.976953, -28.613464], [149.974482, -28.60955600000001], [149.97158, -28.607665], [149.970326, -28.608257], [149.970141, -28.609844], [149.968527, -28.608426], [149.967194, -28.609398], [149.964376, -28.608113], [149.963872, -28.609042], [149.964391, -28.610703], [149.962958, -28.60888], [149.961557, -28.608478], [149.96096, -28.609765], [149.962199, -28.612062], [149.957531, -28.610087], [149.95835, -28.608463], [149.957688, -28.60760700000001], [149.954765, -28.607975], [149.952955, -28.60949700000001], [149.950561, -28.60804], [149.948013, -28.610887], [149.949056, -28.612742], [149.94652, -28.612596], [149.9454, -28.61417], [149.94282, -28.613865], [149.942777, -28.617557], [149.941892, -28.617922], [149.937246, -28.614581], [149.937332, -28.611025], [149.936331, -28.610132], [149.934184, -28.610389], [149.933148, -28.612626], [149.930061, -28.611851], [149.929698, -28.613143], [149.929104, -28.611564], [149.927397, -28.610515], [149.925479, -28.611041], [149.925285, -28.608948], [149.921042, -28.610298], [149.918757, -28.609881], [149.918391, -28.608491], [149.917404, -28.608056], [149.916004, -28.60943], [149.908436, -28.610307], [149.90907, -28.612367], [149.907454, -28.61474400000001], [149.906993, -28.613666], [149.905541, -28.61331], [149.904993, -28.614951], [149.90378, -28.61475], [149.902947, -28.615503], [149.903184, -28.617343], [149.905409, -28.618392], [149.90515, -28.618845], [149.903837, -28.619621], [149.901495, -28.619034], [149.899112, -28.619651], [149.899681, -28.621713], [149.899141, -28.621909], [149.898078, -28.621532], [149.897746, -28.619133], [149.895461, -28.618716], [149.893975, -28.615919], [149.89092, -28.617527], [149.890279, -28.619078], [149.889815, -28.618768], [149.888775, -28.616591], [149.887122, -28.615574], [149.889175, -28.614346], [149.891277, -28.614721], [149.891747, -28.613518], [149.890944, -28.612711], [149.886373, -28.612257], [149.886288, -28.614172], [149.884006, -28.612128], [149.882512, -28.61339], [149.882885, -28.60938], [149.880352, -28.611067], [149.877538, -28.611602], [149.878212, -28.609409], [149.875866, -28.607824], [149.87433, -28.603354], [149.872164, -28.604298], [149.871961, -28.607043], [149.870906, -28.605187], [149.868255, -28.607278], [149.866877, -28.605464], [149.867097, -28.604141], [149.865366, -28.60271300000001], [149.8623, -28.602199], [149.861343, -28.60276], [149.862731, -28.604872], [149.860358, -28.604537], [149.860284, -28.606866], [149.859038, -28.60686], [149.85839, -28.605603], [149.854586, -28.604269], [149.853703, -28.606009], [149.850807, -28.60556], [149.849541, -28.608822], [149.844852, -28.610477], [149.843921, -28.609754], [149.842976, -28.606783], [149.839625, -28.603661], [149.836262, -28.604071], [149.833847, -28.603163], [149.83036, -28.603748], [149.82942, -28.606234], [149.826584, -28.606895], [149.826509, -28.608765], [149.821932, -28.608961], [149.821784, -28.610994], [149.819759, -28.612301], [149.819292, -28.61584300000001], [149.818548, -28.615275], [149.818185, -28.612818], [149.816573, -28.611762], [149.814927, -28.608284], [149.813085, -28.608315], [149.811439, -28.605773], [149.809787, -28.607438], [149.80359, -28.607281], [149.801746, -28.609466], [149.800623, -28.60791], [149.798788, -28.608673], [149.797716, -28.610177], [149.795265, -28.609831], [149.793989, -28.61104], [149.790658, -28.611677], [149.786738, -28.61125], [149.785913, -28.611911], [149.78613, -28.613557], [149.784005, -28.614132], [149.783789, -28.61205], [149.782578, -28.611527], [149.781266, -28.612348], [149.780841, -28.610672], [149.779673, -28.609804], [149.777692, -28.610892], [149.777104, -28.613003], [149.775912, -28.613087], [149.775437, -28.610117], [149.772466, -28.608854], [149.771108, -28.610386], [149.771657, -28.611864], [149.773327, -28.611689], [149.772386, -28.614164], [149.771151, -28.614088], [149.771099, -28.612771], [149.767492, -28.611029], [149.767774, -28.614061], [149.764905, -28.612704], [149.764155, -28.614165], [149.76228, -28.61353], [149.760026, -28.615048], [149.758998, -28.612744], [149.756203, -28.611694], [149.756794, -28.61013300000001], [149.754943, -28.609441], [149.753291, -28.61067], [149.753847, -28.612847], [149.752545, -28.612716], [149.751087, -28.610788], [149.750307, -28.612112], [149.748959, -28.611271], [149.747813, -28.612065], [149.746135, -28.611953], [149.74489, -28.614709], [149.743714, -28.615355], [149.745719, -28.616433], [149.74497, -28.618388], [149.743662, -28.617603], [149.743373, -28.61566], [149.741846, -28.615396], [149.742335, -28.613436], [149.741585, -28.613086], [149.738771, -28.61457], [149.738638, -28.6158], [149.739855, -28.616598], [149.739003, -28.617236], [149.737712, -28.617036], [149.736923, -28.61578], [149.735561, -28.616269], [149.735335, -28.617432], [149.734955, -28.616432], [149.733461, -28.615926], [149.733025, -28.614308], [149.730952, -28.616738], [149.729777, -28.615159], [149.726322, -28.615522], [149.726346, -28.613676], [149.728238, -28.613084], [149.727256, -28.61189], [149.72923, -28.611893], [149.729563, -28.610853], [149.724935, -28.609283], [149.722939, -28.60982], [149.721169, -28.609183], [149.720103, -28.609596], [149.72018, -28.610924], [149.723283, -28.612758], [149.721914, -28.612995], [149.718778, -28.611402], [149.716991, -28.614285], [149.713814, -28.616269], [149.712927, -28.614753], [149.714476, -28.612586], [149.713198, -28.611949], [149.710924, -28.614155], [149.710145, -28.612785], [149.708538, -28.613359], [149.706322, -28.61531], [149.705886, -28.617819], [149.7039, -28.616464], [149.703137, -28.619301], [149.705552, -28.622034], [149.707012, -28.621795], [149.70763, -28.620223], [149.709917, -28.620299], [149.707129, -28.622699], [149.705352, -28.622772], [149.706093, -28.625553], [149.704114, -28.62492], [149.703544, -28.625403], [149.704575, -28.627868], [149.706556, -28.627205], [149.704946, -28.629499], [149.706461, -28.63028], [149.704879, -28.633112], [149.703104, -28.633712], [149.700467, -28.63275], [149.701405, -28.63101], [149.700169, -28.630016], [149.698429, -28.631396], [149.698193, -28.632708], [149.696857, -28.632301], [149.697343, -28.631099], [149.696282, -28.630778], [149.695054, -28.631435], [149.694436, -28.633008], [149.693079, -28.631845], [149.69126, -28.633651], [149.690543, -28.630789], [149.689462, -28.630239], [149.690899, -28.629164], [149.689807, -28.628191], [149.687835, -28.629185], [149.687989, -28.632323], [149.686062, -28.631242], [149.682288, -28.631393], [149.681355, -28.63194100000001], [149.681598, -28.633173], [149.680878, -28.633888], [149.678571, -28.632655], [149.678117, -28.634522], [149.677302, -28.633737], [149.677246, -28.631743], [149.676387, -28.6312], [149.675257, -28.632108], [149.67386, -28.631851], [149.672426, -28.633442], [149.673237, -28.631395], [149.6724, -28.630267], [149.670336, -28.632547], [149.666654, -28.631859], [149.666834, -28.630857], [149.669844, -28.630769], [149.670077, -28.629354], [149.671799, -28.629213], [149.671551, -28.627316], [149.673093, -28.626721], [149.672793, -28.625283], [149.674008, -28.624156], [149.670612, -28.623461], [149.670679, -28.622589], [149.66967, -28.622289], [149.671208, -28.62111], [149.668235, -28.619248], [149.664485, -28.618378], [149.663735, -28.61711], [149.664761, -28.615735], [149.664014, -28.61457], [149.664264, -28.612387], [149.660712, -28.609311], [149.657292, -28.611391], [149.658317, -28.613238], [149.657685, -28.614317], [149.656207, -28.614395], [149.655991, -28.615489], [149.653626, -28.613087], [149.651171, -28.613529], [149.647886, -28.61211], [149.648339, -28.610667], [149.646218, -28.610025], [149.645013, -28.607322], [149.646267, -28.606183], [149.64559, -28.60379], [149.642393, -28.600374], [149.642282, -28.599207], [149.639043, -28.598016], [149.637335, -28.599623], [149.636348, -28.599621], [149.636478, -28.598208], [149.635016, -28.597448], [149.635544, -28.595878], [149.634597, -28.59544], [149.631895, -28.596334], [149.631918, -28.597629], [149.631264, -28.597919], [149.630415, -28.59679], [149.630956, -28.595231], [149.629807, -28.594969], [149.627408, -28.596006], [149.625491, -28.593342], [149.624004, -28.594027], [149.623909, -28.595279], [149.622519, -28.594758], [149.619401, -28.596097], [149.61974, -28.597557], [149.618393, -28.598606], [149.615377, -28.598453], [149.610654, -28.60088], [149.609868, -28.599693], [149.610826, -28.598641], [149.610493, -28.597399], [149.605119, -28.597879], [149.605506, -28.595441], [149.606681, -28.593788], [149.60626, -28.591676], [149.604323, -28.590617], [149.603449, -28.589065], [149.605816, -28.588739], [149.605955, -28.587647], [149.603128, -28.58538], [149.602046, -28.58757], [149.600478, -28.587224], [149.597745, -28.588819], [149.597998, -28.585294], [149.597032, -28.58458], [149.599314, -28.583558], [149.59956, -28.581661], [149.598314, -28.57928], [149.597141, -28.578628], [149.596361, -28.579057], [149.593981, -28.576459], [149.590131, -28.575669], [149.587938, -28.572815], [149.58419, -28.574373], [149.580467, -28.572525], [149.578341, -28.572616], [149.577481, -28.573425], [149.576706, -28.572146], [149.574289, -28.573951], [149.572477, -28.571742], [149.568553, -28.571079], [149.567052, -28.573655], [149.565088, -28.572527], [149.563871, -28.575017], [149.561804, -28.573937], [149.559072, -28.576573], [149.557258, -28.576704], [149.557831, -28.57966], [149.553629, -28.577364], [149.552511, -28.577777], [149.552587, -28.580137], [149.551036, -28.578909], [149.551466, -28.577536], [149.550628, -28.576773], [149.5481, -28.576883], [149.544491, -28.575399], [149.543553, -28.576703], [149.542158, -28.575023], [149.538465, -28.574767], [149.53677, -28.576385], [149.535797, -28.574444], [149.534018, -28.576338], [149.532031, -28.576804], [149.528925, -28.57422], [149.526179, -28.575365], [149.525904, -28.576265], [149.527039, -28.577434], [149.524845, -28.57936], [149.521711, -28.579138], [149.519401, -28.5811], [149.518255, -28.579025], [149.51545, -28.579331], [149.513949, -28.581674], [149.513035, -28.579901], [149.513494, -28.577633], [149.512177, -28.576094], [149.509787, -28.577127], [149.508416, -28.575752], [149.505992, -28.576356], [149.504151, -28.574351], [149.502977, -28.574351], [149.502436, -28.575022], [149.503277, -28.578412], [149.502704, -28.580399], [149.499038, -28.57797], [149.497069, -28.580731], [149.496424, -28.580609], [149.496895, -28.578776], [149.49629, -28.578458], [149.492418, -28.580934], [149.491984, -28.582942], [149.490205, -28.584502], [149.485493, -28.582526], [149.481514, -28.582818], [149.482508, -28.586191], [149.480842, -28.589813], [149.47929, -28.59118], [149.478621, -28.588266], [149.477324, -28.58793], [149.476828, -28.591343], [149.474862, -28.593894], [149.4716, -28.592694], [149.469835, -28.594279], [149.469492, -28.59223400000001], [149.468361, -28.591969], [149.466997, -28.593649], [149.467722, -28.595853], [149.467185, -28.596368], [149.464837, -28.593424], [149.462746, -28.593083], [149.461616, -28.591554], [149.458763, -28.594066], [149.455768, -28.592989], [149.455671, -28.595997], [149.452554, -28.594867], [149.453705, -28.599216], [149.452457, -28.600342], [149.451812, -28.604093], [149.450413, -28.605272], [149.447746, -28.604929], [149.446796, -28.606259], [149.444233, -28.606455], [149.443452, -28.607628], [149.444329, -28.608957], [149.441525, -28.609763], [149.439518, -28.612053], [149.439051, -28.615778], [149.441345, -28.616384], [149.44033, -28.618923], [149.442976, -28.620323], [149.435826, -28.625023], [149.435032, -28.626355], [149.432838, -28.626635], [149.432471, -28.628004], [149.430292, -28.626226], [149.428298, -28.629225], [149.429121, -28.630437], [149.429017, -28.632224], [149.432856, -28.635031], [149.431213, -28.63644], [149.432174, -28.638125], [149.430003, -28.637667], [149.430609, -28.639999], [149.429197, -28.640521], [149.430569, -28.642874], [149.428059, -28.644319], [149.428024, -28.646951], [149.425822, -28.647219], [149.426129, -28.650136], [149.423117, -28.649613], [149.419416, -28.650125], [149.417037, -28.651315], [149.418298, -28.653653], [149.419819, -28.654215], [149.422895, -28.653758], [149.423022, -28.655209], [149.421493, -28.656034], [149.417015, -28.655002], [149.416309, -28.658342], [149.417366, -28.659735], [149.417151, -28.660985], [149.41568, -28.662762], [149.413599, -28.662371], [149.410581, -28.663728], [149.411398, -28.665906], [149.410701, -28.667374], [149.412253, -28.667131], [149.413694, -28.665349], [149.414237, -28.666888], [149.408574, -28.67058], [149.406264, -28.673063], [149.404691, -28.673318], [149.404372, -28.673917], [149.405469, -28.675241], [149.40203, -28.6761], [149.399148, -28.67486900000001], [149.396665, -28.677435], [149.393867, -28.67729200000001], [149.394325, -28.680195], [149.393181, -28.682457], [149.394167, -28.685725], [149.391305, -28.69188], [149.388232, -28.693946], [149.387389, -28.695803], [149.385521, -28.694777], [149.385356, -28.693308], [149.384383, -28.692646], [149.384963, -28.691494], [149.38321, -28.690693], [149.379323, -28.690572], [149.37858, -28.68908400000001], [149.377451, -28.689929], [149.377927, -28.691714], [149.375848, -28.692621], [149.373302, -28.689624], [149.371513, -28.689711], [149.37092, -28.688284], [149.36935, -28.687788], [149.367922, -28.688879], [149.368737, -28.691902], [149.366881, -28.692283], [149.364948, -28.689876], [149.363507, -28.689868], [149.361973, -28.685113], [149.358975, -28.68433], [149.354732, -28.687839], [149.352613, -28.688508], [149.352485, -28.690762], [149.351359, -28.692666], [149.349754, -28.691445], [149.347704, -28.691188], [149.345837, -28.694456], [149.347104, -28.695744], [149.346685, -28.696672], [149.341542, -28.696391], [149.34011, -28.695374], [149.336087, -28.698295], [149.331739, -28.697592], [149.329862, -28.698194], [149.329186, -28.699392], [149.331789, -28.701831], [149.331843, -28.70286], [149.328585, -28.704504], [149.328037, -28.707484], [149.322967, -28.707777], [149.321966, -28.706172], [149.320071, -28.706246], [149.319819, -28.708812], [149.322565, -28.70963400000001], [149.318898, -28.711621], [149.318753, -28.713406], [149.317964, -28.714058], [149.316697, -28.713299], [149.31721, -28.711875], [149.315941, -28.710296], [149.314299, -28.712043], [149.311172, -28.711064], [149.310222, -28.712141], [149.309175, -28.710817], [149.308027, -28.711682], [149.305797, -28.711422], [149.302526, -28.709137], [149.300522, -28.710297], [149.297081, -28.709947], [149.293455, -28.712012], [149.292705, -28.715204], [149.290867, -28.71734100000001], [149.290852, -28.718805], [149.288647, -28.72101], [149.28714, -28.721423], [149.287424, -28.726308], [149.284882, -28.725924], [149.282815, -28.727895], [149.283133, -28.729755], [149.285317, -28.731863], [149.282999, -28.733084], [149.280394, -28.730983], [149.279142, -28.733471], [149.277902, -28.733396], [149.277236, -28.731987], [149.275435, -28.733469], [149.271335, -28.733949], [149.271506, -28.736729], [149.273776, -28.737107], [149.272537, -28.739857], [149.270148, -28.741618], [149.269197, -28.743452], [149.266365, -28.742825], [149.265545, -28.740452], [149.263561, -28.73975], [149.264339, -28.738644], [149.263939, -28.73698], [149.2654, -28.735795], [149.262965, -28.735394], [149.262342, -28.734297], [149.257462, -28.737104], [149.257019, -28.739479], [149.25454, -28.738852], [149.253678, -28.740286], [149.253764, -28.742235], [149.251733, -28.739996], [149.249664, -28.740141], [149.249174, -28.74155], [149.247988, -28.738817], [149.246912, -28.738899], [149.245836, -28.739624], [149.245644, -28.741293], [149.244131, -28.741946], [149.244234, -28.743229], [149.241173, -28.745575], [149.242959, -28.747136], [149.240167, -28.746722], [149.239598, -28.747921], [149.236939, -28.748972], [149.23684, -28.750624], [149.233158, -28.749325], [149.232275, -28.75168], [149.231331, -28.750816], [149.230523, -28.751208], [149.231872, -28.755928], [149.2311, -28.756395], [149.229504, -28.755082], [149.228636, -28.755312], [149.228658, -28.75714], [149.230224, -28.758351], [149.227991, -28.759183], [149.228455, -28.761857], [149.22631, -28.761075], [149.225819, -28.762946], [149.224223, -28.762599], [149.224974, -28.764462], [149.222678, -28.764188], [149.22123, -28.765984], [149.220355, -28.76563700000001], [149.219257, -28.763117], [149.216486, -28.76328000000001], [149.215628, -28.764032], [149.214126, -28.763662], [149.213934, -28.765545], [149.212115, -28.765196], [149.212024, -28.766509], [149.210306, -28.768246], [149.20835, -28.765954], [149.207333, -28.765852], [149.20674, -28.766736], [149.207476, -28.769488], [149.204928, -28.7689], [149.202078, -28.77067], [149.199901, -28.769702], [149.198317, -28.770044], [149.197759, -28.771152], [149.19479, -28.771068], [149.193698, -28.771815], [149.193775, -28.773916], [149.188805, -28.775118], [149.188741, -28.776926], [149.191166, -28.778439], [149.19236, -28.7806], [149.190034, -28.781786], [149.186484, -28.782048], [149.186766, -28.786496], [149.184118, -28.790145], [149.186787, -28.792211], [149.186969, -28.794063], [149.183533, -28.79464400000001], [149.183684, -28.796947], [149.179933, -28.798703], [149.179183, -28.802996], [149.175863, -28.802663], [149.173028, -28.804377], [149.17185, -28.806248], [149.170024, -28.806645], [149.169444, -28.807991], [149.167069, -28.807579], [149.166714, -28.80868], [149.164481, -28.808008], [149.162536, -28.805946], [149.160775, -28.807218], [149.161184, -28.808776], [149.160386, -28.810739], [149.158377, -28.809282], [149.155401, -28.809475], [149.151215, -28.80775600000001], [149.148697, -28.808627], [149.147945, -28.805994], [149.14652, -28.806525], [149.14706, -28.80827100000001], [149.145781, -28.809504], [149.144552, -28.808206], [149.142905, -28.807882], [149.144501, -28.80706500000001], [149.143915, -28.80609400000001], [149.139757, -28.807197], [149.138964, -28.808573], [149.140101, -28.810277], [149.139873, -28.811877], [149.136601, -28.812462], [149.137362, -28.813294], [149.140536, -28.813738], [149.139782, -28.81588], [149.140784, -28.815922], [149.141521, -28.814966], [149.142466, -28.81548], [149.142444, -28.818927], [149.14456, -28.819082], [149.14356, -28.820882], [149.141674, -28.820693], [149.14055, -28.821978], [149.143444, -28.822215], [149.142131, -28.824113], [149.138965, -28.825471], [149.138908, -28.827812], [149.131061, -28.829568], [149.130706, -28.830352], [149.131973, -28.831439], [149.131482, -28.832133], [149.128043, -28.831633], [149.128192, -28.835262], [149.126438, -28.835246], [149.124659, -28.833265], [149.122431, -28.834566], [149.123126, -28.832796], [149.122057, -28.831754], [149.120957, -28.832926], [149.118159, -28.832973], [149.118114, -28.83181], [149.119857, -28.830274], [149.11929, -28.829415], [149.115478, -28.830931], [149.112444, -28.829575], [149.111044, -28.830785], [149.113262, -28.831671], [149.112155, -28.834132], [149.108822, -28.833405], [149.103225, -28.838124], [149.102764, -28.833372], [149.101104, -28.832719], [149.099079, -28.834168], [149.098007, -28.83202], [149.097078, -28.83168], [149.096268, -28.832138], [149.096384, -28.834275], [149.093157, -28.8338], [149.090392, -28.837431], [149.087224, -28.83808700000001], [149.086253, -28.842484], [149.082039, -28.842963], [149.080762, -28.841801], [149.080292, -28.843278], [149.081143, -28.846826], [149.07959, -28.851186], [149.080061, -28.858362], [149.075727, -28.859384], [149.072521, -28.864013], [149.070072, -28.871938], [149.066282, -28.87348100000001], [149.063634, -28.878167], [149.059106, -28.879687], [149.055338, -28.884099], [149.05477, -28.88590900000001], [149.055347, -28.886921], [149.059534, -28.886211], [149.061308, -28.887347], [149.063379, -28.88747], [149.063984, -28.888645], [149.063655, -28.88948], [149.060723, -28.890258], [149.059047, -28.891861], [149.058118, -28.893649], [149.05993, -28.894078], [149.060261, -28.894842], [149.055979, -28.900787], [149.057652, -28.903888], [149.057376, -28.906026], [149.058625, -28.907809], [149.058652, -28.910358], [149.057662, -28.911398], [149.05486, -28.912071], [149.050999, -28.91762200000001], [149.049292, -28.916453], [149.04832, -28.916989], [149.047802, -28.919764], [149.046904, -28.920679], [149.047274, -28.924839], [149.04313, -28.92698], [149.042971, -28.93126000000001], [149.04526, -28.931473], [149.045294, -28.934515], [149.043948, -28.93482300000001], [149.04293, -28.939231], [149.038946, -28.939036], [149.03988, -28.942418], [149.034921, -28.945903], [149.034808, -28.947591], [149.036095, -28.949009], [149.035337, -28.950619], [149.033746, -28.951597], [149.034431, -28.952996], [149.032686, -28.955958], [149.030877, -28.957088], [149.029318, -28.954872], [149.027847, -28.954529], [149.020998, -28.95728], [149.019916, -28.959321], [149.017476, -28.956769], [149.014579, -28.957676], [149.012349, -28.955576], [149.009223, -28.956919], [149.008501, -28.958294], [149.011386, -28.958464], [149.011337, -28.960067], [149.004994, -28.960671], [149.005331, -28.965143], [149.00423, -28.967614], [149.00021, -28.969508], [149.000226, -28.970821], [148.998297, -28.972645], [148.996196, -28.973053], [148.991291, -28.971684], [148.990516, -28.97427], [148.991578, -28.97562900000001], [148.990859, -28.976191], [148.986892, -28.974319], [148.984301, -28.976717], [148.981264, -28.975594], [148.976321, -28.976413], [148.975, -28.978988], [148.971965, -28.980556], [148.971078, -28.985324], [148.966652, -28.98608], [148.969379, -28.98782200000001], [148.967276, -28.991009], [148.964244, -28.991446], [148.965924, -28.993375], [148.963451, -28.996074], [148.959185, -28.997828], [148.958309, -28.999065], [147.964325, -28.999069], [147.938431, -29.075674], [147.925781, -29.119877], [147.909958, -29.115976], [147.904938, -29.113966], [147.893372, -29.111296], [147.882736, -29.117426], [147.880829, -29.123186], [147.870331, -29.131676], [147.861908, -29.144907], [147.851929, -29.160048], [147.842209, -29.169437], [147.828644, -29.186857], [147.838196, -29.196077], [147.838348, -29.205326], [147.832474, -29.212458], [147.830185, -29.220127], [147.82251, -29.230537], [147.815216, -29.241158], [147.806503, -29.249977], [147.803162, -29.252018], [147.794693, -29.258467], [147.776402, -29.265341], [147.774078, -29.287407], [147.772781, -29.288877], [147.759415, -29.288338], [147.748062, -29.28125800000001], [147.738007, -29.276657], [147.733002, -29.278698], [147.724121, -29.28299700000001], [147.714752, -29.294298], [147.701035, -29.308428], [147.689972, -29.317698], [147.680115, -29.334297], [147.677414, -29.339949], [147.660568, -29.350348], [147.639709, -29.350048], [147.626846, -29.359308], [147.610229, -29.362488], [147.594269, -29.368599], [147.587708, -29.37233], [147.577026, -29.378319], [147.573303, -29.386], [147.567657, -29.399988], [147.56778, -29.40078], [147.564697, -29.409809], [147.552078, -29.419859], [147.552078, -29.42042], [147.550049, -29.437349], [147.545532, -29.44141], [147.527359, -29.44808], [147.5177, -29.459589], [147.514999, -29.465229], [147.509842, -29.46456], [147.497345, -29.47167], [147.484848, -29.485331], [147.487167, -29.491079], [147.481888, -29.497059], [147.470673, -29.511839], [147.453644, -29.52335], [147.433655, -29.53294], [147.426682, -29.54501000000001], [147.426941, -29.553579], [147.419724, -29.560911], [147.410553, -29.568701], [147.410812, -29.585051], [147.413773, -29.59713], [147.410156, -29.603441], [147.405884, -29.612921], [147.397888, -29.622841], [147.389664, -29.633591], [147.387421, -29.6436], [147.381851, -29.651611], [147.370743, -29.666151], [147.363235, -29.670101], [147.347855, -29.681372], [147.348892, -29.693211], [147.368134, -29.70158], [147.385321, -29.717571], [147.419869, -29.736227], [147.420214, -29.749355], [147.429542, -29.757992], [147.44578, -29.784594], [147.402249, -29.787703], [147.421942, -29.806359], [147.432306, -29.826051], [147.437143, -29.838143], [147.459253, -29.841943], [147.456144, -29.851616], [147.500365, -29.85438], [147.501747, -29.89722], [147.502092, -29.917603], [147.49311, -29.943168], [147.484819, -29.993608], [147.439907, -29.988771], [147.418832, -30.000517], [147.418487, -30.030574], [147.401016, -30.140461], [147.399368, -30.14624], [147.388489, -30.150061], [147.378418, -30.15225], [147.364197, -30.15094], [147.359207, -30.15231100000001], [147.351212, -30.148001], [147.341843, -30.142881], [147.331131, -30.135241], [147.317307, -30.13401], [147.303604, -30.134491], [147.296539, -30.132971], [147.291092, -30.132532], [147.288803, -30.134552], [147.2715, -30.124662], [147.260254, -30.130802], [147.253694, -30.13629], [147.244049, -30.148872], [147.243652, -30.155731], [147.251251, -30.164291], [147.246613, -30.175673], [147.23967, -30.183083], [147.23671, -30.208902], [147.239532, -30.218102], [147.241852, -30.231632], [147.239487, -30.236603], [147.23233, -30.241482], [147.226013, -30.250252], [147.223328, -30.264063], [147.216278, -30.271652], [147.213699, -30.282303], [147.211121, -30.290611], [147.214371, -30.300442], [147.205124, -30.310057], [147.204636, -30.32112], [147.200195, -30.334942], [147.195114, -30.345682], [147.18309, -30.372412], [147.199109, -30.396435], [147.223292, -30.408181], [147.335918, -30.424073], [147.340064, -30.401962], [147.5728, -30.437609], [147.573181, -30.448259], [147.578979, -30.46077], [147.59404, -30.469639], [147.607941, -30.492678], [147.621536, -30.512468], [147.620056, -30.515089], [147.611176, -30.520658], [147.60231, -30.525728], [147.603729, -30.537909], [147.600983, -30.546669], [147.598419, -30.555889], [147.601936, -30.576428], [147.58017, -30.575046], [147.592262, -30.615813], [147.59399, -30.654506], [147.563587, -30.704255], [147.563587, -30.727402], [147.552532, -30.750895], [147.52213, -30.760913], [147.515289, -30.805199], [147.700397, -30.829663], [147.700397, -30.858684], [147.713525, -30.887013], [147.7498, -30.991001], [147.809568, -30.968545], [147.81572, -30.991877], [147.865311, -30.984697], [147.866302, -30.991007], [147.872711, -31.002527], [147.877823, -31.009527], [147.887772, -31.016066], [147.903381, -31.025766], [147.911483, -31.026586], [147.919373, -31.033436], [147.929871, -31.050806], [147.938263, -31.059376], [147.946793, -31.064217], [147.951508, -31.074825], [147.961487, -31.081816], [147.976028, -31.087215], [148.002441, -31.113476], [148.001308, -31.130229], [147.979542, -31.14163], [148.001653, -31.149576], [147.99958, -31.173759], [148.015472, -31.186196], [148.045529, -31.220053], [148.086986, -31.244582], [148.119115, -31.26012800000001], [148.170592, -31.303313], [148.206176, -31.336134], [148.232432, -31.36999], [148.246942, -31.385882], [148.271816, -31.386573], [148.296345, -31.371372], [148.316383, -31.395901], [148.32502, -31.451178], [148.307055, -31.44945], [148.298764, -31.509909], [148.28909, -31.579695], [148.306152, -31.572853], [148.338379, -31.589312], [148.309128, -31.723068], [148.361641, -31.724105], [148.351967, -31.801146], [148.313274, -31.798383], [148.321565, -31.852968], [148.331787, -31.862463], [148.349894, -31.895807], [148.356113, -31.925173], [148.376842, -31.960412], [148.422119, -32.016541], [148.443173, -32.022597], [148.483594, -32.001869], [148.509505, -31.97734], [148.546817, -31.95212], [148.604166, -31.925518], [148.62524, -31.892352], [148.680862, -31.87715100000001], [148.702282, -31.88578800000001], [148.737866, -31.88337], [148.777596, -31.885443], [148.86742, -31.892007], [148.981427, -31.908935], [148.985919, -31.921718], [149.001465, -31.928973], [149.016321, -31.912736], [149.031176, -31.91619], [149.038086, -31.928973], [149.027376, -31.99495900000001], [149.029103, -32.010851], [149.024612, -32.038144], [149.01563, -32.056109], [149.021503, -32.065437], [149.036704, -32.089275], [149.03774, -32.107239], [149.017703, -32.115185], [149.014593, -32.130732], [149.001465, -32.138678], [148.99041, -32.155606], [148.95448, -32.17668], [148.946189, -32.218311], [148.943252, -32.254413], [148.918896, -32.272896], [148.896942, -32.280037], [148.893158, -32.301052], [148.868284, -32.30468], [148.858265, -32.327136], [148.844964, -32.328863], [148.81128, -32.36082], [148.782087, -32.340955], [148.767059, -32.371012], [148.778114, -32.387595], [148.751694, -32.41824], [148.744095, -32.415279], [148.733719, -32.423271], [148.72681, -32.418169], [148.716995, -32.41547], [148.711136, -32.409508], [148.698685, -32.403461], [148.701072, -32.41316], [148.703674, -32.420609], [148.703629, -32.434689], [148.710648, -32.434231], [148.717285, -32.436478], [148.717194, -32.437931], [148.719555, -32.445635], [148.724392, -32.454444], [148.725525, -32.462078], [148.733734, -32.46846], [148.725067, -32.476791], [148.723328, -32.486549], [148.723602, -32.49493], [148.715897, -32.492149], [148.706879, -32.494171], [148.700302, -32.500751], [148.705736, -32.508339], [148.701172, -32.513279], [148.700317, -32.523838], [148.709686, -32.524799], [148.711929, -32.530361], [148.711782, -32.539259], [148.706528, -32.543148], [148.700989, -32.553959], [148.709167, -32.553219], [148.714172, -32.55315], [148.714005, -32.560822], [148.715576, -32.5653], [148.724075, -32.570419], [148.804561, -32.564565]]]}}, {"type": "Feature", "properties": {"index": "HGHS", "division": "Hughes", "state": "New South Wales", "year": "1992", "proclaimed": "19920131", "quota": "0", "electors": "0", "deviation": ""}, "geometry": {"type": "Polygon", "coordinates": [[[150.974142, -34.256379], [150.972696, -34.254842], [150.973996, -34.253127], [150.977384, -34.25169], [150.976402, -34.251335], [150.975802, -34.249838], [150.978717, -34.249306], [150.977149, -34.245157], [150.985945, -34.236878], [150.988696, -34.231862], [150.993284, -34.227982], [150.996009, -34.227038], [150.998484, -34.227453], [150.998375, -34.226486], [151.000297, -34.226329], [151.004358, -34.220978], [151.006322, -34.220221], [151.008521, -34.22047], [151.01083, -34.218945], [151.012875, -34.213105], [151.019011, -34.207557], [151.021278, -34.204055], [151.025802, -34.202779], [151.0331, -34.196075], [151.038634, -34.194912], [151.039335, -34.192124], [151.041803, -34.191173], [151.042404, -34.188899], [151.045254, -34.186193], [151.047123, -34.186551], [151.052883, -34.184606], [151.054813, -34.185158], [151.053579, -34.183513], [151.054196, -34.180529], [151.055715, -34.180423], [151.057465, -34.178316], [151.060797, -34.178908], [151.061544, -34.177605], [151.063242, -34.17684], [151.063131, -34.174364], [151.069808, -34.16981], [151.072506, -34.168433], [151.074588, -34.169293], [151.076416, -34.168012], [151.081098, -34.166807], [151.095677, -34.158109], [151.098355, -34.153725], [151.1023, -34.153714], [151.104996, -34.151447], [151.105862, -34.151678], [151.107791, -34.14954], [151.11144, -34.148009], [151.112708, -34.146341], [151.110098, -34.145521], [151.113082, -34.144259], [151.116347, -34.144542], [151.118031, -34.143082], [151.117982, -34.141441], [151.119943, -34.141233], [151.122055, -34.139608], [151.118359, -34.138295], [151.118696, -34.137011], [151.120907, -34.137459], [151.123352, -34.136579], [151.127882, -34.137919], [151.129156, -34.13072], [151.130058, -34.12953], [151.131667, -34.129121], [151.132257, -34.12729], [151.134632, -34.126268], [151.135732, -34.123314], [151.13742, -34.123265], [151.136976, -34.121714], [151.135743, -34.121615], [151.135794, -34.120303], [151.137967, -34.119629], [151.141154, -34.116251], [151.143787, -34.117137], [151.151792, -34.115075], [151.151279, -34.112477], [151.151846, -34.109708], [151.152924, -34.10964], [151.153299, -34.10809], [151.15661, -34.105617], [151.156581, -34.104054], [151.158427, -34.102699], [151.159864, -34.099482], [151.161466, -34.099317], [151.163471, -34.098032], [151.163401, -34.096557], [151.165715, -34.095944], [151.165182, -34.095618], [151.165666, -34.093962], [151.170494, -34.089139], [151.170875, -34.086905], [151.171761, -34.086503], [151.171083, -34.084265], [151.171847, -34.082236], [151.170264, -34.079678], [151.170757, -34.078656], [151.169221, -34.076874], [151.168974, -34.074918], [151.165239, -34.077895], [151.165982, -34.079714], [151.164703, -34.081227], [151.161895, -34.081505], [151.156193, -34.080202], [151.155614, -34.081718], [151.154224, -34.082641], [151.151699, -34.082446], [151.150032, -34.083695], [151.145153, -34.07986], [151.142978, -34.080026], [151.139902, -34.082457], [151.136951, -34.0817], [151.135024, -34.079323], [151.13315, -34.073528], [151.1328, -34.075068], [151.13379, -34.077211], [151.133903, -34.080759], [151.132526, -34.083043], [151.134021, -34.083265], [151.135161, -34.08226], [151.134114, -34.083318], [151.133232, -34.083403], [151.132099, -34.08306], [151.130969, -34.084424], [151.12948, -34.087104], [151.129655, -34.089571], [151.125687, -34.090101], [151.124191, -34.092213], [151.121612, -34.092536], [151.12444, -34.09183], [151.123886, -34.089946], [151.124576, -34.088791], [151.128336, -34.087128], [151.131228, -34.083291], [151.132843, -34.082314], [151.133523, -34.080596], [151.132195, -34.075984], [151.128611, -34.077449], [151.127799, -34.079735], [151.125875, -34.080954], [151.124848, -34.079756], [151.124549, -34.075936], [151.121589, -34.076616], [151.120767, -34.078607], [151.117716, -34.076585], [151.116731, -34.077849], [151.117058, -34.078561], [151.115509, -34.079412], [151.115127, -34.078406], [151.114408, -34.079602], [151.111751, -34.077849], [151.110204, -34.078284], [151.10894, -34.081965], [151.107464, -34.083099], [151.105415, -34.083337], [151.105271, -34.082287], [151.102112, -34.083772], [151.100056, -34.083857], [151.100368, -34.08614], [151.099223, -34.089631], [151.097523, -34.087458], [151.094184, -34.087239], [151.092556, -34.088288], [151.089783, -34.086834], [151.086842, -34.089562], [151.08596, -34.088375], [151.083466, -34.087656], [151.078582, -34.089316], [151.079109, -34.088563], [151.083366, -34.087318], [151.087046, -34.088306], [151.089265, -34.086144], [151.092482, -34.086851], [151.09388, -34.085812], [151.098158, -34.085949], [151.097621, -34.083806], [151.09813, -34.082581], [151.101447, -34.081829], [151.102297, -34.080724], [151.105556, -34.079512], [151.104658, -34.077404], [151.103267, -34.077027], [151.103896, -34.075798], [151.103365, -34.074857], [151.1062, -34.071894], [151.103205, -34.069146], [151.101088, -34.069351], [151.102404, -34.066571], [151.10198, -34.065367], [151.098054, -34.065063], [151.100378, -34.063301], [151.098996, -34.062807], [151.095785, -34.058002], [151.09378, -34.060167], [151.093281, -34.063206], [151.090264, -34.064596], [151.091469, -34.06712], [151.088446, -34.069568], [151.088029, -34.06792], [151.084489, -34.067445], [151.08156, -34.06462], [151.078031, -34.063306], [151.068833, -34.064197], [151.065894, -34.065336], [151.063033, -34.06465], [151.059523, -34.068043], [151.061816, -34.070666], [151.057465, -34.073609], [151.056814, -34.072967], [151.060826, -34.070623], [151.059726, -34.06935], [151.057985, -34.070458], [151.056698, -34.068742], [151.058476, -34.066076], [151.058169, -34.063901], [151.058843, -34.062644], [151.058047, -34.061572], [151.057832, -34.058048], [151.056882, -34.056087], [151.054339, -34.054463], [151.051367, -34.052686], [151.051735, -34.051093], [151.050969, -34.047814], [151.053236, -34.046987], [151.054492, -34.040583], [151.057434, -34.03902], [151.058874, -34.037059], [151.061938, -34.036508], [151.063102, -34.03326], [151.063317, -34.031146], [151.066565, -34.029828], [151.066657, -34.027162], [151.067576, -34.026274], [151.068465, -34.019441], [151.071682, -34.017572], [151.075972, -34.016806], [151.077657, -34.012363], [151.077729, -34.012307], [151.077778, -34.011444], [151.082254, -34.007856], [151.084745, -34.008616], [151.08754, -34.008027], [151.087323, -34.007186], [151.084951, -34.006428], [151.084022, -34.005251], [151.085804, -34.00285], [151.088472, -34.005594], [151.08935, -34.005207], [151.08914, -34.003751], [151.091762, -34.001495], [151.089793, -34.000646], [151.08941, -33.997472], [151.083015, -33.995958], [151.079319, -33.996475], [151.078483, -33.998423], [151.080155, -33.99989], [151.079969, -34.000572], [151.076631, -34.000159], [151.075583, -33.99774], [151.069992, -34.002287], [151.069719, -34.001285], [151.070796, -33.999942], [151.069051, -33.998175], [151.07097, -33.997474], [151.069417, -33.996701], [151.069649, -33.995944], [151.059507, -33.998177], [151.056136, -34.000322], [151.055736, -34.001337], [151.05723, -34.005993], [151.058809, -34.008153], [151.054955, -34.007251], [151.052466, -34.004999], [151.050231, -34.005368], [151.049773, -34.008236], [151.048282, -34.007708], [151.048726, -34.006092], [151.046488, -34.00761], [151.046699, -34.010962], [151.047402, -34.011837], [151.049127, -34.012078], [151.049019, -34.01284], [151.051292, -34.014696], [151.051443, -34.016762], [151.050865, -34.01714], [151.049241, -34.014999], [151.050258, -34.018764], [151.0501, -34.021535], [151.047005, -34.025152], [151.045115, -34.028943], [151.04294, -34.029179], [151.041633, -34.028673], [151.041784, -34.027967], [151.044931, -34.027902], [151.045726, -34.02532], [151.048259, -34.022543], [151.048875, -34.02071], [151.047914, -34.019295], [151.048509, -34.018163], [151.047671, -34.014195], [151.045274, -34.011362], [151.046746, -34.014155], [151.044938, -34.014705], [151.044715, -34.009162], [151.043246, -34.008792], [151.042998, -34.007672], [151.043948, -34.006529], [151.046745, -34.006262], [151.048389, -34.003482], [151.053058, -34.002343], [151.05516, -33.999725], [151.055075, -33.998505], [151.052985, -34.00186], [151.052732, -34.00075], [151.051059, -33.999966], [151.05297, -33.999437], [151.053816, -33.997595], [151.056856, -33.996515], [151.05794, -33.994435], [151.065434, -33.994577], [151.066072, -33.991887], [151.064939, -33.99099], [151.062056, -33.990874], [151.060565, -33.988443], [151.056559, -33.992943], [151.052148, -33.99465], [151.047356, -33.994629], [151.046982, -33.993678], [151.045601, -33.993241], [151.039387, -33.992692], [151.035395, -33.993426], [151.03281, -33.992545], [151.032002, -33.991161], [151.033067, -33.98883], [151.029909, -33.988595], [151.029188, -33.986951], [151.030372, -33.983835], [151.033105, -33.982357], [151.037668, -33.981841], [151.036059, -33.980827], [151.034336, -33.977395], [151.025526, -33.978808], [151.022005, -33.977245], [151.015367, -33.983226], [151.015583, -33.982079], [151.015621, -33.982036], [151.013992, -33.983536], [151.010992, -33.984036], [151.006027, -33.982151], [151.004684, -33.98011], [151.00379, -33.980038], [151.001419, -33.981781], [150.998178, -33.982714], [150.995266, -33.981724], [150.995062, -33.979977], [150.995062, -33.978084], [150.997828, -33.976628], [150.998702, -33.97491], [150.996838, -33.973105], [150.993315, -33.970804], [150.990461, -33.967252], [150.988743, -33.965854], [150.985394, -33.965592], [150.98254, -33.965504], [150.980589, -33.964194], [150.98024, -33.961923], [150.981579, -33.959331], [150.982744, -33.956768], [150.982744, -33.954992], [150.980706, -33.953565], [150.977852, -33.953012], [150.973455, -33.951847], [150.972086, -33.949517], [150.970048, -33.94611], [150.968213, -33.944596], [150.966116, -33.94282], [150.966992, -33.940036], [150.967805, -33.938685], [150.967951, -33.936908], [150.967572, -33.935045], [150.967631, -33.932308], [150.968679, -33.930677], [150.970426, -33.929366], [150.973222, -33.929337], [150.976841, -33.929526], [150.97826, -33.929396], [150.97842, -33.929017], [150.97858, -33.927983], [150.977051, -33.925697], [150.975872, -33.924067], [150.975027, -33.922654], [150.973629, -33.919116], [150.973542, -33.916262], [150.974357, -33.913758], [150.974363, -33.913026], [150.973222, -33.910613], [150.971526, -33.910904], [150.969332, -33.911279], [150.967172, -33.910933], [150.96608, -33.910424], [150.964741, -33.909317], [150.960431, -33.905706], [150.959936, -33.903348], [150.961421, -33.902241], [150.964711, -33.901979], [150.966064, -33.90197], [150.966051, -33.90061], [150.964857, -33.900028], [150.962479, -33.89967], [150.958713, -33.900785], [150.954316, -33.902358], [150.952132, -33.904134], [150.951416, -33.905029], [150.948715, -33.90593], [150.947676, -33.908094], [150.948229, -33.911064], [150.949278, -33.913511], [150.94986, -33.91619], [150.950974, -33.919849], [150.950239, -33.920645], [150.947678, -33.922142], [150.94191, -33.92321], [150.93898, -33.92371], [150.93306, -33.922619], [150.929913, -33.923208], [150.928925, -33.923542], [150.927875, -33.926411], [150.926768, -33.929323], [150.924963, -33.931652], [150.923186, -33.933487], [150.921031, -33.934856], [150.918509, -33.939145], [150.917923, -33.939941], [150.917673, -33.94221], [150.917305, -33.945091], [150.914119, -33.947481], [150.912035, -33.950116], [150.910871, -33.95367], [150.910319, -33.955263], [150.911116, -33.959308], [150.911545, -33.964517], [150.909768, -33.967887], [150.90989, -33.970768], [150.910568, -33.975342], [150.907745, -33.982166], [150.907071, -33.989888], [150.906765, -33.99381], [150.908707, -33.997379], [150.911377, -34.000542], [150.908236, -34.002328], [150.903168, -34.003971], [150.901031, -34.00703], [150.901184, -34.010189], [150.903762, -34.015136], [150.905441, -34.016472], [150.902659, -34.018813], [150.895305, -34.019977], [150.89169, -34.017342], [150.892241, -34.012868], [150.891383, -34.008027], [150.891525, -34.005169], [150.888275, -34.004169], [150.88789, -34.008272], [150.886481, -34.020651], [150.886581, -34.030003], [150.890403, -34.030456], [150.89457, -34.033153], [150.898185, -34.033704], [150.90174, -34.032172], [150.90462, -34.031866], [150.906459, -34.033888], [150.94043, -34.038822], [150.939651, -34.042652], [150.937283, -34.048289], [150.936609, -34.05074], [150.937528, -34.053498], [150.934769, -34.05666], [150.935261, -34.059871], [150.936295, -34.062069], [150.93618, -34.067593], [150.935322, -34.069493], [150.937332, -34.071869], [150.937038, -34.076172], [150.932503, -34.078624], [150.933116, -34.082362], [150.932565, -34.085303], [150.928214, -34.087877], [150.923066, -34.090083], [150.924843, -34.093699], [150.936793, -34.095476], [150.934127, -34.10954], [150.928305, -34.11095], [150.927631, -34.114872], [150.92567, -34.116404], [150.92757, -34.119468], [150.930083, -34.12149], [150.927999, -34.126025], [150.92469, -34.12627], [150.922055, -34.127925], [150.922668, -34.132337], [150.921687, -34.134788], [150.918071, -34.137975], [150.917704, -34.140426], [150.919358, -34.142632], [150.918378, -34.147535], [150.914963, -34.150471], [150.917091, -34.153541], [150.915865, -34.157034], [150.912495, -34.16163], [150.906677, -34.164951], [150.906367, -34.171619], [150.905325, -34.176828], [150.904773, -34.180934], [150.904773, -34.184059], [150.902812, -34.186081], [150.9003, -34.186571], [150.899809, -34.188716], [150.892639, -34.188226], [150.884857, -34.18792], [150.884183, -34.18939], [150.882896, -34.187981], [150.881486, -34.18651], [150.877442, -34.187123], [150.874378, -34.187184], [150.873213, -34.18553], [150.871313, -34.182527], [150.866411, -34.18173], [150.864266, -34.182956], [150.860896, -34.181975], [150.858996, -34.180259], [150.856728, -34.183507], [150.857605, -34.18597], [150.857096, -34.190677], [150.858871, -34.192623], [150.861447, -34.193251], [150.862534, -34.191471], [150.864143, -34.195335], [150.8638, -34.198681], [150.866531, -34.199913], [150.870394, -34.200482], [150.872968, -34.199012], [150.876155, -34.201157], [150.877686, -34.202442], [150.878851, -34.204159], [150.880138, -34.207836], [150.882099, -34.209859], [150.886266, -34.21329], [150.890274, -34.21455], [150.891598, -34.217028], [150.892639, -34.220889], [150.891846, -34.225243], [150.891861, -34.228069], [150.893314, -34.230939], [150.897236, -34.232226], [150.90155, -34.232971], [150.906021, -34.233509], [150.907286, -34.235658], [150.90747, -34.237987], [150.911147, -34.238661], [150.914578, -34.24007], [150.918378, -34.239519], [150.922104, -34.239052], [150.924874, -34.243012], [150.92567, -34.245279], [150.929286, -34.249324], [150.932411, -34.251775], [150.936885, -34.253859], [150.941358, -34.254962], [150.942339, -34.257352], [150.943565, -34.259742], [150.946384, -34.260355], [150.94669, -34.262745], [150.946445, -34.264951], [150.954166, -34.266605], [150.9682, -34.253491], [150.969303, -34.256923], [150.973852, -34.256597], [150.974142, -34.256379]]]}}, {"type": "Feature", "properties": {"index": "HUME", "division": "Hume", "state": "New South Wales", "year": "1992", "proclaimed": "19920131", "quota": "0", "electors": "0", "deviation": ""}, "geometry": {"type": "Polygon", "coordinates": [[[148.48964, -35.917771], [148.477894, -35.903606], [148.456129, -35.894624], [148.497925, -35.803066], [148.508987, -35.795126], [148.546875, -35.735355], [148.605375, -35.627569], [148.657369, -35.660735], [148.689672, -35.661081], [148.706082, -35.663154], [148.736138, -35.676973], [148.755485, -35.692347], [148.770686, -35.707029], [148.778459, -35.724476], [148.793833, -35.737777], [148.818861, -35.718785], [148.818749, -35.718718], [148.812719, -35.719786], [148.811494, -35.718227], [148.808604, -35.717269], [148.805302, -35.713996], [148.804045, -35.713967], [148.796565, -35.709449], [148.796127, -35.707909], [148.791182, -35.703449], [148.788417, -35.69774], [148.791367, -35.69324], [148.791407, -35.689557], [148.792542, -35.689107], [148.793225, -35.686726], [148.797556, -35.680341], [148.798377, -35.676384], [148.797166, -35.67156], [148.798434, -35.666492], [148.790554, -35.659235], [148.786951, -35.660462], [148.786422, -35.6578], [148.783304, -35.656231], [148.773636, -35.655457], [148.772183, -35.65358], [148.772799, -35.649918], [148.769883, -35.649652], [148.767495, -35.647323], [148.769073, -35.645837], [148.771365, -35.645738], [148.771813, -35.641723], [148.770818, -35.639938], [148.78043, -35.63286], [148.783462, -35.628342], [148.782361, -35.626208], [148.780758, -35.625994], [148.779614, -35.623724], [148.78065, -35.620301], [148.780439, -35.617586], [148.778157, -35.613338], [148.772447, -35.60912], [148.768473, -35.603186], [148.772116, -35.601336], [148.77436, -35.597897], [148.783191, -35.595258], [148.783868, -35.593334], [148.787316, -35.59064], [148.788758, -35.588179], [148.786003, -35.582351], [148.782467, -35.581287], [148.782121, -35.579122], [148.773039, -35.568157], [148.778514, -35.563669], [148.778231, -35.558852], [148.775034, -35.554317], [148.77312, -35.549033], [148.771191, -35.54757], [148.769231, -35.544096], [148.769973, -35.536284], [148.772364, -35.529329], [148.768105, -35.524448], [148.767476, -35.51302], [148.766335, -35.510447], [148.768588, -35.507999], [148.768094, -35.50675], [148.765516, -35.504936], [148.764681, -35.502678], [148.764733, -35.499149], [148.762675, -35.495505], [148.765183, -35.490825], [148.774354, -35.486003], [148.774462, -35.484882], [148.770827, -35.47998], [148.77063, -35.475563], [148.766886, -35.471056], [148.767058, -35.465405], [148.772881, -35.462355], [148.7731, -35.459802], [148.77594, -35.454683], [148.773002, -35.449316], [148.774627, -35.446091], [148.774822, -35.44174], [148.777524, -35.439998], [148.780917, -35.433227], [148.784206, -35.432188], [148.786195, -35.428827], [148.788868, -35.426382], [148.787563, -35.422978], [148.788853, -35.421898], [148.788884, -35.417792], [148.790073, -35.415468], [148.787316, -35.414083], [148.786252, -35.412673], [148.785764, -35.408748], [148.796119, -35.406549], [148.795719, -35.39292], [148.799445, -35.390158], [148.803648, -35.388739], [148.804803, -35.386924], [148.804826, -35.385028], [148.808702, -35.382373], [148.808675, -35.380591], [148.805344, -35.378841], [148.804108, -35.376121], [148.804092, -35.369589], [148.805565, -35.365361], [148.801361, -35.362815], [148.799451, -35.359224], [148.796395, -35.358616], [148.798949, -35.354573], [148.799107, -35.350616], [148.79859, -35.348352], [148.796555, -35.346339], [148.795233, -35.342113], [148.793247, -35.339156], [148.7983, -35.332139], [148.801531, -35.329267], [148.802106, -35.32553], [148.800865, -35.321723], [148.802693, -35.319806], [148.803558, -35.316661], [148.807854, -35.309647], [148.810041, -35.307412], [149.091017, -35.142339], [149.093322, -35.138657], [149.102863, -35.135229], [149.104328, -35.132328], [149.106853, -35.131181], [149.109725, -35.131145], [149.112652, -35.127711], [149.115503, -35.126247], [149.118076, -35.126527], [149.120902, -35.124517], [149.127186, -35.125622], [149.126856, -35.126389], [149.128083, -35.126591], [149.128759, -35.128021], [149.129566, -35.127669], [149.131698, -35.12906], [149.136822, -35.127813], [149.138819, -35.128466], [149.138642, -35.129451], [149.139966, -35.130832], [149.138679, -35.13288], [149.1386, -35.135257], [149.140501, -35.136293], [149.143162, -35.135987], [149.144961, -35.134596], [149.145875, -35.13615], [149.149637, -35.138669], [149.149298, -35.14206], [149.147379, -35.142999], [149.146775, -35.144856], [149.150061, -35.14547], [149.152668, -35.143973], [149.155787, -35.144627], [149.157444, -35.144129], [149.159195, -35.141708], [149.164312, -35.142046], [149.164879, -35.143727], [149.163195, -35.146968], [149.165066, -35.150099], [149.163393, -35.151582], [149.162554, -35.153783], [149.167702, -35.158341], [149.167696, -35.159881], [149.16979, -35.160326], [149.171901, -35.158642], [149.172947, -35.158759], [149.173357, -35.159845], [149.174229, -35.158474], [149.176381, -35.158283], [149.177613, -35.15931], [149.17941, -35.158805], [149.183737, -35.161052], [149.185495, -35.161201], [149.189097, -35.165677], [149.187779, -35.169529], [149.183629, -35.175618], [149.185822, -35.177832], [149.191465, -35.179295], [149.195365, -35.184583], [149.197037, -35.185499], [149.196388, -35.190942], [149.190287, -35.194353], [149.191497, -35.198504], [149.19019, -35.200127], [149.189542, -35.203324], [149.19239, -35.202536], [149.197769, -35.202537], [149.200716, -35.204954], [149.200672, -35.206357], [149.204226, -35.208952], [149.205895, -35.211567], [149.208568, -35.211501], [149.207555, -35.216047], [149.206099, -35.216268], [149.202456, -35.224625], [149.204279, -35.226689], [149.204883, -35.229549], [149.210454, -35.22634], [149.213785, -35.219605], [149.219988, -35.220706], [149.223762, -35.219016], [149.227037, -35.219844], [149.228775, -35.221687], [149.231715, -35.222002], [149.234392, -35.221003], [149.237105, -35.222363], [149.238697, -35.222227], [149.240728, -35.225046], [149.244211, -35.226262], [149.254527, -35.219906], [149.243472, -35.179831], [149.28562, -35.168084], [149.306004, -35.159793], [149.329496, -35.132846], [149.408956, -35.141137], [149.446442, -35.175468], [149.495671, -35.171885], [149.539546, -35.175685], [149.556129, -35.161866], [149.573403, -35.151847], [149.597241, -35.155647], [149.627643, -35.145974], [149.618315, -35.130773], [149.615897, -35.113844], [149.633862, -35.106244], [149.651481, -35.112462], [149.658218, -35.125591], [149.671864, -35.138373], [149.740614, -35.179312], [149.755124, -35.170675], [149.77758, -35.168775], [149.790085, -35.172943], [149.78833, -35.180702], [149.790451, -35.186462], [149.79567, -35.196312], [149.797699, -35.198704], [149.793655, -35.203053], [149.798538, -35.207603], [149.810303, -35.210522], [149.822876, -35.207184], [149.834412, -35.207987], [149.840195, -35.210102], [149.843445, -35.216331], [149.843796, -35.221512], [149.848038, -35.223011], [149.848114, -35.227753], [149.84903, -35.231583], [149.846222, -35.236294], [149.845596, -35.242481], [149.852936, -35.248184], [149.859512, -35.249363], [149.864426, -35.253124], [149.872391, -35.252621], [149.877701, -35.255821], [149.883774, -35.252712], [149.889999, -35.249393], [149.891571, -35.244781], [149.884293, -35.243931], [149.879852, -35.237591], [149.883988, -35.234934], [149.889801, -35.232372], [149.895447, -35.230053], [149.897842, -35.225231], [149.903214, -35.224712], [149.910873, -35.225552], [149.918015, -35.225391], [149.919235, -35.227882], [149.912155, -35.233562], [149.906662, -35.234203], [149.896225, -35.234112], [149.896988, -35.239193], [149.90094, -35.242493], [149.907653, -35.241326], [149.915939, -35.239342], [149.91777, -35.235641], [149.920212, -35.237122], [149.928192, -35.236061], [149.934586, -35.229462], [149.937836, -35.222282], [149.943771, -35.217812], [149.951019, -35.209423], [149.951904, -35.203011], [149.950806, -35.19128], [149.953781, -35.183762], [149.949051, -35.176632], [149.941818, -35.173191], [149.933258, -35.16637], [149.933197, -35.1595], [149.932419, -35.156113], [149.931534, -35.148781], [149.936874, -35.149723], [149.951813, -35.151081], [149.956345, -35.149872], [149.961685, -35.150482], [149.962411, -35.159275], [149.969666, -35.16532], [149.977432, -35.16637], [149.984867, -35.162211], [149.988449, -35.161942], [149.992889, -35.157471], [149.990829, -35.145401], [149.997589, -35.141281], [150.008118, -35.140511], [150.01236, -35.13195], [150.015518, -35.131832], [150.028, -35.131149], [150.034027, -35.12439], [150.03006, -35.121571], [150.022369, -35.121132], [150.017029, -35.119442], [150.016891, -35.1129], [150.01825, -35.106941], [150.025101, -35.104572], [150.026062, -35.09679], [150.022079, -35.096119], [150.010162, -35.101532], [150.00119, -35.101089], [149.994583, -35.101379], [149.990112, -35.09819], [149.979996, -35.09486], [149.980896, -35.0881], [149.97963, -35.078861], [149.976852, -35.069031], [149.977997, -35.065102], [149.988495, -35.069229], [149.99118, -35.075111], [150.00386, -35.069759], [150.011932, -35.064579], [150.026047, -35.054661], [150.024399, -35.048241], [150.024261, -35.041821], [150.027817, -35.028519], [150.022186, -35.023571], [150.023697, -35.014221], [150.02301, -35.005432], [150.033966, -35.003849], [150.042465, -35.000191], [150.051071, -35.007111], [150.056412, -35.007332], [150.062714, -35.005409], [150.074219, -34.998219], [150.082809, -34.993191], [150.078751, -34.981267], [150.073257, -34.974812], [150.067695, -34.974876], [150.058624, -34.97039], [150.057297, -34.954159], [150.061127, -34.95158], [150.066772, -34.938511], [150.074844, -34.934349], [150.082245, -34.928841], [150.087875, -34.924351], [150.086243, -34.918148], [150.090088, -34.912739], [150.087204, -34.910488], [150.081345, -34.903149], [150.086685, -34.898312], [150.083282, -34.894138], [150.079178, -34.897289], [150.072464, -34.894119], [150.068559, -34.892998], [150.065231, -34.890171], [150.062859, -34.888852], [150.059647, -34.883621], [150.055604, -34.880388], [150.052155, -34.87178], [150.044937, -34.862309], [150.040558, -34.859261], [150.04126, -34.851372], [150.037445, -34.844261], [150.041718, -34.834129], [150.042953, -34.831429], [150.040649, -34.824211], [150.037384, -34.815079], [150.036041, -34.807751], [150.041656, -34.806641], [150.044937, -34.800892], [150.041534, -34.793789], [150.050308, -34.78355], [150.046017, -34.777695], [150.046362, -34.769921], [150.046005, -34.75819], [150.041107, -34.75119], [150.044525, -34.745911], [150.03894, -34.73925], [150.045364, -34.732269], [150.045792, -34.725849], [150.054308, -34.715854], [150.024597, -34.697544], [150.063118, -34.678715], [150.073827, -34.666451], [150.080737, -34.653841], [150.074691, -34.63674], [150.092311, -34.621539], [150.092529, -34.609509], [150.0867, -34.597561], [150.088074, -34.593388], [150.085617, -34.59203], [150.08139, -34.585598], [150.082642, -34.581551], [150.084, -34.575581], [150.093414, -34.57333], [150.093552, -34.569611], [150.092743, -34.561161], [150.094528, -34.555187], [150.087723, -34.55349], [150.083633, -34.554279], [150.078613, -34.545708], [150.072342, -34.543331], [150.063492, -34.545578], [150.056961, -34.539589], [150.050034, -34.53677], [150.045822, -34.526958], [150.05632, -34.5201], [150.062042, -34.518761], [150.067642, -34.512108], [150.075531, -34.516861], [150.082062, -34.515961], [150.092422, -34.513611], [150.089294, -34.504589], [150.082642, -34.495789], [150.07666, -34.495781], [150.070267, -34.492729], [150.067688, -34.484501], [150.071915, -34.481129], [150.071396, -34.47155], [150.065674, -34.473801], [150.063354, -34.475597], [150.059006, -34.472771], [150.059433, -34.463871], [150.06366, -34.458359], [150.076599, -34.447098], [150.087992, -34.442495], [150.087921, -34.43224], [150.095123, -34.433491], [150.100433, -34.429428], [150.106567, -34.41975], [150.115005, -34.41119], [150.108231, -34.397099], [150.108643, -34.387409], [150.113953, -34.38448], [150.115723, -34.38076], [150.122528, -34.377167], [150.122391, -34.37513], [150.121033, -34.373669], [150.116881, -34.37136], [150.109894, -34.365997], [150.105898, -34.367479], [150.1035, -34.370499], [150.101196, -34.371849], [150.096573, -34.37151], [150.096032, -34.368926], [150.096176, -34.366318], [150.099321, -34.363204], [150.102417, -34.36047], [150.102432, -34.356518], [150.092926, -34.347717], [150.089127, -34.345798], [150.086548, -34.346371], [150.083557, -34.348728], [150.079758, -34.349518], [150.077576, -34.34827], [150.075183, -34.350774], [150.073898, -34.35503], [150.070448, -34.356233], [150.06601, -34.356148], [150.063608, -34.3586], [150.060715, -34.35907], [150.060181, -34.356701], [150.054611, -34.357597], [150.053216, -34.357153], [150.050247, -34.356129], [150.049073, -34.358863], [150.044863, -34.360573], [150.041, -34.360508], [150.039339, -34.357351], [150.038849, -34.355438], [150.034897, -34.35442], [150.031906, -34.357571], [150.030411, -34.358021], [150.028091, -34.359821], [150.028224, -34.363993], [150.028488, -34.366348], [150.026047, -34.366688], [150.022781, -34.36488], [150.018158, -34.367241], [150.016251, -34.367241], [150.008493, -34.361494], [150.005692, -34.3582], [150.008493, -34.355575], [150.01004, -34.354271], [150.008682, -34.352348], [150.004745, -34.35302], [150.00325, -34.353798], [149.999542, -34.3531], [149.997665, -34.350948], [150.0, -34.348068], [150.001175, -34.34576], [150.0, -34.345512], [149.99472, -34.345741], [149.992691, -34.344952], [149.990524, -34.343021], [149.987259, -34.342548], [149.983994, -34.344109], [149.982666, -34.340618], [149.979691, -34.339699], [149.978607, -34.33812], [149.979706, -34.335758], [149.976608, -34.332932], [149.974884, -34.330516], [149.971661, -34.327096], [149.971924, -34.325518], [149.969886, -34.3244], [149.967649, -34.322361], [149.966597, -34.318612], [149.967847, -34.315192], [149.962914, -34.313745], [149.962125, -34.30947], [149.963703, -34.306379], [149.967057, -34.305129], [149.969096, -34.303617], [149.967189, -34.301512], [149.968504, -34.29704], [149.971464, -34.294277], [149.971793, -34.290989], [149.986723, -34.293554], [149.985868, -34.289936], [149.984486, -34.288884], [149.982974, -34.287174], [149.985473, -34.285793], [149.986196, -34.282899], [149.986525, -34.278558], [149.985802, -34.274875], [149.986657, -34.271915], [149.98738, -34.269087], [149.985736, -34.266193], [149.988831, -34.254021], [150.019147, -34.259879], [150.018621, -34.267509], [150.03388, -34.269942], [150.047955, -34.273066], [150.04779, -34.269087], [150.051703, -34.269515], [150.052164, -34.266489], [150.058675, -34.267805], [150.056, -34.263279], [150.058167, -34.259109], [150.059265, -34.255848], [150.05759, -34.253664], [150.055551, -34.251954], [150.05249, -34.248959], [150.052765, -34.247498], [150.056015, -34.246708], [150.057114, -34.243328], [150.059296, -34.241077], [150.060516, -34.237698], [150.055419, -34.236038], [150.051025, -34.234539], [150.051079, -34.233012], [150.051987, -34.23127], [150.051407, -34.228211], [150.051041, -34.22496], [150.05484, -34.222137], [150.058655, -34.21674], [150.058655, -34.21291], [150.056763, -34.20919], [150.059891, -34.20615], [150.061798, -34.20525], [150.064255, -34.194889], [150.063115, -34.186645], [150.060944, -34.181778], [150.059265, -34.178761], [150.060486, -34.173809], [150.058456, -34.17234], [150.054657, -34.172447], [150.052526, -34.167045], [150.048706, -34.16151], [150.045868, -34.160271], [150.045746, -34.155758], [150.043976, -34.152939], [150.045334, -34.14967], [150.044525, -34.146629], [150.041739, -34.147709], [150.040054, -34.148197], [150.036942, -34.147301], [150.036804, -34.145039], [150.034775, -34.145039], [150.033691, -34.147629], [150.031113, -34.147617], [150.029633, -34.143681], [150.027725, -34.143898], [150.027664, -34.145604], [150.023804, -34.147388], [150.022583, -34.145241], [150.019838, -34.144881], [150.016068, -34.145008], [150.014725, -34.14106], [150.017799, -34.138567], [150.019706, -34.137449], [150.018917, -34.135212], [150.021022, -34.1337], [150.020759, -34.129951], [150.006304, -34.125692], [149.997495, -34.1136], [149.994213, -34.098831], [149.972275, -34.094081], [149.957765, -34.104704], [149.941182, -34.111959], [149.942218, -34.119214], [149.958283, -34.128542], [149.959665, -34.142534], [149.930298, -34.174862], [149.905029, -34.181709], [149.898361, -34.185051], [149.881699, -34.185291], [149.877487, -34.185951], [149.869629, -34.186012], [149.860535, -34.186741], [149.851703, -34.187964], [149.837204, -34.187389], [149.828629, -34.19207], [149.81636, -34.200001], [149.800613, -34.202152], [149.79393, -34.204132], [149.782883, -34.197411], [149.773575, -34.192841], [149.766129, -34.191441], [149.753415, -34.191419], [149.741074, -34.189022], [149.73436, -34.195961], [149.728713, -34.195219], [149.71553, -34.193123], [149.709274, -34.195332], [149.695202, -34.19591], [149.678696, -34.189693], [149.673691, -34.176704], [149.672928, -34.171284], [149.659332, -34.162964], [149.651703, -34.154343], [149.644501, -34.144363], [149.634644, -34.129421], [149.632736, -34.117573], [149.627762, -34.113361], [149.623535, -34.128422], [149.61824, -34.118134], [149.620233, -34.112478], [149.620285, -34.104961], [149.614502, -34.112583], [149.609253, -34.120884], [149.602539, -34.116203], [149.593521, -34.110832], [149.587646, -34.104244], [149.574203, -34.095573], [149.57074, -34.091042], [149.559631, -34.090942], [149.553848, -34.087963], [149.545166, -34.078094], [149.541443, -34.071743], [149.536652, -34.066402], [149.525925, -34.058205], [149.517456, -34.052944], [149.51416, -34.046036], [149.516244, -34.038545], [149.512573, -34.031822], [149.504211, -34.029724], [149.498825, -34.028095], [149.492752, -34.026573], [149.487946, -34.021126], [149.475327, -34.013916], [149.464264, -34.010765], [149.456223, -34.025116], [149.454712, -34.027584], [149.437195, -34.022114], [149.422546, -34.014656], [149.413513, -34.011074], [149.40621, -34.004861], [149.400696, -33.998024], [149.385254, -33.991364], [149.382248, -33.979565], [149.373444, -33.983616], [149.366425, -33.977726], [149.362625, -33.974155], [149.356384, -33.971657], [149.349033, -33.96565], [149.339533, -33.958395], [149.327515, -33.954235], [149.316269, -33.957817], [149.305801, -33.953125], [149.294785, -33.951004], [149.284256, -33.953731], [149.274704, -33.956635], [149.270955, -33.960986], [149.263184, -33.964165], [149.246719, -33.968876], [149.235443, -33.967587], [149.232071, -33.969856], [149.233475, -33.979008], [149.225998, -33.974178], [149.226074, -33.971855], [149.217789, -33.964008], [149.206351, -33.972041], [149.199997, -33.979065], [149.19754, -33.984718], [149.183823, -33.987106], [149.176407, -33.982529], [149.169815, -33.975788], [149.163513, -33.976437], [149.158691, -33.969566], [149.151627, -33.966877], [149.147232, -33.960999], [149.144073, -33.951748], [149.143129, -33.942157], [149.14946, -33.937626], [149.113763, -33.897763], [149.112554, -33.87738], [149.120605, -33.868828], [149.135574, -33.866676], [149.140152, -33.855598], [149.147797, -33.849697], [149.160553, -33.854248], [149.166183, -33.858837], [149.172729, -33.857376], [149.179058, -33.857688], [149.180359, -33.850925], [149.172821, -33.847996], [149.182541, -33.839348], [149.180496, -33.835598], [149.179886, -33.828396], [149.181995, -33.822104], [149.18013, -33.812698], [149.181915, -33.806267], [149.187546, -33.797966], [149.206711, -33.800056], [149.223625, -33.769418], [149.235717, -33.756808], [149.22708, -33.751454], [149.216024, -33.73988], [149.205833, -33.74869], [149.184586, -33.747308], [149.164894, -33.739707], [149.140883, -33.753699], [149.136564, -33.777192], [149.118254, -33.782547], [149.098562, -33.782028], [149.092516, -33.812258], [149.07576, -33.810876], [149.067469, -33.829359], [149.053995, -33.829877], [149.030848, -33.816231], [149.017029, -33.80863], [149.000965, -33.807421], [148.996301, -33.79602], [148.982269, -33.790787], [148.970044, -33.77771], [148.970908, -33.765445], [148.96538, -33.753354], [148.977299, -33.725715], [148.949316, -33.715351], [148.948106, -33.698768], [148.929749, -33.688198], [148.916397, -33.684441], [148.910019, -33.67886], [148.908798, -33.66769], [148.910104, -33.655756], [148.910583, -33.64566], [148.911438, -33.63591], [148.912521, -33.626068], [148.918304, -33.614609], [148.91951, -33.605938], [148.91832, -33.59568], [148.910873, -33.590561], [148.90535, -33.584518], [148.901123, -33.583229], [148.89119, -33.582027], [148.883329, -33.586488], [148.876236, -33.592899], [148.87178, -33.590889], [148.874207, -33.579399], [148.87117, -33.57304], [148.863251, -33.579929], [148.851852, -33.576309], [148.846848, -33.579449], [148.839737, -33.569191], [148.831497, -33.571831], [148.828979, -33.57476], [148.825333, -33.565338], [148.817139, -33.56979], [148.815094, -33.565041], [148.817398, -33.557339], [148.811646, -33.549309], [148.807495, -33.54694], [148.803802, -33.550598], [148.798355, -33.54211], [148.793518, -33.537762], [148.783486, -33.53173], [148.77153, -33.52626], [148.757797, -33.5285], [148.74881, -33.533691], [148.740799, -33.538181], [148.734192, -33.545631], [148.722595, -33.561279], [148.714615, -33.56971], [148.704102, -33.577042], [148.694031, -33.580322], [148.685165, -33.584152], [148.679092, -33.586201], [148.677231, -33.585903], [148.672989, -33.57534], [148.666016, -33.570923], [148.654969, -33.56766], [148.648529, -33.563671], [148.639221, -33.56686], [148.63002, -33.570683], [148.62648, -33.577221], [148.622494, -33.584415], [148.623123, -33.587002], [148.622467, -33.592693], [148.612442, -33.592743], [148.60332, -33.594607], [148.597274, -33.595643], [148.584473, -33.59481], [148.572449, -33.597672], [148.566574, -33.601082], [148.560959, -33.599804], [148.557053, -33.604362], [148.551325, -33.606698], [148.543304, -33.600563], [148.537964, -33.591164], [148.532364, -33.585644], [148.528178, -33.582861], [148.518678, -33.576987], [148.508987, -33.579704], [148.499252, -33.579243], [148.488205, -33.580063], [148.482559, -33.583012], [148.478134, -33.592045], [148.478287, -33.596893], [148.476151, -33.599945], [148.469009, -33.601433], [148.457581, -33.607773], [148.447205, -33.613323], [148.444656, -33.612652], [148.441528, -33.607475], [148.431961, -33.606255], [148.426971, -33.607395], [148.416855, -33.606174], [148.404134, -33.606871], [148.391524, -33.601689], [148.378915, -33.601171], [148.366318, -33.609085], [148.358093, -33.608536], [148.349609, -33.609566], [148.342985, -33.617926], [148.341156, -33.627625], [148.340759, -33.636753], [148.334045, -33.643646], [148.327576, -33.650986], [148.324329, -33.656793], [148.299455, -33.656965], [148.267153, -33.653683], [148.22915, -33.637964], [148.198057, -33.65092], [148.170937, -33.648501], [148.146926, -33.669748], [148.10616, -33.655584], [148.083877, -33.732798], [147.990943, -33.722088], [147.967796, -33.713451], [147.936703, -33.726579], [147.897934, -33.71558], [147.806458, -33.711033], [147.789184, -33.697559], [147.769838, -33.718288], [147.694869, -33.717942], [147.669304, -33.702396], [147.667922, -33.684431], [147.671031, -33.668884], [147.665849, -33.657138], [147.681395, -33.635373], [147.611263, -33.621899], [147.569115, -33.675449], [147.512894, -33.705933], [147.508804, -33.712685], [147.510422, -33.728592], [147.511093, -33.731194], [147.514694, -33.735611], [147.513184, -33.738762], [147.517822, -33.749954], [147.518845, -33.759434], [147.522949, -33.771301], [147.527985, -33.784744], [147.527771, -33.795231], [147.522995, -33.802433], [147.530136, -33.804955], [147.541214, -33.806133], [147.545578, -33.818333], [147.547531, -33.828163], [147.553864, -33.832813], [147.545303, -33.838413], [147.541702, -33.850914], [147.546188, -33.866161], [147.556702, -33.870613], [147.550034, -33.875992], [147.543976, -33.889801], [147.544052, -33.896866], [147.540054, -33.909782], [147.535416, -33.916874], [147.547791, -33.926853], [147.550217, -33.930023], [147.546799, -33.932713], [147.543335, -33.943642], [147.55098, -33.955524], [147.554855, -33.961971], [147.558751, -33.968413], [147.560181, -33.975872], [147.561737, -33.985691], [147.559265, -33.989063], [147.419523, -33.971523], [147.364592, -33.956667], [147.342482, -34.005725], [147.326244, -34.017126], [147.336263, -34.033709], [147.338682, -34.048219], [147.326244, -34.06342], [147.306207, -34.158081], [147.273218, -34.238897], [147.259913, -34.300417], [147.13843, -34.288737], [147.128051, -34.320771], [147.114922, -34.337009], [147.10952, -34.389889], [147.096647, -34.402], [147.097744, -34.42096], [147.135401, -34.427869], [147.118414, -34.530204], [147.343415, -34.55538], [147.381072, -34.640713], [147.431615, -34.642786], [147.449925, -34.619984], [147.478302, -34.618084], [147.510038, -34.604783], [147.539404, -34.613766], [147.603663, -34.622403], [147.630295, -34.583374], [147.64809, -34.560907], [147.664812, -34.554314], [147.693833, -34.570897], [147.719398, -34.566435], [147.728314, -34.556578], [147.74006, -34.540686], [147.772403, -34.528521], [147.799696, -34.528521], [147.827069, -34.563098], [147.831906, -34.583481], [147.850973, -34.596462], [147.854083, -34.615809], [147.873165, -34.622667], [147.88042, -34.638214], [147.878663, -34.70359], [147.892828, -34.727428], [147.928757, -34.728119], [147.955903, -34.741703], [147.958667, -34.75794], [147.955039, -34.771958], [147.944995, -34.784343], [147.956395, -34.798596], [147.950963, -34.815524], [147.951654, -34.83729], [147.939122, -34.852836], [147.910101, -34.864582], [147.910101, -34.882202], [147.892482, -34.898094], [147.866777, -34.920623], [147.856553, -34.955998], [147.845404, -34.975662], [147.851706, -34.992344], [147.854034, -35.004991], [147.855132, -35.021013], [147.854216, -35.041272], [147.851241, -35.053994], [147.844734, -35.064066], [147.839745, -35.070917], [147.83111, -35.085338], [147.819299, -35.093916], [147.810663, -35.097812], [147.798456, -35.098083], [147.789935, -35.106226], [147.777088, -35.102705], [147.765502, -35.100587], [147.754973, -35.095929], [147.748561, -35.089697], [147.745327, -35.084257], [147.738882, -35.081478], [147.725561, -35.077827], [147.712107, -35.081413], [147.702235, -35.086234], [147.693481, -35.091732], [147.676678, -35.089306], [147.672298, -35.102467], [147.668316, -35.112687], [147.668956, -35.122128], [147.666962, -35.136642], [147.666061, -35.144764], [147.65652, -35.130871], [147.651757, -35.135083], [147.649743, -35.129761], [147.650575, -35.123458], [147.642936, -35.121257], [147.640266, -35.113795], [147.643106, -35.108665], [147.638909, -35.107046], [147.630181, -35.102476], [147.620448, -35.108053], [147.611735, -35.114752], [147.604797, -35.134853], [147.598572, -35.142696], [147.589153, -35.16342], [147.585, -35.177181], [147.56863, -35.175608], [147.545079, -35.226944], [147.581471, -35.273356], [147.595982, -35.293393], [147.633705, -35.322803], [147.632323, -35.350441], [147.651581, -35.376955], [147.652243, -35.397353], [147.628309, -35.431268], [147.604971, -35.446918], [147.585897, -35.475944], [147.565084, -35.489203], [147.555414, -35.506288], [147.545196, -35.516697], [147.566726, -35.528825], [147.586073, -35.541262], [147.600126, -35.552401], [147.622958, -35.55872], [147.65289, -35.557257], [147.677764, -35.565203], [147.700087, -35.542053], [147.762289, -35.55356], [147.817624, -35.55994], [147.855626, -35.558904], [147.890182, -35.551494], [147.940621, -35.574987], [148.026388, -35.575943], [148.052299, -35.566269], [148.088059, -35.570819], [148.094579, -35.614416], [148.129825, -35.619105], [148.139499, -35.645016], [148.130862, -35.673345], [148.160843, -35.695801], [148.249706, -35.702711], [148.280108, -35.707548], [148.311201, -35.697529], [148.353349, -35.769043], [148.355077, -35.797717], [148.360229, -35.827587], [148.360657, -35.845238], [148.367249, -35.864449], [148.36647, -35.882271], [148.362503, -35.89262], [148.36261, -35.91201], [148.365723, -35.91655], [148.361954, -35.930378], [148.362167, -35.942101], [148.362015, -35.949539], [148.3591, -35.960129], [148.350632, -35.967789], [148.354233, -35.974331], [148.37114, -35.975468], [148.387897, -35.972529], [148.43483, -35.978233], [148.442551, -35.991058], [148.452576, -36.003227], [148.471848, -36.003622], [148.480139, -35.975293], [148.491367, -35.946791], [148.48964, -35.917771]]]}}, {"type": "Feature", "properties": {"index": "HNTR", "division": "Hunter", "state": "New South Wales", "year": "1992", "proclaimed": "19920131", "quota": "0", "electors": "0", "deviation": ""}, "geometry": {"type": "Polygon", "coordinates": [[[150.629978, -33.061277], [150.633245, -33.062941], [150.633738, -33.058873], [150.729888, -33.072433], [150.727669, -33.06929], [150.719286, -33.067749], [150.71602, -33.062633], [150.711089, -33.060784], [150.706651, -33.055175], [150.707391, -33.050861], [150.707946, -33.046916], [150.70548, -33.042972], [150.698516, -33.041369], [150.695372, -33.042602], [150.684956, -33.042109], [150.685819, -33.037979], [150.684956, -33.033418], [150.684956, -33.031076], [150.681381, -33.026392], [150.676389, -33.024789], [150.678361, -33.020598], [150.682121, -33.017886], [150.683045, -33.01388], [150.68736, -33.012093], [150.689332, -33.009812], [150.68964, -33.006546], [150.693338, -33.002293], [150.691551, -32.996437], [150.695496, -32.997239], [150.698454, -32.996191], [150.700611, -33.000197], [150.703939, -33.001307], [150.705973, -33.007347], [150.704371, -33.010244], [150.707638, -33.012956], [150.711397, -33.013818], [150.714541, -33.016592], [150.718917, -33.015421], [150.721197, -33.013264], [150.727052, -33.014188], [150.730073, -33.017455], [150.732415, -33.019489], [150.736544, -33.018318], [150.741475, -33.018996], [150.744187, -33.021399], [150.747638, -33.023064], [150.752384, -33.020537], [150.75448, -33.018503], [150.760767, -33.015606], [150.763294, -33.017578], [150.764403, -33.015483], [150.765944, -33.000875], [150.804157, -33.005991], [150.806274, -33.009972], [150.812927, -33.01387], [150.814804, -33.015621], [150.81784, -33.015606], [150.821106, -33.01582], [150.820984, -33.016899], [150.817612, -33.018822], [150.819107, -33.02309], [150.825912, -33.025101], [150.82801, -33.027378], [150.82988, -33.029682], [150.830338, -33.032932], [150.831833, -33.03278], [150.836258, -33.031231], [150.837686, -33.033541], [150.83876, -33.034069], [150.842617, -33.03385], [150.846451, -33.03484], [150.847626, -33.034592], [150.850067, -33.031109], [150.853088, -33.030621], [150.855286, -33.032459], [150.854698, -33.034281], [150.852737, -33.036121], [150.854882, -33.038411], [150.857574, -33.039631], [150.858154, -33.042431], [150.856415, -33.043392], [150.852249, -33.042782], [150.850418, -33.042931], [150.85025, -33.045811], [150.854143, -33.046423], [150.856793, -33.047163], [150.857773, -33.049099], [150.854538, -33.049671], [150.8508, -33.049339], [150.849212, -33.051847], [150.852661, -33.052082], [150.854081, -33.053696], [150.854797, -33.056889], [150.853577, -33.05904], [150.857101, -33.060168], [150.858396, -33.061215], [150.856552, -33.063961], [150.853897, -33.063282], [150.851822, -33.064781], [150.853588, -33.067934], [150.854996, -33.070419], [150.853806, -33.071571], [150.849212, -33.073789], [150.848557, -33.075809], [150.848785, -33.07951], [150.851517, -33.08136], [150.851061, -33.085191], [150.84903, -33.087002], [150.851547, -33.089569], [150.850506, -33.091909], [150.848038, -33.092941], [150.847733, -33.094991], [150.847795, -33.097457], [150.849167, -33.09882], [150.85112, -33.097771], [150.854767, -33.093769], [150.858398, -33.093929], [150.860291, -33.095402], [150.86345, -33.098443], [150.865448, -33.099548], [150.86615, -33.10136], [150.86949, -33.102511], [150.87114, -33.103249], [150.871429, -33.104702], [150.870193, -33.107021], [150.871401, -33.108427], [150.87207, -33.109219], [150.87355, -33.1143], [150.899383, -33.122295], [150.908998, -33.115084], [150.91436, -33.114098], [150.918736, -33.112249], [150.923605, -33.112988], [150.927488, -33.112865], [150.9302, -33.114406], [150.932973, -33.114961], [150.93735, -33.122603], [150.940185, -33.124329], [150.94265, -33.126117], [150.947088, -33.124514], [150.95208, -33.126117], [150.95584, -33.129322], [150.959661, -33.129322], [150.960956, -33.131171], [150.963791, -33.130308], [150.965825, -33.133266], [150.970755, -33.134006], [150.976672, -33.134314], [150.980247, -33.13191], [150.983329, -33.130678], [150.985918, -33.13228], [150.988383, -33.131356], [150.99054, -33.127842], [150.995964, -33.12852], [150.998306, -33.129938], [151.001265, -33.129322], [151.005332, -33.131972], [151.008969, -33.130862], [151.01316, -33.130616], [151.014331, -33.128212], [151.018091, -33.127781], [151.021542, -33.12852], [151.023268, -33.131972], [151.026843, -33.132588], [151.030849, -33.129753], [151.034732, -33.130246], [151.038615, -33.130246], [151.038738, -33.126486], [151.037629, -33.121679], [151.041697, -33.113173], [151.040341, -33.109845], [151.040834, -33.106147], [151.04108, -33.100292], [151.043484, -33.098381], [151.04558, -33.096902], [151.046874, -33.092957], [151.050264, -33.090985], [151.054024, -33.08476], [151.05766, -33.083527], [151.065056, -33.084267], [151.070419, -33.082788], [151.074302, -33.079829], [151.082807, -33.079089], [151.086752, -33.079398], [151.090203, -33.08137], [151.094641, -33.079521], [151.099325, -33.080507], [151.103948, -33.079459], [151.111282, -33.091108], [151.114672, -33.093882], [151.120774, -33.094252], [151.125458, -33.096039], [151.128232, -33.094128], [151.128293, -33.09795], [151.129218, -33.102202], [151.131683, -33.104976], [151.133286, -33.106948], [151.133995, -33.111417], [151.135597, -33.114098], [151.147677, -33.114868], [151.149989, -33.114067], [151.151314, -33.115454], [151.151437, -33.117796], [151.15344, -33.119306], [151.155536, -33.119214], [151.15797, -33.118227], [151.158125, -33.120231], [151.158279, -33.123035], [151.160898, -33.123466], [151.161669, -33.125778], [151.172116, -33.130123], [151.178433, -33.131879], [151.183777, -33.135166], [151.192455, -33.136379], [151.194212, -33.138505], [151.202224, -33.139584], [151.205367, -33.136687], [151.206384, -33.133975], [151.213596, -33.129907], [151.217448, -33.130462], [151.220375, -33.13], [151.221023, -33.12738], [151.220129, -33.124946], [151.222502, -33.119522], [151.227278, -33.116009], [151.230391, -33.114591], [151.233442, -33.113081], [151.23338, -33.10966], [151.233997, -33.107226], [151.235538, -33.107811], [151.236986, -33.106332], [151.238958, -33.108027], [151.243519, -33.105931], [151.247002, -33.101833], [151.24996, -33.099614], [151.253227, -33.099552], [151.256555, -33.100569], [151.260808, -33.100353], [151.264074, -33.096594], [151.26352, -33.094991], [151.262318, -33.092803], [151.264352, -33.091077], [151.265369, -33.08855], [151.264136, -33.084791], [151.264598, -33.082479], [151.265831, -33.079398], [151.264968, -33.07761], [151.263951, -33.075299], [151.266232, -33.07157], [151.267495, -33.068519], [151.268296, -33.064605], [151.267618, -33.059705], [151.267125, -33.05798], [151.271994, -33.05875], [151.275477, -33.05801], [151.279329, -33.058596], [151.282102, -33.059274], [151.286109, -33.057209], [151.290546, -33.057178], [151.295107, -33.057024], [151.297912, -33.055391], [151.300562, -33.052463], [151.302473, -33.046269], [151.304784, -33.045529], [151.306756, -33.048026], [151.307095, -33.049412], [151.313752, -33.050738], [151.316248, -33.051816], [151.317974, -33.05536], [151.321826, -33.056377], [151.324692, -33.061708], [151.329345, -33.062417], [151.331071, -33.065345], [151.336179, -33.056664], [151.337029, -33.05434], [151.336519, -33.052073], [151.3389, -33.048729], [151.340884, -33.046801], [151.345531, -33.045781], [151.360722, -33.045498], [151.363414, -33.047482], [151.366277, -33.04666], [151.369422, -33.042805], [151.373447, -33.040935], [151.374609, -33.037449], [151.376876, -33.03504], [151.377301, -33.029514], [151.379427, -33.028664], [151.381835, -33.028749], [151.385095, -33.023534], [151.385293, -33.018744], [151.384641, -33.015599], [151.383763, -33.011943], [151.38484, -33.010044], [151.38705, -33.010101], [151.391641, -33.011914], [151.39507, -33.012084], [151.399888, -33.008258], [151.401192, -33.006161], [151.402269, -33.004546], [151.406407, -33.005906], [151.411309, -33.006615], [151.413747, -33.006331], [151.418423, -33.004631], [151.424998, -33.000266], [151.431119, -32.997489], [151.437638, -32.998453], [151.441719, -32.996214], [151.443788, -32.997347], [151.445545, -32.996611], [151.449116, -32.993862], [151.452516, -32.989469], [151.453338, -32.987627], [151.454812, -32.987032], [151.455605, -32.983546], [151.457533, -32.982185], [151.457391, -32.980173], [151.457731, -32.977679], [151.459516, -32.975695], [151.463512, -32.972946], [151.464759, -32.970849], [151.465241, -32.968355], [151.470909, -32.968695], [151.472496, -32.969319], [151.474905, -32.96827], [151.479128, -32.967902], [151.481594, -32.971869], [151.483464, -32.971246], [151.484343, -32.970452], [151.488452, -32.97323], [151.491371, -32.973768], [151.49259, -32.97221], [151.494659, -32.967703], [151.497011, -32.966626], [151.501177, -32.965918], [151.503501, -32.966343], [151.507355, -32.968724], [151.512031, -32.970396], [151.516481, -32.968157], [151.518776, -32.963962], [151.518975, -32.960448], [151.520732, -32.958323], [151.518691, -32.954128], [151.517473, -32.9524], [151.518068, -32.947213], [151.517019, -32.944408], [151.516084, -32.941999], [151.517047, -32.939023], [151.516707, -32.935962], [151.517473, -32.933752], [151.516226, -32.930407], [151.517841, -32.927914], [151.517019, -32.924201], [151.517189, -32.921367], [151.517132, -32.919128], [151.516339, -32.917484], [151.527193, -32.90901], [151.528384, -32.90629], [151.529007, -32.903427], [151.53374, -32.903427], [151.536801, -32.902577], [151.537708, -32.900905], [151.53442, -32.900225], [151.532323, -32.899743], [151.532748, -32.898468], [151.535979, -32.898695], [151.537651, -32.891893], [151.540003, -32.891269], [151.54278, -32.893338], [151.546862, -32.894529], [151.553805, -32.893537], [151.555704, -32.892941], [151.563271, -32.892686], [151.566445, -32.891156], [151.573246, -32.890646], [151.576109, -32.890788], [151.578263, -32.889399], [151.580218, -32.889852], [151.582514, -32.888832], [151.585461, -32.889229], [151.587417, -32.893877], [151.5894, -32.897816], [151.593198, -32.899857], [151.596315, -32.899516], [151.598158, -32.896767], [151.600907, -32.895492], [151.607822, -32.896031], [151.611364, -32.892431], [151.636474, -32.896201], [151.646676, -32.886168], [151.644834, -32.883646], [151.645401, -32.881095], [151.648008, -32.877326], [151.649765, -32.87452], [151.650786, -32.873812], [151.651381, -32.87265], [151.679183, -32.876107], [151.682017, -32.876731], [151.683774, -32.8735], [151.687118, -32.870893], [151.690632, -32.869192], [151.692049, -32.864941], [151.694317, -32.863751], [151.693976, -32.859727], [151.696414, -32.857289], [151.698738, -32.856609], [151.699985, -32.855362], [151.701288, -32.853605], [151.701314, -32.852495], [151.696225, -32.848906], [151.690524, -32.842106], [151.689944, -32.838812], [151.690388, -32.836994], [151.691266, -32.836538], [151.690043, -32.833954], [151.69096, -32.830657], [151.69072, -32.827971], [151.685247, -32.824087], [151.686052, -32.823238], [151.676604, -32.816564], [151.690207, -32.797746], [151.665268, -32.785503], [151.645316, -32.769859], [151.597704, -32.78777], [151.587728, -32.783689], [151.563696, -32.796613], [151.546465, -32.791171], [151.534902, -32.811123], [151.510416, -32.806135], [151.504294, -32.783916], [151.475727, -32.781876], [151.480715, -32.75807], [151.456456, -32.753082], [151.470966, -32.737211], [151.493638, -32.726102], [151.493638, -32.705697], [151.488877, -32.689599], [151.494545, -32.673955], [151.485023, -32.651963], [151.478221, -32.619542], [151.480035, -32.603671], [151.47346, -32.586667], [151.4755, -32.568756], [151.499306, -32.567622], [151.497719, -32.509128], [151.453282, -32.479427], [151.465298, -32.438163], [151.404309, -32.363571], [151.386172, -32.354956], [151.378357, -32.335667], [151.371208, -32.332284], [151.362564, -32.309727], [151.332438, -32.285579], [151.332665, -32.262906], [151.330398, -32.246809], [151.344228, -32.23706], [151.345815, -32.22527], [151.334564, -32.203995], [151.323596, -32.180153], [151.315262, -32.161175], [151.308406, -32.155666], [151.308179, -32.133901], [151.341961, -32.101253], [151.386398, -32.10284], [151.402949, -32.074046], [151.412245, -32.057042], [151.411209, -32.041023], [151.442626, -32.019406], [151.460358, -32.001385], [151.464233, -31.969154], [151.45816, -31.954464], [151.478675, -31.918287], [151.495906, -31.904911], [151.513817, -31.88768], [151.524019, -31.873623], [151.536942, -31.874076], [151.548959, -31.892214], [151.568457, -31.883372], [151.584327, -31.866141], [151.595664, -31.831226], [151.597024, -31.804019], [151.575939, -31.795857], [151.561882, -31.802885], [151.522205, -31.778853], [151.534675, -31.714917], [151.54125, -31.694738], [151.524429, -31.677994], [151.537169, -31.623774], [151.549026, -31.602774], [151.539276, -31.598694], [151.532745, -31.591675], [151.522812, -31.586683], [151.518188, -31.586634], [151.51355, -31.586575], [151.512759, -31.581077], [151.50589, -31.577465], [151.496033, -31.573254], [151.489532, -31.570635], [151.474238, -31.563631], [151.459901, -31.564667], [151.449709, -31.581941], [151.452652, -31.608315], [151.44342, -31.599754], [151.436409, -31.590923], [151.436798, -31.582705], [151.434967, -31.575285], [151.430649, -31.569136], [151.421097, -31.565535], [151.419418, -31.567135], [151.410172, -31.564995], [151.39798, -31.560986], [151.390305, -31.558596], [151.378494, -31.560766], [151.363861, -31.559595], [151.35463, -31.559366], [151.343475, -31.56155800000001], [151.333649, -31.563906], [151.324356, -31.567276], [151.319464, -31.57088600000001], [151.316391, -31.580225], [151.298909, -31.58885], [151.292221, -31.591896], [151.278824, -31.603315], [151.270142, -31.611876], [151.266602, -31.613827], [151.262711, -31.618206], [151.259613, -31.621796], [151.252945, -31.624126], [151.243881, -31.627047], [151.234131, -31.653627], [151.167282, -31.625471], [151.117187, -31.62858], [151.101123, -31.616143], [151.085749, -31.613898], [151.078839, -31.604397], [151.072448, -31.597833], [151.054138, -31.595587], [151.035482, -31.602151], [151.026672, -31.594205], [151.001625, -31.598524], [150.992815, -31.574513], [150.936675, -31.5144], [150.925275, -31.507836], [150.902818, -31.459124], [150.881053, -31.45325], [150.858353, -31.418751], [150.838409, -31.40922], [150.820249, -31.404193], [150.822322, -31.379664], [150.810944, -31.3603], [150.795029, -31.36169900000001], [150.765405, -31.36619], [150.756595, -31.348916], [150.74554, -31.345634], [150.718247, -31.359108], [150.70771, -31.3712], [150.688882, -31.378109], [150.686809, -31.394001], [150.652952, -31.390028], [150.62635, -31.379318], [150.613049, -31.367227], [150.603721, -31.364808], [150.586966, -31.368263], [150.581265, -31.356344], [150.551178, -31.344622], [150.536699, -31.35306200000001], [150.52478, -31.355308], [150.499387, -31.361526], [150.451193, -31.36429], [150.421655, -31.372754], [150.419409, -31.382428], [150.402481, -31.386746], [150.373115, -31.375518], [150.352041, -31.379836], [150.330449, -31.381737], [150.260662, -31.355826], [150.216959, -31.355308], [150.203313, -31.346843], [150.192258, -31.349953], [150.180339, -31.402983], [150.184139, -31.414211], [150.206595, -31.405747], [150.219299, -31.408445], [150.222832, -31.418703], [150.216786, -31.430449], [150.228705, -31.46085100000001], [150.229742, -31.481925], [150.217305, -31.498335], [150.199513, -31.525455], [150.200549, -31.547566], [150.254789, -31.56484], [150.241834, -31.643436], [150.198303, -31.67072900000001], [150.181893, -31.683857], [150.164274, -31.701303], [150.143718, -31.726005], [150.148036, -31.751398], [150.144063, -31.760035], [150.149017, -31.782785], [150.168765, -31.797346], [150.176711, -31.820493], [150.167556, -31.842776], [150.145791, -31.869896], [150.136117, -31.900126], [150.129553, -31.933637], [150.134908, -31.962657], [150.142681, -31.981658], [150.144927, -32.010506], [150.13059, -32.032098], [150.1185, -32.053886], [150.118469, -32.057938], [150.115734, -32.063018], [150.112473, -32.066586], [150.109818, -32.069836], [150.111206, -32.079418], [150.108673, -32.083797], [150.110245, -32.086906], [150.113907, -32.092266], [150.117859, -32.098255], [150.116516, -32.100616], [150.112259, -32.105095], [150.10907, -32.108017], [150.105789, -32.103046], [150.102356, -32.100555], [150.102051, -32.107647], [150.096573, -32.115505], [150.09549, -32.124329], [150.094376, -32.129017], [150.101105, -32.132198], [150.108231, -32.136955], [150.106491, -32.138977], [150.098419, -32.139618], [150.095459, -32.146015], [150.096215, -32.15077], [150.104156, -32.154846], [150.10994, -32.160156], [150.106964, -32.162025], [150.100311, -32.163837], [150.094589, -32.166348], [150.094788, -32.169777], [150.095566, -32.173618], [150.091309, -32.174717], [150.090637, -32.178547], [150.094315, -32.182388], [150.08757, -32.182697], [150.084229, -32.187077], [150.090561, -32.191948], [150.091721, -32.196457], [150.084396, -32.202057], [150.077042, -32.205208], [150.076263, -32.210346], [150.079819, -32.215096], [150.077011, -32.218018], [150.075821, -32.218685], [150.07132, -32.217308], [150.06485, -32.211536], [150.061951, -32.211529], [150.062027, -32.220196], [150.057602, -32.226036], [150.059448, -32.227165], [150.071884, -32.231277], [150.075317, -32.234558], [150.072895, -32.239385], [150.069717, -32.239147], [150.055801, -32.238747], [150.0616, -32.243057], [150.062703, -32.249749], [150.058899, -32.250587], [150.05481, -32.248207], [150.045258, -32.251087], [150.051819, -32.259678], [150.044586, -32.271576], [150.044571, -32.272476], [150.045746, -32.276539], [150.044434, -32.281418], [150.040237, -32.286758], [150.037003, -32.285248], [150.037399, -32.293728], [150.031723, -32.292686], [150.027847, -32.295258], [150.024874, -32.304507], [150.030229, -32.312971], [150.032211, -32.316338], [150.029365, -32.319881], [150.028488, -32.328987], [150.029465, -32.332088], [150.037308, -32.328526], [150.041275, -32.329666], [150.045242, -32.334068], [150.04863, -32.340969], [150.05397, -32.349419], [150.067123, -32.355919], [150.062703, -32.341473], [150.079773, -32.343288], [150.096215, -32.343546], [150.101959, -32.342556], [150.109177, -32.341385], [150.120209, -32.339775], [150.126251, -32.341537], [150.136932, -32.338928], [150.141818, -32.338709], [150.149551, -32.335815], [150.15976, -32.331535], [150.17067, -32.323357], [150.173584, -32.324947], [150.179031, -32.332405], [150.183621, -32.336637], [150.186737, -32.348755], [150.1922, -32.343937], [150.19635, -32.334934], [150.197006, -32.337524], [150.208817, -32.339294], [150.215607, -32.333656], [150.208817, -32.319275], [150.21765, -32.317463], [150.231124, -32.311589], [150.241058, -32.309296], [150.249298, -32.306515], [150.253387, -32.310017], [150.261581, -32.318146], [150.267807, -32.320877], [150.266535, -32.329554], [150.260971, -32.338196], [150.263168, -32.352764], [150.276727, -32.373257], [150.310238, -32.375157], [150.327167, -32.392777], [150.324748, -32.420069], [150.311965, -32.426979], [150.293482, -32.435616], [150.279836, -32.453063], [150.268954, -32.466363], [150.244252, -32.469473], [150.258762, -32.482083], [150.264462, -32.493311], [150.253062, -32.501602], [150.257898, -32.508339], [150.251852, -32.512312], [150.261008, -32.528377], [150.255998, -32.540468], [150.259798, -32.557224], [150.251161, -32.574671], [150.278793, -32.577904], [150.272236, -32.605936], [150.240279, -32.615264], [150.266708, -32.623037], [150.327512, -32.653267], [150.328721, -32.671404], [150.31853, -32.676241], [150.305229, -32.699388], [150.301601, -32.728235], [150.287264, -32.739291], [150.287445, -32.761726], [150.324677, -32.785255], [150.347204, -32.796813], [150.348241, -32.806659], [150.358432, -32.821687], [150.362405, -32.841725], [150.373288, -32.863317], [150.371042, -32.878691], [150.353596, -32.883182], [150.359123, -32.903047], [150.366724, -32.925503], [150.377088, -32.938286], [150.378988, -32.951587], [150.387107, -32.964369], [150.38227, -32.977843], [150.387452, -33.016709], [150.401617, -33.032083], [150.410081, -33.02621], [150.421827, -33.023619], [150.434092, -33.034156], [150.447738, -33.031046], [150.466048, -33.043311], [150.47814, -33.047975], [150.494032, -33.034329], [150.527025, -33.03571], [150.541535, -33.040893], [150.553109, -33.043138], [150.560364, -33.057994], [150.585066, -33.058339], [150.610947, -33.065891], [150.629978, -33.061277]]]}}, {"type": "Feature", "properties": {"index": "KFDS", "division": "Kingsford Smith", "state": "New South Wales", "year": "1992", "proclaimed": "19920131", "quota": "0", "electors": "0", "deviation": ""}, "geometry": {"type": "MultiPolygon", "coordinates": [[[[151.175691, -33.95499], [151.178558, -33.965892], [151.179753, -33.967276], [151.18172, -33.967898], [151.185086, -33.967214], [151.186773, -33.964519], [151.186058, -33.962097], [151.185339, -33.96265], [151.182226, -33.961278], [151.180791, -33.955646], [151.182246, -33.952284], [151.185012, -33.951812], [151.186067, -33.952356], [151.191352, -33.972696], [151.192722, -33.973925], [151.194839, -33.973786], [151.195566, -33.972747], [151.191423, -33.957763], [151.192754, -33.956025], [151.192349, -33.954223], [151.206284, -33.961133], [151.208766, -33.964422], [151.211072, -33.961847], [151.210762, -33.963226], [151.212293, -33.963775], [151.208069, -33.964851], [151.206482, -33.964161], [151.205611, -33.964831], [151.207515, -33.969846], [151.22008, -33.967204], [151.220902, -33.968965], [151.211477, -33.971986], [151.212141, -33.97346], [151.210553, -33.979812], [151.209851, -33.982486], [151.208864, -33.982165], [151.212652, -33.984757], [151.215158, -33.981268], [151.219085, -33.977874], [151.223091, -33.976152], [151.226024, -33.976737], [151.228696, -33.978696], [151.22905, -33.979629], [151.228079, -33.979932], [151.228571, -33.980499], [151.227906, -33.982196], [151.230127, -33.98341], [151.231136, -33.985198], [151.231174, -33.987416], [151.228806, -33.98801], [151.229402, -33.988118], [151.228589, -33.988919], [151.2319, -33.99083], [151.230586, -33.991607], [151.230804, -33.992554], [151.231672, -33.992891], [151.23201, -33.990841], [151.234003, -33.989287], [151.235491, -33.989417], [151.238251, -33.991639], [151.236983, -33.99327], [151.238452, -33.9957], [151.23765, -33.998376], [151.241001, -33.998354], [151.242386, -34.000083], [151.245824, -33.997582], [151.246477, -33.998511], [151.248112, -33.998422], [151.247762, -34.001083], [151.249211, -34.001814], [151.249942, -34.001047], [151.249186, -33.998521], [151.251533, -33.995618], [151.251539, -33.993786], [151.253132, -33.991321], [151.252027, -33.98647], [151.254113, -33.983334], [151.253293, -33.982102], [151.2542, -33.981701], [151.253515, -33.980583], [151.25161, -33.980177], [151.251185, -33.978936], [151.257966, -33.977033], [151.258952, -33.975768], [151.257516, -33.971637], [151.25405, -33.968261], [151.251886, -33.964671], [151.253355, -33.963914], [151.256485, -33.964933], [151.260411, -33.967842], [151.26515, -33.968673], [151.265965, -33.96803], [151.264886, -33.963205], [151.262961, -33.961215], [151.265739, -33.958847], [151.257087, -33.95232], [151.258558, -33.945658], [151.261745, -33.945022], [151.265693, -33.941447], [151.25946, -33.937314], [151.261209, -33.936493], [151.261772, -33.935191], [151.259779, -33.929651], [151.261377, -33.927516], [151.259216, -33.92587], [151.257621, -33.922461], [151.258655, -33.92026], [151.258981, -33.920236], [151.258489, -33.920055], [151.245225, -33.917842], [151.245327, -33.916401], [151.241643, -33.91627], [151.241855, -33.913998], [151.240915, -33.913765], [151.239226, -33.913154], [151.236754, -33.912126], [151.236096, -33.911538], [151.235251, -33.910489], [151.233768, -33.90806], [151.231128, -33.90631], [151.226501, -33.904403], [151.2229, -33.901319], [151.215195, -33.900951], [151.214299, -33.903992], [151.213018, -33.910023], [151.212914, -33.912304], [151.211213, -33.919254], [151.211452, -33.921612], [151.212669, -33.923244], [151.21436, -33.92435], [151.213096, -33.924266], [151.211315, -33.923519], [151.196851, -33.921454], [151.187959, -33.920146], [151.184857, -33.919841], [151.180695, -33.91908], [151.178554, -33.920842], [151.17684, -33.922423], [151.174667, -33.923681], [151.173216, -33.925902], [151.168785, -33.926847], [151.165625, -33.928558], [151.163092, -33.930095], [151.161257, -33.932635], [151.161655, -33.933405], [151.162131, -33.934324], [151.16288, -33.937567], [151.162196, -33.940853], [151.161413, -33.943814], [151.162509, -33.945477], [151.166473, -33.947598], [151.167999, -33.948864], [151.168124, -33.949836], [151.175691, -33.95499]]], [[[151.265834, -33.926435], [151.26605, -33.925427], [151.265191, -33.925551], [151.265159, -33.926092], [151.265834, -33.926435]]]]}}, {"type": "Feature", "properties": {"index": "LDSY", "division": "Lindsay", "state": "New South Wales", "year": "1992", "proclaimed": "19920131", "quota": "0", "electors": "0", "deviation": ""}, "geometry": {"type": "Polygon", "coordinates": [[[150.616207, -33.862004], [150.633439, -33.862201], [150.635803, -33.857494], [150.637977, -33.855756], [150.640345, -33.859505], [150.642976, -33.857137], [150.645804, -33.862859], [150.649816, -33.865095], [150.656985, -33.86766], [150.667442, -33.867068], [150.674874, -33.867068], [150.681648, -33.870949], [150.690659, -33.873974], [150.691909, -33.869304], [150.696644, -33.869436], [150.699275, -33.865884], [150.711508, -33.868975], [150.71506, -33.872264], [150.739131, -33.875816], [150.747682, -33.875881], [150.751759, -33.875224], [150.755969, -33.87621], [150.775371, -33.877591], [150.796417, -33.881472], [150.803191, -33.880091], [150.807532, -33.880814], [150.81492, -33.879537], [150.823159, -33.833998], [150.818966, -33.833358], [150.820363, -33.825262], [150.812792, -33.823806], [150.812955, -33.82248], [150.813163, -33.820625], [150.814561, -33.818732], [150.815155, -33.81707], [150.814798, -33.815979], [150.815238, -33.814501], [150.815377, -33.813112], [150.807602, -33.812238], [150.801282, -33.81218], [150.786245, -33.812544], [150.787509, -33.809734], [150.789321, -33.807616], [150.792394, -33.805088], [150.791941, -33.803145], [150.792314, -33.802279], [150.793012, -33.800846], [150.793042, -33.799425], [150.792139, -33.798144], [150.791003, -33.796979], [150.790246, -33.795407], [150.790246, -33.79366], [150.79013, -33.792408], [150.789114, -33.791049], [150.789343, -33.789233], [150.789837, -33.787632], [150.778132, -33.785361], [150.764475, -33.783264], [150.765145, -33.781662], [150.765747, -33.7812], [150.764504, -33.779769], [150.762804, -33.779291], [150.760864, -33.777906], [150.75935, -33.776508], [150.759088, -33.77511], [150.760482, -33.77095], [150.761633, -33.769594], [150.762268, -33.76923], [150.7643, -33.768325], [150.766484, -33.768267], [150.767358, -33.768325], [150.767532, -33.767219], [150.767042, -33.765571], [150.765494, -33.763637], [150.764191, -33.762051], [150.764649, -33.760754], [150.765671, -33.759022], [150.765174, -33.757347], [150.764908, -33.755482], [150.764067, -33.753911], [150.762961, -33.751086], [150.762375, -33.749043], [150.760986, -33.748291], [150.759146, -33.748902], [150.757828, -33.749233], [150.757137, -33.747767], [150.756641, -33.746747], [150.756088, -33.74604], [150.75415, -33.745461], [150.753438, -33.744651], [150.752652, -33.743573], [150.752186, -33.741418], [150.753647, -33.740223], [150.755264, -33.740162], [150.75708, -33.741283], [150.75868, -33.740894], [150.759321, -33.739904], [150.760019, -33.738128], [150.760456, -33.732624], [150.761126, -33.729363], [150.763048, -33.726072], [150.762873, -33.723626], [150.763428, -33.72047], [150.764755, -33.719151], [150.766164, -33.717016], [150.767044, -33.714684], [150.767183, -33.71323], [150.766484, -33.709998], [150.766484, -33.706562], [150.767911, -33.704989], [150.769396, -33.703533], [150.771362, -33.701862], [150.773514, -33.702171], [150.774765, -33.703732], [150.775833, -33.704201], [150.777802, -33.70306], [150.779326, -33.701087], [150.779472, -33.696544], [150.781044, -33.695729], [150.783548, -33.694593], [150.785217, -33.692013], [150.78847, -33.6904], [150.790843, -33.688977], [150.791491, -33.687992], [150.790392, -33.68708], [150.791236, -33.686149], [150.7931, -33.685683], [150.794643, -33.685129], [150.795662, -33.684518], [150.796099, -33.682654], [150.796856, -33.680121], [150.797517, -33.677934], [150.799739, -33.675957], [150.801923, -33.67517], [150.804369, -33.675345], [150.807051, -33.677793], [150.807556, -33.678802], [150.810164, -33.678694], [150.812633, -33.677638], [150.806376, -33.672153], [150.796638, -33.660997], [150.790228, -33.646636], [150.785112, -33.642383], [150.767608, -33.657853], [150.763848, -33.659456], [150.753247, -33.669872], [150.732045, -33.665434], [150.73112, -33.669132], [150.719533, -33.667283], [150.720458, -33.660997], [150.702738, -33.658223], [150.701936, -33.660627], [150.677991, -33.656621], [150.678454, -33.653323], [150.66853, -33.653015], [150.667051, -33.657268], [150.666946, -33.665581], [150.666473, -33.667282], [150.660355, -33.670403], [150.657669, -33.676212], [150.658691, -33.685051], [150.659485, -33.693363], [150.659561, -33.698551], [150.658422, -33.704233], [150.658508, -33.710594], [150.654984, -33.717323], [150.651704, -33.719149], [150.651149, -33.723956], [150.646589, -33.724203], [150.645849, -33.731353], [150.649978, -33.732031], [150.649547, -33.736653], [150.646712, -33.737454], [150.644308, -33.747193], [150.646835, -33.748918], [150.646958, -33.750829], [150.644277, -33.751738], [150.64286, -33.752509], [150.639439, -33.751861], [150.636758, -33.751892], [150.634755, -33.753033], [150.632813, -33.751522], [150.630379, -33.750783], [150.62363, -33.750505], [150.617035, -33.748071], [150.616542, -33.749489], [150.612998, -33.751029], [150.608961, -33.752539], [150.605602, -33.756854], [150.606095, -33.758364], [150.603105, -33.759227], [150.60141, -33.761524], [150.602797, -33.764497], [150.603439, -33.766613], [150.602088, -33.766746], [150.600204, -33.766003], [150.601564, -33.768441], [150.6044, -33.770229], [150.606927, -33.771677], [150.608353, -33.772114], [150.609543, -33.775742], [150.612628, -33.775683], [150.616592, -33.775162], [150.617859, -33.775723], [150.618545, -33.778056], [150.619202, -33.782063], [150.621257, -33.782062], [150.62514, -33.781569], [150.626619, -33.781723], [150.628448, -33.782963], [150.629793, -33.782124], [150.631858, -33.780028], [150.634138, -33.779535], [150.639038, -33.779114], [150.641843, -33.780213], [150.638175, -33.785637], [150.632505, -33.796423], [150.620819, -33.812935], [150.613275, -33.8208], [150.599503, -33.826405], [150.594415, -33.830785], [150.588744, -33.841879], [150.588684, -33.849995], [150.593567, -33.856853], [150.60878, -33.857323], [150.61259, -33.85865], [150.616207, -33.862004]]]}}, {"type": "Feature", "properties": {"index": "LOWE", "division": "Lowe", "state": "New South Wales", "year": "1992", "proclaimed": "19920131", "quota": "0", "electors": "0", "deviation": ""}, "geometry": {"type": "Polygon", "coordinates": [[[151.099487, -33.902061], [151.098933, -33.900767], [151.099494, -33.897655], [151.116999, -33.893305], [151.117497, -33.888511], [151.121547, -33.882206], [151.123535, -33.87995], [151.129684, -33.877013], [151.134739, -33.884298], [151.138776, -33.887113], [151.140665, -33.888566], [151.143255, -33.890458], [151.144791, -33.891987], [151.144986, -33.890056], [151.144766, -33.887366], [151.144688, -33.885104], [151.145168, -33.882731], [151.145475, -33.882144], [151.146586, -33.880436], [151.147569, -33.878049], [151.15087, -33.872265], [151.147574, -33.870009], [151.144808, -33.86967], [151.142191, -33.870463], [151.141168, -33.869844], [151.141704, -33.868351], [151.1475, -33.866062], [151.149559, -33.866131], [151.149266, -33.865184], [151.145414, -33.864876], [151.14452, -33.863162], [151.149639, -33.862113], [151.153477, -33.859007], [151.156619, -33.859398], [151.156786, -33.857428], [151.160872, -33.858268], [151.161319, -33.85721], [151.164849, -33.855249], [151.164426, -33.854447], [151.163144, -33.854568], [151.163452, -33.853882], [151.161429, -33.852543], [151.159765, -33.849747], [151.156733, -33.847552], [151.157286, -33.84591], [151.153247, -33.844955], [151.154043, -33.84207], [151.151861, -33.842157], [151.146406, -33.844496], [151.144434, -33.843531], [151.144343, -33.844827], [151.145763, -33.845867], [151.148312, -33.845961], [151.149526, -33.846908], [151.147754, -33.850198], [151.142273, -33.853358], [151.140893, -33.853077], [151.140377, -33.852155], [151.143764, -33.848946], [151.142064, -33.845845], [151.138009, -33.847044], [151.136073, -33.849261], [151.133057, -33.849477], [151.132145, -33.848865], [151.132086, -33.846724], [151.130195, -33.845075], [151.130084, -33.84374], [151.126983, -33.844195], [151.126812, -33.845382], [151.123195, -33.847088], [151.122165, -33.848934], [151.125787, -33.850747], [151.126327, -33.852268], [151.125824, -33.854226], [151.127821, -33.857385], [151.128397, -33.860961], [151.11907, -33.864711], [151.115904, -33.860812], [151.120732, -33.859272], [151.122305, -33.856994], [151.120969, -33.85652], [151.12036, -33.857137], [151.117106, -33.857141], [151.114589, -33.855448], [151.113783, -33.853971], [151.114824, -33.853098], [151.118125, -33.853556], [151.119679, -33.852933], [151.118776, -33.850919], [151.115949, -33.851073], [151.115068, -33.849672], [151.118233, -33.846937], [151.120767, -33.841788], [151.116526, -33.841326], [151.11558, -33.843164], [151.114179, -33.84347], [151.111724, -33.837839], [151.109444, -33.838717], [151.1074, -33.83848], [151.105605, -33.83719], [151.105455, -33.835657], [151.104144, -33.834387], [151.10467, -33.840822], [151.102629, -33.844138], [151.099653, -33.844209], [151.099396, -33.842458], [151.102375, -33.839307], [151.102215, -33.838102], [151.098795, -33.83803], [151.095318, -33.840495], [151.093602, -33.839764], [151.094939, -33.83886], [151.09526, -33.837502], [151.098927, -33.835837], [151.098921, -33.831641], [151.09673, -33.830792], [151.094834, -33.834087], [151.09275, -33.835123], [151.089846, -33.83314], [151.090862, -33.832446], [151.089475, -33.831508], [151.089737, -33.830138], [151.093216, -33.828452], [151.093174, -33.827268], [151.094398, -33.825671], [151.092437, -33.823619], [151.087157, -33.823026], [151.083228, -33.827897], [151.082984, -33.834395], [151.083838, -33.834565], [151.082003, -33.839558], [151.081151, -33.839475], [151.080893, -33.84162], [151.079, -33.841417], [151.078913, -33.844154], [151.079466, -33.844474], [151.080037, -33.845208], [151.077166, -33.847211], [151.079042, -33.849807], [151.080256, -33.85025], [151.076113, -33.852834], [151.072681, -33.853822], [151.070556, -33.855423], [151.068721, -33.856996], [151.067148, -33.859122], [151.06578, -33.858714], [151.064469, -33.860694], [151.065139, -33.861364], [151.063829, -33.86314], [151.064677, -33.863624], [151.064324, -33.864596], [151.061616, -33.86413], [151.058354, -33.8648], [151.058733, -33.865382], [151.060626, -33.865936], [151.06107, -33.867085], [151.062547, -33.868586], [151.063771, -33.870449], [151.064848, -33.872895], [151.065139, -33.875195], [151.064125, -33.880152], [151.062071, -33.880086], [151.061994, -33.882738], [151.059723, -33.882447], [151.059504, -33.883233], [151.058456, -33.890149], [151.059708, -33.889654], [151.062342, -33.887796], [151.06379, -33.886965], [151.06633, -33.886244], [151.068667, -33.885996], [151.067868, -33.887142], [151.067221, -33.88945], [151.064426, -33.904738], [151.06444, -33.905553], [151.068299, -33.906165], [151.067935, -33.907315], [151.065374, -33.90687], [151.065163, -33.907888], [151.075501, -33.909687], [151.076485, -33.907799], [151.07828, -33.906651], [151.082975, -33.902583], [151.085363, -33.901113], [151.087096, -33.900297], [151.088901, -33.899802], [151.089076, -33.900501], [151.090153, -33.901171], [151.09179, -33.902003], [151.093255, -33.901943], [151.094631, -33.902243], [151.096487, -33.903471], [151.097397, -33.903617], [151.0987, -33.90326], [151.099378, -33.903114], [151.099487, -33.902061]]]}}, {"type": "Feature", "properties": {"index": "LYNE", "division": "Lyne", "state": "New South Wales", "year": "1992", "proclaimed": "19920131", "quota": "0", "electors": "0", "deviation": ""}, "geometry": {"type": "MultiPolygon", "coordinates": [[[[151.792953, -31.592951], [151.808151, -31.606352], [151.819275, -31.610971], [151.820282, -31.615402], [151.823013, -31.624531], [151.82428, -31.632751], [151.831467, -31.639141], [151.839737, -31.643902], [151.851151, -31.651041], [151.862274, -31.65484], [151.873169, -31.66197], [151.880554, -31.661861], [151.895691, -31.665241], [151.908279, -31.671211], [151.923416, -31.67639], [151.933151, -31.682161], [151.949203, -31.69149], [151.962601, -31.691509], [151.97406, -31.69422], [151.964542, -31.76683600000001], [151.946631, -31.77976], [151.945908, -31.80477], [151.958771, -31.80714], [151.967682, -31.803061], [151.983444, -31.81076], [151.993561, -31.82329], [151.999231, -31.826691], [152.009491, -31.83461], [152.019636, -31.834627], [152.028397, -31.83692], [152.038483, -31.84268000000001], [152.058258, -31.84129], [152.072433, -31.839048], [152.085312, -31.84104], [152.106924, -31.847777], [152.118622, -31.861389], [152.134674, -31.873499], [152.139862, -31.884089], [152.148188, -31.893575], [152.15771, -31.906724], [152.163832, -31.961818], [152.105194, -32.145828], [152.14252, -32.14365], [152.163605, -32.137982], [152.215978, -32.165869], [152.240917, -32.164509], [152.27037, -32.161957], [152.296219, -32.164268], [152.310532, -32.164867], [152.335403, -32.157528], [152.33783, -32.174587], [152.346771, -32.182995], [152.369696, -32.188315], [152.39502, -32.193348], [152.415948, -32.200331], [152.430005, -32.224137], [152.456078, -32.234793], [152.469001, -32.245902], [152.471948, -32.262906], [152.526407, -32.281806], [152.526786, -32.280044], [152.536688, -32.259276], [152.543403, -32.24932], [152.551115, -32.239944], [152.558136, -32.233305], [152.559622, -32.23276], [152.561876, -32.233404], [152.560913, -32.232459], [152.561909, -32.231399], [152.566357, -32.229514], [152.565688, -32.22637], [152.566063, -32.224769], [152.567374, -32.224429], [152.565221, -32.222267], [152.568248, -32.217976], [152.567995, -32.216572], [152.569818, -32.216873], [152.570872, -32.215633], [152.56751, -32.211487], [152.563838, -32.209655], [152.561065, -32.209507], [152.560595, -32.207034], [152.558105, -32.206326], [152.556527, -32.206735], [152.556628, -32.20576], [152.55575, -32.205302], [152.554067, -32.205929], [152.553192, -32.204457], [152.548137, -32.203871], [152.543249, -32.201587], [152.542725, -32.200613], [152.54356, -32.198328], [152.54226, -32.198013], [152.540977, -32.196415], [152.541348, -32.195234], [152.538782, -32.195391], [152.537879, -32.194138], [152.536466, -32.187168], [152.536702, -32.18499], [152.53795, -32.184589], [152.536228, -32.182798], [152.530785, -32.180456], [152.525469, -32.180499], [152.519646, -32.179395], [152.516701, -32.177912], [152.514178, -32.178507], [152.512869, -32.177632], [152.511122, -32.174824], [152.511401, -32.173814], [152.508886, -32.172395], [152.506396, -32.165553], [152.505288, -32.151301], [152.506055, -32.141994], [152.508752, -32.129038], [152.512818, -32.116957], [152.51686, -32.107986], [152.526417, -32.093818], [152.537074, -32.08346], [152.544041, -32.080143], [152.544533, -32.077426], [152.545915, -32.076607], [152.548008, -32.073271], [152.547707, -32.070678], [152.544578, -32.070289], [152.543529, -32.06832], [152.543698, -32.064664], [152.548239, -32.058236], [152.546169, -32.055932], [152.545819, -32.053683], [152.542643, -32.050542], [152.541753, -32.048143], [152.541877, -32.042438], [152.54381, -32.036093], [152.548059, -32.02788], [152.555169, -32.018379], [152.564547, -32.010515], [152.56655, -32.009651], [152.569525, -32.009961], [152.565541, -32.006571], [152.565872, -32.004019], [152.569081, -31.999836], [152.573148, -31.996554], [152.572282, -31.995273], [152.57289, -31.993406], [152.577946, -31.985801], [152.58423, -31.978612], [152.596368, -31.967604], [152.608794, -31.94714], [152.633525, -31.922438], [152.657126, -31.903104], [152.685399, -31.883555], [152.690985, -31.877659], [152.700944, -31.875801], [152.704218, -31.871604], [152.714469, -31.863855], [152.732645, -31.852366], [152.745085, -31.845878], [152.74788, -31.844888], [152.751104, -31.846154], [152.754557, -31.845077], [152.754581, -31.840977], [152.751157, -31.838434], [152.750384, -31.840031], [152.749025, -31.840099], [152.748959, -31.839267], [152.746572, -31.841559], [152.743358, -31.84236], [152.740399, -31.84045], [152.73665, -31.836518], [152.733809, -31.829775], [152.733241, -31.824413], [152.734203, -31.816917], [152.736092, -31.811104], [152.740581, -31.800921], [152.744903, -31.793432], [152.76395, -31.768836], [152.797657, -31.733566], [152.798828, -31.732733], [152.800616, -31.7334], [152.800256, -31.732426], [152.801721, -31.732988], [152.802614, -31.731899], [152.801419, -31.731375], [152.803097, -31.731092], [152.802966, -31.73006], [152.803627, -31.729766], [152.803828, -31.730385], [152.80563, -31.73032], [152.805106, -31.72887], [152.803683, -31.728683], [152.804336, -31.727838], [152.803318, -31.727515], [152.803327, -31.725724], [152.805142, -31.725575], [152.8041, -31.724959], [152.804693, -31.723925], [152.803238, -31.723084], [152.803959, -31.72258100000001], [152.800931, -31.721476], [152.801473, -31.720582], [152.800133, -31.720523], [152.801159, -31.719732], [152.799901, -31.719481], [152.799582, -31.718701], [152.800264, -31.718649], [152.799494, -31.718272], [152.799633, -31.717978], [152.801093, -31.718158], [152.795041, -31.71694], [152.793208, -31.713772], [152.792759, -31.710722], [152.793334, -31.705666], [152.796265, -31.697565], [152.804917, -31.68186], [152.81568, -31.668277], [152.833862, -31.650145], [152.835988, -31.648766], [152.840388, -31.648371], [152.841583, -31.647499], [152.842123, -31.644854], [152.843527, -31.645446], [152.843082, -31.644683], [152.844589, -31.644661], [152.845574, -31.642888], [152.849523, -31.641347], [152.848051, -31.640111], [152.846528, -31.641464], [152.842205, -31.64206400000001], [152.837996, -31.639247], [152.837382, -31.638301], [152.838136, -31.636226], [152.837193, -31.635068], [152.834769, -31.634678], [152.833956, -31.629019], [152.834638, -31.623475], [152.839818, -31.610133], [152.842927, -31.604323], [152.846198, -31.603419], [152.848288, -31.601575], [152.847708, -31.601229], [152.847861, -31.598227], [152.843312, -31.59438], [152.840123, -31.58938], [152.84116, -31.582763], [152.845329, -31.572928], [152.852302, -31.560571], [152.859759, -31.549619], [152.876935, -31.529605], [152.902272, -31.505], [152.908141, -31.49842900000001], [152.924197, -31.485288], [152.925724, -31.482556], [152.930157, -31.479794], [152.933262, -31.476346], [152.934612, -31.475777], [152.937843, -31.476139], [152.937089, -31.47402900000001], [152.938382, -31.473313], [152.938112, -31.472011], [152.935475, -31.470308], [152.934198, -31.46726], [152.935239, -31.464585], [152.934969, -31.462982], [152.936244, -31.460993], [152.935522, -31.460035], [152.936814, -31.459333], [152.933154, -31.458059], [152.931171, -31.452564], [152.931271, -31.451091], [152.932731, -31.449531], [152.932461, -31.448429], [152.933401, -31.447599], [152.93278, -31.446827], [152.931882, -31.447382], [152.930096, -31.446632], [152.929221, -31.444595], [152.926839, -31.443212], [152.926171, -31.441618], [152.926684, -31.440587], [152.925794, -31.440144], [152.925588, -31.434951], [152.923465, -31.431595], [152.923912, -31.430142], [152.919414, -31.428968], [152.914747, -31.42373], [152.914717, -31.413642], [152.820988, -31.4051], [152.761551, -31.442343], [152.749313, -31.451883], [152.738159, -31.451954], [152.729767, -31.445614], [152.723907, -31.434864], [152.717285, -31.428715], [152.702957, -31.433434], [152.69221, -31.437068], [152.682739, -31.440994], [152.668823, -31.447824], [152.657294, -31.457246], [152.634018, -31.464954], [152.622635, -31.467634], [152.602036, -31.463144], [152.593307, -31.460775], [152.584516, -31.457926], [152.5746, -31.453856], [152.568222, -31.443825], [152.555405, -31.43989600000001], [152.551346, -31.451166], [152.540695, -31.457165], [152.534103, -31.449205], [152.523682, -31.449615], [152.518875, -31.442385], [152.515457, -31.433706], [152.503555, -31.434475], [152.49324, -31.433626], [152.489293, -31.428679], [152.476212, -31.412617], [152.470871, -31.426676], [152.466507, -31.436577], [152.466019, -31.446146], [152.467117, -31.457516], [152.464859, -31.464996], [152.456192, -31.473076], [152.437912, -31.484276], [152.430313, -31.488037], [152.415741, -31.493557], [152.402771, -31.497467], [152.392883, -31.496426], [152.381821, -31.496376], [152.375351, -31.504557], [152.368449, -31.5137], [152.362305, -31.517668], [152.348145, -31.524628], [152.338654, -31.525217], [152.331482, -31.513357], [152.322525, -31.512136], [152.305664, -31.513577], [152.292877, -31.520458], [152.282364, -31.517418], [152.272156, -31.503647], [152.266144, -31.491978], [152.258896, -31.489408], [152.243622, -31.503757], [152.229355, -31.508549], [152.218094, -31.507387], [152.21492, -31.523067], [152.207825, -31.539087], [152.194916, -31.533678], [152.183014, -31.522148], [152.181686, -31.505539], [152.18721, -31.487617], [152.184235, -31.477499], [152.180949, -31.469716], [152.173921, -31.447724], [152.161678, -31.440469], [152.137192, -31.443869], [152.132884, -31.45974], [152.141571, -31.481638], [152.146714, -31.509166], [152.100463, -31.508032], [152.063733, -31.49306800000001], [151.970718, -31.48047100000001], [151.919538, -31.466088], [151.906097, -31.469292], [151.899132, -31.496016], [151.867618, -31.494882], [151.843132, -31.490574], [151.827261, -31.496923], [151.798467, -31.497603], [151.782597, -31.50191], [151.771941, -31.502137], [151.748135, -31.503724], [151.738159, -31.521862], [151.748815, -31.53932], [151.76922, -31.547482], [151.78101, -31.563352], [151.781577, -31.577523], [151.792953, -31.592951]]], [[[152.548435, -32.071801], [152.549042, -32.071786], [152.548728, -32.070912], [152.548101, -32.071107], [152.548435, -32.071801]]], [[[152.545704, -32.080964], [152.546109, -32.080835], [152.545568, -32.080162], [152.544843, -32.080393], [152.545704, -32.080964]]], [[[152.923425, -31.429417], [152.923408, -31.429117], [152.923092, -31.429507], [152.923215, -31.42959700000001], [152.923425, -31.429417]]], [[[152.927528, -31.443341], [152.927584, -31.443198], [152.927268, -31.443166], [152.927175, -31.443389], [152.927528, -31.443341]]], [[[152.931668, -31.43298], [152.931668, -31.432828], [152.931529, -31.432743], [152.93139, -31.432929], [152.931668, -31.43298]]], [[[152.93512, -31.446555], [152.935177, -31.446444], [152.935009, -31.446348], [152.934897, -31.446459], [152.93512, -31.446555]]], [[[152.921325, -31.429101], [152.921167, -31.429116], [152.921167, -31.429206], [152.921377, -31.429296], [152.921325, -31.429101]]], [[[152.921255, -31.429026], [152.921273, -31.428846], [152.921133, -31.428861], [152.921167, -31.429041], [152.921255, -31.429026]]]]}}, {"type": "Feature", "properties": {"index": "MCTH", "division": "Macarthur", "state": "New South Wales", "year": "1992", "proclaimed": "19920131", "quota": "0", "electors": "0", "deviation": ""}, "geometry": {"type": "Polygon", "coordinates": [[[150.644188, -34.5563], [150.644862, -34.554308], [150.64716, -34.553542], [150.647712, -34.551244], [150.654054, -34.545116], [150.649458, -34.544411], [150.6486, -34.546556], [150.635057, -34.545637], [150.633249, -34.542542], [150.633984, -34.539815], [150.685982, -34.440784], [150.74205, -34.339523], [150.744567, -34.335685], [150.748122, -34.301797], [150.789855, -34.306209], [150.791203, -34.302654], [150.814245, -34.305565], [150.813663, -34.303237], [150.811487, -34.300387], [150.810936, -34.298181], [150.811702, -34.296925], [150.813509, -34.297262], [150.815195, -34.296771], [150.815195, -34.295178], [150.814337, -34.293462], [150.812161, -34.291961], [150.808546, -34.290092], [150.808944, -34.28712], [150.809128, -34.285741], [150.807381, -34.284025], [150.804961, -34.283075], [150.803888, -34.281482], [150.803857, -34.279919], [150.804026, -34.276901], [150.800564, -34.273346], [150.801759, -34.272795], [150.804179, -34.271998], [150.806079, -34.270589], [150.807856, -34.270834], [150.810032, -34.271998], [150.811717, -34.271416], [150.811502, -34.269823], [150.811533, -34.268444], [150.813647, -34.268076], [150.816221, -34.268505], [150.817845, -34.270099], [150.820021, -34.272182], [150.820664, -34.274112], [150.822809, -34.27353], [150.824555, -34.273898], [150.827803, -34.275583], [150.8305, -34.275706], [150.835586, -34.27497], [150.838987, -34.274174], [150.842113, -34.27592], [150.845391, -34.278249], [150.848609, -34.278555], [150.849987, -34.277391], [150.851703, -34.280179], [150.853174, -34.277973], [150.854492, -34.276931], [150.87401, -34.260876], [150.874745, -34.259037], [150.880322, -34.258363], [150.884642, -34.24341], [150.887737, -34.241725], [150.88933, -34.238508], [150.890678, -34.236056], [150.892609, -34.235137], [150.895336, -34.235107], [150.897236, -34.232226], [150.893314, -34.230939], [150.891861, -34.228069], [150.891846, -34.225243], [150.892639, -34.220889], [150.891598, -34.217028], [150.890274, -34.21455], [150.886266, -34.21329], [150.882099, -34.209859], [150.880138, -34.207836], [150.878851, -34.204159], [150.877686, -34.202442], [150.876155, -34.201157], [150.872968, -34.199012], [150.870394, -34.200482], [150.866531, -34.199913], [150.8638, -34.198681], [150.864143, -34.195335], [150.862534, -34.191471], [150.861447, -34.193251], [150.858871, -34.192623], [150.857096, -34.190677], [150.857605, -34.18597], [150.856728, -34.183507], [150.858996, -34.180259], [150.860896, -34.181975], [150.864266, -34.182956], [150.866411, -34.18173], [150.871313, -34.182527], [150.873213, -34.18553], [150.874378, -34.187184], [150.877442, -34.187123], [150.881486, -34.18651], [150.882896, -34.187981], [150.884183, -34.18939], [150.884857, -34.18792], [150.892639, -34.188226], [150.899809, -34.188716], [150.9003, -34.186571], [150.902812, -34.186081], [150.904773, -34.184059], [150.904773, -34.180934], [150.905325, -34.176828], [150.906367, -34.171619], [150.906677, -34.164951], [150.912495, -34.16163], [150.915865, -34.157034], [150.917091, -34.153541], [150.914963, -34.150471], [150.918378, -34.147535], [150.919358, -34.142632], [150.917704, -34.140426], [150.918071, -34.137975], [150.921687, -34.134788], [150.922668, -34.132337], [150.922055, -34.127925], [150.92469, -34.12627], [150.927999, -34.126025], [150.930083, -34.12149], [150.92757, -34.119468], [150.92567, -34.116404], [150.927631, -34.114872], [150.928305, -34.11095], [150.934127, -34.10954], [150.936793, -34.095476], [150.924843, -34.093699], [150.923066, -34.090083], [150.928214, -34.087877], [150.932565, -34.085303], [150.933116, -34.082362], [150.932503, -34.078624], [150.937038, -34.076172], [150.937332, -34.071869], [150.935322, -34.069493], [150.93618, -34.067593], [150.936295, -34.062069], [150.935261, -34.059871], [150.934769, -34.05666], [150.937528, -34.053498], [150.936609, -34.05074], [150.937283, -34.048289], [150.939651, -34.042652], [150.94043, -34.038822], [150.906459, -34.033888], [150.90462, -34.031866], [150.90174, -34.032172], [150.898185, -34.033704], [150.89457, -34.033153], [150.890403, -34.030456], [150.886581, -34.030003], [150.888135, -34.033949], [150.891251, -34.037529], [150.894692, -34.036737], [150.894631, -34.039771], [150.892394, -34.04259], [150.895367, -34.045868], [150.892885, -34.047033], [150.892425, -34.0493], [150.889392, -34.049515], [150.887614, -34.05071], [150.88446, -34.05267], [150.882957, -34.054387], [150.88121, -34.054938], [150.880046, -34.059167], [150.877899, -34.061729], [150.876522, -34.060392], [150.874715, -34.058431], [150.873138, -34.059731], [150.875174, -34.062139], [150.876247, -34.063916], [150.874378, -34.066306], [150.871804, -34.068819], [150.868372, -34.072557], [150.867462, -34.076221], [150.865675, -34.07893], [150.862918, -34.082515], [150.859088, -34.082607], [150.856207, -34.080738], [150.8544, -34.077827], [150.853531, -34.079113], [150.853174, -34.081596], [150.852929, -34.083863], [150.851152, -34.084997], [150.847781, -34.085334], [150.846372, -34.084997], [150.846862, -34.083128], [150.845912, -34.081136], [150.84433, -34.08176], [150.838943, -34.086292], [150.833656, -34.093301], [150.831879, -34.096181], [150.827803, -34.099184], [150.826486, -34.098172], [150.824647, -34.097437], [150.824647, -34.094496], [150.82189, -34.094955], [150.818948, -34.095139], [150.816956, -34.094587], [150.816007, -34.093239], [150.818979, -34.089317], [150.820204, -34.087264], [150.822135, -34.085794], [150.824433, -34.082852], [150.825597, -34.080922], [150.824801, -34.078777], [150.822349, -34.07608], [150.820266, -34.078961], [150.815761, -34.078869], [150.814015, -34.077398], [150.814413, -34.075222], [150.81475, -34.073261], [150.81187, -34.070963], [150.810154, -34.069738], [150.808132, -34.071821], [150.805098, -34.070749], [150.802433, -34.069952], [150.801207, -34.068573], [150.797775, -34.065785], [150.793118, -34.065387], [150.788951, -34.065846], [150.784018, -34.0641], [150.780279, -34.061955], [150.778778, -34.060239], [150.779667, -34.05791], [150.778778, -34.054754], [150.780923, -34.052211], [150.781995, -34.049453], [150.78319, -34.04691], [150.782394, -34.043356], [150.786346, -34.036799], [150.788552, -34.032325], [150.787694, -34.029353], [150.786132, -34.026657], [150.787174, -34.021141], [150.788706, -34.020345], [150.786836, -34.018782], [150.785703, -34.016698], [150.787602, -34.014799], [150.791402, -34.011704], [150.792229, -34.007414], [150.819393, -33.957369], [150.820909, -33.951372], [150.82526, -33.951648], [150.827681, -33.951433], [150.829764, -33.948277], [150.830898, -33.9465], [150.832583, -33.946286], [150.836138, -33.943007], [150.839723, -33.940096], [150.841316, -33.937277], [150.843369, -33.933815], [150.845361, -33.931425], [150.846893, -33.927166], [150.847597, -33.924377], [150.848313, -33.924315], [150.852389, -33.919389], [150.854143, -33.917646], [150.85568, -33.915432], [150.855395, -33.913336], [150.854723, -33.909106], [150.855424, -33.904309], [150.855609, -33.900344], [150.856443, -33.897349], [150.857072, -33.894173], [150.864664, -33.883621], [150.864588, -33.883457], [150.86457, -33.88349], [150.86336, -33.883453], [150.854871, -33.88391], [150.852739, -33.883735], [150.850642, -33.882643], [150.849163, -33.881173], [150.847502, -33.87961], [150.844147, -33.877898], [150.842965, -33.876887], [150.840573, -33.875087], [150.838887, -33.874716], [150.835681, -33.87532], [150.832844, -33.875843], [150.829682, -33.875494], [150.828048, -33.875934], [150.826071, -33.8773], [150.822809, -33.879775], [150.820334, -33.880532], [150.81685, -33.879742], [150.81492, -33.879537], [150.807532, -33.880814], [150.803191, -33.880091], [150.796417, -33.881472], [150.775371, -33.877591], [150.755969, -33.87621], [150.751759, -33.875224], [150.747682, -33.875881], [150.739131, -33.875816], [150.71506, -33.872264], [150.711508, -33.868975], [150.699275, -33.865884], [150.696644, -33.869436], [150.691909, -33.869304], [150.690659, -33.873974], [150.681648, -33.870949], [150.674874, -33.867068], [150.667442, -33.867068], [150.656985, -33.86766], [150.649816, -33.865095], [150.645804, -33.862859], [150.642976, -33.857137], [150.640345, -33.859505], [150.637977, -33.855756], [150.635803, -33.857494], [150.633439, -33.862201], [150.616207, -33.862004], [150.61259, -33.85865], [150.611275, -33.86378], [150.607131, -33.863977], [150.605618, -33.865753], [150.602461, -33.865884], [150.600554, -33.86641], [150.59891, -33.86937], [150.59595, -33.86937], [150.593977, -33.869699], [150.593188, -33.87404], [150.5874, -33.876342], [150.582796, -33.875026], [150.579771, -33.873119], [150.57418, -33.874303], [150.569116, -33.876868], [150.567143, -33.880354], [150.567472, -33.885221], [150.564249, -33.886799], [150.562342, -33.88989], [150.556094, -33.890877], [150.552739, -33.891074], [150.549385, -33.892521], [150.547675, -33.891863], [150.545899, -33.894626], [150.542216, -33.893639], [150.540243, -33.889627], [150.539322, -33.885155], [150.534784, -33.880748], [150.529391, -33.878446], [150.526826, -33.879696], [150.521235, -33.878118], [150.518144, -33.873645], [150.515448, -33.872198], [150.50841, -33.871343], [150.504793, -33.869896], [150.501833, -33.868515], [150.50157, -33.873579], [150.499202, -33.877065], [150.495717, -33.878118], [150.493744, -33.881406], [150.49348, -33.88555], [150.489271, -33.886931], [150.482497, -33.88647], [150.476249, -33.887786], [150.471579, -33.893902], [150.468619, -33.89923], [150.464081, -33.901729], [150.459938, -33.89969], [150.45711, -33.894494], [150.4554, -33.890219], [150.449875, -33.889101], [150.448297, -33.886996], [150.440864, -33.885747], [150.433367, -33.884958], [150.423962, -33.884695], [150.422383, -33.878709], [150.418042, -33.878512], [150.41653, -33.874697], [150.412583, -33.873316], [150.410347, -33.870291], [150.406335, -33.870159], [150.403178, -33.862662], [150.406335, -33.855493], [150.406335, -33.852336], [150.405941, -33.847732], [150.410808, -33.846614], [150.412715, -33.843917], [150.411465, -33.840037], [150.41015, -33.835499], [150.409492, -33.829579], [150.413899, -33.825238], [150.416069, -33.821424], [150.416924, -33.816491], [150.414951, -33.811953], [150.363453, -33.803337], [150.360901, -33.807545], [150.359695, -33.808247], [150.360596, -33.810516], [150.363922, -33.811306], [150.362717, -33.815254], [150.359639, -33.816162], [150.361283, -33.819451], [150.359055, -33.821754], [150.357205, -33.824383], [150.356064, -33.827827], [150.355627, -33.830895], [150.355148, -33.833115], [150.352509, -33.834595], [150.35635, -33.835827], [150.358917, -33.836987], [150.357574, -33.838226], [150.35524, -33.837086], [150.353561, -33.839035], [150.354034, -33.841476], [150.352264, -33.842525], [150.350784, -33.841774], [150.347565, -33.844135], [150.345734, -33.844364], [150.343475, -33.843506], [150.339233, -33.844856], [150.338196, -33.846638], [150.334045, -33.848087], [150.334549, -33.849445], [150.33754, -33.850327], [150.338789, -33.852401], [150.339157, -33.854145], [150.340424, -33.857075], [150.336685, -33.856808], [150.333067, -33.856677], [150.327082, -33.857334], [150.322784, -33.856495], [150.319534, -33.853737], [150.320541, -33.850407], [150.319183, -33.849106], [150.316691, -33.85102], [150.313731, -33.85227], [150.310623, -33.851395], [150.308121, -33.847477], [150.30551, -33.846088], [150.302616, -33.845759], [150.29867, -33.847008], [150.294263, -33.849113], [150.290985, -33.851105], [150.28716, -33.852073], [150.284003, -33.851744], [150.281204, -33.851097], [150.27652, -33.853317], [150.275284, -33.854637], [150.273224, -33.858017], [150.271667, -33.859608], [150.269165, -33.860008], [150.265717, -33.859478], [150.26493, -33.862662], [150.264893, -33.865135], [150.263549, -33.86641], [150.260984, -33.867726], [150.259064, -33.868435], [150.254196, -33.871925], [150.252365, -33.871887], [150.247894, -33.869625], [150.246796, -33.870327], [150.246521, -33.875546], [150.245804, -33.877338], [150.244019, -33.878918], [150.240784, -33.878845], [150.239151, -33.879436], [150.236862, -33.883266], [150.235001, -33.884308], [150.228427, -33.884629], [150.220075, -33.883445], [150.211487, -33.882507], [150.207718, -33.885036], [150.203949, -33.884598], [150.20156, -33.882919], [150.197769, -33.878956], [150.195847, -33.878368], [150.192155, -33.882327], [150.190536, -33.885368], [150.187592, -33.885937], [150.186302, -33.884103], [150.18454, -33.880096], [150.180843, -33.880551], [150.178909, -33.880779], [150.178711, -33.883389], [150.175705, -33.885929], [150.17249, -33.887194], [150.166834, -33.888443], [150.16449, -33.888378], [150.163773, -33.887188], [150.16008, -33.887466], [150.158415, -33.889233], [150.155685, -33.893047], [150.156574, -33.895415], [150.157959, -33.896156], [150.160783, -33.897585], [150.164719, -33.897758], [150.168137, -33.898918], [150.169525, -33.902737], [150.167886, -33.907911], [150.166373, -33.911989], [150.166373, -33.915409], [150.169267, -33.918632], [150.170451, -33.92271], [150.171043, -33.926722], [150.171438, -33.932904], [150.170648, -33.935798], [150.17545, -33.939876], [150.175515, -33.943164], [150.17716, -33.945861], [150.179922, -33.945861], [150.182684, -33.950333], [150.187157, -33.950399], [150.193602, -33.947242], [150.199982, -33.943361], [150.20452, -33.939349], [150.208729, -33.936192], [150.214583, -33.935666], [150.216951, -33.936982], [150.21774, -33.941257], [150.215898, -33.944743], [150.218924, -33.948031], [150.224777, -33.948426], [150.237537, -33.949938], [150.238194, -33.953358], [150.235046, -33.959667], [150.234161, -33.963348], [150.23616, -33.965286], [150.2323, -33.967266], [150.231049, -33.969406], [150.231308, -33.971485], [150.227868, -33.974207], [150.226288, -33.976238], [150.227051, -33.979046], [150.223001, -33.98039], [150.220305, -33.981574], [150.216736, -33.986927], [150.212939, -33.9894], [150.210114, -33.990658], [150.208618, -33.993687], [150.208557, -33.997177], [150.206619, -33.998627], [150.201752, -34.000767], [150.200943, -34.003807], [150.198242, -34.005386], [150.194063, -34.006106], [150.190796, -34.007309], [150.188354, -34.010117], [150.183762, -34.011246], [150.181992, -34.012829], [150.180771, -34.017109], [150.17808, -34.017418], [150.174011, -34.017109], [150.17157, -34.019817], [150.16832, -34.020947], [150.166373, -34.021628], [150.165756, -34.024208], [150.168182, -34.026009], [150.16806, -34.026917], [150.164203, -34.028402], [150.160873, -34.029167], [150.159393, -34.032097], [150.162888, -34.033269], [150.16629, -34.033558], [150.16684, -34.033909], [150.166153, -34.035366], [150.161682, -34.036949], [150.159241, -34.03616], [150.157623, -34.033897], [150.156143, -34.034126], [150.154114, -34.036488], [150.153548, -34.038859], [150.152481, -34.042686], [150.150589, -34.043247], [150.146642, -34.043463], [150.144897, -34.044827], [150.145706, -34.047977], [150.142456, -34.048889], [150.141098, -34.051697], [150.142044, -34.055866], [150.14217, -34.05938], [150.142181, -34.063309], [150.143524, -34.066689], [150.14502, -34.068497], [150.143387, -34.071987], [150.139465, -34.072208], [150.138245, -34.071308], [150.137299, -34.071426], [150.135803, -34.073566], [150.133488, -34.073849], [150.131882, -34.073109], [150.128494, -34.074127], [150.127686, -34.077057], [150.128906, -34.078297], [150.131882, -34.07943], [150.131058, -34.081337], [150.127832, -34.0799], [150.124478, -34.078387], [150.12294, -34.076038], [150.117441, -34.077927], [150.115494, -34.080196], [150.116454, -34.084241], [150.117309, -34.087529], [150.117638, -34.089897], [150.116562, -34.091137], [150.115479, -34.090458], [150.114532, -34.087189], [150.112228, -34.084259], [150.109665, -34.084709], [150.111145, -34.088089], [150.107312, -34.091015], [150.107707, -34.093317], [150.109614, -34.09575], [150.110403, -34.098776], [150.110732, -34.103972], [150.106523, -34.107392], [150.103103, -34.113114], [150.104944, -34.119296], [150.107443, -34.123703], [150.110272, -34.127583], [150.109943, -34.131727], [150.109154, -34.135344], [150.111455, -34.138764], [150.112705, -34.142644], [150.116191, -34.143105], [150.118822, -34.142776], [150.120795, -34.14396], [150.120729, -34.146196], [150.122768, -34.148761], [150.122505, -34.151063], [150.119479, -34.151918], [150.114678, -34.152576], [150.111719, -34.153891], [150.110009, -34.151063], [150.106523, -34.149945], [150.102971, -34.145999], [150.100077, -34.142316], [150.094816, -34.141198], [150.090935, -34.138632], [150.087384, -34.133963], [150.087449, -34.131135], [150.087976, -34.129227], [150.085345, -34.12778], [150.084095, -34.125215], [150.081201, -34.125281], [150.07857, -34.127583], [150.076926, -34.131464], [150.072257, -34.134555], [150.069165, -34.135278], [150.061602, -34.131858], [150.057393, -34.132187], [150.051539, -34.128964], [150.048579, -34.128241], [150.046475, -34.125807], [150.042857, -34.12344], [150.03799, -34.123111], [150.034768, -34.126925], [150.029111, -34.128833], [150.023587, -34.129885], [150.020759, -34.129951], [150.021022, -34.1337], [150.018917, -34.135212], [150.019706, -34.137449], [150.017799, -34.138567], [150.014725, -34.14106], [150.016068, -34.145008], [150.019838, -34.144881], [150.022583, -34.145241], [150.023804, -34.147388], [150.027664, -34.145604], [150.027725, -34.143898], [150.029633, -34.143681], [150.031113, -34.147617], [150.033691, -34.147629], [150.034775, -34.145039], [150.036804, -34.145039], [150.036942, -34.147301], [150.040054, -34.148197], [150.041739, -34.147709], [150.044525, -34.146629], [150.045334, -34.14967], [150.043976, -34.152939], [150.045746, -34.155758], [150.045868, -34.160271], [150.048706, -34.16151], [150.052526, -34.167045], [150.054657, -34.172447], [150.058456, -34.17234], [150.060486, -34.173809], [150.059265, -34.178761], [150.060944, -34.181778], [150.063115, -34.186645], [150.064255, -34.194889], [150.061798, -34.20525], [150.059891, -34.20615], [150.056763, -34.20919], [150.058655, -34.21291], [150.058655, -34.21674], [150.05484, -34.222137], [150.051041, -34.22496], [150.051407, -34.228211], [150.051987, -34.23127], [150.051079, -34.233012], [150.051025, -34.234539], [150.055419, -34.236038], [150.060516, -34.237698], [150.059296, -34.241077], [150.057114, -34.243328], [150.056015, -34.246708], [150.052765, -34.247498], [150.05249, -34.248959], [150.055551, -34.251954], [150.05759, -34.253664], [150.059265, -34.255848], [150.058167, -34.259109], [150.056, -34.263279], [150.058675, -34.267805], [150.052164, -34.266489], [150.051703, -34.269515], [150.04779, -34.269087], [150.047955, -34.273066], [150.03388, -34.269942], [150.018621, -34.267509], [150.019147, -34.259879], [149.988831, -34.254021], [149.985736, -34.266193], [149.98738, -34.269087], [149.986657, -34.271915], [149.985802, -34.274875], [149.986525, -34.278558], [149.986196, -34.282899], [149.985473, -34.285793], [149.982974, -34.287174], [149.984486, -34.288884], [149.985868, -34.289936], [149.986723, -34.293554], [149.971793, -34.290989], [149.971464, -34.294277], [149.968504, -34.29704], [149.967189, -34.301512], [149.969096, -34.303617], [149.967057, -34.305129], [149.963703, -34.306379], [149.962125, -34.30947], [149.962914, -34.313745], [149.967847, -34.315192], [149.966597, -34.318612], [149.967649, -34.322361], [149.969886, -34.3244], [149.971924, -34.325518], [149.971661, -34.327096], [149.974884, -34.330516], [149.976608, -34.332932], [149.979706, -34.335758], [149.978607, -34.33812], [149.979691, -34.339699], [149.982666, -34.340618], [149.983994, -34.344109], [149.987259, -34.342548], [149.990524, -34.343021], [149.992691, -34.344952], [149.99472, -34.345741], [150.0, -34.345512], [150.001175, -34.34576], [150.0, -34.348068], [149.997665, -34.350948], [149.999542, -34.3531], [150.00325, -34.353798], [150.004745, -34.35302], [150.008682, -34.352348], [150.01004, -34.354271], [150.008493, -34.355575], [150.005692, -34.3582], [150.008493, -34.361494], [150.016251, -34.367241], [150.018158, -34.367241], [150.022781, -34.36488], [150.026047, -34.366688], [150.028488, -34.366348], [150.028224, -34.363993], [150.028091, -34.359821], [150.030411, -34.358021], [150.031906, -34.357571], [150.034897, -34.35442], [150.038849, -34.355438], [150.039339, -34.357351], [150.041, -34.360508], [150.044863, -34.360573], [150.049073, -34.358863], [150.050247, -34.356129], [150.053216, -34.357153], [150.054611, -34.357597], [150.060181, -34.356701], [150.060715, -34.35907], [150.063608, -34.3586], [150.06601, -34.356148], [150.070448, -34.356233], [150.073898, -34.35503], [150.075183, -34.350774], [150.077576, -34.34827], [150.079758, -34.349518], [150.083557, -34.348728], [150.086548, -34.346371], [150.089127, -34.345798], [150.092926, -34.347717], [150.102432, -34.356518], [150.102417, -34.36047], [150.099321, -34.363204], [150.096176, -34.366318], [150.096032, -34.368926], [150.096573, -34.37151], [150.101196, -34.371849], [150.1035, -34.370499], [150.105898, -34.367479], [150.109894, -34.365997], [150.116881, -34.37136], [150.121033, -34.373669], [150.122391, -34.37513], [150.122528, -34.377167], [150.129707, -34.374385], [150.133942, -34.372219], [150.136398, -34.369617], [150.141216, -34.3684], [150.145952, -34.368005], [150.148621, -34.371658], [150.148483, -34.374249], [150.144806, -34.376167], [150.142776, -34.380669], [150.146027, -34.380787], [150.150556, -34.378463], [150.154173, -34.374977], [150.15773, -34.374027], [150.159363, -34.370987], [150.162354, -34.373917], [150.164658, -34.370537], [150.167919, -34.368532], [150.171326, -34.36998], [150.171734, -34.371031], [150.171326, -34.374489], [150.17308, -34.374939], [150.175385, -34.37426], [150.178528, -34.371109], [150.181336, -34.372215], [150.18252, -34.37478], [150.18765, -34.378265], [150.185715, -34.380688], [150.188034, -34.383957], [150.187387, -34.388854], [150.184906, -34.394329], [150.182454, -34.394379], [150.180817, -34.393757], [150.18081, -34.39655], [150.182999, -34.39996], [150.184362, -34.401219], [150.186386, -34.403908], [150.190281, -34.405626], [150.195908, -34.407059], [150.196732, -34.407848], [150.19632, -34.410667], [150.192108, -34.415058], [150.191833, -34.42149], [150.192254, -34.424831], [150.191956, -34.42791], [150.19101, -34.433319], [150.189789, -34.435799], [150.185974, -34.436359], [150.183395, -34.433987], [150.180542, -34.433086], [150.177139, -34.434097], [150.174286, -34.437599], [150.173737, -34.439289], [150.170868, -34.441757], [150.170746, -34.44323], [150.172226, -34.445709], [150.176041, -34.448078], [150.181625, -34.448757], [150.179443, -34.452358], [150.178574, -34.458768], [150.177536, -34.464417], [150.181198, -34.46431], [150.184601, -34.46093], [150.187607, -34.46172], [150.190018, -34.465805], [150.191818, -34.468479], [150.193726, -34.470509], [150.197976, -34.471264], [150.20108, -34.470169], [150.202972, -34.473099], [150.203659, -34.474228], [150.207321, -34.476707], [150.210587, -34.475918], [150.212097, -34.478069], [150.213181, -34.478848], [150.21797, -34.476789], [150.222311, -34.475342], [150.223938, -34.478848], [150.225555, -34.480316], [150.230598, -34.479551], [150.234131, -34.478737], [150.236313, -34.478508], [150.240936, -34.477497], [150.243226, -34.480209], [150.243393, -34.482456], [150.242035, -34.485947], [150.240529, -34.490666], [150.240814, -34.492378], [150.245067, -34.491587], [150.24704, -34.489285], [150.249115, -34.486397], [150.253617, -34.48797], [150.25638, -34.488167], [150.259186, -34.488087], [150.262314, -34.489437], [150.263138, -34.487186], [150.261902, -34.484138], [150.265324, -34.483366], [150.273468, -34.482109], [150.276966, -34.480275], [150.280188, -34.476789], [150.282166, -34.473537], [150.287028, -34.472974], [150.288696, -34.472408], [150.288574, -34.471275], [150.284897, -34.469929], [150.283798, -34.467678], [150.285446, -34.467678], [150.295381, -34.473764], [150.307023, -34.479091], [150.309937, -34.479038], [150.316055, -34.473736], [150.319595, -34.472946], [150.320953, -34.473625], [150.325372, -34.47771], [150.326416, -34.479706], [150.324783, -34.480717], [150.324097, -34.480389], [150.322601, -34.478249], [150.320557, -34.479488], [150.320297, -34.481857], [150.323563, -34.481735], [150.326754, -34.483037], [150.331726, -34.484097], [150.33432, -34.487705], [150.331192, -34.489395], [150.333067, -34.491258], [150.336777, -34.491188], [150.340164, -34.489948], [150.3414, -34.493217], [150.343196, -34.494481], [150.349304, -34.495575], [150.355423, -34.493767], [150.361743, -34.495928], [150.36441, -34.496685], [150.368362, -34.495327], [150.371078, -34.496677], [150.37299, -34.499743], [150.37558, -34.499947], [150.379929, -34.497566], [150.383908, -34.498822], [150.389367, -34.502373], [150.393143, -34.504536], [150.392334, -34.507248], [150.389893, -34.509506], [150.391541, -34.512318], [150.39032, -34.516148], [150.389959, -34.522039], [150.389695, -34.526248], [150.389526, -34.530018], [150.39305, -34.533088], [150.396088, -34.534405], [150.399857, -34.531647], [150.40097, -34.528755], [150.403275, -34.528076], [150.405975, -34.525894], [150.406891, -34.523228], [150.409927, -34.518486], [150.41333, -34.516228], [150.417557, -34.516117], [150.41864, -34.516335], [150.421509, -34.517906], [150.423416, -34.515087], [150.43103, -34.513496], [150.437622, -34.513664], [150.439041, -34.513756], [150.44191, -34.510437], [150.44435, -34.509082], [150.448166, -34.507717], [150.450226, -34.510536], [150.452703, -34.512173], [150.456894, -34.511986], [150.457169, -34.511425], [150.462067, -34.511417], [150.462753, -34.513996], [150.465068, -34.515001], [150.467529, -34.517265], [150.467941, -34.520985], [150.468506, -34.522896], [150.474228, -34.525364], [150.475723, -34.527386], [150.478195, -34.529186], [150.478195, -34.534374], [150.481247, -34.537889], [150.4823, -34.540586], [150.48618, -34.551898], [150.48572, -34.555187], [150.486575, -34.558344], [150.488515, -34.55933], [150.490817, -34.559988], [150.493283, -34.561731], [150.49496, -34.563474], [150.495552, -34.566269], [150.494171, -34.567913], [150.490981, -34.569097], [150.49131, -34.570182], [150.492527, -34.570643], [150.493612, -34.573767], [150.495158, -34.574984], [150.498019, -34.574885], [150.499663, -34.575839], [150.505779, -34.575148], [150.502984, -34.571399], [150.502294, -34.568538], [150.503872, -34.566401], [150.505812, -34.565151], [150.508377, -34.565842], [150.509956, -34.567223], [150.510219, -34.570084], [150.510975, -34.57278], [150.51262, -34.573569], [150.513475, -34.572221], [150.513935, -34.569656], [150.514922, -34.567387], [150.517092, -34.567979], [150.518802, -34.569459], [150.520545, -34.571958], [150.521531, -34.574688], [150.523209, -34.575543], [150.52459, -34.578009], [150.526957, -34.577779], [150.529786, -34.579127], [150.532844, -34.577976], [150.538138, -34.577812], [150.541624, -34.576496], [150.544682, -34.57528], [150.547971, -34.575082], [150.551753, -34.576069], [150.555863, -34.577022], [150.562013, -34.578009], [150.565926, -34.577713], [150.567538, -34.577285], [150.569576, -34.578996], [150.571188, -34.577549], [150.576252, -34.577154], [150.578883, -34.576529], [150.582402, -34.577516], [150.588222, -34.577318], [150.588683, -34.577154], [150.590491, -34.576167], [150.594569, -34.575937], [150.623442, -34.562191], [150.624297, -34.559922], [150.626698, -34.560251], [150.628441, -34.561238], [150.632387, -34.56127], [150.640358, -34.557066], [150.644188, -34.5563]]]}}, {"type": "Feature", "properties": {"index": "MKLR", "division": "Mackellar", "state": "New South Wales", "year": "1992", "proclaimed": "19920131", "quota": "0", "electors": "0", "deviation": ""}, "geometry": {"type": "MultiPolygon", "coordinates": [[[[151.301824, -33.760163], [151.300624, -33.758999], [151.299413, -33.754946], [151.29775, -33.754793], [151.297447, -33.753568], [151.29891, -33.750687], [151.303191, -33.746821], [151.301796, -33.746451], [151.299529, -33.747389], [151.296694, -33.751015], [151.294569, -33.750226], [151.292828, -33.747146], [151.291862, -33.747559], [151.291674, -33.747172], [151.292297, -33.746872], [151.291375, -33.746666], [151.293817, -33.746873], [151.29755, -33.745317], [151.304163, -33.746529], [151.311055, -33.743077], [151.317714, -33.74198], [151.315285, -33.740865], [151.313268, -33.738645], [151.308755, -33.739046], [151.306896, -33.738127], [151.305268, -33.734037], [151.304444, -33.733264], [151.303463, -33.733498], [151.30169, -33.731295], [151.300198, -33.727048], [151.299669, -33.722495], [151.300694, -33.716254], [151.304206, -33.708358], [151.307895, -33.70352], [151.307382, -33.703095], [151.299954, -33.704976], [151.29937, -33.709291], [151.29677, -33.711992], [151.29536, -33.718982], [151.293206, -33.721428], [151.289044, -33.71918], [151.289022, -33.718254], [151.284312, -33.716704], [151.282554, -33.713518], [151.280938, -33.714656], [151.280556, -33.717201], [151.278488, -33.717979], [151.275562, -33.72338], [151.274725, -33.723664], [151.27421, -33.722083], [151.272844, -33.722445], [151.271479, -33.720089], [151.272115, -33.718854], [151.273871, -33.718179], [151.27065, -33.717671], [151.269693, -33.714981], [151.272007, -33.712588], [151.276261, -33.712428], [151.277335, -33.710486], [151.28119, -33.708689], [151.290219, -33.711769], [151.291925, -33.711338], [151.292821, -33.712787], [151.291852, -33.71454], [151.293722, -33.714532], [151.295314, -33.712816], [151.295519, -33.710884], [151.296833, -33.711437], [151.296621, -33.708912], [151.297748, -33.703626], [151.302135, -33.702562], [151.305087, -33.703626], [151.307045, -33.702305], [151.308284, -33.703682], [151.310084, -33.703966], [151.309814, -33.701751], [151.308767, -33.700713], [151.309619, -33.700424], [151.310669, -33.697869], [151.315268, -33.696384], [151.312101, -33.694718], [151.310523, -33.692499], [151.308882, -33.691979], [151.309786, -33.68635], [151.313221, -33.680163], [151.314735, -33.678879], [151.317521, -33.678694], [151.315941, -33.677936], [151.316259, -33.675843], [151.319122, -33.675818], [151.320384, -33.674968], [151.318151, -33.671317], [151.319113, -33.667793], [151.321552, -33.664964], [151.324449, -33.664395], [151.326067, -33.662496], [151.325806, -33.660029], [151.323549, -33.657545], [151.323503, -33.653472], [151.325499, -33.64976], [151.32807, -33.649149], [151.327486, -33.646704], [151.329688, -33.643848], [151.331846, -33.643684], [151.333363, -33.644467], [151.33433, -33.643854], [151.333065, -33.642173], [151.333765, -33.641497], [151.331914, -33.636464], [151.334764, -33.633481], [151.33886, -33.634196], [151.34014, -33.633376], [151.339568, -33.628812], [151.340337, -33.627909], [151.340258, -33.626073], [151.342535, -33.625454], [151.343021, -33.624508], [151.340254, -33.62155], [151.339057, -33.617308], [151.33358, -33.616319], [151.333092, -33.613771], [151.331783, -33.612771], [151.332616, -33.60826], [151.33515, -33.607816], [151.33636, -33.606611], [151.336072, -33.604632], [151.331021, -33.60184], [151.329475, -33.599909], [151.330096, -33.599327], [151.329039, -33.599023], [151.326997, -33.599985], [151.325275, -33.597025], [151.326445, -33.588515], [151.328665, -33.584059], [151.330518, -33.582194], [151.335315, -33.582332], [151.329392, -33.578151], [151.322838, -33.579441], [151.322698, -33.580514], [151.325799, -33.58163], [151.325827, -33.584009], [151.322771, -33.589148], [151.318749, -33.593481], [151.319776, -33.596339], [151.315893, -33.601781], [151.323027, -33.607453], [151.323361, -33.609007], [151.325707, -33.609271], [151.325512, -33.611081], [151.327285, -33.614514], [151.326777, -33.618043], [151.328095, -33.620026], [151.330476, -33.620218], [151.332148, -33.623364], [151.328476, -33.623115], [151.324513, -33.621072], [151.321225, -33.621087], [151.319493, -33.619525], [151.318116, -33.615582], [151.316085, -33.614179], [151.315786, -33.62204], [151.317032, -33.623907], [151.315574, -33.625888], [151.314897, -33.631082], [151.311046, -33.634864], [151.30467, -33.635343], [151.305297, -33.638002], [151.309411, -33.639235], [151.306669, -33.640842], [151.30516, -33.643909], [151.307104, -33.645608], [151.306129, -33.64646], [151.306926, -33.647656], [151.302328, -33.648247], [151.301965, -33.651961], [151.303967, -33.65206], [151.303732, -33.653893], [151.304711, -33.655109], [151.304882, -33.657098], [151.306638, -33.655188], [151.308459, -33.655562], [151.308934, -33.656708], [151.307635, -33.656921], [151.306845, -33.658202], [151.308297, -33.659003], [151.307481, -33.659858], [151.308329, -33.661015], [151.312248, -33.662478], [151.309647, -33.663423], [151.310379, -33.665743], [151.312041, -33.666731], [151.31008, -33.666883], [151.306702, -33.66247], [151.304951, -33.663431], [151.304838, -33.665513], [151.302815, -33.66552], [151.302863, -33.666417], [151.301046, -33.667283], [151.302973, -33.665294], [151.304603, -33.660531], [151.302259, -33.661037], [151.300439, -33.659378], [151.297341, -33.659105], [151.295488, -33.65566], [151.289195, -33.653426], [151.288744, -33.652486], [151.289681, -33.651455], [151.286898, -33.649879], [151.28738, -33.648004], [151.284916, -33.644351], [151.280326, -33.645825], [151.278373, -33.647675], [151.277748, -33.649839], [151.280368, -33.653014], [151.27673, -33.651784], [151.27618, -33.654276], [151.272466, -33.659015], [151.272125, -33.658767], [151.273238, -33.656549], [151.269812, -33.656249], [151.270019, -33.65559], [151.273806, -33.65536], [151.274563, -33.651154], [151.273256, -33.649132], [151.275527, -33.646447], [151.274568, -33.645076], [151.281105, -33.641928], [151.276915, -33.638985], [151.276764, -33.638092], [151.281871, -33.638084], [151.282663, -33.636655], [151.281266, -33.636064], [151.277779, -33.637013], [151.277023, -33.635793], [151.274087, -33.634946], [151.274697, -33.63404], [151.273198, -33.632644], [151.270419, -33.631536], [151.278439, -33.633442], [151.279367, -33.632699], [151.281394, -33.632915], [151.28213, -33.631682], [151.28411, -33.631711], [151.283683, -33.629437], [151.287736, -33.630201], [151.288561, -33.629046], [151.290508, -33.62849], [151.288156, -33.627985], [151.283219, -33.624038], [151.28291, -33.62185], [151.287335, -33.622778], [151.290509, -33.619688], [151.291785, -33.62184], [151.294488, -33.622917], [151.298746, -33.620902], [151.301169, -33.621593], [151.302857, -33.620541], [151.30031, -33.615243], [151.300567, -33.614219], [151.303262, -33.612072], [151.301744, -33.610183], [151.304334, -33.606515], [151.304428, -33.603191], [151.301779, -33.602637], [151.295545, -33.605929], [151.293386, -33.606216], [151.292518, -33.605329], [151.298772, -33.598004], [151.300198, -33.594987], [151.303108, -33.594725], [151.300944, -33.59099], [151.301475, -33.58874], [151.302231, -33.587684], [151.30449, -33.587905], [151.306888, -33.586769], [151.306966, -33.584556], [151.309533, -33.583572], [151.309072, -33.581468], [151.310837, -33.579569], [151.308039, -33.575495], [151.305948, -33.576036], [151.301784, -33.573314], [151.297969, -33.572359], [151.296201, -33.573055], [151.293113, -33.571883], [151.289491, -33.573638], [151.287804, -33.57295], [151.286395, -33.573328], [151.284826, -33.57221], [151.283609, -33.572979], [151.282533, -33.575121], [151.282942, -33.577835], [151.28119, -33.580032], [151.276451, -33.582919], [151.273952, -33.582212], [151.272329, -33.583007], [151.273011, -33.588959], [151.268573, -33.586078], [151.260808, -33.590028], [151.253274, -33.588828], [151.251738, -33.587793], [151.250085, -33.588022], [151.248996, -33.590103], [151.250512, -33.593474], [151.258683, -33.593297], [151.258652, -33.595343], [151.262623, -33.597718], [151.260902, -33.599482], [151.259793, -33.598167], [151.256264, -33.5968], [151.251948, -33.598074], [151.2525, -33.601319], [151.256121, -33.604106], [151.256728, -33.605445], [151.254334, -33.603694], [151.248356, -33.602241], [151.246697, -33.602544], [151.246109, -33.599523], [151.246539, -33.596615], [151.24354, -33.594445], [151.242745, -33.594886], [151.243395, -33.597845], [151.242422, -33.599764], [151.241199, -33.600433], [151.239095, -33.599671], [151.236764, -33.602641], [151.234039, -33.60204], [151.231592, -33.603556], [151.230349, -33.601934], [151.228431, -33.601409], [151.228608, -33.599387], [151.227233, -33.598605], [151.224562, -33.600166], [151.223164, -33.603795], [151.220471, -33.599454], [151.219376, -33.599658], [151.218304, -33.601507], [151.220852, -33.605777], [151.222533, -33.607301], [151.225029, -33.606615], [151.226036, -33.607458], [151.226386, -33.608536], [151.223652, -33.60879], [151.224908, -33.614375], [151.228875, -33.618176], [151.223586, -33.617039], [151.222398, -33.614545], [151.222597, -33.612508], [151.220677, -33.609788], [151.218503, -33.609099], [151.216631, -33.61059], [151.215552, -33.612819], [151.213493, -33.612489], [151.207361, -33.615478], [151.204453, -33.615657], [151.203203, -33.617467], [151.200556, -33.618436], [151.200085, -33.6205], [151.198356, -33.619949], [151.196143, -33.622227], [151.191201, -33.622417], [151.187881, -33.621614], [151.185541, -33.622352], [151.182443, -33.625982], [151.182179, -33.628098], [151.179943, -33.625877], [151.175757, -33.627231], [151.174621, -33.626181], [151.173247, -33.626361], [151.173397, -33.631961], [151.170414, -33.633585], [151.169189, -33.637047], [151.169591, -33.638137], [151.171712, -33.638978], [151.17222, -33.640281], [151.170899, -33.639402], [151.168843, -33.639395], [151.166906, -33.637781], [151.165423, -33.638676], [151.165616, -33.641669], [151.164555, -33.643633], [151.165707, -33.64593], [151.164763, -33.648298], [151.166753, -33.650948], [151.163169, -33.649441], [151.160788, -33.650744], [151.161267, -33.654085], [151.163947, -33.65588], [151.164017, -33.658184], [151.160737, -33.659937], [151.161325, -33.661156], [151.161657, -33.661867], [151.163563, -33.663549], [151.164947, -33.664181], [151.165955, -33.664676], [151.166553, -33.665309], [151.166468, -33.666231], [151.167083, -33.667052], [151.16816, -33.667513], [151.167955, -33.668658], [151.167339, -33.67011], [151.168304, -33.671329], [151.167664, -33.671956], [151.166912, -33.672622], [151.167562, -33.67363], [151.168433, -33.674895], [151.168604, -33.67633], [151.170569, -33.676791], [151.171321, -33.677184], [151.17127, -33.677953], [151.170501, -33.678568], [151.170415, -33.679611], [151.170022, -33.680773], [151.169168, -33.682174], [151.167664, -33.683814], [151.16628, -33.684839], [151.165733, -33.685677], [151.166536, -33.686548], [151.167459, -33.688206], [151.171406, -33.691674], [151.173269, -33.69217], [151.173405, -33.693742], [151.174123, -33.695519], [151.174909, -33.697023], [151.178549, -33.698851], [151.184888, -33.700167], [151.187349, -33.700491], [151.188818, -33.700662], [151.190629, -33.702132], [151.194389, -33.703037], [151.191996, -33.709274], [151.19391, -33.709718], [151.202351, -33.707514], [151.206401, -33.703516], [151.21286, -33.700543], [151.217196, -33.707118], [151.217832, -33.71088], [151.217012, -33.721338], [151.21733, -33.722204], [151.220474, -33.726768], [151.22082, -33.728393], [151.217901, -33.728378], [151.213953, -33.731778], [151.213567, -33.734881], [151.215867, -33.739689], [151.215235, -33.74514], [151.215455, -33.745173], [151.218687, -33.747515], [151.219233, -33.74772], [151.21843, -33.750437], [151.218244, -33.752121], [151.224657, -33.75324], [151.22567, -33.75217], [151.226471, -33.751561], [151.22762, -33.751348], [151.228537, -33.751392], [151.240258, -33.753212], [151.242384, -33.752964], [151.244, -33.752251], [151.245776, -33.751771], [151.248237, -33.751887], [151.259199, -33.753488], [151.260884, -33.754454], [151.262791, -33.755201], [151.264308, -33.754852], [151.26591, -33.754317], [151.275071, -33.755352], [151.277677, -33.757391], [151.279104, -33.758454], [151.280561, -33.758696], [151.282497, -33.756529], [151.283603, -33.755323], [151.286874, -33.755808], [151.28768, -33.75528], [151.287665, -33.75493], [151.28998, -33.755221], [151.289849, -33.756532], [151.289894, -33.758068], [151.290082, -33.758818], [151.292223, -33.759211], [151.294014, -33.759182], [151.301839, -33.760331], [151.301824, -33.760163]]], [[[151.286189, -33.640483], [151.288583, -33.642427], [151.289786, -33.642255], [151.292436, -33.644237], [151.295049, -33.642539], [151.295702, -33.639755], [151.293895, -33.636368], [151.292101, -33.637091], [151.289187, -33.636111], [151.286501, -33.638304], [151.286189, -33.640483]]], [[[151.329398, -33.660969], [151.330449, -33.660885], [151.327639, -33.659899], [151.328856, -33.660758], [151.329398, -33.660969]]]]}}, {"type": "Feature", "properties": {"index": "MACQ", "division": "Macquarie", "state": "New South Wales", "year": "1992", "proclaimed": "19920131", "quota": "0", "electors": "0", "deviation": ""}, "geometry": {"type": "Polygon", "coordinates": [[[150.186302, -33.884103], [150.187592, -33.885937], [150.190536, -33.885368], [150.192155, -33.882327], [150.195847, -33.878368], [150.197769, -33.878956], [150.20156, -33.882919], [150.203949, -33.884598], [150.207718, -33.885036], [150.211487, -33.882507], [150.220075, -33.883445], [150.228427, -33.884629], [150.235001, -33.884308], [150.236862, -33.883266], [150.239151, -33.879436], [150.240784, -33.878845], [150.244019, -33.878918], [150.245804, -33.877338], [150.246521, -33.875546], [150.246796, -33.870327], [150.247894, -33.869625], [150.252365, -33.871887], [150.254196, -33.871925], [150.259064, -33.868435], [150.260984, -33.867726], [150.263549, -33.86641], [150.264893, -33.865135], [150.26493, -33.862662], [150.265717, -33.859478], [150.269165, -33.860008], [150.271667, -33.859608], [150.273224, -33.858017], [150.275284, -33.854637], [150.27652, -33.853317], [150.281204, -33.851097], [150.284003, -33.851744], [150.28716, -33.852073], [150.290985, -33.851105], [150.294263, -33.849113], [150.29867, -33.847008], [150.302616, -33.845759], [150.30551, -33.846088], [150.308121, -33.847477], [150.310623, -33.851395], [150.313731, -33.85227], [150.316691, -33.85102], [150.319183, -33.849106], [150.320541, -33.850407], [150.319534, -33.853737], [150.322784, -33.856495], [150.327082, -33.857334], [150.333067, -33.856677], [150.336685, -33.856808], [150.340424, -33.857075], [150.339157, -33.854145], [150.338789, -33.852401], [150.33754, -33.850327], [150.334549, -33.849445], [150.334045, -33.848087], [150.338196, -33.846638], [150.339233, -33.844856], [150.343475, -33.843506], [150.345734, -33.844364], [150.347565, -33.844135], [150.350784, -33.841774], [150.352264, -33.842525], [150.354034, -33.841476], [150.353561, -33.839035], [150.35524, -33.837086], [150.357574, -33.838226], [150.358917, -33.836987], [150.35635, -33.835827], [150.352509, -33.834595], [150.355148, -33.833115], [150.355627, -33.830895], [150.356064, -33.827827], [150.357205, -33.824383], [150.359055, -33.821754], [150.361283, -33.819451], [150.359639, -33.816162], [150.362717, -33.815254], [150.363922, -33.811306], [150.360596, -33.810516], [150.359695, -33.808247], [150.360901, -33.807545], [150.363453, -33.803337], [150.414951, -33.811953], [150.416924, -33.816491], [150.416069, -33.821424], [150.413899, -33.825238], [150.409492, -33.829579], [150.41015, -33.835499], [150.411465, -33.840037], [150.412715, -33.843917], [150.410808, -33.846614], [150.405941, -33.847732], [150.406335, -33.852336], [150.406335, -33.855493], [150.403178, -33.862662], [150.406335, -33.870159], [150.410347, -33.870291], [150.412583, -33.873316], [150.41653, -33.874697], [150.418042, -33.878512], [150.422383, -33.878709], [150.423962, -33.884695], [150.433367, -33.884958], [150.440864, -33.885747], [150.448297, -33.886996], [150.449875, -33.889101], [150.4554, -33.890219], [150.45711, -33.894494], [150.459938, -33.89969], [150.464081, -33.901729], [150.468619, -33.89923], [150.471579, -33.893902], [150.476249, -33.887786], [150.482497, -33.88647], [150.489271, -33.886931], [150.49348, -33.88555], [150.493744, -33.881406], [150.495717, -33.878118], [150.499202, -33.877065], [150.50157, -33.873579], [150.501833, -33.868515], [150.504793, -33.869896], [150.50841, -33.871343], [150.515448, -33.872198], [150.518144, -33.873645], [150.521235, -33.878118], [150.526826, -33.879696], [150.529391, -33.878446], [150.534784, -33.880748], [150.539322, -33.885155], [150.540243, -33.889627], [150.542216, -33.893639], [150.545899, -33.894626], [150.547675, -33.891863], [150.549385, -33.892521], [150.552739, -33.891074], [150.556094, -33.890877], [150.562342, -33.88989], [150.564249, -33.886799], [150.567472, -33.885221], [150.567143, -33.880354], [150.569116, -33.876868], [150.57418, -33.874303], [150.579771, -33.873119], [150.582796, -33.875026], [150.5874, -33.876342], [150.593188, -33.87404], [150.593977, -33.869699], [150.59595, -33.86937], [150.59891, -33.86937], [150.600554, -33.86641], [150.602461, -33.865884], [150.605618, -33.865753], [150.607131, -33.863977], [150.611275, -33.86378], [150.61259, -33.85865], [150.60878, -33.857323], [150.593567, -33.856853], [150.588684, -33.849995], [150.588744, -33.841879], [150.594415, -33.830785], [150.599503, -33.826405], [150.613275, -33.8208], [150.620819, -33.812935], [150.632505, -33.796423], [150.638175, -33.785637], [150.641843, -33.780213], [150.639038, -33.779114], [150.634138, -33.779535], [150.631858, -33.780028], [150.629793, -33.782124], [150.628448, -33.782963], [150.626619, -33.781723], [150.62514, -33.781569], [150.621257, -33.782062], [150.619202, -33.782063], [150.618545, -33.778056], [150.617859, -33.775723], [150.616592, -33.775162], [150.612628, -33.775683], [150.609543, -33.775742], [150.608353, -33.772114], [150.606927, -33.771677], [150.6044, -33.770229], [150.601564, -33.768441], [150.600204, -33.766003], [150.602088, -33.766746], [150.603439, -33.766613], [150.602797, -33.764497], [150.60141, -33.761524], [150.603105, -33.759227], [150.606095, -33.758364], [150.605602, -33.756854], [150.608961, -33.752539], [150.612998, -33.751029], [150.616542, -33.749489], [150.617035, -33.748071], [150.62363, -33.750505], [150.630379, -33.750783], [150.632813, -33.751522], [150.634755, -33.753033], [150.636758, -33.751892], [150.639439, -33.751861], [150.64286, -33.752509], [150.644277, -33.751738], [150.646958, -33.750829], [150.646835, -33.748918], [150.644308, -33.747193], [150.646712, -33.737454], [150.649547, -33.736653], [150.649978, -33.732031], [150.645849, -33.731353], [150.646589, -33.724203], [150.651149, -33.723956], [150.651704, -33.719149], [150.654984, -33.717323], [150.658508, -33.710594], [150.658422, -33.704233], [150.659561, -33.698551], [150.659485, -33.693363], [150.658691, -33.685051], [150.657669, -33.676212], [150.660355, -33.670403], [150.666473, -33.667282], [150.666946, -33.665581], [150.667051, -33.657268], [150.66853, -33.653015], [150.678454, -33.653323], [150.677991, -33.656621], [150.701936, -33.660627], [150.702738, -33.658223], [150.720458, -33.660997], [150.719533, -33.667283], [150.73112, -33.669132], [150.732045, -33.665434], [150.753247, -33.669872], [150.763848, -33.659456], [150.767608, -33.657853], [150.785112, -33.642383], [150.790228, -33.646636], [150.796638, -33.660997], [150.806376, -33.672153], [150.812633, -33.677638], [150.814721, -33.677558], [150.817963, -33.67646], [150.818711, -33.675898], [150.818158, -33.674442], [150.81586, -33.673955], [150.814535, -33.67298], [150.813527, -33.67054], [150.81312, -33.667686], [150.814671, -33.666277], [150.815886, -33.665124], [150.816927, -33.66277], [150.818711, -33.661105], [150.820753, -33.660461], [150.823749, -33.659387], [150.825729, -33.658688], [150.829699, -33.657432], [150.833475, -33.657698], [150.858545, -33.646412], [150.85615, -33.644027], [150.850974, -33.639533], [150.846164, -33.636266], [150.844714, -33.633097], [150.848348, -33.631432], [150.848086, -33.630325], [150.847591, -33.628869], [150.84826, -33.627443], [150.848843, -33.626045], [150.848086, -33.624618], [150.847971, -33.623839], [150.847016, -33.623295], [150.846892, -33.622347], [150.847037, -33.620861], [150.846368, -33.618969], [150.847503, -33.618357], [150.848847, -33.617366], [150.849578, -33.616753], [150.849496, -33.615633], [150.850474, -33.614426], [150.852366, -33.613581], [150.853065, -33.612533], [150.853875, -33.612192], [150.853121, -33.610795], [150.852874, -33.608356], [150.851697, -33.608282], [150.851085, -33.607757], [150.85126, -33.606884], [150.850481, -33.606417], [150.849795, -33.606524], [150.846426, -33.604379], [150.846106, -33.603564], [150.84486, -33.603289], [150.844009, -33.601875], [150.844096, -33.601351], [150.842524, -33.60106], [150.842145, -33.601992], [150.841592, -33.602225], [150.841068, -33.602021], [150.839408, -33.600972], [150.838767, -33.600186], [150.837602, -33.598759], [150.836321, -33.59873], [150.835535, -33.599662], [150.834894, -33.600536], [150.834021, -33.600215], [150.833123, -33.599036], [150.837952, -33.595906], [150.838476, -33.593343], [150.837326, -33.589252], [150.836438, -33.584287], [150.836146, -33.578958], [150.838394, -33.571369], [150.844025, -33.569481], [150.851231, -33.568707], [150.861801, -33.566589], [150.869263, -33.560432], [150.872574, -33.556652], [150.877228, -33.556671], [150.877335, -33.558922], [150.874701, -33.564106], [150.874893, -33.56786], [150.8815, -33.568699], [150.88826, -33.566891], [150.889267, -33.562359], [150.888077, -33.559341], [150.889771, -33.554909], [150.891937, -33.55249], [150.892014, -33.548019], [150.89003, -33.54541], [150.88855, -33.542259], [150.891125, -33.538656], [150.895447, -33.534821], [150.89858, -33.5319], [150.901443, -33.526569], [150.906433, -33.524002], [150.905533, -33.520691], [150.901375, -33.518155], [150.89801, -33.514439], [150.898697, -33.512119], [150.902252, -33.510899], [150.905518, -33.511269], [150.907532, -33.513329], [150.910919, -33.516102], [150.914841, -33.517971], [150.919464, -33.516739], [150.923448, -33.512855], [150.92572, -33.507148], [150.926254, -33.503429], [150.920303, -33.501964], [150.91185, -33.50145], [150.907999, -33.498416], [150.901259, -33.490724], [150.897357, -33.487171], [150.892029, -33.484509], [150.888351, -33.48711], [150.882739, -33.491539], [150.879105, -33.496662], [150.873871, -33.501839], [150.871153, -33.501946], [150.869034, -33.50032], [150.868942, -33.49799], [150.873932, -33.493702], [150.878778, -33.489734], [150.87886, -33.486279], [150.877594, -33.481251], [150.875051, -33.47861], [150.871323, -33.4758], [150.870651, -33.472881], [150.873306, -33.470692], [150.880525, -33.470981], [150.884311, -33.471796], [150.889374, -33.473019], [150.895318, -33.473368], [150.901642, -33.473011], [150.903647, -33.470515], [150.904602, -33.46624], [150.902074, -33.460789], [150.899803, -33.455955], [150.89858, -33.452169], [150.895691, -33.45116], [150.890991, -33.453892], [150.88765, -33.455341], [150.881108, -33.45543], [150.877594, -33.454651], [150.87616, -33.45113], [150.879959, -33.44854], [150.884171, -33.446129], [150.88575, -33.443], [150.885982, -33.437466], [150.888563, -33.435804], [150.892173, -33.436153], [150.89653, -33.436169], [150.898285, -33.433788], [150.895202, -33.431319], [150.893173, -33.427071], [150.895721, -33.42395], [150.89858, -33.421185], [150.901871, -33.41935], [150.908422, -33.418157], [150.915935, -33.417458], [150.921265, -33.416882], [150.92337, -33.417919], [150.922982, -33.421127], [150.921051, -33.424671], [150.922363, -33.430408], [150.924271, -33.431419], [150.928879, -33.430599], [150.931122, -33.427872], [150.931473, -33.42329], [150.933116, -33.417982], [150.935562, -33.414532], [150.939743, -33.413849], [150.940979, -33.417167], [150.9422, -33.422531], [150.944229, -33.42511], [150.947556, -33.42725], [150.951345, -33.4273], [150.952637, -33.425068], [150.952393, -33.420441], [150.951462, -33.417633], [150.950851, -33.413651], [150.955655, -33.412187], [150.962964, -33.409712], [150.971205, -33.402781], [150.979359, -33.397482], [150.980116, -33.394453], [150.979068, -33.389153], [150.981223, -33.381233], [150.983086, -33.378262], [150.984004, -33.378174], [150.982928, -33.374689], [150.9845, -33.370467], [150.988599, -33.364149], [150.992235, -33.364026], [150.998029, -33.355428], [150.999477, -33.350898], [151.002744, -33.350959], [151.004562, -33.348956], [151.013098, -33.348741], [151.013684, -33.351668], [151.014793, -33.353055], [151.018646, -33.353024], [151.023206, -33.351422], [151.02524, -33.348987], [151.032143, -33.350097], [151.034979, -33.348987], [151.036581, -33.347138], [151.039077, -33.346368], [151.040279, -33.343717], [151.043731, -33.342916], [151.046566, -33.342177], [151.048384, -33.342731], [151.050141, -33.340543], [151.053561, -33.340328], [151.056643, -33.341807], [151.06407, -33.340697], [151.065888, -33.338725], [151.065087, -33.333301], [151.074486, -33.332161], [151.077507, -33.333702], [151.080157, -33.33364], [151.083362, -33.329449], [151.089155, -33.325227], [151.089279, -33.322484], [151.086474, -33.32042], [151.084071, -33.319557], [151.083639, -33.317276], [151.08743, -33.314071], [151.090357, -33.314379], [151.089988, -33.31139], [151.092638, -33.309757], [151.092206, -33.308771], [151.0931, -33.307877], [151.091374, -33.306059], [151.093716, -33.302299], [151.093501, -33.300388], [151.09424, -33.299279], [151.092299, -33.295704], [151.093624, -33.292068], [151.092268, -33.28991], [151.092576, -33.287969], [151.091528, -33.284302], [151.089833, -33.281836], [151.087029, -33.280665], [151.088015, -33.279063], [151.08931, -33.277645], [151.087645, -33.274933], [151.087615, -33.270588], [151.084964, -33.269201], [151.084471, -33.26766], [151.086998, -33.266613], [151.089217, -33.26615], [151.09273, -33.261867], [151.094271, -33.260141], [151.097877, -33.260542], [151.095442, -33.25786], [151.096921, -33.256166], [151.096305, -33.253977], [151.097784, -33.252221], [151.096891, -33.2488], [151.098339, -33.247845], [151.096891, -33.245503], [151.098216, -33.243222], [151.099325, -33.24239], [151.099079, -33.24051], [151.101667, -33.236689], [151.102992, -33.235148], [151.104903, -33.23333], [151.104225, -33.229509], [151.101791, -33.228122], [151.100219, -33.227012], [151.099942, -33.225133], [151.097137, -33.223684], [151.09612, -33.221342], [151.096367, -33.219277], [151.097445, -33.21789], [151.09649, -33.214994], [151.096921, -33.212929], [151.096182, -33.211172], [151.097168, -33.20544], [151.098339, -33.202359], [151.096367, -33.20051], [151.096028, -33.198476], [151.096582, -33.195363], [151.09726, -33.189477], [151.100096, -33.187042], [151.099202, -33.184793], [151.099017, -33.175979], [151.098986, -33.173514], [151.098586, -33.171541], [151.099202, -33.167504], [151.100743, -33.163652], [151.101421, -33.160755], [151.102931, -33.157458], [151.101051, -33.153914], [151.098493, -33.151356], [151.099356, -33.147011], [151.099264, -33.141525], [151.10216, -33.137766], [151.106259, -33.133544], [151.10666, -33.131325], [151.111036, -33.130154], [151.112885, -33.128736], [151.115258, -33.128366], [151.120096, -33.122388], [151.122253, -33.121217], [151.122715, -33.118505], [151.126937, -33.116687], [151.128293, -33.114591], [151.131529, -33.112033], [151.133995, -33.111417], [151.133286, -33.106948], [151.131683, -33.104976], [151.129218, -33.102202], [151.128293, -33.09795], [151.128232, -33.094128], [151.125458, -33.096039], [151.120774, -33.094252], [151.114672, -33.093882], [151.111282, -33.091108], [151.103948, -33.079459], [151.099325, -33.080507], [151.094641, -33.079521], [151.090203, -33.08137], [151.086752, -33.079398], [151.082807, -33.079089], [151.074302, -33.079829], [151.070419, -33.082788], [151.065056, -33.084267], [151.05766, -33.083527], [151.054024, -33.08476], [151.050264, -33.090985], [151.046874, -33.092957], [151.04558, -33.096902], [151.043484, -33.098381], [151.04108, -33.100292], [151.040834, -33.106147], [151.040341, -33.109845], [151.041697, -33.113173], [151.037629, -33.121679], [151.038738, -33.126486], [151.038615, -33.130246], [151.034732, -33.130246], [151.030849, -33.129753], [151.026843, -33.132588], [151.023268, -33.131972], [151.021542, -33.12852], [151.018091, -33.127781], [151.014331, -33.128212], [151.01316, -33.130616], [151.008969, -33.130862], [151.005332, -33.131972], [151.001265, -33.129322], [150.998306, -33.129938], [150.995964, -33.12852], [150.99054, -33.127842], [150.988383, -33.131356], [150.985918, -33.13228], [150.983329, -33.130678], [150.980247, -33.13191], [150.976672, -33.134314], [150.970755, -33.134006], [150.965825, -33.133266], [150.963791, -33.130308], [150.960956, -33.131171], [150.959661, -33.129322], [150.95584, -33.129322], [150.95208, -33.126117], [150.947088, -33.124514], [150.94265, -33.126117], [150.940185, -33.124329], [150.93735, -33.122603], [150.932973, -33.114961], [150.9302, -33.114406], [150.927488, -33.112865], [150.923605, -33.112988], [150.918736, -33.112249], [150.91436, -33.114098], [150.908998, -33.115084], [150.899383, -33.122295], [150.87355, -33.1143], [150.87207, -33.109219], [150.871401, -33.108427], [150.870193, -33.107021], [150.871429, -33.104702], [150.87114, -33.103249], [150.86949, -33.102511], [150.86615, -33.10136], [150.865448, -33.099548], [150.86345, -33.098443], [150.860291, -33.095402], [150.858398, -33.093929], [150.854767, -33.093769], [150.85112, -33.097771], [150.849167, -33.09882], [150.847795, -33.097457], [150.847733, -33.094991], [150.848038, -33.092941], [150.850506, -33.091909], [150.851547, -33.089569], [150.84903, -33.087002], [150.851061, -33.085191], [150.851517, -33.08136], [150.848785, -33.07951], [150.848557, -33.075809], [150.849212, -33.073789], [150.853806, -33.071571], [150.854996, -33.070419], [150.853588, -33.067934], [150.851822, -33.064781], [150.853897, -33.063282], [150.856552, -33.063961], [150.858396, -33.061215], [150.857101, -33.060168], [150.853577, -33.05904], [150.854797, -33.056889], [150.854081, -33.053696], [150.852661, -33.052082], [150.849212, -33.051847], [150.8508, -33.049339], [150.854538, -33.049671], [150.857773, -33.049099], [150.856793, -33.047163], [150.854143, -33.046423], [150.85025, -33.045811], [150.850418, -33.042931], [150.852249, -33.042782], [150.856415, -33.043392], [150.858154, -33.042431], [150.857574, -33.039631], [150.854882, -33.038411], [150.852737, -33.036121], [150.854698, -33.034281], [150.855286, -33.032459], [150.853088, -33.030621], [150.850067, -33.031109], [150.847626, -33.034592], [150.846451, -33.03484], [150.842617, -33.03385], [150.83876, -33.034069], [150.837686, -33.033541], [150.836258, -33.031231], [150.831833, -33.03278], [150.830338, -33.032932], [150.82988, -33.029682], [150.82801, -33.027378], [150.825912, -33.025101], [150.819107, -33.02309], [150.817612, -33.018822], [150.820984, -33.016899], [150.821106, -33.01582], [150.81784, -33.015606], [150.814804, -33.015621], [150.812927, -33.01387], [150.806274, -33.009972], [150.804157, -33.005991], [150.765944, -33.000875], [150.764403, -33.015483], [150.763294, -33.017578], [150.760767, -33.015606], [150.75448, -33.018503], [150.752384, -33.020537], [150.747638, -33.023064], [150.744187, -33.021399], [150.741475, -33.018996], [150.736544, -33.018318], [150.732415, -33.019489], [150.730073, -33.017455], [150.727052, -33.014188], [150.721197, -33.013264], [150.718917, -33.015421], [150.714541, -33.016592], [150.711397, -33.013818], [150.707638, -33.012956], [150.704371, -33.010244], [150.705973, -33.007347], [150.703939, -33.001307], [150.700611, -33.000197], [150.698454, -32.996191], [150.695496, -32.997239], [150.691551, -32.996437], [150.693338, -33.002293], [150.68964, -33.006546], [150.689332, -33.009812], [150.68736, -33.012093], [150.683045, -33.01388], [150.682121, -33.017886], [150.678361, -33.020598], [150.676389, -33.024789], [150.681381, -33.026392], [150.684956, -33.031076], [150.684956, -33.033418], [150.685819, -33.037979], [150.684956, -33.042109], [150.695372, -33.042602], [150.698516, -33.041369], [150.70548, -33.042972], [150.707946, -33.046916], [150.707391, -33.050861], [150.706651, -33.055175], [150.711089, -33.060784], [150.71602, -33.062633], [150.719286, -33.067749], [150.727669, -33.06929], [150.729888, -33.072433], [150.633738, -33.058873], [150.633245, -33.062941], [150.629978, -33.061277], [150.610947, -33.065891], [150.611176, -33.069054], [150.610317, -33.070954], [150.608159, -33.072063], [150.606552, -33.073654], [150.613754, -33.072624], [150.612289, -33.076439], [150.61171, -33.081142], [150.610933, -33.082788], [150.611426, -33.086732], [150.613129, -33.088211], [150.613098, -33.089382], [150.607834, -33.089554], [150.60791, -33.090542], [150.611303, -33.09117], [150.612457, -33.093243], [150.612844, -33.09721], [150.609762, -33.099922], [150.606384, -33.100163], [150.60199, -33.100071], [150.603836, -33.102722], [150.605865, -33.102852], [150.609947, -33.101956], [150.614349, -33.102303], [150.617096, -33.103794], [150.617767, -33.106514], [150.619415, -33.109253], [150.617836, -33.109783], [150.613617, -33.109493], [150.609451, -33.109142], [150.609022, -33.113173], [150.610995, -33.115577], [150.612854, -33.117962], [150.61174, -33.119114], [150.607742, -33.120564], [150.607254, -33.122902], [150.60614, -33.124413], [150.605515, -33.124313], [150.604141, -33.122841], [150.599518, -33.123741], [150.599213, -33.126984], [150.604553, -33.131863], [150.606803, -33.133143], [150.610672, -33.135231], [150.611191, -33.139473], [150.609924, -33.142971], [150.607849, -33.144554], [150.604675, -33.146652], [150.601811, -33.146086], [150.597015, -33.144882], [150.592134, -33.146579], [150.588348, -33.148232], [150.588436, -33.153606], [150.589238, -33.158475], [150.588745, -33.160774], [150.585281, -33.162514], [150.585724, -33.165852], [150.583862, -33.167171], [150.577589, -33.167288], [150.573336, -33.168891], [150.569824, -33.167171], [150.570892, -33.163044], [150.573397, -33.158475], [150.572372, -33.156403], [150.568634, -33.155514], [150.565933, -33.159882], [150.565155, -33.161121], [150.561749, -33.161125], [150.559052, -33.160732], [150.555277, -33.162604], [150.556017, -33.166734], [150.555222, -33.167515], [150.552536, -33.171432], [150.554825, -33.173912], [150.55484, -33.177692], [150.552963, -33.183163], [150.551544, -33.183945], [150.545441, -33.184002], [150.540298, -33.187424], [150.537216, -33.190693], [150.533397, -33.191696], [150.528897, -33.193052], [150.525138, -33.195024], [150.529312, -33.196945], [150.53067, -33.202015], [150.532226, -33.207351], [150.535217, -33.211842], [150.539375, -33.213021], [150.541532, -33.216226], [150.543137, -33.220112], [150.539005, -33.221773], [150.534073, -33.222374], [150.530075, -33.226715], [150.529831, -33.231934], [150.527665, -33.234162], [150.525253, -33.238243], [150.528281, -33.239339], [150.533112, -33.241104], [150.534531, -33.244114], [150.538019, -33.246674], [150.53956, -33.249632], [150.541153, -33.253075], [150.543564, -33.255104], [150.549744, -33.256134], [150.554537, -33.254686], [150.558174, -33.255734], [150.562427, -33.259371], [150.563187, -33.263615], [150.562485, -33.265583], [150.559345, -33.265472], [150.554428, -33.265335], [150.553859, -33.270835], [150.553497, -33.275593], [150.557037, -33.279995], [150.563967, -33.283593], [150.569699, -33.286182], [150.575989, -33.289371], [150.573706, -33.289387], [150.567357, -33.289448], [150.564029, -33.289387], [150.55925, -33.288872], [150.556818, -33.290619], [150.557281, -33.294155], [150.561317, -33.296228], [150.565536, -33.298103], [150.566528, -33.301094], [150.565816, -33.304734], [150.56517, -33.307743], [150.562302, -33.310574], [150.557648, -33.312103], [150.556244, -33.311985], [150.551224, -33.311344], [150.551209, -33.314965], [150.554414, -33.318416], [150.561813, -33.320293], [150.567296, -33.32119], [150.572103, -33.321991], [150.57463, -33.323101], [150.579992, -33.321745], [150.583259, -33.321806], [150.585526, -33.324734], [150.583999, -33.327538], [150.58255, -33.331524], [150.584442, -33.333092], [150.589539, -33.335354], [150.591003, -33.336552], [150.589005, -33.342743], [150.583206, -33.342625], [150.580566, -33.345371], [150.581287, -33.348063], [150.580719, -33.351143], [150.578674, -33.351463], [150.576356, -33.354288], [150.574417, -33.357334], [150.572042, -33.356507], [150.570008, -33.355705], [150.565735, -33.356712], [150.566208, -33.359425], [150.565216, -33.360214], [150.560684, -33.360943], [150.559296, -33.363983], [150.559158, -33.365322], [150.555618, -33.365532], [150.553955, -33.366673], [150.549515, -33.368473], [150.54936, -33.366676], [150.548569, -33.363403], [150.546417, -33.364082], [150.544244, -33.364581], [150.54158, -33.363632], [150.540916, -33.365875], [150.541046, -33.367405], [150.537537, -33.366074], [150.533705, -33.368464], [150.531239, -33.370251], [150.528219, -33.371854], [150.525253, -33.375114], [150.523165, -33.374257], [150.518814, -33.374714], [150.516922, -33.377113], [150.514999, -33.376713], [150.512039, -33.374943], [150.509827, -33.377243], [150.507339, -33.378002], [150.505035, -33.375256], [150.503689, -33.377031], [150.501755, -33.377712], [150.49791, -33.376644], [150.495245, -33.377093], [150.493347, -33.378082], [150.489944, -33.377026], [150.48793, -33.379955], [150.486374, -33.381542], [150.482803, -33.382374], [150.484644, -33.384735], [150.48732, -33.386253], [150.485198, -33.389235], [150.48317, -33.392483], [150.484436, -33.396473], [150.482918, -33.396754], [150.478546, -33.396175], [150.475784, -33.398556], [150.479019, -33.402134], [150.479035, -33.405506], [150.480011, -33.408463], [150.479959, -33.41697], [150.479126, -33.420624], [150.477679, -33.424551], [150.478348, -33.428993], [150.473389, -33.432945], [150.471619, -33.438595], [150.468865, -33.440576], [150.464674, -33.444151], [150.460037, -33.448544], [150.462579, -33.450438], [150.466507, -33.451294], [150.467941, -33.453846], [150.465475, -33.455677], [150.46196, -33.455883], [150.458588, -33.457165], [150.454514, -33.456905], [150.450378, -33.458805], [150.448279, -33.478913], [150.446554, -33.480515], [150.439835, -33.481008], [150.431761, -33.480269], [150.425598, -33.48107], [150.422886, -33.482981], [150.418823, -33.485645], [150.415305, -33.483844], [150.412038, -33.480577], [150.41173, -33.477125], [150.408951, -33.473366], [150.405792, -33.474644], [150.403381, -33.476303], [150.398479, -33.478173], [150.396286, -33.479763], [150.399887, -33.481735], [150.399711, -33.484645], [150.398392, -33.488285], [150.394287, -33.486617], [150.38985, -33.483905], [150.389557, -33.481606], [150.387772, -33.480034], [150.383591, -33.479946], [150.382599, -33.484257], [150.383621, -33.485996], [150.379211, -33.486076], [150.375763, -33.485916], [150.373455, -33.487727], [150.369766, -33.488674], [150.369507, -33.490105], [150.362731, -33.488528], [150.358786, -33.487049], [150.355774, -33.485126], [150.35405, -33.488514], [150.35028, -33.490808], [150.354903, -33.491548], [150.356382, -33.493643], [150.356197, -33.498266], [150.353054, -33.499067], [150.349787, -33.498821], [150.349541, -33.501841], [150.35028, -33.507018], [150.346829, -33.510531], [150.339309, -33.511826], [150.33481, -33.513243], [150.333331, -33.523043], [150.311451, -33.520824], [150.313854, -33.505231], [150.301404, -33.502334], [150.292529, -33.501286], [150.275764, -33.498389], [150.275025, -33.499992], [150.268676, -33.498882], [150.258753, -33.495246], [150.257952, -33.50406], [150.254808, -33.516818], [150.258753, -33.517927], [150.255425, -33.538637], [150.251788, -33.559654], [150.248892, -33.557867], [150.244515, -33.557497], [150.244022, -33.560764], [150.240509, -33.560517], [150.238722, -33.562058], [150.232065, -33.561996], [150.227813, -33.559839], [150.227196, -33.550779], [150.219492, -33.54819], [150.215855, -33.556511], [150.22356, -33.559284], [150.229168, -33.564831], [150.230586, -33.569577], [150.231819, -33.573953], [150.236256, -33.573953], [150.236873, -33.577651], [150.239893, -33.579254], [150.241064, -33.583876], [150.23977, -33.591396], [150.246549, -33.593122], [150.24544, -33.600888], [150.251603, -33.602737], [150.251542, -33.607667], [150.261712, -33.608654], [150.261034, -33.615557], [150.272128, -33.616543], [150.272128, -33.622336], [150.26769, -33.621782], [150.26769, -33.625233], [150.268923, -33.627699], [150.268984, -33.630965], [150.265348, -33.630349], [150.263745, -33.639779], [150.258137, -33.638978], [150.253144, -33.639594], [150.244022, -33.637683], [150.243098, -33.643231], [150.242482, -33.648161], [150.244577, -33.650996], [150.249878, -33.653832], [150.252405, -33.656544], [150.251912, -33.65981], [150.252343, -33.662584], [150.248645, -33.663385], [150.246981, -33.665234], [150.24618, -33.663755], [150.235763, -33.66283], [150.232867, -33.676575], [150.2198, -33.675404], [150.207227, -33.709364], [150.18222, -33.707226], [150.183243, -33.709045], [150.184448, -33.711868], [150.183251, -33.713062], [150.179491, -33.715158], [150.177048, -33.720177], [150.178604, -33.722015], [150.181717, -33.722538], [150.185211, -33.721176], [150.191055, -33.720406], [150.191633, -33.718918], [150.193605, -33.715281], [150.195831, -33.713219], [150.198944, -33.713646], [150.199356, -33.717438], [150.201828, -33.717857], [150.203344, -33.716822], [150.206894, -33.714638], [150.208336, -33.716699], [150.211548, -33.721138], [150.210205, -33.725796], [150.206364, -33.726992], [150.200195, -33.728096], [150.19693, -33.732708], [150.19429, -33.734188], [150.190536, -33.733467], [150.190092, -33.734635], [150.1851, -33.739874], [150.179993, -33.742416], [150.179993, -33.745487], [150.185638, -33.751118], [150.188721, -33.749657], [150.19191, -33.750626], [150.192566, -33.753616], [150.194961, -33.757131], [150.195816, -33.759727], [150.194591, -33.760521], [150.193268, -33.762196], [150.194168, -33.764557], [150.194916, -33.767647], [150.193039, -33.769318], [150.189835, -33.771317], [150.190033, -33.775288], [150.184097, -33.778397], [150.177612, -33.778698], [150.177658, -33.780315], [150.178875, -33.781477], [150.179367, -33.784328], [150.175812, -33.787395], [150.171997, -33.788307], [150.171524, -33.793068], [150.169189, -33.795086], [150.170593, -33.798279], [150.173615, -33.798618], [150.177765, -33.797194], [150.179581, -33.797676], [150.180634, -33.805088], [150.17836, -33.808376], [150.177307, -33.810696], [150.173141, -33.816456], [150.173737, -33.821068], [150.17215, -33.823559], [150.16861, -33.825638], [150.169075, -33.828257], [150.172526, -33.83288], [150.17569, -33.834007], [150.178818, -33.830647], [150.181155, -33.830353], [150.184067, -33.831768], [150.184616, -33.838448], [150.182236, -33.841728], [150.181717, -33.847939], [150.175171, -33.853016], [150.174911, -33.854446], [150.175674, -33.860687], [150.174103, -33.862186], [150.171479, -33.862156], [150.167038, -33.863468], [150.165985, -33.865967], [150.168579, -33.868996], [150.169785, -33.872009], [150.175629, -33.871956], [150.17807, -33.872917], [150.182326, -33.876702], [150.18454, -33.880096], [150.186302, -33.884103]]]}}, {"type": "Feature", "properties": {"index": "MTCH", "division": "Mitchell", "state": "New South Wales", "year": "1992", "proclaimed": "19920131", "quota": "0", "electors": "0", "deviation": ""}, "geometry": {"type": "Polygon", "coordinates": [[[150.864201, -33.650438], [150.866554, -33.65252], [150.873835, -33.65566], [150.876037, -33.659347], [150.878608, -33.660106], [150.882865, -33.660032], [150.88592, -33.660296], [150.894042, -33.662619], [150.899724, -33.666426], [150.903333, -33.670663], [150.913121, -33.678776], [150.917239, -33.684729], [150.922365, -33.690895], [150.927637, -33.696929], [150.930403, -33.704216], [150.931602, -33.707937], [150.937481, -33.718996], [150.948528, -33.745121], [150.954498, -33.756939], [150.955715, -33.759081], [150.957315, -33.762737], [150.959179, -33.768391], [150.96786, -33.771349], [150.967682, -33.772875], [150.96955, -33.773141], [150.973759, -33.772822], [150.979475, -33.772118], [150.988124, -33.769759], [150.995482, -33.768374], [150.998487, -33.767565], [151.001403, -33.764256], [151.004897, -33.766207], [151.005596, -33.769031], [151.006033, -33.7704], [151.008887, -33.769789], [151.011041, -33.770662], [151.012963, -33.771827], [151.015176, -33.772118], [151.016895, -33.771128], [151.01838, -33.769963], [151.020651, -33.769818], [151.023039, -33.769876], [151.023971, -33.768886], [151.0263, -33.768944], [151.026533, -33.767983], [151.029177, -33.768207], [151.031498, -33.769185], [151.034011, -33.769549], [151.039201, -33.769672], [151.042229, -33.768711], [151.044238, -33.767663], [151.047849, -33.767372], [151.047456, -33.765908], [151.047756, -33.763187], [151.048504, -33.761045], [151.048984, -33.758987], [151.048621, -33.756531], [151.04791, -33.754658], [151.04814, -33.752696], [151.049045, -33.751038], [151.049645, -33.748852], [151.049294, -33.747309], [151.04865, -33.745466], [151.047077, -33.743631], [151.047427, -33.742205], [151.047776, -33.740457], [151.047165, -33.738419], [151.046653, -33.737137], [151.045651, -33.735769], [151.044606, -33.733847], [151.043583, -33.731838], [151.042561, -33.730685], [151.041574, -33.72945], [151.040904, -33.728693], [151.039712, -33.72716], [151.038899, -33.724903], [151.037759, -33.723946], [151.035633, -33.722578], [151.033915, -33.721733], [151.03143, -33.719853], [151.029227, -33.717569], [151.027764, -33.715508], [151.025791, -33.712327], [151.024597, -33.710114], [151.024917, -33.708571], [151.025945, -33.705633], [151.027218, -33.702048], [151.028732, -33.699311], [151.030159, -33.696806], [151.030741, -33.694797], [151.032144, -33.692701], [151.031615, -33.690953], [151.0301, -33.689293], [151.027851, -33.687667], [151.02739, -33.686559], [151.027829, -33.68411], [151.02847, -33.682159], [151.02827, -33.679423], [151.027247, -33.677354], [151.02646, -33.674879], [151.025237, -33.671093], [151.025237, -33.669346], [151.026024, -33.667017], [151.025237, -33.665765], [151.026169, -33.663144], [151.025703, -33.662154], [151.023985, -33.660552], [151.020899, -33.655107], [151.020054, -33.651467], [151.021394, -33.648496], [151.021625, -33.645834], [151.022529, -33.642236], [151.021947, -33.63912], [151.022209, -33.636033], [151.022588, -33.631811], [151.022325, -33.629161], [151.022325, -33.626947], [151.023548, -33.624298], [151.023461, -33.621502], [151.022442, -33.619231], [151.020054, -33.615853], [151.019334, -33.612767], [151.018132, -33.609359], [151.01621, -33.606971], [151.013269, -33.604933], [151.008726, -33.602516], [151.006542, -33.598788], [151.006688, -33.595207], [151.007241, -33.593197], [151.01027, -33.589179], [151.01283, -33.584391], [151.011276, -33.581953], [151.013491, -33.578606], [151.013336, -33.575431], [151.012803, -33.571605], [151.009949, -33.571285], [151.007998, -33.569295], [151.009134, -33.566946], [151.011143, -33.563859], [151.011231, -33.561384], [151.009076, -33.556666], [151.010328, -33.554162], [151.012803, -33.550347], [151.013386, -33.548047], [151.011231, -33.543941], [151.012687, -33.541378], [151.01391, -33.538262], [151.012861, -33.535496], [151.011609, -33.532089], [151.01356, -33.529526], [151.015715, -33.529002], [151.01985, -33.52644], [151.023519, -33.524256], [151.026402, -33.520441], [151.029154, -33.517252], [151.025601, -33.50907], [151.026067, -33.50674], [151.02697, -33.502459], [151.027116, -33.500013], [151.026126, -33.49748], [151.025077, -33.4955], [151.025136, -33.493636], [151.026446, -33.490491], [151.025951, -33.488132], [151.025048, -33.486647], [151.023563, -33.484783], [151.023097, -33.482483], [151.024408, -33.480095], [151.023912, -33.476921], [151.023359, -33.474213], [151.024378, -33.466904], [151.030319, -33.46702], [151.034541, -33.466263], [151.037628, -33.468651], [151.038065, -33.470748], [151.041705, -33.471563], [151.043015, -33.472437], [151.044908, -33.473718], [151.046626, -33.472466], [151.047296, -33.470223], [151.046277, -33.468039], [151.04616, -33.466438], [151.045374, -33.464341], [151.047471, -33.463002], [151.050732, -33.461517], [151.0528, -33.461487], [151.054401, -33.463118], [151.055508, -33.46338], [151.05775, -33.464429], [151.059876, -33.465943], [151.063195, -33.466321], [151.066544, -33.466613], [151.068379, -33.468418], [151.07065, -33.469495], [151.072776, -33.469379], [151.073679, -33.466875], [151.073125, -33.464807], [151.072851, -33.46259], [151.071911, -33.462979], [151.071909, -33.461402], [151.068448, -33.460104], [151.068488, -33.459895], [151.06768, -33.459769], [151.06634, -33.457207], [151.064215, -33.453072], [151.063341, -33.449141], [151.063603, -33.445413], [151.062729, -33.443287], [151.059119, -33.44023], [151.05478, -33.439211], [151.052537, -33.437813], [151.048548, -33.436153], [151.046451, -33.432542], [151.043423, -33.429834], [151.041006, -33.429455], [151.037279, -33.430183], [151.034017, -33.429601], [151.032212, -33.426689], [151.032474, -33.422234], [151.034046, -33.414429], [151.034337, -33.407499], [151.030144, -33.403539], [151.021, -33.399986], [151.014536, -33.400161], [151.007489, -33.401034], [150.998869, -33.400685], [150.99322, -33.395385], [150.992638, -33.389561], [150.991764, -33.385484], [150.989085, -33.381233], [150.986115, -33.377971], [150.984004, -33.378174], [150.983086, -33.378262], [150.981223, -33.381233], [150.979068, -33.389153], [150.980116, -33.394453], [150.979359, -33.397482], [150.971205, -33.402781], [150.962964, -33.409712], [150.955655, -33.412187], [150.950851, -33.413651], [150.951462, -33.417633], [150.952393, -33.420441], [150.952637, -33.425068], [150.951345, -33.4273], [150.947556, -33.42725], [150.944229, -33.42511], [150.9422, -33.422531], [150.940979, -33.417167], [150.939743, -33.413849], [150.935562, -33.414532], [150.933116, -33.417982], [150.931473, -33.42329], [150.931122, -33.427872], [150.928879, -33.430599], [150.924271, -33.431419], [150.922363, -33.430408], [150.921051, -33.424671], [150.922982, -33.421127], [150.92337, -33.417919], [150.921265, -33.416882], [150.915935, -33.417458], [150.908422, -33.418157], [150.901871, -33.41935], [150.89858, -33.421185], [150.895721, -33.42395], [150.893173, -33.427071], [150.895202, -33.431319], [150.898285, -33.433788], [150.89653, -33.436169], [150.892173, -33.436153], [150.888563, -33.435804], [150.885982, -33.437466], [150.88575, -33.443], [150.884171, -33.446129], [150.879959, -33.44854], [150.87616, -33.45113], [150.877594, -33.454651], [150.881108, -33.45543], [150.88765, -33.455341], [150.890991, -33.453892], [150.895691, -33.45116], [150.89858, -33.452169], [150.899803, -33.455955], [150.902074, -33.460789], [150.904602, -33.46624], [150.903647, -33.470515], [150.901642, -33.473011], [150.895318, -33.473368], [150.889374, -33.473019], [150.884311, -33.471796], [150.880525, -33.470981], [150.873306, -33.470692], [150.870651, -33.472881], [150.871323, -33.4758], [150.875051, -33.47861], [150.877594, -33.481251], [150.87886, -33.486279], [150.878778, -33.489734], [150.873932, -33.493702], [150.868942, -33.49799], [150.869034, -33.50032], [150.871153, -33.501946], [150.873871, -33.501839], [150.879105, -33.496662], [150.882739, -33.491539], [150.888351, -33.48711], [150.892029, -33.484509], [150.897357, -33.487171], [150.901259, -33.490724], [150.907999, -33.498416], [150.91185, -33.50145], [150.920303, -33.501964], [150.926254, -33.503429], [150.92572, -33.507148], [150.923448, -33.512855], [150.919464, -33.516739], [150.914841, -33.517971], [150.910919, -33.516102], [150.907532, -33.513329], [150.905518, -33.511269], [150.902252, -33.510899], [150.898697, -33.512119], [150.89801, -33.514439], [150.901375, -33.518155], [150.905533, -33.520691], [150.906433, -33.524002], [150.901443, -33.526569], [150.89858, -33.5319], [150.895447, -33.534821], [150.891125, -33.538656], [150.88855, -33.542259], [150.89003, -33.54541], [150.892014, -33.548019], [150.891937, -33.55249], [150.889771, -33.554909], [150.888077, -33.559341], [150.889267, -33.562359], [150.88826, -33.566891], [150.8815, -33.568699], [150.874893, -33.56786], [150.874701, -33.564106], [150.877335, -33.558922], [150.877228, -33.556671], [150.872574, -33.556652], [150.869263, -33.560432], [150.861801, -33.566589], [150.851231, -33.568707], [150.844025, -33.569481], [150.838394, -33.571369], [150.836146, -33.578958], [150.836438, -33.584287], [150.837326, -33.589252], [150.838476, -33.593343], [150.837952, -33.595906], [150.833123, -33.599036], [150.834021, -33.600215], [150.834894, -33.600536], [150.835535, -33.599662], [150.836321, -33.59873], [150.837602, -33.598759], [150.838767, -33.600186], [150.839408, -33.600972], [150.841068, -33.602021], [150.841592, -33.602225], [150.842145, -33.601992], [150.842524, -33.60106], [150.844096, -33.601351], [150.844009, -33.601875], [150.84486, -33.603289], [150.846106, -33.603564], [150.846426, -33.604379], [150.849795, -33.606524], [150.850481, -33.606417], [150.85126, -33.606884], [150.851085, -33.607757], [150.851697, -33.608282], [150.852874, -33.608356], [150.853121, -33.610795], [150.853875, -33.612192], [150.853065, -33.612533], [150.852366, -33.613581], [150.850474, -33.614426], [150.849496, -33.615633], [150.849578, -33.616753], [150.848847, -33.617366], [150.847503, -33.618357], [150.846368, -33.618969], [150.847037, -33.620861], [150.846892, -33.622347], [150.847016, -33.623295], [150.847971, -33.623839], [150.848086, -33.624618], [150.848843, -33.626045], [150.84826, -33.627443], [150.847591, -33.628869], [150.848086, -33.630325], [150.848348, -33.631432], [150.844714, -33.633097], [150.846164, -33.636266], [150.850974, -33.639533], [150.85615, -33.644027], [150.858545, -33.646412], [150.864201, -33.650438]]]}}, {"type": "Feature", "properties": {"index": "NENG", "division": "New England", "state": "New South Wales", "year": "1992", "proclaimed": "19920131", "quota": "0", "electors": "0", "deviation": ""}, "geometry": {"type": "Polygon", "coordinates": [[[151.553818, -31.599754], [151.566788, -31.606215], [151.580719, -31.604393], [151.592346, -31.601814], [151.602158, -31.595064], [151.612732, -31.606274], [151.624329, -31.606403], [151.635178, -31.614002], [151.642761, -31.607143], [151.651382, -31.601902], [151.666718, -31.612173], [151.679306, -31.609592], [151.689789, -31.613493], [151.702957, -31.615162], [151.716232, -31.622602], [151.747568, -31.617879], [151.751649, -31.59226], [151.781577, -31.577523], [151.78101, -31.563352], [151.76922, -31.547482], [151.748815, -31.53932], [151.738159, -31.521862], [151.748135, -31.503724], [151.771941, -31.502137], [151.782597, -31.50191], [151.798467, -31.497603], [151.827261, -31.496923], [151.843132, -31.490574], [151.867618, -31.494882], [151.899132, -31.496016], [151.906097, -31.469292], [151.919538, -31.466088], [151.970718, -31.48047100000001], [152.063733, -31.49306800000001], [152.069401, -31.454299], [152.050583, -31.43208], [152.052171, -31.40578], [152.090033, -31.384921], [152.107944, -31.287657], [152.140139, -31.27496100000001], [152.145354, -31.24662], [152.139912, -31.228256], [152.134698, -31.203543], [152.15873, -31.185859], [152.182083, -31.199689], [152.199767, -31.189713], [152.232869, -31.203089], [152.255995, -31.197421], [152.306327, -31.195381], [152.325825, -31.134166], [152.327639, -31.04529000000001], [152.306915, -31.043068], [152.29227, -31.040982], [152.273226, -31.026245], [152.262604, -31.026487], [152.257582, -31.003346], [152.278894, -30.983622], [152.273906, -30.945986], [152.255203, -30.94216700000001], [152.243347, -30.944538], [152.234406, -30.937717], [152.223267, -30.942528], [152.215637, -30.941038], [152.210129, -30.937759], [152.204971, -30.927528], [152.196884, -30.918638], [152.189178, -30.915159], [152.178177, -30.914278], [152.17424, -30.910189], [152.169037, -30.908169], [152.170151, -30.899609], [152.164978, -30.89181900000001], [152.157959, -30.882389], [152.156113, -30.877588], [152.151886, -30.871248], [152.147079, -30.87077], [152.139648, -30.869719], [152.124283, -30.85825], [152.116562, -30.867579], [152.111404, -30.85997], [152.100784, -30.854839], [152.087952, -30.85132], [152.080154, -30.846581], [152.073349, -30.846529], [152.060669, -30.84869], [152.045807, -30.861309], [152.037064, -30.85754], [152.04364, -30.847759], [152.029158, -30.840899], [152.016235, -30.81664], [152.012381, -30.80417], [152.019058, -30.78586], [152.018753, -30.77548], [152.012909, -30.76524], [152.007431, -30.759241], [152.008942, -30.75411], [152.01947, -30.747061], [152.02063, -30.735069], [152.025558, -30.732759], [152.031937, -30.721081], [152.0383, -30.71282], [152.04158, -30.70825], [152.049667, -30.70289], [152.057678, -30.69582], [152.07045, -30.692579], [152.073624, -30.68746000000001], [152.073596, -30.675392], [152.072937, -30.670851], [152.081146, -30.66387], [152.089127, -30.66077], [152.090607, -30.65708], [152.096817, -30.65315100000001], [152.103523, -30.640023], [152.112915, -30.63702], [152.117615, -30.636869], [152.123764, -30.63854], [152.126648, -30.630619], [152.131516, -30.622799], [152.137344, -30.613628], [152.146362, -30.608189], [152.153793, -30.603909], [152.163406, -30.59161], [152.173447, -30.58725], [152.183365, -30.58758], [152.195663, -30.58865], [152.201508, -30.586699], [152.210983, -30.576658], [152.217194, -30.56793800000001], [152.22673, -30.563669], [152.235855, -30.557579], [152.248306, -30.550259], [152.253161, -30.546159], [152.261612, -30.541489], [152.273636, -30.537767], [152.28746, -30.527557], [152.303589, -30.518167], [152.309615, -30.518499], [152.315063, -30.516699], [152.322021, -30.519527], [152.334244, -30.517427], [152.341751, -30.515478], [152.357635, -30.508247], [152.359711, -30.508987], [152.367859, -30.508118], [152.377405, -30.502175], [152.375591, -30.461592], [152.409373, -30.439826], [152.411186, -30.423729], [152.386927, -30.418288], [152.35972, -30.390401], [152.331153, -30.375664], [152.320497, -30.328279], [152.319137, -30.269784], [152.326846, -30.2521], [152.303406, -30.190699], [152.311523, -30.173508], [152.306885, -30.154888], [152.304459, -30.144318], [152.301163, -30.125889], [152.292557, -30.111048], [152.28183, -30.099979], [152.295837, -30.058819], [152.296036, -30.042839], [152.316437, -30.032478], [152.316452, -30.017048], [152.308136, -29.989578], [152.303024, -29.978628], [152.289276, -29.974129], [152.278061, -29.96279], [152.27002, -29.94253], [152.270737, -29.929178], [152.273117, -29.915388], [152.277695, -29.911619], [152.282944, -29.889269], [152.279251, -29.868679], [152.275833, -29.854038], [152.258102, -29.858629], [152.246582, -29.863079], [152.23082, -29.86524], [152.209595, -29.86647], [152.200775, -29.868309], [152.192535, -29.887939], [152.1595, -29.90045], [152.15635, -29.87846], [152.17067, -29.83997], [152.174759, -29.82168], [152.185028, -29.8046], [152.190918, -29.79281], [152.201965, -29.78430000000001], [152.217112, -29.770993], [152.226547, -29.761349], [152.250687, -29.75535], [152.259995, -29.72841800000001], [152.263855, -29.709759], [152.271042, -29.68688], [152.277008, -29.676529], [152.293488, -29.6703], [152.30426, -29.667559], [152.311142, -29.656229], [152.335461, -29.554699], [152.394821, -29.520899], [152.378085, -29.441791], [152.393524, -29.409979], [152.421753, -29.394308], [152.430685, -29.365159], [152.320951, -29.34928800000001], [152.292384, -29.384657], [152.240738, -29.386721], [152.22618, -29.357904], [152.235458, -29.33362], [152.216965, -29.328819], [152.225983, -29.30677], [152.233536, -29.28912], [152.237274, -29.284269], [152.243073, -29.2658], [152.241867, -29.2481], [152.239784, -29.220963], [152.249008, -29.199949], [152.242981, -29.181141], [152.240646, -29.16091], [152.238144, -29.13888], [152.232773, -29.11484], [152.234497, -29.10275100000001], [152.232193, -29.08135], [152.2323, -29.068811], [152.226425, -29.05722], [152.212577, -28.99197300000001], [152.215298, -28.946628], [152.250213, -28.901284], [152.246586, -28.86138], [152.257922, -28.827825], [152.234796, -28.80742], [152.210763, -28.792003], [152.199427, -28.758448], [152.099669, -28.762983], [152.097402, -28.721719], [152.093774, -28.693152], [152.06509, -28.691138], [152.065595, -28.69167], [152.066534, -28.69653], [152.066079, -28.697454], [152.068806, -28.700852], [152.071054, -28.702026], [152.071963, -28.704818], [152.075166, -28.706684], [152.076049, -28.708175], [152.071199, -28.714861], [152.062101, -28.718202], [152.058156, -28.720993], [152.057258, -28.723075], [152.055413, -28.723611], [152.053866, -28.72543], [152.042726, -28.731623], [152.043388, -28.732747], [152.045091, -28.732825], [152.046331, -28.7342], [152.047584, -28.737284], [152.047714, -28.740329], [152.043845, -28.746091], [152.041636, -28.746317], [152.042057, -28.751501], [152.040984, -28.753681], [152.039343, -28.754051], [152.036326, -28.756992], [152.0387, -28.764765], [152.037613, -28.769677], [152.038058, -28.773302], [152.036873, -28.776146], [152.037268, -28.776817], [152.041495, -28.777537], [152.041726, -28.778581], [152.039782, -28.785048], [152.034743, -28.79071], [152.038351, -28.797031], [152.035462, -28.807127], [152.036458, -28.809582], [152.036482, -28.812941], [152.035478, -28.816197], [152.037291, -28.819231], [152.03273, -28.829004], [152.028848, -28.8306], [152.02799, -28.832381], [152.023168, -28.831587], [152.020046, -28.837891], [152.017057, -28.838514], [152.01831, -28.845822], [152.015064, -28.850626], [152.015536, -28.852027], [152.017885, -28.851824], [152.022897, -28.854696], [152.025956, -28.858253], [152.02781, -28.857423], [152.02953, -28.854572], [152.031806, -28.854763], [152.036909, -28.851794], [152.039547, -28.854623], [152.037871, -28.857216], [152.035874, -28.858658], [152.038126, -28.864696], [152.034196, -28.866027], [152.030867, -28.869488], [152.030336, -28.870299], [152.031466, -28.874253], [152.028386, -28.876781], [152.026288, -28.883943], [152.024022, -28.886755], [152.024479, -28.88991], [152.023571, -28.891181], [152.016715, -28.89253100000001], [152.015975, -28.893617], [152.016981, -28.894848], [152.016322, -28.897094], [152.012501, -28.900925], [152.009703, -28.907663], [152.008569, -28.907511], [152.004034, -28.910065], [152.00109, -28.90973], [152.000081, -28.903215], [152.000928, -28.899316], [151.999534, -28.896318], [151.997593, -28.895483], [151.99694, -28.897953], [151.981843, -28.908926], [151.977206, -28.908174], [151.974055, -28.90911], [151.968198, -28.916567], [151.961287, -28.91879], [151.95623, -28.916793], [151.951819, -28.919221], [151.944573, -28.920143], [151.942305, -28.921487], [151.936851, -28.922205], [151.927347, -28.925411], [151.922386, -28.928444], [151.916048, -28.929307], [151.915485, -28.927092], [151.91674, -28.925127], [151.91338, -28.920595], [151.907636, -28.917535], [151.900358, -28.914966], [151.897089, -28.915208], [151.89576, -28.913727], [151.892642, -28.915807], [151.881636, -28.911884], [151.878657, -28.913512], [151.878015, -28.915003], [151.871322, -28.914457], [151.868312, -28.913884], [151.865074, -28.909722], [151.859105, -28.907213], [151.849363, -28.90785], [151.842365, -28.912034], [151.84139, -28.911551], [151.839704, -28.913013], [151.837909, -28.916547], [151.836109, -28.93085900000001], [151.834783, -28.932275], [151.836361, -28.936848], [151.839377, -28.93965800000001], [151.839557, -28.942665], [151.835678, -28.948583], [151.836184, -28.950484], [151.834235, -28.957209], [151.832232, -28.959829], [151.825579, -28.963333], [151.823422, -28.961966], [151.81769, -28.961248], [151.813804, -28.959374], [151.812645, -28.956052], [151.815466, -28.954088], [151.815, -28.950786], [151.809516, -28.949785], [151.810124, -28.947946], [151.808349, -28.945029], [151.806394, -28.944636], [151.793825, -28.949658], [151.793312, -28.950922], [151.789909, -28.953663], [151.786913, -28.953447], [151.783631, -28.954495], [151.77828, -28.958047], [151.777834, -28.959885], [151.770227, -28.955846], [151.771316, -28.9526], [151.770824, -28.951971], [151.773175, -28.9474], [151.77247, -28.943387], [151.772735, -28.938251], [151.771629, -28.938428], [151.766078, -28.935126], [151.762362, -28.934138], [151.761277, -28.93202], [151.757978, -28.929941], [151.759359, -28.926435], [151.755414, -28.925018], [151.754586, -28.922326], [151.750487, -28.922687], [151.746998, -28.921326], [151.743471, -28.918646], [151.745287, -28.917661], [151.746738, -28.915188], [151.746341, -28.913842], [151.74345, -28.908519], [151.743342, -28.906626], [151.740065, -28.90219400000001], [151.740854, -28.897458], [151.739383, -28.89603], [151.736957, -28.895653], [151.736465, -28.891769], [151.73381, -28.88785], [151.731799, -28.882695], [151.731824, -28.881261], [151.733761, -28.878384], [151.733069, -28.876494], [151.73386, -28.871578], [151.731576, -28.870792], [151.728992, -28.867906], [151.726628, -28.866876], [151.72288, -28.868534], [151.722596, -28.870284], [151.721038, -28.870922], [151.719293, -28.87331], [151.717343, -28.873662], [151.716797, -28.874869], [151.71543, -28.874559], [151.713612, -28.87537], [151.711267, -28.871335], [151.706536, -28.871784], [151.706659, -28.873634], [151.703856, -28.875782], [151.702131, -28.882271], [151.697945, -28.884583], [151.695537, -28.884391], [151.695686, -28.888407], [151.689601, -28.888058], [151.688425, -28.886915], [151.686092, -28.888931], [151.68607, -28.891169], [151.685102, -28.89298], [151.677736, -28.900162], [151.678152, -28.901606], [151.677394, -28.903941], [151.674758, -28.907595], [151.666316, -28.905359], [151.664131, -28.906255], [151.654638, -28.914627], [151.652449, -28.91525], [151.651449, -28.917029], [151.64994, -28.917429], [151.646326, -28.916191], [151.644389, -28.916839], [151.636751, -28.922061], [151.635974, -28.924532], [151.636831, -28.924935], [151.636364, -28.926732], [151.634965, -28.927678], [151.634688, -28.92923400000001], [151.633143, -28.929686], [151.630887, -28.926768], [151.627484, -28.925484], [151.625809, -28.923689], [151.616835, -28.926122], [151.613487, -28.924007], [151.609616, -28.923279], [151.60897, -28.924215], [151.605064, -28.925082], [151.603426, -28.927418], [151.591471, -28.930359], [151.588361, -28.931922], [151.584793, -28.936241], [151.583959, -28.939152], [151.582336, -28.93935], [151.580411, -28.942935], [151.577091, -28.945031], [151.576319, -28.943682], [151.575134, -28.943469], [151.572933, -28.944503], [151.570471, -28.944128], [151.566806, -28.941731], [151.54908, -28.952484], [151.545566, -28.952998], [151.544468, -28.955936], [151.544681, -28.96119], [151.541215, -28.968413], [151.537616, -28.973745], [151.536094, -28.980619], [151.531384, -28.985017], [151.52467, -28.98876], [151.522782, -28.992025], [151.522036, -28.996096], [151.520222, -28.996175], [151.515706, -28.998214], [151.511683, -29.003927], [151.504745, -29.011129], [151.502341, -29.016533], [151.499686, -29.01741000000001], [151.49823, -29.019909], [151.498141, -29.025251], [151.496045, -29.029003], [151.495335, -29.034907], [151.497117, -29.042233], [151.494831, -29.04543], [151.493747, -29.051161], [151.491855, -29.054119], [151.49149, -29.056244], [151.492209, -29.058005], [151.497123, -29.062902], [151.502501, -29.066099], [151.503126, -29.06833500000001], [151.502292, -29.070805], [151.500223, -29.072487], [151.495813, -29.073117], [151.491416, -29.077597], [151.486066, -29.088818], [151.475913, -29.09184], [151.463025, -29.098943], [151.457638, -29.11712], [151.451744, -29.126859], [151.433762, -29.139534], [151.431741, -29.141988], [151.430062, -29.14597], [151.428307, -29.147477], [151.423716, -29.149195], [151.416458, -29.14935], [151.410638, -29.152566], [151.408612, -29.155354], [151.405812, -29.161868], [151.402782, -29.166084], [151.401753, -29.171049], [151.393784, -29.177893], [151.386851, -29.17647], [151.376561, -29.176842], [151.36005, -29.172819], [151.347385, -29.176966], [151.33931, -29.177266], [151.33671, -29.176392], [151.331912, -29.172853], [151.320438, -29.166567], [151.314762, -29.165531], [151.312035, -29.161519], [151.308844, -29.147526], [151.309922, -29.144221], [151.31611, -29.138309], [151.315471, -29.134499], [151.304643, -29.121989], [151.304465, -29.11937], [151.302964, -29.11603], [151.297195, -29.112786], [151.289685, -29.111253], [151.286284, -29.107164], [151.281721, -29.104393], [151.279649, -29.100769], [151.27782, -29.093728], [151.279467, -29.089451], [151.276765, -29.083278], [151.260025, -29.092209], [151.224533, -29.1134], [151.210121, -29.144424], [151.156917, -29.204537], [151.120469, -29.242021], [151.127716, -29.27269], [151.119644, -29.28702], [151.115287, -29.308871], [151.097668, -29.350501], [151.088167, -29.398868], [151.080048, -29.416833], [151.086267, -29.43255200000001], [151.095249, -29.446199], [151.113905, -29.437734], [151.119778, -29.462609], [151.123579, -29.501648], [151.14638, -29.510285], [151.158817, -29.520822], [151.178337, -29.546042], [151.176091, -29.566943], [151.179373, -29.590435], [151.190256, -29.609782], [151.19682, -29.630856], [151.187665, -29.639321], [151.1773, -29.634657], [151.165727, -29.622565], [151.148453, -29.615137], [151.137743, -29.593199], [151.118652, -29.575008], [151.099568, -29.585081], [151.073312, -29.592681], [151.056383, -29.580762], [151.014235, -29.582317], [151.005598, -29.594063], [151.005944, -29.610646], [150.989015, -29.610646], [150.976578, -29.624292], [150.956022, -29.662468], [150.935639, -29.665922], [150.932465, -29.680691], [150.941339, -29.69477], [150.938403, -29.739509], [150.956713, -29.753501], [150.942203, -29.797722], [150.906619, -29.829506], [150.852707, -29.8363], [150.847715, -29.845225], [150.857561, -29.859562], [150.863607, -29.879082], [150.902128, -29.934531], [150.950494, -29.931249], [150.965868, -29.935049], [150.971223, -29.947141], [150.961722, -29.96286], [150.970359, -29.990326], [150.966386, -30.018482], [150.978305, -30.03472], [150.98114, -30.05966], [150.971223, -30.091896], [150.936675, -30.09241400000001], [150.930802, -30.111416], [150.933911, -30.138017], [150.948422, -30.156155], [150.928384, -30.183275], [150.932877, -30.20961], [150.917847, -30.23216], [150.925995, -30.25783], [150.941452, -30.27338], [150.949458, -30.298492], [150.933566, -30.316284], [150.930629, -30.373288], [150.920092, -30.40369], [150.923547, -30.412672], [150.938575, -30.447393], [150.978305, -30.449638], [151.002143, -30.441519], [150.996788, -30.475031], [151.040491, -30.556391], [151.037567, -30.567949], [151.021317, -30.561227], [150.999552, -30.561746], [151.00128, -30.583165], [151.016999, -30.612358], [151.039282, -30.624968], [151.046799, -30.644348], [151.056729, -30.666253], [151.012335, -30.707192], [151.016481, -30.723947], [151.011298, -30.736903], [151.021317, -30.775078], [151.031682, -30.804789], [151.039109, -30.835709], [151.045273, -30.853098], [151.067266, -30.849874], [151.078839, -30.853847], [151.102505, -30.849874], [151.112351, -30.839682], [151.128934, -30.870603], [151.104232, -30.895304], [151.082812, -30.925015], [151.05431, -30.921215], [151.050856, -30.902905], [151.034445, -30.883385], [151.023217, -30.874403], [151.007498, -30.867493], [150.990397, -30.86352], [150.97876, -30.86669], [150.969559, -30.856939], [150.947212, -30.850047], [150.926138, -30.822754], [150.890554, -30.814808], [150.885712, -30.83362], [150.86257, -30.829491], [150.83666, -30.81774400000001], [150.823877, -30.830182], [150.793993, -30.844174], [150.746663, -30.862311], [150.701751, -30.862311], [150.672385, -30.860584], [150.636283, -30.853501], [150.615554, -30.842273], [150.605535, -30.830354], [150.590852, -30.789243], [150.570296, -30.793561], [150.556823, -30.783369], [150.543522, -30.781469], [150.543004, -30.797707], [150.551295, -30.813944], [150.539376, -30.821027], [150.515711, -30.809626], [150.490664, -30.806689], [150.485654, -30.794425], [150.479954, -30.784751], [150.471317, -30.779396], [150.458189, -30.778015], [150.468553, -30.794252], [150.47719, -30.805826], [150.464753, -30.816881], [150.460607, -30.823445], [150.454907, -30.8383], [150.464407, -30.857647], [150.484618, -30.874921], [150.486359, -30.885563], [150.487488, -30.898653], [150.4823, -30.895674], [150.473217, -30.889258], [150.469086, -30.90602300000001], [150.476326, -30.913615], [150.482027, -30.928988], [150.50241, -30.932616], [150.501546, -30.958181], [150.528148, -30.955072], [150.531948, -30.973382], [150.550086, -31.011212], [150.565632, -31.01760300000001], [150.602426, -31.047314], [150.605072, -31.078672], [150.621445, -31.107752], [150.633346, -31.125738], [150.657875, -31.148021], [150.668239, -31.164949], [150.69415, -31.187751], [150.715915, -31.191033], [150.758927, -31.237845], [150.763591, -31.248728], [150.760574, -31.264551], [150.772055, -31.277748], [150.767737, -31.290531], [150.783629, -31.31575], [150.791229, -31.332506], [150.795029, -31.36169900000001], [150.810944, -31.3603], [150.822322, -31.379664], [150.820249, -31.404193], [150.838409, -31.40922], [150.858353, -31.418751], [150.881053, -31.45325], [150.902818, -31.459124], [150.925275, -31.507836], [150.936675, -31.5144], [150.992815, -31.574513], [151.001625, -31.598524], [151.026672, -31.594205], [151.035482, -31.602151], [151.054138, -31.595587], [151.072448, -31.597833], [151.078839, -31.604397], [151.085749, -31.613898], [151.101123, -31.616143], [151.117187, -31.62858], [151.167282, -31.625471], [151.234131, -31.653627], [151.243881, -31.627047], [151.252945, -31.624126], [151.259613, -31.621796], [151.262711, -31.618206], [151.266602, -31.613827], [151.270142, -31.611876], [151.278824, -31.603315], [151.292221, -31.591896], [151.298909, -31.58885], [151.316391, -31.580225], [151.319464, -31.57088600000001], [151.324356, -31.567276], [151.333649, -31.563906], [151.343475, -31.56155800000001], [151.35463, -31.559366], [151.363861, -31.559595], [151.378494, -31.560766], [151.390305, -31.558596], [151.39798, -31.560986], [151.410172, -31.564995], [151.419418, -31.567135], [151.421097, -31.565535], [151.430649, -31.569136], [151.434967, -31.575285], [151.436798, -31.582705], [151.436409, -31.590923], [151.44342, -31.599754], [151.452652, -31.608315], [151.449709, -31.581941], [151.459901, -31.564667], [151.474238, -31.563631], [151.489532, -31.570635], [151.496033, -31.573254], [151.50589, -31.577465], [151.512759, -31.581077], [151.51355, -31.586575], [151.518188, -31.586634], [151.522812, -31.586683], [151.532745, -31.591675], [151.539276, -31.598694], [151.549026, -31.602774], [151.553818, -31.599754]]]}}, {"type": "Feature", "properties": {"index": "NEWC", "division": "Newcastle", "state": "New South Wales", "year": "1992", "proclaimed": "19920131", "quota": "0", "electors": "0", "deviation": ""}, "geometry": {"type": "Polygon", "coordinates": [[[151.696584, -32.960137], [151.701118, -32.956906], [151.704179, -32.956254], [151.707977, -32.956622], [151.713985, -32.952485], [151.730394, -32.955659], [151.729487, -32.960675], [151.737432, -32.963863], [151.737882, -32.962986], [151.745876, -32.956646], [151.74941, -32.9556], [151.749784, -32.954344], [151.753763, -32.953028], [151.756275, -32.950674], [151.757551, -32.947975], [151.766332, -32.942317], [151.768339, -32.941505], [151.769913, -32.941933], [151.771558, -32.939154], [151.776479, -32.938694], [151.77719, -32.937656], [151.779388, -32.937162], [151.779446, -32.936055], [151.782442, -32.934958], [151.783339, -32.932231], [151.784065, -32.932377], [151.783961, -32.931765], [151.787447, -32.929611], [151.788725, -32.929512], [151.789782, -32.93046], [151.79102, -32.930089], [151.791215, -32.927638], [151.79248, -32.92776], [151.792998, -32.926683], [151.794209, -32.926674], [151.792221, -32.924609], [151.792983, -32.922815], [151.79943, -32.919201], [151.799238, -32.917821], [151.802968, -32.916203], [151.802961, -32.915878], [151.797506, -32.918116], [151.793746, -32.921491], [151.791162, -32.921435], [151.789776, -32.923916], [151.785514, -32.925525], [151.773241, -32.924793], [151.765032, -32.925248], [151.763509, -32.924458], [151.761486, -32.92251], [151.759157, -32.915266], [151.761011, -32.90984], [151.759794, -32.908298], [151.761465, -32.90766], [151.763424, -32.907856], [151.760734, -32.913016], [151.763014, -32.91397], [151.760737, -32.914547], [151.760501, -32.915662], [151.764245, -32.922065], [151.765071, -32.920979], [151.76563, -32.921333], [151.765278, -32.922701], [151.766928, -32.922636], [151.768546, -32.921446], [151.768562, -32.91678], [151.770255, -32.916329], [151.771366, -32.919678], [151.772395, -32.919758], [151.774159, -32.922888], [151.776972, -32.92356], [151.773334, -32.918044], [151.77167, -32.913723], [151.769763, -32.899081], [151.768029, -32.894878], [151.764038, -32.891214], [151.746821, -32.881422], [151.741928, -32.879696], [151.733566, -32.879671], [151.733832, -32.877639], [151.741458, -32.876911], [151.742025, -32.876301], [151.744445, -32.876626], [151.761908, -32.88577], [151.774609, -32.889578], [151.77335, -32.894442], [151.773729, -32.901355], [151.774851, -32.902307], [151.777369, -32.902135], [151.782918, -32.894052], [151.784154, -32.889163], [151.783797, -32.884869], [151.788988, -32.884881], [151.78926, -32.885887], [151.789432, -32.884832], [151.79196, -32.884327], [151.793943, -32.882876], [151.793194, -32.886418], [151.786081, -32.898769], [151.786502, -32.899294], [151.780385, -32.906383], [151.777611, -32.911426], [151.779187, -32.917182], [151.779831, -32.917037], [151.78063, -32.918719], [151.783913, -32.920115], [151.786574, -32.919935], [151.790392, -32.917824], [151.790386, -32.91607], [151.79153, -32.915467], [151.789099, -32.911931], [151.788315, -32.909339], [151.788049, -32.906386], [151.788944, -32.901754], [151.793404, -32.893291], [151.801417, -32.88492], [151.807889, -32.879932], [151.794074, -32.877643], [151.794292, -32.879374], [151.792657, -32.88303], [151.791065, -32.882071], [151.788951, -32.883128], [151.78898, -32.884348], [151.783752, -32.884307], [151.783161, -32.882178], [151.781763, -32.88142], [151.779315, -32.878002], [151.778929, -32.875191], [151.780738, -32.87435], [151.777398, -32.874231], [151.775452, -32.87238], [151.776449, -32.872314], [151.776022, -32.868398], [151.777754, -32.868227], [151.779757, -32.866625], [151.775669, -32.858383], [151.773765, -32.856276], [151.768697, -32.855176], [151.751815, -32.854563], [151.746513, -32.853629], [151.736883, -32.850244], [151.732578, -32.846907], [151.732521, -32.847778], [151.731214, -32.848385], [151.72816, -32.84691], [151.727464, -32.84533], [151.725865, -32.844346], [151.725943, -32.843523], [151.727195, -32.842974], [151.730032, -32.844797], [151.727247, -32.842349], [151.729175, -32.84135], [151.728772, -32.839772], [151.726219, -32.838129], [151.717702, -32.835312], [151.716624, -32.836161], [151.713568, -32.835372], [151.71355, -32.834772], [151.715341, -32.834531], [151.710864, -32.833685], [151.705006, -32.834563], [151.696455, -32.832942], [151.696611, -32.847865], [151.701715, -32.850077], [151.699452, -32.848279], [151.700849, -32.846474], [151.703623, -32.850482], [151.709616, -32.854622], [151.711723, -32.859152], [151.712155, -32.864899], [151.714313, -32.868213], [151.718189, -32.871028], [151.718161, -32.871887], [151.719198, -32.871639], [151.726817, -32.876148], [151.733206, -32.877645], [151.732806, -32.879605], [151.728223, -32.878699], [151.71685, -32.873275], [151.711837, -32.871054], [151.709234, -32.868683], [151.707786, -32.86512], [151.710283, -32.86383], [151.707743, -32.864648], [151.705669, -32.860841], [151.707353, -32.859053], [151.705553, -32.860346], [151.706476, -32.859065], [151.704009, -32.855784], [151.704426, -32.85469], [151.701314, -32.852495], [151.701288, -32.853605], [151.699985, -32.855362], [151.698738, -32.856609], [151.696414, -32.857289], [151.693976, -32.859727], [151.694317, -32.863751], [151.692049, -32.864941], [151.690632, -32.869192], [151.687118, -32.870893], [151.683774, -32.8735], [151.682017, -32.876731], [151.679183, -32.876107], [151.678163, -32.879678], [151.676405, -32.881775], [151.676689, -32.884269], [151.675215, -32.890901], [151.683944, -32.893792], [151.681507, -32.895832], [151.696697, -32.896172], [151.694033, -32.897193], [151.692446, -32.90031], [151.691879, -32.903654], [151.69358, -32.905751], [151.689215, -32.92593], [151.691029, -32.927743], [151.694317, -32.928254], [151.692106, -32.929784], [151.689499, -32.933241], [151.689329, -32.935225], [151.691029, -32.937549], [151.689385, -32.938116], [151.688818, -32.940723], [151.687572, -32.942821], [151.685928, -32.945768], [151.686665, -32.947468], [151.686495, -32.950019], [151.686069, -32.955092], [151.696584, -32.960137]]]}}, {"type": "Feature", "properties": {"index": "NSYD", "division": "North Sydney", "state": "New South Wales", "year": "1992", "proclaimed": "19920131", "quota": "0", "electors": "0", "deviation": ""}, "geometry": {"type": "Polygon", "coordinates": [[[151.144157, -33.802992], [151.144808, -33.803858], [151.144681, -33.806311], [151.142299, -33.808068], [151.143403, -33.810558], [151.14317, -33.812944], [151.145231, -33.815351], [151.144713, -33.816917], [151.148633, -33.818877], [151.149545, -33.824444], [151.148934, -33.825987], [151.145502, -33.827871], [151.145874, -33.828989], [151.14974, -33.829443], [151.152171, -33.828475], [151.151991, -33.826022], [151.150641, -33.823476], [151.152033, -33.821841], [151.152215, -33.823927], [151.15424, -33.826538], [151.153901, -33.828532], [151.155652, -33.829684], [151.15938, -33.830305], [151.160123, -33.828913], [151.159827, -33.827059], [151.164072, -33.828408], [151.166021, -33.827369], [151.165238, -33.828896], [151.163755, -33.83004], [151.161488, -33.830273], [151.161025, -33.831434], [151.161486, -33.832227], [151.163773, -33.832614], [151.164703, -33.834251], [151.167501, -33.8343], [151.16898, -33.836077], [151.173638, -33.833518], [151.170462, -33.830875], [151.173094, -33.828188], [151.174829, -33.82834], [151.17679, -33.830887], [151.179423, -33.832661], [151.180364, -33.832299], [151.179957, -33.830531], [151.181633, -33.82952], [151.181877, -33.83336], [151.183655, -33.834494], [151.184375, -33.835995], [151.179388, -33.840047], [151.181118, -33.842257], [151.182785, -33.841294], [151.184057, -33.842401], [151.187598, -33.843118], [151.185023, -33.83881], [151.186354, -33.837936], [151.187469, -33.834636], [151.189042, -33.833635], [151.189511, -33.834145], [151.188293, -33.835718], [151.188747, -33.838023], [151.187682, -33.84026], [151.189573, -33.840939], [151.189447, -33.838524], [151.190368, -33.837659], [151.192259, -33.838877], [151.192481, -33.837166], [151.194473, -33.838588], [151.194896, -33.841404], [151.193614, -33.843145], [151.192983, -33.847622], [151.198213, -33.847194], [151.197078, -33.845939], [151.195201, -33.845586], [151.194676, -33.844532], [151.195048, -33.843889], [151.197517, -33.843728], [151.198125, -33.8414], [151.199036, -33.841162], [151.20049, -33.842624], [151.199925, -33.844636], [151.202376, -33.84642], [151.203156, -33.848095], [151.20275, -33.849392], [151.203728, -33.850579], [151.204191, -33.849007], [151.206234, -33.84891], [151.206282, -33.845779], [151.207106, -33.844134], [151.208162, -33.84417], [151.209262, -33.845085], [151.209726, -33.848506], [151.21188, -33.850807], [151.212792, -33.851141], [151.212828, -33.849909], [151.213687, -33.849609], [151.21862, -33.852685], [151.220366, -33.849187], [151.219454, -33.847491], [151.215239, -33.845055], [151.215686, -33.844426], [151.218628, -33.845041], [151.215198, -33.841077], [151.216254, -33.840404], [151.218736, -33.842155], [151.219573, -33.841466], [151.221457, -33.842462], [151.223057, -33.846078], [151.224716, -33.846591], [151.225237, -33.845451], [151.224257, -33.841346], [151.224875, -33.839273], [151.227128, -33.844482], [151.232866, -33.84871], [151.231172, -33.846984], [151.229908, -33.842855], [151.230499, -33.840824], [151.229017, -33.837875], [151.229023, -33.837875], [151.228462, -33.837271], [151.230346, -33.82814], [151.230929, -33.827706], [151.232206, -33.821062], [151.232993, -33.818339], [151.231036, -33.816776], [151.230554, -33.817317], [151.228959, -33.81739], [151.226051, -33.820888], [151.225914, -33.822354], [151.223994, -33.821456], [151.225797, -33.818595], [151.221517, -33.819406], [151.219435, -33.81897], [151.219564, -33.817809], [151.224409, -33.816405], [151.223542, -33.813981], [151.227146, -33.815488], [151.229895, -33.813719], [151.232169, -33.81363], [151.230231, -33.812238], [151.23232, -33.807389], [151.230558, -33.805497], [151.228174, -33.805738], [151.225555, -33.804874], [151.222469, -33.806809], [151.219319, -33.806729], [151.217314, -33.805416], [151.220284, -33.805602], [151.222688, -33.804767], [151.222986, -33.804065], [151.221811, -33.802956], [151.223212, -33.802548], [151.223953, -33.801173], [151.225786, -33.802653], [151.227246, -33.801992], [151.230544, -33.802375], [151.230756, -33.798626], [151.229647, -33.797516], [151.230871, -33.795676], [151.229429, -33.794431], [151.226891, -33.796677], [151.221343, -33.797702], [151.217667, -33.797279], [151.218707, -33.796692], [151.221434, -33.796588], [151.222778, -33.795422], [151.222836, -33.79426], [151.219455, -33.791984], [151.216932, -33.792865], [151.214736, -33.789889], [151.214819, -33.78996], [151.214458, -33.789537], [151.213432, -33.788905], [151.212643, -33.789484], [151.212025, -33.789216], [151.211058, -33.789029], [151.20969, -33.789255], [151.208819, -33.78811], [151.207828, -33.787905], [151.205492, -33.786732], [151.203947, -33.786821], [151.203518, -33.786678], [151.202582, -33.785684], [151.202138, -33.785496], [151.20101, -33.785189], [151.200275, -33.784898], [151.199355, -33.78452], [151.198447, -33.784522], [151.197302, -33.784813], [151.196523, -33.785287], [151.195555, -33.786322], [151.18036, -33.791061], [151.179984, -33.792652], [151.1796, -33.793732], [151.17866, -33.794792], [151.178011, -33.796067], [151.176756, -33.795725], [151.175102, -33.795736], [151.173684, -33.796216], [151.17273, -33.796295], [151.171566, -33.796242], [151.170184, -33.796586], [151.16866, -33.796933], [151.167991, -33.799924], [151.166206, -33.799599], [151.165552, -33.799126], [151.163776, -33.798995], [151.162803, -33.799029], [151.161914, -33.79879], [151.161259, -33.79928], [151.160421, -33.798781], [151.158993, -33.798884], [151.158271, -33.800175], [151.157077, -33.800874], [151.15656, -33.800321], [151.155635, -33.80011], [151.153997, -33.800517], [151.153255, -33.800452], [151.152891, -33.799411], [151.152417, -33.798879], [151.151398, -33.799222], [151.150634, -33.799702], [151.149374, -33.799011], [151.148071, -33.799265], [151.146598, -33.799654], [151.144613, -33.799957], [151.143507, -33.801195], [151.142983, -33.802192], [151.143594, -33.802934], [151.144157, -33.802992]]]}}, {"type": "Feature", "properties": {"index": "PAGE", "division": "Page", "state": "New South Wales", "year": "1992", "proclaimed": "19920131", "quota": "0", "electors": "0", "deviation": ""}, "geometry": {"type": "MultiPolygon", "coordinates": [[[[152.426147, -30.411297], [152.456406, -30.402216], [152.471495, -30.350724], [152.496434, -30.329866], [152.514345, -30.320343], [152.523414, -30.299258], [152.534977, -30.288829], [152.556458, -30.260197], [152.560486, -30.245056], [152.571411, -30.240036], [152.582362, -30.24416400000001], [152.590927, -30.244516], [152.602341, -30.251146], [152.627472, -30.258255], [152.644836, -30.254786], [152.656274, -30.251193], [152.665451, -30.245636], [152.674942, -30.23771500000001], [152.685975, -30.231241], [152.696274, -30.224955], [152.695724, -30.21469], [152.701233, -30.201324], [152.757846, -30.199953], [152.804245, -30.174534], [152.812713, -30.143046], [152.84196, -30.162317], [152.859418, -30.157783], [152.882997, -30.140779], [152.914738, -30.159823], [152.926981, -30.143046], [152.958496, -30.141232], [152.959403, -30.118786], [152.971873, -30.10609], [152.991824, -30.10813], [153.035809, -30.109944], [153.062335, -30.113118], [153.115842, -30.128989], [153.138287, -30.089539], [153.155065, -30.055531], [153.196045, -30.052457], [153.195573, -30.048546], [153.197084, -30.040577], [153.203505, -30.028415], [153.206889, -30.025232], [153.206943, -30.023049], [153.211802, -30.015977], [153.218425, -30.003099], [153.231952, -29.983743], [153.234485, -29.982094], [153.233366, -29.979753], [153.244478, -29.965945], [153.249441, -29.95795], [153.253878, -29.952482], [153.258106, -29.950321], [153.260047, -29.952097], [153.26031, -29.948818], [153.261313, -29.947415], [153.260458, -29.946499], [153.258303, -29.947243], [153.257694, -29.944107], [153.258895, -29.941186], [153.261773, -29.939942], [153.261559, -29.936906], [153.262973, -29.93483], [153.261147, -29.930649], [153.264682, -29.925338], [153.271768, -29.919026], [153.272771, -29.916864], [153.271273, -29.913155], [153.272686, -29.908789], [153.271617, -29.908116], [153.271847, -29.903677], [153.274115, -29.899053], [153.274574, -29.8947], [153.276875, -29.893112], [153.27408, -29.891551], [153.272831, -29.891951], [153.273095, -29.892711], [153.271762, -29.892352], [153.267554, -29.885679], [153.26655, -29.878707], [153.267648, -29.86525], [153.269518, -29.858978], [153.274262, -29.848237], [153.282471, -29.83383], [153.28625, -29.83035], [153.287879, -29.831325], [153.288734, -29.830781], [153.288683, -29.829692], [153.289883, -29.829391], [153.290324, -29.826411], [153.292199, -29.82677], [153.294417, -29.82508], [153.293, -29.822773], [153.292653, -29.820237], [153.293211, -29.819636], [153.291829, -29.818962], [153.291119, -29.815467], [153.288879, -29.811684], [153.289552, -29.811111], [153.288334, -29.809263], [153.288792, -29.807329], [153.287327, -29.805609], [153.288043, -29.798317], [153.291635, -29.790124], [153.294966, -29.785067], [153.296739, -29.783234], [153.298119, -29.78289], [153.2993, -29.780554], [153.300877, -29.780067], [153.301618, -29.780755], [153.301354, -29.77968], [153.302914, -29.779179], [153.303944, -29.774537], [153.301068, -29.774437], [153.296477, -29.768965], [153.29626, -29.765698], [153.298247, -29.764638], [153.295764, -29.762504], [153.29775, -29.76058400000001], [153.295434, -29.760913], [153.294824, -29.759151], [153.293081, -29.75863500000001], [153.291992, -29.753621], [153.296134, -29.73631], [153.305161, -29.715407], [153.319411, -29.694118], [153.326651, -29.686773], [153.328273, -29.686339], [153.32854, -29.687018], [153.329945, -29.686241], [153.330529, -29.684935], [153.330016, -29.682763], [153.331568, -29.681686], [153.330254, -29.680309], [153.331378, -29.677954], [153.332464, -29.677679], [153.332295, -29.676418], [153.33326, -29.6759], [153.332717, -29.675428], [153.333974, -29.674551], [153.330997, -29.673078], [153.331504, -29.671232], [153.330715, -29.670589], [153.328085, -29.673214], [153.323834, -29.671559], [153.321314, -29.667319], [153.32059, -29.661397], [153.32204, -29.647508], [153.326894, -29.632866], [153.332768, -29.620963], [153.336493, -29.615728], [153.337537, -29.614763], [153.338763, -29.614905], [153.341142, -29.612769], [153.342784, -29.608281], [153.341035, -29.609959], [153.336567, -29.607133], [153.334558, -29.604816], [153.332054, -29.598325], [153.331607, -29.593606], [153.332441, -29.586645], [153.333938, -29.581246], [153.337454, -29.573572], [153.338653, -29.564027], [153.345663, -29.551464], [153.347249, -29.550089], [153.346556, -29.55004], [153.34648, -29.54786], [153.349468, -29.539915], [153.356374, -29.529948], [153.360739, -29.530248], [153.35985, -29.528042], [153.362578, -29.5254], [153.358717, -29.524101], [153.357588, -29.520733], [153.358386, -29.516742], [153.36072, -29.514838], [153.359858, -29.510108], [153.363183, -29.504372], [153.361888, -29.500474], [153.358735, -29.496081], [153.363777, -29.485746], [153.365846, -29.483818], [153.367748, -29.484686], [153.368842, -29.484052], [153.367426, -29.482308], [153.365003, -29.482044], [153.364793, -29.47905], [153.363986, -29.477863], [153.361828, -29.4783], [153.360644, -29.477201], [153.360277, -29.475511], [153.361687, -29.472568], [153.359145, -29.471416], [153.35837, -29.466503], [153.36093, -29.457609], [153.362552, -29.45442200000001], [153.363824, -29.453615], [153.362672, -29.452071], [153.365895, -29.445267], [153.370091, -29.440136], [153.372774, -29.440342], [153.372353, -29.437678], [153.368234, -29.43836500000001], [153.365, -29.43561100000001], [153.364485, -29.433835], [153.365897, -29.431752], [153.363997, -29.431042], [153.363994, -29.430211], [153.364768, -29.428216], [153.371621, -29.428568], [153.371978, -29.425354], [153.372817, -29.425122], [153.367398, -29.42408], [153.363282, -29.421572], [153.364503, -29.413284], [153.367014, -29.404748], [153.369915, -29.399321], [153.372449, -29.399068], [153.374038, -29.396411], [153.372867, -29.394252], [153.371334, -29.394859], [153.369251, -29.393548], [153.368219, -29.389796], [153.370193, -29.385203], [153.371912, -29.385828], [153.372743, -29.385051], [153.370499, -29.384428], [153.37074, -29.383353], [153.371901, -29.383463], [153.372839, -29.381239], [153.371934, -29.38011], [153.370348, -29.38], [153.370088, -29.376719], [153.371679, -29.372011], [153.372638, -29.371017], [153.373463, -29.371727], [153.374391, -29.37115], [153.376682, -29.365596], [153.375511, -29.366632], [153.37399, -29.362825], [153.373573, -29.364432], [153.369055, -29.364762], [153.367106, -29.363909], [153.36334, -29.359864], [153.363139, -29.359062], [153.364425, -29.357385], [153.363049, -29.356645], [153.362896, -29.355398], [153.361885, -29.358956], [153.360543, -29.359632], [153.357026, -29.359403], [153.353714, -29.357566], [153.349488, -29.352863], [153.343663, -29.342598], [153.340963, -29.332551], [153.340263, -29.320414], [153.342896, -29.301965], [153.346059, -29.291306], [153.350834, -29.280051], [153.361996, -29.259686], [153.373378, -29.242413], [153.386588, -29.226418], [153.392014, -29.214262], [153.400989, -29.200732], [153.418788, -29.177667], [153.431042, -29.165727], [153.446484, -29.152556], [153.453325, -29.141867], [153.456659, -29.140191], [153.456168, -29.139849], [153.457055, -29.138112], [153.454224, -29.139141], [153.45277, -29.13876], [153.448568, -29.133389], [153.448513, -29.129333], [153.450378, -29.124339], [153.449606, -29.122951], [153.450693, -29.121873], [153.450616, -29.11958], [153.451395, -29.118875], [153.447596, -29.115794], [153.443883, -29.116381], [153.439584, -29.114276], [153.437334, -29.114127], [153.437916, -29.11275600000001], [153.435275, -29.113103], [153.433591, -29.108996], [153.4328, -29.10083], [153.435087, -29.085789], [153.441451, -29.065288], [153.451901, -29.041317], [153.463999, -29.018714], [153.475392, -29.002163], [153.427124, -29.000641], [153.38995, -28.993106], [153.374079, -28.965446], [153.366371, -28.949122], [153.368638, -28.920102], [153.346054, -28.901663], [153.354581, -28.87521], [153.381788, -28.839842], [153.372266, -28.816262], [153.378614, -28.795857], [153.428493, -28.76457], [153.39131, -28.749152], [153.390857, -28.695646], [153.394484, -28.658463], [153.355499, -28.617292], [153.361252, -28.579962], [153.269787, -28.555077], [153.247114, -28.543288], [153.147356, -28.543741], [153.121056, -28.465749], [153.124207, -28.446785], [153.110641, -28.405926], [153.100651, -28.383675], [153.103224, -28.357768], [153.101349, -28.357843], [153.089615, -28.353487], [153.085647, -28.354632], [153.083747, -28.353937], [153.080537, -28.354162], [153.077752, -28.352486], [153.074607, -28.352296], [153.071037, -28.348296], [153.067907, -28.34683], [153.065283, -28.344234], [153.059965, -28.34368], [153.057375, -28.342646], [153.053737, -28.343118], [153.051421, -28.341229], [153.049015, -28.342055], [153.04606, -28.339455], [153.043612, -28.340012], [153.038472, -28.343247], [153.029918, -28.340017], [153.021147, -28.338638], [153.008199, -28.341717], [153.002909, -28.340137], [152.996234, -28.339964], [152.98917, -28.336675], [152.986042, -28.338076], [152.98371, -28.338167], [152.978385, -28.33376], [152.972614, -28.331853], [152.965662, -28.332774], [152.963474, -28.331925], [152.958271, -28.333565], [152.950325, -28.333824], [152.94542, -28.335632], [152.941254, -28.334525], [152.937348, -28.33568100000001], [152.933856, -28.338311], [152.923628, -28.331766], [152.915191, -28.330166], [152.909002, -28.326605], [152.899532, -28.325214], [152.89447, -28.319997], [152.893361, -28.31779], [152.882507, -28.312472], [152.880013, -28.309607], [152.87593, -28.312176], [152.866337, -28.313036], [152.858637, -28.311216], [152.854657, -28.312495], [152.851755, -28.31113], [152.849593, -28.311214], [152.847433, -28.315972], [152.841695, -28.321025], [152.838957, -28.32206], [152.835808, -28.321301], [152.834454, -28.319974], [152.831138, -28.320265], [152.829133, -28.322122], [152.827871, -28.32589], [152.824256, -28.328779], [152.824462, -28.331485], [152.823366, -28.335267], [152.817713, -28.335876], [152.808904, -28.342765], [152.807757, -28.34499], [152.808546, -28.350216], [152.804226, -28.353594], [152.793451, -28.353987], [152.790974, -28.352219], [152.787386, -28.351626], [152.782472, -28.347456], [152.775455, -28.346625], [152.773039, -28.348106], [152.760338, -28.352235], [152.758764, -28.354459], [152.762535, -28.357797], [152.761584, -28.359815], [152.758139, -28.362872], [152.751062, -28.363914], [152.748846, -28.362996], [152.747508, -28.361057], [152.74268, -28.359607], [152.740972, -28.360123], [152.736809, -28.354795], [152.730435, -28.352464], [152.728947, -28.349999], [152.72288, -28.344096], [152.72008, -28.34509], [152.712679, -28.341471], [152.709543, -28.343489], [152.707351, -28.343675], [152.704972, -28.340849], [152.704759, -28.33905], [152.701377, -28.337655], [152.699344, -28.335469], [152.692385, -28.336667], [152.688551, -28.334678], [152.686418, -28.329075], [152.679339, -28.330416], [152.673641, -28.325981], [152.673369, -28.317837], [152.670601, -28.31463400000001], [152.668553, -28.313916], [152.667228, -28.311752], [152.662983, -28.310419], [152.656128, -28.309697], [152.650516, -28.312833], [152.648053, -28.313276], [152.646001, -28.31211], [152.643902, -28.31278], [152.638288, -28.310997], [152.634355, -28.306184], [152.627857, -28.303031], [152.626075, -28.29944], [152.624513, -28.298204], [152.624186, -28.295796], [152.622818, -28.29428], [152.6237, -28.290308], [152.623046, -28.287392], [152.62103, -28.284249], [152.617501, -28.282861], [152.617661, -28.277491], [152.614517, -28.269555], [152.610997, -28.274307], [152.605137, -28.278474], [152.600303, -28.283836], [152.597996, -28.292048], [152.598972, -28.298984], [152.6017, -28.307381], [152.597202, -28.31314], [152.597846, -28.314779], [152.596747, -28.31811], [152.593947, -28.320124], [152.592269, -28.324164], [152.590057, -28.32504000000001], [152.585055, -28.329201], [152.583006, -28.331946], [152.582968, -28.334696], [152.580974, -28.335687], [152.58027, -28.338174], [152.579242, -28.338976], [152.574388, -28.333393], [152.572472, -28.326185], [152.568635, -28.323575], [152.556437, -28.323355], [152.555273, -28.319949], [152.556049, -28.31732600000001], [152.55526, -28.316795], [152.554092, -28.31712], [152.553118, -28.319321], [152.551598, -28.320446], [152.548142, -28.321019], [152.543554, -28.318452], [152.541429, -28.313301], [152.539124, -28.311598], [152.53294, -28.31002], [152.525981, -28.30625], [152.525022, -28.302471], [152.529013, -28.298687], [152.528997, -28.287], [152.533192, -28.279307], [152.532948, -28.272245], [152.536835, -28.26628300000001], [152.534798, -28.265133], [152.534221, -28.262631], [152.532629, -28.263196], [152.529412, -28.261885], [152.52211, -28.260992], [152.518726, -28.256831], [152.5161, -28.256845], [152.516721, -28.254656], [152.515661, -28.25182], [152.513095, -28.25143900000001], [152.508643, -28.249249], [152.497673, -28.25379], [152.49341, -28.254323], [152.488004, -28.253749], [152.484053, -28.25722], [152.482129, -28.257949], [152.471509, -28.256971], [152.463586, -28.259373], [152.461641, -28.260771], [152.46002, -28.26447], [152.459858, -28.267056], [152.461456, -28.269626], [152.457726, -28.272539], [152.454982, -28.277769], [152.448252, -28.281026], [152.447483, -28.284117], [152.445415, -28.285489], [152.442877, -28.290442], [152.444831, -28.298822], [152.441922, -28.297937], [152.436223, -28.299196], [152.428042, -28.297727], [152.424119, -28.299424], [152.420025, -28.298571], [152.417165, -28.296784], [152.414572, -28.298101], [152.41455, -28.299784], [152.412754, -28.301853], [152.413441, -28.307504], [152.410671, -28.310248], [152.410602, -28.314121], [152.409517, -28.315734], [152.411223, -28.321056], [152.414975, -28.325366], [152.415693, -28.328251], [152.417218, -28.330099], [152.417259, -28.33308900000001], [152.409321, -28.341797], [152.400126, -28.347594], [152.398811, -28.351595], [152.394844, -28.356024], [152.394919, -28.357542], [152.393073, -28.360535], [152.388211, -28.365517], [152.387767, -28.367579], [152.38616, -28.368554], [152.381506, -28.367788], [152.37739, -28.365822], [152.37209, -28.366847], [152.364758, -28.366106], [152.355946, -28.361197], [152.354343, -28.361359], [152.353456, -28.36271], [152.344915, -28.366274], [152.343372, -28.367733], [152.341582, -28.36786], [152.336055, -28.366448], [152.331321, -28.368087], [152.326859, -28.366609], [152.320781, -28.367186], [152.313459, -28.363077], [152.309659, -28.363168], [152.30715, -28.369084], [152.304919, -28.37200500000001], [152.303949, -28.37288], [152.302128, -28.372673], [152.300134, -28.374301], [152.302194, -28.374554], [152.296567, -28.37724], [152.290697, -28.382471], [152.289787, -28.385285], [152.289567, -28.391523], [152.288432, -28.393151], [152.28471, -28.39406], [152.280283, -28.392733], [152.27708, -28.392961], [152.270957, -28.391168], [152.268657, -28.389521], [152.267606, -28.390047], [152.265845, -28.393979], [152.263706, -28.394311], [152.262781, -28.397498], [152.260698, -28.400421], [152.257428, -28.402494], [152.252482, -28.407427], [152.252211, -28.410416], [152.248759, -28.411452], [152.243246, -28.41602500000001], [152.239263, -28.417583], [152.237884, -28.423436], [152.23524, -28.424601], [152.234059, -28.427003], [152.230609, -28.429826], [152.229847, -28.434851], [152.228544, -28.436965], [152.225596, -28.43721], [152.222021, -28.441954], [152.221671, -28.444888], [152.219504, -28.447966], [152.217189, -28.449236], [152.213873, -28.446106], [152.210516, -28.44629700000001], [152.207305, -28.44541], [152.207429, -28.443902], [152.204648, -28.438247], [152.195287, -28.436373], [152.190266, -28.433948], [152.188038, -28.435], [152.186412, -28.438425], [152.184519, -28.438872], [152.181596, -28.43708], [152.174712, -28.434786], [152.168318, -28.434444], [152.164947, -28.432626], [152.160504, -28.433123], [152.15889, -28.434334], [152.156671, -28.434382], [152.154614, -28.43794700000001], [152.150923, -28.43787], [152.146635, -28.439131], [152.144347, -28.441685], [152.142038, -28.442236], [152.135179, -28.452083], [152.130737, -28.453783], [152.127902, -28.453683], [152.121721, -28.460333], [152.121134, -28.462669], [152.119619, -28.462974], [152.117842, -28.462118], [152.111504, -28.463862], [152.102816, -28.463025], [152.101501, -28.464782], [152.098047, -28.466208], [152.096187, -28.46589], [152.094966, -28.466736], [152.095494, -28.468461], [152.094093, -28.469047], [152.089536, -28.46844], [152.087658, -28.46943], [152.084684, -28.467566], [152.082701, -28.469221], [152.079589, -28.470167], [152.076064, -28.469556], [152.07472, -28.467722], [152.072683, -28.468876], [152.0702, -28.468003], [152.06929, -28.468759], [152.069388, -28.472764], [152.068157, -28.473822], [152.068865, -28.475737], [152.066914, -28.47933], [152.067033, -28.48559], [152.05964, -28.490651], [152.055382, -28.490016], [152.051341, -28.492859], [152.045672, -28.494966], [152.043055, -28.499626], [152.040241, -28.50176700000001], [152.035945, -28.507253], [152.027046, -28.5129], [152.02428, -28.513143], [152.022872, -28.515501], [152.018973, -28.51781], [152.020099, -28.52104900000001], [152.016864, -28.525281], [152.010912, -28.526527], [152.008525, -28.526215], [152.004602, -28.527955], [151.999468, -28.528516], [152.000049, -28.527598], [151.999553, -28.52717], [151.995154, -28.526805], [151.992074, -28.524695], [151.988951, -28.525613], [151.987635, -28.523963], [151.986887, -28.519874], [151.984428, -28.51651], [151.98586, -28.509833], [151.984895, -28.507521], [151.983687, -28.506982], [151.982893, -28.503395], [151.978447, -28.503184], [151.977242, -28.504459], [151.973621, -28.505252], [151.972577, -28.50626], [151.973083, -28.507622], [151.971303, -28.50826800000001], [151.970247, -28.509797], [151.968947, -28.509885], [151.964826, -28.514516], [151.961712, -28.516076], [151.958307, -28.516206], [151.955645, -28.518904], [151.956915, -28.525421], [151.95783, -28.525491], [151.958747, -28.527218], [151.955395, -28.532549], [151.953867, -28.539913], [151.957069, -28.543778], [151.9547, -28.551613], [151.955762, -28.554551], [151.958501, -28.556807], [151.958907, -28.559822], [151.957677, -28.563409], [151.96081, -28.566574], [151.964954, -28.567354], [151.96621, -28.57037], [151.967773, -28.571831], [151.976436, -28.573009], [151.979299, -28.576466], [151.983588, -28.578648], [151.985979, -28.581498], [151.98579, -28.583017], [151.987523, -28.586792], [151.988368, -28.59176], [151.99178, -28.594703], [151.99181, -28.596356], [151.988796, -28.601331], [151.989095, -28.603842], [151.993912, -28.611297], [151.993677, -28.615288], [151.990942, -28.621483], [151.990804, -28.6244], [151.995953, -28.630502], [151.997088, -28.633663], [151.997894, -28.633698], [151.999706, -28.636098], [152.001794, -28.63993], [152.001792, -28.644582], [152.0027, -28.648132], [152.00203, -28.650129], [152.004089, -28.651767], [152.005792, -28.651335], [152.006259, -28.653968], [152.010201, -28.661064], [152.011418, -28.661752], [152.010168, -28.664951], [152.013854, -28.665753], [152.02051, -28.66377], [152.024472, -28.665289], [152.031519, -28.66616], [152.03915, -28.664448], [152.04498, -28.668174], [152.045792, -28.670569], [152.044526, -28.672894], [152.046313, -28.675776], [152.048863, -28.676535], [152.052567, -28.68194], [152.058234, -28.67964], [152.060767, -28.680471], [152.061969, -28.67915], [152.066354, -28.680968], [152.068045, -28.684912], [152.066811, -28.685773], [152.064588, -28.690609], [152.06509, -28.691138], [152.093774, -28.693152], [152.097402, -28.721719], [152.099669, -28.762983], [152.199427, -28.758448], [152.210763, -28.792003], [152.234796, -28.80742], [152.257922, -28.827825], [152.246586, -28.86138], [152.250213, -28.901284], [152.215298, -28.946628], [152.212577, -28.99197300000001], [152.226425, -29.05722], [152.2323, -29.068811], [152.232193, -29.08135], [152.234497, -29.10275100000001], [152.232773, -29.11484], [152.238144, -29.13888], [152.240646, -29.16091], [152.242981, -29.181141], [152.249008, -29.199949], [152.239784, -29.220963], [152.241867, -29.2481], [152.243073, -29.2658], [152.237274, -29.284269], [152.233536, -29.28912], [152.225983, -29.30677], [152.216965, -29.328819], [152.235458, -29.33362], [152.22618, -29.357904], [152.240738, -29.386721], [152.292384, -29.384657], [152.320951, -29.34928800000001], [152.430685, -29.365159], [152.421753, -29.394308], [152.393524, -29.409979], [152.378085, -29.441791], [152.394821, -29.520899], [152.335461, -29.554699], [152.311142, -29.656229], [152.30426, -29.667559], [152.293488, -29.6703], [152.277008, -29.676529], [152.271042, -29.68688], [152.263855, -29.709759], [152.259995, -29.72841800000001], [152.250687, -29.75535], [152.226547, -29.761349], [152.217112, -29.770993], [152.201965, -29.78430000000001], [152.190918, -29.79281], [152.185028, -29.8046], [152.174759, -29.82168], [152.17067, -29.83997], [152.15635, -29.87846], [152.1595, -29.90045], [152.192535, -29.887939], [152.200775, -29.868309], [152.209595, -29.86647], [152.23082, -29.86524], [152.246582, -29.863079], [152.258102, -29.858629], [152.275833, -29.854038], [152.279251, -29.868679], [152.282944, -29.889269], [152.277695, -29.911619], [152.273117, -29.915388], [152.270737, -29.929178], [152.27002, -29.94253], [152.278061, -29.96279], [152.289276, -29.974129], [152.303024, -29.978628], [152.308136, -29.989578], [152.316452, -30.017048], [152.316437, -30.032478], [152.296036, -30.042839], [152.295837, -30.058819], [152.28183, -30.099979], [152.292557, -30.111048], [152.301163, -30.125889], [152.304459, -30.144318], [152.306885, -30.154888], [152.311523, -30.173508], [152.303406, -30.190699], [152.326846, -30.2521], [152.319137, -30.269784], [152.320497, -30.328279], [152.331153, -30.375664], [152.35972, -30.390401], [152.386927, -30.418288], [152.411186, -30.423729], [152.426147, -30.411297]]], [[[153.392366, -29.924135], [153.391544, -29.923405], [153.389605, -29.924008], [153.38888, -29.92302], [153.388338, -29.923636], [153.388175, -29.924753], [153.392307, -29.928143], [153.3927, -29.92684], [153.392024, -29.925667], [153.392366, -29.924135]]], [[[153.393695, -29.932982], [153.394813, -29.932795], [153.394034, -29.928887], [153.3928, -29.927441], [153.392291, -29.928516], [153.392625, -29.931665], [153.393695, -29.932982]]], [[[153.275978, -29.920502], [153.277326, -29.920659], [153.27846, -29.918741], [153.27675, -29.918569], [153.275829, -29.9197], [153.275978, -29.920502]]], [[[153.258864, -29.974375], [153.259654, -29.973988], [153.258864, -29.972571], [153.25809, -29.97353], [153.258864, -29.974375]]], [[[153.259571, -29.975234], [153.260509, -29.975463], [153.260772, -29.974647], [153.25995, -29.974217], [153.259571, -29.975234]]], [[[153.303187, -29.773506], [153.303828, -29.773907], [153.303959, -29.772904], [153.30335, -29.772675], [153.303187, -29.773506]]], [[[153.374361, -29.362021], [153.37501, -29.36113], [153.374307, -29.361018], [153.374229, -29.361635], [153.374361, -29.362021]]], [[[153.365566, -29.360262], [153.366528, -29.359914], [153.366379, -29.359599], [153.365726, -29.35963], [153.365566, -29.360262]]], [[[153.301179, -29.771056], [153.301458, -29.770784], [153.300998, -29.770469], [153.300358, -29.770798], [153.301179, -29.771056]]], [[[153.369181, -29.361582], [153.369359, -29.361036], [153.368705, -29.360953], [153.368788, -29.361325], [153.369181, -29.361582]]], [[[153.360616, -29.35501], [153.361045, -29.35513], [153.361278, -29.354731], [153.360792, -29.35455], [153.360616, -29.35501]]], [[[153.361936, -29.35620400000001], [153.361952, -29.355932], [153.361543, -29.355833], [153.361497, -29.356378], [153.361936, -29.35620400000001]]]]}}, {"type": "Feature", "properties": {"index": "PRKS", "division": "Parkes", "state": "New South Wales", "year": "1992", "proclaimed": "19920131", "quota": "0", "electors": "0", "deviation": ""}, "geometry": {"type": "Polygon", "coordinates": [[[140.999475, -28.999095], [141.00248, -33.335281], [141.260349, -33.365555], [141.259658, -33.344826], [141.297661, -33.350354], [141.32599, -33.366937], [141.34741, -33.378683], [141.397849, -32.980002], [141.58648, -33.001422], [141.583716, -33.091937], [141.638302, -33.100228], [142.030764, -33.149286], [142.019018, -33.0871], [142.124043, -33.098155], [142.133026, -33.121648], [142.28089, -33.133394], [142.291254, -33.11612], [142.303001, -33.110593], [142.291254, -33.096083], [142.294018, -33.0795], [142.317511, -33.055316], [142.346531, -33.047716], [142.379697, -33.024223], [142.374169, -32.970329], [142.432209, -32.980002], [142.443265, -33.00004], [142.555199, -33.018005], [142.513742, -32.848721], [142.948353, -32.892596], [142.970118, -32.748532], [143.292103, -32.775134], [143.29003, -32.788262], [143.454823, -32.805536], [143.446531, -32.900888], [143.509754, -32.914361], [143.518736, -32.870831], [143.620307, -32.883614], [143.620998, -32.928871], [143.69182, -32.939236], [143.714622, -32.947873], [143.698385, -32.955819], [143.689057, -33.030096], [143.607524, -33.023878], [143.591632, -33.140304], [143.653127, -33.151014], [143.671092, -33.160341], [143.686984, -33.178652], [143.702185, -33.172779], [143.731205, -33.166215], [143.737769, -33.151705], [143.748133, -33.147559], [143.768516, -33.155505], [143.814465, -33.149977], [143.830702, -33.135122], [143.858341, -33.153086], [143.88667, -33.152741], [143.904289, -33.143413], [143.907398, -33.104029], [144.265313, -33.137885], [144.254949, -33.218727], [144.269804, -33.226673], [144.286387, -33.239801], [144.29157, -33.260875], [144.366538, -33.265021], [144.425615, -33.263639], [144.456362, -33.272622], [144.498165, -33.28575], [144.544805, -33.28575], [144.580389, -33.280913], [144.585225, -33.265021], [144.59939, -33.259148], [144.612864, -33.237728], [144.652248, -33.230819], [144.659503, -33.216309], [144.734472, -33.222873], [144.743896, -33.17395], [144.752655, -33.15593], [144.761002, -33.15802], [144.776138, -33.15889], [144.785797, -33.161449], [144.800156, -33.168289], [144.806885, -33.173229], [144.815765, -33.18087], [144.820465, -33.186497], [144.833771, -33.193447], [144.849716, -33.190468], [144.859131, -33.197208], [144.871368, -33.205059], [144.87471, -33.20369], [144.893204, -33.200249], [144.901672, -33.206989], [144.908783, -33.206738], [144.926346, -33.208687], [144.929718, -33.210716], [144.940262, -33.199966], [144.948959, -33.197685], [144.956833, -33.189987], [144.961639, -33.187489], [144.959045, -33.177017], [144.968277, -33.175518], [144.980423, -33.165436], [144.987915, -33.162025], [144.992569, -33.157608], [145.006592, -33.149437], [145.018753, -33.155178], [145.026123, -33.166027], [145.030823, -33.167248], [145.036926, -33.176685], [145.045013, -33.183197], [145.052383, -33.185078], [145.061234, -33.183006], [145.069138, -33.183865], [145.077011, -33.178875], [145.080704, -33.169155], [145.086868, -33.168674], [145.094986, -33.180695], [145.095581, -33.187004], [145.100845, -33.193527], [145.112106, -33.193356], [145.123795, -33.195885], [145.13121, -33.183445], [145.139481, -33.190868], [145.144012, -33.191265], [145.153931, -33.192116], [145.162979, -33.192764], [145.171951, -33.187439], [145.183731, -33.196346], [145.190643, -33.189095], [145.199493, -33.189373], [145.207748, -33.198013], [145.21611, -33.203033], [145.223907, -33.206036], [145.229218, -33.199234], [145.236313, -33.196823], [145.248352, -33.195065], [145.260818, -33.193962], [145.275742, -33.198273], [145.280243, -33.191364], [145.292862, -33.179333], [145.303787, -33.185345], [145.311676, -33.197582], [145.324371, -33.207085], [145.333878, -33.206333], [145.337387, -33.194134], [145.337906, -33.192333], [145.343109, -33.189133], [145.355087, -33.195145], [145.360382, -33.187103], [145.362228, -33.183361], [145.364746, -33.181091], [145.378601, -33.184494], [145.396027, -33.184254], [145.404892, -33.186661], [145.409958, -33.196091], [145.41037, -33.210522], [145.421972, -33.217345], [145.437973, -33.219891], [145.454849, -33.216831], [145.464096, -33.205372], [145.47345, -33.200901], [145.487656, -33.200031], [145.493486, -33.211818], [145.505737, -33.215012], [145.511108, -33.217072], [145.514526, -33.225651], [145.520844, -33.22422], [145.532974, -33.216949], [145.542755, -33.218693], [145.550247, -33.221542], [145.568359, -33.243721], [145.568817, -33.234932], [145.576889, -33.231812], [145.593536, -33.23312], [145.604691, -33.22945], [145.606457, -33.244638], [145.608841, -33.254719], [145.617828, -33.256222], [145.62059, -33.242142], [145.62236, -33.23798], [145.640625, -33.23455], [145.654587, -33.234612], [145.661133, -33.241619], [145.673813, -33.255199], [145.665329, -33.260471], [145.667572, -33.267799], [145.677216, -33.27359], [145.690613, -33.278149], [145.695663, -33.291698], [145.705444, -33.294998], [145.7173, -33.288158], [145.734482, -33.289459], [145.739304, -33.290821], [145.749054, -33.30405], [145.758957, -33.30191], [145.773163, -33.28968], [145.776489, -33.296349], [145.781433, -33.302898], [145.790482, -33.303089], [145.793915, -33.30476], [145.802902, -33.312088], [145.807632, -33.303078], [145.817184, -33.301079], [145.820755, -33.312019], [145.833633, -33.318928], [145.833878, -33.327618], [145.840866, -33.328758], [145.852173, -33.319309], [145.855911, -33.326538], [145.864105, -33.329258], [145.879517, -33.331047], [145.882721, -33.349937], [145.887817, -33.357388], [145.890076, -33.367878], [145.901215, -33.376686], [145.917496, -33.373898], [145.927002, -33.381588], [145.949463, -33.381397], [145.96022, -33.386368], [145.981171, -33.392036], [146.013992, -33.394886], [146.021927, -33.392757], [146.03215, -33.393665], [146.037399, -33.389046], [146.042511, -33.385777], [146.051926, -33.379578], [146.064301, -33.371807], [146.071548, -33.369556], [146.066288, -33.475762], [146.095653, -33.559023], [146.099454, -33.587697], [146.446313, -33.511347], [146.453223, -33.557295], [146.799737, -33.607735], [146.802846, -33.562477], [146.813901, -33.537257], [146.991477, -33.555568], [146.990095, -33.56766], [147.227092, -33.590807], [147.22571, -33.572842], [147.256803, -33.576296], [147.267168, -33.557986], [147.314153, -33.551077], [147.353192, -33.515147], [147.381866, -33.522747], [147.421251, -33.52482], [147.483437, -33.67303], [147.482468, -33.695621], [147.499674, -33.697214], [147.512894, -33.705933], [147.569115, -33.675449], [147.611263, -33.621899], [147.681395, -33.635373], [147.665849, -33.657138], [147.671031, -33.668884], [147.667922, -33.684431], [147.669304, -33.702396], [147.694869, -33.717942], [147.769838, -33.718288], [147.789184, -33.697559], [147.806458, -33.711033], [147.897934, -33.71558], [147.936703, -33.726579], [147.967796, -33.713451], [147.990943, -33.722088], [148.083877, -33.732798], [148.10616, -33.655584], [148.146926, -33.669748], [148.170937, -33.648501], [148.198057, -33.65092], [148.22915, -33.637964], [148.267153, -33.653683], [148.299455, -33.656965], [148.324329, -33.656793], [148.327576, -33.650986], [148.334045, -33.643646], [148.340759, -33.636753], [148.341156, -33.627625], [148.342985, -33.617926], [148.349609, -33.609566], [148.358093, -33.608536], [148.366318, -33.609085], [148.378915, -33.601171], [148.391524, -33.601689], [148.404134, -33.606871], [148.416855, -33.606174], [148.415588, -33.599274], [148.409409, -33.590515], [148.402649, -33.585903], [148.396042, -33.583652], [148.388596, -33.572735], [148.391418, -33.566975], [148.402252, -33.569732], [148.410278, -33.569424], [148.416473, -33.567493], [148.420258, -33.571312], [148.423477, -33.563984], [148.418869, -33.557114], [148.410248, -33.557575], [148.404724, -33.556683], [148.399063, -33.554783], [148.393921, -33.548813], [148.390686, -33.545094], [148.39093, -33.538895], [148.396724, -33.533975], [148.398178, -33.530766], [148.395752, -33.523766], [148.389404, -33.519043], [148.384827, -33.518154], [148.377136, -33.512985], [148.370926, -33.511414], [148.363831, -33.512672], [148.358276, -33.510864], [148.354058, -33.501673], [148.352325, -33.497684], [148.345718, -33.496796], [148.335358, -33.492634], [148.332382, -33.491844], [148.323776, -33.491405], [148.321583, -33.497528], [148.315704, -33.499424], [148.311386, -33.498756], [148.309036, -33.495525], [148.304245, -33.494583], [148.298325, -33.496284], [148.297928, -33.493916], [148.289978, -33.487835], [148.290317, -33.482327], [148.298781, -33.47248], [148.301718, -33.470235], [148.30542, -33.468536], [148.310355, -33.464534], [148.314835, -33.466263], [148.311996, -33.459503], [148.308762, -33.457596], [148.315628, -33.453526], [148.322205, -33.448895], [148.327606, -33.455654], [148.330292, -33.453953], [148.331345, -33.445835], [148.335648, -33.445484], [148.345215, -33.450436], [148.349396, -33.453476], [148.348709, -33.448624], [148.352875, -33.444675], [148.356247, -33.448845], [148.360275, -33.446583], [148.362695, -33.438796], [148.36734, -33.431923], [148.376341, -33.421177], [148.386032, -33.414055], [148.389786, -33.406944], [148.400116, -33.403423], [148.403634, -33.402003], [148.407776, -33.401272], [148.406525, -33.392742], [148.406815, -33.391125], [148.402344, -33.377934], [148.401535, -33.370945], [148.393555, -33.358555], [148.391907, -33.347164], [148.400697, -33.337399], [148.408298, -33.331353], [148.411331, -33.328854], [148.412643, -33.314083], [148.404419, -33.304512], [148.401184, -33.290752], [148.398712, -33.277115], [148.400528, -33.267323], [148.404831, -33.256683], [148.428508, -33.244983], [148.438527, -33.234274], [148.438843, -33.217072], [148.474284, -33.217518], [148.505895, -33.199726], [148.510214, -33.174506], [148.514705, -33.145486], [148.503304, -33.123894], [148.512632, -33.108174], [148.512287, -33.094528], [148.515914, -33.055834], [148.491903, -33.021114], [148.476184, -33.015932], [148.4406, -32.973611], [148.421599, -32.969811], [148.403807, -32.966874], [148.389815, -32.975856], [148.40277, -32.879986], [148.393788, -32.854076], [148.396897, -32.834729], [148.348876, -32.810545], [148.34671, -32.739765], [148.343063, -32.716885], [148.339233, -32.687344], [148.356262, -32.682064], [148.362004, -32.636425], [148.384114, -32.628133], [148.43808, -32.627434], [148.465647, -32.61466], [148.477048, -32.639189], [148.508141, -32.618805], [148.617657, -32.661645], [148.630157, -32.6478], [148.637894, -32.633442], [148.653442, -32.638832], [148.661789, -32.6408], [148.666931, -32.62973], [148.678024, -32.619389], [148.69165, -32.612888], [148.702209, -32.613289], [148.694702, -32.605358], [148.690216, -32.598572], [148.70488, -32.591148], [148.708359, -32.58876], [148.697937, -32.578529], [148.712463, -32.57518], [148.721939, -32.574959], [148.724075, -32.570419], [148.715576, -32.5653], [148.714005, -32.560822], [148.714172, -32.55315], [148.709167, -32.553219], [148.700989, -32.553959], [148.706528, -32.543148], [148.711782, -32.539259], [148.711929, -32.530361], [148.709686, -32.524799], [148.700317, -32.523838], [148.701172, -32.513279], [148.705736, -32.508339], [148.700302, -32.500751], [148.706879, -32.494171], [148.715897, -32.492149], [148.723602, -32.49493], [148.723328, -32.486549], [148.725067, -32.476791], [148.733734, -32.46846], [148.725525, -32.462078], [148.724392, -32.454444], [148.719555, -32.445635], [148.717194, -32.437931], [148.717285, -32.436478], [148.710648, -32.434231], [148.703629, -32.434689], [148.703674, -32.420609], [148.701072, -32.41316], [148.698685, -32.403461], [148.711136, -32.409508], [148.716995, -32.41547], [148.72681, -32.418169], [148.733719, -32.423271], [148.744095, -32.415279], [148.751694, -32.41824], [148.778114, -32.387595], [148.767059, -32.371012], [148.782087, -32.340955], [148.81128, -32.36082], [148.844964, -32.328863], [148.858265, -32.327136], [148.868284, -32.30468], [148.893158, -32.301052], [148.896942, -32.280037], [148.918896, -32.272896], [148.943252, -32.254413], [148.946189, -32.218311], [148.95448, -32.17668], [148.99041, -32.155606], [149.001465, -32.138678], [149.014593, -32.130732], [149.017703, -32.115185], [149.03774, -32.107239], [149.036704, -32.089275], [149.021503, -32.065437], [149.01563, -32.056109], [149.024612, -32.038144], [149.029103, -32.010851], [149.027376, -31.99495900000001], [149.038086, -31.928973], [149.031176, -31.91619], [149.016321, -31.912736], [149.001465, -31.928973], [148.985919, -31.921718], [148.981427, -31.908935], [148.86742, -31.892007], [148.777596, -31.885443], [148.737866, -31.88337], [148.702282, -31.88578800000001], [148.680862, -31.87715100000001], [148.62524, -31.892352], [148.604166, -31.925518], [148.546817, -31.95212], [148.509505, -31.97734], [148.483594, -32.001869], [148.443173, -32.022597], [148.422119, -32.016541], [148.376842, -31.960412], [148.356113, -31.925173], [148.349894, -31.895807], [148.331787, -31.862463], [148.321565, -31.852968], [148.313274, -31.798383], [148.351967, -31.801146], [148.361641, -31.724105], [148.309128, -31.723068], [148.338379, -31.589312], [148.306152, -31.572853], [148.28909, -31.579695], [148.298764, -31.509909], [148.307055, -31.44945], [148.32502, -31.451178], [148.316383, -31.395901], [148.296345, -31.371372], [148.271816, -31.386573], [148.246942, -31.385882], [148.232432, -31.36999], [148.206176, -31.336134], [148.170592, -31.303313], [148.119115, -31.26012800000001], [148.086986, -31.244582], [148.045529, -31.220053], [148.015472, -31.186196], [147.99958, -31.173759], [148.001653, -31.149576], [147.979542, -31.14163], [148.001308, -31.130229], [148.002441, -31.113476], [147.976028, -31.087215], [147.961487, -31.081816], [147.951508, -31.074825], [147.946793, -31.064217], [147.938263, -31.059376], [147.929871, -31.050806], [147.919373, -31.033436], [147.911483, -31.026586], [147.903381, -31.025766], [147.887772, -31.016066], [147.877823, -31.009527], [147.872711, -31.002527], [147.866302, -30.991007], [147.865311, -30.984697], [147.81572, -30.991877], [147.809568, -30.968545], [147.7498, -30.991001], [147.713525, -30.887013], [147.700397, -30.858684], [147.700397, -30.829663], [147.515289, -30.805199], [147.52213, -30.760913], [147.552532, -30.750895], [147.563587, -30.727402], [147.563587, -30.704255], [147.59399, -30.654506], [147.592262, -30.615813], [147.58017, -30.575046], [147.601936, -30.576428], [147.598419, -30.555889], [147.600983, -30.546669], [147.603729, -30.537909], [147.60231, -30.525728], [147.611176, -30.520658], [147.620056, -30.515089], [147.621536, -30.512468], [147.607941, -30.492678], [147.59404, -30.469639], [147.578979, -30.46077], [147.573181, -30.448259], [147.5728, -30.437609], [147.340064, -30.401962], [147.335918, -30.424073], [147.223292, -30.408181], [147.199109, -30.396435], [147.18309, -30.372412], [147.195114, -30.345682], [147.200195, -30.334942], [147.204636, -30.32112], [147.205124, -30.310057], [147.214371, -30.300442], [147.211121, -30.290611], [147.213699, -30.282303], [147.216278, -30.271652], [147.223328, -30.264063], [147.226013, -30.250252], [147.23233, -30.241482], [147.239487, -30.236603], [147.241852, -30.231632], [147.239532, -30.218102], [147.23671, -30.208902], [147.23967, -30.183083], [147.246613, -30.175673], [147.251251, -30.164291], [147.243652, -30.155731], [147.244049, -30.148872], [147.253694, -30.13629], [147.260254, -30.130802], [147.2715, -30.124662], [147.288803, -30.134552], [147.291092, -30.132532], [147.296539, -30.132971], [147.303604, -30.134491], [147.317307, -30.13401], [147.331131, -30.135241], [147.341843, -30.142881], [147.351212, -30.148001], [147.359207, -30.15231100000001], [147.364197, -30.15094], [147.378418, -30.15225], [147.388489, -30.150061], [147.399368, -30.14624], [147.401016, -30.140461], [147.418487, -30.030574], [147.418832, -30.000517], [147.439907, -29.988771], [147.484819, -29.993608], [147.49311, -29.943168], [147.502092, -29.917603], [147.501747, -29.89722], [147.500365, -29.85438], [147.456144, -29.851616], [147.459253, -29.841943], [147.437143, -29.838143], [147.432306, -29.826051], [147.421942, -29.806359], [147.402249, -29.787703], [147.44578, -29.784594], [147.429542, -29.757992], [147.420214, -29.749355], [147.419869, -29.736227], [147.385321, -29.717571], [147.368134, -29.70158], [147.348892, -29.693211], [147.347855, -29.681372], [147.363235, -29.670101], [147.370743, -29.666151], [147.381851, -29.651611], [147.387421, -29.6436], [147.389664, -29.633591], [147.397888, -29.622841], [147.405884, -29.612921], [147.410156, -29.603441], [147.413773, -29.59713], [147.410812, -29.585051], [147.410553, -29.568701], [147.419724, -29.560911], [147.426941, -29.553579], [147.426682, -29.54501000000001], [147.433655, -29.53294], [147.453644, -29.52335], [147.470673, -29.511839], [147.481888, -29.497059], [147.487167, -29.491079], [147.484848, -29.485331], [147.497345, -29.47167], [147.509842, -29.46456], [147.514999, -29.465229], [147.5177, -29.459589], [147.527359, -29.44808], [147.545532, -29.44141], [147.550049, -29.437349], [147.552078, -29.42042], [147.552078, -29.419859], [147.564697, -29.409809], [147.56778, -29.40078], [147.567657, -29.399988], [147.573303, -29.386], [147.577026, -29.378319], [147.587708, -29.37233], [147.594269, -29.368599], [147.610229, -29.362488], [147.626846, -29.359308], [147.639709, -29.350048], [147.660568, -29.350348], [147.677414, -29.339949], [147.680115, -29.334297], [147.689972, -29.317698], [147.701035, -29.308428], [147.714752, -29.294298], [147.724121, -29.28299700000001], [147.733002, -29.278698], [147.738007, -29.276657], [147.748062, -29.28125800000001], [147.759415, -29.288338], [147.772781, -29.288877], [147.774078, -29.287407], [147.776402, -29.265341], [147.794693, -29.258467], [147.803162, -29.252018], [147.806503, -29.249977], [147.815216, -29.241158], [147.82251, -29.230537], [147.830185, -29.220127], [147.832474, -29.212458], [147.838348, -29.205326], [147.838196, -29.196077], [147.828644, -29.186857], [147.842209, -29.169437], [147.851929, -29.160048], [147.861908, -29.144907], [147.870331, -29.131676], [147.880829, -29.123186], [147.882736, -29.117426], [147.893372, -29.111296], [147.904938, -29.113966], [147.909958, -29.115976], [147.925781, -29.119877], [147.938431, -29.075674], [147.964325, -28.999069], [140.999475, -28.999095]]]}}, {"type": "Feature", "properties": {"index": "PMTA", "division": "Parramatta", "state": "New South Wales", "year": "1992", "proclaimed": "19920131", "quota": "0", "electors": "0", "deviation": ""}, "geometry": {"type": "Polygon", "coordinates": [[[150.959224, -33.803014], [150.961923, -33.803466], [150.965651, -33.804136], [150.97012, -33.806248], [150.974052, -33.807576], [150.97692, -33.808154], [150.979774, -33.808183], [150.982482, -33.80795], [150.984981, -33.807906], [150.987113, -33.808448], [150.990112, -33.809518], [150.992178, -33.810602], [150.990898, -33.813192], [150.995004, -33.817444], [150.993839, -33.818608], [150.994654, -33.820792], [150.997799, -33.821579], [151.003361, -33.822277], [151.004497, -33.822802], [151.011515, -33.823268], [151.011718, -33.822277], [151.021503, -33.82318], [151.022587, -33.814172], [151.024353, -33.814198], [151.025609, -33.815725], [151.027618, -33.817581], [151.032379, -33.81884], [151.037664, -33.819307], [151.04112, -33.818173], [151.043076, -33.817879], [151.044362, -33.819045], [151.046616, -33.821259], [151.049575, -33.824403], [151.051103, -33.824238], [151.064492, -33.824019], [151.07382, -33.818439], [151.07623, -33.819636], [151.079498, -33.819249], [151.079456, -33.818373], [151.077676, -33.817658], [151.076312, -33.817349], [151.074885, -33.812602], [151.071711, -33.807623], [151.070284, -33.806895], [151.070051, -33.806079], [151.06679, -33.803517], [151.066104, -33.802483], [151.066001, -33.797851], [151.065261, -33.796496], [151.065127, -33.795035], [151.065698, -33.794231], [151.066374, -33.792665], [151.065764, -33.790864], [151.064344, -33.787617], [151.063048, -33.785888], [151.0681, -33.783919], [151.067023, -33.7829], [151.066208, -33.782317], [151.065509, -33.781968], [151.065945, -33.781327], [151.066178, -33.780687], [151.065581, -33.780454], [151.065014, -33.779988], [151.064752, -33.779202], [151.062888, -33.779289], [151.061607, -33.775363], [151.052177, -33.7776], [151.051268, -33.773961], [151.050878, -33.7704], [151.047849, -33.767372], [151.044238, -33.767663], [151.042229, -33.768711], [151.039201, -33.769672], [151.034011, -33.769549], [151.031498, -33.769185], [151.029177, -33.768207], [151.026533, -33.767983], [151.0263, -33.768944], [151.023971, -33.768886], [151.023039, -33.769876], [151.020651, -33.769818], [151.01838, -33.769963], [151.016895, -33.771128], [151.015176, -33.772118], [151.012963, -33.771827], [151.011041, -33.770662], [151.008887, -33.769789], [151.006033, -33.7704], [151.005596, -33.769031], [151.004897, -33.766207], [151.001403, -33.764256], [150.998487, -33.767565], [150.995482, -33.768374], [150.988124, -33.769759], [150.979475, -33.772118], [150.973759, -33.772822], [150.96955, -33.773141], [150.967682, -33.772875], [150.96786, -33.771349], [150.959179, -33.768391], [150.95964, -33.771003], [150.961101, -33.773953], [150.962557, -33.775816], [150.957781, -33.778408], [150.95318, -33.776137], [150.948044, -33.780877], [150.94921, -33.78204], [150.950723, -33.785365], [150.951464, -33.787486], [150.952102, -33.792124], [150.95251, -33.795851], [150.954301, -33.79922], [150.956157, -33.801165], [150.959224, -33.803014]]]}}, {"type": "Feature", "properties": {"index": "PTSN", "division": "Paterson", "state": "New South Wales", "year": "1992", "proclaimed": "19920131", "quota": "0", "electors": "0", "deviation": ""}, "geometry": {"type": "MultiPolygon", "coordinates": [[[[151.687535, -32.821672], [151.69243, -32.825188], [151.691798, -32.825766], [151.692532, -32.825358], [151.69331, -32.826529], [151.694605, -32.825747], [151.693644, -32.827016], [151.695257, -32.828083], [151.696709, -32.826747], [151.697589, -32.827389], [151.695924, -32.828699], [151.700611, -32.831341], [151.702657, -32.831844], [151.708311, -32.830854], [151.708264, -32.832098], [151.709241, -32.830934], [151.721231, -32.833671], [151.729941, -32.836557], [151.732197, -32.838262], [151.735485, -32.844155], [151.742112, -32.848146], [151.748054, -32.849792], [151.756175, -32.850569], [151.756742, -32.852628], [151.768297, -32.852278], [151.767921, -32.85033], [151.769822, -32.848965], [151.767838, -32.846372], [151.768755, -32.844599], [151.768205, -32.843616], [151.769098, -32.841885], [151.770438, -32.841754], [151.771795, -32.840333], [151.773689, -32.83661], [151.771514, -32.831547], [151.769828, -32.829555], [151.77261, -32.825223], [151.775067, -32.823812], [151.783973, -32.820293], [151.796644, -32.819128], [151.808691, -32.820564], [151.817589, -32.824565], [151.818578, -32.831151], [151.814174, -32.83951], [151.811702, -32.840707], [151.808568, -32.843832], [151.808548, -32.84508], [151.803841, -32.850298], [151.792817, -32.856465], [151.790378, -32.860399], [151.789772, -32.865638], [151.793469, -32.872833], [151.794074, -32.877643], [151.807889, -32.879932], [151.81011, -32.87822], [151.835346, -32.862835], [151.852947, -32.853332], [151.885443, -32.838213], [151.92589, -32.821988], [151.976358, -32.804873], [152.017522, -32.793031], [152.053106, -32.78531], [152.073691, -32.783477], [152.07769, -32.785794], [152.077991, -32.787635], [152.079572, -32.787917], [152.079834, -32.789076], [152.082592, -32.787476], [152.08312, -32.788753], [152.083686, -32.78769], [152.08488, -32.790141], [152.08583, -32.788014], [152.087703, -32.788015], [152.088152, -32.7891], [152.088767, -32.788977], [152.088575, -32.789848], [152.089924, -32.789558], [152.091037, -32.791284], [152.092073, -32.791055], [152.092709, -32.788924], [152.095128, -32.790314], [152.097255, -32.788941], [152.0989, -32.789048], [152.099738, -32.788029], [152.100929, -32.790424], [152.100522, -32.789137], [152.101378, -32.788702], [152.102517, -32.789391], [152.104135, -32.787695], [152.104644, -32.788599], [152.106375, -32.788686], [152.105519, -32.789942], [152.107929, -32.790259], [152.108563, -32.793476], [152.109529, -32.793158], [152.109801, -32.791148], [152.11061, -32.791691], [152.112037, -32.791101], [152.112353, -32.792091], [152.115602, -32.792876], [152.114649, -32.791919], [152.115554, -32.791701], [152.115744, -32.790452], [152.111611, -32.789223], [152.111698, -32.787974], [152.114024, -32.788468], [152.114309, -32.786755], [152.116878, -32.787763], [152.117165, -32.788674], [152.118776, -32.787562], [152.120644, -32.788958], [152.119486, -32.78654], [152.120179, -32.785203], [152.120838, -32.785891], [152.121681, -32.784994], [152.122138, -32.785862], [152.123304, -32.784799], [152.121728, -32.784646], [152.121153, -32.782814], [152.119088, -32.781887], [152.119062, -32.781327], [152.121777, -32.781032], [152.120574, -32.780189], [152.121269, -32.780067], [152.116905, -32.779809], [152.116236, -32.777911], [152.116948, -32.774166], [152.121561, -32.769243], [152.126748, -32.766097], [152.132348, -32.764151], [152.134114, -32.766347], [152.135432, -32.766277], [152.135875, -32.765286], [152.1365, -32.766416], [152.139884, -32.764136], [152.139869, -32.765758], [152.142289, -32.765422], [152.143239, -32.766567], [152.144736, -32.765609], [152.143562, -32.765096], [152.143633, -32.764199], [152.145664, -32.764666], [152.145906, -32.765459], [152.147264, -32.764836], [152.14826, -32.765916], [152.148742, -32.765467], [152.147823, -32.764382], [152.149036, -32.763709], [152.151801, -32.765302], [152.152503, -32.763899], [152.153514, -32.764269], [152.153836, -32.765534], [152.155687, -32.765339], [152.155258, -32.764401], [152.156133, -32.763742], [152.158415, -32.7649], [152.158615, -32.76394], [152.160065, -32.763869], [152.159917, -32.762133], [152.161052, -32.761284], [152.160653, -32.759693], [152.162249, -32.759327], [152.163592, -32.760601], [152.1638, -32.758813], [152.16559, -32.760984], [152.166707, -32.760062], [152.168341, -32.761956], [152.169548, -32.759851], [152.172615, -32.761656], [152.170927, -32.759887], [152.170923, -32.758627], [152.169265, -32.757533], [152.169976, -32.756941], [152.173017, -32.757116], [152.172069, -32.756468], [152.173405, -32.755547], [152.174174, -32.755916], [152.174252, -32.754853], [152.176033, -32.754788], [152.172862, -32.752081], [152.174787, -32.74919], [152.174354, -32.748271], [152.172537, -32.748605], [152.171464, -32.74782], [152.170677, -32.746356], [152.170981, -32.744437], [152.172608, -32.742255], [152.176112, -32.7404], [152.180027, -32.739923], [152.18685, -32.741132], [152.18329, -32.736404], [152.18302, -32.734311], [152.184362, -32.733846], [152.183336, -32.733052], [152.182953, -32.730299], [152.184548, -32.727816], [152.183445, -32.726147], [152.184199, -32.723157], [152.185031, -32.722833], [152.184497, -32.721884], [152.185725, -32.718768], [152.189322, -32.717873], [152.1883, -32.716621], [152.18896, -32.714604], [152.18808, -32.714499], [152.188999, -32.714031], [152.18899, -32.713071], [152.187501, -32.711553], [152.185704, -32.711098], [152.182558, -32.714316], [152.183427, -32.716333], [152.18233, -32.718253], [152.17616, -32.719839], [152.171735, -32.719221], [152.168518, -32.717381], [152.165066, -32.714344], [152.161846, -32.709604], [152.159165, -32.710205], [152.15725, -32.713674], [152.154478, -32.713372], [152.151008, -32.714482], [152.148484, -32.718062], [152.146992, -32.716812], [152.13844, -32.717876], [152.134782, -32.719682], [152.131119, -32.719272], [152.129128, -32.720138], [152.112924, -32.716277], [152.107065, -32.718057], [152.106201, -32.717016], [152.104243, -32.716524], [152.106142, -32.717122], [152.105939, -32.718019], [152.103335, -32.717174], [152.103643, -32.716227], [152.101205, -32.719477], [152.104015, -32.721182], [152.104367, -32.722626], [152.102071, -32.726871], [152.099932, -32.728065], [152.091073, -32.728176], [152.084025, -32.724903], [152.081473, -32.722223], [152.080501, -32.719578], [152.078882, -32.719408], [152.077789, -32.720332], [152.076601, -32.719506], [152.074698, -32.716099], [152.072016, -32.707048], [152.069613, -32.707343], [152.068433, -32.706651], [152.066457, -32.703946], [152.065513, -32.699215], [152.063803, -32.698469], [152.061992, -32.699274], [152.062753, -32.69985], [152.06234, -32.700864], [152.060942, -32.700589], [152.0612, -32.701795], [152.062494, -32.701549], [152.062913, -32.702484], [152.06271, -32.707236], [152.059894, -32.708751], [152.059497, -32.710303], [152.060981, -32.711666], [152.063402, -32.71234], [152.062312, -32.714244], [152.06444, -32.713918], [152.065222, -32.714617], [152.065487, -32.717286], [152.066878, -32.717971], [152.067251, -32.720535], [152.066445, -32.724195], [152.068255, -32.725724], [152.071941, -32.726715], [152.072756, -32.731457], [152.069545, -32.735976], [152.059998, -32.735879], [152.062801, -32.73491], [152.06148, -32.729872], [152.062401, -32.725652], [152.059907, -32.724574], [152.058717, -32.725067], [152.05922, -32.723795], [152.058252, -32.722456], [152.059923, -32.717826], [152.058568, -32.716154], [152.055952, -32.718843], [152.055022, -32.727275], [152.048507, -32.728703], [152.044325, -32.72726], [152.041846, -32.729529], [152.040189, -32.729678], [152.039628, -32.728341], [152.035914, -32.727006], [152.032219, -32.724085], [152.021508, -32.72038], [152.018578, -32.721725], [152.014172, -32.721034], [152.013209, -32.721926], [152.01094, -32.722058], [152.012589, -32.724244], [152.009743, -32.726866], [151.997967, -32.727457], [151.995553, -32.726267], [151.994003, -32.72381], [151.994437, -32.722226], [151.996791, -32.722085], [151.996407, -32.720669], [151.988084, -32.719213], [151.988949, -32.720613], [151.987309, -32.725755], [151.980267, -32.726857], [151.977452, -32.728843], [151.97355, -32.727319], [151.968453, -32.731441], [151.963259, -32.731468], [151.959247, -32.734642], [151.954945, -32.734823], [151.952514, -32.733359], [151.947354, -32.738366], [151.944754, -32.739161], [151.942177, -32.738843], [151.939893, -32.736792], [151.936455, -32.736885], [151.936318, -32.735654], [151.940532, -32.733571], [151.946428, -32.733945], [151.943481, -32.730476], [151.941964, -32.722792], [151.942947, -32.718639], [151.944489, -32.71705], [151.948145, -32.715152], [151.963041, -32.71272], [151.96735, -32.712601], [151.969262, -32.714807], [151.971853, -32.708189], [151.973864, -32.706453], [151.978206, -32.705855], [151.978859, -32.69665], [151.977628, -32.687684], [151.976223, -32.689335], [151.976117, -32.69115], [151.977115, -32.69149], [151.976174, -32.692369], [151.973976, -32.693109], [151.97264, -32.691069], [151.970929, -32.690354], [151.963726, -32.691877], [151.963846, -32.69344], [151.962472, -32.693982], [151.963264, -32.695187], [151.962433, -32.695153], [151.961431, -32.696826], [151.960788, -32.696041], [151.960137, -32.697447], [151.96017, -32.696624], [151.959042, -32.696166], [151.959312, -32.695506], [151.95967, -32.695641], [151.95983, -32.696303], [151.960664, -32.694962], [151.961377, -32.696006], [151.961655, -32.693372], [151.962552, -32.692826], [151.959505, -32.693267], [151.956754, -32.692227], [151.952864, -32.686665], [151.952617, -32.681736], [151.954872, -32.677334], [151.951065, -32.676313], [151.949382, -32.676705], [151.949243, -32.678313], [151.948638, -32.676869], [151.944606, -32.676772], [151.9445, -32.675549], [151.945857, -32.674663], [151.946203, -32.675572], [151.949871, -32.673818], [151.948808, -32.672624], [151.95022, -32.672812], [151.949464, -32.671437], [151.953604, -32.675293], [151.956364, -32.674973], [151.957242, -32.671555], [151.958582, -32.67084], [151.95932, -32.668197], [151.957828, -32.668098], [151.957776, -32.666832], [151.958527, -32.667324], [151.957894, -32.667745], [151.959207, -32.667447], [151.960549, -32.668714], [151.959711, -32.668996], [151.960419, -32.669862], [151.960274, -32.672269], [151.961552, -32.672686], [151.963409, -32.671408], [151.963255, -32.670302], [151.967372, -32.666225], [151.965609, -32.66164], [151.968364, -32.654379], [151.969915, -32.653778], [151.972689, -32.658701], [151.976532, -32.660969], [151.980751, -32.661721], [151.984275, -32.664883], [151.987393, -32.661557], [151.986819, -32.660948], [151.987672, -32.659621], [151.99168, -32.659583], [151.990052, -32.663918], [151.990766, -32.665618], [151.993014, -32.666912], [151.993112, -32.668596], [151.994013, -32.668876], [151.996207, -32.668454], [152.003478, -32.670005], [152.005712, -32.66891], [152.00644, -32.667496], [152.01222, -32.667766], [152.012505, -32.666472], [152.013054, -32.66907], [152.01663, -32.667621], [152.021635, -32.667921], [152.023921, -32.669111], [152.025075, -32.668565], [152.025634, -32.665956], [152.029803, -32.664021], [152.029711, -32.666327], [152.031585, -32.667675], [152.033505, -32.6678], [152.031932, -32.669355], [152.034305, -32.66942], [152.035343, -32.670469], [152.033035, -32.673599], [152.035309, -32.674544], [152.034641, -32.676769], [152.040066, -32.677002], [152.039944, -32.677769], [152.042408, -32.679748], [152.043164, -32.678303], [152.044785, -32.678412], [152.045259, -32.675866], [152.046582, -32.674771], [152.045463, -32.67209], [152.046136, -32.670431], [152.044659, -32.668674], [152.043732, -32.664582], [152.04379, -32.660358], [152.047701, -32.656826], [152.048528, -32.653747], [152.050767, -32.653273], [152.052091, -32.651018], [152.053899, -32.649866], [152.061467, -32.65], [152.062845, -32.651253], [152.063158, -32.654142], [152.062641, -32.65564], [152.060527, -32.656935], [152.06028, -32.659273], [152.062104, -32.659914], [152.062446, -32.660962], [152.061871, -32.662285], [152.058565, -32.664629], [152.06165, -32.666131], [152.062098, -32.667586], [152.061384, -32.669615], [152.059454, -32.672013], [152.05352, -32.67369], [152.05045, -32.675633], [152.050357, -32.676504], [152.052287, -32.679015], [152.05391, -32.679034], [152.054666, -32.681419], [152.056341, -32.682883], [152.057009, -32.682158], [152.061346, -32.682228], [152.063123, -32.683], [152.061478, -32.681643], [152.062635, -32.680452], [152.064298, -32.680774], [152.064538, -32.681651], [152.065813, -32.681548], [152.066131, -32.683785], [152.065308, -32.685444], [152.063265, -32.685845], [152.060564, -32.68459], [152.058487, -32.685993], [152.060414, -32.686539], [152.061423, -32.688072], [152.068787, -32.689564], [152.071694, -32.689302], [152.075657, -32.687208], [152.082248, -32.68789], [152.087955, -32.683635], [152.090543, -32.683564], [152.098745, -32.685599], [152.104101, -32.681962], [152.107496, -32.680655], [152.112561, -32.681536], [152.114385, -32.681105], [152.115071, -32.677691], [152.113316, -32.673568], [152.113568, -32.671726], [152.116596, -32.66702], [152.120568, -32.662791], [152.120019, -32.659014], [152.12046, -32.657838], [152.121898, -32.657751], [152.122749, -32.660252], [152.125312, -32.661334], [152.127666, -32.66633], [152.129738, -32.667399], [152.136706, -32.668618], [152.137652, -32.67098], [152.136026, -32.671608], [152.136279, -32.67236], [152.131932, -32.673698], [152.127617, -32.676114], [152.12828, -32.682037], [152.129241, -32.683131], [152.128843, -32.680779], [152.129806, -32.683706], [152.131851, -32.684744], [152.12949, -32.685677], [152.136809, -32.68392], [152.139916, -32.685805], [152.13864, -32.684665], [152.139609, -32.683495], [152.141442, -32.68404], [152.139916, -32.682976], [152.142, -32.679298], [152.143589, -32.677877], [152.145532, -32.67743], [152.146476, -32.677444], [152.146523, -32.678938], [152.154097, -32.679609], [152.158103, -32.682612], [152.160257, -32.681151], [152.167117, -32.678852], [152.173103, -32.67834], [152.178152, -32.680008], [152.181655, -32.683078], [152.184037, -32.686788], [152.184595, -32.690487], [152.189655, -32.694394], [152.190308, -32.699239], [152.191753, -32.70048], [152.195718, -32.701866], [152.202675, -32.699972], [152.205043, -32.70122], [152.206378, -32.700039], [152.20546, -32.699034], [152.206982, -32.697724], [152.208648, -32.697695], [152.208707, -32.695583], [152.206368, -32.69436], [152.202695, -32.694348], [152.201769, -32.693684], [152.197011, -32.694968], [152.191883, -32.694347], [152.188388, -32.690086], [152.186671, -32.685393], [152.186161, -32.676113], [152.187728, -32.666084], [152.191057, -32.656433], [152.195678, -32.647922], [152.201829, -32.640351], [152.214414, -32.627575], [152.231255, -32.615845], [152.244665, -32.608921], [152.263711, -32.602151], [152.267932, -32.601522], [152.269287, -32.603841], [152.270685, -32.602745], [152.26915, -32.60042], [152.270784, -32.598748], [152.285026, -32.594775], [152.289385, -32.588357], [152.299099, -32.565483], [152.302933, -32.559295], [152.310541, -32.549798], [152.317373, -32.542737], [152.33563, -32.527079], [152.36423, -32.508746], [152.387181, -32.497823], [152.406847, -32.490264], [152.409922, -32.48718], [152.418854, -32.482549], [152.448291, -32.470819], [152.479054, -32.460889], [152.493839, -32.457238], [152.499522, -32.457621], [152.501412, -32.455978], [152.515017, -32.452128], [152.518067, -32.452329], [152.518615, -32.454395], [152.519715, -32.454953], [152.520657, -32.45386], [152.520304, -32.449381], [152.519573, -32.44832], [152.521216, -32.447088], [152.533651, -32.442982], [152.536471, -32.44263], [152.539786, -32.443606], [152.53951, -32.437756], [152.537907, -32.435965], [152.537527, -32.433604], [152.535635, -32.433493], [152.534786, -32.434759], [152.5332, -32.435071], [152.529575, -32.434628], [152.527801, -32.432299], [152.52632, -32.431635], [152.52623, -32.430084], [152.524665, -32.431509], [152.523127, -32.431455], [152.519552, -32.428291], [152.5184, -32.424984], [152.518575, -32.421724], [152.517227, -32.420198], [152.517396, -32.41785], [152.516546, -32.416445], [152.516568, -32.415591], [152.517429, -32.415316], [152.516815, -32.413695], [152.518045, -32.412931], [152.516295, -32.409877], [152.516316, -32.408505], [152.517072, -32.405079], [152.51827, -32.404718], [152.5194, -32.40208], [152.518308, -32.401329], [152.518411, -32.399355], [152.522735, -32.388081], [152.52768, -32.380761], [152.530241, -32.379298], [152.532304, -32.380384], [152.533712, -32.37977], [152.533294, -32.378773], [152.532087, -32.378525], [152.532645, -32.374331], [152.531867, -32.373412], [152.533053, -32.372565], [152.529901, -32.370672], [152.53223, -32.367242], [152.534162, -32.361403], [152.535183, -32.35782], [152.534505, -32.35565], [152.540299, -32.349126], [152.544507, -32.348939], [152.541058, -32.346331], [152.541562, -32.343236], [152.545767, -32.3371], [152.548065, -32.33558], [152.550753, -32.336609], [152.550583, -32.334962], [152.55169, -32.33461], [152.550953, -32.33254], [152.546216, -32.327429], [152.545532, -32.328547], [152.543446, -32.329408], [152.541383, -32.328979], [152.540563, -32.330315], [152.538274, -32.330128], [152.53638, -32.328984], [152.535129, -32.327552], [152.535364, -32.326119], [152.53391, -32.32463], [152.53374, -32.323047], [152.529394, -32.319403], [152.529123, -32.317898], [152.530018, -32.317525], [152.529798, -32.316752], [152.530829, -32.316787], [152.523441, -32.311726], [152.522915, -32.306189], [152.523695, -32.29441], [152.526407, -32.281806], [152.471948, -32.262906], [152.469001, -32.245902], [152.456078, -32.234793], [152.430005, -32.224137], [152.415948, -32.200331], [152.39502, -32.193348], [152.369696, -32.188315], [152.346771, -32.182995], [152.33783, -32.174587], [152.335403, -32.157528], [152.310532, -32.164867], [152.296219, -32.164268], [152.27037, -32.161957], [152.240917, -32.164509], [152.215978, -32.165869], [152.163605, -32.137982], [152.14252, -32.14365], [152.105194, -32.145828], [152.163832, -31.961818], [152.15771, -31.906724], [152.148188, -31.893575], [152.139862, -31.884089], [152.134674, -31.873499], [152.118622, -31.861389], [152.106924, -31.847777], [152.085312, -31.84104], [152.072433, -31.839048], [152.058258, -31.84129], [152.038483, -31.84268000000001], [152.028397, -31.83692], [152.019636, -31.834627], [152.009491, -31.83461], [151.999231, -31.826691], [151.993561, -31.82329], [151.983444, -31.81076], [151.967682, -31.803061], [151.958771, -31.80714], [151.945908, -31.80477], [151.946631, -31.77976], [151.964542, -31.76683600000001], [151.97406, -31.69422], [151.962601, -31.691509], [151.949203, -31.69149], [151.933151, -31.682161], [151.923416, -31.67639], [151.908279, -31.671211], [151.895691, -31.665241], [151.880554, -31.661861], [151.873169, -31.66197], [151.862274, -31.65484], [151.851151, -31.651041], [151.839737, -31.643902], [151.831467, -31.639141], [151.82428, -31.632751], [151.823013, -31.624531], [151.820282, -31.615402], [151.819275, -31.610971], [151.808151, -31.606352], [151.792953, -31.592951], [151.781577, -31.577523], [151.751649, -31.59226], [151.747568, -31.617879], [151.716232, -31.622602], [151.702957, -31.615162], [151.689789, -31.613493], [151.679306, -31.609592], [151.666718, -31.612173], [151.651382, -31.601902], [151.642761, -31.607143], [151.635178, -31.614002], [151.624329, -31.606403], [151.612732, -31.606274], [151.602158, -31.595064], [151.592346, -31.601814], [151.580719, -31.604393], [151.566788, -31.606215], [151.553818, -31.599754], [151.549026, -31.602774], [151.537169, -31.623774], [151.524429, -31.677994], [151.54125, -31.694738], [151.534675, -31.714917], [151.522205, -31.778853], [151.561882, -31.802885], [151.575939, -31.795857], [151.597024, -31.804019], [151.595664, -31.831226], [151.584327, -31.866141], [151.568457, -31.883372], [151.548959, -31.892214], [151.536942, -31.874076], [151.524019, -31.873623], [151.513817, -31.88768], [151.495906, -31.904911], [151.478675, -31.918287], [151.45816, -31.954464], [151.464233, -31.969154], [151.460358, -32.001385], [151.442626, -32.019406], [151.411209, -32.041023], [151.412245, -32.057042], [151.402949, -32.074046], [151.386398, -32.10284], [151.341961, -32.101253], [151.308179, -32.133901], [151.308406, -32.155666], [151.315262, -32.161175], [151.323596, -32.180153], [151.334564, -32.203995], [151.345815, -32.22527], [151.344228, -32.23706], [151.330398, -32.246809], [151.332665, -32.262906], [151.332438, -32.285579], [151.362564, -32.309727], [151.371208, -32.332284], [151.378357, -32.335667], [151.386172, -32.354956], [151.404309, -32.363571], [151.465298, -32.438163], [151.453282, -32.479427], [151.497719, -32.509128], [151.499306, -32.567622], [151.4755, -32.568756], [151.47346, -32.586667], [151.480035, -32.603671], [151.478221, -32.619542], [151.485023, -32.651963], [151.494545, -32.673955], [151.488877, -32.689599], [151.493638, -32.705697], [151.493638, -32.726102], [151.470966, -32.737211], [151.456456, -32.753082], [151.480715, -32.75807], [151.475727, -32.781876], [151.504294, -32.783916], [151.510416, -32.806135], [151.534902, -32.811123], [151.546465, -32.791171], [151.563696, -32.796613], [151.587728, -32.783689], [151.597704, -32.78777], [151.645316, -32.769859], [151.665268, -32.785503], [151.690207, -32.797746], [151.676604, -32.816564], [151.686052, -32.823238], [151.687535, -32.821672]]], [[[152.32313, -32.613499], [152.319667, -32.613958], [152.318835, -32.613587], [152.31895, -32.612767], [152.318072, -32.613775], [152.316597, -32.613792], [152.315482, -32.611772], [152.313829, -32.613421], [152.311467, -32.613227], [152.309481, -32.611999], [152.308961, -32.610637], [152.306818, -32.609685], [152.306709, -32.606744], [152.305258, -32.607247], [152.306323, -32.608962], [152.305501, -32.610328], [152.305936, -32.612025], [152.306993, -32.613092], [152.307768, -32.612736], [152.307281, -32.61496], [152.30822, -32.615251], [152.307108, -32.61717], [152.308044, -32.616401], [152.30742, -32.617199], [152.30881, -32.617636], [152.310612, -32.616314], [152.313081, -32.618548], [152.313246, -32.620611], [152.312237, -32.621322], [152.313209, -32.62195], [152.312682, -32.623179], [152.313307, -32.624138], [152.311957, -32.625743], [152.312026, -32.626782], [152.313162, -32.626493], [152.312909, -32.625389], [152.314211, -32.625618], [152.313752, -32.624386], [152.315167, -32.623443], [152.316006, -32.624262], [152.315516, -32.624416], [152.316654, -32.624249], [152.318312, -32.627982], [152.319219, -32.627907], [152.317474, -32.625824], [152.318125, -32.624921], [152.317316, -32.62378], [152.31754, -32.623441], [152.315238, -32.621059], [152.315268, -32.619975], [152.316355, -32.620054], [152.315063, -32.618494], [152.316851, -32.617595], [152.320409, -32.621914], [152.324644, -32.61979], [152.326141, -32.620407], [152.328625, -32.617393], [152.325994, -32.616174], [152.32608, -32.615573], [152.323571, -32.615601], [152.32313, -32.613499]]], [[[152.199699, -32.748175], [152.203386, -32.748537], [152.202649, -32.745856], [152.201033, -32.744522], [152.203153, -32.744091], [152.203134, -32.742357], [152.201739, -32.742652], [152.200471, -32.740997], [152.19888, -32.741482], [152.198383, -32.740592], [152.196919, -32.740429], [152.195926, -32.740781], [152.195788, -32.741711], [152.193875, -32.740001], [152.192362, -32.739834], [152.191391, -32.741962], [152.188468, -32.742159], [152.189945, -32.744052], [152.187741, -32.747406], [152.184939, -32.749721], [152.187317, -32.749948], [152.18783, -32.751016], [152.189108, -32.750482], [152.190502, -32.751173], [152.19207, -32.749175], [152.193741, -32.749889], [152.193005, -32.748487], [152.194184, -32.748401], [152.193823, -32.747564], [152.194576, -32.746954], [152.196105, -32.747766], [152.196092, -32.746964], [152.197426, -32.74687], [152.197109, -32.746103], [152.199044, -32.746788], [152.199699, -32.748175]]], [[[151.979316, -32.667224], [151.973989, -32.665379], [151.977139, -32.673981], [151.979986, -32.677565], [151.980013, -32.67315], [151.982089, -32.670746], [151.980304, -32.668632], [151.979316, -32.667224]]], [[[151.96519, -32.672291], [151.965769, -32.674583], [151.968624, -32.674735], [151.974857, -32.68023], [151.971084, -32.673313], [151.970453, -32.667667], [151.96798, -32.668583], [151.965977, -32.670782], [151.96519, -32.672291]]], [[[152.223292, -32.688434], [152.222558, -32.689376], [152.22455, -32.692699], [152.22647, -32.691018], [152.225963, -32.690943], [152.226404, -32.688653], [152.228733, -32.687263], [152.227786, -32.687257], [152.227876, -32.686613], [152.226879, -32.686449], [152.227526, -32.685909], [152.223466, -32.683765], [152.222566, -32.684175], [152.22306, -32.685782], [152.223292, -32.688434]]], [[[152.33295, -32.61673], [152.331354, -32.617375], [152.330973, -32.620738], [152.333706, -32.624373], [152.336223, -32.624763], [152.33664, -32.62277], [152.335634, -32.621284], [152.335981, -32.620577], [152.336912, -32.620938], [152.335992, -32.619748], [152.333336, -32.619938], [152.333794, -32.61887], [152.332709, -32.617695], [152.333398, -32.617366], [152.33295, -32.61673]]], [[[152.229973, -32.708031], [152.230452, -32.707231], [152.22969, -32.705192], [152.227181, -32.705736], [152.226179, -32.708324], [152.22656, -32.709343], [152.227438, -32.709549], [152.227924, -32.708019], [152.229868, -32.710466], [152.231345, -32.709887], [152.231079, -32.708937], [152.229973, -32.708031]]], [[[152.003373, -32.705751], [152.003305, -32.703676], [152.001555, -32.701645], [151.997591, -32.700017], [151.999246, -32.703186], [152.003373, -32.705751]]], [[[152.055001, -32.702588], [152.056198, -32.703707], [152.059403, -32.701847], [152.057078, -32.699856], [152.056477, -32.700423], [152.056977, -32.701204], [152.056302, -32.701295], [152.056882, -32.701872], [152.055417, -32.702154], [152.055001, -32.702588]]], [[[152.316553, -32.630535], [152.317714, -32.630727], [152.317447, -32.627736], [152.315971, -32.628318], [152.315971, -32.628603], [152.316649, -32.628357], [152.316211, -32.628917], [152.316553, -32.630535]]], [[[152.065647, -32.694866], [152.068751, -32.694173], [152.068443, -32.693442], [152.065934, -32.693431], [152.065647, -32.694866]]], [[[152.143344, -32.768496], [152.145119, -32.767938], [152.142967, -32.766771], [152.142393, -32.767712], [152.143344, -32.768496]]], [[[152.242349, -32.700194], [152.24153, -32.701736], [152.243037, -32.701659], [152.24333, -32.7002], [152.242349, -32.700194]]], [[[151.985445, -32.671245], [151.98705, -32.671167], [151.98651, -32.670546], [151.983883, -32.669715], [151.984987, -32.670212], [151.985445, -32.671245]]], [[[152.017065, -32.674245], [152.017153, -32.672803], [152.015931, -32.673696], [152.015822, -32.674526], [152.017065, -32.674245]]], [[[152.161848, -32.764237], [152.161365, -32.763466], [152.160662, -32.764162], [152.161348, -32.765206], [152.161848, -32.764237]]], [[[152.204311, -32.743094], [152.205394, -32.742998], [152.205287, -32.742055], [152.204096, -32.742333], [152.204311, -32.743094]]], [[[152.553368, -32.463199], [152.553143, -32.461821], [152.552806, -32.462023], [152.552245, -32.463281], [152.553368, -32.463199]]], [[[152.178028, -32.756248], [152.179289, -32.756151], [152.177232, -32.755256], [152.177249, -32.755812], [152.178028, -32.756248]]], [[[152.542429, -32.447864], [152.542867, -32.447568], [152.541556, -32.447083], [152.541077, -32.447795], [152.542429, -32.447864]]], [[[152.054669, -32.695029], [152.055294, -32.694604], [152.05413, -32.694104], [152.053773, -32.694804], [152.054669, -32.695029]]], [[[151.983451, -32.672725], [151.983805, -32.672508], [151.983489, -32.671935], [151.982445, -32.67236], [151.983451, -32.672725]]], [[[152.120776, -32.789313], [152.119791, -32.788865], [152.119604, -32.789221], [152.12015, -32.789792], [152.120776, -32.789313]]], [[[152.172634, -32.762635], [152.172926, -32.762298], [152.172014, -32.762062], [152.17153, -32.762357], [152.172634, -32.762635]]], [[[152.093793, -32.791442], [152.094856, -32.792514], [152.094498, -32.79158], [152.094566, -32.791412], [152.093793, -32.791442]]], [[[152.151802, -32.768425], [152.152966, -32.76839], [152.152542, -32.768], [152.151548, -32.768309], [152.151802, -32.768425]]], [[[152.158151, -32.765405], [152.157465, -32.764881], [152.157332, -32.765329], [152.157966, -32.765646], [152.158151, -32.765405]]], [[[151.980624, -32.70839], [151.981048, -32.708826], [151.981128, -32.708234], [151.980621, -32.707993], [151.980624, -32.70839]]], [[[152.123808, -32.784332], [152.123507, -32.784935], [152.123781, -32.785037], [152.124148, -32.784708], [152.123808, -32.784332]]], [[[152.319527, -32.626982], [152.319038, -32.627064], [152.319383, -32.627456], [152.319885, -32.627161], [152.319527, -32.626982]]], [[[152.05742, -32.698459], [152.05775, -32.698432], [152.057629, -32.697923], [152.057298, -32.698235], [152.05742, -32.698459]]], [[[152.080781, -32.789664], [152.081408, -32.789629], [152.081295, -32.789373], [152.080636, -32.789532], [152.080781, -32.789664]]], [[[152.144725, -32.768672], [152.145192, -32.768661], [152.145109, -32.76842], [152.144669, -32.768503], [152.144725, -32.768672]]], [[[152.079866, -32.789866], [152.080248, -32.789621], [152.079815, -32.789546], [152.07969, -32.789695], [152.079866, -32.789866]]], [[[152.146525, -32.765828], [152.146854, -32.765797], [152.146335, -32.765505], [152.146217, -32.765635], [152.146525, -32.765828]]], [[[152.051872, -32.691075], [152.051048, -32.690722], [152.051227, -32.690959], [152.051557, -32.691083], [152.051872, -32.691075]]], [[[152.225289, -32.692661], [152.225283, -32.692522], [152.224988, -32.692598], [152.225004, -32.693013], [152.225289, -32.692661]]], [[[152.225763, -32.692633], [152.225807, -32.692343], [152.225494, -32.692413], [152.225602, -32.692774], [152.225763, -32.692633]]], [[[152.224878, -32.693162], [152.22483, -32.692675], [152.224653, -32.692734], [152.22465, -32.692989], [152.224878, -32.693162]]], [[[152.153538, -32.764935], [152.15339, -32.764892], [152.153194, -32.765058], [152.153398, -32.765182], [152.153538, -32.764935]]], [[[152.077339, -32.788789], [152.077383, -32.789051], [152.077491, -32.789091], [152.077579, -32.788778], [152.077339, -32.788789]]], [[[152.317769, -32.624084], [152.317871, -32.624164], [152.317743, -32.623833], [152.317691, -32.623993], [152.317769, -32.624084]]], [[[152.318783, -32.628356], [152.318912, -32.628324], [152.318757, -32.628192], [152.318692, -32.628256], [152.318783, -32.628356]]]]}}, {"type": "Feature", "properties": {"index": "PSPC", "division": "Prospect", "state": "New South Wales", "year": "1992", "proclaimed": "19920131", "quota": "0", "electors": "0", "deviation": ""}, "geometry": {"type": "Polygon", "coordinates": [[[150.969363, -33.88928], [150.97112, -33.889127], [150.973244, -33.889784], [150.978322, -33.88056], [150.990381, -33.864155], [150.99038, -33.864132], [150.986186, -33.860215], [150.98251, -33.857113], [150.971393, -33.847935], [150.971038, -33.845923], [150.970863, -33.844962], [150.969844, -33.842545], [150.968825, -33.84039], [150.967689, -33.839429], [150.966262, -33.838701], [150.964631, -33.838526], [150.962709, -33.838061], [150.959827, -33.837711], [150.957852, -33.837585], [150.960155, -33.830146], [150.962302, -33.827898], [150.962449, -33.826062], [150.962728, -33.817344], [150.963822, -33.815728], [150.964497, -33.814549], [150.952286, -33.811636], [150.952326, -33.811529], [150.948241, -33.810668], [150.944448, -33.808974], [150.93993, -33.808606], [150.933385, -33.806901], [150.929487, -33.805199], [150.923577, -33.804207], [150.916109, -33.80219], [150.907708, -33.801312], [150.904113, -33.800452], [150.894445, -33.797016], [150.889398, -33.795615], [150.883598, -33.794264], [150.871535, -33.79224], [150.866067, -33.79141], [150.862285, -33.790494], [150.860782, -33.791716], [150.86087, -33.794521], [150.859734, -33.796259], [150.861015, -33.797715], [150.860306, -33.799561], [150.860672, -33.802361], [150.859734, -33.803422], [150.858802, -33.804995], [150.858744, -33.807557], [150.858103, -33.809887], [150.857229, -33.811343], [150.857171, -33.812915], [150.857812, -33.81507], [150.859432, -33.817342], [150.861597, -33.820428], [150.861597, -33.821918], [150.857407, -33.820711], [150.826974, -33.820865], [150.812971, -33.822356], [150.812955, -33.82248], [150.812792, -33.823806], [150.820363, -33.825262], [150.818966, -33.833358], [150.823159, -33.833998], [150.81492, -33.879537], [150.81685, -33.879742], [150.820334, -33.880532], [150.822809, -33.879775], [150.826071, -33.8773], [150.828048, -33.875934], [150.829682, -33.875494], [150.832844, -33.875843], [150.835681, -33.87532], [150.838887, -33.874716], [150.840573, -33.875087], [150.842965, -33.876887], [150.844147, -33.877898], [150.847502, -33.87961], [150.849163, -33.881173], [150.850642, -33.882643], [150.852739, -33.883735], [150.854871, -33.88391], [150.86336, -33.883453], [150.86457, -33.88349], [150.864588, -33.883457], [150.867745, -33.877741], [150.869751, -33.878377], [150.870959, -33.878445], [150.873653, -33.877649], [150.878397, -33.876525], [150.879914, -33.877038], [150.881253, -33.876979], [150.883845, -33.87861], [150.886048, -33.880902], [150.889035, -33.881667], [150.899806, -33.872863], [150.910053, -33.865506], [150.912491, -33.866786], [150.913082, -33.86769], [150.914217, -33.869903], [150.9148, -33.871563], [150.915499, -33.873572], [150.9171, -33.874242], [150.919382, -33.875635], [150.920449, -33.87564], [150.922109, -33.875611], [150.923749, -33.875134], [150.925309, -33.874727], [150.926012, -33.875041], [150.92735, -33.876193], [150.928224, -33.877183], [150.929971, -33.878057], [150.931088, -33.878043], [150.932417, -33.878756], [150.933932, -33.879746], [150.934077, -33.880474], [150.935358, -33.881459], [150.93609, -33.882185], [150.938546, -33.883045], [150.939177, -33.883178], [150.940571, -33.884347], [150.942609, -33.885308], [150.944502, -33.885512], [150.946493, -33.885852], [150.946897, -33.88452], [150.948288, -33.883968], [150.949394, -33.884434], [150.948898, -33.882912], [150.95042, -33.882662], [150.950676, -33.883706], [150.951747, -33.883989], [150.952566, -33.883187], [150.952452, -33.882075], [150.953617, -33.881988], [150.954823, -33.882501], [150.955917, -33.882046], [150.957315, -33.881988], [150.957635, -33.883269], [150.95813, -33.884754], [150.958872, -33.885913], [150.960306, -33.886177], [150.961858, -33.886123], [150.962353, -33.886938], [150.961299, -33.887921], [150.96011, -33.888307], [150.959511, -33.889648], [150.96021, -33.890225], [150.962292, -33.890811], [150.964158, -33.890083], [150.966255, -33.889792], [150.967274, -33.890199], [150.969363, -33.88928]]]}}, {"type": "Feature", "properties": {"index": "REID", "division": "Reid", "state": "New South Wales", "year": "1992", "proclaimed": "19920131", "quota": "0", "electors": "0", "deviation": ""}, "geometry": {"type": "Polygon", "coordinates": [[[150.990381, -33.864155], [150.990459, -33.864048], [150.994814, -33.86832], [151.029787, -33.887668], [151.050943, -33.886007], [151.051089, -33.883939], [151.056838, -33.883836], [151.059504, -33.883233], [151.059723, -33.882447], [151.061994, -33.882738], [151.062071, -33.880086], [151.064125, -33.880152], [151.065139, -33.875195], [151.064848, -33.872895], [151.063771, -33.870449], [151.062547, -33.868586], [151.06107, -33.867085], [151.060626, -33.865936], [151.058733, -33.865382], [151.058354, -33.8648], [151.061616, -33.86413], [151.064324, -33.864596], [151.064677, -33.863624], [151.063829, -33.86314], [151.065139, -33.861364], [151.064469, -33.860694], [151.06578, -33.858714], [151.067148, -33.859122], [151.068721, -33.856996], [151.070556, -33.855423], [151.072681, -33.853822], [151.076113, -33.852834], [151.080256, -33.85025], [151.079042, -33.849807], [151.077166, -33.847211], [151.080037, -33.845208], [151.079466, -33.844474], [151.078913, -33.844154], [151.079, -33.841417], [151.080893, -33.84162], [151.081151, -33.839475], [151.080028, -33.839364], [151.080365, -33.835047], [151.07811, -33.8352], [151.078494, -33.834466], [151.076709, -33.835096], [151.075268, -33.832688], [151.084007, -33.822079], [151.078649, -33.822366], [151.073514, -33.820389], [151.064921, -33.824865], [151.051103, -33.824238], [151.049575, -33.824403], [151.046616, -33.821259], [151.044362, -33.819045], [151.043076, -33.817879], [151.04112, -33.818173], [151.037664, -33.819307], [151.032379, -33.81884], [151.027618, -33.817581], [151.025609, -33.815725], [151.024353, -33.814198], [151.022587, -33.814172], [151.021503, -33.82318], [151.011718, -33.822277], [151.011515, -33.823268], [151.004497, -33.822802], [151.003361, -33.822277], [150.997799, -33.821579], [150.994654, -33.820792], [150.993839, -33.818608], [150.995004, -33.817444], [150.990898, -33.813192], [150.992178, -33.810602], [150.990112, -33.809518], [150.987113, -33.808448], [150.984981, -33.807906], [150.982482, -33.80795], [150.979774, -33.808183], [150.97692, -33.808154], [150.974052, -33.807576], [150.97012, -33.806248], [150.965651, -33.804136], [150.961923, -33.803466], [150.959224, -33.803014], [150.956157, -33.801165], [150.952326, -33.811529], [150.952286, -33.811636], [150.964497, -33.814549], [150.963822, -33.815728], [150.962728, -33.817344], [150.962449, -33.826062], [150.962302, -33.827898], [150.960155, -33.830146], [150.957852, -33.837585], [150.959827, -33.837711], [150.962709, -33.838061], [150.964631, -33.838526], [150.966262, -33.838701], [150.967689, -33.839429], [150.968825, -33.84039], [150.969844, -33.842545], [150.970863, -33.844962], [150.971038, -33.845923], [150.971393, -33.847935], [150.98251, -33.857113], [150.986186, -33.860215], [150.99038, -33.864132], [150.990381, -33.864155]]]}}, {"type": "Feature", "properties": {"index": "RCHM", "division": "Richmond", "state": "New South Wales", "year": "1992", "proclaimed": "19920131", "quota": "0", "electors": "0", "deviation": ""}, "geometry": {"type": "MultiPolygon", "coordinates": [[[[153.481954, -28.992631], [153.497987, -28.971464], [153.539511, -28.923112], [153.560863, -28.900027], [153.579532, -28.881682], [153.586381, -28.876351], [153.590086, -28.877612], [153.58438, -28.87544], [153.582173, -28.874997], [153.580061, -28.875422], [153.57687, -28.877759], [153.574179, -28.876725], [153.572912, -28.876931], [153.57186, -28.877982], [153.572691, -28.87818], [153.57397, -28.877098], [153.574627, -28.8782], [153.573711, -28.88011], [153.572963, -28.8802], [153.571932, -28.884864], [153.570746, -28.88507], [153.566674, -28.884257], [153.56062, -28.881057], [153.559758, -28.881407], [153.555088, -28.877984], [153.552532, -28.87771], [153.551998, -28.87827], [153.54698, -28.876744], [153.541442, -28.878331], [153.536096, -28.876604], [153.530165, -28.877919], [153.526577, -28.873826], [153.526945, -28.872891], [153.529065, -28.871144], [153.541875, -28.868318], [153.541599, -28.867888], [153.542723, -28.867565], [153.544388, -28.867945], [153.544562, -28.867027], [153.545765, -28.86689], [153.546445, -28.867884], [153.554535, -28.868876], [153.564636, -28.873708], [153.571355, -28.872605], [153.571836, -28.872939], [153.576789, -28.869838], [153.572625, -28.866906], [153.570521, -28.863992], [153.570063, -28.857718], [153.571217, -28.85316], [153.571057, -28.849291], [153.570339, -28.850469], [153.569118, -28.847525], [153.567297, -28.847157], [153.566613, -28.848144], [153.564713, -28.848489], [153.563443, -28.847083], [153.566093, -28.844776], [153.566218, -28.843502], [153.567206, -28.844791], [153.57115, -28.84132], [153.574869, -28.840165], [153.576621, -28.841219], [153.575014, -28.842263], [153.572457, -28.842471], [153.572093, -28.844526], [153.573062, -28.845513], [153.572478, -28.845894], [153.574603, -28.846557], [153.571631, -28.845882], [153.571198, -28.847775], [153.571442, -28.848036], [153.57236, -28.848215], [153.571588, -28.847996], [153.571979, -28.847351], [153.574686, -28.850231], [153.574199, -28.854034], [153.576404, -28.855527], [153.578509, -28.860404], [153.577475, -28.86124], [153.578444, -28.865027], [153.577043, -28.868449], [153.579189, -28.867419], [153.581076, -28.868061], [153.583466, -28.871165], [153.592039, -28.875592], [153.589714, -28.873409], [153.594395, -28.866031], [153.594094, -28.863978], [153.59734, -28.86002], [153.598794, -28.859471], [153.598503, -28.855113], [153.600021, -28.852577], [153.600974, -28.852314], [153.601008, -28.8506], [153.605627, -28.84396], [153.607199, -28.842665], [153.607685, -28.843483], [153.60885, -28.843203], [153.608446, -28.84194400000001], [153.607265, -28.84256900000001], [153.605377, -28.84155], [153.604597, -28.838901], [153.605836, -28.83182], [153.607918, -28.830488], [153.607114, -28.829459], [153.607607, -28.828337], [153.606741, -28.827441], [153.607433, -28.826063], [153.606401, -28.823531], [153.607253, -28.822223], [153.608191, -28.822242], [153.604814, -28.82087], [153.603938, -28.817788], [153.604113, -28.815477], [153.606106, -28.812899], [153.605532, -28.810213], [153.606246, -28.808687], [153.604154, -28.805971], [153.600822, -28.804548], [153.596481, -28.801133], [153.595142, -28.797087], [153.594409, -28.790709], [153.595813, -28.775189], [153.605071, -28.745788], [153.609952, -28.734079], [153.613375, -28.727869], [153.614754, -28.726828], [153.615776, -28.727002], [153.615335, -28.724877], [153.616421, -28.723061], [153.617235, -28.722526], [153.618022, -28.723198], [153.618866, -28.722255], [153.618084, -28.720154], [153.615838, -28.71776], [153.616128, -28.716383], [153.617909, -28.715466], [153.616919, -28.713674], [153.617604, -28.7134], [153.617097, -28.712384], [153.618, -28.711166], [153.616964, -28.710486], [153.618953, -28.707513], [153.619087, -28.705826], [153.615252, -28.704943], [153.613547, -28.701135], [153.614251, -28.691558], [153.617653, -28.678142], [153.621724, -28.666872], [153.629793, -28.649476], [153.634553, -28.642626], [153.635136, -28.642235], [153.636408, -28.643362], [153.637177, -28.642685], [153.63685, -28.640557], [153.638562, -28.636939], [153.6378, -28.635004], [153.638596, -28.633484], [153.638236, -28.632976], [153.635982, -28.634176], [153.633398, -28.636478], [153.628436, -28.63606], [153.627207, -28.638773], [153.623498, -28.641916], [153.618476, -28.64211], [153.613123, -28.639924], [153.611184, -28.64015], [153.603234, -28.635661], [153.590668, -28.624827], [153.576296, -28.604408], [153.568497, -28.589701], [153.563194, -28.573684], [153.559765, -28.559721], [153.557422, -28.544189], [153.557321, -28.538273], [153.558319, -28.538225], [153.554734, -28.535557], [153.553457, -28.531851], [153.551899, -28.495005], [153.552512, -28.477735], [153.555192, -28.452871], [153.558388, -28.434894], [153.562863, -28.416435], [153.565709, -28.409828], [153.565634, -28.405163], [153.57, -28.387314], [153.575982, -28.368206], [153.578123, -28.364341], [153.580705, -28.36297100000001], [153.578951, -28.35959], [153.57682, -28.35984], [153.574963, -28.352391], [153.575888, -28.3395], [153.576516, -28.337382], [153.577823, -28.336923], [153.578183, -28.335826], [153.577561, -28.335251], [153.576417, -28.335848], [153.573897, -28.333399], [153.572863, -28.333708], [153.571484, -28.330698], [153.572564, -28.313922], [153.575728, -28.297161], [153.581648, -28.272597], [153.586296, -28.258206], [153.585058, -28.256443], [153.58415, -28.256852], [153.579893, -28.255749], [153.575488, -28.252801], [153.572005, -28.247908], [153.570027, -28.243097], [153.567226, -28.231415], [153.566983, -28.218578], [153.568629, -28.205915], [153.571431, -28.199438], [153.569601, -28.199072], [153.5669, -28.195861], [153.561822, -28.187541], [153.558432, -28.179146], [153.555943, -28.170628], [153.556445, -28.170047], [153.550068, -28.17129], [153.548643, -28.175529], [153.563559, -28.199797], [153.564478, -28.199703], [153.563701, -28.200166], [153.564477, -28.204902], [153.565203, -28.204954], [153.564465, -28.205298], [153.563538, -28.212002], [153.561249, -28.218397], [153.558705, -28.22274], [153.553931, -28.22807], [153.554095, -28.229864], [153.555438, -28.23028], [153.554086, -28.230275], [153.555657, -28.233006], [153.554824, -28.235847], [153.553096, -28.237701], [153.541272, -28.243385], [153.539385, -28.241184], [153.537341, -28.240372], [153.53741, -28.239465], [153.543996, -28.238055], [153.543396, -28.237954], [153.538567, -28.239034], [153.538756, -28.237914], [153.541115, -28.237604], [153.538848, -28.236997], [153.539765, -28.236046], [153.542732, -28.237656], [153.54091, -28.23555500000001], [153.543968, -28.235972], [153.545956, -28.232565], [153.547025, -28.232992], [153.544515, -28.236329], [153.5447, -28.237984], [153.549478, -28.237065], [153.552694, -28.234786], [153.552417, -28.234237], [153.55173, -28.23545], [153.549516, -28.236612], [153.548489, -28.235978], [153.54464, -28.237286], [153.548254, -28.230927], [153.547518, -28.230639], [153.545604, -28.231593], [153.543001, -28.234718], [153.541705, -28.234473], [153.543371, -28.233153], [153.544878, -28.228947], [153.54794, -28.225715], [153.550276, -28.224655], [153.553229, -28.225413], [153.55449, -28.224809], [153.55669, -28.218085], [153.555301, -28.218756], [153.554462, -28.220462], [153.553732, -28.219516], [153.554411, -28.217706], [153.55849, -28.217824], [153.559617, -28.215999], [153.557296, -28.21599000000001], [153.555367, -28.212939], [153.555745, -28.21168], [153.554756, -28.209336], [153.557285, -28.207788], [153.55831, -28.210002], [153.561724, -28.208579], [153.561794, -28.20714], [153.559436, -28.202309], [153.559268, -28.199575], [153.55441, -28.192937], [153.552954, -28.193032], [153.553537, -28.193417], [153.552788, -28.194341], [153.550139, -28.19527], [153.542877, -28.194353], [153.541413, -28.192391], [153.541463, -28.188171], [153.538954, -28.185884], [153.537927, -28.183831], [153.536214, -28.188167], [153.538259, -28.188996], [153.535176, -28.191657], [153.529504, -28.192463], [153.527482, -28.192003], [153.523893, -28.193256], [153.516741, -28.193884], [153.515656, -28.196753], [153.515405, -28.20265], [153.5147, -28.202778], [153.513875, -28.208691], [153.509846, -28.21273], [153.509758, -28.217616], [153.510305, -28.218284], [153.512284, -28.21665], [153.512535, -28.217153], [153.516061, -28.216223], [153.517503, -28.216621], [153.520418, -28.219231], [153.520142, -28.221041], [153.513186, -28.222], [153.509279, -28.223726], [153.505338, -28.224399], [153.503765, -28.223784], [153.503073, -28.220679], [153.501899, -28.219736], [153.498951, -28.218987], [153.497838, -28.220415], [153.494688, -28.220227], [153.493039, -28.216501], [153.494093, -28.215829], [153.498734, -28.215801], [153.500554, -28.214589], [153.500576, -28.213533], [153.497916, -28.211691], [153.497638, -28.20873], [153.499833, -28.207345], [153.500088, -28.205997], [153.493754, -28.207082], [153.494883, -28.206504], [153.49425, -28.205732], [153.495282, -28.20528300000001], [153.496371, -28.202669], [153.498679, -28.202015], [153.49832, -28.20108400000001], [153.499078, -28.2001], [153.503314, -28.198138], [153.505449, -28.198368], [153.507471, -28.200036], [153.508278, -28.199764], [153.507455, -28.196469], [153.507945, -28.194172], [153.508827, -28.199762], [153.507491, -28.200647], [153.506965, -28.202875], [153.509809, -28.203102], [153.512235, -28.200421], [153.510949, -28.196096], [153.512383, -28.193633], [153.51044, -28.191254], [153.508348, -28.19343200000001], [153.508779, -28.191821], [153.508022, -28.190975], [153.508776, -28.190014], [153.522635, -28.188297], [153.5244, -28.189351], [153.521224, -28.189291], [153.520422, -28.190046], [153.528129, -28.1908], [153.53616, -28.183237], [153.538126, -28.182601], [153.539332, -28.181248], [153.542318, -28.180635], [153.541581, -28.1785], [153.542434, -28.178038], [153.543427, -28.179512], [153.5432, -28.181504], [153.545007, -28.18208], [153.545506, -28.183393], [153.543596, -28.184057], [153.541393, -28.182933], [153.542374, -28.182011], [153.543029, -28.183179], [153.544056, -28.18304], [153.542225, -28.181266], [153.539965, -28.18192], [153.538953, -28.1831], [153.541614, -28.185284], [153.545846, -28.184895], [153.547826, -28.183524], [153.548583, -28.18129800000001], [153.546719, -28.175183], [153.547529, -28.17098], [153.54439, -28.169618], [153.545738, -28.168357], [153.549779, -28.169349], [153.551571, -28.169149], [153.551801, -28.168473], [153.556101, -28.168449], [153.552823, -28.168448], [153.551707, -28.16626000000001], [153.552171, -28.164408], [153.541487, -28.168967], [153.534643, -28.17763], [153.531167, -28.175249], [153.485949, -28.157028], [153.482617, -28.158431], [153.476931, -28.15702], [153.474937, -28.158131], [153.47247, -28.161953], [153.468504, -28.162512], [153.466665, -28.164603], [153.465032, -28.167595], [153.458678, -28.175157], [153.459246, -28.178111], [153.457134, -28.18054], [153.452895, -28.181092], [153.448719, -28.183433], [153.443372, -28.184337], [153.4356, -28.187207], [153.431159, -28.191044], [153.428865, -28.194275], [153.425472, -28.196249], [153.424947, -28.197475], [153.421973, -28.199364], [153.419196, -28.199681], [153.418111, -28.203533], [153.414456, -28.20811], [153.40661, -28.210415], [153.394932, -28.222519], [153.390412, -28.228892], [153.389671, -28.231344], [153.390465, -28.232814], [153.389527, -28.234935], [153.385011, -28.237194], [153.382281, -28.237505], [153.378468, -28.240432], [153.372359, -28.242801], [153.369669, -28.245229], [153.356812, -28.249619], [153.354096, -28.248587], [153.348064, -28.248821], [153.346223, -28.248172], [153.33958, -28.250311], [153.33518, -28.248412], [153.334174, -28.246746], [153.331698, -28.245415], [153.331102, -28.23836800000001], [153.330213, -28.237064], [153.324189, -28.236483], [153.321718, -28.238024], [153.316685, -28.23871700000001], [153.314307, -28.237362], [153.311776, -28.237482], [153.304239, -28.239667], [153.300823, -28.238346], [153.297814, -28.234859], [153.295786, -28.233866], [153.291876, -28.233769], [153.286626, -28.235248], [153.278912, -28.233636], [153.274442, -28.238056], [153.269065, -28.23862], [153.264137, -28.243548], [153.254319, -28.245504], [153.250136, -28.246695], [153.24962, -28.247658], [153.246367, -28.246996], [153.243881, -28.247515], [153.23706, -28.254394], [153.235582, -28.256693], [153.234546, -28.262944], [153.232793, -28.265143], [153.231546, -28.26519], [153.217028, -28.26213900000001], [153.214195, -28.260225], [153.207553, -28.253435], [153.20423, -28.253478], [153.202292, -28.255929], [153.198113, -28.256323], [153.191326, -28.249911], [153.186424, -28.246759], [153.183824, -28.246194], [153.178049, -28.247458], [153.175727, -28.250229], [153.175686, -28.253725], [153.173856, -28.255824], [153.171691, -28.260516], [153.174531, -28.268749], [153.174911, -28.274777], [153.172196, -28.275909], [153.169347, -28.275958], [153.161067, -28.279824], [153.162745, -28.282615], [153.165639, -28.284725], [153.165362, -28.288792], [153.168773, -28.29262], [153.168505, -28.294163], [153.165604, -28.29714], [153.164098, -28.297666], [153.160922, -28.296124], [153.15849, -28.29649600000001], [153.156372, -28.295505], [153.154794, -28.29569100000001], [153.153459, -28.300299], [153.15227, -28.301878], [153.142654, -28.305302], [153.143405, -28.311993], [153.138679, -28.311273], [153.135447, -28.311987], [153.13331, -28.316801], [153.127049, -28.317472], [153.124665, -28.318641], [153.123808, -28.320501], [153.124253, -28.322914], [153.126159, -28.3259], [153.129565, -28.329028], [153.12989, -28.330665], [153.124161, -28.339771], [153.116927, -28.343028], [153.1129, -28.353791], [153.108829, -28.357543], [153.103224, -28.357768], [153.100651, -28.383675], [153.110641, -28.405926], [153.124207, -28.446785], [153.121056, -28.465749], [153.147356, -28.543741], [153.247114, -28.543288], [153.269787, -28.555077], [153.361252, -28.579962], [153.355499, -28.617292], [153.394484, -28.658463], [153.390857, -28.695646], [153.39131, -28.749152], [153.428493, -28.76457], [153.378614, -28.795857], [153.372266, -28.816262], [153.381788, -28.839842], [153.354581, -28.87521], [153.346054, -28.901663], [153.368638, -28.920102], [153.366371, -28.949122], [153.374079, -28.965446], [153.38995, -28.993106], [153.427124, -29.000641], [153.475392, -29.002163], [153.481954, -28.992631]]], [[[153.57127, -28.872911], [153.570763, -28.872886], [153.570527, -28.873471], [153.570952, -28.874053], [153.571958, -28.873327], [153.571002, -28.873899], [153.570838, -28.873799], [153.57127, -28.872911]]], [[[153.620926, -28.705445], [153.620788, -28.705086], [153.620461, -28.705179], [153.620361, -28.705626], [153.620926, -28.705445]]], [[[153.621895, -28.706334], [153.622341, -28.706245], [153.622138, -28.705867], [153.621747, -28.706075], [153.621895, -28.706334]]], [[[153.619156, -28.72293], [153.619059, -28.722706], [153.618832, -28.722819], [153.618876, -28.72299200000001], [153.619156, -28.72293]]], [[[153.619537, -28.707797], [153.619528, -28.707639], [153.619439, -28.707637], [153.619314, -28.707895], [153.619537, -28.707797]]], [[[153.622682, -28.705778], [153.622626, -28.705625], [153.622545, -28.705664], [153.622562, -28.705803], [153.622682, -28.705778]]], [[[153.618461, -28.711419], [153.618473, -28.711358], [153.618367, -28.711322], [153.618351, -28.711412], [153.618461, -28.711419]]]]}}, {"type": "Feature", "properties": {"index": "RIVA", "division": "Riverina", "state": "New South Wales", "year": "1992", "proclaimed": "19920131", "quota": "0", "electors": "0", "deviation": ""}, "geometry": {"type": "Polygon", "coordinates": [[[144.365847, -33.280222], [144.376212, -33.29335], [144.361701, -33.311315], [144.366884, -33.357609], [144.387958, -33.362791], [144.384848, -33.427396], [144.399013, -33.452615], [144.433906, -33.453652], [144.429761, -33.510656], [144.457053, -33.518256], [144.449107, -33.603589], [144.528913, -33.615335], [144.519239, -33.729343], [144.55586, -33.736944], [144.557587, -33.767691], [144.548259, -33.78531], [144.55206, -33.808457], [144.539968, -33.883081], [144.579007, -33.895518], [144.565533, -33.955976], [144.571752, -34.006761], [144.576934, -34.044419], [144.663649, -34.049255], [144.68956, -34.055128], [144.691633, -34.077239], [144.651212, -34.079657], [144.629792, -34.089331], [144.602154, -34.104532], [144.55966, -34.124224], [144.552405, -34.160499], [144.525458, -34.16499], [144.508875, -34.185028], [144.478473, -34.192283], [144.444962, -34.194701], [144.40385, -34.192628], [144.384503, -34.205411], [144.344428, -34.213703], [144.317826, -34.214393], [144.289151, -34.203338], [144.270495, -34.213703], [144.250458, -34.205411], [144.240439, -34.211975], [144.23042, -34.225449], [144.210037, -34.228558], [144.178944, -34.210939], [144.173416, -34.19712], [144.157179, -34.181573], [144.122286, -34.171554], [144.108121, -34.190901], [144.087738, -34.182264], [144.074264, -34.204029], [144.057681, -34.257233], [144.030043, -34.259306], [144.015187, -34.28418], [143.928127, -34.374695], [143.921909, -34.399224], [143.935037, -34.419262], [143.903944, -34.664551], [144.252185, -34.784431], [144.271877, -34.787541], [144.28086, -34.80136], [144.304698, -34.813106], [144.329227, -34.802051], [144.409377, -34.83418], [144.629101, -34.857327], [145.772632, -34.865619], [145.801652, -34.876329], [145.959535, -34.889457], [146.005138, -34.90984], [146.028285, -34.901548], [146.059724, -34.91364], [146.091162, -34.907421], [146.13331, -34.920895], [146.15093, -34.912949], [146.197569, -34.936442], [146.237299, -34.887038], [146.260792, -34.896021], [146.272538, -34.891184], [146.31365, -34.909149], [146.33576, -34.912604], [146.41522, -34.948188], [146.656363, -35.064268], [146.680892, -35.074287], [146.760698, -35.089143], [146.768644, -35.104344], [146.792136, -35.115744], [146.833248, -35.164111], [146.844303, -35.193477], [146.80622, -35.419302], [146.795062, -35.438248], [146.783834, -35.472105], [146.814412, -35.481697], [146.800703, -35.569956], [146.878752, -35.578637], [146.903626, -35.574491], [146.914093, -35.559466], [146.964188, -35.529755], [146.98546, -35.52433], [147.002734, -35.515693], [147.003903, -35.491297], [147.029468, -35.490951], [147.058937, -35.478228], [147.084502, -35.455081], [147.118094, -35.466518], [147.148842, -35.480396], [147.168534, -35.466231], [147.192717, -35.478323], [147.223465, -35.483505], [147.235211, -35.498361], [147.302579, -35.510107], [147.346109, -35.526345], [147.370006, -35.542553], [147.371043, -35.561554], [147.387934, -35.57627], [147.404863, -35.566251], [147.419696, -35.554674], [147.441777, -35.553314], [147.46907, -35.567133], [147.484543, -35.560642], [147.494551, -35.539557], [147.495789, -35.526352], [147.508745, -35.522552], [147.51736, -35.503344], [147.529451, -35.515091], [147.545196, -35.516697], [147.555414, -35.506288], [147.565084, -35.489203], [147.585897, -35.475944], [147.604971, -35.446918], [147.628309, -35.431268], [147.652243, -35.397353], [147.651581, -35.376955], [147.632323, -35.350441], [147.633705, -35.322803], [147.595982, -35.293393], [147.581471, -35.273356], [147.545079, -35.226944], [147.56863, -35.175608], [147.585, -35.177181], [147.589153, -35.16342], [147.598572, -35.142696], [147.604797, -35.134853], [147.611735, -35.114752], [147.620448, -35.108053], [147.630181, -35.102476], [147.638909, -35.107046], [147.643106, -35.108665], [147.640266, -35.113795], [147.642936, -35.121257], [147.650575, -35.123458], [147.649743, -35.129761], [147.651757, -35.135083], [147.65652, -35.130871], [147.666061, -35.144764], [147.666962, -35.136642], [147.668956, -35.122128], [147.668316, -35.112687], [147.672298, -35.102467], [147.676678, -35.089306], [147.693481, -35.091732], [147.702235, -35.086234], [147.712107, -35.081413], [147.725561, -35.077827], [147.738882, -35.081478], [147.745327, -35.084257], [147.748561, -35.089697], [147.754973, -35.095929], [147.765502, -35.100587], [147.777088, -35.102705], [147.789935, -35.106226], [147.798456, -35.098083], [147.810663, -35.097812], [147.819299, -35.093916], [147.83111, -35.085338], [147.839745, -35.070917], [147.844734, -35.064066], [147.851241, -35.053994], [147.854216, -35.041272], [147.855132, -35.021013], [147.854034, -35.004991], [147.851706, -34.992344], [147.845404, -34.975662], [147.856553, -34.955998], [147.866777, -34.920623], [147.892482, -34.898094], [147.910101, -34.882202], [147.910101, -34.864582], [147.939122, -34.852836], [147.951654, -34.83729], [147.950963, -34.815524], [147.956395, -34.798596], [147.944995, -34.784343], [147.955039, -34.771958], [147.958667, -34.75794], [147.955903, -34.741703], [147.928757, -34.728119], [147.892828, -34.727428], [147.878663, -34.70359], [147.88042, -34.638214], [147.873165, -34.622667], [147.854083, -34.615809], [147.850973, -34.596462], [147.831906, -34.583481], [147.827069, -34.563098], [147.799696, -34.528521], [147.772403, -34.528521], [147.74006, -34.540686], [147.728314, -34.556578], [147.719398, -34.566435], [147.693833, -34.570897], [147.664812, -34.554314], [147.64809, -34.560907], [147.630295, -34.583374], [147.603663, -34.622403], [147.539404, -34.613766], [147.510038, -34.604783], [147.478302, -34.618084], [147.449925, -34.619984], [147.431615, -34.642786], [147.381072, -34.640713], [147.343415, -34.55538], [147.118414, -34.530204], [147.135401, -34.427869], [147.097744, -34.42096], [147.096647, -34.402], [147.10952, -34.389889], [147.114922, -34.337009], [147.128051, -34.320771], [147.13843, -34.288737], [147.259913, -34.300417], [147.273218, -34.238897], [147.306207, -34.158081], [147.326244, -34.06342], [147.338682, -34.048219], [147.336263, -34.033709], [147.326244, -34.017126], [147.342482, -34.005725], [147.364592, -33.956667], [147.419523, -33.971523], [147.559265, -33.989063], [147.561737, -33.985691], [147.560181, -33.975872], [147.558751, -33.968413], [147.554855, -33.961971], [147.55098, -33.955524], [147.543335, -33.943642], [147.546799, -33.932713], [147.550217, -33.930023], [147.547791, -33.926853], [147.535416, -33.916874], [147.540054, -33.909782], [147.544052, -33.896866], [147.543976, -33.889801], [147.550034, -33.875992], [147.556702, -33.870613], [147.546188, -33.866161], [147.541702, -33.850914], [147.545303, -33.838413], [147.553864, -33.832813], [147.547531, -33.828163], [147.545578, -33.818333], [147.541214, -33.806133], [147.530136, -33.804955], [147.522995, -33.802433], [147.527771, -33.795231], [147.527985, -33.784744], [147.522949, -33.771301], [147.518845, -33.759434], [147.517822, -33.749954], [147.513184, -33.738762], [147.514694, -33.735611], [147.511093, -33.731194], [147.510422, -33.728592], [147.508804, -33.712685], [147.512894, -33.705933], [147.499674, -33.697214], [147.482468, -33.695621], [147.483437, -33.67303], [147.421251, -33.52482], [147.381866, -33.522747], [147.353192, -33.515147], [147.314153, -33.551077], [147.267168, -33.557986], [147.256803, -33.576296], [147.22571, -33.572842], [147.227092, -33.590807], [146.990095, -33.56766], [146.991477, -33.555568], [146.813901, -33.537257], [146.802846, -33.562477], [146.799737, -33.607735], [146.453223, -33.557295], [146.446313, -33.511347], [146.099454, -33.587697], [146.095653, -33.559023], [146.066288, -33.475762], [146.071548, -33.369556], [146.064301, -33.371807], [146.051926, -33.379578], [146.042511, -33.385777], [146.037399, -33.389046], [146.03215, -33.393665], [146.021927, -33.392757], [146.013992, -33.394886], [145.981171, -33.392036], [145.96022, -33.386368], [145.949463, -33.381397], [145.927002, -33.381588], [145.917496, -33.373898], [145.901215, -33.376686], [145.890076, -33.367878], [145.887817, -33.357388], [145.882721, -33.349937], [145.879517, -33.331047], [145.864105, -33.329258], [145.855911, -33.326538], [145.852173, -33.319309], [145.840866, -33.328758], [145.833878, -33.327618], [145.833633, -33.318928], [145.820755, -33.312019], [145.817184, -33.301079], [145.807632, -33.303078], [145.802902, -33.312088], [145.793915, -33.30476], [145.790482, -33.303089], [145.781433, -33.302898], [145.776489, -33.296349], [145.773163, -33.28968], [145.758957, -33.30191], [145.749054, -33.30405], [145.739304, -33.290821], [145.734482, -33.289459], [145.7173, -33.288158], [145.705444, -33.294998], [145.695663, -33.291698], [145.690613, -33.278149], [145.677216, -33.27359], [145.667572, -33.267799], [145.665329, -33.260471], [145.673813, -33.255199], [145.661133, -33.241619], [145.654587, -33.234612], [145.640625, -33.23455], [145.62236, -33.23798], [145.62059, -33.242142], [145.617828, -33.256222], [145.608841, -33.254719], [145.606457, -33.244638], [145.604691, -33.22945], [145.593536, -33.23312], [145.576889, -33.231812], [145.568817, -33.234932], [145.568359, -33.243721], [145.550247, -33.221542], [145.542755, -33.218693], [145.532974, -33.216949], [145.520844, -33.22422], [145.514526, -33.225651], [145.511108, -33.217072], [145.505737, -33.215012], [145.493486, -33.211818], [145.487656, -33.200031], [145.47345, -33.200901], [145.464096, -33.205372], [145.454849, -33.216831], [145.437973, -33.219891], [145.421972, -33.217345], [145.41037, -33.210522], [145.409958, -33.196091], [145.404892, -33.186661], [145.396027, -33.184254], [145.378601, -33.184494], [145.364746, -33.181091], [145.362228, -33.183361], [145.360382, -33.187103], [145.355087, -33.195145], [145.343109, -33.189133], [145.337906, -33.192333], [145.337387, -33.194134], [145.333878, -33.206333], [145.324371, -33.207085], [145.311676, -33.197582], [145.303787, -33.185345], [145.292862, -33.179333], [145.280243, -33.191364], [145.275742, -33.198273], [145.260818, -33.193962], [145.248352, -33.195065], [145.236313, -33.196823], [145.229218, -33.199234], [145.223907, -33.206036], [145.21611, -33.203033], [145.207748, -33.198013], [145.199493, -33.189373], [145.190643, -33.189095], [145.183731, -33.196346], [145.171951, -33.187439], [145.162979, -33.192764], [145.153931, -33.192116], [145.144012, -33.191265], [145.139481, -33.190868], [145.13121, -33.183445], [145.123795, -33.195885], [145.112106, -33.193356], [145.100845, -33.193527], [145.095581, -33.187004], [145.094986, -33.180695], [145.086868, -33.168674], [145.080704, -33.169155], [145.077011, -33.178875], [145.069138, -33.183865], [145.061234, -33.183006], [145.052383, -33.185078], [145.045013, -33.183197], [145.036926, -33.176685], [145.030823, -33.167248], [145.026123, -33.166027], [145.018753, -33.155178], [145.006592, -33.149437], [144.992569, -33.157608], [144.987915, -33.162025], [144.980423, -33.165436], [144.968277, -33.175518], [144.959045, -33.177017], [144.961639, -33.187489], [144.956833, -33.189987], [144.948959, -33.197685], [144.940262, -33.199966], [144.929718, -33.210716], [144.926346, -33.208687], [144.908783, -33.206738], [144.901672, -33.206989], [144.893204, -33.200249], [144.87471, -33.20369], [144.871368, -33.205059], [144.859131, -33.197208], [144.849716, -33.190468], [144.833771, -33.193447], [144.820465, -33.186497], [144.815765, -33.18087], [144.806885, -33.173229], [144.800156, -33.168289], [144.785797, -33.161449], [144.776138, -33.15889], [144.761002, -33.15802], [144.752655, -33.15593], [144.743896, -33.17395], [144.734472, -33.222873], [144.659503, -33.216309], [144.652248, -33.230819], [144.612864, -33.237728], [144.59939, -33.259148], [144.585225, -33.265021], [144.580389, -33.280913], [144.544805, -33.28575], [144.498165, -33.28575], [144.456362, -33.272622], [144.425615, -33.263639], [144.366538, -33.265021], [144.365847, -33.280222]]]}}, {"type": "Feature", "properties": {"index": "ROBN", "division": "Robertson", "state": "New South Wales", "year": "1992", "proclaimed": "19920131", "quota": "0", "electors": "0", "deviation": ""}, "geometry": {"type": "MultiPolygon", "coordinates": [[[[150.986115, -33.377971], [150.989085, -33.381233], [150.991764, -33.385484], [150.992638, -33.389561], [150.99322, -33.395385], [150.998869, -33.400685], [151.007489, -33.401034], [151.014536, -33.400161], [151.021, -33.399986], [151.030144, -33.403539], [151.034337, -33.407499], [151.034046, -33.414429], [151.032474, -33.422234], [151.032212, -33.426689], [151.034017, -33.429601], [151.037279, -33.430183], [151.041006, -33.429455], [151.043423, -33.429834], [151.046451, -33.432542], [151.048548, -33.436153], [151.052537, -33.437813], [151.05478, -33.439211], [151.059119, -33.44023], [151.062729, -33.443287], [151.063603, -33.445413], [151.063341, -33.449141], [151.064215, -33.453072], [151.06634, -33.457207], [151.06768, -33.459769], [151.068488, -33.459895], [151.069064, -33.456876], [151.070387, -33.458564], [151.073362, -33.460202], [151.074647, -33.459803], [151.075571, -33.458166], [151.074213, -33.457246], [151.073705, -33.455784], [151.072835, -33.448984], [151.07475, -33.446435], [151.078185, -33.445142], [151.081242, -33.447093], [151.086113, -33.455645], [151.087752, -33.466401], [151.091111, -33.476097], [151.093449, -33.479006], [151.09705, -33.480337], [151.101619, -33.480705], [151.102136, -33.479653], [151.104887, -33.478618], [151.106716, -33.47478], [151.106355, -33.473346], [151.10699, -33.473355], [151.106457, -33.472999], [151.107438, -33.470885], [151.114844, -33.463841], [151.122711, -33.462472], [151.12808, -33.4645], [151.135799, -33.46931], [151.138436, -33.469706], [151.140311, -33.469017], [151.142219, -33.465921], [151.141162, -33.46506], [151.141219, -33.463944], [151.143139, -33.460217], [151.146214, -33.459934], [151.146594, -33.461441], [151.148157, -33.461168], [151.147887, -33.458746], [151.145505, -33.45475], [151.145703, -33.447874], [151.152197, -33.448054], [151.156628, -33.440911], [151.158613, -33.439104], [151.158876, -33.436719], [151.16051, -33.436253], [151.161924, -33.436923], [151.164171, -33.434227], [151.165362, -33.43016], [151.163684, -33.427114], [151.166434, -33.426707], [151.166897, -33.42852], [151.168842, -33.428547], [151.168793, -33.430136], [151.17094, -33.431155], [151.170133, -33.435055], [151.172882, -33.43806], [151.168893, -33.439355], [151.167124, -33.442344], [151.163035, -33.441695], [151.161351, -33.44396], [151.159483, -33.45065], [151.153539, -33.455007], [151.154614, -33.456698], [151.164293, -33.463369], [151.165534, -33.465321], [151.16684, -33.465755], [151.166125, -33.466475], [151.170046, -33.467591], [151.170898, -33.469322], [151.172142, -33.469454], [151.17091, -33.470454], [151.169741, -33.469162], [151.164983, -33.468113], [151.162184, -33.470601], [151.153503, -33.486741], [151.153739, -33.488592], [151.158055, -33.487937], [151.160025, -33.48851], [151.162607, -33.493346], [151.16282, -33.499162], [151.160217, -33.503796], [151.159804, -33.511002], [151.162395, -33.514751], [151.164381, -33.515279], [151.165615, -33.513811], [151.165808, -33.510636], [151.168248, -33.50483], [151.170437, -33.502055], [151.174507, -33.500502], [151.18069, -33.501305], [151.181942, -33.50083], [151.187767, -33.50777], [151.189721, -33.51145], [151.192515, -33.523487], [151.195145, -33.524386], [151.195384, -33.52617], [151.196976, -33.52747], [151.196974, -33.528093], [151.194556, -33.528847], [151.193176, -33.527771], [151.193218, -33.528909], [151.195096, -33.530975], [151.195698, -33.530676], [151.194774, -33.529083], [151.197031, -33.528382], [151.198139, -33.530384], [151.196534, -33.532586], [151.199445, -33.536131], [151.202069, -33.532068], [151.201886, -33.530547], [151.203495, -33.529393], [151.203562, -33.528107], [151.202094, -33.526769], [151.202191, -33.525324], [151.202836, -33.524674], [151.203335, -33.525281], [151.204539, -33.52488], [151.204685, -33.520701], [151.203156, -33.519622], [151.202107, -33.522173], [151.199312, -33.521995], [151.198444, -33.515525], [151.195872, -33.514706], [151.193563, -33.512028], [151.193838, -33.510891], [151.195935, -33.512201], [151.194479, -33.507744], [151.197322, -33.506519], [151.19506, -33.50513], [151.194993, -33.499152], [151.193579, -33.495257], [151.19464, -33.491776], [151.193263, -33.489527], [151.191913, -33.488793], [151.194528, -33.489399], [151.195704, -33.488925], [151.197709, -33.486059], [151.199533, -33.485325], [151.202304, -33.482526], [151.202766, -33.480799], [151.202127, -33.477739], [151.205886, -33.477604], [151.208282, -33.475574], [151.210214, -33.476819], [151.214715, -33.470455], [151.215353, -33.474036], [151.218518, -33.473876], [151.220934, -33.472758], [151.220274, -33.475195], [151.221197, -33.476096], [151.224135, -33.475119], [151.226177, -33.475505], [151.228605, -33.472715], [151.232011, -33.473148], [151.232628, -33.47128], [151.231707, -33.46866], [151.228511, -33.466383], [151.231281, -33.462493], [151.230858, -33.457101], [151.229342, -33.456264], [151.2301, -33.456343], [151.229951, -33.455027], [151.233269, -33.455156], [151.234136, -33.453578], [151.237478, -33.453752], [151.233643, -33.457841], [151.234039, -33.462904], [151.23266, -33.465335], [151.234799, -33.467642], [151.237085, -33.468467], [151.234506, -33.469507], [151.235613, -33.471421], [151.235023, -33.473691], [151.237219, -33.475186], [151.236315, -33.47532], [151.237683, -33.47559], [151.233535, -33.475533], [151.230186, -33.476519], [151.232375, -33.478985], [151.232373, -33.479944], [151.229784, -33.478749], [151.228084, -33.479241], [151.225014, -33.478182], [151.22444, -33.479449], [151.223184, -33.479519], [151.22227, -33.480566], [151.220738, -33.48033], [151.217427, -33.476789], [151.214263, -33.476384], [151.212092, -33.480551], [151.212717, -33.486223], [151.211932, -33.484393], [151.2099, -33.482674], [151.206701, -33.48124], [151.205035, -33.484312], [151.198122, -33.4914], [151.197561, -33.495174], [151.198683, -33.497474], [151.200157, -33.498422], [151.199316, -33.502482], [151.201817, -33.503251], [151.203144, -33.504679], [151.201533, -33.508891], [151.206184, -33.509004], [151.207557, -33.513619], [151.210377, -33.513324], [151.210233, -33.521154], [151.21283, -33.520801], [151.218672, -33.522433], [151.219335, -33.520492], [151.222726, -33.520394], [151.226676, -33.521859], [151.227632, -33.524567], [151.225288, -33.529156], [151.225716, -33.530206], [151.227008, -33.530454], [151.229114, -33.529698], [151.231397, -33.52313], [151.232874, -33.51434], [151.230993, -33.508564], [151.231401, -33.507395], [151.239706, -33.504302], [151.242473, -33.497735], [151.247063, -33.496635], [151.249516, -33.494206], [151.255764, -33.493759], [151.262843, -33.486213], [151.265719, -33.484947], [151.2632, -33.487221], [151.263939, -33.488778], [151.262004, -33.489956], [151.262856, -33.49183], [151.260643, -33.49251], [151.260237, -33.493917], [151.258816, -33.494456], [151.258553, -33.49575], [151.257522, -33.496344], [151.259087, -33.499089], [151.254213, -33.496598], [151.252795, -33.498135], [151.25157, -33.497807], [151.251339, -33.498455], [151.250035, -33.498154], [151.245737, -33.499693], [151.244564, -33.501124], [151.244257, -33.505588], [151.247042, -33.508309], [151.240244, -33.508733], [151.237267, -33.510917], [151.238121, -33.514407], [151.239685, -33.515471], [151.238103, -33.517429], [151.237627, -33.519471], [151.240461, -33.521409], [151.241048, -33.523049], [151.239935, -33.52431], [151.237971, -33.524917], [151.236771, -33.528081], [151.249288, -33.529822], [151.251049, -33.529138], [151.255013, -33.535301], [151.255376, -33.537699], [151.253303, -33.543173], [151.248288, -33.552794], [151.245917, -33.555585], [151.249071, -33.558066], [151.251177, -33.558656], [151.251448, -33.560198], [151.258662, -33.570636], [151.259841, -33.568401], [151.262027, -33.567004], [151.26159, -33.565554], [151.263239, -33.563669], [151.265762, -33.563145], [151.266451, -33.564486], [151.267916, -33.564964], [151.268944, -33.561762], [151.271157, -33.561232], [151.270126, -33.559562], [151.268316, -33.559182], [151.26746, -33.556663], [151.268816, -33.556352], [151.270692, -33.553024], [151.273893, -33.550947], [151.277614, -33.551184], [151.27876, -33.553574], [151.285578, -33.553194], [151.29499, -33.555864], [151.300722, -33.556165], [151.301904, -33.556883], [151.306321, -33.556405], [151.306779, -33.555381], [151.30974, -33.554623], [151.310076, -33.553953], [151.308596, -33.550911], [151.309803, -33.546757], [151.311098, -33.545346], [151.308475, -33.545651], [151.307802, -33.543335], [151.308916, -33.541315], [151.314912, -33.535379], [151.3117, -33.534188], [151.312461, -33.530086], [151.319147, -33.526091], [151.322944, -33.524965], [151.330556, -33.524378], [151.332247, -33.522752], [151.333597, -33.518136], [151.336359, -33.515189], [151.33891, -33.515233], [151.343836, -33.517559], [151.347689, -33.517144], [151.350263, -33.515864], [151.350391, -33.513963], [151.348708, -33.511473], [151.346471, -33.511481], [151.344968, -33.510529], [151.34601, -33.507639], [151.347599, -33.506378], [151.352026, -33.50689], [151.351741, -33.510325], [151.352557, -33.51141], [151.355664, -33.510562], [151.359002, -33.511106], [151.359835, -33.512241], [151.358256, -33.514493], [151.358494, -33.516416], [151.360385, -33.520409], [151.3634, -33.520863], [151.361836, -33.523222], [151.356741, -33.525377], [151.35458, -33.521208], [151.353025, -33.521274], [151.350719, -33.523107], [151.350196, -33.525493], [151.348479, -33.526932], [151.346747, -33.527254], [151.344618, -33.526037], [151.341732, -33.519537], [151.335924, -33.522342], [151.339631, -33.525958], [151.341084, -33.530317], [151.340814, -33.531246], [151.33822, -33.532917], [151.337015, -33.537042], [151.33899, -33.537441], [151.340007, -33.539239], [151.34258, -33.539392], [151.343197, -33.540871], [151.342371, -33.54303], [151.343949, -33.544076], [151.345402, -33.547164], [151.34661, -33.545632], [151.346402, -33.543242], [151.348535, -33.539918], [151.349589, -33.539833], [151.353082, -33.536763], [151.355209, -33.537079], [151.356444, -33.535614], [151.359282, -33.534918], [151.359495, -33.533017], [151.364297, -33.530711], [151.372469, -33.528848], [151.374637, -33.530027], [151.373582, -33.531492], [151.378384, -33.531013], [151.38051, -33.531944], [151.380607, -33.533286], [151.38474, -33.530278], [151.384526, -33.528444], [151.386905, -33.524573], [151.39006, -33.524408], [151.391571, -33.523077], [151.394489, -33.523549], [151.396026, -33.524925], [151.394057, -33.528066], [151.396082, -33.527685], [151.39706, -33.526504], [151.404889, -33.528724], [151.406414, -33.528087], [151.406891, -33.525264], [151.409906, -33.524825], [151.410468, -33.522356], [151.415175, -33.523994], [151.41715, -33.523297], [151.421471, -33.51843], [151.42024, -33.516368], [151.420129, -33.513121], [151.418948, -33.510828], [151.422699, -33.511118], [151.422949, -33.509213], [151.427165, -33.50765], [151.429209, -33.505245], [151.428916, -33.502887], [151.425192, -33.500169], [151.425686, -33.497973], [151.427905, -33.494641], [151.433105, -33.491149], [151.438721, -33.492318], [151.443762, -33.491101], [151.445142, -33.489229], [151.444964, -33.486968], [151.445976, -33.487568], [151.446881, -33.486472], [151.446515, -33.484871], [151.443623, -33.483247], [151.442572, -33.481745], [151.443678, -33.479448], [151.441534, -33.476668], [151.440554, -33.473675], [151.441362, -33.473029], [151.440699, -33.471299], [151.439385, -33.470042], [151.436589, -33.470126], [151.435481, -33.468021], [151.435996, -33.464888], [151.440395, -33.458176], [151.441914, -33.458165], [151.444331, -33.456617], [151.448206, -33.453524], [151.449492, -33.451189], [151.452589, -33.451147], [151.452102, -33.447192], [151.45007, -33.446209], [151.450518, -33.447031], [151.449649, -33.447909], [151.446697, -33.447846], [151.444346, -33.444637], [151.443556, -33.441281], [151.436189, -33.440175], [151.433662, -33.440884], [151.425064, -33.440175], [151.421489, -33.440884], [151.41927, -33.43959], [151.415171, -33.438696], [151.414493, -33.437032], [151.411011, -33.432841], [151.410333, -33.430129], [151.411905, -33.427787], [151.410179, -33.426647], [151.403831, -33.426], [151.399701, -33.426369], [151.394678, -33.427571], [151.392644, -33.424366], [151.383337, -33.423072], [151.378406, -33.420268], [151.367096, -33.418665], [151.360286, -33.415244], [151.343398, -33.413395], [151.348236, -33.406369], [151.347244, -33.402946], [151.343306, -33.401007], [151.341118, -33.398141], [151.339977, -33.397], [151.3348, -33.395953], [151.332335, -33.393179], [151.327589, -33.387879], [151.325668, -33.384266], [151.319638, -33.385506], [151.315293, -33.384211], [151.30352, -33.38378], [151.303767, -33.379959], [151.305061, -33.376569], [151.311687, -33.368833], [151.324384, -33.368156], [151.327825, -33.367906], [151.330609, -33.366276], [151.331712, -33.364511], [151.32942, -33.364736], [151.327323, -33.366119], [151.324469, -33.366775], [151.322011, -33.365752], [151.318867, -33.365628], [151.31594, -33.364889], [151.313012, -33.365844], [151.310454, -33.365166], [151.307003, -33.363471], [151.303151, -33.363225], [151.299915, -33.359588], [151.299453, -33.357], [151.297573, -33.353486], [151.295046, -33.351545], [151.291378, -33.351483], [151.294645, -33.337492], [151.301055, -33.33854], [151.303212, -33.32837], [151.299329, -33.327692], [151.301055, -33.319865], [151.299822, -33.319433], [151.298836, -33.322515], [151.279822, -33.320081], [151.281424, -33.313177], [151.264752, -33.311698], [151.265184, -33.306675], [151.266262, -33.303901], [151.266139, -33.301559], [151.267433, -33.2978], [151.250885, -33.295704], [151.25224, -33.28951], [151.247125, -33.289633], [151.247371, -33.28763], [151.236308, -33.286212], [151.23865, -33.271852], [151.232548, -33.271266], [151.233658, -33.265534], [151.227525, -33.264733], [151.222286, -33.268308], [151.217201, -33.271204], [151.214243, -33.269201], [151.213257, -33.266582], [151.211685, -33.264733], [151.212055, -33.262884], [151.209898, -33.260603], [151.206662, -33.259001], [151.202902, -33.261065], [151.199913, -33.260572], [151.197971, -33.260788], [151.196615, -33.262514], [151.194427, -33.263007], [151.19104, -33.261707], [151.188354, -33.262028], [151.186723, -33.2635], [151.182938, -33.264118], [151.179626, -33.262989], [151.177994, -33.264679], [151.175536, -33.265411], [151.17067, -33.265739], [151.170502, -33.268356], [151.169739, -33.269066], [151.165009, -33.269268], [151.162766, -33.268417], [151.159296, -33.269756], [151.155212, -33.270287], [151.148895, -33.27002], [151.144318, -33.267788], [151.142487, -33.268387], [151.139282, -33.272667], [151.132793, -33.27407], [151.127258, -33.272579], [151.124924, -33.276417], [151.124939, -33.280479], [151.121902, -33.28233], [151.121658, -33.283768], [151.123764, -33.285328], [151.12099, -33.286644], [151.117877, -33.283316], [151.115689, -33.282977], [151.113409, -33.281436], [151.109803, -33.281436], [151.105828, -33.282884], [151.092576, -33.287969], [151.092268, -33.28991], [151.093624, -33.292068], [151.092299, -33.295704], [151.09424, -33.299279], [151.093501, -33.300388], [151.093716, -33.302299], [151.091374, -33.306059], [151.0931, -33.307877], [151.092206, -33.308771], [151.092638, -33.309757], [151.089988, -33.31139], [151.090357, -33.314379], [151.08743, -33.314071], [151.083639, -33.317276], [151.084071, -33.319557], [151.086474, -33.32042], [151.089279, -33.322484], [151.089155, -33.325227], [151.083362, -33.329449], [151.080157, -33.33364], [151.077507, -33.333702], [151.074486, -33.332161], [151.065087, -33.333301], [151.065888, -33.338725], [151.06407, -33.340697], [151.056643, -33.341807], [151.053561, -33.340328], [151.050141, -33.340543], [151.048384, -33.342731], [151.046566, -33.342177], [151.043731, -33.342916], [151.040279, -33.343717], [151.039077, -33.346368], [151.036581, -33.347138], [151.034979, -33.348987], [151.032143, -33.350097], [151.02524, -33.348987], [151.023206, -33.351422], [151.018646, -33.353024], [151.014793, -33.353055], [151.013684, -33.351668], [151.013098, -33.348741], [151.004562, -33.348956], [151.002744, -33.350959], [150.999477, -33.350898], [150.998029, -33.355428], [150.992235, -33.364026], [150.988599, -33.364149], [150.9845, -33.370467], [150.982928, -33.374689], [150.984004, -33.378174], [150.986115, -33.377971]]], [[[151.366087, -33.437183], [151.369466, -33.438742], [151.36936, -33.440078], [151.368324, -33.440582], [151.36975, -33.442432], [151.367063, -33.445621], [151.365219, -33.445627], [151.365111, -33.445024], [151.360763, -33.447622], [151.361003, -33.450447], [151.35955, -33.450573], [151.358609, -33.44973], [151.357797, -33.450265], [151.356657, -33.451941], [151.356742, -33.455373], [151.353753, -33.459686], [151.355365, -33.461182], [151.356207, -33.463729], [151.360309, -33.466762], [151.36019, -33.469094], [151.356763, -33.470772], [151.354925, -33.473533], [151.352867, -33.474707], [151.346982, -33.47209], [151.341605, -33.471499], [151.33814, -33.472446], [151.335922, -33.474252], [151.336376, -33.476565], [151.337481, -33.477696], [151.339323, -33.47782], [151.342062, -33.481178], [151.346895, -33.480307], [151.351829, -33.482465], [151.353696, -33.485607], [151.353656, -33.486839], [151.352367, -33.488285], [151.352747, -33.488977], [151.358561, -33.486642], [151.360627, -33.486638], [151.364586, -33.490628], [151.369667, -33.49198], [151.373431, -33.490622], [151.374063, -33.489683], [151.372016, -33.487638], [151.368758, -33.486466], [151.365802, -33.482776], [151.364595, -33.479623], [151.365287, -33.477195], [151.367274, -33.473953], [151.370279, -33.472012], [151.38113, -33.470465], [151.382814, -33.471893], [151.382016, -33.474317], [151.378789, -33.476429], [151.380973, -33.479321], [151.380501, -33.479307], [151.379932, -33.478967], [151.378962, -33.480157], [151.376507, -33.485715], [151.372975, -33.486546], [151.373899, -33.48832], [151.376316, -33.489725], [151.381378, -33.489328], [151.382159, -33.492519], [151.378836, -33.495903], [151.379272, -33.497342], [151.377349, -33.49962], [151.37559, -33.500601], [151.37074, -33.499598], [151.368498, -33.500205], [151.368523, -33.501356], [151.366213, -33.50253], [151.36431, -33.499651], [151.370014, -33.499197], [151.369156, -33.496294], [151.36991, -33.493748], [151.364151, -33.493274], [151.359937, -33.489868], [151.357338, -33.490051], [151.354294, -33.491275], [151.35391, -33.493591], [151.352513, -33.495293], [151.352391, -33.49641], [151.354029, -33.498785], [151.352491, -33.501436], [151.349758, -33.499083], [151.35135, -33.499507], [151.350371, -33.496482], [151.349491, -33.496917], [151.349539, -33.498037], [151.348705, -33.497306], [151.350129, -33.495155], [151.347668, -33.496202], [151.349326, -33.494381], [151.347826, -33.492534], [151.344773, -33.49461], [151.34568, -33.492615], [151.347041, -33.491889], [151.341328, -33.489082], [151.341323, -33.490632], [151.343465, -33.493927], [151.343405, -33.49586], [151.3473, -33.49718], [151.346232, -33.49774], [151.3446, -33.496765], [151.344718, -33.498585], [151.343949, -33.496602], [151.342908, -33.496393], [151.343981, -33.499949], [151.348508, -33.500529], [151.34813, -33.499518], [151.345644, -33.49918], [151.347921, -33.498195], [151.349447, -33.500512], [151.352265, -33.501627], [151.349264, -33.503357], [151.346771, -33.503104], [151.347286, -33.506176], [151.345743, -33.507409], [151.343133, -33.507298], [151.338582, -33.50438], [151.33657, -33.50181], [151.334437, -33.50232], [151.332939, -33.501583], [151.33044, -33.498295], [151.330487, -33.495805], [151.331885, -33.492457], [151.334487, -33.48942], [151.336551, -33.484434], [151.330784, -33.485001], [151.324561, -33.483225], [151.324312, -33.474279], [151.319554, -33.469649], [151.319942, -33.464654], [151.314195, -33.461885], [151.313481, -33.460758], [151.318389, -33.451673], [151.325273, -33.450777], [151.328932, -33.45156], [151.329848, -33.448665], [151.329691, -33.443352], [151.331651, -33.439766], [151.33211, -33.436342], [151.330649, -33.436477], [151.329233, -33.435538], [151.324263, -33.435976], [151.319816, -33.433728], [151.318352, -33.431674], [151.320459, -33.430311], [151.324812, -33.433017], [151.326875, -33.433129], [151.324254, -33.430889], [151.322836, -33.427832], [151.323481, -33.427798], [151.324806, -33.430552], [151.327458, -33.432004], [151.328971, -33.431392], [151.329372, -33.428981], [151.331093, -33.427979], [151.338695, -33.429917], [151.339439, -33.432373], [151.340256, -33.432149], [151.341414, -33.433472], [151.341628, -33.4365], [151.340967, -33.438048], [151.34159, -33.440377], [151.340571, -33.444807], [151.341326, -33.446492], [151.341147, -33.449772], [151.341916, -33.450655], [151.343718, -33.447267], [151.344185, -33.442258], [151.345341, -33.44061], [151.347891, -33.440017], [151.350532, -33.441135], [151.351264, -33.445212], [151.353167, -33.443509], [151.357117, -33.442628], [151.359712, -33.439496], [151.359297, -33.438153], [151.359569, -33.438086], [151.366087, -33.437183]]], [[[151.314142, -33.477978], [151.319519, -33.480235], [151.320235, -33.479867], [151.320108, -33.477939], [151.323717, -33.476321], [151.324019, -33.483654], [151.322906, -33.485918], [151.31561, -33.491372], [151.311643, -33.491875], [151.306354, -33.496357], [151.302053, -33.496965], [151.300158, -33.495981], [151.29522, -33.496093], [151.299305, -33.495942], [151.300199, -33.494735], [151.305941, -33.494507], [151.305836, -33.493703], [151.30295, -33.491774], [151.304844, -33.49104], [151.306379, -33.492092], [151.309431, -33.491443], [151.309977, -33.490533], [151.309551, -33.48852], [151.311042, -33.486519], [151.313908, -33.487574], [151.317777, -33.486796], [151.317857, -33.485171], [151.316117, -33.483504], [151.313696, -33.482428], [151.311272, -33.48251], [151.309733, -33.480542], [151.305377, -33.480758], [151.304525, -33.481579], [151.30564, -33.479458], [151.301424, -33.47501], [151.303605, -33.474393], [151.306637, -33.476333], [151.308908, -33.47603], [151.309634, -33.473882], [151.306803, -33.468236], [151.309427, -33.467289], [151.310616, -33.470834], [151.312362, -33.471804], [151.313508, -33.475962], [151.314142, -33.477978]]], [[[151.426132, -33.454727], [151.427431, -33.457594], [151.429731, -33.459033], [151.428674, -33.459934], [151.42893, -33.461782], [151.431437, -33.461954], [151.433272, -33.461446], [151.431462, -33.459448], [151.433005, -33.453088], [151.433988, -33.455479], [151.435641, -33.456501], [151.433335, -33.457764], [151.432573, -33.457411], [151.43189, -33.458406], [151.43523, -33.464248], [151.429949, -33.463347], [151.430221, -33.466124], [151.429313, -33.468335], [151.430013, -33.470292], [151.428806, -33.471038], [151.426608, -33.470768], [151.426221, -33.471436], [151.42551, -33.47107], [151.425585, -33.469695], [151.429533, -33.46304], [151.426497, -33.461169], [151.422328, -33.463496], [151.421012, -33.462591], [151.422413, -33.461561], [151.422958, -33.459633], [151.426062, -33.458825], [151.425868, -33.456186], [151.426132, -33.454727]]], [[[151.215684, -33.52844], [151.212158, -33.527824], [151.209527, -33.53017], [151.204473, -33.532768], [151.214104, -33.53319], [151.21602, -33.532311], [151.216815, -33.529954], [151.215684, -33.52844]]]]}}, {"type": "Feature", "properties": {"index": "SHTL", "division": "Shortland", "state": "New South Wales", "year": "1992", "proclaimed": "19920131", "quota": "0", "electors": "0", "deviation": ""}, "geometry": {"type": "MultiPolygon", "coordinates": [[[[151.516684, -33.195748], [151.518687, -33.196704], [151.520906, -33.198676], [151.521738, -33.201665], [151.519919, -33.205702], [151.517516, -33.209647], [151.514403, -33.21239], [151.510613, -33.21467], [151.51505, -33.217752], [151.511969, -33.21883], [151.510274, -33.22145], [151.51026, -33.222136], [151.512632, -33.221395], [151.513575, -33.220395], [151.515714, -33.220624], [151.519661, -33.219362], [151.525039, -33.22058], [151.526385, -33.220033], [151.525393, -33.221213], [151.525106, -33.222535], [151.525842, -33.220748], [151.527336, -33.220286], [151.527629, -33.223012], [151.526947, -33.225286], [151.529967, -33.227686], [151.530037, -33.22925], [151.528515, -33.231947], [151.534677, -33.239427], [151.536311, -33.238685], [151.538237, -33.235666], [151.54088, -33.235296], [151.543853, -33.236004], [151.544322, -33.233756], [151.547632, -33.233061], [151.553834, -33.236046], [151.556095, -33.236312], [151.560926, -33.239783], [151.562091, -33.239236], [151.562175, -33.237346], [151.564073, -33.2402], [151.564206, -33.24332], [151.561194, -33.247657], [151.557427, -33.250132], [151.557901, -33.252009], [151.556359, -33.250995], [151.557009, -33.245325], [151.555554, -33.244242], [151.553239, -33.244192], [151.552425, -33.245233], [151.553313, -33.246084], [151.549625, -33.248831], [151.545784, -33.253062], [151.542419, -33.259174], [151.539206, -33.261537], [151.536527, -33.262605], [151.532357, -33.262753], [151.526444, -33.261539], [151.522838, -33.26171], [151.520419, -33.262676], [151.522004, -33.264834], [151.523546, -33.263149], [151.52564, -33.263744], [151.529001, -33.263182], [151.537339, -33.266962], [151.543859, -33.272301], [151.545677, -33.275736], [151.545637, -33.277746], [151.54305, -33.282105], [151.536429, -33.288444], [151.533369, -33.290142], [151.529206, -33.294635], [151.526453, -33.296279], [151.521975, -33.301213], [151.520569, -33.306783], [151.518111, -33.310342], [151.515435, -33.318046], [151.514137, -33.320346], [151.513232, -33.320846], [151.513232, -33.326847], [151.519059, -33.320422], [151.525332, -33.314954], [151.537331, -33.306692], [151.55034, -33.299767], [151.557885, -33.296603], [151.564012, -33.296576], [151.564417, -33.295981], [151.562559, -33.294352], [151.56418, -33.291816], [151.568303, -33.289612], [151.570336, -33.289529], [151.570394, -33.287532], [151.571714, -33.285655], [151.573173, -33.284588], [151.574354, -33.285138], [151.575467, -33.28452], [151.575836, -33.282641], [151.576917, -33.28316], [151.578037, -33.282889], [151.577801, -33.281961], [151.579025, -33.282227], [151.579326, -33.281421], [151.57654, -33.27939], [151.573976, -33.280665], [151.572228, -33.278741], [151.571431, -33.279215], [151.570294, -33.278255], [151.567509, -33.278539], [151.566705, -33.27723], [151.567402, -33.276246], [151.563591, -33.271727], [151.563854, -33.268013], [151.562958, -33.267707], [151.562263, -33.266051], [151.561838, -33.262054], [151.563682, -33.257929], [151.563101, -33.252947], [151.566629, -33.244307], [151.571819, -33.236386], [151.57614, -33.231577], [151.591051, -33.219226], [151.599754, -33.210699], [151.61208, -33.202133], [151.616376, -33.202409], [151.618255, -33.200589], [151.618077, -33.199527], [151.620095, -33.199667], [151.62012, -33.198056], [151.623259, -33.197469], [151.625142, -33.19803], [151.625214, -33.197013], [151.622218, -33.195364], [151.622486, -33.1945], [151.624144, -33.193968], [151.623936, -33.193334], [151.623162, -33.193587], [151.623522, -33.191501], [151.621942, -33.190644], [151.622819, -33.188011], [151.62432, -33.186886], [151.626723, -33.186713], [151.62807, -33.187838], [151.629258, -33.187147], [151.628207, -33.185604], [151.62946, -33.185836], [151.628665, -33.184552], [151.630096, -33.184958], [151.628558, -33.181933], [151.629034, -33.180117], [151.628325, -33.17913], [151.63088, -33.176832], [151.633089, -33.175641], [151.636963, -33.176958], [151.637147, -33.176066], [151.63834, -33.176545], [151.638668, -33.175835], [151.634462, -33.174317], [151.634216, -33.17341], [151.635548, -33.17184], [151.633011, -33.171879], [151.631621, -33.170255], [151.631777, -33.167162], [151.63641, -33.165846], [151.636749, -33.16446], [151.636098, -33.163737], [151.636524, -33.163227], [151.635025, -33.163563], [151.635561, -33.162579], [151.634383, -33.162652], [151.636059, -33.161699], [151.635796, -33.160924], [151.633791, -33.161219], [151.634882, -33.159492], [151.632672, -33.160776], [151.630071, -33.158572], [151.630001, -33.154232], [151.635263, -33.146659], [151.636715, -33.146075], [151.63853, -33.146865], [151.639373, -33.146199], [151.637943, -33.143232], [151.639466, -33.144137], [151.643037, -33.140524], [151.642692, -33.139453], [151.643819, -33.138055], [151.642202, -33.135494], [151.64455, -33.137512], [151.643934, -33.135618], [151.642785, -33.134766], [151.644682, -33.132535], [151.642682, -33.130735], [151.643494, -33.129614], [151.644566, -33.129619], [151.643887, -33.129133], [151.644309, -33.128599], [151.646986, -33.128698], [151.646458, -33.127062], [151.64769, -33.125306], [151.646852, -33.123857], [151.647489, -33.121138], [151.65351, -33.120664], [151.651558, -33.119307], [151.649753, -33.120399], [151.647951, -33.119748], [151.647305, -33.116828], [151.646057, -33.11576], [151.647185, -33.113254], [151.64704, -33.111626], [151.649876, -33.108084], [151.652298, -33.102613], [151.655208, -33.099926], [151.657997, -33.098774], [151.658922, -33.096709], [151.660867, -33.096658], [151.661324, -33.09347], [151.662542, -33.093504], [151.662932, -33.092066], [151.664709, -33.091435], [151.665399, -33.090326], [151.665039, -33.088361], [151.665749, -33.086915], [151.663402, -33.087005], [151.66073, -33.088517], [151.657848, -33.092206], [151.652109, -33.090674], [151.650213, -33.089414], [151.64922, -33.087552], [151.645621, -33.088172], [151.642009, -33.08724], [151.642088, -33.088142], [151.642498, -33.087618], [151.643737, -33.088073], [151.642841, -33.088748], [151.644374, -33.090265], [151.643632, -33.090849], [151.642487, -33.090181], [151.641442, -33.092378], [151.641807, -33.094208], [151.64299, -33.095275], [151.645558, -33.094192], [151.646481, -33.090645], [151.64928, -33.090192], [151.650742, -33.090261], [151.649558, -33.091277], [151.651089, -33.09294], [151.653403, -33.093492], [151.650374, -33.093264], [151.6494, -33.095706], [151.653639, -33.093652], [151.654694, -33.093899], [151.649238, -33.09699], [151.643144, -33.096872], [151.640623, -33.095894], [151.639172, -33.094802], [151.638565, -33.091909], [151.641597, -33.087131], [151.638146, -33.085559], [151.637343, -33.084191], [151.637165, -33.079202], [151.638327, -33.073775], [151.637835, -33.071515], [151.636071, -33.069334], [151.633462, -33.071082], [151.631189, -33.077002], [151.628619, -33.079555], [151.629394, -33.084331], [151.628472, -33.086088], [151.627493, -33.093656], [151.625637, -33.093837], [151.626734, -33.094422], [151.62406, -33.095932], [151.624462, -33.094444], [151.623522, -33.093479], [151.624904, -33.093456], [151.624912, -33.09264], [151.623509, -33.092552], [151.622725, -33.092814], [151.622337, -33.095262], [151.617358, -33.100809], [151.616787, -33.103046], [151.617403, -33.105159], [151.615966, -33.110963], [151.610962, -33.117789], [151.613231, -33.119307], [151.613392, -33.121005], [151.615006, -33.122784], [151.614959, -33.124545], [151.611401, -33.127937], [151.603313, -33.131872], [151.603479, -33.134681], [151.602257, -33.136944], [151.604351, -33.139501], [151.603104, -33.142727], [151.604803, -33.147156], [151.604297, -33.147893], [151.601845, -33.148276], [151.598566, -33.146545], [151.597866, -33.146822], [151.597436, -33.149092], [151.598359, -33.150346], [151.597415, -33.151552], [151.598583, -33.152407], [151.60096, -33.157306], [151.597195, -33.161559], [151.595269, -33.16181], [151.594906, -33.157302], [151.591525, -33.152779], [151.587921, -33.14991], [151.589892, -33.147301], [151.589519, -33.145673], [151.591303, -33.14142], [151.590488, -33.139709], [151.588459, -33.139338], [151.587265, -33.137492], [151.587982, -33.136024], [151.590381, -33.134334], [151.591254, -33.131842], [151.58713, -33.130917], [151.585175, -33.128933], [151.584364, -33.126462], [151.585124, -33.125354], [151.589143, -33.123591], [151.590516, -33.12014], [151.58884, -33.118567], [151.589441, -33.115556], [151.586177, -33.113165], [151.584647, -33.110697], [151.584461, -33.108717], [151.580529, -33.105409], [151.58141, -33.102652], [151.579379, -33.103148], [151.579188, -33.104314], [151.582981, -33.110152], [151.582751, -33.112425], [151.585132, -33.119183], [151.583901, -33.122911], [151.582102, -33.124265], [151.579594, -33.124777], [151.577449, -33.128865], [151.572669, -33.132308], [151.570654, -33.132374], [151.56665, -33.130328], [151.568451, -33.134056], [151.566724, -33.13629], [151.557224, -33.131612], [151.556952, -33.134719], [151.55566, -33.136035], [151.556619, -33.138219], [151.555956, -33.140879], [151.552814, -33.145742], [151.555302, -33.145853], [151.556487, -33.147305], [151.567288, -33.150612], [151.571936, -33.154804], [151.571944, -33.157446], [151.56654, -33.163452], [151.564724, -33.167619], [151.564926, -33.168315], [151.566021, -33.167294], [151.567592, -33.167164], [151.568916, -33.168578], [151.56787, -33.175275], [151.561135, -33.173097], [151.56056, -33.171838], [151.559438, -33.171543], [151.557699, -33.167454], [151.553493, -33.16294], [151.553706, -33.1598], [151.548214, -33.15721], [151.544865, -33.15742], [151.543863, -33.155304], [151.544221, -33.150776], [151.541138, -33.14815], [151.5421, -33.145485], [151.54118, -33.143798], [151.535796, -33.143286], [151.537414, -33.144423], [151.537654, -33.145488], [151.535173, -33.148184], [151.535008, -33.152125], [151.533101, -33.153979], [151.53168, -33.15868], [151.530182, -33.160823], [151.527831, -33.158888], [151.529112, -33.157759], [151.52831, -33.157965], [151.527478, -33.156894], [151.528495, -33.155913], [151.52684, -33.156762], [151.52644, -33.156094], [151.527562, -33.155754], [151.526431, -33.155107], [151.526958, -33.154249], [151.526048, -33.152839], [151.525918, -33.155232], [151.525068, -33.158377], [151.525861, -33.162827], [151.528299, -33.166256], [151.528072, -33.169714], [151.526258, -33.172661], [151.525918, -33.176742], [151.527193, -33.179548], [151.525068, -33.180171], [151.518294, -33.18071], [151.515262, -33.181928], [151.513817, -33.186916], [151.512031, -33.189779], [151.510613, -33.195378], [151.516684, -33.195748]]], [[[151.553627, -33.225882], [151.555465, -33.221226], [151.557263, -33.219425], [151.557004, -33.218069], [151.559316, -33.214122], [151.560902, -33.213084], [151.560311, -33.21103], [151.563648, -33.207493], [151.559274, -33.202975], [151.556715, -33.202199], [151.556082, -33.200339], [151.555334, -33.20014], [151.555608, -33.198421], [151.562759, -33.194952], [151.570567, -33.195138], [151.577496, -33.19682], [151.578332, -33.202298], [151.58351, -33.204692], [151.585863, -33.207952], [151.581281, -33.211829], [151.580813, -33.213738], [151.576781, -33.220079], [151.57445, -33.227169], [151.571098, -33.230193], [151.570536, -33.231593], [151.565374, -33.234011], [151.562148, -33.233657], [151.556261, -33.230068], [151.554387, -33.227877], [151.553627, -33.225882]]], [[[151.64325, -32.984246], [151.635533, -32.988598], [151.633323, -32.992444], [151.629554, -32.993874], [151.629727, -32.995872], [151.632205, -32.996001], [151.639038, -32.999349], [151.640373, -33.001454], [151.640583, -33.003987], [151.633715, -33.008869], [151.628181, -33.010963], [151.628274, -33.015497], [151.630207, -33.018867], [151.630062, -33.021665], [151.632065, -33.022678], [151.631995, -33.025615], [151.633432, -33.027192], [151.633459, -33.028544], [151.639552, -33.029601], [151.64217, -33.031253], [151.649684, -33.030207], [151.651488, -33.031502], [151.654409, -33.03212], [151.657496, -33.036095], [151.656556, -33.037552], [151.656695, -33.039775], [151.655074, -33.039483], [151.656846, -33.040574], [151.656419, -33.042109], [151.654538, -33.043157], [151.655378, -33.045381], [151.654431, -33.048505], [151.652639, -33.049978], [151.650161, -33.048911], [151.649213, -33.049982], [151.649673, -33.050787], [151.652613, -33.051094], [151.651868, -33.053377], [151.648683, -33.055041], [151.643926, -33.053775], [151.638894, -33.055128], [151.640172, -33.056617], [151.643469, -33.055951], [151.645657, -33.05687], [151.647609, -33.059908], [151.647729, -33.061847], [151.649545, -33.062843], [151.645109, -33.061972], [151.641187, -33.064539], [151.642026, -33.071151], [151.641176, -33.072637], [151.642037, -33.072596], [151.645178, -33.075855], [151.644753, -33.07652], [151.642194, -33.074664], [151.642733, -33.079967], [151.641818, -33.07747], [151.641264, -33.083756], [151.640292, -33.084991], [151.643144, -33.084747], [151.648146, -33.082453], [151.654335, -33.083042], [151.65768, -33.084318], [151.66112, -33.08383], [151.65878, -33.081664], [151.657722, -33.078886], [151.657286, -33.075507], [151.658193, -33.070693], [151.66133, -33.06241], [151.668856, -33.051945], [151.681834, -33.039898], [151.698122, -33.02805], [151.721836, -33.014013], [151.725833, -33.014238], [151.726299, -33.012495], [151.728705, -33.01075], [151.728177, -33.010131], [151.728752, -33.010032], [151.728313, -33.009383], [151.729143, -33.009441], [151.729181, -33.007376], [151.730474, -33.006461], [151.729909, -33.005835], [151.730916, -33.005938], [151.729905, -33.004051], [151.729956, -33.002037], [151.730709, -33.001713], [151.730367, -33.000231], [151.731553, -32.99761], [151.730231, -32.995176], [151.730798, -32.994205], [151.730253, -32.991758], [151.730481, -32.990607], [151.732022, -32.989712], [151.728353, -32.985569], [151.729023, -32.984755], [151.728256, -32.983149], [151.728978, -32.982608], [151.726931, -32.978167], [151.731628, -32.972134], [151.737739, -32.968131], [151.737018, -32.964669], [151.737432, -32.963863], [151.729487, -32.960675], [151.730394, -32.955659], [151.713985, -32.952485], [151.707977, -32.956622], [151.704179, -32.956254], [151.701118, -32.956906], [151.696584, -32.960137], [151.686069, -32.955092], [151.678474, -32.958039], [151.676972, -32.960051], [151.67649, -32.964076], [151.675952, -32.968979], [151.677822, -32.975015], [151.674337, -32.975157], [151.673401, -32.976772], [151.670171, -32.977254], [151.669434, -32.979125], [151.668413, -32.982242], [151.666798, -32.983291], [151.657106, -32.984509], [151.651012, -32.98278], [151.647527, -32.982384], [151.644148, -32.982406], [151.64325, -32.984246]]], [[[151.643286, -33.061235], [151.64017, -33.059789], [151.639298, -33.057893], [151.640284, -33.058182], [151.640337, -33.057605], [151.639353, -33.057637], [151.639069, -33.057994], [151.639206, -33.058726], [151.641023, -33.061945], [151.643286, -33.061235]]], [[[151.673716, -33.087929], [151.674439, -33.086825], [151.672236, -33.08664], [151.670728, -33.089176], [151.673716, -33.087929]]], [[[151.571079, -33.289338], [151.570488, -33.290204], [151.572513, -33.291269], [151.572628, -33.290366], [151.572028, -33.289475], [151.571079, -33.289338]]], [[[151.667189, -33.093441], [151.667177, -33.094021], [151.667979, -33.09409], [151.667688, -33.093668], [151.667189, -33.093441]]], [[[151.655881, -33.100273], [151.65627, -33.100083], [151.656025, -33.09986], [151.655519, -33.100172], [151.655881, -33.100273]]]]}}, {"type": "Feature", "properties": {"index": "SYDN", "division": "Sydney", "state": "New South Wales", "year": "1992", "proclaimed": "19920131", "quota": "0", "electors": "0", "deviation": ""}, "geometry": {"type": "MultiPolygon", "coordinates": [[[[151.2229, -33.901319], [151.224651, -33.901055], [151.227096, -33.898669], [151.227137, -33.897856], [151.22678, -33.89703], [151.227888, -33.897073], [151.229311, -33.89657], [151.232785, -33.891392], [151.233213, -33.889741], [151.233751, -33.889698], [151.237006, -33.89073], [151.237843, -33.890702], [151.240517, -33.889904], [151.240258, -33.887358], [151.239022, -33.884194], [151.238469, -33.883291], [151.238585, -33.879666], [151.237493, -33.879083], [151.235046, -33.878473], [151.23348, -33.877275], [151.232428, -33.876926], [151.229358, -33.87634], [151.230771, -33.873742], [151.230065, -33.873066], [151.231781, -33.871211], [151.227496, -33.868498], [151.228832, -33.866696], [151.228883, -33.861091], [151.230883, -33.859262], [151.229928, -33.858256], [151.228743, -33.858025], [151.227588, -33.859022], [151.226995, -33.861549], [151.227579, -33.863153], [151.226308, -33.863398], [151.225481, -33.861995], [151.223278, -33.866642], [151.221697, -33.868898], [151.220606, -33.869096], [151.222453, -33.865932], [151.221824, -33.865665], [151.219874, -33.868708], [151.219885, -33.866015], [151.222965, -33.862362], [151.222724, -33.859227], [151.22164, -33.859314], [151.219821, -33.862888], [151.217877, -33.863171], [151.216947, -33.862134], [151.217087, -33.85966], [151.215539, -33.857959], [151.21596, -33.856572], [151.214619, -33.856108], [151.212706, -33.859146], [151.212513, -33.860956], [151.21194, -33.860523], [151.211541, -33.861187], [151.211412, -33.860492], [151.211019, -33.861138], [151.210902, -33.860439], [151.21052, -33.861098], [151.210391, -33.860395], [151.210014, -33.861045], [151.209924, -33.860351], [151.2097, -33.861004], [151.210381, -33.856903], [151.209161, -33.856092], [151.210629, -33.855476], [151.208045, -33.853512], [151.20732, -33.855304], [151.206215, -33.853835], [151.206344, -33.85578], [151.20516, -33.854293], [151.205444, -33.856456], [151.204154, -33.85476], [151.204861, -33.856655], [151.203538, -33.855149], [151.203508, -33.856577], [151.202708, -33.856275], [151.20266, -33.855253], [151.200176, -33.855383], [151.20162, -33.869073], [151.201164, -33.869836], [151.202381, -33.870369], [151.201538, -33.873175], [151.200434, -33.873544], [151.199463, -33.872227], [151.199271, -33.868551], [151.198227, -33.868014], [151.198988, -33.865584], [151.197838, -33.865299], [151.197155, -33.867763], [151.196119, -33.867492], [151.197668, -33.863537], [151.196643, -33.863448], [151.194437, -33.865405], [151.196139, -33.862591], [151.195217, -33.862479], [151.19359, -33.864365], [151.194011, -33.862376], [151.190812, -33.863892], [151.191397, -33.865405], [151.189073, -33.865923], [151.187226, -33.868575], [151.185985, -33.868381], [151.190801, -33.871694], [151.192322, -33.873876], [151.190145, -33.874186], [151.190092, -33.875103], [151.18924, -33.874774], [151.189337, -33.87584], [151.188125, -33.873584], [151.185999, -33.872915], [151.184766, -33.870879], [151.182762, -33.872213], [151.180471, -33.871206], [151.177274, -33.872723], [151.173504, -33.871203], [151.185411, -33.868191], [151.187511, -33.863683], [151.179513, -33.866489], [151.181664, -33.863751], [151.185086, -33.862138], [151.192408, -33.860587], [151.191399, -33.860148], [151.190346, -33.860174], [151.190695, -33.858793], [151.191937, -33.85966], [151.196507, -33.859694], [151.195834, -33.856984], [151.193657, -33.854292], [151.188832, -33.85675], [151.184547, -33.853645], [151.185485, -33.852882], [151.186629, -33.85352], [151.190538, -33.852375], [151.190571, -33.851746], [151.187966, -33.851767], [151.18238, -33.84919], [151.182643, -33.848223], [151.186949, -33.846875], [151.18549, -33.846008], [151.182774, -33.847569], [151.180786, -33.84774], [151.177533, -33.851742], [151.174862, -33.853055], [151.173258, -33.853739], [151.171377, -33.852784], [151.170966, -33.854892], [151.168641, -33.855043], [151.169139, -33.858], [151.163394, -33.860269], [151.162141, -33.862418], [151.159521, -33.862074], [151.158218, -33.864659], [151.153052, -33.866308], [151.15087, -33.872265], [151.155943, -33.873705], [151.156038, -33.875039], [151.15999, -33.875269], [151.161857, -33.874562], [151.165421, -33.874279], [151.166921, -33.874031], [151.166508, -33.876875], [151.173793, -33.878996], [151.177554, -33.879783], [151.178103, -33.879826], [151.177739, -33.882141], [151.177914, -33.883976], [151.178744, -33.886931], [151.179836, -33.890265], [151.180753, -33.890775], [151.18218, -33.894561], [151.180506, -33.896293], [151.179618, -33.896708], [151.177789, -33.899084], [151.179428, -33.902991], [151.180182, -33.904149], [151.181498, -33.906798], [151.181488, -33.907159], [151.181265, -33.909161], [151.181269, -33.915905], [151.178741, -33.916434], [151.177404, -33.917245], [151.179064, -33.918526], [151.180695, -33.91908], [151.184857, -33.919841], [151.187959, -33.920146], [151.196851, -33.921454], [151.211315, -33.923519], [151.213096, -33.924266], [151.21436, -33.92435], [151.212669, -33.923244], [151.211452, -33.921612], [151.211213, -33.919254], [151.212914, -33.912304], [151.213018, -33.910023], [151.214299, -33.903992], [151.215195, -33.900951], [151.2229, -33.901319]]], [[[151.170919, -33.849447], [151.172337, -33.848823], [151.172275, -33.849791], [151.175186, -33.848603], [151.173764, -33.846004], [151.172447, -33.845563], [151.169289, -33.846609], [151.169126, -33.847619], [151.169771, -33.847578], [151.169094, -33.848747], [151.170919, -33.849447]]], [[[151.194803, -33.853625], [151.196635, -33.853692], [151.19892, -33.85092], [151.19638, -33.851099], [151.195002, -33.852709], [151.194803, -33.853625]]], [[[151.225825, -33.85505], [151.226099, -33.854677], [151.225224, -33.854907], [151.225379, -33.855265], [151.225825, -33.85505]]]]}}, {"type": "Feature", "properties": {"index": "THBY", "division": "Throsby", "state": "New South Wales", "year": "1992", "proclaimed": "19920131", "quota": "0", "electors": "0", "deviation": ""}, "geometry": {"type": "MultiPolygon", "coordinates": [[[[150.862068, -34.628953], [150.860267, -34.627479], [150.860456, -34.625932], [150.856553, -34.621279], [150.855653, -34.618501], [150.855877, -34.614649], [150.861583, -34.61038], [150.86594, -34.609905], [150.865317, -34.608989], [150.865852, -34.607628], [150.864849, -34.606353], [150.865212, -34.605193], [150.866629, -34.604505], [150.871488, -34.603859], [150.874343, -34.607223], [150.876885, -34.608024], [150.877248, -34.60675], [150.885356, -34.606216], [150.884958, -34.605128], [150.88117, -34.603855], [150.887429, -34.602735], [150.888482, -34.600042], [150.887547, -34.598338], [150.889916, -34.598179], [150.89303, -34.600641], [150.895521, -34.601241], [150.898217, -34.599507], [150.900344, -34.599906], [150.903023, -34.59893], [150.899962, -34.597873], [150.899719, -34.597128], [150.903368, -34.597742], [150.904456, -34.596968], [150.901308, -34.594607], [150.902932, -34.59336], [150.89835, -34.592647], [150.895775, -34.595011], [150.894633, -34.594067], [150.89038, -34.594155], [150.887699, -34.592982], [150.883464, -34.594216], [150.87819, -34.592185], [150.875128, -34.589351], [150.873864, -34.586473], [150.873621, -34.583351], [150.877301, -34.579955], [150.876263, -34.579168], [150.872651, -34.579571], [150.8708, -34.576736], [150.874256, -34.57609], [150.871681, -34.575389], [150.869363, -34.573614], [150.868446, -34.570207], [150.869083, -34.565824], [150.874975, -34.562027], [150.873367, -34.560165], [150.869874, -34.560796], [150.868301, -34.556831], [150.86868, -34.553179], [150.87025, -34.549011], [150.873652, -34.544441], [150.870231, -34.544958], [150.866894, -34.540162], [150.862037, -34.537457], [150.856198, -34.538433], [150.852949, -34.537746], [150.848165, -34.54193], [150.843759, -34.541744], [150.837573, -34.542704], [150.836382, -34.551855], [150.83379, -34.553676], [150.833704, -34.555466], [150.832287, -34.556869], [150.829487, -34.556583], [150.825167, -34.558029], [150.81644, -34.553547], [150.815057, -34.5576], [150.812983, -34.55833], [150.808179, -34.557284], [150.807401, -34.558759], [150.807661, -34.560855], [150.804238, -34.561351], [150.801127, -34.560219], [150.795312, -34.555201], [150.795306, -34.553416], [150.796689, -34.553101], [150.799488, -34.553961], [150.801457, -34.555565], [150.806365, -34.554692], [150.809356, -34.551413], [150.807282, -34.550539], [150.810358, -34.549251], [150.809443, -34.547546], [150.804778, -34.545756], [150.804069, -34.546472], [150.805417, -34.546744], [150.804881, -34.54716], [150.805901, -34.548262], [150.805917, -34.54968], [150.803549, -34.551269], [150.800836, -34.551426], [150.799264, -34.550696], [150.796795, -34.546199], [150.800736, -34.543106], [150.805366, -34.542806], [150.809065, -34.53715], [150.810949, -34.535188], [150.813506, -34.534186], [150.810207, -34.531508], [150.807644, -34.525073], [150.808061, -34.524843], [150.809758, -34.527655], [150.812573, -34.530276], [150.810207, -34.527942], [150.80893, -34.524891], [150.812178, -34.522013], [150.812921, -34.519565], [150.818068, -34.519364], [150.819329, -34.518662], [150.819484, -34.517631], [150.817326, -34.513779], [150.814251, -34.512733], [150.812058, -34.510055], [150.811748, -34.507363], [150.81521, -34.502946], [150.816146, -34.502778], [150.815365, -34.502033], [150.818368, -34.50109], [150.820667, -34.500823], [150.824858, -34.503866], [150.828497, -34.504784], [150.830036, -34.504458], [150.83025, -34.503334], [150.829442, -34.502345], [150.830402, -34.501425], [150.837644, -34.500485], [150.837756, -34.498979], [150.836136, -34.496538], [150.83631, -34.497541], [150.832475, -34.494604], [150.831223, -34.491941], [150.83161, -34.487536], [150.832914, -34.487072], [150.832395, -34.486299], [150.835097, -34.488447], [150.837193, -34.488812], [150.846055, -34.484458], [150.849326, -34.483814], [150.849871, -34.484493], [150.852756, -34.484614], [150.854304, -34.483643], [150.854294, -34.484278], [150.855183, -34.483792], [150.858628, -34.485548], [150.858579, -34.488219], [150.862507, -34.487984], [150.865565, -34.490202], [150.870464, -34.492181], [150.878026, -34.492848], [150.877642, -34.491972], [150.879164, -34.492975], [150.88444, -34.491178], [150.886605, -34.491595], [150.887481, -34.496393], [150.886849, -34.497801], [150.884114, -34.498862], [150.88106, -34.498635], [150.878811, -34.49977], [150.874892, -34.499441], [150.874399, -34.498683], [150.875198, -34.498001], [150.873463, -34.498847], [150.872778, -34.501569], [150.873459, -34.508954], [150.869356, -34.524694], [150.868528, -34.525769], [150.864918, -34.526457], [150.864711, -34.527646], [150.864123, -34.52683], [150.862742, -34.529093], [150.863521, -34.531327], [150.865474, -34.533489], [150.869465, -34.534991], [150.870902, -34.538301], [150.87457, -34.538312], [150.875787, -34.531981], [150.878306, -34.525263], [150.885949, -34.512485], [150.891364, -34.506365], [150.900763, -34.498236], [150.90884, -34.49317], [150.914545, -34.494169], [150.915736, -34.493995], [150.915794, -34.493333], [150.917832, -34.493843], [150.918791, -34.493344], [150.918927, -34.494212], [150.920347, -34.49482], [150.92097, -34.493773], [150.921906, -34.493851], [150.921368, -34.492104], [150.919146, -34.492382], [150.917707, -34.491015], [150.916685, -34.487736], [150.918699, -34.486612], [150.915732, -34.485651], [150.915372, -34.483575], [150.913669, -34.481025], [150.914047, -34.478664], [150.915456, -34.47783], [150.914453, -34.475613], [150.913061, -34.474807], [150.913814, -34.471233], [150.913644, -34.4648], [150.912846, -34.474196], [150.912238, -34.47465], [150.911719, -34.474081], [150.910925, -34.475453], [150.907936, -34.475512], [150.904008, -34.473613], [150.90182, -34.471421], [150.900029, -34.464797], [150.89573, -34.463888], [150.886957, -34.457347], [150.884085, -34.457706], [150.885624, -34.456298], [150.886343, -34.452663], [150.888114, -34.452983], [150.888103, -34.449844], [150.889559, -34.449956], [150.889031, -34.453011], [150.890108, -34.454474], [150.889803, -34.455204], [150.89293, -34.456076], [150.893152, -34.452668], [150.894896, -34.451032], [150.896196, -34.451636], [150.896725, -34.456819], [150.898757, -34.462019], [150.900633, -34.462986], [150.90733, -34.463329], [150.90981, -34.464763], [150.908857, -34.463737], [150.907541, -34.463185], [150.902242, -34.462709], [150.901079, -34.459318], [150.900447, -34.451096], [150.901841, -34.450939], [150.900477, -34.450789], [150.899948, -34.44525], [150.900071, -34.444646], [150.896148, -34.443082], [150.889683, -34.442714], [150.886098, -34.441611], [150.881961, -34.442959], [150.878468, -34.443664], [150.874209, -34.445227], [150.869858, -34.44397], [150.86615, -34.442745], [150.861401, -34.442898], [150.859072, -34.442745], [150.858521, -34.440906], [150.858827, -34.438639], [150.857295, -34.438424], [150.85512, -34.439681], [150.853373, -34.443541], [150.850983, -34.446391], [150.846847, -34.450711], [150.843629, -34.454296], [150.839615, -34.454848], [150.834866, -34.454143], [150.830117, -34.452458], [150.829167, -34.450405], [150.826654, -34.448444], [150.823192, -34.447494], [150.819913, -34.447157], [150.814398, -34.447586], [150.808423, -34.446023], [150.803766, -34.44541], [150.801682, -34.444338], [150.798924, -34.444062], [150.795462, -34.443572], [150.793072, -34.444736], [150.792153, -34.443051], [150.789977, -34.442806], [150.786453, -34.444277], [150.784646, -34.445441], [150.782286, -34.448015], [150.780233, -34.44777], [150.777169, -34.447739], [150.774136, -34.449578], [150.76957, -34.450742], [150.765771, -34.448995], [150.757191, -34.449424], [150.754985, -34.451661], [150.753086, -34.453867], [150.750113, -34.454787], [150.747202, -34.457299], [150.744384, -34.461037], [150.742264, -34.460152], [150.739757, -34.459536], [150.73703, -34.460363], [150.733567, -34.460792], [150.731239, -34.460087], [150.728236, -34.459352], [150.726979, -34.457943], [150.724406, -34.457483], [150.72125, -34.456962], [150.718339, -34.456227], [150.715244, -34.45494], [150.714601, -34.452611], [150.71411, -34.449976], [150.711975, -34.4501], [150.709177, -34.450252], [150.705316, -34.446973], [150.700536, -34.446513], [150.697871, -34.444522], [150.693765, -34.443786], [150.690517, -34.443112], [150.685982, -34.440784], [150.633984, -34.539815], [150.633249, -34.542542], [150.635057, -34.545637], [150.6486, -34.546556], [150.649458, -34.544411], [150.654054, -34.545116], [150.647712, -34.551244], [150.64716, -34.553542], [150.644862, -34.554308], [150.644188, -34.5563], [150.640358, -34.557066], [150.640143, -34.558353], [150.640572, -34.560927], [150.639684, -34.563868], [150.640633, -34.565952], [150.639867, -34.569077], [150.639132, -34.571344], [150.639684, -34.574409], [150.641216, -34.575542], [150.641553, -34.577473], [150.645046, -34.577902], [150.648998, -34.577718], [150.654698, -34.57925], [150.657731, -34.579771], [150.661776, -34.579342], [150.665483, -34.580108], [150.664778, -34.582865], [150.66818, -34.588748], [150.670447, -34.592333], [150.675258, -34.595428], [150.680834, -34.599994], [150.684481, -34.599718], [150.687698, -34.600944], [150.690057, -34.601219], [150.692968, -34.603027], [150.696185, -34.601648], [150.698422, -34.600116], [150.700353, -34.601066], [150.69928, -34.603487], [150.759428, -34.611852], [150.760225, -34.60459], [150.767671, -34.605111], [150.768345, -34.596409], [150.775852, -34.599258], [150.778548, -34.598217], [150.791111, -34.600607], [150.789518, -34.612036], [150.796381, -34.613384], [150.795921, -34.621075], [150.794359, -34.626896], [150.800181, -34.628153], [150.80015, -34.631952], [150.798894, -34.635139], [150.798281, -34.639306], [150.799179, -34.642632], [150.800568, -34.644764], [150.804838, -34.644607], [150.809418, -34.642132], [150.816101, -34.641762], [150.815195, -34.638846], [150.819901, -34.641293], [150.824692, -34.640823], [150.827941, -34.639582], [150.830638, -34.638479], [150.831619, -34.638531], [150.833633, -34.634121], [150.836075, -34.632301], [150.84111, -34.631493], [150.844376, -34.629673], [150.845886, -34.63113], [150.844242, -34.633208], [150.842651, -34.634983], [150.844559, -34.636662], [150.846741, -34.63586], [150.8489, -34.633208], [150.849136, -34.62804], [150.847748, -34.62458], [150.845886, -34.621971], [150.841791, -34.619175], [150.839217, -34.61605], [150.835969, -34.613292], [150.836582, -34.610657], [150.839707, -34.611086], [150.84173, -34.613782], [150.845897, -34.613782], [150.84798, -34.61366], [150.848103, -34.616295], [150.850922, -34.617949], [150.85754, -34.625548], [150.860053, -34.628061], [150.862029, -34.629456], [150.862068, -34.628953]]], [[[150.931231, -34.49095], [150.934604, -34.493936], [150.935712, -34.492914], [150.932301, -34.490043], [150.930575, -34.49063], [150.92941, -34.488779], [150.927811, -34.488444], [150.926678, -34.492347], [150.929486, -34.49279], [150.9291, -34.491916], [150.929957, -34.492104], [150.929765, -34.491378], [150.931231, -34.49095]]], [[[150.879113, -34.546802], [150.880876, -34.546872], [150.881808, -34.545826], [150.879873, -34.544496], [150.876105, -34.544669], [150.879113, -34.546802]]], [[[150.929843, -34.454277], [150.929112, -34.454422], [150.928819, -34.456556], [150.929468, -34.457115], [150.930948, -34.456694], [150.929892, -34.454977], [150.929843, -34.454277]]], [[[150.945435, -34.465373], [150.946851, -34.464535], [150.944776, -34.464024], [150.944391, -34.464435], [150.945435, -34.465373]]], [[[150.938317, -34.49514], [150.938878, -34.494415], [150.938704, -34.49382], [150.936596, -34.494551], [150.938317, -34.49514]]], [[[150.92407, -34.4906], [150.924391, -34.490238], [150.923399, -34.489842], [150.923371, -34.490648], [150.92407, -34.4906]]]]}}, {"type": "Feature", "properties": {"index": "WGAH", "division": "Warringah", "state": "New South Wales", "year": "1992", "proclaimed": "19920131", "quota": "0", "electors": "0", "deviation": ""}, "geometry": {"type": "MultiPolygon", "coordinates": [[[[151.216927, -33.749788], [151.216175, -33.749925], [151.215235, -33.75042], [151.214432, -33.751275], [151.213287, -33.753], [151.212569, -33.753376], [151.211271, -33.753581], [151.209403, -33.754052], [151.208046, -33.754132], [151.20677, -33.754003], [151.206196, -33.753581], [151.205418, -33.753503], [151.204333, -33.753171], [151.203359, -33.753257], [151.20095, -33.75324], [151.199774, -33.753267], [151.199276, -33.753855], [151.198691, -33.754301], [151.197618, -33.753821], [151.196234, -33.753735], [151.19526, -33.753359], [151.194406, -33.753376], [151.194702, -33.754139], [151.193585, -33.754914], [151.192697, -33.755512], [151.192133, -33.75611], [151.19136, -33.756638], [151.191398, -33.75746], [151.191518, -33.758332], [151.192274, -33.75921], [151.193375, -33.760059], [151.194457, -33.760741], [151.195841, -33.761185], [151.197123, -33.761664], [151.198095, -33.762193], [151.198353, -33.763321], [151.198404, -33.764073], [151.198831, -33.764643], [151.198643, -33.765047], [151.198507, -33.765696], [151.198404, -33.766978], [151.1989, -33.768755], [151.199855, -33.768809], [151.200796, -33.769148], [151.201046, -33.769791], [151.20136, -33.7699], [151.202039, -33.770287], [151.202471, -33.771079], [151.202232, -33.772001], [151.202146, -33.7733], [151.203235, -33.773939], [151.203719, -33.774083], [151.202932, -33.773562], [151.204366, -33.772481], [151.208054, -33.77542], [151.209496, -33.774905], [151.21215, -33.776521], [151.215188, -33.780589], [151.214436, -33.78222], [151.216906, -33.781794], [151.224654, -33.783754], [151.225747, -33.782698], [151.227325, -33.783352], [151.229426, -33.782545], [151.229868, -33.778583], [151.230719, -33.777506], [151.229136, -33.774464], [151.229939, -33.772829], [151.230781, -33.77272], [151.231123, -33.775164], [151.233104, -33.77684], [151.232266, -33.777744], [151.232164, -33.782755], [151.232842, -33.784091], [151.235106, -33.785415], [151.236589, -33.789202], [151.236131, -33.792469], [151.234871, -33.794086], [151.237511, -33.795661], [151.237164, -33.797047], [151.238872, -33.798375], [151.235141, -33.801578], [151.235145, -33.803407], [151.236827, -33.80441], [151.241972, -33.804135], [151.244506, -33.801701], [151.248963, -33.801615], [151.249833, -33.800161], [151.250481, -33.800292], [151.24987, -33.803056], [151.2521, -33.802449], [151.252836, -33.802915], [151.252372, -33.803662], [151.252974, -33.805533], [151.251524, -33.806232], [151.251158, -33.807344], [151.253523, -33.80958], [151.253421, -33.810462], [151.259736, -33.812333], [151.261079, -33.815597], [151.261106, -33.817937], [151.263019, -33.817329], [151.263595, -33.814663], [151.267947, -33.812679], [151.269147, -33.811149], [151.273144, -33.812591], [151.27512, -33.810006], [151.275297, -33.807793], [151.274112, -33.807677], [151.272327, -33.805181], [151.270516, -33.804266], [151.268796, -33.800353], [151.266844, -33.799436], [151.26536, -33.799769], [151.265818, -33.798401], [151.268828, -33.797769], [151.273517, -33.801126], [151.274655, -33.79985], [151.275957, -33.800679], [151.278462, -33.799486], [151.280325, -33.799989], [151.281754, -33.798739], [151.283777, -33.799373], [151.283588, -33.800738], [151.284244, -33.800073], [151.284634, -33.800773], [151.285693, -33.800303], [151.286586, -33.801901], [151.28323, -33.805335], [151.282571, -33.809236], [151.283774, -33.808905], [151.285853, -33.806449], [151.287335, -33.806947], [151.287228, -33.809354], [151.289373, -33.807967], [151.291085, -33.80805], [151.289523, -33.809715], [151.289558, -33.812088], [151.287008, -33.81246], [151.286417, -33.815329], [151.283527, -33.815044], [151.285596, -33.816873], [151.285578, -33.8189], [151.287742, -33.820837], [151.29113, -33.82041], [151.298742, -33.823612], [151.301448, -33.823391], [151.30196, -33.821881], [151.301061, -33.818464], [151.303255, -33.816776], [151.303607, -33.812453], [151.306153, -33.811736], [151.307405, -33.807083], [151.303564, -33.806415], [151.30214, -33.802652], [151.298607, -33.79939], [151.297149, -33.799331], [151.297349, -33.800874], [151.29413, -33.800895], [151.292032, -33.799017], [151.290237, -33.799051], [151.288353, -33.79579], [151.287866, -33.791943], [151.28875, -33.786923], [151.291326, -33.78582], [151.289742, -33.783129], [151.290055, -33.782165], [151.292508, -33.780693], [151.294542, -33.782005], [151.295954, -33.781772], [151.293965, -33.778417], [151.293171, -33.773222], [151.298518, -33.767561], [151.30037, -33.766802], [151.302525, -33.768177], [151.301839, -33.760331], [151.294014, -33.759182], [151.292223, -33.759211], [151.290082, -33.758818], [151.289894, -33.758068], [151.289849, -33.756532], [151.28998, -33.755221], [151.287665, -33.75493], [151.28768, -33.75528], [151.286874, -33.755808], [151.283603, -33.755323], [151.282497, -33.756529], [151.280561, -33.758696], [151.279104, -33.758454], [151.277677, -33.757391], [151.275071, -33.755352], [151.26591, -33.754317], [151.264308, -33.754852], [151.262791, -33.755201], [151.260884, -33.754454], [151.259199, -33.753488], [151.248237, -33.751887], [151.245776, -33.751771], [151.244, -33.752251], [151.242384, -33.752964], [151.240258, -33.753212], [151.228537, -33.751392], [151.22762, -33.751348], [151.226471, -33.751561], [151.22567, -33.75217], [151.224657, -33.75324], [151.218244, -33.752121], [151.21843, -33.750437], [151.216927, -33.749788]]], [[[151.23192, -33.83775], [151.232521, -33.836312], [151.232934, -33.838002], [151.23138, -33.839723], [151.233226, -33.844172], [151.235066, -33.842719], [151.236392, -33.839708], [151.237374, -33.839577], [151.23687, -33.8449], [151.238534, -33.844451], [151.239369, -33.845768], [151.241608, -33.845607], [151.243826, -33.846815], [151.244861, -33.852533], [151.246701, -33.853448], [151.247914, -33.851858], [151.246939, -33.849968], [151.248086, -33.846254], [151.246687, -33.845504], [151.246155, -33.842673], [151.249266, -33.843089], [151.252379, -33.844556], [151.254319, -33.844043], [151.254251, -33.842048], [151.252548, -33.840935], [151.252973, -33.839153], [151.254296, -33.838604], [151.255395, -33.839361], [151.261214, -33.837951], [151.260453, -33.834383], [151.260697, -33.829986], [151.263838, -33.830149], [151.265351, -33.828052], [151.268283, -33.828021], [151.268876, -33.827056], [151.266348, -33.823595], [151.263469, -33.824489], [151.263226, -33.825855], [151.256627, -33.826483], [151.255369, -33.828276], [151.252506, -33.827195], [151.251408, -33.824213], [151.25304, -33.822983], [151.25187, -33.822777], [151.251453, -33.821322], [151.251976, -33.819939], [151.253356, -33.819526], [151.253068, -33.816871], [151.251939, -33.815446], [151.249363, -33.815369], [151.247168, -33.812553], [151.247094, -33.810372], [151.248714, -33.807869], [151.245898, -33.803343], [151.245432, -33.807746], [151.244174, -33.809791], [151.24323, -33.809863], [151.241115, -33.808099], [151.237815, -33.808059], [151.236458, -33.810866], [151.235118, -33.811573], [151.239189, -33.815475], [151.238973, -33.816961], [151.236042, -33.815892], [151.233893, -33.815874], [151.233528, -33.81692], [151.231717, -33.816012], [151.231036, -33.816776], [151.232993, -33.818339], [151.232206, -33.821062], [151.230929, -33.827706], [151.230346, -33.82814], [151.228462, -33.837271], [151.229023, -33.837875], [151.23192, -33.83775]]]]}}, {"type": "Feature", "properties": {"index": "WTSN", "division": "Watson", "state": "New South Wales", "year": "1992", "proclaimed": "19920131", "quota": "0", "electors": "0", "deviation": ""}, "geometry": {"type": "Polygon", "coordinates": [[[151.090015, -33.965417], [151.09374, -33.965453], [151.095855, -33.965383], [151.098838, -33.966029], [151.10171, -33.967079], [151.103847, -33.967805], [151.106075, -33.96854], [151.108739, -33.968416], [151.11039, -33.968564], [151.112583, -33.969319], [151.115661, -33.969908], [151.120649, -33.968999], [151.123416, -33.968475], [151.117156, -33.959905], [151.119053, -33.954296], [151.11433, -33.949022], [151.113602, -33.94713], [151.115447, -33.945864], [151.116369, -33.945732], [151.11737, -33.945601], [151.119153, -33.945037], [151.120727, -33.944374], [151.121796, -33.942801], [151.122723, -33.942185], [151.122688, -33.940985], [151.122877, -33.93977], [151.123781, -33.939319], [151.124639, -33.938452], [151.125804, -33.937462], [151.12723, -33.936967], [151.129152, -33.936559], [151.131919, -33.935511], [151.133404, -33.9342], [151.133548, -33.932572], [151.134248, -33.930866], [151.134816, -33.92992], [151.135709, -33.930115], [151.136759, -33.930377], [151.137655, -33.930488], [151.138219, -33.929578], [151.138747, -33.928376], [151.139301, -33.927896], [151.139744, -33.927469], [151.140509, -33.92743], [151.141237, -33.927663], [151.142206, -33.927577], [151.143101, -33.927779], [151.1435, -33.928124], [151.144528, -33.927488], [151.145576, -33.926979], [151.146988, -33.92708], [151.148677, -33.927343], [151.151356, -33.927721], [151.152871, -33.927474], [151.154384, -33.926475], [151.155287, -33.926219], [151.155404, -33.925028], [151.155309, -33.924515], [151.154443, -33.923135], [151.152288, -33.922814], [151.151192, -33.923205], [151.149623, -33.922561], [151.147797, -33.921366], [151.146359, -33.921753], [151.144836, -33.922649], [151.143756, -33.922698], [151.141863, -33.923047], [151.140174, -33.922436], [151.138864, -33.921912], [151.137124, -33.921239], [151.136959, -33.920304], [151.137262, -33.919466], [151.13848, -33.918789], [151.139327, -33.917964], [151.140087, -33.916612], [151.139688, -33.915777], [151.138128, -33.914889], [151.136884, -33.91434], [151.136218, -33.913435], [151.134874, -33.913379], [151.133703, -33.914157], [151.132878, -33.915023], [151.13147, -33.915635], [151.129921, -33.916171], [151.128402, -33.915468], [151.126837, -33.914894], [151.125035, -33.914356], [151.123081, -33.914515], [151.121537, -33.914777], [151.119682, -33.914864], [151.117606, -33.913554], [151.115341, -33.911839], [151.115382, -33.910508], [151.115372, -33.909407], [151.114123, -33.908343], [151.112394, -33.907235], [151.111578, -33.905692], [151.11012, -33.90324], [151.107784, -33.901991], [151.106162, -33.902023], [151.103949, -33.902314], [151.102185, -33.903156], [151.100571, -33.902838], [151.099378, -33.903114], [151.0987, -33.90326], [151.097397, -33.903617], [151.096487, -33.903471], [151.094631, -33.902243], [151.093255, -33.901943], [151.09179, -33.902003], [151.090153, -33.901171], [151.089076, -33.900501], [151.088901, -33.899802], [151.087096, -33.900297], [151.085363, -33.901113], [151.082975, -33.902583], [151.07828, -33.906651], [151.076485, -33.907799], [151.075501, -33.909687], [151.074851, -33.910191], [151.074978, -33.910738], [151.074006, -33.912273], [151.071831, -33.913223], [151.071312, -33.913067], [151.070831, -33.912414], [151.06972, -33.912549], [151.067585, -33.913816], [151.068415, -33.915112], [151.069334, -33.91431], [151.073693, -33.921095], [151.068489, -33.922851], [151.07191, -33.928668], [151.072531, -33.929689], [151.07318, -33.93261], [151.073916, -33.935273], [151.075812, -33.939922], [151.078871, -33.947102], [151.073599, -33.948236], [151.075695, -33.950013], [151.089996, -33.965426], [151.090015, -33.965417]]]}}, {"type": "Feature", "properties": {"index": "WWTH", "division": "Wentworth", "state": "New South Wales", "year": "1992", "proclaimed": "19920131", "quota": "0", "electors": "0", "deviation": ""}, "geometry": {"type": "MultiPolygon", "coordinates": [[[[151.260832, -33.920101], [151.261269, -33.918585], [151.262888, -33.917735], [151.261402, -33.914886], [151.266978, -33.916334], [151.268249, -33.915175], [151.266727, -33.913663], [151.269237, -33.914796], [151.271398, -33.914235], [151.271619, -33.91318], [151.269838, -33.909871], [151.270133, -33.906617], [151.268401, -33.90374], [151.270295, -33.901964], [151.270437, -33.90047], [151.272228, -33.899379], [151.27552, -33.899386], [151.27637, -33.898681], [151.274416, -33.896864], [151.274326, -33.893627], [151.276984, -33.891593], [151.279833, -33.890809], [151.282233, -33.890967], [151.283504, -33.893711], [151.285699, -33.891955], [151.285816, -33.885969], [151.282691, -33.877446], [151.28462, -33.873529], [151.283724, -33.870832], [151.284068, -33.864633], [151.282829, -33.862556], [151.286331, -33.857691], [151.286273, -33.852492], [151.287848, -33.850202], [151.286734, -33.846194], [151.284552, -33.843178], [151.285024, -33.840993], [151.281787, -33.836648], [151.281893, -33.834334], [151.281068, -33.832821], [151.279625, -33.833267], [151.279528, -33.835138], [151.278276, -33.836451], [151.279191, -33.839251], [151.276364, -33.840723], [151.276772, -33.84148], [151.280875, -33.841897], [151.281665, -33.843585], [151.28075, -33.846647], [151.277576, -33.847022], [151.276891, -33.849674], [151.277581, -33.85109], [151.274579, -33.848633], [151.273408, -33.849533], [151.27346, -33.852381], [151.272753, -33.85273], [151.270067, -33.849706], [151.270007, -33.847357], [151.267326, -33.850174], [151.264376, -33.850885], [151.265544, -33.8549], [151.268996, -33.858177], [151.268025, -33.859329], [151.268789, -33.86103], [151.2683, -33.862438], [151.270569, -33.865924], [151.269205, -33.868568], [151.266971, -33.870651], [151.266251, -33.870945], [151.264708, -33.869896], [151.262819, -33.870327], [151.262243, -33.872124], [151.26124, -33.872307], [151.254657, -33.870793], [151.253565, -33.869558], [151.253577, -33.868347], [151.256689, -33.864308], [151.255972, -33.863548], [151.25358, -33.864977], [151.252331, -33.863738], [151.249065, -33.864968], [151.248489, -33.866423], [151.248822, -33.867908], [151.249785, -33.868249], [151.249881, -33.869905], [151.248415, -33.871495], [151.246015, -33.872181], [151.246131, -33.873421], [151.243006, -33.873798], [151.241165, -33.872777], [151.24193, -33.868631], [151.240091, -33.866392], [151.234989, -33.867849], [151.23504, -33.87232], [151.233095, -33.874601], [151.231825, -33.874752], [151.230771, -33.873742], [151.229358, -33.87634], [151.232428, -33.876926], [151.23348, -33.877275], [151.235046, -33.878473], [151.237493, -33.879083], [151.238585, -33.879666], [151.238469, -33.883291], [151.239022, -33.884194], [151.240258, -33.887358], [151.240517, -33.889904], [151.237843, -33.890702], [151.237006, -33.89073], [151.233751, -33.889698], [151.233213, -33.889741], [151.232785, -33.891392], [151.229311, -33.89657], [151.227888, -33.897073], [151.22678, -33.89703], [151.227137, -33.897856], [151.227096, -33.898669], [151.224651, -33.901055], [151.2229, -33.901319], [151.226501, -33.904403], [151.231128, -33.90631], [151.233768, -33.90806], [151.235251, -33.910489], [151.236096, -33.911538], [151.236754, -33.912126], [151.239226, -33.913154], [151.240915, -33.913765], [151.241855, -33.913998], [151.241643, -33.91627], [151.245327, -33.916401], [151.245225, -33.917842], [151.258489, -33.920055], [151.258981, -33.920236], [151.260832, -33.920101]]], [[[151.258194, -33.858168], [151.257203, -33.857484], [151.257183, -33.858476], [151.258454, -33.859748], [151.258194, -33.858168]]], [[[151.281896, -33.832852], [151.281561, -33.832516], [151.281247, -33.83275], [151.281588, -33.833192], [151.281896, -33.832852]]], [[[151.270684, -33.847817], [151.270952, -33.847225], [151.270728, -33.847215], [151.270379, -33.847778], [151.270684, -33.847817]]]]}}, {"type": "Feature", "properties": {"index": "WRWA", "division": "Werriwa", "state": "New South Wales", "year": "1992", "proclaimed": "19920131", "quota": "0", "electors": "0", "deviation": ""}, "geometry": {"type": "Polygon", "coordinates": [[[150.886481, -34.020651], [150.88789, -34.008272], [150.888275, -34.004169], [150.891525, -34.005169], [150.891383, -34.008027], [150.892241, -34.012868], [150.89169, -34.017342], [150.895305, -34.019977], [150.902659, -34.018813], [150.905441, -34.016472], [150.903762, -34.015136], [150.901184, -34.010189], [150.901031, -34.00703], [150.903168, -34.003971], [150.908236, -34.002328], [150.911377, -34.000542], [150.908707, -33.997379], [150.906765, -33.99381], [150.907071, -33.989888], [150.907745, -33.982166], [150.910568, -33.975342], [150.90989, -33.970768], [150.909768, -33.967887], [150.911545, -33.964517], [150.911116, -33.959308], [150.910319, -33.955263], [150.910871, -33.95367], [150.912035, -33.950116], [150.914119, -33.947481], [150.917305, -33.945091], [150.917673, -33.94221], [150.917923, -33.939941], [150.918509, -33.939145], [150.913926, -33.938466], [150.916372, -33.934506], [150.900983, -33.932582], [150.903142, -33.926817], [150.897329, -33.926507], [150.8908, -33.927433], [150.873736, -33.927822], [150.866987, -33.926042], [150.859911, -33.926457], [150.856152, -33.926323], [150.851551, -33.925479], [150.848313, -33.924315], [150.847597, -33.924377], [150.846893, -33.927166], [150.845361, -33.931425], [150.843369, -33.933815], [150.841316, -33.937277], [150.839723, -33.940096], [150.836138, -33.943007], [150.832583, -33.946286], [150.830898, -33.9465], [150.829764, -33.948277], [150.827681, -33.951433], [150.82526, -33.951648], [150.820909, -33.951372], [150.819393, -33.957369], [150.792229, -34.007414], [150.791402, -34.011704], [150.787602, -34.014799], [150.785703, -34.016698], [150.786836, -34.018782], [150.788706, -34.020345], [150.787174, -34.021141], [150.786132, -34.026657], [150.787694, -34.029353], [150.788552, -34.032325], [150.786346, -34.036799], [150.782394, -34.043356], [150.78319, -34.04691], [150.781995, -34.049453], [150.780923, -34.052211], [150.778778, -34.054754], [150.779667, -34.05791], [150.778778, -34.060239], [150.780279, -34.061955], [150.784018, -34.0641], [150.788951, -34.065846], [150.793118, -34.065387], [150.797775, -34.065785], [150.801207, -34.068573], [150.802433, -34.069952], [150.805098, -34.070749], [150.808132, -34.071821], [150.810154, -34.069738], [150.81187, -34.070963], [150.81475, -34.073261], [150.814413, -34.075222], [150.814015, -34.077398], [150.815761, -34.078869], [150.820266, -34.078961], [150.822349, -34.07608], [150.824801, -34.078777], [150.825597, -34.080922], [150.824433, -34.082852], [150.822135, -34.085794], [150.820204, -34.087264], [150.818979, -34.089317], [150.816007, -34.093239], [150.816956, -34.094587], [150.818948, -34.095139], [150.82189, -34.094955], [150.824647, -34.094496], [150.824647, -34.097437], [150.826486, -34.098172], [150.827803, -34.099184], [150.831879, -34.096181], [150.833656, -34.093301], [150.838943, -34.086292], [150.84433, -34.08176], [150.845912, -34.081136], [150.846862, -34.083128], [150.846372, -34.084997], [150.847781, -34.085334], [150.851152, -34.084997], [150.852929, -34.083863], [150.853174, -34.081596], [150.853531, -34.079113], [150.8544, -34.077827], [150.856207, -34.080738], [150.859088, -34.082607], [150.862918, -34.082515], [150.865675, -34.07893], [150.867462, -34.076221], [150.868372, -34.072557], [150.871804, -34.068819], [150.874378, -34.066306], [150.876247, -34.063916], [150.875174, -34.062139], [150.873138, -34.059731], [150.874715, -34.058431], [150.876522, -34.060392], [150.877899, -34.061729], [150.880046, -34.059167], [150.88121, -34.054938], [150.882957, -34.054387], [150.88446, -34.05267], [150.887614, -34.05071], [150.889392, -34.049515], [150.892425, -34.0493], [150.892885, -34.047033], [150.895367, -34.045868], [150.892394, -34.04259], [150.894631, -34.039771], [150.894692, -34.036737], [150.891251, -34.037529], [150.888135, -34.033949], [150.886581, -34.030003], [150.886481, -34.020651]]]}}]}