{"type": "FeatureCollection", "features": [{"type": "Feature", "properties": {"index": "ADEL", "division": "Adelaide", "state": "South Australia", "year": "1992", "proclaimed": "19920117", "quota": "0", "electors": "0", "deviation": ""}, "geometry": {"type": "Polygon", "coordinates": [[[138.600312, -34.848041], [138.582625, -34.848939], [138.579472, -34.849088], [138.578322, -34.853242], [138.577951, -34.857137], [138.581549, -34.874607], [138.566193, -34.875238], [138.561704, -34.874496], [138.557327, -34.875572], [138.557587, -34.880653], [138.563633, -34.884288], [138.560184, -34.887775], [138.554694, -34.893895], [138.560221, -34.897271], [138.561222, -34.903836], [138.565896, -34.90443], [138.564486, -34.911811], [138.569531, -34.921603], [138.571979, -34.951166], [138.570755, -34.952205], [138.571126, -34.958807], [138.57235, -34.95851], [138.572869, -34.96719], [138.643827, -34.963333], [138.63448, -34.951945], [138.615377, -34.940224], [138.624354, -34.940187], [138.623463, -34.927909], [138.615526, -34.922679], [138.615006, -34.919786], [138.622833, -34.915557], [138.638968, -34.896566], [138.625949, -34.893524], [138.62044, -34.883955], [138.619977, -34.884196], [138.617523, -34.847299], [138.600312, -34.848041]]]}}, {"type": "Feature", "properties": {"index": "BRKR", "division": "Barker", "state": "South Australia", "year": "1992", "proclaimed": "19920117", "quota": "0", "electors": "0", "deviation": ""}, "geometry": {"type": "MultiPolygon", "coordinates": [[[[139.025369, -34.923946], [139.021511, -34.931736], [139.021214, -34.940712], [139.023959, -34.950801], [139.027817, -34.957626], [139.027817, -34.96178], [139.029449, -34.967122], [139.036274, -34.97187], [139.038648, -34.97684], [139.038425, -34.982181], [139.035977, -34.993754], [139.034345, -35.018903], [139.032342, -35.027805], [139.030561, -35.033221], [139.031081, -35.038784], [139.029745, -35.042049], [139.03071, -35.047093], [139.029152, -35.057405], [139.031229, -35.063117], [139.031378, -35.067346], [139.030784, -35.0715], [139.035458, -35.075951], [139.035754, -35.079141], [139.037387, -35.085595], [139.037461, -35.088859], [139.036645, -35.092123], [139.040502, -35.094942], [139.040799, -35.099839], [139.042357, -35.107776], [139.041838, -35.111931], [139.037535, -35.116679], [139.036348, -35.122094], [139.032639, -35.126768], [139.028484, -35.132999], [139.030487, -35.137376], [139.035087, -35.138415], [139.038128, -35.139528], [139.037906, -35.14294], [139.037238, -35.143534], [139.067802, -35.166605], [139.065874, -35.216087], [139.073144, -35.217719], [139.084197, -35.218164], [139.098144, -35.22714], [139.110607, -35.237081], [139.130266, -35.245019], [139.131601, -35.297987], [139.136943, -35.309856], [139.116616, -35.319129], [139.101334, -35.316162], [139.085013, -35.317868], [139.077743, -35.317572], [139.06847, -35.318759], [139.055933, -35.314085], [139.057639, -35.321726], [139.053485, -35.323506], [139.051259, -35.328996], [139.027817, -35.338195], [138.996288, -35.336711], [138.996807, -35.333892], [138.999107, -35.330925], [138.998439, -35.32002], [138.978187, -35.311117], [138.97522, -35.306444], [138.970768, -35.304441], [138.967208, -35.303996], [138.958602, -35.29999], [138.948587, -35.292942], [138.946881, -35.296503], [138.947919, -35.300657], [138.938053, -35.294797], [138.927667, -35.291458], [138.922548, -35.287452], [138.916539, -35.286785], [138.909269, -35.286785], [138.909417, -35.293536], [138.907118, -35.2968], [138.902073, -35.295168], [138.896583, -35.290049], [138.888423, -35.289901], [138.882117, -35.280405], [138.877295, -35.276399], [138.872622, -35.266755], [138.868764, -35.264084], [138.863794, -35.267052], [138.852443, -35.267274], [138.847028, -35.268535], [138.843393, -35.273135], [138.840054, -35.273431], [138.837161, -35.27588], [138.831597, -35.276918], [138.82633, -35.275138], [138.820321, -35.277808], [138.802443, -35.281221], [138.788496, -35.285449], [138.780707, -35.280331], [138.771433, -35.278031], [138.767205, -35.271799], [138.761864, -35.268461], [138.759786, -35.264455], [138.756003, -35.26223], [138.749549, -35.262823], [138.744356, -35.265716], [138.740127, -35.269426], [138.723955, -35.278847], [138.718539, -35.276918], [138.715127, -35.274173], [138.712085, -35.274618], [138.703925, -35.272245], [138.69888, -35.271874], [138.689236, -35.272245], [138.67618, -35.26809], [138.663346, -35.263713], [138.656892, -35.262378], [138.650141, -35.263342], [138.644429, -35.263491], [138.642129, -35.256517], [138.642648, -35.252586], [138.638642, -35.250286], [138.633375, -35.251028], [138.624844, -35.245093], [138.622915, -35.245538], [138.62106, -35.246131], [138.618093, -35.251992], [138.617759, -35.253327], [138.6152, -35.256592], [138.613048, -35.25737], [138.612047, -35.258669], [138.611194, -35.260857], [138.607781, -35.26312], [138.605593, -35.264715], [138.603256, -35.266384], [138.601439, -35.268239], [138.599065, -35.269648], [138.598397, -35.271503], [138.597099, -35.272875], [138.595875, -35.273506], [138.590719, -35.278402], [138.589272, -35.281295], [138.586231, -35.282853], [138.585563, -35.284114], [138.584932, -35.286414], [138.583226, -35.288788], [138.581817, -35.290123], [138.576438, -35.292794], [138.571616, -35.297059], [138.568204, -35.298803], [138.56494, -35.29973], [138.56379, -35.301177], [138.562825, -35.302883], [138.557224, -35.305628], [138.555444, -35.308261], [138.551252, -35.310079], [138.544353, -35.311488], [138.538863, -35.312342], [138.536341, -35.312935], [138.533819, -35.313677], [138.530852, -35.315346], [138.527699, -35.317201], [138.524472, -35.319537], [138.521875, -35.321132], [138.515903, -35.322171], [138.514234, -35.322616], [138.512973, -35.322987], [138.512009, -35.324582], [138.512268, -35.327846], [138.509412, -35.328403], [138.504738, -35.328811], [138.502661, -35.329367], [138.499657, -35.331852], [138.494872, -35.334449], [138.493054, -35.335821], [138.490866, -35.337379], [138.490235, -35.339975], [138.488492, -35.341311], [138.486229, -35.342609], [138.484226, -35.346133], [138.481444, -35.349137], [138.480814, -35.349249], [138.480332, -35.35025], [138.477661, -35.35166], [138.476511, -35.352921], [138.472097, -35.355295], [138.46976, -35.355777], [138.466051, -35.354701], [138.463825, -35.354627], [138.461081, -35.353143], [138.45815, -35.350881], [138.454886, -35.348433], [138.452623, -35.347394], [138.450138, -35.345502], [138.446874, -35.343017], [138.443527, -35.341602], [138.442905, -35.342716], [138.441044, -35.349994], [138.438295, -35.352421], [138.432466, -35.353114], [138.425845, -35.356413], [138.414813, -35.364228], [138.410451, -35.366405], [138.406036, -35.366649], [138.404576, -35.367634], [138.395799, -35.367729], [138.391453, -35.368821], [138.388659, -35.37002], [138.386894, -35.371967], [138.384739, -35.372944], [138.384877, -35.373563], [138.381895, -35.370906], [138.372819, -35.373919], [138.37211, -35.375185], [138.365947, -35.378006], [138.36265, -35.378484], [138.359218, -35.382999], [138.351106, -35.387409], [138.347553, -35.390649], [138.341253, -35.392864], [138.334648, -35.399616], [138.333742, -35.401557], [138.332199, -35.402674], [138.331765, -35.404563], [138.330235, -35.405464], [138.326317, -35.417164], [138.323594, -35.419511], [138.319846, -35.427935], [138.316428, -35.43188], [138.309833, -35.442997], [138.304253, -35.45], [138.298132, -35.46226], [138.294318, -35.468183], [138.287569, -35.474068], [138.28167, -35.475853], [138.26028, -35.490806], [138.247566, -35.497002], [138.24454, -35.500848], [138.243367, -35.500522], [138.243577, -35.501281], [138.242081, -35.502181], [138.23766, -35.502236], [138.236276, -35.503726], [138.229843, -35.505645], [138.2289, -35.507109], [138.223828, -35.510264], [138.220992, -35.509903], [138.217995, -35.511387], [138.214433, -35.509842], [138.214638, -35.511207], [138.213492, -35.511202], [138.212903, -35.512759], [138.193862, -35.52365], [138.187444, -35.523922], [138.183151, -35.521445], [138.169201, -35.518345], [138.165488, -35.519377], [138.161148, -35.527453], [138.157467, -35.530573], [138.153364, -35.531857], [138.153329, -35.532985], [138.15124, -35.53421], [138.150778, -35.53696], [138.14581, -35.540381], [138.139827, -35.5467], [138.135018, -35.548676], [138.134111, -35.550814], [138.132829, -35.550866], [138.12743, -35.555371], [138.127653, -35.556696], [138.123501, -35.560846], [138.121753, -35.564214], [138.120688, -35.568886], [138.118278, -35.572634], [138.117057, -35.576869], [138.114999, -35.57803], [138.115901, -35.579762], [138.115465, -35.581857], [138.112074, -35.586257], [138.111574, -35.588055], [138.109538, -35.589092], [138.108686, -35.592452], [138.105381, -35.595512], [138.096145, -35.600276], [138.093913, -35.603403], [138.094825, -35.60498], [138.094185, -35.607007], [138.095628, -35.610315], [138.096109, -35.614007], [138.095243, -35.619965], [138.096166, -35.625221], [138.103702, -35.631811], [138.115554, -35.632736], [138.118164, -35.637602], [138.124803, -35.640275], [138.125353, -35.641619], [138.127294, -35.642763], [138.12707, -35.64407], [138.128585, -35.645389], [138.131642, -35.646058], [138.135796, -35.645096], [138.135772, -35.646511], [138.137309, -35.646812], [138.139689, -35.649497], [138.142855, -35.649273], [138.142289, -35.650342], [138.144385, -35.650507], [138.143808, -35.651945], [138.149274, -35.654853], [138.152008, -35.653995], [138.153054, -35.654132], [138.153615, -35.655243], [138.154678, -35.654066], [138.155604, -35.654239], [138.156886, -35.658167], [138.1623, -35.659585], [138.162711, -35.660535], [138.164425, -35.661161], [138.171595, -35.660636], [138.172306, -35.662053], [138.177154, -35.663596], [138.178323, -35.663616], [138.179736, -35.662297], [138.180575, -35.663339], [138.184382, -35.66383], [138.185299, -35.664729], [138.187658, -35.664233], [138.191358, -35.66509], [138.193107, -35.664196], [138.194975, -35.665092], [138.201088, -35.663058], [138.204491, -35.664064], [138.205622, -35.663149], [138.207055, -35.663698], [138.209369, -35.662874], [138.210159, -35.663273], [138.217516, -35.660683], [138.218225, -35.661678], [138.222378, -35.662078], [138.226465, -35.659331], [138.22744, -35.659753], [138.227449, -35.660694], [138.229452, -35.659514], [138.232054, -35.659589], [138.237433, -35.657079], [138.240204, -35.65453], [138.243271, -35.655399], [138.245471, -35.653128], [138.247162, -35.653753], [138.250266, -35.651259], [138.251865, -35.651331], [138.25296, -35.649742], [138.25555, -35.649555], [138.258724, -35.647731], [138.263399, -35.642231], [138.271593, -35.640913], [138.275956, -35.639375], [138.277669, -35.640167], [138.283605, -35.638878], [138.288003, -35.640249], [138.29163, -35.639326], [138.297402, -35.63932], [138.299992, -35.638204], [138.302577, -35.639068], [138.358897, -35.640025], [138.364135, -35.641892], [138.367899, -35.642299], [138.370138, -35.640611], [138.373872, -35.639781], [138.380655, -35.638929], [138.3845, -35.63943], [138.38673, -35.638669], [138.389641, -35.640207], [138.394848, -35.639734], [138.39947, -35.6404], [138.401056, -35.638454], [138.4036, -35.639337], [138.403866, -35.640362], [138.404412, -35.63967], [138.404611, -35.640177], [138.40644, -35.639715], [138.410026, -35.640576], [138.415074, -35.638746], [138.420785, -35.63366], [138.425794, -35.632081], [138.427651, -35.630264], [138.431096, -35.629274], [138.440202, -35.630995], [138.450547, -35.630357], [138.456705, -35.632701], [138.462923, -35.630072], [138.465779, -35.630263], [138.474425, -35.63234], [138.474983, -35.634177], [138.476346, -35.633803], [138.479629, -35.634785], [138.483079, -35.632344], [138.494522, -35.63353], [138.510899, -35.637842], [138.516426, -35.640005], [138.517186, -35.641416], [138.520909, -35.641597], [138.52236, -35.642968], [138.524023, -35.641345], [138.525728, -35.641209], [138.529724, -35.637182], [138.532627, -35.636246], [138.534663, -35.633726], [138.537578, -35.632075], [138.54107, -35.628694], [138.547481, -35.625243], [138.555695, -35.619159], [138.559295, -35.613698], [138.565936, -35.608529], [138.571497, -35.606422], [138.573065, -35.606743], [138.574703, -35.605663], [138.579824, -35.605139], [138.580769, -35.605781], [138.582355, -35.604275], [138.581622, -35.602879], [138.581985, -35.601239], [138.584659, -35.599096], [138.590191, -35.596714], [138.592269, -35.594548], [138.600091, -35.592284], [138.601273, -35.592741], [138.602268, -35.594677], [138.603774, -35.594283], [138.605712, -35.592238], [138.606049, -35.590311], [138.604628, -35.588659], [138.603026, -35.588864], [138.601224, -35.58659], [138.59803, -35.585593], [138.597256, -35.583712], [138.59822, -35.579469], [138.612679, -35.565224], [138.613193, -35.561832], [138.619896, -35.55778], [138.626004, -35.557911], [138.625371, -35.550534], [138.631381, -35.543926], [138.639628, -35.541961], [138.645214, -35.539476], [138.662407, -35.536439], [138.678337, -35.536402], [138.679185, -35.537307], [138.680429, -35.536874], [138.680562, -35.537618], [138.684432, -35.538108], [138.686199, -35.536585], [138.684109, -35.535097], [138.685262, -35.533165], [138.691072, -35.532875], [138.692841, -35.531619], [138.692737, -35.530275], [138.695197, -35.529053], [138.69539, -35.527267], [138.693337, -35.527414], [138.692449, -35.526251], [138.692927, -35.522923], [138.698962, -35.518587], [138.70414, -35.516909], [138.706206, -35.515149], [138.710269, -35.513587], [138.738273, -35.515953], [138.767892, -35.521781], [138.785994, -35.526629], [138.832371, -35.541428], [138.878082, -35.558589], [138.883656, -35.55729], [138.886927, -35.558906], [138.886186, -35.559334], [138.886691, -35.560646], [138.890027, -35.563084], [138.951116, -35.591402], [138.986945, -35.610396], [139.031909, -35.635565], [139.066612, -35.656514], [139.117173, -35.68902], [139.137196, -35.703207], [139.153835, -35.713769], [139.191499, -35.740364], [139.201314, -35.748224], [139.211957, -35.754559], [139.268449, -35.798207], [139.300077, -35.824561], [139.33051, -35.850558], [139.37702, -35.892234], [139.413539, -35.927244], [139.416887, -35.931495], [139.484126, -35.999862], [139.516568, -36.036078], [139.543953, -36.068348], [139.593915, -36.132752], [139.650869, -36.215014], [139.670125, -36.247239], [139.671623, -36.250895], [139.684203, -36.269815], [139.693417, -36.286114], [139.695418, -36.291024], [139.709323, -36.312463], [139.715792, -36.327412], [139.718165, -36.330544], [139.723636, -36.342369], [139.738118, -36.369351], [139.743069, -36.381469], [139.75747, -36.410695], [139.769971, -36.43276], [139.778406, -36.450969], [139.782926, -36.458816], [139.801025, -36.50114], [139.821428, -36.556912], [139.845787, -36.629274], [139.854841, -36.661445], [139.861891, -36.692279], [139.863518, -36.718513], [139.86198, -36.768073], [139.858223, -36.790517], [139.853995, -36.804669], [139.850074, -36.824909], [139.842891, -36.839575], [139.835636, -36.849901], [139.825651, -36.857508], [139.82392, -36.861237], [139.818789, -36.868524], [139.808266, -36.877219], [139.799772, -36.880993], [139.787491, -36.894612], [139.779, -36.899328], [139.766937, -36.902392], [139.757065, -36.90673], [139.748151, -36.909426], [139.740992, -36.91441], [139.73239, -36.916809], [139.728718, -36.919051], [139.717462, -36.929641], [139.699162, -36.93925], [139.696591, -36.934099], [139.696053, -36.934248], [139.69775, -36.937752], [139.696383, -36.938768], [139.696274, -36.94049], [139.691047, -36.941491], [139.684311, -36.94143], [139.680475, -36.942546], [139.675909, -36.942056], [139.674098, -36.944598], [139.673145, -36.950473], [139.671075, -36.952797], [139.670049, -36.958217], [139.676102, -36.966852], [139.684513, -36.974707], [139.693282, -36.981584], [139.705664, -36.988977], [139.711917, -36.994471], [139.721789, -37.000625], [139.730608, -37.00933], [139.733909, -37.014176], [139.740535, -37.021304], [139.742502, -37.024336], [139.743446, -37.02957], [139.742329, -37.033453], [139.743113, -37.036406], [139.742703, -37.039425], [139.739303, -37.04623], [139.739896, -37.050885], [139.739412, -37.056844], [139.740192, -37.062965], [139.744029, -37.071751], [139.743931, -37.07419], [139.756611, -37.078563], [139.758897, -37.0775], [139.761203, -37.077509], [139.768416, -37.081579], [139.775606, -37.087945], [139.782243, -37.095993], [139.787727, -37.104518], [139.791052, -37.111549], [139.795204, -37.125523], [139.795818, -37.137468], [139.793957, -37.146375], [139.788459, -37.157799], [139.781747, -37.164163], [139.776534, -37.165216], [139.771562, -37.163545], [139.768402, -37.163494], [139.766246, -37.162333], [139.764477, -37.162783], [139.761021, -37.161734], [139.758677, -37.162784], [139.753441, -37.16203], [139.749533, -37.159157], [139.748588, -37.156328], [139.746259, -37.155562], [139.743061, -37.155849], [139.743629, -37.156387], [139.743141, -37.156937], [139.745118, -37.156707], [139.744035, -37.157774], [139.745484, -37.158162], [139.74474, -37.160097], [139.743286, -37.160769], [139.743745, -37.161818], [139.745053, -37.162127], [139.745188, -37.163276], [139.742272, -37.166059], [139.744266, -37.17178], [139.743054, -37.176823], [139.740131, -37.179585], [139.740606, -37.181299], [139.739968, -37.181963], [139.742992, -37.182569], [139.745872, -37.184659], [139.748689, -37.187435], [139.750509, -37.19063], [139.757523, -37.194385], [139.761627, -37.199707], [139.763321, -37.202698], [139.763522, -37.204666], [139.76632, -37.206929], [139.767311, -37.20873], [139.767316, -37.210453], [139.76941, -37.215102], [139.771023, -37.216223], [139.771294, -37.217239], [139.770148, -37.218204], [139.773276, -37.219465], [139.772678, -37.220394], [139.77425, -37.220349], [139.774571, -37.22347], [139.777013, -37.223795], [139.777265, -37.226809], [139.778046, -37.227144], [139.778555, -37.229376], [139.780965, -37.229621], [139.783028, -37.231003], [139.783491, -37.234046], [139.782145, -37.235461], [139.783061, -37.236805], [139.785629, -37.237457], [139.788741, -37.240813], [139.791469, -37.247121], [139.794644, -37.251195], [139.795624, -37.255117], [139.796858, -37.25638], [139.797099, -37.257405], [139.795958, -37.258916], [139.799174, -37.260504], [139.801315, -37.264051], [139.803914, -37.264458], [139.804127, -37.26553], [139.803351, -37.266183], [139.804642, -37.266454], [139.804254, -37.268324], [139.805187, -37.269519], [139.80362, -37.26961], [139.803555, -37.270655], [139.804376, -37.269857], [139.805969, -37.270344], [139.805949, -37.271356], [139.807366, -37.272189], [139.807615, -37.274274], [139.811877, -37.277666], [139.81173, -37.280839], [139.814765, -37.282275], [139.815194, -37.28371], [139.816635, -37.283807], [139.818764, -37.285716], [139.820801, -37.289971], [139.820266, -37.29103], [139.821339, -37.291784], [139.819822, -37.29311], [139.824692, -37.295312], [139.826967, -37.29987], [139.828682, -37.300494], [139.828796, -37.302545], [139.827894, -37.304078], [139.832595, -37.305485], [139.837637, -37.310384], [139.83781, -37.312617], [139.836759, -37.314054], [139.840311, -37.314847], [139.842824, -37.31671], [139.843447, -37.319185], [139.840749, -37.32219], [139.842032, -37.321524], [139.843634, -37.322486], [139.845621, -37.320839], [139.848503, -37.321278], [139.850581, -37.324061], [139.850004, -37.326135], [139.848735, -37.327522], [139.847314, -37.326525], [139.84589, -37.326621], [139.848073, -37.327771], [139.847431, -37.328887], [139.849175, -37.329596], [139.849077, -37.331117], [139.849882, -37.331539], [139.85118, -37.329627], [139.856331, -37.32941], [139.85948, -37.330726], [139.865514, -37.335612], [139.869843, -37.342056], [139.871503, -37.348209], [139.875929, -37.352511], [139.881927, -37.360271], [139.887379, -37.369033], [139.890441, -37.375874], [139.899662, -37.382863], [139.910105, -37.388926], [139.924415, -37.405375], [139.929335, -37.413562], [139.930223, -37.41825], [139.939227, -37.42286], [139.946727, -37.42933], [139.949876, -37.433754], [139.951157, -37.437619], [139.949185, -37.440529], [139.949357, -37.441047], [139.950387, -37.440606], [139.950673, -37.441671], [139.949224, -37.44182], [139.951359, -37.442217], [139.951086, -37.443367], [139.952369, -37.441928], [139.954943, -37.44171], [139.957622, -37.442032], [139.960106, -37.443363], [139.962375, -37.446009], [139.962664, -37.448128], [139.964227, -37.448717], [139.967126, -37.451785], [139.968208, -37.45452], [139.970133, -37.455086], [139.969074, -37.456053], [139.969274, -37.456773], [139.969485, -37.456169], [139.971974, -37.45651], [139.971581, -37.457593], [139.973493, -37.45866], [139.973029, -37.459236], [139.974048, -37.459876], [139.973301, -37.460283], [139.974035, -37.46044], [139.974403, -37.460044], [139.974912, -37.460737], [139.974222, -37.461172], [139.977136, -37.461888], [139.979601, -37.463833], [139.980605, -37.466538], [139.984621, -37.46813], [139.985266, -37.470903], [139.987581, -37.470187], [139.990286, -37.470994], [139.996576, -37.476743], [139.996105, -37.477916], [139.997653, -37.479851], [139.995939, -37.481365], [139.99687, -37.482986], [139.996129, -37.483602], [139.99361, -37.483015], [139.99375, -37.48492], [139.992896, -37.485671], [139.99569, -37.485563], [139.995051, -37.484781], [139.997071, -37.484197], [139.998751, -37.485169], [139.999966, -37.487202], [139.997257, -37.484625], [139.99845, -37.486432], [139.997235, -37.486631], [139.996286, -37.488325], [139.997987, -37.487301], [140.000137, -37.489562], [140.001322, -37.488503], [140.001022, -37.487469], [140.003115, -37.487933], [140.00342, -37.487233], [140.005119, -37.487376], [140.007713, -37.488907], [140.011054, -37.492738], [140.010591, -37.493079], [140.011347, -37.493125], [140.016147, -37.490318], [140.014803, -37.488566], [140.014604, -37.486696], [140.015062, -37.482219], [140.015968, -37.480523], [140.020089, -37.476952], [140.025048, -37.475449], [140.032194, -37.474436], [140.049823, -37.478617], [140.060078, -37.484421], [140.067502, -37.491401], [140.077462, -37.503416], [140.095721, -37.512387], [140.106491, -37.518996], [140.118803, -37.528644], [140.129779, -37.543747], [140.131654, -37.550566], [140.131312, -37.556224], [140.130417, -37.560146], [140.128143, -37.56473], [140.125501, -37.567101], [140.120752, -37.569356], [140.116133, -37.570244], [140.113766, -37.567056], [140.111482, -37.565641], [140.107793, -37.565166], [140.108016, -37.567601], [140.110715, -37.569073], [140.110354, -37.570751], [140.111777, -37.570465], [140.111464, -37.571288], [140.112257, -37.571355], [140.1114, -37.572567], [140.112326, -37.573097], [140.111363, -37.573688], [140.112907, -37.573768], [140.112525, -37.574928], [140.113487, -37.575448], [140.112558, -37.576856], [140.112713, -37.578417], [140.115196, -37.580176], [140.115468, -37.57875], [140.119123, -37.578864], [140.119801, -37.580195], [140.120891, -37.579587], [140.120791, -37.581176], [140.123077, -37.582665], [140.122885, -37.5844], [140.127601, -37.585163], [140.127982, -37.587625], [140.128683, -37.586763], [140.13267, -37.588444], [140.134329, -37.58713], [140.135276, -37.588303], [140.135899, -37.590748], [140.136961, -37.591487], [140.137216, -37.592822], [140.138901, -37.593071], [140.139609, -37.594187], [140.142031, -37.593749], [140.144851, -37.594482], [140.145771, -37.596285], [140.149524, -37.597864], [140.151493, -37.601414], [140.15736, -37.602917], [140.160854, -37.605723], [140.164151, -37.607107], [140.167162, -37.610038], [140.168103, -37.61205], [140.170549, -37.611876], [140.178709, -37.617223], [140.18017, -37.619889], [140.184933, -37.622502], [140.203293, -37.639822], [140.218996, -37.656644], [140.224189, -37.660846], [140.237246, -37.674161], [140.24789, -37.686113], [140.27558, -37.720824], [140.28473, -37.735244], [140.284575, -37.737076], [140.29329, -37.7479], [140.298595, -37.759688], [140.30323, -37.764686], [140.307204, -37.770652], [140.311124, -37.779735], [140.318866, -37.789123], [140.320389, -37.792778], [140.320491, -37.795386], [140.325953, -37.80143], [140.328676, -37.807091], [140.328439, -37.808871], [140.326021, -37.810449], [140.32728, -37.810843], [140.328639, -37.812672], [140.326953, -37.815249], [140.328666, -37.814801], [140.329694, -37.815398], [140.328417, -37.81817], [140.329379, -37.818551], [140.331666, -37.817626], [140.333536, -37.818498], [140.34019, -37.828795], [140.342399, -37.834395], [140.353977, -37.849536], [140.361532, -37.863851], [140.363997, -37.877048], [140.372995, -37.886938], [140.375487, -37.894297], [140.375888, -37.897846], [140.383497, -37.898937], [140.388676, -37.901501], [140.390863, -37.90474], [140.392051, -37.908856], [140.391952, -37.911302], [140.390228, -37.912443], [140.390372, -37.913048], [140.392086, -37.913945], [140.394256, -37.911874], [140.39575, -37.912322], [140.396583, -37.914597], [140.394896, -37.914868], [140.394464, -37.91581], [140.395553, -37.917136], [140.39495, -37.918279], [140.396166, -37.919822], [140.397149, -37.919884], [140.397759, -37.918075], [140.401542, -37.916732], [140.403233, -37.916982], [140.405466, -37.918761], [140.4056, -37.919932], [140.407019, -37.920439], [140.412505, -37.925619], [140.418047, -37.924983], [140.419572, -37.925861], [140.420784, -37.927451], [140.421214, -37.931014], [140.425459, -37.929537], [140.434765, -37.932508], [140.440858, -37.931291], [140.448146, -37.934653], [140.454015, -37.935846], [140.457177, -37.940211], [140.461842, -37.941638], [140.464903, -37.946589], [140.467146, -37.948195], [140.466543, -37.949747], [140.468595, -37.949605], [140.470058, -37.951105], [140.478301, -37.953287], [140.480444, -37.954939], [140.480892, -37.956735], [140.485879, -37.957642], [140.491164, -37.96087], [140.502653, -37.973578], [140.508784, -37.984202], [140.514185, -37.987007], [140.517006, -37.98996], [140.525758, -37.992521], [140.534126, -37.996588], [140.540642, -38.001546], [140.548288, -38.004792], [140.552514, -38.006154], [140.560942, -38.006033], [140.567291, -38.008596], [140.572145, -38.014186], [140.571328, -38.016803], [140.571889, -38.018827], [140.570429, -38.019972], [140.570559, -38.020683], [140.574096, -38.023588], [140.576745, -38.024034], [140.577923, -38.026977], [140.577173, -38.028254], [140.579385, -38.029701], [140.584459, -38.028794], [140.585005, -38.027023], [140.590416, -38.024468], [140.593105, -38.024595], [140.606818, -38.027717], [140.609872, -38.02979], [140.617599, -38.032296], [140.619081, -38.033867], [140.618685, -38.036139], [140.620194, -38.037036], [140.62013, -38.039007], [140.620936, -38.040256], [140.624818, -38.041042], [140.626412, -38.04041], [140.626908, -38.039212], [140.629217, -38.03851], [140.632685, -38.039799], [140.642025, -38.041165], [140.644961, -38.043793], [140.644991, -38.046833], [140.646654, -38.047121], [140.649721, -38.050609], [140.652974, -38.051686], [140.656691, -38.055176], [140.65993, -38.056338], [140.660587, -38.058283], [140.661452, -38.058191], [140.660642, -38.060031], [140.662109, -38.060069], [140.66179, -38.061], [140.662442, -38.061474], [140.663345, -38.059721], [140.664618, -38.060157], [140.665651, -38.059219], [140.669531, -38.060042], [140.671202, -38.058493], [140.675953, -38.057456], [140.681044, -38.058152], [140.685734, -38.056963], [140.697667, -38.059677], [140.696111, -38.056784], [140.702409, -38.0555], [140.706296, -38.053637], [140.706758, -38.054178], [140.717702, -38.051685], [140.729147, -38.054292], [140.738793, -38.054477], [140.743659, -38.057772], [140.746796, -38.058637], [140.752964, -38.05618], [140.759943, -38.057629], [140.763273, -38.056423], [140.76687, -38.05776], [140.767491, -38.056803], [140.768978, -38.057392], [140.770478, -38.059708], [140.770602, -38.054022], [140.775175, -38.049349], [140.782998, -38.04552], [140.792754, -38.045533], [140.797093, -38.046886], [140.798989, -38.046657], [140.79878, -38.045504], [140.799515, -38.046734], [140.807612, -38.049008], [140.811461, -38.04552], [140.819121, -38.042456], [140.837839, -38.041051], [140.847758, -38.042176], [140.862187, -38.045692], [140.865204, -38.046895], [140.86681, -38.048581], [140.873073, -38.051014], [140.88933, -38.047848], [140.900135, -38.04797], [140.917792, -38.052369], [140.930475, -38.053438], [140.93832, -38.052789], [140.938403, -38.052218], [140.941532, -38.053498], [140.965735, -38.055989], [140.972011, -37.730752], [140.973568, -37.718049], [140.972116, -37.717588], [140.973872, -37.462093], [140.973019, -37.310127], [140.971275, -37.228803], [140.971882, -37.036072], [140.96932, -36.793047], [140.967592, -36.374847], [140.963888, -35.996066], [140.963103, -35.748535], [140.966225, -35.389142], [140.964721, -34.635598], [140.3719, -34.635329], [140.369823, -34.692304], [140.16982, -34.696755], [140.166259, -34.659662], [140.180503, -34.656398], [140.174271, -34.573608], [140.158544, -34.573014], [140.111659, -34.580433], [140.065071, -34.578355], [140.065664, -34.600314], [139.969224, -34.620196], [139.906612, -34.60981], [139.876344, -34.605359], [139.812842, -34.605062], [139.800972, -34.601204], [139.761506, -34.599721], [139.757945, -34.483695], [139.157344, -34.45595], [139.168323, -34.466781], [139.175296, -34.480283], [139.1704, -34.489333], [139.152151, -34.495713], [139.15037, -34.504467], [139.141616, -34.508325], [139.112833, -34.534586], [139.110459, -34.553874], [139.095918, -34.567821], [139.110162, -34.589631], [139.105266, -34.610255], [139.211647, -34.611294], [139.215801, -34.773313], [139.178412, -34.994088], [139.026407, -34.920682], [139.025369, -34.923946]]], [[[136.550027, -35.857176], [136.543907, -35.857127], [136.540564, -35.859364], [136.539474, -35.862199], [136.540567, -35.864054], [136.538317, -35.864976], [136.538167, -35.866434], [136.538934, -35.867223], [136.535739, -35.870012], [136.536655, -35.871495], [136.53558, -35.874126], [136.532972, -35.876254], [136.533292, -35.877777], [136.53819, -35.879226], [136.534558, -35.881876], [136.534588, -35.882525], [136.535751, -35.882599], [136.535384, -35.883408], [136.536053, -35.883847], [136.53441, -35.886475], [136.540681, -35.884801], [136.547596, -35.885014], [136.549201, -35.88435], [136.550774, -35.886057], [136.550252, -35.888073], [136.54581, -35.889908], [136.545067, -35.890897], [136.546025, -35.890871], [136.544075, -35.892086], [136.545247, -35.892712], [136.543499, -35.893825], [136.54276, -35.896025], [136.539717, -35.8978], [136.538853, -35.899329], [136.54635, -35.900079], [136.550767, -35.90193], [136.554694, -35.905733], [136.553144, -35.907962], [136.555967, -35.910999], [136.561888, -35.913059], [136.562891, -35.914209], [136.562539, -35.914866], [136.564252, -35.915429], [136.564073, -35.91713], [136.566205, -35.91811], [136.567169, -35.919784], [136.579779, -35.930728], [136.580519, -35.931893], [136.579125, -35.936362], [136.58067, -35.937457], [136.579619, -35.938674], [136.58101, -35.939183], [136.579541, -35.941632], [136.580876, -35.942063], [136.580433, -35.944598], [136.581657, -35.945967], [136.58043, -35.946885], [136.580365, -35.948936], [136.581825, -35.950894], [136.584925, -35.951525], [136.58781, -35.95081], [136.592222, -35.953022], [136.594127, -35.954931], [136.593406, -35.958253], [136.595267, -35.960939], [136.598472, -35.960667], [136.598865, -35.961798], [136.601189, -35.960838], [136.604058, -35.960915], [136.609104, -35.959148], [136.611877, -35.957324], [136.61808, -35.955759], [136.619993, -35.956059], [136.624799, -35.95437], [136.628994, -35.956346], [136.628633, -35.958385], [136.629832, -35.960424], [136.633297, -35.961292], [136.638807, -35.960671], [136.641735, -35.961451], [136.641789, -35.962561], [136.64281, -35.963131], [136.64827, -35.96364], [136.649662, -35.964864], [136.652669, -35.965182], [136.653588, -35.96673], [136.66562, -35.975745], [136.666224, -35.978634], [136.672829, -35.984389], [136.672344, -35.985339], [136.677604, -35.992311], [136.682224, -35.99588], [136.682876, -35.998522], [136.689064, -36.004771], [136.691169, -36.009728], [136.691396, -36.012244], [136.692565, -36.012868], [136.692889, -36.014222], [136.694982, -36.014478], [136.6954, -36.016386], [136.696445, -36.017132], [136.696124, -36.018237], [136.701904, -36.02374], [136.705486, -36.032401], [136.708435, -36.036926], [136.707501, -36.041213], [136.706534, -36.042436], [136.707002, -36.043206], [136.704949, -36.045282], [136.706699, -36.047274], [136.706786, -36.048987], [136.705634, -36.051282], [136.702977, -36.051908], [136.701047, -36.05429], [136.697971, -36.054745], [136.696968, -36.054014], [136.696256, -36.054659], [136.696971, -36.058167], [136.705236, -36.064064], [136.706085, -36.062522], [136.707009, -36.062537], [136.707163, -36.059883], [136.709332, -36.056977], [136.710663, -36.056448], [136.712429, -36.056935], [136.713532, -36.05592], [136.717474, -36.05816], [136.718766, -36.057968], [136.720168, -36.055567], [136.718295, -36.053316], [136.71841, -36.051294], [136.720525, -36.049403], [136.723092, -36.049548], [136.723427, -36.047749], [136.724928, -36.047677], [136.724712, -36.046759], [136.727088, -36.045071], [136.733787, -36.043446], [136.746369, -36.044756], [136.753452, -36.046293], [136.754048, -36.046869], [136.753613, -36.048192], [136.75799, -36.049731], [136.759236, -36.048737], [136.763364, -36.047878], [136.764109, -36.045267], [136.766365, -36.044006], [136.770716, -36.045314], [136.774976, -36.043631], [136.775281, -36.04285], [136.773509, -36.041507], [136.774331, -36.040145], [136.773078, -36.03831], [136.774705, -36.03739], [136.776572, -36.037756], [136.77747, -36.036345], [136.77635, -36.035411], [136.776332, -36.034024], [136.781187, -36.032356], [136.781837, -36.031408], [136.783804, -36.032421], [136.786017, -36.031645], [136.795225, -36.032958], [136.800512, -36.032175], [136.803952, -36.033645], [136.812343, -36.035051], [136.814521, -36.036483], [136.813746, -36.037748], [136.814436, -36.038726], [136.81674, -36.038845], [136.817813, -36.037993], [136.815741, -36.036378], [136.817304, -36.033252], [136.824789, -36.031457], [136.825352, -36.027776], [136.826927, -36.025864], [136.827994, -36.025805], [136.827447, -36.025269], [136.831676, -36.026004], [136.829469, -36.022192], [136.831686, -36.019765], [136.841102, -36.01804], [136.843714, -36.0182], [136.845536, -36.019327], [136.849815, -36.018863], [136.852261, -36.019888], [136.853941, -36.01848], [136.854045, -36.016575], [136.855948, -36.016699], [136.856289, -36.017945], [136.85958, -36.017387], [136.867262, -36.019343], [136.873424, -36.023932], [136.87628, -36.023807], [136.878788, -36.025849], [136.88925, -36.02876], [136.891412, -36.030175], [136.891835, -36.029749], [136.898845, -36.033924], [136.902158, -36.036971], [136.904291, -36.037507], [136.906519, -36.039716], [136.907828, -36.042479], [136.910146, -36.041119], [136.911931, -36.041557], [136.91282, -36.043058], [136.914584, -36.042759], [136.915453, -36.043576], [136.918431, -36.042969], [136.920073, -36.041318], [136.921988, -36.040973], [136.921494, -36.039498], [136.923406, -36.037713], [136.925652, -36.037754], [136.92736, -36.039338], [136.928327, -36.0391], [136.930281, -36.034337], [136.938743, -36.030001], [136.939526, -36.027781], [136.942162, -36.026688], [136.944191, -36.027979], [136.945718, -36.027983], [136.946677, -36.029492], [136.94907, -36.029844], [136.952111, -36.028569], [136.952491, -36.027454], [136.956288, -36.026915], [136.957731, -36.025544], [136.960169, -36.027072], [136.964896, -36.026807], [136.965699, -36.024696], [136.968958, -36.023903], [136.96989, -36.021596], [136.971382, -36.022083], [136.97197, -36.021236], [136.973439, -36.021436], [136.974104, -36.023168], [136.981398, -36.021303], [136.99119, -36.020788], [136.99681, -36.01819], [136.997279, -36.017338], [136.998178, -36.01763], [136.998284, -36.01867], [137.00085, -36.018382], [137.000516, -36.019176], [137.001871, -36.020188], [137.007032, -36.020574], [137.007829, -36.019478], [137.010144, -36.019256], [137.017994, -36.020775], [137.020104, -36.022249], [137.024518, -36.022907], [137.026581, -36.02443], [137.026509, -36.025518], [137.027957, -36.025598], [137.028309, -36.026442], [137.03094, -36.026927], [137.035157, -36.026003], [137.036082, -36.027651], [137.038683, -36.026632], [137.039547, -36.027367], [137.044965, -36.026511], [137.047014, -36.027585], [137.048918, -36.026732], [137.050806, -36.023665], [137.053191, -36.022485], [137.056253, -36.022167], [137.05762, -36.0201], [137.059064, -36.021575], [137.063109, -36.022172], [137.069842, -36.020009], [137.07476, -36.021487], [137.076697, -36.020847], [137.082103, -36.021641], [137.082898, -36.021181], [137.086255, -36.023566], [137.092381, -36.025105], [137.094282, -36.023468], [137.097046, -36.023812], [137.097498, -36.020093], [137.099904, -36.020217], [137.102588, -36.018171], [137.122566, -36.026635], [137.123028, -36.027139], [137.121612, -36.029027], [137.122064, -36.030118], [137.130947, -36.033985], [137.13311, -36.03125], [137.137486, -36.029403], [137.137868, -36.024804], [137.139595, -36.024763], [137.139645, -36.022756], [137.142006, -36.024582], [137.143188, -36.023246], [137.142711, -36.022416], [137.145803, -36.020706], [137.148149, -36.020847], [137.150841, -36.023097], [137.155371, -36.022276], [137.156307, -36.023261], [137.155478, -36.025631], [137.156473, -36.027035], [137.162682, -36.024739], [137.163038, -36.023251], [137.160832, -36.022091], [137.161765, -36.01722], [137.161316, -36.016479], [137.166663, -36.015889], [137.169137, -36.014745], [137.168805, -36.011395], [137.169952, -36.01082], [137.172733, -36.011069], [137.176463, -36.010021], [137.177922, -36.0078], [137.17702, -36.005879], [137.177617, -36.004344], [137.189772, -35.997078], [137.188983, -35.996333], [137.184203, -35.996628], [137.179962, -35.993958], [137.179608, -35.99119], [137.17861, -35.990349], [137.179507, -35.985901], [137.180849, -35.983985], [137.187295, -35.97896], [137.192306, -35.976693], [137.200562, -35.974464], [137.20949, -35.973988], [137.215956, -35.974415], [137.219626, -35.975714], [137.222118, -35.975508], [137.225302, -35.976774], [137.229213, -35.977136], [137.231526, -35.97852], [137.23079, -35.980135], [137.23131, -35.980865], [137.232372, -35.981173], [137.233364, -35.979664], [137.233902, -35.980197], [137.234609, -35.979308], [137.235788, -35.979375], [137.23688, -35.982309], [137.239245, -35.98104], [137.240739, -35.982225], [137.241988, -35.981784], [137.24137, -35.983235], [137.246139, -35.982639], [137.249307, -35.983545], [137.250182, -35.984661], [137.250534, -35.982631], [137.253147, -35.981584], [137.257945, -35.982221], [137.262046, -35.984345], [137.263931, -35.984494], [137.269499, -35.988626], [137.270664, -35.988649], [137.271048, -35.990499], [137.270201, -35.991275], [137.271851, -35.991187], [137.272986, -35.992235], [137.277285, -35.992297], [137.278364, -35.994258], [137.280739, -35.992086], [137.283624, -35.992213], [137.285415, -35.990762], [137.288866, -35.991727], [137.292641, -35.990476], [137.296192, -35.990322], [137.298111, -35.991637], [137.302543, -35.990891], [137.302774, -35.993405], [137.306353, -35.993239], [137.312259, -35.994844], [137.313917, -35.994333], [137.318917, -35.994996], [137.320205, -35.996057], [137.323105, -35.995906], [137.324716, -35.997958], [137.327255, -35.997268], [137.327873, -35.995881], [137.329504, -35.995859], [137.329927, -35.994525], [137.33182, -35.995384], [137.331843, -35.993552], [137.332641, -35.993027], [137.333288, -35.993823], [137.335739, -35.993317], [137.337928, -35.995033], [137.340854, -35.995878], [137.34682, -35.993707], [137.352838, -35.994094], [137.359841, -35.996406], [137.360835, -35.997344], [137.360485, -35.999164], [137.361537, -36.000278], [137.362737, -36.000278], [137.363187, -35.998965], [137.365244, -35.997982], [137.371018, -35.998416], [137.373319, -35.999831], [137.374885, -36.003174], [137.374253, -36.005675], [137.372234, -36.006925], [137.373274, -36.006994], [137.374391, -36.008374], [137.375411, -36.006453], [137.377304, -36.005964], [137.38045, -36.0082], [137.379444, -36.013892], [137.383827, -36.015066], [137.385659, -36.017152], [137.389277, -36.018628], [137.394119, -36.021976], [137.394825, -36.023516], [137.396838, -36.023915], [137.397615, -36.025583], [137.399348, -36.026056], [137.401616, -36.028627], [137.403302, -36.032255], [137.406806, -36.032412], [137.406937, -36.033697], [137.405847, -36.034576], [137.40736, -36.034836], [137.407484, -36.03629], [137.405612, -36.037776], [137.405605, -36.038791], [137.407818, -36.038611], [137.41078, -36.035816], [137.411974, -36.038251], [137.414818, -36.039078], [137.414589, -36.040002], [137.420237, -36.041416], [137.42352, -36.045416], [137.433153, -36.051388], [137.433812, -36.052892], [137.438179, -36.055535], [137.442147, -36.056807], [137.445217, -36.06031], [137.4485, -36.061486], [137.448965, -36.0628], [137.45381, -36.064285], [137.456643, -36.066279], [137.458241, -36.068261], [137.457728, -36.071531], [137.458258, -36.073187], [137.460723, -36.074971], [137.463254, -36.072508], [137.467349, -36.072844], [137.46757, -36.070298], [137.471587, -36.068859], [137.47452, -36.066102], [137.478032, -36.065993], [137.479156, -36.064904], [137.481426, -36.065923], [137.48278, -36.065675], [137.48302, -36.065089], [137.481, -36.064317], [137.480444, -36.063224], [137.482885, -36.060981], [137.485394, -36.057029], [137.487137, -36.057687], [137.490762, -36.054912], [137.492552, -36.054714], [137.495564, -36.05466], [137.499048, -36.055672], [137.499856, -36.056595], [137.504002, -36.055873], [137.506812, -36.05332], [137.505833, -36.050959], [137.507643, -36.049027], [137.509468, -36.049033], [137.51332, -36.047234], [137.517201, -36.042054], [137.516847, -36.040913], [137.519138, -36.039731], [137.519693, -36.03761], [137.520853, -36.038424], [137.522629, -36.038009], [137.524441, -36.03593], [137.527461, -36.03458], [137.529213, -36.032431], [137.53225, -36.031236], [137.535443, -36.027985], [137.535973, -36.025864], [137.53804, -36.026234], [137.541709, -36.024075], [137.546981, -36.024827], [137.551883, -36.021774], [137.559419, -36.023076], [137.563234, -36.022939], [137.565038, -36.02162], [137.566854, -36.022205], [137.571649, -36.021558], [137.574825, -36.019089], [137.578955, -36.018148], [137.579964, -36.018934], [137.582066, -36.018304], [137.58664, -36.019559], [137.593978, -36.010196], [137.597798, -36.009044], [137.600896, -36.009961], [137.602643, -36.00929], [137.604748, -36.005596], [137.604179, -36.003462], [137.607722, -36.001635], [137.607396, -35.998383], [137.608033, -35.996932], [137.613541, -35.992127], [137.614907, -35.99176], [137.614473, -35.989804], [137.616799, -35.989256], [137.615566, -35.985768], [137.615774, -35.982969], [137.618876, -35.978883], [137.620444, -35.978592], [137.618524, -35.977579], [137.617839, -35.975132], [137.60912, -35.969188], [137.605102, -35.964858], [137.604681, -35.963026], [137.60258, -35.960511], [137.601537, -35.955429], [137.599337, -35.951333], [137.59973, -35.946606], [137.598172, -35.942693], [137.59862, -35.937198], [137.601208, -35.929985], [137.607142, -35.919063], [137.609829, -35.916566], [137.611978, -35.913111], [137.618086, -35.907386], [137.630401, -35.899304], [137.643203, -35.892858], [137.644913, -35.891122], [137.650577, -35.888962], [137.651523, -35.887856], [137.660289, -35.884899], [137.684088, -35.879306], [137.701415, -35.876829], [137.714783, -35.875765], [137.726115, -35.876742], [137.729142, -35.87382], [137.728057, -35.872876], [137.730565, -35.870668], [137.730658, -35.867589], [137.732025, -35.866004], [137.735432, -35.865427], [137.73699, -35.863106], [137.73747, -35.861246], [137.734907, -35.859596], [137.734889, -35.857388], [137.736051, -35.855389], [137.741097, -35.853115], [137.749215, -35.852059], [137.751146, -35.85405], [137.75191, -35.852961], [137.753327, -35.853637], [137.755199, -35.85129], [137.756445, -35.852321], [137.758071, -35.851361], [137.759675, -35.852383], [137.761988, -35.85155], [137.771777, -35.85118], [137.772527, -35.852807], [137.775406, -35.850832], [137.779125, -35.852301], [137.780224, -35.85164], [137.7824, -35.852551], [137.784709, -35.851452], [137.786241, -35.852729], [137.791082, -35.853421], [137.792478, -35.853154], [137.794567, -35.851286], [137.798618, -35.853524], [137.802617, -35.85178], [137.803232, -35.850616], [137.803945, -35.851526], [137.807288, -35.852556], [137.809483, -35.851959], [137.815333, -35.852397], [137.816841, -35.853217], [137.825942, -35.854309], [137.830155, -35.855947], [137.835816, -35.855281], [137.839064, -35.856592], [137.848524, -35.857757], [137.856083, -35.859755], [137.868139, -35.863259], [137.870564, -35.865149], [137.871078, -35.868717], [137.872353, -35.868141], [137.873551, -35.869326], [137.873292, -35.87027], [137.874263, -35.870569], [137.878816, -35.868912], [137.879382, -35.870293], [137.883486, -35.87037], [137.883293, -35.867983], [137.886186, -35.864813], [137.886541, -35.867379], [137.891234, -35.867543], [137.896916, -35.865466], [137.90027, -35.862849], [137.903683, -35.862199], [137.904912, -35.861025], [137.911134, -35.859789], [137.912844, -35.861406], [137.916018, -35.861135], [137.916815, -35.861996], [137.918627, -35.861794], [137.927948, -35.864115], [137.93789, -35.864917], [137.944361, -35.868486], [137.95756, -35.872413], [137.974202, -35.880236], [137.975796, -35.881916], [137.974776, -35.884425], [137.975767, -35.885859], [137.97802, -35.886243], [137.980629, -35.884271], [137.982023, -35.88567], [137.984944, -35.885809], [137.985977, -35.88677], [137.987812, -35.886161], [137.988331, -35.886867], [137.994158, -35.888079], [138.006636, -35.89373], [138.008354, -35.894878], [138.008792, -35.896633], [138.01026, -35.897873], [138.02023, -35.902429], [138.037705, -35.902727], [138.040822, -35.904274], [138.048017, -35.900536], [138.049566, -35.898123], [138.05626, -35.895055], [138.059009, -35.889763], [138.059144, -35.887501], [138.062006, -35.885292], [138.065273, -35.880684], [138.06853, -35.880962], [138.071799, -35.879162], [138.0721, -35.878156], [138.075244, -35.876902], [138.07574, -35.874497], [138.078312, -35.874695], [138.077886, -35.874059], [138.079101, -35.872592], [138.082539, -35.869042], [138.083834, -35.869749], [138.08666, -35.865426], [138.088641, -35.864513], [138.090316, -35.865371], [138.089149, -35.86401], [138.090017, -35.862568], [138.091814, -35.862468], [138.09574, -35.859246], [138.097519, -35.859149], [138.099574, -35.856625], [138.104851, -35.853467], [138.110893, -35.848409], [138.113648, -35.847756], [138.11735, -35.848939], [138.119088, -35.846756], [138.123901, -35.845135], [138.125482, -35.845879], [138.125639, -35.848065], [138.12666, -35.848195], [138.127435, -35.847799], [138.127405, -35.84675], [138.1302, -35.846668], [138.130021, -35.845798], [138.132264, -35.845304], [138.132999, -35.843887], [138.134263, -35.843597], [138.134906, -35.841439], [138.133711, -35.840254], [138.128129, -35.838765], [138.125483, -35.833915], [138.123264, -35.83424], [138.123636, -35.827507], [138.121684, -35.825966], [138.119071, -35.819876], [138.119359, -35.818312], [138.122846, -35.814497], [138.124551, -35.811165], [138.126241, -35.804103], [138.125725, -35.80235], [138.12396, -35.802445], [138.121357, -35.806967], [138.117296, -35.808783], [138.112808, -35.809601], [138.106517, -35.809476], [138.102412, -35.808497], [138.099276, -35.806627], [138.095757, -35.806594], [138.089908, -35.804474], [138.07695, -35.795898], [138.072186, -35.790986], [138.066857, -35.780365], [138.067777, -35.77821], [138.066747, -35.774435], [138.067968, -35.773024], [138.067604, -35.768345], [138.068533, -35.765753], [138.068564, -35.763186], [138.067579, -35.762143], [138.06779, -35.759784], [138.065283, -35.758586], [138.065296, -35.756986], [138.064129, -35.755666], [138.061914, -35.755185], [138.061351, -35.753685], [138.059772, -35.75342], [138.058969, -35.751822], [138.053577, -35.748832], [138.0469, -35.746492], [138.04545, -35.745259], [138.045983, -35.742821], [138.043092, -35.74218], [138.041929, -35.741102], [138.038516, -35.740708], [138.033315, -35.742129], [138.033318, -35.740805], [138.029547, -35.737152], [138.026206, -35.737514], [138.025358, -35.736573], [138.021679, -35.737405], [138.021664, -35.735613], [138.020166, -35.733525], [138.01553, -35.732456], [138.015919, -35.731547], [138.015187, -35.730705], [138.012211, -35.729453], [138.007089, -35.728602], [138.005581, -35.726301], [138.002895, -35.726607], [137.999876, -35.725436], [137.998881, -35.72614], [137.993636, -35.726502], [137.991324, -35.724467], [137.98808, -35.72418], [137.981972, -35.721779], [137.973313, -35.719802], [137.96516, -35.719639], [137.959753, -35.721183], [137.95875, -35.722274], [137.957077, -35.721645], [137.94621, -35.721414], [137.942614, -35.720192], [137.941244, -35.718353], [137.94294, -35.716675], [137.940728, -35.716206], [137.934864, -35.716437], [137.934113, -35.717314], [137.935727, -35.717959], [137.935168, -35.718671], [137.932142, -35.718464], [137.929486, -35.719687], [137.915576, -35.719725], [137.911524, -35.717828], [137.909399, -35.717936], [137.906916, -35.716858], [137.900608, -35.719757], [137.898563, -35.72352], [137.8949, -35.725039], [137.893642, -35.728166], [137.893339, -35.731423], [137.894148, -35.734807], [137.893606, -35.736863], [137.894784, -35.741846], [137.891753, -35.745698], [137.89155, -35.749718], [137.89227, -35.750866], [137.891451, -35.754315], [137.892535, -35.757945], [137.887211, -35.762731], [137.881494, -35.765614], [137.875437, -35.771257], [137.874469, -35.773446], [137.866593, -35.776536], [137.865213, -35.778436], [137.866017, -35.778679], [137.866165, -35.779761], [137.862993, -35.784104], [137.859481, -35.786562], [137.857905, -35.790902], [137.852159, -35.79495], [137.842318, -35.797272], [137.833309, -35.798053], [137.833122, -35.799608], [137.831294, -35.800261], [137.822554, -35.800182], [137.800823, -35.795775], [137.787862, -35.78961], [137.780567, -35.784621], [137.777351, -35.784445], [137.778398, -35.785307], [137.777787, -35.786448], [137.77905, -35.790904], [137.779058, -35.793945], [137.778092, -35.796203], [137.776275, -35.797192], [137.774624, -35.79667], [137.774596, -35.797509], [137.772983, -35.798432], [137.771623, -35.798386], [137.770571, -35.797259], [137.768572, -35.797223], [137.767252, -35.798384], [137.762804, -35.798023], [137.762393, -35.803409], [137.758373, -35.806042], [137.76301, -35.80647], [137.765434, -35.810842], [137.770736, -35.814085], [137.774677, -35.812471], [137.77397, -35.811241], [137.775388, -35.810264], [137.775563, -35.808607], [137.776633, -35.808332], [137.77862, -35.808739], [137.778946, -35.810698], [137.782923, -35.811862], [137.785907, -35.811227], [137.790559, -35.812196], [137.794759, -35.810401], [137.798297, -35.810204], [137.802603, -35.811573], [137.802973, -35.813115], [137.804518, -35.812504], [137.807358, -35.813025], [137.810688, -35.815249], [137.810574, -35.81588], [137.811837, -35.816348], [137.812226, -35.819348], [137.814274, -35.820369], [137.81389, -35.820911], [137.814758, -35.822033], [137.812787, -35.822213], [137.812733, -35.823227], [137.813882, -35.824191], [137.812494, -35.825357], [137.807109, -35.822162], [137.805137, -35.823012], [137.806338, -35.823575], [137.806517, -35.826132], [137.803598, -35.828028], [137.802718, -35.829479], [137.801599, -35.828938], [137.799998, -35.830679], [137.797982, -35.830584], [137.797249, -35.831641], [137.798239, -35.83354], [137.796662, -35.834287], [137.784929, -35.832372], [137.783842, -35.831324], [137.781015, -35.830742], [137.779439, -35.828133], [137.772401, -35.822796], [137.768882, -35.824986], [137.768561, -35.828525], [137.766742, -35.829435], [137.766489, -35.830782], [137.763776, -35.830554], [137.760687, -35.832021], [137.760509, -35.833317], [137.757681, -35.833376], [137.755722, -35.832208], [137.754157, -35.833933], [137.755423, -35.837059], [137.756472, -35.836851], [137.758849, -35.838169], [137.760789, -35.837489], [137.762208, -35.838863], [137.761489, -35.839961], [137.761863, -35.84095], [137.760419, -35.841137], [137.758288, -35.843101], [137.754379, -35.842984], [137.751951, -35.840094], [137.74926, -35.834317], [137.750323, -35.830942], [137.748826, -35.829043], [137.749525, -35.827599], [137.750923, -35.827698], [137.751943, -35.826068], [137.753974, -35.825677], [137.750845, -35.824635], [137.749499, -35.822868], [137.747764, -35.823746], [137.745875, -35.822572], [137.746044, -35.818714], [137.744905, -35.816819], [137.745303, -35.815895], [137.743908, -35.811414], [137.744169, -35.805624], [137.746192, -35.80276], [137.746078, -35.800946], [137.749225, -35.799026], [137.750394, -35.797116], [137.754797, -35.794939], [137.755263, -35.793422], [137.758074, -35.792805], [137.759026, -35.790328], [137.760125, -35.78963], [137.765575, -35.788117], [137.768683, -35.788762], [137.771463, -35.787666], [137.772751, -35.788005], [137.771861, -35.787378], [137.773408, -35.786603], [137.771947, -35.783929], [137.771947, -35.780922], [137.778458, -35.775145], [137.781282, -35.774636], [137.787739, -35.767259], [137.789624, -35.76651], [137.790032, -35.765287], [137.800636, -35.760953], [137.803452, -35.757605], [137.801886, -35.751675], [137.799702, -35.748718], [137.794413, -35.746519], [137.793007, -35.745141], [137.792524, -35.737731], [137.786036, -35.735039], [137.785546, -35.732131], [137.783851, -35.730058], [137.784268, -35.727326], [137.780584, -35.725242], [137.780334, -35.723932], [137.76861, -35.722997], [137.748593, -35.730865], [137.73657, -35.733915], [137.732946, -35.735625], [137.728144, -35.735397], [137.724069, -35.73424], [137.7222, -35.735409], [137.708393, -35.738652], [137.700029, -35.738872], [137.69626, -35.739791], [137.667942, -35.739553], [137.626884, -35.731666], [137.616692, -35.735178], [137.610737, -35.734934], [137.602477, -35.735887], [137.596038, -35.735349], [137.585827, -35.732437], [137.581452, -35.729775], [137.577915, -35.725671], [137.578693, -35.724453], [137.577296, -35.723429], [137.57785, -35.722483], [137.57711, -35.720968], [137.578745, -35.719836], [137.578151, -35.719059], [137.57927, -35.719103], [137.578904, -35.718276], [137.580955, -35.718179], [137.580484, -35.717036], [137.582322, -35.716838], [137.583355, -35.715124], [137.580993, -35.715127], [137.579205, -35.717161], [137.578323, -35.717104], [137.579351, -35.716097], [137.578272, -35.713753], [137.579197, -35.709027], [137.580417, -35.708503], [137.580111, -35.707615], [137.582433, -35.707551], [137.583935, -35.708807], [137.586845, -35.706755], [137.586264, -35.706079], [137.588598, -35.704659], [137.588058, -35.704125], [137.590861, -35.703187], [137.590845, -35.700935], [137.600672, -35.695066], [137.603349, -35.692678], [137.604601, -35.688205], [137.602614, -35.686102], [137.60395, -35.685028], [137.604071, -35.682033], [137.605689, -35.678765], [137.60807, -35.677395], [137.612063, -35.672769], [137.616539, -35.669882], [137.621391, -35.665136], [137.624137, -35.66354], [137.627752, -35.662958], [137.631407, -35.660369], [137.635754, -35.660249], [137.639671, -35.657283], [137.640624, -35.655681], [137.64369, -35.654125], [137.642439, -35.652763], [137.64301, -35.650355], [137.641838, -35.648], [137.642373, -35.645938], [137.641516, -35.644609], [137.641967, -35.640172], [137.641217, -35.638891], [137.641166, -35.640363], [137.638953, -35.641683], [137.632281, -35.641924], [137.621984, -35.638644], [137.61983, -35.636641], [137.616545, -35.63609], [137.598367, -35.641764], [137.589341, -35.643213], [137.580481, -35.64155], [137.577526, -35.639039], [137.577857, -35.636415], [137.575159, -35.635485], [137.573069, -35.636966], [137.57162, -35.635932], [137.57293, -35.635295], [137.571246, -35.634513], [137.569756, -35.63243], [137.57036, -35.627845], [137.568206, -35.623216], [137.569625, -35.618675], [137.574684, -35.612801], [137.578436, -35.610755], [137.588568, -35.601672], [137.596806, -35.596927], [137.598203, -35.595276], [137.606786, -35.591003], [137.615658, -35.589155], [137.618871, -35.589851], [137.623342, -35.592563], [137.626677, -35.597161], [137.628059, -35.593617], [137.62992, -35.592422], [137.630374, -35.5909], [137.629886, -35.587466], [137.630822, -35.585156], [137.630437, -35.573792], [137.631701, -35.570795], [137.633859, -35.569914], [137.634199, -35.565733], [137.632066, -35.563675], [137.629682, -35.564533], [137.621661, -35.561188], [137.621699, -35.562229], [137.617206, -35.564216], [137.616264, -35.566252], [137.613418, -35.568285], [137.605438, -35.57151], [137.598821, -35.571154], [137.595094, -35.565343], [137.591737, -35.564088], [137.585803, -35.568432], [137.581508, -35.56856], [137.576308, -35.57061], [137.571212, -35.569445], [137.56902, -35.571034], [137.564368, -35.571125], [137.564898, -35.572021], [137.562955, -35.572471], [137.562093, -35.574995], [137.560398, -35.576268], [137.55762, -35.575886], [137.557916, -35.576989], [137.554125, -35.580009], [137.551643, -35.583152], [137.545784, -35.587221], [137.533586, -35.59257], [137.526062, -35.594699], [137.518809, -35.595531], [137.511849, -35.595414], [137.507196, -35.593907], [137.505584, -35.59243], [137.505144, -35.588543], [137.502974, -35.585924], [137.497648, -35.584172], [137.494999, -35.581009], [137.490998, -35.579767], [137.486346, -35.581383], [137.484967, -35.581074], [137.483843, -35.584421], [137.481309, -35.586057], [137.465719, -35.588301], [137.454823, -35.594315], [137.450727, -35.595929], [137.446932, -35.596223], [137.434367, -35.594258], [137.420362, -35.589424], [137.41308, -35.588097], [137.407266, -35.587678], [137.384503, -35.590662], [137.376945, -35.586747], [137.372158, -35.585551], [137.363938, -35.58742], [137.357044, -35.586538], [137.351365, -35.587009], [137.346821, -35.585099], [137.342919, -35.582281], [137.339898, -35.581841], [137.336231, -35.579936], [137.333382, -35.580053], [137.32702, -35.578233], [137.32133, -35.578111], [137.320054, -35.579181], [137.313489, -35.57924], [137.309586, -35.58058], [137.309577, -35.581836], [137.30815, -35.582134], [137.305977, -35.584319], [137.306673, -35.585649], [137.306203, -35.586696], [137.302213, -35.587828], [137.303194, -35.588441], [137.302572, -35.589471], [137.296421, -35.590178], [137.29693, -35.590809], [137.294696, -35.591361], [137.293839, -35.592527], [137.290679, -35.592941], [137.28876, -35.59472], [137.286373, -35.595028], [137.286945, -35.595552], [137.285277, -35.595642], [137.285875, -35.596916], [137.285143, -35.598036], [137.268693, -35.603573], [137.267078, -35.60338], [137.262529, -35.600469], [137.260626, -35.600332], [137.258984, -35.601007], [137.257919, -35.602572], [137.250114, -35.603317], [137.247267, -35.602667], [137.246841, -35.603743], [137.244455, -35.603443], [137.243927, -35.60453], [137.239456, -35.604191], [137.237806, -35.605792], [137.236358, -35.605705], [137.234111, -35.606926], [137.233802, -35.607867], [137.232961, -35.607781], [137.233144, -35.608671], [137.231897, -35.608315], [137.232485, -35.609729], [137.234419, -35.610681], [137.230973, -35.612666], [137.227947, -35.612027], [137.226734, -35.613365], [137.227048, -35.61402], [137.22505, -35.614921], [137.224468, -35.616932], [137.221316, -35.61796], [137.218982, -35.616787], [137.21668, -35.617355], [137.211204, -35.616764], [137.210594, -35.617174], [137.211146, -35.618697], [137.210094, -35.619297], [137.209379, -35.621177], [137.207947, -35.622295], [137.206139, -35.622102], [137.205955, -35.623676], [137.203466, -35.624715], [137.202476, -35.624002], [137.198665, -35.623812], [137.197111, -35.624656], [137.196856, -35.62396], [137.196591, -35.624605], [137.192844, -35.623228], [137.187543, -35.622965], [137.184955, -35.621209], [137.181662, -35.622495], [137.18066, -35.624431], [137.181455, -35.625426], [137.179107, -35.625913], [137.179655, -35.626761], [137.176478, -35.62683], [137.176781, -35.627248], [137.175289, -35.627401], [137.175878, -35.62826], [137.174168, -35.629032], [137.169439, -35.62958], [137.168983, -35.63097], [137.167221, -35.630886], [137.166825, -35.631618], [137.163693, -35.632311], [137.16347, -35.633111], [137.161557, -35.631662], [137.155467, -35.629432], [137.153077, -35.630895], [137.151096, -35.630741], [137.149621, -35.632272], [137.147633, -35.63025], [137.141189, -35.629762], [137.142041, -35.630367], [137.140186, -35.631368], [137.141532, -35.632428], [137.137108, -35.633787], [137.137954, -35.635475], [137.133804, -35.637394], [137.134248, -35.639334], [137.132769, -35.639904], [137.1297, -35.639019], [137.127559, -35.63953], [137.128881, -35.641242], [137.128161, -35.642509], [137.126725, -35.642745], [137.126837, -35.643546], [137.125294, -35.642977], [137.125241, -35.645147], [137.123706, -35.646295], [137.124277, -35.647189], [137.121886, -35.647271], [137.120777, -35.648078], [137.122667, -35.649872], [137.12178, -35.651733], [137.117827, -35.651815], [137.117186, -35.653368], [137.11579, -35.653492], [137.115991, -35.654598], [137.114239, -35.655527], [137.112636, -35.654473], [137.112208, -35.655481], [137.110389, -35.655896], [137.107211, -35.653889], [137.107866, -35.655266], [137.106475, -35.655723], [137.106062, -35.656804], [137.104149, -35.656797], [137.10429, -35.657529], [137.103182, -35.658094], [137.10141, -35.658128], [137.099983, -35.657084], [137.09936, -35.658463], [137.096734, -35.657635], [137.0967, -35.658661], [137.093665, -35.658131], [137.093857, -35.659361], [137.092768, -35.660297], [137.090691, -35.659827], [137.08939, -35.660538], [137.088454, -35.659943], [137.086715, -35.660922], [137.086486, -35.662387], [137.084378, -35.661476], [137.081852, -35.662227], [137.080912, -35.663548], [137.074103, -35.66334], [137.072739, -35.667359], [137.069652, -35.669155], [137.068299, -35.668221], [137.060778, -35.668027], [137.058969, -35.667496], [137.060539, -35.667335], [137.054882, -35.666868], [137.040105, -35.670153], [137.034722, -35.67062], [137.031368, -35.669134], [137.030252, -35.67082], [137.028465, -35.670468], [137.027039, -35.671083], [137.026943, -35.67191], [137.022942, -35.672056], [137.018734, -35.673259], [137.014258, -35.672417], [137.013201, -35.673449], [137.009903, -35.673823], [136.998758, -35.671858], [136.992947, -35.673423], [136.986879, -35.673995], [136.985078, -35.673395], [136.979962, -35.67425], [136.976604, -35.6724], [136.974217, -35.67382], [136.973188, -35.673523], [136.973285, -35.67481], [136.97173, -35.675797], [136.970394, -35.675533], [136.969276, -35.67332], [136.966055, -35.675185], [136.962353, -35.675584], [136.958606, -35.67372], [136.952722, -35.674107], [136.948145, -35.674739], [136.942609, -35.676798], [136.939061, -35.676147], [136.925991, -35.680946], [136.916902, -35.682614], [136.914912, -35.682109], [136.910576, -35.684455], [136.906076, -35.684686], [136.904591, -35.68591], [136.897569, -35.686047], [136.893185, -35.687647], [136.891787, -35.688922], [136.885292, -35.688164], [136.883446, -35.687211], [136.881789, -35.687596], [136.880927, -35.686129], [136.88025, -35.686767], [136.880932, -35.68785], [136.879651, -35.68839], [136.876298, -35.687414], [136.873914, -35.688387], [136.871928, -35.687725], [136.872174, -35.689066], [136.867601, -35.689614], [136.866068, -35.692357], [136.86171, -35.693844], [136.859084, -35.694111], [136.853478, -35.692617], [136.848946, -35.692808], [136.846784, -35.692059], [136.846275, -35.692886], [136.847867, -35.693749], [136.847326, -35.694749], [136.844142, -35.69338], [136.839381, -35.695608], [136.832166, -35.695502], [136.83137, -35.696335], [136.830012, -35.695843], [136.82789, -35.69657], [136.825542, -35.695532], [136.824003, -35.699219], [136.820552, -35.697498], [136.8175, -35.699348], [136.815177, -35.698207], [136.810849, -35.698675], [136.806899, -35.700419], [136.805895, -35.700112], [136.804431, -35.702021], [136.8008, -35.699989], [136.793113, -35.700493], [136.792321, -35.699351], [136.788602, -35.700608], [136.783664, -35.700213], [136.781125, -35.701858], [136.78228, -35.703838], [136.779564, -35.706953], [136.779018, -35.709001], [136.779592, -35.70997], [136.778416, -35.71221], [136.776149, -35.71314], [136.771043, -35.713525], [136.770618, -35.714345], [136.766483, -35.715244], [136.766846, -35.71651], [136.764163, -35.717405], [136.763271, -35.719563], [136.758786, -35.722716], [136.748107, -35.723853], [136.73876, -35.722131], [136.732128, -35.723938], [136.725121, -35.721899], [136.723195, -35.720235], [136.720292, -35.720286], [136.720832, -35.721187], [136.71751, -35.72248], [136.718042, -35.723883], [136.717248, -35.725262], [136.714156, -35.726463], [136.712702, -35.727991], [136.711865, -35.731354], [136.697258, -35.739468], [136.691414, -35.739596], [136.671908, -35.744532], [136.661356, -35.744595], [136.658268, -35.745861], [136.654311, -35.74413], [136.652072, -35.744129], [136.643299, -35.746819], [136.640322, -35.746744], [136.639375, -35.748447], [136.635121, -35.747722], [136.629042, -35.749002], [136.626947, -35.746905], [136.624536, -35.747185], [136.622506, -35.746093], [136.616721, -35.745218], [136.605995, -35.746167], [136.604606, -35.745331], [136.596875, -35.747954], [136.587436, -35.748857], [136.582184, -35.75385], [136.582382, -35.75579], [136.580864, -35.756903], [136.580524, -35.760782], [136.575647, -35.763814], [136.573788, -35.76589], [136.574543, -35.767983], [136.574269, -35.772906], [136.5782, -35.783026], [136.578326, -35.788958], [136.579361, -35.792374], [136.57834, -35.793196], [136.578825, -35.79487], [136.577621, -35.797405], [136.571257, -35.801207], [136.57168, -35.806202], [136.571036, -35.807548], [136.565842, -35.809577], [136.568034, -35.821109], [136.56724, -35.823175], [136.562692, -35.825324], [136.560478, -35.828319], [136.560964, -35.831951], [136.561974, -35.832842], [136.561875, -35.835512], [136.563041, -35.835986], [136.562919, -35.840115], [136.564308, -35.842852], [136.563623, -35.845453], [136.563908, -35.849535], [136.561724, -35.852489], [136.555077, -35.854103], [136.554748, -35.855409], [136.551369, -35.855493], [136.549651, -35.856763], [136.550027, -35.857176]]], [[[138.634802, -35.562946], [138.633062, -35.563371], [138.631361, -35.562185], [138.629308, -35.56208], [138.627334, -35.562396], [138.625808, -35.563784], [138.626022, -35.565124], [138.630733, -35.566868], [138.632724, -35.565172], [138.63494, -35.564729], [138.635378, -35.563692], [138.634802, -35.562946]]], [[[137.773845, -35.822506], [137.774869, -35.823689], [137.776307, -35.822507], [137.775519, -35.820896], [137.771034, -35.818194], [137.770066, -35.818469], [137.769617, -35.820623], [137.773845, -35.822506]]], [[[138.589285, -35.608755], [138.589504, -35.610878], [138.591475, -35.611438], [138.593229, -35.610262], [138.594028, -35.607963], [138.592988, -35.60691], [138.589285, -35.608755]]], [[[137.807519, -35.818009], [137.803911, -35.818162], [137.800927, -35.81967], [137.801649, -35.820884], [137.803161, -35.821416], [137.806383, -35.820336], [137.806202, -35.81975], [137.807519, -35.818009]]], [[[137.639877, -35.624528], [137.642983, -35.62563], [137.643796, -35.625267], [137.641018, -35.621982], [137.639574, -35.621949], [137.638992, -35.623154], [137.639877, -35.624528]]], [[[137.751351, -35.807485], [137.752642, -35.80813], [137.751449, -35.805724], [137.752036, -35.805496], [137.752029, -35.803485], [137.750116, -35.806424], [137.746915, -35.808446], [137.747351, -35.809014], [137.751351, -35.807485]]], [[[136.702633, -36.068366], [136.703963, -36.068806], [136.704845, -36.067563], [136.705037, -36.066751], [136.70387, -36.065891], [136.700288, -36.065657], [136.702633, -36.068366]]], [[[136.694022, -36.086422], [136.697001, -36.086434], [136.696143, -36.084956], [136.693027, -36.083477], [136.691403, -36.083396], [136.692215, -36.08349], [136.692354, -36.084454], [136.694022, -36.086422]]], [[[136.538701, -35.900184], [136.538541, -35.899439], [136.536711, -35.899424], [136.534109, -35.900846], [136.534019, -35.901669], [136.535677, -35.902219], [136.538701, -35.900184]]], [[[137.784182, -35.825003], [137.787188, -35.825546], [137.783901, -35.822492], [137.782974, -35.822574], [137.78294, -35.823601], [137.784182, -35.825003]]], [[[140.009519, -37.494931], [140.010498, -37.496238], [140.011955, -37.495708], [140.011326, -37.49354], [140.009519, -37.494931]]], [[[137.777437, -35.818242], [137.778396, -35.817021], [137.777383, -35.814616], [137.777013, -35.815034], [137.776715, -35.817749], [137.777437, -35.818242]]], [[[138.693403, -35.538253], [138.691946, -35.537321], [138.689745, -35.537706], [138.689893, -35.538376], [138.69235, -35.538782], [138.693403, -35.538253]]], [[[137.286903, -35.994963], [137.289231, -35.994171], [137.288373, -35.992657], [137.286637, -35.994362], [137.286903, -35.994963]]], [[[138.608259, -35.583215], [138.607813, -35.582126], [138.606273, -35.582924], [138.607521, -35.584119], [138.608259, -35.583215]]], [[[140.013995, -37.497789], [140.012914, -37.497868], [140.012951, -37.498593], [140.014838, -37.499744], [140.013995, -37.497789]]], [[[136.827933, -36.034579], [136.829255, -36.033657], [136.826913, -36.033449], [136.827475, -36.03422], [136.827933, -36.034579]]], [[[140.005493, -37.500139], [140.006342, -37.500005], [140.005411, -37.498696], [140.004575, -37.499011], [140.005493, -37.500139]]], [[[137.750024, -35.818126], [137.750782, -35.816695], [137.750103, -35.816673], [137.749015, -35.818005], [137.750024, -35.818126]]], [[[138.645344, -35.576957], [138.644529, -35.576361], [138.643293, -35.576989], [138.644314, -35.577464], [138.645344, -35.576957]]], [[[140.569217, -38.020843], [140.569974, -38.019893], [140.56942, -38.019898], [140.568087, -38.02066], [140.569217, -38.020843]]], [[[137.770754, -35.816105], [137.771076, -35.815535], [137.770245, -35.815359], [137.770325, -35.816023], [137.770754, -35.816105]]], [[[136.552455, -35.90748], [136.55197, -35.908323], [136.552621, -35.908382], [136.552703, -35.907689], [136.552455, -35.90748]]], [[[136.58116, -35.950958], [136.580398, -35.951], [136.580775, -35.951548], [136.581367, -35.951272], [136.58116, -35.950958]]], [[[140.008223, -37.498955], [140.008245, -37.498539], [140.007542, -37.498498], [140.007542, -37.498932], [140.008223, -37.498955]]], [[[140.316778, -37.796324], [140.316893, -37.796241], [140.316714, -37.795862], [140.315706, -37.796274], [140.316778, -37.796324]]], [[[136.907571, -36.04353], [136.908327, -36.043559], [136.907908, -36.043074], [136.907332, -36.043386], [136.907571, -36.04353]]], [[[139.995125, -37.481411], [139.995641, -37.4815], [139.99535, -37.480774], [139.994985, -37.481135], [139.995125, -37.481411]]], [[[140.318839, -37.795831], [140.318898, -37.795515], [140.318189, -37.79544], [140.318327, -37.795916], [140.318839, -37.795831]]], [[[137.797957, -35.827255], [137.798859, -35.826958], [137.797877, -35.826862], [137.797781, -35.827009], [137.797957, -35.827255]]], [[[140.293005, -37.760937], [140.293485, -37.761043], [140.293351, -37.760546], [140.292781, -37.760664], [140.293005, -37.760937]]], [[[140.661649, -38.061192], [140.661698, -38.061127], [140.661485, -38.060704], [140.660923, -38.061071], [140.661649, -38.061192]]], [[[140.66648, -38.060221], [140.666516, -38.059971], [140.665977, -38.059846], [140.665816, -38.060143], [140.66648, -38.060221]]], [[[140.661405, -38.062046], [140.66161, -38.061778], [140.661027, -38.061669], [140.660837, -38.061904], [140.661405, -38.062046]]], [[[137.787149, -35.816719], [137.786719, -35.816456], [137.786625, -35.816733], [137.786889, -35.817092], [137.787149, -35.816719]]], [[[140.135262, -37.591043], [140.135461, -37.590726], [140.135176, -37.590591], [140.134808, -37.591044], [140.135262, -37.591043]]], [[[139.847223, -37.325674], [139.847928, -37.325854], [139.847689, -37.32546], [139.847109, -37.325551], [139.847223, -37.325674]]], [[[140.151465, -37.602451], [140.151719, -37.602158], [140.151437, -37.601957], [140.151097, -37.602385], [140.151465, -37.602451]]], [[[140.013332, -37.497113], [140.013714, -37.497153], [140.013313, -37.496664], [140.013017, -37.496809], [140.013332, -37.497113]]], [[[140.317554, -37.797126], [140.317636, -37.796946], [140.31692, -37.796838], [140.316852, -37.797058], [140.317554, -37.797126]]], [[[140.66283, -38.062117], [140.662893, -38.061803], [140.66248, -38.061725], [140.66243, -38.062124], [140.66283, -38.062117]]], [[[140.660804, -38.062603], [140.66095, -38.062446], [140.660801, -38.062309], [140.660052, -38.062442], [140.660804, -38.062603]]], [[[140.769043, -38.058549], [140.769049, -38.058345], [140.76871, -38.058249], [140.76864, -38.058653], [140.769043, -38.058549]]], [[[140.132601, -37.588968], [140.132656, -37.58872], [140.132316, -37.588631], [140.132258, -37.58899], [140.132601, -37.588968]]], [[[140.660294, -38.060321], [140.660385, -38.060106], [140.659756, -38.060088], [140.659924, -38.060294], [140.660294, -38.060321]]], [[[140.664057, -38.060442], [140.664081, -38.060227], [140.663688, -38.060219], [140.663689, -38.060458], [140.664057, -38.060442]]], [[[140.130602, -37.589453], [140.130602, -37.589621], [140.131041, -37.589578], [140.130956, -37.58936], [140.130602, -37.589453]]], [[[139.736492, -37.177082], [139.736822, -37.176973], [139.736719, -37.17676], [139.736418, -37.176893], [139.736492, -37.177082]]], [[[140.135105, -37.588867], [140.135156, -37.588604], [140.134873, -37.588573], [140.134915, -37.588861], [140.135105, -37.588867]]], [[[137.79518, -35.831937], [137.795531, -35.831896], [137.7952, -35.831702], [137.794999, -35.831876], [137.79518, -35.831937]]], [[[137.784163, -35.830555], [137.784391, -35.830491], [137.78414, -35.830242], [137.783998, -35.830509], [137.784163, -35.830555]]], [[[140.131339, -37.589492], [140.131324, -37.589362], [140.130975, -37.589359], [140.131063, -37.589572], [140.131339, -37.589492]]]]}}, {"type": "Feature", "properties": {"index": "BYTH", "division": "Bonython", "state": "South Australia", "year": "1992", "proclaimed": "19920117", "quota": "0", "electors": "0", "deviation": ""}, "geometry": {"type": "Polygon", "coordinates": [[[138.662312, -34.620071], [138.661978, -34.620998], [138.661718, -34.623112], [138.660346, -34.623631], [138.659159, -34.62237], [138.657342, -34.621591], [138.655561, -34.621777], [138.655524, -34.62237], [138.656488, -34.623298], [138.655153, -34.623335], [138.654374, -34.622296], [138.653187, -34.621925], [138.653521, -34.623112], [138.652186, -34.623335], [138.650887, -34.62352], [138.650813, -34.624373], [138.652111, -34.625152], [138.651555, -34.625783], [138.650442, -34.625486], [138.650257, -34.626302], [138.652149, -34.626784], [138.651518, -34.627415], [138.649923, -34.627674], [138.648959, -34.629047], [138.647438, -34.62901], [138.646288, -34.628861], [138.646399, -34.630085], [138.643691, -34.631198], [138.642356, -34.631235], [138.642393, -34.630902], [138.640835, -34.630827], [138.640947, -34.631569], [138.640242, -34.631569], [138.639092, -34.630568], [138.63835, -34.63168], [138.637608, -34.632311], [138.637423, -34.631161], [138.636162, -34.630308], [138.634604, -34.629603], [138.633454, -34.630308], [138.632304, -34.631013], [138.631562, -34.630011], [138.630672, -34.629232], [138.629596, -34.62786], [138.628372, -34.627229], [138.627074, -34.627415], [138.626147, -34.625931], [138.625145, -34.625931], [138.625553, -34.627378], [138.624811, -34.628008], [138.623624, -34.630271], [138.622178, -34.628861], [138.621251, -34.629158], [138.621733, -34.630679], [138.620472, -34.631495], [138.618617, -34.6322], [138.617393, -34.633572], [138.615946, -34.632942], [138.612385, -34.633609], [138.61105, -34.633943], [138.609603, -34.635204], [138.608676, -34.634054], [138.607601, -34.634203], [138.605783, -34.633275], [138.603854, -34.633832], [138.601777, -34.633572], [138.600293, -34.632459], [138.598105, -34.633238], [138.59714, -34.633498], [138.596955, -34.634833], [138.595805, -34.634351], [138.593617, -34.634945], [138.59191, -34.636206], [138.590649, -34.638246], [138.582155, -34.638802], [138.577704, -34.638283], [138.57622, -34.635872], [138.572251, -34.635946], [138.571213, -34.63539], [138.5701, -34.635575], [138.569099, -34.635093], [138.568542, -34.636206], [138.567578, -34.635575], [138.566279, -34.635909], [138.565575, -34.635167], [138.564907, -34.635835], [138.564128, -34.635538], [138.563238, -34.635167], [138.562051, -34.636057], [138.562682, -34.636799], [138.562199, -34.637504], [138.559862, -34.637986], [138.559454, -34.639247], [138.557934, -34.638839], [138.557081, -34.638209], [138.556524, -34.637207], [138.555374, -34.637319], [138.554558, -34.636836], [138.553891, -34.637912], [138.553594, -34.638543], [138.552407, -34.637541], [138.551294, -34.63743], [138.551702, -34.636577], [138.550367, -34.635761], [138.549439, -34.635538], [138.548549, -34.636391], [138.54662, -34.636948], [138.547028, -34.638543], [138.545545, -34.638209], [138.544766, -34.639322], [138.542985, -34.639655], [138.54076, -34.639804], [138.53961, -34.638654], [138.53961, -34.636948], [138.53872, -34.635724], [138.537347, -34.635538], [138.537199, -34.637393], [138.535864, -34.637319], [138.534751, -34.637393], [138.535122, -34.637912], [138.533712, -34.639915], [138.531227, -34.639544], [138.530077, -34.640954], [138.529039, -34.64125], [138.526739, -34.639878], [138.526702, -34.638394], [138.525589, -34.637801], [138.5257, -34.637133], [138.524217, -34.636911], [138.523401, -34.637615], [138.521768, -34.637615], [138.520841, -34.636911], [138.519765, -34.637393], [138.519246, -34.639136], [138.518245, -34.639544], [138.515203, -34.639544], [138.51409, -34.64125], [138.511939, -34.640879], [138.510789, -34.641176], [138.509602, -34.642474], [138.508156, -34.642771], [138.507377, -34.643476], [138.507748, -34.644218], [138.506115, -34.644811], [138.505114, -34.645071], [138.503779, -34.646109], [138.501627, -34.646629], [138.499402, -34.647296], [138.497584, -34.647], [138.495915, -34.647519], [138.494394, -34.646629], [138.491835, -34.647667], [138.491909, -34.651673], [138.490611, -34.652638], [138.48998, -34.653676], [138.490203, -34.655345], [138.490648, -34.65631], [138.489164, -34.657608], [138.4882, -34.658832], [138.48705, -34.66039], [138.486716, -34.661614], [138.487124, -34.663395], [138.486939, -34.664656], [138.485789, -34.665731], [138.486048, -34.666733], [138.487866, -34.66792], [138.48883, -34.669144], [138.486902, -34.669033], [138.484565, -34.6697], [138.483712, -34.670294], [138.48245, -34.672185], [138.481004, -34.673595], [138.479446, -34.673001], [138.473252, -34.675116], [138.464832, -34.678157], [138.458007, -34.67864], [138.448511, -34.673855], [138.444655, -34.670494], [138.442572, -34.670313], [138.439202, -34.669599], [138.43615, -34.672481], [138.438689, -34.675631], [138.444049, -34.67811], [138.451113, -34.683383], [138.454697, -34.682072], [138.454491, -34.683046], [138.456222, -34.684794], [138.456112, -34.688862], [138.461037, -34.691475], [138.463443, -34.6942], [138.463876, -34.697038], [138.465557, -34.697424], [138.466475, -34.695476], [138.468317, -34.697022], [138.471973, -34.696378], [138.475866, -34.698481], [138.474983, -34.700728], [138.475676, -34.700932], [138.475649, -34.702175], [138.476538, -34.702013], [138.476123, -34.703835], [138.481001, -34.705658], [138.483166, -34.708425], [138.48174, -34.709026], [138.484424, -34.709785], [138.484846, -34.712796], [138.486812, -34.713468], [138.490803, -34.717616], [138.49135, -34.716875], [138.493619, -34.718986], [138.491732, -34.720465], [138.491739, -34.721322], [138.49679, -34.722553], [138.49612, -34.723377], [138.49803, -34.724138], [138.499547, -34.723069], [138.50265, -34.725073], [138.506919, -34.725801], [138.508267, -34.726739], [138.507632, -34.727158], [138.508803, -34.727056], [138.513993, -34.730209], [138.515712, -34.729703], [138.517406, -34.732294], [138.541368, -34.726988], [138.54122, -34.726321], [138.557133, -34.723502], [138.559655, -34.722908], [138.564514, -34.719644], [138.568149, -34.718791], [138.571265, -34.718643], [138.577237, -34.717307], [138.594225, -34.767085], [138.596525, -34.794237], [138.596525, -34.796314], [138.600312, -34.848041], [138.623328, -34.818144], [138.646919, -34.791846], [138.654448, -34.783166], [138.669693, -34.766178], [138.675888, -34.7585], [138.678392, -34.753956], [138.679412, -34.753937], [138.680005, -34.754531], [138.679912, -34.755551], [138.682768, -34.75531], [138.685662, -34.754772], [138.687349, -34.754735], [138.690076, -34.755013], [138.691077, -34.754976], [138.691875, -34.754438], [138.692579, -34.754438], [138.693729, -34.755069], [138.695009, -34.75442], [138.696159, -34.754067], [138.697958, -34.754475], [138.702038, -34.754438], [138.703243, -34.753603], [138.704152, -34.752899], [138.705135, -34.752991], [138.706971, -34.754624], [138.707917, -34.75531], [138.708696, -34.754457], [138.709494, -34.753548], [138.710755, -34.754605], [138.712331, -34.755532], [138.716189, -34.755477], [138.718099, -34.755161], [138.719101, -34.755402], [138.72038, -34.754994], [138.721382, -34.753678], [138.721808, -34.753195], [138.722736, -34.753195], [138.723348, -34.752973], [138.722921, -34.75225], [138.723403, -34.751582], [138.724887, -34.751118], [138.724238, -34.750451], [138.723663, -34.749579], [138.724293, -34.748373], [138.723774, -34.747687], [138.721586, -34.747353], [138.721808, -34.746111], [138.72242, -34.745332], [138.724924, -34.744219], [138.726037, -34.742457], [138.728003, -34.740918], [138.730006, -34.737728], [138.730877, -34.736819], [138.731879, -34.736133], [138.734346, -34.73617], [138.735922, -34.735892], [138.736831, -34.73617], [138.737183, -34.737097], [138.738055, -34.737635], [138.737981, -34.738674], [138.737276, -34.74025], [138.737591, -34.740862], [138.738426, -34.7414], [138.738908, -34.742123], [138.740076, -34.742086], [138.741208, -34.741697], [138.741857, -34.741956], [138.74271, -34.741882], [138.743563, -34.741326], [138.744361, -34.741196], [138.74501, -34.742383], [138.74577, -34.742513], [138.746197, -34.742865], [138.746772, -34.743106], [138.748162, -34.743292], [138.750258, -34.743422], [138.750722, -34.743681], [138.750332, -34.744238], [138.75074, -34.744349], [138.751779, -34.744256], [138.752372, -34.744553], [138.753022, -34.744089], [138.75406, -34.743607], [138.755099, -34.743867], [138.756657, -34.743644], [138.757528, -34.743106], [138.757714, -34.74229], [138.75853, -34.742086], [138.759197, -34.742513], [138.759383, -34.743273], [138.760422, -34.743459], [138.761794, -34.743106], [138.762833, -34.743273], [138.763853, -34.742847], [138.764928, -34.743533], [138.766023, -34.743477], [138.766579, -34.742921], [138.766616, -34.740714], [138.767061, -34.739749], [138.767617, -34.738896], [138.768211, -34.737784], [138.769027, -34.735187], [138.771104, -34.733815], [138.776112, -34.734927], [138.777002, -34.723262], [138.778411, -34.720665], [138.78442, -34.71436], [138.785459, -34.713173], [138.787091, -34.710317], [138.792247, -34.707052], [138.791616, -34.705828], [138.790763, -34.705346], [138.790578, -34.703677], [138.788055, -34.699671], [138.78646, -34.699597], [138.785496, -34.698632], [138.78442, -34.697371], [138.785236, -34.696073], [138.785422, -34.692586], [138.78557, -34.691585], [138.789131, -34.69088], [138.78991, -34.687319], [138.787907, -34.685019], [138.788501, -34.683647], [138.788093, -34.680457], [138.785644, -34.680791], [138.783308, -34.680865], [138.77919, -34.682275], [138.774443, -34.681904], [138.770659, -34.683016], [138.76925, -34.68387], [138.768545, -34.684278], [138.767692, -34.683387], [138.768656, -34.680976], [138.770993, -34.678009], [138.772106, -34.676043], [138.771883, -34.675301], [138.767172, -34.676191], [138.759531, -34.681459], [138.756712, -34.681792], [138.749294, -34.680531], [138.742432, -34.678269], [138.740021, -34.676525], [138.738092, -34.676674], [138.733307, -34.678046], [138.730154, -34.678194], [138.726334, -34.676896], [138.725147, -34.675487], [138.722216, -34.673001], [138.715317, -34.670034], [138.72051, -34.662987], [138.699738, -34.650523], [138.680005, -34.634351], [138.682654, -34.615971], [138.679649, -34.615563], [138.679464, -34.614784], [138.679352, -34.613856], [138.677312, -34.614116], [138.677238, -34.615192], [138.675977, -34.614672], [138.675977, -34.613819], [138.675087, -34.613597], [138.674827, -34.614895], [138.674011, -34.615377], [138.672639, -34.615414], [138.67097, -34.615859], [138.670524, -34.614932], [138.668892, -34.613152], [138.66778, -34.613485], [138.667001, -34.614821], [138.667594, -34.615637], [138.668707, -34.615711], [138.668855, -34.616527], [138.669449, -34.617862], [138.66867, -34.617899], [138.667668, -34.618604], [138.668002, -34.61968], [138.667297, -34.620162], [138.66611, -34.619865], [138.664627, -34.619383], [138.663759, -34.619737], [138.662312, -34.620071]]]}}, {"type": "Feature", "properties": {"index": "BTHY", "division": "Boothby", "state": "South Australia", "year": "1992", "proclaimed": "19920117", "quota": "0", "electors": "0", "deviation": ""}, "geometry": {"type": "Polygon", "coordinates": [[[138.671257, -34.970232], [138.671739, -34.968674], [138.670515, -34.96745], [138.667177, -34.967042], [138.662244, -34.968933], [138.65501, -34.972828], [138.652748, -34.972828], [138.650745, -34.971827], [138.650077, -34.968971], [138.649187, -34.966819], [138.64711, -34.964927], [138.643827, -34.963333], [138.572869, -34.96719], [138.574705, -34.992784], [138.556085, -34.993711], [138.554564, -34.995009], [138.540469, -34.9959], [138.538911, -34.996159], [138.521589, -34.997012], [138.521292, -34.996048], [138.510111, -34.996204], [138.511424, -35.00605], [138.516421, -35.023064], [138.517614, -35.03213], [138.515333, -35.03834], [138.508463, -35.044067], [138.505001, -35.052052], [138.504091, -35.055241], [138.506344, -35.056323], [138.506344, -35.057065], [138.5069, -35.058438], [138.509422, -35.059996], [138.513651, -35.058846], [138.520624, -35.055841], [138.523481, -35.055804], [138.52693, -35.057436], [138.528228, -35.057436], [138.528562, -35.054654], [138.558681, -35.053059], [138.558867, -35.05458], [138.563392, -35.053245], [138.568369, -35.05427], [138.570475, -35.053377], [138.571181, -35.052206], [138.573479, -35.050965], [138.571775, -35.047755], [138.570948, -35.045877], [138.569405, -35.040839], [138.567361, -35.038259], [138.565729, -35.037295], [138.564319, -35.03596], [138.566248, -35.035292], [138.567695, -35.033882], [138.57018, -35.033623], [138.570959, -35.034439], [138.571886, -35.035218], [138.570625, -35.036145], [138.571552, -35.036813], [138.571886, -35.037888], [138.572665, -35.038074], [138.573963, -35.037925], [138.575262, -35.037555], [138.576634, -35.037666], [138.578266, -35.036701], [138.580195, -35.036887], [138.580974, -35.037851], [138.581827, -35.037666], [138.584794, -35.037703], [138.586426, -35.038296], [138.587168, -35.039483], [138.588059, -35.040522], [138.589468, -35.041004], [138.590915, -35.042043], [138.592176, -35.042859], [138.594438, -35.043972], [138.595069, -35.044602], [138.594995, -35.045863], [138.596479, -35.045863], [138.598185, -35.046828], [138.599743, -35.048905], [138.601189, -35.048757], [138.602673, -35.048497], [138.60357, -35.047749], [138.606083, -35.047653], [138.607389, -35.048647], [138.60902, -35.048869], [138.610166, -35.049573], [138.611724, -35.049165], [138.612023, -35.04765], [138.614394, -35.04705], [138.616731, -35.046642], [138.618474, -35.045826], [138.620784, -35.044847], [138.620997, -35.044046], [138.621752, -35.043083], [138.62401, -35.042692], [138.624834, -35.041572], [138.625841, -35.040282], [138.625374, -35.038593], [138.623964, -35.037369], [138.624817, -35.035663], [138.626857, -35.034773], [138.628007, -35.034142], [138.629973, -35.03251], [138.632421, -35.032733], [138.634239, -35.035552], [138.635722, -35.035626], [138.638801, -35.036293], [138.641286, -35.037592], [138.643401, -35.03685], [138.650782, -35.037147], [138.652377, -35.036331], [138.653712, -35.037851], [138.656383, -35.037072], [138.657088, -35.038037], [138.657941, -35.037258], [138.659944, -35.037703], [138.662392, -35.037184], [138.663208, -35.036108], [138.665285, -35.036479], [138.665916, -35.035218], [138.668104, -35.034402], [138.671628, -35.031954], [138.672852, -35.031917], [138.676116, -35.031138], [138.67619, -35.029543], [138.674113, -35.028838], [138.673668, -35.029246], [138.672444, -35.029431], [138.671628, -35.028393], [138.671554, -35.026909], [138.671072, -35.026019], [138.672778, -35.025796], [138.674818, -35.025129], [138.67645, -35.023793], [138.677748, -35.023051], [138.679751, -35.021234], [138.678156, -35.02064], [138.674929, -35.019157], [138.676116, -35.015299], [138.679195, -35.014631], [138.678119, -35.013148], [138.682051, -35.007918], [138.679974, -35.007992], [138.677897, -35.00751], [138.680085, -35.000944], [138.675708, -34.999794], [138.67823, -34.998237], [138.675819, -34.990929], [138.67185, -34.989928], [138.672259, -34.988481], [138.672852, -34.987776], [138.672741, -34.986886], [138.673928, -34.985699], [138.674484, -34.984475], [138.672518, -34.984698], [138.669291, -34.98314], [138.66714, -34.979282], [138.672815, -34.975128], [138.672852, -34.973496], [138.671257, -34.970232]]]}}, {"type": "Feature", "properties": {"index": "GREY", "division": "Grey", "state": "South Australia", "year": "1992", "proclaimed": "19920117", "quota": "0", "electors": "0", "deviation": ""}, "geometry": {"type": "MultiPolygon", "coordinates": [[[[140.999475, -28.999095], [140.999394, -25.996376], [137.999054, -25.996867], [129.001838, -25.998614], [129.00141, -31.671391], [129.00193, -31.68314], [129.00134, -31.687068], [129.01668, -31.68465000000001], [129.02903, -31.67924], [129.03378, -31.67892], [129.04091, -31.67645], [129.05281, -31.67418], [129.06997, -31.673329], [129.07883, -31.671049], [129.09017, -31.670929], [129.100609, -31.669119], [129.111159, -31.669439], [129.123299, -31.668199], [129.139519, -31.66789800000001], [129.194738, -31.658687], [129.239728, -31.656027], [129.245678, -31.65415700000001], [129.271677, -31.651996], [129.289207, -31.651796], [129.294907, -31.649406], [129.317447, -31.647946], [129.326147, -31.645696], [129.338017, -31.646147], [129.370176, -31.640286], [129.390346, -31.640956], [129.394296, -31.639826], [129.407346, -31.638466], [129.432785, -31.637215], [129.448465, -31.634045], [129.458485, -31.633135], [129.462965, -31.631775], [129.473775, -31.631655], [129.485365, -31.629275], [129.498544, -31.628245], [129.503944, -31.626325], [129.510664, -31.626314], [129.513164, -31.624954], [129.518964, -31.624614], [129.527784, -31.622684], [129.546764, -31.621414], [129.557574, -31.621734], [129.567453, -31.620024], [129.577073, -31.620014], [129.589193, -31.618413], [129.599863, -31.618613], [129.615546, -31.616429], [129.629646, -31.615719], [129.646776, -31.616578], [129.661006, -31.615758], [129.680916, -31.616728], [129.684076, -31.615928], [129.693566, -31.615788], [129.702386, -31.613848], [129.707396, -31.614508], [129.717806, -31.613688], [129.726106, -31.614118], [129.736635, -31.612398], [129.748105, -31.611797], [129.750595, -31.610777], [129.755475, -31.611097], [129.771931, -31.607901], [129.779701, -31.607541], [129.784455, -31.608407], [129.810935, -31.607637], [129.816605, -31.608407], [129.843095, -31.607747], [129.866125, -31.604046], [129.878735, -31.597906], [129.885975, -31.595616], [129.898605, -31.594216], [129.903995, -31.592046], [129.918215, -31.590296], [129.938354, -31.588626], [129.970389, -31.591079], [129.988284, -31.588045], [130.010664, -31.586125], [130.020154, -31.58596500000001], [130.039264, -31.587785], [130.050594, -31.587944], [130.077724, -31.586664], [130.080494, -31.587104], [130.087334, -31.585824], [130.093534, -31.586464], [130.105384, -31.585834], [130.113554, -31.586684], [130.120404, -31.58641400000001], [130.125924, -31.584804], [130.133784, -31.579794], [130.137084, -31.580564], [130.143907, -31.578848], [130.146537, -31.577358], [130.150217, -31.577338], [130.152187, -31.576538], [130.157586, -31.576508], [130.163533, -31.577913], [130.171163, -31.576623], [130.172353, -31.577523], [130.184336, -31.577117], [130.186193, -31.577993], [130.189483, -31.577523], [130.191733, -31.57841300000001], [130.205953, -31.578203], [130.215976, -31.579847], [130.222166, -31.579797], [130.239765, -31.575397], [130.243723, -31.575243], [130.247395, -31.573767], [130.275063, -31.573662], [130.280743, -31.575542], [130.288375, -31.575156], [130.313723, -31.579922], [130.315163, -31.579342], [130.324115, -31.57962600000001], [130.327695, -31.581296], [130.335733, -31.581102], [130.344975, -31.583645], [130.376994, -31.584625], [130.387653, -31.583291], [130.403073, -31.583731], [130.406772, -31.584821], [130.425992, -31.583541], [130.435502, -31.585711], [130.451844, -31.586714], [130.463204, -31.589774], [130.488804, -31.593044], [130.525303, -31.592364], [130.534821, -31.590171], [130.539983, -31.587414], [130.555143, -31.585734], [130.562513, -31.586584], [130.567923, -31.585733], [130.573833, -31.587243], [130.590953, -31.587613], [130.599381, -31.58868], [130.613432, -31.591623], [130.620142, -31.592013], [130.639732, -31.595213], [130.643542, -31.596823], [130.664322, -31.599683], [130.672612, -31.600642], [130.68118, -31.60058], [130.703142, -31.603352], [130.707492, -31.602702], [130.71671, -31.60434], [130.730132, -31.604892], [130.734472, -31.606052], [130.760942, -31.606121], [130.768572, -31.607411], [130.774242, -31.607001], [130.778712, -31.607591], [130.806132, -31.60563], [130.811282, -31.60386], [130.836349, -31.600059], [130.846111, -31.59776], [130.885079, -31.583888], [130.893409, -31.579768], [130.897229, -31.579338], [130.907269, -31.575338], [130.924139, -31.571938], [130.929288, -31.570048], [130.935358, -31.569298], [130.957278, -31.560277], [130.983128, -31.553317], [130.986958, -31.550627], [131.026398, -31.537626], [131.042898, -31.529706], [131.045938, -31.527126], [131.051598, -31.525248], [131.057558, -31.521546], [131.062718, -31.515498], [131.063008, -31.512665], [131.064588, -31.510208], [131.065548, -31.505795], [131.071488, -31.501655], [131.081798, -31.490898], [131.086287, -31.48910800000001], [131.089467, -31.486405], [131.101577, -31.481958], [131.109767, -31.476588], [131.114897, -31.475818], [131.121637, -31.471324], [131.123227, -31.468747], [131.128507, -31.464717], [131.133897, -31.464847], [131.137977, -31.463627], [131.148637, -31.463654], [131.186866, -31.47201400000001], [131.191977, -31.474417], [131.200526, -31.476683], [131.203016, -31.478273], [131.208406, -31.479193], [131.223756, -31.485457], [131.227956, -31.486367], [131.233076, -31.489647], [131.244776, -31.492277], [131.264996, -31.500336], [131.269466, -31.502376], [131.272086, -31.504526], [131.277476, -31.505216], [131.284696, -31.508736], [131.289426, -31.509986], [131.293366, -31.512586], [131.311106, -31.518946], [131.313866, -31.520866], [131.318466, -31.521666], [131.323456, -31.525176], [131.334505, -31.529243], [131.340666, -31.532536], [131.347636, -31.534356], [131.351846, -31.537406], [131.355526, -31.537756], [131.364726, -31.540816], [131.372225, -31.545663], [131.376305, -31.545223], [131.381035, -31.548163], [131.384716, -31.548746], [131.386156, -31.550436], [131.385765, -31.552113], [131.388005, -31.552113], [131.389046, -31.553935], [131.392596, -31.553265], [131.400616, -31.555985], [131.402456, -31.557795], [131.410346, -31.559385], [131.414175, -31.562423], [131.417065, -31.561973], [131.418766, -31.564015], [131.422455, -31.563893], [131.424816, -31.565495], [131.433756, -31.568885], [131.435345, -31.570223], [131.439165, -31.571693], [131.442176, -31.571825], [131.445726, -31.574425], [131.455075, -31.578823], [131.480196, -31.587984], [131.492045, -31.593513], [131.499555, -31.595993], [131.519676, -31.604924], [131.526916, -31.608994], [131.540476, -31.614184], [131.555486, -31.621743], [131.569966, -31.627603], [131.598686, -31.642252], [131.615406, -31.649253], [131.626736, -31.655222], [131.631486, -31.65656200000001], [131.635696, -31.659502], [131.651766, -31.666822], [131.654945, -31.668952], [131.667846, -31.674362], [131.677215, -31.679422], [131.683006, -31.681452], [131.719007, -31.700581], [131.725987, -31.703171], [131.740767, -31.712051], [131.758577, -31.72026], [131.761485, -31.722842], [131.774685, -31.729582], [131.780087, -31.73398], [131.786417, -31.73622], [131.794737, -31.74128], [131.802787, -31.74487], [131.807017, -31.74858], [131.829067, -31.762289], [131.841757, -31.771273], [131.846647, -31.775999], [131.851927, -31.778919], [131.856167, -31.786129], [131.857897, -31.787463], [131.862377, -31.788819], [131.865298, -31.791503], [131.909417, -31.814288], [131.933887, -31.831118], [131.938247, -31.832798], [131.954138, -31.842323], [131.972667, -31.856013], [131.980337, -31.862868], [131.985777, -31.865663], [131.993457, -31.872063], [132.001397, -31.877384], [132.009797, -31.881237], [132.017489, -31.886705], [132.031599, -31.893422], [132.041447, -31.900042], [132.048147, -31.902887], [132.063783, -31.91316], [132.066225, -31.913721], [132.067439, -31.915256], [132.072997, -31.91774], [132.076737, -31.920928], [132.078116, -31.924872], [132.08297, -31.92772], [132.083252, -31.929519], [132.088491, -31.931409], [132.089713, -31.933218], [132.091579, -31.933353], [132.104111, -31.941497], [132.10966, -31.94629], [132.110639, -31.94817], [132.111531, -31.946832], [132.112775, -31.946543], [132.114181, -31.951372], [132.11573, -31.952404], [132.115486, -31.953868], [132.117337, -31.955363], [132.115693, -31.958999], [132.116835, -31.961145], [132.120712, -31.964799], [132.121733, -31.967769], [132.124356, -31.967923], [132.125468, -31.970779], [132.128017, -31.971271], [132.128744, -31.974814], [132.130824, -31.975126], [132.131476, -31.975972], [132.130911, -31.978023], [132.131953, -31.978758], [132.130869, -31.980263], [132.135066, -31.982399], [132.137926, -31.986501], [132.145886, -31.993594], [132.148025, -31.997648], [132.147673, -31.999372], [132.14883, -31.999601], [132.149531, -32.001069], [132.151384, -32.001266], [132.151178, -32.003035], [132.157295, -32.00135], [132.161122, -32.00275], [132.161174, -32.004666], [132.163572, -32.003884], [132.166219, -32.004709], [132.167805, -32.007392], [132.174032, -32.013926], [132.176409, -32.018313], [132.177451, -32.017724], [132.179631, -32.018621], [132.184043, -32.018165], [132.188942, -32.021477], [132.190637, -32.021115], [132.195879, -32.022907], [132.200614, -32.02728], [132.202936, -32.027321], [132.203679, -32.024808], [132.204515, -32.024325], [132.207503, -32.026974], [132.207342, -32.024124], [132.209115, -32.024061], [132.210083, -32.02558], [132.212437, -32.026094], [132.213147, -32.027109], [132.214976, -32.026562], [132.215847, -32.025262], [132.219337, -32.024645], [132.22557, -32.024964], [132.231209, -32.026089], [132.232886, -32.026718], [132.233169, -32.027645], [132.234422, -32.027303], [132.235973, -32.028103], [132.245285, -32.028017], [132.252717, -32.029371], [132.253616, -32.030502], [132.255442, -32.029541], [132.256607, -32.030337], [132.256463, -32.031249], [132.257545, -32.031615], [132.258503, -32.030921], [132.260294, -32.032192], [132.262951, -32.0315], [132.265187, -32.032721], [132.267173, -32.031548], [132.268746, -32.03173], [132.270397, -32.03242], [132.271202, -32.033754], [132.272188, -32.030759], [132.271627, -32.027554], [132.273427, -32.027253], [132.274291, -32.025701], [132.275262, -32.025886], [132.276716, -32.024072], [132.28044, -32.024274], [132.283302, -32.022734], [132.285618, -32.022479], [132.288573, -32.022927], [132.289428, -32.02483], [132.292233, -32.025023], [132.293071, -32.026266], [132.293063, -32.025546], [132.294681, -32.02509], [132.302636, -32.026569], [132.303359, -32.027452], [132.306638, -32.026056], [132.308296, -32.028358], [132.308857, -32.027504], [132.312288, -32.028145], [132.313831, -32.026771], [132.315164, -32.027583], [132.31828, -32.026334], [132.319602, -32.027652], [132.321968, -32.026061], [132.323084, -32.02743], [132.325071, -32.026182], [132.325753, -32.027166], [132.329882, -32.026879], [132.331065, -32.02844], [132.335197, -32.029089], [132.336504, -32.027516], [132.336121, -32.026026], [132.336943, -32.025849], [132.33773, -32.026934], [132.339151, -32.025114], [132.339006, -32.02367], [132.340957, -32.022697], [132.340402, -32.018049], [132.341341, -32.015878], [132.343188, -32.014498], [132.353234, -32.011586], [132.370613, -32.012239], [132.373478, -32.01126], [132.378096, -32.01192], [132.378732, -32.010392], [132.38046, -32.009867], [132.382755, -32.01133], [132.382466, -32.013054], [132.383915, -32.015743], [132.388167, -32.013729], [132.386739, -32.012186], [132.386776, -32.008922], [132.388173, -32.006097], [132.393408, -32.001747], [132.39735, -32.000416], [132.415452, -31.998806], [132.420956, -31.999789], [132.430754, -32.006713], [132.432871, -32.009718], [132.432616, -32.011464], [132.431497, -32.011844], [132.432353, -32.012804], [132.434086, -32.012896], [132.434915, -32.011213], [132.438039, -32.010784], [132.437618, -32.013036], [132.440842, -32.014096], [132.44132, -32.015174], [132.444591, -32.016962], [132.445347, -32.018632], [132.447687, -32.01908], [132.448491, -32.01977], [132.44837, -32.021798], [132.449404, -32.022704], [132.452566, -32.023188], [132.453242, -32.023981], [132.456197, -32.02214], [132.45805, -32.021876], [132.459669, -32.023482], [132.461218, -32.023464], [132.464402, -32.026366], [132.466093, -32.026789], [132.466506, -32.028037], [132.467802, -32.028074], [132.468844, -32.030474], [132.472222, -32.029621], [132.473232, -32.030092], [132.475307, -32.027961], [132.475235, -32.02619], [132.476097, -32.025764], [132.472723, -32.022508], [132.471143, -32.022204], [132.470752, -32.020929], [132.463605, -32.016942], [132.462874, -32.014156], [132.461229, -32.012471], [132.461607, -32.010634], [132.452325, -32.008891], [132.447799, -32.006227], [132.44495, -32.007233], [132.446702, -32.008603], [132.443966, -32.008414], [132.441629, -32.006973], [132.440323, -32.00368], [132.437926, -32.000986], [132.437299, -31.993362], [132.437884, -31.991074], [132.442401, -31.978388], [132.446417, -31.970725], [132.449799, -31.965675], [132.455038, -31.96073], [132.467687, -31.95203100000001], [132.478447, -31.946285], [132.494499, -31.941788], [132.502907, -31.94109], [132.513873, -31.937972], [132.531329, -31.934945], [132.553675, -31.93281], [132.572709, -31.932997], [132.595204, -31.934328], [132.629952, -31.94153], [132.639766, -31.944287], [132.640071, -31.945265], [132.643792, -31.946442], [132.644556, -31.945458], [132.64576, -31.945496], [132.650553, -31.947642], [132.653237, -31.95017100000001], [132.653893, -31.94986], [132.653736, -31.948343], [132.655504, -31.948156], [132.657918, -31.951935], [132.657524, -31.952933], [132.658499, -31.953553], [132.658286, -31.955212], [132.659737, -31.955455], [132.660581, -31.957185], [132.66221, -31.956724], [132.662644, -31.955778], [132.664512, -31.956721], [132.665266, -31.955845], [132.666317, -31.957095], [132.669634, -31.955244], [132.670121, -31.956873], [132.673664, -31.955886], [132.67697, -31.957635], [132.680164, -31.954599], [132.682909, -31.955049], [132.683135, -31.953501], [132.686927, -31.950662], [132.693499, -31.951422], [132.693974, -31.953097], [132.695968, -31.954174], [132.700377, -31.952381], [132.703637, -31.95283], [132.704984, -31.955272], [132.708968, -31.953726], [132.710628, -31.954925], [132.714663, -31.955892], [132.715947, -31.954486], [132.717938, -31.953928], [132.721578, -31.954979], [132.724157, -31.954171], [132.730623, -31.954152], [132.731694, -31.955775], [132.733856, -31.955627], [132.734266, -31.956579], [132.735251, -31.954887], [132.735204, -31.951989], [132.736715, -31.950089], [132.740672, -31.949074], [132.746588, -31.949342], [132.761553, -31.953547], [132.785066, -31.96192200000001], [132.826487, -31.981566], [132.848988, -31.99465], [132.85257, -31.99949], [132.852368, -32.000281], [132.853314, -32.000373], [132.853199, -32.001286], [132.855234, -32.00235], [132.858107, -32.001465], [132.859991, -32.001844], [132.862116, -32.004596], [132.870119, -32.009231], [132.870946, -32.011792], [132.875673, -32.013846], [132.882919, -32.01949], [132.888418, -32.022476], [132.890877, -32.02433], [132.891165, -32.025728], [132.894121, -32.026233], [132.894817, -32.028448], [132.901062, -32.032104], [132.903772, -32.036233], [132.908138, -32.037198], [132.909036, -32.038462], [132.914031, -32.038823], [132.917556, -32.040537], [132.922847, -32.044252], [132.925205, -32.048469], [132.928742, -32.049706], [132.93149, -32.0528], [132.933755, -32.052543], [132.93481, -32.05454], [132.947243, -32.054273], [132.949279, -32.056383], [132.963634, -32.065239], [132.974205, -32.072532], [132.979058, -32.078559], [132.979288, -32.08043], [132.978327, -32.08123], [132.980412, -32.081192], [132.98157, -32.081999], [132.982309, -32.085192], [132.981728, -32.089341], [132.977961, -32.091121], [132.977691, -32.092427], [132.978823, -32.093664], [132.980199, -32.093602], [132.981647, -32.096749], [132.982633, -32.097156], [132.982146, -32.100032], [132.980378, -32.100491], [132.979693, -32.102014], [132.979066, -32.105249], [132.979569, -32.106513], [132.983139, -32.103516], [132.985329, -32.104211], [132.987775, -32.102403], [132.990131, -32.102677], [132.991539, -32.099035], [132.988071, -32.097623], [132.988736, -32.094759], [132.993468, -32.091684], [132.996757, -32.087944], [133.001393, -32.086408], [133.002352, -32.086902], [133.002219, -32.084319], [133.003035, -32.083661], [133.006622, -32.083401], [133.020807, -32.090137], [133.032808, -32.097983], [133.053543, -32.104131], [133.078113, -32.121103], [133.088342, -32.127021], [133.099629, -32.135147], [133.114449, -32.147911], [133.134177, -32.16826], [133.138132, -32.174878], [133.139956, -32.179967], [133.138153, -32.181216], [133.138152, -32.18303], [133.137332, -32.183396], [133.136881, -32.185309], [133.133685, -32.187436], [133.131928, -32.186362], [133.130146, -32.186832], [133.129821, -32.187416], [133.130988, -32.189151], [133.128337, -32.190762], [133.128956, -32.193542], [133.131254, -32.194006], [133.133334, -32.197863], [133.131326, -32.199609], [133.130805, -32.20225], [133.127857, -32.203335], [133.125189, -32.207989], [133.125756, -32.208783], [133.12724, -32.207452], [133.128774, -32.208038], [133.133503, -32.204066], [133.135455, -32.201433], [133.135523, -32.200174], [133.138216, -32.197779], [133.142966, -32.197661], [133.145791, -32.196365], [133.147535, -32.194517], [133.147675, -32.192681], [133.150706, -32.187914], [133.148494, -32.188347], [133.14471, -32.187538], [133.143237, -32.186556], [133.14265, -32.184489], [133.144494, -32.178414], [133.146617, -32.174835], [133.155345, -32.171017], [133.164662, -32.170052], [133.178987, -32.171723], [133.186907, -32.173758], [133.195634, -32.176972], [133.208564, -32.184255], [133.221245, -32.187023], [133.230029, -32.190844], [133.23326, -32.192588], [133.236135, -32.196015], [133.242325, -32.199641], [133.246391, -32.203956], [133.248867, -32.204414], [133.249362, -32.205274], [133.252567, -32.205134], [133.253094, -32.207184], [133.251056, -32.208196], [133.25139, -32.2097], [133.253192, -32.21087], [133.258468, -32.210452], [133.259204, -32.209216], [133.257534, -32.208161], [133.257771, -32.206469], [133.260383, -32.204723], [133.263944, -32.20466], [133.265166, -32.202875], [133.267025, -32.203218], [133.269441, -32.197137], [133.27157, -32.19705], [133.272741, -32.195332], [133.275245, -32.194901], [133.275764, -32.192469], [133.27383, -32.19022], [133.274591, -32.188494], [133.274107, -32.187458], [133.278238, -32.18353], [133.285428, -32.181631], [133.293048, -32.180927], [133.308828, -32.181583], [133.311859, -32.180934], [133.313213, -32.182152], [133.314711, -32.18218], [133.319021, -32.181511], [133.322792, -32.179875], [133.325734, -32.180368], [133.326608, -32.181867], [133.330358, -32.18157], [133.331574, -32.182264], [133.335336, -32.180241], [133.337894, -32.180096], [133.345145, -32.182507], [133.357116, -32.184837], [133.371437, -32.188838], [133.384793, -32.194011], [133.385444, -32.197216], [133.389785, -32.200207], [133.391297, -32.199034], [133.391999, -32.196931], [133.395145, -32.195112], [133.403583, -32.197479], [133.404393, -32.198138], [133.403862, -32.199476], [133.405354, -32.199932], [133.40832, -32.198548], [133.409149, -32.195736], [133.41308, -32.194601], [133.419351, -32.196308], [133.420956, -32.198398], [133.423492, -32.197973], [133.426403, -32.19402], [133.425599, -32.19081], [133.426832, -32.190635], [133.42834, -32.192161], [133.428703, -32.190975], [133.424733, -32.188007], [133.424446, -32.186723], [133.425612, -32.184688], [133.430747, -32.181121], [133.435953, -32.178768], [133.439622, -32.178057], [133.44624, -32.17852], [133.470784, -32.188003], [133.485628, -32.196247], [133.48545, -32.198983], [133.486018, -32.1996], [133.487732, -32.199348], [133.488364, -32.200371], [133.48576, -32.203507], [133.487729, -32.206108], [133.488127, -32.203315], [133.491582, -32.1997], [133.491804, -32.195616], [133.490588, -32.194293], [133.486411, -32.194416], [133.485688, -32.193636], [133.485784, -32.190314], [133.48351, -32.189571], [133.482866, -32.188436], [133.478927, -32.188287], [133.478843, -32.185796], [133.476355, -32.181953], [133.475149, -32.180955], [133.474235, -32.181196], [133.473192, -32.177087], [133.468359, -32.174231], [133.468491, -32.175188], [133.464046, -32.173847], [133.464309, -32.172158], [133.462227, -32.171517], [133.456687, -32.17256], [133.453235, -32.169926], [133.451955, -32.1699], [133.450727, -32.171586], [133.446592, -32.172655], [133.444495, -32.171492], [133.442525, -32.172224], [133.440328, -32.170814], [133.438719, -32.172017], [133.438602, -32.170546], [133.437774, -32.171594], [133.437977, -32.173983], [133.43711, -32.17633], [133.434242, -32.177797], [133.429737, -32.178827], [133.428579, -32.17819], [133.429087, -32.176935], [133.426959, -32.174793], [133.426592, -32.18042], [133.42596, -32.175146], [133.42722, -32.172823], [133.430488, -32.172273], [133.426367, -32.172471], [133.417988, -32.17462], [133.415707, -32.176356], [133.415993, -32.177798], [133.415282, -32.17836], [133.411752, -32.177752], [133.412833, -32.176912], [133.411248, -32.176711], [133.411208, -32.175758], [133.412675, -32.175051], [133.412022, -32.174447], [133.413395, -32.173617], [133.412701, -32.173022], [133.414678, -32.171085], [133.414843, -32.169899], [133.413234, -32.171227], [133.411637, -32.171257], [133.409285, -32.16935], [133.408325, -32.170618], [133.404882, -32.169146], [133.404399, -32.168178], [133.402729, -32.168433], [133.402814, -32.169336], [133.400865, -32.169053], [133.397866, -32.164509], [133.399897, -32.162888], [133.39615, -32.161451], [133.395475, -32.15956], [133.394014, -32.160165], [133.392332, -32.159361], [133.397115, -32.15803], [133.395107, -32.157747], [133.39616, -32.156828], [133.398041, -32.156673], [133.396044, -32.155183], [133.397119, -32.153295], [133.397058, -32.150071], [133.3958, -32.150279], [133.393591, -32.148429], [133.395592, -32.144541], [133.39511, -32.141578], [133.397921, -32.138551], [133.400401, -32.137156], [133.403207, -32.137571], [133.408074, -32.136026], [133.410381, -32.136083], [133.411241, -32.133768], [133.413287, -32.131605], [133.419145, -32.128257], [133.424521, -32.128727], [133.427329, -32.131876], [133.432173, -32.130092], [133.434561, -32.126647], [133.436919, -32.125525], [133.438088, -32.12304], [133.437856, -32.124911], [133.440692, -32.125], [133.443108, -32.126678], [133.446609, -32.135772], [133.448946, -32.136538], [133.451453, -32.136008], [133.452016, -32.133874], [133.449307, -32.125486], [133.449985, -32.123757], [133.449135, -32.119737], [133.451048, -32.112658], [133.453157, -32.109365], [133.455561, -32.108237], [133.460438, -32.102912], [133.462371, -32.102891], [133.463213, -32.101968], [133.465956, -32.102095], [133.467868, -32.09997], [133.47279, -32.100107], [133.476125, -32.101432], [133.478124, -32.103169], [133.478332, -32.104318], [133.480866, -32.103191], [133.484331, -32.104219], [133.48442, -32.105459], [133.482235, -32.10825], [133.4837, -32.110154], [133.486605, -32.110701], [133.489479, -32.10982], [133.48829, -32.111055], [133.489974, -32.112071], [133.489451, -32.112891], [133.487259, -32.113185], [133.486206, -32.114149], [133.482774, -32.114145], [133.480579, -32.114978], [133.480031, -32.115968], [133.480404, -32.117726], [133.484476, -32.118482], [133.486416, -32.121032], [133.485749, -32.124204], [133.483302, -32.125435], [133.483142, -32.126292], [133.488684, -32.126736], [133.492402, -32.128644], [133.494754, -32.128689], [133.495927, -32.127825], [133.499522, -32.12837], [133.50162, -32.129085], [133.502926, -32.131086], [133.500342, -32.138829], [133.501279, -32.139225], [133.498748, -32.14018], [133.496643, -32.143912], [133.494086, -32.145866], [133.494464, -32.147573], [133.496786, -32.150609], [133.503446, -32.155012], [133.504429, -32.153725], [133.5074, -32.154355], [133.511304, -32.153307], [133.514463, -32.148827], [133.517029, -32.146887], [133.51903, -32.143533], [133.517367, -32.141844], [133.517704, -32.145325], [133.515928, -32.147138], [133.51572, -32.145991], [133.517242, -32.143936], [133.516513, -32.142214], [133.514281, -32.143692], [133.512872, -32.140809], [133.511692, -32.141984], [133.512634, -32.144258], [133.510292, -32.144017], [133.509738, -32.146306], [133.506933, -32.142775], [133.504475, -32.143702], [133.50477, -32.141927], [133.507525, -32.140806], [133.509004, -32.137181], [133.511603, -32.137171], [133.515121, -32.134712], [133.51316, -32.13193], [133.51731, -32.133737], [133.520524, -32.130304], [133.525297, -32.127439], [133.520774, -32.13129], [133.519074, -32.135729], [133.519904, -32.138517], [133.519505, -32.139902], [133.520913, -32.140756], [133.522926, -32.139872], [133.524263, -32.137266], [133.525112, -32.137132], [133.525034, -32.138851], [133.522756, -32.141178], [133.524944, -32.142922], [133.524261, -32.147417], [133.521618, -32.151697], [133.522105, -32.155301], [133.527206, -32.157959], [133.530871, -32.161879], [133.533176, -32.163215], [133.534525, -32.165556], [133.537866, -32.167332], [133.541487, -32.167306], [133.550654, -32.169803], [133.553457, -32.169582], [133.554418, -32.16838], [133.553734, -32.166286], [133.555204, -32.16399], [133.555852, -32.158998], [133.56081, -32.156725], [133.567147, -32.155201], [133.571305, -32.149908], [133.577544, -32.146835], [133.579081, -32.143479], [133.584683, -32.140992], [133.582494, -32.139727], [133.582324, -32.137479], [133.577723, -32.13236], [133.577091, -32.129928], [133.579113, -32.126161], [133.573996, -32.122718], [133.572709, -32.12022], [133.572514, -32.117454], [133.57436, -32.113764], [133.580433, -32.10783], [133.577919, -32.104078], [133.579727, -32.101824], [133.579678, -32.099189], [133.581652, -32.095929], [133.585963, -32.093145], [133.588366, -32.09016], [133.592256, -32.087258], [133.599931, -32.084522], [133.613619, -32.086022], [133.616463, -32.087255], [133.61758, -32.089619], [133.620964, -32.092133], [133.622558, -32.092208], [133.625777, -32.090544], [133.62822, -32.090614], [133.627955, -32.093835], [133.630659, -32.094619], [133.631859, -32.094149], [133.632927, -32.095423], [133.632483, -32.097686], [133.630079, -32.098879], [133.63055, -32.100079], [133.631398, -32.099299], [133.636599, -32.100732], [133.636492, -32.098988], [133.639622, -32.098108], [133.640773, -32.096378], [133.643775, -32.095913], [133.651368, -32.098669], [133.653823, -32.102079], [133.652876, -32.103536], [133.657931, -32.10394], [133.661034, -32.105711], [133.665941, -32.10376], [133.667538, -32.104416], [133.671594, -32.107053], [133.671003, -32.109438], [133.672632, -32.112243], [133.671384, -32.114158], [133.672118, -32.116581], [133.67116, -32.117699], [133.671478, -32.119475], [133.670194, -32.120902], [133.671277, -32.122384], [133.672083, -32.12824], [133.671617, -32.132605], [133.670488, -32.134986], [133.669322, -32.135412], [133.666945, -32.13856], [133.662217, -32.140681], [133.660482, -32.140541], [133.655922, -32.143055], [133.647608, -32.141261], [133.645983, -32.142676], [133.644049, -32.142543], [133.642718, -32.144576], [133.644107, -32.147503], [133.643471, -32.148843], [133.647765, -32.15217], [133.651398, -32.151636], [133.652689, -32.150122], [133.65824, -32.148675], [133.659599, -32.147375], [133.661814, -32.147392], [133.665791, -32.143864], [133.669775, -32.142611], [133.674713, -32.142638], [133.68405, -32.147746], [133.692908, -32.15524], [133.694525, -32.158968], [133.694596, -32.161374], [133.692265, -32.162973], [133.691481, -32.165426], [133.689191, -32.165978], [133.689228, -32.167512], [133.687827, -32.170408], [133.686926, -32.170781], [133.686991, -32.17542], [133.688105, -32.1791], [133.686026, -32.181605], [133.685641, -32.183762], [133.683782, -32.184882], [133.683691, -32.187154], [133.682647, -32.188226], [133.683679, -32.189805], [133.682984, -32.192923], [133.681439, -32.193302], [133.681325, -32.194688], [133.679976, -32.194894], [133.678929, -32.196153], [133.679478, -32.197694], [133.678175, -32.199576], [133.679113, -32.202643], [133.680395, -32.202995], [133.681504, -32.201602], [133.685641, -32.200843], [133.687567, -32.199363], [133.693933, -32.198284], [133.699499, -32.198686], [133.70018, -32.197588], [133.702443, -32.196674], [133.714932, -32.194992], [133.720994, -32.196549], [133.722835, -32.196258], [133.724488, -32.196782], [133.725614, -32.198255], [133.728351, -32.19751], [133.733206, -32.198675], [133.735416, -32.201913], [133.738043, -32.203813], [133.737969, -32.205336], [133.736068, -32.207596], [133.740593, -32.205622], [133.742744, -32.203172], [133.744732, -32.202808], [133.745056, -32.201553], [133.748962, -32.202083], [133.756726, -32.205846], [133.759633, -32.209767], [133.759209, -32.216163], [133.760952, -32.219066], [133.762215, -32.224313], [133.75912, -32.230875], [133.75789, -32.231888], [133.7557, -32.231856], [133.755353, -32.235325], [133.757408, -32.241308], [133.761248, -32.244814], [133.762028, -32.246823], [133.764322, -32.249057], [133.764209, -32.252856], [133.7625, -32.254266], [133.762923, -32.256642], [133.765649, -32.258556], [133.765343, -32.260978], [133.768355, -32.26202], [133.769731, -32.263826], [133.773605, -32.263278], [133.773352, -32.2624], [133.776163, -32.257314], [133.781633, -32.25417], [133.786282, -32.253294], [133.792272, -32.254607], [133.792922, -32.253798], [133.797112, -32.252664], [133.799516, -32.24951], [133.798821, -32.248319], [133.801178, -32.24698], [133.800105, -32.246024], [133.800505, -32.245045], [133.804901, -32.243358], [133.808341, -32.243115], [133.808316, -32.242302], [133.804742, -32.24021], [133.806678, -32.238126], [133.805992, -32.235969], [133.80655, -32.234154], [133.808231, -32.232854], [133.807027, -32.231643], [133.805679, -32.231658], [133.806014, -32.231165], [133.811892, -32.232316], [133.814257, -32.231535], [133.814202, -32.232495], [133.815344, -32.231911], [133.821407, -32.23397], [133.825536, -32.237563], [133.827154, -32.242835], [133.819317, -32.245019], [133.817961, -32.246027], [133.818172, -32.247234], [133.822061, -32.247488], [133.82253, -32.248352], [133.823728, -32.247532], [133.825293, -32.247865], [133.826424, -32.249679], [133.825667, -32.250434], [133.825897, -32.251446], [133.829045, -32.253911], [133.829205, -32.255584], [133.828405, -32.256097], [133.831062, -32.255759], [133.831185, -32.254551], [133.835354, -32.253995], [133.842866, -32.256313], [133.844399, -32.257535], [133.847684, -32.262937], [133.848892, -32.263144], [133.853859, -32.267608], [133.85745, -32.272962], [133.858389, -32.27656], [133.859776, -32.278425], [133.862296, -32.278936], [133.863387, -32.278414], [133.86475, -32.27922], [133.866648, -32.278802], [133.86936, -32.280505], [133.873689, -32.286564], [133.873771, -32.288244], [133.874688, -32.288248], [133.876628, -32.291378], [133.880381, -32.303141], [133.880096, -32.306173], [133.882627, -32.306226], [133.884073, -32.308418], [133.883746, -32.309381], [133.889958, -32.310599], [133.895251, -32.31325], [133.897203, -32.315436], [133.898464, -32.315341], [133.901989, -32.318217], [133.906333, -32.323853], [133.907272, -32.326926], [133.911019, -32.332563], [133.912021, -32.335055], [133.912012, -32.338235], [133.916723, -32.344309], [133.918155, -32.348128], [133.921547, -32.3511], [133.92325, -32.356547], [133.926196, -32.359488], [133.929347, -32.360345], [133.931014, -32.361804], [133.934298, -32.372243], [133.932709, -32.379879], [133.93447, -32.381068], [133.934344, -32.381853], [133.939316, -32.380011], [133.944035, -32.381203], [133.944977, -32.380604], [133.946049, -32.381528], [133.944427, -32.381457], [133.945763, -32.382522], [133.947611, -32.382453], [133.947673, -32.383982], [133.948476, -32.383998], [133.94863, -32.385318], [133.951086, -32.388513], [133.952258, -32.391553], [133.951946, -32.398885], [133.950579, -32.402179], [133.948015, -32.403444], [133.948893, -32.404853], [133.949043, -32.408057], [133.94693, -32.411577], [133.944539, -32.412886], [133.942524, -32.411957], [133.941441, -32.412493], [133.941867, -32.415313], [133.940543, -32.417724], [133.938174, -32.418982], [133.938621, -32.420634], [133.934159, -32.419835], [133.931196, -32.422904], [133.931481, -32.421861], [133.930903, -32.42172], [133.928815, -32.423419], [133.925288, -32.423914], [133.923764, -32.426799], [133.921988, -32.426202], [133.921736, -32.426788], [133.918312, -32.426932], [133.919609, -32.427675], [133.919317, -32.428318], [133.917653, -32.427016], [133.916684, -32.428234], [133.914004, -32.427631], [133.910545, -32.42496], [133.909589, -32.425908], [133.908098, -32.42434], [133.907725, -32.425282], [133.903531, -32.427658], [133.903079, -32.429033], [133.901324, -32.429491], [133.901045, -32.428913], [133.902607, -32.428933], [133.904254, -32.42495], [133.902551, -32.422768], [133.90097, -32.425651], [133.900877, -32.428041], [133.893757, -32.428839], [133.893436, -32.426701], [133.891303, -32.426668], [133.890836, -32.4251], [133.887446, -32.423126], [133.88779, -32.421705], [133.889067, -32.421542], [133.888973, -32.419981], [133.889692, -32.420419], [133.890648, -32.419151], [133.893668, -32.418828], [133.893686, -32.418208], [133.892257, -32.417757], [133.893049, -32.417002], [133.891818, -32.415755], [133.895281, -32.416042], [133.897017, -32.415219], [133.899045, -32.416019], [133.899344, -32.414958], [133.897416, -32.41408], [133.897329, -32.413352], [133.901762, -32.412538], [133.904302, -32.413063], [133.903492, -32.414709], [133.903998, -32.415211], [133.905579, -32.413412], [133.905758, -32.412228], [133.904024, -32.412352], [133.904483, -32.411505], [133.903425, -32.411484], [133.903857, -32.410948], [133.902713, -32.411636], [133.895141, -32.409783], [133.893291, -32.409674], [133.893573, -32.411339], [133.891218, -32.41126], [133.894451, -32.412941], [133.895794, -32.41228], [133.896949, -32.412928], [133.894716, -32.414074], [133.892775, -32.412862], [133.891831, -32.413381], [133.891511, -32.412264], [133.890594, -32.413212], [133.890265, -32.412066], [133.889012, -32.41151], [133.88832, -32.409236], [133.891152, -32.410342], [133.892221, -32.409071], [133.890892, -32.408295], [133.893665, -32.408599], [133.889516, -32.406637], [133.888645, -32.403805], [133.887227, -32.403704], [133.886962, -32.402949], [133.887813, -32.402672], [133.886749, -32.402351], [133.892658, -32.401385], [133.893869, -32.403438], [133.892978, -32.400477], [133.890391, -32.40005], [133.889601, -32.398798], [133.891227, -32.398858], [133.892119, -32.399886], [133.891839, -32.399012], [133.894094, -32.400579], [133.894355, -32.40165], [133.894938, -32.40042], [133.893349, -32.398949], [133.897186, -32.399574], [133.889678, -32.397875], [133.884873, -32.399107], [133.884315, -32.398213], [133.877397, -32.400378], [133.876113, -32.400411], [133.875328, -32.399397], [133.871606, -32.398054], [133.868462, -32.397998], [133.866818, -32.399186], [133.866259, -32.401323], [133.867821, -32.407824], [133.86818, -32.413199], [133.867482, -32.420449], [133.864549, -32.427988], [133.862495, -32.429271], [133.862592, -32.436711], [133.861511, -32.437333], [133.859888, -32.441888], [133.855731, -32.445769], [133.856179, -32.4475], [133.853509, -32.451488], [133.855041, -32.45395], [133.853466, -32.459045], [133.852665, -32.460376], [133.85062, -32.461417], [133.854692, -32.46758], [133.853822, -32.468866], [133.857798, -32.474107], [133.857274, -32.475715], [133.860856, -32.48007], [133.862406, -32.483536], [133.860915, -32.488057], [133.859269, -32.489859], [133.855014, -32.490024], [133.850708, -32.493147], [133.850827, -32.495129], [133.852526, -32.497083], [133.852343, -32.498635], [133.851343, -32.501035], [133.846992, -32.503696], [133.846523, -32.506768], [133.847305, -32.50784], [133.853156, -32.509128], [133.854298, -32.511319], [133.854028, -32.513239], [133.856764, -32.517557], [133.85712, -32.519484], [133.856664, -32.528847], [133.854018, -32.532122], [133.850077, -32.532655], [133.848647, -32.535712], [133.849, -32.541726], [133.851959, -32.542615], [133.852625, -32.542068], [133.852605, -32.53969], [133.854693, -32.538269], [133.855768, -32.5338], [133.857879, -32.532143], [133.861052, -32.531912], [133.863918, -32.533468], [133.864685, -32.535413], [133.86687, -32.537251], [133.869481, -32.536214], [133.871391, -32.533876], [133.872544, -32.534817], [133.874574, -32.532857], [133.87665, -32.532654], [133.879122, -32.535222], [133.881091, -32.535854], [133.881424, -32.536973], [133.883005, -32.536627], [133.883433, -32.537398], [133.888825, -32.539038], [133.891112, -32.541162], [133.893695, -32.541219], [133.893694, -32.53884], [133.895537, -32.537043], [133.893408, -32.534895], [133.892992, -32.53112], [133.89619, -32.523342], [133.899999, -32.520163], [133.908794, -32.517545], [133.907376, -32.516903], [133.905293, -32.51303], [133.907426, -32.508794], [133.918663, -32.496777], [133.922739, -32.49485], [133.92691, -32.494312], [133.935067, -32.494984], [133.945577, -32.493276], [133.954956, -32.494361], [133.964276, -32.496707], [133.969432, -32.499965], [133.975425, -32.502505], [133.991564, -32.505353], [133.993406, -32.502127], [133.995803, -32.500686], [133.992933, -32.496617], [133.99357, -32.494386], [133.991541, -32.489202], [133.995073, -32.484451], [134.003196, -32.479579], [134.008738, -32.473839], [134.014127, -32.471918], [134.023232, -32.466699], [134.032452, -32.464291], [134.034342, -32.461041], [134.036977, -32.459813], [134.047903, -32.45931], [134.056751, -32.461031], [134.07166, -32.466224], [134.078475, -32.469619], [134.083908, -32.470978], [134.086216, -32.470786], [134.086943, -32.468738], [134.086448, -32.465576], [134.08517, -32.465525], [134.08419, -32.466615], [134.082316, -32.466503], [134.079249, -32.463781], [134.074864, -32.462766], [134.07015, -32.458452], [134.067334, -32.457358], [134.063162, -32.457266], [134.061924, -32.456321], [134.061239, -32.453921], [134.062019, -32.448459], [134.061456, -32.44479], [134.060596, -32.443732], [134.059699, -32.444142], [134.060215, -32.443188], [134.058279, -32.441357], [134.055402, -32.44075], [134.057125, -32.440708], [134.059071, -32.44113], [134.062263, -32.444903], [134.062948, -32.447725], [134.062209, -32.452255], [134.062832, -32.455795], [134.068921, -32.456735], [134.073927, -32.459128], [134.081218, -32.45731], [134.082351, -32.458469], [134.081393, -32.459568], [134.078942, -32.459093], [134.073909, -32.460686], [134.076011, -32.462456], [134.080094, -32.46285], [134.082349, -32.465578], [134.083775, -32.465056], [134.083012, -32.462142], [134.086273, -32.458177], [134.085647, -32.457999], [134.084834, -32.45923], [134.083671, -32.4591], [134.081216, -32.456528], [134.081033, -32.455382], [134.082034, -32.456402], [134.084082, -32.455417], [134.083206, -32.457036], [134.083894, -32.458723], [134.084593, -32.458766], [134.086224, -32.457222], [134.091619, -32.456546], [134.091921, -32.455295], [134.090712, -32.454995], [134.090741, -32.453963], [134.092979, -32.454985], [134.096899, -32.452715], [134.097741, -32.45317], [134.096305, -32.454148], [134.097046, -32.454712], [134.098612, -32.453231], [134.099455, -32.453467], [134.099763, -32.451226], [134.102837, -32.450116], [134.10392, -32.451365], [134.100708, -32.452305], [134.099252, -32.45514], [134.097204, -32.456884], [134.094618, -32.45761], [134.092214, -32.45683], [134.092181, -32.457869], [134.094121, -32.458296], [134.106262, -32.456956], [134.116564, -32.454096], [134.121275, -32.454073], [134.136257, -32.457698], [134.146175, -32.462886], [134.15045, -32.464203], [134.158802, -32.469057], [134.163101, -32.469053], [134.17453, -32.477439], [134.183915, -32.482583], [134.195392, -32.494266], [134.198122, -32.496115], [134.201235, -32.500885], [134.207517, -32.50766], [134.209476, -32.50811], [134.214223, -32.511148], [134.216935, -32.514339], [134.222641, -32.524616], [134.233575, -32.534918], [134.237107, -32.537349], [134.243348, -32.544465], [134.250166, -32.550424], [134.25632, -32.557717], [134.266342, -32.573809], [134.271977, -32.587166], [134.277802, -32.608656], [134.27938, -32.631936], [134.279022, -32.634289], [134.278127, -32.634877], [134.27977, -32.640882], [134.278972, -32.644222], [134.279388, -32.648207], [134.281225, -32.650032], [134.281292, -32.651713], [134.28234, -32.652052], [134.282366, -32.653743], [134.285451, -32.65415], [134.286854, -32.655293], [134.28684, -32.656156], [134.289625, -32.655764], [134.293147, -32.65939], [134.294307, -32.661955], [134.294195, -32.666099], [134.292093, -32.672673], [134.28938, -32.676452], [134.284816, -32.679637], [134.285228, -32.681886], [134.283746, -32.68494], [134.284414, -32.687908], [134.28826, -32.686548], [134.289049, -32.687329], [134.290382, -32.692865], [134.287284, -32.700276], [134.282119, -32.700579], [134.281763, -32.704544], [134.280539, -32.706886], [134.27932, -32.707576], [134.275754, -32.706702], [134.27445, -32.709039], [134.27246, -32.709985], [134.272076, -32.714885], [134.267403, -32.724292], [134.265958, -32.725427], [134.264233, -32.729917], [134.260472, -32.734768], [134.257148, -32.738286], [134.251882, -32.742138], [134.24095, -32.748056], [134.240521, -32.749373], [134.241452, -32.755287], [134.240726, -32.758014], [134.236164, -32.761159], [134.231398, -32.762398], [134.230614, -32.764389], [134.230521, -32.766295], [134.232942, -32.772907], [134.23184, -32.779634], [134.228246, -32.783028], [134.225601, -32.783841], [134.222643, -32.783476], [134.222239, -32.784293], [134.223196, -32.785894], [134.221859, -32.789845], [134.216022, -32.792717], [134.215563, -32.794194], [134.21288, -32.795076], [134.208205, -32.795219], [134.202751, -32.796938], [134.196647, -32.795305], [134.196198, -32.792988], [134.193003, -32.790648], [134.194076, -32.778858], [134.190728, -32.77421], [134.189241, -32.769701], [134.189976, -32.765323], [134.195203, -32.759782], [134.195137, -32.75712], [134.197189, -32.755889], [134.195536, -32.753816], [134.197574, -32.751707], [134.200372, -32.750752], [134.201365, -32.749156], [134.200135, -32.746691], [134.198918, -32.746029], [134.199547, -32.748374], [134.199068, -32.749312], [134.194119, -32.749105], [134.191083, -32.747685], [134.189225, -32.745593], [134.189284, -32.745085], [134.189907, -32.745748], [134.189681, -32.743983], [134.192758, -32.745972], [134.189754, -32.74216], [134.187609, -32.743205], [134.182637, -32.743043], [134.177388, -32.740037], [134.17678, -32.741776], [134.173833, -32.740605], [134.176573, -32.739521], [134.164646, -32.736988], [134.161049, -32.73482], [134.158414, -32.730828], [134.15513, -32.728348], [134.154319, -32.72513], [134.152814, -32.723976], [134.155503, -32.724013], [134.155888, -32.725339], [134.154773, -32.725563], [134.159067, -32.726612], [134.162917, -32.726457], [134.164993, -32.724867], [134.167462, -32.724709], [134.171304, -32.726223], [134.169324, -32.727074], [134.177395, -32.728425], [134.183925, -32.727371], [134.184001, -32.726711], [134.182162, -32.727301], [134.180477, -32.726144], [134.177515, -32.726433], [134.179683, -32.724454], [134.183084, -32.725252], [134.185273, -32.723735], [134.185418, -32.724992], [134.184379, -32.725858], [134.185996, -32.726712], [134.194178, -32.72708], [134.200557, -32.728924], [134.215088, -32.730782], [134.207761, -32.728342], [134.204935, -32.725202], [134.191946, -32.724243], [134.183115, -32.722675], [134.181738, -32.720276], [134.178316, -32.718671], [134.174283, -32.717947], [134.157576, -32.721506], [134.15171, -32.72121], [134.143322, -32.719474], [134.129978, -32.72019], [134.121256, -32.72208], [134.119835, -32.719714], [134.114194, -32.720967], [134.107069, -32.721285], [134.104623, -32.719575], [134.100266, -32.719057], [134.097105, -32.716971], [134.096151, -32.714424], [134.093443, -32.714451], [134.0901, -32.711718], [134.087195, -32.710566], [134.083302, -32.710934], [134.080595, -32.709573], [134.078906, -32.711893], [134.076228, -32.713099], [134.071055, -32.712155], [134.070356, -32.713024], [134.071586, -32.713643], [134.07015, -32.714533], [134.067402, -32.714989], [134.067341, -32.715679], [134.065845, -32.715632], [134.065604, -32.714808], [134.064245, -32.715363], [134.065574, -32.716167], [134.06317, -32.717671], [134.064195, -32.719913], [134.062953, -32.719938], [134.060323, -32.722498], [134.060639, -32.723732], [134.062845, -32.724902], [134.061654, -32.72712], [134.065569, -32.726691], [134.064725, -32.727927], [134.065619, -32.728338], [134.064609, -32.730353], [134.068285, -32.729861], [134.067805, -32.731148], [134.068961, -32.730729], [134.070137, -32.731399], [134.070669, -32.733384], [134.06917, -32.73453], [134.070496, -32.736118], [134.073212, -32.736865], [134.072228, -32.738468], [134.073186, -32.740017], [134.076693, -32.741196], [134.077055, -32.742577], [134.081387, -32.742976], [134.080637, -32.744726], [134.081899, -32.745005], [134.083018, -32.746685], [134.086236, -32.747344], [134.090927, -32.750359], [134.09772, -32.756492], [134.1081, -32.768506], [134.118901, -32.783386], [134.124554, -32.793706], [134.127454, -32.801212], [134.129341, -32.80317], [134.130614, -32.808281], [134.133299, -32.813045], [134.133355, -32.81582], [134.134677, -32.817474], [134.134114, -32.820842], [134.13521, -32.821707], [134.134685, -32.822837], [134.135512, -32.822907], [134.135876, -32.824157], [134.135312, -32.824651], [134.13675, -32.826575], [134.137381, -32.831046], [134.138375, -32.83209], [134.137937, -32.838268], [134.138498, -32.839715], [134.13689, -32.842841], [134.134274, -32.843254], [134.134981, -32.845107], [134.133427, -32.85182], [134.133645, -32.853861], [134.132051, -32.855004], [134.131953, -32.856497], [134.125477, -32.858901], [134.11686, -32.868108], [134.11144, -32.869755], [134.108376, -32.868574], [134.103222, -32.869478], [134.101045, -32.868929], [134.099301, -32.867198], [134.09881, -32.86821], [134.097155, -32.868819], [134.098327, -32.869268], [134.098145, -32.870292], [134.098968, -32.870923], [134.098118, -32.871814], [134.098713, -32.873228], [134.097653, -32.873615], [134.099184, -32.874415], [134.099308, -32.875532], [134.096119, -32.878643], [134.092591, -32.879405], [134.088645, -32.877602], [134.08839, -32.878289], [134.082917, -32.87985], [134.08328, -32.880473], [134.079908, -32.880727], [134.077326, -32.882487], [134.074266, -32.882315], [134.071527, -32.883815], [134.071693, -32.886264], [134.075886, -32.887181], [134.077542, -32.89198], [134.077828, -32.890815], [134.078401, -32.893862], [134.079515, -32.895404], [134.078646, -32.89912], [134.076024, -32.900761], [134.076648, -32.902794], [134.0752, -32.904009], [134.07539, -32.905956], [134.071601, -32.907503], [134.071555, -32.908695], [134.070384, -32.909397], [134.066588, -32.90785], [134.062462, -32.907327], [134.061146, -32.90579], [134.060134, -32.906184], [134.06053, -32.907934], [134.064336, -32.911147], [134.072355, -32.913267], [134.073337, -32.917051], [134.081098, -32.918626], [134.08151, -32.921129], [134.078659, -32.92303], [134.079332, -32.925425], [134.080901, -32.926517], [134.084068, -32.925127], [134.087274, -32.926271], [134.091333, -32.926307], [134.091469, -32.925157], [134.09304, -32.924587], [134.093531, -32.922706], [134.094785, -32.922962], [134.095048, -32.921983], [134.097115, -32.921106], [134.096993, -32.918375], [134.106442, -32.91238], [134.110125, -32.912015], [134.119181, -32.914597], [134.121771, -32.916598], [134.12927, -32.926433], [134.129476, -32.930495], [134.126225, -32.932364], [134.123646, -32.932117], [134.129425, -32.93514], [134.1315, -32.934803], [134.131411, -32.93668], [134.13252, -32.935841], [134.133942, -32.936188], [134.136176, -32.940087], [134.13554, -32.941098], [134.138755, -32.94352], [134.141184, -32.944267], [134.143236, -32.943568], [134.145828, -32.940573], [134.145153, -32.9382], [134.14183, -32.93879], [134.140114, -32.93614], [134.141166, -32.931538], [134.14406, -32.928168], [134.148762, -32.926198], [134.15648, -32.924461], [134.161511, -32.924874], [134.167393, -32.926769], [134.179044, -32.932247], [134.189083, -32.942369], [134.19748, -32.954883], [134.201879, -32.963783], [134.205271, -32.976906], [134.20572, -32.987089], [134.204837, -32.995309], [134.201505, -33.005709], [134.193542, -33.013532], [134.188988, -33.01572], [134.184891, -33.013713], [134.172984, -33.01089], [134.171696, -33.011235], [134.167286, -33.009282], [134.161446, -33.011853], [134.15845, -33.011222], [134.155022, -33.014171], [134.151921, -33.015395], [134.148676, -33.015977], [134.145113, -33.014491], [134.140687, -33.015702], [134.138526, -33.018087], [134.139202, -33.01989], [134.143395, -33.022242], [134.142201, -33.024332], [134.142894, -33.0249], [134.143918, -33.023987], [134.145539, -33.024813], [134.145062, -33.02666], [134.146267, -33.025809], [134.148588, -33.025929], [134.14701, -33.027529], [134.14692, -33.02888], [134.150958, -33.030515], [134.150686, -33.032092], [134.153201, -33.032399], [134.154866, -33.035318], [134.158216, -33.035104], [134.160928, -33.041272], [134.16385, -33.040095], [134.165246, -33.041359], [134.165701, -33.042252], [134.164914, -33.043761], [134.166055, -33.04513], [134.165836, -33.046889], [134.167361, -33.047038], [134.169285, -33.050347], [134.167778, -33.051524], [134.167922, -33.055687], [134.170216, -33.054338], [134.172834, -33.050365], [134.171705, -33.049018], [134.172119, -33.047441], [134.174583, -33.047266], [134.175321, -33.046477], [134.178535, -33.049143], [134.18053, -33.049439], [134.184802, -33.047437], [134.186257, -33.044197], [134.183469, -33.042749], [134.182956, -33.041349], [134.186461, -33.039205], [134.187002, -33.03732], [134.188354, -33.037473], [134.18983, -33.035901], [134.192038, -33.035167], [134.196635, -33.034717], [134.20012, -33.035035], [134.200617, -33.035954], [134.202721, -33.035682], [134.204145, -33.036907], [134.208529, -33.038237], [134.209336, -33.039571], [134.212655, -33.038871], [134.216247, -33.040524], [134.218718, -33.040225], [134.219525, -33.040855], [134.223168, -33.039683], [134.230283, -33.043313], [134.23243, -33.046548], [134.237057, -33.050873], [134.237706, -33.052901], [134.237228, -33.058519], [134.240135, -33.059499], [134.242059, -33.063397], [134.24182, -33.06523], [134.239208, -33.06815], [134.241597, -33.070569], [134.241509, -33.073918], [134.245655, -33.07604], [134.245742, -33.078246], [134.247858, -33.079124], [134.248312, -33.080503], [134.247675, -33.08183], [134.248738, -33.083335], [134.248216, -33.084172], [134.25015, -33.084424], [134.249584, -33.08617], [134.247206, -33.08727], [134.250687, -33.08773], [134.250043, -33.089775], [134.253507, -33.090542], [134.252515, -33.09243], [134.253386, -33.093656], [134.252873, -33.094267], [134.258979, -33.094518], [134.260249, -33.095661], [134.260205, -33.097645], [134.261749, -33.098203], [134.262521, -33.107584], [134.262047, -33.109029], [134.259696, -33.11039], [134.261271, -33.112054], [134.261358, -33.115402], [134.263193, -33.117956], [134.264526, -33.121908], [134.264386, -33.128359], [134.266773, -33.138511], [134.263817, -33.141279], [134.265106, -33.142847], [134.264117, -33.145885], [134.260851, -33.147081], [134.261381, -33.148206], [134.260382, -33.14936], [134.261072, -33.150491], [134.260225, -33.152631], [134.26302, -33.153681], [134.265944, -33.155991], [134.271636, -33.163335], [134.272861, -33.163933], [134.277709, -33.163008], [134.278149, -33.165103], [134.281216, -33.164449], [134.287709, -33.167604], [134.289128, -33.169503], [134.290284, -33.169827], [134.290134, -33.172015], [134.291444, -33.172449], [134.29116, -33.173342], [134.293653, -33.174284], [134.294903, -33.176101], [134.295636, -33.175077], [134.297864, -33.175605], [134.297832, -33.178203], [134.302947, -33.180409], [134.303989, -33.182051], [134.309731, -33.182242], [134.316917, -33.186709], [134.318363, -33.188569], [134.316323, -33.191689], [134.317314, -33.19261], [134.316974, -33.193987], [134.322441, -33.195555], [134.324693, -33.195252], [134.328367, -33.199477], [134.335911, -33.198243], [134.340353, -33.196313], [134.341643, -33.194447], [134.344141, -33.193033], [134.351334, -33.190301], [134.351358, -33.187458], [134.349003, -33.185507], [134.347918, -33.180065], [134.345081, -33.177855], [134.34577, -33.174458], [134.344535, -33.172129], [134.347189, -33.165532], [134.344837, -33.162215], [134.352804, -33.157392], [134.34994, -33.157203], [134.344935, -33.161236], [134.34602, -33.159217], [134.358013, -33.151004], [134.358692, -33.150017], [134.35847, -33.148298], [134.353915, -33.141524], [134.351329, -33.138978], [134.347462, -33.140236], [134.337567, -33.137673], [134.334872, -33.135215], [134.326222, -33.131981], [134.32428, -33.130128], [134.323677, -33.12787], [134.320888, -33.127605], [134.31759, -33.125222], [134.316547, -33.125254], [134.317702, -33.122601], [134.321168, -33.120533], [134.321623, -33.118288], [134.317868, -33.116719], [134.318703, -33.118402], [134.316571, -33.118263], [134.314454, -33.116062], [134.312594, -33.11201], [134.305364, -33.112891], [134.295451, -33.118203], [134.292343, -33.118565], [134.291533, -33.117497], [134.292786, -33.117458], [134.287654, -33.113735], [134.284409, -33.113296], [134.282583, -33.110371], [134.278781, -33.107431], [134.278737, -33.105716], [134.280031, -33.10336], [134.284236, -33.100396], [134.280159, -33.100728], [134.274423, -33.094445], [134.27208, -33.093451], [134.266137, -33.08802], [134.262837, -33.083371], [134.263068, -33.081408], [134.261508, -33.077974], [134.261926, -33.075988], [134.261001, -33.073092], [134.262948, -33.065073], [134.262433, -33.060006], [134.264312, -33.058346], [134.268376, -33.056994], [134.273134, -33.057794], [134.273884, -33.055338], [134.279565, -33.053327], [134.280009, -33.051323], [134.281739, -33.050437], [134.276277, -33.0495], [134.273797, -33.046712], [134.274228, -33.044512], [134.272862, -33.044517], [134.271537, -33.042322], [134.272045, -33.040782], [134.274125, -33.039127], [134.278481, -33.037605], [134.278535, -33.036229], [134.274735, -33.034033], [134.272846, -33.033882], [134.270592, -33.035628], [134.267369, -33.036306], [134.265329, -33.035377], [134.264013, -33.032125], [134.268108, -33.028031], [134.270253, -33.027148], [134.273024, -33.027189], [134.273222, -33.025671], [134.275541, -33.024783], [134.280655, -33.024854], [134.284078, -33.028506], [134.28523, -33.032663], [134.28501, -33.035472], [134.281292, -33.037383], [134.281484, -33.03942], [134.283334, -33.039943], [134.285923, -33.038337], [134.288237, -33.03812], [134.293337, -33.039983], [134.295914, -33.042346], [134.296651, -33.044978], [134.299682, -33.049216], [134.300046, -33.052021], [134.299097, -33.053849], [134.297785, -33.054839], [134.293479, -33.055793], [134.291431, -33.057635], [134.289983, -33.060373], [134.290041, -33.063768], [134.292959, -33.068144], [134.293928, -33.071477], [134.292566, -33.07592], [134.299177, -33.080114], [134.307047, -33.088982], [134.309721, -33.089918], [134.314778, -33.088962], [134.321747, -33.089406], [134.324366, -33.090625], [134.327576, -33.094232], [134.331487, -33.096075], [134.333523, -33.098535], [134.336367, -33.103374], [134.339653, -33.112641], [134.342145, -33.113678], [134.342883, -33.115858], [134.346611, -33.118463], [134.347558, -33.12049], [134.351686, -33.123167], [134.358474, -33.125341], [134.360072, -33.129208], [134.362427, -33.149519], [134.366872, -33.161069], [134.367225, -33.165939], [134.368619, -33.17006], [134.368049, -33.1711], [134.368885, -33.175899], [134.385493, -33.172993], [134.38855, -33.177345], [134.388858, -33.17477], [134.391774, -33.173527], [134.389865, -33.169306], [134.391888, -33.166091], [134.39433, -33.164798], [134.395185, -33.163356], [134.401043, -33.160362], [134.406815, -33.159539], [134.40942, -33.157381], [134.41108, -33.152832], [134.413831, -33.151205], [134.415463, -33.148863], [134.419549, -33.147534], [134.426964, -33.147628], [134.434361, -33.145385], [134.447557, -33.146913], [134.449579, -33.144776], [134.450885, -33.144657], [134.452732, -33.146081], [134.460362, -33.148149], [134.467049, -33.151316], [134.468947, -33.154215], [134.471771, -33.155227], [134.478912, -33.152888], [134.481511, -33.154352], [134.488101, -33.155205], [134.491039, -33.15706], [134.495732, -33.157283], [134.496744, -33.15986], [134.500326, -33.159202], [134.503439, -33.161098], [134.506204, -33.161407], [134.507779, -33.163038], [134.509721, -33.163652], [134.509745, -33.16504], [134.511814, -33.165655], [134.512249, -33.167199], [134.514082, -33.167791], [134.514529, -33.170307], [134.518219, -33.170714], [134.519674, -33.172334], [134.522304, -33.172631], [134.526167, -33.175575], [134.528973, -33.174633], [134.530344, -33.175077], [134.530919, -33.176542], [134.534251, -33.177637], [134.534446, -33.180925], [134.536312, -33.179707], [134.537535, -33.180324], [134.536992, -33.181746], [134.541536, -33.180841], [134.54479, -33.183957], [134.545239, -33.18568], [134.543882, -33.186814], [134.546743, -33.187233], [134.547666, -33.18987], [134.550191, -33.188814], [134.551621, -33.189091], [134.551716, -33.1909], [134.553171, -33.190608], [134.555581, -33.192349], [134.560827, -33.192525], [134.562285, -33.19437], [134.563814, -33.194371], [134.56539, -33.192567], [134.566887, -33.192843], [134.568264, -33.191785], [134.57349, -33.192009], [134.577042, -33.195386], [134.58118, -33.196348], [134.582583, -33.199514], [134.584559, -33.200929], [134.586797, -33.201146], [134.588383, -33.204192], [134.59097, -33.205013], [134.59317, -33.203511], [134.594409, -33.204233], [134.59576, -33.203417], [134.596427, -33.206697], [134.599191, -33.206879], [134.596443, -33.209969], [134.597221, -33.209921], [134.597106, -33.21107], [134.600022, -33.211789], [134.599667, -33.21316], [134.601255, -33.213908], [134.603314, -33.213876], [134.603247, -33.215213], [134.604871, -33.215574], [134.605506, -33.217466], [134.608976, -33.217629], [134.609059, -33.220629], [134.611145, -33.220514], [134.611875, -33.22143], [134.61092, -33.222483], [134.612907, -33.222386], [134.613897, -33.224628], [134.618429, -33.227419], [134.617366, -33.228473], [134.617588, -33.229747], [134.621389, -33.231391], [134.620998, -33.232363], [134.621626, -33.233122], [134.623297, -33.233031], [134.625043, -33.235822], [134.626215, -33.236404], [134.627059, -33.238533], [134.628952, -33.23979], [134.62968, -33.241829], [134.628996, -33.243309], [134.6304, -33.243597], [134.630838, -33.245163], [134.632257, -33.244239], [134.633167, -33.24132], [134.634849, -33.23953], [134.633799, -33.236553], [134.634683, -33.235966], [134.635001, -33.233945], [134.636568, -33.234565], [134.638167, -33.232326], [134.640354, -33.232221], [134.641417, -33.229149], [134.642389, -33.228852], [134.640458, -33.22649], [134.642472, -33.224337], [134.646779, -33.222851], [134.652224, -33.223117], [134.657325, -33.224648], [134.658465, -33.225585], [134.657771, -33.226389], [134.660118, -33.22709], [134.66109, -33.225598], [134.663022, -33.224675], [134.663776, -33.223077], [134.66358, -33.22112], [134.662158, -33.219135], [134.653195, -33.219391], [134.651902, -33.218707], [134.654007, -33.218112], [134.652969, -33.217417], [134.649926, -33.217931], [134.641905, -33.221431], [134.63553, -33.218793], [134.634389, -33.216373], [134.633275, -33.216421], [134.631218, -33.213751], [134.631604, -33.210235], [134.630042, -33.208966], [134.628901, -33.206421], [134.627508, -33.205845], [134.626202, -33.201173], [134.623305, -33.198861], [134.623148, -33.197901], [134.62563, -33.195614], [134.628382, -33.194849], [134.63576, -33.198848], [134.642706, -33.196368], [134.644509, -33.194984], [134.647444, -33.19539], [134.647233, -33.19481], [134.643459, -33.194171], [134.641037, -33.190513], [134.640753, -33.182719], [134.637115, -33.180951], [134.636227, -33.181744], [134.636605, -33.184675], [134.635362, -33.187884], [134.634131, -33.18924], [134.630359, -33.190938], [134.628196, -33.192649], [134.628121, -33.193597], [134.62554, -33.195113], [134.623843, -33.195361], [134.620959, -33.194211], [134.617966, -33.191481], [134.613473, -33.189094], [134.612469, -33.189526], [134.609146, -33.195731], [134.606564, -33.197393], [134.598184, -33.196556], [134.587788, -33.192397], [134.576362, -33.189315], [134.573743, -33.185635], [134.574732, -33.182111], [134.569672, -33.178609], [134.563606, -33.170352], [134.55973, -33.16656], [134.558334, -33.163405], [134.558351, -33.161347], [134.563206, -33.158228], [134.568135, -33.156859], [134.578484, -33.151832], [134.586352, -33.143885], [134.588166, -33.140573], [134.595151, -33.13879], [134.600402, -33.140735], [134.607178, -33.146824], [134.617825, -33.154062], [134.632898, -33.161473], [134.632418, -33.162198], [134.634538, -33.16202], [134.63505, -33.161178], [134.637213, -33.162027], [134.644705, -33.162026], [134.64794, -33.162768], [134.65792, -33.160563], [134.666654, -33.161002], [134.670785, -33.163016], [134.676161, -33.16719], [134.681738, -33.169107], [134.684782, -33.171249], [134.693366, -33.170931], [134.696419, -33.172385], [134.699668, -33.17272], [134.702148, -33.17467], [134.70902, -33.182712], [134.71001, -33.185568], [134.70907, -33.187388], [134.710839, -33.187109], [134.713482, -33.19143], [134.715669, -33.191612], [134.717401, -33.195677], [134.717775, -33.197762], [134.715474, -33.200818], [134.71863, -33.203448], [134.718293, -33.207371], [134.714873, -33.207781], [134.710842, -33.212265], [134.709636, -33.214788], [134.714099, -33.212889], [134.716764, -33.212911], [134.718282, -33.214106], [134.717148, -33.215386], [134.717728, -33.217886], [134.71662, -33.218795], [134.71395, -33.219038], [134.716342, -33.219298], [134.720306, -33.218], [134.722438, -33.218774], [134.722841, -33.224102], [134.719788, -33.227242], [134.719097, -33.229984], [134.717176, -33.231105], [134.711617, -33.2309], [134.708922, -33.233074], [134.71009, -33.230505], [134.707673, -33.229433], [134.7092, -33.228687], [134.710725, -33.22899], [134.711474, -33.228497], [134.711261, -33.227607], [134.700244, -33.224926], [134.699885, -33.223219], [134.700848, -33.224765], [134.702127, -33.224381], [134.6985, -33.221831], [134.697193, -33.224206], [134.691346, -33.229487], [134.680851, -33.230981], [134.67639, -33.233187], [134.674882, -33.232806], [134.67342, -33.230826], [134.66911, -33.231707], [134.660666, -33.230133], [134.659527, -33.230725], [134.660028, -33.231468], [134.658294, -33.233584], [134.659848, -33.232845], [134.660586, -33.233862], [134.664107, -33.233312], [134.664255, -33.234591], [134.665389, -33.234424], [134.667427, -33.236447], [134.669605, -33.237092], [134.669941, -33.238342], [134.671128, -33.238225], [134.674526, -33.240704], [134.675614, -33.24317], [134.678225, -33.244118], [134.680072, -33.245374], [134.680245, -33.246382], [134.683079, -33.247674], [134.683946, -33.24977], [134.688007, -33.250199], [134.69365, -33.257729], [134.693811, -33.259468], [134.694923, -33.260439], [134.694881, -33.262333], [134.696622, -33.26348], [134.707864, -33.264967], [134.709198, -33.263807], [134.710138, -33.264162], [134.712311, -33.263102], [134.719308, -33.263939], [134.719589, -33.264845], [134.724329, -33.266926], [134.727365, -33.270027], [134.730084, -33.270507], [134.736774, -33.273849], [134.739446, -33.275951], [134.739882, -33.277932], [134.747543, -33.285626], [134.750039, -33.290289], [134.752011, -33.291382], [134.753414, -33.2946], [134.755006, -33.295959], [134.754874, -33.299442], [134.757455, -33.30106], [134.755152, -33.302852], [134.755268, -33.303632], [134.757496, -33.304236], [134.760644, -33.30802], [134.760683, -33.309046], [134.761356, -33.309031], [134.761996, -33.307431], [134.765072, -33.307479], [134.765619, -33.3114], [134.768341, -33.313491], [134.775732, -33.315304], [134.776865, -33.314165], [134.780764, -33.314906], [134.780958, -33.316294], [134.783792, -33.316797], [134.78425, -33.317809], [134.783076, -33.318181], [134.78314, -33.319589], [134.790497, -33.325163], [134.795021, -33.327707], [134.802047, -33.328782], [134.813614, -33.352765], [134.817156, -33.362762], [134.826569, -33.381793], [134.833413, -33.400032], [134.835735, -33.409079], [134.840799, -33.423498], [134.841422, -33.427623], [134.843276, -33.430719], [134.845066, -33.43649], [134.845396, -33.439979], [134.84663, -33.442202], [134.846559, -33.445337], [134.855576, -33.480638], [134.858741, -33.498936], [134.860613, -33.505368], [134.862224, -33.517429], [134.861434, -33.518794], [134.862086, -33.519415], [134.86331, -33.53449], [134.863402, -33.546591], [134.86245, -33.55046], [134.858264, -33.554593], [134.857077, -33.558459], [134.854236, -33.55853], [134.854084, -33.561904], [134.851092, -33.567673], [134.850672, -33.573439], [134.846692, -33.58396], [134.844521, -33.586062], [134.840484, -33.5929], [134.84096, -33.598311], [134.84383, -33.609958], [134.842694, -33.621398], [134.840377, -33.62374], [134.837739, -33.622122], [134.835431, -33.623094], [134.83197, -33.621791], [134.83141, -33.622846], [134.829326, -33.623599], [134.830247, -33.626318], [134.831919, -33.62783], [134.836246, -33.626354], [134.836343, -33.628281], [134.837092, -33.629438], [134.838557, -33.6292], [134.838907, -33.630656], [134.842755, -33.629811], [134.842506, -33.631709], [134.845161, -33.63234], [134.850776, -33.6375], [134.852734, -33.637216], [134.854351, -33.639382], [134.859488, -33.642214], [134.85938, -33.64297], [134.860762, -33.643979], [134.862277, -33.642803], [134.866453, -33.641885], [134.865125, -33.641186], [134.865232, -33.639638], [134.867027, -33.637627], [134.869721, -33.636339], [134.869998, -33.635314], [134.879138, -33.636109], [134.884863, -33.640039], [134.886099, -33.643037], [134.885616, -33.645146], [134.884081, -33.645369], [134.883906, -33.64889], [134.882459, -33.652225], [134.880997, -33.653012], [134.878253, -33.652326], [134.878917, -33.653908], [134.881009, -33.654009], [134.881185, -33.655124], [134.882394, -33.655354], [134.884571, -33.654802], [134.885297, -33.655447], [134.885145, -33.657773], [134.886188, -33.657911], [134.886704, -33.659551], [134.890164, -33.661687], [134.895237, -33.662488], [134.896359, -33.664728], [134.898154, -33.665877], [134.898401, -33.667159], [134.902668, -33.667351], [134.905717, -33.670287], [134.90755, -33.67055], [134.907014, -33.673134], [134.909995, -33.673173], [134.910944, -33.674131], [134.914419, -33.673801], [134.914427, -33.676006], [134.918976, -33.676726], [134.919968, -33.679393], [134.924657, -33.681434], [134.925501, -33.683262], [134.93065, -33.684443], [134.932295, -33.686382], [134.931954, -33.687616], [134.933766, -33.689193], [134.9372, -33.691706], [134.939319, -33.691654], [134.939348, -33.692776], [134.941422, -33.692933], [134.94257, -33.694384], [134.945781, -33.69576], [134.946729, -33.697519], [134.949655, -33.697873], [134.949696, -33.698881], [134.951922, -33.700627], [134.957555, -33.701564], [134.958626, -33.703197], [134.962119, -33.705179], [134.966597, -33.706345], [134.968949, -33.708636], [134.972773, -33.708932], [134.973444, -33.710051], [134.975302, -33.710561], [134.97697, -33.712899], [134.981985, -33.714025], [134.981954, -33.715153], [134.984259, -33.716051], [134.984458, -33.717166], [134.986805, -33.717465], [134.987346, -33.718844], [134.992918, -33.722402], [134.994691, -33.722361], [134.995202, -33.723617], [135.000876, -33.726469], [135.002592, -33.728665], [135.006923, -33.730649], [135.010702, -33.734504], [135.016057, -33.737176], [135.017523, -33.737205], [135.017521, -33.738571], [135.021522, -33.740675], [135.02211, -33.741726], [135.023483, -33.741913], [135.026097, -33.743945], [135.026433, -33.745086], [135.034133, -33.750079], [135.038324, -33.754524], [135.040271, -33.755003], [135.049326, -33.76556], [135.055352, -33.76998], [135.056943, -33.771974], [135.056993, -33.77326], [135.059943, -33.775174], [135.064527, -33.780005], [135.071367, -33.789621], [135.073479, -33.79119], [135.074281, -33.793746], [135.076492, -33.795172], [135.078849, -33.79983], [135.08008, -33.800603], [135.08435, -33.800462], [135.082579, -33.802169], [135.082236, -33.804127], [135.084809, -33.804994], [135.087017, -33.807768], [135.094919, -33.809739], [135.097315, -33.815667], [135.101355, -33.815703], [135.101562, -33.817263], [135.103935, -33.81737], [135.104023, -33.818362], [135.108108, -33.820928], [135.108134, -33.822537], [135.110809, -33.822521], [135.11376, -33.824062], [135.114409, -33.826946], [135.116349, -33.827918], [135.117502, -33.830223], [135.120461, -33.830924], [135.122978, -33.833152], [135.12558, -33.833361], [135.128976, -33.83588], [135.132374, -33.840125], [135.131936, -33.842541], [135.133004, -33.84435], [135.134372, -33.84476], [135.13469, -33.847567], [135.142756, -33.849774], [135.145846, -33.852366], [135.151461, -33.858413], [135.154231, -33.864014], [135.15376, -33.865173], [135.154659, -33.865196], [135.155733, -33.868516], [135.156994, -33.869024], [135.156548, -33.869786], [135.157366, -33.869793], [135.160188, -33.873567], [135.159964, -33.875215], [135.160948, -33.875656], [135.161747, -33.877516], [135.162804, -33.877826], [135.164836, -33.876755], [135.166082, -33.875124], [135.170374, -33.872562], [135.17629, -33.873543], [135.182152, -33.877771], [135.187943, -33.886433], [135.18842, -33.889983], [135.192123, -33.897764], [135.190922, -33.902124], [135.189565, -33.903176], [135.188872, -33.906951], [135.191018, -33.90942], [135.192727, -33.909393], [135.191402, -33.911634], [135.193954, -33.912786], [135.193117, -33.916264], [135.194289, -33.917385], [135.194027, -33.919801], [135.195802, -33.920195], [135.203436, -33.926308], [135.203971, -33.927872], [135.208067, -33.931355], [135.210334, -33.934692], [135.213121, -33.93614], [135.213402, -33.937322], [135.218233, -33.940919], [135.218493, -33.942067], [135.222117, -33.945445], [135.223626, -33.945571], [135.226796, -33.950711], [135.228862, -33.951747], [135.22851, -33.953493], [135.230376, -33.95403], [135.233214, -33.958533], [135.237033, -33.961841], [135.250828, -33.980835], [135.252174, -33.981334], [135.253545, -33.983828], [135.253356, -33.987046], [135.255105, -33.988917], [135.255202, -33.99169], [135.257429, -33.992761], [135.256721, -33.994897], [135.258241, -33.995949], [135.257877, -33.997355], [135.258752, -33.999814], [135.262105, -34.002865], [135.261774, -34.003996], [135.262701, -34.004655], [135.262689, -34.006199], [135.264507, -34.006785], [135.264638, -34.008706], [135.266576, -34.009881], [135.267397, -34.011506], [135.266377, -34.013694], [135.269328, -34.014457], [135.271551, -34.019591], [135.269603, -34.023303], [135.271973, -34.024795], [135.269092, -34.026422], [135.268921, -34.028528], [135.266218, -34.029153], [135.266373, -34.030212], [135.264772, -34.032148], [135.267102, -34.034408], [135.268974, -34.034934], [135.270153, -34.038967], [135.272715, -34.042666], [135.273952, -34.046505], [135.27398, -34.050881], [135.275193, -34.052036], [135.274616, -34.054422], [135.275264, -34.056934], [135.279497, -34.06472], [135.281119, -34.070257], [135.281086, -34.072197], [135.277947, -34.076691], [135.278032, -34.079092], [135.27524, -34.082668], [135.275602, -34.083802], [135.273069, -34.086444], [135.273118, -34.087983], [135.274458, -34.089704], [135.272741, -34.094594], [135.274772, -34.098785], [135.27507, -34.11532], [135.278331, -34.116921], [135.279477, -34.119738], [135.277343, -34.123081], [135.274458, -34.123986], [135.27295, -34.125843], [135.270086, -34.126006], [135.267688, -34.127208], [135.266362, -34.126617], [135.262095, -34.128251], [135.260304, -34.131424], [135.258307, -34.131957], [135.252587, -34.137854], [135.251596, -34.14179], [135.250523, -34.141641], [135.250061, -34.140688], [135.247933, -34.141721], [135.244041, -34.140787], [135.243974, -34.142471], [135.24153, -34.143376], [135.243926, -34.143501], [135.241089, -34.147462], [135.243602, -34.148619], [135.241237, -34.150131], [135.244436, -34.151646], [135.244884, -34.15261], [135.246645, -34.152928], [135.248169, -34.15514], [135.249246, -34.154733], [135.250183, -34.152687], [135.253535, -34.153502], [135.254144, -34.154766], [135.255685, -34.155217], [135.255721, -34.158047], [135.257393, -34.158311], [135.257037, -34.159309], [135.257873, -34.159874], [135.259211, -34.159875], [135.259216, -34.161377], [135.260788, -34.163532], [135.264455, -34.164727], [135.266401, -34.167447], [135.265889, -34.173644], [135.267765, -34.173558], [135.266916, -34.175849], [135.267879, -34.177283], [135.26846, -34.174976], [135.269285, -34.174984], [135.26817, -34.173967], [135.270972, -34.170092], [135.274061, -34.169514], [135.28003, -34.170303], [135.287466, -34.172449], [135.292251, -34.175068], [135.303512, -34.184088], [135.312981, -34.198006], [135.319984, -34.21055], [135.328502, -34.228022], [135.328251, -34.229528], [135.331096, -34.233919], [135.332344, -34.238585], [135.334303, -34.241025], [135.34186, -34.256297], [135.346224, -34.267559], [135.346687, -34.271415], [135.349502, -34.277476], [135.349889, -34.283651], [135.351315, -34.284225], [135.350697, -34.285566], [135.351418, -34.286868], [135.35033, -34.287977], [135.351548, -34.288447], [135.349486, -34.290272], [135.349217, -34.291816], [135.350442, -34.293076], [135.349024, -34.293687], [135.350117, -34.294562], [135.348961, -34.296213], [135.351815, -34.299296], [135.351132, -34.299868], [135.351711, -34.304449], [135.351013, -34.304935], [135.352929, -34.305713], [135.352269, -34.306463], [135.353408, -34.307041], [135.353872, -34.309775], [135.352806, -34.310589], [135.3561, -34.31319], [135.35412, -34.315773], [135.3565, -34.317252], [135.355353, -34.319535], [135.35696, -34.320682], [135.357666, -34.323737], [135.359166, -34.336497], [135.358563, -34.338096], [135.359487, -34.341795], [135.358667, -34.343312], [135.35984, -34.344051], [135.357823, -34.345551], [135.355987, -34.349082], [135.357826, -34.350129], [135.358157, -34.35444], [135.357155, -34.354772], [135.357086, -34.355673], [135.358545, -34.358325], [135.357365, -34.366161], [135.354927, -34.368335], [135.352967, -34.366767], [135.349989, -34.367573], [135.349857, -34.368618], [135.355448, -34.373811], [135.356397, -34.378085], [135.357004, -34.378247], [135.357849, -34.376164], [135.361452, -34.377037], [135.364572, -34.380692], [135.365597, -34.384994], [135.364595, -34.387727], [135.364798, -34.39118], [135.363383, -34.391996], [135.364101, -34.40448], [135.362785, -34.405815], [135.363744, -34.411379], [135.362029, -34.417086], [135.360867, -34.418567], [135.358934, -34.418703], [135.361222, -34.423978], [135.361575, -34.423336], [135.36585, -34.423073], [135.369095, -34.430591], [135.371671, -34.430042], [135.37282, -34.43188], [135.374692, -34.430216], [135.378198, -34.430822], [135.380131, -34.432349], [135.380958, -34.434169], [135.381175, -34.436116], [135.380034, -34.437451], [135.385555, -34.438001], [135.388359, -34.441275], [135.388462, -34.445755], [135.386907, -34.453272], [135.387895, -34.454594], [135.387939, -34.457104], [135.390496, -34.458917], [135.390335, -34.46289], [135.391331, -34.464451], [135.389018, -34.467697], [135.38842, -34.470716], [135.392236, -34.475079], [135.39302, -34.479535], [135.391065, -34.488117], [135.394869, -34.491683], [135.395769, -34.496803], [135.394707, -34.499641], [135.390182, -34.505137], [135.38502, -34.508277], [135.379026, -34.510362], [135.376918, -34.515206], [135.377574, -34.524828], [135.381899, -34.529033], [135.384879, -34.52868], [135.386678, -34.530167], [135.390323, -34.541813], [135.395273, -34.546682], [135.396009, -34.54932], [135.395707, -34.552436], [135.398323, -34.55567], [135.396958, -34.559741], [135.3989, -34.563592], [135.399204, -34.567085], [135.397259, -34.572887], [135.395727, -34.573531], [135.395012, -34.57639], [135.393972, -34.577109], [135.394674, -34.578704], [135.390761, -34.58743], [135.388822, -34.593761], [135.389235, -34.595065], [135.393204, -34.599497], [135.396127, -34.597712], [135.398293, -34.599222], [135.406376, -34.599484], [135.40774, -34.600256], [135.421162, -34.602071], [135.422243, -34.601453], [135.416345, -34.598631], [135.403417, -34.595169], [135.40206, -34.593389], [135.40265, -34.591714], [135.404406, -34.59153], [135.40361, -34.59103], [135.400618, -34.592312], [135.40024, -34.593144], [135.398696, -34.592317], [135.396341, -34.593077], [135.396822, -34.592509], [135.399118, -34.591711], [135.39869, -34.590125], [135.400238, -34.588697], [135.402061, -34.589389], [135.402301, -34.588392], [135.403697, -34.588266], [135.404865, -34.58908], [135.405328, -34.590637], [135.406969, -34.588795], [135.409483, -34.590458], [135.413637, -34.587853], [135.408607, -34.582493], [135.409881, -34.582542], [135.40972, -34.581171], [135.411338, -34.581309], [135.410295, -34.577553], [135.410572, -34.575814], [135.409652, -34.574154], [135.410144, -34.56947], [135.409474, -34.568776], [135.41048, -34.568047], [135.409255, -34.567348], [135.411393, -34.564762], [135.411764, -34.562274], [135.407457, -34.559666], [135.406384, -34.555048], [135.408746, -34.551701], [135.412748, -34.549649], [135.418131, -34.548665], [135.42219, -34.548857], [135.421793, -34.547279], [135.417947, -34.543874], [135.415318, -34.542838], [135.413165, -34.544999], [135.404236, -34.544784], [135.402215, -34.543369], [135.403205, -34.542425], [135.402176, -34.540833], [135.399255, -34.53982], [135.398272, -34.537563], [135.396638, -34.537542], [135.396565, -34.538253], [135.394598, -34.536697], [135.396438, -34.536834], [135.391444, -34.534024], [135.392646, -34.531028], [135.394138, -34.530558], [135.396142, -34.530568], [135.398399, -34.53242], [135.401244, -34.533371], [135.397344, -34.530344], [135.39723, -34.529385], [135.397974, -34.528997], [135.395231, -34.524262], [135.399523, -34.518879], [135.399818, -34.515241], [135.399635, -34.51809], [135.400693, -34.517697], [135.401089, -34.518766], [135.400118, -34.521751], [135.401412, -34.521694], [135.402231, -34.517605], [135.401383, -34.50972], [135.402291, -34.507121], [135.405086, -34.507235], [135.412276, -34.51365], [135.414586, -34.520801], [135.413526, -34.524126], [135.413743, -34.526187], [135.410122, -34.527651], [135.409351, -34.52901], [135.410851, -34.531297], [135.409302, -34.537039], [135.410348, -34.538834], [135.415361, -34.53888], [135.417584, -34.539909], [135.42034, -34.539237], [135.421217, -34.537465], [135.420233, -34.535127], [135.422838, -34.532664], [135.422553, -34.531228], [135.42394, -34.529357], [135.426205, -34.529128], [135.426403, -34.528229], [135.428658, -34.527388], [135.432016, -34.528699], [135.431074, -34.531137], [135.43155, -34.531667], [135.433557, -34.532479], [135.436355, -34.532335], [135.440619, -34.535408], [135.445784, -34.537188], [135.444436, -34.541198], [135.441247, -34.540668], [135.439306, -34.541272], [135.437446, -34.540362], [135.435742, -34.541643], [135.436155, -34.544131], [135.441057, -34.545867], [135.442536, -34.547502], [135.443103, -34.551917], [135.441746, -34.55486], [135.443357, -34.558935], [135.443072, -34.563474], [135.444031, -34.570027], [135.442452, -34.576657], [135.438878, -34.581713], [135.437476, -34.585815], [135.437481, -34.58931], [135.433808, -34.596198], [135.431694, -34.603432], [135.434869, -34.605332], [135.445852, -34.608954], [135.453017, -34.609707], [135.45532, -34.610769], [135.458419, -34.610416], [135.462113, -34.612381], [135.467459, -34.613459], [135.467872, -34.614804], [135.471398, -34.616811], [135.472966, -34.61665], [135.473552, -34.614711], [135.466962, -34.611976], [135.463608, -34.608531], [135.452406, -34.605412], [135.444684, -34.602122], [135.443137, -34.600557], [135.44388, -34.596942], [135.445331, -34.594713], [135.452632, -34.591598], [135.454534, -34.590058], [135.455766, -34.586913], [135.45807, -34.58644], [135.46078, -34.587114], [135.46725, -34.591778], [135.475701, -34.594436], [135.478234, -34.59736], [135.483807, -34.596276], [135.488059, -34.598002], [135.49147, -34.59766], [135.496148, -34.59969], [135.501883, -34.598779], [135.506881, -34.599301], [135.506322, -34.598254], [135.504311, -34.598654], [135.502579, -34.59768], [135.501398, -34.598557], [135.498209, -34.598323], [135.500958, -34.596906], [135.502539, -34.597014], [135.502678, -34.59635], [135.500943, -34.595638], [135.500505, -34.594316], [135.50804, -34.594986], [135.508714, -34.596706], [135.511388, -34.598681], [135.512054, -34.601077], [135.512964, -34.601316], [135.514414, -34.604197], [135.513946, -34.606708], [135.510674, -34.606697], [135.510576, -34.607413], [135.511065, -34.608121], [135.512784, -34.607599], [135.513534, -34.608673], [135.515187, -34.608996], [135.51686, -34.611504], [135.51676, -34.612968], [135.514607, -34.615448], [135.513552, -34.618624], [135.510428, -34.620955], [135.501332, -34.620212], [135.499132, -34.618836], [135.498875, -34.616064], [135.494016, -34.613292], [135.478671, -34.616585], [135.477564, -34.617419], [135.477948, -34.618554], [135.476895, -34.621451], [135.474023, -34.622819], [135.465204, -34.620216], [135.464388, -34.618353], [135.464806, -34.615965], [135.462665, -34.614963], [135.459432, -34.614925], [135.45492, -34.616116], [135.451529, -34.614405], [135.450837, -34.616706], [135.451453, -34.621952], [135.45237, -34.622267], [135.451066, -34.626783], [135.446209, -34.630909], [135.438272, -34.633633], [135.431543, -34.634893], [135.427441, -34.632915], [135.422102, -34.635855], [135.412028, -34.638063], [135.410053, -34.637664], [135.407848, -34.635923], [135.405558, -34.636135], [135.404928, -34.637499], [135.402797, -34.637884], [135.398972, -34.636925], [135.394555, -34.639218], [135.393791, -34.64086], [135.389513, -34.641951], [135.389137, -34.643004], [135.385699, -34.644052], [135.38152, -34.64375], [135.377757, -34.644881], [135.372987, -34.643856], [135.371909, -34.641971], [135.370525, -34.642602], [135.365757, -34.642091], [135.362632, -34.639692], [135.363762, -34.637309], [135.365588, -34.637097], [135.367202, -34.638471], [135.371376, -34.638502], [135.373561, -34.640424], [135.372739, -34.641281], [135.373956, -34.641701], [135.375781, -34.641848], [135.376859, -34.640746], [135.375165, -34.637152], [135.372475, -34.635889], [135.372754, -34.629798], [135.374297, -34.628815], [135.379388, -34.628986], [135.379513, -34.630305], [135.384776, -34.631196], [135.390367, -34.630065], [135.390802, -34.630941], [135.38997, -34.633169], [135.387787, -34.633669], [135.392483, -34.636563], [135.392045, -34.637662], [135.396514, -34.634026], [135.397072, -34.631643], [135.398944, -34.632488], [135.399639, -34.634078], [135.402196, -34.633402], [135.398263, -34.630286], [135.398693, -34.627237], [135.394225, -34.626537], [135.391996, -34.624921], [135.391139, -34.623034], [135.385055, -34.62295], [135.381645, -34.621876], [135.370582, -34.622838], [135.364325, -34.621926], [135.361623, -34.620736], [135.360227, -34.619181], [135.360975, -34.617911], [135.358846, -34.61325], [135.352254, -34.608299], [135.350464, -34.60351], [135.350538, -34.600487], [135.351856, -34.596926], [135.355701, -34.591011], [135.358063, -34.589184], [135.356125, -34.587069], [135.355963, -34.582436], [135.354688, -34.580068], [135.352568, -34.57897], [135.349744, -34.575429], [135.344354, -34.576138], [135.342141, -34.575103], [135.340774, -34.573], [135.335678, -34.57321], [135.330582, -34.572305], [135.327, -34.57018], [135.327553, -34.568016], [135.325761, -34.566763], [135.316471, -34.566181], [135.309491, -34.56369], [135.304448, -34.559996], [135.303835, -34.55778], [135.301171, -34.555975], [135.301236, -34.553911], [135.297586, -34.552295], [135.298999, -34.547153], [135.306065, -34.536561], [135.303745, -34.539144], [135.304124, -34.536536], [135.305699, -34.535093], [135.306081, -34.536211], [135.306213, -34.534558], [135.308401, -34.531688], [135.314137, -34.526998], [135.315039, -34.525563], [135.313298, -34.526362], [135.312279, -34.524716], [135.316249, -34.520659], [135.319027, -34.519443], [135.324729, -34.519415], [135.344318, -34.522885], [135.350224, -34.522319], [135.353806, -34.522819], [135.3539, -34.522063], [135.352113, -34.52068], [135.346173, -34.519702], [135.313353, -34.518129], [135.304084, -34.516456], [135.300916, -34.514563], [135.298912, -34.510193], [135.295226, -34.508902], [135.285139, -34.508214], [135.275362, -34.509687], [135.261322, -34.510119], [135.252966, -34.507426], [135.24926, -34.507487], [135.246312, -34.50573], [135.23897, -34.504967], [135.221384, -34.49863], [135.215398, -34.493916], [135.21442, -34.488909], [135.215332, -34.484723], [135.212554, -34.481453], [135.21401, -34.47732], [135.214183, -34.472754], [135.212491, -34.469003], [135.21164, -34.462453], [135.21329, -34.460967], [135.213642, -34.459033], [135.215676, -34.45774], [135.216472, -34.455585], [135.21497, -34.453397], [135.215332, -34.450051], [135.212288, -34.444516], [135.211506, -34.440781], [135.212992, -34.438533], [135.215846, -34.436742], [135.217378, -34.433353], [135.209592, -34.434004], [135.207642, -34.4318], [135.208296, -34.429756], [135.206319, -34.429307], [135.198882, -34.43163], [135.194978, -34.43406], [135.194477, -34.437944], [135.190909, -34.44064], [135.191223, -34.447174], [135.190325, -34.453059], [135.18658, -34.459933], [135.183687, -34.461808], [135.181528, -34.460702], [135.180569, -34.46149], [135.180381, -34.463226], [135.178921, -34.464255], [135.175495, -34.463963], [135.173227, -34.464768], [135.17296, -34.466781], [135.169012, -34.468805], [135.170425, -34.470857], [135.168838, -34.474437], [135.165118, -34.481191], [135.162302, -34.482849], [135.159564, -34.488896], [135.153189, -34.494133], [135.14631, -34.50171], [135.144397, -34.502358], [135.140732, -34.501861], [135.138982, -34.503296], [135.138882, -34.505911], [135.14194, -34.507361], [135.143659, -34.509299], [135.14322, -34.516678], [135.141723, -34.518345], [135.143601, -34.519773], [135.141462, -34.522764], [135.13601, -34.522946], [135.134834, -34.524365], [135.13366, -34.524444], [135.131641, -34.527469], [135.129869, -34.527798], [135.132611, -34.531959], [135.134241, -34.544351], [135.13268, -34.550117], [135.130727, -34.553777], [135.126721, -34.556429], [135.12544, -34.555776], [135.124939, -34.556897], [135.12329, -34.557401], [135.124506, -34.557513], [135.124297, -34.558163], [135.126444, -34.5594], [135.126047, -34.560744], [135.125109, -34.560867], [135.126657, -34.56368], [135.125914, -34.565914], [135.126376, -34.567386], [135.12533, -34.568536], [135.125827, -34.570297], [135.124382, -34.571532], [135.125563, -34.571982], [135.12474, -34.573762], [135.125345, -34.576533], [135.122152, -34.576947], [135.121591, -34.577516], [135.122065, -34.577945], [135.117394, -34.581265], [135.111941, -34.58155], [135.110572, -34.583202], [135.109197, -34.588234], [135.113806, -34.590096], [135.11546, -34.588245], [135.116179, -34.589164], [135.117112, -34.588314], [135.118259, -34.588662], [135.118007, -34.586991], [135.119002, -34.586808], [135.119627, -34.58768], [135.120155, -34.585705], [135.121424, -34.585197], [135.124366, -34.587256], [135.126511, -34.586694], [135.128601, -34.587583], [135.128876, -34.590189], [135.133453, -34.587508], [135.135742, -34.589558], [135.135778, -34.590459], [135.138519, -34.589417], [135.139897, -34.591212], [135.143498, -34.591838], [135.145911, -34.588868], [135.145629, -34.586977], [135.147643, -34.585997], [135.145443, -34.581613], [135.147809, -34.576496], [135.146638, -34.572924], [135.150053, -34.570032], [135.149892, -34.568884], [135.154954, -34.567648], [135.153967, -34.566043], [135.15614, -34.564752], [135.156899, -34.562872], [135.158611, -34.561757], [135.166013, -34.561008], [135.168222, -34.557949], [135.173727, -34.555002], [135.178894, -34.554953], [135.181132, -34.557046], [135.183159, -34.556037], [135.190491, -34.556075], [135.192304, -34.557652], [135.194335, -34.55724], [135.196271, -34.555148], [135.202692, -34.555321], [135.207335, -34.556817], [135.208808, -34.558634], [135.210273, -34.557425], [135.20647, -34.552481], [135.206611, -34.549956], [135.210211, -34.547016], [135.213633, -34.545468], [135.225242, -34.543618], [135.230559, -34.543862], [135.238728, -34.545973], [135.25243, -34.55187], [135.256862, -34.55442], [135.258551, -34.556923], [135.261495, -34.558084], [135.265127, -34.561247], [135.268303, -34.562543], [135.275219, -34.567233], [135.279001, -34.570873], [135.279091, -34.57289], [135.280369, -34.574943], [135.282168, -34.576182], [135.283699, -34.576035], [135.283509, -34.577186], [135.284543, -34.577686], [135.284798, -34.579735], [135.287959, -34.581977], [135.287393, -34.58373], [135.285449, -34.584342], [135.285604, -34.584849], [135.288032, -34.585552], [135.288442, -34.587408], [135.290576, -34.58746], [135.292531, -34.589734], [135.292672, -34.591232], [135.294467, -34.592097], [135.294651, -34.593285], [135.29683, -34.593624], [135.296138, -34.594536], [135.299015, -34.599999], [135.298836, -34.601501], [135.296998, -34.602405], [135.297102, -34.603172], [135.300973, -34.60304], [135.303219, -34.601398], [135.308504, -34.602089], [135.314377, -34.604162], [135.321377, -34.607997], [135.334015, -34.618087], [135.338385, -34.623216], [135.341687, -34.629108], [135.342865, -34.633992], [135.342288, -34.634877], [135.343761, -34.635845], [135.345455, -34.639631], [135.349558, -34.652926], [135.349562, -34.657706], [135.348153, -34.66093], [135.347275, -34.666046], [135.34369, -34.66992], [135.340588, -34.67128], [135.338494, -34.671292], [135.337374, -34.670151], [135.332256, -34.671219], [135.330213, -34.669256], [135.329374, -34.669383], [135.327587, -34.671127], [135.32795, -34.673017], [135.326706, -34.673417], [135.32723, -34.674377], [135.325807, -34.674766], [135.326436, -34.677748], [135.325466, -34.679921], [135.323671, -34.680612], [135.320817, -34.680297], [135.325022, -34.686375], [135.326939, -34.686752], [135.327142, -34.687812], [135.32941, -34.689214], [135.341678, -34.681982], [135.345294, -34.68082], [135.350491, -34.680472], [135.367184, -34.683177], [135.379698, -34.687117], [135.397472, -34.694779], [135.407518, -34.700082], [135.408867, -34.699923], [135.41378, -34.70279], [135.423975, -34.709994], [135.440025, -34.718707], [135.455182, -34.728989], [135.47434, -34.744108], [135.478777, -34.748595], [135.479132, -34.75284], [135.481718, -34.753793], [135.486884, -34.758553], [135.492762, -34.766003], [135.494109, -34.765676], [135.494402, -34.769246], [135.491973, -34.771381], [135.491543, -34.772723], [135.493137, -34.775995], [135.494148, -34.776483], [135.493874, -34.777394], [135.495548, -34.777734], [135.496342, -34.779037], [135.49522, -34.78059], [135.495637, -34.781008], [135.494791, -34.781047], [135.496299, -34.782089], [135.495893, -34.782583], [135.503079, -34.785148], [135.511159, -34.792211], [135.529277, -34.805137], [135.532938, -34.809], [135.532962, -34.811138], [135.54065, -34.814131], [135.541981, -34.817862], [135.545026, -34.820471], [135.547369, -34.821403], [135.54788, -34.823083], [135.553746, -34.826657], [135.553496, -34.828403], [135.552374, -34.8291], [135.552401, -34.830718], [135.55666, -34.831982], [135.555616, -34.832598], [135.555918, -34.833738], [135.557062, -34.83313], [135.558568, -34.833853], [135.557845, -34.83604], [135.561899, -34.839407], [135.564633, -34.840392], [135.564669, -34.841529], [135.568867, -34.843852], [135.569109, -34.845049], [135.569841, -34.844757], [135.570714, -34.846995], [135.572233, -34.847431], [135.572301, -34.849427], [135.573481, -34.849201], [135.574498, -34.851189], [135.575898, -34.851785], [135.576103, -34.853766], [135.578279, -34.853804], [135.580626, -34.855609], [135.578947, -34.857133], [135.582788, -34.858309], [135.58171, -34.860833], [135.583446, -34.860409], [135.584196, -34.862073], [135.586056, -34.862031], [135.585285, -34.863811], [135.586095, -34.864262], [135.587215, -34.863209], [135.588292, -34.863725], [135.587807, -34.865784], [135.589245, -34.865144], [135.590794, -34.865551], [135.591096, -34.867097], [135.593364, -34.869248], [135.593562, -34.870858], [135.592266, -34.871722], [135.596975, -34.871939], [135.597202, -34.87295], [135.599099, -34.874091], [135.600016, -34.876836], [135.604502, -34.878667], [135.603923, -34.881873], [135.60282, -34.88345], [135.604376, -34.884634], [135.604931, -34.891673], [135.606158, -34.892378], [135.606905, -34.891573], [135.610977, -34.891522], [135.614456, -34.892725], [135.614263, -34.895648], [135.615342, -34.895676], [135.61602, -34.897891], [135.618571, -34.898802], [135.618117, -34.904638], [135.620883, -34.904756], [135.622241, -34.906234], [135.624044, -34.906359], [135.623485, -34.909096], [135.624083, -34.909899], [135.622879, -34.911224], [135.623077, -34.913543], [135.624348, -34.915741], [135.622271, -34.916267], [135.62272, -34.916785], [135.621607, -34.91928], [135.617624, -34.918282], [135.616518, -34.918778], [135.616062, -34.920881], [135.617001, -34.921319], [135.61605, -34.923615], [135.61472, -34.924474], [135.615899, -34.925281], [135.618006, -34.921226], [135.618917, -34.921529], [135.61947, -34.923112], [135.621542, -34.922045], [135.622174, -34.924155], [135.621069, -34.924938], [135.619981, -34.927671], [135.621083, -34.928985], [135.62115, -34.931025], [135.61834, -34.93278], [135.618418, -34.934842], [135.619318, -34.934716], [135.61974, -34.936887], [135.61921, -34.939083], [135.619855, -34.942478], [135.618632, -34.94279], [135.618827, -34.944466], [135.620505, -34.944387], [135.620739, -34.943176], [135.622462, -34.942069], [135.624021, -34.945949], [135.626317, -34.946452], [135.628158, -34.944087], [135.628303, -34.942461], [135.629875, -34.941717], [135.63461, -34.941216], [135.635828, -34.942861], [135.639518, -34.942803], [135.640315, -34.93999], [135.639283, -34.937796], [135.639995, -34.937125], [135.644894, -34.936632], [135.651332, -34.937714], [135.653561, -34.936363], [135.655035, -34.936714], [135.656168, -34.938457], [135.658059, -34.938198], [135.660765, -34.93962], [135.662524, -34.939313], [135.662966, -34.940073], [135.664723, -34.94033], [135.665512, -34.942056], [135.667962, -34.942555], [135.667825, -34.946195], [135.668666, -34.946723], [135.66986, -34.946187], [135.670556, -34.946729], [135.670993, -34.943432], [135.673441, -34.942649], [135.675456, -34.943355], [135.677097, -34.94526], [135.680074, -34.945138], [135.681021, -34.944267], [135.684594, -34.945861], [135.685876, -34.944856], [135.688722, -34.941966], [135.689893, -34.940067], [135.6893, -34.939257], [135.690343, -34.93869], [135.689722, -34.937149], [135.686907, -34.936021], [135.688664, -34.932902], [135.686488, -34.929719], [135.687249, -34.928221], [135.686782, -34.92657], [135.688295, -34.925894], [135.687787, -34.924181], [135.688404, -34.92331], [135.686783, -34.921095], [135.685316, -34.920412], [135.684958, -34.918737], [135.680892, -34.916472], [135.679212, -34.913706], [135.681999, -34.910312], [135.686643, -34.908599], [135.688773, -34.910224], [135.688716, -34.911736], [135.691953, -34.913922], [135.692766, -34.913228], [135.692478, -34.910295], [135.694968, -34.908319], [135.695768, -34.90608], [135.696692, -34.90676], [135.698688, -34.905062], [135.701045, -34.905184], [135.701953, -34.907291], [135.703756, -34.907705], [135.705738, -34.905736], [135.704445, -34.90452], [135.704766, -34.903778], [135.703653, -34.901701], [135.704771, -34.899617], [135.704885, -34.896639], [135.707748, -34.895219], [135.706787, -34.892279], [135.708602, -34.886976], [135.707574, -34.879628], [135.707776, -34.874376], [135.710671, -34.870663], [135.712711, -34.865101], [135.716351, -34.865075], [135.716568, -34.864058], [135.717939, -34.863581], [135.718661, -34.864399], [135.721867, -34.861498], [135.723048, -34.86165], [135.726848, -34.859687], [135.733704, -34.858802], [135.735742, -34.857875], [135.751833, -34.85615], [135.763367, -34.856706], [135.79209, -34.860956], [135.795106, -34.862408], [135.80216, -34.863074], [135.822865, -34.87033], [135.846229, -34.880453], [135.849057, -34.882774], [135.850719, -34.88668], [135.853755, -34.886649], [135.855086, -34.889476], [135.852246, -34.891532], [135.854278, -34.8947], [135.857399, -34.895953], [135.857471, -34.8971], [135.859329, -34.899352], [135.857404, -34.901783], [135.855674, -34.906616], [135.855831, -34.914947], [135.852553, -34.920217], [135.85317, -34.923147], [135.856062, -34.927288], [135.858016, -34.926735], [135.859744, -34.922354], [135.861651, -34.921379], [135.862394, -34.920049], [135.863706, -34.91932], [135.867748, -34.919894], [135.870495, -34.920803], [135.87118, -34.924052], [135.873612, -34.922153], [135.875737, -34.922559], [135.876459, -34.92389], [135.878235, -34.924634], [135.880156, -34.929137], [135.885015, -34.929082], [135.887396, -34.929595], [135.888446, -34.930747], [135.893155, -34.930927], [135.909569, -34.936769], [135.919347, -34.941968], [135.919866, -34.945115], [135.92361, -34.945292], [135.926435, -34.947925], [135.928877, -34.948295], [135.931342, -34.950619], [135.93243, -34.952876], [135.930368, -34.955656], [135.930502, -34.956796], [135.928059, -34.958323], [135.927514, -34.959604], [135.929616, -34.963907], [135.929197, -34.966646], [135.929967, -34.965892], [135.930757, -34.966928], [135.931669, -34.970804], [135.933093, -34.971174], [135.934586, -34.973534], [135.93701, -34.97337], [135.938952, -34.974495], [135.939222, -34.973718], [135.94013, -34.974262], [135.942872, -34.973867], [135.944197, -34.974963], [135.947068, -34.975607], [135.946861, -34.97737], [135.9485, -34.981308], [135.946416, -34.981889], [135.945044, -34.985105], [135.942605, -34.985044], [135.941336, -34.985803], [135.942185, -34.988535], [135.944972, -34.990747], [135.943162, -34.991454], [135.943495, -34.994815], [135.944476, -34.996226], [135.943102, -34.997767], [135.943849, -35.001274], [135.943382, -35.002954], [135.944142, -35.002685], [135.94734, -35.005488], [135.952313, -35.006029], [135.953336, -35.005473], [135.954463, -35.006352], [135.954739, -35.005609], [135.957136, -35.006109], [135.957961, -35.004746], [135.958778, -35.004637], [135.959001, -35.00551], [135.960756, -35.005144], [135.960864, -35.003334], [135.959491, -35.001723], [135.959431, -34.99852], [135.958333, -34.997205], [135.959255, -34.992782], [135.960257, -34.991911], [135.966283, -34.990287], [135.970817, -34.990451], [135.973254, -34.991032], [135.975198, -34.994478], [135.976579, -34.994656], [135.979685, -34.991451], [135.984081, -34.989451], [135.986151, -34.985387], [135.985959, -34.982869], [135.987209, -34.981705], [135.993815, -34.980008], [135.995376, -34.982843], [135.997992, -34.983095], [136.001117, -34.985541], [136.00263, -34.985854], [136.003482, -34.983881], [136.002426, -34.981896], [136.004524, -34.980343], [136.003212, -34.979727], [136.002094, -34.977206], [136.002925, -34.976125], [136.000689, -34.974649], [135.998299, -34.968282], [135.997948, -34.96641], [135.998708, -34.963334], [135.997972, -34.959234], [135.995908, -34.959733], [135.991568, -34.962679], [135.98955, -34.96182], [135.988939, -34.959395], [135.987292, -34.958681], [135.988766, -34.95723], [135.989841, -34.954301], [135.98849, -34.952674], [135.989979, -34.951003], [135.990739, -34.951101], [135.99099, -34.949353], [135.992388, -34.948859], [135.992985, -34.944914], [135.991444, -34.942533], [135.989643, -34.943533], [135.986395, -34.941071], [135.985846, -34.936974], [135.986747, -34.936023], [135.986455, -34.933799], [135.988913, -34.931791], [135.988961, -34.930262], [135.990706, -34.930412], [135.991518, -34.931467], [135.991823, -34.93003], [135.993163, -34.929897], [135.991838, -34.926806], [135.992181, -34.92603], [135.991086, -34.923519], [135.989746, -34.922436], [135.989614, -34.920941], [135.986911, -34.919975], [135.987053, -34.918219], [135.984686, -34.916607], [135.985423, -34.913437], [135.987089, -34.912041], [135.986179, -34.909267], [135.983535, -34.907639], [135.979038, -34.908233], [135.976117, -34.906378], [135.975301, -34.902324], [135.976902, -34.895316], [135.975019, -34.893396], [135.972755, -34.893116], [135.971251, -34.891518], [135.971185, -34.888847], [135.972779, -34.886109], [135.969791, -34.883004], [135.967933, -34.882325], [135.966135, -34.878895], [135.96267, -34.87545], [135.961005, -34.868705], [135.961441, -34.864804], [135.960516, -34.862705], [135.961404, -34.858254], [135.960075, -34.854272], [135.961258, -34.8515], [135.960059, -34.850202], [135.959953, -34.848601], [135.961964, -34.844427], [135.965109, -34.841294], [135.983578, -34.828894], [135.988328, -34.826982], [135.990903, -34.828323], [135.993522, -34.82779], [135.99506, -34.82502], [135.995172, -34.823193], [135.998269, -34.820446], [135.998764, -34.818241], [136.000726, -34.815716], [136.002954, -34.807619], [136.004029, -34.806566], [136.008467, -34.805694], [136.007194, -34.803336], [136.004665, -34.802779], [136.003725, -34.801752], [136.004306, -34.79881], [136.008128, -34.794774], [136.013845, -34.795882], [136.015783, -34.794216], [136.014581, -34.793313], [136.010468, -34.793611], [136.007344, -34.791138], [136.005168, -34.79207], [136.003068, -34.790139], [136.001927, -34.787262], [136.001928, -34.781061], [136.003612, -34.778237], [136.002961, -34.77706], [136.003416, -34.77537], [136.005844, -34.77101], [136.009748, -34.76653], [136.010786, -34.763408], [136.013042, -34.762521], [136.01269, -34.757842], [136.014332, -34.756514], [136.014329, -34.754884], [136.012735, -34.75301], [136.009479, -34.751772], [136.009374, -34.750295], [136.010908, -34.746745], [136.010907, -34.743317], [136.007227, -34.73861], [136.006531, -34.735939], [136.001927, -34.736195], [136.000328, -34.733676], [135.998688, -34.734187], [135.997417, -34.733394], [135.995909, -34.730503], [135.996367, -34.726796], [135.995092, -34.725326], [135.992638, -34.725925], [135.990236, -34.728134], [135.984179, -34.72692], [135.980311, -34.728731], [135.979243, -34.730501], [135.979252, -34.732265], [135.980666, -34.734865], [135.982615, -34.735719], [135.985738, -34.734906], [135.987487, -34.736777], [135.988767, -34.740817], [135.988355, -34.742561], [135.986321, -34.744815], [135.990826, -34.747083], [135.99126, -34.750348], [135.990897, -34.753381], [135.989472, -34.755697], [135.987269, -34.756973], [135.985033, -34.75614], [135.983633, -34.757852], [135.986513, -34.759233], [135.987475, -34.761737], [135.986985, -34.764205], [135.988478, -34.765593], [135.988664, -34.767963], [135.989906, -34.768505], [135.990068, -34.769453], [135.988833, -34.773613], [135.984309, -34.777313], [135.984074, -34.778666], [135.985314, -34.780268], [135.983542, -34.783231], [135.980602, -34.784618], [135.974749, -34.786169], [135.967697, -34.786246], [135.963914, -34.785597], [135.960864, -34.783816], [135.960893, -34.776087], [135.962278, -34.774242], [135.962322, -34.77264], [135.960494, -34.767056], [135.957752, -34.765821], [135.956746, -34.763711], [135.957523, -34.75945], [135.957173, -34.757466], [135.956396, -34.757148], [135.954303, -34.75807], [135.95301, -34.76258], [135.949624, -34.765659], [135.946688, -34.765253], [135.944332, -34.767261], [135.938614, -34.769594], [135.932718, -34.767507], [135.928895, -34.768824], [135.926446, -34.775376], [135.923378, -34.778344], [135.923088, -34.781342], [135.920544, -34.784459], [135.914589, -34.7874], [135.911834, -34.78603], [135.910631, -34.790131], [135.907493, -34.792372], [135.905333, -34.792419], [135.902794, -34.797918], [135.900335, -34.799465], [135.898036, -34.803834], [135.893494, -34.805599], [135.88838, -34.805569], [135.881113, -34.808302], [135.875402, -34.807454], [135.870696, -34.8085], [135.860612, -34.807459], [135.858424, -34.811016], [135.856094, -34.812621], [135.846555, -34.813437], [135.842786, -34.817432], [135.834373, -34.819008], [135.817037, -34.816127], [135.805412, -34.813127], [135.802896, -34.813975], [135.798563, -34.813757], [135.796736, -34.813155], [135.794108, -34.81079], [135.788236, -34.812349], [135.785731, -34.80933], [135.786975, -34.806256], [135.789799, -34.802928], [135.791106, -34.802662], [135.795046, -34.799107], [135.797354, -34.798331], [135.799073, -34.795911], [135.802801, -34.794014], [135.802735, -34.790692], [135.805322, -34.788606], [135.81128, -34.780649], [135.819964, -34.77292], [135.822792, -34.771644], [135.823838, -34.769922], [135.830443, -34.765873], [135.843178, -34.754823], [135.846373, -34.752882], [135.854946, -34.750914], [135.863448, -34.754873], [135.864332, -34.757174], [135.863589, -34.758797], [135.863685, -34.762112], [135.862583, -34.764375], [135.863321, -34.767838], [135.862835, -34.768995], [135.86472, -34.769666], [135.869816, -34.767459], [135.871096, -34.763765], [135.872591, -34.762304], [135.878678, -34.760403], [135.879398, -34.7577], [135.882188, -34.753647], [135.891409, -34.751447], [135.891686, -34.746551], [135.89357, -34.744728], [135.8921, -34.744097], [135.891283, -34.743906], [135.889014, -34.746488], [135.887185, -34.746834], [135.87971, -34.745421], [135.880056, -34.744994], [135.877955, -34.742384], [135.876827, -34.743122], [135.877409, -34.744877], [135.875092, -34.744211], [135.873092, -34.745862], [135.870055, -34.74443], [135.870863, -34.744428], [135.873002, -34.745623], [135.875008, -34.744082], [135.874918, -34.742725], [135.87312, -34.742163], [135.870707, -34.742948], [135.871347, -34.741486], [135.87328, -34.74036], [135.872833, -34.739392], [135.874323, -34.740632], [135.873653, -34.741416], [135.87422, -34.742102], [135.87564, -34.74194], [135.875071, -34.740497], [135.87623, -34.74192], [135.877871, -34.741589], [135.877564, -34.739816], [135.875971, -34.739293], [135.875553, -34.738238], [135.88357, -34.733882], [135.886191, -34.727897], [135.884862, -34.724936], [135.88097, -34.723124], [135.879513, -34.720349], [135.87061, -34.721246], [135.870268, -34.720187], [135.869185, -34.720094], [135.869075, -34.720947], [135.867111, -34.720972], [135.866727, -34.721844], [135.860699, -34.720775], [135.85606, -34.718239], [135.853858, -34.715497], [135.853764, -34.705668], [135.854441, -34.703827], [135.855712, -34.683115], [135.853962, -34.665381], [135.856138, -34.659435], [135.857598, -34.650021], [135.859107, -34.646704], [135.858645, -34.644419], [135.860514, -34.640766], [135.860055, -34.636569], [135.861765, -34.633575], [135.87229, -34.623986], [135.880735, -34.61934], [135.891144, -34.615732], [135.894691, -34.615343], [135.904192, -34.616607], [135.90933, -34.618245], [135.913136, -34.620512], [135.914489, -34.622059], [135.913971, -34.625699], [135.912076, -34.630384], [135.912623, -34.631482], [135.91431, -34.630555], [135.916873, -34.630739], [135.922938, -34.633362], [135.924973, -34.635574], [135.92523, -34.639536], [135.926906, -34.641792], [135.926676, -34.646501], [135.929307, -34.646668], [135.931271, -34.648214], [135.935688, -34.64927], [135.937413, -34.64902], [135.937122, -34.647601], [135.934834, -34.645495], [135.934791, -34.641954], [135.933176, -34.639271], [135.93342, -34.63545], [135.930761, -34.632341], [135.934684, -34.623364], [135.93383, -34.621469], [135.934351, -34.619469], [135.931553, -34.619544], [135.93056, -34.617239], [135.931303, -34.613951], [135.933638, -34.611543], [135.933423, -34.609826], [135.931976, -34.60912], [135.927096, -34.609528], [135.924552, -34.60779], [135.920014, -34.611333], [135.913887, -34.611309], [135.911175, -34.609639], [135.904253, -34.602305], [135.902127, -34.592584], [135.903254, -34.591336], [135.903656, -34.586412], [135.905808, -34.581063], [135.913307, -34.570628], [135.915543, -34.563741], [135.922751, -34.549984], [135.924987, -34.547362], [135.928231, -34.547745], [135.931192, -34.546055], [135.932545, -34.544261], [135.934827, -34.543962], [135.934365, -34.542986], [135.93557, -34.540857], [135.930308, -34.541241], [135.928238, -34.538091], [135.929061, -34.53313], [135.93231, -34.528521], [135.943087, -34.518813], [135.954666, -34.512537], [135.956754, -34.510666], [135.968491, -34.505875], [135.974127, -34.504699], [135.9784, -34.504921], [135.982295, -34.506613], [135.983708, -34.508339], [135.981906, -34.511876], [135.982632, -34.514009], [135.983953, -34.514409], [135.986531, -34.513102], [135.988407, -34.513351], [135.993143, -34.51856], [135.995254, -34.517761], [135.994816, -34.516199], [135.995438, -34.51399], [135.999746, -34.511953], [136.001513, -34.509575], [136.008306, -34.507749], [136.015731, -34.508921], [136.017806, -34.511617], [136.016507, -34.51406], [136.016942, -34.514865], [136.018704, -34.5159], [136.021803, -34.516206], [136.023578, -34.514781], [136.020343, -34.512221], [136.020086, -34.510481], [136.017308, -34.508619], [136.016431, -34.506421], [136.018823, -34.503548], [136.019043, -34.50215], [136.016727, -34.500971], [136.015488, -34.499011], [136.016679, -34.496588], [136.019102, -34.494303], [136.025663, -34.490279], [136.026101, -34.488513], [136.024151, -34.485743], [136.02502, -34.484048], [136.028212, -34.481921], [136.03804, -34.479879], [136.056326, -34.47902], [136.06206, -34.479838], [136.065865, -34.482262], [136.075462, -34.485414], [136.0829, -34.495306], [136.084075, -34.498221], [136.083515, -34.50052], [136.076466, -34.505706], [136.073225, -34.506203], [136.079416, -34.508556], [136.081909, -34.510547], [136.083407, -34.512811], [136.088884, -34.516867], [136.091281, -34.520841], [136.092165, -34.524414], [136.091508, -34.527661], [136.085142, -34.530507], [136.083513, -34.532224], [136.086247, -34.53507], [136.086256, -34.537675], [136.085052, -34.540248], [136.088784, -34.543836], [136.092173, -34.542734], [136.093575, -34.54007], [136.095622, -34.539265], [136.096536, -34.535621], [136.096124, -34.534719], [136.09896, -34.531634], [136.098172, -34.529969], [136.095555, -34.528159], [136.096279, -34.524595], [136.099429, -34.521791], [136.106968, -34.519456], [136.108902, -34.517303], [136.112519, -34.515817], [136.110696, -34.514481], [136.110102, -34.512192], [136.112393, -34.50739], [136.111734, -34.504308], [136.11284, -34.499689], [136.117113, -34.495129], [136.115776, -34.491682], [136.11609, -34.4904], [136.117536, -34.489264], [136.11627, -34.487789], [136.116477, -34.485564], [136.113328, -34.486106], [136.110799, -34.484151], [136.109737, -34.480961], [136.109917, -34.478434], [136.111887, -34.473657], [136.121769, -34.467421], [136.119191, -34.464994], [136.11602, -34.463808], [136.114089, -34.459054], [136.115214, -34.455089], [136.114052, -34.450876], [136.114417, -34.447198], [136.118295, -34.443396], [136.118851, -34.439322], [136.1168, -34.437467], [136.117486, -34.435536], [136.119468, -34.433758], [136.116535, -34.429785], [136.116687, -34.425739], [136.11348, -34.424876], [136.109622, -34.425102], [136.107833, -34.426866], [136.107161, -34.430624], [136.104568, -34.432583], [136.095256, -34.43271], [136.09287, -34.431871], [136.091801, -34.429572], [136.095009, -34.427128], [136.098055, -34.423125], [136.100048, -34.418901], [136.103394, -34.420049], [136.102656, -34.417914], [136.105545, -34.421672], [136.106732, -34.422166], [136.111408, -34.412699], [136.116359, -34.408422], [136.121869, -34.406815], [136.129754, -34.407954], [136.130148, -34.407111], [136.128792, -34.405632], [136.121329, -34.404413], [136.117945, -34.402112], [136.114786, -34.396999], [136.112863, -34.388876], [136.110696, -34.386468], [136.108751, -34.387855], [136.107586, -34.387487], [136.10378, -34.382528], [136.103488, -34.377362], [136.105088, -34.372228], [136.112245, -34.359384], [136.119532, -34.351717], [136.128167, -34.345361], [136.138538, -34.341141], [136.155891, -34.338916], [136.175192, -34.339936], [136.187841, -34.33484], [136.197502, -34.327696], [136.206443, -34.318992], [136.219901, -34.309171], [136.226029, -34.302312], [136.233584, -34.296136], [136.236426, -34.291793], [136.23988, -34.289031], [136.240163, -34.287381], [136.245848, -34.283287], [136.247648, -34.278888], [136.248982, -34.278626], [136.250383, -34.276485], [136.252911, -34.27549], [136.252283, -34.27347], [136.25326, -34.272407], [136.256218, -34.269872], [136.259465, -34.269213], [136.260573, -34.267704], [136.26044, -34.266222], [136.262361, -34.263441], [136.261539, -34.25912], [136.263102, -34.255685], [136.264469, -34.254788], [136.264044, -34.254156], [136.266313, -34.25196], [136.265337, -34.250961], [136.265681, -34.249848], [136.268507, -34.247782], [136.267803, -34.246395], [136.269096, -34.245543], [136.269713, -34.243829], [136.2688, -34.2429], [136.266792, -34.243083], [136.265469, -34.24039], [136.26652, -34.239802], [136.266927, -34.242503], [136.266738, -34.240756], [136.267707, -34.238363], [136.270537, -34.235625], [136.27014, -34.233818], [136.274271, -34.231223], [136.274926, -34.227186], [136.27761, -34.225593], [136.278006, -34.220835], [136.279782, -34.220088], [136.282539, -34.220513], [136.285654, -34.217633], [136.283818, -34.216316], [136.284242, -34.214789], [136.287864, -34.214992], [136.289594, -34.211888], [136.293726, -34.20981], [136.29375, -34.206978], [136.297995, -34.204338], [136.297737, -34.201199], [136.300315, -34.201606], [136.300465, -34.199255], [136.29897, -34.198378], [136.300451, -34.19611], [136.308369, -34.191868], [136.310344, -34.19226], [136.31224, -34.191281], [136.312627, -34.190683], [136.311406, -34.188656], [136.31244, -34.187279], [136.315032, -34.187301], [136.314782, -34.18568], [136.316136, -34.184431], [136.32439, -34.181602], [136.323872, -34.181017], [136.325038, -34.178654], [136.32275, -34.177207], [136.322484, -34.174944], [136.323267, -34.172855], [136.322586, -34.17183], [136.325198, -34.170062], [136.325363, -34.168839], [136.326595, -34.168566], [136.32633, -34.167867], [136.324967, -34.167911], [136.325309, -34.164044], [136.328794, -34.161594], [136.330746, -34.161444], [136.331452, -34.159346], [136.329335, -34.15922], [136.328612, -34.15742], [136.329299, -34.153421], [136.331591, -34.15105], [136.333108, -34.150809], [136.33147, -34.149336], [136.331378, -34.148126], [136.336442, -34.143477], [136.339821, -34.142097], [136.342873, -34.142081], [136.341869, -34.140194], [136.343526, -34.138309], [136.343075, -34.135232], [136.345233, -34.133773], [136.345078, -34.131695], [136.34616, -34.131144], [136.346138, -34.129663], [136.347796, -34.127308], [136.350844, -34.126534], [136.35158, -34.123745], [136.353927, -34.122392], [136.356851, -34.122758], [136.356234, -34.120849], [136.353921, -34.120086], [136.354596, -34.117003], [136.351353, -34.117849], [136.347966, -34.114588], [136.347983, -34.111036], [136.350584, -34.106139], [136.350611, -34.10418], [136.349606, -34.102464], [136.347617, -34.102322], [136.346688, -34.099496], [136.35072, -34.092787], [136.356005, -34.08871], [136.356436, -34.08637], [136.35508, -34.08565], [136.355289, -34.083485], [136.357869, -34.081157], [136.358664, -34.079588], [136.358068, -34.077501], [136.358496, -34.075459], [136.363136, -34.069349], [136.368513, -34.065034], [136.374571, -34.061658], [136.381144, -34.054844], [136.398722, -34.04157], [136.405987, -34.034635], [136.409055, -34.032703], [136.411207, -34.02874], [136.425656, -34.019878], [136.428156, -34.017428], [136.431466, -34.015947], [136.434749, -34.011595], [136.437501, -34.01107], [136.441412, -34.008871], [136.442415, -34.007213], [136.447739, -34.005028], [136.468157, -34.00213], [136.489474, -33.995744], [136.497478, -33.992615], [136.504914, -33.988644], [136.507744, -33.985063], [136.513962, -33.979503], [136.522372, -33.974801], [136.536821, -33.9645], [136.552454, -33.956532], [136.552591, -33.954199], [136.556089, -33.949714], [136.562073, -33.947144], [136.571258, -33.94534], [136.57475, -33.943438], [136.577661, -33.940604], [136.577969, -33.938443], [136.576448, -33.938095], [136.576178, -33.936666], [136.578102, -33.931837], [136.574542, -33.931113], [136.573239, -33.929611], [136.572274, -33.927055], [136.572195, -33.923038], [136.574634, -33.918036], [136.580151, -33.913076], [136.583211, -33.912323], [136.585152, -33.914137], [136.585984, -33.91394], [136.585042, -33.912253], [136.585955, -33.911139], [136.586028, -33.908052], [136.589124, -33.904452], [136.589772, -33.902126], [136.592684, -33.899562], [136.60085, -33.896838], [136.611402, -33.895383], [136.616222, -33.893538], [136.621634, -33.889996], [136.625217, -33.889052], [136.636, -33.887359], [136.644747, -33.887327], [136.653414, -33.882367], [136.65982, -33.880546], [136.664527, -33.880327], [136.668362, -33.878689], [136.675238, -33.875002], [136.676012, -33.873937], [136.676006, -33.871784], [136.678142, -33.870266], [136.684861, -33.866987], [136.692099, -33.865494], [136.692789, -33.864425], [136.697635, -33.86186], [136.701268, -33.858079], [136.701694, -33.8555], [136.710719, -33.85046], [136.721509, -33.840546], [136.73046, -33.834978], [136.740141, -33.832247], [136.750278, -33.830884], [136.767538, -33.830159], [136.778484, -33.831012], [136.779658, -33.829095], [136.778881, -33.827909], [136.778664, -33.823692], [136.779599, -33.821962], [136.786, -33.816071], [136.788425, -33.812542], [136.795603, -33.808493], [136.797664, -33.804624], [136.799629, -33.80333], [136.809145, -33.801175], [136.820301, -33.799965], [136.835883, -33.799735], [136.845577, -33.800875], [136.846022, -33.799491], [136.847867, -33.798951], [136.853101, -33.799573], [136.857218, -33.798387], [136.878538, -33.78611], [136.90068, -33.778593], [136.913461, -33.772744], [136.919603, -33.768797], [136.930092, -33.765036], [136.942558, -33.758673], [136.951489, -33.755299], [136.96521, -33.744656], [136.969714, -33.742186], [136.969924, -33.740383], [136.991674, -33.724793], [136.999396, -33.725045], [137.025511, -33.719722], [137.034657, -33.709833], [137.03728, -33.70801], [137.041889, -33.70704], [137.054214, -33.706377], [137.061549, -33.702348], [137.06262, -33.700467], [137.069474, -33.700274], [137.070333, -33.699705], [137.069734, -33.698743], [137.077399, -33.698145], [137.079003, -33.699318], [137.092582, -33.701326], [137.105776, -33.699264], [137.114613, -33.700158], [137.11983, -33.699588], [137.124328, -33.700746], [137.130347, -33.698706], [137.144957, -33.696839], [137.155886, -33.692869], [137.168508, -33.690294], [137.172662, -33.687545], [137.17483, -33.685046], [137.179541, -33.676075], [137.182092, -33.673153], [137.188895, -33.670753], [137.197618, -33.666411], [137.204562, -33.664172], [137.209492, -33.663565], [137.213306, -33.661082], [137.222959, -33.648274], [137.22381, -33.64593], [137.223451, -33.644502], [137.226923, -33.637158], [137.232122, -33.632413], [137.232525, -33.633397], [137.233942, -33.63272], [137.236991, -33.626766], [137.240115, -33.624227], [137.249322, -33.612045], [137.249468, -33.608657], [137.252397, -33.608277], [137.25468, -33.600658], [137.255846, -33.599131], [137.255099, -33.597116], [137.25782, -33.594907], [137.25939, -33.592244], [137.25859, -33.590355], [137.260089, -33.590185], [137.260973, -33.589063], [137.257982, -33.588942], [137.261814, -33.585002], [137.263284, -33.580904], [137.261281, -33.582581], [137.263916, -33.577687], [137.273398, -33.569808], [137.27489, -33.569284], [137.275679, -33.57048], [137.276691, -33.56874], [137.275522, -33.568233], [137.278833, -33.565015], [137.278742, -33.563393], [137.279776, -33.562116], [137.278372, -33.560429], [137.281987, -33.55357], [137.2842, -33.54608], [137.286195, -33.542884], [137.285694, -33.540296], [137.286501, -33.538218], [137.285597, -33.53887], [137.285867, -33.537995], [137.287281, -33.536151], [137.286954, -33.5395], [137.288191, -33.539258], [137.289045, -33.540133], [137.29014, -33.538798], [137.289807, -33.537368], [137.290986, -33.534499], [137.288012, -33.530804], [137.289992, -33.526929], [137.289866, -33.526129], [137.28912, -33.527011], [137.289164, -33.526098], [137.291837, -33.519333], [137.291624, -33.517666], [137.292505, -33.517695], [137.293492, -33.515165], [137.293174, -33.514062], [137.29467, -33.512182], [137.294334, -33.510505], [137.295283, -33.507413], [137.298108, -33.503501], [137.305001, -33.500116], [137.304502, -33.496404], [137.303839, -33.495622], [137.303227, -33.496169], [137.302842, -33.494688], [137.305471, -33.489612], [137.303766, -33.489379], [137.30763, -33.485636], [137.310473, -33.480565], [137.310929, -33.477256], [137.312904, -33.475233], [137.314614, -33.471529], [137.318568, -33.468642], [137.320257, -33.468499], [137.321988, -33.465402], [137.324899, -33.463071], [137.325385, -33.459486], [137.334587, -33.458282], [137.336483, -33.455742], [137.354151, -33.443802], [137.356666, -33.440114], [137.358165, -33.439562], [137.359073, -33.440083], [137.360521, -33.439166], [137.359148, -33.435739], [137.358622, -33.428871], [137.361116, -33.425669], [137.361211, -33.42683], [137.362165, -33.427435], [137.362991, -33.426225], [137.3601, -33.424088], [137.359258, -33.426016], [137.357992, -33.425036], [137.359662, -33.423573], [137.360893, -33.418084], [137.360741, -33.414838], [137.362131, -33.411964], [137.363901, -33.411764], [137.366962, -33.405217], [137.374934, -33.397787], [137.375449, -33.393712], [137.378307, -33.390399], [137.37798, -33.384582], [137.384211, -33.377503], [137.385585, -33.372166], [137.384674, -33.370658], [137.381896, -33.369389], [137.38054, -33.365648], [137.379016, -33.358559], [137.380313, -33.354772], [137.37883, -33.351627], [137.37912, -33.347944], [137.377221, -33.344211], [137.3784, -33.342022], [137.378017, -33.339147], [137.380558, -33.329036], [137.377629, -33.324461], [137.378071, -33.321016], [137.38113, -33.313691], [137.380194, -33.307972], [137.379226, -33.308832], [137.380671, -33.304979], [137.378814, -33.306056], [137.378747, -33.303623], [137.384526, -33.298507], [137.381701, -33.29978], [137.383176, -33.296821], [137.380509, -33.296029], [137.378825, -33.298399], [137.376359, -33.298758], [137.378532, -33.297546], [137.378757, -33.296647], [137.374434, -33.292726], [137.376416, -33.293687], [137.37869, -33.293097], [137.38107, -33.295031], [137.384681, -33.296051], [137.385368, -33.298338], [137.385752, -33.295045], [137.38881, -33.292184], [137.386388, -33.292256], [137.383491, -33.290892], [137.388259, -33.290399], [137.389082, -33.29067], [137.388409, -33.291461], [137.389263, -33.291929], [137.393686, -33.28989], [137.39255, -33.289543], [137.393715, -33.288503], [137.393248, -33.28708], [137.391784, -33.288467], [137.389242, -33.287805], [137.389738, -33.285318], [137.391029, -33.283801], [137.394189, -33.283211], [137.394841, -33.283779], [137.393031, -33.285331], [137.394556, -33.286425], [137.395452, -33.285498], [137.397534, -33.2853], [137.398408, -33.28392], [137.397453, -33.282882], [137.397889, -33.281021], [137.395842, -33.28234], [137.397036, -33.280529], [137.396119, -33.279688], [137.39862, -33.279234], [137.39945, -33.276283], [137.40204, -33.275643], [137.402588, -33.274469], [137.404374, -33.274365], [137.407967, -33.272206], [137.408827, -33.270821], [137.407302, -33.270455], [137.405928, -33.27124], [137.406102, -33.26969], [137.407948, -33.270127], [137.411013, -33.26779], [137.411024, -33.266776], [137.40997, -33.26684], [137.410169, -33.26456], [137.412641, -33.260523], [137.412057, -33.259715], [137.414072, -33.257131], [137.414345, -33.255504], [137.4221, -33.247984], [137.422808, -33.246416], [137.423684, -33.246892], [137.423653, -33.243312], [137.431039, -33.233797], [137.431164, -33.2315], [137.434062, -33.230088], [137.433539, -33.229457], [137.429891, -33.232261], [137.43226, -33.229286], [137.431883, -33.225961], [137.435858, -33.222251], [137.438881, -33.216556], [137.437915, -33.215185], [137.438468, -33.212742], [137.437776, -33.212541], [137.438995, -33.209149], [137.438144, -33.205569], [137.43881, -33.202055], [137.438246, -33.198082], [137.440478, -33.194791], [137.439351, -33.191007], [137.439973, -33.184287], [137.439064, -33.182824], [137.439988, -33.178192], [137.442499, -33.175447], [137.443224, -33.171691], [137.443008, -33.162286], [137.442002, -33.159674], [137.441264, -33.161134], [137.442691, -33.157147], [137.442309, -33.156474], [137.443408, -33.155906], [137.443491, -33.153465], [137.442806, -33.153718], [137.442264, -33.152177], [137.446436, -33.146078], [137.444175, -33.148565], [137.444135, -33.146523], [137.445819, -33.144246], [137.449076, -33.142289], [137.448216, -33.141837], [137.448759, -33.141121], [137.448263, -33.139809], [137.449878, -33.14048], [137.451968, -33.136545], [137.453303, -33.135852], [137.452643, -33.134676], [137.453051, -33.132749], [137.451979, -33.130701], [137.455046, -33.132871], [137.456105, -33.130888], [137.454302, -33.129477], [137.456428, -33.129835], [137.457281, -33.131167], [137.455927, -33.133186], [137.456581, -33.134945], [137.454898, -33.133754], [137.454142, -33.135621], [137.4576, -33.135572], [137.457329, -33.132384], [137.462027, -33.12868], [137.468917, -33.129475], [137.466755, -33.128451], [137.468811, -33.128561], [137.470244, -33.126689], [137.47379, -33.125028], [137.486076, -33.124658], [137.486186, -33.123753], [137.484246, -33.122707], [137.485043, -33.121326], [137.486815, -33.121749], [137.488868, -33.120736], [137.488062, -33.122126], [137.490141, -33.121432], [137.492421, -33.119875], [137.492971, -33.117303], [137.495169, -33.117717], [137.497016, -33.117001], [137.496679, -33.115957], [137.497434, -33.114613], [137.496604, -33.112988], [137.498462, -33.112823], [137.497645, -33.111195], [137.499752, -33.109622], [137.501209, -33.110077], [137.504263, -33.108112], [137.505575, -33.108487], [137.50793, -33.106741], [137.508973, -33.108434], [137.511552, -33.107787], [137.51729, -33.103319], [137.522299, -33.102166], [137.523546, -33.098691], [137.52632, -33.096752], [137.536023, -33.094818], [137.537605, -33.091014], [137.540905, -33.089913], [137.54159, -33.088541], [137.540298, -33.088072], [137.538512, -33.089572], [137.53895, -33.087812], [137.537098, -33.08808], [137.537349, -33.086683], [137.535935, -33.086529], [137.536765, -33.085051], [137.538697, -33.084312], [137.538685, -33.082123], [137.541085, -33.081247], [137.54271, -33.078625], [137.543863, -33.079881], [137.545493, -33.079334], [137.544462, -33.078297], [137.547612, -33.076445], [137.547458, -33.07555], [137.549102, -33.075212], [137.549923, -33.072907], [137.551316, -33.072047], [137.551298, -33.071383], [137.549904, -33.07121], [137.549861, -33.070305], [137.55098, -33.069684], [137.551241, -33.070793], [137.554241, -33.069447], [137.557292, -33.065908], [137.557609, -33.065057], [137.556426, -33.064318], [137.558084, -33.063303], [137.558056, -33.062495], [137.557175, -33.062111], [137.556178, -33.063033], [137.556534, -33.060461], [137.554861, -33.057926], [137.552961, -33.058059], [137.554989, -33.057374], [137.558033, -33.059963], [137.559881, -33.058331], [137.561006, -33.05935], [137.562416, -33.057506], [137.563249, -33.057909], [137.565706, -33.056331], [137.564519, -33.056872], [137.564672, -33.055778], [137.563542, -33.057192], [137.563766, -33.055594], [137.561231, -33.053328], [137.564843, -33.053897], [137.565786, -33.054741], [137.566935, -33.053142], [137.565429, -33.053593], [137.563119, -33.051742], [137.56643, -33.051295], [137.564559, -33.04972], [137.565714, -33.048215], [137.567114, -33.050736], [137.570174, -33.051114], [137.569347, -33.050731], [137.5698, -33.047888], [137.573364, -33.044855], [137.588251, -33.040619], [137.590553, -33.040896], [137.593559, -33.038429], [137.592943, -33.037823], [137.593992, -33.036508], [137.596979, -33.03615], [137.593335, -33.031205], [137.591573, -33.03059], [137.591497, -33.02979], [137.590729, -33.030314], [137.589646, -33.029674], [137.588619, -33.026884], [137.588698, -33.027417], [137.587265, -33.027193], [137.586407, -33.025479], [137.5869, -33.023098], [137.585736, -33.022086], [137.586818, -33.019647], [137.589888, -33.018491], [137.591465, -33.019269], [137.592066, -33.021219], [137.595312, -33.020849], [137.597294, -33.019704], [137.599742, -33.021089], [137.599945, -33.017926], [137.601799, -33.015329], [137.601113, -33.012829], [137.597514, -33.011556], [137.595789, -33.012108], [137.600193, -33.00786], [137.60323, -33.001786], [137.600607, -33.001206], [137.600508, -33.002746], [137.598728, -33.004346], [137.598335, -33.005773], [137.596336, -33.006782], [137.594675, -33.001489], [137.595634, -33.000398], [137.595198, -32.998551], [137.602287, -32.989426], [137.606194, -32.981688], [137.611458, -32.974561], [137.617364, -32.97066], [137.629102, -32.964769], [137.62956, -32.9639], [137.630464, -32.964158], [137.630517, -32.962616], [137.631804, -32.96225], [137.631067, -32.961303], [137.633021, -32.96131], [137.634617, -32.958749], [137.638096, -32.960006], [137.638326, -32.958609], [137.641418, -32.955318], [137.647069, -32.95513], [137.649518, -32.953228], [137.653782, -32.953202], [137.657174, -32.952266], [137.657736, -32.951545], [137.657109, -32.950948], [137.661043, -32.950959], [137.662469, -32.952307], [137.672814, -32.955883], [137.691496, -32.95956], [137.695607, -32.961633], [137.696744, -32.965472], [137.699374, -32.967273], [137.700548, -32.969195], [137.701577, -32.969203], [137.701772, -32.970272], [137.704961, -32.972008], [137.70842, -32.972458], [137.713268, -32.974483], [137.713882, -32.97549], [137.713651, -32.978026], [137.72015, -32.985923], [137.721268, -32.990512], [137.747826, -32.995359], [137.760331, -32.995383], [137.758485, -32.994088], [137.756865, -32.990289], [137.759169, -32.988972], [137.761777, -32.989773], [137.762833, -32.992114], [137.766576, -32.993099], [137.767388, -32.994545], [137.766961, -32.993592], [137.76914, -32.992766], [137.770636, -32.993571], [137.773418, -32.992435], [137.776937, -32.992616], [137.779832, -32.994048], [137.780249, -32.996085], [137.783785, -32.997747], [137.782697, -33.000019], [137.783078, -33.000657], [137.785162, -33.000902], [137.786511, -32.999915], [137.785879, -32.999032], [137.786862, -32.998405], [137.786501, -32.997433], [137.782426, -32.992908], [137.779978, -32.980094], [137.777648, -32.977711], [137.774207, -32.968888], [137.767066, -32.960569], [137.761852, -32.951688], [137.759609, -32.949529], [137.756189, -32.940612], [137.755735, -32.936332], [137.752803, -32.933293], [137.750371, -32.927198], [137.749516, -32.921517], [137.751381, -32.914596], [137.753487, -32.912075], [137.753313, -32.909877], [137.755072, -32.908244], [137.758283, -32.907355], [137.759769, -32.907601], [137.760173, -32.908997], [137.76257, -32.910454], [137.765955, -32.90958], [137.768858, -32.909976], [137.769854, -32.911954], [137.772295, -32.913168], [137.777813, -32.912963], [137.779557, -32.914093], [137.782009, -32.91335], [137.786746, -32.915481], [137.789289, -32.915205], [137.79006, -32.913277], [137.78894, -32.911368], [137.79241, -32.909694], [137.791884, -32.908634], [137.792974, -32.906104], [137.791921, -32.904476], [137.793714, -32.902533], [137.794491, -32.897825], [137.797317, -32.895489], [137.798263, -32.89354], [137.797679, -32.891191], [137.798262, -32.889741], [137.79674, -32.887635], [137.797125, -32.884158], [137.794525, -32.880234], [137.794595, -32.877235], [137.791768, -32.870953], [137.795991, -32.867818], [137.800485, -32.868142], [137.800756, -32.86523], [137.798221, -32.862194], [137.799595, -32.860335], [137.804881, -32.857539], [137.805361, -32.855824], [137.809943, -32.852871], [137.808274, -32.851882], [137.807248, -32.849697], [137.808544, -32.84879], [137.808811, -32.846657], [137.810557, -32.845255], [137.809991, -32.841572], [137.807683, -32.840725], [137.809286, -32.837384], [137.808602, -32.832901], [137.806259, -32.830072], [137.805274, -32.826786], [137.805554, -32.823914], [137.8038, -32.821434], [137.803198, -32.817919], [137.804471, -32.811661], [137.80248, -32.809287], [137.801911, -32.806982], [137.802355, -32.802309], [137.80384, -32.800346], [137.803563, -32.796932], [137.799488, -32.792914], [137.798443, -32.789548], [137.799415, -32.783486], [137.798826, -32.779387], [137.798497, -32.784695], [137.797472, -32.780053], [137.7975, -32.784518], [137.796173, -32.783554], [137.795399, -32.781159], [137.793206, -32.779971], [137.79417, -32.7779], [137.796527, -32.778031], [137.797533, -32.776929], [137.799103, -32.770179], [137.801622, -32.765984], [137.801304, -32.762932], [137.80075, -32.76337], [137.802153, -32.759214], [137.8068, -32.756209], [137.809196, -32.755817], [137.809507, -32.74859], [137.807525, -32.746627], [137.8068, -32.744592], [137.803916, -32.7452], [137.803974, -32.744433], [137.806511, -32.743953], [137.804536, -32.740612], [137.80574, -32.744093], [137.803305, -32.739996], [137.803638, -32.741903], [137.803013, -32.741433], [137.802011, -32.735729], [137.80113, -32.735216], [137.800959, -32.736256], [137.800007, -32.73604], [137.798451, -32.731968], [137.796728, -32.731373], [137.796663, -32.730395], [137.795147, -32.729196], [137.792796, -32.728809], [137.789954, -32.726705], [137.787629, -32.722395], [137.788064, -32.721073], [137.784393, -32.718775], [137.78331, -32.717581], [137.782816, -32.715212], [137.781324, -32.713734], [137.773388, -32.71281], [137.772329, -32.71509], [137.769351, -32.716442], [137.767646, -32.716323], [137.764141, -32.719195], [137.753152, -32.721238], [137.752329, -32.72073], [137.752033, -32.718689], [137.752463, -32.712472], [137.749915, -32.709201], [137.749222, -32.704548], [137.749982, -32.70205], [137.751784, -32.698633], [137.753899, -32.69816], [137.756624, -32.695642], [137.757119, -32.694254], [137.756796, -32.692067], [137.755476, -32.690726], [137.756113, -32.685617], [137.751108, -32.678373], [137.750393, -32.673305], [137.751035, -32.671185], [137.752757, -32.669582], [137.751989, -32.666837], [137.754979, -32.661219], [137.754615, -32.659847], [137.753224, -32.659237], [137.754156, -32.655846], [137.75363, -32.651835], [137.754956, -32.650477], [137.75474, -32.648478], [137.756283, -32.645889], [137.756146, -32.644524], [137.757376, -32.643368], [137.757115, -32.64097], [137.75905, -32.634965], [137.759529, -32.626939], [137.762695, -32.621851], [137.761667, -32.615005], [137.763626, -32.612087], [137.764897, -32.596744], [137.764103, -32.595633], [137.763895, -32.58829], [137.762431, -32.585442], [137.762243, -32.581697], [137.760412, -32.575116], [137.75975, -32.575019], [137.760396, -32.569235], [137.757766, -32.567574], [137.755932, -32.564617], [137.758939, -32.559627], [137.75877, -32.556249], [137.754248, -32.545958], [137.753221, -32.538769], [137.750746, -32.535906], [137.749653, -32.53156], [137.750866, -32.530933], [137.750777, -32.527394], [137.754744, -32.524784], [137.756067, -32.518032], [137.76201, -32.510099], [137.75616, -32.502591], [137.751739, -32.503471], [137.75474, -32.502243], [137.755138, -32.501249], [137.752788, -32.497171], [137.753, -32.492996], [137.754532, -32.489144], [137.762903, -32.482868], [137.762606, -32.481214], [137.763838, -32.479391], [137.764511, -32.476162], [137.764185, -32.474205], [137.756398, -32.467623], [137.7531, -32.459443], [137.753522, -32.456827], [137.757173, -32.451787], [137.75922, -32.446386], [137.762716, -32.443861], [137.763735, -32.441548], [137.760477, -32.436723], [137.757669, -32.435963], [137.752415, -32.43129], [137.753122, -32.426712], [137.752688, -32.423109], [137.754084, -32.421466], [137.74851, -32.417648], [137.74864, -32.415363], [137.75036, -32.415371], [137.750996, -32.4174], [137.752439, -32.418316], [137.756745, -32.419023], [137.75729, -32.420597], [137.756229, -32.422024], [137.756885, -32.423901], [137.756406, -32.430496], [137.761248, -32.432524], [137.764558, -32.435465], [137.766047, -32.43951], [137.766228, -32.442349], [137.765424, -32.442928], [137.764854, -32.445771], [137.760494, -32.44969], [137.757935, -32.456053], [137.760831, -32.463039], [137.76397, -32.465778], [137.76675, -32.470175], [137.769009, -32.471876], [137.770725, -32.47684], [137.770628, -32.480322], [137.768725, -32.484257], [137.758759, -32.491348], [137.75967, -32.495465], [137.761402, -32.497807], [137.766692, -32.500431], [137.767734, -32.500149], [137.772488, -32.505119], [137.773694, -32.510261], [137.7722, -32.511233], [137.771821, -32.513561], [137.770238, -32.514506], [137.768551, -32.517704], [137.768971, -32.523867], [137.772111, -32.523855], [137.773621, -32.524852], [137.775861, -32.523239], [137.779335, -32.525504], [137.781861, -32.525512], [137.785277, -32.52852], [137.786519, -32.532735], [137.784018, -32.536812], [137.781383, -32.537755], [137.781522, -32.540618], [137.78334, -32.541491], [137.783905, -32.543708], [137.78184, -32.543439], [137.789199, -32.54456], [137.789296, -32.545782], [137.788539, -32.546682], [137.786326, -32.54686], [137.78189, -32.546149], [137.783271, -32.546677], [137.782259, -32.550341], [137.784602, -32.552601], [137.787631, -32.553106], [137.79076, -32.555009], [137.792436, -32.554811], [137.793417, -32.55566], [137.798179, -32.555416], [137.796657, -32.556516], [137.799319, -32.55666], [137.803294, -32.558358], [137.803978, -32.555995], [137.808726, -32.555936], [137.81802, -32.558232], [137.822672, -32.560716], [137.823014, -32.560252], [137.82596, -32.563905], [137.827348, -32.56286], [137.830839, -32.566375], [137.83577, -32.574669], [137.829647, -32.578379], [137.829686, -32.584703], [137.833565, -32.588295], [137.838248, -32.587284], [137.835777, -32.58873], [137.830857, -32.58981], [137.831701, -32.5927], [137.833496, -32.592351], [137.83399, -32.593345], [137.830365, -32.593532], [137.829893, -32.594301], [137.831825, -32.595989], [137.833699, -32.595853], [137.836141, -32.597041], [137.83698, -32.599324], [137.835305, -32.602215], [137.838334, -32.602019], [137.839055, -32.603632], [137.838166, -32.602393], [137.836931, -32.602857], [137.835053, -32.602594], [137.834898, -32.60175], [137.836346, -32.598461], [137.832089, -32.597261], [137.829973, -32.595843], [137.829153, -32.594097], [137.827468, -32.595421], [137.827665, -32.597386], [137.828569, -32.598766], [137.829763, -32.599078], [137.829535, -32.600331], [137.830358, -32.600877], [137.829045, -32.600639], [137.829293, -32.599386], [137.828417, -32.598997], [137.827353, -32.597516], [137.82699, -32.595688], [137.825414, -32.598013], [137.827613, -32.602812], [137.825333, -32.603699], [137.826895, -32.602856], [137.825839, -32.59942], [137.824589, -32.598054], [137.824696, -32.596667], [137.828519, -32.591178], [137.823058, -32.584678], [137.823696, -32.580945], [137.820728, -32.58289], [137.82182, -32.58058], [137.820173, -32.582635], [137.818882, -32.587201], [137.813787, -32.594424], [137.810016, -32.596167], [137.808978, -32.594356], [137.808621, -32.596983], [137.807053, -32.59879], [137.805856, -32.598754], [137.803128, -32.602472], [137.802716, -32.608002], [137.806371, -32.613369], [137.822161, -32.624152], [137.832108, -32.634465], [137.836291, -32.637649], [137.841409, -32.638167], [137.843521, -32.639585], [137.845367, -32.638378], [137.84927, -32.638769], [137.84963, -32.640872], [137.852028, -32.640869], [137.851782, -32.642591], [137.853616, -32.643352], [137.854943, -32.651082], [137.856629, -32.65576], [137.85825, -32.656192], [137.867648, -32.663933], [137.86656, -32.66607], [137.867653, -32.666208], [137.868213, -32.669004], [137.866248, -32.671319], [137.867778, -32.67157], [137.868763, -32.675109], [137.866594, -32.678708], [137.864154, -32.679152], [137.862837, -32.682572], [137.863494, -32.684759], [137.860025, -32.6894], [137.856151, -32.688984], [137.853525, -32.690091], [137.847241, -32.689318], [137.843604, -32.691139], [137.842219, -32.694202], [137.837961, -32.694804], [137.837571, -32.69581], [137.840111, -32.69817], [137.843263, -32.698905], [137.844369, -32.700305], [137.847388, -32.70122], [137.85856, -32.707399], [137.872479, -32.712047], [137.887464, -32.715447], [137.892109, -32.718853], [137.894499, -32.726243], [137.906756, -32.730868], [137.916453, -32.738219], [137.920411, -32.744515], [137.929454, -32.749203], [137.936328, -32.751245], [137.944458, -32.757655], [137.943696, -32.759414], [137.941888, -32.759627], [137.940891, -32.761211], [137.942366, -32.764715], [137.936655, -32.766652], [137.929504, -32.766239], [137.929363, -32.76519], [137.926536, -32.76338], [137.925308, -32.764461], [137.924575, -32.763499], [137.924066, -32.764006], [137.922189, -32.762598], [137.919595, -32.762205], [137.921085, -32.760939], [137.916821, -32.759413], [137.913073, -32.762534], [137.916527, -32.768858], [137.914508, -32.768916], [137.911999, -32.770321], [137.910034, -32.772575], [137.907595, -32.771069], [137.905981, -32.771006], [137.904982, -32.773213], [137.906331, -32.774328], [137.904079, -32.774609], [137.903962, -32.776421], [137.90089, -32.777649], [137.902857, -32.778302], [137.902051, -32.801801], [137.903498, -32.817304], [137.906542, -32.831022], [137.907721, -32.831642], [137.906701, -32.832133], [137.91157, -32.84273], [137.912322, -32.853486], [137.916077, -32.85704], [137.916319, -32.857569], [137.914685, -32.856286], [137.916239, -32.860105], [137.923195, -32.871212], [137.926426, -32.880233], [137.928889, -32.890377], [137.929053, -32.896569], [137.930555, -32.899733], [137.933893, -32.912249], [137.934263, -32.918739], [137.938158, -32.929785], [137.939671, -32.939601], [137.939804, -32.9472], [137.942029, -32.954359], [137.948436, -32.966866], [137.948911, -32.969365], [137.950115, -32.970301], [137.951493, -32.975055], [137.954618, -32.980436], [137.956632, -32.981391], [137.955183, -32.989158], [137.95713, -32.988755], [137.958338, -32.989433], [137.955618, -32.993901], [137.954552, -32.998471], [137.952644, -33.0002], [137.952082, -33.00601], [137.955218, -33.009293], [137.962058, -33.013688], [137.964303, -33.016481], [137.966396, -33.016954], [137.968886, -33.015709], [137.971513, -33.015753], [137.983024, -33.020154], [137.984761, -33.018447], [137.988809, -33.019084], [137.998601, -33.023836], [137.999521, -33.023207], [138.001357, -33.023974], [138.012957, -33.032067], [138.01142, -33.030382], [138.014647, -33.031809], [138.018784, -33.035621], [138.028214, -33.051091], [138.030306, -33.05795], [138.033338, -33.063474], [138.038214, -33.071072], [138.039986, -33.072555], [138.045942, -33.0867], [138.045017, -33.090859], [138.040837, -33.089853], [138.041094, -33.09328], [138.036028, -33.096349], [138.036744, -33.098638], [138.039252, -33.101157], [138.030634, -33.09837], [138.024439, -33.102324], [138.02463, -33.10578], [138.030339, -33.107229], [138.032957, -33.106923], [138.035502, -33.105808], [138.03422, -33.105577], [138.036705, -33.102965], [138.048234, -33.109069], [138.049563, -33.111405], [138.053069, -33.1126], [138.054408, -33.115096], [138.054574, -33.11883], [138.053254, -33.122687], [138.052869, -33.127247], [138.050625, -33.129428], [138.050141, -33.132475], [138.048044, -33.135837], [138.044638, -33.138249], [138.040429, -33.139582], [138.040095, -33.140996], [138.039225, -33.140934], [138.038774, -33.142151], [138.035421, -33.144048], [138.030787, -33.144927], [138.030035, -33.146161], [138.024231, -33.146584], [138.020918, -33.149031], [138.02062, -33.151143], [138.027937, -33.15393], [138.028292, -33.15501], [138.02476, -33.155269], [138.018263, -33.159353], [138.017652, -33.161443], [138.018463, -33.164164], [138.017583, -33.16309], [138.017372, -33.166589], [138.014781, -33.173223], [138.015341, -33.175233], [138.013877, -33.177315], [138.014093, -33.178089], [138.015327, -33.178964], [138.014538, -33.177347], [138.015338, -33.176892], [138.01921, -33.179812], [138.021303, -33.179641], [138.022988, -33.178398], [138.02499, -33.173673], [138.027494, -33.170892], [138.031901, -33.169523], [138.036289, -33.169499], [138.036282, -33.171021], [138.032577, -33.171225], [138.030429, -33.173244], [138.030178, -33.174579], [138.027765, -33.177443], [138.027854, -33.178795], [138.025293, -33.181038], [138.024136, -33.181183], [138.024228, -33.181884], [138.019439, -33.182561], [138.016242, -33.182084], [138.012968, -33.17968], [138.011463, -33.177143], [138.014161, -33.168213], [138.014372, -33.164715], [138.013465, -33.164357], [138.013576, -33.161996], [138.012625, -33.161685], [138.013031, -33.153719], [138.001337, -33.144027], [138.003739, -33.140915], [138.003518, -33.139446], [138.004375, -33.137836], [138.006979, -33.137036], [138.006969, -33.132596], [138.004622, -33.13103], [138.000282, -33.13189], [137.998138, -33.13446], [137.989983, -33.140593], [137.987635, -33.143951], [137.98032, -33.145468], [137.976892, -33.145412], [137.976088, -33.146253], [137.976305, -33.147877], [137.974525, -33.146874], [137.973584, -33.147237], [137.970892, -33.148919], [137.968915, -33.152127], [137.966584, -33.153041], [137.958531, -33.153324], [137.954364, -33.154713], [137.954117, -33.156072], [137.956026, -33.157967], [137.958581, -33.162583], [137.963533, -33.160505], [137.962097, -33.16213], [137.959044, -33.163564], [137.958306, -33.167765], [137.956115, -33.168125], [137.957445, -33.16746], [137.958029, -33.166033], [137.955401, -33.166849], [137.957517, -33.164981], [137.956026, -33.163712], [137.955201, -33.165503], [137.953143, -33.166397], [137.954149, -33.164587], [137.953889, -33.163147], [137.951109, -33.160674], [137.946934, -33.159027], [137.944072, -33.159302], [137.939986, -33.15815], [137.937025, -33.161659], [137.934403, -33.168252], [137.929801, -33.174009], [137.925484, -33.176496], [137.921603, -33.177523], [137.911775, -33.17736], [137.910935, -33.175219], [137.911849, -33.173429], [137.911553, -33.172238], [137.910549, -33.171506], [137.907816, -33.171441], [137.905385, -33.173762], [137.901076, -33.174119], [137.896351, -33.17627], [137.892987, -33.180342], [137.886033, -33.182935], [137.879751, -33.183353], [137.869194, -33.18974], [137.86437, -33.191767], [137.861588, -33.191882], [137.861714, -33.1932], [137.859431, -33.194922], [137.853601, -33.196834], [137.851832, -33.198565], [137.8503, -33.202575], [137.851402, -33.205831], [137.852775, -33.205266], [137.852204, -33.207828], [137.853731, -33.207814], [137.85248, -33.208368], [137.852958, -33.209589], [137.84695, -33.211886], [137.84629, -33.208425], [137.844879, -33.207108], [137.837982, -33.207238], [137.837218, -33.209899], [137.834721, -33.212179], [137.833586, -33.217124], [137.834088, -33.218976], [137.832234, -33.22002], [137.832747, -33.22158], [137.831099, -33.224474], [137.827472, -33.227162], [137.826449, -33.233676], [137.823272, -33.238886], [137.821262, -33.244931], [137.821735, -33.246046], [137.825116, -33.24682], [137.82675, -33.248593], [137.824227, -33.251163], [137.823605, -33.253992], [137.820855, -33.256133], [137.819564, -33.256486], [137.820088, -33.255708], [137.819552, -33.25564], [137.816059, -33.257199], [137.812833, -33.260667], [137.811132, -33.266254], [137.810904, -33.274469], [137.812381, -33.278801], [137.81721, -33.28641], [137.827682, -33.29722], [137.834756, -33.302565], [137.837154, -33.302917], [137.83565, -33.302361], [137.836418, -33.302176], [137.839821, -33.303672], [137.843444, -33.308199], [137.844003, -33.307351], [137.84201, -33.305258], [137.844705, -33.304728], [137.842318, -33.30373], [137.842666, -33.30463], [137.840951, -33.30404], [137.840969, -33.303346], [137.842742, -33.302839], [137.839605, -33.300711], [137.841929, -33.301354], [137.84429, -33.303755], [137.84647, -33.307251], [137.846379, -33.308694], [137.843406, -33.311163], [137.842526, -33.316505], [137.85183, -33.32618], [137.856436, -33.328842], [137.861731, -33.328949], [137.858492, -33.327031], [137.865493, -33.32851], [137.86527, -33.327261], [137.86066, -33.326492], [137.861362, -33.325773], [137.859129, -33.325946], [137.861551, -33.324934], [137.861039, -33.324242], [137.863495, -33.324373], [137.866333, -33.327583], [137.866072, -33.329082], [137.870353, -33.330912], [137.873503, -33.330279], [137.871382, -33.329941], [137.872891, -33.32919], [137.868296, -33.32834], [137.86661, -33.326962], [137.86483, -33.323331], [137.867277, -33.32399], [137.867456, -33.322587], [137.858829, -33.320776], [137.859144, -33.319519], [137.863391, -33.31732], [137.863814, -33.319448], [137.86488, -33.320491], [137.864277, -33.31842], [137.8656, -33.317356], [137.871186, -33.320249], [137.871815, -33.322073], [137.867857, -33.322338], [137.87079, -33.323373], [137.871124, -33.325265], [137.874431, -33.328517], [137.874739, -33.330543], [137.875538, -33.32938], [137.878627, -33.329884], [137.878542, -33.329175], [137.876357, -33.328464], [137.879005, -33.327944], [137.874043, -33.326502], [137.874252, -33.324501], [137.875766, -33.322821], [137.875346, -33.322209], [137.874614, -33.323019], [137.873334, -33.32032], [137.873527, -33.318797], [137.870242, -33.317843], [137.87414, -33.316092], [137.881243, -33.323158], [137.885004, -33.338589], [137.884466, -33.340517], [137.884837, -33.348279], [137.883841, -33.347868], [137.883503, -33.349457], [137.884973, -33.350453], [137.885534, -33.352196], [137.883687, -33.3524], [137.885217, -33.352986], [137.889002, -33.352732], [137.891216, -33.353978], [137.88899, -33.352981], [137.886123, -33.353252], [137.887625, -33.353797], [137.888215, -33.355734], [137.88771, -33.358721], [137.88663, -33.359807], [137.885468, -33.358844], [137.886971, -33.355541], [137.884397, -33.357058], [137.885008, -33.353832], [137.883704, -33.354767], [137.882871, -33.357762], [137.886363, -33.362411], [137.88678, -33.364438], [137.889083, -33.365565], [137.889516, -33.3642], [137.890944, -33.366841], [137.889192, -33.36597], [137.888685, -33.366412], [137.886231, -33.364789], [137.885829, -33.362639], [137.883258, -33.359406], [137.880351, -33.359425], [137.878399, -33.360555], [137.87703, -33.362863], [137.877896, -33.360786], [137.8755, -33.362386], [137.874149, -33.365068], [137.873975, -33.377135], [137.870775, -33.39067], [137.870496, -33.39654], [137.873405, -33.402072], [137.877529, -33.407236], [137.88196, -33.411396], [137.886074, -33.413913], [137.892781, -33.422457], [137.891729, -33.420963], [137.892419, -33.420509], [137.893217, -33.423716], [137.895237, -33.426382], [137.893792, -33.423004], [137.897488, -33.427392], [137.897628, -33.428282], [137.896027, -33.426858], [137.898815, -33.430947], [137.900863, -33.431894], [137.905021, -33.436776], [137.906374, -33.436777], [137.905684, -33.435556], [137.906465, -33.435644], [137.904068, -33.431902], [137.906643, -33.434132], [137.909247, -33.43866], [137.909244, -33.441319], [137.910663, -33.444433], [137.909496, -33.443897], [137.909965, -33.445597], [137.908778, -33.445963], [137.910233, -33.446531], [137.910863, -33.448646], [137.911807, -33.44872], [137.911424, -33.449827], [137.912577, -33.452794], [137.917954, -33.461343], [137.918807, -33.464257], [137.923272, -33.469478], [137.924966, -33.473658], [137.927459, -33.476294], [137.929754, -33.481456], [137.930481, -33.481706], [137.929681, -33.482566], [137.929025, -33.489826], [137.932892, -33.499684], [137.939111, -33.50639], [137.941451, -33.50728], [137.941163, -33.505692], [137.944965, -33.50758], [137.943439, -33.508218], [137.943714, -33.509431], [137.942401, -33.509941], [137.94316, -33.512347], [137.945403, -33.512467], [137.94581, -33.513822], [137.94729, -33.513027], [137.947552, -33.513983], [137.947858, -33.51282], [137.946745, -33.512309], [137.94682, -33.51155], [137.949068, -33.512444], [137.94783, -33.515199], [137.942783, -33.516139], [137.94143, -33.518107], [137.94026, -33.525647], [137.940589, -33.530565], [137.939756, -33.540067], [137.938758, -33.542898], [137.937122, -33.543181], [137.939435, -33.546474], [137.939426, -33.547918], [137.94144, -33.549575], [137.944346, -33.55053], [137.951829, -33.549193], [137.962976, -33.550773], [137.966517, -33.548814], [137.967666, -33.547319], [137.968079, -33.544956], [137.969377, -33.545545], [137.968956, -33.542579], [137.971121, -33.539426], [137.969748, -33.5429], [137.969966, -33.544554], [137.976338, -33.549774], [137.973822, -33.552984], [137.978959, -33.553865], [137.975176, -33.555069], [137.977164, -33.556896], [137.97719, -33.559603], [137.973791, -33.559839], [137.971334, -33.561381], [137.970494, -33.564285], [137.971428, -33.564779], [137.971451, -33.566989], [137.970064, -33.567936], [137.968089, -33.567542], [137.967489, -33.571369], [137.964795, -33.574318], [137.961073, -33.571718], [137.959463, -33.572281], [137.954697, -33.571563], [137.951782, -33.573302], [137.949976, -33.571922], [137.950208, -33.56902], [137.948277, -33.563215], [137.949084, -33.559599], [137.943606, -33.555839], [137.944315, -33.555097], [137.946916, -33.555624], [137.946766, -33.554549], [137.941632, -33.553191], [137.935352, -33.552675], [137.937027, -33.553702], [137.934861, -33.556155], [137.936589, -33.573457], [137.935597, -33.580101], [137.933799, -33.583278], [137.93378, -33.584687], [137.931896, -33.586699], [137.931208, -33.589529], [137.929249, -33.591286], [137.930242, -33.593353], [137.929228, -33.600717], [137.928286, -33.604334], [137.926134, -33.607008], [137.927487, -33.609433], [137.92752, -33.611452], [137.925393, -33.612809], [137.925252, -33.616045], [137.922277, -33.620799], [137.919537, -33.62399], [137.917547, -33.624978], [137.911746, -33.625821], [137.910189, -33.627295], [137.90159, -33.628898], [137.8995, -33.628805], [137.898707, -33.627812], [137.89462, -33.62682], [137.89323, -33.625613], [137.895892, -33.62582], [137.893809, -33.624315], [137.89384, -33.621328], [137.894694, -33.618943], [137.897239, -33.617485], [137.897215, -33.614578], [137.898712, -33.613121], [137.900505, -33.606394], [137.901006, -33.600395], [137.905083, -33.596919], [137.907666, -33.596482], [137.909778, -33.599386], [137.907928, -33.597221], [137.906556, -33.596949], [137.903314, -33.600577], [137.90353, -33.608276], [137.904087, -33.607739], [137.904211, -33.608547], [137.906214, -33.609104], [137.905754, -33.609362], [137.906517, -33.609924], [137.903871, -33.609061], [137.905303, -33.610563], [137.903963, -33.610073], [137.903569, -33.614486], [137.904861, -33.614868], [137.904349, -33.61553], [137.905638, -33.616216], [137.909812, -33.616334], [137.913797, -33.612915], [137.91097, -33.614693], [137.915594, -33.610213], [137.916333, -33.608659], [137.914989, -33.60856], [137.916783, -33.608], [137.918556, -33.604459], [137.924238, -33.597412], [137.920977, -33.592053], [137.919659, -33.58733], [137.91407, -33.586236], [137.904877, -33.585864], [137.892462, -33.587902], [137.889895, -33.591637], [137.884943, -33.594656], [137.882607, -33.594898], [137.881006, -33.596348], [137.879023, -33.596782], [137.876237, -33.60005], [137.876086, -33.60477], [137.87348, -33.605448], [137.872276, -33.606637], [137.8721, -33.608299], [137.867446, -33.616383], [137.865313, -33.621918], [137.861522, -33.627247], [137.857277, -33.631321], [137.850983, -33.636052], [137.849921, -33.636139], [137.847046, -33.639345], [137.841338, -33.641479], [137.837842, -33.640749], [137.834527, -33.642457], [137.831491, -33.646593], [137.829668, -33.647077], [137.827745, -33.64885], [137.825556, -33.656202], [137.822134, -33.656247], [137.818828, -33.657921], [137.819591, -33.662155], [137.815127, -33.662655], [137.813049, -33.664715], [137.813089, -33.665681], [137.814705, -33.666154], [137.813912, -33.66771], [137.811696, -33.668768], [137.809101, -33.668706], [137.809498, -33.670362], [137.808277, -33.671842], [137.806996, -33.672013], [137.806834, -33.675131], [137.805224, -33.675348], [137.80619, -33.67697], [137.800547, -33.683113], [137.796771, -33.686233], [137.796961, -33.685135], [137.793433, -33.685239], [137.789077, -33.6873], [137.783875, -33.692004], [137.776311, -33.694961], [137.763724, -33.707027], [137.760713, -33.71083], [137.757718, -33.712005], [137.755144, -33.714222], [137.750231, -33.720435], [137.742411, -33.733019], [137.740365, -33.734198], [137.738289, -33.737037], [137.736431, -33.737836], [137.73476, -33.741612], [137.734532, -33.742781], [137.752577, -33.751193], [137.857029, -33.748819], [137.861184, -33.755644], [138.069792, -33.752973], [138.078694, -33.991552], [138.266827, -33.988882], [138.273949, -33.978496], [138.261189, -33.952679], [138.250803, -33.937842], [138.257332, -33.935765], [138.271575, -33.930127], [138.270982, -33.916477], [138.281961, -33.912916], [138.294424, -33.924489], [138.307481, -33.927456], [138.328846, -33.922412], [138.377511, -33.936062], [138.408669, -34.030128], [138.429441, -34.025974], [138.477809, -34.028348], [138.511934, -34.021523], [138.538344, -34.022413], [138.57514, -34.018852], [138.572469, -34.007576], [138.573063, -33.986211], [138.584339, -33.976715], [138.58968, -33.960098], [138.592351, -33.940216], [138.67158, -33.921522], [138.680483, -33.929237], [138.689682, -33.933094], [138.697694, -33.941403], [138.717872, -33.933391], [138.732412, -33.92894], [138.741908, -33.939029], [138.750216, -33.938436], [138.771582, -33.92805], [138.784638, -33.933391], [138.795321, -33.932204], [138.806894, -33.942293], [138.823511, -33.947041], [138.833897, -33.937249], [138.83271, -33.917664], [138.832413, -33.904607], [138.83271, -33.874933], [138.813719, -33.853568], [138.833007, -33.844963], [138.895916, -33.849414], [138.894729, -33.832796], [138.88731, -33.813212], [138.881969, -33.790659], [139.696223, -33.797781], [139.695036, -33.873747], [139.862398, -33.873747], [139.85943, -33.949712], [140.212551, -33.949118], [140.217299, -34.01084], [140.368042, -34.013214], [140.371603, -33.329526], [141.002469, -33.319183], [140.999475, -28.999095]]], [[[136.157115, -35.015833], [136.157368, -35.018014], [136.159291, -35.020294], [136.158103, -35.022582], [136.155898, -35.022748], [136.154784, -35.023404], [136.15519, -35.023817], [136.152171, -35.025158], [136.147448, -35.024728], [136.146937, -35.02632], [136.147486, -35.026765], [136.146785, -35.026593], [136.147926, -35.028429], [136.149426, -35.029066], [136.151084, -35.032323], [136.152952, -35.03294], [136.152637, -35.034135], [136.154128, -35.034776], [136.151321, -35.035643], [136.152127, -35.037929], [136.153412, -35.038224], [136.152021, -35.038699], [136.152088, -35.039744], [136.154196, -35.039626], [136.154421, -35.040414], [136.155826, -35.040679], [136.154617, -35.041726], [136.154967, -35.043626], [136.15439, -35.044438], [136.156063, -35.046363], [136.155786, -35.047198], [136.160544, -35.049808], [136.159744, -35.050194], [136.161903, -35.051198], [136.16157, -35.052274], [136.162382, -35.053665], [136.164897, -35.054423], [136.163087, -35.054896], [136.1679, -35.05881], [136.169312, -35.059038], [136.171574, -35.057859], [136.175456, -35.061172], [136.176914, -35.061493], [136.179035, -35.058969], [136.178127, -35.054675], [136.180969, -35.054276], [136.184423, -35.055772], [136.18597, -35.053135], [136.187817, -35.052027], [136.189855, -35.052493], [136.19218, -35.056633], [136.194465, -35.059478], [136.195715, -35.059919], [136.197493, -35.063515], [136.198381, -35.063908], [136.197424, -35.064538], [136.200019, -35.06541], [136.201796, -35.064592], [136.201428, -35.063278], [136.203292, -35.064073], [136.202433, -35.05619], [136.204519, -35.053319], [136.204308, -35.052098], [136.201429, -35.051097], [136.199178, -35.052718], [136.197886, -35.052367], [136.194991, -35.049883], [136.192501, -35.044324], [136.192375, -35.039935], [136.194769, -35.034638], [136.192482, -35.033671], [136.192335, -35.031538], [136.19305, -35.030953], [136.191161, -35.029363], [136.191109, -35.025337], [136.189971, -35.024595], [136.189614, -35.023191], [136.190854, -35.019917], [136.194451, -35.015869], [136.193387, -35.013588], [136.191383, -35.012744], [136.189617, -35.010463], [136.190551, -35.007436], [136.189708, -35.004449], [136.188339, -35.004148], [136.188168, -35.005644], [136.185873, -35.007602], [136.181618, -35.007518], [136.176086, -35.005754], [136.169917, -35.0015], [136.168623, -34.997539], [136.165136, -34.997142], [136.163036, -34.995185], [136.162863, -34.993812], [136.157768, -34.993564], [136.149943, -34.987895], [136.145772, -34.98383], [136.144297, -34.980674], [136.141471, -34.97883], [136.132835, -34.966136], [136.129238, -34.956913], [136.129531, -34.952374], [136.123899, -34.950078], [136.123254, -34.948466], [136.121569, -34.947217], [136.116818, -34.946345], [136.109021, -34.933989], [136.107292, -34.93245], [136.103715, -34.932639], [136.098166, -34.940113], [136.094446, -34.940711], [136.091929, -34.938943], [136.090837, -34.94144], [136.088894, -34.941836], [136.08687, -34.943758], [136.082766, -34.94543], [136.082548, -34.947286], [136.07944, -34.950089], [136.078739, -34.952161], [136.081272, -34.953596], [136.082093, -34.955443], [136.083869, -34.954412], [136.086457, -34.954302], [136.089183, -34.956008], [136.085009, -34.959691], [136.083678, -34.964434], [136.084155, -34.966901], [136.089563, -34.968856], [136.093799, -34.968426], [136.096915, -34.966802], [136.098809, -34.967369], [136.101422, -34.966732], [136.107044, -34.968714], [136.109902, -34.96874], [136.110639, -34.969791], [136.109911, -34.971351], [136.110501, -34.975601], [136.111885, -34.977026], [136.113222, -34.97721], [136.114494, -34.978711], [136.117146, -34.978413], [136.117362, -34.980515], [136.120281, -34.981833], [136.121861, -34.983589], [136.126401, -34.985288], [136.126322, -34.986155], [136.129685, -34.986639], [136.133505, -34.98909], [136.133927, -34.990609], [136.134563, -34.989997], [136.135458, -34.991127], [136.138102, -34.99194], [136.140612, -34.994718], [136.142418, -34.994938], [136.142895, -34.997056], [136.145636, -34.997755], [136.147497, -34.999528], [136.147976, -35.001459], [136.15347, -35.003159], [136.15746, -35.007948], [136.15716, -35.009741], [136.155686, -35.011566], [136.158466, -35.01455], [136.157115, -35.015833]]], [[[134.457075, -33.746254], [134.458137, -33.750746], [134.456238, -33.754708], [134.454535, -33.755669], [134.454148, -33.757226], [134.451814, -33.758461], [134.450851, -33.760178], [134.450374, -33.766067], [134.446879, -33.771837], [134.44822, -33.77358], [134.45176, -33.773401], [134.460935, -33.767178], [134.463733, -33.767732], [134.464861, -33.766083], [134.467826, -33.764414], [134.471894, -33.759697], [134.47799, -33.756358], [134.479721, -33.754092], [134.486008, -33.750546], [134.487905, -33.747729], [134.490566, -33.747709], [134.494271, -33.745787], [134.496082, -33.745812], [134.496138, -33.74501], [134.493616, -33.743701], [134.499848, -33.739192], [134.502421, -33.735256], [134.504525, -33.734372], [134.504809, -33.732353], [134.506859, -33.731515], [134.507195, -33.72929], [134.503762, -33.728807], [134.503397, -33.72787], [134.504034, -33.72546], [134.506727, -33.723013], [134.510794, -33.723904], [134.514063, -33.721454], [134.515414, -33.719222], [134.517925, -33.717899], [134.51919, -33.718304], [134.52089, -33.721249], [134.523174, -33.722037], [134.526666, -33.720066], [134.529845, -33.722704], [134.530001, -33.724743], [134.530995, -33.725401], [134.531845, -33.719506], [134.535317, -33.718383], [134.537026, -33.719242], [134.538557, -33.718728], [134.540179, -33.719222], [134.541414, -33.722147], [134.544698, -33.724165], [134.547005, -33.724494], [134.547712, -33.721029], [134.547198, -33.718855], [134.539227, -33.71414], [134.53745, -33.71186], [134.534917, -33.704887], [134.534652, -33.702941], [134.535687, -33.699336], [134.533361, -33.696807], [134.533144, -33.69415], [134.53143, -33.692626], [134.531442, -33.688156], [134.529112, -33.685307], [134.527562, -33.677685], [134.520745, -33.678646], [134.513194, -33.683369], [134.503726, -33.685241], [134.50117, -33.686902], [134.497307, -33.684882], [134.495056, -33.687974], [134.491434, -33.690789], [134.483397, -33.694013], [134.475419, -33.693913], [134.474546, -33.69146], [134.473204, -33.690336], [134.470708, -33.691548], [134.468785, -33.694066], [134.471659, -33.697071], [134.47127, -33.701035], [134.466136, -33.7052], [134.466077, -33.707744], [134.468045, -33.711847], [134.46867, -33.715606], [134.467732, -33.719226], [134.466605, -33.721172], [134.465287, -33.721835], [134.466766, -33.72296], [134.465338, -33.724516], [134.467391, -33.726627], [134.468266, -33.728919], [134.467848, -33.733433], [134.466088, -33.736387], [134.462902, -33.739156], [134.459965, -33.740482], [134.457169, -33.73938], [134.455495, -33.739698], [134.453848, -33.740567], [134.453927, -33.742217], [134.457075, -33.746254]]], [[[133.582639, -32.2613], [133.58256, -32.258526], [133.584643, -32.255749], [133.583527, -32.255795], [133.586298, -32.255466], [133.587211, -32.254152], [133.588763, -32.254119], [133.589586, -32.253003], [133.593652, -32.251099], [133.589175, -32.252034], [133.585665, -32.254237], [133.579643, -32.254016], [133.568888, -32.265882], [133.567216, -32.266873], [133.565239, -32.266704], [133.559126, -32.262531], [133.555847, -32.264908], [133.553512, -32.265188], [133.550914, -32.263677], [133.548171, -32.266397], [133.549704, -32.266708], [133.550501, -32.267756], [133.551372, -32.273134], [133.547847, -32.274259], [133.547019, -32.275375], [133.540255, -32.278748], [133.541071, -32.279846], [133.540698, -32.28086], [133.543829, -32.282023], [133.54468, -32.297657], [133.547989, -32.301299], [133.548472, -32.30281], [133.550615, -32.303848], [133.550713, -32.304942], [133.549438, -32.306755], [133.549729, -32.308098], [133.551389, -32.308548], [133.553326, -32.307174], [133.557282, -32.308179], [133.560259, -32.310683], [133.561006, -32.31455], [133.563275, -32.317087], [133.567131, -32.31617], [133.571266, -32.319096], [133.574492, -32.318748], [133.574908, -32.318319], [133.573436, -32.316865], [133.576395, -32.315158], [133.577235, -32.315998], [133.58073, -32.313261], [133.579271, -32.310825], [133.579279, -32.307511], [133.580315, -32.306581], [133.590655, -32.306156], [133.592737, -32.30424], [133.593927, -32.304088], [133.597443, -32.304989], [133.59934, -32.307798], [133.600296, -32.307921], [133.603595, -32.30409], [133.60753, -32.301565], [133.608021, -32.293675], [133.611962, -32.282841], [133.616036, -32.278751], [133.628394, -32.27136], [133.622968, -32.273514], [133.618862, -32.273622], [133.615093, -32.270341], [133.610755, -32.264006], [133.611274, -32.260456], [133.614344, -32.256815], [133.61959, -32.252555], [133.635649, -32.244776], [133.635989, -32.243284], [133.63797, -32.242285], [133.647558, -32.239484], [133.647426, -32.238372], [133.643999, -32.238366], [133.644302, -32.2376], [133.648178, -32.237433], [133.648482, -32.238188], [133.650209, -32.237913], [133.64977, -32.238401], [133.666029, -32.235089], [133.673997, -32.232494], [133.668074, -32.230936], [133.655351, -32.232176], [133.630945, -32.2406], [133.624505, -32.239069], [133.618715, -32.243015], [133.615487, -32.246213], [133.611713, -32.248252], [133.608554, -32.251517], [133.591878, -32.263103], [133.588879, -32.264106], [133.582776, -32.268152], [133.578557, -32.268759], [133.575764, -32.267851], [133.576913, -32.266359], [133.575415, -32.264464], [133.577536, -32.265908], [133.579062, -32.265288], [133.578806, -32.264616], [133.581371, -32.262426], [133.582639, -32.2613]]], [[[136.484613, -35.173687], [136.485853, -35.175995], [136.489641, -35.176526], [136.491699, -35.175498], [136.492326, -35.171953], [136.493321, -35.171003], [136.492586, -35.170053], [136.494199, -35.167483], [136.493513, -35.166855], [136.494743, -35.166757], [136.492285, -35.163927], [136.492702, -35.162557], [136.494139, -35.161865], [136.493034, -35.159787], [136.489777, -35.159286], [136.487456, -35.15662], [136.485912, -35.157081], [136.470723, -35.149981], [136.466872, -35.145642], [136.461984, -35.142919], [136.46022, -35.138906], [136.457435, -35.135751], [136.454927, -35.135557], [136.453168, -35.134204], [136.451431, -35.134502], [136.454764, -35.13677], [136.453057, -35.138398], [136.453826, -35.144714], [136.45245, -35.145108], [136.450074, -35.148126], [136.448338, -35.148401], [136.445876, -35.147291], [136.441521, -35.148699], [136.441486, -35.150442], [136.442773, -35.15172], [136.441973, -35.152672], [136.442477, -35.153986], [136.441748, -35.156934], [136.444361, -35.160316], [136.453071, -35.166073], [136.456721, -35.165021], [136.460652, -35.165256], [136.463613, -35.162361], [136.468701, -35.163436], [136.471305, -35.164502], [136.471, -35.16585], [136.472802, -35.166516], [136.472807, -35.167663], [136.478541, -35.168586], [136.480332, -35.169848], [136.479627, -35.17165], [136.481951, -35.171313], [136.482162, -35.171912], [136.484613, -35.173687]]], [[[135.931678, -34.729759], [135.932793, -34.725407], [135.937263, -34.719738], [135.939915, -34.72114], [135.942558, -34.721064], [135.94421, -34.723942], [135.948246, -34.726709], [135.952615, -34.724793], [135.953064, -34.723721], [135.950623, -34.723414], [135.949407, -34.722312], [135.947834, -34.718257], [135.948006, -34.715372], [135.946103, -34.713307], [135.941591, -34.713638], [135.939865, -34.711598], [135.940868, -34.707289], [135.93925, -34.705366], [135.939698, -34.702358], [135.938918, -34.700895], [135.939096, -34.699065], [135.941046, -34.695642], [135.942912, -34.6943], [135.939754, -34.692164], [135.939579, -34.690448], [135.938328, -34.689395], [135.938574, -34.687447], [135.935172, -34.685448], [135.932934, -34.685563], [135.932433, -34.682175], [135.931376, -34.681], [135.928178, -34.681391], [135.926115, -34.682803], [135.922756, -34.683564], [135.921373, -34.683079], [135.918286, -34.679296], [135.917874, -34.672936], [135.916855, -34.673059], [135.913644, -34.677809], [135.913468, -34.683829], [135.915063, -34.687061], [135.915534, -34.690507], [135.914543, -34.692514], [135.913473, -34.692715], [135.911382, -34.695469], [135.91808, -34.697824], [135.921567, -34.699816], [135.923401, -34.701869], [135.922354, -34.706267], [135.922947, -34.708213], [135.921455, -34.709943], [135.921194, -34.7132], [135.921758, -34.714459], [135.927031, -34.717556], [135.926556, -34.72156], [135.930189, -34.723515], [135.9317, -34.725371], [135.931558, -34.726464], [135.929202, -34.728354], [135.929616, -34.730455], [135.928791, -34.732285], [135.929688, -34.733264], [135.929737, -34.732171], [135.931678, -34.729759]]], [[[133.285903, -32.494459], [133.289292, -32.492241], [133.288688, -32.490598], [133.285896, -32.49131], [133.281379, -32.495375], [133.27877, -32.49548], [133.277293, -32.494564], [133.27591, -32.496179], [133.274864, -32.495518], [133.272624, -32.49636], [133.270993, -32.496026], [133.269788, -32.498662], [133.267765, -32.500707], [133.269543, -32.502497], [133.270778, -32.502025], [133.271685, -32.503121], [133.275229, -32.502896], [133.277769, -32.504211], [133.280081, -32.506611], [133.281366, -32.510229], [133.283384, -32.511092], [133.283635, -32.512904], [133.282147, -32.515435], [133.278357, -32.515897], [133.277379, -32.517608], [133.279079, -32.519144], [133.28288, -32.517708], [133.287642, -32.517276], [133.288625, -32.51891], [133.287146, -32.523136], [133.285213, -32.524426], [133.287616, -32.528476], [133.288373, -32.527245], [133.290161, -32.52687], [133.292136, -32.524274], [133.292915, -32.524726], [133.295602, -32.523831], [133.302013, -32.523445], [133.304489, -32.521998], [133.3048, -32.520695], [133.301944, -32.5186], [133.303425, -32.515313], [133.305401, -32.515122], [133.311032, -32.51056], [133.309696, -32.507744], [133.311006, -32.506552], [133.310955, -32.503688], [133.307644, -32.502449], [133.307846, -32.501248], [133.310147, -32.499502], [133.308178, -32.497895], [133.301539, -32.502059], [133.301039, -32.50328], [133.29743, -32.503298], [133.289094, -32.500577], [133.286176, -32.497931], [133.285357, -32.496161], [133.285903, -32.494459]]], [[[133.820365, -32.36349], [133.82142, -32.363726], [133.821617, -32.362572], [133.82443, -32.363084], [133.820429, -32.361121], [133.821127, -32.362206], [133.820561, -32.362529], [133.818459, -32.361618], [133.819633, -32.363364], [133.817126, -32.362582], [133.818905, -32.364421], [133.81619, -32.364116], [133.813059, -32.362135], [133.812658, -32.362817], [133.811239, -32.362603], [133.812303, -32.361439], [133.813816, -32.36129], [133.811922, -32.359351], [133.811173, -32.359857], [133.812463, -32.361088], [133.810258, -32.361182], [133.808873, -32.360606], [133.808585, -32.359318], [133.806843, -32.358759], [133.807141, -32.357881], [133.809306, -32.358661], [133.813136, -32.358491], [133.814528, -32.355451], [133.811921, -32.356137], [133.807399, -32.354887], [133.797492, -32.354348], [133.794875, -32.354814], [133.788077, -32.358797], [133.794227, -32.36363], [133.804873, -32.365358], [133.819651, -32.376303], [133.831964, -32.377336], [133.839277, -32.378961], [133.844677, -32.381533], [133.849719, -32.385588], [133.855445, -32.387661], [133.857517, -32.387572], [133.851692, -32.380543], [133.845088, -32.380727], [133.84167, -32.377058], [133.837308, -32.375093], [133.837098, -32.372551], [133.840483, -32.373424], [133.840764, -32.371959], [133.838481, -32.372146], [133.829969, -32.368325], [133.835897, -32.37149], [133.832079, -32.371616], [133.827229, -32.368482], [133.826223, -32.368732], [133.825543, -32.366382], [133.821276, -32.365453], [133.821191, -32.364395], [133.820365, -32.36349]]], [[[136.32951, -34.662661], [136.333491, -34.666062], [136.333706, -34.668067], [136.336537, -34.670918], [136.339577, -34.671456], [136.341816, -34.673234], [136.341733, -34.677585], [136.3429, -34.681196], [136.344484, -34.682606], [136.34699, -34.682956], [136.347925, -34.681648], [136.347755, -34.679486], [136.34421, -34.675495], [136.345068, -34.672334], [136.347554, -34.669721], [136.350346, -34.669201], [136.35069, -34.666763], [136.352204, -34.665154], [136.358049, -34.66507], [136.359081, -34.663813], [136.358054, -34.662095], [136.353662, -34.658829], [136.355779, -34.656552], [136.35365, -34.653671], [136.344605, -34.650539], [136.335225, -34.650925], [136.33107, -34.655832], [136.329893, -34.658364], [136.329944, -34.661655], [136.32951, -34.662661]]], [[[136.283339, -34.517462], [136.286305, -34.513066], [136.291836, -34.507968], [136.296663, -34.505594], [136.303091, -34.50728], [136.305473, -34.505716], [136.305091, -34.504033], [136.302364, -34.502021], [136.295289, -34.50252], [136.294072, -34.503469], [136.293919, -34.505531], [136.288689, -34.507806], [136.287299, -34.507679], [136.286249, -34.505562], [136.283834, -34.503517], [136.281281, -34.50281], [136.279936, -34.50389], [136.279604, -34.506315], [136.278367, -34.507482], [136.279563, -34.508795], [136.279656, -34.511019], [136.276584, -34.518696], [136.278066, -34.523321], [136.275747, -34.526958], [136.276905, -34.535771], [136.275603, -34.538089], [136.27076, -34.540879], [136.270571, -34.542143], [136.271294, -34.54629], [136.275566, -34.549608], [136.284243, -34.548138], [136.286523, -34.545408], [136.284923, -34.544797], [136.28375, -34.540577], [136.282113, -34.541156], [136.280781, -34.540601], [136.279171, -34.53959], [136.278582, -34.537655], [136.278962, -34.534171], [136.281205, -34.530539], [136.283458, -34.529579], [136.285074, -34.530367], [136.287571, -34.530193], [136.28389, -34.527525], [136.283789, -34.525271], [136.28565, -34.523209], [136.282955, -34.521748], [136.282601, -34.520161], [136.283339, -34.517462]]], [[[134.78465, -33.600379], [134.787419, -33.599252], [134.78826, -33.600323], [134.789702, -33.600328], [134.793128, -33.603545], [134.7979, -33.60424], [134.80012, -33.606309], [134.802138, -33.606137], [134.80445, -33.607958], [134.803828, -33.60902], [134.806786, -33.610433], [134.808476, -33.60925], [134.808539, -33.608245], [134.809595, -33.608193], [134.808792, -33.606178], [134.806604, -33.605374], [134.808594, -33.598635], [134.813014, -33.594114], [134.811778, -33.592065], [134.809605, -33.59079], [134.805619, -33.595385], [134.798274, -33.594322], [134.795914, -33.592833], [134.791621, -33.59233], [134.787505, -33.593555], [134.78366, -33.591748], [134.781376, -33.592537], [134.781262, -33.594055], [134.777909, -33.594178], [134.776051, -33.595039], [134.77677, -33.59609], [134.776622, -33.598014], [134.779577, -33.600323], [134.781761, -33.600179], [134.782274, -33.600884], [134.783192, -33.599913], [134.78465, -33.600379]]], [[[133.503454, -32.315819], [133.50138, -32.317137], [133.501381, -32.318356], [133.506674, -32.319192], [133.508176, -32.317638], [133.511448, -32.317522], [133.512292, -32.316176], [133.515259, -32.316094], [133.522203, -32.313005], [133.524131, -32.310087], [133.524813, -32.31082], [133.527855, -32.309144], [133.530727, -32.304603], [133.528538, -32.302674], [133.526029, -32.303495], [133.521868, -32.303453], [133.521359, -32.301394], [133.520424, -32.30078], [133.517858, -32.301054], [133.516754, -32.301921], [133.51499, -32.301266], [133.51268, -32.302358], [133.511497, -32.304386], [133.507871, -32.305071], [133.50487, -32.307017], [133.503168, -32.309698], [133.503917, -32.311108], [133.502473, -32.312595], [133.503434, -32.314725], [133.503454, -32.315819]]], [[[136.007856, -34.865242], [136.000748, -34.87283], [136.001419, -34.87562], [136.000466, -34.876951], [136.001535, -34.878453], [136.000637, -34.879403], [136.00139, -34.881399], [136.005468, -34.884627], [136.005259, -34.886918], [136.006878, -34.889472], [136.010196, -34.891351], [136.012886, -34.889928], [136.013729, -34.886175], [136.013291, -34.884576], [136.014585, -34.882591], [136.012849, -34.879725], [136.01413, -34.878268], [136.014474, -34.876052], [136.012428, -34.866703], [136.007856, -34.865242]]], [[[133.646906, -32.453356], [133.645363, -32.452804], [133.644246, -32.453638], [133.641487, -32.453892], [133.638072, -32.451774], [133.637553, -32.44988], [133.636036, -32.450826], [133.634055, -32.449993], [133.632746, -32.451091], [133.627319, -32.45215], [133.625508, -32.457157], [133.627942, -32.459022], [133.63094, -32.457258], [133.631884, -32.459704], [133.634356, -32.461969], [133.639648, -32.463219], [133.641802, -32.461122], [133.642653, -32.461652], [133.644807, -32.46048], [133.648588, -32.460671], [133.648689, -32.459465], [133.650589, -32.458596], [133.653341, -32.455461], [133.653552, -32.45288], [133.654949, -32.451097], [133.650812, -32.449973], [133.649031, -32.450751], [133.649018, -32.451981], [133.646906, -32.453356]]], [[[133.658494, -32.45563], [133.661024, -32.455189], [133.666976, -32.44963], [133.669118, -32.44928], [133.670858, -32.447284], [133.674777, -32.446167], [133.677703, -32.446695], [133.678092, -32.443662], [133.679979, -32.444006], [133.682417, -32.442714], [133.6835, -32.440651], [133.682728, -32.438644], [133.680646, -32.43753], [133.678505, -32.434352], [133.675793, -32.434557], [133.674891, -32.435492], [133.672391, -32.434929], [133.669125, -32.43642], [133.669961, -32.438628], [133.668291, -32.442503], [133.667362, -32.443151], [133.663091, -32.443116], [133.661571, -32.443995], [133.660633, -32.445619], [133.661147, -32.447874], [133.658311, -32.450648], [133.656459, -32.450798], [133.657978, -32.451481], [133.657703, -32.453909], [133.658494, -32.45563]]], [[[135.95177, -34.592824], [135.953226, -34.593817], [135.954723, -34.593237], [135.95689, -34.589829], [135.959358, -34.58815], [135.958535, -34.585703], [135.960402, -34.583104], [135.958234, -34.582146], [135.957197, -34.57993], [135.958934, -34.574877], [135.957557, -34.572571], [135.955999, -34.57191], [135.955741, -34.56956], [135.953707, -34.568137], [135.946205, -34.568323], [135.946916, -34.57214], [135.946066, -34.574734], [135.948825, -34.576775], [135.953482, -34.582598], [135.953787, -34.583938], [135.951844, -34.587501], [135.952484, -34.589066], [135.95177, -34.592824]]], [[[136.059734, -35.237854], [136.063157, -35.237314], [136.067062, -35.238799], [136.07102, -35.238131], [136.072582, -35.237101], [136.072638, -35.234809], [136.071713, -35.232639], [136.069943, -35.231853], [136.068249, -35.229142], [136.07329, -35.227574], [136.072377, -35.227169], [136.072506, -35.22646], [136.070411, -35.226448], [136.069925, -35.224583], [136.068015, -35.222671], [136.063705, -35.222945], [136.061427, -35.224674], [136.063657, -35.227187], [136.061512, -35.226899], [136.061035, -35.22813], [136.058125, -35.229412], [136.058067, -35.23175], [136.05588, -35.233181], [136.05561, -35.23508], [136.059734, -35.237854]]], [[[135.972327, -35.034782], [135.972057, -35.035361], [135.974167, -35.037462], [135.9751, -35.037552], [135.974871, -35.036114], [135.975788, -35.036394], [135.977629, -35.034656], [135.978808, -35.035086], [135.983011, -35.033745], [135.981348, -35.029398], [135.981591, -35.024533], [135.979491, -35.02186], [135.979087, -35.020076], [135.978397, -35.019832], [135.978193, -35.020674], [135.979071, -35.021561], [135.97757, -35.022645], [135.977583, -35.023593], [135.975849, -35.02429], [135.975596, -35.026931], [135.974324, -35.027879], [135.972967, -35.027603], [135.970249, -35.023605], [135.96633, -35.021332], [135.965413, -35.023308], [135.966471, -35.024125], [135.965936, -35.024149], [135.967982, -35.028915], [135.967362, -35.031479], [135.972327, -35.034782]]], [[[133.280302, -32.568126], [133.283921, -32.568624], [133.287308, -32.56817], [133.287953, -32.567281], [133.291656, -32.567505], [133.290094, -32.564389], [133.294818, -32.562776], [133.295966, -32.559223], [133.298847, -32.557883], [133.298755, -32.556393], [133.293327, -32.556821], [133.292748, -32.557824], [133.290701, -32.558255], [133.28722, -32.556315], [133.286832, -32.553449], [133.283701, -32.554077], [133.281962, -32.557351], [133.282628, -32.559509], [133.286041, -32.560269], [133.286559, -32.562357], [133.28604, -32.564128], [133.28325, -32.564485], [133.278366, -32.562121], [133.275806, -32.562525], [133.275381, -32.565476], [133.278472, -32.566062], [133.28031, -32.567428], [133.280302, -32.568126]]], [[[134.667349, -33.216175], [134.6684, -33.216814], [134.676072, -33.217238], [134.677823, -33.216098], [134.679271, -33.213418], [134.676304, -33.215625], [134.676496, -33.215054], [134.679596, -33.21283], [134.681724, -33.209618], [134.681803, -33.2081], [134.680315, -33.209476], [134.679812, -33.206355], [134.678297, -33.204048], [134.673037, -33.202072], [134.67076, -33.202427], [134.673239, -33.206595], [134.673063, -33.208548], [134.671466, -33.209761], [134.670103, -33.209823], [134.669701, -33.20859], [134.668257, -33.209408], [134.666228, -33.212762], [134.666264, -33.209665], [134.666083, -33.213146], [134.667349, -33.216175]]], [[[136.054404, -34.96426], [136.053698, -34.965904], [136.050633, -34.968109], [136.051934, -34.970998], [136.059879, -34.968078], [136.062871, -34.967583], [136.065474, -34.96833], [136.066433, -34.965462], [136.069964, -34.963205], [136.066101, -34.958088], [136.059975, -34.957347], [136.059675, -34.958864], [136.054404, -34.96426]]], [[[135.618051, -34.993784], [135.617181, -34.994468], [135.618958, -34.996241], [135.618876, -34.997602], [135.61696, -34.997076], [135.616781, -34.99829], [135.615832, -34.998811], [135.617904, -34.99894], [135.618182, -35.000491], [135.617131, -35.001375], [135.618238, -35.001928], [135.619614, -35.001115], [135.620127, -34.998784], [135.61962, -34.997794], [135.621465, -34.995874], [135.622425, -34.996272], [135.622852, -34.99436], [135.62375, -34.994015], [135.625232, -34.989219], [135.624923, -34.987566], [135.625862, -34.986594], [135.625366, -34.985102], [135.626345, -34.982111], [135.624072, -34.979516], [135.620178, -34.979345], [135.61736, -34.980197], [135.617087, -34.982286], [135.61899, -34.984498], [135.617469, -34.986136], [135.618088, -34.992274], [135.618051, -34.993784]]], [[[133.484728, -32.37318], [133.487094, -32.371168], [133.484982, -32.368784], [133.486205, -32.367726], [133.482535, -32.367612], [133.481132, -32.369161], [133.476867, -32.370761], [133.476726, -32.371447], [133.478293, -32.372866], [133.47769, -32.373881], [133.478144, -32.374423], [133.47536, -32.37641], [133.476524, -32.377654], [133.475497, -32.380797], [133.477738, -32.382369], [133.480694, -32.382467], [133.482262, -32.383737], [133.485094, -32.380857], [133.48452, -32.378562], [133.48536, -32.376643], [133.484728, -32.37318]]], [[[133.366691, -32.402932], [133.367657, -32.403523], [133.370661, -32.402731], [133.375709, -32.402961], [133.376842, -32.401663], [133.377667, -32.397305], [133.381831, -32.395307], [133.381393, -32.393231], [133.378755, -32.392388], [133.375825, -32.393765], [133.373306, -32.393209], [133.37195, -32.393898], [133.369961, -32.392979], [133.367743, -32.393433], [133.369148, -32.398723], [133.366332, -32.398233], [133.366302, -32.401325], [133.366691, -32.402932]]], [[[134.261158, -32.679671], [134.263747, -32.679064], [134.265472, -32.680426], [134.268456, -32.68015], [134.27046, -32.682371], [134.276989, -32.681797], [134.279584, -32.680022], [134.278768, -32.678858], [134.275302, -32.677206], [134.275864, -32.675363], [134.27461, -32.674239], [134.270634, -32.676476], [134.268082, -32.675974], [134.266499, -32.674575], [134.263082, -32.675206], [134.261177, -32.67435], [134.261177, -32.676831], [134.25989, -32.678946], [134.261158, -32.679671]]], [[[136.312276, -34.593516], [136.319021, -34.596405], [136.321734, -34.596445], [136.323726, -34.595277], [136.325576, -34.591835], [136.321941, -34.589332], [136.317911, -34.589706], [136.31432, -34.588934], [136.312726, -34.589806], [136.309744, -34.589455], [136.308221, -34.592141], [136.306634, -34.592668], [136.306493, -34.593872], [136.312276, -34.593516]]], [[[133.284818, -32.588135], [133.287666, -32.586176], [133.289286, -32.586532], [133.289921, -32.585392], [133.288957, -32.583151], [133.287414, -32.583265], [133.285488, -32.578807], [133.278998, -32.580955], [133.276661, -32.583158], [133.276318, -32.584805], [133.277757, -32.58556], [133.277631, -32.58722], [133.280996, -32.588781], [133.284818, -32.588135]]], [[[136.033578, -34.91776], [136.034184, -34.916926], [136.034992, -34.913227], [136.038155, -34.907829], [136.037505, -34.906177], [136.036346, -34.906333], [136.035718, -34.905339], [136.032515, -34.905612], [136.030823, -34.910743], [136.029696, -34.911819], [136.027228, -34.911999], [136.027948, -34.916969], [136.031483, -34.917982], [136.033578, -34.91776]]], [[[136.46769, -35.122358], [136.472328, -35.123497], [136.478795, -35.121014], [136.475164, -35.116862], [136.472373, -35.116872], [136.470527, -35.115655], [136.469635, -35.115643], [136.469558, -35.11672], [136.468092, -35.117457], [136.46431, -35.116835], [136.463724, -35.118249], [136.46769, -35.122358]]], [[[136.268172, -34.681334], [136.268237, -34.682472], [136.269835, -34.683528], [136.272825, -34.683506], [136.271993, -34.679724], [136.272547, -34.678971], [136.279752, -34.681576], [136.274855, -34.67596], [136.269503, -34.675634], [136.267082, -34.673096], [136.26547, -34.676368], [136.265722, -34.6803], [136.268172, -34.681334]]], [[[133.826826, -32.3582], [133.83002, -32.357698], [133.835417, -32.360028], [133.832749, -32.357912], [133.82707, -32.355687], [133.827094, -32.354705], [133.828182, -32.355132], [133.82885, -32.354131], [133.829726, -32.355254], [133.830422, -32.354744], [133.830575, -32.355876], [133.831103, -32.354887], [133.831527, -32.356382], [133.832194, -32.355365], [133.832352, -32.356886], [133.834387, -32.356477], [133.834774, -32.355503], [133.833515, -32.354136], [133.829955, -32.352285], [133.824579, -32.35182], [133.816229, -32.35472], [133.818059, -32.354539], [133.819677, -32.355874], [133.820027, -32.355333], [133.819858, -32.356345], [133.821838, -32.357935], [133.822256, -32.357523], [133.825517, -32.358966], [133.822683, -32.355589], [133.826826, -32.3582]]], [[[135.164722, -34.722389], [135.163111, -34.722499], [135.160911, -34.724241], [135.155421, -34.725227], [135.153319, -34.726506], [135.154965, -34.727455], [135.154769, -34.728324], [135.150502, -34.732377], [135.152313, -34.733678], [135.157834, -34.731797], [135.159339, -34.727368], [135.164132, -34.723476], [135.165447, -34.723202], [135.167413, -34.719995], [135.166261, -34.719236], [135.162447, -34.719485], [135.164588, -34.721438], [135.164722, -34.722389]]], [[[136.112051, -35.329445], [136.115153, -35.329633], [136.114424, -35.325012], [136.117902, -35.323462], [136.118217, -35.320807], [136.119084, -35.320844], [136.11822, -35.3195], [136.119292, -35.319151], [136.11872, -35.31733], [136.118002, -35.316906], [136.11762, -35.3176], [136.116764, -35.31723], [136.117134, -35.318107], [136.115237, -35.317893], [136.114955, -35.31915], [136.114212, -35.318611], [136.112589, -35.320969], [136.113104, -35.321689], [136.112604, -35.32269], [136.110192, -35.324118], [136.109859, -35.325145], [136.112051, -35.329445]]], [[[136.112522, -35.335483], [136.11441, -35.334963], [136.115038, -35.337955], [136.117319, -35.338581], [136.1186, -35.339984], [136.122566, -35.340322], [136.122532, -35.339382], [136.126434, -35.340086], [136.126057, -35.338268], [136.122828, -35.335167], [136.120936, -35.335894], [136.117158, -35.33354], [136.11484, -35.334512], [136.112625, -35.332367], [136.112124, -35.333436], [136.111048, -35.332777], [136.11084, -35.334471], [136.112522, -35.335483]]], [[[135.86871, -34.777818], [135.868507, -34.779186], [135.873345, -34.778664], [135.876859, -34.776446], [135.879372, -34.773086], [135.878974, -34.769951], [135.877104, -34.769484], [135.873605, -34.771556], [135.873, -34.774389], [135.86871, -34.777818]]], [[[136.255668, -34.518996], [136.253745, -34.521087], [136.250769, -34.5222], [136.251303, -34.526605], [136.251925, -34.527025], [136.258219, -34.52596], [136.259063, -34.524158], [136.261023, -34.523453], [136.255668, -34.518996]]], [[[136.290438, -34.582242], [136.296678, -34.583861], [136.299565, -34.583472], [136.302508, -34.581832], [136.30157, -34.580519], [136.294399, -34.580189], [136.290894, -34.577682], [136.289372, -34.578929], [136.287243, -34.579269], [136.287832, -34.580133], [136.290438, -34.582242]]], [[[135.285474, -34.706993], [135.282803, -34.70805], [135.283145, -34.709201], [135.287141, -34.710244], [135.291934, -34.706451], [135.291393, -34.703506], [135.286429, -34.702813], [135.285977, -34.703279], [135.287131, -34.703912], [135.28689, -34.704941], [135.285474, -34.706993]]], [[[136.179861, -34.647074], [136.181425, -34.648884], [136.18391, -34.64953], [136.185722, -34.648735], [136.184893, -34.647983], [136.185876, -34.646672], [136.185386, -34.645478], [136.183693, -34.645067], [136.183156, -34.642622], [136.18453, -34.64167], [136.183501, -34.640636], [136.181148, -34.640582], [136.181244, -34.642216], [136.179822, -34.643005], [136.180386, -34.645494], [136.179861, -34.647074]]], [[[137.877894, -33.337633], [137.880195, -33.334165], [137.877387, -33.333929], [137.875489, -33.337306], [137.875819, -33.341437], [137.879131, -33.344477], [137.882491, -33.344901], [137.881116, -33.343973], [137.880848, -33.34198], [137.878428, -33.339287], [137.877894, -33.337633]]], [[[133.332694, -32.490027], [133.334232, -32.490233], [133.33397, -32.493347], [133.337046, -32.489888], [133.334936, -32.487513], [133.336691, -32.483746], [133.330498, -32.484113], [133.332192, -32.488855], [133.332694, -32.490027]]], [[[136.214224, -34.553026], [136.216652, -34.550522], [136.216737, -34.547437], [136.210793, -34.548202], [136.209052, -34.551397], [136.214224, -34.553026]]], [[[134.752035, -33.593423], [134.754268, -33.594755], [134.76159, -33.596559], [134.766644, -33.595358], [134.7601, -33.592991], [134.756041, -33.592883], [134.752035, -33.593423]]], [[[135.04667, -34.753054], [135.044559, -34.752483], [135.039985, -34.756073], [135.038177, -34.759136], [135.04513, -34.75758], [135.045928, -34.756657], [135.04573, -34.754901], [135.04667, -34.753054]]], [[[133.313233, -32.477272], [133.316619, -32.47653], [133.320029, -32.473383], [133.319958, -32.471229], [133.318759, -32.470796], [133.319205, -32.469517], [133.317797, -32.469793], [133.316023, -32.471486], [133.314409, -32.475987], [133.313233, -32.477272]]], [[[135.330054, -34.702041], [135.331974, -34.702786], [135.336098, -34.700529], [135.336771, -34.698603], [135.335466, -34.697982], [135.33213, -34.699733], [135.3294, -34.699734], [135.32981, -34.701016], [135.327212, -34.701352], [135.325299, -34.70404], [135.330054, -34.702041]]], [[[133.249224, -32.510237], [133.251499, -32.513405], [133.252735, -32.512933], [133.255582, -32.50857], [133.253681, -32.506883], [133.251647, -32.508664], [133.249652, -32.506999], [133.249716, -32.508534], [133.249224, -32.510237]]], [[[136.027395, -34.986619], [136.029661, -34.98696], [136.030621, -34.986274], [136.029965, -34.98598], [136.031002, -34.984245], [136.030146, -34.980197], [136.028683, -34.979158], [136.027146, -34.98051], [136.028199, -34.981129], [136.02654, -34.982537], [136.027271, -34.98331], [136.02681, -34.984702], [136.027395, -34.986619]]], [[[135.027976, -34.775138], [135.030956, -34.777173], [135.03184, -34.776078], [135.031583, -34.7731], [135.03228, -34.77139], [135.031209, -34.769123], [135.031651, -34.767586], [135.030789, -34.766779], [135.029463, -34.768066], [135.030139, -34.77018], [135.027976, -34.775138]]], [[[136.254406, -34.597183], [136.257078, -34.594225], [136.259557, -34.592976], [136.258897, -34.59244], [136.255724, -34.594215], [136.250787, -34.593648], [136.249617, -34.594318], [136.248697, -34.597014], [136.254406, -34.597183]]], [[[136.279394, -34.487458], [136.280117, -34.489156], [136.282323, -34.490946], [136.285941, -34.49203], [136.287132, -34.488986], [136.282098, -34.486958], [136.279394, -34.487458]]], [[[135.031497, -34.78527], [135.033943, -34.785212], [135.035813, -34.784577], [135.037038, -34.782672], [135.036388, -34.781547], [135.032491, -34.780986], [135.030639, -34.782515], [135.030258, -34.783972], [135.031497, -34.78527]]], [[[135.875079, -34.94272], [135.874226, -34.940633], [135.87326, -34.942513], [135.867763, -34.945769], [135.867802, -34.946485], [135.868986, -34.946844], [135.868518, -34.949001], [135.870182, -34.948977], [135.870201, -34.94776], [135.872615, -34.946594], [135.873104, -34.943832], [135.875079, -34.94272]]], [[[134.284652, -33.744831], [134.286516, -33.745318], [134.288549, -33.744337], [134.288031, -33.743374], [134.286004, -33.74275], [134.28418, -33.739125], [134.28292, -33.738503], [134.282179, -33.73873], [134.282442, -33.741732], [134.284652, -33.744831]]], [[[133.761278, -32.365498], [133.764927, -32.364944], [133.774856, -32.361915], [133.771477, -32.361617], [133.759566, -32.364679], [133.761278, -32.365498]]], [[[136.079272, -35.227488], [136.083565, -35.227971], [136.08505, -35.226596], [136.081462, -35.224772], [136.08062, -35.224919], [136.08085, -35.225817], [136.078686, -35.225162], [136.077498, -35.225762], [136.077694, -35.226889], [136.076497, -35.226709], [136.076625, -35.228339], [136.079272, -35.227488]]], [[[134.610569, -33.711966], [134.609537, -33.713474], [134.611334, -33.714859], [134.611294, -33.716349], [134.612069, -33.717077], [134.614386, -33.715685], [134.616862, -33.716447], [134.616749, -33.716035], [134.61373, -33.713215], [134.610569, -33.711966]]], [[[135.983763, -34.609819], [135.985065, -34.60905], [135.986375, -34.605373], [135.98596, -34.604166], [135.983904, -34.604739], [135.981701, -34.607522], [135.9817, -34.60873], [135.983763, -34.609819]]], [[[134.602835, -33.171037], [134.609439, -33.170383], [134.605292, -33.168435], [134.601041, -33.168748], [134.599502, -33.169707], [134.602835, -33.171037]]], [[[135.874679, -34.938972], [135.874905, -34.934484], [135.874136, -34.933523], [135.873182, -34.933865], [135.872744, -34.936103], [135.870889, -34.937998], [135.870994, -34.939143], [135.872953, -34.939104], [135.873175, -34.940097], [135.874679, -34.938972]]], [[[133.597884, -32.249765], [133.597689, -32.248493], [133.598598, -32.247204], [133.603258, -32.244357], [133.603956, -32.242863], [133.604993, -32.243146], [133.608664, -32.240999], [133.606362, -32.240618], [133.601999, -32.243237], [133.598631, -32.246353], [133.596996, -32.249139], [133.597884, -32.249765]]], [[[134.28665, -33.079057], [134.282447, -33.079715], [134.281495, -33.080875], [134.282431, -33.082652], [134.284754, -33.08349], [134.285877, -33.083101], [134.285623, -33.081015], [134.28665, -33.079057]]], [[[133.969092, -32.723528], [133.970844, -32.720079], [133.969816, -32.718931], [133.967179, -32.719903], [133.965573, -32.722652], [133.969092, -32.723528]]], [[[136.26157, -34.540551], [136.259686, -34.540423], [136.257643, -34.541928], [136.257129, -34.544259], [136.260129, -34.544485], [136.261715, -34.542002], [136.26157, -34.540551]]], [[[136.370133, -34.647967], [136.369672, -34.646026], [136.368698, -34.645171], [136.366281, -34.645203], [136.365317, -34.647689], [136.367978, -34.648612], [136.370133, -34.647967]]], [[[133.130456, -32.647213], [133.131889, -32.648511], [133.133004, -32.647747], [133.134505, -32.643862], [133.132319, -32.643291], [133.131331, -32.644742], [133.130456, -32.647213]]], [[[134.624144, -33.18267], [134.627274, -33.181981], [134.628342, -33.182486], [134.627137, -33.180199], [134.624289, -33.178882], [134.622885, -33.179347], [134.62367, -33.181634], [134.624144, -33.18267]]], [[[134.365899, -33.187281], [134.366533, -33.185823], [134.367685, -33.185547], [134.368262, -33.183516], [134.367465, -33.182424], [134.365328, -33.18391], [134.364168, -33.187487], [134.365899, -33.187281]]], [[[133.310843, -32.486141], [133.311759, -32.4838], [133.309913, -32.483271], [133.308637, -32.483868], [133.307374, -32.486997], [133.310843, -32.486141]]], [[[133.693234, -32.435866], [133.694341, -32.433769], [133.695198, -32.433916], [133.694346, -32.432642], [133.692964, -32.432654], [133.692115, -32.433544], [133.690444, -32.43766], [133.693234, -32.435866]]], [[[136.032848, -34.957191], [136.033069, -34.95568], [136.03249, -34.954158], [136.030566, -34.953496], [136.030025, -34.956301], [136.031312, -34.957538], [136.032848, -34.957191]]], [[[133.343962, -32.482311], [133.345131, -32.481563], [133.346719, -32.482273], [133.34729, -32.479197], [133.345522, -32.479058], [133.34319, -32.481091], [133.343962, -32.482311]]], [[[136.25244, -34.513898], [136.251334, -34.510155], [136.249467, -34.510625], [136.249359, -34.512729], [136.25244, -34.513898]]], [[[135.956306, -34.741566], [135.955664, -34.74078], [135.95261, -34.741309], [135.953188, -34.742423], [135.956136, -34.743539], [135.956306, -34.741566]]], [[[135.853094, -34.900052], [135.854997, -34.901439], [135.85538, -34.899913], [135.854715, -34.89826], [135.852671, -34.897909], [135.852381, -34.898444], [135.853094, -34.900052]]], [[[135.259935, -34.260707], [135.260984, -34.260415], [135.259733, -34.256386], [135.258979, -34.256409], [135.25845, -34.25852], [135.259935, -34.260707]]], [[[133.845523, -32.366188], [133.843863, -32.363584], [133.838938, -32.361199], [133.840567, -32.362825], [133.845523, -32.366188]]], [[[134.613413, -33.182811], [134.615906, -33.17953], [134.613124, -33.179947], [134.612327, -33.182916], [134.613413, -33.182811]]], [[[134.277678, -32.696446], [134.280634, -32.695212], [134.278117, -32.693993], [134.276105, -32.69591], [134.277678, -32.696446]]], [[[135.212581, -34.563853], [135.213134, -34.563331], [135.212316, -34.562005], [135.210589, -34.561335], [135.209374, -34.561738], [135.209422, -34.562447], [135.212581, -34.563853]]], [[[136.320283, -34.655877], [136.321552, -34.654584], [136.318716, -34.653726], [136.317955, -34.655784], [136.320283, -34.655877]]], [[[133.758673, -32.358902], [133.757543, -32.359104], [133.757721, -32.36075], [133.758949, -32.361835], [133.760178, -32.361593], [133.758246, -32.360278], [133.760531, -32.360792], [133.760289, -32.360317], [133.758673, -32.358902]]], [[[136.00979, -34.859676], [136.009152, -34.857175], [136.008224, -34.856488], [136.007507, -34.858221], [136.009061, -34.860274], [136.00979, -34.859676]]], [[[136.238032, -34.563548], [136.238896, -34.562012], [136.236063, -34.562518], [136.235537, -34.56367], [136.236101, -34.564502], [136.238032, -34.563548]]], [[[133.261078, -32.50653], [133.261289, -32.508238], [133.262185, -32.507924], [133.26417, -32.504424], [133.262891, -32.505193], [133.261078, -32.50653]]], [[[136.29291, -34.568579], [136.293758, -34.567384], [136.291065, -34.567152], [136.290236, -34.56815], [136.290636, -34.56879], [136.29291, -34.568579]]], [[[137.821177, -32.575169], [137.822197, -32.575496], [137.820734, -32.573729], [137.822482, -32.57042], [137.82229, -32.566149], [137.822052, -32.57033], [137.820203, -32.573384], [137.821177, -32.575169]]], [[[135.080244, -34.753022], [135.078854, -34.754674], [135.081808, -34.755001], [135.081529, -34.75323], [135.080244, -34.753022]]], [[[133.348197, -32.366469], [133.350011, -32.367226], [133.35218, -32.366268], [133.351176, -32.365517], [133.349825, -32.365633], [133.348197, -32.366469]]], [[[135.866583, -34.953934], [135.865425, -34.952195], [135.864693, -34.953682], [135.866297, -34.955853], [135.866583, -34.953934]]], [[[135.956622, -34.748989], [135.955351, -34.74767], [135.953713, -34.748951], [135.953935, -34.749521], [135.955707, -34.749628], [135.956622, -34.748989]]], [[[133.846759, -32.378868], [133.848896, -32.379495], [133.849247, -32.378611], [133.849959, -32.379505], [133.850333, -32.378891], [133.849297, -32.377783], [133.846759, -32.378868]]], [[[136.011329, -34.89231], [136.009579, -34.894828], [136.010376, -34.895169], [136.011372, -34.894418], [136.011813, -34.892869], [136.011329, -34.89231]]], [[[133.644814, -32.467288], [133.646157, -32.4659], [133.644527, -32.465867], [133.642554, -32.467773], [133.644814, -32.467288]]], [[[135.433197, -34.619413], [135.43092, -34.619524], [135.432771, -34.621278], [135.433703, -34.620592], [135.433197, -34.619413]]], [[[135.685272, -34.948043], [135.686784, -34.947604], [135.68691, -34.946497], [135.685207, -34.946425], [135.684944, -34.947429], [135.685272, -34.948043]]], [[[134.698822, -33.216161], [134.699748, -33.215193], [134.697636, -33.214988], [134.696902, -33.216254], [134.698822, -33.216161]]], [[[133.30636, -32.522791], [133.30677, -32.523642], [133.307833, -32.522883], [133.307889, -32.521394], [133.306994, -32.521616], [133.30636, -32.522791]]], [[[136.195121, -34.636953], [136.195292, -34.638496], [136.196807, -34.638796], [136.197076, -34.638029], [136.195121, -34.636953]]], [[[133.846336, -32.37682], [133.847702, -32.376109], [133.843966, -32.375654], [133.844172, -32.376068], [133.846336, -32.37682]]], [[[135.848319, -34.889588], [135.848654, -34.888606], [135.847246, -34.887443], [135.846982, -34.888953], [135.848319, -34.889588]]], [[[137.875359, -33.333611], [137.876884, -33.333413], [137.874682, -33.332053], [137.874598, -33.330929], [137.874116, -33.33173], [137.875359, -33.333611]]], [[[133.531066, -32.316608], [133.53217, -32.314827], [133.529721, -32.316493], [133.5296, -32.317045], [133.531066, -32.316608]]], [[[134.623505, -33.724925], [134.624194, -33.725286], [134.625619, -33.723968], [134.624178, -33.723682], [134.623938, -33.724394], [134.623505, -33.724925]]], [[[135.374962, -34.594267], [135.373847, -34.59395], [135.374443, -34.595219], [135.376061, -34.595425], [135.374962, -34.594267]]], [[[136.077147, -35.165579], [136.077483, -35.165167], [136.076144, -35.164935], [136.074215, -35.165688], [136.077147, -35.165579]]], [[[136.212607, -34.815698], [136.21367, -34.815375], [136.212339, -34.814762], [136.211139, -34.815156], [136.212607, -34.815698]]], [[[136.025743, -34.950354], [136.02558, -34.949733], [136.026437, -34.949487], [136.024453, -34.949095], [136.024429, -34.949709], [136.025743, -34.950354]]], [[[135.031942, -34.779625], [135.0324, -34.778225], [135.03156, -34.778333], [135.031143, -34.779531], [135.031942, -34.779625]]], [[[133.632012, -32.471262], [133.634246, -32.470377], [133.633806, -32.470078], [133.632389, -32.470592], [133.632012, -32.471262]]], [[[135.998406, -34.720383], [135.997896, -34.721198], [135.99818, -34.721672], [135.999331, -34.721026], [135.998406, -34.720383]]], [[[133.561078, -32.321047], [133.56045, -32.32231], [133.561215, -32.322293], [133.56172, -32.321403], [133.561078, -32.321047]]], [[[135.037369, -34.786437], [135.037928, -34.785629], [135.037037, -34.785644], [135.036533, -34.786408], [135.037369, -34.786437]]], [[[133.837541, -32.361075], [133.838047, -32.360725], [133.836778, -32.360368], [133.836617, -32.360646], [133.837541, -32.361075]]], [[[135.684139, -34.947072], [135.684818, -34.946532], [135.684014, -34.946382], [135.68357, -34.947177], [135.684139, -34.947072]]], [[[135.684509, -34.952809], [135.68489, -34.952948], [135.684754, -34.951321], [135.684413, -34.952014], [135.684509, -34.952809]]], [[[133.608711, -32.304552], [133.608247, -32.303865], [133.608021, -32.303988], [133.607936, -32.304725], [133.608711, -32.304552]]], [[[134.624578, -33.720499], [134.625015, -33.720382], [134.624515, -33.719766], [134.624052, -33.720091], [134.624578, -33.720499]]], [[[135.686797, -34.945699], [135.685687, -34.945635], [135.685704, -34.945771], [135.686255, -34.946191], [135.686797, -34.945699]]], [[[134.617743, -33.717317], [134.618235, -33.717199], [134.617954, -33.716537], [134.617574, -33.716952], [134.617743, -33.717317]]], [[[135.378377, -34.595873], [135.378428, -34.595653], [135.377065, -34.595681], [135.377437, -34.595914], [135.378377, -34.595873]]], [[[135.874796, -34.932592], [135.8751, -34.932119], [135.874749, -34.931891], [135.874373, -34.93241], [135.874796, -34.932592]]], [[[133.34079, -32.368969], [133.340872, -32.368843], [133.339956, -32.368631], [133.33971, -32.368995], [133.34079, -32.368969]]], [[[135.850008, -34.887863], [135.850202, -34.887468], [135.84971, -34.887321], [135.849456, -34.887765], [135.850008, -34.887863]]], [[[134.704095, -33.217637], [134.703404, -33.217494], [134.703494, -33.218062], [134.70373, -33.218067], [134.704095, -33.217637]]], [[[133.354976, -32.366082], [133.355463, -32.365937], [133.35494, -32.365624], [133.354667, -32.365897], [133.354976, -32.366082]]], [[[133.718728, -32.39915], [133.718752, -32.399395], [133.718978, -32.399486], [133.719311, -32.398865], [133.718728, -32.39915]]], [[[135.873772, -34.932487], [135.873333, -34.932397], [135.873223, -34.932598], [135.873631, -34.932892], [135.873772, -34.932487]]], [[[136.374336, -34.650241], [136.373296, -34.650162], [136.374066, -34.650509], [136.374336, -34.650241]]]]}}, {"type": "Feature", "properties": {"index": "HMSH", "division": "Hindmarsh", "state": "South Australia", "year": "1992", "proclaimed": "19920117", "quota": "0", "electors": "0", "deviation": ""}, "geometry": {"type": "Polygon", "coordinates": [[[138.57235, -34.95851], [138.571126, -34.958807], [138.570755, -34.952205], [138.571979, -34.951166], [138.569531, -34.921603], [138.564486, -34.911811], [138.565896, -34.90443], [138.561222, -34.903836], [138.532513, -34.905468], [138.48993, -34.907556], [138.493263, -34.920907], [138.497813, -34.934694], [138.498198, -34.938993], [138.510356, -34.969695], [138.510781, -34.974836], [138.509073, -34.975315], [138.510335, -34.981233], [138.509379, -34.990715], [138.510111, -34.996204], [138.521292, -34.996048], [138.521589, -34.997012], [138.538911, -34.996159], [138.540469, -34.9959], [138.554564, -34.995009], [138.556085, -34.993711], [138.574705, -34.992784], [138.572869, -34.96719], [138.57235, -34.95851]]]}}, {"type": "Feature", "properties": {"index": "KSTN", "division": "Kingston", "state": "South Australia", "year": "1992", "proclaimed": "19920117", "quota": "0", "electors": "0", "deviation": ""}, "geometry": {"type": "Polygon", "coordinates": [[[138.571181, -35.052206], [138.570475, -35.053377], [138.568369, -35.05427], [138.563392, -35.053245], [138.558867, -35.05458], [138.558681, -35.053059], [138.528562, -35.054654], [138.528228, -35.057436], [138.52693, -35.057436], [138.523481, -35.055804], [138.520624, -35.055841], [138.513651, -35.058846], [138.509422, -35.059996], [138.5069, -35.058438], [138.506344, -35.057065], [138.506344, -35.056323], [138.504091, -35.055241], [138.502546, -35.060655], [138.49531, -35.07427], [138.495993, -35.075951], [138.495739, -35.0803], [138.493568, -35.084609], [138.480986, -35.094714], [138.476781, -35.100276], [138.475966, -35.103568], [138.472386, -35.107252], [138.471761, -35.109727], [138.470984, -35.110044], [138.469811, -35.108929], [138.469061, -35.109436], [138.4708, -35.110292], [138.470897, -35.112503], [138.470481, -35.115289], [138.467413, -35.121535], [138.469269, -35.129299], [138.469329, -35.133053], [138.468447, -35.136027], [138.46975, -35.140369], [138.466484, -35.144105], [138.466468, -35.147484], [138.468618, -35.151098], [138.468518, -35.156108], [138.469941, -35.164377], [138.466993, -35.167056], [138.46573, -35.167048], [138.465391, -35.173377], [138.467485, -35.180894], [138.466751, -35.185115], [138.469048, -35.191077], [138.470605, -35.203313], [138.470875, -35.211576], [138.467525, -35.219357], [138.469434, -35.229312], [138.46993, -35.239157], [138.469517, -35.24151], [138.467263, -35.245123], [138.462199, -35.245413], [138.461429, -35.257971], [138.459911, -35.261545], [138.45047, -35.2689], [138.44516, -35.269995], [138.443202, -35.272135], [138.443122, -35.275712], [138.44213, -35.27789], [138.442857, -35.280655], [138.442395, -35.284476], [138.444784, -35.290692], [138.446634, -35.301025], [138.447672, -35.311368], [138.447529, -35.320045], [138.446567, -35.334686], [138.446006, -35.337163], [138.443527, -35.341602], [138.446874, -35.343017], [138.450138, -35.345502], [138.452623, -35.347394], [138.454886, -35.348433], [138.45815, -35.350881], [138.461081, -35.353143], [138.463825, -35.354627], [138.466051, -35.354701], [138.46976, -35.355777], [138.472097, -35.355295], [138.476511, -35.352921], [138.477661, -35.35166], [138.480332, -35.35025], [138.480814, -35.349249], [138.481444, -35.349137], [138.484226, -35.346133], [138.486229, -35.342609], [138.488492, -35.341311], [138.490235, -35.339975], [138.490866, -35.337379], [138.493054, -35.335821], [138.494872, -35.334449], [138.499657, -35.331852], [138.502661, -35.329367], [138.504738, -35.328811], [138.509412, -35.328403], [138.512268, -35.327846], [138.512009, -35.324582], [138.512973, -35.322987], [138.514234, -35.322616], [138.515903, -35.322171], [138.521875, -35.321132], [138.524472, -35.319537], [138.527699, -35.317201], [138.530852, -35.315346], [138.533819, -35.313677], [138.536341, -35.312935], [138.538863, -35.312342], [138.544353, -35.311488], [138.551252, -35.310079], [138.555444, -35.308261], [138.557224, -35.305628], [138.562825, -35.302883], [138.56379, -35.301177], [138.56494, -35.29973], [138.568204, -35.298803], [138.571616, -35.297059], [138.576438, -35.292794], [138.581817, -35.290123], [138.583226, -35.288788], [138.584932, -35.286414], [138.585563, -35.284114], [138.586231, -35.282853], [138.589272, -35.281295], [138.590719, -35.278402], [138.595875, -35.273506], [138.597099, -35.272875], [138.598397, -35.271503], [138.599065, -35.269648], [138.601439, -35.268239], [138.603256, -35.266384], [138.605593, -35.264715], [138.607781, -35.26312], [138.611194, -35.260857], [138.612047, -35.258669], [138.613048, -35.25737], [138.6152, -35.256592], [138.617759, -35.253327], [138.618093, -35.251992], [138.62106, -35.246131], [138.622915, -35.245538], [138.618501, -35.243127], [138.612826, -35.24283], [138.610415, -35.240271], [138.608523, -35.239418], [138.604777, -35.238527], [138.597433, -35.234262], [138.595652, -35.211005], [138.620652, -35.20941], [138.617908, -35.176249], [138.621172, -35.172911], [138.623249, -35.17139], [138.626921, -35.169498], [138.628256, -35.167347], [138.596394, -35.144498], [138.594317, -35.108889], [138.596765, -35.107406], [138.599584, -35.106849], [138.600437, -35.105106], [138.60155, -35.102954], [138.600103, -35.101063], [138.60014, -35.100024], [138.602329, -35.0988], [138.604183, -35.097094], [138.606594, -35.095758], [138.611008, -35.09535], [138.612344, -35.09446], [138.612195, -35.092865], [138.612047, -35.090046], [138.613197, -35.087747], [138.609896, -35.086003], [138.607559, -35.085298], [138.60589, -35.085929], [138.604999, -35.085669], [138.602588, -35.086671], [138.598286, -35.086671], [138.596505, -35.087561], [138.593723, -35.086708], [138.589829, -35.087042], [138.58675, -35.085818], [138.583782, -35.083444], [138.580778, -35.082108], [138.580259, -35.078399], [138.582299, -35.075098], [138.581186, -35.07354], [138.580741, -35.067197], [138.573479, -35.050965], [138.571181, -35.052206]]]}}, {"type": "Feature", "properties": {"index": "MAKN", "division": "Makin", "state": "South Australia", "year": "1992", "proclaimed": "19920117", "quota": "0", "electors": "0", "deviation": ""}, "geometry": {"type": "Polygon", "coordinates": [[[138.617523, -34.847299], [138.623198, -34.84741], [138.649459, -34.846075], [138.677538, -34.844628], [138.705766, -34.842848], [138.709364, -34.84066], [138.72038, -34.839324], [138.725165, -34.840066], [138.725573, -34.83836], [138.727094, -34.837247], [138.729245, -34.837321], [138.730544, -34.838026], [138.730914, -34.839176], [138.731248, -34.839955], [138.731471, -34.840734], [138.731248, -34.841438], [138.731619, -34.842848], [138.73288, -34.842663], [138.734179, -34.842329], [138.736182, -34.84103], [138.738185, -34.840214], [138.739891, -34.840066], [138.741078, -34.8404], [138.743044, -34.840734], [138.744935, -34.840511], [138.746419, -34.839844], [138.746197, -34.837321], [138.74705, -34.835318], [138.748162, -34.834243], [138.750499, -34.828753], [138.753393, -34.824042], [138.754654, -34.822113], [138.756063, -34.820741], [138.75521, -34.820518], [138.754728, -34.819888], [138.754283, -34.820147], [138.753689, -34.820778], [138.752873, -34.819739], [138.75343, -34.817607], [138.753337, -34.817032], [138.752521, -34.816753], [138.751315, -34.816494], [138.750332, -34.815437], [138.749498, -34.814621], [138.749108, -34.813786], [138.74985, -34.812098], [138.750258, -34.810986], [138.750295, -34.808853], [138.750796, -34.807128], [138.751798, -34.805756], [138.753281, -34.804198], [138.755433, -34.803233], [138.75853, -34.800859], [138.759142, -34.799543], [138.759142, -34.798485], [138.760255, -34.795815], [138.761479, -34.794758], [138.761738, -34.79409], [138.761497, -34.792384], [138.761126, -34.791104], [138.75942, -34.788619], [138.758585, -34.786059], [138.758882, -34.785299], [138.759272, -34.784613], [138.757788, -34.785299], [138.756471, -34.785021], [138.753801, -34.78426], [138.759772, -34.779179], [138.761312, -34.778214], [138.76261, -34.77853], [138.766709, -34.777714], [138.767395, -34.778474], [138.767766, -34.779105], [138.768378, -34.779401], [138.768359, -34.780996], [138.769658, -34.780792], [138.769398, -34.779828], [138.771067, -34.778863], [138.771253, -34.777918], [138.770381, -34.776786], [138.771308, -34.775803], [138.77205, -34.771408], [138.771994, -34.770685], [138.771382, -34.769331], [138.774034, -34.768941], [138.775611, -34.767532], [138.777206, -34.766697], [138.780285, -34.766771], [138.77856, -34.76423], [138.777391, -34.763563], [138.776167, -34.762561], [138.774925, -34.761282], [138.77383, -34.759816], [138.772977, -34.760187], [138.771419, -34.75939], [138.770325, -34.758017], [138.769342, -34.757313], [138.768842, -34.75646], [138.768396, -34.754011], [138.767413, -34.754586], [138.771401, -34.746333], [138.770659, -34.742606], [138.771994, -34.739082], [138.774962, -34.7363], [138.776075, -34.735595], [138.776112, -34.734927], [138.771104, -34.733815], [138.769027, -34.735187], [138.768211, -34.737784], [138.767617, -34.738896], [138.767061, -34.739749], [138.766616, -34.740714], [138.766579, -34.742921], [138.766023, -34.743477], [138.764928, -34.743533], [138.763853, -34.742847], [138.762833, -34.743273], [138.761794, -34.743106], [138.760422, -34.743459], [138.759383, -34.743273], [138.759197, -34.742513], [138.75853, -34.742086], [138.757714, -34.74229], [138.757528, -34.743106], [138.756657, -34.743644], [138.755099, -34.743867], [138.75406, -34.743607], [138.753022, -34.744089], [138.752372, -34.744553], [138.751779, -34.744256], [138.75074, -34.744349], [138.750332, -34.744238], [138.750722, -34.743681], [138.750258, -34.743422], [138.748162, -34.743292], [138.746772, -34.743106], [138.746197, -34.742865], [138.74577, -34.742513], [138.74501, -34.742383], [138.744361, -34.741196], [138.743563, -34.741326], [138.74271, -34.741882], [138.741857, -34.741956], [138.741208, -34.741697], [138.740076, -34.742086], [138.738908, -34.742123], [138.738426, -34.7414], [138.737591, -34.740862], [138.737276, -34.74025], [138.737981, -34.738674], [138.738055, -34.737635], [138.737183, -34.737097], [138.736831, -34.73617], [138.735922, -34.735892], [138.734346, -34.73617], [138.731879, -34.736133], [138.730877, -34.736819], [138.730006, -34.737728], [138.728003, -34.740918], [138.726037, -34.742457], [138.724924, -34.744219], [138.72242, -34.745332], [138.721808, -34.746111], [138.721586, -34.747353], [138.723774, -34.747687], [138.724293, -34.748373], [138.723663, -34.749579], [138.724238, -34.750451], [138.724887, -34.751118], [138.723403, -34.751582], [138.722921, -34.75225], [138.723348, -34.752973], [138.722736, -34.753195], [138.721808, -34.753195], [138.721382, -34.753678], [138.72038, -34.754994], [138.719101, -34.755402], [138.718099, -34.755161], [138.716189, -34.755477], [138.712331, -34.755532], [138.710755, -34.754605], [138.709494, -34.753548], [138.708696, -34.754457], [138.707917, -34.75531], [138.706971, -34.754624], [138.705135, -34.752991], [138.704152, -34.752899], [138.703243, -34.753603], [138.702038, -34.754438], [138.697958, -34.754475], [138.696159, -34.754067], [138.695009, -34.75442], [138.693729, -34.755069], [138.692579, -34.754438], [138.691875, -34.754438], [138.691077, -34.754976], [138.690076, -34.755013], [138.687349, -34.754735], [138.685662, -34.754772], [138.682768, -34.75531], [138.679912, -34.755551], [138.680005, -34.754531], [138.679412, -34.753937], [138.678392, -34.753956], [138.675888, -34.7585], [138.669693, -34.766178], [138.654448, -34.783166], [138.646919, -34.791846], [138.623328, -34.818144], [138.600312, -34.848041], [138.617523, -34.847299]]]}}, {"type": "Feature", "properties": {"index": "MAYO", "division": "Mayo", "state": "South Australia", "year": "1992", "proclaimed": "19920117", "quota": "0", "electors": "0", "deviation": ""}, "geometry": {"type": "Polygon", "coordinates": [[[138.777206, -34.766697], [138.775611, -34.767532], [138.774034, -34.768941], [138.771382, -34.769331], [138.771994, -34.770685], [138.77205, -34.771408], [138.771308, -34.775803], [138.770381, -34.776786], [138.771253, -34.777918], [138.771067, -34.778863], [138.769398, -34.779828], [138.769658, -34.780792], [138.768359, -34.780996], [138.768378, -34.779401], [138.767766, -34.779105], [138.767395, -34.778474], [138.766709, -34.777714], [138.76261, -34.77853], [138.761312, -34.778214], [138.759772, -34.779179], [138.753801, -34.78426], [138.756471, -34.785021], [138.757788, -34.785299], [138.759272, -34.784613], [138.758882, -34.785299], [138.758585, -34.786059], [138.75942, -34.788619], [138.761126, -34.791104], [138.761497, -34.792384], [138.761738, -34.79409], [138.761479, -34.794758], [138.760255, -34.795815], [138.759142, -34.798485], [138.759142, -34.799543], [138.75853, -34.800859], [138.755433, -34.803233], [138.753281, -34.804198], [138.751798, -34.805756], [138.750796, -34.807128], [138.750295, -34.808853], [138.750258, -34.810986], [138.74985, -34.812098], [138.749108, -34.813786], [138.749498, -34.814621], [138.750332, -34.815437], [138.751315, -34.816494], [138.752521, -34.816753], [138.753337, -34.817032], [138.75343, -34.817607], [138.752873, -34.819739], [138.753689, -34.820778], [138.754283, -34.820147], [138.754728, -34.819888], [138.75521, -34.820518], [138.756063, -34.820741], [138.754654, -34.822113], [138.753393, -34.824042], [138.750499, -34.828753], [138.748162, -34.834243], [138.74705, -34.835318], [138.746197, -34.837321], [138.746419, -34.839844], [138.744935, -34.840511], [138.743044, -34.840734], [138.741078, -34.8404], [138.739891, -34.840066], [138.738185, -34.840214], [138.736182, -34.84103], [138.734179, -34.842329], [138.73288, -34.842663], [138.731619, -34.842848], [138.731248, -34.841438], [138.731471, -34.840734], [138.731248, -34.839955], [138.730914, -34.839176], [138.730544, -34.838026], [138.729245, -34.837321], [138.727094, -34.837247], [138.725573, -34.83836], [138.725165, -34.840066], [138.72038, -34.839324], [138.709364, -34.84066], [138.705766, -34.842848], [138.677538, -34.844628], [138.678416, -34.85174], [138.677711, -34.854225], [138.674521, -34.857155], [138.657755, -34.857897], [138.657236, -34.858231], [138.661316, -34.861532], [138.661724, -34.862608], [138.660723, -34.864648], [138.658238, -34.864982], [138.656605, -34.86602], [138.656902, -34.867393], [138.657347, -34.868839], [138.656531, -34.869285], [138.65553, -34.869396], [138.65616, -34.871399], [138.656197, -34.872215], [138.665545, -34.875998], [138.671331, -34.876295], [138.672704, -34.877556], [138.673594, -34.878521], [138.676116, -34.913035], [138.682756, -34.912701], [138.688468, -34.913369], [138.692437, -34.915261], [138.69444, -34.917189], [138.695367, -34.918933], [138.696628, -34.921715], [138.697815, -34.922568], [138.697852, -34.924163], [138.69737, -34.925201], [138.70056, -34.927835], [138.698112, -34.930802], [138.693327, -34.928243], [138.691064, -34.928577], [138.689544, -34.93032], [138.687615, -34.93058], [138.685686, -34.930283], [138.686762, -34.935587], [138.685871, -34.937331], [138.676895, -34.938443], [138.673408, -34.94219], [138.673371, -34.943228], [138.67415, -34.944193], [138.67352, -34.945343], [138.673594, -34.947383], [138.67415, -34.94857], [138.67352, -34.951129], [138.672555, -34.952835], [138.672926, -34.95495], [138.674113, -34.956396], [138.676376, -34.955321], [138.677266, -34.955283], [138.677451, -34.95673], [138.676153, -34.957843], [138.678638, -34.959809], [138.679529, -34.960662], [138.678972, -34.961515], [138.678416, -34.96196], [138.679529, -34.96426], [138.678564, -34.965076], [138.680196, -34.967376], [138.677526, -34.969119], [138.682014, -34.975907], [138.677451, -34.97383], [138.67415, -34.973088], [138.672852, -34.973496], [138.672815, -34.975128], [138.66714, -34.979282], [138.669291, -34.98314], [138.672518, -34.984698], [138.674484, -34.984475], [138.673928, -34.985699], [138.672741, -34.986886], [138.672852, -34.987776], [138.672259, -34.988481], [138.67185, -34.989928], [138.675819, -34.990929], [138.67823, -34.998237], [138.675708, -34.999794], [138.680085, -35.000944], [138.677897, -35.00751], [138.679974, -35.007992], [138.682051, -35.007918], [138.678119, -35.013148], [138.679195, -35.014631], [138.676116, -35.015299], [138.674929, -35.019157], [138.678156, -35.02064], [138.679751, -35.021234], [138.677748, -35.023051], [138.67645, -35.023793], [138.674818, -35.025129], [138.672778, -35.025796], [138.671072, -35.026019], [138.671554, -35.026909], [138.671628, -35.028393], [138.672444, -35.029431], [138.673668, -35.029246], [138.674113, -35.028838], [138.67619, -35.029543], [138.676116, -35.031138], [138.672852, -35.031917], [138.671628, -35.031954], [138.668104, -35.034402], [138.665916, -35.035218], [138.665285, -35.036479], [138.663208, -35.036108], [138.662392, -35.037184], [138.659944, -35.037703], [138.657941, -35.037258], [138.657088, -35.038037], [138.656383, -35.037072], [138.653712, -35.037851], [138.652377, -35.036331], [138.650782, -35.037147], [138.643401, -35.03685], [138.641286, -35.037592], [138.638801, -35.036293], [138.635722, -35.035626], [138.634239, -35.035552], [138.632421, -35.032733], [138.629973, -35.03251], [138.628007, -35.034142], [138.626857, -35.034773], [138.624817, -35.035663], [138.623964, -35.037369], [138.625374, -35.038593], [138.625841, -35.040282], [138.624834, -35.041572], [138.62401, -35.042692], [138.621752, -35.043083], [138.620997, -35.044046], [138.620784, -35.044847], [138.618474, -35.045826], [138.616731, -35.046642], [138.614394, -35.04705], [138.612023, -35.04765], [138.611724, -35.049165], [138.610166, -35.049573], [138.60902, -35.048869], [138.607389, -35.048647], [138.606083, -35.047653], [138.60357, -35.047749], [138.602673, -35.048497], [138.601189, -35.048757], [138.599743, -35.048905], [138.598185, -35.046828], [138.596479, -35.045863], [138.594995, -35.045863], [138.595069, -35.044602], [138.594438, -35.043972], [138.592176, -35.042859], [138.590915, -35.042043], [138.589468, -35.041004], [138.588059, -35.040522], [138.587168, -35.039483], [138.586426, -35.038296], [138.584794, -35.037703], [138.581827, -35.037666], [138.580974, -35.037851], [138.580195, -35.036887], [138.578266, -35.036701], [138.576634, -35.037666], [138.575262, -35.037555], [138.573963, -35.037925], [138.572665, -35.038074], [138.571886, -35.037888], [138.571552, -35.036813], [138.570625, -35.036145], [138.571886, -35.035218], [138.570959, -35.034439], [138.57018, -35.033623], [138.567695, -35.033882], [138.566248, -35.035292], [138.564319, -35.03596], [138.565729, -35.037295], [138.567361, -35.038259], [138.569405, -35.040839], [138.570948, -35.045877], [138.571775, -35.047755], [138.573479, -35.050965], [138.580741, -35.067197], [138.581186, -35.07354], [138.582299, -35.075098], [138.580259, -35.078399], [138.580778, -35.082108], [138.583782, -35.083444], [138.58675, -35.085818], [138.589829, -35.087042], [138.593723, -35.086708], [138.596505, -35.087561], [138.598286, -35.086671], [138.602588, -35.086671], [138.604999, -35.085669], [138.60589, -35.085929], [138.607559, -35.085298], [138.609896, -35.086003], [138.613197, -35.087747], [138.612047, -35.090046], [138.612195, -35.092865], [138.612344, -35.09446], [138.611008, -35.09535], [138.606594, -35.095758], [138.604183, -35.097094], [138.602329, -35.0988], [138.60014, -35.100024], [138.600103, -35.101063], [138.60155, -35.102954], [138.600437, -35.105106], [138.599584, -35.106849], [138.596765, -35.107406], [138.594317, -35.108889], [138.596394, -35.144498], [138.628256, -35.167347], [138.626921, -35.169498], [138.623249, -35.17139], [138.621172, -35.172911], [138.617908, -35.176249], [138.620652, -35.20941], [138.595652, -35.211005], [138.597433, -35.234262], [138.604777, -35.238527], [138.608523, -35.239418], [138.610415, -35.240271], [138.612826, -35.24283], [138.618501, -35.243127], [138.622915, -35.245538], [138.624844, -35.245093], [138.633375, -35.251028], [138.638642, -35.250286], [138.642648, -35.252586], [138.642129, -35.256517], [138.644429, -35.263491], [138.650141, -35.263342], [138.656892, -35.262378], [138.663346, -35.263713], [138.67618, -35.26809], [138.689236, -35.272245], [138.69888, -35.271874], [138.703925, -35.272245], [138.712085, -35.274618], [138.715127, -35.274173], [138.718539, -35.276918], [138.723955, -35.278847], [138.740127, -35.269426], [138.744356, -35.265716], [138.749549, -35.262823], [138.756003, -35.26223], [138.759786, -35.264455], [138.761864, -35.268461], [138.767205, -35.271799], [138.771433, -35.278031], [138.780707, -35.280331], [138.788496, -35.285449], [138.802443, -35.281221], [138.820321, -35.277808], [138.82633, -35.275138], [138.831597, -35.276918], [138.837161, -35.27588], [138.840054, -35.273431], [138.843393, -35.273135], [138.847028, -35.268535], [138.852443, -35.267274], [138.863794, -35.267052], [138.868764, -35.264084], [138.872622, -35.266755], [138.877295, -35.276399], [138.882117, -35.280405], [138.888423, -35.289901], [138.896583, -35.290049], [138.902073, -35.295168], [138.907118, -35.2968], [138.909417, -35.293536], [138.909269, -35.286785], [138.916539, -35.286785], [138.922548, -35.287452], [138.927667, -35.291458], [138.938053, -35.294797], [138.947919, -35.300657], [138.946881, -35.296503], [138.948587, -35.292942], [138.958602, -35.29999], [138.967208, -35.303996], [138.970768, -35.304441], [138.97522, -35.306444], [138.978187, -35.311117], [138.998439, -35.32002], [138.999107, -35.330925], [138.996807, -35.333892], [138.996288, -35.336711], [139.027817, -35.338195], [139.051259, -35.328996], [139.053485, -35.323506], [139.057639, -35.321726], [139.055933, -35.314085], [139.06847, -35.318759], [139.077743, -35.317572], [139.085013, -35.317868], [139.101334, -35.316162], [139.116616, -35.319129], [139.136943, -35.309856], [139.131601, -35.297987], [139.130266, -35.245019], [139.110607, -35.237081], [139.098144, -35.22714], [139.084197, -35.218164], [139.073144, -35.217719], [139.065874, -35.216087], [139.067802, -35.166605], [139.037238, -35.143534], [139.037906, -35.14294], [139.038128, -35.139528], [139.035087, -35.138415], [139.030487, -35.137376], [139.028484, -35.132999], [139.032639, -35.126768], [139.036348, -35.122094], [139.037535, -35.116679], [139.041838, -35.111931], [139.042357, -35.107776], [139.040799, -35.099839], [139.040502, -35.094942], [139.036645, -35.092123], [139.037461, -35.088859], [139.037387, -35.085595], [139.035754, -35.079141], [139.035458, -35.075951], [139.030784, -35.0715], [139.031378, -35.067346], [139.031229, -35.063117], [139.029152, -35.057405], [139.03071, -35.047093], [139.029745, -35.042049], [139.031081, -35.038784], [139.030561, -35.033221], [139.032342, -35.027805], [139.034345, -35.018903], [139.035977, -34.993754], [139.038425, -34.982181], [139.038648, -34.97684], [139.036274, -34.97187], [139.029449, -34.967122], [139.027817, -34.96178], [139.027817, -34.957626], [139.023959, -34.950801], [139.021214, -34.940712], [139.021511, -34.931736], [139.025369, -34.923946], [139.026407, -34.920682], [138.977148, -34.891231], [138.966466, -34.889821], [138.962237, -34.887521], [138.956228, -34.883886], [138.953409, -34.87988], [138.947994, -34.876913], [138.945916, -34.872017], [138.943617, -34.868233], [138.940946, -34.86942], [138.933898, -34.870681], [138.92507, -34.864895], [138.919655, -34.86853], [138.900589, -34.866008], [138.895842, -34.872165], [138.89191, -34.876987], [138.881969, -34.87669], [138.87188, -34.881586], [138.862903, -34.882254], [138.861346, -34.873723], [138.861821, -34.868752], [138.855782, -34.864376], [138.851159, -34.861739], [138.846322, -34.855418], [138.839993, -34.853215], [138.837177, -34.848481], [138.831858, -34.842357], [138.837161, -34.843752], [138.839461, -34.843159], [138.843541, -34.840488], [138.84683, -34.839498], [138.848011, -34.83732], [138.846765, -34.836351], [138.848124, -34.834398], [138.848996, -34.831339], [138.85125, -34.829475], [138.851806, -34.826768], [138.850651, -34.825804], [138.851521, -34.823755], [138.849427, -34.825081], [138.847158, -34.823916], [138.845567, -34.824624], [138.842838, -34.823332], [138.841909, -34.824464], [138.839678, -34.823248], [138.837484, -34.824063], [138.834862, -34.823574], [138.833986, -34.821872], [138.832831, -34.8224], [138.833416, -34.817491], [138.836494, -34.810962], [138.834266, -34.807032], [138.83439, -34.80231], [138.833252, -34.801553], [138.828993, -34.800565], [138.825942, -34.801358], [138.822777, -34.800351], [138.818669, -34.80045], [138.817923, -34.798959], [138.818331, -34.797772], [138.816065, -34.794075], [138.815162, -34.792889], [138.815142, -34.791354], [138.813621, -34.789129], [138.813854, -34.784859], [138.815536, -34.78203], [138.813867, -34.780287], [138.814016, -34.778284], [138.815091, -34.775354], [138.813682, -34.775613], [138.81294, -34.775465], [138.810826, -34.775502], [138.808081, -34.774055], [138.80567, -34.773499], [138.804001, -34.771756], [138.800959, -34.770643], [138.798288, -34.770643], [138.794282, -34.770383], [138.790536, -34.768083], [138.785454, -34.767824], [138.783043, -34.766822], [138.780285, -34.766771], [138.777206, -34.766697]]]}}, {"type": "Feature", "properties": {"index": "PTAD", "division": "Port Adelaide", "state": "South Australia", "year": "1992", "proclaimed": "19920117", "quota": "0", "electors": "0", "deviation": ""}, "geometry": {"type": "MultiPolygon", "coordinates": [[[[138.560221, -34.897271], [138.554694, -34.893895], [138.560184, -34.887775], [138.563633, -34.884288], [138.557587, -34.880653], [138.557327, -34.875572], [138.561704, -34.874496], [138.566193, -34.875238], [138.581549, -34.874607], [138.577951, -34.857137], [138.578322, -34.853242], [138.579472, -34.849088], [138.582625, -34.848939], [138.600312, -34.848041], [138.596525, -34.796314], [138.596525, -34.794237], [138.594225, -34.767085], [138.577237, -34.717307], [138.571265, -34.718643], [138.568149, -34.718791], [138.564514, -34.719644], [138.559655, -34.722908], [138.557133, -34.723502], [138.54122, -34.726321], [138.541368, -34.726988], [138.517406, -34.732294], [138.517674, -34.732704], [138.525137, -34.737409], [138.527434, -34.737537], [138.529693, -34.73491], [138.532602, -34.737353], [138.534874, -34.740641], [138.533201, -34.741566], [138.532161, -34.744222], [138.52975, -34.745246], [138.530318, -34.745249], [138.532559, -34.744324], [138.53934, -34.75042], [138.538643, -34.751118], [138.540209, -34.751321], [138.541428, -34.752951], [138.540955, -34.754582], [138.542015, -34.754531], [138.542946, -34.758517], [138.546464, -34.765141], [138.546537, -34.76672], [138.545329, -34.766552], [138.546498, -34.767315], [138.546827, -34.769827], [138.544966, -34.771457], [138.545192, -34.773013], [138.546172, -34.773132], [138.546177, -34.774809], [138.544172, -34.773515], [138.543501, -34.774809], [138.544631, -34.775381], [138.54418, -34.775841], [138.545199, -34.779053], [138.54754, -34.781534], [138.549055, -34.785351], [138.552895, -34.78742], [138.551259, -34.788442], [138.553914, -34.789902], [138.551668, -34.790488], [138.551163, -34.793146], [138.553089, -34.795267], [138.553874, -34.797933], [138.552231, -34.800789], [138.549512, -34.801437], [138.548854, -34.80448], [138.547906, -34.804758], [138.547525, -34.809537], [138.549319, -34.810583], [138.550857, -34.813265], [138.556225, -34.81843], [138.558316, -34.822384], [138.56233, -34.824511], [138.564424, -34.82426], [138.56628, -34.825093], [138.565122, -34.826584], [138.562409, -34.825883], [138.561471, -34.826549], [138.561113, -34.82574], [138.558473, -34.825161], [138.557821, -34.823564], [138.552433, -34.819084], [138.547618, -34.811504], [138.545732, -34.81061], [138.543981, -34.810701], [138.540695, -34.813132], [138.540331, -34.815441], [138.541959, -34.816942], [138.533579, -34.815136], [138.534153, -34.815917], [138.533564, -34.819865], [138.530822, -34.822573], [138.532489, -34.819239], [138.532889, -34.815026], [138.52579, -34.813385], [138.525432, -34.812524], [138.524824, -34.813134], [138.521723, -34.812689], [138.51616, -34.810835], [138.515533, -34.816069], [138.51636, -34.816505], [138.509575, -34.828072], [138.512068, -34.830584], [138.512298, -34.832031], [138.509878, -34.830711], [138.509121, -34.831164], [138.508541, -34.835876], [138.511836, -34.837205], [138.511387, -34.837953], [138.50835, -34.836794], [138.50724, -34.8406], [138.511152, -34.841386], [138.510797, -34.842304], [138.506739, -34.841257], [138.502273, -34.84322], [138.498257, -34.843806], [138.497547, -34.845945], [138.498228, -34.846203], [138.498947, -34.850612], [138.497114, -34.850552], [138.495542, -34.842118], [138.496618, -34.842329], [138.496816, -34.840448], [138.497192, -34.84217], [138.497722, -34.841256], [138.498103, -34.842133], [138.498006, -34.841258], [138.498625, -34.841785], [138.500442, -34.840614], [138.501359, -34.841347], [138.503274, -34.840852], [138.504417, -34.838847], [138.505872, -34.838453], [138.506326, -34.82632], [138.511546, -34.818085], [138.512092, -34.807273], [138.509427, -34.800304], [138.510296, -34.801181], [138.510594, -34.790777], [138.515459, -34.773578], [138.515343, -34.770168], [138.51342, -34.76634], [138.507004, -34.763389], [138.503473, -34.763109], [138.496325, -34.764612], [138.487623, -34.77059], [138.477997, -34.78294], [138.485446, -34.790504], [138.481691, -34.795753], [138.488022, -34.796329], [138.488394, -34.797054], [138.489479, -34.800931], [138.490256, -34.810966], [138.488512, -34.819798], [138.482165, -34.832575], [138.479276, -34.836626], [138.476742, -34.843713], [138.475765, -34.850333], [138.47606, -34.856766], [138.4783, -34.866876], [138.485849, -34.891207], [138.48993, -34.907556], [138.532513, -34.905468], [138.561222, -34.903836], [138.560221, -34.897271]]], [[[138.521147, -34.76616], [138.522502, -34.769668], [138.521659, -34.774852], [138.518763, -34.781434], [138.519137, -34.782812], [138.517636, -34.791327], [138.516103, -34.796182], [138.51641, -34.799581], [138.518021, -34.801652], [138.517745, -34.803566], [138.518591, -34.805594], [138.523545, -34.809039], [138.527834, -34.804222], [138.527878, -34.802745], [138.529285, -34.801922], [138.537991, -34.800077], [138.542552, -34.800328], [138.544461, -34.801838], [138.545772, -34.801894], [138.546224, -34.798302], [138.541282, -34.787312], [138.529523, -34.774156], [138.526844, -34.768025], [138.52175, -34.760124], [138.518133, -34.756868], [138.514938, -34.756694], [138.513463, -34.758161], [138.513522, -34.759487], [138.517406, -34.762196], [138.521147, -34.76616]]], [[[138.530991, -34.811706], [138.537055, -34.812005], [138.540849, -34.81036], [138.544072, -34.80597], [138.540294, -34.805248], [138.538957, -34.801814], [138.537721, -34.801407], [138.530507, -34.803823], [138.528514, -34.807311], [138.524423, -34.810197], [138.530991, -34.811706]]], [[[138.512034, -34.757735], [138.515763, -34.755783], [138.511818, -34.755477], [138.509401, -34.757374], [138.512034, -34.757735]]]]}}, {"type": "Feature", "properties": {"index": "STRT", "division": "Sturt", "state": "South Australia", "year": "1992", "proclaimed": "19920117", "quota": "0", "electors": "0", "deviation": ""}, "geometry": {"type": "Polygon", "coordinates": [[[138.649459, -34.846075], [138.623198, -34.84741], [138.617523, -34.847299], [138.619977, -34.884196], [138.62044, -34.883955], [138.625949, -34.893524], [138.638968, -34.896566], [138.622833, -34.915557], [138.615006, -34.919786], [138.615526, -34.922679], [138.623463, -34.927909], [138.624354, -34.940187], [138.615377, -34.940224], [138.63448, -34.951945], [138.643827, -34.963333], [138.64711, -34.964927], [138.649187, -34.966819], [138.650077, -34.968971], [138.650745, -34.971827], [138.652748, -34.972828], [138.65501, -34.972828], [138.662244, -34.968933], [138.667177, -34.967042], [138.670515, -34.96745], [138.671739, -34.968674], [138.671257, -34.970232], [138.672852, -34.973496], [138.67415, -34.973088], [138.677451, -34.97383], [138.682014, -34.975907], [138.677526, -34.969119], [138.680196, -34.967376], [138.678564, -34.965076], [138.679529, -34.96426], [138.678416, -34.96196], [138.678972, -34.961515], [138.679529, -34.960662], [138.678638, -34.959809], [138.676153, -34.957843], [138.677451, -34.95673], [138.677266, -34.955283], [138.676376, -34.955321], [138.674113, -34.956396], [138.672926, -34.95495], [138.672555, -34.952835], [138.67352, -34.951129], [138.67415, -34.94857], [138.673594, -34.947383], [138.67352, -34.945343], [138.67415, -34.944193], [138.673371, -34.943228], [138.673408, -34.94219], [138.676895, -34.938443], [138.685871, -34.937331], [138.686762, -34.935587], [138.685686, -34.930283], [138.687615, -34.93058], [138.689544, -34.93032], [138.691064, -34.928577], [138.693327, -34.928243], [138.698112, -34.930802], [138.70056, -34.927835], [138.69737, -34.925201], [138.697852, -34.924163], [138.697815, -34.922568], [138.696628, -34.921715], [138.695367, -34.918933], [138.69444, -34.917189], [138.692437, -34.915261], [138.688468, -34.913369], [138.682756, -34.912701], [138.676116, -34.913035], [138.673594, -34.878521], [138.672704, -34.877556], [138.671331, -34.876295], [138.665545, -34.875998], [138.656197, -34.872215], [138.65616, -34.871399], [138.65553, -34.869396], [138.656531, -34.869285], [138.657347, -34.868839], [138.656902, -34.867393], [138.656605, -34.86602], [138.658238, -34.864982], [138.660723, -34.864648], [138.661724, -34.862608], [138.661316, -34.861532], [138.657236, -34.858231], [138.657755, -34.857897], [138.674521, -34.857155], [138.677711, -34.854225], [138.678416, -34.85174], [138.677538, -34.844628], [138.649459, -34.846075]]]}}, {"type": "Feature", "properties": {"index": "WKFD", "division": "Wakefield", "state": "South Australia", "year": "1992", "proclaimed": "19920117", "quota": "0", "electors": "0", "deviation": ""}, "geometry": {"type": "MultiPolygon", "coordinates": [[[[137.732044, -33.755547], [137.725471, -33.769922], [137.715723, -33.778625], [137.703626, -33.787042], [137.695907, -33.790898], [137.691206, -33.794741], [137.685423, -33.797843], [137.683795, -33.800158], [137.680778, -33.801419], [137.666536, -33.816215], [137.662634, -33.817919], [137.661398, -33.819677], [137.657244, -33.820865], [137.650711, -33.82697], [137.643791, -33.830437], [137.639123, -33.837809], [137.632887, -33.844098], [137.631542, -33.846534], [137.626108, -33.85117], [137.620577, -33.859372], [137.619093, -33.860126], [137.616207, -33.8658], [137.612739, -33.868465], [137.609595, -33.869621], [137.608146, -33.872242], [137.600358, -33.876794], [137.601022, -33.877444], [137.600979, -33.880023], [137.60641, -33.884175], [137.609538, -33.885224], [137.615099, -33.891011], [137.617817, -33.891168], [137.622636, -33.894772], [137.62546, -33.895162], [137.627521, -33.899264], [137.627515, -33.901602], [137.629253, -33.902438], [137.630705, -33.907806], [137.63132, -33.915813], [137.63064, -33.921822], [137.6298, -33.922757], [137.626537, -33.922314], [137.62755, -33.922875], [137.625271, -33.926211], [137.6237, -33.925551], [137.62332, -33.927276], [137.612977, -33.930476], [137.610843, -33.932778], [137.609183, -33.933051], [137.605595, -33.935771], [137.601728, -33.935489], [137.600263, -33.936313], [137.591043, -33.944035], [137.586407, -33.950764], [137.578611, -33.958268], [137.57764, -33.964138], [137.575722, -33.967168], [137.567338, -33.969582], [137.563706, -33.971636], [137.561974, -33.975659], [137.559905, -33.977995], [137.560967, -33.985517], [137.558632, -33.988852], [137.551243, -33.993357], [137.543883, -33.992671], [137.54313, -33.991603], [137.538706, -33.992451], [137.539138, -33.994081], [137.535964, -33.99965], [137.530689, -34.001246], [137.527125, -34.004388], [137.528192, -34.004923], [137.530947, -34.004499], [137.53187, -34.003541], [137.528599, -34.003985], [137.53061, -34.002166], [137.532962, -34.001675], [137.532344, -34.002286], [137.532785, -34.00397], [137.532037, -34.004491], [137.533664, -34.005131], [137.531789, -34.005452], [137.535927, -34.006128], [137.536465, -34.007975], [137.537317, -34.007565], [137.53831, -34.008223], [137.540663, -34.006973], [137.540921, -34.009098], [137.541765, -34.008176], [137.544556, -34.00888], [137.552323, -34.014424], [137.559296, -34.022123], [137.563689, -34.028749], [137.566584, -34.03701], [137.567396, -34.043611], [137.562993, -34.053417], [137.560934, -34.054372], [137.560711, -34.057065], [137.558308, -34.059326], [137.557323, -34.065659], [137.555807, -34.066208], [137.555181, -34.068897], [137.554089, -34.069054], [137.552675, -34.072348], [137.550414, -34.075003], [137.548944, -34.075246], [137.547952, -34.074443], [137.54532, -34.074916], [137.544527, -34.076127], [137.544263, -34.084742], [137.540154, -34.094783], [137.537339, -34.098347], [137.531058, -34.101605], [137.526001, -34.10829], [137.525137, -34.119429], [137.522273, -34.129251], [137.519804, -34.132166], [137.515853, -34.13483], [137.506757, -34.137625], [137.504719, -34.137678], [137.503765, -34.136128], [137.499196, -34.135675], [137.493379, -34.133626], [137.480432, -34.137268], [137.475, -34.137748], [137.472031, -34.13696], [137.46518, -34.132921], [137.462137, -34.132868], [137.459342, -34.131502], [137.454678, -34.131704], [137.452479, -34.135192], [137.450063, -34.135315], [137.4497, -34.135978], [137.449444, -34.139966], [137.457165, -34.1507], [137.460352, -34.160805], [137.459888, -34.161622], [137.461613, -34.165663], [137.474882, -34.184003], [137.479292, -34.186939], [137.483323, -34.191582], [137.48982, -34.204938], [137.490228, -34.21029], [137.495525, -34.217301], [137.499904, -34.226504], [137.501247, -34.233983], [137.499705, -34.238393], [137.49945, -34.252156], [137.502638, -34.259722], [137.501241, -34.261961], [137.497331, -34.264373], [137.498606, -34.272046], [137.49776, -34.281032], [137.496859, -34.282809], [137.499379, -34.28758], [137.501204, -34.297754], [137.499815, -34.302685], [137.500625, -34.307912], [137.500299, -34.312], [137.497951, -34.319468], [137.495076, -34.323157], [137.492262, -34.323306], [137.488832, -34.333254], [137.483663, -34.343124], [137.48268, -34.347511], [137.481679, -34.365276], [137.48203, -34.372006], [137.480296, -34.380592], [137.47608, -34.392463], [137.472962, -34.394964], [137.471256, -34.398101], [137.465117, -34.400688], [137.457955, -34.400557], [137.454109, -34.39788], [137.453732, -34.396165], [137.451363, -34.396502], [137.449827, -34.39777], [137.446657, -34.398039], [137.444879, -34.401475], [137.445828, -34.40555], [137.444867, -34.411448], [137.441938, -34.416892], [137.441281, -34.421001], [137.438802, -34.423878], [137.438119, -34.427953], [137.43444, -34.432275], [137.432146, -34.437202], [137.427713, -34.441713], [137.420313, -34.445349], [137.416933, -34.444675], [137.416376, -34.447093], [137.414469, -34.448521], [137.414401, -34.451], [137.415772, -34.454921], [137.415149, -34.459593], [137.419454, -34.465222], [137.422292, -34.470658], [137.424722, -34.47231], [137.427025, -34.472597], [137.428118, -34.469716], [137.430829, -34.468276], [137.432164, -34.465694], [137.434868, -34.464154], [137.437429, -34.460178], [137.440091, -34.458001], [137.44069, -34.45539], [137.439972, -34.452692], [137.44202, -34.449484], [137.443822, -34.44136], [137.446005, -34.436891], [137.453499, -34.430078], [137.457962, -34.428619], [137.462378, -34.429608], [137.459954, -34.427968], [137.463169, -34.426672], [137.467103, -34.426555], [137.469663, -34.427543], [137.472115, -34.429706], [137.467078, -34.427774], [137.480313, -34.435758], [137.483189, -34.439275], [137.485997, -34.447199], [137.485833, -34.450038], [137.481753, -34.453829], [137.481936, -34.455802], [137.484395, -34.460677], [137.484667, -34.466686], [137.485723, -34.469961], [137.484819, -34.473189], [137.486637, -34.481665], [137.486088, -34.483927], [137.483109, -34.487269], [137.4832, -34.495536], [137.481065, -34.497932], [137.479017, -34.506975], [137.477779, -34.508358], [137.475489, -34.507803], [137.47443, -34.508399], [137.473817, -34.511303], [137.475842, -34.517593], [137.47561, -34.519124], [137.477059, -34.521395], [137.47941, -34.522664], [137.483323, -34.528851], [137.485444, -34.535323], [137.483651, -34.538686], [137.485722, -34.539358], [137.487218, -34.540889], [137.488977, -34.55059], [137.496623, -34.559912], [137.500113, -34.566829], [137.502051, -34.573117], [137.506741, -34.582015], [137.50894, -34.600204], [137.50944, -34.617955], [137.509392, -34.623396], [137.505449, -34.64883], [137.500982, -34.659125], [137.498118, -34.662173], [137.498291, -34.663571], [137.496678, -34.663877], [137.494477, -34.666872], [137.493052, -34.667483], [137.493721, -34.672074], [137.491042, -34.677444], [137.491069, -34.68815], [137.487794, -34.712728], [137.48495, -34.716453], [137.480424, -34.73122], [137.478841, -34.732653], [137.477107, -34.758643], [137.473308, -34.774593], [137.47067, -34.781449], [137.464969, -34.791309], [137.459607, -34.80763], [137.459163, -34.81032], [137.459868, -34.812483], [137.459949, -34.82318], [137.458947, -34.827124], [137.458188, -34.840511], [137.459386, -34.847377], [137.456936, -34.859765], [137.456595, -34.868132], [137.457989, -34.875335], [137.457214, -34.878972], [137.457725, -34.884498], [137.457075, -34.889589], [137.450184, -34.908125], [137.44323, -34.91685], [137.434709, -34.924992], [137.429762, -34.929148], [137.41535, -34.938659], [137.39596, -34.947885], [137.384815, -34.951699], [137.374945, -34.953745], [137.360829, -34.949765], [137.359145, -34.947525], [137.356422, -34.946584], [137.352806, -34.942119], [137.351862, -34.937051], [137.352088, -34.933656], [137.351148, -34.932565], [137.34812, -34.932374], [137.346955, -34.9298], [137.345868, -34.930153], [137.344189, -34.92904], [137.331902, -34.930933], [137.320486, -34.931369], [137.309245, -34.927825], [137.30258, -34.923199], [137.301908, -34.920549], [137.295713, -34.913584], [137.295605, -34.91105], [137.291011, -34.90102], [137.28543, -34.897172], [137.278676, -34.895628], [137.276479, -34.8939], [137.26784, -34.894124], [137.265927, -34.895672], [137.261748, -34.896136], [137.25705, -34.898152], [137.252981, -34.897217], [137.25171, -34.895906], [137.247445, -34.896198], [137.243977, -34.899689], [137.241471, -34.901], [137.233799, -34.90319], [137.224498, -34.904483], [137.212847, -34.903867], [137.199663, -34.900694], [137.194414, -34.901017], [137.178202, -34.908596], [137.169397, -34.911146], [137.156094, -34.916351], [137.146064, -34.9182], [137.139795, -34.918555], [137.130831, -34.91753], [137.093376, -34.919948], [137.079842, -34.91929], [137.072347, -34.917205], [137.056794, -34.91037], [137.047942, -34.903852], [137.038794, -34.902074], [137.035104, -34.900493], [137.020132, -34.900024], [137.019106, -34.89933], [137.016502, -34.893992], [137.013614, -34.892979], [137.012824, -34.893999], [137.01414, -34.894831], [137.013806, -34.896074], [137.01255, -34.896578], [137.010281, -34.895778], [137.008733, -34.897181], [137.010162, -34.898555], [137.010157, -34.90161], [137.012708, -34.906079], [137.013887, -34.910957], [137.014179, -34.91559], [137.012553, -34.92048], [137.005258, -34.925712], [137.004625, -34.927319], [137.002813, -34.926619], [136.999736, -34.928973], [136.996443, -34.932211], [136.997161, -34.932976], [136.99663, -34.933909], [136.995277, -34.933882], [136.991815, -34.936431], [136.990486, -34.936365], [136.989785, -34.934878], [136.988807, -34.934819], [136.987686, -34.93685], [136.985879, -34.93602], [136.984752, -34.937607], [136.982963, -34.937323], [136.979947, -34.938968], [136.980544, -34.940748], [136.976385, -34.94124], [136.97683, -34.943745], [136.975805, -34.947191], [136.977133, -34.947871], [136.977583, -34.949757], [136.97314, -34.951764], [136.973937, -34.956503], [136.973122, -34.960711], [136.970225, -34.967531], [136.969758, -34.972653], [136.966777, -34.974773], [136.971285, -34.977772], [136.972095, -34.986341], [136.97087, -34.995628], [136.968239, -35.000414], [136.964528, -35.005197], [136.956756, -35.01042], [136.954164, -35.009611], [136.950233, -35.00996], [136.947082, -35.013138], [136.943678, -35.012642], [136.943965, -35.013482], [136.945761, -35.014051], [136.946544, -35.016535], [136.944086, -35.022033], [136.935024, -35.023398], [136.935248, -35.024568], [136.932899, -35.02523], [136.932939, -35.026615], [136.931245, -35.027178], [136.930287, -35.02905], [136.930448, -35.030095], [136.936203, -35.032044], [136.945767, -35.046652], [136.955151, -35.06424], [136.959318, -35.074856], [136.961072, -35.082302], [136.961327, -35.086196], [136.959963, -35.089203], [136.953957, -35.093929], [136.953602, -35.096788], [136.951766, -35.100271], [136.945979, -35.106595], [136.944631, -35.106717], [136.942895, -35.10537], [136.941788, -35.105674], [136.94341, -35.112014], [136.943507, -35.117034], [136.941887, -35.118212], [136.942587, -35.120106], [136.941123, -35.129111], [136.939148, -35.129562], [136.938264, -35.133405], [136.93265, -35.140359], [136.928149, -35.142171], [136.925076, -35.141298], [136.920005, -35.14342], [136.919299, -35.145755], [136.913125, -35.153594], [136.910375, -35.154418], [136.907768, -35.153865], [136.905866, -35.154747], [136.903665, -35.153536], [136.903224, -35.15579], [136.902111, -35.156889], [136.899489, -35.157465], [136.89761, -35.156673], [136.898171, -35.158313], [136.89747, -35.1598], [136.893788, -35.160948], [136.894751, -35.162037], [136.894928, -35.164521], [136.89434, -35.178137], [136.892857, -35.181402], [136.890502, -35.182676], [136.890525, -35.183571], [136.888337, -35.185252], [136.887061, -35.18529], [136.885408, -35.183989], [136.884204, -35.184278], [136.883811, -35.186299], [136.881292, -35.188983], [136.877322, -35.18989], [136.875974, -35.189458], [136.874797, -35.191042], [136.872998, -35.19184], [136.869951, -35.190458], [136.87012, -35.191602], [136.868827, -35.193067], [136.865972, -35.194123], [136.862913, -35.193752], [136.861423, -35.192032], [136.856719, -35.19142], [136.851662, -35.192265], [136.849644, -35.191294], [136.849145, -35.190183], [136.847964, -35.1899], [136.84783, -35.190693], [136.84574, -35.190101], [136.845289, -35.194023], [136.844417, -35.193973], [136.843026, -35.196022], [136.844776, -35.197725], [136.844685, -35.20336], [136.8455, -35.205655], [136.842763, -35.213683], [136.846328, -35.2194], [136.846945, -35.224835], [136.846425, -35.228823], [136.842175, -35.233575], [136.837989, -35.23519], [136.833944, -35.234854], [136.831855, -35.233776], [136.831345, -35.232698], [136.829351, -35.233226], [136.828689, -35.235998], [136.831477, -35.235138], [136.832423, -35.236408], [136.832195, -35.237365], [136.830074, -35.237098], [136.829591, -35.238219], [136.832909, -35.237962], [136.83389, -35.239351], [136.834107, -35.241945], [136.830693, -35.245603], [136.828774, -35.245702], [136.823458, -35.243556], [136.822316, -35.244016], [136.822176, -35.245695], [136.824388, -35.246127], [136.825305, -35.248089], [136.827869, -35.248616], [136.829662, -35.250127], [136.841732, -35.264853], [136.841905, -35.266472], [136.845776, -35.269946], [136.84671, -35.271368], [136.84647, -35.272655], [136.848596, -35.275122], [136.847919, -35.278252], [136.850017, -35.279841], [136.848565, -35.282106], [136.853514, -35.281894], [136.852898, -35.283469], [136.857006, -35.282785], [136.856805, -35.287562], [136.858929, -35.286728], [136.860974, -35.288224], [136.870503, -35.286886], [136.875056, -35.290458], [136.874974, -35.291184], [136.876572, -35.291761], [136.876661, -35.292798], [136.878251, -35.293346], [136.877915, -35.294281], [136.880399, -35.2958], [136.881208, -35.297182], [136.880189, -35.29942], [136.882731, -35.300362], [136.884003, -35.299483], [136.883899, -35.297804], [136.885025, -35.297994], [136.885753, -35.296916], [136.888059, -35.296516], [136.888037, -35.297756], [136.890298, -35.298758], [136.892557, -35.296164], [136.894119, -35.296116], [136.894749, -35.295363], [136.894459, -35.294016], [136.896964, -35.293085], [136.896387, -35.289014], [136.89975, -35.285811], [136.906059, -35.285744], [136.915035, -35.287994], [136.915427, -35.286914], [136.919987, -35.285447], [136.922414, -35.285305], [136.923791, -35.286162], [136.925107, -35.284426], [136.926271, -35.285091], [136.928746, -35.283462], [136.932329, -35.284216], [136.932725, -35.283203], [136.934949, -35.282457], [136.937814, -35.28204], [136.938816, -35.28293], [136.94015, -35.282575], [136.941541, -35.283252], [136.944022, -35.282153], [136.942273, -35.278398], [136.944709, -35.275691], [136.943307, -35.273723], [136.945716, -35.270905], [136.945243, -35.269335], [136.949253, -35.267707], [136.955127, -35.266795], [136.966855, -35.26703], [136.966729, -35.26526], [136.968652, -35.264219], [136.967864, -35.263737], [136.968075, -35.26189], [136.966744, -35.261772], [136.966339, -35.260315], [136.968003, -35.255578], [136.969829, -35.253658], [136.969755, -35.25208], [136.97344, -35.250561], [136.9827, -35.24955], [136.982647, -35.247506], [136.980334, -35.24677], [136.979684, -35.244574], [136.982979, -35.235541], [136.987844, -35.232729], [136.99051, -35.228881], [136.992728, -35.227328], [136.997579, -35.225705], [137.001389, -35.223207], [137.015759, -35.221317], [137.036312, -35.221206], [137.048003, -35.222406], [137.059876, -35.225112], [137.067083, -35.227467], [137.067687, -35.228481], [137.074138, -35.227699], [137.074412, -35.22686], [137.076687, -35.226357], [137.081006, -35.22745], [137.082604, -35.228625], [137.085281, -35.228574], [137.091545, -35.23175], [137.094226, -35.231614], [137.108602, -35.240159], [137.110352, -35.24273], [137.111428, -35.242931], [137.113099, -35.242258], [137.111744, -35.241486], [137.112451, -35.239026], [137.118569, -35.237589], [137.128716, -35.240806], [137.129664, -35.242276], [137.134876, -35.241791], [137.136193, -35.240911], [137.136914, -35.242239], [137.137802, -35.242004], [137.137854, -35.242858], [137.140555, -35.24384], [137.140731, -35.242843], [137.142134, -35.242218], [137.142765, -35.243631], [137.143915, -35.243501], [137.145873, -35.240438], [137.148841, -35.241197], [137.15156, -35.239052], [137.155261, -35.240152], [137.158119, -35.23978], [137.159799, -35.238541], [137.160174, -35.237239], [137.162666, -35.238378], [137.163038, -35.237508], [137.165725, -35.237332], [137.168391, -35.235549], [137.172118, -35.236213], [137.173992, -35.237359], [137.173845, -35.236386], [137.176328, -35.23463], [137.177266, -35.231914], [137.181474, -35.231656], [137.183741, -35.229177], [137.185969, -35.229169], [137.188141, -35.230469], [137.189814, -35.228796], [137.190574, -35.229175], [137.190777, -35.228178], [137.189396, -35.226493], [137.191262, -35.224575], [137.189821, -35.223229], [137.190504, -35.220804], [137.190005, -35.217389], [137.192903, -35.213275], [137.190631, -35.210964], [137.190399, -35.208941], [137.194461, -35.20282], [137.200373, -35.196662], [137.203511, -35.191922], [137.218694, -35.176405], [137.233887, -35.168414], [137.237741, -35.164515], [137.258643, -35.159159], [137.264701, -35.159041], [137.270917, -35.161074], [137.27754, -35.161477], [137.284839, -35.164937], [137.291654, -35.165733], [137.29811, -35.168308], [137.301736, -35.167876], [137.304932, -35.165586], [137.307649, -35.16513], [137.313041, -35.165376], [137.327397, -35.167984], [137.334887, -35.167858], [137.347808, -35.163004], [137.347318, -35.161875], [137.344405, -35.161373], [137.346334, -35.162106], [137.339933, -35.163523], [137.33849, -35.165291], [137.334579, -35.163878], [137.342809, -35.16172], [137.340558, -35.155214], [137.340748, -35.149462], [137.344402, -35.142685], [137.352267, -35.13396], [137.373545, -35.120501], [137.405692, -35.106839], [137.414349, -35.101022], [137.424344, -35.097877], [137.450811, -35.097736], [137.464103, -35.099218], [137.495107, -35.110278], [137.50498, -35.117646], [137.510698, -35.119016], [137.514575, -35.117984], [137.521019, -35.113484], [137.525835, -35.112928], [137.530327, -35.114328], [137.536334, -35.113911], [137.546814, -35.115381], [137.554817, -35.117455], [137.57046, -35.12482], [137.580856, -35.130955], [137.584788, -35.131265], [137.595264, -35.139053], [137.60616, -35.143539], [137.616879, -35.152368], [137.618754, -35.154379], [137.619315, -35.156461], [137.623383, -35.159122], [137.623918, -35.16057], [137.627224, -35.160132], [137.630682, -35.16161], [137.633637, -35.165215], [137.635832, -35.166103], [137.637498, -35.168201], [137.640775, -35.167883], [137.643062, -35.166279], [137.646284, -35.167526], [137.651647, -35.166862], [137.653296, -35.168202], [137.656548, -35.167364], [137.66139, -35.168379], [137.666708, -35.167334], [137.66975, -35.167306], [137.670783, -35.168449], [137.677887, -35.167742], [137.681106, -35.165862], [137.68273, -35.163551], [137.68252, -35.160062], [137.685212, -35.155103], [137.685202, -35.152275], [137.687848, -35.148302], [137.697314, -35.141537], [137.705315, -35.138676], [137.709618, -35.136112], [137.724207, -35.133573], [137.733111, -35.130776], [137.736739, -35.128138], [137.741604, -35.125954], [137.743035, -35.122869], [137.746122, -35.120451], [137.758661, -35.114743], [137.759491, -35.113547], [137.758758, -35.111671], [137.755563, -35.111281], [137.745864, -35.105339], [137.743274, -35.102896], [137.742655, -35.100386], [137.743404, -35.097369], [137.747119, -35.0916], [137.747686, -35.086866], [137.748651, -35.084975], [137.748365, -35.082186], [137.745477, -35.074885], [137.740304, -35.069763], [137.736568, -35.068083], [137.72983, -35.054557], [137.725206, -35.054887], [137.72473, -35.053743], [137.725163, -35.052803], [137.727509, -35.052954], [137.728483, -35.052138], [137.728386, -35.050879], [137.726944, -35.049546], [137.727681, -35.047581], [137.733807, -35.044159], [137.742971, -35.042076], [137.752129, -35.044535], [137.758366, -35.044883], [137.760685, -35.043964], [137.76399, -35.040599], [137.764459, -35.034607], [137.762878, -35.031566], [137.7625, -35.027633], [137.761469, -35.02547], [137.762385, -35.021788], [137.76123, -35.016328], [137.761144, -35.0109], [137.758769, -35.006187], [137.757304, -34.99657], [137.758803, -34.992612], [137.76057, -34.990358], [137.760923, -34.989055], [137.760268, -34.987791], [137.763639, -34.979736], [137.76828, -34.972349], [137.770172, -34.966581], [137.772519, -34.962857], [137.774787, -34.961321], [137.773922, -34.960723], [137.773823, -34.959347], [137.7756, -34.958006], [137.776884, -34.95524], [137.779416, -34.953705], [137.780417, -34.95028], [137.784055, -34.947036], [137.783955, -34.93988], [137.785498, -34.936383], [137.785339, -34.934601], [137.789145, -34.929984], [137.788382, -34.926864], [137.790655, -34.922949], [137.79029, -34.922297], [137.805024, -34.912187], [137.798719, -34.909225], [137.796073, -34.906192], [137.797155, -34.903458], [137.795519, -34.894177], [137.800063, -34.877546], [137.804747, -34.869547], [137.805483, -34.869342], [137.80752, -34.863723], [137.807345, -34.861298], [137.811012, -34.856471], [137.813463, -34.849234], [137.815824, -34.846754], [137.817806, -34.842805], [137.821795, -34.840056], [137.823939, -34.837129], [137.825438, -34.832034], [137.825576, -34.826191], [137.827761, -34.821358], [137.831148, -34.816578], [137.8317, -34.812719], [137.838739, -34.807273], [137.841973, -34.803293], [137.849606, -34.796836], [137.849722, -34.795272], [137.852912, -34.792211], [137.853894, -34.789186], [137.865023, -34.777911], [137.860844, -34.776837], [137.85865, -34.774515], [137.857788, -34.7712], [137.858901, -34.767628], [137.862038, -34.767436], [137.864947, -34.76608], [137.864073, -34.7631], [137.862422, -34.761596], [137.867449, -34.745092], [137.867096, -34.738823], [137.868036, -34.736139], [137.867899, -34.732909], [137.869997, -34.725906], [137.868851, -34.722633], [137.871812, -34.717213], [137.873991, -34.711037], [137.877198, -34.707928], [137.877076, -34.701171], [137.878297, -34.698591], [137.879955, -34.697503], [137.880758, -34.695263], [137.880249, -34.685392], [137.879449, -34.680389], [137.877787, -34.676448], [137.87681, -34.66841], [137.881959, -34.662104], [137.882172, -34.65881], [137.886448, -34.649872], [137.885745, -34.648184], [137.886138, -34.646192], [137.896245, -34.639564], [137.897181, -34.637473], [137.900887, -34.634006], [137.901923, -34.62199], [137.907676, -34.615868], [137.892811, -34.612094], [137.885896, -34.608982], [137.879368, -34.603694], [137.875809, -34.597683], [137.875647, -34.585541], [137.876416, -34.580961], [137.884546, -34.567208], [137.883219, -34.563604], [137.883367, -34.553326], [137.884799, -34.550989], [137.884612, -34.548705], [137.886146, -34.544157], [137.886447, -34.531599], [137.885304, -34.524309], [137.885804, -34.521742], [137.887333, -34.51933], [137.885616, -34.51774], [137.885438, -34.515675], [137.885766, -34.513409], [137.887762, -34.510009], [137.887583, -34.507362], [137.890187, -34.502641], [137.898839, -34.493836], [137.897271, -34.489411], [137.89872, -34.481185], [137.901061, -34.476198], [137.90493, -34.472911], [137.905116, -34.468327], [137.910779, -34.458601], [137.911414, -34.455288], [137.910532, -34.4526], [137.91077, -34.448675], [137.916797, -34.436944], [137.915939, -34.435018], [137.916454, -34.433564], [137.915975, -34.430805], [137.917537, -34.428156], [137.92024, -34.426014], [137.92603, -34.418338], [137.935123, -34.410794], [137.947937, -34.396989], [137.960841, -34.388071], [137.971386, -34.379442], [137.986405, -34.369624], [137.995207, -34.362145], [138.007096, -34.349032], [138.008327, -34.344282], [138.007837, -34.342965], [138.01011, -34.339986], [138.012495, -34.334309], [138.011293, -34.334195], [138.011275, -34.333051], [138.013266, -34.331525], [138.01291, -34.332958], [138.013635, -34.331884], [138.014177, -34.328178], [138.013761, -34.326398], [138.012737, -34.326044], [138.015227, -34.324063], [138.014281, -34.321242], [138.014571, -34.318451], [138.017222, -34.314379], [138.01712, -34.309391], [138.016626, -34.31157], [138.015917, -34.308946], [138.018541, -34.302144], [138.019833, -34.293929], [138.018685, -34.293778], [138.021421, -34.288863], [138.021736, -34.28507], [138.001503, -34.261606], [138.001543, -34.257058], [138.003804, -34.251959], [138.005358, -34.244281], [138.007559, -34.238241], [138.012405, -34.231329], [138.017869, -34.226856], [138.023217, -34.225066], [138.029348, -34.221086], [138.029354, -34.220275], [138.028035, -34.219513], [138.029273, -34.216722], [138.029868, -34.210291], [138.03118, -34.207835], [138.031101, -34.206373], [138.030681, -34.208148], [138.030151, -34.207792], [138.030817, -34.203031], [138.037391, -34.18536], [138.042241, -34.178824], [138.04372, -34.174353], [138.046439, -34.170398], [138.05424, -34.165312], [138.055718, -34.161165], [138.059278, -34.157636], [138.061601, -34.152581], [138.064322, -34.150854], [138.066191, -34.148057], [138.068185, -34.140875], [138.077415, -34.133551], [138.085047, -34.13321], [138.087898, -34.131934], [138.088186, -34.132707], [138.089975, -34.13238], [138.093713, -34.133731], [138.102306, -34.138883], [138.105353, -34.142046], [138.105673, -34.147301], [138.106892, -34.151269], [138.109599, -34.152341], [138.111444, -34.155801], [138.114331, -34.156671], [138.116494, -34.160337], [138.118654, -34.1622], [138.119283, -34.164414], [138.120779, -34.16508], [138.121415, -34.164221], [138.122963, -34.165916], [138.123909, -34.167426], [138.123236, -34.169059], [138.126016, -34.170233], [138.125835, -34.172356], [138.13031, -34.175355], [138.132656, -34.178475], [138.132592, -34.180975], [138.133941, -34.183129], [138.135683, -34.18326], [138.135935, -34.185736], [138.13505, -34.186563], [138.13583, -34.187888], [138.137993, -34.187443], [138.144118, -34.191396], [138.145989, -34.191586], [138.154933, -34.20464], [138.15896, -34.208799], [138.158833, -34.214511], [138.160638, -34.219619], [138.161513, -34.219414], [138.161292, -34.216245], [138.163077, -34.215782], [138.16427, -34.218721], [138.16407, -34.220456], [138.165702, -34.221296], [138.165435, -34.222516], [138.163192, -34.223041], [138.166351, -34.228829], [138.165286, -34.230815], [138.166835, -34.232212], [138.165148, -34.2343], [138.166493, -34.235287], [138.168486, -34.234765], [138.167516, -34.236816], [138.166201, -34.236244], [138.165232, -34.23697], [138.167481, -34.238519], [138.166451, -34.241073], [138.167524, -34.245335], [138.166937, -34.245664], [138.166058, -34.243417], [138.165046, -34.243474], [138.164981, -34.249012], [138.164361, -34.251419], [138.162339, -34.253129], [138.162397, -34.256164], [138.15805, -34.258484], [138.156554, -34.260137], [138.155885, -34.259921], [138.155307, -34.260975], [138.153898, -34.2592], [138.152126, -34.259524], [138.152688, -34.260245], [138.151827, -34.261077], [138.15063, -34.260879], [138.151558, -34.260486], [138.151611, -34.259562], [138.148682, -34.259977], [138.146065, -34.263429], [138.146203, -34.265618], [138.146635, -34.265203], [138.149529, -34.269546], [138.158879, -34.272371], [138.168558, -34.270105], [138.169762, -34.270984], [138.172294, -34.271147], [138.173031, -34.270542], [138.176958, -34.27163], [138.177801, -34.270141], [138.18469, -34.269633], [138.192401, -34.272173], [138.197584, -34.27715], [138.207164, -34.294039], [138.213663, -34.301073], [138.217767, -34.304059], [138.223029, -34.311262], [138.22694, -34.322608], [138.226989, -34.329612], [138.230186, -34.339229], [138.230858, -34.343908], [138.229748, -34.351859], [138.225222, -34.365908], [138.227677, -34.37028], [138.240193, -34.385744], [138.246978, -34.400897], [138.249487, -34.413617], [138.252034, -34.420581], [138.256963, -34.430202], [138.259592, -34.439819], [138.259081, -34.441132], [138.261585, -34.453436], [138.259976, -34.458692], [138.261652, -34.460018], [138.260112, -34.461534], [138.262991, -34.472001], [138.265632, -34.476802], [138.27228, -34.4829], [138.292021, -34.493175], [138.297562, -34.497922], [138.302961, -34.504383], [138.304282, -34.504672], [138.304241, -34.505675], [138.309216, -34.509051], [138.329703, -34.518109], [138.335065, -34.523909], [138.341267, -34.533269], [138.342096, -34.533436], [138.344385, -34.531212], [138.343094, -34.533038], [138.344443, -34.533147], [138.342289, -34.533544], [138.3419, -34.534556], [138.342955, -34.535353], [138.348786, -34.550404], [138.350439, -34.552712], [138.349516, -34.557529], [138.350862, -34.558935], [138.352521, -34.563136], [138.356392, -34.565067], [138.362136, -34.570478], [138.362038, -34.574496], [138.364664, -34.57479], [138.363715, -34.576279], [138.364926, -34.57577], [138.364309, -34.578149], [138.369061, -34.579584], [138.371445, -34.582114], [138.370785, -34.583323], [138.372578, -34.582193], [138.374052, -34.582369], [138.37422, -34.585006], [138.379589, -34.585674], [138.384336, -34.587807], [138.383421, -34.589842], [138.386873, -34.58965], [138.386486, -34.590823], [138.387614, -34.591948], [138.389968, -34.590964], [138.389016, -34.592058], [138.389972, -34.592935], [138.389217, -34.593703], [138.393946, -34.596917], [138.397272, -34.597454], [138.398692, -34.598486], [138.402367, -34.59767], [138.402692, -34.598333], [138.406783, -34.598945], [138.407842, -34.600644], [138.408432, -34.60026], [138.408395, -34.600719], [138.407694, -34.600848], [138.407795, -34.601436], [138.411962, -34.606645], [138.414224, -34.611499], [138.412601, -34.612022], [138.411779, -34.61324], [138.413382, -34.61322], [138.41512, -34.614501], [138.415973, -34.61405], [138.416988, -34.614387], [138.416427, -34.614529], [138.415859, -34.614219], [138.415093, -34.614654], [138.414185, -34.614409], [138.412935, -34.615311], [138.412892, -34.616725], [138.415877, -34.619971], [138.413243, -34.620852], [138.414512, -34.621799], [138.417935, -34.622098], [138.422155, -34.62005], [138.425654, -34.622153], [138.426467, -34.621629], [138.428582, -34.625505], [138.431182, -34.627209], [138.430511, -34.627673], [138.431874, -34.628449], [138.432957, -34.631105], [138.4337, -34.63177], [138.434644, -34.631231], [138.434134, -34.632203], [138.435279, -34.63257], [138.434535, -34.632653], [138.434762, -34.634136], [138.437401, -34.637311], [138.445781, -34.653393], [138.445661, -34.654445], [138.442785, -34.655395], [138.441615, -34.654766], [138.441186, -34.65527], [138.439711, -34.653553], [138.436243, -34.653886], [138.436782, -34.654096], [138.434918, -34.655823], [138.434353, -34.65857], [138.432346, -34.661016], [138.431874, -34.66289], [138.429835, -34.664253], [138.430566, -34.668154], [138.43309, -34.669072], [138.435312, -34.67204], [138.436315, -34.67202], [138.439172, -34.669537], [138.444655, -34.670494], [138.448511, -34.673855], [138.458007, -34.67864], [138.464832, -34.678157], [138.473252, -34.675116], [138.479446, -34.673001], [138.481004, -34.673595], [138.48245, -34.672185], [138.483712, -34.670294], [138.484565, -34.6697], [138.486902, -34.669033], [138.48883, -34.669144], [138.487866, -34.66792], [138.486048, -34.666733], [138.485789, -34.665731], [138.486939, -34.664656], [138.487124, -34.663395], [138.486716, -34.661614], [138.48705, -34.66039], [138.4882, -34.658832], [138.489164, -34.657608], [138.490648, -34.65631], [138.490203, -34.655345], [138.48998, -34.653676], [138.490611, -34.652638], [138.491909, -34.651673], [138.491835, -34.647667], [138.494394, -34.646629], [138.495915, -34.647519], [138.497584, -34.647], [138.499402, -34.647296], [138.501627, -34.646629], [138.503779, -34.646109], [138.505114, -34.645071], [138.506115, -34.644811], [138.507748, -34.644218], [138.507377, -34.643476], [138.508156, -34.642771], [138.509602, -34.642474], [138.510789, -34.641176], [138.511939, -34.640879], [138.51409, -34.64125], [138.515203, -34.639544], [138.518245, -34.639544], [138.519246, -34.639136], [138.519765, -34.637393], [138.520841, -34.636911], [138.521768, -34.637615], [138.523401, -34.637615], [138.524217, -34.636911], [138.5257, -34.637133], [138.525589, -34.637801], [138.526702, -34.638394], [138.526739, -34.639878], [138.529039, -34.64125], [138.530077, -34.640954], [138.531227, -34.639544], [138.533712, -34.639915], [138.535122, -34.637912], [138.534751, -34.637393], [138.535864, -34.637319], [138.537199, -34.637393], [138.537347, -34.635538], [138.53872, -34.635724], [138.53961, -34.636948], [138.53961, -34.638654], [138.54076, -34.639804], [138.542985, -34.639655], [138.544766, -34.639322], [138.545545, -34.638209], [138.547028, -34.638543], [138.54662, -34.636948], [138.548549, -34.636391], [138.549439, -34.635538], [138.550367, -34.635761], [138.551702, -34.636577], [138.551294, -34.63743], [138.552407, -34.637541], [138.553594, -34.638543], [138.553891, -34.637912], [138.554558, -34.636836], [138.555374, -34.637319], [138.556524, -34.637207], [138.557081, -34.638209], [138.557934, -34.638839], [138.559454, -34.639247], [138.559862, -34.637986], [138.562199, -34.637504], [138.562682, -34.636799], [138.562051, -34.636057], [138.563238, -34.635167], [138.564128, -34.635538], [138.564907, -34.635835], [138.565575, -34.635167], [138.566279, -34.635909], [138.567578, -34.635575], [138.568542, -34.636206], [138.569099, -34.635093], [138.5701, -34.635575], [138.571213, -34.63539], [138.572251, -34.635946], [138.57622, -34.635872], [138.577704, -34.638283], [138.582155, -34.638802], [138.590649, -34.638246], [138.59191, -34.636206], [138.593617, -34.634945], [138.595805, -34.634351], [138.596955, -34.634833], [138.59714, -34.633498], [138.598105, -34.633238], [138.600293, -34.632459], [138.601777, -34.633572], [138.603854, -34.633832], [138.605783, -34.633275], [138.607601, -34.634203], [138.608676, -34.634054], [138.609603, -34.635204], [138.61105, -34.633943], [138.612385, -34.633609], [138.615946, -34.632942], [138.617393, -34.633572], [138.618617, -34.6322], [138.620472, -34.631495], [138.621733, -34.630679], [138.621251, -34.629158], [138.622178, -34.628861], [138.623624, -34.630271], [138.624811, -34.628008], [138.625553, -34.627378], [138.625145, -34.625931], [138.626147, -34.625931], [138.627074, -34.627415], [138.628372, -34.627229], [138.629596, -34.62786], [138.630672, -34.629232], [138.631562, -34.630011], [138.632304, -34.631013], [138.633454, -34.630308], [138.634604, -34.629603], [138.636162, -34.630308], [138.637423, -34.631161], [138.637608, -34.632311], [138.63835, -34.63168], [138.639092, -34.630568], [138.640242, -34.631569], [138.640947, -34.631569], [138.640835, -34.630827], [138.642393, -34.630902], [138.642356, -34.631235], [138.643691, -34.631198], [138.646399, -34.630085], [138.646288, -34.628861], [138.647438, -34.62901], [138.648959, -34.629047], [138.649923, -34.627674], [138.651518, -34.627415], [138.652149, -34.626784], [138.650257, -34.626302], [138.650442, -34.625486], [138.651555, -34.625783], [138.652111, -34.625152], [138.650813, -34.624373], [138.650887, -34.62352], [138.652186, -34.623335], [138.653521, -34.623112], [138.653187, -34.621925], [138.654374, -34.622296], [138.655153, -34.623335], [138.656488, -34.623298], [138.655524, -34.62237], [138.655561, -34.621777], [138.657342, -34.621591], [138.659159, -34.62237], [138.660346, -34.623631], [138.661718, -34.623112], [138.661978, -34.620998], [138.662312, -34.620071], [138.663759, -34.619737], [138.664627, -34.619383], [138.66611, -34.619865], [138.667297, -34.620162], [138.668002, -34.61968], [138.667668, -34.618604], [138.66867, -34.617899], [138.669449, -34.617862], [138.668855, -34.616527], [138.668707, -34.615711], [138.667594, -34.615637], [138.667001, -34.614821], [138.66778, -34.613485], [138.668892, -34.613152], [138.670524, -34.614932], [138.67097, -34.615859], [138.672639, -34.615414], [138.674011, -34.615377], [138.674827, -34.614895], [138.675087, -34.613597], [138.675977, -34.613819], [138.675977, -34.614672], [138.677238, -34.615192], [138.677312, -34.614116], [138.679352, -34.613856], [138.679464, -34.614784], [138.679649, -34.615563], [138.682654, -34.615971], [138.680005, -34.634351], [138.699738, -34.650523], [138.72051, -34.662987], [138.715317, -34.670034], [138.722216, -34.673001], [138.725147, -34.675487], [138.726334, -34.676896], [138.730154, -34.678194], [138.733307, -34.678046], [138.738092, -34.676674], [138.740021, -34.676525], [138.742432, -34.678269], [138.749294, -34.680531], [138.756712, -34.681792], [138.759531, -34.681459], [138.767172, -34.676191], [138.771883, -34.675301], [138.772106, -34.676043], [138.770993, -34.678009], [138.768656, -34.680976], [138.767692, -34.683387], [138.768545, -34.684278], [138.76925, -34.68387], [138.770659, -34.683016], [138.774443, -34.681904], [138.77919, -34.682275], [138.783308, -34.680865], [138.785644, -34.680791], [138.788093, -34.680457], [138.788501, -34.683647], [138.787907, -34.685019], [138.78991, -34.687319], [138.789131, -34.69088], [138.78557, -34.691585], [138.785422, -34.692586], [138.785236, -34.696073], [138.78442, -34.697371], [138.785496, -34.698632], [138.78646, -34.699597], [138.788055, -34.699671], [138.790578, -34.703677], [138.790763, -34.705346], [138.791616, -34.705828], [138.792247, -34.707052], [138.787091, -34.710317], [138.785459, -34.713173], [138.78442, -34.71436], [138.778411, -34.720665], [138.777002, -34.723262], [138.776112, -34.734927], [138.776075, -34.735595], [138.774962, -34.7363], [138.771994, -34.739082], [138.770659, -34.742606], [138.771401, -34.746333], [138.767413, -34.754586], [138.768396, -34.754011], [138.768842, -34.75646], [138.769342, -34.757313], [138.770325, -34.758017], [138.771419, -34.75939], [138.772977, -34.760187], [138.77383, -34.759816], [138.774925, -34.761282], [138.776167, -34.762561], [138.777391, -34.763563], [138.77856, -34.76423], [138.780285, -34.766771], [138.783043, -34.766822], [138.785454, -34.767824], [138.790536, -34.768083], [138.794282, -34.770383], [138.798288, -34.770643], [138.800959, -34.770643], [138.804001, -34.771756], [138.80567, -34.773499], [138.808081, -34.774055], [138.810826, -34.775502], [138.81294, -34.775465], [138.813682, -34.775613], [138.815091, -34.775354], [138.814016, -34.778284], [138.813867, -34.780287], [138.815536, -34.78203], [138.813854, -34.784859], [138.813621, -34.789129], [138.815142, -34.791354], [138.815162, -34.792889], [138.816065, -34.794075], [138.818331, -34.797772], [138.817923, -34.798959], [138.818669, -34.80045], [138.822777, -34.800351], [138.825942, -34.801358], [138.828993, -34.800565], [138.833252, -34.801553], [138.83439, -34.80231], [138.834266, -34.807032], [138.836494, -34.810962], [138.833416, -34.817491], [138.832831, -34.8224], [138.833986, -34.821872], [138.834862, -34.823574], [138.837484, -34.824063], [138.839678, -34.823248], [138.841909, -34.824464], [138.842838, -34.823332], [138.845567, -34.824624], [138.847158, -34.823916], [138.849427, -34.825081], [138.851521, -34.823755], [138.850651, -34.825804], [138.851806, -34.826768], [138.85125, -34.829475], [138.848996, -34.831339], [138.848124, -34.834398], [138.846765, -34.836351], [138.848011, -34.83732], [138.84683, -34.839498], [138.843541, -34.840488], [138.839461, -34.843159], [138.837161, -34.843752], [138.831858, -34.842357], [138.837177, -34.848481], [138.839993, -34.853215], [138.846322, -34.855418], [138.851159, -34.861739], [138.855782, -34.864376], [138.861821, -34.868752], [138.861346, -34.873723], [138.862903, -34.882254], [138.87188, -34.881586], [138.881969, -34.87669], [138.89191, -34.876987], [138.895842, -34.872165], [138.900589, -34.866008], [138.919655, -34.86853], [138.92507, -34.864895], [138.933898, -34.870681], [138.940946, -34.86942], [138.943617, -34.868233], [138.945916, -34.872017], [138.947994, -34.876913], [138.953409, -34.87988], [138.956228, -34.883886], [138.962237, -34.887521], [138.966466, -34.889821], [138.977148, -34.891231], [139.026407, -34.920682], [139.178412, -34.994088], [139.215801, -34.773313], [139.211647, -34.611294], [139.105266, -34.610255], [139.110162, -34.589631], [139.095918, -34.567821], [139.110459, -34.553874], [139.112833, -34.534586], [139.141616, -34.508325], [139.15037, -34.504467], [139.152151, -34.495713], [139.1704, -34.489333], [139.175296, -34.480283], [139.168323, -34.466781], [139.157344, -34.45595], [139.757945, -34.483695], [139.761506, -34.599721], [139.800972, -34.601204], [139.812842, -34.605062], [139.876344, -34.605359], [139.906612, -34.60981], [139.969224, -34.620196], [140.065664, -34.600314], [140.065071, -34.578355], [140.111659, -34.580433], [140.158544, -34.573014], [140.174271, -34.573608], [140.180503, -34.656398], [140.166259, -34.659662], [140.16982, -34.696755], [140.369823, -34.692304], [140.3719, -34.635329], [140.964721, -34.635598], [140.964445, -34.497253], [140.966309, -34.495465], [140.964438, -34.492743], [140.961682, -34.095818], [140.962516, -34.095833], [140.963616, -33.980648], [140.965699, -33.980719], [140.969287, -33.98348], [140.969513, -33.985386], [140.967679, -33.989832], [140.968271, -33.996052], [140.969273, -33.997216], [140.970656, -33.997851], [140.976321, -33.99721], [140.97966, -33.998784], [140.980575, -33.999996], [140.980821, -34.004606], [140.979519, -34.006087], [140.975867, -34.007343], [140.97532, -34.009321], [140.976463, -34.009852], [140.984758, -34.009207], [140.986747, -34.010237], [140.986818, -34.011307], [140.985743, -34.012298], [140.981103, -34.014131], [140.980453, -34.016013], [140.981586, -34.017772], [140.98541, -34.020513], [140.985413, -34.026759], [140.988431, -34.030777], [140.990792, -34.031866], [140.993443, -34.031056], [140.994503, -34.02943], [140.994677, -34.022905], [140.998139, -34.019698], [141.00061, -34.020082], [141.002956, -34.021892], [141.002469, -33.319183], [140.371603, -33.329526], [140.368042, -34.013214], [140.217299, -34.01084], [140.212551, -33.949118], [139.85943, -33.949712], [139.862398, -33.873747], [139.695036, -33.873747], [139.696223, -33.797781], [138.881969, -33.790659], [138.88731, -33.813212], [138.894729, -33.832796], [138.895916, -33.849414], [138.833007, -33.844963], [138.813719, -33.853568], [138.83271, -33.874933], [138.832413, -33.904607], [138.83271, -33.917664], [138.833897, -33.937249], [138.823511, -33.947041], [138.806894, -33.942293], [138.795321, -33.932204], [138.784638, -33.933391], [138.771582, -33.92805], [138.750216, -33.938436], [138.741908, -33.939029], [138.732412, -33.92894], [138.717872, -33.933391], [138.697694, -33.941403], [138.689682, -33.933094], [138.680483, -33.929237], [138.67158, -33.921522], [138.592351, -33.940216], [138.58968, -33.960098], [138.584339, -33.976715], [138.573063, -33.986211], [138.572469, -34.007576], [138.57514, -34.018852], [138.538344, -34.022413], [138.511934, -34.021523], [138.477809, -34.028348], [138.429441, -34.025974], [138.408669, -34.030128], [138.377511, -33.936062], [138.328846, -33.922412], [138.307481, -33.927456], [138.294424, -33.924489], [138.281961, -33.912916], [138.270982, -33.916477], [138.271575, -33.930127], [138.257332, -33.935765], [138.250803, -33.937842], [138.261189, -33.952679], [138.273949, -33.978496], [138.266827, -33.988882], [138.078694, -33.991552], [138.069792, -33.752973], [137.861184, -33.755644], [137.857029, -33.748819], [137.752577, -33.751193], [137.734532, -33.742781], [137.732044, -33.755547]]], [[[137.361047, -34.468645], [137.358229, -34.470358], [137.35676, -34.470324], [137.356488, -34.471563], [137.357577, -34.472573], [137.356598, -34.473759], [137.356658, -34.475429], [137.355496, -34.476399], [137.354018, -34.47606], [137.354406, -34.477185], [137.353187, -34.477454], [137.353964, -34.47774], [137.353818, -34.478629], [137.352404, -34.479597], [137.349684, -34.479485], [137.35005, -34.481809], [137.347684, -34.48276], [137.346802, -34.484803], [137.344182, -34.487249], [137.342279, -34.48808], [137.339705, -34.487027], [137.338346, -34.488509], [137.339381, -34.490794], [137.339093, -34.493372], [137.337657, -34.493823], [137.33921, -34.498197], [137.337278, -34.499298], [137.339667, -34.501633], [137.339371, -34.506336], [137.341431, -34.50713], [137.342033, -34.509108], [137.34134, -34.520462], [137.342736, -34.523234], [137.340776, -34.524345], [137.340983, -34.52633], [137.348913, -34.528199], [137.351512, -34.534103], [137.357943, -34.529348], [137.360736, -34.529094], [137.363582, -34.53021], [137.366052, -34.528754], [137.366732, -34.527598], [137.365292, -34.5238], [137.368308, -34.519768], [137.371478, -34.505908], [137.375861, -34.500038], [137.377191, -34.499288], [137.376282, -34.500143], [137.377498, -34.499843], [137.380415, -34.497324], [137.381767, -34.497301], [137.37816, -34.493192], [137.378816, -34.495703], [137.379887, -34.496875], [137.378697, -34.496072], [137.376315, -34.492536], [137.376719, -34.485957], [137.373221, -34.48247], [137.37352, -34.480083], [137.374042, -34.480792], [137.376167, -34.474763], [137.376293, -34.472808], [137.374861, -34.468847], [137.363493, -34.462455], [137.361392, -34.462878], [137.361579, -34.463786], [137.361047, -34.468645]]], [[[136.858853, -35.374582], [136.856986, -35.374764], [136.856329, -35.377247], [136.856875, -35.377989], [136.86168, -35.377702], [136.862029, -35.376752], [136.861226, -35.375733], [136.862123, -35.375185], [136.861929, -35.373583], [136.863535, -35.375095], [136.866931, -35.372554], [136.867144, -35.369821], [136.865515, -35.368686], [136.862389, -35.369066], [136.861289, -35.366908], [136.861566, -35.365816], [136.859369, -35.366002], [136.859255, -35.366639], [136.858033, -35.366294], [136.855381, -35.367544], [136.854349, -35.371157], [136.856912, -35.372713], [136.858597, -35.371949], [136.857589, -35.373281], [136.857969, -35.373993], [136.858853, -35.374582]]], [[[136.833287, -35.217563], [136.835303, -35.216022], [136.834713, -35.214535], [136.83232, -35.212796], [136.827549, -35.212146], [136.828285, -35.215552], [136.830002, -35.216252], [136.833287, -35.217563]]], [[[137.532653, -33.982887], [137.535138, -33.984107], [137.53712, -33.983582], [137.541972, -33.984605], [137.542855, -33.984006], [137.540522, -33.983959], [137.535954, -33.981581], [137.531902, -33.980532], [137.53308, -33.981917], [137.532653, -33.982887]]], [[[137.516872, -34.008244], [137.521864, -34.005977], [137.520733, -34.005456], [137.518943, -34.006789], [137.514113, -34.007961], [137.510885, -34.007471], [137.507929, -34.009027], [137.510667, -34.008864], [137.510667, -34.009543], [137.516872, -34.008244]]], [[[136.828757, -35.230588], [136.829186, -35.231424], [136.831411, -35.231907], [136.833258, -35.229566], [136.829735, -35.22979], [136.82937, -35.230292], [136.828757, -35.230588]]], [[[136.907286, -35.324027], [136.908661, -35.324192], [136.908223, -35.321846], [136.90571, -35.320284], [136.905288, -35.320772], [136.907286, -35.324027]]], [[[137.365812, -34.457324], [137.366178, -34.45629], [137.365233, -34.455025], [137.362597, -34.455911], [137.362582, -34.456655], [137.365812, -34.457324]]], [[[137.538537, -34.010062], [137.537268, -34.010585], [137.537226, -34.012535], [137.537635, -34.013796], [137.53913, -34.014173], [137.538239, -34.013152], [137.539129, -34.012178], [137.538673, -34.011204], [137.538537, -34.010062]]], [[[136.840457, -35.196775], [136.839836, -35.194441], [136.837386, -35.194333], [136.836875, -35.195032], [136.840457, -35.196775]]], [[[136.921381, -35.339385], [136.92249, -35.338049], [136.918238, -35.338137], [136.918218, -35.338931], [136.921381, -35.339385]]], [[[136.847291, -35.37111], [136.849105, -35.368656], [136.847905, -35.368211], [136.847993, -35.36922], [136.845768, -35.370494], [136.847291, -35.37111]]], [[[137.546664, -33.987564], [137.548593, -33.987829], [137.545877, -33.985809], [137.545055, -33.985696], [137.546664, -33.987564]]], [[[136.844254, -35.37234], [136.845736, -35.373819], [136.846139, -35.373236], [136.845137, -35.371939], [136.844254, -35.37234]]], [[[137.41269, -34.443413], [137.414345, -34.44391], [137.413057, -34.442244], [137.412314, -34.442971], [137.41269, -34.443413]]], [[[136.924664, -35.02942], [136.926023, -35.029136], [136.925558, -35.02848], [136.924021, -35.028868], [136.924664, -35.02942]]], [[[137.52415, -34.005611], [137.524567, -34.004693], [137.522814, -34.005722], [137.522732, -34.006083], [137.52415, -34.005611]]], [[[137.361286, -34.451687], [137.361848, -34.453636], [137.362013, -34.453564], [137.362157, -34.452336], [137.361286, -34.451687]]], [[[137.404374, -34.462491], [137.404722, -34.461773], [137.403943, -34.461672], [137.403687, -34.462447], [137.404374, -34.462491]]], [[[136.917301, -35.339338], [136.917456, -35.338725], [136.91672, -35.338762], [136.916489, -35.339471], [136.917301, -35.339338]]], [[[137.540982, -34.009825], [137.541065, -34.009536], [137.540007, -34.009808], [137.539868, -34.010339], [137.540982, -34.009825]]], [[[137.537182, -34.009099], [137.537006, -34.008324], [137.536635, -34.008407], [137.536692, -34.008935], [137.537182, -34.009099]]], [[[137.366564, -34.453019], [137.366025, -34.45311], [137.366701, -34.453698], [137.366824, -34.453355], [137.366564, -34.453019]]], [[[137.423879, -34.485246], [137.423868, -34.485715], [137.424362, -34.485312], [137.424531, -34.48479], [137.423879, -34.485246]]], [[[137.366215, -34.533382], [137.366195, -34.532858], [137.36599, -34.532861], [137.365922, -34.533458], [137.366215, -34.533382]]], [[[137.365102, -34.53304], [137.36494, -34.533507], [137.365206, -34.533509], [137.365473, -34.533246], [137.365102, -34.53304]]], [[[137.363177, -34.531145], [137.363109, -34.53079], [137.362864, -34.530898], [137.362965, -34.531163], [137.363177, -34.531145]]], [[[137.355605, -34.53484], [137.355436, -34.534457], [137.355312, -34.534608], [137.355323, -34.534791], [137.355605, -34.53484]]], [[[137.355001, -34.534576], [137.355068, -34.534289], [137.354818, -34.53433], [137.35486, -34.534469], [137.355001, -34.534576]]]]}}]}