{"type": "FeatureCollection", "features": [{"type": "Feature", "properties": {"index": "BASS", "division": "Bass", "state": "Tasmania", "year": "1992", "proclaimed": "19920401", "quota": "0", "electors": "0", "deviation": ""}, "geometry": {"type": "MultiPolygon", "coordinates": [[[[148.12618, -40.836042], [148.125088, -40.833063], [148.114387, -40.830786], [148.114653, -40.828161], [148.111816, -40.828161], [148.111612, -40.826501], [148.113229, -40.825052], [148.113493, -40.822876], [148.108118, -40.820586], [148.10971, -40.819885], [148.112421, -40.821326], [148.117239, -40.820586], [148.115101, -40.818651], [148.112007, -40.817539], [148.113461, -40.816586], [148.115352, -40.816826], [148.114589, -40.81513], [148.115275, -40.813961], [148.118549, -40.815769], [148.119978, -40.81831], [148.121531, -40.819072], [148.121389, -40.8258], [148.122711, -40.825854], [148.124926, -40.823272], [148.127101, -40.823066], [148.129833, -40.827055], [148.134052, -40.830382], [148.143746, -40.832528], [148.148166, -40.834712], [148.163508, -40.835808], [148.170096, -40.834736], [148.17029, -40.833744], [148.174654, -40.831064], [148.175264, -40.82965], [148.174885, -40.829154], [148.173312, -40.831478], [148.168554, -40.833784], [148.164624, -40.834695], [148.155977, -40.834978], [148.148778, -40.83366], [148.138476, -40.829297], [148.127325, -40.821389], [148.116438, -40.811872], [148.112584, -40.807514], [148.102891, -40.793489], [148.101303, -40.788194], [148.098055, -40.785952], [148.096938, -40.783973], [148.094497, -40.783414], [148.093065, -40.781249], [148.087435, -40.776943], [148.085739, -40.773701], [148.082918, -40.77322], [148.079154, -40.769023], [148.077288, -40.771145], [148.073369, -40.77211], [148.05507, -40.771074], [148.048025, -40.767848], [148.043083, -40.766667], [148.039682, -40.764547], [148.037554, -40.762109], [148.037027, -40.765901], [148.041848, -40.768392], [148.040812, -40.767394], [148.041615, -40.767464], [148.042849, -40.768992], [148.044093, -40.769202], [148.042778, -40.769283], [148.041741, -40.773021], [148.042204, -40.772626], [148.042166, -40.773446], [148.044555, -40.77448], [148.048767, -40.774525], [148.044728, -40.77472], [148.039131, -40.772953], [148.038932, -40.771688], [148.035615, -40.769419], [148.032761, -40.764985], [148.034027, -40.763477], [148.038006, -40.761327], [148.033281, -40.757584], [148.032737, -40.755834], [148.0336, -40.75492], [148.032143, -40.752617], [148.032959, -40.751678], [148.03066, -40.750241], [148.028909, -40.752044], [148.026225, -40.753228], [148.019026, -40.753568], [148.017637, -40.752738], [148.018077, -40.752009], [148.016836, -40.751048], [148.016999, -40.749874], [148.013288, -40.748119], [148.011976, -40.746685], [148.01216, -40.745801], [148.00769, -40.745364], [148.006699, -40.744737], [148.006658, -40.743739], [148.002412, -40.744869], [147.996291, -40.743195], [147.987945, -40.742895], [147.985802, -40.741593], [147.986571, -40.740022], [147.985063, -40.74023], [147.985281, -40.741208], [147.984286, -40.742004], [147.981013, -40.742314], [147.975128, -40.739237], [147.974703, -40.737601], [147.973826, -40.738187], [147.974566, -40.73932], [147.974115, -40.740583], [147.970482, -40.742992], [147.966955, -40.743343], [147.959868, -40.746371], [147.953894, -40.745498], [147.949911, -40.74642], [147.949419, -40.744298], [147.948561, -40.743968], [147.948242, -40.74518], [147.946971, -40.745252], [147.945977, -40.743826], [147.946244, -40.742933], [147.943746, -40.74289], [147.942262, -40.739816], [147.939598, -40.739146], [147.939892, -40.739591], [147.938591, -40.740453], [147.939582, -40.741684], [147.939086, -40.742328], [147.94124, -40.744735], [147.939061, -40.745768], [147.9404, -40.746761], [147.940171, -40.748313], [147.94262, -40.749401], [147.942121, -40.751023], [147.942752, -40.752717], [147.946483, -40.752634], [147.947815, -40.753354], [147.950225, -40.751106], [147.953929, -40.752444], [147.955028, -40.754498], [147.958797, -40.754978], [147.959781, -40.759075], [147.958714, -40.760353], [147.95602, -40.760233], [147.955885, -40.761347], [147.957553, -40.761647], [147.957078, -40.763012], [147.958845, -40.76477], [147.952995, -40.77635], [147.950614, -40.777497], [147.949051, -40.776055], [147.943548, -40.775918], [147.943943, -40.777218], [147.945503, -40.778351], [147.944784, -40.77934], [147.946116, -40.779669], [147.945561, -40.780513], [147.946085, -40.78135], [147.944157, -40.782297], [147.946033, -40.784994], [147.944591, -40.785788], [147.945986, -40.787685], [147.945087, -40.788429], [147.947743, -40.789662], [147.947832, -40.791051], [147.946213, -40.791906], [147.946722, -40.793278], [147.9329, -40.815249], [147.912229, -40.841012], [147.904404, -40.849056], [147.887073, -40.863556], [147.887691, -40.865669], [147.888177, -40.864979], [147.887492, -40.86701], [147.883976, -40.871654], [147.885044, -40.877794], [147.887143, -40.879061], [147.891875, -40.876361], [147.896729, -40.875707], [147.903373, -40.877181], [147.904536, -40.875643], [147.906484, -40.869384], [147.908962, -40.868767], [147.911507, -40.869236], [147.910626, -40.868401], [147.912854, -40.869078], [147.911879, -40.869037], [147.912614, -40.870346], [147.910703, -40.871109], [147.909487, -40.870084], [147.908295, -40.870519], [147.907789, -40.869596], [147.906587, -40.869888], [147.906426, -40.871071], [147.908467, -40.870917], [147.906286, -40.871523], [147.905501, -40.875529], [147.904155, -40.877669], [147.892487, -40.877166], [147.889716, -40.878921], [147.888902, -40.880619], [147.887366, -40.881002], [147.881386, -40.880381], [147.878572, -40.879074], [147.876717, -40.879759], [147.875288, -40.882085], [147.873879, -40.882913], [147.875136, -40.88166], [147.875863, -40.87906], [147.877927, -40.877905], [147.877847, -40.876537], [147.880484, -40.873493], [147.880672, -40.872086], [147.879104, -40.870642], [147.882121, -40.870829], [147.883393, -40.868643], [147.882618, -40.868134], [147.872972, -40.871699], [147.856875, -40.880587], [147.83533, -40.88709], [147.825127, -40.887117], [147.824001, -40.886273], [147.822023, -40.886929], [147.816016, -40.884751], [147.812685, -40.884803], [147.805842, -40.883195], [147.797516, -40.88352], [147.785221, -40.879981], [147.780002, -40.879821], [147.775911, -40.877398], [147.77469, -40.874722], [147.772461, -40.873255], [147.769689, -40.872257], [147.772472, -40.873833], [147.769964, -40.872996], [147.766655, -40.870008], [147.756472, -40.865117], [147.752324, -40.867955], [147.753065, -40.868803], [147.751676, -40.871317], [147.753474, -40.87343], [147.751958, -40.875958], [147.751422, -40.875753], [147.751971, -40.873126], [147.75068, -40.871156], [147.752142, -40.868824], [147.750328, -40.868122], [147.751492, -40.866349], [147.75379, -40.866201], [147.756345, -40.86493], [147.75746, -40.86347], [147.757112, -40.862924], [147.758669, -40.86415], [147.757143, -40.85961], [147.757456, -40.857606], [147.752894, -40.85666], [147.740844, -40.857627], [147.739481, -40.856775], [147.738892, -40.857262], [147.739455, -40.85812], [147.738446, -40.858749], [147.721653, -40.862752], [147.712971, -40.86221], [147.70646, -40.860312], [147.693798, -40.849906], [147.691841, -40.846514], [147.692148, -40.845002], [147.688178, -40.841406], [147.689993, -40.839241], [147.687091, -40.838451], [147.685628, -40.837186], [147.685532, -40.835959], [147.672706, -40.829856], [147.669297, -40.827391], [147.668967, -40.825953], [147.670111, -40.825378], [147.671607, -40.821904], [147.669685, -40.821027], [147.661333, -40.824983], [147.658643, -40.828496], [147.656921, -40.829888], [147.654853, -40.829751], [147.651472, -40.833884], [147.64935, -40.834497], [147.645875, -40.834117], [147.644137, -40.838036], [147.627108, -40.84408], [147.62682, -40.84502], [147.614506, -40.847669], [147.607104, -40.847957], [147.603366, -40.847136], [147.60026, -40.848457], [147.594815, -40.849136], [147.594635, -40.850246], [147.595709, -40.850589], [147.59503, -40.85085], [147.598228, -40.851202], [147.598725, -40.85188], [147.598086, -40.852655], [147.598959, -40.853373], [147.597653, -40.854718], [147.598926, -40.856219], [147.597251, -40.858649], [147.595051, -40.859084], [147.595817, -40.859949], [147.594524, -40.860144], [147.595345, -40.860675], [147.594473, -40.861195], [147.595233, -40.862568], [147.593437, -40.864147], [147.588149, -40.863175], [147.583618, -40.863407], [147.584627, -40.863787], [147.583412, -40.864236], [147.584801, -40.864739], [147.585124, -40.865887], [147.584085, -40.866226], [147.584408, -40.867411], [147.583658, -40.867798], [147.5859, -40.868608], [147.58778, -40.868071], [147.589247, -40.870908], [147.590706, -40.871601], [147.58847, -40.872065], [147.575525, -40.890794], [147.582835, -40.893163], [147.57659, -40.892342], [147.572591, -40.896446], [147.568087, -40.898606], [147.563555, -40.903748], [147.554179, -40.918525], [147.525579, -40.95069], [147.508098, -40.966456], [147.490728, -40.979349], [147.479015, -40.985778], [147.465599, -40.991661], [147.457722, -40.996432], [147.447856, -41.000446], [147.442031, -41.001964], [147.441482, -41.002915], [147.438603, -41.002758], [147.42428, -41.005787], [147.412627, -41.00688], [147.407072, -41.006378], [147.397054, -41.002901], [147.399355, -41.004786], [147.404471, -41.006175], [147.405191, -41.009942], [147.414513, -41.010395], [147.418444, -41.011629], [147.421319, -41.010069], [147.423699, -41.011003], [147.424373, -41.01203], [147.423642, -41.013052], [147.425399, -41.013477], [147.427658, -41.011942], [147.430106, -41.012469], [147.429141, -41.010313], [147.429569, -41.009641], [147.434493, -41.011613], [147.434806, -41.010733], [147.432734, -41.009046], [147.434895, -41.010595], [147.435043, -41.011092], [147.434541, -41.011899], [147.432112, -41.011222], [147.42983, -41.009837], [147.42939, -41.010286], [147.430662, -41.0121], [147.430388, -41.012762], [147.427867, -41.012341], [147.425707, -41.013972], [147.423454, -41.013626], [147.422993, -41.011594], [147.421674, -41.01099], [147.418795, -41.013392], [147.415962, -41.013834], [147.413077, -41.012696], [147.412115, -41.013987], [147.41233, -41.012579], [147.404364, -41.011799], [147.402091, -41.009168], [147.39896, -41.008526], [147.396413, -41.004884], [147.397178, -41.001275], [147.392044, -40.998304], [147.392253, -40.996847], [147.390923, -40.996135], [147.390422, -40.994783], [147.3899, -40.99151], [147.391078, -40.987259], [147.392012, -40.986959], [147.391711, -40.985721], [147.38876, -40.983272], [147.386619, -40.982732], [147.385795, -40.981467], [147.384719, -40.981372], [147.38512, -40.980904], [147.383891, -40.980777], [147.384266, -40.980446], [147.382906, -40.980814], [147.376939, -40.979085], [147.371379, -40.976151], [147.367462, -40.976086], [147.363224, -40.977101], [147.356148, -40.977402], [147.355617, -40.979343], [147.356656, -40.98109], [147.361942, -40.98292], [147.35543, -40.98228], [147.354748, -40.976711], [147.358372, -40.976714], [147.359316, -40.975034], [147.360597, -40.976447], [147.360544, -40.975327], [147.35963, -40.97421], [147.35966, -40.972359], [147.358291, -40.970878], [147.358098, -40.968762], [147.355805, -40.966537], [147.352887, -40.961007], [147.352687, -40.958579], [147.354255, -40.957606], [147.355127, -40.95302], [147.353131, -40.949681], [147.348129, -40.944596], [147.348262, -40.943248], [147.345618, -40.939475], [147.344122, -40.939289], [147.33814, -40.941884], [147.336157, -40.944365], [147.329984, -40.948989], [147.319882, -40.954423], [147.31348, -40.956381], [147.302561, -40.957694], [147.292673, -40.956198], [147.284804, -40.95193], [147.28248, -40.949559], [147.281234, -40.946677], [147.281386, -40.945651], [147.283814, -40.94436], [147.283609, -40.94327], [147.279843, -40.941692], [147.273665, -40.946198], [147.27077, -40.946963], [147.267306, -40.945669], [147.267952, -40.94666], [147.267037, -40.947767], [147.260862, -40.951085], [147.258783, -40.951843], [147.257253, -40.951161], [147.257606, -40.952093], [147.256952, -40.952538], [147.252314, -40.952596], [147.249447, -40.953479], [147.249861, -40.957241], [147.245419, -40.965391], [147.238092, -40.973326], [147.236222, -40.977464], [147.234083, -40.979407], [147.234534, -40.979663], [147.230304, -40.982785], [147.227234, -40.985885], [147.227596, -40.986492], [147.223944, -40.988659], [147.22475, -40.989143], [147.222595, -40.989765], [147.21662, -40.994217], [147.210414, -40.997139], [147.199688, -40.999713], [147.199568, -41.000557], [147.202923, -40.999172], [147.20575, -40.999837], [147.204, -40.999956], [147.204443, -41.001953], [147.200424, -41.005372], [147.200642, -41.008387], [147.202374, -41.008682], [147.2028, -41.007853], [147.203956, -41.008089], [147.202885, -41.008116], [147.202672, -41.009008], [147.200386, -41.008444], [147.20017, -41.005534], [147.200724, -41.00429], [147.203808, -41.001723], [147.203245, -40.999937], [147.199309, -41.001272], [147.198072, -40.99967], [147.194406, -40.999118], [147.190895, -41.000682], [147.182394, -41.006696], [147.176454, -41.009312], [147.169272, -41.009747], [147.163509, -41.007465], [147.161713, -41.007969], [147.159572, -41.010807], [147.160369, -41.013079], [147.161549, -41.01392], [147.161351, -41.014879], [147.157323, -41.019859], [147.158035, -41.020227], [147.158303, -41.019636], [147.160076, -41.020896], [147.157554, -41.020694], [147.155973, -41.02203], [147.157793, -41.025613], [147.160701, -41.028341], [147.157889, -41.0314], [147.160255, -41.028448], [147.15795, -41.027235], [147.154807, -41.023969], [147.152699, -41.02377], [147.154308, -41.022045], [147.151359, -41.023744], [147.151004, -41.02746], [147.149832, -41.029297], [147.144556, -41.033493], [147.137448, -41.035787], [147.134424, -41.034902], [147.134559, -41.034408], [147.137047, -41.035209], [147.141903, -41.033662], [147.146604, -41.029838], [147.147538, -41.026191], [147.146719, -41.02461], [147.147953, -41.023403], [147.147259, -41.022313], [147.148459, -41.021447], [147.148246, -41.020635], [147.150809, -41.019418], [147.153248, -41.016776], [147.156287, -41.01547], [147.157401, -41.015984], [147.158998, -41.01369], [147.158078, -41.013596], [147.158646, -41.013254], [147.15751, -41.012174], [147.147737, -41.012917], [147.147083, -41.011349], [147.144807, -41.010087], [147.139226, -41.008901], [147.137922, -41.006485], [147.134, -41.006677], [147.123026, -41.003051], [147.120993, -41.001385], [147.118638, -41.001068], [147.115027, -40.998754], [147.114537, -40.997419], [147.116036, -40.994577], [147.111429, -40.995007], [147.100223, -40.998013], [147.097468, -40.996188], [147.093589, -40.995953], [147.089265, -40.993437], [147.08753, -40.996389], [147.085474, -40.997266], [147.078949, -40.99914], [147.072775, -40.999683], [147.068526, -40.998246], [147.067803, -40.993691], [147.058662, -40.988018], [147.055903, -40.988017], [147.051886, -40.986154], [147.04381, -40.989311], [147.031969, -40.990365], [147.030607, -40.988293], [147.028481, -40.98711], [147.026008, -40.98417], [147.024739, -40.984161], [147.022695, -40.981152], [147.020898, -40.980265], [147.021023, -40.981483], [147.01596, -40.981063], [147.012156, -40.984408], [147.008906, -40.985628], [147.004299, -40.985906], [147.002477, -40.985329], [147.001716, -40.983809], [146.996952, -40.984845], [146.992477, -40.988354], [146.992452, -40.990277], [146.990042, -40.994373], [146.982015, -41.001743], [146.971228, -41.00974], [146.963228, -41.013751], [146.952901, -41.023293], [146.947676, -41.025577], [146.956563, -41.02512], [146.959263, -41.027492], [146.95701, -41.025515], [146.95521, -41.025218], [146.947944, -41.026315], [146.947159, -41.025308], [146.94859, -41.02461], [146.946342, -41.023945], [146.9297, -41.029257], [146.924499, -41.028891], [146.919384, -41.030642], [146.915079, -41.030175], [146.909579, -41.026762], [146.905394, -41.0268], [146.901708, -41.02887], [146.897925, -41.029644], [146.893736, -41.029678], [146.888618, -41.027885], [146.885312, -41.022796], [146.881962, -41.019687], [146.880061, -41.019141], [146.876637, -41.020146], [146.874802, -41.018839], [146.871027, -41.024692], [146.859681, -41.031485], [146.854892, -41.032641], [146.850638, -41.035732], [146.839605, -41.040675], [146.834849, -41.041402], [146.833608, -41.039533], [146.83288, -41.041211], [146.82651, -41.044967], [146.820534, -41.054524], [146.816793, -41.056429], [146.812233, -41.060485], [146.807116, -41.062995], [146.804403, -41.063738], [146.801895, -41.06345], [146.799935, -41.0606], [146.796864, -41.060675], [146.792013, -41.055604], [146.786601, -41.054124], [146.78946, -41.05814], [146.788887, -41.060762], [146.793565, -41.062566], [146.792748, -41.063068], [146.793457, -41.063987], [146.792713, -41.066334], [146.793902, -41.063915], [146.793397, -41.06319], [146.794089, -41.062981], [146.794661, -41.064508], [146.794122, -41.065283], [146.798722, -41.064533], [146.799724, -41.06574], [146.80019, -41.067394], [146.799465, -41.068021], [146.800408, -41.069416], [146.802237, -41.068658], [146.803965, -41.069733], [146.803656, -41.07467], [146.805341, -41.076178], [146.804018, -41.079451], [146.80552, -41.079301], [146.810008, -41.083357], [146.811269, -41.083568], [146.81065, -41.084712], [146.811228, -41.087583], [146.810461, -41.088623], [146.812879, -41.089163], [146.813303, -41.091213], [146.814188, -41.091422], [146.815345, -41.093831], [146.815352, -41.095853], [146.813687, -41.09824], [146.814663, -41.10019], [146.813486, -41.100136], [146.815133, -41.102181], [146.81565, -41.104622], [146.81466, -41.105074], [146.814682, -41.105917], [146.816035, -41.108723], [146.81746, -41.109965], [146.821709, -41.10934], [146.825943, -41.107274], [146.826905, -41.108079], [146.826587, -41.110379], [146.822036, -41.111673], [146.823937, -41.113446], [146.824428, -41.115942], [146.823336, -41.118266], [146.824656, -41.119262], [146.823085, -41.120577], [146.823262, -41.12137], [146.820963, -41.122376], [146.82011, -41.121978], [146.820871, -41.120492], [146.819433, -41.121732], [146.81777, -41.121448], [146.817628, -41.123803], [146.827372, -41.131381], [146.829182, -41.129852], [146.830837, -41.125972], [146.833339, -41.126135], [146.833866, -41.125212], [146.833685, -41.126249], [146.831547, -41.127871], [146.833429, -41.132306], [146.832951, -41.134741], [146.831886, -41.135451], [146.829648, -41.135014], [146.827795, -41.136306], [146.832011, -41.137188], [146.838032, -41.135384], [146.83938, -41.137359], [146.843089, -41.138792], [146.849133, -41.138586], [146.853037, -41.139375], [146.850922, -41.139972], [146.858202, -41.138891], [146.864979, -41.134743], [146.870363, -41.13368], [146.86987, -41.132703], [146.872403, -41.13149], [146.87729, -41.130625], [146.88215, -41.131896], [146.883827, -41.131551], [146.888892, -41.135823], [146.892145, -41.136039], [146.895306, -41.138477], [146.900397, -41.13779], [146.900329, -41.136987], [146.901652, -41.138646], [146.900501, -41.139473], [146.901698, -41.139909], [146.899285, -41.140963], [146.901987, -41.143671], [146.903465, -41.144074], [146.905114, -41.142352], [146.90699, -41.143911], [146.907495, -41.142951], [146.909137, -41.142645], [146.908957, -41.143813], [146.911092, -41.143647], [146.9108, -41.144682], [146.911872, -41.145541], [146.915672, -41.146082], [146.913917, -41.146304], [146.911988, -41.148253], [146.908183, -41.146714], [146.90758, -41.148317], [146.911706, -41.152119], [146.916937, -41.153699], [146.915339, -41.155054], [146.918773, -41.158169], [146.921927, -41.160629], [146.927519, -41.160598], [146.923201, -41.161583], [146.928373, -41.164728], [146.929197, -41.166438], [146.933658, -41.167126], [146.936066, -41.170007], [146.946225, -41.176168], [146.948538, -41.175537], [146.947786, -41.175919], [146.948451, -41.176911], [146.956325, -41.179715], [146.963601, -41.190247], [146.96542, -41.19006], [146.963743, -41.191445], [146.96127, -41.192107], [146.959303, -41.191261], [146.955365, -41.186036], [146.950571, -41.182723], [146.947329, -41.182871], [146.943139, -41.181804], [146.938485, -41.182452], [146.937295, -41.181782], [146.935445, -41.183352], [146.933018, -41.183697], [146.930495, -41.18576], [146.930495, -41.186824], [146.92447, -41.187592], [146.925131, -41.18944], [146.924298, -41.191323], [146.924673, -41.192615], [146.92211, -41.194557], [146.924007, -41.198437], [146.926599, -41.201332], [146.932453, -41.199955], [146.922942, -41.207674], [146.919199, -41.208389], [146.91594, -41.206547], [146.911996, -41.211971], [146.913296, -41.215034], [146.920991, -41.219026], [146.921478, -41.220309], [146.926405, -41.21709], [146.930749, -41.215655], [146.931795, -41.216334], [146.933651, -41.216003], [146.937046, -41.213622], [146.939405, -41.210403], [146.944659, -41.20656], [146.945102, -41.207167], [146.943653, -41.208325], [146.946025, -41.214295], [146.945802, -41.21604], [146.944528, -41.217094], [146.945531, -41.218446], [146.944401, -41.22144], [146.945654, -41.224294], [146.94514, -41.226334], [146.945667, -41.228867], [146.948383, -41.229621], [146.952067, -41.23288], [146.956441, -41.232429], [146.96033, -41.235014], [146.967352, -41.236628], [146.969149, -41.239463], [146.969824, -41.238633], [146.968725, -41.237278], [146.971553, -41.2356], [146.974622, -41.234923], [146.976587, -41.233247], [146.976229, -41.234123], [146.973848, -41.236009], [146.975328, -41.23732], [146.975638, -41.239054], [146.974881, -41.240352], [146.976761, -41.243418], [146.980819, -41.244037], [146.981941, -41.244922], [146.982373, -41.246947], [146.984147, -41.24821], [146.988842, -41.249805], [146.990145, -41.248891], [146.991249, -41.250683], [146.993651, -41.251326], [146.993927, -41.252175], [146.992935, -41.253217], [146.994466, -41.253843], [146.995791, -41.2558], [146.995942, -41.258075], [146.99891, -41.259377], [147.000673, -41.258408], [146.999258, -41.261769], [147.001813, -41.264191], [147.003735, -41.268609], [147.007616, -41.269611], [147.006387, -41.271804], [147.010623, -41.27171], [147.0116, -41.273559], [147.010764, -41.274386], [147.015391, -41.276387], [147.015598, -41.278255], [147.013345, -41.27972], [147.013971, -41.28027], [147.013102, -41.281211], [147.014085, -41.282216], [147.013321, -41.283076], [147.013751, -41.28358], [147.011848, -41.283706], [147.009179, -41.282569], [147.000244, -41.284801], [146.995352, -41.287772], [146.991127, -41.289208], [146.990019, -41.291755], [146.985223, -41.293162], [146.984168, -41.295561], [146.981645, -41.296398], [146.978762, -41.29875], [146.976645, -41.303233], [146.976976, -41.306435], [146.978166, -41.30878], [146.98301, -41.310327], [146.986876, -41.313908], [146.991287, -41.314931], [146.993565, -41.314602], [146.999468, -41.316294], [147.003479, -41.316671], [147.007497, -41.315367], [147.01267, -41.315945], [147.015221, -41.315122], [147.017982, -41.316174], [147.024455, -41.314939], [147.028844, -41.316322], [147.030038, -41.317482], [147.033799, -41.31724], [147.039994, -41.31867], [147.045395, -41.322396], [147.044593, -41.323958], [147.041916, -41.324685], [147.042248, -41.32616], [147.045382, -41.328776], [147.045067, -41.334829], [147.045875, -41.336622], [147.049292, -41.336576], [147.061966, -41.330503], [147.065157, -41.330179], [147.07163, -41.331225], [147.072397, -41.330691], [147.072175, -41.331466], [147.081793, -41.341893], [147.082595, -41.34465], [147.080795, -41.347142], [147.07809, -41.348848], [147.078544, -41.349248], [147.078296, -41.349324], [147.077719, -41.349014], [147.07552, -41.350447], [147.075191, -41.354163], [147.076451, -41.35305], [147.077469, -41.3528], [147.081059, -41.352992], [147.082657, -41.351727], [147.087612, -41.354162], [147.088938, -41.353673], [147.087941, -41.354203], [147.088453, -41.354469], [147.087636, -41.354264], [147.084466, -41.353141], [147.082616, -41.351841], [147.081091, -41.353191], [147.076773, -41.353177], [147.07528, -41.354539], [147.079766, -41.366831], [147.084845, -41.37138], [147.088387, -41.372862], [147.09218, -41.377997], [147.092769, -41.377886], [147.093944, -41.385783], [147.101444, -41.389518], [147.104199, -41.392158], [147.109288, -41.393953], [147.112822, -41.396209], [147.114249, -41.397399], [147.117228, -41.403048], [147.122776, -41.406204], [147.127861, -41.410952], [147.127649, -41.413987], [147.126142, -41.415741], [147.120166, -41.417792], [147.118043, -41.420156], [147.118722, -41.422668], [147.12702, -41.432141], [147.129864, -41.433575], [147.132303, -41.431356], [147.137726, -41.430913], [147.1421, -41.429361], [147.142857, -41.428283], [147.141081, -41.425876], [147.144418, -41.417371], [147.147114, -41.416798], [147.148581, -41.420348], [147.151094, -41.421053], [147.152837, -41.420008], [147.153105, -41.416549], [147.154668, -41.416017], [147.157441, -41.417254], [147.159989, -41.42014], [147.158784, -41.423898], [147.161242, -41.427221], [147.163848, -41.425843], [147.165404, -41.426743], [147.1645, -41.429136], [147.166256, -41.433285], [147.167842, -41.433891], [147.169864, -41.432395], [147.170996, -41.433802], [147.173264, -41.434684], [147.172335, -41.436441], [147.172718, -41.434548], [147.170895, -41.434173], [147.169787, -41.432773], [147.168362, -41.434458], [147.165769, -41.433251], [147.163918, -41.429356], [147.164618, -41.426627], [147.160887, -41.427645], [147.158159, -41.423994], [147.159214, -41.419968], [147.156744, -41.417384], [147.153694, -41.416714], [147.153216, -41.420535], [147.150093, -41.421624], [147.147504, -41.420353], [147.146759, -41.417562], [147.145933, -41.417212], [147.144938, -41.418009], [147.142216, -41.425248], [147.143606, -41.427791], [147.143215, -41.429298], [147.136331, -41.432025], [147.13284, -41.432237], [147.131486, -41.434234], [147.129621, -41.435042], [147.131041, -41.437225], [147.130737, -41.43934], [147.121232, -41.443639], [147.126974, -41.440059], [147.127813, -41.437589], [147.124687, -41.433983], [147.120912, -41.427685], [147.116178, -41.423062], [147.115637, -41.422109], [147.116076, -41.419482], [147.112955, -41.422093], [147.11222, -41.421941], [147.115329, -41.418374], [147.123206, -41.413667], [147.12403, -41.412015], [147.123053, -41.409566], [147.118537, -41.406939], [147.118971, -41.409165], [147.118172, -41.412607], [147.118801, -41.408916], [147.117911, -41.410126], [147.117191, -41.409408], [147.11575, -41.413719], [147.11728, -41.406206], [147.114624, -41.404437], [147.111975, -41.401055], [147.106966, -41.399452], [147.107019, -41.400373], [147.106035, -41.400605], [147.095428, -41.399337], [147.091579, -41.397223], [147.089518, -41.39742], [147.087019, -41.395732], [147.086772, -41.394781], [147.082486, -41.395963], [147.082621, -41.395782], [147.083854, -41.395109], [147.085421, -41.39487], [147.085218, -41.393481], [147.083925, -41.393972], [147.082606, -41.392409], [147.079496, -41.391281], [147.076086, -41.387523], [147.074842, -41.384037], [147.073927, -41.383968], [147.074695, -41.38385], [147.073825, -41.381242], [147.075039, -41.376937], [147.075036, -41.372559], [147.074477, -41.372486], [147.075053, -41.372309], [147.075306, -41.36844], [147.072392, -41.361478], [147.070517, -41.359906], [147.071229, -41.359939], [147.069799, -41.357778], [147.068964, -41.354366], [147.069544, -41.35116], [147.072412, -41.347788], [147.077642, -41.345163], [147.077903, -41.343242], [147.076859, -41.340994], [147.071069, -41.337511], [147.067213, -41.336133], [147.063646, -41.336036], [147.061989, -41.335214], [147.058436, -41.335689], [147.057402, -41.33818], [147.054851, -41.340856], [147.047075, -41.343472], [147.04546, -41.345922], [147.043823, -41.345516], [147.036248, -41.347026], [147.034876, -41.350612], [147.033374, -41.351277], [147.034434, -41.352585], [147.033911, -41.353686], [147.032932, -41.354002], [147.033934, -41.354864], [147.033772, -41.3558], [147.029492, -41.358632], [147.040609, -41.369408], [147.034251, -41.369426], [147.03197, -41.369444], [147.030515, -41.369749], [147.029366, -41.370468], [147.026941, -41.371204], [147.026313, -41.372874], [147.024517, -41.373306], [147.023403, -41.373934], [147.020799, -41.373844], [147.019362, -41.374186], [147.017351, -41.374455], [147.015626, -41.375137], [147.014872, -41.376161], [147.013256, -41.376754], [147.012034, -41.375784], [147.008676, -41.375694], [147.006862, -41.375946], [147.005766, -41.377544], [147.004743, -41.379322], [147.003593, -41.379861], [147.002929, -41.382304], [147.002857, -41.383363], [147.004186, -41.384459], [147.004384, -41.386237], [147.005695, -41.387961], [147.006305, -41.389003], [147.007724, -41.390583], [147.007958, -41.391535], [147.007167, -41.392756], [147.004437, -41.393834], [147.003521, -41.394373], [147.002408, -41.393978], [147.00072, -41.393834], [146.999876, -41.393493], [146.998852, -41.393439], [146.998115, -41.394085], [146.996858, -41.394983], [146.996176, -41.395342], [146.995691, -41.396761], [146.994901, -41.397174], [146.994326, -41.397767], [146.994218, -41.398755], [146.994559, -41.399419], [146.99438, -41.400102], [146.993338, -41.400892], [146.993859, -41.402293], [146.994847, -41.402706], [146.996122, -41.403047], [146.99684, -41.402724], [146.997792, -41.402383], [146.998852, -41.402904], [147.000809, -41.40285], [147.002282, -41.40373], [147.003881, -41.404179], [147.004886, -41.403586], [147.006431, -41.403389], [147.008353, -41.403945], [147.009197, -41.404933], [147.016345, -41.410159], [147.017692, -41.409423], [147.01938, -41.409333], [147.02026, -41.409675], [147.022056, -41.409836], [147.023511, -41.409459], [147.025002, -41.409279], [147.026474, -41.409693], [147.02739, -41.41068], [147.029707, -41.411542], [147.030372, -41.412261], [147.029689, -41.413338], [147.029671, -41.414434], [147.031341, -41.415763], [147.031755, -41.416553], [147.034341, -41.417918], [147.035921, -41.418421], [147.037861, -41.418852], [147.040519, -41.418224], [147.043447, -41.418511], [147.04438, -41.417056], [147.044811, -41.415889], [147.046212, -41.414254], [147.046087, -41.412512], [147.048655, -41.408633], [147.050092, -41.408687], [147.049679, -41.410447], [147.049661, -41.411201], [147.05072, -41.411991], [147.050325, -41.419068], [147.045943, -41.418834], [147.045512, -41.420971], [147.042908, -41.42688], [147.043285, -41.42803], [147.046176, -41.43058], [147.048332, -41.436866], [147.0546, -41.441158], [147.05539, -41.445002], [147.057401, -41.445666], [147.058084, -41.446295], [147.060347, -41.447911], [147.061029, -41.448091], [147.061442, -41.449205], [147.062897, -41.449725], [147.064136, -41.450246], [147.066202, -41.450408], [147.067172, -41.451198], [147.0678, -41.451288], [147.068573, -41.451485], [147.070225, -41.451485], [147.069273, -41.452024], [147.068734, -41.452976], [147.067387, -41.453766], [147.066166, -41.453659], [147.065555, -41.453982], [147.06604, -41.454754], [147.065807, -41.455275], [147.065591, -41.456083], [147.064388, -41.457215], [147.06349, -41.458328], [147.061407, -41.457753], [147.060832, -41.458687], [147.062305, -41.459514], [147.063238, -41.460519], [147.064819, -41.462028], [147.065394, -41.463537], [147.06604, -41.465943], [147.065465, -41.467524], [147.066363, -41.468278], [147.069165, -41.471439], [147.067908, -41.471798], [147.066974, -41.472553], [147.065681, -41.473091], [147.065214, -41.474384], [147.064496, -41.47539], [147.062556, -41.478515], [147.063669, -41.479198], [147.064783, -41.479844], [147.066471, -41.481101], [147.069848, -41.480311], [147.071644, -41.48103], [147.07326, -41.482359], [147.073907, -41.485771], [147.075703, -41.489543], [147.075667, -41.49274], [147.077319, -41.493745], [147.077104, -41.4945], [147.077678, -41.495685], [147.078864, -41.497481], [147.076601, -41.498307], [147.0752, -41.499097], [147.073655, -41.499924], [147.071285, -41.50172], [147.067405, -41.507323], [147.066651, -41.509299], [147.063777, -41.511526], [147.06543, -41.512388], [147.066795, -41.514256], [147.066076, -41.516842], [147.06895, -41.519716], [147.070027, -41.523451], [147.089065, -41.510233], [147.093232, -41.513106], [147.099769, -41.507215], [147.101924, -41.50858], [147.128361, -41.493925], [147.135617, -41.501181], [147.147758, -41.495649], [147.153721, -41.501037], [147.185762, -41.485663], [147.201566, -41.506641], [147.220532, -41.497589], [147.226854, -41.505779], [147.230877, -41.512819], [147.246682, -41.528767], [147.261625, -41.531928], [147.275131, -41.52417], [147.285619, -41.530923], [147.301137, -41.522589], [147.310476, -41.532359], [147.347114, -41.515261], [147.387632, -41.553911], [147.401713, -41.547877], [147.406885, -41.553768], [147.439213, -41.539543], [147.434041, -41.532503], [147.456742, -41.523164], [147.467231, -41.522302], [147.47499, -41.517704], [147.486628, -41.528193], [147.499415, -41.523595], [147.507174, -41.531497], [147.52887, -41.52302], [147.529013, -41.514399], [147.540508, -41.510233], [147.550709, -41.524888], [147.573554, -41.514112], [147.578727, -41.518135], [147.651572, -41.479485], [147.609905, -41.383507], [147.678584, -41.363966], [147.843242, -41.364541], [147.89353, -41.167125], [147.93922, -41.175171], [148.078158, -41.137096], [148.081032, -41.132498], [148.079595, -41.128044], [148.082325, -41.124595], [148.073992, -41.121291], [148.066377, -41.115256], [148.062785, -41.105773], [148.067957, -41.096003], [148.063359, -41.086089], [148.066664, -41.079049], [148.070256, -41.0756], [148.070543, -41.068991], [148.079739, -41.061664], [148.077871, -41.051319], [148.072699, -41.044997], [148.069538, -41.034077], [148.074135, -41.027037], [148.074279, -41.016261], [148.080601, -41.012812], [148.079308, -41.009364], [148.079308, -41.004479], [148.078015, -40.99514], [148.072986, -40.995427], [148.078589, -40.986375], [148.079739, -40.979047], [148.078733, -40.972295], [148.084911, -40.959076], [148.084911, -40.954191], [148.08175, -40.950455], [148.085486, -40.947007], [148.084337, -40.942984], [148.085342, -40.940254], [148.085199, -40.935656], [148.093676, -40.922725], [148.096406, -40.911087], [148.091664, -40.901173], [148.091664, -40.894133], [148.084911, -40.892983], [148.080457, -40.889535], [148.088934, -40.88077], [148.095544, -40.877466], [148.097412, -40.872868], [148.109768, -40.87373], [148.114509, -40.869132], [148.119107, -40.866259], [148.124854, -40.867264], [148.126435, -40.859649], [148.122268, -40.858069], [148.125573, -40.854621], [148.126579, -40.83939], [148.126512, -40.836037], [148.12618, -40.836042]]], [[[147.802429, -39.91555], [147.803987, -39.916423], [147.805573, -39.916602], [147.806347, -39.915762], [147.809636, -39.916539], [147.811263, -39.914777], [147.811195, -39.913282], [147.816861, -39.911129], [147.816317, -39.91036], [147.816824, -39.909473], [147.822144, -39.908126], [147.823136, -39.908508], [147.822881, -39.907765], [147.826224, -39.905786], [147.831748, -39.904859], [147.831927, -39.903437], [147.833984, -39.902168], [147.835723, -39.902313], [147.836449, -39.901632], [147.840809, -39.902186], [147.843703, -39.899403], [147.848219, -39.897983], [147.854413, -39.898558], [147.857098, -39.897497], [147.858918, -39.898507], [147.860751, -39.89781], [147.863126, -39.899105], [147.868007, -39.905983], [147.869579, -39.907093], [147.875264, -39.908887], [147.876203, -39.908383], [147.879406, -39.908401], [147.879764, -39.907504], [147.878776, -39.906736], [147.880012, -39.907311], [147.879475, -39.908536], [147.876265, -39.90857], [147.875967, -39.909622], [147.881679, -39.91451], [147.887259, -39.921268], [147.892662, -39.929492], [147.899184, -39.942768], [147.901756, -39.949624], [147.905613, -39.964875], [147.906751, -39.976154], [147.905595, -39.978177], [147.903844, -39.977944], [147.901986, -39.979424], [147.90338, -39.980764], [147.902734, -39.982933], [147.903755, -39.985174], [147.903232, -39.991984], [147.901545, -39.993487], [147.898223, -39.99426], [147.898948, -39.996303], [147.89813, -39.997696], [147.896893, -39.997794], [147.897245, -39.999015], [147.894497, -40.000452], [147.892837, -39.999171], [147.891251, -39.99907], [147.890278, -40.000195], [147.890997, -40.001338], [147.88948, -40.002378], [147.885864, -40.000581], [147.885363, -40.002771], [147.886399, -40.003941], [147.885025, -40.005628], [147.885724, -40.006644], [147.883626, -40.010204], [147.881863, -40.010604], [147.880468, -40.012098], [147.87594, -40.012896], [147.873157, -40.011736], [147.872933, -40.010141], [147.871306, -40.008798], [147.871207, -40.009998], [147.87066, -40.009267], [147.869309, -40.009472], [147.86938, -40.010842], [147.867481, -40.012866], [147.865088, -40.012829], [147.865811, -40.014421], [147.865007, -40.015068], [147.865709, -40.015977], [147.862785, -40.016663], [147.863199, -40.018426], [147.858071, -40.019084], [147.858691, -40.019805], [147.858345, -40.021678], [147.859641, -40.022237], [147.859016, -40.023392], [147.860671, -40.023884], [147.861376, -40.022868], [147.862821, -40.023152], [147.864226, -40.021728], [147.867735, -40.022357], [147.871226, -40.021845], [147.872082, -40.02096], [147.874749, -40.021282], [147.880457, -40.023956], [147.889464, -40.031935], [147.890817, -40.032351], [147.892172, -40.034668], [147.894629, -40.034644], [147.895049, -40.035891], [147.894207, -40.036295], [147.895139, -40.037046], [147.896029, -40.036835], [147.896312, -40.035696], [147.897988, -40.03573], [147.899505, -40.037117], [147.900807, -40.037125], [147.900339, -40.037773], [147.901824, -40.037586], [147.904296, -40.035103], [147.904512, -40.033077], [147.906265, -40.03137], [147.910082, -40.030741], [147.914453, -40.03138], [147.915015, -40.030265], [147.917223, -40.029825], [147.924612, -40.032247], [147.926541, -40.031988], [147.929789, -40.034078], [147.93117, -40.033734], [147.93385, -40.034647], [147.936985, -40.037659], [147.938882, -40.038378], [147.9473, -40.058286], [147.951703, -40.061202], [147.952987, -40.070044], [147.954066, -40.090873], [147.953436, -40.094269], [147.952014, -40.096375], [147.95365, -40.099005], [147.955442, -40.096142], [147.961591, -40.092999], [147.964487, -40.088787], [147.96353, -40.087471], [147.963921, -40.085492], [147.963323, -40.084446], [147.961764, -40.085991], [147.958295, -40.086674], [147.956478, -40.085662], [147.955338, -40.082301], [147.956329, -40.079764], [147.96001, -40.076359], [147.962024, -40.074977], [147.963908, -40.075137], [147.966705, -40.075759], [147.968458, -40.078569], [147.969969, -40.082021], [147.970208, -40.086641], [147.973559, -40.086218], [147.976029, -40.088118], [147.977548, -40.090621], [147.980098, -40.090752], [147.982739, -40.09246], [147.989559, -40.092002], [147.993029, -40.096687], [147.994811, -40.097793], [147.995036, -40.1008], [147.997179, -40.104791], [148.000306, -40.105144], [148.001185, -40.104205], [147.999076, -40.104585], [148.00062, -40.102844], [148.002574, -40.102474], [148.007019, -40.105369], [148.011912, -40.115698], [148.013865, -40.121255], [148.013446, -40.121883], [148.014403, -40.122616], [148.01694, -40.136657], [148.017344, -40.136187], [148.019666, -40.136914], [148.017325, -40.136339], [148.016994, -40.136962], [148.017052, -40.149924], [148.015734, -40.163861], [148.017627, -40.17056], [148.020158, -40.17465], [148.032748, -40.186361], [148.036211, -40.190585], [148.039534, -40.195898], [148.041872, -40.204129], [148.04148, -40.208776], [148.037338, -40.214159], [148.04036, -40.215628], [148.037362, -40.214448], [148.033021, -40.21659], [148.029089, -40.217028], [148.026339, -40.214702], [148.025857, -40.211718], [148.025191, -40.211229], [148.024496, -40.211832], [148.023926, -40.219447], [148.024733, -40.223641], [148.025298, -40.223714], [148.024906, -40.224381], [148.0257, -40.224565], [148.025212, -40.225816], [148.026166, -40.227242], [148.027195, -40.226782], [148.027195, -40.227977], [148.027972, -40.22769], [148.027749, -40.230002], [148.028177, -40.229526], [148.028506, -40.230568], [148.029703, -40.230995], [148.031214, -40.229663], [148.032112, -40.229972], [148.032, -40.228773], [148.033379, -40.228533], [148.033224, -40.227455], [148.034153, -40.227191], [148.037556, -40.227998], [148.040339, -40.230105], [148.041845, -40.232673], [148.043099, -40.23747], [148.042076, -40.239481], [148.042649, -40.240303], [148.041439, -40.241368], [148.042347, -40.243179], [148.041907, -40.243978], [148.042791, -40.246282], [148.04611, -40.249506], [148.047481, -40.248553], [148.048255, -40.249297], [148.050342, -40.247521], [148.0552, -40.248162], [148.055937, -40.247352], [148.058507, -40.248432], [148.059975, -40.247765], [148.061005, -40.249239], [148.060413, -40.249258], [148.059861, -40.248493], [148.059175, -40.248603], [148.062972, -40.251889], [148.064167, -40.256287], [148.064686, -40.257195], [148.065921, -40.257046], [148.065749, -40.258004], [148.071607, -40.257322], [148.077536, -40.260186], [148.077761, -40.261647], [148.079497, -40.260959], [148.08002, -40.259645], [148.082924, -40.260266], [148.087404, -40.263691], [148.087529, -40.265128], [148.088679, -40.265272], [148.089025, -40.266702], [148.088062, -40.267975], [148.088599, -40.268918], [148.092063, -40.268498], [148.092285, -40.267544], [148.094112, -40.266503], [148.094397, -40.262685], [148.097692, -40.2622], [148.098371, -40.26077], [148.098294, -40.261765], [148.097873, -40.262323], [148.094431, -40.263197], [148.098698, -40.263095], [148.104327, -40.265897], [148.107019, -40.265671], [148.112449, -40.269479], [148.113502, -40.270864], [148.113596, -40.272664], [148.115455, -40.27189], [148.12041, -40.272547], [148.12034, -40.273286], [148.121573, -40.273148], [148.121351, -40.273988], [148.122105, -40.274035], [148.123532, -40.271399], [148.129772, -40.26687], [148.134128, -40.267899], [148.135601, -40.26948], [148.136586, -40.269272], [148.13673, -40.267342], [148.138171, -40.265233], [148.14277, -40.264931], [148.14572, -40.266199], [148.147239, -40.26495], [148.148806, -40.265808], [148.150872, -40.264175], [148.151649, -40.261446], [148.153433, -40.259991], [148.153315, -40.260529], [148.151931, -40.261426], [148.15164, -40.262302], [148.155401, -40.262887], [148.155731, -40.265027], [148.158422, -40.262784], [148.159447, -40.259459], [148.162915, -40.25937], [148.164651, -40.257749], [148.165361, -40.255273], [148.167993, -40.252463], [148.172592, -40.251876], [148.174596, -40.252856], [148.176956, -40.251967], [148.178651, -40.250067], [148.185396, -40.249854], [148.186964, -40.24809], [148.186821, -40.247325], [148.188738, -40.246008], [148.186715, -40.246642], [148.184612, -40.245357], [148.183702, -40.243781], [148.184148, -40.241695], [148.18527, -40.239945], [148.188104, -40.237979], [148.188188, -40.236744], [148.191845, -40.234751], [148.192756, -40.233111], [148.191469, -40.232755], [148.19144, -40.229773], [148.189128, -40.227941], [148.188873, -40.226836], [148.196608, -40.219558], [148.193204, -40.218909], [148.198681, -40.219185], [148.200566, -40.216085], [148.205643, -40.21478], [148.206605, -40.212688], [148.209182, -40.212238], [148.209086, -40.211446], [148.210283, -40.210695], [148.216513, -40.210215], [148.226, -40.211005], [148.229192, -40.209614], [148.233891, -40.209194], [148.237479, -40.211166], [148.237401, -40.213672], [148.239493, -40.212448], [148.242333, -40.214814], [148.243538, -40.212509], [148.247607, -40.212225], [148.248649, -40.210771], [148.251171, -40.210588], [148.25476, -40.212643], [148.255925, -40.209902], [148.258928, -40.209863], [148.261378, -40.21122], [148.262285, -40.21277], [148.264507, -40.212093], [148.265843, -40.212557], [148.267301, -40.214426], [148.268028, -40.217448], [148.272247, -40.217157], [148.272875, -40.219943], [148.271414, -40.224158], [148.271978, -40.226656], [148.271517, -40.229652], [148.273671, -40.229845], [148.27175, -40.230812], [148.276606, -40.230317], [148.283291, -40.231378], [148.290855, -40.229897], [148.312397, -40.222494], [148.334167, -40.209117], [148.333309, -40.20475], [148.327492, -40.196736], [148.326447, -40.193667], [148.32249, -40.18745], [148.318424, -40.182681], [148.314828, -40.174085], [148.312185, -40.160954], [148.307218, -40.149505], [148.29315, -40.110254], [148.290513, -40.09998], [148.287652, -40.080784], [148.282106, -40.080631], [148.282473, -40.079925], [148.281833, -40.080679], [148.283295, -40.085784], [148.281604, -40.09295], [148.281286, -40.090418], [148.282039, -40.089686], [148.281518, -40.089754], [148.281135, -40.090209], [148.281072, -40.093853], [148.281872, -40.102493], [148.283916, -40.111997], [148.283389, -40.113368], [148.280563, -40.113861], [148.279159, -40.116428], [148.275254, -40.11798], [148.258612, -40.120192], [148.258213, -40.120573], [148.259121, -40.120557], [148.256577, -40.12292], [148.257876, -40.121091], [148.257019, -40.121234], [148.254206, -40.124569], [148.251142, -40.125759], [148.247523, -40.125238], [148.242996, -40.122728], [148.240016, -40.122936], [148.238781, -40.123412], [148.235854, -40.127026], [148.234069, -40.12771], [148.232178, -40.12751], [148.232066, -40.126764], [148.231852, -40.127474], [148.225325, -40.123935], [148.223281, -40.121045], [148.223783, -40.119119], [148.234986, -40.107831], [148.236624, -40.103424], [148.238306, -40.101529], [148.241458, -40.099932], [148.242769, -40.099814], [148.241594, -40.100058], [148.243794, -40.101185], [148.244911, -40.104056], [148.246151, -40.103771], [148.247377, -40.100355], [148.246247, -40.101457], [148.246738, -40.099837], [148.24918, -40.098698], [148.2475, -40.100174], [148.259941, -40.093745], [148.267411, -40.091069], [148.272203, -40.087908], [148.268145, -40.09158], [148.269247, -40.090782], [148.272722, -40.087616], [148.275227, -40.084169], [148.277808, -40.082803], [148.278184, -40.079409], [148.282211, -40.076204], [148.286257, -40.067923], [148.285878, -40.050026], [148.279886, -40.022501], [148.279141, -40.01699], [148.279268, -40.008597], [148.280273, -39.997785], [148.282937, -39.985836], [148.288512, -39.970176], [148.291135, -39.965118], [148.286424, -39.964816], [148.271497, -39.967911], [148.260195, -39.96687], [148.248167, -39.962804], [148.24639, -39.961432], [148.244259, -39.962214], [148.24151, -39.961676], [148.236043, -39.959149], [148.222739, -39.954897], [148.206812, -39.947162], [148.204976, -39.945233], [148.203143, -39.946278], [148.203511, -39.948363], [148.198281, -39.949888], [148.193979, -39.949701], [148.188161, -39.947831], [148.179679, -39.949518], [148.178786, -39.949181], [148.179484, -39.948765], [148.178447, -39.949104], [148.179264, -39.94766], [148.177221, -39.949566], [148.177153, -39.951528], [148.177959, -39.952028], [148.177245, -39.952059], [148.176586, -39.950755], [148.177099, -39.94871], [148.174822, -39.946356], [148.171764, -39.94528], [148.170978, -39.942589], [148.171709, -39.94334], [148.172005, -39.945276], [148.175811, -39.946391], [148.177417, -39.948436], [148.177227, -39.946533], [148.178318, -39.946132], [148.176904, -39.94312], [148.179723, -39.944559], [148.178819, -39.945006], [148.179146, -39.945591], [148.183175, -39.945994], [148.185842, -39.947276], [148.18609, -39.946608], [148.169626, -39.937804], [148.143785, -39.918149], [148.124084, -39.898526], [148.124037, -39.899878], [148.117125, -39.898378], [148.107973, -39.894909], [148.108958, -39.894692], [148.111633, -39.895223], [148.114257, -39.896765], [148.115453, -39.895159], [148.117826, -39.894519], [148.119235, -39.897139], [148.122472, -39.897448], [148.121066, -39.895147], [148.094857, -39.865752], [148.03857, -39.815079], [148.00759, -39.780104], [147.994231, -39.77039], [147.985754, -39.762901], [147.976075, -39.751261], [147.960671, -39.730132], [147.961375, -39.733382], [147.961994, -39.733507], [147.961448, -39.733817], [147.962607, -39.73391], [147.961491, -39.734139], [147.962588, -39.734611], [147.96148, -39.734658], [147.961956, -39.740184], [147.964198, -39.738677], [147.962882, -39.739803], [147.96355, -39.740354], [147.9625, -39.741686], [147.967557, -39.74183], [147.962737, -39.741979], [147.962316, -39.743289], [147.96739, -39.746161], [147.969258, -39.751228], [147.970962, -39.752872], [147.971056, -39.752078], [147.974887, -39.761416], [147.975986, -39.762344], [147.975944, -39.760984], [147.978845, -39.760581], [147.981585, -39.762865], [147.98408, -39.770835], [147.988112, -39.774316], [147.987872, -39.77303], [147.988565, -39.772555], [147.988926, -39.776625], [147.990362, -39.777387], [147.990705, -39.779275], [147.980573, -39.772946], [147.979033, -39.770581], [147.980423, -39.769001], [147.977014, -39.768201], [147.97389, -39.765191], [147.973712, -39.764147], [147.970722, -39.762415], [147.969826, -39.760999], [147.970469, -39.760183], [147.97128, -39.7606], [147.971015, -39.75998], [147.967512, -39.759154], [147.968444, -39.761506], [147.968116, -39.764726], [147.969976, -39.766692], [147.971638, -39.771967], [147.969481, -39.77433], [147.966735, -39.772864], [147.968469, -39.769156], [147.966787, -39.767386], [147.966493, -39.764766], [147.967412, -39.765371], [147.966442, -39.764424], [147.962548, -39.763096], [147.960929, -39.761641], [147.961711, -39.759941], [147.959462, -39.756932], [147.958975, -39.754584], [147.961286, -39.750375], [147.955958, -39.74494], [147.95771, -39.738045], [147.955788, -39.732023], [147.957113, -39.730098], [147.963874, -39.728272], [147.963439, -39.72707], [147.961855, -39.727236], [147.960507, -39.728497], [147.957287, -39.727936], [147.954197, -39.724671], [147.950873, -39.723542], [147.949931, -39.722463], [147.945454, -39.721761], [147.943581, -39.720816], [147.943508, -39.719937], [147.941776, -39.719554], [147.94148, -39.721879], [147.93895, -39.721596], [147.93751, -39.722539], [147.938803, -39.722836], [147.937609, -39.723486], [147.940099, -39.723853], [147.938735, -39.725622], [147.936506, -39.72626], [147.935904, -39.729218], [147.934761, -39.729436], [147.935217, -39.730471], [147.93401, -39.730943], [147.934768, -39.731719], [147.933732, -39.731798], [147.934408, -39.732994], [147.932802, -39.733464], [147.932514, -39.734691], [147.931512, -39.734633], [147.929216, -39.736806], [147.925564, -39.737971], [147.923505, -39.74092], [147.922443, -39.740597], [147.922483, -39.739647], [147.921238, -39.739473], [147.921264, -39.740482], [147.920283, -39.740608], [147.9208, -39.742657], [147.919578, -39.744345], [147.914194, -39.744938], [147.914833, -39.745717], [147.91417, -39.746364], [147.911871, -39.746683], [147.909275, -39.745801], [147.906522, -39.746804], [147.905285, -39.746476], [147.903796, -39.749155], [147.899076, -39.750919], [147.897296, -39.750211], [147.897155, -39.751533], [147.894032, -39.754078], [147.891856, -39.757743], [147.884186, -39.761323], [147.878659, -39.76185], [147.875558, -39.75908], [147.872304, -39.758529], [147.871148, -39.756705], [147.871503, -39.75539], [147.870653, -39.755155], [147.871018, -39.753331], [147.869959, -39.753382], [147.869123, -39.751545], [147.86717, -39.750856], [147.862703, -39.747156], [147.862015, -39.74951], [147.860646, -39.749714], [147.858941, -39.751323], [147.857804, -39.750224], [147.857581, -39.750899], [147.855625, -39.75016], [147.854306, -39.751062], [147.847938, -39.750705], [147.848781, -39.751489], [147.847161, -39.751874], [147.848123, -39.75298], [147.847088, -39.752763], [147.847872, -39.753779], [147.846987, -39.754119], [147.847697, -39.755883], [147.848972, -39.756546], [147.848223, -39.75656], [147.849899, -39.758297], [147.85176, -39.762359], [147.858109, -39.764726], [147.85965, -39.767546], [147.865545, -39.771425], [147.86822, -39.77429], [147.868484, -39.776795], [147.865606, -39.778892], [147.865461, -39.778338], [147.864208, -39.779577], [147.864096, -39.780859], [147.864996, -39.781652], [147.867754, -39.781309], [147.868672, -39.781877], [147.868696, -39.783337], [147.867736, -39.783968], [147.869716, -39.786727], [147.868174, -39.787638], [147.867573, -39.791088], [147.866427, -39.792036], [147.865077, -39.791872], [147.86466, -39.793731], [147.860936, -39.794194], [147.863283, -39.796173], [147.862666, -39.79786], [147.861119, -39.797518], [147.861014, -39.798214], [147.859794, -39.798265], [147.85965, -39.799026], [147.857565, -39.800012], [147.85409, -39.799695], [147.854504, -39.800269], [147.85391, -39.800796], [147.852393, -39.800338], [147.851803, -39.800789], [147.852117, -39.802256], [147.850061, -39.802568], [147.850589, -39.803323], [147.848402, -39.804258], [147.847222, -39.803154], [147.846761, -39.805041], [147.841796, -39.807463], [147.840889, -39.808845], [147.84245, -39.811126], [147.841672, -39.81326], [147.843014, -39.814032], [147.843082, -39.813095], [147.844551, -39.812621], [147.84485, -39.814234], [147.847892, -39.816991], [147.849219, -39.817238], [147.849214, -39.819962], [147.850835, -39.822647], [147.845922, -39.83159], [147.840603, -39.835572], [147.841859, -39.835839], [147.842522, -39.836866], [147.843742, -39.835991], [147.84384, -39.837056], [147.843482, -39.836309], [147.842526, -39.83703], [147.84194, -39.836862], [147.841449, -39.836099], [147.834719, -39.835598], [147.832159, -39.833337], [147.829508, -39.83277], [147.828246, -39.834251], [147.828362, -39.833298], [147.825859, -39.833295], [147.826418, -39.833741], [147.82523, -39.834265], [147.824421, -39.8381], [147.821928, -39.837126], [147.820166, -39.83747], [147.817983, -39.834834], [147.815422, -39.835056], [147.81172, -39.83382], [147.810136, -39.83496], [147.806973, -39.834991], [147.80681, -39.835814], [147.803657, -39.835362], [147.802097, -39.836611], [147.802682, -39.836789], [147.802285, -39.838852], [147.803211, -39.842073], [147.801406, -39.84311], [147.799646, -39.843037], [147.800235, -39.843914], [147.799782, -39.84464], [147.78964, -39.850985], [147.791466, -39.851449], [147.792747, -39.852429], [147.791917, -39.852151], [147.791539, -39.851549], [147.791062, -39.851785], [147.790761, -39.851761], [147.78988, -39.851223], [147.787336, -39.851629], [147.785209, -39.85063], [147.782733, -39.851096], [147.781631, -39.848903], [147.780262, -39.849213], [147.780283, -39.850717], [147.777372, -39.849564], [147.778087, -39.850512], [147.775685, -39.850805], [147.775708, -39.851601], [147.77431, -39.852087], [147.774391, -39.853206], [147.774034, -39.852688], [147.772966, -39.853163], [147.773751, -39.854375], [147.772529, -39.854424], [147.773119, -39.854828], [147.77235, -39.854735], [147.772063, -39.855608], [147.774695, -39.85799], [147.773888, -39.858824], [147.772296, -39.858579], [147.771439, -39.85965], [147.771897, -39.862936], [147.771412, -39.863828], [147.770144, -39.86396], [147.770564, -39.865296], [147.76951, -39.866385], [147.763946, -39.866684], [147.764355, -39.867132], [147.761681, -39.868061], [147.76222, -39.868472], [147.761742, -39.869408], [147.756003, -39.87002], [147.756152, -39.870628], [147.754662, -39.870758], [147.752526, -39.873101], [147.749359, -39.874201], [147.748199, -39.873759], [147.750582, -39.876985], [147.751073, -39.876556], [147.753426, -39.877869], [147.753836, -39.878939], [147.752753, -39.881706], [147.755421, -39.883036], [147.754182, -39.883662], [147.756754, -39.884272], [147.758429, -39.886125], [147.757115, -39.887599], [147.757168, -39.888848], [147.756067, -39.888904], [147.758139, -39.890305], [147.757223, -39.890618], [147.768483, -39.891047], [147.770583, -39.892537], [147.770507, -39.89453], [147.773509, -39.893589], [147.774367, -39.895231], [147.776818, -39.896539], [147.780095, -39.895845], [147.782552, -39.897465], [147.785107, -39.898005], [147.785299, -39.898927], [147.787315, -39.899454], [147.787487, -39.900884], [147.788599, -39.899929], [147.790754, -39.900174], [147.795332, -39.902773], [147.800232, -39.90749], [147.801627, -39.910767], [147.800049, -39.912365], [147.802429, -39.91555]]], [[[148.225822, -40.32188], [148.223289, -40.321243], [148.221447, -40.322239], [148.218993, -40.322238], [148.217709, -40.321492], [148.216677, -40.318749], [148.212511, -40.31755], [148.210554, -40.31796], [148.209355, -40.320494], [148.211814, -40.321618], [148.21175, -40.325536], [148.207251, -40.342389], [148.204371, -40.346637], [148.199362, -40.351866], [148.194364, -40.353464], [148.191163, -40.353273], [148.191856, -40.356219], [148.190472, -40.354039], [148.190907, -40.353048], [148.192531, -40.351781], [148.190358, -40.350824], [148.190837, -40.349939], [148.192242, -40.35028], [148.190413, -40.348856], [148.186762, -40.347766], [148.183895, -40.344876], [148.178284, -40.344696], [148.175228, -40.3481], [148.17044, -40.347146], [148.166134, -40.34791], [148.163006, -40.346285], [148.161548, -40.346702], [148.162632, -40.345983], [148.163134, -40.346203], [148.162715, -40.345312], [148.161108, -40.344206], [148.161393, -40.343529], [148.159403, -40.343455], [148.158295, -40.341911], [148.151747, -40.344071], [148.145049, -40.342982], [148.142229, -40.340048], [148.144671, -40.336825], [148.143798, -40.336171], [148.143207, -40.33701], [148.141704, -40.336932], [148.141903, -40.336419], [148.134042, -40.337945], [148.131267, -40.339825], [148.127558, -40.339374], [148.127224, -40.33776], [148.124227, -40.338273], [148.124429, -40.338974], [148.119662, -40.341594], [148.115868, -40.34265], [148.114268, -40.342202], [148.110402, -40.343746], [148.106976, -40.342711], [148.1058, -40.34312], [148.103749, -40.34086], [148.09468, -40.345022], [148.08971, -40.345745], [148.086293, -40.345201], [148.083369, -40.343161], [148.081873, -40.33941], [148.079798, -40.339843], [148.07768, -40.341281], [148.079217, -40.342947], [148.076948, -40.346996], [148.075523, -40.347313], [148.075692, -40.348158], [148.073588, -40.348089], [148.069163, -40.34967], [148.065808, -40.352911], [148.065614, -40.354082], [148.063686, -40.355126], [148.06409, -40.356204], [148.060757, -40.358635], [148.054335, -40.360163], [148.051641, -40.358538], [148.05292, -40.356138], [148.051924, -40.355175], [148.049224, -40.356154], [148.047785, -40.355561], [148.044654, -40.357648], [148.040136, -40.358607], [148.038887, -40.358219], [148.035277, -40.361134], [148.032375, -40.361652], [148.031907, -40.366668], [148.027821, -40.369155], [148.025238, -40.369128], [148.023526, -40.36742], [148.021666, -40.368116], [148.019829, -40.369971], [148.018754, -40.369804], [148.014256, -40.37214], [148.011358, -40.375523], [148.007117, -40.378102], [148.005358, -40.37805], [148.004182, -40.376369], [148.001542, -40.375999], [148.001941, -40.376324], [148.000565, -40.37782], [147.997131, -40.379346], [147.997283, -40.380319], [147.995845, -40.381856], [147.994704, -40.381751], [147.994866, -40.383522], [147.992704, -40.382891], [147.988976, -40.385625], [147.988585, -40.386828], [147.987313, -40.387038], [147.988257, -40.388108], [147.986699, -40.388307], [147.985882, -40.391103], [147.986878, -40.390774], [147.989175, -40.392098], [147.989064, -40.392671], [147.991354, -40.393006], [147.992114, -40.39475], [147.989133, -40.3998], [147.987993, -40.400506], [147.986829, -40.399885], [147.985599, -40.402578], [147.983558, -40.402756], [147.984465, -40.404061], [147.987496, -40.404031], [147.989826, -40.406039], [147.988454, -40.40794], [147.989813, -40.40992], [147.988998, -40.411304], [147.989457, -40.412411], [147.988657, -40.41298], [147.989091, -40.414803], [147.987094, -40.416251], [147.987125, -40.418999], [147.988248, -40.41963], [147.98867, -40.421157], [147.991315, -40.421523], [147.992835, -40.423354], [147.997427, -40.42369], [147.998413, -40.423072], [147.998425, -40.421094], [148.000002, -40.41961], [148.004577, -40.418229], [148.008213, -40.416088], [148.011537, -40.415583], [148.012839, -40.41361], [148.01817, -40.414312], [148.028046, -40.420271], [148.03019, -40.423141], [148.030514, -40.425868], [148.034193, -40.424505], [148.030393, -40.427213], [148.026573, -40.426776], [148.025256, -40.427717], [148.0258, -40.429158], [148.024284, -40.429927], [148.027545, -40.429808], [148.028642, -40.430669], [148.032782, -40.43079], [148.035824, -40.431848], [148.041216, -40.431459], [148.045407, -40.434479], [148.045745, -40.437574], [148.04364, -40.438179], [148.042724, -40.43939], [148.04382, -40.44001], [148.043008, -40.439944], [148.042204, -40.441419], [148.039924, -40.441365], [148.040767, -40.442265], [148.043242, -40.442442], [148.043536, -40.445492], [148.043818, -40.44488], [148.04594, -40.445286], [148.04664, -40.446975], [148.046262, -40.448934], [148.047929, -40.448396], [148.048929, -40.449172], [148.0512, -40.448018], [148.051909, -40.45007], [148.053805, -40.448945], [148.055042, -40.450563], [148.05616, -40.449162], [148.05894, -40.448939], [148.060646, -40.451643], [148.060363, -40.453274], [148.062011, -40.453624], [148.062962, -40.451958], [148.065707, -40.452246], [148.066884, -40.453233], [148.067952, -40.45252], [148.070433, -40.452966], [148.071792, -40.452359], [148.077096, -40.455336], [148.082504, -40.454896], [148.085808, -40.457369], [148.086698, -40.457324], [148.087095, -40.455983], [148.086526, -40.453075], [148.088451, -40.452451], [148.091072, -40.450045], [148.094443, -40.449197], [148.102978, -40.449011], [148.104834, -40.447827], [148.108434, -40.448348], [148.113439, -40.447777], [148.115362, -40.446633], [148.11638, -40.44401], [148.11914, -40.442794], [148.122172, -40.44001], [148.127716, -40.43969], [148.130949, -40.44034], [148.134494, -40.44231], [148.142035, -40.450014], [148.143784, -40.454237], [148.142194, -40.456749], [148.141427, -40.45681], [148.142172, -40.458528], [148.139456, -40.46006], [148.140784, -40.460478], [148.144871, -40.458396], [148.145435, -40.45907], [148.145666, -40.457386], [148.148701, -40.456529], [148.151251, -40.453808], [148.151096, -40.452237], [148.149294, -40.450238], [148.146095, -40.450731], [148.14457, -40.449671], [148.145397, -40.449261], [148.146272, -40.449963], [148.145867, -40.448975], [148.14249, -40.448104], [148.145057, -40.44782], [148.147528, -40.449215], [148.14968, -40.448423], [148.150313, -40.450449], [148.15722, -40.44815], [148.164299, -40.450325], [148.168229, -40.448667], [148.170751, -40.446575], [148.172975, -40.446665], [148.175081, -40.445441], [148.177421, -40.446149], [148.182537, -40.445319], [148.183373, -40.441749], [148.188873, -40.438539], [148.196204, -40.437096], [148.195529, -40.436005], [148.195969, -40.435512], [148.195887, -40.436317], [148.200829, -40.438025], [148.203964, -40.441064], [148.206083, -40.441315], [148.206982, -40.442449], [148.209544, -40.449492], [148.216522, -40.455135], [148.217672, -40.457421], [148.217521, -40.458509], [148.215683, -40.45921], [148.216783, -40.459332], [148.215751, -40.460516], [148.216142, -40.461795], [148.217023, -40.461741], [148.217797, -40.463352], [148.224462, -40.464799], [148.226774, -40.466084], [148.228449, -40.464338], [148.234343, -40.461988], [148.234992, -40.462329], [148.235343, -40.461534], [148.239791, -40.459769], [148.239617, -40.458454], [148.240893, -40.457036], [148.24969, -40.454824], [148.250389, -40.453322], [148.252883, -40.451733], [148.258403, -40.445687], [148.262676, -40.442523], [148.266565, -40.441545], [148.267621, -40.440598], [148.2673, -40.439575], [148.26909, -40.438342], [148.271585, -40.437854], [148.274015, -40.436305], [148.274822, -40.435501], [148.273107, -40.434141], [148.273087, -40.433156], [148.27403, -40.432538], [148.274036, -40.430253], [148.273515, -40.430306], [148.275136, -40.42959], [148.273419, -40.428985], [148.275601, -40.429679], [148.274125, -40.430983], [148.280723, -40.428167], [148.285997, -40.428124], [148.291419, -40.433972], [148.293766, -40.434247], [148.298994, -40.43161], [148.302155, -40.43115], [148.302865, -40.429746], [148.305213, -40.428175], [148.308119, -40.428608], [148.309098, -40.426573], [148.309927, -40.426733], [148.310434, -40.428416], [148.312513, -40.428725], [148.312267, -40.42923], [148.315185, -40.431217], [148.316533, -40.431347], [148.315674, -40.43152], [148.320331, -40.439475], [148.322634, -40.445394], [148.324391, -40.445497], [148.326507, -40.447531], [148.329218, -40.455762], [148.329964, -40.455273], [148.330757, -40.458047], [148.332694, -40.458894], [148.334499, -40.463446], [148.336025, -40.464909], [148.33687, -40.468825], [148.336148, -40.4745], [148.337364, -40.480974], [148.336402, -40.482501], [148.337947, -40.483002], [148.337909, -40.485007], [148.340238, -40.486233], [148.339883, -40.487167], [148.342179, -40.487955], [148.343118, -40.49049], [148.345012, -40.490872], [148.345797, -40.491933], [148.351113, -40.492854], [148.352164, -40.491623], [148.351407, -40.491125], [148.352093, -40.491138], [148.352247, -40.489052], [148.361058, -40.483216], [148.369959, -40.47859], [148.377985, -40.47656], [148.379937, -40.477226], [148.382291, -40.481216], [148.383227, -40.480652], [148.382906, -40.479911], [148.383838, -40.478499], [148.385066, -40.47991], [148.386323, -40.479055], [148.38791, -40.47963], [148.388184, -40.485329], [148.389101, -40.487401], [148.392582, -40.488351], [148.394236, -40.486492], [148.396117, -40.488934], [148.397954, -40.489456], [148.397825, -40.487669], [148.399046, -40.487304], [148.399334, -40.486378], [148.399656, -40.486863], [148.399129, -40.483423], [148.400697, -40.482283], [148.400888, -40.481122], [148.401034, -40.482305], [148.40148, -40.481901], [148.401131, -40.478053], [148.401809, -40.476368], [148.40089, -40.473003], [148.402533, -40.470808], [148.409583, -40.4662], [148.413814, -40.462027], [148.417881, -40.461063], [148.424786, -40.462372], [148.427636, -40.466618], [148.430872, -40.465255], [148.430982, -40.462868], [148.432016, -40.462703], [148.43251, -40.461675], [148.432124, -40.45917], [148.433981, -40.45903], [148.434288, -40.457644], [148.435236, -40.457212], [148.434831, -40.454743], [148.435629, -40.452997], [148.43505, -40.451708], [148.431307, -40.451407], [148.430086, -40.448475], [148.433883, -40.443743], [148.43674, -40.443077], [148.437309, -40.439959], [148.44434, -40.437324], [148.450636, -40.436552], [148.454988, -40.437946], [148.455115, -40.441359], [148.456012, -40.441796], [148.459294, -40.439235], [148.462676, -40.439382], [148.464983, -40.440707], [148.466617, -40.439944], [148.46786, -40.44099], [148.468684, -40.440869], [148.46874, -40.439435], [148.469442, -40.439215], [148.470309, -40.44179], [148.472864, -40.442869], [148.474414, -40.44255], [148.47344, -40.442117], [148.475604, -40.441323], [148.475858, -40.439372], [148.47739, -40.439401], [148.481878, -40.435044], [148.481561, -40.432837], [148.479831, -40.431175], [148.475679, -40.43008], [148.473452, -40.431626], [148.471497, -40.431372], [148.467623, -40.429488], [148.464819, -40.42709], [148.458028, -40.418345], [148.458827, -40.416699], [148.458199, -40.415509], [148.458722, -40.413664], [148.458029, -40.413693], [148.458584, -40.412158], [148.457945, -40.412136], [148.458517, -40.409354], [148.456698, -40.409046], [148.456158, -40.408219], [148.456035, -40.409729], [148.453041, -40.409663], [148.450714, -40.40842], [148.44851, -40.405524], [148.449018, -40.404923], [148.447648, -40.398933], [148.44669, -40.397667], [148.447443, -40.397164], [148.446828, -40.39218], [148.448975, -40.385821], [148.451707, -40.38073], [148.452223, -40.377618], [148.45149, -40.376693], [148.449089, -40.375694], [148.448548, -40.374678], [148.447646, -40.375145], [148.448141, -40.376063], [148.447244, -40.377268], [148.444045, -40.378645], [148.444521, -40.379579], [148.436862, -40.377116], [148.432082, -40.373455], [148.429962, -40.373509], [148.424169, -40.371445], [148.42074, -40.37157], [148.419738, -40.372726], [148.414658, -40.37358], [148.41403, -40.375076], [148.412083, -40.375249], [148.410023, -40.376456], [148.410199, -40.377145], [148.407079, -40.377997], [148.408441, -40.376985], [148.406682, -40.374286], [148.40781, -40.373055], [148.405327, -40.373076], [148.408909, -40.372624], [148.409858, -40.373152], [148.410536, -40.371926], [148.400629, -40.36347], [148.398361, -40.359726], [148.398253, -40.357759], [148.393643, -40.355377], [148.391164, -40.351937], [148.38375, -40.345985], [148.380827, -40.345922], [148.381092, -40.346388], [148.380737, -40.346768], [148.3773, -40.347209], [148.379296, -40.346576], [148.38003, -40.346793], [148.380942, -40.346362], [148.374794, -40.344158], [148.370948, -40.341445], [148.366983, -40.335991], [148.364339, -40.328201], [148.363267, -40.327862], [148.361561, -40.328743], [148.363049, -40.327771], [148.364249, -40.327708], [148.363014, -40.322235], [148.353932, -40.317961], [148.348145, -40.31047], [148.34626, -40.303212], [148.343809, -40.303454], [148.339773, -40.301539], [148.336009, -40.298025], [148.333065, -40.292123], [148.330368, -40.290892], [148.329672, -40.29082], [148.331295, -40.295156], [148.331004, -40.299877], [148.328253, -40.302663], [148.324429, -40.30291], [148.328539, -40.302114], [148.325938, -40.301871], [148.322687, -40.302814], [148.322521, -40.305622], [148.319794, -40.30861], [148.318653, -40.30856], [148.31724, -40.311564], [148.315882, -40.31188], [148.314903, -40.311369], [148.316379, -40.311393], [148.312159, -40.310516], [148.311357, -40.311371], [148.308264, -40.311504], [148.306587, -40.316138], [148.302828, -40.320365], [148.300134, -40.321763], [148.297342, -40.321503], [148.293239, -40.318816], [148.290252, -40.317907], [148.286153, -40.319898], [148.282245, -40.319638], [148.27968, -40.32276], [148.277196, -40.324344], [148.273562, -40.331201], [148.266825, -40.336653], [148.265176, -40.339148], [148.266865, -40.340703], [148.265363, -40.339623], [148.265058, -40.339003], [148.267097, -40.335816], [148.263763, -40.335971], [148.26207, -40.336924], [148.257946, -40.336879], [148.256474, -40.335203], [148.254809, -40.335513], [148.253623, -40.332997], [148.246508, -40.332255], [148.243991, -40.330136], [148.2442, -40.326672], [148.243538, -40.325385], [148.242587, -40.325369], [148.237008, -40.33077], [148.233807, -40.33121], [148.227251, -40.329771], [148.226093, -40.328518], [148.225811, -40.325221], [148.225822, -40.32188]]], [[[148.155828, -40.501453], [148.153309, -40.499782], [148.148725, -40.500219], [148.147148, -40.499433], [148.143602, -40.500722], [148.1408, -40.499456], [148.138335, -40.501109], [148.13113, -40.502107], [148.129662, -40.50272], [148.129846, -40.503509], [148.130536, -40.503356], [148.129941, -40.504839], [148.128211, -40.505362], [148.128768, -40.507019], [148.128383, -40.508225], [148.127636, -40.507785], [148.126958, -40.510597], [148.121371, -40.510719], [148.115728, -40.508939], [148.115121, -40.509521], [148.115744, -40.510829], [148.115058, -40.511159], [148.115974, -40.511726], [148.115853, -40.514145], [148.113979, -40.514802], [148.114437, -40.51522], [148.113621, -40.517361], [148.109852, -40.516597], [148.110178, -40.517102], [148.107649, -40.517118], [148.106475, -40.517774], [148.10664, -40.51879], [148.105811, -40.518426], [148.10466, -40.519329], [148.104377, -40.520739], [148.102597, -40.521127], [148.10388, -40.523073], [148.102172, -40.524153], [148.102397, -40.525174], [148.098391, -40.525852], [148.099126, -40.527974], [148.095971, -40.529271], [148.096143, -40.530515], [148.097504, -40.531006], [148.095807, -40.53163], [148.097453, -40.533102], [148.09674, -40.534473], [148.098761, -40.535734], [148.098838, -40.536915], [148.100852, -40.535238], [148.101575, -40.535778], [148.102327, -40.535233], [148.105483, -40.537168], [148.106184, -40.536112], [148.110874, -40.535494], [148.111701, -40.534397], [148.113215, -40.535149], [148.116022, -40.534638], [148.121467, -40.53703], [148.121551, -40.539341], [148.118776, -40.542942], [148.119709, -40.545627], [148.118345, -40.546602], [148.117234, -40.545132], [148.115187, -40.544897], [148.11724, -40.547814], [148.118191, -40.546942], [148.119687, -40.547953], [148.117857, -40.550139], [148.118199, -40.551116], [148.116661, -40.551582], [148.117134, -40.552501], [148.116532, -40.5522], [148.116131, -40.553837], [148.116863, -40.554138], [148.116003, -40.555922], [148.115438, -40.555623], [148.116032, -40.558323], [148.117879, -40.560039], [148.114641, -40.560092], [148.113324, -40.564875], [148.113998, -40.565326], [148.115177, -40.564425], [148.117254, -40.564471], [148.119386, -40.565626], [148.120212, -40.567593], [148.122147, -40.567248], [148.122965, -40.568201], [148.124602, -40.568394], [148.124181, -40.570494], [148.125657, -40.572343], [148.126887, -40.572386], [148.126608, -40.571535], [148.127796, -40.571838], [148.128669, -40.570974], [148.128124, -40.567561], [148.132503, -40.565517], [148.135704, -40.565091], [148.137196, -40.566148], [148.137137, -40.565517], [148.141084, -40.569622], [148.141787, -40.568975], [148.141147, -40.567328], [148.143314, -40.566737], [148.145775, -40.567314], [148.146396, -40.565988], [148.14878, -40.565989], [148.149204, -40.565369], [148.152488, -40.567901], [148.151468, -40.567684], [148.151724, -40.569322], [148.154192, -40.571738], [148.15506, -40.570103], [148.155904, -40.572283], [148.155187, -40.572336], [148.155406, -40.57374], [148.156353, -40.573513], [148.15911, -40.575275], [148.159403, -40.576198], [148.165338, -40.579992], [148.166208, -40.581651], [148.16673, -40.580632], [148.167764, -40.580816], [148.168079, -40.58224], [148.1708, -40.58428], [148.170281, -40.584689], [148.173199, -40.588945], [148.177396, -40.591968], [148.178286, -40.594185], [148.180707, -40.594184], [148.179963, -40.59274], [148.181152, -40.590802], [148.18327, -40.590817], [148.185003, -40.589214], [148.191525, -40.587324], [148.193622, -40.58708], [148.19524, -40.588218], [148.196412, -40.587948], [148.198534, -40.5901], [148.199688, -40.586429], [148.199612, -40.583299], [148.19812, -40.581601], [148.195872, -40.582786], [148.193009, -40.581377], [148.192255, -40.579267], [148.192431, -40.574002], [148.195596, -40.567979], [148.197875, -40.566853], [148.201112, -40.563675], [148.209169, -40.553646], [148.21787, -40.549221], [148.218692, -40.547872], [148.222466, -40.545613], [148.2259, -40.544683], [148.224613, -40.543105], [148.224983, -40.541873], [148.228279, -40.538725], [148.231869, -40.537354], [148.232431, -40.53469], [148.235107, -40.532766], [148.234241, -40.529959], [148.230695, -40.530006], [148.228423, -40.525791], [148.231133, -40.518966], [148.232333, -40.517951], [148.233213, -40.512161], [148.231866, -40.510451], [148.231765, -40.508633], [148.233655, -40.504126], [148.236857, -40.501223], [148.243051, -40.498022], [148.246731, -40.497038], [148.245942, -40.492911], [148.248434, -40.487913], [148.247201, -40.483718], [148.247996, -40.480224], [148.245899, -40.47828], [148.245793, -40.47894], [148.242281, -40.480175], [148.238953, -40.479896], [148.237222, -40.481993], [148.229051, -40.485411], [148.227697, -40.485344], [148.225195, -40.490183], [148.222915, -40.490525], [148.223146, -40.491812], [148.224576, -40.492426], [148.222729, -40.495454], [148.216893, -40.501273], [148.213569, -40.502968], [148.207619, -40.503399], [148.205522, -40.502012], [148.205422, -40.500007], [148.204251, -40.498353], [148.199175, -40.495783], [148.199071, -40.493138], [148.192762, -40.489367], [148.184966, -40.490167], [148.182076, -40.491733], [148.182536, -40.492335], [148.180907, -40.493394], [148.178786, -40.493173], [148.179013, -40.49406], [148.177781, -40.495423], [148.174651, -40.496273], [148.17363, -40.497695], [148.167206, -40.498257], [148.162964, -40.49973], [148.161316, -40.498859], [148.155828, -40.501453]]], [[[147.318705, -39.502751], [147.323045, -39.501692], [147.323712, -39.504507], [147.326197, -39.504987], [147.331163, -39.500855], [147.329367, -39.491166], [147.330645, -39.490388], [147.333743, -39.491314], [147.335583, -39.489689], [147.338946, -39.488658], [147.341534, -39.489675], [147.343846, -39.495532], [147.344763, -39.496092], [147.347305, -39.494306], [147.349198, -39.495118], [147.351315, -39.497497], [147.351297, -39.494328], [147.352876, -39.491833], [147.349495, -39.489518], [147.349457, -39.488151], [147.350233, -39.48779], [147.349277, -39.485543], [147.35385, -39.482641], [147.35507, -39.483607], [147.357168, -39.48221], [147.356708, -39.481353], [147.35789, -39.481089], [147.355374, -39.47799], [147.35478, -39.475966], [147.352724, -39.47456], [147.346404, -39.472812], [147.345767, -39.471754], [147.346276, -39.470833], [147.349512, -39.469859], [147.356369, -39.469262], [147.359916, -39.468173], [147.361331, -39.465278], [147.359779, -39.464718], [147.360472, -39.463837], [147.357036, -39.464291], [147.355669, -39.463004], [147.355518, -39.460614], [147.350684, -39.459655], [147.349826, -39.458626], [147.347286, -39.460274], [147.343207, -39.460544], [147.343484, -39.457187], [147.342198, -39.45665], [147.341929, -39.453916], [147.34085, -39.453424], [147.339666, -39.451159], [147.341099, -39.450849], [147.340877, -39.449671], [147.339636, -39.450632], [147.335912, -39.450782], [147.333696, -39.452132], [147.331139, -39.450749], [147.330652, -39.451893], [147.330135, -39.451596], [147.330417, -39.454387], [147.329104, -39.456962], [147.327147, -39.458278], [147.324508, -39.457512], [147.324418, -39.453886], [147.323331, -39.453948], [147.322406, -39.452066], [147.320913, -39.452409], [147.31988, -39.453393], [147.319925, -39.454572], [147.316085, -39.457078], [147.315259, -39.46083], [147.309128, -39.468232], [147.309247, -39.468839], [147.31037, -39.468701], [147.31253, -39.471938], [147.31262, -39.473357], [147.311164, -39.474335], [147.309538, -39.47346], [147.30732, -39.474215], [147.305309, -39.473735], [147.303868, -39.475462], [147.305719, -39.479844], [147.30529, -39.48065], [147.306562, -39.482178], [147.305587, -39.483562], [147.306296, -39.483333], [147.306061, -39.48418], [147.310553, -39.480061], [147.313421, -39.47996], [147.314177, -39.481902], [147.316277, -39.483183], [147.316529, -39.485918], [147.315571, -39.488915], [147.316889, -39.493399], [147.318502, -39.49587], [147.318283, -39.501384], [147.318705, -39.502751]]], [[[147.907183, -40.293253], [147.906429, -40.294374], [147.904161, -40.291741], [147.90319, -40.291463], [147.902133, -40.292384], [147.900151, -40.291481], [147.89768, -40.292254], [147.897194, -40.293178], [147.896845, -40.29858], [147.890164, -40.302583], [147.889896, -40.303819], [147.884372, -40.302537], [147.881927, -40.303814], [147.879192, -40.302551], [147.878327, -40.305011], [147.874144, -40.305609], [147.871911, -40.305132], [147.870786, -40.303377], [147.870305, -40.299], [147.868103, -40.297292], [147.85864, -40.298068], [147.856837, -40.299232], [147.853507, -40.297181], [147.852944, -40.295403], [147.851087, -40.295249], [147.84988, -40.293441], [147.847219, -40.293419], [147.845317, -40.295804], [147.84387, -40.294359], [147.842312, -40.295009], [147.839791, -40.292112], [147.83855, -40.29441], [147.840458, -40.295536], [147.840383, -40.297562], [147.839502, -40.298221], [147.840141, -40.299607], [147.838988, -40.301175], [147.837509, -40.30154], [147.836332, -40.303464], [147.83726, -40.304876], [147.839845, -40.303406], [147.842031, -40.303308], [147.841935, -40.304548], [147.843078, -40.304814], [147.844505, -40.303322], [147.845679, -40.305316], [147.846572, -40.304313], [147.850341, -40.304694], [147.85399, -40.305825], [147.856143, -40.308088], [147.856415, -40.30982], [147.851659, -40.311478], [147.854636, -40.315154], [147.851159, -40.31796], [147.849074, -40.320808], [147.847322, -40.321367], [147.84678, -40.322613], [147.847408, -40.323199], [147.846615, -40.323907], [147.848196, -40.323869], [147.850879, -40.322154], [147.851708, -40.322597], [147.851013, -40.323549], [147.852443, -40.322723], [147.855481, -40.322738], [147.859819, -40.320832], [147.860706, -40.319707], [147.864323, -40.319525], [147.866585, -40.320068], [147.867058, -40.321717], [147.870623, -40.32397], [147.86982, -40.324736], [147.870576, -40.325218], [147.871543, -40.323437], [147.874472, -40.322191], [147.87829, -40.32364], [147.878477, -40.32523], [147.881166, -40.325954], [147.885845, -40.324967], [147.886675, -40.323267], [147.889636, -40.322941], [147.892268, -40.321765], [147.892636, -40.32088], [147.895071, -40.321245], [147.894741, -40.319217], [147.896274, -40.318449], [147.901338, -40.319419], [147.904735, -40.31709], [147.905127, -40.315425], [147.903063, -40.314082], [147.903409, -40.312229], [147.905637, -40.310588], [147.903956, -40.310242], [147.903973, -40.307382], [147.905606, -40.30416], [147.908903, -40.301717], [147.906754, -40.298902], [147.907487, -40.296848], [147.907183, -40.293253]]], [[[147.72701, -40.101779], [147.726294, -40.103138], [147.728434, -40.101881], [147.735375, -40.102028], [147.736875, -40.100944], [147.736634, -40.099922], [147.738746, -40.098461], [147.743062, -40.09776], [147.745235, -40.096576], [147.747702, -40.097598], [147.748909, -40.099852], [147.752752, -40.095535], [147.756551, -40.094755], [147.758771, -40.090817], [147.75813, -40.090506], [147.758732, -40.087437], [147.762537, -40.082699], [147.757682, -40.075977], [147.758449, -40.07238], [147.75981, -40.070479], [147.759217, -40.069842], [147.75963, -40.068324], [147.765753, -40.063769], [147.765874, -40.059624], [147.770065, -40.054267], [147.771854, -40.053882], [147.776112, -40.049507], [147.776475, -40.047568], [147.780952, -40.044992], [147.782676, -40.043034], [147.786716, -40.043193], [147.787442, -40.04236], [147.783954, -40.040464], [147.783631, -40.038091], [147.781731, -40.037372], [147.78156, -40.035238], [147.78065, -40.035594], [147.77791, -40.034182], [147.777418, -40.032217], [147.775829, -40.031277], [147.7773, -40.026551], [147.775648, -40.024295], [147.775768, -40.023031], [147.771368, -40.023466], [147.764212, -40.028643], [147.764851, -40.030713], [147.764038, -40.03245], [147.765551, -40.036373], [147.763871, -40.038843], [147.764484, -40.038839], [147.763296, -40.041717], [147.761857, -40.041956], [147.762106, -40.044638], [147.760662, -40.044899], [147.761287, -40.046302], [147.760287, -40.047412], [147.761123, -40.047711], [147.760683, -40.048903], [147.758351, -40.052106], [147.756542, -40.052047], [147.756227, -40.055513], [147.75425, -40.056749], [147.754077, -40.057804], [147.756423, -40.058756], [147.755235, -40.059064], [147.755726, -40.06024], [147.755168, -40.060894], [147.751969, -40.062678], [147.752094, -40.063572], [147.750039, -40.064867], [147.748638, -40.064777], [147.748931, -40.065498], [147.747312, -40.066625], [147.74806, -40.06761], [147.747548, -40.068576], [147.748568, -40.069142], [147.746797, -40.070061], [147.747484, -40.070605], [147.747035, -40.071906], [147.747476, -40.073263], [147.748435, -40.073487], [147.747841, -40.075411], [147.749112, -40.075088], [147.747924, -40.076206], [147.751011, -40.076174], [147.747537, -40.078776], [147.747139, -40.080307], [147.746123, -40.080776], [147.745173, -40.080108], [147.744269, -40.08139], [147.741189, -40.081258], [147.743154, -40.082486], [147.741913, -40.083874], [147.738821, -40.083869], [147.739076, -40.084611], [147.733511, -40.087803], [147.732664, -40.087435], [147.725647, -40.0912], [147.7247, -40.093376], [147.726502, -40.101147], [147.72701, -40.101779]]], [[[148.278335, -40.284192], [148.279437, -40.283797], [148.279599, -40.286571], [148.281974, -40.288391], [148.286386, -40.289457], [148.2884, -40.288079], [148.290443, -40.287779], [148.294125, -40.290615], [148.297412, -40.290739], [148.299129, -40.289755], [148.305714, -40.292775], [148.312939, -40.28967], [148.315389, -40.286608], [148.318234, -40.285284], [148.321217, -40.285343], [148.323817, -40.287147], [148.325888, -40.287536], [148.323564, -40.28666], [148.322012, -40.284443], [148.318057, -40.274366], [148.312361, -40.266259], [148.30241, -40.260606], [148.296872, -40.258794], [148.295423, -40.257441], [148.29467, -40.258035], [148.294549, -40.262172], [148.292783, -40.263335], [148.291132, -40.267417], [148.288249, -40.268656], [148.289739, -40.274558], [148.288077, -40.278676], [148.28436, -40.281708], [148.282846, -40.280077], [148.281465, -40.280452], [148.280558, -40.279777], [148.279194, -40.281054], [148.279081, -40.282862], [148.278335, -40.284192]]], [[[147.929702, -39.686045], [147.925892, -39.685323], [147.924442, -39.686348], [147.920959, -39.686787], [147.919173, -39.688502], [147.916985, -39.689233], [147.912402, -39.689789], [147.907193, -39.689293], [147.904852, -39.688439], [147.904929, -39.686847], [147.904106, -39.687432], [147.903535, -39.685174], [147.901089, -39.683201], [147.900514, -39.681453], [147.898547, -39.681566], [147.899023, -39.68236], [147.898389, -39.6837], [147.895673, -39.684963], [147.89208, -39.683924], [147.888957, -39.684001], [147.888859, -39.685237], [147.889773, -39.685373], [147.888951, -39.685735], [147.889239, -39.687021], [147.888737, -39.688114], [147.887686, -39.687877], [147.888953, -39.68983], [147.88837, -39.691307], [147.8897, -39.691795], [147.889275, -39.692806], [147.890159, -39.693596], [147.889141, -39.695964], [147.890117, -39.696796], [147.890644, -39.700362], [147.894144, -39.702956], [147.903237, -39.704728], [147.902375, -39.704898], [147.902897, -39.705225], [147.904861, -39.703531], [147.907041, -39.703526], [147.90796, -39.703043], [147.907344, -39.702428], [147.910046, -39.701836], [147.910224, -39.699573], [147.911958, -39.69907], [147.915117, -39.699501], [147.918027, -39.70105], [147.918387, -39.701857], [147.917611, -39.702972], [147.918817, -39.704346], [147.920775, -39.702925], [147.922548, -39.704042], [147.929466, -39.702544], [147.934414, -39.703855], [147.934436, -39.70271], [147.936484, -39.70252], [147.938721, -39.7012], [147.939293, -39.701633], [147.940302, -39.699808], [147.942545, -39.700176], [147.942325, -39.701996], [147.942944, -39.702383], [147.944758, -39.701002], [147.944821, -39.699654], [147.946087, -39.699873], [147.945813, -39.69778], [147.946448, -39.696843], [147.943943, -39.697726], [147.940096, -39.696492], [147.939206, -39.694939], [147.934044, -39.691169], [147.933704, -39.689342], [147.931371, -39.687316], [147.929702, -39.686045]]], [[[147.290178, -39.45868], [147.292601, -39.459298], [147.293002, -39.462535], [147.289336, -39.462168], [147.286617, -39.463358], [147.288139, -39.465057], [147.28737, -39.466608], [147.285213, -39.466618], [147.284089, -39.468448], [147.281399, -39.46934], [147.279359, -39.466628], [147.278162, -39.46672], [147.275871, -39.468996], [147.27457, -39.469293], [147.272427, -39.467107], [147.270343, -39.466821], [147.269884, -39.467896], [147.27216, -39.469012], [147.27284, -39.471031], [147.27236, -39.472158], [147.261633, -39.477045], [147.260391, -39.476942], [147.260479, -39.479619], [147.267693, -39.481349], [147.269808, -39.480766], [147.271671, -39.478067], [147.27479, -39.477495], [147.277777, -39.475265], [147.279388, -39.474968], [147.282596, -39.477588], [147.284414, -39.480689], [147.287342, -39.477944], [147.289884, -39.477292], [147.291362, -39.474787], [147.294178, -39.473088], [147.29573, -39.471155], [147.295611, -39.46849], [147.29632, -39.467346], [147.294228, -39.464697], [147.293984, -39.462461], [147.299636, -39.461677], [147.296357, -39.458771], [147.296724, -39.457559], [147.295941, -39.456243], [147.299472, -39.453841], [147.304054, -39.455317], [147.304837, -39.454584], [147.304215, -39.452296], [147.304836, -39.451472], [147.304067, -39.451816], [147.303549, -39.450617], [147.298806, -39.446805], [147.303414, -39.442413], [147.303207, -39.440983], [147.302188, -39.440971], [147.301714, -39.438134], [147.297024, -39.441463], [147.294564, -39.438637], [147.291476, -39.43954], [147.289008, -39.438443], [147.286866, -39.439026], [147.285669, -39.442589], [147.286504, -39.444935], [147.285433, -39.446484], [147.284044, -39.446353], [147.280468, -39.442674], [147.278547, -39.44439], [147.276885, -39.444401], [147.275437, -39.443422], [147.273139, -39.445006], [147.273554, -39.446219], [147.275577, -39.445556], [147.277764, -39.446334], [147.27902, -39.447353], [147.278414, -39.448062], [147.279316, -39.448874], [147.280764, -39.448234], [147.281458, -39.449229], [147.284864, -39.44935], [147.285093, -39.453005], [147.286482, -39.453497], [147.287088, -39.455339], [147.289194, -39.455923], [147.28966, -39.456861], [147.290178, -39.45868]]], [[[147.964916, -39.660639], [147.966804, -39.663694], [147.969923, -39.663151], [147.972285, -39.664372], [147.980155, -39.664401], [147.984971, -39.661688], [147.988667, -39.661388], [147.991378, -39.663382], [147.994541, -39.661278], [147.998129, -39.654949], [148.002206, -39.65358], [148.006048, -39.653355], [148.010083, -39.65166], [148.011137, -39.648628], [148.004773, -39.6421], [148.000241, -39.640123], [147.998182, -39.640292], [147.993523, -39.644798], [147.987753, -39.643651], [147.986447, -39.642864], [147.985034, -39.63933], [147.985493, -39.639026], [147.982749, -39.636931], [147.980488, -39.641951], [147.978372, -39.641931], [147.977117, -39.643462], [147.979645, -39.64392], [147.982466, -39.645983], [147.985367, -39.65057], [147.985178, -39.652269], [147.980024, -39.654876], [147.974865, -39.654892], [147.971456, -39.656796], [147.968926, -39.655608], [147.967002, -39.657188], [147.964916, -39.660639]]], [[[148.318379, -39.946806], [148.316105, -39.946091], [148.315224, -39.946672], [148.318152, -39.950688], [148.318772, -39.955], [148.322777, -39.959501], [148.324514, -39.958181], [148.324746, -39.956915], [148.326643, -39.958268], [148.328321, -39.956129], [148.333307, -39.957942], [148.334588, -39.956358], [148.337406, -39.95541], [148.342542, -39.958786], [148.342388, -39.957274], [148.344418, -39.956283], [148.347645, -39.951743], [148.347578, -39.950227], [148.346655, -39.949405], [148.347346, -39.948954], [148.34487, -39.947726], [148.345138, -39.946565], [148.339987, -39.945321], [148.338568, -39.939666], [148.337598, -39.939207], [148.338532, -39.938903], [148.336521, -39.937556], [148.335386, -39.937957], [148.333835, -39.937075], [148.333336, -39.935656], [148.329361, -39.932114], [148.327717, -39.932673], [148.326632, -39.935067], [148.326879, -39.937496], [148.323946, -39.94065], [148.323985, -39.944222], [148.318379, -39.946806]]], [[[148.233717, -40.246475], [148.234807, -40.24886], [148.234684, -40.25115], [148.232561, -40.2521], [148.233843, -40.25469], [148.23654, -40.250427], [148.239434, -40.248612], [148.246822, -40.251407], [148.247679, -40.25265], [148.2475, -40.254391], [148.249196, -40.255174], [148.249168, -40.25622], [148.251435, -40.254844], [148.252572, -40.255885], [148.253644, -40.25536], [148.256823, -40.257542], [148.260555, -40.254619], [148.26456, -40.25562], [148.265393, -40.2568], [148.266302, -40.256358], [148.266784, -40.252596], [148.265423, -40.252097], [148.265203, -40.251036], [148.266157, -40.249837], [148.263326, -40.248057], [148.263257, -40.244986], [148.261941, -40.245054], [148.257833, -40.242207], [148.256307, -40.241737], [148.253916, -40.24279], [148.247, -40.241279], [148.244225, -40.242498], [148.239297, -40.240479], [148.235153, -40.240784], [148.234582, -40.239772], [148.232558, -40.240334], [148.232076, -40.239682], [148.231594, -40.240273], [148.22968, -40.239734], [148.227977, -40.240491], [148.228024, -40.242455], [148.229071, -40.24248], [148.229459, -40.243773], [148.231761, -40.244919], [148.233717, -40.246475]]], [[[147.999799, -40.356014], [147.99844, -40.359059], [147.996178, -40.360764], [147.992803, -40.36159], [147.993408, -40.362666], [147.991311, -40.363468], [147.989775, -40.362297], [147.987319, -40.362414], [147.987461, -40.361299], [147.986474, -40.36119], [147.983, -40.362805], [147.980535, -40.367197], [147.981856, -40.367492], [147.981347, -40.369365], [147.989172, -40.365988], [147.993329, -40.367018], [147.994764, -40.369337], [147.995476, -40.368321], [147.996193, -40.368596], [147.996107, -40.36759], [147.997454, -40.367667], [147.997601, -40.36609], [147.999935, -40.365846], [148.001679, -40.363708], [148.007697, -40.365332], [148.010005, -40.36307], [148.015238, -40.362061], [148.018991, -40.359889], [148.019844, -40.357381], [148.021634, -40.357299], [148.022267, -40.355743], [148.02492, -40.354976], [148.024941, -40.353675], [148.02341, -40.35212], [148.024788, -40.349261], [148.020772, -40.351491], [148.015693, -40.35279], [148.014554, -40.351605], [148.010363, -40.352026], [148.008872, -40.351205], [148.009407, -40.350597], [148.008587, -40.350584], [148.005156, -40.351613], [148.005283, -40.352342], [148.00284, -40.353304], [147.999799, -40.356014]]], [[[147.918612, -40.272139], [147.91786, -40.274029], [147.91574, -40.274904], [147.914232, -40.274047], [147.91398, -40.276356], [147.912179, -40.276312], [147.91109, -40.278657], [147.913975, -40.279562], [147.916294, -40.278183], [147.919422, -40.279112], [147.920036, -40.279854], [147.919038, -40.280865], [147.920605, -40.281054], [147.920921, -40.281888], [147.919738, -40.282061], [147.921085, -40.282909], [147.921622, -40.282293], [147.923936, -40.282624], [147.924693, -40.281463], [147.927141, -40.282062], [147.928287, -40.281584], [147.92764, -40.280835], [147.929783, -40.280422], [147.929843, -40.279436], [147.93278, -40.277263], [147.934949, -40.273463], [147.937464, -40.27171], [147.937661, -40.269534], [147.934728, -40.265741], [147.934823, -40.263544], [147.933614, -40.261318], [147.93448, -40.260143], [147.934236, -40.258929], [147.931712, -40.257903], [147.929251, -40.258757], [147.92584, -40.26304], [147.922322, -40.264196], [147.921317, -40.263822], [147.921134, -40.26464], [147.919707, -40.265102], [147.920283, -40.266486], [147.918038, -40.265893], [147.918534, -40.266454], [147.917207, -40.267126], [147.918279, -40.270751], [147.918612, -40.272139]]], [[[147.63594, -40.787238], [147.636042, -40.789002], [147.631411, -40.79243], [147.631892, -40.794678], [147.62727, -40.796852], [147.626599, -40.798017], [147.62777, -40.799729], [147.62744, -40.801571], [147.625945, -40.802129], [147.626457, -40.803209], [147.624401, -40.803292], [147.623192, -40.806299], [147.620149, -40.807017], [147.615758, -40.809737], [147.616422, -40.810521], [147.615946, -40.811331], [147.617798, -40.812002], [147.617109, -40.813469], [147.619716, -40.814123], [147.619808, -40.814776], [147.624757, -40.81228], [147.626617, -40.812225], [147.627213, -40.810324], [147.629441, -40.809533], [147.630644, -40.807749], [147.634199, -40.807096], [147.634141, -40.805259], [147.638316, -40.80044], [147.63807, -40.799098], [147.644112, -40.788633], [147.643937, -40.786678], [147.642928, -40.785568], [147.643893, -40.784902], [147.642991, -40.783518], [147.643507, -40.781874], [147.640919, -40.779835], [147.640981, -40.781903], [147.63961, -40.782308], [147.639505, -40.784155], [147.637955, -40.78429], [147.638294, -40.785325], [147.637334, -40.785752], [147.63594, -40.787238]]], [[[148.331176, -40.496379], [148.32842, -40.499509], [148.327874, -40.501534], [148.329099, -40.50324], [148.333278, -40.503063], [148.334705, -40.503665], [148.334385, -40.504439], [148.336678, -40.505085], [148.337075, -40.508321], [148.338133, -40.509602], [148.33757, -40.512009], [148.338435, -40.51332], [148.340435, -40.513349], [148.340391, -40.517047], [148.342995, -40.516699], [148.347005, -40.522516], [148.346678, -40.521479], [148.349178, -40.519349], [148.349737, -40.517405], [148.347954, -40.513707], [148.348414, -40.512296], [148.347619, -40.510206], [148.347654, -40.504732], [148.346177, -40.503904], [148.346418, -40.503034], [148.345783, -40.503126], [148.345197, -40.501661], [148.345702, -40.501191], [148.344309, -40.499844], [148.34476, -40.500099], [148.344715, -40.499249], [148.343945, -40.499534], [148.343454, -40.49826], [148.341941, -40.498051], [148.339992, -40.495121], [148.334404, -40.494824], [148.331176, -40.496379]]], [[[148.117251, -40.735034], [148.119977, -40.733707], [148.124023, -40.735318], [148.123923, -40.734774], [148.12565, -40.734748], [148.12524, -40.734216], [148.127743, -40.734296], [148.125594, -40.732856], [148.127617, -40.731129], [148.12749, -40.72957], [148.126292, -40.728706], [148.126482, -40.727094], [148.123334, -40.72838], [148.121779, -40.727251], [148.119539, -40.726931], [148.117484, -40.728689], [148.113434, -40.728015], [148.112979, -40.728506], [148.114373, -40.730304], [148.113806, -40.731535], [148.111927, -40.733146], [148.108511, -40.734437], [148.106656, -40.733924], [148.103397, -40.734525], [148.100571, -40.732795], [148.098433, -40.734086], [148.093877, -40.734333], [148.092689, -40.737186], [148.090544, -40.738316], [148.091017, -40.73937], [148.089824, -40.740085], [148.092877, -40.742323], [148.093774, -40.744443], [148.095223, -40.744003], [148.094603, -40.742703], [148.096786, -40.740874], [148.101106, -40.739045], [148.105124, -40.740117], [148.10604, -40.741847], [148.108142, -40.742853], [148.108155, -40.741643], [148.110935, -40.741544], [148.111053, -40.740799], [148.112159, -40.740985], [148.113471, -40.739603], [148.117046, -40.739932], [148.116565, -40.739534], [148.117222, -40.738773], [148.11613, -40.737472], [148.117866, -40.73778], [148.117211, -40.736501], [148.117251, -40.735034]]], [[[146.991566, -39.214176], [146.991199, -39.213286], [146.993688, -39.213059], [146.994035, -39.211377], [146.992039, -39.210767], [146.990244, -39.211576], [146.987429, -39.207698], [146.985648, -39.206708], [146.982851, -39.208329], [146.983676, -39.209318], [146.982088, -39.210251], [146.983749, -39.210176], [146.982437, -39.213083], [146.983505, -39.215886], [146.981267, -39.218406], [146.979222, -39.219275], [146.979255, -39.220409], [146.980732, -39.221689], [146.979402, -39.224367], [146.980879, -39.225183], [146.979836, -39.227061], [146.977272, -39.229041], [146.980921, -39.230408], [146.981715, -39.231294], [146.980633, -39.232577], [146.982862, -39.231259], [146.984125, -39.231108], [146.984522, -39.231975], [146.987948, -39.230989], [146.989287, -39.228397], [146.991995, -39.226661], [146.992327, -39.224555], [146.994692, -39.221868], [146.996289, -39.221289], [146.99529, -39.219603], [146.993324, -39.220391], [146.991369, -39.219987], [146.989965, -39.216942], [146.991566, -39.214176]]], [[[148.047732, -40.474074], [148.048978, -40.474411], [148.0485, -40.475216], [148.049452, -40.475204], [148.048661, -40.475665], [148.049195, -40.477285], [148.050088, -40.476609], [148.05012, -40.475088], [148.05086, -40.474905], [148.054131, -40.477074], [148.057558, -40.477022], [148.060301, -40.479503], [148.062248, -40.47978], [148.062733, -40.482989], [148.064026, -40.482516], [148.063565, -40.481469], [148.065795, -40.481211], [148.066041, -40.480142], [148.068715, -40.479943], [148.070888, -40.481168], [148.071505, -40.480631], [148.071474, -40.482819], [148.073812, -40.483093], [148.074096, -40.484588], [148.074967, -40.484257], [148.074903, -40.485691], [148.076057, -40.48609], [148.074126, -40.487307], [148.075531, -40.489943], [148.076975, -40.489743], [148.078439, -40.488367], [148.082038, -40.48883], [148.080914, -40.488024], [148.081148, -40.485409], [148.078987, -40.485124], [148.076858, -40.483186], [148.07679, -40.480204], [148.073111, -40.479658], [148.070307, -40.478033], [148.070773, -40.476176], [148.071968, -40.475537], [148.071404, -40.473758], [148.069523, -40.474203], [148.06907, -40.473048], [148.067697, -40.4729], [148.06712, -40.471995], [148.063792, -40.47186], [148.061758, -40.468454], [148.061067, -40.468877], [148.057656, -40.467863], [148.056925, -40.468769], [148.057394, -40.469284], [148.056372, -40.469969], [148.050596, -40.471036], [148.050261, -40.471839], [148.051066, -40.472493], [148.047732, -40.474074]]], [[[148.132169, -40.298307], [148.134582, -40.299935], [148.133835, -40.301447], [148.138063, -40.301072], [148.144928, -40.298712], [148.147637, -40.296992], [148.151872, -40.297011], [148.155092, -40.295795], [148.157877, -40.295891], [148.161455, -40.297486], [148.162862, -40.296405], [148.162659, -40.294359], [148.166054, -40.291935], [148.161621, -40.290443], [148.159609, -40.290968], [148.157804, -40.290087], [148.155498, -40.290589], [148.153553, -40.289871], [148.15185, -40.292179], [148.149093, -40.293422], [148.147596, -40.291962], [148.144323, -40.291203], [148.143219, -40.290113], [148.140199, -40.290713], [148.140291, -40.292752], [148.138989, -40.294339], [148.134391, -40.296469], [148.132562, -40.29657], [148.132169, -40.298307]]], [[[148.307142, -40.515888], [148.305585, -40.516592], [148.305875, -40.517441], [148.304861, -40.518237], [148.305275, -40.519043], [148.304317, -40.521119], [148.306818, -40.522373], [148.307453, -40.52168], [148.310186, -40.521897], [148.31171, -40.521075], [148.313245, -40.521931], [148.312986, -40.52126], [148.314921, -40.520474], [148.314115, -40.519297], [148.315165, -40.51761], [148.311774, -40.513005], [148.312857, -40.511467], [148.315421, -40.510098], [148.315467, -40.507981], [148.312929, -40.506974], [148.312846, -40.505189], [148.318458, -40.501221], [148.316623, -40.497493], [148.312425, -40.49664], [148.31188, -40.498894], [148.308003, -40.504449], [148.306304, -40.505389], [148.303677, -40.504001], [148.30324, -40.504399], [148.303598, -40.505871], [148.304604, -40.506226], [148.304804, -40.507954], [148.308103, -40.509327], [148.30854, -40.511756], [148.30748, -40.514021], [148.307142, -40.515888]]], [[[148.097612, -40.306672], [148.097565, -40.30909], [148.098585, -40.310387], [148.100357, -40.310892], [148.101242, -40.310342], [148.10224, -40.311439], [148.10518, -40.309811], [148.106977, -40.311238], [148.106801, -40.312639], [148.110503, -40.31137], [148.111356, -40.310637], [148.110869, -40.308602], [148.111716, -40.306976], [148.115981, -40.303182], [148.115262, -40.301078], [148.116016, -40.297677], [148.112725, -40.295361], [148.108589, -40.295667], [148.108187, -40.29652], [148.109498, -40.29794], [148.104767, -40.300387], [148.104038, -40.301939], [148.101837, -40.302986], [148.100672, -40.304776], [148.097612, -40.306672]]], [[[147.895079, -40.192747], [147.894054, -40.194261], [147.895886, -40.194282], [147.898095, -40.191633], [147.897662, -40.189934], [147.89912, -40.186517], [147.902543, -40.185031], [147.908298, -40.184977], [147.912515, -40.187575], [147.915172, -40.187806], [147.917164, -40.186493], [147.916818, -40.184397], [147.910871, -40.181507], [147.91005, -40.179819], [147.911622, -40.17878], [147.909952, -40.177766], [147.906282, -40.177344], [147.902349, -40.179267], [147.901365, -40.178572], [147.898555, -40.181936], [147.896785, -40.181319], [147.893904, -40.182017], [147.895932, -40.183488], [147.893893, -40.184711], [147.893278, -40.187112], [147.89192, -40.187465], [147.891157, -40.188435], [147.891656, -40.189702], [147.890374, -40.190523], [147.895292, -40.19016], [147.893833, -40.190892], [147.893967, -40.192198], [147.895079, -40.192747]]], [[[146.639039, -39.47601], [146.639155, -39.478724], [146.641997, -39.481024], [146.64721, -39.478922], [146.648679, -39.477439], [146.648362, -39.472533], [146.6508, -39.471973], [146.653873, -39.470009], [146.655783, -39.467533], [146.656987, -39.464322], [146.656324, -39.463956], [146.657957, -39.463161], [146.653517, -39.46336], [146.652183, -39.462764], [146.652538, -39.463398], [146.650275, -39.464618], [146.64598, -39.465986], [146.643047, -39.469331], [146.643126, -39.471849], [146.637765, -39.473738], [146.638305, -39.475503], [146.639039, -39.47601]]], [[[147.972938, -40.177072], [147.970585, -40.177799], [147.974766, -40.180489], [147.977956, -40.187456], [147.973373, -40.191495], [147.973035, -40.19329], [147.974179, -40.194416], [147.976696, -40.194602], [147.979056, -40.192906], [147.978999, -40.190528], [147.981495, -40.190093], [147.98663, -40.186005], [147.983755, -40.183718], [147.982269, -40.180917], [147.984244, -40.178884], [147.983745, -40.17753], [147.979736, -40.179], [147.976651, -40.17783], [147.976923, -40.17691], [147.975548, -40.174654], [147.974883, -40.175552], [147.972139, -40.175641], [147.972938, -40.177072]]], [[[147.787186, -40.299919], [147.794265, -40.300255], [147.79284, -40.301121], [147.793131, -40.301963], [147.79234, -40.302648], [147.793053, -40.304248], [147.794737, -40.304652], [147.793779, -40.306228], [147.796201, -40.30686], [147.795939, -40.308612], [147.797862, -40.309216], [147.797275, -40.31046], [147.800047, -40.311664], [147.799754, -40.312872], [147.801697, -40.313589], [147.80176, -40.315044], [147.802873, -40.314793], [147.803041, -40.31324], [147.801386, -40.308563], [147.799411, -40.308118], [147.799802, -40.306686], [147.798411, -40.306095], [147.800334, -40.303348], [147.799602, -40.302843], [147.79991, -40.301897], [147.798158, -40.30189], [147.798516, -40.30057], [147.79753, -40.300359], [147.797714, -40.299594], [147.796575, -40.299734], [147.797838, -40.298762], [147.797053, -40.298529], [147.798339, -40.297578], [147.797903, -40.296793], [147.798771, -40.296578], [147.799564, -40.294439], [147.798671, -40.293558], [147.798001, -40.294403], [147.797832, -40.293407], [147.794701, -40.29481], [147.790695, -40.294971], [147.788226, -40.297072], [147.788054, -40.299181], [147.787186, -40.299919]]], [[[146.381448, -39.233793], [146.384479, -39.235656], [146.389673, -39.235368], [146.393197, -39.233837], [146.395235, -39.231108], [146.391193, -39.228276], [146.389877, -39.225052], [146.388608, -39.224415], [146.384308, -39.226086], [146.383177, -39.22562], [146.381413, -39.22726], [146.381622, -39.229775], [146.380825, -39.230924], [146.381448, -39.233793]]], [[[148.245584, -40.228204], [148.252113, -40.228476], [148.253016, -40.230268], [148.256132, -40.230982], [148.259806, -40.228798], [148.261518, -40.229266], [148.261917, -40.228559], [148.26183, -40.227686], [148.259527, -40.227044], [148.25934, -40.222731], [148.256977, -40.221973], [148.253831, -40.222205], [148.252325, -40.224023], [148.248691, -40.2239], [148.248396, -40.222552], [148.247196, -40.22252], [148.246275, -40.2248], [148.244487, -40.225414], [148.245446, -40.22644], [148.245584, -40.228204]]], [[[148.208582, -40.255137], [148.21231, -40.256467], [148.214914, -40.255449], [148.214279, -40.252176], [148.212025, -40.248443], [148.210168, -40.247841], [148.207827, -40.248433], [148.206537, -40.247266], [148.204504, -40.249945], [148.202853, -40.249088], [148.201749, -40.249739], [148.201484, -40.252057], [148.202151, -40.25251], [148.201629, -40.252957], [148.203491, -40.255811], [148.205535, -40.256375], [148.205536, -40.258385], [148.208582, -40.255137]]], [[[147.081619, -41.380574], [147.082242, -41.379998], [147.082258, -41.380641], [147.081709, -41.381104], [147.082071, -41.38119], [147.081251, -41.381957], [147.082243, -41.384469], [147.083734, -41.385173], [147.084907, -41.384717], [147.087717, -41.381016], [147.087232, -41.377377], [147.079243, -41.372819], [147.079043, -41.376761], [147.081619, -41.380574]]], [[[147.890594, -40.104805], [147.89118, -40.10208], [147.892242, -40.101675], [147.891364, -40.100889], [147.891536, -40.098798], [147.893182, -40.09728], [147.891611, -40.096437], [147.890738, -40.09429], [147.888219, -40.095391], [147.886514, -40.094623], [147.886518, -40.096341], [147.888128, -40.097427], [147.887653, -40.097954], [147.888609, -40.099235], [147.886028, -40.101083], [147.888433, -40.104642], [147.886842, -40.105924], [147.890594, -40.104805]]], [[[148.362877, -39.946568], [148.361482, -39.947336], [148.359349, -39.950372], [148.358376, -39.94861], [148.354682, -39.946769], [148.351889, -39.950722], [148.356385, -39.952665], [148.35993, -39.951865], [148.361477, -39.953567], [148.36191, -39.950452], [148.363185, -39.949061], [148.362877, -39.946568]]], [[[147.774467, -39.910822], [147.778852, -39.908975], [147.776715, -39.907049], [147.776351, -39.904615], [147.774604, -39.903645], [147.773236, -39.903649], [147.773748, -39.904269], [147.771131, -39.905137], [147.770385, -39.906488], [147.770909, -39.908281], [147.769124, -39.909354], [147.770614, -39.909544], [147.770419, -39.910069], [147.77377, -39.909615], [147.773443, -39.9102], [147.774467, -39.910822]]], [[[147.683161, -39.689294], [147.687291, -39.686583], [147.687461, -39.685585], [147.684443, -39.684772], [147.681337, -39.685953], [147.677394, -39.685727], [147.675574, -39.686486], [147.674153, -39.687796], [147.674268, -39.688598], [147.683161, -39.689294]]], [[[147.372847, -39.446608], [147.373383, -39.448605], [147.375691, -39.446349], [147.38226, -39.447272], [147.381608, -39.445814], [147.382168, -39.444745], [147.381338, -39.443452], [147.378826, -39.442208], [147.376395, -39.442866], [147.375013, -39.442346], [147.374626, -39.444904], [147.372847, -39.446608]]], [[[147.776517, -39.920017], [147.77725, -39.921605], [147.775661, -39.922305], [147.774259, -39.924421], [147.77614, -39.924886], [147.780135, -39.924031], [147.781682, -39.925032], [147.78238, -39.924639], [147.784365, -39.92195], [147.780766, -39.921818], [147.780101, -39.921014], [147.780515, -39.920427], [147.77947, -39.919996], [147.779983, -39.919352], [147.776517, -39.920017]]], [[[147.00356, -39.205835], [147.00357, -39.203796], [147.000206, -39.204891], [146.995862, -39.211576], [146.997246, -39.212106], [146.999561, -39.211125], [147.001735, -39.206611], [147.00356, -39.205835]]], [[[148.363777, -39.961077], [148.365143, -39.958493], [148.364703, -39.957543], [148.362324, -39.956929], [148.361813, -39.955191], [148.359135, -39.957582], [148.359626, -39.960067], [148.361815, -39.961192], [148.363777, -39.961077]]], [[[147.767124, -39.953666], [147.764211, -39.957583], [147.765421, -39.957688], [147.76912, -39.954982], [147.772794, -39.953721], [147.774284, -39.950943], [147.772048, -39.951458], [147.767124, -39.953666]]], [[[147.128671, -39.526266], [147.131172, -39.522957], [147.129339, -39.522336], [147.129196, -39.520036], [147.127366, -39.518329], [147.126327, -39.519448], [147.12705, -39.52025], [147.125805, -39.521255], [147.126586, -39.522412], [147.125415, -39.523681], [147.127411, -39.523855], [147.128671, -39.526266]]], [[[148.307975, -40.302894], [148.30592, -40.30375], [148.307847, -40.306607], [148.31167, -40.306807], [148.314369, -40.306042], [148.309683, -40.303836], [148.308958, -40.302629], [148.308975, -40.303387], [148.307975, -40.302894]]], [[[148.049389, -40.342715], [148.051698, -40.343103], [148.054498, -40.340976], [148.053939, -40.339805], [148.051346, -40.338979], [148.050208, -40.339263], [148.048604, -40.341459], [148.049531, -40.341432], [148.049389, -40.342715]]], [[[147.843186, -40.026329], [147.844157, -40.027664], [147.843853, -40.028857], [147.845579, -40.029784], [147.847997, -40.029279], [147.847682, -40.025785], [147.846666, -40.025622], [147.846473, -40.026353], [147.844406, -40.025366], [147.843186, -40.026329]]], [[[148.110778, -40.291284], [148.110272, -40.293249], [148.111196, -40.293744], [148.113575, -40.293212], [148.117332, -40.28994], [148.115216, -40.289437], [148.112392, -40.291276], [148.110778, -40.291284]]], [[[148.073355, -40.493194], [148.071963, -40.494008], [148.072486, -40.496011], [148.074057, -40.496398], [148.074222, -40.495361], [148.07537, -40.495048], [148.075353, -40.495882], [148.076532, -40.495395], [148.075727, -40.495082], [148.076361, -40.494129], [148.07474, -40.491514], [148.0729, -40.490943], [148.073877, -40.491953], [148.07295, -40.4922], [148.073134, -40.492666], [148.073355, -40.493194]]], [[[148.080854, -40.726514], [148.082293, -40.726313], [148.08237, -40.723989], [148.083489, -40.723218], [148.082469, -40.72197], [148.0803, -40.722138], [148.07892, -40.725146], [148.080854, -40.726514]]], [[[147.941999, -40.130862], [147.943191, -40.131561], [147.945525, -40.130203], [147.946093, -40.128641], [147.945843, -40.127927], [147.942291, -40.127753], [147.941387, -40.12889], [147.941999, -40.130862]]], [[[147.723571, -40.132535], [147.724838, -40.13221], [147.727219, -40.128868], [147.722827, -40.129236], [147.721798, -40.130411], [147.72195, -40.131434], [147.723571, -40.132535]]], [[[148.321462, -40.299974], [148.324048, -40.297931], [148.322405, -40.29679], [148.319494, -40.298712], [148.319099, -40.300093], [148.321462, -40.299974]]], [[[147.766678, -39.839241], [147.768949, -39.84061], [147.769573, -39.839535], [147.770568, -39.839773], [147.771475, -39.837836], [147.769068, -39.837216], [147.767894, -39.838341], [147.766678, -39.839241]]], [[[148.496425, -40.432731], [148.495264, -40.433671], [148.496143, -40.43576], [148.497908, -40.436542], [148.498674, -40.435783], [148.497879, -40.433075], [148.496425, -40.432731]]], [[[147.976042, -40.722376], [147.972991, -40.721351], [147.971756, -40.722128], [147.971871, -40.723363], [147.97377, -40.724748], [147.974804, -40.722864], [147.976042, -40.722376]]], [[[147.894468, -40.379118], [147.894704, -40.379793], [147.898872, -40.379241], [147.898593, -40.378044], [147.896591, -40.377091], [147.896366, -40.378521], [147.895376, -40.378533], [147.894468, -40.379118]]], [[[148.027858, -40.436867], [148.028755, -40.434259], [148.028189, -40.433021], [148.026585, -40.43444], [148.026385, -40.436968], [148.027858, -40.436867]]], [[[147.891412, -40.137873], [147.892901, -40.138645], [147.895089, -40.138105], [147.89453, -40.136605], [147.893432, -40.136181], [147.892385, -40.136874], [147.892665, -40.137656], [147.891412, -40.137873]]], [[[148.071129, -40.287922], [148.071289, -40.286829], [148.068313, -40.287284], [148.067222, -40.288112], [148.06741, -40.288884], [148.071129, -40.287922]]], [[[147.776826, -39.943537], [147.777289, -39.943042], [147.77617, -39.941303], [147.774257, -39.941783], [147.773958, -39.942707], [147.776826, -39.943537]]], [[[148.111518, -40.549879], [148.111475, -40.548664], [148.109206, -40.547569], [148.10994, -40.548622], [148.109277, -40.549461], [148.108731, -40.549151], [148.108751, -40.550236], [148.10963, -40.549749], [148.110467, -40.550454], [148.111518, -40.549879]]], [[[147.759946, -40.855275], [147.759043, -40.857344], [147.762482, -40.856368], [147.761351, -40.855182], [147.759946, -40.855275]]], [[[147.914898, -40.124482], [147.916235, -40.1253], [147.916308, -40.122885], [147.914681, -40.122312], [147.914898, -40.124482]]], [[[147.783754, -40.296097], [147.786217, -40.295698], [147.783703, -40.294272], [147.782823, -40.294923], [147.783754, -40.296097]]], [[[148.28073, -40.25583], [148.281524, -40.257398], [148.284059, -40.255883], [148.281835, -40.255817], [148.281462, -40.255362], [148.28073, -40.25583]]], [[[147.968935, -40.723992], [147.97011, -40.725022], [147.97234, -40.724942], [147.971229, -40.723873], [147.969648, -40.723713], [147.968935, -40.723992]]], [[[147.825882, -39.821229], [147.823968, -39.821371], [147.824894, -39.822907], [147.82603, -39.823154], [147.826063, -39.822246], [147.825882, -39.821229]]], [[[147.914801, -40.299857], [147.91558, -40.300802], [147.918155, -40.30109], [147.916985, -40.299911], [147.915404, -40.299679], [147.914801, -40.299857]]], [[[147.773374, -39.938386], [147.775294, -39.938817], [147.774186, -39.937139], [147.772284, -39.937486], [147.773374, -39.938386]]], [[[147.940012, -40.770962], [147.940931, -40.77101], [147.940866, -40.769866], [147.937715, -40.769562], [147.940012, -40.770962]]], [[[147.627444, -40.823941], [147.629213, -40.823439], [147.627343, -40.822376], [147.626316, -40.822601], [147.626807, -40.823125], [147.627444, -40.823941]]], [[[148.019388, -40.485709], [148.020645, -40.48508], [148.018996, -40.483255], [148.018744, -40.48429], [148.019388, -40.485709]]], [[[147.075933, -41.385892], [147.077125, -41.386619], [147.077113, -41.385035], [147.075904, -41.384131], [147.075933, -41.385892]]], [[[147.910045, -40.268745], [147.911359, -40.267525], [147.90975, -40.267335], [147.908973, -40.268672], [147.910045, -40.268745]]], [[[147.766248, -40.868955], [147.7681, -40.870136], [147.766409, -40.868645], [147.759835, -40.865398], [147.766248, -40.868955]]], [[[147.923184, -40.336122], [147.923069, -40.334831], [147.922366, -40.334572], [147.922455, -40.3351], [147.922175, -40.336654], [147.923184, -40.336122]]], [[[147.779324, -40.87877], [147.782581, -40.879571], [147.777834, -40.87785], [147.777362, -40.877855], [147.779324, -40.87877]]], [[[147.772781, -39.925972], [147.773488, -39.925415], [147.770871, -39.924956], [147.771091, -39.925311], [147.772781, -39.925972]]], [[[148.286737, -40.079826], [148.285157, -40.078546], [148.285667, -40.080126], [148.286167, -40.080316], [148.286737, -40.079826]]], [[[147.074918, -41.379992], [147.074349, -41.381611], [147.074954, -41.383139], [147.075042, -41.382926], [147.074939, -41.380942], [147.074918, -41.379992]]], [[[148.242081, -40.561388], [148.241755, -40.562385], [148.243747, -40.562234], [148.243099, -40.561824], [148.242081, -40.561388]]], [[[147.995025, -39.672325], [147.99628, -39.672207], [147.995642, -39.671552], [147.99425, -39.671461], [147.995025, -39.672325]]], [[[147.952629, -40.74338], [147.953703, -40.743631], [147.953307, -40.742635], [147.952033, -40.742519], [147.952629, -40.74338]]], [[[148.062491, -40.290801], [148.060858, -40.291965], [148.061431, -40.292031], [148.063547, -40.290719], [148.062491, -40.290801]]], [[[147.934501, -40.760459], [147.935867, -40.761648], [147.935819, -40.760482], [147.935048, -40.760144], [147.934501, -40.760459]]], [[[148.209973, -40.317938], [148.209347, -40.316933], [148.20826, -40.317446], [148.208875, -40.317928], [148.209973, -40.317938]]], [[[147.088691, -41.380353], [147.087961, -41.383066], [147.088446, -41.382752], [147.088922, -41.381508], [147.088691, -41.380353]]], [[[147.957593, -40.735388], [147.958423, -40.736251], [147.958371, -40.734472], [147.95782, -40.734677], [147.957593, -40.735388]]], [[[148.246637, -40.56224], [148.247077, -40.561438], [148.245465, -40.561677], [148.245725, -40.562221], [148.246637, -40.56224]]], [[[148.26678, -40.223343], [148.267721, -40.222775], [148.266361, -40.222303], [148.266271, -40.223151], [148.26678, -40.223343]]], [[[148.20451, -40.311356], [148.205449, -40.311997], [148.20575, -40.310931], [148.204609, -40.310959], [148.20451, -40.311356]]], [[[147.961001, -40.74507], [147.961461, -40.744268], [147.960885, -40.743908], [147.960049, -40.744265], [147.961001, -40.74507]]], [[[147.949572, -40.741819], [147.950779, -40.743113], [147.950978, -40.742538], [147.950374, -40.741815], [147.949572, -40.741819]]], [[[147.729085, -40.128873], [147.729727, -40.129409], [147.730424, -40.12859], [147.729952, -40.128249], [147.729085, -40.128873]]], [[[148.130757, -40.571733], [148.13037, -40.571005], [148.129473, -40.570908], [148.129412, -40.571532], [148.130757, -40.571733]]], [[[147.852633, -39.766556], [147.850746, -39.765641], [147.850694, -39.7664], [147.851047, -39.765936], [147.851656, -39.766764], [147.852633, -39.766556]]], [[[147.849211, -39.764827], [147.849266, -39.764224], [147.848114, -39.763519], [147.848679, -39.763921], [147.84813, -39.764577], [147.849211, -39.764827]]], [[[147.548407, -40.891854], [147.549732, -40.892371], [147.549539, -40.89171], [147.54891, -40.891466], [147.548407, -40.891854]]], [[[148.24501, -39.951395], [148.245219, -39.952522], [148.245607, -39.951771], [148.245455, -39.950784], [148.24501, -39.951395]]], [[[147.935042, -40.769515], [147.934998, -40.769654], [147.936874, -40.769718], [147.936064, -40.769168], [147.935042, -40.769515]]], [[[146.912608, -41.207867], [146.912714, -41.208904], [146.913396, -41.208447], [146.913417, -41.208023], [146.912608, -41.207867]]], [[[148.244109, -40.231031], [148.24455, -40.230765], [148.243061, -40.230285], [148.242736, -40.230478], [148.244109, -40.231031]]], [[[147.57367, -40.893811], [147.573319, -40.894643], [147.574892, -40.89345], [147.573902, -40.893641], [147.57367, -40.893811]]], [[[147.914195, -40.254991], [147.914516, -40.253925], [147.913491, -40.254485], [147.913589, -40.254676], [147.914195, -40.254991]]], [[[147.96648, -40.742797], [147.966852, -40.742351], [147.965823, -40.7422], [147.965723, -40.742677], [147.96648, -40.742797]]], [[[148.241496, -40.229518], [148.242624, -40.230164], [148.242294, -40.229465], [148.241959, -40.229117], [148.241496, -40.229518]]], [[[147.954468, -40.74407], [147.953775, -40.742156], [147.953833, -40.742666], [147.953774, -40.743353], [147.954468, -40.74407]]], [[[146.966111, -41.241493], [146.968082, -41.241111], [146.967488, -41.241021], [146.966697, -41.241153], [146.966111, -41.241493]]], [[[148.118998, -40.568554], [148.119487, -40.568139], [148.118676, -40.567879], [148.118583, -40.568063], [148.118998, -40.568554]]], [[[148.284812, -40.076334], [148.284509, -40.075377], [148.284506, -40.075828], [148.284138, -40.07667], [148.284812, -40.076334]]], [[[147.951285, -40.74319], [147.952225, -40.743219], [147.951569, -40.742703], [147.951412, -40.742952], [147.951285, -40.74319]]], [[[147.964001, -40.741313], [147.964885, -40.74173], [147.964596, -40.741224], [147.964105, -40.741115], [147.964001, -40.741313]]], [[[148.242724, -40.231757], [148.243097, -40.231582], [148.24262, -40.231254], [148.242251, -40.2316], [148.242724, -40.231757]]], [[[147.949473, -40.753213], [147.950108, -40.753258], [147.950092, -40.752896], [147.949646, -40.752829], [147.949473, -40.753213]]], [[[147.542641, -40.897199], [147.542386, -40.897334], [147.542713, -40.897734], [147.543211, -40.897773], [147.542641, -40.897199]]], [[[148.11788, -40.54428], [148.116786, -40.543177], [148.117454, -40.543861], [148.11736, -40.544473], [148.11788, -40.54428]]], [[[147.575113, -40.892546], [147.575339, -40.892152], [147.575094, -40.892115], [147.574691, -40.892578], [147.575113, -40.892546]]], [[[147.95362, -40.741556], [147.953909, -40.741215], [147.953451, -40.741139], [147.953296, -40.7414], [147.95362, -40.741556]]], [[[148.267901, -40.225493], [148.267574, -40.224992], [148.267449, -40.225192], [148.267621, -40.225623], [148.267901, -40.225493]]], [[[148.077294, -40.71546], [148.077091, -40.715071], [148.076912, -40.715153], [148.076788, -40.715501], [148.077294, -40.71546]]], [[[148.267421, -40.221192], [148.267403, -40.220868], [148.267017, -40.220945], [148.266976, -40.221242], [148.267421, -40.221192]]], [[[148.088072, -40.739952], [148.089098, -40.740148], [148.089001, -40.740009], [148.088417, -40.739871], [148.088072, -40.739952]]], [[[148.02902, -40.749418], [148.029074, -40.749727], [148.029564, -40.749652], [148.029302, -40.749431], [148.02902, -40.749418]]], [[[147.789554, -40.879513], [147.789361, -40.879787], [147.790063, -40.879604], [147.789805, -40.879464], [147.789554, -40.879513]]], [[[148.129752, -40.570576], [148.130154, -40.570563], [148.129983, -40.570235], [148.129702, -40.570422], [148.129752, -40.570576]]], [[[147.97332, -40.728949], [147.973264, -40.72911], [147.973687, -40.729227], [147.973659, -40.728908], [147.97332, -40.728949]]], [[[147.96441, -40.743943], [147.964646, -40.743963], [147.964328, -40.743552], [147.964138, -40.743646], [147.96441, -40.743943]]], [[[148.276458, -40.087707], [148.277124, -40.08749], [148.276418, -40.087571], [148.276055, -40.087283], [148.276458, -40.087707]]], [[[147.963155, -40.743622], [147.963456, -40.743402], [147.963379, -40.743303], [147.963083, -40.743323], [147.963155, -40.743622]]], [[[147.972896, -40.730152], [147.973231, -40.730264], [147.97327, -40.730042], [147.973035, -40.729963], [147.972896, -40.730152]]], [[[147.935677, -40.763421], [147.935941, -40.763348], [147.935637, -40.763169], [147.935403, -40.763286], [147.935677, -40.763421]]], [[[148.285558, -40.073724], [148.285647, -40.073664], [148.28535, -40.073558], [148.285331, -40.073737], [148.285558, -40.073724]]]]}}, {"type": "Feature", "properties": {"index": "BRDN", "division": "Braddon", "state": "Tasmania", "year": "1992", "proclaimed": "19920401", "quota": "0", "electors": "0", "deviation": ""}, "geometry": {"type": "MultiPolygon", "coordinates": [[[[146.367102, -41.216], [146.36476, -41.217469], [146.362767, -41.21576], [146.365224, -41.21567], [146.365913, -41.213037], [146.366176, -41.214679], [146.367069, -41.21309], [146.365734, -41.210174], [146.364151, -41.210103], [146.363874, -41.209634], [146.364856, -41.209242], [146.364183, -41.208433], [146.36235, -41.20897], [146.362057, -41.211239], [146.359065, -41.209432], [146.356975, -41.210729], [146.351518, -41.211783], [146.351498, -41.214347], [146.350089, -41.214246], [146.350127, -41.215244], [146.347735, -41.217352], [146.350374, -41.212741], [146.349257, -41.212068], [146.34835, -41.2125], [146.346785, -41.210979], [146.349396, -41.211744], [146.350022, -41.209205], [146.352608, -41.209915], [146.354784, -41.208738], [146.354951, -41.207967], [146.353743, -41.207427], [146.35619, -41.203896], [146.355693, -41.201357], [146.354796, -41.200543], [146.351027, -41.204161], [146.348483, -41.203811], [146.351983, -41.202686], [146.352673, -41.200491], [146.355075, -41.200444], [146.357187, -41.20117], [146.356953, -41.200342], [146.359431, -41.201148], [146.361456, -41.199408], [146.360731, -41.199027], [146.362629, -41.196986], [146.365033, -41.195798], [146.36683, -41.192633], [146.366304, -41.189821], [146.363386, -41.187624], [146.362564, -41.184299], [146.363631, -41.179515], [146.362145, -41.175757], [146.364722, -41.17158], [146.364263, -41.16944], [146.365286, -41.1668], [146.366804, -41.165248], [146.365218, -41.165873], [146.359045, -41.16446], [146.356027, -41.161821], [146.358061, -41.159683], [146.35686, -41.158478], [146.353478, -41.158392], [146.353066, -41.16039], [146.351228, -41.162018], [146.344781, -41.160767], [146.343703, -41.162279], [146.340848, -41.162526], [146.33651, -41.16028], [146.335492, -41.161664], [146.331541, -41.163776], [146.331175, -41.164517], [146.332, -41.164154], [146.332397, -41.165381], [146.331082, -41.168236], [146.327413, -41.169477], [146.327251, -41.170238], [146.326095, -41.169839], [146.322345, -41.173697], [146.32488, -41.17656], [146.324601, -41.177371], [146.321343, -41.178654], [146.321783, -41.17777], [146.319029, -41.177852], [146.317905, -41.180764], [146.316034, -41.182843], [146.315895, -41.182312], [146.316024, -41.181877], [146.317024, -41.180985], [146.317748, -41.180654], [146.31852, -41.178981], [146.317887, -41.178285], [146.319098, -41.177541], [146.322751, -41.176855], [146.322132, -41.175578], [146.322643, -41.175267], [146.321973, -41.174797], [146.321879, -41.17531], [146.320479, -41.173571], [146.32092, -41.172507], [146.329653, -41.167173], [146.329327, -41.166484], [146.330823, -41.163656], [146.3296, -41.161493], [146.332413, -41.160153], [146.333682, -41.160476], [146.332023, -41.15896], [146.33269, -41.156626], [146.331938, -41.157658], [146.328899, -41.155712], [146.325191, -41.155279], [146.323329, -41.154069], [146.321034, -41.15548], [146.316408, -41.156607], [146.31357, -41.1552], [146.312729, -41.156281], [146.311255, -41.156155], [146.311634, -41.157123], [146.310722, -41.157774], [146.308855, -41.15738], [146.307026, -41.158799], [146.303294, -41.159703], [146.28731, -41.160682], [146.274944, -41.158577], [146.269136, -41.154657], [146.255419, -41.15182], [146.251244, -41.156828], [146.251919, -41.162556], [146.252981, -41.163923], [146.251823, -41.167695], [146.254069, -41.17055], [146.255442, -41.175933], [146.254958, -41.178186], [146.252934, -41.181492], [146.253059, -41.180491], [146.254689, -41.178006], [146.254033, -41.177633], [146.255058, -41.176653], [146.254331, -41.175573], [146.252834, -41.177555], [146.254336, -41.174778], [146.254101, -41.173443], [146.253765, -41.174547], [146.253157, -41.173358], [146.252824, -41.17523], [146.252615, -41.175352], [146.251714, -41.175143], [146.251473, -41.175348], [146.250539, -41.180259], [146.24954, -41.181734], [146.252537, -41.190791], [146.252479, -41.193889], [146.252065, -41.190801], [146.248816, -41.182239], [146.250203, -41.179473], [146.25089, -41.172605], [146.249375, -41.171612], [146.249803, -41.172569], [146.248999, -41.17469], [146.249704, -41.175168], [146.248958, -41.175233], [146.249684, -41.175817], [146.246863, -41.176033], [146.246097, -41.178388], [146.244636, -41.178356], [146.2436, -41.177217], [146.245733, -41.174188], [146.246939, -41.173803], [146.246786, -41.172004], [146.248113, -41.170256], [146.246771, -41.17016], [146.246807, -41.169479], [146.245161, -41.168827], [146.245227, -41.167908], [146.247071, -41.168717], [146.247882, -41.16701], [146.248645, -41.166919], [146.245676, -41.165777], [146.248836, -41.166281], [146.249155, -41.164336], [146.250851, -41.163746], [146.248633, -41.162504], [146.249277, -41.161809], [146.25049, -41.162466], [146.250487, -41.159061], [146.248447, -41.157119], [146.22727, -41.160026], [146.216661, -41.154249], [146.212642, -41.154239], [146.209382, -41.155431], [146.2058, -41.155046], [146.203079, -41.152927], [146.202779, -41.1515], [146.201976, -41.152503], [146.200501, -41.152316], [146.200455, -41.150924], [146.194241, -41.152534], [146.185787, -41.152979], [146.172306, -41.150162], [146.169161, -41.150208], [146.169309, -41.145346], [146.168819, -41.146992], [146.16867, -41.1488], [146.169267, -41.153719], [146.17009, -41.154501], [146.168523, -41.15747], [146.164475, -41.158314], [146.161612, -41.157614], [146.16255, -41.158733], [146.158335, -41.15907], [146.157739, -41.161294], [146.15626, -41.161369], [146.154972, -41.162675], [146.155422, -41.163303], [146.156284, -41.162952], [146.156545, -41.163938], [146.157685, -41.164283], [146.156291, -41.164081], [146.156148, -41.163312], [146.155208, -41.163576], [146.153897, -41.162905], [146.148677, -41.166125], [146.145809, -41.164362], [146.145955, -41.162537], [146.14417, -41.164075], [146.145661, -41.165374], [146.14389, -41.165748], [146.143335, -41.166833], [146.146978, -41.168335], [146.147974, -41.170143], [146.147639, -41.17296], [146.14899, -41.175488], [146.152213, -41.176868], [146.154075, -41.175524], [146.155337, -41.175689], [146.155623, -41.176121], [146.15531, -41.17709], [146.155428, -41.175888], [146.15416, -41.175641], [146.153642, -41.176381], [146.152398, -41.176976], [146.151908, -41.176943], [146.148852, -41.175604], [146.145736, -41.169335], [146.142192, -41.168473], [146.141994, -41.166352], [146.14389, -41.165061], [146.1423, -41.164423], [146.144905, -41.161993], [146.144626, -41.161491], [146.142428, -41.161067], [146.13553, -41.163194], [146.134142, -41.162283], [146.134651, -41.161255], [146.13197, -41.159008], [146.129428, -41.158995], [146.126544, -41.162048], [146.125367, -41.164903], [146.125297, -41.164765], [146.125457, -41.16396], [146.125795, -41.162826], [146.124696, -41.161346], [146.123184, -41.160697], [146.121689, -41.16281], [146.121802, -41.161324], [146.12253, -41.160353], [146.122238, -41.159263], [146.123954, -41.159238], [146.120711, -41.156502], [146.120766, -41.155706], [146.125889, -41.15786], [146.129278, -41.158072], [146.131761, -41.157267], [146.130433, -41.156328], [146.128053, -41.156445], [146.127887, -41.1549], [146.128402, -41.153573], [146.128917, -41.153759], [146.128983, -41.152298], [146.129402, -41.154918], [146.131955, -41.153193], [146.132404, -41.154047], [146.130784, -41.155277], [146.134657, -41.156781], [146.136338, -41.15627], [146.134933, -41.15781], [146.136082, -41.15846], [146.138107, -41.158803], [146.144636, -41.15765], [146.14759, -41.161147], [146.150106, -41.160545], [146.152241, -41.162297], [146.155202, -41.157653], [146.153264, -41.1559], [146.153308, -41.154887], [146.154381, -41.154331], [146.160605, -41.153649], [146.163189, -41.15675], [146.167658, -41.156277], [146.167959, -41.15397], [146.167172, -41.150907], [146.165436, -41.147926], [146.166456, -41.147441], [146.166617, -41.149324], [146.166504, -41.14743], [146.167434, -41.146616], [146.163222, -41.144805], [146.161188, -41.142867], [146.161034, -41.141182], [146.148224, -41.141133], [146.142817, -41.139957], [146.137799, -41.13674], [146.134952, -41.137224], [146.128806, -41.135313], [146.125295, -41.132335], [146.125981, -41.128994], [146.126869, -41.128607], [146.126255, -41.127584], [146.127558, -41.127139], [146.127133, -41.125881], [146.127831, -41.125185], [146.125686, -41.124603], [146.124657, -41.123059], [146.124019, -41.123844], [146.122788, -41.123641], [146.121466, -41.122763], [146.121325, -41.121589], [146.119775, -41.121737], [146.119656, -41.118948], [146.1186, -41.118599], [146.117516, -41.120052], [146.116455, -41.119741], [146.115514, -41.12094], [146.112209, -41.120035], [146.110989, -41.121094], [146.107389, -41.1206], [146.104368, -41.121118], [146.102091, -41.120334], [146.1012, -41.117887], [146.097272, -41.118269], [146.084948, -41.115714], [146.077354, -41.115568], [146.075906, -41.113833], [146.074095, -41.11392], [146.071792, -41.112443], [146.069069, -41.109198], [146.070067, -41.108026], [146.067728, -41.107536], [146.066647, -41.105759], [146.064062, -41.104691], [146.064334, -41.102699], [146.060352, -41.102767], [146.055246, -41.101167], [146.051123, -41.102616], [146.046556, -41.101926], [146.044223, -41.100456], [146.042709, -41.09719], [146.039615, -41.096429], [146.037356, -41.097286], [146.032689, -41.096489], [146.028614, -41.094328], [146.028905, -41.092438], [146.026899, -41.093345], [146.023917, -41.092224], [146.021056, -41.092219], [146.019681, -41.091397], [146.020036, -41.090848], [146.018637, -41.091059], [146.018222, -41.089994], [146.012446, -41.088811], [146.011955, -41.087477], [146.009484, -41.086595], [146.004495, -41.081701], [146.004996, -41.081167], [146.003891, -41.079948], [146.00441, -41.079407], [146.003523, -41.078915], [146.001865, -41.079289], [145.99932, -41.077425], [145.995006, -41.077401], [145.989981, -41.075332], [145.988467, -41.075813], [145.985844, -41.074108], [145.985632, -41.075993], [145.987077, -41.077279], [145.981789, -41.07919], [145.981209, -41.078186], [145.978724, -41.078557], [145.973584, -41.082254], [145.973364, -41.085296], [145.974539, -41.087905], [145.973762, -41.08775], [145.972519, -41.082826], [145.976424, -41.078849], [145.976807, -41.077895], [145.976059, -41.077213], [145.978397, -41.078031], [145.980542, -41.077088], [145.984127, -41.077253], [145.984281, -41.076348], [145.985167, -41.076333], [145.984226, -41.075569], [145.984517, -41.074802], [145.975343, -41.071243], [145.971582, -41.067923], [145.972482, -41.066271], [145.966704, -41.067706], [145.96397, -41.066536], [145.964739, -41.066658], [145.964876, -41.065313], [145.962925, -41.064935], [145.962149, -41.063923], [145.960645, -41.064344], [145.957745, -41.063404], [145.958099, -41.063036], [145.95589, -41.063653], [145.954861, -41.063151], [145.954772, -41.064379], [145.953442, -41.065113], [145.949486, -41.065929], [145.943989, -41.065319], [145.93931, -41.067246], [145.931882, -41.067306], [145.9249, -41.066182], [145.925596, -41.0689], [145.922266, -41.070646], [145.923298, -41.075857], [145.924989, -41.076465], [145.923258, -41.078016], [145.924703, -41.076504], [145.922973, -41.075921], [145.921551, -41.071144], [145.922596, -41.069582], [145.924981, -41.068639], [145.924947, -41.06769], [145.924255, -41.06655], [145.916938, -41.063114], [145.917472, -41.061536], [145.915827, -41.062658], [145.912594, -41.060563], [145.914147, -41.059358], [145.91302, -41.058399], [145.912916, -41.057032], [145.913737, -41.056612], [145.915186, -41.057311], [145.912973, -41.055412], [145.9128, -41.053926], [145.910081, -41.054558], [145.90934, -41.053876], [145.910211, -41.053136], [145.912883, -41.053108], [145.910502, -41.051766], [145.912769, -41.052181], [145.910398, -41.051376], [145.911076, -41.050874], [145.910218, -41.050198], [145.912816, -41.051111], [145.913523, -41.049925], [145.914517, -41.050185], [145.916871, -41.0487], [145.921412, -41.05139], [145.916899, -41.04854], [145.914726, -41.049879], [145.910841, -41.048654], [145.90765, -41.049561], [145.904187, -41.048721], [145.901715, -41.047446], [145.901316, -41.045565], [145.898858, -41.044286], [145.899106, -41.043754], [145.89672, -41.044323], [145.894351, -41.046123], [145.892443, -41.044755], [145.884718, -41.044681], [145.88306, -41.043385], [145.882909, -41.0423], [145.88229, -41.042879], [145.881609, -41.042127], [145.879279, -41.042656], [145.877694, -41.039424], [145.878077, -41.038845], [145.876986, -41.038302], [145.877089, -41.036858], [145.875013, -41.036928], [145.874471, -41.03852], [145.870367, -41.04008], [145.865815, -41.039219], [145.862191, -41.039924], [145.856511, -41.039577], [145.852593, -41.040607], [145.842873, -41.038202], [145.841021, -41.038702], [145.83967, -41.04047], [145.840494, -41.041614], [145.838764, -41.04478], [145.835488, -41.045604], [145.837473, -41.047054], [145.837485, -41.048034], [145.833624, -41.048021], [145.830052, -41.05006], [145.832896, -41.050968], [145.83384, -41.052867], [145.834806, -41.052605], [145.83424, -41.051014], [145.836104, -41.051682], [145.836981, -41.05349], [145.835873, -41.054679], [145.836585, -41.056528], [145.836074, -41.056969], [145.835973, -41.056925], [145.836462, -41.05663], [145.835804, -41.055738], [145.835792, -41.054301], [145.836077, -41.053794], [145.836867, -41.0535], [145.835937, -41.051714], [145.834348, -41.051146], [145.834898, -41.052598], [145.834542, -41.052952], [145.833873, -41.052975], [145.833474, -41.052785], [145.833133, -41.052345], [145.832782, -41.051063], [145.830459, -41.050692], [145.829824, -41.050013], [145.831269, -41.048709], [145.834252, -41.04752], [145.837132, -41.047769], [145.836815, -41.046823], [145.835342, -41.046657], [145.834796, -41.045784], [145.838212, -41.044018], [145.839134, -41.041354], [145.838611, -41.0405], [145.839466, -41.039733], [145.838866, -41.038859], [145.832583, -41.036506], [145.827539, -41.036082], [145.825645, -41.035039], [145.825227, -41.033904], [145.818685, -41.033613], [145.81565, -41.031767], [145.807102, -41.029549], [145.806563, -41.026623], [145.800869, -41.026184], [145.797174, -41.022519], [145.792065, -41.019713], [145.79026, -41.017589], [145.785116, -41.01577], [145.784616, -41.014083], [145.785895, -41.012293], [145.783629, -41.012598], [145.781573, -41.011087], [145.78171, -41.008851], [145.780659, -41.007674], [145.780793, -41.006402], [145.778765, -41.00532], [145.777341, -41.005488], [145.776686, -41.004222], [145.773725, -41.002731], [145.769136, -40.998388], [145.768533, -40.996881], [145.765106, -40.99767], [145.761161, -40.996993], [145.757617, -40.993643], [145.753492, -40.992348], [145.752464, -40.992784], [145.748583, -40.990866], [145.743729, -40.990413], [145.738687, -40.987414], [145.735921, -40.988086], [145.731045, -40.987782], [145.729994, -40.987003], [145.729562, -40.985205], [145.725927, -40.983341], [145.723623, -40.980685], [145.720477, -40.980415], [145.720969, -40.979287], [145.716775, -40.980625], [145.71625, -40.981635], [145.708638, -40.981484], [145.709054, -40.982694], [145.708369, -40.982135], [145.708417, -40.981342], [145.706198, -40.980269], [145.705621, -40.978701], [145.703265, -40.97696], [145.702157, -40.974583], [145.702619, -40.973132], [145.700044, -40.974487], [145.696461, -40.974734], [145.696891, -40.97438], [145.69992, -40.974306], [145.70196, -40.972904], [145.702953, -40.973052], [145.702465, -40.974531], [145.704156, -40.977575], [145.706015, -40.978468], [145.706613, -40.980141], [145.708619, -40.980913], [145.715013, -40.98082], [145.720964, -40.978545], [145.721842, -40.979569], [145.724743, -40.980069], [145.725825, -40.981442], [145.73026, -40.983405], [145.732096, -40.986423], [145.736666, -40.986883], [145.737875, -40.985942], [145.741271, -40.985375], [145.741164, -40.985206], [145.739351, -40.985476], [145.734003, -40.982714], [145.732898, -40.981015], [145.730817, -40.980069], [145.729333, -40.977651], [145.729477, -40.974981], [145.724572, -40.968982], [145.724482, -40.966714], [145.726367, -40.96193], [145.72819, -40.959734], [145.733111, -40.95628], [145.733368, -40.951741], [145.732576, -40.947983], [145.72934, -40.944952], [145.725385, -40.943485], [145.722543, -40.94347], [145.714359, -40.946311], [145.713534, -40.944975], [145.709843, -40.943189], [145.703203, -40.942428], [145.701568, -40.941192], [145.700427, -40.94157], [145.694996, -40.940157], [145.690075, -40.941203], [145.680104, -40.938121], [145.676564, -40.939989], [145.670856, -40.938942], [145.670739, -40.939463], [145.665407, -40.939229], [145.662499, -40.938319], [145.660591, -40.939856], [145.653703, -40.940308], [145.649275, -40.938936], [145.647911, -40.937304], [145.644572, -40.936004], [145.641535, -40.936274], [145.638183, -40.935023], [145.63592, -40.933088], [145.634094, -40.933142], [145.633407, -40.933959], [145.632636, -40.933815], [145.63285, -40.933259], [145.632206, -40.933854], [145.626219, -40.933669], [145.6218, -40.932104], [145.619232, -40.930234], [145.618051, -40.928169], [145.618167, -40.926882], [145.620752, -40.92578], [145.619738, -40.9253], [145.617707, -40.925969], [145.616962, -40.92736], [145.613379, -40.925028], [145.609844, -40.927069], [145.607132, -40.926055], [145.607311, -40.924871], [145.602448, -40.926089], [145.596803, -40.924565], [145.596422, -40.923574], [145.595208, -40.923991], [145.595351, -40.923398], [145.593549, -40.922859], [145.593791, -40.922072], [145.592527, -40.922084], [145.593388, -40.9211], [145.592416, -40.921463], [145.591892, -40.920407], [145.589953, -40.920121], [145.590428, -40.919087], [145.587696, -40.918419], [145.588248, -40.917812], [145.587633, -40.916552], [145.589028, -40.916111], [145.584382, -40.915533], [145.583882, -40.913801], [145.5817, -40.914585], [145.57954, -40.913656], [145.573699, -40.915318], [145.562835, -40.915951], [145.560472, -40.916817], [145.560079, -40.915575], [145.550984, -40.912067], [145.546148, -40.909124], [145.544994, -40.906399], [145.548016, -40.904584], [145.548397, -40.903393], [145.539795, -40.900878], [145.535147, -40.894572], [145.535474, -40.892843], [145.537228, -40.892419], [145.537742, -40.891482], [145.536079, -40.891235], [145.534706, -40.892395], [145.531458, -40.893099], [145.526294, -40.890547], [145.526387, -40.889266], [145.525279, -40.88946], [145.522323, -40.887648], [145.519284, -40.882815], [145.521613, -40.88183], [145.52086, -40.880902], [145.523312, -40.88014], [145.519566, -40.880146], [145.518461, -40.878668], [145.519601, -40.877548], [145.522728, -40.876993], [145.521061, -40.874502], [145.518557, -40.872776], [145.519437, -40.871902], [145.521417, -40.871787], [145.51678, -40.87196], [145.517093, -40.871123], [145.51577, -40.870987], [145.51656, -40.870302], [145.514021, -40.869114], [145.513614, -40.868566], [145.514322, -40.868105], [145.5124, -40.867145], [145.513028, -40.866325], [145.510119, -40.864714], [145.5098, -40.862918], [145.510599, -40.861538], [145.513296, -40.861143], [145.512647, -40.860415], [145.513828, -40.859956], [145.512803, -40.858938], [145.517153, -40.858279], [145.512971, -40.85742], [145.513518, -40.856446], [145.511741, -40.856704], [145.512136, -40.856141], [145.511297, -40.855102], [145.510336, -40.854986], [145.511491, -40.854565], [145.511598, -40.853572], [145.508636, -40.85368], [145.509041, -40.852736], [145.505729, -40.852262], [145.50545, -40.851496], [145.502628, -40.851704], [145.502322, -40.853355], [145.500946, -40.853432], [145.50142, -40.855095], [145.50048, -40.855306], [145.502186, -40.856751], [145.501087, -40.858086], [145.499964, -40.858033], [145.499722, -40.859292], [145.498009, -40.860167], [145.495722, -40.859848], [145.494876, -40.861364], [145.493659, -40.861457], [145.492682, -40.863244], [145.490632, -40.864018], [145.488768, -40.86646], [145.484267, -40.867552], [145.482789, -40.867069], [145.481613, -40.868816], [145.469787, -40.870643], [145.453733, -40.871212], [145.44725, -40.874037], [145.448492, -40.875793], [145.446341, -40.878011], [145.447686, -40.880567], [145.445995, -40.882016], [145.449482, -40.884601], [145.447862, -40.885337], [145.44855, -40.886172], [145.448017, -40.887259], [145.4457, -40.888626], [145.442221, -40.889143], [145.437923, -40.888657], [145.434788, -40.891123], [145.433208, -40.890861], [145.433005, -40.892971], [145.435009, -40.892986], [145.43537, -40.894268], [145.434835, -40.893018], [145.433018, -40.893179], [145.432444, -40.892534], [145.432377, -40.892164], [145.433183, -40.890691], [145.434598, -40.890991], [145.43502, -40.890648], [145.435324, -40.890051], [145.43622, -40.889172], [145.437378, -40.888419], [145.442943, -40.887716], [145.446687, -40.886104], [145.44694, -40.883972], [145.445142, -40.881926], [145.446419, -40.880901], [145.445913, -40.877506], [145.44339, -40.876945], [145.443866, -40.875811], [145.443019, -40.874669], [145.443512, -40.873538], [145.445133, -40.875881], [145.446211, -40.875504], [145.444549, -40.872977], [145.444844, -40.871819], [145.446049, -40.87123], [145.427828, -40.867513], [145.420077, -40.864212], [145.41956, -40.861697], [145.41528, -40.861752], [145.414871, -40.860604], [145.413389, -40.861036], [145.411921, -40.859421], [145.412423, -40.858599], [145.411597, -40.858312], [145.411722, -40.85762], [145.410424, -40.858124], [145.408797, -40.856961], [145.409158, -40.856125], [145.406694, -40.85576], [145.404113, -40.856577], [145.403377, -40.85574], [145.403784, -40.854994], [145.402722, -40.855543], [145.401339, -40.8549], [145.398997, -40.85625], [145.398415, -40.857919], [145.399024, -40.859106], [145.395593, -40.859702], [145.395375, -40.863249], [145.394781, -40.859556], [145.39822, -40.858781], [145.398279, -40.857523], [145.391741, -40.855461], [145.389539, -40.853565], [145.389098, -40.851096], [145.391503, -40.849932], [145.392211, -40.850496], [145.391893, -40.849714], [145.384837, -40.850844], [145.382688, -40.849649], [145.379054, -40.851198], [145.378274, -40.850701], [145.374554, -40.851507], [145.37252, -40.849777], [145.371181, -40.851322], [145.367106, -40.85208], [145.365378, -40.851107], [145.357728, -40.852269], [145.352705, -40.850625], [145.349918, -40.851398], [145.343865, -40.851039], [145.340451, -40.8503], [145.328005, -40.844791], [145.318689, -40.83844], [145.315594, -40.837688], [145.313686, -40.840258], [145.315426, -40.845616], [145.317078, -40.848139], [145.321458, -40.849701], [145.316965, -40.848482], [145.312802, -40.845531], [145.311861, -40.845937], [145.313065, -40.843134], [145.311445, -40.842656], [145.30944, -40.843072], [145.311182, -40.846159], [145.3099, -40.846868], [145.304855, -40.847669], [145.300097, -40.847075], [145.298976, -40.847861], [145.299304, -40.849191], [145.298099, -40.849516], [145.294626, -40.848176], [145.2916, -40.848517], [145.289488, -40.850854], [145.287636, -40.850941], [145.291631, -40.848337], [145.294593, -40.847852], [145.298162, -40.848413], [145.299111, -40.846543], [145.307902, -40.846422], [145.308201, -40.840888], [145.313059, -40.836992], [145.312878, -40.835213], [145.297795, -40.81687], [145.28607, -40.797547], [145.282228, -40.794266], [145.28008, -40.793723], [145.287534, -40.802727], [145.289918, -40.81279], [145.292073, -40.817082], [145.291489, -40.822185], [145.293424, -40.824097], [145.293602, -40.826904], [145.292565, -40.826231], [145.292485, -40.825296], [145.291532, -40.825667], [145.288063, -40.824452], [145.284453, -40.82686], [145.284127, -40.828619], [145.285386, -40.829647], [145.284895, -40.830867], [145.280752, -40.829918], [145.279132, -40.827748], [145.280705, -40.823689], [145.284774, -40.820553], [145.282615, -40.820478], [145.283898, -40.818846], [145.282632, -40.818775], [145.282581, -40.817664], [145.277173, -40.816391], [145.275205, -40.816731], [145.273118, -40.813374], [145.269072, -40.811055], [145.268562, -40.806419], [145.267072, -40.804004], [145.266253, -40.800325], [145.266597, -40.799448], [145.267589, -40.799633], [145.266141, -40.79791], [145.267269, -40.796205], [145.268381, -40.799027], [145.270104, -40.799513], [145.271209, -40.801069], [145.270858, -40.796424], [145.271913, -40.796689], [145.273282, -40.789446], [145.277752, -40.784187], [145.28436, -40.772129], [145.288926, -40.766309], [145.293785, -40.763798], [145.296453, -40.764345], [145.297605, -40.765825], [145.296932, -40.767244], [145.297342, -40.766713], [145.297672, -40.767424], [145.300176, -40.767405], [145.301211, -40.768672], [145.301249, -40.767919], [145.303037, -40.767729], [145.301673, -40.768756], [145.304573, -40.768037], [145.305448, -40.767381], [145.305797, -40.769165], [145.306043, -40.767258], [145.308672, -40.764172], [145.305633, -40.760673], [145.297489, -40.758596], [145.294779, -40.754827], [145.293982, -40.750822], [145.296495, -40.749887], [145.299444, -40.7437], [145.296713, -40.742619], [145.297216, -40.740959], [145.295972, -40.73866], [145.294651, -40.739159], [145.292097, -40.737597], [145.291494, -40.735853], [145.290207, -40.735862], [145.289352, -40.737011], [145.283862, -40.737562], [145.281504, -40.738545], [145.275913, -40.735562], [145.269001, -40.727983], [145.268752, -40.72102], [145.264908, -40.719322], [145.260449, -40.712348], [145.256805, -40.714528], [145.25498, -40.714253], [145.252619, -40.715537], [145.253722, -40.717977], [145.251254, -40.722279], [145.252519, -40.722737], [145.253542, -40.725834], [145.250876, -40.729975], [145.255613, -40.731042], [145.25752, -40.732496], [145.261054, -40.740944], [145.260461, -40.74254], [145.260921, -40.745489], [145.267642, -40.746213], [145.268471, -40.746962], [145.269366, -40.750316], [145.268685, -40.754701], [145.269441, -40.758245], [145.263926, -40.775863], [145.26431, -40.784563], [145.266378, -40.786148], [145.26687, -40.789373], [145.265285, -40.792034], [145.261423, -40.795705], [145.259203, -40.799753], [145.258989, -40.80576], [145.254165, -40.806562], [145.249834, -40.809965], [145.241386, -40.8137], [145.23372, -40.812646], [145.232722, -40.813246], [145.229491, -40.812598], [145.225086, -40.81291], [145.220549, -40.810875], [145.218705, -40.81158], [145.21851, -40.809976], [145.216107, -40.810913], [145.217313, -40.809834], [145.219402, -40.809718], [145.219146, -40.809018], [145.232752, -40.805501], [145.241827, -40.801644], [145.243938, -40.800416], [145.252832, -40.791231], [145.25517, -40.790487], [145.259978, -40.791153], [145.25692, -40.78985], [145.253275, -40.789667], [145.248004, -40.790641], [145.233664, -40.796415], [145.217146, -40.801094], [145.201888, -40.803264], [145.187798, -40.804082], [145.15226, -40.802895], [145.139223, -40.800767], [145.119669, -40.794954], [145.110431, -40.794288], [145.109558, -40.794889], [145.109464, -40.796165], [145.112783, -40.801398], [145.116184, -40.799869], [145.119078, -40.799682], [145.13384, -40.802853], [145.138477, -40.804996], [145.140959, -40.811134], [145.142352, -40.808867], [145.145421, -40.808349], [145.152434, -40.809978], [145.15552, -40.811256], [145.160672, -40.814963], [145.160874, -40.818042], [145.161873, -40.818705], [145.163231, -40.817726], [145.162939, -40.818296], [145.164566, -40.818759], [145.164555, -40.820031], [145.16559, -40.82078], [145.166405, -40.819986], [145.165522, -40.819539], [145.165552, -40.819304], [145.166557, -40.818855], [145.167158, -40.818999], [145.165735, -40.819255], [145.165649, -40.819449], [145.166186, -40.819597], [145.166581, -40.820175], [145.165794, -40.820902], [145.164029, -40.821427], [145.164501, -40.822885], [145.163829, -40.822034], [145.161872, -40.823065], [145.163916, -40.825391], [145.164685, -40.8246], [145.164559, -40.825311], [145.164147, -40.825593], [145.163548, -40.825292], [145.162724, -40.824089], [145.160839, -40.823606], [145.161568, -40.823136], [145.16108, -40.821933], [145.157298, -40.820876], [145.156627, -40.819868], [145.155613, -40.82084], [145.1555, -40.822357], [145.154826, -40.819271], [145.153423, -40.820014], [145.148497, -40.817884], [145.142638, -40.820282], [145.1403, -40.819634], [145.139631, -40.820557], [145.137481, -40.819471], [145.133718, -40.819062], [145.133434, -40.82004], [145.131606, -40.819294], [145.132072, -40.823397], [145.13318, -40.825362], [145.12812, -40.82988], [145.127693, -40.831572], [145.12738, -40.83084], [145.1255, -40.832004], [145.126077, -40.833225], [145.123445, -40.834845], [145.121968, -40.837074], [145.12231, -40.838659], [145.119694, -40.841042], [145.11511, -40.841742], [145.113287, -40.840751], [145.109432, -40.843298], [145.106107, -40.842371], [145.103806, -40.843502], [145.100664, -40.843836], [145.098265, -40.843324], [145.09729, -40.84475], [145.096245, -40.845078], [145.095607, -40.843485], [145.092932, -40.84519], [145.092454, -40.843705], [145.090749, -40.843605], [145.088149, -40.845525], [145.090108, -40.845789], [145.091374, -40.847701], [145.089926, -40.845882], [145.087889, -40.845612], [145.090436, -40.843517], [145.092635, -40.843477], [145.09305, -40.844924], [145.09497, -40.843313], [145.095679, -40.843295], [145.096575, -40.843809], [145.09653, -40.844873], [145.097992, -40.842883], [145.10041, -40.843563], [145.103769, -40.843034], [145.105658, -40.841426], [145.109062, -40.842923], [145.110551, -40.842185], [145.110216, -40.840688], [145.113735, -40.839744], [145.117858, -40.841023], [145.121671, -40.83861], [145.12047, -40.836624], [145.120484, -40.834891], [145.119148, -40.833613], [145.119493, -40.832519], [145.118378, -40.831328], [145.119849, -40.830854], [145.118606, -40.828989], [145.117184, -40.828529], [145.113482, -40.831679], [145.11152, -40.831661], [145.112181, -40.831226], [145.112939, -40.831226], [145.113572, -40.828219], [145.111076, -40.82802], [145.110738, -40.827384], [145.110322, -40.828675], [145.110503, -40.827337], [145.113221, -40.825962], [145.113787, -40.824517], [145.11299, -40.822502], [145.110828, -40.822332], [145.113169, -40.821903], [145.114121, -40.822689], [145.114779, -40.821925], [145.112886, -40.820882], [145.108542, -40.814422], [145.103701, -40.810997], [145.103785, -40.811793], [145.10187, -40.812212], [145.099972, -40.81221], [145.096736, -40.814464], [145.096022, -40.815609], [145.097209, -40.817053], [145.096686, -40.818204], [145.09806, -40.819852], [145.101629, -40.820882], [145.100426, -40.822111], [145.101112, -40.824422], [145.09985, -40.826691], [145.098534, -40.824931], [145.094682, -40.823288], [145.093654, -40.821598], [145.091911, -40.823437], [145.091496, -40.825155], [145.088534, -40.823321], [145.087212, -40.82466], [145.0857, -40.824405], [145.085868, -40.824283], [145.086992, -40.824433], [145.087186, -40.822409], [145.089813, -40.820634], [145.089591, -40.818849], [145.090839, -40.815718], [145.087734, -40.815589], [145.090387, -40.813729], [145.090359, -40.813041], [145.085325, -40.81252], [145.080576, -40.810728], [145.077273, -40.808352], [145.075515, -40.808604], [145.074679, -40.811566], [145.076012, -40.813372], [145.074905, -40.813763], [145.074681, -40.815441], [145.071314, -40.817451], [145.069987, -40.817943], [145.0684, -40.817448], [145.068493, -40.818307], [145.067871, -40.818257], [145.066901, -40.818913], [145.065547, -40.819299], [145.065285, -40.819235], [145.064818, -40.818918], [145.065572, -40.819199], [145.067618, -40.818259], [145.068383, -40.818212], [145.068236, -40.817397], [145.069743, -40.817517], [145.071206, -40.815643], [145.071136, -40.813633], [145.069643, -40.811125], [145.070136, -40.809455], [145.067996, -40.806266], [145.063644, -40.807555], [145.064885, -40.803355], [145.063898, -40.801846], [145.06234, -40.802167], [145.062499, -40.799605], [145.061212, -40.798496], [145.058526, -40.792898], [145.05199, -40.789914], [145.050933, -40.79057], [145.051459, -40.790108], [145.050427, -40.789796], [145.050663, -40.788996], [145.052841, -40.788427], [145.052654, -40.786872], [145.045655, -40.78464], [145.038842, -40.780598], [145.036385, -40.7828], [145.036091, -40.787361], [145.03041, -40.785457], [145.026678, -40.790306], [145.02759, -40.791368], [145.024643, -40.791433], [145.022622, -40.788223], [145.019262, -40.788316], [145.01876, -40.789466], [145.017544, -40.787875], [145.020013, -40.784557], [145.022004, -40.784201], [145.021701, -40.783119], [145.023467, -40.779757], [145.023561, -40.778019], [145.018296, -40.7801], [145.015635, -40.779288], [145.020855, -40.775575], [145.024186, -40.770578], [145.019102, -40.772368], [145.016847, -40.772371], [145.014476, -40.776129], [145.007589, -40.778464], [145.006841, -40.777164], [145.007961, -40.773084], [145.016244, -40.76657], [145.010179, -40.766719], [145.008187, -40.768502], [145.008841, -40.769871], [145.008032, -40.770892], [145.007872, -40.770046], [145.008511, -40.769845], [145.007229, -40.769425], [145.007081, -40.768516], [145.004995, -40.768149], [145.005616, -40.770724], [145.005091, -40.771901], [145.002874, -40.774144], [145.000608, -40.77509], [145.000324, -40.774065], [145.001247, -40.77411], [145.000769, -40.773276], [145.001431, -40.772264], [145.000969, -40.769204], [144.998187, -40.766781], [144.997256, -40.767115], [144.996811, -40.766143], [145.000175, -40.765056], [145.001751, -40.762191], [144.996906, -40.760339], [144.995262, -40.755355], [144.991219, -40.751239], [144.987904, -40.751347], [144.986121, -40.749919], [144.984113, -40.751065], [144.985665, -40.749823], [144.985701, -40.748876], [144.984144, -40.747612], [144.983531, -40.745335], [144.981058, -40.745339], [144.979604, -40.743453], [144.9775, -40.743067], [144.975299, -40.744549], [144.973968, -40.746693], [144.971996, -40.746399], [144.970816, -40.747794], [144.970283, -40.750247], [144.967383, -40.751841], [144.964076, -40.751857], [144.951762, -40.754943], [144.947048, -40.754055], [144.94627, -40.755311], [144.946523, -40.756824], [144.94283, -40.755302], [144.937351, -40.755435], [144.930951, -40.758956], [144.92797, -40.758715], [144.927973, -40.760683], [144.922959, -40.765379], [144.924632, -40.768913], [144.927476, -40.769021], [144.928731, -40.767341], [144.929947, -40.76794], [144.931396, -40.770956], [144.929022, -40.774231], [144.929121, -40.775419], [144.928539, -40.774765], [144.930927, -40.770794], [144.929387, -40.767899], [144.927342, -40.769343], [144.924128, -40.76924], [144.921467, -40.763993], [144.920088, -40.764455], [144.920366, -40.760509], [144.917665, -40.76232], [144.917752, -40.761813], [144.915803, -40.761897], [144.918841, -40.75908], [144.91822, -40.755488], [144.907807, -40.750791], [144.899661, -40.750279], [144.896174, -40.751017], [144.881322, -40.749565], [144.87801, -40.747805], [144.872574, -40.746782], [144.870818, -40.747191], [144.868316, -40.744641], [144.863265, -40.744038], [144.861473, -40.744537], [144.860909, -40.742804], [144.857258, -40.740436], [144.848902, -40.738766], [144.84024, -40.743479], [144.840002, -40.744477], [144.84263, -40.747103], [144.842317, -40.749023], [144.843506, -40.750088], [144.842251, -40.753336], [144.842955, -40.750186], [144.842112, -40.749802], [144.840473, -40.74658], [144.839459, -40.746519], [144.838556, -40.745136], [144.836212, -40.74648], [144.837897, -40.744821], [144.837606, -40.742327], [144.840144, -40.740362], [144.841833, -40.735334], [144.839552, -40.728153], [144.838887, -40.7214], [144.836544, -40.718704], [144.832949, -40.717588], [144.82789, -40.718002], [144.82146, -40.719702], [144.812316, -40.723984], [144.811347, -40.726735], [144.809875, -40.726262], [144.810597, -40.72731], [144.807396, -40.724064], [144.808575, -40.718959], [144.804672, -40.713687], [144.802274, -40.712032], [144.79012, -40.710211], [144.785517, -40.708478], [144.781118, -40.70968], [144.778436, -40.713336], [144.778648, -40.718285], [144.77999, -40.721608], [144.779258, -40.723106], [144.779798, -40.729181], [144.776083, -40.733811], [144.774809, -40.737145], [144.771677, -40.737792], [144.770561, -40.739246], [144.768489, -40.739472], [144.766882, -40.740741], [144.767084, -40.742801], [144.766016, -40.743627], [144.765265, -40.743012], [144.766713, -40.742962], [144.766524, -40.740737], [144.765741, -40.739836], [144.765436, -40.738459], [144.768691, -40.738329], [144.769424, -40.736255], [144.768415, -40.733015], [144.770497, -40.729005], [144.769402, -40.725123], [144.766974, -40.722459], [144.766199, -40.719655], [144.771719, -40.709213], [144.771754, -40.705922], [144.767846, -40.699703], [144.764366, -40.6979], [144.758096, -40.699507], [144.752826, -40.696208], [144.748382, -40.694505], [144.745377, -40.694228], [144.744304, -40.695072], [144.744937, -40.696224], [144.747177, -40.696549], [144.748157, -40.698012], [144.74349, -40.697525], [144.740688, -40.695957], [144.741228, -40.695103], [144.74067, -40.693173], [144.736348, -40.690121], [144.734675, -40.685024], [144.735282, -40.683736], [144.738129, -40.682246], [144.740369, -40.683506], [144.738922, -40.684994], [144.740911, -40.685497], [144.742077, -40.68723], [144.746126, -40.68946], [144.748461, -40.690205], [144.748798, -40.689576], [144.746266, -40.686261], [144.743579, -40.677146], [144.742088, -40.673726], [144.740568, -40.672344], [144.741626, -40.670968], [144.738946, -40.669363], [144.73706, -40.666524], [144.732658, -40.662789], [144.728141, -40.656078], [144.727894, -40.65255], [144.728523, -40.651979], [144.727109, -40.648806], [144.72844, -40.646083], [144.726448, -40.641559], [144.721801, -40.643426], [144.721449, -40.644948], [144.718814, -40.647315], [144.717387, -40.649913], [144.716345, -40.654199], [144.714373, -40.656262], [144.708495, -40.658757], [144.705524, -40.658663], [144.704137, -40.657283], [144.702799, -40.657302], [144.702536, -40.660528], [144.700607, -40.660065], [144.698872, -40.661359], [144.695995, -40.661983], [144.694991, -40.663206], [144.693465, -40.662797], [144.692398, -40.663434], [144.69317, -40.665013], [144.691584, -40.665451], [144.690069, -40.667311], [144.691604, -40.66918], [144.688721, -40.671536], [144.686168, -40.672078], [144.684745, -40.674735], [144.684675, -40.675662], [144.686748, -40.674613], [144.687862, -40.675824], [144.684804, -40.678838], [144.685817, -40.678663], [144.687024, -40.680005], [144.687937, -40.679691], [144.687839, -40.682061], [144.68633, -40.682024], [144.688733, -40.682726], [144.68966, -40.684363], [144.694362, -40.684437], [144.696696, -40.686494], [144.697721, -40.689591], [144.696295, -40.692538], [144.695197, -40.692995], [144.696877, -40.693315], [144.696802, -40.694402], [144.694395, -40.696168], [144.693186, -40.695893], [144.692793, -40.69703], [144.69011, -40.697898], [144.688887, -40.697393], [144.688727, -40.698317], [144.690055, -40.699458], [144.689307, -40.700643], [144.688465, -40.700632], [144.688353, -40.701706], [144.689887, -40.701686], [144.690206, -40.703101], [144.688815, -40.704385], [144.68573, -40.704031], [144.683813, -40.704897], [144.684087, -40.705783], [144.686489, -40.707042], [144.687785, -40.710178], [144.684036, -40.710738], [144.682493, -40.709733], [144.681219, -40.711099], [144.679489, -40.710703], [144.679158, -40.711556], [144.680319, -40.711671], [144.680593, -40.712645], [144.679743, -40.713315], [144.679298, -40.716332], [144.678362, -40.716944], [144.682471, -40.71923], [144.681807, -40.721392], [144.682858, -40.722114], [144.681115, -40.72382], [144.683277, -40.723737], [144.686309, -40.726079], [144.685105, -40.727486], [144.686039, -40.728783], [144.685303, -40.730742], [144.68602, -40.731189], [144.684953, -40.731955], [144.685421, -40.733894], [144.684225, -40.735262], [144.685748, -40.735885], [144.685916, -40.736693], [144.684988, -40.73939], [144.685535, -40.739911], [144.68453, -40.741482], [144.68598, -40.744245], [144.686606, -40.747722], [144.692045, -40.752237], [144.690965, -40.753533], [144.691908, -40.754346], [144.691266, -40.755082], [144.692783, -40.755171], [144.698073, -40.750536], [144.700149, -40.750307], [144.70489, -40.751481], [144.708624, -40.754869], [144.708619, -40.757649], [144.7102, -40.761442], [144.709861, -40.766315], [144.709017, -40.767918], [144.70957, -40.771647], [144.706405, -40.777466], [144.701873, -40.780323], [144.700087, -40.780471], [144.700419, -40.781056], [144.69945, -40.780619], [144.699592, -40.782036], [144.698023, -40.781873], [144.69744, -40.783046], [144.6989, -40.783256], [144.69766, -40.783799], [144.699093, -40.784788], [144.698893, -40.785488], [144.700941, -40.786188], [144.701293, -40.787389], [144.703726, -40.787863], [144.702498, -40.788268], [144.703279, -40.788825], [144.702499, -40.790187], [144.703758, -40.790108], [144.704441, -40.791137], [144.703643, -40.792909], [144.705532, -40.792962], [144.705044, -40.793643], [144.706188, -40.7942], [144.705372, -40.795054], [144.706018, -40.795857], [144.70424, -40.796467], [144.704254, -40.797673], [144.702197, -40.797479], [144.702216, -40.798626], [144.702863, -40.79842], [144.702134, -40.799985], [144.702674, -40.801012], [144.70171, -40.801272], [144.701283, -40.80005], [144.699729, -40.80151], [144.700985, -40.801458], [144.701766, -40.80278], [144.701371, -40.803397], [144.702597, -40.803705], [144.702858, -40.804573], [144.701128, -40.805865], [144.700018, -40.806071], [144.699476, -40.805238], [144.69919, -40.806267], [144.698397, -40.805997], [144.698845, -40.808546], [144.697455, -40.807701], [144.697187, -40.809128], [144.697747, -40.811681], [144.7, -40.811451], [144.702878, -40.813932], [144.702162, -40.815347], [144.7033, -40.817588], [144.702593, -40.818606], [144.703355, -40.819426], [144.70123, -40.820609], [144.7019, -40.822693], [144.700941, -40.825052], [144.702549, -40.825815], [144.702725, -40.827341], [144.704362, -40.827613], [144.704473, -40.828588], [144.705969, -40.828738], [144.707093, -40.82996], [144.706618, -40.831501], [144.710021, -40.831972], [144.713019, -40.835521], [144.713186, -40.853305], [144.711558, -40.858335], [144.708847, -40.8607], [144.705235, -40.861831], [144.700968, -40.860421], [144.700858, -40.861624], [144.698764, -40.862325], [144.699155, -40.86324], [144.701663, -40.863079], [144.702438, -40.8644], [144.705335, -40.865716], [144.706441, -40.86709], [144.70563, -40.871943], [144.701938, -40.88219], [144.698604, -40.888437], [144.685823, -40.905603], [144.681437, -40.908403], [144.676979, -40.909784], [144.669728, -40.906583], [144.668058, -40.906908], [144.662745, -40.905596], [144.660393, -40.903972], [144.658253, -40.904221], [144.657767, -40.902618], [144.655573, -40.902717], [144.65414, -40.900589], [144.653534, -40.900689], [144.65191, -40.899795], [144.649198, -40.900148], [144.649816, -40.900778], [144.649139, -40.900631], [144.64935, -40.90124], [144.65119, -40.901634], [144.651188, -40.903648], [144.652016, -40.904226], [144.651515, -40.904595], [144.653292, -40.905129], [144.654104, -40.906846], [144.656477, -40.907386], [144.656103, -40.908664], [144.656853, -40.910175], [144.655803, -40.913869], [144.654215, -40.914671], [144.65165, -40.914532], [144.651869, -40.916319], [144.650627, -40.91722], [144.649081, -40.916483], [144.64986, -40.919004], [144.649283, -40.918875], [144.648855, -40.920077], [144.647373, -40.919959], [144.646331, -40.919542], [144.646271, -40.920224], [144.642285, -40.920279], [144.640789, -40.918542], [144.63977, -40.918501], [144.638873, -40.918981], [144.640064, -40.918887], [144.639822, -40.919441], [144.637885, -40.919893], [144.637526, -40.920917], [144.635405, -40.921209], [144.633048, -40.920452], [144.63257, -40.921208], [144.633501, -40.921271], [144.631901, -40.922367], [144.631971, -40.92384], [144.629814, -40.923844], [144.628835, -40.924354], [144.63003, -40.924345], [144.628318, -40.925063], [144.629725, -40.925437], [144.629959, -40.926622], [144.628047, -40.927143], [144.628212, -40.928042], [144.626746, -40.928796], [144.629886, -40.92961], [144.628812, -40.930642], [144.629488, -40.931156], [144.627645, -40.931377], [144.627384, -40.932523], [144.625971, -40.932298], [144.625957, -40.933321], [144.624063, -40.932289], [144.621977, -40.933522], [144.620829, -40.933157], [144.621227, -40.934483], [144.620661, -40.934992], [144.61927, -40.934924], [144.618358, -40.933251], [144.617894, -40.934255], [144.616455, -40.933904], [144.616311, -40.935032], [144.614777, -40.935917], [144.611747, -40.935717], [144.613898, -40.936029], [144.612162, -40.938028], [144.615183, -40.938596], [144.612642, -40.939603], [144.613876, -40.941128], [144.612267, -40.942337], [144.613641, -40.942733], [144.613788, -40.94371], [144.612306, -40.943946], [144.612249, -40.944652], [144.614844, -40.945517], [144.618545, -40.944357], [144.622349, -40.944876], [144.623973, -40.947403], [144.621923, -40.94926], [144.622999, -40.94965], [144.621933, -40.950289], [144.624549, -40.950122], [144.623605, -40.950962], [144.627118, -40.950526], [144.626329, -40.952238], [144.62806, -40.952277], [144.629604, -40.955005], [144.630894, -40.952478], [144.630083, -40.95675], [144.632611, -40.958869], [144.632246, -40.9609], [144.633417, -40.96701], [144.634359, -40.967445], [144.633605, -40.969614], [144.63271, -40.969677], [144.632745, -40.972848], [144.631439, -40.973608], [144.631559, -40.975389], [144.630997, -40.976119], [144.630109, -40.975808], [144.631226, -40.977156], [144.628946, -40.980313], [144.631328, -40.98372], [144.633075, -40.984256], [144.632135, -40.984553], [144.631786, -40.989706], [144.632811, -40.991403], [144.63284, -40.993842], [144.630562, -41.000596], [144.627833, -41.002217], [144.626235, -41.002154], [144.626243, -41.002851], [144.625432, -41.002933], [144.626035, -41.003421], [144.625356, -41.004593], [144.625825, -41.004986], [144.623562, -41.006223], [144.620392, -41.006313], [144.620762, -41.006868], [144.619888, -41.006796], [144.619729, -41.007781], [144.618489, -41.007729], [144.616623, -41.009142], [144.615378, -41.009138], [144.614603, -41.008], [144.612765, -41.007401], [144.611148, -41.008072], [144.610358, -41.006507], [144.609054, -41.006391], [144.608905, -41.008234], [144.60734, -41.008782], [144.60792, -41.009845], [144.608974, -41.009346], [144.611199, -41.011564], [144.612238, -41.011332], [144.612469, -41.012364], [144.614767, -41.01212], [144.615344, -41.013554], [144.6134, -41.014222], [144.614153, -41.014914], [144.613349, -41.014934], [144.616893, -41.016431], [144.616136, -41.017768], [144.617603, -41.019361], [144.617119, -41.02034], [144.618848, -41.02148], [144.618488, -41.022064], [144.621027, -41.022543], [144.622394, -41.024112], [144.624075, -41.02403], [144.624673, -41.025643], [144.628433, -41.028054], [144.627805, -41.028501], [144.629026, -41.028568], [144.629239, -41.030701], [144.632269, -41.032662], [144.633273, -41.034222], [144.633298, -41.035652], [144.632093, -41.035933], [144.633307, -41.036276], [144.632455, -41.03655], [144.631795, -41.038473], [144.632706, -41.039342], [144.636139, -41.039561], [144.636542, -41.041209], [144.639771, -41.041886], [144.639112, -41.042712], [144.639474, -41.044628], [144.638808, -41.044761], [144.639711, -41.045396], [144.638908, -41.045345], [144.64489, -41.046086], [144.647081, -41.045546], [144.64797, -41.046454], [144.649875, -41.0462], [144.652283, -41.046852], [144.654046, -41.047987], [144.655719, -41.051189], [144.659819, -41.053282], [144.662369, -41.05304], [144.664563, -41.050785], [144.668197, -41.049669], [144.67062, -41.047918], [144.673562, -41.048029], [144.677462, -41.05022], [144.680014, -41.049585], [144.681212, -41.04833], [144.680792, -41.046403], [144.681463, -41.046933], [144.681617, -41.044648], [144.678855, -41.041996], [144.678709, -41.040169], [144.680175, -41.037911], [144.682465, -41.037435], [144.686237, -41.038423], [144.687767, -41.041329], [144.6927, -41.044421], [144.695616, -41.047835], [144.698661, -41.047319], [144.700897, -41.045965], [144.705623, -41.049303], [144.711377, -41.048493], [144.715403, -41.050409], [144.718298, -41.048406], [144.72055, -41.048417], [144.722272, -41.05284], [144.723902, -41.054042], [144.727648, -41.054422], [144.728811, -41.052314], [144.730174, -41.052003], [144.733718, -41.052649], [144.737711, -41.054995], [144.745688, -41.055616], [144.750496, -41.058412], [144.753182, -41.061203], [144.760913, -41.063702], [144.764797, -41.06861], [144.770054, -41.068542], [144.770289, -41.070379], [144.766781, -41.072275], [144.770156, -41.072984], [144.772339, -41.074535], [144.773959, -41.072074], [144.774173, -41.069648], [144.779449, -41.070828], [144.780144, -41.067501], [144.782362, -41.065525], [144.789446, -41.069162], [144.791172, -41.06869], [144.791329, -41.06484], [144.79006, -41.061665], [144.791725, -41.059569], [144.794906, -41.058801], [144.792646, -41.055243], [144.793867, -41.053979], [144.796529, -41.054327], [144.797748, -41.055585], [144.80062, -41.061869], [144.8011, -41.06402], [144.798225, -41.066166], [144.797766, -41.069909], [144.796334, -41.072089], [144.794919, -41.077565], [144.795461, -41.080066], [144.793137, -41.082171], [144.793039, -41.0841], [144.791165, -41.086281], [144.793024, -41.088434], [144.794105, -41.087501], [144.79577, -41.087469], [144.799122, -41.089529], [144.794867, -41.087774], [144.792863, -41.089023], [144.790728, -41.086832], [144.79252, -41.083999], [144.792199, -41.082166], [144.794853, -41.08019], [144.794679, -41.076716], [144.795985, -41.071977], [144.797323, -41.069567], [144.797541, -41.066715], [144.79818, -41.065768], [144.800768, -41.063774], [144.798133, -41.056828], [144.795406, -41.054299], [144.793823, -41.054365], [144.793197, -41.055407], [144.795194, -41.057916], [144.795075, -41.0592], [144.791885, -41.060058], [144.790564, -41.061433], [144.791729, -41.064274], [144.791585, -41.068865], [144.789514, -41.069573], [144.782358, -41.065807], [144.780185, -41.068831], [144.77982, -41.071303], [144.77452, -41.070334], [144.773433, -41.074432], [144.771171, -41.075769], [144.77139, -41.078045], [144.776245, -41.080441], [144.778982, -41.078215], [144.780496, -41.078386], [144.781261, -41.079853], [144.780871, -41.08104], [144.777959, -41.083246], [144.77521, -41.084293], [144.780421, -41.081032], [144.781004, -41.079829], [144.780141, -41.078561], [144.778976, -41.078347], [144.776656, -41.080753], [144.774409, -41.080235], [144.771723, -41.078854], [144.770686, -41.076821], [144.771287, -41.074417], [144.769101, -41.073247], [144.765961, -41.07284], [144.766549, -41.071339], [144.769378, -41.070152], [144.769528, -41.06867], [144.767281, -41.069487], [144.764817, -41.069174], [144.759897, -41.063864], [144.753241, -41.061829], [144.746155, -41.056409], [144.737416, -41.055544], [144.732349, -41.052944], [144.729837, -41.052635], [144.728334, -41.055013], [144.724546, -41.054873], [144.721958, -41.053436], [144.720495, -41.050234], [144.719242, -41.049217], [144.716529, -41.050908], [144.714947, -41.050979], [144.711128, -41.04915], [144.706248, -41.050146], [144.700896, -41.046896], [144.698155, -41.04847], [144.695268, -41.048486], [144.691869, -41.044851], [144.686967, -41.041496], [144.68595, -41.039279], [144.68396, -41.038485], [144.681142, -41.038507], [144.679963, -41.040666], [144.680183, -41.041874], [144.68245, -41.043503], [144.682767, -41.045133], [144.682581, -41.048275], [144.68122, -41.050207], [144.676837, -41.051356], [144.673712, -41.04925], [144.670905, -41.049153], [144.663108, -41.05415], [144.663332, -41.055289], [144.661481, -41.057147], [144.659335, -41.057368], [144.659994, -41.057658], [144.660191, -41.060274], [144.661798, -41.061555], [144.661567, -41.062777], [144.66301, -41.063251], [144.664773, -41.066896], [144.665959, -41.067216], [144.671977, -41.078447], [144.674261, -41.080758], [144.675989, -41.079652], [144.678073, -41.079778], [144.67734, -41.079975], [144.676058, -41.079754], [144.67518, -41.080704], [144.674397, -41.080951], [144.673047, -41.080362], [144.675759, -41.090029], [144.676457, -41.096412], [144.677442, -41.097726], [144.676621, -41.09863], [144.676432, -41.101965], [144.677772, -41.103451], [144.676721, -41.103467], [144.67526, -41.106569], [144.675122, -41.112198], [144.673182, -41.117218], [144.675195, -41.117456], [144.675672, -41.116284], [144.676065, -41.116393], [144.67654, -41.117011], [144.675999, -41.118004], [144.675851, -41.11642], [144.6755, -41.117328], [144.674087, -41.118058], [144.672335, -41.117039], [144.670143, -41.117203], [144.670879, -41.117766], [144.67002, -41.118831], [144.666015, -41.120188], [144.666116, -41.120752], [144.66521, -41.120151], [144.665261, -41.121102], [144.664577, -41.12056], [144.665133, -41.121339], [144.667889, -41.121925], [144.667063, -41.122841], [144.668333, -41.123378], [144.666833, -41.123269], [144.666736, -41.124387], [144.668449, -41.125125], [144.667939, -41.125198], [144.668877, -41.125739], [144.668843, -41.126811], [144.670025, -41.126849], [144.671514, -41.12832], [144.670882, -41.130692], [144.67156, -41.132118], [144.669716, -41.133182], [144.670884, -41.133951], [144.670027, -41.13673], [144.671378, -41.138701], [144.674334, -41.139892], [144.67682, -41.139121], [144.68048, -41.139307], [144.682104, -41.137552], [144.682462, -41.133264], [144.683137, -41.132455], [144.68222, -41.138091], [144.678596, -41.140706], [144.679877, -41.144032], [144.679767, -41.145715], [144.678389, -41.146652], [144.678879, -41.147635], [144.679493, -41.146899], [144.681532, -41.146288], [144.681802, -41.144613], [144.682056, -41.145718], [144.681153, -41.146717], [144.679562, -41.147089], [144.677502, -41.154565], [144.677907, -41.155677], [144.674951, -41.156447], [144.676027, -41.156991], [144.676124, -41.158508], [144.673672, -41.158393], [144.67339, -41.15907], [144.672609, -41.159343], [144.673696, -41.159532], [144.673892, -41.160322], [144.673074, -41.160659], [144.673137, -41.162217], [144.674217, -41.162435], [144.673677, -41.162509], [144.674096, -41.163255], [144.677951, -41.167492], [144.677936, -41.168459], [144.675837, -41.168614], [144.676002, -41.169983], [144.68096, -41.172509], [144.681966, -41.173789], [144.680332, -41.179443], [144.682192, -41.181321], [144.682131, -41.182824], [144.686385, -41.183082], [144.687811, -41.184221], [144.688476, -41.186331], [144.691832, -41.189003], [144.692801, -41.18899], [144.692319, -41.189156], [144.691759, -41.18909], [144.69094, -41.188298], [144.690314, -41.18851], [144.690061, -41.193467], [144.691077, -41.195538], [144.690949, -41.197327], [144.692784, -41.198211], [144.693786, -41.200031], [144.694852, -41.199994], [144.694157, -41.203974], [144.694643, -41.205889], [144.689999, -41.210865], [144.691437, -41.215048], [144.690688, -41.215775], [144.690916, -41.217902], [144.689414, -41.21945], [144.686749, -41.21997], [144.685899, -41.223231], [144.685864, -41.225526], [144.686641, -41.226434], [144.685952, -41.229651], [144.686482, -41.230332], [144.689255, -41.229746], [144.690707, -41.231651], [144.684087, -41.235146], [144.683535, -41.234722], [144.684676, -41.237044], [144.687778, -41.239243], [144.685957, -41.24069], [144.686846, -41.241855], [144.68674, -41.243227], [144.68912, -41.24535], [144.69241, -41.245021], [144.694121, -41.248426], [144.696993, -41.249665], [144.696542, -41.251205], [144.697732, -41.251817], [144.697101, -41.252884], [144.698669, -41.254117], [144.700551, -41.253841], [144.703994, -41.255244], [144.705924, -41.254754], [144.704778, -41.255871], [144.705734, -41.256783], [144.706864, -41.25658], [144.706705, -41.257822], [144.709197, -41.261306], [144.7106, -41.269744], [144.710261, -41.272435], [144.711038, -41.273393], [144.71355, -41.273816], [144.714907, -41.275603], [144.715031, -41.278004], [144.716059, -41.277659], [144.714118, -41.279703], [144.711768, -41.280092], [144.712273, -41.280725], [144.711362, -41.282118], [144.714053, -41.282658], [144.713572, -41.283443], [144.714272, -41.283597], [144.713575, -41.283764], [144.715038, -41.284222], [144.715145, -41.285719], [144.717119, -41.284454], [144.717714, -41.285656], [144.720156, -41.285738], [144.721183, -41.286894], [144.722556, -41.28644], [144.722631, -41.285139], [144.722609, -41.286659], [144.719197, -41.288314], [144.720131, -41.288956], [144.719155, -41.289687], [144.720176, -41.29084], [144.719882, -41.291646], [144.720486, -41.291417], [144.719938, -41.292627], [144.720663, -41.293336], [144.720439, -41.294931], [144.717335, -41.295711], [144.718093, -41.297388], [144.718737, -41.296758], [144.719074, -41.297246], [144.719407, -41.298587], [144.718672, -41.299269], [144.719424, -41.29954], [144.719749, -41.301484], [144.720405, -41.300665], [144.721083, -41.301413], [144.720672, -41.302139], [144.72348, -41.302421], [144.723254, -41.301514], [144.725235, -41.301566], [144.724827, -41.302035], [144.726227, -41.302309], [144.724991, -41.302832], [144.725496, -41.304657], [144.728426, -41.304298], [144.729855, -41.304844], [144.729755, -41.306003], [144.732384, -41.306435], [144.732736, -41.307151], [144.733867, -41.306412], [144.734292, -41.308561], [144.736064, -41.308558], [144.737095, -41.309188], [144.736745, -41.310113], [144.740752, -41.310845], [144.742004, -41.311686], [144.740822, -41.312657], [144.739147, -41.312593], [144.739375, -41.313376], [144.73747, -41.31671], [144.734202, -41.318282], [144.737984, -41.319681], [144.739913, -41.322054], [144.738597, -41.32329], [144.739292, -41.323513], [144.738586, -41.324131], [144.739155, -41.324387], [144.738072, -41.325578], [144.73999, -41.325735], [144.739839, -41.327214], [144.741437, -41.32668], [144.741916, -41.327097], [144.741227, -41.327598], [144.742407, -41.327296], [144.742596, -41.328581], [144.74146, -41.329065], [144.741874, -41.32971], [144.744231, -41.329776], [144.744837, -41.330969], [144.74589, -41.330564], [144.750569, -41.334635], [144.754365, -41.335677], [144.75816, -41.338852], [144.758961, -41.340504], [144.760008, -41.339711], [144.765768, -41.342421], [144.766613, -41.341284], [144.768029, -41.340746], [144.770554, -41.341519], [144.76948, -41.341513], [144.768113, -41.340884], [144.766888, -41.341529], [144.76639, -41.342472], [144.765812, -41.342639], [144.760177, -41.340352], [144.759486, -41.341194], [144.764829, -41.346516], [144.766149, -41.346472], [144.769216, -41.348739], [144.768484, -41.349886], [144.766501, -41.347317], [144.765358, -41.347131], [144.773686, -41.359147], [144.77782, -41.369763], [144.780891, -41.367831], [144.780687, -41.367245], [144.782976, -41.367423], [144.782267, -41.367574], [144.780792, -41.367309], [144.781015, -41.367822], [144.779729, -41.368766], [144.779831, -41.371915], [144.778114, -41.37062], [144.780954, -41.379654], [144.782088, -41.390259], [144.781861, -41.397029], [144.782826, -41.394912], [144.783449, -41.394333], [144.785057, -41.393774], [144.788246, -41.393879], [144.789887, -41.395102], [144.786842, -41.393851], [144.783353, -41.394637], [144.778842, -41.404025], [144.776325, -41.407145], [144.772275, -41.410665], [144.767938, -41.412887], [144.762215, -41.413978], [144.758817, -41.413645], [144.757288, -41.412651], [144.757587, -41.411069], [144.756426, -41.409802], [144.754536, -41.412033], [144.753528, -41.414842], [144.751956, -41.415154], [144.751032, -41.414466], [144.752519, -41.416845], [144.747847, -41.418428], [144.749892, -41.419801], [144.748505, -41.420683], [144.74593, -41.419423], [144.745322, -41.420385], [144.746579, -41.421018], [144.745887, -41.421491], [144.74671, -41.421311], [144.748241, -41.422753], [144.750456, -41.422869], [144.752147, -41.425006], [144.752942, -41.424404], [144.754318, -41.425749], [144.756711, -41.425253], [144.758601, -41.425766], [144.758241, -41.426711], [144.759926, -41.426818], [144.759363, -41.428119], [144.759868, -41.428883], [144.763117, -41.428798], [144.764762, -41.429971], [144.764838, -41.43131], [144.763402, -41.432401], [144.763913, -41.433848], [144.766122, -41.435364], [144.769595, -41.435073], [144.773736, -41.436123], [144.778679, -41.439641], [144.781368, -41.442414], [144.78161, -41.443814], [144.78528, -41.445714], [144.788404, -41.45121], [144.789683, -41.450613], [144.788984, -41.452982], [144.791028, -41.45402], [144.792035, -41.45509], [144.794272, -41.459542], [144.794047, -41.460993], [144.793016, -41.461208], [144.793895, -41.46169], [144.793504, -41.462578], [144.792487, -41.463133], [144.794708, -41.462989], [144.79449, -41.463721], [144.795522, -41.463843], [144.798274, -41.466838], [144.797409, -41.467678], [144.798566, -41.468338], [144.799104, -41.46971], [144.800636, -41.468046], [144.803003, -41.469059], [144.804382, -41.468297], [144.802347, -41.47014], [144.8006, -41.469202], [144.799968, -41.469598], [144.801457, -41.471869], [144.803697, -41.473283], [144.80466, -41.475624], [144.807363, -41.476842], [144.808555, -41.478737], [144.810561, -41.479466], [144.812577, -41.477437], [144.813581, -41.477462], [144.812641, -41.477514], [144.812015, -41.479326], [144.812836, -41.481112], [144.812321, -41.48263], [144.81005, -41.480306], [144.811374, -41.484711], [144.814041, -41.488747], [144.813628, -41.489987], [144.815686, -41.490766], [144.81488, -41.492531], [144.815986, -41.492205], [144.816201, -41.493214], [144.818495, -41.493542], [144.818016, -41.494387], [144.819498, -41.495156], [144.818964, -41.497092], [144.819799, -41.496488], [144.819674, -41.496997], [144.820448, -41.496848], [144.819976, -41.497404], [144.822401, -41.496364], [144.821275, -41.497737], [144.821631, -41.498419], [144.820203, -41.499378], [144.821311, -41.500773], [144.821823, -41.500348], [144.822079, -41.501445], [144.823145, -41.501203], [144.822544, -41.501593], [144.823254, -41.502219], [144.823483, -41.501195], [144.824299, -41.502136], [144.82532, -41.501785], [144.825818, -41.501998], [144.825884, -41.503327], [144.826533, -41.502591], [144.826669, -41.503628], [144.828016, -41.503612], [144.827283, -41.504547], [144.830713, -41.506057], [144.83057, -41.506911], [144.83192, -41.507923], [144.8342, -41.508296], [144.835724, -41.505514], [144.838213, -41.506562], [144.839571, -41.505567], [144.838582, -41.50676], [144.836626, -41.506214], [144.835369, -41.506788], [144.834916, -41.509969], [144.83397, -41.50861], [144.832007, -41.50862], [144.836231, -41.513838], [144.8377, -41.513999], [144.837239, -41.515056], [144.841946, -41.520823], [144.850467, -41.534216], [144.851522, -41.534505], [144.851332, -41.535263], [144.856004, -41.540713], [144.857827, -41.544104], [144.859645, -41.544826], [144.859562, -41.546648], [144.864893, -41.554193], [144.865887, -41.554421], [144.865795, -41.555477], [144.868743, -41.55947], [144.868877, -41.560734], [144.871034, -41.562824], [144.871126, -41.563557], [144.872042, -41.563489], [144.871766, -41.564614], [144.874659, -41.568559], [144.876028, -41.568814], [144.87572, -41.569846], [144.87873, -41.574631], [144.880175, -41.575333], [144.880015, -41.575978], [144.882657, -41.579672], [144.883583, -41.581333], [144.883502, -41.582035], [144.884197, -41.582023], [144.884048, -41.582842], [144.885463, -41.583827], [144.888303, -41.583194], [144.887041, -41.584136], [144.884687, -41.583784], [144.885661, -41.58494], [144.885074, -41.586278], [144.886614, -41.586328], [144.885424, -41.587876], [144.889072, -41.589755], [144.888173, -41.590826], [144.889666, -41.592321], [144.8899, -41.593799], [144.889071, -41.594703], [144.891372, -41.59587], [144.891058, -41.597286], [144.889912, -41.597342], [144.891589, -41.597902], [144.891358, -41.599708], [144.892443, -41.600854], [144.89207, -41.602181], [144.892853, -41.601624], [144.893771, -41.60226], [144.89349, -41.603428], [144.894573, -41.604038], [144.894024, -41.604457], [144.895601, -41.605542], [144.895906, -41.607665], [144.897526, -41.608332], [144.896687, -41.609179], [144.897872, -41.609931], [144.897833, -41.611838], [144.899881, -41.612287], [144.898266, -41.6134], [144.899718, -41.614171], [144.898934, -41.614493], [144.899787, -41.614933], [144.899043, -41.614879], [144.899257, -41.615402], [144.901809, -41.61641], [144.900754, -41.618251], [144.901903, -41.618585], [144.900433, -41.619389], [144.900647, -41.620534], [144.901972, -41.620011], [144.902598, -41.621194], [144.901838, -41.622067], [144.903251, -41.621687], [144.90398, -41.623177], [144.90322, -41.623468], [144.904057, -41.623568], [144.903947, -41.624396], [144.904815, -41.624247], [144.904344, -41.626168], [144.903674, -41.626338], [144.904787, -41.626754], [144.903326, -41.62758], [144.905872, -41.62882], [144.904445, -41.629485], [144.905108, -41.630906], [144.904463, -41.631871], [144.902699, -41.631393], [144.901673, -41.631992], [144.902613, -41.632207], [144.903055, -41.633777], [144.901598, -41.634268], [144.901465, -41.635395], [144.899408, -41.637393], [144.900657, -41.638091], [144.898256, -41.638317], [144.897118, -41.639508], [144.897635, -41.640248], [144.89962, -41.639873], [144.900312, -41.640812], [144.902127, -41.63946], [144.904991, -41.641939], [144.906663, -41.642018], [144.906033, -41.642837], [144.905368, -41.642806], [144.905102, -41.644551], [144.905713, -41.645215], [144.904998, -41.646273], [144.905582, -41.646998], [144.904393, -41.647745], [144.90527, -41.648777], [144.905135, -41.650139], [144.90589, -41.650977], [144.908687, -41.651009], [144.907819, -41.652041], [144.908606, -41.653094], [144.907573, -41.653264], [144.908444, -41.654501], [144.908057, -41.656259], [144.909475, -41.656697], [144.909813, -41.657701], [144.913022, -41.658517], [144.913464, -41.6605], [144.914638, -41.661156], [144.914022, -41.66164], [144.914995, -41.662331], [144.917444, -41.662045], [144.917262, -41.663365], [144.915676, -41.663264], [144.9164, -41.663568], [144.915681, -41.664055], [144.916995, -41.664131], [144.917754, -41.665504], [144.919206, -41.665546], [144.918292, -41.666132], [144.918244, -41.667577], [144.919562, -41.666658], [144.920879, -41.66759], [144.922196, -41.666721], [144.92222, -41.665359], [144.923496, -41.663745], [144.925077, -41.662548], [144.927516, -41.662293], [144.930801, -41.657461], [144.934965, -41.65359], [144.940457, -41.651615], [144.943271, -41.65159], [144.945135, -41.650253], [144.95467, -41.646773], [144.959565, -41.641963], [144.961526, -41.638003], [144.971091, -41.632997], [144.974744, -41.628734], [144.983456, -41.62635], [144.9931, -41.626324], [144.998508, -41.619405], [145.004696, -41.616497], [145.015511, -41.616423], [145.027346, -41.617673], [145.034052, -41.616718], [145.039137, -41.613509], [145.041818, -41.610809], [145.044883, -41.610439], [145.046168, -41.608762], [145.045785, -41.606414], [145.04607, -41.60594], [145.047297, -41.605739], [145.050935, -41.607848], [145.051004, -41.606101], [145.048087, -41.604775], [145.048866, -41.602552], [145.050574, -41.601303], [145.051379, -41.601451], [145.049116, -41.602506], [145.048348, -41.604661], [145.051282, -41.606159], [145.051419, -41.607008], [145.051069, -41.608013], [145.050663, -41.608158], [145.049547, -41.607784], [145.047077, -41.606084], [145.046303, -41.607007], [145.046277, -41.609245], [145.044899, -41.610834], [145.041937, -41.611072], [145.039101, -41.613914], [145.034811, -41.616962], [145.047655, -41.623297], [145.050605, -41.623643], [145.052181, -41.625749], [145.05204, -41.62858], [145.052767, -41.629216], [145.053828, -41.629199], [145.056342, -41.62673], [145.060724, -41.626979], [145.068345, -41.636495], [145.069, -41.636227], [145.068076, -41.635014], [145.068436, -41.634203], [145.070501, -41.635052], [145.075216, -41.633795], [145.078555, -41.62922], [145.07861, -41.625315], [145.080635, -41.626322], [145.078886, -41.625552], [145.078963, -41.629064], [145.075438, -41.633915], [145.070502, -41.635313], [145.068522, -41.634592], [145.069387, -41.636412], [145.067524, -41.636919], [145.067183, -41.638622], [145.062677, -41.644821], [145.063201, -41.646525], [145.065615, -41.649032], [145.069822, -41.650865], [145.073764, -41.65059], [145.077813, -41.651607], [145.080678, -41.655507], [145.082199, -41.656176], [145.083394, -41.655817], [145.085518, -41.640874], [145.620798, -41.71882], [145.640626, -41.705314], [145.642135, -41.698418], [145.645368, -41.695328], [145.65248, -41.687929], [145.646589, -41.681607], [145.658227, -41.679667], [145.672308, -41.667167], [145.680066, -41.670975], [145.68136, -41.667239], [145.680138, -41.662713], [145.68725, -41.659265], [145.691058, -41.653302], [145.691705, -41.646046], [145.697883, -41.641233], [145.704708, -41.64073], [145.715053, -41.630816], [145.721949, -41.621333], [145.727625, -41.617454], [145.733587, -41.609623], [145.736461, -41.611419], [145.736245, -41.617023], [145.732366, -41.623129], [145.73682, -41.626362], [145.743358, -41.62629], [145.754205, -41.623919], [145.776332, -41.623273], [145.778272, -41.617813], [145.781648, -41.614437], [145.781648, -41.607971], [145.789335, -41.598704], [145.795585, -41.596117], [145.799321, -41.598057], [145.80083, -41.600356], [145.805427, -41.60208], [145.811031, -41.600069], [145.817353, -41.598775], [145.82152, -41.59504], [145.826117, -41.593459], [145.827051, -41.591089], [145.831721, -41.589652], [145.835528, -41.58685], [145.841276, -41.58685], [145.845514, -41.584551], [145.848388, -41.583905], [145.848388, -41.567812], [145.846951, -41.562065], [145.849465, -41.560054], [145.849465, -41.553085], [145.850902, -41.55014], [145.847095, -41.546117], [145.850256, -41.467596], [145.953705, -41.44748], [146.065488, -41.447768], [146.084167, -41.45409], [146.090489, -41.449923], [146.089339, -41.442021], [146.091063, -41.434693], [146.090632, -41.430526], [146.087615, -41.429664], [146.084885, -41.427365], [146.085172, -41.420469], [146.090058, -41.416733], [146.093075, -41.415296], [146.092644, -41.40998], [146.094655, -41.404376], [146.102701, -41.402221], [146.105, -41.398198], [146.104426, -41.395612], [146.112328, -41.385554], [146.117213, -41.38383], [146.117788, -41.379089], [146.114914, -41.377939], [146.113765, -41.374347], [146.114627, -41.371474], [146.12569, -41.368025], [146.127127, -41.368744], [146.13661, -41.368025], [146.136035, -41.363571], [146.137903, -41.361703], [146.145087, -41.362134], [146.151122, -41.357249], [146.155719, -41.357106], [146.166639, -41.345468], [146.168938, -41.34245], [146.176409, -41.341444], [146.175403, -41.337278], [146.181007, -41.331818], [146.183162, -41.325209], [146.185317, -41.320467], [146.185748, -41.316157], [146.192501, -41.317737], [146.199254, -41.315869], [146.197243, -41.312565], [146.198249, -41.310697], [146.204571, -41.311846], [146.202128, -41.304375], [146.195806, -41.305093], [146.194369, -41.30107], [146.197674, -41.296185], [146.203421, -41.298053], [146.203134, -41.294748], [146.203421, -41.291875], [146.197387, -41.291156], [146.200116, -41.289576], [146.203421, -41.286846], [146.208163, -41.287133], [146.208163, -41.282536], [146.211467, -41.279518], [146.215634, -41.278369], [146.217358, -41.275495], [146.222818, -41.273771], [146.226841, -41.271329], [146.230002, -41.272622], [146.23345, -41.277076], [146.247675, -41.278369], [146.251985, -41.27176], [146.255864, -41.268886], [146.257732, -41.264432], [146.320089, -41.269892], [146.318509, -41.262277], [146.322963, -41.253512], [146.337044, -41.249777], [146.343797, -41.246328], [146.344659, -41.237707], [146.350262, -41.235121], [146.347676, -41.226931], [146.367257, -41.216122], [146.367102, -41.216]]], [[[144.788075, -41.450244], [144.78809, -41.450158], [144.788188, -41.450232], [144.788156, -41.450301], [144.788075, -41.450244]]], [[[143.888251, -40.01786], [143.889116, -40.018536], [143.886884, -40.02021], [143.886888, -40.023093], [143.885419, -40.023508], [143.885622, -40.025046], [143.884983, -40.02558], [143.885799, -40.027574], [143.884037, -40.028189], [143.885334, -40.032892], [143.88486, -40.035509], [143.886153, -40.036963], [143.885627, -40.038731], [143.886342, -40.041274], [143.885411, -40.042666], [143.887437, -40.045943], [143.886888, -40.046276], [143.888057, -40.046577], [143.887859, -40.047993], [143.889314, -40.049089], [143.888264, -40.049344], [143.890042, -40.053918], [143.888361, -40.056601], [143.884751, -40.060134], [143.879926, -40.062694], [143.873752, -40.062622], [143.871578, -40.063968], [143.870702, -40.061935], [143.868817, -40.06316], [143.8662, -40.060431], [143.862198, -40.060127], [143.862394, -40.060559], [143.860137, -40.0606], [143.860641, -40.06126], [143.858087, -40.062343], [143.858994, -40.062517], [143.858174, -40.062872], [143.858009, -40.06466], [143.859887, -40.06494], [143.859513, -40.065361], [143.861789, -40.066308], [143.863062, -40.068082], [143.865496, -40.068366], [143.86575, -40.069508], [143.863512, -40.070602], [143.864589, -40.071382], [143.863217, -40.071655], [143.863459, -40.072659], [143.86344, -40.071861], [143.863965, -40.072494], [143.864402, -40.072076], [143.864327, -40.073048], [143.865749, -40.07324], [143.866393, -40.0745], [143.86703, -40.074348], [143.867195, -40.075258], [143.868056, -40.075229], [143.867189, -40.076193], [143.868798, -40.076105], [143.867096, -40.077452], [143.868459, -40.076614], [143.869517, -40.077927], [143.869315, -40.07982], [143.869899, -40.079274], [143.869717, -40.079896], [143.870904, -40.079934], [143.870727, -40.081493], [143.87011, -40.081911], [143.871986, -40.083888], [143.870402, -40.083721], [143.8695, -40.084611], [143.870454, -40.084949], [143.868995, -40.085189], [143.870439, -40.087116], [143.868317, -40.087453], [143.868873, -40.087428], [143.868132, -40.087909], [143.868073, -40.089476], [143.86908, -40.089452], [143.868202, -40.090039], [143.86915, -40.089969], [143.868718, -40.090617], [143.869984, -40.091346], [143.868932, -40.091986], [143.869544, -40.092129], [143.868826, -40.093029], [143.869941, -40.092903], [143.869144, -40.093608], [143.870906, -40.093198], [143.869429, -40.094915], [143.870498, -40.095312], [143.871294, -40.094804], [143.872064, -40.096086], [143.876111, -40.097308], [143.874979, -40.099064], [143.874355, -40.099151], [143.874463, -40.099567], [143.875328, -40.09938], [143.875855, -40.099987], [143.87499, -40.101166], [143.87554, -40.102991], [143.874147, -40.104175], [143.874724, -40.105488], [143.876388, -40.10635], [143.87485, -40.107786], [143.87363, -40.107585], [143.874123, -40.108071], [143.873501, -40.108469], [143.874537, -40.108056], [143.873961, -40.10911], [143.874649, -40.109018], [143.874942, -40.110503], [143.875634, -40.109985], [143.876466, -40.111548], [143.873854, -40.111913], [143.874258, -40.112163], [143.873988, -40.112685], [143.874878, -40.112732], [143.87446, -40.113522], [143.875821, -40.113469], [143.874864, -40.11444], [143.875127, -40.114619], [143.875703, -40.114251], [143.87616, -40.115389], [143.87509, -40.115548], [143.875918, -40.115463], [143.875275, -40.116764], [143.87667, -40.116387], [143.876678, -40.116657], [143.875712, -40.117096], [143.876337, -40.116981], [143.876231, -40.117716], [143.87875, -40.119316], [143.881644, -40.119705], [143.881185, -40.120575], [143.881895, -40.120162], [143.881793, -40.120965], [143.8827, -40.120608], [143.884826, -40.1208], [143.884752, -40.121558], [143.887596, -40.121234], [143.887586, -40.12202], [143.889638, -40.121569], [143.890186, -40.12223], [143.891639, -40.121844], [143.893752, -40.122649], [143.89794, -40.121138], [143.904426, -40.121394], [143.905258, -40.122379], [143.904439, -40.124239], [143.906439, -40.124387], [143.907619, -40.125403], [143.908402, -40.128058], [143.90721, -40.129322], [143.906266, -40.128762], [143.904642, -40.129507], [143.906488, -40.129555], [143.905909, -40.130323], [143.902577, -40.130278], [143.903432, -40.132035], [143.900353, -40.133988], [143.900832, -40.135906], [143.899967, -40.136648], [143.90083, -40.139383], [143.905498, -40.139205], [143.905116, -40.140561], [143.906551, -40.1398], [143.906714, -40.141189], [143.907495, -40.14072], [143.908501, -40.141292], [143.907901, -40.142659], [143.909731, -40.142185], [143.911049, -40.142866], [143.911383, -40.144016], [143.912677, -40.143786], [143.912913, -40.144516], [143.914647, -40.143137], [143.915953, -40.143472], [143.915272, -40.145325], [143.916463, -40.145839], [143.915698, -40.14694], [143.916456, -40.14725], [143.915683, -40.14812], [143.919549, -40.150878], [143.919257, -40.151762], [143.920374, -40.152487], [143.92, -40.153487], [143.922844, -40.155245], [143.923621, -40.156436], [143.923262, -40.157267], [143.924734, -40.15695], [143.925648, -40.157978], [143.926908, -40.157417], [143.926479, -40.155124], [143.929999, -40.151565], [143.928059, -40.149392], [143.928355, -40.14832], [143.929855, -40.147842], [143.929539, -40.146811], [143.929769, -40.146124], [143.928082, -40.145538], [143.928683, -40.143357], [143.926462, -40.143091], [143.92408, -40.141127], [143.922632, -40.141051], [143.921081, -40.139172], [143.920498, -40.137008], [143.921046, -40.134081], [143.923955, -40.130471], [143.928595, -40.127691], [143.941026, -40.123376], [143.943144, -40.11789], [143.949699, -40.112923], [143.958204, -40.109391], [143.962635, -40.109148], [143.965381, -40.11021], [143.965804, -40.111405], [143.967814, -40.112429], [143.968089, -40.113723], [143.969195, -40.113186], [143.968661, -40.113808], [143.970233, -40.114219], [143.969544, -40.116684], [143.970622, -40.116507], [143.971088, -40.116734], [143.971959, -40.115355], [143.973972, -40.115199], [143.975072, -40.114194], [143.978762, -40.114004], [143.979153, -40.112714], [143.977692, -40.110798], [143.979138, -40.109063], [143.977086, -40.108085], [143.977311, -40.106056], [143.982406, -40.10183], [143.989663, -40.09824], [143.996044, -40.097217], [143.998811, -40.098747], [144.003781, -40.099684], [144.007828, -40.098362], [144.007273, -40.096498], [144.011797, -40.093436], [144.01819, -40.092548], [144.020453, -40.093177], [144.023296, -40.091962], [144.024556, -40.092189], [144.025093, -40.093898], [144.026027, -40.093752], [144.026951, -40.094863], [144.027521, -40.093828], [144.025428, -40.091942], [144.026121, -40.090703], [144.028889, -40.090442], [144.030537, -40.088414], [144.033392, -40.086446], [144.036737, -40.086181], [144.036527, -40.084466], [144.037682, -40.082936], [144.036309, -40.082335], [144.037146, -40.080024], [144.04093, -40.07774], [144.046021, -40.077057], [144.04706, -40.075259], [144.050871, -40.074095], [144.048055, -40.072466], [144.048307, -40.071538], [144.047435, -40.07077], [144.047515, -40.069516], [144.049329, -40.067693], [144.056726, -40.065142], [144.05897, -40.065084], [144.060763, -40.066488], [144.060319, -40.06378], [144.062986, -40.063035], [144.064475, -40.064264], [144.064217, -40.065287], [144.061871, -40.06904], [144.060285, -40.069597], [144.061762, -40.069951], [144.062736, -40.069223], [144.065651, -40.064976], [144.063694, -40.062305], [144.062786, -40.062173], [144.062977, -40.059693], [144.068124, -40.057816], [144.068234, -40.055046], [144.070387, -40.05144], [144.079984, -40.048799], [144.085497, -40.04849], [144.086154, -40.049188], [144.087409, -40.048439], [144.090393, -40.049089], [144.093888, -40.052257], [144.095595, -40.05056], [144.094482, -40.04972], [144.094836, -40.048625], [144.09643, -40.048003], [144.096541, -40.046831], [144.099672, -40.046148], [144.100595, -40.047009], [144.103017, -40.045425], [144.102577, -40.044316], [144.103553, -40.043392], [144.104487, -40.04329], [144.105457, -40.044375], [144.105155, -40.043767], [144.10636, -40.043436], [144.105961, -40.042521], [144.10403, -40.042034], [144.101573, -40.038889], [144.101259, -40.037173], [144.102376, -40.035906], [144.101801, -40.035387], [144.102353, -40.034548], [144.10089, -40.033406], [144.102382, -40.031961], [144.100816, -40.02879], [144.105922, -40.023227], [144.10786, -40.022709], [144.108084, -40.021721], [144.11246, -40.020586], [144.11448, -40.018194], [144.115735, -40.018671], [144.116243, -40.018145], [144.115634, -40.017852], [144.115812, -40.016384], [144.116472, -40.016467], [144.116617, -40.015316], [144.115922, -40.014707], [144.116946, -40.011982], [144.114989, -40.01126], [144.115031, -40.010062], [144.113967, -40.009862], [144.113551, -40.008047], [144.115707, -40.007835], [144.116288, -40.005786], [144.120947, -40.002569], [144.121889, -40.001391], [144.121356, -39.998479], [144.122411, -39.998551], [144.123079, -39.997355], [144.124114, -39.997782], [144.124083, -39.996696], [144.128013, -39.993243], [144.127336, -39.991481], [144.125543, -39.9903], [144.125431, -39.988072], [144.127707, -39.984258], [144.131131, -39.982794], [144.131487, -39.979382], [144.133027, -39.977346], [144.132525, -39.977928], [144.132753, -39.973255], [144.132125, -39.972815], [144.133011, -39.971137], [144.131686, -39.968643], [144.13251, -39.967725], [144.132365, -39.965817], [144.131265, -39.963351], [144.132932, -39.961171], [144.132529, -39.960583], [144.133677, -39.960045], [144.132985, -39.957429], [144.134294, -39.956477], [144.133662, -39.953813], [144.134931, -39.950602], [144.133822, -39.949192], [144.136419, -39.945095], [144.13565, -39.942738], [144.13774, -39.93834], [144.137491, -39.934913], [144.13823, -39.933889], [144.136924, -39.927671], [144.135646, -39.924383], [144.131773, -39.923252], [144.12629, -39.919958], [144.124846, -39.920396], [144.120963, -39.918856], [144.114684, -39.914982], [144.111387, -39.913816], [144.108218, -39.906615], [144.105013, -39.891295], [144.10452, -39.878211], [144.106584, -39.866197], [144.110865, -39.857406], [144.115236, -39.854511], [144.118168, -39.850316], [144.118726, -39.846335], [144.124785, -39.836229], [144.127918, -39.822138], [144.126837, -39.819402], [144.119903, -39.812431], [144.114043, -39.802173], [144.111627, -39.799594], [144.104715, -39.779272], [144.10179, -39.764481], [144.100526, -39.752424], [144.100803, -39.737075], [144.106099, -39.699211], [144.109925, -39.677727], [144.109758, -39.670194], [144.108338, -39.668712], [144.094636, -39.661234], [144.068915, -39.644025], [144.056413, -39.633379], [144.051478, -39.625462], [144.044118, -39.62314], [144.040586, -39.62122], [144.035905, -39.62031], [144.01259, -39.608841], [144.011286, -39.607831], [144.011485, -39.60639], [144.007545, -39.604256], [144.005857, -39.602262], [144.004207, -39.59817], [144.00538, -39.596637], [144.002032, -39.597153], [144.001672, -39.599866], [143.996405, -39.601512], [143.989008, -39.602186], [143.98439, -39.600984], [143.98261, -39.599833], [143.981395, -39.596713], [143.980368, -39.596717], [143.980235, -39.595822], [143.975964, -39.592113], [143.972073, -39.591547], [143.969496, -39.588758], [143.963988, -39.587475], [143.962702, -39.588017], [143.961745, -39.586613], [143.958343, -39.585973], [143.957522, -39.585031], [143.956389, -39.585389], [143.955437, -39.583389], [143.953959, -39.583571], [143.953447, -39.581463], [143.951784, -39.581515], [143.9497, -39.579252], [143.94575, -39.580467], [143.940558, -39.584475], [143.939975, -39.585539], [143.940452, -39.585895], [143.938977, -39.587678], [143.939842, -39.587847], [143.939576, -39.58869], [143.938307, -39.589957], [143.937675, -39.589593], [143.935429, -39.59485], [143.93309, -39.59502], [143.930714, -39.592588], [143.926989, -39.592182], [143.924209, -39.595287], [143.92629, -39.597587], [143.925237, -39.600776], [143.92758, -39.60315], [143.92628, -39.607131], [143.927102, -39.608071], [143.92694, -39.609315], [143.925383, -39.609791], [143.924982, -39.612159], [143.927676, -39.613994], [143.927221, -39.615847], [143.9293, -39.616853], [143.931755, -39.620402], [143.931853, -39.622413], [143.930725, -39.622843], [143.933255, -39.625402], [143.931346, -39.62952], [143.93418, -39.633756], [143.934618, -39.638209], [143.932529, -39.649732], [143.927112, -39.662041], [143.922265, -39.669452], [143.912902, -39.680417], [143.89743, -39.694224], [143.891328, -39.698318], [143.890243, -39.698017], [143.891045, -39.697067], [143.889751, -39.697057], [143.875148, -39.700392], [143.87133, -39.703177], [143.868908, -39.707455], [143.866022, -39.709556], [143.859157, -39.711053], [143.854858, -39.71033], [143.852299, -39.711123], [143.849336, -39.710786], [143.846662, -39.712166], [143.84424, -39.715568], [143.844866, -39.716852], [143.847068, -39.717903], [143.846801, -39.719338], [143.845335, -39.719585], [143.84598, -39.721468], [143.845044, -39.723058], [143.847255, -39.72367], [143.8473, -39.725032], [143.845776, -39.725215], [143.846578, -39.725858], [143.846855, -39.729227], [143.849605, -39.729999], [143.847903, -39.732631], [143.851025, -39.732947], [143.852305, -39.73465], [143.851402, -39.735365], [143.854673, -39.737523], [143.852724, -39.739587], [143.853602, -39.740501], [143.852639, -39.743192], [143.853731, -39.74401], [143.853436, -39.745281], [143.851475, -39.746618], [143.854246, -39.750678], [143.853476, -39.750741], [143.852866, -39.752338], [143.849546, -39.753034], [143.848656, -39.754351], [143.851519, -39.757311], [143.850751, -39.758662], [143.851209, -39.760657], [143.849696, -39.761605], [143.852285, -39.763288], [143.851252, -39.764671], [143.852789, -39.766198], [143.85135, -39.767654], [143.85165, -39.76938], [143.850599, -39.769272], [143.850197, -39.770257], [143.851553, -39.771539], [143.855828, -39.773207], [143.856347, -39.774892], [143.855555, -39.775756], [143.856659, -39.778324], [143.858872, -39.78061], [143.862158, -39.788141], [143.861857, -39.789069], [143.863026, -39.789616], [143.862948, -39.792893], [143.861695, -39.793233], [143.861765, -39.793839], [143.859987, -39.793838], [143.86009, -39.795412], [143.864955, -39.799455], [143.864971, -39.801126], [143.866013, -39.801015], [143.864313, -39.801631], [143.861941, -39.804839], [143.862243, -39.80578], [143.86038, -39.80714], [143.863154, -39.80987], [143.862416, -39.810235], [143.862424, -39.811401], [143.859472, -39.812173], [143.860697, -39.813962], [143.860035, -39.815741], [143.859078, -39.81616], [143.860825, -39.816714], [143.863884, -39.819876], [143.863511, -39.821819], [143.861608, -39.822939], [143.860572, -39.822612], [143.860139, -39.823496], [143.862098, -39.823204], [143.864516, -39.824648], [143.864319, -39.825768], [143.865789, -39.828058], [143.865002, -39.828801], [143.867266, -39.831305], [143.867172, -39.833486], [143.866138, -39.840704], [143.863896, -39.844357], [143.860797, -39.847854], [143.859182, -39.848322], [143.858769, -39.849725], [143.855877, -39.849853], [143.855793, -39.850833], [143.854139, -39.851258], [143.859248, -39.853512], [143.859242, -39.855474], [143.860358, -39.856619], [143.858434, -39.857617], [143.857544, -39.859672], [143.853868, -39.861717], [143.853845, -39.862607], [143.855536, -39.862818], [143.856308, -39.864032], [143.85471, -39.865072], [143.853502, -39.867586], [143.851731, -39.86815], [143.85119, -39.869762], [143.846829, -39.870427], [143.847881, -39.873351], [143.845182, -39.875367], [143.845313, -39.87691], [143.844206, -39.876864], [143.845084, -39.877198], [143.844576, -39.877646], [143.845529, -39.878714], [143.844607, -39.880152], [143.843495, -39.880357], [143.844095, -39.880649], [143.843688, -39.882011], [143.84209, -39.8835], [143.843362, -39.883276], [143.844043, -39.884383], [143.841937, -39.885024], [143.843037, -39.885469], [143.842276, -39.885913], [143.8428, -39.88642], [143.845965, -39.886648], [143.846584, -39.887544], [143.846566, -39.888862], [143.845561, -39.889764], [143.843823, -39.889609], [143.84489, -39.890154], [143.844268, -39.890823], [143.847139, -39.894452], [143.845649, -39.895556], [143.841904, -39.895949], [143.838997, -39.898884], [143.838983, -39.900032], [143.836693, -39.900811], [143.835277, -39.902261], [143.835177, -39.902823], [143.83622, -39.90261], [143.835778, -39.903609], [143.837669, -39.904335], [143.838013, -39.905258], [143.836731, -39.90717], [143.839148, -39.909131], [143.839583, -39.910556], [143.838255, -39.912362], [143.834504, -39.913502], [143.834232, -39.915316], [143.833307, -39.915531], [143.834396, -39.916473], [143.83353, -39.917925], [143.834564, -39.92082], [143.833767, -39.921364], [143.835991, -39.922047], [143.835292, -39.922957], [143.835804, -39.923487], [143.839691, -39.922441], [143.841107, -39.923637], [143.842225, -39.922602], [143.84452, -39.923211], [143.844085, -39.923911], [143.845194, -39.925787], [143.844206, -39.926727], [143.84501, -39.927485], [143.843196, -39.927543], [143.844982, -39.92833], [143.843377, -39.929321], [143.842514, -39.928483], [143.840295, -39.92837], [143.841009, -39.928777], [143.839338, -39.929823], [143.839316, -39.932455], [143.837656, -39.93335], [143.839077, -39.934416], [143.840629, -39.934185], [143.840925, -39.93505], [143.838594, -39.9362], [143.841014, -39.936908], [143.841059, -39.937645], [143.842425, -39.938221], [143.843794, -39.938029], [143.843562, -39.939117], [143.845028, -39.940751], [143.843746, -39.941586], [143.846084, -39.941195], [143.846728, -39.942222], [143.848361, -39.942154], [143.848946, -39.943362], [143.851132, -39.943866], [143.850995, -39.944733], [143.852642, -39.945717], [143.855012, -39.944891], [143.856811, -39.946723], [143.856409, -39.948407], [143.860279, -39.948857], [143.860623, -39.949737], [143.859409, -39.951043], [143.861516, -39.950459], [143.862614, -39.950994], [143.869006, -39.958089], [143.869637, -39.960937], [143.868551, -39.961342], [143.868122, -39.963458], [143.871849, -39.964542], [143.8748, -39.967009], [143.876418, -39.966339], [143.878292, -39.966662], [143.879674, -39.967997], [143.879617, -39.970093], [143.884166, -39.975364], [143.885248, -39.978377], [143.884598, -39.978549], [143.884866, -39.980155], [143.886292, -39.981532], [143.885748, -39.983593], [143.886642, -39.984451], [143.888061, -39.984218], [143.889053, -39.985745], [143.886012, -39.988423], [143.887068, -39.9915], [143.888407, -39.992835], [143.891671, -39.993511], [143.888378, -39.996616], [143.886377, -39.996663], [143.885967, -39.998827], [143.885039, -39.998922], [143.886052, -40.000455], [143.885264, -40.001223], [143.887503, -40.003008], [143.887154, -40.004467], [143.887874, -40.005688], [143.888774, -40.005085], [143.890995, -40.005608], [143.892566, -40.006963], [143.892129, -40.010408], [143.892975, -40.011018], [143.891905, -40.011433], [143.891715, -40.013002], [143.888981, -40.013293], [143.889202, -40.017171], [143.888251, -40.01786]]], [[[143.886136, -40.043473], [143.886155, -40.043398], [143.886268, -40.043424], [143.886241, -40.043515], [143.886136, -40.043473]]], [[[143.879313, -40.11932], [143.879463, -40.119315], [143.87943, -40.119365], [143.87933, -40.119381], [143.879313, -40.11932]]], [[[144.869563, -40.725032], [144.870747, -40.724615], [144.8724, -40.724735], [144.872801, -40.724955], [144.874849, -40.727873], [144.876894, -40.729035], [144.878531, -40.732663], [144.88264, -40.735578], [144.89281, -40.739007], [144.893737, -40.74048], [144.898172, -40.738436], [144.901282, -40.738516], [144.903223, -40.739922], [144.905784, -40.739463], [144.907494, -40.738053], [144.907726, -40.735268], [144.910153, -40.731737], [144.919415, -40.728478], [144.926137, -40.728161], [144.930317, -40.728917], [144.937786, -40.732015], [144.943067, -40.731348], [144.946835, -40.72852], [144.956959, -40.717423], [144.961925, -40.714936], [144.963864, -40.712192], [144.965467, -40.712436], [144.976938, -40.707686], [144.987022, -40.707571], [144.992714, -40.708619], [144.993173, -40.709298], [144.993966, -40.707663], [144.995172, -40.708066], [144.995068, -40.709433], [144.993998, -40.710253], [144.994516, -40.711295], [144.996684, -40.709925], [144.998128, -40.710797], [144.997599, -40.711806], [145.000578, -40.71169], [145.001546, -40.713062], [145.003336, -40.712697], [145.003297, -40.713779], [145.004435, -40.714161], [145.005056, -40.713679], [145.004554, -40.711893], [145.008309, -40.711415], [145.009443, -40.708364], [145.014057, -40.706642], [145.020047, -40.705324], [145.028175, -40.705748], [145.029937, -40.706524], [145.031189, -40.706038], [145.031511, -40.706801], [145.030614, -40.708007], [145.032972, -40.708853], [145.032807, -40.710649], [145.033945, -40.708914], [145.032951, -40.707959], [145.034683, -40.708311], [145.034448, -40.707126], [145.038789, -40.705607], [145.039549, -40.706414], [145.038976, -40.707321], [145.036366, -40.708117], [145.035504, -40.709827], [145.039127, -40.713134], [145.043577, -40.714473], [145.044177, -40.713531], [145.046441, -40.713746], [145.051107, -40.712278], [145.04837, -40.715796], [145.046555, -40.71534], [145.044543, -40.716743], [145.043997, -40.715683], [145.042655, -40.716828], [145.04182, -40.716662], [145.042145, -40.715909], [145.041281, -40.716412], [145.041145, -40.717437], [145.059831, -40.716886], [145.064233, -40.715258], [145.067226, -40.715534], [145.06788, -40.714365], [145.067579, -40.712801], [145.064015, -40.711962], [145.056968, -40.706046], [145.044316, -40.689174], [145.044275, -40.686338], [145.047065, -40.685147], [145.044618, -40.685148], [145.044388, -40.682589], [145.045339, -40.681541], [145.04766, -40.682131], [145.049312, -40.680348], [145.045786, -40.680185], [145.037087, -40.684258], [145.026648, -40.684931], [145.014638, -40.681837], [145.00872, -40.67903], [145.001839, -40.674456], [144.991571, -40.670004], [144.985328, -40.666116], [144.979686, -40.660877], [144.962975, -40.63911], [144.96135, -40.637979], [144.9579, -40.631783], [144.954757, -40.629474], [144.952217, -40.62981], [144.952169, -40.63347], [144.958674, -40.639589], [144.961732, -40.64621], [144.963169, -40.647308], [144.967179, -40.654914], [144.968174, -40.655458], [144.967983, -40.658739], [144.966399, -40.659044], [144.965853, -40.658181], [144.964693, -40.658772], [144.963382, -40.657895], [144.963135, -40.65872], [144.962032, -40.658722], [144.960723, -40.657532], [144.960864, -40.656186], [144.960057, -40.656219], [144.959107, -40.654412], [144.954425, -40.652199], [144.950445, -40.651466], [144.942744, -40.651955], [144.93738, -40.649773], [144.933515, -40.644211], [144.933764, -40.643086], [144.935367, -40.641968], [144.936302, -40.638497], [144.930612, -40.634015], [144.929155, -40.63174], [144.929803, -40.627682], [144.928918, -40.625214], [144.92989, -40.622805], [144.92939, -40.62232], [144.928629, -40.623196], [144.924693, -40.623808], [144.923023, -40.623355], [144.919365, -40.624943], [144.919812, -40.625865], [144.916166, -40.634648], [144.915109, -40.640646], [144.914189, -40.64209], [144.910184, -40.642233], [144.910279, -40.642901], [144.912442, -40.643215], [144.912174, -40.646658], [144.908985, -40.650401], [144.905917, -40.650602], [144.906263, -40.651674], [144.905257, -40.654472], [144.903128, -40.657129], [144.897351, -40.659345], [144.89571, -40.661622], [144.892957, -40.66257], [144.892198, -40.664744], [144.880144, -40.672579], [144.877404, -40.673506], [144.87183, -40.678599], [144.871595, -40.682706], [144.874196, -40.68426], [144.87214, -40.684558], [144.871113, -40.686726], [144.871734, -40.689133], [144.873594, -40.690501], [144.871895, -40.692863], [144.871808, -40.695018], [144.873948, -40.70038], [144.874647, -40.706241], [144.876441, -40.710768], [144.875304, -40.713368], [144.873258, -40.713856], [144.873982, -40.717112], [144.870917, -40.719127], [144.869628, -40.721165], [144.867356, -40.721336], [144.867271, -40.722291], [144.868685, -40.723069], [144.868444, -40.723881], [144.869563, -40.725032]]], [[[144.724243, -40.482053], [144.725337, -40.479949], [144.724777, -40.479136], [144.722951, -40.479396], [144.72137, -40.481409], [144.718908, -40.481058], [144.714344, -40.48283], [144.711436, -40.482261], [144.710465, -40.48587], [144.711465, -40.48848], [144.710689, -40.488773], [144.711513, -40.490351], [144.710873, -40.492503], [144.711722, -40.492456], [144.712155, -40.493527], [144.713998, -40.493067], [144.714592, -40.49454], [144.716359, -40.495717], [144.715955, -40.496684], [144.717025, -40.49631], [144.716731, -40.499165], [144.717836, -40.499262], [144.718277, -40.500491], [144.717343, -40.500641], [144.716675, -40.50312], [144.714057, -40.504871], [144.712951, -40.507096], [144.71104, -40.507418], [144.7101, -40.506218], [144.709395, -40.509508], [144.711452, -40.511021], [144.713768, -40.5108], [144.717464, -40.513306], [144.719999, -40.513871], [144.722219, -40.517046], [144.719896, -40.519901], [144.721728, -40.522497], [144.720482, -40.523855], [144.721179, -40.524194], [144.720309, -40.524474], [144.721901, -40.525006], [144.721743, -40.525745], [144.724104, -40.525974], [144.723457, -40.52706], [144.724219, -40.528848], [144.725566, -40.52881], [144.726133, -40.529863], [144.725275, -40.531484], [144.723621, -40.531197], [144.724099, -40.531876], [144.723196, -40.53167], [144.722891, -40.533404], [144.725905, -40.535099], [144.727904, -40.535284], [144.726616, -40.53869], [144.727213, -40.53855], [144.727174, -40.539384], [144.728113, -40.538955], [144.728143, -40.540469], [144.729518, -40.542028], [144.728759, -40.544306], [144.731001, -40.546463], [144.730639, -40.547821], [144.731964, -40.548009], [144.732977, -40.54918], [144.732963, -40.551071], [144.731661, -40.551941], [144.730846, -40.551521], [144.732086, -40.554021], [144.730244, -40.555898], [144.72806, -40.562299], [144.725519, -40.566191], [144.72485, -40.570523], [144.726132, -40.573599], [144.725805, -40.5746], [144.726801, -40.576163], [144.729788, -40.576456], [144.73167, -40.577494], [144.732262, -40.579764], [144.730788, -40.581623], [144.733893, -40.582208], [144.7345, -40.584427], [144.73309, -40.586137], [144.735348, -40.588343], [144.73356, -40.590324], [144.735489, -40.592882], [144.747062, -40.596856], [144.750155, -40.600811], [144.753951, -40.603454], [144.755288, -40.603475], [144.757602, -40.605982], [144.767557, -40.596955], [144.768186, -40.593923], [144.771429, -40.589903], [144.772026, -40.58807], [144.773562, -40.586957], [144.775962, -40.581231], [144.775467, -40.579358], [144.776273, -40.575666], [144.772996, -40.568677], [144.76961, -40.555399], [144.76965, -40.553916], [144.772133, -40.552159], [144.773489, -40.55003], [144.772846, -40.543235], [144.773941, -40.540406], [144.771284, -40.533477], [144.773211, -40.529698], [144.775192, -40.530079], [144.779201, -40.528849], [144.779996, -40.525638], [144.784591, -40.520358], [144.78562, -40.520308], [144.783953, -40.518677], [144.78403, -40.515662], [144.787341, -40.514668], [144.787482, -40.51402], [144.786168, -40.513253], [144.787265, -40.511778], [144.787025, -40.510686], [144.788555, -40.509577], [144.78856, -40.508448], [144.791042, -40.507282], [144.789728, -40.506945], [144.789543, -40.505616], [144.787535, -40.504689], [144.786718, -40.499106], [144.787361, -40.497139], [144.788835, -40.497], [144.788863, -40.494811], [144.790727, -40.494192], [144.790501, -40.492851], [144.792491, -40.492536], [144.792481, -40.491731], [144.789375, -40.490321], [144.788419, -40.487495], [144.790074, -40.484274], [144.791807, -40.482813], [144.792562, -40.479053], [144.790249, -40.476634], [144.790962, -40.474722], [144.788184, -40.474577], [144.787468, -40.473203], [144.785606, -40.472361], [144.784988, -40.47021], [144.78611, -40.467175], [144.789809, -40.466916], [144.789641, -40.466101], [144.791023, -40.464458], [144.790044, -40.461075], [144.790919, -40.45864], [144.789773, -40.455965], [144.790537, -40.451491], [144.788674, -40.447869], [144.789672, -40.445183], [144.789302, -40.441185], [144.790303, -40.439437], [144.788473, -40.436282], [144.789059, -40.435181], [144.788182, -40.431946], [144.788831, -40.427959], [144.788194, -40.427425], [144.788466, -40.425664], [144.790438, -40.424628], [144.79056, -40.42208], [144.792476, -40.419747], [144.792726, -40.417558], [144.791737, -40.413638], [144.790605, -40.413609], [144.790426, -40.412372], [144.789362, -40.411639], [144.790379, -40.405172], [144.789436, -40.403762], [144.788126, -40.403568], [144.787607, -40.40119], [144.785615, -40.4006], [144.786109, -40.399934], [144.784142, -40.399758], [144.784696, -40.401425], [144.78414, -40.402708], [144.785366, -40.403876], [144.784087, -40.404963], [144.783044, -40.404298], [144.783684, -40.404931], [144.782945, -40.404783], [144.783443, -40.406756], [144.781754, -40.406433], [144.78323, -40.406842], [144.783052, -40.407537], [144.785228, -40.409393], [144.784576, -40.411681], [144.783213, -40.410919], [144.783757, -40.41192], [144.78307, -40.411647], [144.783469, -40.412024], [144.784579, -40.412415], [144.785037, -40.41217], [144.786422, -40.412948], [144.785518, -40.413146], [144.785185, -40.414566], [144.783773, -40.415133], [144.782654, -40.414665], [144.783202, -40.415186], [144.782571, -40.416174], [144.783434, -40.416716], [144.782815, -40.417386], [144.78416, -40.418067], [144.783374, -40.418644], [144.784404, -40.419208], [144.784387, -40.420541], [144.783543, -40.421036], [144.781311, -40.420411], [144.78137, -40.421257], [144.780202, -40.421323], [144.780634, -40.421812], [144.779585, -40.421955], [144.779474, -40.422904], [144.774453, -40.4259], [144.775256, -40.427055], [144.774114, -40.427597], [144.774163, -40.429331], [144.773306, -40.430058], [144.772911, -40.429076], [144.772409, -40.430536], [144.773245, -40.430419], [144.773489, -40.43171], [144.772744, -40.432509], [144.772271, -40.432495], [144.772588, -40.433159], [144.77127, -40.43254], [144.770752, -40.433203], [144.7708, -40.434061], [144.771911, -40.434167], [144.772218, -40.435506], [144.770499, -40.4371], [144.770347, -40.439152], [144.769366, -40.438552], [144.768075, -40.439877], [144.768162, -40.441588], [144.76737, -40.442123], [144.768114, -40.442367], [144.767299, -40.442438], [144.766755, -40.443713], [144.767292, -40.44381], [144.766502, -40.444094], [144.766597, -40.445533], [144.767413, -40.445935], [144.767004, -40.446576], [144.766421, -40.446469], [144.766071, -40.447919], [144.767068, -40.449374], [144.765809, -40.448539], [144.766419, -40.450931], [144.765303, -40.451846], [144.765126, -40.453438], [144.766358, -40.453264], [144.767372, -40.454468], [144.767247, -40.456253], [144.771162, -40.458797], [144.770696, -40.459509], [144.7721, -40.46077], [144.772579, -40.464419], [144.771676, -40.466164], [144.768283, -40.466682], [144.767642, -40.46783], [144.766816, -40.467753], [144.767081, -40.470181], [144.763859, -40.473616], [144.764849, -40.474955], [144.761045, -40.47645], [144.760323, -40.479427], [144.758755, -40.480445], [144.759157, -40.481324], [144.755696, -40.484358], [144.755957, -40.485642], [144.751088, -40.488675], [144.744898, -40.490039], [144.742599, -40.486677], [144.739746, -40.488757], [144.737135, -40.486563], [144.736171, -40.48675], [144.735046, -40.489057], [144.730751, -40.489194], [144.728073, -40.486303], [144.728151, -40.485244], [144.727573, -40.486206], [144.725937, -40.485892], [144.725253, -40.483363], [144.724243, -40.482053]]], [[[144.96889, -40.423586], [144.967048, -40.421997], [144.964422, -40.42121], [144.964526, -40.419989], [144.961293, -40.419087], [144.961917, -40.4163], [144.957863, -40.415321], [144.957302, -40.412788], [144.956215, -40.412446], [144.956853, -40.410834], [144.956315, -40.408803], [144.958332, -40.408817], [144.959149, -40.408034], [144.957307, -40.405292], [144.961565, -40.405784], [144.961752, -40.404493], [144.960558, -40.404574], [144.959068, -40.403115], [144.961464, -40.402887], [144.962033, -40.401478], [144.960876, -40.400097], [144.959055, -40.400055], [144.958223, -40.396389], [144.95558, -40.394599], [144.956283, -40.393147], [144.955344, -40.393119], [144.955858, -40.392505], [144.954617, -40.391235], [144.953202, -40.391689], [144.952669, -40.392915], [144.949828, -40.392662], [144.950275, -40.392954], [144.949114, -40.393479], [144.947897, -40.396141], [144.943638, -40.397748], [144.940891, -40.397774], [144.940154, -40.396629], [144.936319, -40.397046], [144.935913, -40.396751], [144.936962, -40.396108], [144.935322, -40.394539], [144.934242, -40.394121], [144.934304, -40.39507], [144.933021, -40.395534], [144.932635, -40.394537], [144.931104, -40.394391], [144.93161, -40.392799], [144.931052, -40.392775], [144.929988, -40.394355], [144.928661, -40.393838], [144.928547, -40.392561], [144.92694, -40.392671], [144.926183, -40.391706], [144.924664, -40.39227], [144.923867, -40.393727], [144.92056, -40.393751], [144.921006, -40.394648], [144.918189, -40.394304], [144.913897, -40.397452], [144.912214, -40.395718], [144.909532, -40.395163], [144.907561, -40.393728], [144.906582, -40.393816], [144.905787, -40.395153], [144.903138, -40.393303], [144.900227, -40.394093], [144.900033, -40.395181], [144.899267, -40.394887], [144.898702, -40.394166], [144.899127, -40.393024], [144.897318, -40.391644], [144.897021, -40.388734], [144.891635, -40.388251], [144.891422, -40.389317], [144.89237, -40.389821], [144.890921, -40.390337], [144.889739, -40.388777], [144.887152, -40.388676], [144.886975, -40.389565], [144.884706, -40.389869], [144.883388, -40.39109], [144.881929, -40.390886], [144.882868, -40.391708], [144.881221, -40.393372], [144.87902, -40.39278], [144.88104, -40.393852], [144.879914, -40.394307], [144.881977, -40.39529], [144.880068, -40.396064], [144.883548, -40.397189], [144.88275, -40.397869], [144.884339, -40.398687], [144.88441, -40.399455], [144.881726, -40.400137], [144.879437, -40.399371], [144.879909, -40.400154], [144.878868, -40.39959], [144.879418, -40.400283], [144.878934, -40.400643], [144.87689, -40.399872], [144.874494, -40.401325], [144.875737, -40.402831], [144.875213, -40.402937], [144.877835, -40.404975], [144.8857, -40.408489], [144.884393, -40.410421], [144.88485, -40.41123], [144.883997, -40.412491], [144.884847, -40.41346], [144.883924, -40.415373], [144.877013, -40.422894], [144.865414, -40.431975], [144.85422, -40.43453], [144.851885, -40.434778], [144.847365, -40.432134], [144.846175, -40.432319], [144.844956, -40.430188], [144.841026, -40.429911], [144.840614, -40.431018], [144.843314, -40.434292], [144.843007, -40.436048], [144.840733, -40.438029], [144.836343, -40.437983], [144.837384, -40.438746], [144.836291, -40.439423], [144.835771, -40.441499], [144.835025, -40.441306], [144.835442, -40.442413], [144.834773, -40.44306], [144.83627, -40.444805], [144.835452, -40.444798], [144.835738, -40.445234], [144.840501, -40.447522], [144.841278, -40.446743], [144.842778, -40.446893], [144.850925, -40.45246], [144.853362, -40.461354], [144.858052, -40.468834], [144.872439, -40.471589], [144.875789, -40.473279], [144.876687, -40.474983], [144.878998, -40.475784], [144.880386, -40.477376], [144.883236, -40.477537], [144.888126, -40.480557], [144.890535, -40.480978], [144.892978, -40.48333], [144.896639, -40.483856], [144.901038, -40.482118], [144.903, -40.482593], [144.904276, -40.481633], [144.904759, -40.482142], [144.905364, -40.480837], [144.90858, -40.480186], [144.913024, -40.481114], [144.913829, -40.477675], [144.916861, -40.478031], [144.916535, -40.477175], [144.919136, -40.475634], [144.91832, -40.47505], [144.918814, -40.47426], [144.919943, -40.473643], [144.922632, -40.473994], [144.924934, -40.471847], [144.927746, -40.472251], [144.926285, -40.471477], [144.927878, -40.471142], [144.92768, -40.470158], [144.932322, -40.470307], [144.933771, -40.469498], [144.934124, -40.46834], [144.939446, -40.465723], [144.939118, -40.465243], [144.940709, -40.465314], [144.938754, -40.462655], [144.942257, -40.459279], [144.945131, -40.45817], [144.94842, -40.459051], [144.949157, -40.460489], [144.951601, -40.460038], [144.952229, -40.458988], [144.951215, -40.456952], [144.952129, -40.45477], [144.950355, -40.453747], [144.947379, -40.453782], [144.946509, -40.451801], [144.946668, -40.442562], [144.947807, -40.438805], [144.950856, -40.435562], [144.952548, -40.435232], [144.954471, -40.436238], [144.956888, -40.436184], [144.960368, -40.433968], [144.960587, -40.431903], [144.958816, -40.43029], [144.963667, -40.43205], [144.965564, -40.431304], [144.963866, -40.430058], [144.964597, -40.429802], [144.964154, -40.429047], [144.965581, -40.428742], [144.965564, -40.427699], [144.966825, -40.427853], [144.967463, -40.426565], [144.969846, -40.426391], [144.969172, -40.424547], [144.968493, -40.424504], [144.96889, -40.423586]]], [[[145.041411, -40.77855], [145.046532, -40.782984], [145.051191, -40.784471], [145.059712, -40.785353], [145.071028, -40.79219], [145.07742, -40.794917], [145.095925, -40.795119], [145.101292, -40.7959], [145.103244, -40.795463], [145.104434, -40.793866], [145.103939, -40.792165], [145.098966, -40.787578], [145.084667, -40.781955], [145.073132, -40.775257], [145.063229, -40.767121], [145.051575, -40.753887], [145.047311, -40.751108], [145.044205, -40.751261], [145.04453, -40.753701], [145.042852, -40.757718], [145.042043, -40.762848], [145.041692, -40.767368], [145.042528, -40.768899], [145.041521, -40.771371], [145.040775, -40.771308], [145.040086, -40.774388], [145.041411, -40.77855]]], [[[146.403721, -41.171014], [146.403549, -41.171135], [146.403702, -41.171315], [146.4035, -41.17151], [146.402426, -41.171922], [146.402451, -41.171822], [146.403485, -41.17146], [146.403631, -41.171265], [146.395613, -41.172722], [146.391576, -41.172903], [146.386405, -41.169914], [146.38349, -41.16912], [146.378707, -41.169186], [146.375543, -41.170585], [146.373548, -41.170493], [146.373502, -41.171429], [146.372487, -41.171999], [146.368877, -41.172243], [146.368462, -41.170044], [146.369814, -41.167473], [146.368883, -41.168818], [146.368324, -41.170154], [146.368922, -41.17397], [146.366346, -41.174374], [146.365113, -41.177668], [146.366772, -41.182423], [146.366388, -41.184652], [146.368953, -41.188321], [146.369776, -41.191357], [146.369511, -41.192852], [146.368561, -41.193297], [146.369695, -41.193808], [146.367859, -41.194436], [146.366947, -41.196444], [146.363836, -41.198088], [146.362334, -41.200687], [146.366085, -41.203738], [146.369287, -41.203382], [146.37099, -41.204153], [146.370794, -41.204878], [146.373101, -41.206355], [146.375985, -41.209905], [146.376177, -41.211198], [146.379429, -41.209403], [146.383021, -41.203224], [146.393222, -41.203512], [146.399832, -41.182678], [146.405435, -41.18196], [146.406075, -41.170212], [146.403721, -41.171014]]], [[[144.925765, -40.578483], [144.92265, -40.58266], [144.924439, -40.588013], [144.924358, -40.592847], [144.923239, -40.594782], [144.923716, -40.598667], [144.92226, -40.600245], [144.922763, -40.601049], [144.919898, -40.608983], [144.919755, -40.612271], [144.923604, -40.615973], [144.927726, -40.616779], [144.928605, -40.618258], [144.930218, -40.617875], [144.931839, -40.618972], [144.933277, -40.620844], [144.934917, -40.628476], [144.937001, -40.629337], [144.938796, -40.62835], [144.94195, -40.624709], [144.947624, -40.623143], [144.949933, -40.621075], [144.942411, -40.611771], [144.936368, -40.600624], [144.937053, -40.598647], [144.935516, -40.597528], [144.934864, -40.595907], [144.936299, -40.592692], [144.937706, -40.591945], [144.937086, -40.590762], [144.938497, -40.589407], [144.936145, -40.58843], [144.933457, -40.58308], [144.932267, -40.583998], [144.930453, -40.582999], [144.929545, -40.581297], [144.929522, -40.578024], [144.927535, -40.577456], [144.925765, -40.578483]]], [[[144.825632, -40.695061], [144.823861, -40.698141], [144.824113, -40.699635], [144.827569, -40.701745], [144.831354, -40.701921], [144.837326, -40.700378], [144.841321, -40.69614], [144.83965, -40.69345], [144.833954, -40.691817], [144.834477, -40.69144], [144.833371, -40.690789], [144.830779, -40.692023], [144.825632, -40.695061]]], [[[144.687391, -40.626681], [144.680966, -40.626158], [144.679057, -40.627297], [144.680956, -40.628178], [144.679262, -40.629593], [144.683585, -40.62988], [144.684021, -40.632862], [144.686568, -40.634093], [144.68572, -40.634947], [144.685937, -40.637958], [144.68762, -40.6388], [144.689969, -40.638841], [144.692263, -40.637232], [144.695842, -40.636892], [144.698282, -40.6339], [144.696471, -40.631973], [144.693843, -40.631542], [144.69141, -40.628326], [144.689664, -40.62825], [144.68952, -40.627623], [144.687391, -40.626681]]], [[[143.819218, -39.674996], [143.820257, -39.676154], [143.82197, -39.676287], [143.821796, -39.676894], [143.822665, -39.677208], [143.825893, -39.676495], [143.825828, -39.67733], [143.826351, -39.676164], [143.825327, -39.673508], [143.827566, -39.671407], [143.830637, -39.670583], [143.836637, -39.67061], [143.837773, -39.668741], [143.836474, -39.667297], [143.833286, -39.667459], [143.830896, -39.665595], [143.826748, -39.665015], [143.825298, -39.66771], [143.822017, -39.668168], [143.82044, -39.669172], [143.819765, -39.671332], [143.82031, -39.672505], [143.818923, -39.672958], [143.819343, -39.674], [143.819218, -39.674996]]], [[[143.8277, -39.69044], [143.83018, -39.691354], [143.829885, -39.693141], [143.83363, -39.693153], [143.835897, -39.687897], [143.83315, -39.684058], [143.828717, -39.681629], [143.826046, -39.682948], [143.827014, -39.684185], [143.826482, -39.685489], [143.829089, -39.688643], [143.828904, -39.689475], [143.8277, -39.69044]]], [[[144.923781, -40.746698], [144.922465, -40.746391], [144.92136, -40.74769], [144.920633, -40.746777], [144.918012, -40.747627], [144.913564, -40.747501], [144.9099, -40.748715], [144.909522, -40.749967], [144.913043, -40.751457], [144.919597, -40.752013], [144.925032, -40.750734], [144.924758, -40.749822], [144.925472, -40.74916], [144.92456, -40.748907], [144.9264, -40.749173], [144.924603, -40.748018], [144.923781, -40.746698]]], [[[144.716806, -40.602235], [144.717168, -40.603096], [144.716223, -40.604116], [144.716782, -40.604745], [144.715651, -40.604721], [144.716306, -40.606493], [144.720371, -40.607928], [144.721151, -40.609003], [144.722594, -40.608756], [144.723282, -40.606018], [144.72197, -40.600401], [144.720044, -40.598806], [144.719585, -40.59961], [144.717679, -40.599404], [144.718164, -40.601108], [144.717161, -40.601492], [144.717684, -40.601983], [144.716806, -40.602235]]], [[[144.772955, -40.607439], [144.773898, -40.610419], [144.775842, -40.607907], [144.77836, -40.607332], [144.779931, -40.604968], [144.779107, -40.602448], [144.776734, -40.603378], [144.772955, -40.607439]]], [[[144.686451, -40.561212], [144.684933, -40.560879], [144.683311, -40.561432], [144.684755, -40.561498], [144.683792, -40.562615], [144.67854, -40.562625], [144.681565, -40.563928], [144.68411, -40.566753], [144.686376, -40.566811], [144.686718, -40.562282], [144.686451, -40.561212]]], [[[144.65475, -40.37749], [144.653184, -40.378271], [144.653932, -40.378728], [144.652625, -40.37879], [144.653333, -40.379707], [144.652409, -40.381308], [144.653016, -40.381097], [144.653721, -40.381571], [144.65374, -40.380143], [144.655175, -40.37994], [144.654932, -40.378925], [144.656384, -40.377799], [144.657115, -40.375849], [144.657146, -40.375275], [144.656091, -40.375247], [144.657275, -40.374717], [144.65726, -40.373502], [144.655658, -40.372057], [144.65501, -40.372085], [144.655017, -40.373059], [144.654186, -40.372898], [144.654966, -40.373805], [144.653764, -40.373964], [144.654044, -40.375301], [144.654941, -40.375339], [144.654477, -40.37692], [144.65475, -40.37749]]], [[[144.872731, -40.731506], [144.874972, -40.731386], [144.873364, -40.72926], [144.868496, -40.727172], [144.868825, -40.729792], [144.872731, -40.731506]]], [[[144.163944, -39.828246], [144.161581, -39.828578], [144.160414, -39.827398], [144.158004, -39.832844], [144.160441, -39.830843], [144.162559, -39.83103], [144.163591, -39.829148], [144.163944, -39.828246]]], [[[144.929004, -40.571252], [144.93045, -40.570302], [144.929445, -40.5694], [144.929307, -40.567812], [144.927741, -40.568389], [144.925987, -40.568249], [144.925583, -40.570755], [144.929004, -40.571252]]], [[[143.924564, -40.161684], [143.926219, -40.160586], [143.927556, -40.160674], [143.927815, -40.161373], [143.929035, -40.159645], [143.926741, -40.157669], [143.925729, -40.158142], [143.92472, -40.160371], [143.924564, -40.161684]]], [[[144.872214, -40.724779], [144.871606, -40.724897], [144.870721, -40.724756], [144.869604, -40.725733], [144.871054, -40.727086], [144.873932, -40.728011], [144.875107, -40.729428], [144.876158, -40.729274], [144.874563, -40.728241], [144.873194, -40.725862], [144.872214, -40.724779]]], [[[144.678938, -40.672779], [144.681366, -40.673395], [144.682038, -40.672636], [144.680065, -40.670679], [144.678679, -40.670367], [144.677988, -40.671368], [144.678938, -40.672779]]], [[[144.704512, -40.507102], [144.70578, -40.507698], [144.708844, -40.50736], [144.705275, -40.504862], [144.704853, -40.505982], [144.704512, -40.507102]]], [[[144.938075, -40.563271], [144.939151, -40.562807], [144.939818, -40.56013], [144.940872, -40.559502], [144.93986, -40.558093], [144.939085, -40.558385], [144.938657, -40.560701], [144.938075, -40.563271]]], [[[144.673377, -40.672374], [144.674305, -40.671631], [144.673659, -40.670135], [144.669702, -40.671131], [144.673377, -40.672374]]], [[[144.979191, -40.735448], [144.97941, -40.730888], [144.977514, -40.733556], [144.978015, -40.734916], [144.979191, -40.735448]]], [[[145.017997, -40.764642], [145.020145, -40.761299], [145.017015, -40.763307], [145.016409, -40.764082], [145.017997, -40.764642]]], [[[144.849766, -40.735246], [144.851989, -40.734735], [144.848769, -40.732323], [144.849226, -40.734089], [144.849766, -40.735246]]], [[[144.869946, -40.716742], [144.872069, -40.716213], [144.870624, -40.714571], [144.869271, -40.716059], [144.869946, -40.716742]]], [[[144.865738, -40.725236], [144.864554, -40.723651], [144.863421, -40.724229], [144.865002, -40.726152], [144.86604, -40.725759], [144.865607, -40.724539], [144.865738, -40.725236]]], [[[144.810217, -40.574052], [144.81134, -40.575201], [144.811249, -40.578139], [144.812173, -40.575141], [144.81153, -40.573629], [144.810217, -40.574052]]], [[[146.251329, -41.175165], [146.252745, -41.174117], [146.253114, -41.172616], [146.251432, -41.173081], [146.25123, -41.174584], [146.251329, -41.175165]]], [[[146.357735, -41.206092], [146.359085, -41.207811], [146.359434, -41.207697], [146.35946, -41.204976], [146.357735, -41.206092]]], [[[144.733269, -40.64149], [144.734083, -40.640186], [144.73377, -40.638943], [144.732713, -40.638876], [144.732734, -40.640924], [144.733269, -40.64149]]], [[[144.830808, -40.713412], [144.831048, -40.712993], [144.828055, -40.712071], [144.828911, -40.713725], [144.830808, -40.713412]]], [[[144.865774, -40.727791], [144.86606, -40.725919], [144.864977, -40.726331], [144.864005, -40.726331], [144.86383, -40.726825], [144.865774, -40.727791]]], [[[146.127516, -41.158927], [146.127885, -41.158884], [146.128418, -41.158656], [146.123983, -41.157597], [146.126028, -41.15871], [146.127516, -41.158927]]], [[[144.739318, -40.619645], [144.7395, -40.618296], [144.738442, -40.619165], [144.737503, -40.618599], [144.737723, -40.61978], [144.739318, -40.619645]]], [[[146.332659, -41.16239], [146.332764, -41.161864], [146.330918, -41.161404], [146.331064, -41.162661], [146.332659, -41.16239]]], [[[144.876386, -40.73298], [144.876725, -40.732615], [144.875962, -40.731613], [144.874554, -40.732808], [144.876386, -40.73298]]], [[[146.359936, -41.206355], [146.360127, -41.207908], [146.360407, -41.207931], [146.361517, -41.206236], [146.359936, -41.206355]]], [[[144.921866, -40.568312], [144.922994, -40.56837], [144.922797, -40.567083], [144.921308, -40.567444], [144.921866, -40.568312]]], [[[144.963835, -40.714486], [144.964598, -40.713238], [144.963481, -40.713275], [144.962612, -40.714294], [144.963835, -40.714486]]], [[[145.539254, -40.891114], [145.539536, -40.890334], [145.537887, -40.890073], [145.537053, -40.890472], [145.539254, -40.891114]]], [[[144.69871, -40.802069], [144.698819, -40.801433], [144.697721, -40.801503], [144.696981, -40.803153], [144.69871, -40.802069]]], [[[144.921227, -40.57269], [144.922359, -40.572958], [144.922504, -40.571569], [144.921315, -40.572052], [144.921227, -40.57269]]], [[[144.900104, -41.618592], [144.900815, -41.616998], [144.899968, -41.616926], [144.899519, -41.617835], [144.900104, -41.618592]]], [[[143.846754, -39.733691], [143.847524, -39.7327], [143.846433, -39.732397], [143.845842, -39.732809], [143.846754, -39.733691]]], [[[146.361524, -41.208268], [146.362772, -41.207074], [146.361925, -41.20669], [146.361123, -41.208227], [146.361524, -41.208268]]], [[[144.734469, -40.637387], [144.73486, -40.639772], [144.735085, -40.639582], [144.735295, -40.638057], [144.734469, -40.637387]]], [[[144.03781, -40.086992], [144.038034, -40.085896], [144.037124, -40.085891], [144.036881, -40.086931], [144.03781, -40.086992]]], [[[144.710395, -41.272981], [144.709424, -41.269779], [144.709673, -41.271012], [144.709322, -41.272049], [144.710395, -41.272981]]], [[[144.675861, -40.716758], [144.676381, -40.716793], [144.677333, -40.715351], [144.676834, -40.715215], [144.67637, -40.716022], [144.675861, -40.716758]]], [[[144.81326, -41.48958], [144.813729, -41.488849], [144.812602, -41.488641], [144.812519, -41.489398], [144.81326, -41.48958]]], [[[146.250933, -41.172543], [146.25123, -41.171711], [146.250675, -41.171051], [146.250562, -41.171075], [146.250444, -41.17211], [146.250933, -41.172543]]], [[[144.69733, -40.782339], [144.69825, -40.781448], [144.697465, -40.781086], [144.697132, -40.78156], [144.69733, -40.782339]]], [[[144.974337, -40.709401], [144.973891, -40.709695], [144.974775, -40.710287], [144.975438, -40.709689], [144.974337, -40.709401]]], [[[146.138662, -41.134775], [146.13773, -41.135286], [146.13859, -41.136143], [146.13866, -41.13547], [146.138662, -41.134775]]], [[[144.731358, -40.587008], [144.731888, -40.587353], [144.732166, -40.586322], [144.731334, -40.58624], [144.731358, -40.587008]]], [[[144.762275, -41.432676], [144.762664, -41.433268], [144.763215, -41.432057], [144.762563, -41.432014], [144.762275, -41.432676]]], [[[146.323711, -41.17632], [146.323635, -41.17584], [146.322781, -41.175611], [146.322903, -41.176588], [146.323711, -41.17632]]], [[[144.683969, -40.58263], [144.684834, -40.582297], [144.683913, -40.582112], [144.682579, -40.582416], [144.683969, -40.58263]]], [[[144.867605, -40.744417], [144.868237, -40.744279], [144.867564, -40.743728], [144.866541, -40.744132], [144.867605, -40.744417]]], [[[144.907846, -40.391741], [144.907469, -40.393209], [144.90796, -40.393124], [144.908193, -40.391867], [144.907846, -40.391741]]], [[[144.678991, -41.176796], [144.679971, -41.176954], [144.677656, -41.175193], [144.678555, -41.176074], [144.678991, -41.176796]]], [[[144.781441, -40.598237], [144.781105, -40.599689], [144.781328, -40.599722], [144.781935, -40.598423], [144.781441, -40.598237]]], [[[144.867166, -40.726708], [144.867479, -40.726837], [144.866685, -40.724319], [144.866796, -40.725666], [144.867166, -40.726708]]], [[[144.759029, -40.694393], [144.760118, -40.695526], [144.760752, -40.695229], [144.759905, -40.694808], [144.759029, -40.694393]]], [[[144.613902, -40.946204], [144.615736, -40.945999], [144.613665, -40.945733], [144.613428, -40.94586], [144.613902, -40.946204]]], [[[145.304438, -40.847166], [145.304563, -40.847093], [145.303852, -40.84661], [145.302613, -40.846986], [145.304438, -40.847166]]], [[[144.611196, -40.940727], [144.610638, -40.941387], [144.611875, -40.940989], [144.610943, -40.940452], [144.610226, -40.940755], [144.611196, -40.940727]]], [[[144.702554, -40.644914], [144.703278, -40.644331], [144.702747, -40.644116], [144.70205, -40.644503], [144.702554, -40.644914]]], [[[145.102435, -40.812009], [145.102726, -40.811393], [145.101633, -40.81156], [145.101447, -40.811857], [145.102435, -40.812009]]], [[[144.612977, -40.934403], [144.613619, -40.934282], [144.613089, -40.933717], [144.612374, -40.933948], [144.612977, -40.934403]]], [[[144.686063, -40.671423], [144.686465, -40.670881], [144.685521, -40.670816], [144.685517, -40.671348], [144.686063, -40.671423]]], [[[144.783739, -40.408408], [144.78207, -40.407748], [144.781886, -40.407986], [144.782751, -40.408329], [144.783739, -40.408408]]], [[[144.899831, -41.636273], [144.898908, -41.635849], [144.899136, -41.636557], [144.899529, -41.636712], [144.899831, -41.636273]]], [[[144.728627, -41.307892], [144.729077, -41.307627], [144.728471, -41.307099], [144.728049, -41.307266], [144.728627, -41.307892]]], [[[144.753226, -41.42506], [144.75268, -41.424753], [144.752408, -41.425244], [144.753003, -41.425599], [144.753226, -41.42506]]], [[[145.046394, -41.606794], [145.046988, -41.605887], [145.046386, -41.605977], [145.046075, -41.60646], [145.046394, -41.606794]]], [[[145.297985, -40.849394], [145.299211, -40.848942], [145.298114, -40.849079], [145.296908, -40.848774], [145.297985, -40.849394]]], [[[144.944424, -40.751457], [144.944587, -40.751162], [144.943999, -40.750823], [144.943664, -40.751503], [144.944424, -40.751457]]], [[[144.618276, -41.007314], [144.618338, -41.006767], [144.618005, -41.006608], [144.617463, -41.007133], [144.618276, -41.007314]]], [[[144.774069, -40.426232], [144.774173, -40.425413], [144.773775, -40.42526], [144.773578, -40.425873], [144.774069, -40.426232]]], [[[144.837989, -40.430366], [144.83871, -40.431386], [144.838979, -40.431017], [144.838463, -40.430518], [144.837989, -40.430366]]], [[[146.252657, -41.174606], [146.251759, -41.175109], [146.252683, -41.175298], [146.252744, -41.174637], [146.252657, -41.174606]]], [[[144.866328, -40.741779], [144.865954, -40.742009], [144.866168, -40.742543], [144.86683, -40.742158], [144.866328, -40.741779]]], [[[144.030978, -40.105336], [144.031083, -40.106355], [144.031315, -40.106312], [144.031562, -40.105696], [144.030978, -40.105336]]], [[[144.679744, -41.178829], [144.6799, -41.178141], [144.679602, -41.17807], [144.679086, -41.178638], [144.679744, -41.178829]]], [[[144.705726, -40.832964], [144.70584, -40.832183], [144.705462, -40.832394], [144.705102, -40.833174], [144.705726, -40.832964]]], [[[144.780309, -40.601096], [144.780526, -40.600039], [144.779901, -40.600707], [144.779957, -40.60116], [144.780309, -40.601096]]], [[[144.723756, -41.303836], [144.724686, -41.303833], [144.724623, -41.303182], [144.724351, -41.303309], [144.723756, -41.303836]]], [[[146.128733, -41.124789], [146.128924, -41.124289], [146.128354, -41.124167], [146.128193, -41.124838], [146.128733, -41.124789]]], [[[144.701106, -40.779095], [144.700767, -40.778582], [144.700393, -40.778587], [144.70051, -40.779314], [144.701106, -40.779095]]], [[[144.70278, -40.791198], [144.702532, -40.79166], [144.7034, -40.791746], [144.70315, -40.791173], [144.70278, -40.791198]]], [[[146.127755, -41.120343], [146.128251, -41.119692], [146.127603, -41.119711], [146.127356, -41.120174], [146.127755, -41.120343]]], [[[146.247993, -41.168525], [146.248609, -41.167505], [146.247902, -41.167945], [146.2477, -41.168548], [146.247993, -41.168525]]], [[[144.891251, -40.485447], [144.891143, -40.484832], [144.890632, -40.484854], [144.890612, -40.485328], [144.891251, -40.485447]]], [[[144.89184, -41.60055], [144.891368, -41.599905], [144.891309, -41.600397], [144.891491, -41.600724], [144.891564, -41.60127], [144.89184, -41.60055]]], [[[144.743165, -40.662005], [144.743601, -40.661567], [144.742644, -40.661634], [144.742483, -40.661957], [144.743165, -40.662005]]], [[[143.842727, -39.94218], [143.843525, -39.941793], [143.843205, -39.941282], [143.842868, -39.94174], [143.842727, -39.94218]]], [[[144.687052, -41.245672], [144.686536, -41.245088], [144.68626, -41.245415], [144.686932, -41.245986], [144.687052, -41.245672]]], [[[144.737701, -40.623627], [144.737979, -40.623263], [144.737214, -40.623371], [144.736846, -40.623918], [144.737701, -40.623627]]], [[[144.866627, -40.726769], [144.866573, -40.725495], [144.866301, -40.725938], [144.86631, -40.726688], [144.866627, -40.726769]]], [[[144.703149, -40.65523], [144.70321, -40.65592], [144.704411, -40.656524], [144.704365, -40.656337], [144.703509, -40.65586], [144.703149, -40.65523]]], [[[144.698733, -40.801066], [144.699652, -40.801398], [144.69935, -40.800929], [144.698689, -40.800663], [144.698733, -40.801066]]], [[[144.922625, -41.666121], [144.922969, -41.665338], [144.922501, -41.665328], [144.922311, -41.665834], [144.922625, -41.666121]]], [[[143.83985, -39.927752], [143.839921, -39.92742], [143.839528, -39.926953], [143.839053, -39.927053], [143.83985, -39.927752]]], [[[144.864639, -40.722785], [144.86479, -40.722559], [144.863841, -40.722754], [144.863634, -40.723234], [144.864639, -40.722785]]], [[[144.652294, -40.381988], [144.652987, -40.38195], [144.651948, -40.381246], [144.652214, -40.381922], [144.652294, -40.381988]]], [[[146.253187, -41.171628], [146.253039, -41.170526], [146.252892, -41.171466], [146.252377, -41.172025], [146.253187, -41.171628]]], [[[144.898887, -41.636314], [144.898328, -41.636162], [144.89826, -41.636499], [144.898763, -41.636891], [144.898887, -41.636314]]], [[[143.884671, -39.99736], [143.88511, -39.996943], [143.883979, -39.997041], [143.884387, -39.99738], [143.884671, -39.99736]]], [[[144.965661, -40.713294], [144.96463, -40.712902], [144.965134, -40.713322], [144.965155, -40.713885], [144.965661, -40.713294]]], [[[144.841419, -40.747685], [144.841886, -40.747968], [144.841675, -40.747242], [144.841214, -40.74705], [144.841419, -40.747685]]], [[[144.709658, -40.4834], [144.709193, -40.483534], [144.709462, -40.48404], [144.709878, -40.483996], [144.709658, -40.4834]]], [[[145.037768, -40.714477], [145.037876, -40.71479], [145.038579, -40.713741], [145.038048, -40.713993], [145.037768, -40.714477]]], [[[144.704664, -40.506144], [144.704399, -40.505677], [144.704001, -40.50591], [144.704231, -40.506399], [144.704664, -40.506144]]], [[[144.039115, -40.086448], [144.038417, -40.086664], [144.038511, -40.086879], [144.039176, -40.086969], [144.039115, -40.086448]]], [[[145.500838, -40.853707], [145.499325, -40.852865], [145.500051, -40.853573], [145.500392, -40.853683], [145.500838, -40.853707]]], [[[144.702194, -40.789144], [144.7026, -40.788752], [144.702083, -40.788617], [144.701711, -40.788972], [144.702194, -40.789144]]], [[[144.967551, -40.421847], [144.968075, -40.421469], [144.967649, -40.421356], [144.967008, -40.421793], [144.967551, -40.421847]]], [[[144.946621, -40.75192], [144.946912, -40.75242], [144.947457, -40.751909], [144.94693, -40.751838], [144.946621, -40.75192]]], [[[144.948644, -40.393863], [144.948929, -40.393366], [144.947728, -40.393751], [144.948379, -40.393816], [144.948644, -40.393863]]], [[[144.678909, -41.173055], [144.678657, -41.172377], [144.678456, -41.172446], [144.678338, -41.17297], [144.678909, -41.173055]]], [[[144.685796, -41.209798], [144.685827, -41.209482], [144.684932, -41.209801], [144.684946, -41.210008], [144.685796, -41.209798]]], [[[144.710759, -41.278278], [144.711545, -41.278009], [144.711073, -41.277588], [144.710934, -41.277915], [144.710759, -41.278278]]], [[[144.686826, -41.245021], [144.688054, -41.24599], [144.68792, -41.245654], [144.687401, -41.2452], [144.686826, -41.245021]]], [[[144.818904, -41.495728], [144.818409, -41.496373], [144.818627, -41.496393], [144.819274, -41.495918], [144.818904, -41.495728]]], [[[144.896307, -41.609511], [144.896636, -41.609052], [144.896357, -41.608876], [144.895899, -41.609444], [144.896307, -41.609511]]], [[[143.87793, -40.119648], [143.878169, -40.119252], [143.87775, -40.119099], [143.877454, -40.119526], [143.87793, -40.119648]]], [[[144.891968, -41.601978], [144.892135, -41.600732], [144.891713, -41.601713], [144.891824, -41.602099], [144.891968, -41.601978]]], [[[144.700724, -40.788267], [144.700387, -40.788361], [144.701009, -40.788924], [144.701128, -40.788586], [144.700724, -40.788267]]], [[[144.679894, -41.180387], [144.679965, -41.180147], [144.679197, -41.180019], [144.679495, -41.180502], [144.679894, -41.180387]]], [[[146.127828, -41.121844], [146.127621, -41.121142], [146.127416, -41.121494], [146.127444, -41.12199], [146.127828, -41.121844]]], [[[144.611441, -40.935177], [144.611345, -40.935472], [144.61233, -40.935168], [144.612098, -40.935003], [144.611441, -40.935177]]], [[[143.86485, -40.073918], [143.865461, -40.073525], [143.864677, -40.073509], [143.864604, -40.073859], [143.86485, -40.073918]]], [[[144.788823, -41.452565], [144.788273, -41.452403], [144.788216, -41.452746], [144.788468, -41.453], [144.788823, -41.452565]]], [[[144.710601, -40.490688], [144.710878, -40.490447], [144.710304, -40.490109], [144.71022, -40.490502], [144.710601, -40.490688]]], [[[144.672845, -41.160605], [144.673243, -41.160183], [144.672581, -41.159791], [144.672761, -41.160192], [144.672845, -41.160605]]], [[[143.874008, -40.105466], [143.873946, -40.104216], [143.873802, -40.104314], [143.87372, -40.104866], [143.874008, -40.105466]]], [[[145.298536, -40.736436], [145.298262, -40.735904], [145.298066, -40.735986], [145.297995, -40.736482], [145.298536, -40.736436]]], [[[145.435612, -40.890321], [145.436243, -40.889501], [145.435509, -40.889946], [145.435421, -40.890256], [145.435612, -40.890321]]], [[[144.73237, -41.318868], [144.732266, -41.318289], [144.732007, -41.318301], [144.731929, -41.318817], [144.73237, -41.318868]]], [[[144.814462, -41.491678], [144.814121, -41.49139], [144.81384, -41.491822], [144.814254, -41.491973], [144.814462, -41.491678]]], [[[144.053527, -39.625258], [144.053815, -39.624812], [144.053273, -39.624832], [144.053155, -39.625204], [144.053527, -39.625258]]], [[[144.649539, -40.897826], [144.650009, -40.897811], [144.649306, -40.897382], [144.649017, -40.89754], [144.649539, -40.897826]]], [[[144.673045, -41.158889], [144.6735, -41.158627], [144.672791, -41.158593], [144.6725, -41.158939], [144.673045, -41.158889]]], [[[143.874459, -40.107544], [143.874662, -40.107071], [143.873987, -40.107153], [143.874301, -40.107566], [143.874459, -40.107544]]], [[[145.310204, -40.846117], [145.31043, -40.845535], [145.3101, -40.845585], [145.309877, -40.846176], [145.310204, -40.846117]]], [[[144.733292, -41.319773], [144.73355, -41.319421], [144.733163, -41.319225], [144.732924, -41.319524], [144.733292, -41.319773]]], [[[144.920431, -40.574178], [144.921111, -40.573496], [144.920368, -40.573792], [144.920295, -40.574092], [144.920431, -40.574178]]], [[[143.842584, -39.886955], [143.84259, -39.886658], [143.84204, -39.886669], [143.841974, -39.886978], [143.842584, -39.886955]]], [[[144.798555, -41.470117], [144.798872, -41.4702], [144.798488, -41.469484], [144.798282, -41.469743], [144.798555, -41.470117]]], [[[144.929241, -40.576885], [144.929256, -40.576544], [144.928994, -40.576464], [144.928573, -40.576727], [144.929241, -40.576885]]], [[[144.60961, -41.006327], [144.610106, -41.006331], [144.609884, -41.006062], [144.6091, -41.00609], [144.60961, -41.006327]]], [[[144.69128, -41.247385], [144.691422, -41.246976], [144.691015, -41.24701], [144.690826, -41.247381], [144.69128, -41.247385]]], [[[144.815798, -41.493168], [144.815649, -41.492832], [144.81527, -41.493318], [144.815507, -41.493496], [144.815798, -41.493168]]], [[[144.687639, -41.251723], [144.687982, -41.251664], [144.687689, -41.251302], [144.687254, -41.251257], [144.687639, -41.251723]]], [[[144.703629, -40.758546], [144.703151, -40.758359], [144.703099, -40.758485], [144.703707, -40.759038], [144.703629, -40.758546]]], [[[144.762028, -41.434426], [144.762322, -41.434094], [144.761847, -41.433797], [144.761831, -41.434188], [144.762028, -41.434426]]], [[[144.684483, -40.58399], [144.684801, -40.583922], [144.684533, -40.583434], [144.684253, -40.583551], [144.684483, -40.58399]]], [[[144.675711, -40.718148], [144.675878, -40.717574], [144.6754, -40.717669], [144.675336, -40.71777], [144.675711, -40.718148]]], [[[145.399849, -40.852704], [145.399754, -40.852787], [145.400563, -40.853063], [145.400447, -40.852688], [145.399849, -40.852704]]], [[[144.789052, -41.451979], [144.788316, -41.451608], [144.788453, -41.451992], [144.788831, -41.452129], [144.789052, -41.451979]]], [[[144.755794, -41.409045], [144.756093, -41.408721], [144.755389, -41.408712], [144.755326, -41.408875], [144.755794, -41.409045]]], [[[146.121227, -41.120263], [146.120538, -41.120646], [146.121429, -41.120772], [146.121103, -41.120506], [146.121227, -41.120263]]], [[[144.631775, -41.03912], [144.63152, -41.039919], [144.631945, -41.040137], [144.632002, -41.040012], [144.631724, -41.039623], [144.631775, -41.03912]]], [[[143.970604, -40.118115], [143.970961, -40.117782], [143.970713, -40.117638], [143.970249, -40.118049], [143.970604, -40.118115]]], [[[144.766029, -40.739857], [144.766243, -40.73995], [144.766232, -40.739222], [144.765872, -40.739583], [144.766029, -40.739857]]], [[[143.86015, -39.951486], [143.860261, -39.951278], [143.859408, -39.951272], [143.859703, -39.951533], [143.86015, -39.951486]]], [[[144.72606, -40.480466], [144.725901, -40.480023], [144.725766, -40.480057], [144.725483, -40.48048], [144.72606, -40.480466]]], [[[144.816457, -41.493559], [144.81642, -41.494035], [144.816786, -41.493852], [144.816833, -41.493478], [144.816457, -41.493559]]], [[[144.755846, -41.408539], [144.756127, -41.408408], [144.755811, -41.408213], [144.75522, -41.408623], [144.755846, -41.408539]]], [[[144.677823, -40.714032], [144.677706, -40.713285], [144.677601, -40.713344], [144.677426, -40.713778], [144.677823, -40.714032]]], [[[144.675616, -41.169543], [144.675125, -41.16954], [144.675218, -41.169873], [144.675465, -41.170017], [144.675616, -41.169543]]], [[[144.876431, -40.730437], [144.876797, -40.730495], [144.876521, -40.730042], [144.876126, -40.7301], [144.876431, -40.730437]]], [[[144.624323, -41.027479], [144.625878, -41.027523], [144.625792, -41.027441], [144.625095, -41.02734], [144.624323, -41.027479]]], [[[143.971005, -40.116901], [143.970811, -40.116702], [143.970448, -40.117038], [143.970589, -40.117279], [143.971005, -40.116901]]], [[[144.705819, -41.266526], [144.706089, -41.266501], [144.705831, -41.266033], [144.705507, -41.266301], [144.705819, -41.266526]]], [[[144.628511, -40.924591], [144.627867, -40.924816], [144.62819, -40.924953], [144.628795, -40.92466], [144.628511, -40.924591]]], [[[144.916266, -41.665563], [144.916705, -41.665352], [144.916401, -41.665122], [144.916098, -41.665242], [144.916266, -41.665563]]], [[[144.737909, -40.618244], [144.738036, -40.617458], [144.737697, -40.61777], [144.737714, -40.618051], [144.737909, -40.618244]]], [[[144.779183, -40.422754], [144.778316, -40.422099], [144.778631, -40.422547], [144.778668, -40.422729], [144.779183, -40.422754]]], [[[144.728897, -41.305919], [144.728364, -41.305569], [144.728299, -41.305828], [144.728816, -41.306092], [144.728897, -41.305919]]], [[[144.707131, -40.511541], [144.707467, -40.511493], [144.706826, -40.511079], [144.706753, -40.511299], [144.707131, -40.511541]]], [[[145.521057, -40.878026], [145.521277, -40.87773], [145.521023, -40.877635], [145.520585, -40.877719], [145.521057, -40.878026]]], [[[144.978516, -40.737411], [144.97858, -40.737669], [144.978872, -40.737567], [144.979027, -40.737111], [144.978516, -40.737411]]], [[[143.87377, -40.104105], [143.873752, -40.103659], [143.87345, -40.104027], [143.873505, -40.104436], [143.87377, -40.104105]]], [[[144.704445, -40.793429], [144.704262, -40.793793], [144.70455, -40.793706], [144.704997, -40.793225], [144.704445, -40.793429]]], [[[144.736298, -40.624215], [144.736594, -40.624027], [144.736353, -40.623781], [144.735984, -40.624082], [144.736298, -40.624215]]], [[[144.714268, -41.279034], [144.714702, -41.27896], [144.714184, -41.278687], [144.713953, -41.278936], [144.714268, -41.279034]]], [[[144.676863, -41.171255], [144.676983, -41.171254], [144.676852, -41.170799], [144.676409, -41.170868], [144.676863, -41.171255]]], [[[144.738617, -41.311082], [144.738944, -41.310839], [144.73843, -41.310607], [144.73842, -41.310884], [144.738617, -41.311082]]], [[[144.730802, -41.307791], [144.730302, -41.307586], [144.730275, -41.30783], [144.730725, -41.308039], [144.730802, -41.307791]]], [[[144.885486, -41.589139], [144.885697, -41.588954], [144.885332, -41.588721], [144.885074, -41.588894], [144.885486, -41.589139]]], [[[144.030705, -40.107107], [144.031044, -40.10694], [144.030943, -40.106618], [144.030598, -40.106819], [144.030705, -40.107107]]], [[[144.702655, -40.655177], [144.702852, -40.654906], [144.702241, -40.654762], [144.702215, -40.654862], [144.702655, -40.655177]]], [[[144.814491, -41.490489], [144.814064, -41.490988], [144.814496, -41.490917], [144.814636, -41.490796], [144.814491, -41.490489]]], [[[144.02118, -40.093339], [144.021046, -40.093022], [144.020818, -40.093194], [144.020862, -40.093625], [144.02118, -40.093339]]], [[[143.969636, -40.117442], [143.969843, -40.117164], [143.969269, -40.117193], [143.96937, -40.117509], [143.969636, -40.117442]]], [[[145.037111, -40.714151], [145.036661, -40.714545], [145.037076, -40.71462], [145.037194, -40.714296], [145.037111, -40.714151]]], [[[144.899265, -41.615725], [144.8986, -41.615435], [144.898633, -41.615576], [144.899175, -41.615951], [144.899265, -41.615725]]], [[[144.637557, -41.044472], [144.637713, -41.044441], [144.637296, -41.044156], [144.636694, -41.044127], [144.637557, -41.044472]]], [[[144.687711, -41.215858], [144.687894, -41.215947], [144.687924, -41.215516], [144.687547, -41.215389], [144.687711, -41.215858]]], [[[144.77742, -40.423003], [144.777822, -40.423257], [144.778539, -40.423036], [144.778015, -40.423011], [144.777744, -40.423085], [144.77742, -40.423003]]], [[[144.679788, -41.177528], [144.679121, -41.177471], [144.679176, -41.177593], [144.679645, -41.1778], [144.679788, -41.177528]]], [[[144.824924, -41.502828], [144.825004, -41.502313], [144.824652, -41.502521], [144.824716, -41.50285], [144.824924, -41.502828]]], [[[144.715097, -41.285837], [144.714584, -41.285525], [144.714666, -41.285911], [144.714805, -41.286031], [144.715097, -41.285837]]], [[[144.615169, -40.933508], [144.615271, -40.933506], [144.615182, -40.93303], [144.614789, -40.933205], [144.615169, -40.933508]]], [[[144.680292, -40.630195], [144.680313, -40.629814], [144.679873, -40.629937], [144.679978, -40.630165], [144.680292, -40.630195]]], [[[146.163311, -41.138362], [146.163321, -41.137814], [146.163006, -41.138205], [146.163046, -41.138436], [146.163311, -41.138362]]], [[[144.935479, -40.577449], [144.935526, -40.577252], [144.935154, -40.577115], [144.935003, -40.577431], [144.935479, -40.577449]]], [[[144.696636, -40.782846], [144.696517, -40.782212], [144.696354, -40.782329], [144.69637, -40.782765], [144.696636, -40.782846]]], [[[144.741561, -41.329598], [144.741153, -41.329604], [144.741131, -41.329855], [144.741457, -41.329957], [144.741561, -41.329598]]], [[[143.880915, -40.120168], [143.880476, -40.120373], [143.880965, -40.120453], [143.881249, -40.120183], [143.880915, -40.120168]]], [[[144.735431, -40.627799], [144.735553, -40.627001], [144.735322, -40.627169], [144.73528, -40.627529], [144.735431, -40.627799]]], [[[144.76378, -41.434576], [144.763851, -41.43427], [144.763593, -41.434237], [144.763362, -41.434609], [144.76378, -41.434576]]], [[[144.89371, -41.604059], [144.894206, -41.60416], [144.893861, -41.603797], [144.893528, -41.603822], [144.89371, -41.604059]]], [[[144.699206, -40.786096], [144.69932, -40.785973], [144.698913, -40.785654], [144.698795, -40.785961], [144.699206, -40.786096]]], [[[144.613126, -40.9463], [144.613343, -40.946199], [144.613053, -40.945949], [144.61264, -40.945947], [144.613126, -40.9463]]], [[[143.877203, -40.119515], [143.877283, -40.119289], [143.876806, -40.119373], [143.876903, -40.119725], [143.877203, -40.119515]]], [[[144.74206, -40.486498], [144.741878, -40.486237], [144.741578, -40.486337], [144.741708, -40.486646], [144.74206, -40.486498]]], [[[144.895237, -41.607237], [144.895113, -41.606678], [144.895029, -41.606698], [144.89485, -41.60707], [144.895237, -41.607237]]], [[[144.766585, -40.46875], [144.766426, -40.468147], [144.766262, -40.468495], [144.766409, -40.46882], [144.766585, -40.46875]]], [[[144.735346, -40.626456], [144.735331, -40.625803], [144.73519, -40.626149], [144.735088, -40.626721], [144.735346, -40.626456]]], [[[144.877432, -40.732815], [144.877477, -40.732347], [144.877164, -40.732396], [144.877094, -40.73256], [144.877432, -40.732815]]], [[[144.628231, -40.978851], [144.629047, -40.978961], [144.629011, -40.978717], [144.62854, -40.978771], [144.628231, -40.978851]]], [[[144.697644, -40.800888], [144.697816, -40.800809], [144.697392, -40.800525], [144.697077, -40.800601], [144.697644, -40.800888]]], [[[144.789341, -40.509777], [144.789412, -40.509656], [144.788883, -40.509538], [144.788696, -40.509749], [144.789341, -40.509777]]], [[[144.977383, -40.727031], [144.977431, -40.726591], [144.97719, -40.726746], [144.977086, -40.727181], [144.977383, -40.727031]]], [[[144.696831, -40.801607], [144.696696, -40.801834], [144.697106, -40.801743], [144.697419, -40.801421], [144.696831, -40.801607]]], [[[144.679937, -41.179032], [144.679692, -41.178995], [144.679551, -41.179224], [144.679935, -41.179423], [144.679937, -41.179032]]], [[[144.666967, -41.126466], [144.66631, -41.126142], [144.666276, -41.126303], [144.666771, -41.126557], [144.666967, -41.126466]]], [[[144.729465, -41.306806], [144.729718, -41.306835], [144.72947, -41.306402], [144.729203, -41.306435], [144.729465, -41.306806]]], [[[144.760503, -41.429905], [144.760992, -41.429866], [144.760707, -41.429616], [144.76036, -41.429735], [144.760503, -41.429905]]], [[[144.885472, -41.588112], [144.885324, -41.58815], [144.885504, -41.588633], [144.885741, -41.588409], [144.885472, -41.588112]]], [[[146.246678, -41.174324], [146.246704, -41.174008], [146.246305, -41.174052], [146.246435, -41.174368], [146.246678, -41.174324]]], [[[144.687702, -40.700542], [144.687856, -40.700439], [144.68707, -40.700352], [144.687034, -40.70052], [144.687702, -40.700542]]], [[[144.882498, -40.397704], [144.882922, -40.397507], [144.882638, -40.397334], [144.882368, -40.397501], [144.882498, -40.397704]]], [[[144.812061, -41.488474], [144.812447, -41.488289], [144.811593, -41.488322], [144.811508, -41.488422], [144.812061, -41.488474]]], [[[144.811849, -41.488733], [144.811975, -41.48867], [144.811329, -41.48854], [144.811193, -41.488772], [144.811849, -41.488733]]], [[[144.730453, -41.317864], [144.73075, -41.318291], [144.730498, -41.317592], [144.730066, -41.317901], [144.730453, -41.317864]]], [[[144.038137, -40.083119], [144.038282, -40.082661], [144.03804, -40.082745], [144.037884, -40.083224], [144.038137, -40.083119]]], [[[144.709544, -41.273455], [144.709301, -41.273401], [144.709238, -41.273699], [144.709581, -41.273842], [144.709544, -41.273455]]], [[[144.813811, -41.492407], [144.813795, -41.49219], [144.813437, -41.49237], [144.813465, -41.492693], [144.813811, -41.492407]]], [[[144.683249, -40.608295], [144.683298, -40.607988], [144.68291, -40.608043], [144.68285, -40.608243], [144.683249, -40.608295]]], [[[144.81257, -41.488096], [144.812655, -41.487678], [144.812444, -41.487669], [144.812277, -41.487968], [144.81257, -41.488096]]], [[[144.7728, -40.432247], [144.772926, -40.431959], [144.772622, -40.431839], [144.772473, -40.432029], [144.7728, -40.432247]]], [[[144.906474, -40.481433], [144.906679, -40.481413], [144.906409, -40.481054], [144.906129, -40.481241], [144.906474, -40.481433]]], [[[146.119972, -41.119753], [146.120074, -41.120115], [146.120313, -41.120036], [146.120271, -41.119715], [146.119972, -41.119753]]], [[[144.917793, -40.394449], [144.917982, -40.394273], [144.917627, -40.394064], [144.917518, -40.394354], [144.917793, -40.394449]]], [[[144.765699, -41.43752], [144.765854, -41.437524], [144.765719, -41.43704], [144.765471, -41.437196], [144.765699, -41.43752]]], [[[144.700871, -40.802732], [144.70096, -40.802659], [144.700929, -40.802389], [144.700427, -40.802536], [144.700871, -40.802732]]], [[[144.683961, -40.584055], [144.684092, -40.583885], [144.683602, -40.583604], [144.683704, -40.583924], [144.683961, -40.584055]]], [[[144.726333, -40.544225], [144.726303, -40.543926], [144.726016, -40.544252], [144.725969, -40.54455], [144.726333, -40.544225]]], [[[144.703804, -40.791902], [144.704081, -40.791571], [144.703814, -40.791612], [144.703422, -40.792023], [144.703804, -40.791902]]], [[[144.731587, -41.317191], [144.731811, -41.316926], [144.731611, -41.316901], [144.731146, -41.317294], [144.731587, -41.317191]]], [[[144.684519, -40.674415], [144.684685, -40.673878], [144.684316, -40.674314], [144.684284, -40.67458], [144.684519, -40.674415]]], [[[144.024616, -40.094026], [144.024692, -40.094044], [144.024778, -40.093526], [144.024495, -40.093528], [144.024616, -40.094026]]], [[[144.701181, -40.805634], [144.701414, -40.805554], [144.701171, -40.805255], [144.700939, -40.805403], [144.701181, -40.805634]]], [[[143.861989, -40.067533], [143.86212, -40.067597], [143.861968, -40.067066], [143.861717, -40.067129], [143.861989, -40.067533]]], [[[144.713319, -41.296582], [144.713503, -41.296765], [144.713425, -41.295985], [144.713272, -41.296392], [144.713319, -41.296582]]], [[[144.774127, -40.42528], [144.77424, -40.425287], [144.774157, -40.424935], [144.773758, -40.424928], [144.774127, -40.42528]]], [[[144.621594, -41.0242], [144.621977, -41.024123], [144.621447, -41.023955], [144.621232, -41.024083], [144.621594, -41.0242]]], [[[144.680534, -41.173526], [144.680741, -41.173482], [144.680552, -41.173162], [144.680268, -41.173279], [144.680534, -41.173526]]], [[[144.668232, -41.125942], [144.668558, -41.125904], [144.668038, -41.125613], [144.667907, -41.125703], [144.668232, -41.125942]]], [[[144.678683, -40.626201], [144.678941, -40.626132], [144.678725, -40.625843], [144.678464, -40.626031], [144.678683, -40.626201]]], [[[144.765181, -41.438446], [144.764742, -41.438533], [144.764861, -41.438653], [144.765323, -41.438702], [144.765181, -41.438446]]], [[[144.784284, -40.410426], [144.784441, -40.410337], [144.784125, -40.410068], [144.783913, -40.410243], [144.784284, -40.410426]]], [[[144.894028, -41.604858], [144.893796, -41.604742], [144.893709, -41.604955], [144.894077, -41.605201], [144.894028, -41.604858]]], [[[144.633119, -41.040648], [144.633383, -41.040554], [144.633007, -41.040344], [144.632789, -41.04048], [144.633119, -41.040648]]], [[[144.935829, -40.469038], [144.935953, -40.468702], [144.935738, -40.468634], [144.935581, -40.468935], [144.935829, -40.469038]]], [[[144.634052, -41.041922], [144.634415, -41.042288], [144.634625, -41.042161], [144.634243, -41.041871], [144.63429, -41.041998], [144.634052, -41.041922]]], [[[143.87239, -40.096273], [143.871905, -40.096344], [143.872434, -40.096548], [143.872527, -40.096343], [143.87239, -40.096273]]], [[[146.251436, -41.173048], [146.252203, -41.172678], [146.252083, -41.172614], [146.251692, -41.172757], [146.251436, -41.173048]]], [[[144.731339, -41.317853], [144.731233, -41.317502], [144.731048, -41.317532], [144.731038, -41.317867], [144.731339, -41.317853]]], [[[144.957949, -40.413929], [144.95831, -40.413777], [144.957978, -40.413497], [144.957935, -40.413576], [144.957949, -40.413929]]], [[[144.70017, -40.78021], [144.700346, -40.780134], [144.699661, -40.779976], [144.699661, -40.780145], [144.70017, -40.78021]]], [[[144.766625, -40.456834], [144.766703, -40.456833], [144.766521, -40.45638], [144.766267, -40.456522], [144.766625, -40.456834]]], [[[144.792563, -41.082315], [144.79255, -41.08271], [144.792769, -41.082686], [144.792829, -41.082409], [144.792563, -41.082315]]], [[[144.820118, -41.497805], [144.820163, -41.497678], [144.81961, -41.497798], [144.819535, -41.497993], [144.820118, -41.497805]]], [[[144.708669, -41.275112], [144.708551, -41.27467], [144.708425, -41.274693], [144.708389, -41.275053], [144.708669, -41.275112]]], [[[144.888947, -41.593759], [144.889061, -41.593607], [144.88875, -41.593442], [144.888614, -41.593704], [144.888947, -41.593759]]], [[[144.626671, -41.027859], [144.62704, -41.027759], [144.626697, -41.027617], [144.626377, -41.027761], [144.626671, -41.027859]]], [[[144.817825, -41.494925], [144.817971, -41.494612], [144.817773, -41.494511], [144.817611, -41.49483], [144.817825, -41.494925]]], [[[144.679837, -41.180871], [144.67968, -41.180704], [144.679575, -41.180891], [144.679769, -41.181302], [144.679837, -41.180871]]], [[[143.833351, -39.919714], [143.833532, -39.919223], [143.833338, -39.919267], [143.833187, -39.919549], [143.833351, -39.919714]]], [[[144.88958, -41.593746], [144.889512, -41.593491], [144.88932, -41.593513], [144.88925, -41.593864], [144.88958, -41.593746]]], [[[144.621254, -40.949461], [144.621521, -40.949449], [144.621209, -40.94915], [144.620969, -40.949134], [144.621254, -40.949461]]], [[[144.754424, -41.411182], [144.753951, -41.411174], [144.753972, -41.411319], [144.754346, -41.411402], [144.754424, -41.411182]]], [[[144.630259, -40.923099], [144.63071, -40.922906], [144.630633, -40.92281], [144.630248, -40.922843], [144.630259, -40.923099]]], [[[143.874973, -40.11624], [143.875185, -40.116414], [143.875463, -40.116084], [143.875203, -40.116088], [143.874973, -40.11624]]], [[[144.697038, -41.253554], [144.696912, -41.253273], [144.696729, -41.253321], [144.69676, -41.253665], [144.697038, -41.253554]]], [[[144.697735, -40.820968], [144.697531, -40.821364], [144.697594, -40.821391], [144.697982, -40.821115], [144.697735, -40.820968]]], [[[144.771345, -40.435301], [144.771396, -40.43494], [144.771061, -40.434986], [144.77117, -40.435237], [144.771345, -40.435301]]], [[[143.842614, -39.93983], [143.842585, -39.93961], [143.842239, -39.939758], [143.842307, -39.939965], [143.842614, -39.93983]]], [[[144.647571, -40.919567], [144.64717, -40.919225], [144.647449, -40.919768], [144.647573, -40.919814], [144.647571, -40.919567]]], [[[144.918874, -40.477691], [144.919121, -40.477543], [144.91884, -40.477344], [144.918673, -40.477464], [144.918874, -40.477691]]], [[[144.639298, -41.045803], [144.6396, -41.045755], [144.638854, -41.045501], [144.63902, -41.045704], [144.639298, -41.045803]]], [[[144.89142, -41.601125], [144.891446, -41.600774], [144.891224, -41.600726], [144.891166, -41.60097], [144.89142, -41.601125]]], [[[144.899854, -41.616261], [144.899762, -41.616052], [144.899417, -41.616182], [144.899589, -41.616361], [144.899854, -41.616261]]], [[[144.721122, -41.302665], [144.721482, -41.302465], [144.721225, -41.302439], [144.720747, -41.302637], [144.721122, -41.302665]]], [[[144.889817, -41.597772], [144.890017, -41.597831], [144.889951, -41.59751], [144.889613, -41.597515], [144.889817, -41.597772]]], [[[143.925071, -40.161854], [143.925202, -40.161365], [143.925005, -40.16161], [143.924804, -40.16213], [143.925071, -40.161854]]], [[[144.608073, -41.00752], [144.608279, -41.007354], [144.608022, -41.007251], [144.607751, -41.007439], [144.608073, -41.00752]]], [[[144.842619, -40.749817], [144.84302, -40.749955], [144.842807, -40.749676], [144.84243, -40.749619], [144.842619, -40.749817]]], [[[144.698602, -41.255349], [144.698724, -41.255307], [144.698609, -41.254931], [144.698377, -41.255128], [144.698602, -41.255349]]], [[[144.626739, -40.979647], [144.626922, -40.979627], [144.62688, -40.979295], [144.626608, -40.97938], [144.626739, -40.979647]]], [[[144.978964, -40.729218], [144.979182, -40.729149], [144.979027, -40.728838], [144.978826, -40.728992], [144.978964, -40.729218]]], [[[144.704599, -40.507305], [144.704919, -40.507855], [144.70494, -40.507493], [144.704802, -40.507365], [144.704599, -40.507305]]], [[[144.649963, -40.897509], [144.650057, -40.897502], [144.649827, -40.89725], [144.649319, -40.89716], [144.649963, -40.897509]]], [[[144.941746, -40.462174], [144.941892, -40.462091], [144.941513, -40.461844], [144.941325, -40.461907], [144.941746, -40.462174]]], [[[144.76016, -41.429229], [144.759642, -41.429082], [144.759884, -41.429393], [144.759957, -41.429415], [144.76016, -41.429229]]], [[[144.695534, -40.812468], [144.695453, -40.812159], [144.695342, -40.81218], [144.695296, -40.812671], [144.695534, -40.812468]]], [[[144.726829, -41.305206], [144.727074, -41.305241], [144.726942, -41.304919], [144.726684, -41.304967], [144.726829, -41.305206]]], [[[144.883317, -41.581681], [144.883306, -41.581366], [144.883068, -41.581461], [144.883058, -41.58172], [144.883317, -41.581681]]], [[[144.789044, -40.430682], [144.789089, -40.430204], [144.788867, -40.430589], [144.788894, -40.430903], [144.789044, -40.430682]]], [[[144.766132, -41.437493], [144.766139, -41.436954], [144.765997, -41.436968], [144.765946, -41.43725], [144.766132, -41.437493]]], [[[144.790438, -41.45402], [144.790433, -41.45378], [144.790115, -41.453843], [144.790241, -41.45411], [144.790438, -41.45402]]], [[[144.655546, -40.372043], [144.655827, -40.371851], [144.65556, -40.3715], [144.655503, -40.371685], [144.655629, -40.371832], [144.655546, -40.372043]]], [[[144.781921, -41.444375], [144.781622, -41.444367], [144.781826, -41.444673], [144.781969, -41.444744], [144.781921, -41.444375]]], [[[144.093961, -40.053172], [144.09397, -40.053069], [144.093608, -40.053064], [144.093655, -40.053362], [144.093961, -40.053172]]], [[[143.891232, -40.009664], [143.89122, -40.009328], [143.89098, -40.009763], [143.891032, -40.009947], [143.891232, -40.009664]]], [[[144.958744, -40.409309], [144.958788, -40.409105], [144.958569, -40.408969], [144.958445, -40.40922], [144.958744, -40.409309]]], [[[144.788832, -41.453827], [144.788824, -41.453395], [144.788628, -41.453668], [144.788779, -41.454025], [144.788832, -41.453827]]], [[[144.719681, -41.292251], [144.719625, -41.292074], [144.719332, -41.292274], [144.71951, -41.292469], [144.719681, -41.292251]]], [[[144.639527, -40.918497], [144.63961, -40.918371], [144.639313, -40.918247], [144.639248, -40.918579], [144.639527, -40.918497]]], [[[144.731889, -41.319331], [144.731672, -41.319143], [144.731619, -41.319471], [144.731778, -41.319587], [144.731889, -41.319331]]], [[[144.681323, -41.175171], [144.681441, -41.175142], [144.681456, -41.174872], [144.681077, -41.17495], [144.681323, -41.175171]]], [[[144.797156, -41.468611], [144.797241, -41.468413], [144.796924, -41.4684], [144.796904, -41.468683], [144.797156, -41.468611]]], [[[143.826803, -39.682076], [143.826998, -39.681853], [143.826715, -39.681845], [143.82648, -39.682012], [143.826803, -39.682076]]], [[[144.63773, -41.043655], [144.637869, -41.043586], [144.637515, -41.043293], [144.637445, -41.043492], [144.63773, -41.043655]]], [[[144.982484, -40.728191], [144.982406, -40.727917], [144.98225, -40.728039], [144.982266, -40.728395], [144.982484, -40.728191]]], [[[144.745541, -41.420719], [144.745127, -41.42068], [144.745296, -41.42084], [144.745668, -41.420955], [144.745541, -41.420719]]], [[[144.834297, -41.508571], [144.834747, -41.50856], [144.83479, -41.508167], [144.834649, -41.508372], [144.834297, -41.508571]]], [[[144.745685, -41.419417], [144.74578, -41.419221], [144.745351, -41.419241], [144.745537, -41.419488], [144.745685, -41.419417]]], [[[144.748628, -41.3336], [144.7485, -41.333407], [144.748252, -41.333486], [144.748422, -41.333734], [144.748628, -41.3336]]], [[[144.744584, -40.661592], [144.744946, -40.661542], [144.744676, -40.661319], [144.74449, -40.661476], [144.744584, -40.661592]]], [[[144.735951, -41.326729], [144.736037, -41.326493], [144.735826, -41.326388], [144.735682, -41.326569], [144.735951, -41.326729]]], [[[144.817844, -41.496213], [144.817992, -41.495756], [144.817873, -41.495787], [144.817649, -41.4963], [144.817844, -41.496213]]], [[[144.038729, -40.087365], [144.038985, -40.087243], [144.038577, -40.087156], [144.03846, -40.087358], [144.038729, -40.087365]]], [[[144.820999, -41.50076], [144.820759, -41.500324], [144.820707, -41.500353], [144.820703, -41.500681], [144.820999, -41.50076]]], [[[144.732436, -40.586015], [144.732002, -40.585664], [144.732114, -40.585987], [144.732322, -40.586086], [144.732436, -40.586015]]], [[[144.681427, -40.721304], [144.681539, -40.721313], [144.681497, -40.720958], [144.681266, -40.72085], [144.681427, -40.721304]]], [[[143.924492, -40.16017], [143.924527, -40.159717], [143.92436, -40.159827], [143.924327, -40.160158], [143.924492, -40.16017]]], [[[144.710373, -41.277323], [144.710217, -41.277083], [144.710049, -41.277236], [144.710103, -41.277441], [144.710373, -41.277323]]], [[[144.030208, -40.101791], [144.030283, -40.101492], [144.03, -40.101565], [144.02996, -40.101745], [144.030208, -40.101791]]], [[[144.893358, -41.603281], [144.893483, -41.602953], [144.893275, -41.602929], [144.893167, -41.603123], [144.893358, -41.603281]]], [[[144.81324, -41.490493], [144.813254, -41.490641], [144.813466, -41.490666], [144.813597, -41.490349], [144.81324, -41.490493]]], [[[146.248331, -41.168625], [146.248449, -41.168206], [146.248297, -41.168252], [146.24815, -41.168597], [146.248331, -41.168625]]], [[[144.685666, -40.637535], [144.685568, -40.637553], [144.68557, -40.637931], [144.685813, -40.637841], [144.685666, -40.637535]]], [[[144.783937, -40.40281], [144.783606, -40.402499], [144.783545, -40.402575], [144.783708, -40.402877], [144.783937, -40.40281]]], [[[143.866918, -40.079196], [143.866607, -40.079016], [143.866505, -40.079206], [143.866662, -40.079315], [143.866918, -40.079196]]], [[[144.711439, -41.273719], [144.711189, -41.273695], [144.711141, -41.273909], [144.711355, -41.274002], [144.711439, -41.273719]]], [[[144.811837, -41.489118], [144.811927, -41.488863], [144.811747, -41.488825], [144.81154, -41.488968], [144.811837, -41.489118]]], [[[143.863024, -40.072418], [143.86294, -40.071907], [143.862803, -40.072217], [143.86295, -40.072469], [143.863024, -40.072418]]], [[[144.868246, -40.743342], [144.868018, -40.743422], [144.868175, -40.743679], [144.868361, -40.743514], [144.868246, -40.743342]]], [[[144.69242, -40.786819], [144.692223, -40.786451], [144.692149, -40.786493], [144.692113, -40.786769], [144.69242, -40.786819]]], [[[144.635487, -40.920939], [144.635759, -40.920853], [144.635405, -40.920649], [144.635336, -40.920842], [144.635487, -40.920939]]], [[[144.710926, -40.490269], [144.711035, -40.490243], [144.710768, -40.489781], [144.710735, -40.490086], [144.710926, -40.490269]]], [[[144.611, -40.936709], [144.611275, -40.936534], [144.610967, -40.936509], [144.610682, -40.936609], [144.611, -40.936709]]], [[[144.766008, -40.743464], [144.766188, -40.743442], [144.766058, -40.743184], [144.765788, -40.743262], [144.766008, -40.743464]]], [[[144.704264, -40.795795], [144.704339, -40.795802], [144.704148, -40.79549], [144.703873, -40.795619], [144.704264, -40.795795]]], [[[144.735772, -41.324738], [144.735488, -41.324501], [144.73549, -41.324815], [144.735693, -41.324872], [144.735772, -41.324738]]], [[[144.699139, -40.82131], [144.699243, -40.821129], [144.69902, -40.821047], [144.698831, -40.821229], [144.699139, -40.82131]]], [[[144.916872, -41.668662], [144.917312, -41.668314], [144.917014, -41.668347], [144.91678, -41.668649], [144.916872, -41.668662]]], [[[144.731091, -41.320623], [144.731058, -41.320427], [144.730787, -41.32061], [144.730947, -41.320817], [144.731091, -41.320623]]], [[[144.616691, -41.007018], [144.616908, -41.006873], [144.616671, -41.006772], [144.616414, -41.006791], [144.616691, -41.007018]]], [[[144.842319, -40.747856], [144.84243, -40.747762], [144.842133, -40.747416], [144.842128, -40.747692], [144.842319, -40.747856]]], [[[143.866713, -40.077515], [143.867046, -40.076993], [143.866756, -40.077188], [143.866602, -40.077584], [143.866713, -40.077515]]], [[[144.811407, -41.489877], [144.811582, -41.489723], [144.811095, -41.48972], [144.811038, -41.489831], [144.811407, -41.489877]]], [[[143.88393, -40.030518], [143.883711, -40.030282], [143.883651, -40.03055], [143.883848, -40.030693], [143.88393, -40.030518]]], [[[144.634211, -41.040454], [144.634347, -41.040287], [144.633713, -41.040226], [144.633991, -41.040362], [144.634211, -41.040454]]], [[[144.707617, -41.28367], [144.707772, -41.283482], [144.707565, -41.283364], [144.707406, -41.283607], [144.707617, -41.28367]]], [[[144.678309, -40.72541], [144.678635, -40.725441], [144.678468, -40.725179], [144.678199, -40.725332], [144.678309, -40.72541]]], [[[144.70037, -40.802127], [144.700626, -40.802117], [144.700516, -40.80187], [144.700248, -40.801974], [144.70037, -40.802127]]], [[[144.899196, -41.617602], [144.89926, -41.617253], [144.899141, -41.61726], [144.898962, -41.617539], [144.899196, -41.617602]]], [[[144.632956, -40.901426], [144.632965, -40.901125], [144.632886, -40.901125], [144.632638, -40.901395], [144.632956, -40.901426]]], [[[144.697079, -40.800286], [144.697231, -40.800047], [144.697004, -40.799971], [144.696892, -40.800181], [144.697079, -40.800286]]], [[[143.832631, -39.915306], [143.832664, -39.915193], [143.832497, -39.915046], [143.832257, -39.915274], [143.832631, -39.915306]]], [[[143.866607, -40.074882], [143.866782, -40.074636], [143.866437, -40.07473], [143.866317, -40.074906], [143.866607, -40.074882]]], [[[144.980015, -40.728407], [144.979922, -40.728141], [144.979713, -40.728225], [144.979791, -40.728448], [144.980015, -40.728407]]], [[[144.756509, -41.40903], [144.75668, -41.40892], [144.756449, -41.408739], [144.756284, -41.408941], [144.756509, -41.40903]]], [[[144.676609, -41.170405], [144.676339, -41.170521], [144.676405, -41.170599], [144.676825, -41.170627], [144.676609, -41.170405]]], [[[144.739461, -41.327576], [144.73927, -41.327512], [144.739293, -41.327808], [144.739475, -41.327916], [144.739461, -41.327576]]], [[[144.912569, -41.6594], [144.912752, -41.659209], [144.912475, -41.659168], [144.912308, -41.65934], [144.912569, -41.6594]]], [[[144.029623, -40.090056], [144.029335, -40.090015], [144.029434, -40.090326], [144.029507, -40.090374], [144.029623, -40.090056]]], [[[144.889287, -41.593266], [144.889466, -41.593231], [144.889184, -41.592914], [144.889074, -41.593], [144.889287, -41.593266]]], [[[143.827427, -39.690497], [143.82745, -39.690315], [143.827012, -39.690493], [143.827008, -39.690585], [143.827427, -39.690497]]], [[[144.054012, -39.624214], [144.054049, -39.623875], [144.053856, -39.623877], [144.053801, -39.624063], [144.054012, -39.624214]]], [[[144.679856, -41.183382], [144.67958, -41.183384], [144.679678, -41.183598], [144.679864, -41.18367], [144.679856, -41.183382]]], [[[144.681522, -40.56124], [144.682226, -40.561184], [144.682193, -40.561114], [144.681859, -40.561087], [144.681522, -40.56124]]], [[[144.716829, -41.297387], [144.71695, -41.29741], [144.716688, -41.297014], [144.716509, -41.29703], [144.716829, -41.297387]]], [[[146.251908, -41.172591], [146.252019, -41.172372], [146.251805, -41.17231], [146.251705, -41.172592], [146.251908, -41.172591]]], [[[144.815793, -41.492758], [144.815766, -41.492451], [144.8155, -41.492679], [144.815538, -41.492766], [144.815793, -41.492758]]], [[[144.689208, -40.703236], [144.688232, -40.703004], [144.688349, -40.703092], [144.688997, -40.70326], [144.689208, -40.703236]]], [[[144.008463, -40.099001], [144.008062, -40.099114], [144.008176, -40.099209], [144.008374, -40.09927], [144.008463, -40.099001]]], [[[144.620723, -41.024406], [144.620923, -41.024262], [144.62052, -41.024204], [144.620402, -41.024281], [144.620723, -41.024406]]], [[[146.127247, -41.128221], [146.127243, -41.127866], [146.127194, -41.127851], [146.127029, -41.128429], [146.127247, -41.128221]]], [[[144.751295, -41.424244], [144.751089, -41.424232], [144.751357, -41.424564], [144.751504, -41.424618], [144.751295, -41.424244]]], [[[144.652729, -40.380127], [144.652955, -40.380135], [144.652598, -40.379836], [144.652495, -40.379943], [144.652729, -40.380127]]], [[[144.683604, -40.705452], [144.683596, -40.705305], [144.683461, -40.705294], [144.683237, -40.705664], [144.683604, -40.705452]]], [[[144.754942, -41.425749], [144.754835, -41.42573], [144.754714, -41.4259], [144.754912, -41.426151], [144.754942, -41.425749]]], [[[144.610827, -40.932662], [144.611131, -40.932615], [144.611008, -40.932403], [144.61073, -40.932596], [144.610827, -40.932662]]], [[[144.789805, -40.403421], [144.789788, -40.403129], [144.789555, -40.403148], [144.789556, -40.403304], [144.789805, -40.403421]]], [[[144.746766, -41.332604], [144.746739, -41.33236], [144.746531, -41.332452], [144.746562, -41.332701], [144.746766, -41.332604]]], [[[144.093167, -40.052559], [144.0931, -40.052314], [144.093015, -40.052317], [144.092917, -40.052726], [144.093167, -40.052559]]], [[[144.885404, -41.587323], [144.885447, -41.587174], [144.885286, -41.587143], [144.884958, -41.587334], [144.885404, -41.587323]]], [[[144.653223, -41.053027], [144.653627, -41.053216], [144.653661, -41.053088], [144.653446, -41.052947], [144.653223, -41.053027]]], [[[143.886331, -39.986416], [143.886165, -39.986255], [143.88598, -39.986426], [143.886181, -39.986558], [143.886331, -39.986416]]], [[[144.723724, -40.603585], [144.723782, -40.603121], [144.723591, -40.603232], [144.723601, -40.60344], [144.723724, -40.603585]]], [[[144.905588, -40.482292], [144.90569, -40.482154], [144.905193, -40.482081], [144.905386, -40.482258], [144.905588, -40.482292]]], [[[144.903687, -41.641378], [144.903657, -41.641286], [144.903317, -41.641381], [144.903449, -41.641572], [144.903687, -41.641378]]], [[[144.804349, -41.475668], [144.804401, -41.475591], [144.804285, -41.475477], [144.803845, -41.475575], [144.804349, -41.475668]]], [[[144.918349, -40.477662], [144.918541, -40.477544], [144.918343, -40.47743], [144.918093, -40.47759], [144.918349, -40.477662]]], [[[146.312968, -41.15531], [146.312604, -41.155336], [146.312672, -41.155431], [146.313039, -41.155506], [146.312968, -41.15531]]], [[[144.624231, -41.005167], [144.624435, -41.00525], [144.624356, -41.004957], [144.624115, -41.004971], [144.624231, -41.005167]]], [[[143.929619, -40.159881], [143.929675, -40.159787], [143.929293, -40.159977], [143.929185, -40.160243], [143.929619, -40.159881]]], [[[144.888831, -41.594892], [144.888974, -41.594856], [144.888895, -41.59459], [144.888654, -41.594781], [144.888831, -41.594892]]], [[[143.924199, -40.161163], [143.92426, -40.160863], [143.924115, -40.160888], [143.92398, -40.161153], [143.924199, -40.161163]]], [[[144.04754, -40.078621], [144.047381, -40.078502], [144.047222, -40.078626], [144.047362, -40.07882], [144.04754, -40.078621]]], [[[144.68759, -41.250794], [144.68764, -41.250755], [144.687282, -41.250552], [144.687208, -41.250743], [144.68759, -41.250794]]], [[[144.759739, -41.430198], [144.759635, -41.430113], [144.75943, -41.430278], [144.759585, -41.430451], [144.759739, -41.430198]]], [[[144.678579, -40.724728], [144.678674, -40.724553], [144.678433, -40.724454], [144.678384, -40.724695], [144.678579, -40.724728]]], [[[144.829176, -41.505799], [144.828985, -41.505738], [144.828878, -41.505967], [144.829033, -41.506045], [144.829176, -41.505799]]], [[[144.821915, -41.501776], [144.822012, -41.501629], [144.821611, -41.501639], [144.821619, -41.501779], [144.821915, -41.501776]]], [[[144.72175, -40.642995], [144.721727, -40.642771], [144.72153, -40.642836], [144.721551, -40.643094], [144.72175, -40.642995]]], [[[144.798119, -41.46932], [144.798223, -41.469124], [144.797739, -41.469283], [144.798004, -41.469363], [144.798119, -41.46932]]], [[[144.738845, -41.326394], [144.7385, -41.326408], [144.738544, -41.326561], [144.738724, -41.326612], [144.738845, -41.326394]]], [[[144.722489, -40.60938], [144.722292, -40.60904], [144.722201, -40.609125], [144.722249, -40.609344], [144.722489, -40.60938]]], [[[143.875031, -40.111213], [143.874714, -40.111163], [143.874794, -40.111383], [143.874915, -40.111426], [143.875031, -40.111213]]], [[[144.610594, -40.936193], [144.610742, -40.936174], [144.610676, -40.935953], [144.610392, -40.936024], [144.610594, -40.936193]]], [[[144.797948, -41.468572], [144.79813, -41.46856], [144.798008, -41.468411], [144.797597, -41.46839], [144.797948, -41.468572]]], [[[144.639726, -41.045977], [144.640058, -41.045938], [144.639822, -41.045821], [144.639477, -41.045883], [144.639726, -41.045977]]], [[[144.904234, -41.648318], [144.904404, -41.648328], [144.904358, -41.648092], [144.904109, -41.648101], [144.904234, -41.648318]]], [[[144.917716, -41.668475], [144.917736, -41.668369], [144.917456, -41.668323], [144.917424, -41.66855], [144.917716, -41.668475]]], [[[144.615826, -40.93434], [144.615921, -40.934136], [144.615734, -40.934043], [144.61563, -40.934222], [144.615826, -40.93434]]], [[[144.96142, -40.657245], [144.961367, -40.657097], [144.960953, -40.657245], [144.961162, -40.657299], [144.96142, -40.657245]]], [[[144.820081, -41.49813], [144.820445, -41.497857], [144.820246, -41.49787], [144.819896, -41.498151], [144.820081, -41.49813]]], [[[144.81851, -41.495744], [144.818696, -41.495582], [144.818319, -41.49566], [144.81818, -41.495845], [144.81851, -41.495744]]], [[[146.358537, -41.204146], [146.358514, -41.204409], [146.358825, -41.204244], [146.35881, -41.204186], [146.358537, -41.204146]]], [[[144.6978, -41.254459], [144.697995, -41.254529], [144.697973, -41.25421], [144.69775, -41.254343], [144.6978, -41.254459]]], [[[144.683737, -40.607748], [144.684547, -40.608028], [144.684467, -40.607856], [144.684144, -40.607841], [144.683737, -40.607748]]], [[[144.765951, -41.43893], [144.765861, -41.438747], [144.76564, -41.438824], [144.765719, -41.438997], [144.765951, -41.43893]]], [[[144.722553, -41.302451], [144.721629, -41.302401], [144.721817, -41.302484], [144.722186, -41.302502], [144.722553, -41.302451]]], [[[143.875945, -40.118323], [143.876059, -40.118012], [143.875948, -40.118014], [143.875756, -40.118404], [143.875945, -40.118323]]], [[[143.87017, -40.080384], [143.870358, -40.080235], [143.870119, -40.080202], [143.869899, -40.080405], [143.87017, -40.080384]]], [[[144.961344, -40.65688], [144.961377, -40.656683], [144.961118, -40.656704], [144.961141, -40.656907], [144.961344, -40.65688]]], [[[144.731478, -41.320288], [144.731462, -41.320029], [144.731258, -41.320112], [144.731371, -41.320375], [144.731478, -41.320288]]], [[[144.782209, -40.414982], [144.782411, -40.415046], [144.782307, -40.414743], [144.782098, -40.41487], [144.782209, -40.414982]]], [[[144.805679, -41.477805], [144.805755, -41.477687], [144.805455, -41.477613], [144.805373, -41.47777], [144.805679, -41.477805]]], [[[143.924005, -40.164614], [143.924106, -40.164235], [143.923864, -40.164498], [143.923864, -40.164685], [143.924005, -40.164614]]], [[[144.611078, -40.93836], [144.611101, -40.938284], [144.610842, -40.938149], [144.61073, -40.938338], [144.611078, -40.93836]]], [[[144.846475, -40.718078], [144.846414, -40.717894], [144.846257, -40.717845], [144.846197, -40.718079], [144.846475, -40.718078]]], [[[144.961125, -40.399565], [144.961357, -40.399423], [144.961264, -40.399359], [144.960939, -40.399389], [144.961125, -40.399565]]], [[[144.719046, -41.300009], [144.71875, -41.299763], [144.718736, -41.299859], [144.719007, -41.300179], [144.719046, -41.300009]]], [[[144.608994, -40.938042], [144.609119, -40.937901], [144.608872, -40.937827], [144.608764, -40.938015], [144.608994, -40.938042]]], [[[144.729155, -41.307184], [144.729315, -41.307125], [144.729184, -41.3069], [144.729017, -41.306932], [144.729155, -41.307184]]], [[[144.029896, -40.101989], [144.029844, -40.10173], [144.029701, -40.101808], [144.029731, -40.102087], [144.029896, -40.101989]]], [[[144.91697, -41.664659], [144.916958, -41.664476], [144.916822, -41.664466], [144.916689, -41.664732], [144.91697, -41.664659]]], [[[144.715581, -41.296552], [144.715416, -41.296474], [144.715464, -41.296723], [144.715666, -41.296876], [144.715581, -41.296552]]], [[[144.770967, -40.435986], [144.77117, -40.436075], [144.771282, -40.43589], [144.771132, -40.435803], [144.770967, -40.435986]]], [[[144.698525, -40.805826], [144.698609, -40.805605], [144.698377, -40.805641], [144.698305, -40.805826], [144.698525, -40.805826]]], [[[143.88289, -40.121273], [143.882882, -40.121177], [143.882537, -40.121259], [143.882619, -40.121418], [143.88289, -40.121273]]], [[[144.744538, -41.331579], [144.744632, -41.331314], [144.744443, -41.331324], [144.744358, -41.331504], [144.744538, -41.331579]]], [[[144.814548, -41.491196], [144.814554, -41.491029], [144.814223, -41.491109], [144.814307, -41.491232], [144.814548, -41.491196]]], [[[144.645527, -41.046525], [144.645811, -41.04655], [144.645514, -41.046312], [144.645391, -41.046362], [144.645527, -41.046525]]], [[[144.73117, -41.318869], [144.731389, -41.318748], [144.731142, -41.318622], [144.731038, -41.318757], [144.73117, -41.318869]]], [[[144.674406, -41.140871], [144.674008, -41.140675], [144.674169, -41.140919], [144.674337, -41.140973], [144.674406, -41.140871]]], [[[144.731616, -41.320751], [144.731724, -41.320806], [144.731811, -41.320459], [144.731642, -41.320487], [144.731616, -41.320751]]], [[[144.890589, -41.59828], [144.890362, -41.598224], [144.890316, -41.598311], [144.890566, -41.598516], [144.890589, -41.59828]]], [[[144.048108, -40.07955], [144.048003, -40.079383], [144.04786, -40.079516], [144.048026, -40.079733], [144.048108, -40.07955]]], [[[144.693037, -40.786994], [144.692826, -40.787042], [144.692998, -40.787282], [144.693114, -40.787115], [144.693037, -40.786994]]], [[[144.888624, -41.592256], [144.888802, -41.592187], [144.88864, -41.591994], [144.888485, -41.592083], [144.888624, -41.592256]]], [[[144.668489, -40.90635], [144.668615, -40.906367], [144.66824, -40.906095], [144.668065, -40.906143], [144.668489, -40.90635]]], [[[144.799077, -41.473852], [144.799263, -41.473707], [144.79914, -41.473536], [144.798999, -41.473691], [144.799077, -41.473852]]], [[[143.865498, -40.074086], [143.865498, -40.073965], [143.865145, -40.074163], [143.865206, -40.074267], [143.865498, -40.074086]]], [[[143.87508, -40.116535], [143.87471, -40.116491], [143.874752, -40.116572], [143.87501, -40.116713], [143.87508, -40.116535]]], [[[144.706995, -40.7544], [144.707096, -40.75412], [144.706889, -40.754307], [144.706738, -40.754597], [144.706995, -40.7544]]], [[[144.889163, -41.593502], [144.88931, -41.593503], [144.889275, -41.593358], [144.888939, -41.593232], [144.889163, -41.593502]]], [[[144.716552, -41.296249], [144.716557, -41.296337], [144.716899, -41.296331], [144.7168, -41.296153], [144.716552, -41.296249]]], [[[144.613358, -40.938672], [144.614293, -40.93848], [144.613906, -40.938448], [144.613683, -40.938577], [144.613358, -40.938672]]], [[[144.655281, -40.371832], [144.655513, -40.371964], [144.655328, -40.371518], [144.65528, -40.37175], [144.655281, -40.371832]]], [[[143.852506, -39.945984], [143.85246, -39.945829], [143.852247, -39.945984], [143.852264, -39.94615], [143.852506, -39.945984]]], [[[144.67384, -41.141137], [144.674039, -41.141154], [144.673913, -41.14092], [144.673719, -41.140972], [144.67384, -41.141137]]], [[[144.652083, -40.381084], [144.652426, -40.381244], [144.652024, -40.380819], [144.652058, -40.380991], [144.652083, -40.381084]]], [[[144.699588, -40.818489], [144.699794, -40.818823], [144.699856, -40.818782], [144.69982, -40.818544], [144.699588, -40.818489]]], [[[144.740114, -41.327402], [144.73958, -41.327571], [144.739608, -41.327587], [144.739912, -41.327612], [144.740114, -41.327402]]], [[[144.708183, -40.510403], [144.708247, -40.510319], [144.708, -40.510202], [144.707925, -40.510414], [144.708183, -40.510403]]], [[[144.902705, -41.623585], [144.902369, -41.623439], [144.902414, -41.623597], [144.902654, -41.623709], [144.902705, -41.623585]]], [[[144.631853, -40.921094], [144.631726, -40.921148], [144.632458, -40.921344], [144.632132, -40.921181], [144.631853, -40.921094]]], [[[144.699987, -40.826953], [144.700031, -40.827189], [144.700152, -40.827213], [144.700227, -40.827004], [144.699987, -40.826953]]], [[[143.857477, -40.06479], [143.857671, -40.064741], [143.857244, -40.064414], [143.857358, -40.064585], [143.857477, -40.06479]]], [[[144.783788, -40.400591], [144.783865, -40.400475], [144.783627, -40.40036], [144.783563, -40.400546], [144.783788, -40.400591]]], [[[144.896175, -41.608038], [144.895902, -41.607963], [144.895899, -41.608085], [144.896137, -41.608216], [144.896175, -41.608038]]], [[[145.517161, -40.868635], [145.5171, -40.868755], [145.517409, -40.868921], [145.517368, -40.868738], [145.517161, -40.868635]]], [[[144.783696, -40.408646], [144.783987, -40.408741], [144.784033, -40.408625], [144.78378, -40.408514], [144.783696, -40.408646]]], [[[144.81537, -41.493888], [144.815454, -41.493618], [144.815358, -41.493628], [144.815159, -41.493959], [144.81537, -41.493888]]], [[[144.900416, -41.641212], [144.900314, -41.641001], [144.900181, -41.641057], [144.900251, -41.641303], [144.900416, -41.641212]]], [[[144.63116, -40.973924], [144.630901, -40.973935], [144.630919, -40.974025], [144.631189, -40.974147], [144.63116, -40.973924]]], [[[144.76543, -41.436661], [144.765185, -41.4366], [144.765205, -41.436767], [144.765357, -41.436875], [144.76543, -41.436661]]], [[[144.75006, -41.424071], [144.750346, -41.424175], [144.749991, -41.423784], [144.750021, -41.423984], [144.75006, -41.424071]]], [[[145.516489, -40.868922], [145.516638, -40.868823], [145.516305, -40.868777], [145.516148, -40.868871], [145.516489, -40.868922]]], [[[144.935961, -40.587136], [144.93592, -40.586767], [144.935786, -40.58705], [144.935787, -40.587155], [144.935961, -40.587136]]], [[[144.6276, -40.928276], [144.627659, -40.928163], [144.627571, -40.928108], [144.627213, -40.928313], [144.6276, -40.928276]]], [[[144.678593, -41.148057], [144.678182, -41.14797], [144.678459, -41.14812], [144.678535, -41.148395], [144.678593, -41.148057]]], [[[144.733778, -41.307612], [144.733712, -41.307381], [144.733633, -41.307394], [144.733549, -41.307682], [144.733778, -41.307612]]], [[[144.772505, -40.431339], [144.772557, -40.431041], [144.772454, -40.431035], [144.772332, -40.43125], [144.772505, -40.431339]]], [[[143.886585, -40.121954], [143.886663, -40.121743], [143.886336, -40.121982], [143.886351, -40.122094], [143.886585, -40.121954]]], [[[144.805197, -41.47776], [144.805176, -41.477537], [144.804995, -41.477544], [144.804983, -41.477716], [144.805197, -41.47776]]], [[[144.677572, -40.565125], [144.67782, -40.565266], [144.677844, -40.565086], [144.677668, -40.565002], [144.677572, -40.565125]]], [[[144.747168, -41.332122], [144.746886, -41.332045], [144.746874, -41.332151], [144.747112, -41.332287], [144.747168, -41.332122]]], [[[144.762735, -41.434263], [144.762477, -41.434267], [144.762557, -41.434429], [144.762738, -41.43446], [144.762735, -41.434263]]], [[[144.794811, -41.464261], [144.794811, -41.464173], [144.794488, -41.464115], [144.794605, -41.46432], [144.794811, -41.464261]]], [[[144.100965, -40.047731], [144.100984, -40.047526], [144.100794, -40.047511], [144.10075, -40.047677], [144.100965, -40.047731]]], [[[144.818012, -41.495139], [144.818186, -41.494921], [144.818065, -41.494904], [144.81781, -41.495132], [144.818012, -41.495139]]], [[[144.670962, -41.102236], [144.67049, -41.102113], [144.670665, -41.102283], [144.670908, -41.102306], [144.670962, -41.102236]]], [[[143.868972, -40.077638], [143.868857, -40.077355], [143.868731, -40.077608], [143.868802, -40.077667], [143.868972, -40.077638]]], [[[144.614469, -40.932857], [144.614463, -40.933106], [144.614601, -40.93313], [144.614633, -40.932877], [144.614469, -40.932857]]], [[[144.101947, -40.047], [144.101885, -40.046626], [144.101756, -40.046743], [144.101765, -40.046865], [144.101947, -40.047]]], [[[144.61801, -41.021854], [144.618161, -41.021815], [144.618058, -41.021691], [144.617714, -41.021741], [144.61801, -41.021854]]], [[[144.727986, -40.545399], [144.728007, -40.54531], [144.727775, -40.54527], [144.727744, -40.545511], [144.727986, -40.545399]]], [[[144.617882, -40.932113], [144.617948, -40.931979], [144.617775, -40.931875], [144.617639, -40.932002], [144.617882, -40.932113]]], [[[144.9181, -40.58319], [144.918189, -40.583016], [144.917887, -40.58303], [144.917884, -40.583143], [144.9181, -40.58319]]], [[[144.866462, -40.725334], [144.866479, -40.724916], [144.866346, -40.725266], [144.866251, -40.725436], [144.866462, -40.725334]]], [[[144.890724, -41.598214], [144.890874, -41.598151], [144.890746, -41.597982], [144.890552, -41.598103], [144.890724, -41.598214]]], [[[144.783009, -41.445152], [144.782994, -41.445004], [144.78277, -41.445076], [144.782803, -41.44526], [144.783009, -41.445152]]], [[[144.814118, -41.492521], [144.813977, -41.492312], [144.813905, -41.492425], [144.81395, -41.492655], [144.814118, -41.492521]]], [[[143.8855, -39.989987], [143.885393, -39.989766], [143.885297, -39.989806], [143.885261, -39.990019], [143.8855, -39.989987]]], [[[144.935809, -40.576708], [144.936028, -40.576555], [144.935762, -40.576509], [144.93568, -40.576676], [144.935809, -40.576708]]], [[[143.884588, -40.122038], [143.884724, -40.121751], [143.884536, -40.121823], [143.884432, -40.121977], [143.884588, -40.122038]]], [[[144.638559, -41.044573], [144.638757, -41.044562], [144.638561, -41.04436], [144.63841, -41.044405], [144.638559, -41.044573]]], [[[143.843161, -39.881438], [143.843361, -39.881365], [143.842989, -39.881257], [143.842929, -39.881341], [143.843161, -39.881438]]], [[[143.861215, -40.066642], [143.861189, -40.066505], [143.860892, -40.06659], [143.860924, -40.066691], [143.861215, -40.066642]]], [[[144.64872, -41.046842], [144.648789, -41.04682], [144.648668, -41.046545], [144.64851, -41.046636], [144.64872, -41.046842]]], [[[144.961184, -40.414954], [144.961305, -40.414924], [144.960915, -40.414722], [144.960864, -40.414815], [144.961184, -40.414954]]], [[[144.686857, -41.215781], [144.686931, -41.215639], [144.686742, -41.215575], [144.686632, -41.215738], [144.686857, -41.215781]]], [[[143.869993, -40.081471], [143.87033, -40.081423], [143.869604, -40.081404], [143.869851, -40.081528], [143.869993, -40.081471]]], [[[144.617569, -41.021296], [144.617688, -41.021273], [144.617583, -41.021108], [144.617305, -41.021207], [144.617569, -41.021296]]], [[[144.679739, -41.183099], [144.679884, -41.183074], [144.679777, -41.182877], [144.679574, -41.182974], [144.679739, -41.183099]]], [[[144.953153, -40.391269], [144.953193, -40.391174], [144.953005, -40.391099], [144.952882, -40.391304], [144.953153, -40.391269]]], [[[144.697245, -41.25386], [144.696975, -41.253761], [144.696947, -41.253885], [144.697145, -41.253988], [144.697245, -41.25386]]], [[[144.810475, -41.484711], [144.810327, -41.484694], [144.810356, -41.484914], [144.810509, -41.484987], [144.810475, -41.484711]]], [[[144.686666, -40.680158], [144.686751, -40.680091], [144.686397, -40.679912], [144.686421, -40.680056], [144.686666, -40.680158]]], [[[144.745066, -41.421967], [144.7452, -41.421968], [144.745107, -41.421725], [144.744935, -41.421786], [144.745066, -41.421967]]], [[[144.677904, -40.672059], [144.677876, -40.672213], [144.678158, -40.672317], [144.678114, -40.672174], [144.677904, -40.672059]]], [[[144.637222, -41.044001], [144.637541, -41.044057], [144.637482, -41.04397], [144.63708, -41.043839], [144.637222, -41.044001]]], [[[144.611523, -40.938098], [144.611673, -40.938039], [144.611623, -40.937892], [144.611371, -40.937954], [144.611523, -40.938098]]], [[[144.680713, -40.71906], [144.680972, -40.71917], [144.680923, -40.718971], [144.680775, -40.718917], [144.680713, -40.71906]]], [[[144.720303, -40.525928], [144.720345, -40.525744], [144.720178, -40.525729], [144.720124, -40.525957], [144.720303, -40.525928]]], [[[146.165031, -41.13851], [146.165067, -41.138677], [146.165247, -41.138481], [146.165219, -41.13833], [146.165031, -41.13851]]], [[[144.712927, -41.283248], [144.7131, -41.283148], [144.712835, -41.283079], [144.7127, -41.283179], [144.712927, -41.283248]]], [[[144.621299, -40.948871], [144.621397, -40.948871], [144.62125, -40.948615], [144.621098, -40.948742], [144.621299, -40.948871]]], [[[144.797639, -41.468803], [144.797657, -41.468669], [144.797374, -41.468732], [144.797444, -41.468876], [144.797639, -41.468803]]], [[[144.796465, -41.466099], [144.796152, -41.465969], [144.796173, -41.466128], [144.796384, -41.466185], [144.796465, -41.466099]]], [[[144.804124, -41.475145], [144.804135, -41.475035], [144.803781, -41.47508], [144.803922, -41.475198], [144.804124, -41.475145]]], [[[144.803577, -41.475156], [144.803024, -41.475198], [144.803195, -41.475263], [144.803417, -41.475269], [144.803577, -41.475156]]], [[[144.891054, -41.599763], [144.890909, -41.599678], [144.890838, -41.599837], [144.89099, -41.59997], [144.891054, -41.599763]]], [[[144.67636, -41.168275], [144.676522, -41.168257], [144.676427, -41.168031], [144.676258, -41.168192], [144.67636, -41.168275]]], [[[144.793072, -41.458647], [144.7928, -41.458635], [144.792849, -41.458788], [144.793003, -41.458815], [144.793072, -41.458647]]], [[[143.88509, -40.12181], [143.885067, -40.12168], [143.884886, -40.121777], [143.884943, -40.121996], [143.88509, -40.12181]]], [[[144.680537, -40.722136], [144.680711, -40.722159], [144.680592, -40.721912], [144.680437, -40.722038], [144.680537, -40.722136]]], [[[144.628183, -41.032641], [144.628491, -41.032591], [144.628041, -41.032505], [144.627993, -41.032591], [144.628183, -41.032641]]], [[[144.764435, -41.436966], [144.764415, -41.436866], [144.764187, -41.436971], [144.76431, -41.437141], [144.764435, -41.436966]]], [[[144.61338, -41.02123], [144.61354, -41.021195], [144.613482, -41.021072], [144.613143, -41.021147], [144.61338, -41.02123]]], [[[143.900359, -40.133676], [143.900375, -40.133515], [143.900168, -40.13363], [143.900126, -40.133808], [143.900359, -40.133676]]], [[[144.912293, -41.66015], [144.912236, -41.659899], [144.91214, -41.659918], [144.912124, -41.660168], [144.912293, -41.66015]]], [[[144.949032, -40.393182], [144.949103, -40.393118], [144.948819, -40.39306], [144.948757, -40.393235], [144.949032, -40.393182]]], [[[144.631237, -41.044012], [144.631078, -41.044021], [144.631221, -41.044254], [144.631347, -41.044119], [144.631237, -41.044012]]], [[[143.915801, -40.145843], [143.915851, -40.145672], [143.915615, -40.14579], [143.915631, -40.145967], [143.915801, -40.145843]]], [[[143.878623, -40.121072], [143.878664, -40.120919], [143.878532, -40.120927], [143.878386, -40.121204], [143.878623, -40.121072]]], [[[143.872115, -40.098404], [143.872269, -40.09834], [143.871748, -40.098289], [143.871965, -40.098425], [143.872115, -40.098404]]], [[[144.745879, -41.331957], [144.746031, -41.331869], [144.745834, -41.331744], [144.745721, -41.331866], [144.745879, -41.331957]]], [[[144.713318, -40.581573], [144.713318, -40.581376], [144.713147, -40.581344], [144.713152, -40.581539], [144.713318, -40.581573]]], [[[144.607787, -41.005143], [144.608214, -41.005221], [144.608179, -41.005101], [144.607993, -41.005077], [144.607787, -41.005143]]], [[[144.783405, -40.408858], [144.783745, -40.408861], [144.783753, -40.408794], [144.783529, -40.408713], [144.783405, -40.408858]]], [[[144.669221, -40.906323], [144.669359, -40.906317], [144.669268, -40.906178], [144.66894, -40.906225], [144.669221, -40.906323]]], [[[143.841442, -39.924524], [143.841529, -39.924484], [143.841435, -39.924293], [143.841246, -39.92443], [143.841442, -39.924524]]], [[[143.891666, -40.010809], [143.891653, -40.010734], [143.891418, -40.01086], [143.89141, -40.011046], [143.891666, -40.010809]]], [[[144.819467, -41.497777], [144.819486, -41.497687], [144.819278, -41.497699], [144.819192, -41.497909], [144.819467, -41.497777]]], [[[144.803799, -41.476074], [144.804052, -41.476065], [144.803528, -41.475918], [144.803473, -41.475971], [144.803799, -41.476074]]], [[[144.762898, -41.433588], [144.762709, -41.43353], [144.762671, -41.433689], [144.762861, -41.433747], [144.762898, -41.433588]]], [[[144.761907, -41.4324], [144.761769, -41.432354], [144.76169, -41.432526], [144.761849, -41.432605], [144.761907, -41.4324]]], [[[143.83443, -39.922388], [143.834433, -39.922113], [143.834277, -39.922251], [143.834268, -39.922387], [143.83443, -39.922388]]], [[[146.114805, -41.120717], [146.114964, -41.120695], [146.114874, -41.120482], [146.114719, -41.120598], [146.114805, -41.120717]]], [[[144.656161, -40.378339], [144.656242, -40.378067], [144.656033, -40.378094], [144.656041, -40.378183], [144.656161, -40.378339]]], [[[143.875213, -40.099696], [143.875245, -40.099599], [143.874928, -40.09964], [143.874962, -40.099768], [143.875213, -40.099696]]], [[[144.628061, -40.924143], [144.628298, -40.924121], [144.62799, -40.923971], [144.627895, -40.924045], [144.628061, -40.924143]]], [[[143.88625, -39.990734], [143.886267, -39.990655], [143.885997, -39.990571], [143.886069, -39.99078], [143.88625, -39.990734]]], [[[144.798094, -41.473533], [144.79812, -41.473433], [144.797927, -41.473353], [144.797836, -41.473509], [144.798094, -41.473533]]], [[[143.920161, -40.152885], [143.920191, -40.152816], [143.920016, -40.152816], [143.919883, -40.153109], [143.920161, -40.152885]]], [[[144.825208, -41.50227], [144.825299, -41.501931], [144.825143, -41.502032], [144.825116, -41.502241], [144.825208, -41.50227]]], [[[144.114177, -40.019412], [144.114044, -40.019358], [144.113959, -40.019535], [144.114101, -40.019617], [144.114177, -40.019412]]], [[[144.762789, -41.431434], [144.762632, -41.431411], [144.762813, -41.431682], [144.762916, -41.431708], [144.762789, -41.431434]]], [[[144.794376, -41.464504], [144.794224, -41.464481], [144.794211, -41.46461], [144.794463, -41.46471], [144.794376, -41.464504]]], [[[144.69628, -40.804005], [144.69646, -40.803898], [144.696207, -40.803815], [144.696155, -40.803965], [144.69628, -40.804005]]], [[[144.799082, -41.472555], [144.798907, -41.472461], [144.798855, -41.472594], [144.79897, -41.472727], [144.799082, -41.472555]]], [[[143.875172, -40.11133], [143.875121, -40.111438], [143.87543, -40.111383], [143.875518, -40.111276], [143.875172, -40.11133]]], [[[144.792054, -41.46462], [144.791816, -41.46464], [144.791869, -41.464725], [144.792145, -41.464792], [144.792054, -41.46462]]], [[[144.893117, -41.603392], [144.893101, -41.603253], [144.892852, -41.603331], [144.892941, -41.603452], [144.893117, -41.603392]]], [[[144.681543, -41.173657], [144.681341, -41.173526], [144.68132, -41.173711], [144.681469, -41.173775], [144.681543, -41.173657]]], [[[144.707166, -41.283276], [144.707169, -41.283038], [144.707037, -41.283037], [144.707003, -41.283213], [144.707166, -41.283276]]], [[[143.874415, -40.109755], [143.874402, -40.10969], [143.874185, -40.109907], [143.874179, -40.110108], [143.874415, -40.109755]]], [[[143.868311, -40.085979], [143.868562, -40.085883], [143.868019, -40.085895], [143.86818, -40.085986], [143.868311, -40.085979]]], [[[144.630619, -40.974397], [144.630773, -40.974404], [144.63068, -40.974213], [144.630482, -40.974263], [144.630619, -40.974397]]], [[[144.73158, -41.321123], [144.731404, -41.320967], [144.731389, -41.321214], [144.731451, -41.321269], [144.73158, -41.321123]]], [[[144.770316, -40.437296], [144.770369, -40.436949], [144.770194, -40.437184], [144.770195, -40.437297], [144.770316, -40.437296]]], [[[143.867245, -40.076574], [143.867596, -40.076456], [143.867313, -40.076435], [143.867093, -40.076576], [143.867245, -40.076574]]], [[[144.695627, -41.252927], [144.695434, -41.252828], [144.695345, -41.252949], [144.695507, -41.253041], [144.695627, -41.252927]]], [[[144.890657, -41.596903], [144.89052, -41.596777], [144.890447, -41.59699], [144.890577, -41.597047], [144.890657, -41.596903]]], [[[143.874032, -40.109858], [143.874038, -40.109682], [143.873803, -40.109825], [143.873907, -40.109932], [143.874032, -40.109858]]], [[[145.309108, -40.763849], [145.309052, -40.763997], [145.309362, -40.763982], [145.309222, -40.763844], [145.309108, -40.763849]]], [[[144.731772, -40.642008], [144.731868, -40.641826], [144.731706, -40.641825], [144.731599, -40.64201], [144.731772, -40.642008]]], [[[144.654168, -41.049706], [144.654237, -41.049578], [144.654088, -41.04947], [144.653984, -41.049598], [144.654168, -41.049706]]], [[[144.636239, -40.920852], [144.636279, -40.920788], [144.636053, -40.920726], [144.635899, -40.92086], [144.636239, -40.920852]]], [[[144.838054, -40.447387], [144.838344, -40.447584], [144.83838, -40.447527], [144.838231, -40.447349], [144.838054, -40.447387]]], [[[144.883665, -41.583469], [144.883638, -41.58325], [144.883533, -41.583286], [144.883508, -41.583528], [144.883665, -41.583469]]], [[[144.77795, -40.421776], [144.77781, -40.421748], [144.77787, -40.421934], [144.778049, -40.422031], [144.77795, -40.421776]]], [[[144.756224, -41.4262], [144.756445, -41.426246], [144.756238, -41.426039], [144.756087, -41.426077], [144.756224, -41.4262]]], [[[143.874377, -40.10049], [143.87442, -40.100398], [143.874138, -40.100475], [143.87408, -40.100627], [143.874377, -40.10049]]], [[[144.612537, -40.933141], [144.612531, -40.93338], [144.612692, -40.933273], [144.61269, -40.93313], [144.612537, -40.933141]]], [[[143.874408, -40.100778], [143.874475, -40.100626], [143.874192, -40.100712], [143.874181, -40.100812], [143.874408, -40.100778]]], [[[144.747251, -41.332694], [144.747288, -41.33255], [144.74704, -41.332577], [144.747078, -41.332715], [144.747251, -41.332694]]], [[[144.803231, -41.473902], [144.803651, -41.473874], [144.80328, -41.473778], [144.803172, -41.473877], [144.803231, -41.473902]]], [[[143.871042, -40.095823], [143.871043, -40.095648], [143.870826, -40.09575], [143.87089, -40.09587], [143.871042, -40.095823]]], [[[144.687954, -41.251166], [144.687849, -41.251163], [144.687883, -41.25133], [144.688096, -41.251425], [144.687954, -41.251166]]], [[[144.960807, -40.415434], [144.961016, -40.415409], [144.960704, -40.415279], [144.960597, -40.415352], [144.960807, -40.415434]]], [[[144.68764, -40.683683], [144.687639, -40.683489], [144.687456, -40.683569], [144.687444, -40.683688], [144.68764, -40.683683]]], [[[144.717491, -41.285926], [144.717528, -41.285819], [144.717366, -41.28575], [144.717231, -41.285871], [144.717491, -41.285926]]], [[[144.697297, -41.254373], [144.697062, -41.254355], [144.697104, -41.254466], [144.697338, -41.254526], [144.697297, -41.254373]]], [[[144.698207, -40.784576], [144.698228, -40.784386], [144.698097, -40.784357], [144.698032, -40.784528], [144.698207, -40.784576]]], [[[144.612497, -40.946322], [144.612557, -40.946144], [144.612311, -40.946079], [144.612397, -40.946249], [144.612497, -40.946322]]], [[[144.611188, -40.942238], [144.611499, -40.942436], [144.6114, -40.942288], [144.611429, -40.942144], [144.611188, -40.942238]]], [[[144.685785, -41.245784], [144.685954, -41.245846], [144.685567, -41.245505], [144.685508, -41.245543], [144.685785, -41.245784]]], [[[144.64988, -40.903586], [144.650026, -40.903609], [144.649858, -40.903412], [144.649676, -40.903492], [144.64988, -40.903586]]], [[[144.880328, -40.477701], [144.880366, -40.477497], [144.880257, -40.477439], [144.880186, -40.477654], [144.880328, -40.477701]]], [[[144.890939, -41.596742], [144.890687, -41.596642], [144.890724, -41.596796], [144.890894, -41.59686], [144.890939, -41.596742]]], [[[143.874058, -40.113143], [143.874206, -40.112946], [143.874008, -40.11293], [143.873973, -40.113114], [143.874058, -40.113143]]], [[[143.858007, -40.063644], [143.857939, -40.063344], [143.857863, -40.063365], [143.857851, -40.063576], [143.858007, -40.063644]]], [[[144.699201, -40.81688], [144.699074, -40.816929], [144.699158, -40.817101], [144.699327, -40.816976], [144.699201, -40.81688]]], [[[144.700779, -40.789988], [144.700738, -40.790141], [144.701086, -40.790147], [144.700942, -40.790059], [144.700779, -40.789988]]], [[[144.720896, -41.302523], [144.721039, -41.302414], [144.720807, -41.302404], [144.720634, -41.302515], [144.720896, -41.302523]]], [[[144.685922, -40.607407], [144.685574, -40.607304], [144.685572, -40.607352], [144.685719, -40.60749], [144.685922, -40.607407]]], [[[144.63021, -41.039321], [144.630017, -41.03938], [144.63015, -41.039524], [144.630289, -41.03941], [144.63021, -41.039321]]], [[[144.820456, -41.500324], [144.820453, -41.500228], [144.820185, -41.500275], [144.820252, -41.500402], [144.820456, -41.500324]]], [[[144.640456, -41.046717], [144.640565, -41.046721], [144.640497, -41.046567], [144.640233, -41.046547], [144.640456, -41.046717]]], [[[144.792558, -41.461898], [144.792108, -41.461931], [144.792172, -41.461982], [144.792419, -41.46201], [144.792558, -41.461898]]], [[[144.700659, -40.786796], [144.700826, -40.786761], [144.700628, -40.786636], [144.700461, -40.786699], [144.700659, -40.786796]]], [[[144.707302, -40.512217], [144.70722, -40.511927], [144.707162, -40.511968], [144.707139, -40.512186], [144.707302, -40.512217]]], [[[143.873853, -40.112498], [143.873884, -40.112353], [143.873716, -40.112339], [143.873725, -40.112576], [143.873853, -40.112498]]], [[[144.89439, -41.605354], [144.894241, -41.605239], [144.89418, -41.605356], [144.894354, -41.605503], [144.89439, -41.605354]]], [[[144.655513, -40.371385], [144.655696, -40.37139], [144.655686, -40.371195], [144.655497, -40.371287], [144.655513, -40.371385]]], [[[144.782058, -40.415291], [144.782097, -40.415145], [144.781889, -40.415113], [144.781889, -40.415255], [144.782058, -40.415291]]], [[[144.758796, -41.429152], [144.758911, -41.429162], [144.758747, -41.42889], [144.758666, -41.428986], [144.758796, -41.429152]]], [[[144.702037, -41.259622], [144.702104, -41.259507], [144.701892, -41.259463], [144.701884, -41.259648], [144.702037, -41.259622]]], [[[144.885423, -41.587599], [144.885372, -41.587476], [144.885166, -41.587582], [144.88532, -41.587688], [144.885423, -41.587599]]], [[[144.703186, -40.790844], [144.703384, -40.790768], [144.703193, -40.790703], [144.702989, -40.79083], [144.703186, -40.790844]]], [[[144.609114, -40.938413], [144.609137, -40.938242], [144.608925, -40.938298], [144.608867, -40.93837], [144.609114, -40.938413]]], [[[144.696858, -40.804559], [144.696865, -40.804348], [144.696709, -40.804454], [144.696674, -40.804584], [144.696858, -40.804559]]], [[[143.859339, -40.060939], [143.859104, -40.060946], [143.859111, -40.061036], [143.85936, -40.061079], [143.859339, -40.060939]]], [[[144.030878, -40.106184], [144.030736, -40.105903], [144.030699, -40.105995], [144.030725, -40.106198], [144.030878, -40.106184]]], [[[144.77129, -40.434489], [144.771296, -40.434433], [144.771056, -40.434359], [144.771108, -40.434563], [144.77129, -40.434489]]], [[[144.655649, -41.051739], [144.655917, -41.051587], [144.655783, -41.051543], [144.655633, -41.051594], [144.655649, -41.051739]]], [[[144.625713, -40.932293], [144.62579, -40.93228], [144.625647, -40.93211], [144.625461, -40.932196], [144.625713, -40.932293]]], [[[144.70126, -40.788111], [144.701463, -40.788088], [144.70126, -40.787925], [144.70117, -40.788022], [144.70126, -40.788111]]], [[[143.83745, -39.923515], [143.837511, -39.923503], [143.83735, -39.923223], [143.837264, -39.923326], [143.83745, -39.923515]]], [[[143.928272, -40.162342], [143.928224, -40.162151], [143.928074, -40.162261], [143.928147, -40.162393], [143.928272, -40.162342]]], [[[144.929067, -40.567856], [144.929119, -40.567694], [144.92898, -40.567654], [144.928938, -40.567892], [144.929067, -40.567856]]], [[[144.812259, -41.486473], [144.812132, -41.486272], [144.812104, -41.486574], [144.812133, -41.486617], [144.812259, -41.486473]]], [[[144.611088, -40.945613], [144.611167, -40.945395], [144.611047, -40.945389], [144.610963, -40.945583], [144.611088, -40.945613]]], [[[143.869196, -40.079905], [143.869233, -40.079898], [143.86914, -40.079695], [143.868968, -40.079853], [143.869196, -40.079905]]], [[[144.630078, -41.031667], [144.630401, -41.031763], [144.6304, -41.031665], [144.630255, -41.0316], [144.630078, -41.031667]]], [[[144.70937, -40.486457], [144.709345, -40.486183], [144.709265, -40.486213], [144.709227, -40.486411], [144.70937, -40.486457]]], [[[143.856047, -39.948118], [143.856259, -39.948024], [143.855932, -39.947991], [143.855874, -39.948057], [143.856047, -39.948118]]], [[[143.832778, -39.921758], [143.832806, -39.921566], [143.832674, -39.921582], [143.832639, -39.92179], [143.832778, -39.921758]]], [[[144.739527, -40.596139], [144.739596, -40.596045], [144.739433, -40.595948], [144.739331, -40.596065], [144.739527, -40.596139]]], [[[144.904664, -41.648863], [144.904548, -41.64884], [144.904484, -41.648999], [144.904629, -41.64907], [144.904664, -41.648863]]], [[[144.764848, -41.437148], [144.764845, -41.436942], [144.764751, -41.436944], [144.764707, -41.437192], [144.764848, -41.437148]]], [[[144.633983, -41.039546], [144.633777, -41.039558], [144.634035, -41.039707], [144.634117, -41.039603], [144.633983, -41.039546]]], [[[144.723972, -40.606235], [144.723942, -40.605963], [144.723839, -40.60613], [144.723878, -40.606305], [144.723972, -40.606235]]], [[[143.892133, -40.007551], [143.892219, -40.007477], [143.89201, -40.007407], [143.891907, -40.007536], [143.892133, -40.007551]]], [[[143.885971, -40.041782], [143.886, -40.041701], [143.885795, -40.041619], [143.885786, -40.041799], [143.885971, -40.041782]]], [[[143.886283, -39.984399], [143.886043, -39.98433], [143.886097, -39.984484], [143.88621, -39.984533], [143.886283, -39.984399]]], [[[143.83563, -39.922464], [143.835688, -39.922392], [143.83537, -39.922408], [143.835355, -39.92252], [143.83563, -39.922464]]], [[[144.684996, -40.685492], [144.685164, -40.685489], [144.684968, -40.685279], [144.684917, -40.685461], [144.684996, -40.685492]]], [[[144.621451, -40.949205], [144.621533, -40.949179], [144.621442, -40.948996], [144.62128, -40.949048], [144.621451, -40.949205]]], [[[144.75204, -41.425023], [144.751845, -41.424962], [144.7519, -41.425135], [144.752029, -41.425183], [144.75204, -41.425023]]], [[[143.868666, -40.092159], [143.868728, -40.092045], [143.868371, -40.092189], [143.868371, -40.092256], [143.868666, -40.092159]]], [[[144.62745, -40.979582], [144.62751, -40.979466], [144.627357, -40.979405], [144.627264, -40.97955], [144.62745, -40.979582]]], [[[144.624058, -41.005489], [144.624196, -41.005453], [144.624091, -41.005285], [144.62395, -41.005418], [144.624058, -41.005489]]], [[[144.727459, -41.305975], [144.727214, -41.305988], [144.72721, -41.306062], [144.727419, -41.306122], [144.727459, -41.305975]]], [[[144.748129, -41.333427], [144.748134, -41.333309], [144.747973, -41.333304], [144.747955, -41.333496], [144.748129, -41.333427]]], [[[144.628765, -41.032801], [144.629147, -41.032819], [144.629085, -41.032732], [144.628939, -41.032704], [144.628765, -41.032801]]], [[[144.609728, -40.937474], [144.609987, -40.937616], [144.610015, -40.937541], [144.609867, -40.93741], [144.609728, -40.937474]]], [[[144.609916, -40.941273], [144.610242, -40.941449], [144.610236, -40.941355], [144.610107, -40.941255], [144.609916, -40.941273]]], [[[146.121729, -41.121629], [146.121511, -41.121559], [146.121547, -41.121697], [146.12172, -41.121761], [146.121729, -41.121629]]], [[[143.874036, -40.109568], [143.874211, -40.109506], [143.87377, -40.10943], [143.873834, -40.109502], [143.874036, -40.109568]]], [[[144.611208, -40.937723], [144.611677, -40.937569], [144.611536, -40.93755], [144.611355, -40.937584], [144.611208, -40.937723]]], [[[144.611253, -40.934298], [144.611357, -40.93427], [144.611202, -40.934115], [144.611037, -40.934115], [144.611253, -40.934298]]], [[[144.966822, -40.433063], [144.96682, -40.432801], [144.966709, -40.43287], [144.966684, -40.433016], [144.966822, -40.433063]]], [[[143.868785, -40.078081], [143.868908, -40.077927], [143.868688, -40.077933], [143.86862, -40.078007], [143.868785, -40.078081]]], [[[144.650931, -40.899472], [144.650679, -40.899458], [144.650727, -40.899581], [144.650853, -40.89961], [144.650931, -40.899472]]], [[[144.91699, -41.664839], [144.916772, -41.664871], [144.916818, -41.664966], [144.916986, -41.665003], [144.91699, -41.664839]]], [[[144.612752, -40.94641], [144.612702, -40.946508], [144.612881, -40.946596], [144.612923, -40.94644], [144.612752, -40.94641]]], [[[144.904652, -41.649717], [144.904742, -41.649725], [144.90459, -41.649489], [144.904484, -41.649577], [144.904652, -41.649717]]], [[[144.764243, -41.435775], [144.76408, -41.435663], [144.764077, -41.435759], [144.764229, -41.435976], [144.764243, -41.435775]]], [[[144.895535, -41.606745], [144.895419, -41.6067], [144.895372, -41.606898], [144.895466, -41.60696], [144.895535, -41.606745]]], [[[144.766993, -40.446221], [144.767071, -40.446108], [144.767001, -40.446063], [144.766764, -40.446089], [144.766993, -40.446221]]], [[[144.101237, -40.047406], [144.101144, -40.047308], [144.101043, -40.047432], [144.101127, -40.047561], [144.101237, -40.047406]]], [[[144.704118, -40.796148], [144.704223, -40.795997], [144.704182, -40.795967], [144.703906, -40.796134], [144.704118, -40.796148]]], [[[144.792762, -41.456908], [144.792539, -41.456828], [144.79251, -41.456957], [144.792625, -41.457004], [144.792762, -41.456908]]], [[[144.889192, -41.595575], [144.889009, -41.595609], [144.889071, -41.595694], [144.889293, -41.595731], [144.889192, -41.595575]]], [[[144.699507, -40.786321], [144.699581, -40.786237], [144.699414, -40.786115], [144.699341, -40.786227], [144.699507, -40.786321]]], [[[144.891608, -41.601478], [144.891452, -41.601432], [144.891432, -41.60156], [144.891582, -41.601647], [144.891608, -41.601478]]], [[[144.719491, -40.599032], [144.719428, -40.598787], [144.719312, -40.598833], [144.71934, -40.59896], [144.719491, -40.599032]]], [[[144.010625, -40.094698], [144.010747, -40.09452], [144.010582, -40.094504], [144.010518, -40.09461], [144.010625, -40.094698]]], [[[144.918514, -41.667822], [144.91837, -41.667775], [144.918347, -41.667921], [144.918478, -41.667998], [144.918514, -41.667822]]], [[[144.985209, -40.714862], [144.985254, -40.71473], [144.985071, -40.714737], [144.985058, -40.714899], [144.985209, -40.714862]]], [[[144.782641, -40.405319], [144.782618, -40.405394], [144.782876, -40.405535], [144.782805, -40.405363], [144.782641, -40.405319]]], [[[145.298076, -40.739421], [145.29807, -40.739298], [145.297943, -40.739292], [145.297872, -40.739464], [145.298076, -40.739421]]], [[[144.923297, -40.393583], [144.923468, -40.393503], [144.923207, -40.393461], [144.92312, -40.39356], [144.923297, -40.393583]]], [[[144.648609, -40.89959], [144.648727, -40.899526], [144.648477, -40.899437], [144.648423, -40.899534], [144.648609, -40.89959]]], [[[144.888784, -41.592407], [144.888604, -41.592373], [144.888588, -41.592503], [144.888746, -41.592545], [144.888784, -41.592407]]], [[[144.696891, -41.252095], [144.696935, -41.251976], [144.696653, -41.251978], [144.696793, -41.252105], [144.696891, -41.252095]]], [[[144.666584, -41.127435], [144.666694, -41.127443], [144.666581, -41.127259], [144.666423, -41.127279], [144.666584, -41.127435]]], [[[144.721529, -41.303608], [144.721529, -41.303497], [144.721373, -41.303494], [144.721337, -41.303659], [144.721529, -41.303608]]], [[[144.648737, -40.919446], [144.648792, -40.919338], [144.648657, -40.919188], [144.648614, -40.919353], [144.648737, -40.919446]]], [[[144.67815, -40.724553], [144.678276, -40.724248], [144.677993, -40.724614], [144.677902, -40.724693], [144.67815, -40.724553]]], [[[144.717119, -41.301166], [144.717003, -41.301124], [144.716981, -41.301269], [144.717108, -41.301386], [144.717119, -41.301166]]], [[[144.630805, -41.038493], [144.630973, -41.038486], [144.63069, -41.038321], [144.630656, -41.038419], [144.630805, -41.038493]]], [[[144.647178, -41.046222], [144.647226, -41.045977], [144.647106, -41.045991], [144.647065, -41.046108], [144.647178, -41.046222]]], [[[144.6744, -41.105428], [144.674109, -41.105318], [144.674169, -41.105432], [144.674375, -41.105515], [144.6744, -41.105428]]], [[[144.613803, -41.007389], [144.614154, -41.007517], [144.614143, -41.00743], [144.614002, -41.007362], [144.613803, -41.007389]]], [[[144.884979, -41.586359], [144.884742, -41.586262], [144.884805, -41.586411], [144.884931, -41.586472], [144.884979, -41.586359]]], [[[144.679231, -40.631115], [144.679305, -40.631549], [144.679324, -40.631144], [144.679434, -40.631091], [144.679231, -40.631115]]], [[[144.765087, -41.439535], [144.765132, -41.439559], [144.765157, -41.4393], [144.764997, -41.439352], [144.765087, -41.439535]]], [[[143.874513, -40.101044], [143.874633, -40.100942], [143.874296, -40.101058], [143.87422, -40.101181], [143.874513, -40.101044]]], [[[144.899261, -41.641097], [144.899376, -41.641091], [144.899319, -41.640885], [144.899183, -41.641002], [144.899261, -41.641097]]], [[[144.703818, -40.796304], [144.7038, -40.796431], [144.704125, -40.796296], [144.703975, -40.796277], [144.703818, -40.796304]]], [[[144.795654, -41.464699], [144.795658, -41.464595], [144.795417, -41.464669], [144.795473, -41.464765], [144.795654, -41.464699]]], [[[143.839624, -39.927905], [143.839464, -39.927867], [143.839452, -39.927929], [143.839679, -39.928103], [143.839624, -39.927905]]], [[[144.644333, -40.920129], [144.644446, -40.920045], [144.644405, -40.91996], [144.64418, -40.920035], [144.644333, -40.920129]]], [[[144.704488, -40.657118], [144.704505, -40.657053], [144.704313, -40.656978], [144.704263, -40.65712], [144.704488, -40.657118]]], [[[144.747654, -41.423277], [144.747397, -41.423173], [144.747491, -41.423314], [144.747664, -41.423392], [144.747654, -41.423277]]], [[[143.832642, -39.91565], [143.832782, -39.915702], [143.832803, -39.915438], [143.832681, -39.915552], [143.832642, -39.91565]]], [[[144.811454, -40.578337], [144.811417, -40.578265], [144.811197, -40.578298], [144.811233, -40.578414], [144.811454, -40.578337]]], [[[144.764732, -41.436831], [144.764492, -41.436716], [144.764436, -41.436776], [144.764576, -41.436885], [144.764732, -41.436831]]], [[[143.844279, -39.875604], [143.844396, -39.875427], [143.844161, -39.875479], [143.844187, -39.87559], [143.844279, -39.875604]]], [[[144.74303, -40.662449], [144.743237, -40.662336], [144.74292, -40.662356], [144.742894, -40.662452], [144.74303, -40.662449]]], [[[144.702397, -40.78917], [144.702382, -40.789276], [144.702529, -40.789219], [144.702594, -40.789017], [144.702397, -40.78917]]], [[[144.907175, -41.65363], [144.906942, -41.653534], [144.906934, -41.653621], [144.907109, -41.653725], [144.907175, -41.65363]]], [[[144.825729, -41.503121], [144.825564, -41.503079], [144.82553, -41.503188], [144.825647, -41.503273], [144.825729, -41.503121]]], [[[144.894969, -41.607847], [144.894974, -41.607694], [144.894872, -41.607716], [144.894786, -41.607893], [144.894969, -41.607847]]], [[[143.861571, -40.060341], [143.861499, -40.060229], [143.861297, -40.060323], [143.861449, -40.060386], [143.861571, -40.060341]]], [[[144.60457, -41.010086], [144.60459, -41.009992], [144.604421, -41.009997], [144.604341, -41.010138], [144.60457, -41.010086]]], [[[144.690499, -41.24846], [144.690473, -41.248376], [144.69026, -41.24845], [144.690401, -41.248556], [144.690499, -41.24846]]], [[[143.885929, -40.044083], [143.885979, -40.04396], [143.885826, -40.04391], [143.885775, -40.044042], [143.885929, -40.044083]]], [[[143.832121, -39.921749], [143.832153, -39.921647], [143.831995, -39.921646], [143.831934, -39.921815], [143.832121, -39.921749]]], [[[144.696303, -40.804182], [144.696462, -40.804273], [144.696508, -40.804037], [144.696393, -40.804109], [144.696303, -40.804182]]], [[[144.631471, -40.900745], [144.631596, -40.900622], [144.631395, -40.900593], [144.631333, -40.90067], [144.631471, -40.900745]]], [[[144.620028, -40.945322], [144.620062, -40.945231], [144.619895, -40.945175], [144.619829, -40.945301], [144.620028, -40.945322]]], [[[144.738854, -41.326094], [144.738933, -41.32601], [144.738764, -41.325961], [144.738638, -41.326057], [144.738854, -41.326094]]], [[[144.904617, -41.646068], [144.904425, -41.646015], [144.904387, -41.646123], [144.904526, -41.646178], [144.904617, -41.646068]]], [[[144.632844, -41.034878], [144.632941, -41.034844], [144.632816, -41.034695], [144.632695, -41.034769], [144.632844, -41.034878]]], [[[143.971071, -40.117986], [143.971161, -40.117827], [143.970892, -40.117978], [143.970972, -40.118058], [143.971071, -40.117986]]], [[[144.770321, -40.437583], [144.770347, -40.437409], [144.770255, -40.437399], [144.770188, -40.437612], [144.770321, -40.437583]]], [[[144.747805, -41.422647], [144.74755, -41.422648], [144.747635, -41.422736], [144.747769, -41.422783], [144.747805, -41.422647]]], [[[144.652132, -40.905534], [144.652358, -40.90553], [144.652261, -40.90541], [144.652064, -40.905485], [144.652132, -40.905534]]], [[[144.736467, -41.30953], [144.736515, -41.30942], [144.736267, -41.309445], [144.736244, -41.309516], [144.736467, -41.30953]]], [[[144.609486, -40.940695], [144.609503, -40.940544], [144.609406, -40.940531], [144.609288, -40.94063], [144.609486, -40.940695]]], [[[143.874528, -40.110036], [143.874527, -40.109869], [143.874424, -40.109948], [143.874411, -40.110176], [143.874528, -40.110036]]], [[[144.616719, -40.932094], [144.616826, -40.932103], [144.616739, -40.931917], [144.616598, -40.932019], [144.616719, -40.932094]]], [[[144.677094, -40.724378], [144.67719, -40.724107], [144.677, -40.724374], [144.677076, -40.724547], [144.677094, -40.724378]]], [[[144.743081, -41.33039], [144.742904, -41.330345], [144.742887, -41.33047], [144.743003, -41.330519], [144.743081, -41.33039]]], [[[144.102682, -40.046002], [144.102651, -40.045915], [144.102428, -40.046027], [144.102499, -40.046094], [144.102682, -40.046002]]], [[[144.710556, -40.50514], [144.710596, -40.505151], [144.710559, -40.504881], [144.710438, -40.504942], [144.710556, -40.50514]]], [[[144.686764, -41.247905], [144.686581, -41.247791], [144.686559, -41.247906], [144.686698, -41.247992], [144.686764, -41.247905]]], [[[144.759381, -41.428928], [144.759373, -41.428778], [144.759258, -41.428754], [144.759223, -41.428901], [144.759381, -41.428928]]], [[[144.632993, -41.044188], [144.633109, -41.044149], [144.633049, -41.044042], [144.632842, -41.044109], [144.632993, -41.044188]]], [[[143.884531, -40.021881], [143.884422, -40.021669], [143.884415, -40.021844], [143.884569, -40.02207], [143.884531, -40.021881]]], [[[143.872302, -40.100073], [143.872353, -40.099966], [143.872145, -40.09999], [143.872141, -40.100115], [143.872302, -40.100073]]], [[[144.723793, -40.604628], [144.723742, -40.604466], [144.72368, -40.604593], [144.723707, -40.604817], [144.723793, -40.604628]]], [[[144.890989, -41.596103], [144.890829, -41.596073], [144.890778, -41.596164], [144.890925, -41.596239], [144.890989, -41.596103]]], [[[144.653473, -40.906314], [144.653407, -40.906428], [144.653657, -40.906421], [144.653603, -40.90632], [144.653473, -40.906314]]], [[[144.677433, -41.176263], [144.677174, -41.176218], [144.677197, -41.176298], [144.677399, -41.176357], [144.677433, -41.176263]]], [[[144.655967, -40.912382], [144.655931, -40.912526], [144.656051, -40.912522], [144.656119, -40.912356], [144.655967, -40.912382]]], [[[144.677435, -41.222221], [144.677325, -41.222183], [144.677312, -41.222344], [144.677425, -41.222412], [144.677435, -41.222221]]], [[[144.792688, -41.457922], [144.792537, -41.457854], [144.792459, -41.457993], [144.792607, -41.458009], [144.792688, -41.457922]]], [[[144.814176, -41.49049], [144.81418, -41.490366], [144.814014, -41.490478], [144.814019, -41.490603], [144.814176, -41.49049]]], [[[143.870452, -40.080989], [143.870545, -40.080954], [143.869912, -40.080943], [143.870198, -40.080999], [143.870452, -40.080989]]], [[[144.615, -40.932633], [144.615039, -40.932587], [144.614855, -40.932546], [144.614659, -40.932635], [144.615, -40.932633]]], [[[144.898922, -41.637886], [144.89893, -41.637768], [144.898793, -41.637733], [144.898748, -41.637862], [144.898922, -41.637886]]], [[[144.937352, -40.396169], [144.937514, -40.396104], [144.937251, -40.396041], [144.937243, -40.396156], [144.937352, -40.396169]]], [[[144.745304, -40.661626], [144.745506, -40.66165], [144.745213, -40.661447], [144.745246, -40.661577], [144.745304, -40.661626]]], [[[144.029978, -40.101421], [144.029863, -40.101274], [144.029818, -40.101437], [144.029884, -40.101521], [144.029978, -40.101421]]], [[[143.839332, -39.92793], [143.839379, -39.927904], [143.839247, -39.927735], [143.83915, -39.927844], [143.839332, -39.92793]]], [[[145.297105, -40.739859], [145.297142, -40.739771], [145.296915, -40.739761], [145.296896, -40.739852], [145.297105, -40.739859]]], [[[144.699042, -40.781284], [144.698958, -40.781214], [144.698919, -40.781326], [144.699058, -40.7815], [144.699042, -40.781284]]], [[[143.978756, -40.110059], [143.978815, -40.110029], [143.9787, -40.109839], [143.978604, -40.109902], [143.978756, -40.110059]]], [[[144.747349, -41.418024], [144.747151, -41.418052], [144.747181, -41.418126], [144.747368, -41.418154], [144.747349, -41.418024]]], [[[144.637384, -41.044923], [144.636963, -41.044809], [144.637191, -41.044954], [144.637224, -41.04497], [144.637384, -41.044923]]], [[[144.736399, -41.30975], [144.73615, -41.309687], [144.736198, -41.309785], [144.736364, -41.309844], [144.736399, -41.30975]]], [[[144.707694, -40.510481], [144.707764, -40.510402], [144.707684, -40.510331], [144.707504, -40.510387], [144.707694, -40.510481]]], [[[143.87424, -40.106668], [143.874476, -40.106739], [143.874192, -40.106598], [143.873958, -40.106789], [143.87424, -40.106668]]], [[[144.630761, -41.039805], [144.63088, -41.039766], [144.630787, -41.039629], [144.630666, -41.039728], [144.630761, -41.039805]]], [[[144.781805, -40.414527], [144.781751, -40.414661], [144.781845, -40.414713], [144.781936, -40.414559], [144.781805, -40.414527]]], [[[144.67912, -41.177178], [144.679259, -41.177094], [144.679001, -41.177009], [144.679033, -41.177096], [144.67912, -41.177178]]], [[[144.630443, -41.043798], [144.63072, -41.043938], [144.630699, -41.043837], [144.630589, -41.043768], [144.630443, -41.043798]]], [[[144.720941, -40.609025], [144.720925, -40.608859], [144.720826, -40.608894], [144.72081, -40.609062], [144.720941, -40.609025]]], [[[144.813098, -41.491168], [144.813151, -41.491017], [144.81297, -41.49114], [144.81298, -41.491279], [144.813098, -41.491168]]], [[[144.615866, -40.945675], [144.615842, -40.945545], [144.615722, -40.945581], [144.615676, -40.945702], [144.615866, -40.945675]]], [[[143.899639, -40.136456], [143.899511, -40.136359], [143.899519, -40.136534], [143.89962, -40.136606], [143.899639, -40.136456]]], [[[144.746122, -40.661201], [144.746096, -40.661106], [144.746028, -40.661111], [144.745871, -40.661294], [144.746122, -40.661201]]], [[[144.030656, -40.101745], [144.030669, -40.101584], [144.030514, -40.101714], [144.030598, -40.101835], [144.030656, -40.101745]]], [[[143.89007, -40.122602], [143.890038, -40.122713], [143.890294, -40.122585], [143.890306, -40.122524], [143.89007, -40.122602]]], [[[144.698357, -40.778048], [144.698486, -40.777985], [144.698319, -40.777916], [144.698205, -40.778], [144.698357, -40.778048]]], [[[143.861706, -40.066621], [143.861573, -40.066623], [143.861621, -40.066764], [143.861714, -40.066827], [143.861706, -40.066621]]], [[[144.638074, -40.900804], [144.638194, -40.900766], [144.63813, -40.900636], [144.637986, -40.900723], [144.638074, -40.900804]]], [[[144.934669, -40.58442], [144.934639, -40.584248], [144.934532, -40.584276], [144.934513, -40.584388], [144.934669, -40.58442]]], [[[144.824439, -41.502283], [144.824133, -41.502291], [144.82423, -41.502361], [144.824354, -41.502387], [144.824439, -41.502283]]], [[[144.798978, -41.472843], [144.798776, -41.472785], [144.798786, -41.472892], [144.798893, -41.472949], [144.798978, -41.472843]]], [[[144.804119, -41.474488], [144.804148, -41.474455], [144.803748, -41.474445], [144.803853, -41.474521], [144.804119, -41.474488]]], [[[143.86407, -40.07442], [143.864014, -40.074311], [143.863885, -40.074381], [143.863965, -40.074501], [143.86407, -40.07442]]], [[[144.09266, -40.052342], [144.09267, -40.052195], [144.092524, -40.052289], [144.092511, -40.052405], [144.09266, -40.052342]]], [[[144.700033, -40.786867], [144.700228, -40.786891], [144.700092, -40.786736], [144.699978, -40.786821], [144.700033, -40.786867]]], [[[144.742112, -41.330483], [144.742135, -41.330404], [144.741907, -41.330416], [144.741968, -41.330529], [144.742112, -41.330483]]], [[[143.868252, -40.092586], [143.868245, -40.092508], [143.868084, -40.092671], [143.868112, -40.092794], [143.868252, -40.092586]]], [[[144.766731, -40.454269], [144.766782, -40.454199], [144.766603, -40.45414], [144.766538, -40.454239], [144.766731, -40.454269]]], [[[143.900022, -40.134233], [143.900076, -40.13407], [143.89987, -40.134175], [143.89993, -40.134255], [143.900022, -40.134233]]], [[[143.878923, -40.120717], [143.878982, -40.120545], [143.878916, -40.120529], [143.878793, -40.120691], [143.878923, -40.120717]]], [[[143.901121, -40.140218], [143.90106, -40.139984], [143.900994, -40.139988], [143.900985, -40.140136], [143.901121, -40.140218]]], [[[144.750562, -41.423523], [144.750287, -41.423384], [144.750344, -41.423474], [144.7506, -41.423622], [144.750562, -41.423523]]], [[[143.977399, -40.114318], [143.977451, -40.114157], [143.977309, -40.1142], [143.977269, -40.114323], [143.977399, -40.114318]]], [[[144.737919, -40.617157], [144.737952, -40.617178], [144.73796, -40.616746], [144.73789, -40.616912], [144.737919, -40.617157]]], [[[144.813676, -41.490081], [144.813648, -41.490193], [144.813876, -41.490158], [144.813839, -41.490085], [144.813676, -41.490081]]], [[[144.889254, -41.595041], [144.889262, -41.594966], [144.889041, -41.594934], [144.889112, -41.595061], [144.889254, -41.595041]]], [[[144.699165, -40.780095], [144.699204, -40.780009], [144.699093, -40.779993], [144.698932, -40.780127], [144.699165, -40.780095]]], [[[144.821226, -41.497274], [144.821265, -41.497213], [144.821018, -41.49724], [144.82097, -41.497339], [144.821226, -41.497274]]], [[[144.753566, -41.411348], [144.753779, -41.411386], [144.75374, -41.411279], [144.753484, -41.411295], [144.753566, -41.411348]]], [[[144.956924, -40.412572], [144.957045, -40.412458], [144.956952, -40.412406], [144.956818, -40.412517], [144.956924, -40.412572]]], [[[144.76241, -41.43456], [144.762404, -41.434429], [144.762212, -41.43453], [144.762271, -41.43459], [144.76241, -41.43456]]], [[[143.857639, -40.062732], [143.857689, -40.062676], [143.857484, -40.062583], [143.857464, -40.062691], [143.857639, -40.062732]]], [[[143.871525, -40.096118], [143.871561, -40.096039], [143.871375, -40.096003], [143.871369, -40.09613], [143.871525, -40.096118]]], [[[143.930024, -40.147268], [143.930081, -40.147142], [143.929899, -40.147153], [143.92992, -40.147279], [143.930024, -40.147268]]], [[[144.960084, -40.399954], [144.960174, -40.399892], [144.960038, -40.399806], [144.959941, -40.399915], [144.960084, -40.399954]]], [[[144.744428, -40.661767], [144.744742, -40.661813], [144.744677, -40.66172], [144.744596, -40.661698], [144.744428, -40.661767]]], [[[143.886426, -40.006575], [143.886487, -40.006485], [143.886361, -40.006471], [143.886252, -40.006655], [143.886426, -40.006575]]], [[[144.611182, -40.942058], [144.611255, -40.94196], [144.611089, -40.941957], [144.611013, -40.942077], [144.611182, -40.942058]]], [[[144.961205, -40.40614], [144.961559, -40.406183], [144.961516, -40.406119], [144.961359, -40.406083], [144.961205, -40.40614]]], [[[144.679338, -41.180861], [144.679255, -41.180848], [144.679303, -41.181026], [144.679423, -41.181064], [144.679338, -41.180861]]], [[[144.765384, -41.43754], [144.765383, -41.437358], [144.765249, -41.437432], [144.765318, -41.437567], [144.765384, -41.43754]]], [[[144.703592, -40.791017], [144.703631, -40.790921], [144.703531, -40.79088], [144.703391, -40.790956], [144.703592, -40.791017]]], [[[144.61232, -40.94566], [144.612617, -40.945755], [144.612605, -40.945674], [144.612465, -40.945625], [144.61232, -40.94566]]], [[[144.894334, -41.604107], [144.894474, -41.60408], [144.894348, -41.603965], [144.894235, -41.604027], [144.894334, -41.604107]]], [[[144.090923, -40.05248], [144.090951, -40.052406], [144.090751, -40.052497], [144.090688, -40.052633], [144.090923, -40.05248]]], [[[144.753004, -41.426387], [144.753096, -41.426304], [144.753046, -41.426191], [144.752925, -41.42628], [144.753004, -41.426387]]], [[[144.730809, -41.317076], [144.730629, -41.317065], [144.730662, -41.317168], [144.730795, -41.317195], [144.730809, -41.317076]]], [[[144.654332, -40.376253], [144.654414, -40.376241], [144.654308, -40.376049], [144.654237, -40.376168], [144.654332, -40.376253]]], [[[144.637061, -41.045043], [144.636964, -41.045106], [144.637186, -41.045186], [144.637185, -41.045084], [144.637061, -41.045043]]], [[[144.870157, -41.56228], [144.870184, -41.562123], [144.870062, -41.56214], [144.870019, -41.562241], [144.870157, -41.56228]]], [[[144.609388, -40.935131], [144.609547, -40.935073], [144.609346, -40.934982], [144.609312, -40.935056], [144.609388, -40.935131]]], [[[144.700842, -40.77969], [144.700806, -40.779459], [144.700764, -40.779504], [144.70073, -40.779716], [144.700842, -40.77969]]], [[[144.611965, -40.931922], [144.612027, -40.931851], [144.611905, -40.931781], [144.611789, -40.931861], [144.611965, -40.931922]]], [[[144.611581, -40.93263], [144.611692, -40.932603], [144.611631, -40.932459], [144.611509, -40.932547], [144.611581, -40.93263]]], [[[144.961306, -40.397443], [144.961286, -40.397361], [144.961195, -40.397333], [144.961137, -40.39752], [144.961306, -40.397443]]], [[[144.797548, -41.473445], [144.797688, -41.473445], [144.797652, -41.473316], [144.797472, -41.473386], [144.797548, -41.473445]]], [[[144.732257, -41.319527], [144.732298, -41.319393], [144.732136, -41.31941], [144.732111, -41.31949], [144.732257, -41.319527]]], [[[144.632371, -40.921066], [144.632123, -40.921099], [144.632223, -40.921159], [144.63236, -40.921177], [144.632371, -40.921066]]], [[[144.816277, -41.493911], [144.816266, -41.493699], [144.816181, -41.49372], [144.816224, -41.493965], [144.816277, -41.493911]]], [[[144.766358, -41.437481], [144.766402, -41.437361], [144.766259, -41.437317], [144.766229, -41.437412], [144.766358, -41.437481]]], [[[144.652531, -40.380136], [144.652378, -40.379953], [144.652216, -40.380002], [144.652476, -40.380088], [144.65243, -40.380119], [144.652531, -40.380136]]], [[[143.887747, -40.007095], [143.88771, -40.006952], [143.887604, -40.007018], [143.887623, -40.007137], [143.887747, -40.007095]]], [[[144.718146, -41.297899], [144.718251, -41.297887], [144.718141, -41.297727], [144.718057, -41.297827], [144.718146, -41.297899]]], [[[144.726562, -40.639991], [144.726497, -40.640122], [144.726616, -40.640159], [144.726659, -40.640016], [144.726562, -40.639991]]], [[[144.783207, -40.412172], [144.783292, -40.412135], [144.783094, -40.412005], [144.783084, -40.412118], [144.783207, -40.412172]]], [[[143.970445, -40.117598], [143.970492, -40.117526], [143.970304, -40.117579], [143.970209, -40.11772], [143.970445, -40.117598]]], [[[143.873088, -40.104973], [143.872906, -40.105035], [143.872912, -40.105064], [143.873078, -40.105132], [143.873088, -40.104973]]], [[[144.743515, -40.662171], [144.74363, -40.662043], [144.743495, -40.662036], [144.743407, -40.662173], [144.743515, -40.662171]]], [[[144.677308, -41.172155], [144.677337, -41.172104], [144.677032, -41.172064], [144.677145, -41.172159], [144.677308, -41.172155]]], [[[143.969588, -40.115182], [143.96962, -40.115114], [143.96945, -40.115133], [143.969368, -40.115261], [143.969588, -40.115182]]], [[[144.758599, -41.42704], [144.75866, -41.426986], [144.758538, -41.426899], [144.758432, -41.426993], [144.758599, -41.42704]]], [[[143.832991, -39.902929], [143.832843, -39.902935], [143.832907, -39.903038], [143.833031, -39.903078], [143.832991, -39.902929]]], [[[144.934531, -40.584823], [144.934511, -40.584653], [144.934433, -40.584676], [144.934419, -40.584846], [144.934531, -40.584823]]], [[[144.617813, -40.931458], [144.618043, -40.931421], [144.618009, -40.931358], [144.61779, -40.931385], [144.617813, -40.931458]]], [[[143.875107, -40.100521], [143.875242, -40.100363], [143.875062, -40.100395], [143.875035, -40.100501], [143.875107, -40.100521]]], [[[144.679954, -40.723572], [144.680111, -40.723546], [144.68, -40.723455], [144.679851, -40.723506], [144.679954, -40.723572]]], [[[143.874365, -40.111022], [143.874173, -40.111003], [143.874145, -40.111031], [143.874258, -40.111146], [143.874365, -40.111022]]], [[[144.614373, -41.007645], [144.614335, -41.007778], [144.614471, -41.007775], [144.61451, -41.007683], [144.614373, -41.007645]]], [[[144.750798, -41.334923], [144.750648, -41.334898], [144.750626, -41.335006], [144.750721, -41.335049], [144.750798, -41.334923]]], [[[144.678236, -41.148263], [144.678261, -41.148151], [144.67813, -41.148122], [144.67808, -41.148212], [144.678236, -41.148263]]], [[[143.882922, -40.120993], [143.882903, -40.120878], [143.882743, -40.120965], [143.88281, -40.121042], [143.882922, -40.120993]]], [[[143.918504, -40.150964], [143.918549, -40.150762], [143.918402, -40.150925], [143.918405, -40.151017], [143.918504, -40.150964]]], [[[143.869201, -40.078743], [143.869112, -40.078619], [143.869057, -40.078672], [143.869075, -40.07882], [143.869201, -40.078743]]], [[[144.610205, -40.93553], [144.610276, -40.93545], [144.610156, -40.935424], [144.610015, -40.935528], [144.610205, -40.93553]]], [[[144.74706, -41.423566], [144.747196, -41.423562], [144.747068, -41.423419], [144.746987, -41.423473], [144.74706, -41.423566]]], [[[144.637569, -40.918211], [144.637657, -40.918178], [144.637581, -40.918066], [144.637443, -40.918148], [144.637569, -40.918211]]], [[[144.629344, -40.975266], [144.629427, -40.975206], [144.629315, -40.975138], [144.629184, -40.975215], [144.629344, -40.975266]]], [[[144.717004, -40.649276], [144.717037, -40.649399], [144.717129, -40.649335], [144.717142, -40.649198], [144.717004, -40.649276]]], [[[144.72728, -40.541344], [144.727287, -40.541215], [144.727119, -40.54145], [144.727111, -40.541525], [144.72728, -40.541344]]], [[[143.883514, -40.030841], [143.883471, -40.030552], [143.883431, -40.030646], [143.883449, -40.030876], [143.883514, -40.030841]]], [[[144.63846, -41.042424], [144.638561, -41.04238], [144.638477, -41.042293], [144.638331, -41.042319], [144.63846, -41.042424]]], [[[144.725397, -40.574872], [144.725434, -40.574794], [144.725264, -40.574722], [144.725256, -40.574826], [144.725397, -40.574872]]], [[[144.627383, -40.98021], [144.627556, -40.980183], [144.627525, -40.980116], [144.627354, -40.980099], [144.627383, -40.98021]]], [[[144.898916, -41.618086], [144.898916, -41.618032], [144.8987, -41.618079], [144.898803, -41.618171], [144.898916, -41.618086]]], [[[144.63895, -40.9187], [144.639012, -40.91858], [144.638891, -40.91856], [144.638835, -40.918682], [144.63895, -40.9187]]], [[[144.672809, -41.16142], [144.672772, -41.161307], [144.672634, -41.161341], [144.672706, -41.161451], [144.672809, -41.16142]]], [[[144.747657, -41.418175], [144.747725, -41.418076], [144.747611, -41.418055], [144.747485, -41.418111], [144.747657, -41.418175]]], [[[144.629976, -40.922092], [144.630094, -40.922064], [144.629971, -40.921965], [144.629853, -40.922022], [144.629976, -40.922092]]], [[[144.654021, -40.376235], [144.654097, -40.376184], [144.653987, -40.376078], [144.653908, -40.376203], [144.654021, -40.376235]]], [[[144.762729, -41.435647], [144.762691, -41.435509], [144.762584, -41.435558], [144.762628, -41.435679], [144.762729, -41.435647]]], [[[143.95773, -40.152673], [143.957662, -40.152559], [143.957566, -40.152674], [143.957656, -40.152743], [143.95773, -40.152673]]], [[[143.888949, -40.122387], [143.888862, -40.122477], [143.889016, -40.122537], [143.889041, -40.122429], [143.888949, -40.122387]]], [[[144.612324, -40.933346], [144.612426, -40.933268], [144.612364, -40.933179], [144.612248, -40.93326], [144.612324, -40.933346]]], [[[143.905037, -40.140825], [143.905052, -40.140724], [143.904876, -40.140829], [143.904905, -40.140914], [143.905037, -40.140825]]], [[[144.725807, -40.536781], [144.725867, -40.536546], [144.725729, -40.536708], [144.725732, -40.536804], [144.725807, -40.536781]]], [[[143.839764, -39.929073], [143.839813, -39.928987], [143.839608, -39.929048], [143.83965, -39.929153], [143.839764, -39.929073]]], [[[144.76162, -41.430025], [144.761608, -41.429818], [144.761573, -41.429845], [144.7615, -41.43004], [144.76162, -41.430025]]], [[[143.971044, -40.117352], [143.971072, -40.117287], [143.970959, -40.117233], [143.970907, -40.117407], [143.971044, -40.117352]]], [[[143.97388, -40.115861], [143.973896, -40.115727], [143.973811, -40.115747], [143.973759, -40.115932], [143.97388, -40.115861]]], [[[144.793337, -41.460332], [144.793233, -41.460293], [144.793205, -41.46041], [144.793313, -41.460471], [144.793337, -41.460332]]], [[[144.696881, -40.783075], [144.696906, -40.78318], [144.697014, -40.783098], [144.696948, -40.782964], [144.696881, -40.783075]]], [[[143.85179, -39.947366], [143.851805, -39.947322], [143.851559, -39.947337], [143.851626, -39.947428], [143.85179, -39.947366]]], [[[144.966049, -40.421626], [144.966153, -40.421564], [144.965902, -40.421517], [144.965901, -40.421579], [144.966049, -40.421626]]], [[[144.612956, -40.945829], [144.613087, -40.945792], [144.613047, -40.945741], [144.612801, -40.945743], [144.612956, -40.945829]]], [[[144.673907, -40.90795], [144.673971, -40.907868], [144.673798, -40.907823], [144.673755, -40.907888], [144.673907, -40.90795]]], [[[144.751099, -41.425173], [144.751242, -41.42514], [144.751049, -41.425034], [144.751022, -41.42512], [144.751099, -41.425173]]], [[[144.743235, -40.66148], [144.743237, -40.661428], [144.743027, -40.66143], [144.743024, -40.661519], [144.743235, -40.66148]]], [[[144.726462, -40.578771], [144.727074, -40.578923], [144.727011, -40.578849], [144.726656, -40.57881], [144.726462, -40.578771]]], [[[144.678407, -40.716062], [144.678421, -40.716008], [144.67823, -40.71598], [144.678302, -40.716119], [144.678407, -40.716062]]], [[[144.650241, -40.89773], [144.650374, -40.8977], [144.650352, -40.897655], [144.650074, -40.897638], [144.650241, -40.89773]]], [[[143.883887, -39.997689], [143.883906, -39.99756], [143.883788, -39.997549], [143.883769, -39.997663], [143.883887, -39.997689]]], [[[144.701953, -40.798691], [144.701904, -40.79888], [144.701983, -40.798861], [144.702047, -40.798712], [144.701953, -40.798691]]], [[[143.928642, -40.162007], [143.928667, -40.161748], [143.928567, -40.161934], [143.928587, -40.162061], [143.928642, -40.162007]]], [[[144.713174, -41.296294], [144.713097, -41.296252], [144.713038, -41.296367], [144.713148, -41.29644], [144.713174, -41.296294]]], [[[143.84429, -39.876676], [143.844305, -39.876556], [143.844161, -39.87661], [143.844198, -39.876728], [143.84429, -39.876676]]], [[[143.884142, -40.000222], [143.88416, -40.000135], [143.88395, -40.000151], [143.884027, -40.000238], [143.884142, -40.000222]]], [[[144.764508, -41.437548], [144.764523, -41.437502], [144.764357, -41.437435], [144.764368, -41.437579], [144.764508, -41.437548]]], [[[143.926839, -40.15512], [143.927038, -40.155092], [143.92687, -40.155006], [143.926791, -40.155061], [143.926839, -40.15512]]], [[[144.820815, -41.497626], [144.820845, -41.497517], [144.820641, -41.49764], [144.820675, -41.497698], [144.820815, -41.497626]]], [[[144.769879, -40.436809], [144.769855, -40.436734], [144.769774, -40.43676], [144.769758, -40.436966], [144.769879, -40.436809]]], [[[143.833705, -39.92094], [143.833784, -39.92087], [143.83357, -39.920831], [143.833621, -39.920954], [143.833705, -39.92094]]], [[[144.735058, -40.625925], [144.735041, -40.625694], [144.734967, -40.625745], [144.734968, -40.625865], [144.735058, -40.625925]]], [[[144.61636, -40.94559], [144.616433, -40.945448], [144.616344, -40.945453], [144.61624, -40.945587], [144.61636, -40.94559]]], [[[144.691247, -40.786226], [144.691311, -40.786087], [144.691181, -40.786087], [144.691145, -40.786171], [144.691247, -40.786226]]], [[[144.707428, -40.509898], [144.707486, -40.509867], [144.707275, -40.509705], [144.707322, -40.509847], [144.707428, -40.509898]]], [[[144.6205, -40.945031], [144.620466, -40.945118], [144.620641, -40.945129], [144.620621, -40.945023], [144.6205, -40.945031]]], [[[143.87561, -40.111112], [143.875668, -40.111088], [143.875504, -40.110978], [143.87541, -40.111031], [143.87561, -40.111112]]], [[[144.648431, -41.047497], [144.648394, -41.047663], [144.648516, -41.047657], [144.648527, -41.047578], [144.648431, -41.047497]]], [[[144.610404, -40.937862], [144.610551, -40.937817], [144.610377, -40.937712], [144.610361, -40.937817], [144.610404, -40.937862]]], [[[144.790496, -40.424996], [144.790579, -40.424879], [144.79047, -40.424859], [144.790388, -40.424967], [144.790496, -40.424996]]], [[[144.848673, -40.431751], [144.848588, -40.431716], [144.848496, -40.431801], [144.848594, -40.431875], [144.848673, -40.431751]]], [[[144.629959, -41.033547], [144.63, -41.033521], [144.629858, -41.033418], [144.629775, -41.033515], [144.629959, -41.033547]]], [[[144.673083, -41.161963], [144.673069, -41.161859], [144.672917, -41.161903], [144.673014, -41.16201], [144.673083, -41.161963]]], [[[144.788232, -41.452121], [144.788395, -41.452126], [144.788175, -41.452006], [144.788107, -41.452042], [144.788232, -41.452121]]], [[[144.691792, -41.247577], [144.691561, -41.247592], [144.691589, -41.247659], [144.69172, -41.247667], [144.691792, -41.247577]]], [[[143.92894, -40.160871], [143.928939, -40.16078], [143.928821, -40.160916], [143.928847, -40.161052], [143.92894, -40.160871]]], [[[144.646609, -40.919187], [144.646764, -40.919171], [144.646723, -40.919084], [144.646528, -40.919137], [144.646609, -40.919187]]], [[[144.770864, -40.433004], [144.770822, -40.432828], [144.770772, -40.432818], [144.770757, -40.433002], [144.770864, -40.433004]]], [[[143.848751, -39.943638], [143.848401, -39.943587], [143.848428, -39.94365], [143.848614, -39.943666], [143.848751, -39.943638]]], [[[144.608209, -40.941124], [144.608384, -40.941118], [144.608341, -40.941022], [144.608218, -40.941034], [144.608209, -40.941124]]], [[[144.669096, -40.905942], [144.669152, -40.905895], [144.669052, -40.905827], [144.668915, -40.905912], [144.669096, -40.905942]]], [[[144.789273, -40.430197], [144.789131, -40.43005], [144.789117, -40.430101], [144.789207, -40.430276], [144.789273, -40.430197]]], [[[144.903732, -41.625253], [144.903727, -41.625181], [144.903541, -41.62517], [144.903626, -41.625283], [144.903732, -41.625253]]], [[[143.874024, -40.112173], [143.873762, -40.112166], [143.873792, -40.112216], [143.873946, -40.112252], [143.874024, -40.112173]]], [[[144.612957, -41.020943], [144.613049, -41.020945], [144.612949, -41.020813], [144.61283, -41.020865], [144.612957, -41.020943]]], [[[144.760389, -41.43226], [144.760448, -41.432199], [144.760231, -41.43216], [144.760208, -41.432223], [144.760389, -41.43226]]], [[[144.786574, -40.400299], [144.786651, -40.400149], [144.786544, -40.400159], [144.786475, -40.400254], [144.786574, -40.400299]]], [[[144.659294, -41.057849], [144.65907, -41.057733], [144.659065, -41.057793], [144.659179, -41.057881], [144.659294, -41.057849]]], [[[144.610235, -40.944342], [144.609888, -40.944188], [144.61003, -40.944284], [144.610056, -40.944371], [144.610235, -40.944342]]], [[[144.795846, -41.465508], [144.795915, -41.465415], [144.795775, -41.465362], [144.795739, -41.465444], [144.795846, -41.465508]]], [[[144.649665, -40.90258], [144.649673, -40.902517], [144.649462, -40.902529], [144.649424, -40.902591], [144.649665, -40.90258]]], [[[144.650632, -40.899665], [144.650716, -40.899628], [144.650642, -40.899535], [144.650509, -40.899548], [144.650632, -40.899665]]], [[[146.162983, -41.138512], [146.162985, -41.138361], [146.162953, -41.138348], [146.162846, -41.13852], [146.162983, -41.138512]]], [[[143.887049, -40.047219], [143.88693, -40.047128], [143.886894, -40.047142], [143.886938, -40.047308], [143.887049, -40.047219]]], [[[144.904932, -41.650593], [144.904785, -41.650628], [144.90482, -41.650711], [144.904926, -41.650722], [144.904932, -41.650593]]], [[[144.674268, -40.908247], [144.674293, -40.908163], [144.674147, -40.908149], [144.674101, -40.908232], [144.674268, -40.908247]]], [[[144.700027, -40.816455], [144.700079, -40.816377], [144.69991, -40.816366], [144.699862, -40.816443], [144.700027, -40.816455]]], [[[143.870225, -40.082565], [143.870211, -40.082523], [143.87004, -40.08259], [143.870101, -40.082684], [143.870225, -40.082565]]], [[[144.704969, -40.793767], [144.704954, -40.793852], [144.705192, -40.793873], [144.705086, -40.793794], [144.704969, -40.793767]]], [[[144.633826, -41.041427], [144.633918, -41.041392], [144.633783, -41.041284], [144.63372, -41.041359], [144.633826, -41.041427]]], [[[144.756287, -41.408219], [144.756271, -41.408155], [144.756091, -41.40823], [144.756203, -41.408296], [144.756287, -41.408219]]], [[[144.031701, -40.105515], [144.03163, -40.105384], [144.031547, -40.105456], [144.0316, -40.105547], [144.031701, -40.105515]]], [[[144.633987, -41.040952], [144.634033, -41.0409], [144.633842, -41.040851], [144.633793, -41.040918], [144.633987, -41.040952]]], [[[144.70214, -41.257964], [144.701962, -41.257963], [144.701957, -41.258039], [144.702071, -41.258065], [144.70214, -41.257964]]], [[[143.887236, -40.047472], [143.88726, -40.047423], [143.887126, -40.047364], [143.887077, -40.047486], [143.887236, -40.047472]]], [[[143.842087, -39.886357], [143.842134, -39.886202], [143.84204, -39.886216], [143.842, -39.886365], [143.842087, -39.886357]]], [[[144.625584, -40.980575], [144.625747, -40.980559], [144.625695, -40.980469], [144.625522, -40.980537], [144.625584, -40.980575]]], [[[144.648654, -41.047164], [144.648512, -41.047062], [144.648476, -41.047133], [144.648568, -41.047219], [144.648654, -41.047164]]], [[[144.703946, -40.757809], [144.704009, -40.757742], [144.703848, -40.757717], [144.703777, -40.757791], [144.703946, -40.757809]]], [[[144.627476, -40.924508], [144.627621, -40.92449], [144.627484, -40.924398], [144.627384, -40.924482], [144.627476, -40.924508]]], [[[143.875858, -40.097661], [143.875908, -40.0975], [143.875749, -40.097611], [143.875765, -40.097674], [143.875858, -40.097661]]], [[[143.859223, -40.06052], [143.859177, -40.060381], [143.859083, -40.060488], [143.859145, -40.06056], [143.859223, -40.06052]]], [[[143.832695, -39.917334], [143.832674, -39.917227], [143.832596, -39.917252], [143.832577, -39.91741], [143.832695, -39.917334]]], [[[144.65266, -40.381323], [144.652619, -40.381328], [144.652981, -40.381549], [144.652866, -40.381421], [144.65266, -40.381323]]], [[[144.689941, -41.249384], [144.689772, -41.249344], [144.689741, -41.249407], [144.689862, -41.249463], [144.689941, -41.249384]]], [[[144.728324, -41.30627], [144.728316, -41.306138], [144.728215, -41.306207], [144.728255, -41.30634], [144.728324, -41.30627]]], [[[143.881685, -40.121209], [143.881703, -40.121134], [143.881602, -40.121112], [143.881541, -40.121255], [143.881685, -40.121209]]], [[[143.84729, -39.943824], [143.847311, -39.943762], [143.847077, -39.943844], [143.847182, -39.943895], [143.84729, -39.943824]]], [[[144.627008, -40.926674], [144.62693, -40.926731], [144.627231, -40.926831], [144.627111, -40.926743], [144.627008, -40.926674]]], [[[144.626061, -40.952223], [144.626104, -40.952129], [144.625959, -40.952119], [144.625934, -40.952208], [144.626061, -40.952223]]], [[[143.85927, -40.065398], [143.859257, -40.065287], [143.859095, -40.065338], [143.859149, -40.065397], [143.85927, -40.065398]]], [[[144.629097, -40.981869], [144.629121, -40.981804], [144.628773, -40.981849], [144.62892, -40.981871], [144.629097, -40.981869]]], [[[144.679021, -41.178391], [144.679054, -41.178295], [144.678885, -41.178305], [144.678857, -41.178359], [144.679021, -41.178391]]], [[[143.884425, -40.023698], [143.884366, -40.023622], [143.884328, -40.023777], [143.884398, -40.02386], [143.884425, -40.023698]]], [[[144.779006, -40.420582], [144.779071, -40.420508], [144.779014, -40.420441], [144.778887, -40.42055], [144.779006, -40.420582]]], [[[144.746135, -41.33186], [144.746184, -41.331763], [144.746023, -41.331762], [144.746036, -41.331862], [144.746135, -41.33186]]], [[[144.604198, -41.009856], [144.604215, -41.009725], [144.604127, -41.009736], [144.60407, -41.00984], [144.604198, -41.009856]]], [[[144.70185, -40.654368], [144.701842, -40.654247], [144.701781, -40.65427], [144.701744, -40.654477], [144.70185, -40.654368]]], [[[144.627485, -40.980515], [144.627512, -40.980398], [144.627409, -40.980368], [144.627365, -40.980448], [144.627485, -40.980515]]], [[[144.803631, -41.474532], [144.803348, -41.474506], [144.803418, -41.474559], [144.803633, -41.474589], [144.803631, -41.474532]]], [[[144.61956, -40.945032], [144.619479, -40.945142], [144.619574, -40.945144], [144.619687, -40.945002], [144.61956, -40.945032]]], [[[143.873796, -40.109674], [143.873788, -40.109612], [143.873687, -40.109664], [143.873651, -40.109831], [143.873796, -40.109674]]], [[[144.654069, -40.900489], [144.654117, -40.900408], [144.65401, -40.900352], [144.653947, -40.900441], [144.654069, -40.900489]]], [[[144.64996, -40.902421], [144.650031, -40.90238], [144.649989, -40.902321], [144.649781, -40.902373], [144.64996, -40.902421]]], [[[143.966925, -40.112445], [143.966907, -40.112335], [143.966769, -40.112388], [143.966854, -40.112477], [143.966925, -40.112445]]], [[[144.030924, -40.108283], [144.031022, -40.108305], [144.030966, -40.108147], [144.030864, -40.108219], [144.030924, -40.108283]]], [[[144.736504, -41.309649], [144.736205, -41.309628], [144.736219, -41.309649], [144.73643, -41.309716], [144.736504, -41.309649]]], [[[144.613232, -41.013962], [144.613461, -41.014008], [144.613463, -41.013952], [144.613362, -41.013904], [144.613232, -41.013962]]], [[[144.64026, -41.046414], [144.640476, -41.046479], [144.640463, -41.046433], [144.640325, -41.046342], [144.64026, -41.046414]]], [[[145.303108, -40.741112], [145.303149, -40.74101], [145.303024, -40.740955], [145.303021, -40.741067], [145.303108, -40.741112]]], [[[143.864856, -40.06839], [143.864877, -40.068336], [143.864753, -40.068329], [143.864691, -40.068467], [143.864856, -40.06839]]], [[[143.883651, -40.121056], [143.88362, -40.120924], [143.883531, -40.120953], [143.883538, -40.12106], [143.883651, -40.121056]]], [[[144.764124, -41.438352], [144.764202, -41.438359], [144.764151, -41.438223], [144.764027, -41.438278], [144.764124, -41.438352]]], [[[144.742756, -40.662573], [144.742781, -40.662479], [144.742683, -40.662497], [144.742617, -40.662647], [144.742756, -40.662573]]], [[[144.761794, -41.434439], [144.761687, -41.434393], [144.761626, -41.43448], [144.761715, -41.434533], [144.761794, -41.434439]]], [[[144.702276, -40.789426], [144.702248, -40.78932], [144.702185, -40.789342], [144.702144, -40.789495], [144.702276, -40.789426]]], [[[144.727042, -41.306277], [144.727023, -41.306172], [144.726881, -41.306229], [144.726969, -41.306309], [144.727042, -41.306277]]], [[[143.838666, -39.931687], [143.838487, -39.931732], [143.838522, -39.931788], [143.838614, -39.931814], [143.838666, -39.931687]]], [[[143.878829, -40.119813], [143.878869, -40.119703], [143.878683, -40.119808], [143.87871, -40.119866], [143.878829, -40.119813]]], [[[144.7255, -40.574684], [144.725317, -40.574334], [144.725383, -40.574511], [144.725343, -40.574582], [144.7255, -40.574684]]], [[[144.653519, -40.900312], [144.653412, -40.900256], [144.653347, -40.900334], [144.653439, -40.900395], [144.653519, -40.900312]]], [[[144.70219, -40.654296], [144.702197, -40.654086], [144.702113, -40.65414], [144.702119, -40.654246], [144.70219, -40.654296]]], [[[144.752333, -41.425371], [144.752184, -41.425372], [144.752162, -41.425448], [144.752271, -41.425476], [144.752333, -41.425371]]], [[[144.764019, -41.435937], [144.763909, -41.435894], [144.763887, -41.435995], [144.764014, -41.436033], [144.764019, -41.435937]]], [[[144.686532, -41.21858], [144.686704, -41.218549], [144.686604, -41.218471], [144.686484, -41.218544], [144.686532, -41.21858]]], [[[144.678883, -41.179798], [144.678852, -41.179622], [144.678789, -41.179623], [144.678777, -41.179741], [144.678883, -41.179798]]], [[[143.846408, -39.893554], [143.846204, -39.893495], [143.846203, -39.893525], [143.846338, -39.893632], [143.846408, -39.893554]]], [[[144.655389, -40.908875], [144.655274, -40.908846], [144.655394, -40.909002], [144.655472, -40.909039], [144.655389, -40.908875]]], [[[144.623155, -40.950804], [144.623316, -40.950613], [144.623096, -40.950747], [144.623103, -40.950817], [144.623155, -40.950804]]], [[[143.832944, -39.917906], [143.832765, -39.917956], [143.832823, -39.91802], [143.832909, -39.91802], [143.832944, -39.917906]]], [[[144.717164, -41.297132], [144.717084, -41.297126], [144.717071, -41.297222], [144.717204, -41.297269], [144.717164, -41.297132]]], [[[144.648897, -40.901056], [144.648779, -40.901045], [144.648793, -40.901121], [144.648906, -40.901197], [144.648897, -40.901056]]], [[[143.92386, -40.164927], [143.923749, -40.16487], [143.92373, -40.164965], [143.9238, -40.16504], [143.92386, -40.164927]]], [[[144.803718, -41.474925], [144.803458, -41.474895], [144.803469, -41.474959], [144.803613, -41.47497], [144.803718, -41.474925]]], [[[144.682837, -40.584186], [144.682911, -40.584081], [144.682724, -40.584111], [144.68275, -40.584186], [144.682837, -40.584186]]], [[[144.678811, -41.178404], [144.678684, -41.178396], [144.678682, -41.178484], [144.678781, -41.178521], [144.678811, -41.178404]]], [[[144.812118, -41.486163], [144.812101, -41.486105], [144.81195, -41.48614], [144.812014, -41.486235], [144.812118, -41.486163]]], [[[143.878531, -40.119703], [143.878572, -40.119606], [143.878444, -40.119662], [143.878416, -40.119806], [143.878531, -40.119703]]], [[[144.897833, -41.612077], [144.897726, -41.612044], [144.897727, -41.612134], [144.897859, -41.612196], [144.897833, -41.612077]]], [[[144.642733, -41.046166], [144.642817, -41.046154], [144.64269, -41.046023], [144.642629, -41.046079], [144.642733, -41.046166]]], [[[144.651171, -40.899388], [144.651356, -40.899454], [144.651344, -40.899366], [144.651264, -40.899329], [144.651171, -40.899388]]], [[[144.746668, -40.660843], [144.746662, -40.660797], [144.746451, -40.66083], [144.746496, -40.660896], [144.746668, -40.660843]]], [[[144.609918, -40.938772], [144.610014, -40.938739], [144.609839, -40.938558], [144.609884, -40.938685], [144.609918, -40.938772]]], [[[144.799528, -41.473406], [144.799622, -41.473386], [144.799543, -41.473267], [144.799458, -41.473338], [144.799528, -41.473406]]], [[[144.651209, -40.381191], [144.65148, -40.38123], [144.651304, -40.381148], [144.651286, -40.381071], [144.651209, -40.381191]]], [[[144.030228, -40.102164], [144.030259, -40.102072], [144.030158, -40.102048], [144.030129, -40.10219], [144.030228, -40.102164]]], [[[143.865743, -40.075042], [143.865786, -40.074878], [143.865681, -40.074932], [143.865672, -40.075052], [143.865743, -40.075042]]], [[[144.881682, -40.397787], [144.881722, -40.397676], [144.881618, -40.397648], [144.881594, -40.397762], [144.881682, -40.397787]]], [[[144.762524, -41.436314], [144.762628, -41.436306], [144.762559, -41.436203], [144.762432, -41.436263], [144.762524, -41.436314]]], [[[144.608678, -40.937494], [144.608753, -40.937478], [144.608621, -40.937379], [144.608521, -40.937418], [144.608678, -40.937494]]], [[[144.654559, -40.914121], [144.654625, -40.914111], [144.654568, -40.91402], [144.654402, -40.91403], [144.654559, -40.914121]]], [[[143.864445, -40.06966], [143.864447, -40.069631], [143.86427, -40.069618], [143.86426, -40.069718], [143.864445, -40.06966]]], [[[144.762668, -41.435916], [144.762664, -41.435845], [144.762502, -41.435832], [144.762564, -41.435933], [144.762668, -41.435916]]], [[[144.694986, -40.781775], [144.695033, -40.781766], [144.694963, -40.781624], [144.694872, -40.781706], [144.694986, -40.781775]]], [[[144.628411, -40.930947], [144.628532, -40.930937], [144.628461, -40.93084], [144.628343, -40.930883], [144.628411, -40.930947]]], [[[143.841606, -39.886774], [143.841459, -39.886752], [143.841508, -39.88687], [143.841575, -39.886872], [143.841606, -39.886774]]], [[[144.626166, -40.951958], [144.626208, -40.951868], [144.626115, -40.951847], [144.626044, -40.951959], [144.626166, -40.951958]]], [[[143.978522, -40.110466], [143.978428, -40.11045], [143.978412, -40.110549], [143.978524, -40.110585], [143.978522, -40.110466]]], [[[144.700462, -40.788718], [144.700324, -40.788573], [144.700304, -40.788654], [144.700417, -40.788755], [144.700462, -40.788718]]], [[[143.85482, -39.850859], [143.854758, -39.850723], [143.854685, -39.850774], [143.85471, -39.850861], [143.85482, -39.850859]]], [[[144.103279, -40.04519], [144.103196, -40.045116], [144.103118, -40.045163], [144.1032, -40.045257], [144.103279, -40.04519]]], [[[144.629108, -40.956648], [144.629227, -40.956576], [144.629062, -40.956519], [144.629052, -40.956576], [144.629108, -40.956648]]], [[[144.780079, -41.068547], [144.780066, -41.068361], [144.779992, -41.068452], [144.779992, -41.068539], [144.780079, -41.068547]]], [[[144.648933, -40.900362], [144.64903, -40.900362], [144.648977, -40.900246], [144.648865, -40.900286], [144.648933, -40.900362]]], [[[144.635176, -40.901804], [144.635184, -40.901693], [144.635074, -40.901679], [144.635054, -40.901754], [144.635176, -40.901804]]], [[[144.917929, -41.668574], [144.917926, -41.668488], [144.91781, -41.668525], [144.917806, -41.668627], [144.917929, -41.668574]]], [[[144.747321, -41.417742], [144.747354, -41.417649], [144.747224, -41.417631], [144.747208, -41.417712], [144.747321, -41.417742]]], [[[144.618265, -40.933181], [144.618328, -40.933084], [144.618211, -40.933088], [144.618137, -40.933167], [144.618265, -40.933181]]], [[[144.686442, -41.218349], [144.686245, -41.218277], [144.686281, -41.218371], [144.686356, -41.2184], [144.686442, -41.218349]]], [[[144.646088, -41.046227], [144.646208, -41.046211], [144.646098, -41.04612], [144.646005, -41.046163], [144.646088, -41.046227]]], [[[144.961347, -40.400322], [144.961353, -40.400219], [144.961218, -40.400252], [144.961267, -40.400344], [144.961347, -40.400322]]], [[[144.749529, -41.423913], [144.749608, -41.423778], [144.749496, -41.423809], [144.749438, -41.423913], [144.749529, -41.423913]]], [[[144.651203, -40.381454], [144.65132, -40.381393], [144.651218, -40.381301], [144.651172, -40.381429], [144.651203, -40.381454]]], [[[143.885437, -40.002631], [143.885424, -40.002585], [143.885277, -40.002549], [143.885307, -40.002663], [143.885437, -40.002631]]], [[[144.63795, -41.042402], [144.637897, -41.042451], [144.63806, -41.042499], [144.63807, -41.042403], [144.63795, -41.042402]]], [[[143.887352, -40.047271], [143.887387, -40.047492], [143.887436, -40.04734], [143.887316, -40.047172], [143.887352, -40.047271]]], [[[144.949258, -40.392951], [144.949199, -40.392857], [144.949123, -40.392897], [144.949132, -40.392993], [144.949258, -40.392951]]], [[[143.855476, -39.850118], [143.855446, -39.849959], [143.855378, -39.850021], [143.855419, -39.850156], [143.855476, -39.850118]]], [[[144.640836, -40.91827], [144.64086, -40.918199], [144.640719, -40.91819], [144.640687, -40.918268], [144.640836, -40.91827]]], [[[143.974008, -40.116095], [143.974189, -40.11597], [143.973987, -40.116013], [143.973957, -40.116105], [143.974008, -40.116095]]], [[[144.824717, -41.502238], [144.824715, -41.502149], [144.824573, -41.502162], [144.824634, -41.502258], [144.824717, -41.502238]]], [[[143.928726, -40.145134], [143.928715, -40.145106], [143.928559, -40.145118], [143.928519, -40.145218], [143.928726, -40.145134]]], [[[144.113705, -40.019659], [144.113736, -40.019534], [144.113658, -40.019538], [144.113612, -40.019679], [144.113705, -40.019659]]], [[[143.875557, -40.115854], [143.875276, -40.115852], [143.875403, -40.115882], [143.875488, -40.115955], [143.875557, -40.115854]]], [[[144.959275, -40.399257], [144.959367, -40.399389], [144.959413, -40.399346], [144.959382, -40.399241], [144.959275, -40.399257]]], [[[143.971546, -40.11685], [143.971502, -40.116769], [143.97141, -40.116803], [143.971461, -40.116914], [143.971546, -40.11685]]], [[[144.615197, -40.945754], [144.615272, -40.945717], [144.615148, -40.945669], [144.614998, -40.945683], [144.615197, -40.945754]]], [[[143.957372, -40.152777], [143.957354, -40.152646], [143.957265, -40.152714], [143.957298, -40.152814], [143.957372, -40.152777]]], [[[144.698617, -40.821063], [144.698621, -40.820982], [144.698505, -40.820952], [144.698492, -40.821046], [144.698617, -40.821063]]], [[[144.648003, -41.046954], [144.648014, -41.046895], [144.647875, -41.04686], [144.647844, -41.046938], [144.648003, -41.046954]]], [[[144.64791, -40.899996], [144.64805, -40.900026], [144.64802, -40.899948], [144.647878, -40.899906], [144.64791, -40.899996]]], [[[144.703937, -40.50424], [144.703962, -40.504113], [144.703868, -40.504131], [144.703854, -40.504253], [144.703937, -40.50424]]], [[[144.70195, -40.654719], [144.701994, -40.654544], [144.701884, -40.654646], [144.701874, -40.654735], [144.70195, -40.654719]]], [[[144.808014, -41.483911], [144.808065, -41.483815], [144.807973, -41.483792], [144.807911, -41.483889], [144.808014, -41.483911]]], [[[143.86906, -40.079399], [143.868893, -40.079423], [143.868907, -40.079471], [143.869064, -40.079482], [143.86906, -40.079399]]], [[[143.845591, -39.874426], [143.845631, -39.874338], [143.845446, -39.874388], [143.845478, -39.874445], [143.845591, -39.874426]]], [[[144.69812, -40.785548], [144.69826, -40.785506], [144.698088, -40.785454], [144.698035, -40.785511], [144.69812, -40.785548]]], [[[143.876565, -40.118209], [143.876578, -40.118146], [143.876396, -40.118188], [143.876473, -40.118259], [143.876565, -40.118209]]], [[[144.754287, -41.410958], [144.754299, -41.41095], [144.753904, -41.410942], [144.753999, -41.410993], [144.754287, -41.410958]]], [[[144.609029, -40.940817], [144.609089, -40.940793], [144.609003, -40.940694], [144.608911, -40.940768], [144.609029, -40.940817]]], [[[143.887185, -40.047691], [143.887157, -40.047633], [143.887087, -40.047675], [143.887086, -40.047838], [143.887185, -40.047691]]], [[[144.635025, -40.902], [144.63504, -40.901916], [144.634923, -40.901896], [144.634904, -40.901985], [144.635025, -40.902]]], [[[144.699556, -40.816995], [144.699656, -40.816991], [144.699578, -40.816861], [144.699508, -40.816931], [144.699556, -40.816995]]], [[[143.88427, -40.03912], [143.884239, -40.038917], [143.884191, -40.039006], [143.884197, -40.039124], [143.88427, -40.03912]]], [[[144.679483, -41.181249], [144.679375, -41.181217], [144.679329, -41.181297], [144.679425, -41.181338], [144.679483, -41.181249]]], [[[144.697931, -40.77854], [144.697998, -40.778465], [144.697884, -40.778434], [144.697837, -40.778547], [144.697931, -40.77854]]], [[[144.610139, -40.937862], [144.610205, -40.937856], [144.610176, -40.937737], [144.610064, -40.937771], [144.610139, -40.937862]]], [[[144.608656, -40.937831], [144.60878, -40.937693], [144.608649, -40.93773], [144.608584, -40.937825], [144.608656, -40.937831]]], [[[144.101895, -40.046434], [144.101928, -40.046375], [144.101782, -40.046373], [144.10175, -40.046462], [144.101895, -40.046434]]], [[[143.836169, -39.904038], [143.836183, -39.904009], [143.836008, -39.903942], [143.836056, -39.904061], [143.836169, -39.904038]]], [[[144.030908, -40.107324], [144.030797, -40.107303], [144.030763, -40.107393], [144.030873, -40.107408], [144.030908, -40.107324]]], [[[144.612337, -40.945364], [144.612231, -40.945373], [144.612323, -40.945505], [144.612372, -40.945415], [144.612337, -40.945364]]], [[[144.669737, -40.905802], [144.66988, -40.905811], [144.669846, -40.905733], [144.669735, -40.905715], [144.669737, -40.905802]]], [[[144.806531, -41.478205], [144.806577, -41.478149], [144.806298, -41.478215], [144.806362, -41.478246], [144.806531, -41.478205]]], [[[143.929802, -40.146848], [143.929805, -40.146742], [143.929714, -40.146744], [143.929694, -40.146843], [143.929802, -40.146848]]], [[[144.764857, -41.436687], [144.76486, -41.436534], [144.764785, -41.43653], [144.764774, -41.43663], [144.764857, -41.436687]]], [[[144.763954, -41.438501], [144.763835, -41.43847], [144.763853, -41.43856], [144.763949, -41.438604], [144.763954, -41.438501]]], [[[144.79273, -41.457283], [144.792769, -41.457166], [144.792699, -41.45716], [144.792633, -41.457279], [144.79273, -41.457283]]], [[[144.782679, -40.407518], [144.78273, -40.407457], [144.782583, -40.407405], [144.782574, -40.407484], [144.782679, -40.407518]]], [[[144.632184, -40.900658], [144.632199, -40.900586], [144.6321, -40.900538], [144.632067, -40.900638], [144.632184, -40.900658]]], [[[143.837202, -39.905045], [143.837268, -39.904989], [143.837166, -39.904938], [143.837088, -39.905014], [143.837202, -39.905045]]], [[[144.627822, -40.979465], [144.627947, -40.979444], [144.627911, -40.979373], [144.62777, -40.979401], [144.627822, -40.979465]]], [[[144.624111, -40.951074], [144.624148, -40.951007], [144.624045, -40.950989], [144.623976, -40.95109], [144.624111, -40.951074]]], [[[144.629583, -41.038718], [144.62963, -41.038628], [144.62952, -41.038607], [144.629485, -41.038691], [144.629583, -41.038718]]], [[[144.630623, -40.923161], [144.630633, -40.923096], [144.630508, -40.923092], [144.630454, -40.923163], [144.630623, -40.923161]]], [[[144.700701, -40.787016], [144.700821, -40.786997], [144.700802, -40.78694], [144.70062, -40.786951], [144.700701, -40.787016]]], [[[144.752777, -41.426079], [144.752789, -41.426021], [144.75262, -41.426021], [144.752654, -41.426098], [144.752777, -41.426079]]], [[[143.864426, -40.068426], [143.864517, -40.068344], [143.864427, -40.068313], [143.86434, -40.068437], [143.864426, -40.068426]]], [[[144.621119, -41.024431], [144.62118, -41.024362], [144.621063, -41.024334], [144.621013, -41.024428], [144.621119, -41.024431]]], [[[143.875999, -40.111309], [143.876094, -40.111313], [143.875988, -40.111207], [143.875893, -40.111255], [143.875999, -40.111309]]], [[[144.625786, -41.026818], [144.625822, -41.026738], [144.625709, -41.026739], [144.625653, -41.026821], [144.625786, -41.026818]]], [[[144.762311, -41.436015], [144.762229, -41.43601], [144.762251, -41.436135], [144.762323, -41.436151], [144.762311, -41.436015]]], [[[144.82496, -41.502149], [144.824965, -41.502067], [144.824831, -41.50209], [144.824901, -41.50219], [144.82496, -41.502149]]], [[[144.763266, -41.435904], [144.76335, -41.435901], [144.763311, -41.43577], [144.763225, -41.435837], [144.763266, -41.435904]]], [[[144.611738, -40.936633], [144.611822, -40.93661], [144.611759, -40.936523], [144.611653, -40.936562], [144.611738, -40.936633]]], [[[144.091065, -40.052225], [144.091139, -40.052137], [144.091076, -40.052114], [144.090949, -40.052275], [144.091065, -40.052225]]], [[[144.731976, -41.320737], [144.731889, -41.320701], [144.731859, -41.320789], [144.73193, -41.32085], [144.731976, -41.320737]]], [[[144.815345, -41.49098], [144.815224, -41.490997], [144.815262, -41.491065], [144.815376, -41.491076], [144.815345, -41.49098]]], [[[144.731006, -41.316866], [144.731053, -41.316796], [144.73095, -41.316747], [144.730898, -41.316814], [144.731006, -41.316866]]], [[[143.842189, -39.885652], [143.842069, -39.885629], [143.842091, -39.885705], [143.842179, -39.885768], [143.842189, -39.885652]]], [[[144.635873, -40.901125], [144.635871, -40.901006], [144.635781, -40.901001], [144.635778, -40.901092], [144.635873, -40.901125]]], [[[144.826167, -41.503413], [144.826225, -41.503411], [144.826214, -41.503281], [144.826104, -41.503338], [144.826167, -41.503413]]], [[[144.704672, -40.794243], [144.704702, -40.794171], [144.704581, -40.794152], [144.704553, -40.794235], [144.704672, -40.794243]]], [[[144.779461, -40.602464], [144.779511, -40.602356], [144.779414, -40.602312], [144.779393, -40.602386], [144.779461, -40.602464]]], [[[144.661802, -41.056122], [144.661887, -41.056091], [144.661808, -41.056009], [144.661717, -41.056075], [144.661802, -41.056122]]], [[[144.794214, -41.463311], [144.794227, -41.463249], [144.794128, -41.463259], [144.794078, -41.463383], [144.794214, -41.463311]]], [[[144.630933, -41.040433], [144.631032, -41.040409], [144.630952, -41.04033], [144.630852, -41.040372], [144.630933, -41.040433]]], [[[144.631479, -40.901086], [144.631532, -40.901051], [144.631357, -40.900994], [144.631331, -40.901057], [144.631479, -40.901086]]], [[[143.928566, -40.16233], [143.928519, -40.162261], [143.928447, -40.162307], [143.928504, -40.162419], [143.928566, -40.16233]]], [[[144.769964, -40.436145], [144.769919, -40.43607], [144.769892, -40.436084], [144.769879, -40.436302], [144.769964, -40.436145]]], [[[144.771674, -40.434623], [144.771624, -40.434559], [144.771583, -40.434691], [144.771603, -40.434785], [144.771674, -40.434623]]], [[[144.613119, -40.933437], [144.613105, -40.933332], [144.613021, -40.933331], [144.612992, -40.933405], [144.613119, -40.933437]]], [[[144.820248, -41.499864], [144.820311, -41.499797], [144.820191, -41.499735], [144.820171, -41.499815], [144.820248, -41.499864]]], [[[144.745002, -41.420736], [144.74503, -41.420588], [144.744931, -41.420642], [144.744927, -41.42072], [144.745002, -41.420736]]], [[[144.789211, -41.453393], [144.789188, -41.453271], [144.789132, -41.453243], [144.789106, -41.453356], [144.789211, -41.453393]]], [[[144.973266, -40.424302], [144.973173, -40.424367], [144.973327, -40.424417], [144.973308, -40.42431], [144.973266, -40.424302]]], [[[144.010817, -40.101707], [144.010726, -40.101711], [144.010723, -40.101795], [144.010807, -40.101837], [144.010817, -40.101707]]], [[[143.859017, -40.065929], [143.858891, -40.065893], [143.858957, -40.066013], [143.859008, -40.066045], [143.859017, -40.065929]]], [[[144.611254, -40.940074], [144.611327, -40.940023], [144.611279, -40.939952], [144.611171, -40.940029], [144.611254, -40.940074]]], [[[144.696763, -40.802127], [144.696729, -40.802231], [144.696824, -40.802203], [144.696853, -40.802077], [144.696763, -40.802127]]], [[[143.83863, -39.935066], [143.838461, -39.935057], [143.838463, -39.9351], [143.838552, -39.935151], [143.83863, -39.935066]]], [[[144.679155, -40.630719], [144.679107, -40.630792], [144.679226, -40.630838], [144.679258, -40.630781], [144.679155, -40.630719]]], [[[143.843768, -39.889347], [143.843813, -39.889295], [143.843612, -39.889293], [143.843703, -39.889377], [143.843768, -39.889347]]], [[[144.699838, -40.819182], [144.699996, -40.819165], [144.699879, -40.819099], [144.699775, -40.819156], [144.699838, -40.819182]]], [[[143.892131, -40.010652], [143.892157, -40.010617], [143.891976, -40.010563], [143.892019, -40.010658], [143.892131, -40.010652]]], [[[144.635505, -40.901534], [144.635581, -40.901515], [144.635505, -40.901413], [144.635427, -40.901494], [144.635505, -40.901534]]], [[[143.8381, -39.932357], [143.837901, -39.932334], [143.837944, -39.932399], [143.838028, -39.932419], [143.8381, -39.932357]]], [[[144.614586, -40.94634], [144.614609, -40.946307], [144.614479, -40.946232], [144.614448, -40.946318], [144.614586, -40.94634]]], [[[144.628775, -40.925766], [144.628719, -40.925811], [144.628962, -40.925826], [144.628899, -40.92577], [144.628775, -40.925766]]], [[[144.8137, -41.491659], [144.813767, -41.491642], [144.813697, -41.491525], [144.813628, -41.491584], [144.8137, -41.491659]]], [[[144.610804, -40.934328], [144.610812, -40.934272], [144.610689, -40.934257], [144.610664, -40.934341], [144.610804, -40.934328]]], [[[144.614893, -40.934747], [144.614997, -40.934721], [144.614856, -40.934636], [144.614826, -40.934706], [144.614893, -40.934747]]], [[[143.85246, -39.946501], [143.852365, -39.946457], [143.852354, -39.946557], [143.852432, -39.946594], [143.85246, -39.946501]]], [[[144.788593, -41.452188], [144.788446, -41.452192], [144.788463, -41.452245], [144.788602, -41.452264], [144.788593, -41.452188]]], [[[144.622658, -40.932266], [144.622695, -40.93219], [144.622572, -40.932177], [144.622547, -40.932249], [144.622658, -40.932266]]], [[[144.747837, -41.423052], [144.747946, -41.423027], [144.747898, -41.422957], [144.747775, -41.422995], [144.747837, -41.423052]]], [[[143.885322, -40.038932], [143.885235, -40.038809], [143.885209, -40.038886], [143.88527, -40.038984], [143.885322, -40.038932]]], [[[144.705082, -40.794308], [144.7051, -40.79421], [144.705021, -40.794197], [144.704982, -40.794292], [144.705082, -40.794308]]], [[[144.76547, -41.437884], [144.765364, -41.437857], [144.765359, -41.437937], [144.765462, -41.437973], [144.76547, -41.437884]]], [[[143.853097, -39.851649], [143.853167, -39.851548], [143.853032, -39.851556], [143.853051, -39.85166], [143.853097, -39.851649]]], [[[144.965399, -40.421206], [144.965427, -40.421136], [144.965335, -40.421084], [144.965305, -40.421185], [144.965399, -40.421206]]], [[[144.793511, -41.463903], [144.79353, -41.463823], [144.793434, -41.463811], [144.79341, -41.463913], [144.793511, -41.463903]]], [[[143.844921, -39.875173], [143.844845, -39.875014], [143.844813, -39.875035], [143.844859, -39.875198], [143.844921, -39.875173]]], [[[144.75254, -41.425924], [144.752398, -41.425853], [144.752382, -41.425902], [144.752481, -41.425978], [144.75254, -41.425924]]], [[[144.70595, -40.509837], [144.706023, -40.509883], [144.706109, -40.509818], [144.706017, -40.509771], [144.70595, -40.509837]]], [[[143.979167, -40.109754], [143.978996, -40.109772], [143.979021, -40.109834], [143.979094, -40.109841], [143.979167, -40.109754]]], [[[144.629695, -40.975427], [144.629836, -40.975403], [144.629814, -40.975359], [144.629624, -40.975374], [144.629695, -40.975427]]], [[[144.679903, -41.181647], [144.679917, -41.18157], [144.679789, -41.18157], [144.679823, -41.181663], [144.679903, -41.181647]]], [[[144.764233, -41.437326], [144.764204, -41.437227], [144.764127, -41.43725], [144.764163, -41.437365], [144.764233, -41.437326]]], [[[144.701465, -40.788443], [144.701469, -40.788346], [144.701351, -40.788433], [144.701352, -40.788491], [144.701465, -40.788443]]], [[[144.741072, -41.328845], [144.741063, -41.328735], [144.740985, -41.328755], [144.740973, -41.328845], [144.741072, -41.328845]]], [[[143.874188, -40.105893], [143.874177, -40.105817], [143.87408, -40.105898], [143.874117, -40.105982], [143.874188, -40.105893]]], [[[144.764066, -41.437106], [144.763986, -41.437089], [144.763968, -41.437193], [144.764027, -41.437231], [144.764066, -41.437106]]], [[[144.937909, -40.396554], [144.9381, -40.396596], [144.938119, -40.396567], [144.938005, -40.396507], [144.937909, -40.396554]]], [[[143.873198, -40.096738], [143.873128, -40.096634], [143.873092, -40.096648], [143.873097, -40.096772], [143.873198, -40.096738]]], [[[144.702395, -40.788517], [144.702078, -40.78841], [144.702143, -40.788462], [144.702348, -40.788538], [144.702395, -40.788517]]], [[[143.840852, -39.92453], [143.840917, -39.924487], [143.840806, -39.924422], [143.840761, -39.924499], [143.840852, -39.92453]]], [[[144.697183, -40.804095], [144.697276, -40.803864], [144.697197, -40.803788], [144.697217, -40.803921], [144.697183, -40.804095]]], [[[143.885546, -40.044638], [143.885469, -40.044617], [143.885463, -40.04469], [143.885592, -40.044748], [143.885546, -40.044638]]], [[[143.885648, -40.037394], [143.885601, -40.037366], [143.885527, -40.03747], [143.885602, -40.037508], [143.885648, -40.037394]]], [[[144.641495, -41.046085], [144.641516, -41.045992], [144.641429, -41.045983], [144.641389, -41.046057], [144.641495, -41.046085]]], [[[144.753266, -41.426335], [144.753197, -41.426254], [144.753134, -41.426316], [144.753207, -41.426386], [144.753266, -41.426335]]], [[[144.621113, -40.933029], [144.621268, -40.933015], [144.621222, -40.932961], [144.621049, -40.932994], [144.621113, -40.933029]]], [[[144.761626, -41.434918], [144.761509, -41.43487], [144.761513, -41.434946], [144.761612, -41.434996], [144.761626, -41.434918]]], [[[143.880212, -40.120752], [143.880239, -40.120575], [143.880191, -40.120598], [143.880153, -40.120759], [143.880212, -40.120752]]], [[[144.761086, -41.429104], [144.760932, -41.429153], [144.760989, -41.42919], [144.761086, -41.429192], [144.761086, -41.429104]]], [[[144.764643, -41.437705], [144.764508, -41.437659], [144.764495, -41.437702], [144.764613, -41.437776], [144.764643, -41.437705]]], [[[144.649245, -40.897036], [144.649389, -40.897026], [144.649209, -40.896964], [144.649149, -40.897015], [144.649245, -40.897036]]], [[[143.86888, -40.081628], [143.868898, -40.08161], [143.868595, -40.081589], [143.868729, -40.081646], [143.86888, -40.081628]]], [[[144.751347, -41.414333], [144.751239, -41.414278], [144.751261, -41.414375], [144.751353, -41.414418], [144.751347, -41.414333]]], [[[144.808183, -41.483684], [144.808317, -41.483655], [144.808219, -41.483612], [144.808092, -41.483638], [144.808183, -41.483684]]], [[[144.708951, -40.485841], [144.70894, -40.485694], [144.708879, -40.48572], [144.708878, -40.485823], [144.708951, -40.485841]]], [[[143.832908, -39.917622], [143.832874, -39.91757], [143.832772, -39.917615], [143.832849, -39.917692], [143.832908, -39.917622]]], [[[144.624604, -40.981183], [144.624582, -40.981243], [144.624702, -40.981269], [144.624712, -40.981186], [144.624604, -40.981183]]], [[[144.627962, -40.97955], [144.627926, -40.97959], [144.62811, -40.979646], [144.628059, -40.979564], [144.627962, -40.97955]]], [[[144.61102, -40.942567], [144.61084, -40.942537], [144.610862, -40.942583], [144.611019, -40.942624], [144.61102, -40.942567]]], [[[144.796627, -41.465807], [144.796513, -41.465751], [144.796527, -41.465842], [144.796605, -41.465884], [144.796627, -41.465807]]], [[[143.884202, -40.032746], [143.884171, -40.032603], [143.884119, -40.032634], [143.884124, -40.032738], [143.884202, -40.032746]]], [[[144.792154, -40.478165], [144.792184, -40.478097], [144.792079, -40.478079], [144.792058, -40.478172], [144.792154, -40.478165]]], [[[144.957427, -40.412524], [144.95743, -40.412449], [144.957344, -40.412437], [144.957333, -40.412545], [144.957427, -40.412524]]], [[[144.620047, -41.006112], [144.620009, -41.006187], [144.620211, -41.00614], [144.620101, -41.006103], [144.620047, -41.006112]]], [[[144.762055, -41.436673], [144.761983, -41.436621], [144.761931, -41.436688], [144.762006, -41.43675], [144.762055, -41.436673]]], [[[144.922958, -40.566965], [144.922906, -40.566947], [144.922911, -40.567103], [144.922983, -40.567068], [144.922958, -40.566965]]], [[[143.843576, -39.890784], [143.843597, -39.890701], [143.843483, -39.890715], [143.843493, -39.890799], [143.843576, -39.890784]]], [[[144.947456, -40.392023], [144.947508, -40.391951], [144.947406, -40.391932], [144.947372, -40.392029], [144.947456, -40.392023]]], [[[144.753626, -41.411713], [144.753614, -41.411621], [144.75354, -41.411651], [144.753545, -41.41176], [144.753626, -41.411713]]], [[[144.620767, -41.024107], [144.620901, -41.024099], [144.620762, -41.02402], [144.620713, -41.024073], [144.620767, -41.024107]]], [[[143.841711, -39.886541], [143.841712, -39.886492], [143.841548, -39.886514], [143.841633, -39.886578], [143.841711, -39.886541]]], [[[144.76272, -41.435207], [144.762624, -41.435185], [144.762614, -41.435282], [144.762672, -41.435303], [144.76272, -41.435207]]], [[[144.821591, -41.501364], [144.821532, -41.501288], [144.821469, -41.501367], [144.82152, -41.50142], [144.821591, -41.501364]]], [[[144.640283, -40.918293], [144.64045, -40.918199], [144.640361, -40.918187], [144.640283, -40.91822], [144.640283, -40.918293]]], [[[144.628616, -40.926779], [144.628637, -40.926724], [144.628516, -40.926706], [144.628492, -40.926778], [144.628616, -40.926779]]], [[[144.961817, -40.3983], [144.961652, -40.398239], [144.961666, -40.398304], [144.961788, -40.398341], [144.961817, -40.3983]]], [[[144.810903, -41.489618], [144.810782, -41.489635], [144.810824, -41.489695], [144.810914, -41.489708], [144.810903, -41.489618]]], [[[143.918823, -40.151126], [143.918739, -40.151103], [143.91872, -40.151197], [143.918792, -40.151221], [143.918823, -40.151126]]], [[[144.628544, -40.981975], [144.62868, -40.981949], [144.628656, -40.981902], [144.628528, -40.981906], [144.628544, -40.981975]]], [[[144.803627, -41.474314], [144.803663, -41.474275], [144.80347, -41.474265], [144.803521, -41.474332], [144.803627, -41.474314]]], [[[143.887411, -40.048207], [143.887438, -40.048216], [143.887396, -40.048], [143.887352, -40.048082], [143.887411, -40.048207]]], [[[143.864117, -40.060226], [143.864149, -40.060129], [143.864056, -40.060136], [143.864019, -40.060196], [143.864117, -40.060226]]], [[[144.648153, -41.046695], [144.648174, -41.046575], [144.648095, -41.046574], [144.648078, -41.046646], [144.648153, -41.046695]]], [[[144.113862, -40.019806], [144.113836, -40.01973], [144.113756, -40.019786], [144.113799, -40.019871], [144.113862, -40.019806]]], [[[144.626102, -40.925693], [144.62601, -40.925623], [144.625961, -40.925687], [144.62601, -40.925734], [144.626102, -40.925693]]], [[[144.616278, -40.930285], [144.616441, -40.930291], [144.616432, -40.930238], [144.616348, -40.930218], [144.616278, -40.930285]]], [[[144.707292, -41.283766], [144.707307, -41.283732], [144.707176, -41.283692], [144.707181, -41.283786], [144.707292, -41.283766]]], [[[144.773194, -40.425141], [144.773165, -40.425039], [144.773111, -40.425132], [144.77314, -40.425224], [144.773194, -40.425141]]], [[[143.845028, -39.874528], [143.844909, -39.874504], [143.844916, -39.874551], [143.845015, -39.874621], [143.845028, -39.874528]]], [[[143.865753, -40.07357], [143.865711, -40.073508], [143.86564, -40.073532], [143.865677, -40.073634], [143.865753, -40.07357]]], [[[143.88615, -40.04456], [143.88615, -40.044511], [143.886007, -40.044555], [143.88606, -40.044616], [143.88615, -40.04456]]], [[[143.869291, -40.084713], [143.869303, -40.084628], [143.869176, -40.084655], [143.869245, -40.084733], [143.869291, -40.084713]]], [[[144.652419, -40.381131], [144.652474, -40.381116], [144.652276, -40.381007], [144.652306, -40.381078], [144.652419, -40.381131]]], [[[144.632515, -40.901016], [144.6326, -40.901102], [144.632606, -40.901004], [144.632547, -40.90094], [144.632515, -40.901016]]], [[[144.614901, -40.935463], [144.614974, -40.935458], [144.614929, -40.935375], [144.614822, -40.935387], [144.614901, -40.935463]]], [[[144.679956, -41.182683], [144.679936, -41.182597], [144.679848, -41.182697], [144.679899, -41.182743], [144.679956, -41.182683]]], [[[144.6107, -40.937192], [144.610784, -40.937182], [144.610722, -40.937115], [144.6106, -40.937134], [144.6107, -40.937192]]], [[[144.670124, -40.906584], [144.670063, -40.906595], [144.670352, -40.906715], [144.670231, -40.906625], [144.670124, -40.906584]]], [[[144.661938, -40.904671], [144.661992, -40.904669], [144.661955, -40.904572], [144.661851, -40.904603], [144.661938, -40.904671]]], [[[143.875093, -40.098163], [143.875124, -40.098018], [143.875086, -40.098029], [143.875019, -40.098159], [143.875093, -40.098163]]], [[[144.707394, -41.283227], [144.707273, -41.283224], [144.70731, -41.283301], [144.707378, -41.283309], [144.707394, -41.283227]]], [[[143.860594, -40.060233], [143.860522, -40.060178], [143.86045, -40.060241], [143.860524, -40.060281], [143.860594, -40.060233]]], [[[144.631365, -40.900477], [144.631412, -40.90047], [144.631372, -40.90033], [144.631315, -40.900397], [144.631365, -40.900477]]], [[[144.937708, -40.396055], [144.937778, -40.39603], [144.937605, -40.395955], [144.937615, -40.396015], [144.937708, -40.396055]]], [[[144.710544, -40.49096], [144.71054, -40.490912], [144.710406, -40.490923], [144.710448, -40.490994], [144.710544, -40.49096]]], [[[144.628455, -40.92541], [144.62852, -40.925384], [144.62842, -40.925338], [144.628306, -40.925364], [144.628455, -40.92541]]], [[[144.640736, -41.046326], [144.641054, -41.046501], [144.641044, -41.04646], [144.640897, -41.046385], [144.640736, -41.046326]]], [[[144.638745, -41.043834], [144.638897, -41.043827], [144.638886, -41.043783], [144.638786, -41.043763], [144.638745, -41.043834]]], [[[143.856608, -39.849257], [143.856599, -39.8492], [143.856492, -39.849227], [143.856501, -39.849301], [143.856608, -39.849257]]], [[[144.803643, -41.4769], [144.803373, -41.476901], [144.803425, -41.476931], [144.803525, -41.476946], [144.803643, -41.4769]]], [[[144.637259, -40.920821], [144.637372, -40.920804], [144.637335, -40.92075], [144.637179, -40.920794], [144.637259, -40.920821]]], [[[144.636881, -40.918254], [144.636909, -40.918186], [144.636817, -40.918161], [144.636779, -40.918223], [144.636881, -40.918254]]], [[[144.610173, -40.938559], [144.610138, -40.938454], [144.610078, -40.938469], [144.610079, -40.93855], [144.610173, -40.938559]]], [[[144.792827, -41.457754], [144.792724, -41.457715], [144.792706, -41.457788], [144.792774, -41.45782], [144.792827, -41.457754]]], [[[144.626776, -40.926846], [144.626863, -40.92683], [144.626797, -40.926745], [144.626728, -40.926794], [144.626776, -40.926846]]], [[[144.636745, -40.918008], [144.636772, -40.917941], [144.63668, -40.917916], [144.636642, -40.917978], [144.636745, -40.918008]]], [[[143.873383, -40.105337], [143.873337, -40.105472], [143.873452, -40.105379], [143.873455, -40.105336], [143.873383, -40.105337]]], [[[144.747665, -41.42352], [144.747552, -41.423485], [144.747549, -41.423535], [144.747623, -41.423599], [144.747665, -41.42352]]], [[[144.689821, -41.249006], [144.689852, -41.248964], [144.689772, -41.248914], [144.68971, -41.248989], [144.689821, -41.249006]]], [[[144.706032, -40.509531], [144.705968, -40.509565], [144.706002, -40.50964], [144.706091, -40.509594], [144.706032, -40.509531]]], [[[144.668723, -40.905878], [144.668651, -40.905928], [144.668731, -40.905978], [144.668794, -40.905938], [144.668723, -40.905878]]], [[[144.652702, -40.380665], [144.652524, -40.380563], [144.652609, -40.380623], [144.652644, -40.380768], [144.652702, -40.380665]]], [[[144.633194, -40.901477], [144.633168, -40.901339], [144.633102, -40.9014], [144.633102, -40.901436], [144.633194, -40.901477]]], [[[144.763659, -41.435925], [144.763703, -41.435859], [144.763601, -41.435841], [144.763571, -41.435909], [144.763659, -41.435925]]], [[[144.914519, -41.662209], [144.914564, -41.662167], [144.914388, -41.662141], [144.914448, -41.662213], [144.914519, -41.662209]]], [[[143.869194, -40.081628], [143.869109, -40.081685], [143.86912, -40.081713], [143.869244, -40.081716], [143.869194, -40.081628]]], [[[144.653421, -40.90624], [144.653493, -40.90623], [144.653455, -40.906166], [144.653322, -40.906198], [144.653421, -40.90624]]], [[[144.047642, -40.079557], [144.047524, -40.079525], [144.047526, -40.079569], [144.047625, -40.079632], [144.047642, -40.079557]]], [[[146.126133, -41.124423], [146.12615, -41.12438], [146.126035, -41.124327], [146.126034, -41.124405], [146.126133, -41.124423]]], [[[144.764803, -41.43968], [144.764824, -41.43964], [144.764678, -41.43962], [144.764727, -41.439702], [144.764803, -41.43968]]], [[[144.637165, -40.920514], [144.637191, -40.920492], [144.637035, -40.920439], [144.637014, -40.920493], [144.637165, -40.920514]]], [[[144.821854, -41.501377], [144.82172, -41.501377], [144.821729, -41.501428], [144.821795, -41.501453], [144.821854, -41.501377]]], [[[144.75402, -41.410777], [144.754042, -41.410738], [144.75385, -41.410768], [144.753917, -41.410808], [144.75402, -41.410777]]], [[[144.639861, -40.917329], [144.639894, -40.917299], [144.63982, -40.91723], [144.639755, -40.91728], [144.639861, -40.917329]]], [[[144.631892, -40.921983], [144.631892, -40.922032], [144.632014, -40.922025], [144.631952, -40.921947], [144.631892, -40.921983]]], [[[144.095026, -40.05225], [144.094923, -40.05224], [144.094937, -40.052268], [144.095091, -40.05235], [144.095026, -40.05225]]], [[[144.914571, -41.662109], [144.914595, -41.662084], [144.914409, -41.662038], [144.91445, -41.662099], [144.914571, -41.662109]]], [[[144.618927, -40.944711], [144.619029, -40.944684], [144.618948, -40.944621], [144.618888, -40.944686], [144.618927, -40.944711]]], [[[144.630238, -40.92217], [144.630217, -40.922201], [144.630393, -40.922245], [144.630322, -40.922171], [144.630238, -40.92217]]], [[[144.961829, -40.397889], [144.962021, -40.397968], [144.962021, -40.397941], [144.961907, -40.397881], [144.961829, -40.397889]]], [[[144.675894, -40.717439], [144.675947, -40.717422], [144.675563, -40.717442], [144.675655, -40.717455], [144.675894, -40.717439]]], [[[144.803861, -41.474286], [144.803876, -41.474265], [144.803685, -41.474249], [144.803767, -41.474297], [144.803861, -41.474286]]]]}}, {"type": "Feature", "properties": {"index": "DNSN", "division": "Denison", "state": "Tasmania", "year": "1992", "proclaimed": "19920401", "quota": "0", "electors": "0", "deviation": ""}, "geometry": {"type": "Polygon", "coordinates": [[[147.342903, -42.959132], [147.344532, -42.954768], [147.346311, -42.953553], [147.355077, -42.951831], [147.35585, -42.951108], [147.355195, -42.947349], [147.357731, -42.943052], [147.356, -42.941223], [147.357768, -42.936433], [147.360866, -42.932783], [147.360845, -42.928425], [147.361953, -42.926069], [147.360972, -42.922461], [147.3613, -42.920121], [147.359828, -42.916047], [147.360968, -42.914154], [147.357374, -42.91369], [147.356671, -42.912003], [147.357432, -42.910078], [147.355722, -42.908636], [147.349049, -42.90886], [147.344773, -42.907936], [147.33722, -42.9039], [147.338421, -42.901613], [147.336383, -42.900847], [147.333383, -42.901255], [147.332239, -42.90022], [147.332905, -42.899415], [147.332257, -42.898332], [147.332963, -42.897153], [147.333523, -42.897419], [147.33322, -42.896172], [147.334586, -42.896029], [147.333522, -42.89561], [147.333872, -42.894352], [147.33605, -42.89361], [147.337007, -42.892973], [147.336855, -42.892238], [147.339013, -42.891165], [147.339115, -42.890113], [147.338118, -42.889192], [147.339448, -42.886795], [147.337721, -42.885993], [147.332751, -42.885726], [147.331528, -42.884938], [147.332951, -42.88391], [147.335461, -42.884515], [147.337003, -42.882655], [147.341468, -42.88224], [147.341196, -42.877063], [147.33915, -42.877294], [147.335236, -42.873862], [147.334547, -42.870582], [147.336072, -42.869012], [147.337172, -42.86546], [147.336789, -42.864589], [147.335221, -42.863592], [147.331053, -42.863709], [147.328561, -42.860055], [147.323719, -42.856419], [147.321656, -42.856297], [147.319663, -42.855131], [147.320216, -42.853167], [147.321904, -42.851323], [147.327334, -42.851485], [147.326872, -42.849177], [147.327616, -42.848904], [147.326611, -42.848298], [147.328561, -42.846827], [147.327849, -42.84461], [147.326468, -42.845421], [147.325872, -42.844687], [147.323644, -42.84506], [147.323655, -42.845814], [147.322363, -42.846472], [147.318646, -42.845968], [147.316506, -42.847353], [147.314872, -42.846832], [147.313057, -42.849206], [147.31507, -42.844567], [147.317858, -42.843384], [147.318169, -42.839777], [147.320693, -42.840192], [147.3236, -42.837943], [147.323192, -42.834012], [147.320635, -42.831513], [147.322112, -42.832089], [147.317326, -42.829185], [147.312071, -42.828697], [147.310543, -42.827118], [147.305266, -42.826403], [147.303159, -42.828096], [147.304882, -42.829232], [147.304928, -42.833567], [147.30189, -42.833834], [147.300866, -42.830117], [147.298577, -42.831148], [147.297417, -42.830411], [147.298083, -42.829486], [147.296684, -42.830021], [147.295007, -42.82923], [147.297467, -42.827397], [147.299485, -42.828437], [147.300871, -42.827619], [147.297753, -42.82384], [147.302201, -42.824963], [147.306722, -42.823546], [147.303901, -42.820475], [147.298018, -42.818736], [147.296079, -42.819394], [147.293834, -42.818519], [147.291723, -42.819604], [147.286407, -42.820134], [147.285714, -42.818762], [147.285105, -42.818882], [147.284107, -42.822254], [147.27992, -42.824563], [147.279306, -42.825996], [147.278292, -42.824935], [147.27737, -42.825827], [147.276788, -42.825056], [147.275685, -42.825548], [147.272325, -42.824434], [147.271738, -42.82245], [147.269738, -42.822165], [147.267989, -42.819205], [147.264332, -42.818965], [147.26133, -42.816881], [147.260834, -42.815346], [147.261793, -42.814377], [147.260777, -42.814367], [147.259923, -42.815753], [147.255959, -42.815145], [147.25555, -42.812745], [147.256684, -42.811689], [147.258159, -42.811783], [147.259385, -42.813081], [147.26156, -42.813049], [147.26242, -42.812633], [147.262345, -42.811369], [147.261219, -42.808677], [147.259779, -42.81016], [147.258563, -42.810037], [147.25806, -42.807309], [147.257262, -42.806933], [147.25712, -42.808311], [147.255221, -42.808892], [147.253909, -42.807672], [147.253629, -42.806203], [147.25573, -42.804822], [147.258218, -42.804845], [147.258365, -42.803585], [147.256704, -42.80281], [147.257206, -42.801509], [147.261704, -42.800429], [147.263015, -42.798456], [147.265856, -42.796527], [147.262881, -42.796559], [147.262132, -42.795191], [147.259168, -42.794813], [147.258977, -42.794041], [147.257999, -42.795034], [147.25868, -42.793734], [147.257763, -42.794008], [147.257753, -42.793366], [147.258954, -42.791834], [147.260177, -42.79141], [147.263625, -42.793254], [147.272244, -42.795783], [147.272555, -42.794784], [147.274393, -42.794422], [147.276072, -42.79269], [147.279892, -42.791508], [147.280429, -42.790461], [147.283207, -42.789994], [147.281636, -42.788754], [147.275905, -42.788611], [147.27421, -42.790395], [147.269359, -42.790785], [147.266236, -42.787439], [147.261365, -42.784841], [147.260379, -42.788751], [147.258785, -42.788734], [147.257847, -42.787008], [147.252818, -42.786751], [147.252311, -42.786135], [147.252945, -42.784333], [147.255294, -42.783906], [147.254797, -42.7826], [147.25533, -42.782036], [147.256845, -42.782797], [147.256196, -42.781156], [147.256851, -42.780127], [147.256151, -42.779329], [147.257351, -42.779194], [147.257971, -42.777546], [147.257128, -42.774306], [147.253576, -42.769487], [147.253295, -42.765526], [147.250641, -42.765116], [147.249309, -42.766359], [147.245992, -42.763623], [147.243906, -42.764471], [147.242979, -42.763765], [147.2425, -42.761343], [147.237291, -42.759464], [147.236205, -42.755378], [147.232614, -42.751868], [147.226912, -42.750549], [147.223356, -42.759032], [147.221776, -42.759068], [147.22095, -42.76187], [147.21707, -42.761331], [147.216352, -42.76345], [147.214125, -42.763163], [147.213442, -42.76478], [147.212509, -42.765031], [147.208629, -42.770922], [147.208126, -42.775412], [147.205684, -42.775771], [147.205684, -42.778034], [147.203996, -42.778106], [147.203852, -42.780836], [147.201876, -42.781087], [147.20123, -42.786044], [147.204427, -42.786152], [147.201984, -42.796425], [147.199218, -42.796605], [147.198536, -42.79955], [147.183198, -42.811116], [147.172889, -42.814421], [147.169764, -42.824299], [147.167896, -42.824012], [147.165848, -42.830477], [147.163298, -42.830154], [147.161754, -42.834033], [147.152343, -42.832489], [147.151229, -42.836979], [147.147026, -42.83662], [147.146236, -42.841541], [147.138729, -42.840535], [147.137939, -42.844558], [147.136071, -42.844235], [147.135496, -42.848042], [147.145949, -42.85009], [147.145159, -42.855334], [147.151085, -42.856232], [147.150834, -42.858064], [147.158844, -42.859249], [147.149325, -42.914279], [147.192034, -42.908316], [147.231438, -42.90634], [147.236611, -42.897145], [147.239664, -42.932526], [147.241173, -42.934178], [147.245052, -42.9354], [147.247531, -42.937555], [147.250009, -42.938704], [147.254966, -42.941434], [147.260641, -42.941901], [147.265958, -42.944523], [147.26937, -42.947612], [147.269406, -42.953108], [147.271777, -42.957203], [147.273142, -42.957814], [147.275584, -42.957311], [147.280218, -42.958927], [147.282445, -42.960292], [147.287833, -42.961873], [147.290635, -42.96198], [147.293652, -42.963166], [147.300441, -42.962196], [147.302129, -42.962052], [147.303781, -42.962807], [147.306296, -42.964638], [147.307948, -42.963956], [147.310534, -42.964674], [147.314701, -42.961765], [147.320484, -42.96119], [147.328099, -42.961154], [147.328315, -42.960184], [147.329285, -42.959753], [147.330362, -42.959717], [147.331799, -42.958891], [147.332374, -42.959789], [147.334816, -42.959825], [147.337223, -42.958999], [147.338767, -42.959035], [147.342595, -42.95953], [147.342903, -42.959132]]]}}, {"type": "Feature", "properties": {"index": "FKLN", "division": "Franklin", "state": "Tasmania", "year": "1992", "proclaimed": "19920401", "quota": "0", "electors": "0", "deviation": ""}, "geometry": {"type": "MultiPolygon", "coordinates": [[[[145.940454, -43.150439], [145.935692, -43.15198], [145.935016, -43.154783], [145.933645, -43.156517], [145.925788, -43.157767], [145.921338, -43.163191], [145.921258, -43.172591], [145.923125, -43.174122], [145.928001, -43.175365], [145.929895, -43.177472], [145.927683, -43.18153], [145.927708, -43.185034], [145.93025, -43.188155], [145.931803, -43.187287], [145.934075, -43.188272], [145.933647, -43.188871], [145.934513, -43.189266], [145.933232, -43.189362], [145.933914, -43.189774], [145.933507, -43.189842], [145.933106, -43.189541], [145.933175, -43.190514], [145.937342, -43.191481], [145.935662, -43.192546], [145.930878, -43.192357], [145.929227, -43.193143], [145.919944, -43.189877], [145.916285, -43.192174], [145.915252, -43.194875], [145.918073, -43.198954], [145.921979, -43.200098], [145.922012, -43.20099], [145.922968, -43.201224], [145.922463, -43.201967], [145.923677, -43.202942], [145.928127, -43.204659], [145.927038, -43.204982], [145.92732, -43.207154], [145.925968, -43.207745], [145.925299, -43.209369], [145.922418, -43.208729], [145.920795, -43.207201], [145.916706, -43.209377], [145.916119, -43.211263], [145.917819, -43.21326], [145.921712, -43.211757], [145.922301, -43.212555], [145.924058, -43.212724], [145.925265, -43.214816], [145.926418, -43.215034], [145.927332, -43.21488], [145.926578, -43.213649], [145.928791, -43.211742], [145.93247, -43.21255], [145.931678, -43.214894], [145.934394, -43.217296], [145.935566, -43.220701], [145.938029, -43.222075], [145.938252, -43.223428], [145.939249, -43.222734], [145.945058, -43.225066], [145.946452, -43.22707], [145.94562, -43.228462], [145.946408, -43.230004], [145.94872, -43.230671], [145.94964, -43.229912], [145.953222, -43.229789], [145.955639, -43.230679], [145.958083, -43.229774], [145.96021, -43.23079], [145.959893, -43.229739], [145.961475, -43.228665], [145.965056, -43.228409], [145.970923, -43.230437], [145.968897, -43.228063], [145.97059, -43.229271], [145.97397, -43.233755], [145.974801, -43.233793], [145.97579, -43.232317], [145.974441, -43.235496], [145.976356, -43.234472], [145.979953, -43.234805], [145.975954, -43.234805], [145.974462, -43.239396], [145.972103, -43.241183], [145.971854, -43.242257], [145.973034, -43.24373], [145.972383, -43.245567], [145.968161, -43.24758], [145.969092, -43.249406], [145.971373, -43.250637], [145.971743, -43.253095], [145.970283, -43.254967], [145.971156, -43.258537], [145.968315, -43.261797], [145.967029, -43.261977], [145.966939, -43.263803], [145.968135, -43.264482], [145.966548, -43.265709], [145.968415, -43.267653], [145.970621, -43.268532], [145.972388, -43.268244], [145.973674, -43.269402], [145.97315, -43.272992], [145.970925, -43.275064], [145.969043, -43.27508], [145.970346, -43.276138], [145.969117, -43.276987], [145.968836, -43.279066], [145.968063, -43.277436], [145.965703, -43.277605], [145.96579, -43.278178], [145.964009, -43.278901], [145.958217, -43.278248], [145.95469, -43.279225], [145.953416, -43.281066], [145.955183, -43.283131], [145.960016, -43.283206], [145.960749, -43.283872], [145.960193, -43.284829], [145.961894, -43.284588], [145.963553, -43.285668], [145.963821, -43.287884], [145.962255, -43.290829], [145.960705, -43.291411], [145.957873, -43.290461], [145.958769, -43.291824], [145.96012, -43.292145], [145.959714, -43.293003], [145.961216, -43.293941], [145.96079, -43.295028], [145.964184, -43.294868], [145.964599, -43.295836], [145.966533, -43.296359], [145.967645, -43.29893], [145.967474, -43.300331], [145.966231, -43.300518], [145.967894, -43.301026], [145.968445, -43.302955], [145.969859, -43.302611], [145.97127, -43.304579], [145.973263, -43.304629], [145.97384, -43.305399], [145.975689, -43.304652], [145.976567, -43.303256], [145.981893, -43.30389], [145.983105, -43.304793], [145.981668, -43.304882], [145.984152, -43.31058], [145.981823, -43.311796], [145.982162, -43.312739], [145.979188, -43.314282], [145.979023, -43.315195], [145.980005, -43.315166], [145.980355, -43.316212], [145.979622, -43.317011], [145.981406, -43.318822], [145.980949, -43.319322], [145.981594, -43.319568], [145.980734, -43.319934], [145.981615, -43.320041], [145.981464, -43.321107], [145.982963, -43.321138], [145.982348, -43.321444], [145.983475, -43.322635], [145.985668, -43.323005], [145.986649, -43.322001], [145.990644, -43.323187], [145.99645, -43.321826], [145.994815, -43.320542], [145.997789, -43.319858], [145.998048, -43.319148], [145.998998, -43.319882], [146.000939, -43.31971], [146.001548, -43.321214], [146.004398, -43.319522], [146.00601, -43.320746], [146.006608, -43.32179], [146.004987, -43.322995], [146.005851, -43.324146], [146.004506, -43.325106], [146.0051, -43.327557], [146.004366, -43.329016], [146.002526, -43.33058], [145.998723, -43.330078], [145.997197, -43.330642], [145.999942, -43.332425], [146.004871, -43.331222], [146.003332, -43.333831], [146.00432, -43.334758], [146.00377, -43.335344], [146.00637, -43.334376], [146.007841, -43.331827], [146.00892, -43.332692], [146.008423, -43.334462], [146.010915, -43.333285], [146.010186, -43.335244], [146.013697, -43.334318], [146.015005, -43.334983], [146.017513, -43.334525], [146.016283, -43.335775], [146.017001, -43.337002], [146.025502, -43.337931], [146.026909, -43.339363], [146.026217, -43.340892], [146.028734, -43.342392], [146.030855, -43.341903], [146.032956, -43.339656], [146.035316, -43.339071], [146.037039, -43.336753], [146.039366, -43.336322], [146.039043, -43.332707], [146.044274, -43.336372], [146.049071, -43.337266], [146.051407, -43.336542], [146.050489, -43.335622], [146.052525, -43.332646], [146.05532, -43.33319], [146.056543, -43.334421], [146.058972, -43.333562], [146.058899, -43.332326], [146.057673, -43.332557], [146.056539, -43.331662], [146.059018, -43.32954], [146.05955, -43.328181], [146.059043, -43.326671], [146.057761, -43.325799], [146.055228, -43.326079], [146.051821, -43.323605], [146.051061, -43.324245], [146.050906, -43.322839], [146.052341, -43.321925], [146.050873, -43.322414], [146.049175, -43.321093], [146.051275, -43.320233], [146.050791, -43.31807], [146.052731, -43.316476], [146.052617, -43.315048], [146.051054, -43.313834], [146.052149, -43.312447], [146.051344, -43.312092], [146.051739, -43.311267], [146.053815, -43.309982], [146.057175, -43.309887], [146.058566, -43.309023], [146.059259, -43.307178], [146.061233, -43.307124], [146.056078, -43.303491], [146.052753, -43.305881], [146.051828, -43.30458], [146.053669, -43.301674], [146.053259, -43.300716], [146.055163, -43.298044], [146.056895, -43.297645], [146.058651, -43.295023], [146.061786, -43.296205], [146.061988, -43.297363], [146.064396, -43.297422], [146.064717, -43.29639], [146.063243, -43.293623], [146.065225, -43.295389], [146.063759, -43.290865], [146.064467, -43.289388], [146.067181, -43.289404], [146.065661, -43.297668], [146.062563, -43.297807], [146.060768, -43.298809], [146.060557, -43.300065], [146.057121, -43.300805], [146.058518, -43.301671], [146.060377, -43.300794], [146.058647, -43.302574], [146.058971, -43.30455], [146.062335, -43.30581], [146.062832, -43.303675], [146.065074, -43.305908], [146.065536, -43.309288], [146.066972, -43.308782], [146.069806, -43.30955], [146.068834, -43.31109], [146.069448, -43.311918], [146.070844, -43.311572], [146.070217, -43.312557], [146.069082, -43.312533], [146.071449, -43.315433], [146.0714, -43.318928], [146.070608, -43.3196], [146.070936, -43.321139], [146.070272, -43.322238], [146.072599, -43.324666], [146.071461, -43.326017], [146.07212, -43.326439], [146.071827, -43.327454], [146.074489, -43.328103], [146.074907, -43.329668], [146.077285, -43.331208], [146.076447, -43.331763], [146.07714, -43.334025], [146.079894, -43.335902], [146.081228, -43.338705], [146.084282, -43.340223], [146.085731, -43.339602], [146.085167, -43.336882], [146.085745, -43.337245], [146.084285, -43.334678], [146.0854, -43.330027], [146.084786, -43.32574], [146.085085, -43.326455], [146.086245, -43.32572], [146.086845, -43.326369], [146.087437, -43.325456], [146.087424, -43.325743], [146.087115, -43.326376], [146.088455, -43.327608], [146.088609, -43.330254], [146.090047, -43.332959], [146.091141, -43.333414], [146.090368, -43.333464], [146.090204, -43.334364], [146.091112, -43.339321], [146.093902, -43.339512], [146.094117, -43.340366], [146.096876, -43.341411], [146.097213, -43.342786], [146.099018, -43.344293], [146.100871, -43.343187], [146.100026, -43.344014], [146.100499, -43.344504], [146.102953, -43.344527], [146.102893, -43.34384], [146.104144, -43.343752], [146.107181, -43.345435], [146.108103, -43.344342], [146.110283, -43.343842], [146.110788, -43.344814], [146.109271, -43.345384], [146.111866, -43.348394], [146.116857, -43.348863], [146.119168, -43.348322], [146.118792, -43.347288], [146.120165, -43.346905], [146.121065, -43.347789], [146.126664, -43.347951], [146.130304, -43.349543], [146.133138, -43.348407], [146.136408, -43.345624], [146.136956, -43.344612], [146.136235, -43.34324], [146.136604, -43.341902], [146.137564, -43.341739], [146.138148, -43.339573], [146.137549, -43.338888], [146.1388, -43.33688], [146.135893, -43.334784], [146.138347, -43.333816], [146.13876, -43.334395], [146.139212, -43.33362], [146.139666, -43.330529], [146.138708, -43.329755], [146.13985, -43.328731], [146.139818, -43.325019], [146.141136, -43.322429], [146.143911, -43.321356], [146.144651, -43.319944], [146.147319, -43.319328], [146.1476, -43.317401], [146.14893, -43.315643], [146.150619, -43.315994], [146.150717, -43.317561], [146.152536, -43.319728], [146.15353, -43.318378], [146.153016, -43.315022], [146.156317, -43.313665], [146.15762, -43.311349], [146.155232, -43.310831], [146.154568, -43.309913], [146.155302, -43.307609], [146.157135, -43.30612], [146.151957, -43.307734], [146.15213, -43.302723], [146.156957, -43.299431], [146.153985, -43.299468], [146.153352, -43.298753], [146.157438, -43.29848], [146.161252, -43.295488], [146.162794, -43.295204], [146.163127, -43.294118], [146.165697, -43.293686], [146.168968, -43.291741], [146.168445, -43.291051], [146.169033, -43.291121], [146.170207, -43.292321], [146.171093, -43.292378], [146.17131, -43.293225], [146.172857, -43.293619], [146.173537, -43.294834], [146.173445, -43.296138], [146.17108, -43.299702], [146.172668, -43.299347], [146.17443, -43.297541], [146.176098, -43.298348], [146.175312, -43.301153], [146.176534, -43.304741], [146.17464, -43.306051], [146.174932, -43.307755], [146.173692, -43.30905], [146.173338, -43.310857], [146.172055, -43.31156], [146.17289, -43.313573], [146.171725, -43.314814], [146.172174, -43.315938], [146.171557, -43.316371], [146.172101, -43.317052], [146.171483, -43.319242], [146.173419, -43.319801], [146.173188, -43.321455], [146.176744, -43.32425], [146.175688, -43.325951], [146.176365, -43.326664], [146.178715, -43.325768], [146.180923, -43.326936], [146.181646, -43.326127], [146.180903, -43.324425], [146.181474, -43.320047], [146.182628, -43.319773], [146.18446, -43.320971], [146.186817, -43.320382], [146.183442, -43.317476], [146.184279, -43.317248], [146.184745, -43.315829], [146.186936, -43.316633], [146.187838, -43.315333], [146.189056, -43.315211], [146.19406, -43.317447], [146.196008, -43.316878], [146.197168, -43.317379], [146.199292, -43.32084], [146.198995, -43.322166], [146.202036, -43.323786], [146.203036, -43.325268], [146.20507, -43.325376], [146.20674, -43.329002], [146.208616, -43.330501], [146.211622, -43.330593], [146.2138, -43.329125], [146.21475, -43.323387], [146.21646, -43.322113], [146.218851, -43.32208], [146.219224, -43.321101], [146.221654, -43.321851], [146.221853, -43.323449], [146.217837, -43.326101], [146.224039, -43.325028], [146.224628, -43.323379], [146.224753, -43.324046], [146.226792, -43.323955], [146.228774, -43.325541], [146.231648, -43.322606], [146.231947, -43.323876], [146.230736, -43.326847], [146.226447, -43.328643], [146.224171, -43.328544], [146.223814, -43.331429], [146.222831, -43.332528], [146.222654, -43.334701], [146.223704, -43.335363], [146.224651, -43.338709], [146.223525, -43.345108], [146.224509, -43.34605], [146.224272, -43.347477], [146.225315, -43.348179], [146.224702, -43.351038], [146.227774, -43.355492], [146.226471, -43.35778], [146.226678, -43.361102], [146.224399, -43.361819], [146.223139, -43.363284], [146.217768, -43.363754], [146.214387, -43.363232], [146.212893, -43.364055], [146.214222, -43.364811], [146.214524, -43.366276], [146.219888, -43.370253], [146.220085, -43.371405], [146.218661, -43.373011], [146.220698, -43.374349], [146.222712, -43.374148], [146.225431, -43.375946], [146.225701, -43.379034], [146.224881, -43.381125], [146.226014, -43.381632], [146.227116, -43.383853], [146.226133, -43.384523], [146.224352, -43.383982], [146.224309, -43.38525], [146.224067, -43.38416], [146.22292, -43.386127], [146.222841, -43.385767], [146.224029, -43.38377], [146.219456, -43.387044], [146.220267, -43.389047], [146.221177, -43.38838], [146.223327, -43.389074], [146.22114, -43.388537], [146.220924, -43.389114], [146.220201, -43.389195], [146.219162, -43.387289], [146.219317, -43.385839], [146.217605, -43.386616], [146.216305, -43.385908], [146.216217, -43.382314], [146.214668, -43.38163], [146.213844, -43.379711], [146.211557, -43.37856], [146.20907, -43.375634], [146.208281, -43.36885], [146.209341, -43.366781], [146.211894, -43.366255], [146.209981, -43.364883], [146.210264, -43.363576], [146.208106, -43.36445], [146.20529, -43.363557], [146.199912, -43.363349], [146.197457, -43.364388], [146.196334, -43.36342], [146.196847, -43.362727], [146.193213, -43.363715], [146.191001, -43.363109], [146.188702, -43.363643], [146.184748, -43.36301], [146.184919, -43.361967], [146.184002, -43.360876], [146.182171, -43.360223], [146.17722, -43.361954], [146.170273, -43.360783], [146.166396, -43.361656], [146.164634, -43.362715], [146.164836, -43.36455], [146.163939, -43.36528], [146.162524, -43.364138], [146.161064, -43.364578], [146.160534, -43.363638], [146.155376, -43.362813], [146.159749, -43.364413], [146.160316, -43.367157], [146.165352, -43.370812], [146.165564, -43.372445], [146.163912, -43.374538], [146.166628, -43.374812], [146.167679, -43.376752], [146.167329, -43.379396], [146.170496, -43.379658], [146.173229, -43.378479], [146.174744, -43.378817], [146.176766, -43.382146], [146.17596, -43.383477], [146.171504, -43.383047], [146.169689, -43.383699], [146.166577, -43.382133], [146.164367, -43.38198], [146.162588, -43.384084], [146.159104, -43.385607], [146.160015, -43.388023], [146.159084, -43.388638], [146.159229, -43.390936], [146.156942, -43.392091], [146.154475, -43.390764], [146.153649, -43.389016], [146.150002, -43.3874], [146.148524, -43.381731], [146.148889, -43.380245], [146.147363, -43.377846], [146.14419, -43.377491], [146.14049, -43.3752], [146.134626, -43.376545], [146.137065, -43.377339], [146.134511, -43.380877], [146.135693, -43.38408], [146.137916, -43.38633], [146.137554, -43.387057], [146.141529, -43.395007], [146.144079, -43.395867], [146.141827, -43.396787], [146.141421, -43.398799], [146.143484, -43.402524], [146.144298, -43.402776], [146.144217, -43.405104], [146.142977, -43.40651], [146.143864, -43.408139], [146.149854, -43.41003], [146.150001, -43.412777], [146.152056, -43.412693], [146.152311, -43.413925], [146.151527, -43.414721], [146.152237, -43.415326], [146.156159, -43.414309], [146.158944, -43.415062], [146.162973, -43.412538], [146.164163, -43.412843], [146.16373, -43.411868], [146.164181, -43.409962], [146.164133, -43.412439], [146.165771, -43.410931], [146.168631, -43.411074], [146.170045, -43.412314], [146.169523, -43.413214], [146.171442, -43.414097], [146.170634, -43.41486], [146.171142, -43.416544], [146.168544, -43.417888], [146.166951, -43.417516], [146.166411, -43.418752], [146.165316, -43.418608], [146.166503, -43.418343], [146.166025, -43.417385], [146.165003, -43.418276], [146.162771, -43.418287], [146.161314, -43.416341], [146.156214, -43.414713], [146.151787, -43.415573], [146.151019, -43.414339], [146.151467, -43.41304], [146.14997, -43.413512], [146.148767, -43.412977], [146.148235, -43.409859], [146.144552, -43.409742], [146.140057, -43.406634], [146.141081, -43.404109], [146.142984, -43.403692], [146.142175, -43.401468], [146.138871, -43.400164], [146.138727, -43.395716], [146.139882, -43.393683], [146.139187, -43.391356], [146.136105, -43.387297], [146.136027, -43.385898], [146.135932, -43.386766], [146.133454, -43.387873], [146.133612, -43.388945], [146.133286, -43.388148], [146.133361, -43.387375], [146.131564, -43.387823], [146.132318, -43.38739], [146.133239, -43.387263], [146.132496, -43.386936], [146.133304, -43.385577], [146.132825, -43.384628], [146.134244, -43.386331], [146.134091, -43.382457], [146.130443, -43.381452], [146.129227, -43.379987], [146.130054, -43.379108], [146.128191, -43.378692], [146.129751, -43.375684], [146.128276, -43.375729], [146.126699, -43.373707], [146.129586, -43.372268], [146.131347, -43.372479], [146.131231, -43.373178], [146.13231, -43.373668], [146.137172, -43.37308], [146.134798, -43.370637], [146.132972, -43.370257], [146.13275, -43.368565], [146.128849, -43.364806], [146.130569, -43.362732], [146.135475, -43.362566], [146.132165, -43.360841], [146.132876, -43.359605], [146.130714, -43.358471], [146.130541, -43.355464], [146.12949, -43.354929], [146.127852, -43.355833], [146.128185, -43.354645], [146.123799, -43.352064], [146.121639, -43.352545], [146.121065, -43.353426], [146.119869, -43.352767], [146.117841, -43.353058], [146.118576, -43.351909], [146.116409, -43.351747], [146.112879, -43.352076], [146.115316, -43.353675], [146.113867, -43.354889], [146.112296, -43.354118], [146.111771, -43.351963], [146.110873, -43.352338], [146.109396, -43.351617], [146.107804, -43.352417], [146.108713, -43.35123], [146.106735, -43.348365], [146.100184, -43.349337], [146.099204, -43.348088], [146.101811, -43.346064], [146.101272, -43.345942], [146.097682, -43.346181], [146.09603, -43.34707], [146.095873, -43.351741], [146.09507, -43.351757], [146.094575, -43.350754], [146.093354, -43.351099], [146.091668, -43.349709], [146.088208, -43.343048], [146.086187, -43.342035], [146.085948, -43.343063], [146.087157, -43.343832], [146.089132, -43.347428], [146.089613, -43.350323], [146.087876, -43.349814], [146.086217, -43.347382], [146.08295, -43.348843], [146.08085, -43.347001], [146.079185, -43.346638], [146.07724, -43.34678], [146.076769, -43.34913], [146.075216, -43.349447], [146.068303, -43.344201], [146.064819, -43.345169], [146.060724, -43.342298], [146.060158, -43.342762], [146.060586, -43.343797], [146.058873, -43.343548], [146.058308, -43.344498], [146.059784, -43.346208], [146.061123, -43.345315], [146.063392, -43.347652], [146.065238, -43.34551], [146.066297, -43.345589], [146.064252, -43.348999], [146.069137, -43.352256], [146.069642, -43.353401], [146.07608, -43.355041], [146.075867, -43.355631], [146.085424, -43.360907], [146.085305, -43.361737], [146.087065, -43.361767], [146.091597, -43.36448], [146.091642, -43.36617], [146.093458, -43.367715], [146.092038, -43.368488], [146.092826, -43.369792], [146.092624, -43.370069], [146.092551, -43.370059], [146.092486, -43.369867], [146.092745, -43.369806], [146.092334, -43.369628], [146.09182, -43.36875], [146.090371, -43.370393], [146.087953, -43.370732], [146.086519, -43.369921], [146.086862, -43.371383], [146.086347, -43.370554], [146.086241, -43.369905], [146.084566, -43.369533], [146.084893, -43.370786], [146.084389, -43.371099], [146.084994, -43.371081], [146.084321, -43.37117], [146.084558, -43.370676], [146.083506, -43.371526], [146.083267, -43.371228], [146.084411, -43.370625], [146.084326, -43.36951], [146.083366, -43.369726], [146.083929, -43.370384], [146.083401, -43.370887], [146.079361, -43.370266], [146.077142, -43.36922], [146.076323, -43.366686], [146.071152, -43.366087], [146.071398, -43.365468], [146.070508, -43.365085], [146.072568, -43.363897], [146.072883, -43.362906], [146.075448, -43.362226], [146.075317, -43.361109], [146.07783, -43.358501], [146.073127, -43.35777], [146.071674, -43.355993], [146.068427, -43.355059], [146.067457, -43.353798], [146.068006, -43.353142], [146.063357, -43.352851], [146.061882, -43.351765], [146.061132, -43.352554], [146.058324, -43.350245], [146.056153, -43.349543], [146.052213, -43.350175], [146.051998, -43.349914], [146.051999, -43.349235], [146.052479, -43.348459], [146.045973, -43.346383], [146.04145, -43.346015], [146.039708, -43.346791], [146.037086, -43.34609], [146.034307, -43.347145], [146.034117, -43.346058], [146.030388, -43.345979], [146.022198, -43.34732], [146.022318, -43.346729], [146.019133, -43.346363], [146.017717, -43.345122], [146.016226, -43.345639], [146.012219, -43.344276], [146.009243, -43.345042], [146.008374, -43.344262], [146.00602, -43.345306], [146.005643, -43.344642], [146.003097, -43.344958], [146.002905, -43.34278], [146.001287, -43.343065], [146.001031, -43.341597], [146.00672, -43.339682], [145.997425, -43.337844], [145.996648, -43.337465], [145.998248, -43.337181], [145.997631, -43.336645], [145.992741, -43.335904], [145.990875, -43.332966], [145.99139, -43.331539], [145.989205, -43.331217], [145.989102, -43.330199], [145.986817, -43.329322], [145.985936, -43.330667], [145.983223, -43.331254], [145.984305, -43.332072], [145.981797, -43.333342], [145.980906, -43.335047], [145.981292, -43.337267], [145.978126, -43.339756], [145.980098, -43.34046], [145.977927, -43.343281], [145.976215, -43.34354], [145.97714, -43.344034], [145.975874, -43.345204], [145.97687, -43.346116], [145.975078, -43.349155], [145.975342, -43.350031], [145.976429, -43.350225], [145.975455, -43.350973], [145.976643, -43.351026], [145.977038, -43.352433], [145.978762, -43.353153], [145.981726, -43.351962], [145.981963, -43.350587], [145.984154, -43.348453], [145.989245, -43.347892], [145.991294, -43.351051], [145.992119, -43.351145], [145.991366, -43.351548], [145.992574, -43.358408], [145.991821, -43.362755], [145.993134, -43.365324], [145.994103, -43.365884], [145.996556, -43.365271], [145.99724, -43.365741], [145.997081, -43.366853], [145.999878, -43.366242], [145.999449, -43.364765], [146.001901, -43.365475], [146.001383, -43.365725], [146.00109, -43.365718], [145.999503, -43.364865], [146.000148, -43.365703], [146.000028, -43.3663], [145.997924, -43.367039], [145.999178, -43.367697], [145.997907, -43.370922], [145.998521, -43.374769], [145.994695, -43.377162], [145.994391, -43.37935], [145.99661, -43.380643], [145.996719, -43.383057], [145.998126, -43.384727], [145.996382, -43.387042], [145.993652, -43.394252], [145.989692, -43.39535], [145.986761, -43.394507], [145.984323, -43.391673], [145.984742, -43.390007], [145.983727, -43.388246], [145.984005, -43.386303], [145.989307, -43.380367], [145.989769, -43.377258], [145.992048, -43.376826], [145.993483, -43.373943], [145.992926, -43.37306], [145.990443, -43.37275], [145.98983, -43.367207], [145.988567, -43.365528], [145.987852, -43.361516], [145.981775, -43.358374], [145.981592, -43.357624], [145.980629, -43.358592], [145.978334, -43.358225], [145.978396, -43.356709], [145.977466, -43.355573], [145.976686, -43.355832], [145.976767, -43.356637], [145.974915, -43.356438], [145.975134, -43.357079], [145.974538, -43.35647], [145.972122, -43.357581], [145.970118, -43.357086], [145.970228, -43.359335], [145.968754, -43.35985], [145.969259, -43.361582], [145.971507, -43.361329], [145.973421, -43.362319], [145.974773, -43.361772], [145.97579, -43.363094], [145.974508, -43.366704], [145.970756, -43.369699], [145.969195, -43.369519], [145.969318, -43.368876], [145.967782, -43.369954], [145.964923, -43.369615], [145.962829, -43.368103], [145.963214, -43.364657], [145.961988, -43.363446], [145.953241, -43.359387], [145.950799, -43.36115], [145.952007, -43.36308], [145.950651, -43.3633], [145.951255, -43.364421], [145.949343, -43.364704], [145.948863, -43.364094], [145.94749, -43.365263], [145.948517, -43.366931], [145.946583, -43.367581], [145.946047, -43.367078], [145.945534, -43.368067], [145.947777, -43.369208], [145.94634, -43.371779], [145.944337, -43.372113], [145.940748, -43.370322], [145.937428, -43.370486], [145.935622, -43.369677], [145.934199, -43.370707], [145.932799, -43.369896], [145.933058, -43.371802], [145.932535, -43.371025], [145.932098, -43.369962], [145.930689, -43.372164], [145.931508, -43.373026], [145.931045, -43.373628], [145.933108, -43.374924], [145.93193, -43.374897], [145.932353, -43.375945], [145.930916, -43.376385], [145.931852, -43.377544], [145.930446, -43.377911], [145.930329, -43.379369], [145.929323, -43.378865], [145.929721, -43.379332], [145.926378, -43.379681], [145.925012, -43.378995], [145.924594, -43.379864], [145.923165, -43.379556], [145.923065, -43.381015], [145.921467, -43.381296], [145.921847, -43.383143], [145.923222, -43.383063], [145.923949, -43.385233], [145.924924, -43.384755], [145.924789, -43.38591], [145.925359, -43.385162], [145.927305, -43.38606], [145.929457, -43.385943], [145.929138, -43.387979], [145.930057, -43.387805], [145.931137, -43.389763], [145.932135, -43.388611], [145.932799, -43.390236], [145.934257, -43.390884], [145.935308, -43.38982], [145.938057, -43.39024], [145.940096, -43.387533], [145.940529, -43.38843], [145.940746, -43.38733], [145.941298, -43.387633], [145.944053, -43.385378], [145.944481, -43.383987], [145.946725, -43.383381], [145.948061, -43.38129], [145.949069, -43.381385], [145.949802, -43.382998], [145.95148, -43.381859], [145.951659, -43.383338], [145.9549, -43.381939], [145.957215, -43.382944], [145.957724, -43.381999], [145.957819, -43.383112], [145.958297, -43.382195], [145.960726, -43.381795], [145.964525, -43.382612], [145.968328, -43.384526], [145.973695, -43.390425], [145.976372, -43.395226], [145.976435, -43.399], [145.975128, -43.400447], [145.97402, -43.400297], [145.972391, -43.40229], [145.970225, -43.402165], [145.971237, -43.403446], [145.977058, -43.405234], [145.992687, -43.405602], [145.996739, -43.40807], [145.997099, -43.40712], [145.9965, -43.406536], [145.997379, -43.406945], [145.995731, -43.410843], [145.996147, -43.411387], [145.995083, -43.412602], [145.995871, -43.414306], [145.996693, -43.414379], [145.995889, -43.415357], [145.997025, -43.417332], [145.996198, -43.420039], [145.998407, -43.42115], [145.997464, -43.422134], [145.998497, -43.422601], [145.997443, -43.422664], [145.996642, -43.423873], [145.998108, -43.423895], [145.998209, -43.424552], [146.000881, -43.423234], [146.002368, -43.427556], [146.000077, -43.429454], [145.999306, -43.431626], [146.000017, -43.434019], [146.000929, -43.432635], [146.002023, -43.43266], [146.001014, -43.433493], [146.003115, -43.435029], [146.001663, -43.435772], [146.002543, -43.437145], [146.001493, -43.436327], [146.000932, -43.437706], [146.004838, -43.438032], [146.004232, -43.438858], [146.005471, -43.439342], [146.005576, -43.440485], [146.003934, -43.44097], [146.004778, -43.441235], [146.004261, -43.442127], [146.005249, -43.441913], [146.005816, -43.441248], [146.006602, -43.441259], [146.007533, -43.442133], [146.006556, -43.442937], [146.007691, -43.442809], [146.006739, -43.443384], [146.008008, -43.443105], [146.008803, -43.443919], [146.008043, -43.44444], [146.008508, -43.444953], [146.011564, -43.444563], [146.013312, -43.44754], [146.011932, -43.449184], [146.014907, -43.45252], [146.017435, -43.453389], [146.018031, -43.455094], [146.016261, -43.456327], [146.014934, -43.455459], [146.013869, -43.456115], [146.013137, -43.455308], [146.013296, -43.456187], [146.014766, -43.457323], [146.013489, -43.457795], [146.011848, -43.456246], [146.011727, -43.458847], [146.008742, -43.459898], [146.007592, -43.46201], [146.007859, -43.462944], [146.005742, -43.463896], [146.008187, -43.466757], [146.008494, -43.466169], [146.009961, -43.466392], [146.010587, -43.465784], [146.010027, -43.465109], [146.011216, -43.465386], [146.011831, -43.464698], [146.012152, -43.465337], [146.014851, -43.459437], [146.025314, -43.461359], [146.024844, -43.460885], [146.029154, -43.464307], [146.03022, -43.466813], [146.032045, -43.468215], [146.031174, -43.469671], [146.031689, -43.470927], [146.029881, -43.473089], [146.028487, -43.476614], [146.029183, -43.478], [146.02782, -43.479495], [146.02714, -43.483973], [146.028025, -43.487585], [146.027455, -43.488205], [146.029336, -43.490069], [146.029141, -43.490868], [146.030324, -43.490523], [146.032099, -43.491772], [146.032403, -43.493238], [146.035876, -43.494866], [146.035124, -43.495176], [146.036861, -43.500212], [146.035752, -43.502715], [146.03872, -43.505032], [146.040156, -43.50505], [146.03929, -43.506386], [146.039814, -43.507575], [146.040791, -43.507346], [146.04077, -43.508018], [146.041185, -43.507496], [146.04282, -43.508548], [146.042459, -43.510685], [146.041587, -43.510634], [146.042677, -43.512013], [146.040682, -43.513333], [146.041914, -43.513972], [146.040779, -43.515697], [146.039466, -43.515946], [146.039999, -43.519613], [146.03906, -43.519223], [146.039375, -43.519973], [146.037763, -43.519747], [146.036188, -43.520928], [146.0365, -43.522422], [146.037501, -43.522609], [146.036881, -43.523661], [146.03835, -43.524927], [146.037713, -43.525003], [146.038547, -43.525938], [146.037745, -43.526522], [146.037929, -43.527797], [146.040032, -43.530461], [146.040929, -43.530554], [146.041023, -43.533695], [146.038501, -43.533664], [146.039513, -43.53678], [146.037801, -43.53719], [146.037606, -43.53836], [146.040341, -43.542183], [146.034502, -43.539061], [146.034904, -43.540852], [146.033795, -43.539963], [146.034901, -43.542763], [146.035811, -43.543251], [146.035061, -43.543463], [146.03714, -43.545298], [146.03683, -43.547241], [146.038025, -43.547711], [146.036989, -43.548327], [146.037617, -43.549367], [146.036589, -43.54885], [146.037254, -43.55135], [146.03594, -43.551767], [146.036294, -43.552509], [146.035383, -43.552127], [146.035936, -43.552925], [146.034203, -43.55455], [146.034532, -43.555152], [146.033858, -43.554846], [146.034957, -43.555544], [146.032942, -43.556336], [146.033595, -43.557234], [146.032701, -43.557736], [146.034257, -43.559002], [146.033858, -43.559327], [146.03516, -43.559732], [146.03431, -43.560686], [146.035156, -43.561478], [146.034312, -43.561671], [146.034895, -43.562453], [146.033613, -43.563184], [146.033968, -43.564217], [146.032978, -43.564553], [146.033425, -43.566083], [146.032261, -43.566104], [146.032307, -43.567477], [146.029635, -43.56808], [146.030617, -43.569433], [146.02986, -43.56986], [146.031119, -43.570953], [146.032116, -43.571321], [146.03406, -43.570501], [146.034618, -43.567483], [146.039482, -43.564065], [146.042803, -43.558232], [146.041874, -43.556357], [146.042638, -43.556108], [146.043222, -43.556423], [146.043418, -43.555702], [146.044046, -43.55622], [146.044596, -43.553117], [146.045437, -43.553634], [146.046171, -43.552375], [146.047966, -43.552515], [146.049354, -43.554277], [146.049487, -43.551851], [146.050711, -43.552137], [146.051049, -43.551385], [146.053215, -43.552147], [146.053629, -43.551223], [146.055902, -43.552756], [146.057135, -43.552173], [146.05958, -43.553628], [146.060488, -43.552963], [146.062198, -43.555615], [146.063364, -43.555769], [146.06324, -43.555187], [146.064075, -43.555901], [146.065816, -43.554863], [146.068525, -43.556684], [146.069952, -43.556499], [146.070126, -43.55506], [146.072141, -43.554742], [146.072623, -43.551281], [146.075113, -43.549186], [146.075735, -43.543675], [146.07785, -43.542932], [146.079451, -43.540973], [146.08253, -43.54116], [146.083068, -43.541954], [146.083902, -43.540921], [146.085947, -43.540418], [146.088319, -43.540833], [146.08927, -43.542231], [146.09073, -43.542489], [146.093762, -43.548919], [146.092237, -43.549888], [146.092863, -43.550385], [146.091581, -43.552461], [146.094658, -43.552842], [146.094196, -43.555713], [146.094856, -43.556623], [146.097103, -43.554428], [146.098228, -43.555623], [146.099518, -43.554878], [146.100557, -43.55575], [146.102539, -43.554532], [146.102691, -43.555707], [146.104068, -43.555218], [146.103312, -43.556605], [146.104085, -43.556974], [146.105842, -43.556223], [146.108476, -43.557844], [146.109879, -43.557075], [146.111719, -43.55542], [146.110424, -43.554701], [146.110711, -43.553826], [146.112812, -43.553238], [146.112201, -43.552157], [146.11292, -43.551714], [146.111775, -43.548895], [146.107311, -43.544342], [146.107066, -43.543012], [146.107754, -43.542214], [146.108722, -43.542398], [146.108823, -43.54128], [146.110614, -43.542367], [146.110737, -43.541752], [146.110141, -43.539722], [146.108508, -43.538354], [146.109028, -43.536801], [146.107893, -43.53513], [146.108339, -43.534136], [146.107196, -43.531623], [146.108113, -43.528954], [146.11029, -43.530199], [146.108261, -43.526999], [146.110107, -43.52728], [146.10998, -43.52581], [146.112297, -43.52492], [146.110436, -43.523627], [146.110996, -43.523158], [146.110714, -43.523692], [146.111599, -43.524094], [146.113538, -43.523836], [146.116143, -43.527213], [146.117429, -43.526859], [146.118135, -43.527465], [146.11801, -43.526306], [146.11997, -43.527136], [146.120957, -43.525926], [146.121556, -43.526847], [146.121412, -43.525539], [146.122084, -43.525501], [146.121068, -43.523547], [146.121273, -43.521968], [146.123056, -43.521588], [146.125984, -43.524861], [146.1257, -43.522805], [146.129045, -43.525878], [146.129602, -43.525157], [146.128129, -43.522124], [146.128429, -43.521224], [146.134021, -43.518507], [146.136493, -43.518296], [146.138196, -43.520999], [146.141523, -43.520325], [146.144648, -43.524651], [146.144298, -43.525809], [146.145566, -43.526984], [146.145671, -43.528478], [146.147154, -43.52828], [146.146987, -43.527263], [146.147808, -43.52695], [146.147362, -43.526408], [146.148394, -43.525808], [146.149, -43.526417], [146.149494, -43.52555], [146.1489, -43.523614], [146.147213, -43.522234], [146.143949, -43.508081], [146.142256, -43.504229], [146.142924, -43.503354], [146.148004, -43.501487], [146.158018, -43.501762], [146.157949, -43.500572], [146.159132, -43.499961], [146.159052, -43.500138], [146.158118, -43.500627], [146.15855, -43.501988], [146.156717, -43.501992], [146.158705, -43.504706], [146.15687, -43.506379], [146.157484, -43.507917], [146.156604, -43.510152], [146.158873, -43.511772], [146.158304, -43.513637], [146.16028, -43.513887], [146.160158, -43.514942], [146.161273, -43.515285], [146.160444, -43.515767], [146.161542, -43.516419], [146.164866, -43.515642], [146.17106, -43.511037], [146.172126, -43.511577], [146.173697, -43.510089], [146.177565, -43.511374], [146.179569, -43.514191], [146.179117, -43.515929], [146.180806, -43.516542], [146.179533, -43.518807], [146.180659, -43.519016], [146.181387, -43.520253], [146.180311, -43.522851], [146.181696, -43.523159], [146.182404, -43.526627], [146.18384, -43.526585], [146.183649, -43.529256], [146.184709, -43.530627], [146.183842, -43.531101], [146.184076, -43.532106], [146.185084, -43.532526], [146.185855, -43.530421], [146.187038, -43.531761], [146.187208, -43.533698], [146.18783, -43.533517], [146.187687, -43.531862], [146.189056, -43.532275], [146.189246, -43.534867], [146.191349, -43.535166], [146.18982, -43.535996], [146.191271, -43.536032], [146.190542, -43.536812], [146.191548, -43.537357], [146.19159, -43.538759], [146.194151, -43.53921], [146.193091, -43.539985], [146.195292, -43.538521], [146.197558, -43.538687], [146.196532, -43.53933], [146.197035, -43.539863], [146.19889, -43.539405], [146.199937, -43.538974], [146.199315, -43.538437], [146.199676, -43.53727], [146.201103, -43.537556], [146.202147, -43.536802], [146.20239, -43.53742], [146.209618, -43.534836], [146.210464, -43.533489], [146.211341, -43.534038], [146.21058, -43.532598], [146.21166, -43.531943], [146.210495, -43.527159], [146.211896, -43.527323], [146.212564, -43.526243], [146.211165, -43.525329], [146.212352, -43.525595], [146.211107, -43.523955], [146.212171, -43.522577], [146.211441, -43.522112], [146.212032, -43.52105], [146.211137, -43.52051], [146.209973, -43.517076], [146.210688, -43.516518], [146.209112, -43.514356], [146.209024, -43.511523], [146.210441, -43.509841], [146.209782, -43.506969], [146.21388, -43.502825], [146.214293, -43.495412], [146.224483, -43.491138], [146.222495, -43.490662], [146.220288, -43.491916], [146.213578, -43.493144], [146.211035, -43.492175], [146.209073, -43.490101], [146.208534, -43.487206], [146.211488, -43.488141], [146.213524, -43.485733], [146.214964, -43.48657], [146.216007, -43.485565], [146.219052, -43.486213], [146.221403, -43.488287], [146.224755, -43.488527], [146.225741, -43.489244], [146.224003, -43.490536], [146.224921, -43.491321], [146.234226, -43.490542], [146.240125, -43.491035], [146.24116, -43.492119], [146.24092, -43.493502], [146.241747, -43.493454], [146.24346, -43.495767], [146.244448, -43.494862], [146.244086, -43.492747], [146.243073, -43.492372], [146.243527, -43.491053], [146.250043, -43.489828], [146.26229, -43.492538], [146.264341, -43.494712], [146.272905, -43.49845], [146.276121, -43.503585], [146.275501, -43.504778], [146.273278, -43.505448], [146.274152, -43.506877], [146.272965, -43.508823], [146.273785, -43.510647], [146.272627, -43.512297], [146.270792, -43.511564], [146.268605, -43.512379], [146.270593, -43.51367], [146.270234, -43.514739], [146.268519, -43.514323], [146.268754, -43.515396], [146.265003, -43.515543], [146.265734, -43.516511], [146.267161, -43.516124], [146.270427, -43.518234], [146.26971, -43.519184], [146.269765, -43.521823], [146.267727, -43.523565], [146.268563, -43.524012], [146.26897, -43.526175], [146.267932, -43.526016], [146.268341, -43.527018], [146.26654, -43.526574], [146.266796, -43.52789], [146.267476, -43.527958], [146.266651, -43.528637], [146.268228, -43.52817], [146.2684, -43.527225], [146.269789, -43.527009], [146.269817, -43.52773], [146.270672, -43.527663], [146.271537, -43.528803], [146.272188, -43.528132], [146.272794, -43.529216], [146.273991, -43.528486], [146.276438, -43.528807], [146.276541, -43.531509], [146.278229, -43.53215], [146.27712, -43.532837], [146.277293, -43.533882], [146.279614, -43.533285], [146.2815, -43.533954], [146.28337, -43.53591], [146.286343, -43.535758], [146.286721, -43.536202], [146.285342, -43.537705], [146.288846, -43.541752], [146.287586, -43.543617], [146.290137, -43.54466], [146.291376, -43.544559], [146.292943, -43.542858], [146.29322, -43.543553], [146.295381, -43.54399], [146.296472, -43.542736], [146.299154, -43.543086], [146.30457, -43.540337], [146.307558, -43.539842], [146.308319, -43.540467], [146.310421, -43.538436], [146.312662, -43.538369], [146.313181, -43.537381], [146.317811, -43.536247], [146.317246, -43.53582], [146.318312, -43.535655], [146.317837, -43.53504], [146.31976, -43.532404], [146.32363, -43.531635], [146.321775, -43.531507], [146.321048, -43.530098], [146.321776, -43.529175], [146.3203, -43.527311], [146.322526, -43.524146], [146.327447, -43.523392], [146.325709, -43.520608], [146.329223, -43.520575], [146.330523, -43.521618], [146.332125, -43.521096], [146.331542, -43.520129], [146.334434, -43.519345], [146.334243, -43.518686], [146.336254, -43.519175], [146.335595, -43.51837], [146.338237, -43.51663], [146.339589, -43.51752], [146.340682, -43.515941], [146.344044, -43.516339], [146.343052, -43.514217], [146.344725, -43.512831], [146.345359, -43.513645], [146.344288, -43.514324], [146.347976, -43.515398], [146.349544, -43.51674], [146.351356, -43.516237], [146.351232, -43.517434], [146.353088, -43.516211], [146.353349, -43.517329], [146.354182, -43.516919], [146.354497, -43.517524], [146.356022, -43.516074], [146.356726, -43.517402], [146.358641, -43.515269], [146.362904, -43.517031], [146.367572, -43.520236], [146.368747, -43.522664], [146.36887, -43.527455], [146.368124, -43.530215], [146.368715, -43.530489], [146.37041, -43.529337], [146.371036, -43.523929], [146.369272, -43.520956], [146.368882, -43.519207], [146.369404, -43.518967], [146.3715, -43.523301], [146.370759, -43.530302], [146.372895, -43.533195], [146.372092, -43.534226], [146.37264, -43.535039], [146.376115, -43.534131], [146.377497, -43.533328], [146.377094, -43.532813], [146.378415, -43.533153], [146.378757, -43.532381], [146.379457, -43.532934], [146.381298, -43.532043], [146.381955, -43.533146], [146.382719, -43.533375], [146.382765, -43.532564], [146.385377, -43.533758], [146.385448, -43.532858], [146.384668, -43.532863], [146.385593, -43.531941], [146.388712, -43.531912], [146.389471, -43.531529], [146.388986, -43.530491], [146.390344, -43.530886], [146.391538, -43.530271], [146.392183, -43.531364], [146.397727, -43.532653], [146.396146, -43.53485], [146.397855, -43.534715], [146.396961, -43.535044], [146.399268, -43.535776], [146.399525, -43.534805], [146.400575, -43.536215], [146.400995, -43.535047], [146.401018, -43.536515], [146.40272, -43.537091], [146.401271, -43.5372], [146.401533, -43.538219], [146.403918, -43.538592], [146.403961, -43.539267], [146.405565, -43.539816], [146.406543, -43.539839], [146.405937, -43.538458], [146.406935, -43.538977], [146.407671, -43.538323], [146.408149, -43.536363], [146.409732, -43.536443], [146.409618, -43.535416], [146.411231, -43.5351], [146.410841, -43.535737], [146.41177, -43.535661], [146.411259, -43.535947], [146.412018, -43.536878], [146.412734, -43.535738], [146.413396, -43.536417], [146.414059, -43.5357], [146.414728, -43.538225], [146.415621, -43.537959], [146.415171, -43.537128], [146.416057, -43.537682], [146.415806, -43.53678], [146.416786, -43.537848], [146.41716, -43.537598], [146.417492, -43.536501], [146.420469, -43.537074], [146.420126, -43.536622], [146.42078, -43.536869], [146.421245, -43.536079], [146.420548, -43.535265], [146.423017, -43.534566], [146.424888, -43.535719], [146.433355, -43.535527], [146.432792, -43.5362], [146.433767, -43.536484], [146.433034, -43.536759], [146.434864, -43.536993], [146.435998, -43.536171], [146.438709, -43.537499], [146.43868, -43.536616], [146.444375, -43.537761], [146.445379, -43.537567], [146.445525, -43.536533], [146.448296, -43.536681], [146.449049, -43.535559], [146.450062, -43.535816], [146.452673, -43.534433], [146.454053, -43.535196], [146.453575, -43.535977], [146.455125, -43.53711], [146.45461, -43.537945], [146.45548, -43.538877], [146.455125, -43.53982], [146.457153, -43.541352], [146.458934, -43.541504], [146.458484, -43.542007], [146.459469, -43.542578], [146.460667, -43.542872], [146.463698, -43.541662], [146.463692, -43.541005], [146.46676, -43.542659], [146.468303, -43.541666], [146.469323, -43.542581], [146.470258, -43.541829], [146.470223, -43.53865], [146.471427, -43.538278], [146.471368, -43.536602], [146.472481, -43.536671], [146.472955, -43.534854], [146.474034, -43.53458], [146.475077, -43.535647], [146.474637, -43.536383], [146.475656, -43.535974], [146.47684, -43.537834], [146.480689, -43.536492], [146.481481, -43.537945], [146.484505, -43.537536], [146.485234, -43.539097], [146.48746, -43.539278], [146.486714, -43.539743], [146.487753, -43.539802], [146.486989, -43.540797], [146.488323, -43.541191], [146.486665, -43.542516], [146.486456, -43.543857], [146.488695, -43.542579], [146.48988, -43.542936], [146.490552, -43.538166], [146.491981, -43.537443], [146.492098, -43.538272], [146.493062, -43.538457], [146.492628, -43.535519], [146.494137, -43.535616], [146.494914, -43.534431], [146.495462, -43.535469], [146.497136, -43.535098], [146.496747, -43.534259], [146.498266, -43.533194], [146.497119, -43.532757], [146.497741, -43.532301], [146.497241, -43.529903], [146.498686, -43.530333], [146.502034, -43.529546], [146.501518, -43.529094], [146.502432, -43.529251], [146.505606, -43.527103], [146.506644, -43.52515], [146.50874, -43.524066], [146.512137, -43.523263], [146.515661, -43.524205], [146.516924, -43.525289], [146.518239, -43.524748], [146.519744, -43.527137], [146.517514, -43.529671], [146.518208, -43.530218], [146.520476, -43.530704], [146.521142, -43.529923], [146.525157, -43.529932], [146.531671, -43.531364], [146.534529, -43.529366], [146.535896, -43.526962], [146.53788, -43.52541], [146.542175, -43.523268], [146.576987, -43.535235], [146.59058, -43.540746], [146.594068, -43.543438], [146.596074, -43.543486], [146.596414, -43.54295], [146.595345, -43.541475], [146.591118, -43.540575], [146.587519, -43.538719], [146.583758, -43.534566], [146.579195, -43.532978], [146.571634, -43.527442], [146.563779, -43.525188], [146.563173, -43.524009], [146.563913, -43.524269], [146.565812, -43.522996], [146.563687, -43.518338], [146.552587, -43.512421], [146.551411, -43.510393], [146.551887, -43.50734], [146.550291, -43.505329], [146.55058, -43.501192], [146.554128, -43.49904], [146.556142, -43.496624], [146.555397, -43.49366], [146.552219, -43.493073], [146.552169, -43.493715], [146.551912, -43.493363], [146.551943, -43.492938], [146.548896, -43.492071], [146.549342, -43.488322], [146.548433, -43.486456], [146.549477, -43.484722], [146.548241, -43.483422], [146.550238, -43.479957], [146.548678, -43.475434], [146.549796, -43.472174], [146.551642, -43.471336], [146.551517, -43.470433], [146.553128, -43.468521], [146.555928, -43.467579], [146.559691, -43.469126], [146.558969, -43.466518], [146.559389, -43.464884], [146.560316, -43.468565], [146.560768, -43.465885], [146.562106, -43.465277], [146.563459, -43.466396], [146.567263, -43.471813], [146.56849, -43.472361], [146.56919, -43.474549], [146.571543, -43.475661], [146.571399, -43.478043], [146.57285, -43.480759], [146.577817, -43.483491], [146.578282, -43.485135], [146.577587, -43.486306], [146.57823, -43.48743], [146.576238, -43.490126], [146.577277, -43.493192], [146.574582, -43.495474], [146.575186, -43.497093], [146.574551, -43.499813], [146.575111, -43.499933], [146.574384, -43.500435], [146.575712, -43.501379], [146.574793, -43.503114], [146.575724, -43.504334], [146.574111, -43.506847], [146.575692, -43.509073], [146.575006, -43.510765], [146.575933, -43.515078], [146.578988, -43.518631], [146.578452, -43.520745], [146.579286, -43.521088], [146.578101, -43.521212], [146.575188, -43.524626], [146.579229, -43.528943], [146.584173, -43.53194], [146.587829, -43.535565], [146.597625, -43.541126], [146.601322, -43.545553], [146.599936, -43.544769], [146.598066, -43.542462], [146.596644, -43.545215], [146.59711, -43.546065], [146.604618, -43.550487], [146.606533, -43.551174], [146.607548, -43.550207], [146.60664, -43.5519], [146.602015, -43.553771], [146.602959, -43.554493], [146.602695, -43.555363], [146.601553, -43.555336], [146.59859, -43.557836], [146.59806, -43.560225], [146.600912, -43.560648], [146.599361, -43.561932], [146.607333, -43.559529], [146.610038, -43.559801], [146.610821, -43.560921], [146.610372, -43.562426], [146.6062, -43.563413], [146.607082, -43.565045], [146.60599, -43.565209], [146.605034, -43.566739], [146.606171, -43.568187], [146.608514, -43.569083], [146.610439, -43.568291], [146.61081, -43.568748], [146.615376, -43.564512], [146.616931, -43.564225], [146.617531, -43.562855], [146.618273, -43.563205], [146.619444, -43.562294], [146.623734, -43.563425], [146.62366, -43.562383], [146.624739, -43.564346], [146.628537, -43.565512], [146.628399, -43.567491], [146.628454, -43.566762], [146.629351, -43.567704], [146.630095, -43.567173], [146.630123, -43.569779], [146.631299, -43.569497], [146.632129, -43.570262], [146.631679, -43.572317], [146.635324, -43.573086], [146.634962, -43.574466], [146.636181, -43.57528], [146.637004, -43.578231], [146.640122, -43.577472], [146.64068, -43.579456], [146.642632, -43.579553], [146.641981, -43.580282], [146.644196, -43.57962], [146.644963, -43.580366], [146.644871, -43.582022], [146.640296, -43.584302], [146.640129, -43.587436], [146.64185, -43.586005], [146.642934, -43.586408], [146.647528, -43.581478], [146.654121, -43.582378], [146.657227, -43.584234], [146.657495, -43.583562], [146.655122, -43.580924], [146.656155, -43.579415], [146.658246, -43.578529], [146.657707, -43.579308], [146.656484, -43.579507], [146.655961, -43.580802], [146.65864, -43.583287], [146.656873, -43.586823], [146.657118, -43.587742], [146.658402, -43.587651], [146.657231, -43.588076], [146.6577, -43.589148], [146.655597, -43.591703], [146.655803, -43.592982], [146.654469, -43.593404], [146.652777, -43.596177], [146.653473, -43.596711], [146.654849, -43.595878], [146.653612, -43.597836], [146.654287, -43.597581], [146.654425, -43.599539], [146.655542, -43.599701], [146.656135, -43.600946], [146.656434, -43.604429], [146.65987, -43.605512], [146.660118, -43.60772], [146.660646, -43.606654], [146.662011, -43.607289], [146.662858, -43.606658], [146.663089, -43.604619], [146.665157, -43.600688], [146.667232, -43.598808], [146.668332, -43.59873], [146.670225, -43.594409], [146.67823, -43.594445], [146.686091, -43.596701], [146.686525, -43.600841], [146.686647, -43.599918], [146.687169, -43.600123], [146.686606, -43.602169], [146.687554, -43.601366], [146.690132, -43.603881], [146.689759, -43.604812], [146.690915, -43.605702], [146.690722, -43.607314], [146.69186, -43.607487], [146.691665, -43.609557], [146.692661, -43.609754], [146.692379, -43.611104], [146.69378, -43.611747], [146.692566, -43.614205], [146.693913, -43.614259], [146.695629, -43.617251], [146.697449, -43.617958], [146.69776, -43.625557], [146.699019, -43.625096], [146.699361, -43.624113], [146.701799, -43.624715], [146.702148, -43.626435], [146.705755, -43.629264], [146.704771, -43.630263], [146.705374, -43.633373], [146.707033, -43.632322], [146.70797, -43.630728], [146.707633, -43.629963], [146.708655, -43.629895], [146.709256, -43.62698], [146.710138, -43.627097], [146.710453, -43.628475], [146.711246, -43.626075], [146.714507, -43.627064], [146.715747, -43.626246], [146.718337, -43.629454], [146.720199, -43.62879], [146.721876, -43.629263], [146.722768, -43.63071], [146.722454, -43.631946], [146.723444, -43.631932], [146.724694, -43.630465], [146.725255, -43.627703], [146.728348, -43.623757], [146.731874, -43.621965], [146.733977, -43.61802], [146.738083, -43.616501], [146.738937, -43.618486], [146.740476, -43.618445], [146.74263, -43.613756], [146.746118, -43.60999], [146.751076, -43.610347], [146.75211, -43.608807], [146.753554, -43.608294], [146.755889, -43.609341], [146.755874, -43.610236], [146.757429, -43.60992], [146.758462, -43.611185], [146.759714, -43.610933], [146.761957, -43.611946], [146.761459, -43.613888], [146.762359, -43.615342], [146.765553, -43.613383], [146.770801, -43.607904], [146.771981, -43.608253], [146.774039, -43.606915], [146.776971, -43.606974], [146.778545, -43.607671], [146.779762, -43.609642], [146.780704, -43.609456], [146.785297, -43.604946], [146.785144, -43.60029], [146.791706, -43.601711], [146.792525, -43.605317], [146.794081, -43.602697], [146.795014, -43.602497], [146.795499, -43.603265], [146.79585, -43.60176], [146.8004, -43.601745], [146.803039, -43.602373], [146.804778, -43.604503], [146.807676, -43.606237], [146.817358, -43.60657], [146.822249, -43.60916], [146.823465, -43.611369], [146.831278, -43.615117], [146.833776, -43.618188], [146.834487, -43.623087], [146.835683, -43.625526], [146.838875, -43.628426], [146.83871, -43.630761], [146.836846, -43.633115], [146.825692, -43.639754], [146.825585, -43.642425], [146.826624, -43.643092], [146.828585, -43.642911], [146.835317, -43.639913], [146.835637, -43.638224], [146.838403, -43.638654], [146.839187, -43.63774], [146.838384, -43.636927], [146.838988, -43.636241], [146.840399, -43.635119], [146.841713, -43.6357], [146.841914, -43.634553], [146.844807, -43.633052], [146.846833, -43.63438], [146.846797, -43.63513], [146.850207, -43.636558], [146.853297, -43.633658], [146.855367, -43.634515], [146.857058, -43.634065], [146.856909, -43.632936], [146.858124, -43.632302], [146.863376, -43.632027], [146.865294, -43.633803], [146.869669, -43.634896], [146.869644, -43.637019], [146.870977, -43.638626], [146.872138, -43.637548], [146.872692, -43.630443], [146.874014, -43.62853], [146.872988, -43.62555], [146.873612, -43.623367], [146.879417, -43.620275], [146.884755, -43.620882], [146.885074, -43.617237], [146.886267, -43.615641], [146.890359, -43.614673], [146.891752, -43.615572], [146.894722, -43.615722], [146.8999, -43.611727], [146.905183, -43.610002], [146.907111, -43.608065], [146.909013, -43.607699], [146.92155, -43.599235], [146.9214, -43.595993], [146.916913, -43.59392], [146.91929, -43.592044], [146.920055, -43.589974], [146.91809, -43.586206], [146.91971, -43.584275], [146.923059, -43.582422], [146.923853, -43.580994], [146.91945, -43.575661], [146.920673, -43.570414], [146.918168, -43.570135], [146.91679, -43.568788], [146.915286, -43.569078], [146.9152, -43.570624], [146.91421, -43.571152], [146.913531, -43.573074], [146.908689, -43.572906], [146.908596, -43.574664], [146.907188, -43.575577], [146.90738, -43.576708], [146.900202, -43.577165], [146.900297, -43.578806], [146.896024, -43.582229], [146.893102, -43.582212], [146.892192, -43.583395], [146.888298, -43.582333], [146.886527, -43.582815], [146.883231, -43.584283], [146.882606, -43.585967], [146.876976, -43.587016], [146.874898, -43.589162], [146.872591, -43.589716], [146.873978, -43.587828], [146.877206, -43.586318], [146.880657, -43.585808], [146.884402, -43.582103], [146.887413, -43.581281], [146.892625, -43.58258], [146.889104, -43.580536], [146.887284, -43.57843], [146.887648, -43.577027], [146.88887, -43.577127], [146.890612, -43.575426], [146.891605, -43.57547], [146.890404, -43.572495], [146.891658, -43.571288], [146.887025, -43.566028], [146.889733, -43.565894], [146.891837, -43.56831], [146.892353, -43.566654], [146.890913, -43.565242], [146.891554, -43.563923], [146.89344, -43.56406], [146.893788, -43.562867], [146.89322, -43.562514], [146.895623, -43.561964], [146.895952, -43.563096], [146.897624, -43.562597], [146.897733, -43.563894], [146.900437, -43.564039], [146.901754, -43.565002], [146.902305, -43.564824], [146.901873, -43.563185], [146.903731, -43.562043], [146.903865, -43.560185], [146.900065, -43.560342], [146.898429, -43.55934], [146.896581, -43.559707], [146.895606, -43.55839], [146.894157, -43.559039], [146.892733, -43.558432], [146.892054, -43.55667], [146.892845, -43.556096], [146.891629, -43.554922], [146.891543, -43.553458], [146.889314, -43.554412], [146.886811, -43.554105], [146.885143, -43.554917], [146.884796, -43.556268], [146.88328, -43.555993], [146.87737, -43.558031], [146.882652, -43.555712], [146.884505, -43.555544], [146.884421, -43.554537], [146.886094, -43.553458], [146.889195, -43.553185], [146.888401, -43.552357], [146.888923, -43.550082], [146.887947, -43.549413], [146.889824, -43.545143], [146.895368, -43.541004], [146.892789, -43.538842], [146.891959, -43.537738], [146.892467, -43.536806], [146.890548, -43.535395], [146.896623, -43.528962], [146.896559, -43.526067], [146.902301, -43.522915], [146.900076, -43.517247], [146.900783, -43.51595], [146.903454, -43.515167], [146.90243, -43.515777], [146.906158, -43.516458], [146.907819, -43.514932], [146.910459, -43.514405], [146.907235, -43.512418], [146.909447, -43.513248], [146.910848, -43.514149], [146.910417, -43.514688], [146.907758, -43.515389], [146.90652, -43.516705], [146.903086, -43.516884], [146.903942, -43.518422], [146.903733, -43.519614], [146.904763, -43.521445], [146.907893, -43.521206], [146.906625, -43.52245], [146.906712, -43.524883], [146.905473, -43.526594], [146.909137, -43.52846], [146.911372, -43.531859], [146.909516, -43.533806], [146.909096, -43.537506], [146.903669, -43.538941], [146.905521, -43.540338], [146.905563, -43.54158], [146.91358, -43.542013], [146.914347, -43.542542], [146.913734, -43.544176], [146.917257, -43.546296], [146.916897, -43.543517], [146.92081, -43.541511], [146.919975, -43.536304], [146.918774, -43.535125], [146.919746, -43.533124], [146.9241, -43.530301], [146.926949, -43.530918], [146.925836, -43.53245], [146.926702, -43.534365], [146.921554, -43.5375], [146.921402, -43.539295], [146.926128, -43.536073], [146.934676, -43.533283], [146.941945, -43.531898], [146.948128, -43.533995], [146.952825, -43.532988], [146.952991, -43.531947], [146.954399, -43.531282], [146.953733, -43.530322], [146.956025, -43.528157], [146.95553, -43.523751], [146.952473, -43.515069], [146.954158, -43.51181], [146.959001, -43.50678], [146.970553, -43.498516], [146.974296, -43.49725], [146.977883, -43.494017], [146.9764, -43.4906], [146.977554, -43.489092], [146.976749, -43.487591], [146.975528, -43.489518], [146.970354, -43.492652], [146.964159, -43.497915], [146.959869, -43.503884], [146.953006, -43.510102], [146.948411, -43.511842], [146.944199, -43.511285], [146.943704, -43.512025], [146.944368, -43.510063], [146.942526, -43.508654], [146.942589, -43.5073], [146.941213, -43.506274], [146.942365, -43.503502], [146.944091, -43.503795], [146.944577, -43.502831], [146.943785, -43.498142], [146.943294, -43.501449], [146.938098, -43.501281], [146.935996, -43.500685], [146.935936, -43.500003], [146.937248, -43.499429], [146.936414, -43.498584], [146.928992, -43.49667], [146.929193, -43.494505], [146.930382, -43.493336], [146.936831, -43.489998], [146.937526, -43.487298], [146.936576, -43.485677], [146.942028, -43.478121], [146.944383, -43.477887], [146.945256, -43.480537], [146.947227, -43.481304], [146.947052, -43.478849], [146.949664, -43.477011], [146.953022, -43.476792], [146.95508, -43.477967], [146.956971, -43.476879], [146.960198, -43.476501], [146.961369, -43.474597], [146.961585, -43.471731], [146.959955, -43.471123], [146.964049, -43.471925], [146.967572, -43.4708], [146.968953, -43.4692], [146.972545, -43.468638], [146.976427, -43.468875], [146.979584, -43.470412], [146.982585, -43.475028], [146.982959, -43.476365], [146.981748, -43.478607], [146.982251, -43.479613], [146.978809, -43.485716], [146.980777, -43.487256], [146.983923, -43.487524], [146.991281, -43.482078], [146.995444, -43.480537], [146.99777, -43.480396], [147.000827, -43.481552], [147.001794, -43.479652], [147.000998, -43.477578], [146.999134, -43.477379], [146.998702, -43.475416], [147.000098, -43.470816], [146.996343, -43.46987], [146.995048, -43.468647], [146.994491, -43.465791], [146.99684, -43.463985], [146.996446, -43.461872], [146.986605, -43.460342], [146.984453, -43.4572], [146.984198, -43.455157], [146.983224, -43.454706], [146.980375, -43.453834], [146.977124, -43.454276], [146.974475, -43.453594], [146.97342, -43.455556], [146.969977, -43.455637], [146.966251, -43.454204], [146.964424, -43.452648], [146.96236, -43.448872], [146.959684, -43.447703], [146.958404, -43.449995], [146.953096, -43.450495], [146.948668, -43.453098], [146.942991, -43.450893], [146.943257, -43.449529], [146.942468, -43.448892], [146.941656, -43.449789], [146.938813, -43.449469], [146.940198, -43.447553], [146.939426, -43.446815], [146.937105, -43.447455], [146.940326, -43.443985], [146.942723, -43.444185], [146.945136, -43.446498], [146.946158, -43.446016], [146.945267, -43.443662], [146.941796, -43.43996], [146.937519, -43.441495], [146.934566, -43.440703], [146.930454, -43.440812], [146.926633, -43.442451], [146.924797, -43.444595], [146.923154, -43.444375], [146.919548, -43.446611], [146.915635, -43.447067], [146.915909, -43.445407], [146.919793, -43.442672], [146.91684, -43.441228], [146.918057, -43.438489], [146.920636, -43.438172], [146.9193, -43.436581], [146.917797, -43.436997], [146.909863, -43.434177], [146.907601, -43.432393], [146.907038, -43.430101], [146.908632, -43.427821], [146.905874, -43.420799], [146.906493, -43.420651], [146.907408, -43.42308], [146.907442, -43.422088], [146.909396, -43.427479], [146.907709, -43.430285], [146.908291, -43.432156], [146.909381, -43.433053], [146.918706, -43.435895], [146.91652, -43.435163], [146.917744, -43.434744], [146.91771, -43.433601], [146.921243, -43.437199], [146.921824, -43.439019], [146.923631, -43.439837], [146.924783, -43.438856], [146.92757, -43.438595], [146.928425, -43.436687], [146.927931, -43.43434], [146.925952, -43.433023], [146.92508, -43.427652], [146.921831, -43.423408], [146.921753, -43.418672], [146.920327, -43.417799], [146.9206, -43.416689], [146.921671, -43.416196], [146.920884, -43.414332], [146.923638, -43.415583], [146.924806, -43.41628], [146.923713, -43.417128], [146.925038, -43.417577], [146.924895, -43.418642], [146.927138, -43.419079], [146.930597, -43.424093], [146.935326, -43.425196], [146.934988, -43.428178], [146.936401, -43.42853], [146.939027, -43.432349], [146.941706, -43.431958], [146.942666, -43.433901], [146.944646, -43.433416], [146.947603, -43.43434], [146.948, -43.435634], [146.947204, -43.437429], [146.944603, -43.439306], [146.945703, -43.439884], [146.945348, -43.441073], [146.947506, -43.443452], [146.949782, -43.443288], [146.948886, -43.445582], [146.950553, -43.44738], [146.954088, -43.445964], [146.958933, -43.446817], [146.961257, -43.445858], [146.961925, -43.443885], [146.961215, -43.441253], [146.962804, -43.437071], [146.966814, -43.435146], [146.966935, -43.433879], [146.973022, -43.431905], [146.97759, -43.433159], [146.978582, -43.434346], [146.978316, -43.436173], [146.980327, -43.435332], [146.982299, -43.435936], [146.983176, -43.436973], [146.983375, -43.439341], [146.986909, -43.440799], [146.98951, -43.440037], [146.98939, -43.436849], [146.990814, -43.435038], [146.995705, -43.433629], [146.99924, -43.436463], [147.001036, -43.436666], [147.001385, -43.435427], [147.002732, -43.435406], [147.002287, -43.434001], [147.003066, -43.433992], [147.004524, -43.43501], [147.007662, -43.43519], [147.009961, -43.437179], [147.01132, -43.439701], [147.012432, -43.44007], [147.012223, -43.441006], [147.014187, -43.441321], [147.013471, -43.443554], [147.017624, -43.443455], [147.017278, -43.442779], [147.018241, -43.441609], [147.017586, -43.441239], [147.018241, -43.441005], [147.017376, -43.440465], [147.020909, -43.438898], [147.021823, -43.436773], [147.025555, -43.436979], [147.026432, -43.435817], [147.022821, -43.42802], [147.019435, -43.425022], [147.015259, -43.425113], [147.012442, -43.42207], [147.01254, -43.420908], [147.015184, -43.418927], [147.015134, -43.417631], [147.01753, -43.416504], [147.019381, -43.413884], [147.0209, -43.4131], [147.021839, -43.413578], [147.020702, -43.412497], [147.022172, -43.412461], [147.021789, -43.411587], [147.023506, -43.410822], [147.025445, -43.411434], [147.018762, -43.408832], [147.016501, -43.405231], [147.016661, -43.403277], [147.01892, -43.400711], [147.026885, -43.398917], [147.027724, -43.397746], [147.029897, -43.397188], [147.029526, -43.396395], [147.030811, -43.396026], [147.029686, -43.394351], [147.029722, -43.392478], [147.028326, -43.391434], [147.031831, -43.388056], [147.032016, -43.386309], [147.035251, -43.386425], [147.037423, -43.385136], [147.038991, -43.385244], [147.03973, -43.382596], [147.041668, -43.382731], [147.046012, -43.380001], [147.048243, -43.377002], [147.047464, -43.375102], [147.050586, -43.373642], [147.051744, -43.370004], [147.051777, -43.365528], [147.052948, -43.36442], [147.053144, -43.362295], [147.052646, -43.357316], [147.054201, -43.356532], [147.055004, -43.357666], [147.058434, -43.3578], [147.058853, -43.357115], [147.059681, -43.357718], [147.059075, -43.356413], [147.059765, -43.35571], [147.058543, -43.354837], [147.059306, -43.353063], [147.056355, -43.351182], [147.053011, -43.351274], [147.046308, -43.347243], [147.04173, -43.347046], [147.039508, -43.345543], [147.034042, -43.345464], [147.032711, -43.34795], [147.031958, -43.347427], [147.032611, -43.345482], [147.031389, -43.343024], [147.027452, -43.342098], [147.02512, -43.340045], [147.024232, -43.340136], [147.024737, -43.338542], [147.019319, -43.333896], [147.01631, -43.334851], [147.014658, -43.34002], [147.013129, -43.34201], [147.010662, -43.342155], [147.007713, -43.343484], [147.002556, -43.339972], [146.997953, -43.339878], [146.995938, -43.34074], [146.995589, -43.339467], [146.994103, -43.340115], [146.992174, -43.339363], [146.990885, -43.340192], [146.99175, -43.337951], [146.989714, -43.336353], [146.990123, -43.335198], [146.985438, -43.333194], [146.984329, -43.333081], [146.983051, -43.334261], [146.982973, -43.335479], [146.981416, -43.335927], [146.982079, -43.336515], [146.981798, -43.337508], [146.978811, -43.339465], [146.980565, -43.336688], [146.978245, -43.333495], [146.981805, -43.33145], [146.982586, -43.329722], [146.97565, -43.329837], [146.974771, -43.328155], [146.973119, -43.327957], [146.971875, -43.328682], [146.972087, -43.330169], [146.970792, -43.330982], [146.971733, -43.330124], [146.971695, -43.327434], [146.972173, -43.326635], [146.976241, -43.325424], [146.981019, -43.325432], [146.982419, -43.326028], [146.982944, -43.327361], [146.987519, -43.327341], [146.989013, -43.330366], [146.993835, -43.33508], [147.002395, -43.334029], [147.00416, -43.335497], [147.006046, -43.334542], [147.003088, -43.331017], [147.002908, -43.327466], [147.003743, -43.32423], [147.002616, -43.322737], [147.00377, -43.323778], [147.005977, -43.323434], [147.011916, -43.315833], [147.019564, -43.316253], [147.022633, -43.318691], [147.023478, -43.316203], [147.022918, -43.315553], [147.023558, -43.316126], [147.023509, -43.316757], [147.02823, -43.313915], [147.032156, -43.314802], [147.036245, -43.313479], [147.045042, -43.312302], [147.048002, -43.313019], [147.053807, -43.316682], [147.054895, -43.318789], [147.053823, -43.321086], [147.056267, -43.322669], [147.058181, -43.325379], [147.059073, -43.329341], [147.062689, -43.331518], [147.063566, -43.33286], [147.06533, -43.332813], [147.068054, -43.330254], [147.068114, -43.328705], [147.071394, -43.327947], [147.072588, -43.326172], [147.070331, -43.325696], [147.069021, -43.32422], [147.068314, -43.320484], [147.067006, -43.319467], [147.067189, -43.318071], [147.06917, -43.314891], [147.074225, -43.313277], [147.075136, -43.312024], [147.075402, -43.308062], [147.076708, -43.306864], [147.076582, -43.30473], [147.078712, -43.302639], [147.078352, -43.300379], [147.079558, -43.298731], [147.078654, -43.295472], [147.080907, -43.293507], [147.080573, -43.292427], [147.082963, -43.291065], [147.088805, -43.29053], [147.095202, -43.290588], [147.098989, -43.291849], [147.100133, -43.290217], [147.097636, -43.28623], [147.100714, -43.283688], [147.099122, -43.283014], [147.097614, -43.280188], [147.09437, -43.27848], [147.089403, -43.278382], [147.088414, -43.276132], [147.089434, -43.274024], [147.082469, -43.27293], [147.081581, -43.272012], [147.076786, -43.271097], [147.072802, -43.268426], [147.071949, -43.26568], [147.069693, -43.265132], [147.068004, -43.263638], [147.065986, -43.260047], [147.06794, -43.25791], [147.06438, -43.255965], [147.064779, -43.254579], [147.065929, -43.254387], [147.065185, -43.252576], [147.065459, -43.250203], [147.064544, -43.249102], [147.0608, -43.24761], [147.053716, -43.247952], [147.042267, -43.241104], [147.037075, -43.243826], [147.037767, -43.243042], [147.036872, -43.241554], [147.0377, -43.240107], [147.034162, -43.237246], [147.032862, -43.235166], [147.02465, -43.231033], [147.024409, -43.227546], [147.020384, -43.226115], [147.020073, -43.223645], [147.016445, -43.224586], [147.013491, -43.222979], [147.013127, -43.222067], [147.011205, -43.222257], [147.006602, -43.220531], [147.005623, -43.217559], [147.002326, -43.217239], [147.003358, -43.215713], [147.0017, -43.214512], [146.996675, -43.214106], [146.99315, -43.21605], [146.991784, -43.215657], [146.990318, -43.217152], [146.991182, -43.215476], [146.992275, -43.214893], [146.99259, -43.211708], [146.994603, -43.21056], [146.996666, -43.207816], [146.99539, -43.206465], [146.98811, -43.203489], [146.984126, -43.204222], [146.979153, -43.206529], [146.978233, -43.206355], [146.977614, -43.205079], [146.971896, -43.204], [146.971181, -43.202452], [146.972889, -43.200037], [146.970528, -43.19834], [146.970635, -43.195848], [146.969657, -43.195329], [146.969649, -43.193369], [146.964153, -43.190302], [146.966041, -43.189789], [146.965888, -43.188433], [146.96837, -43.188014], [146.971284, -43.183781], [146.971082, -43.179961], [146.967056, -43.17744], [146.970944, -43.174574], [146.970515, -43.173516], [146.972965, -43.171871], [146.974454, -43.169317], [146.968911, -43.164057], [146.962865, -43.163069], [146.960482, -43.161562], [146.960262, -43.159836], [146.962154, -43.157924], [146.959096, -43.158027], [146.949969, -43.16384], [146.952752, -43.160835], [146.956975, -43.158374], [146.95733, -43.157301], [146.9587, -43.15737], [146.958835, -43.156619], [146.958166, -43.156529], [146.959536, -43.156129], [146.963804, -43.158041], [146.965989, -43.156267], [146.972894, -43.15725], [146.975745, -43.158661], [146.97588, -43.160999], [146.976069, -43.158925], [146.978273, -43.159802], [146.98069, -43.158917], [146.980473, -43.154016], [146.981297, -43.151829], [146.980391, -43.149709], [146.978056, -43.147977], [146.979442, -43.145625], [146.978285, -43.14439], [146.972463, -43.141764], [146.971956, -43.140944], [146.972689, -43.139932], [146.97245, -43.138584], [146.973593, -43.137832], [146.975171, -43.138446], [146.980045, -43.137198], [146.981455, -43.134738], [146.980072, -43.133584], [146.98152, -43.131712], [146.984611, -43.131113], [146.988674, -43.131568], [146.989672, -43.130131], [146.993008, -43.128655], [146.993309, -43.126301], [146.992592, -43.1254], [146.993642, -43.124619], [146.99125, -43.121889], [146.991347, -43.118735], [146.994576, -43.114443], [146.996295, -43.113882], [146.996102, -43.112539], [147.000821, -43.109595], [147.00113, -43.104617], [147.005543, -43.099928], [147.008069, -43.094544], [147.013887, -43.088216], [147.018166, -43.078634], [147.018867, -43.078493], [147.018046, -43.07931], [147.018969, -43.079476], [147.021456, -43.076977], [147.024825, -43.06697], [147.029439, -43.06174], [147.029687, -43.058653], [147.033951, -43.055123], [147.040256, -43.051854], [147.043401, -43.047891], [147.043523, -43.045248], [147.044905, -43.043658], [147.054684, -43.039995], [147.052968, -43.037977], [147.046176, -43.034589], [147.035676, -43.025036], [147.033816, -43.019762], [147.031307, -43.015561], [147.031616, -43.013294], [147.033403, -43.011855], [147.033019, -43.011415], [147.024398, -43.011843], [147.00849, -43.014885], [147.002108, -43.017901], [147.001663, -43.017378], [147.007034, -43.014566], [147.02325, -43.011391], [147.034041, -43.010891], [147.034256, -43.01175], [147.032312, -43.01507], [147.034777, -43.019129], [147.036068, -43.018833], [147.03764, -43.020235], [147.041366, -43.017748], [147.037776, -43.020294], [147.037089, -43.020275], [147.036622, -43.02009], [147.03593, -43.018996], [147.034775, -43.019548], [147.036506, -43.024661], [147.047656, -43.033652], [147.055336, -43.037812], [147.056261, -43.039689], [147.05215, -43.042451], [147.045089, -43.045565], [147.044859, -43.050469], [147.041852, -43.059455], [147.038259, -43.064032], [147.036991, -43.067376], [147.04093, -43.069763], [147.038991, -43.069063], [147.036854, -43.06759], [147.03654, -43.068789], [147.038133, -43.070636], [147.03646, -43.069023], [147.0349, -43.073336], [147.032483, -43.076326], [147.030351, -43.081345], [147.026674, -43.084866], [147.021804, -43.091959], [147.019897, -43.098587], [147.020796, -43.103513], [147.017343, -43.109857], [147.017194, -43.111304], [147.018264, -43.110788], [147.018802, -43.11225], [147.017136, -43.113776], [147.014134, -43.114572], [147.011641, -43.117863], [147.007878, -43.129232], [147.007805, -43.13594], [147.006651, -43.137977], [147.001078, -43.141091], [147.001235, -43.142649], [146.999363, -43.142995], [146.997206, -43.146956], [146.999163, -43.151127], [146.998258, -43.151816], [146.998946, -43.153947], [147.000024, -43.154641], [146.997144, -43.156806], [146.998357, -43.158689], [146.994789, -43.164474], [146.99685, -43.165907], [146.995114, -43.166365], [146.995657, -43.169664], [146.99422, -43.17112], [146.994548, -43.173192], [146.99136, -43.175926], [146.98466, -43.176756], [146.983458, -43.177597], [146.986475, -43.179729], [146.985293, -43.181169], [146.986323, -43.184779], [146.984213, -43.186987], [146.984847, -43.188582], [146.984409, -43.189432], [146.994304, -43.190191], [146.99492, -43.191215], [147.001089, -43.191842], [147.002453, -43.192902], [147.00807, -43.190458], [147.010348, -43.190295], [147.012625, -43.193125], [147.011937, -43.19451], [147.01403, -43.195444], [147.014364, -43.196459], [147.01755, -43.197712], [147.01768, -43.198487], [147.021123, -43.198234], [147.021827, -43.199666], [147.024714, -43.200027], [147.023954, -43.205776], [147.02782, -43.207899], [147.028405, -43.208859], [147.027771, -43.209647], [147.032945, -43.209917], [147.045571, -43.212945], [147.046372, -43.215388], [147.045153, -43.216886], [147.050962, -43.217704], [147.052262, -43.219227], [147.054665, -43.220234], [147.055702, -43.223335], [147.056594, -43.222233], [147.056266, -43.22052], [147.059436, -43.220129], [147.061925, -43.2251], [147.063959, -43.223933], [147.063161, -43.217345], [147.066526, -43.215275], [147.071317, -43.213881], [147.074544, -43.211449], [147.075733, -43.208888], [147.080395, -43.208717], [147.083322, -43.206701], [147.078218, -43.204213], [147.07419, -43.205077], [147.071807, -43.202332], [147.073154, -43.200519], [147.076922, -43.199362], [147.075846, -43.1972], [147.073902, -43.19624], [147.075497, -43.19659], [147.077659, -43.198337], [147.078944, -43.198275], [147.080408, -43.1972], [147.080264, -43.196146], [147.084242, -43.192873], [147.086478, -43.192828], [147.086063, -43.190115], [147.084976, -43.188122], [147.083277, -43.186973], [147.081194, -43.182871], [147.083558, -43.178693], [147.08251, -43.177908], [147.082505, -43.175378], [147.081011, -43.175018], [147.081275, -43.17313], [147.079826, -43.171119], [147.081888, -43.16753], [147.080163, -43.165227], [147.080559, -43.163408], [147.081437, -43.163103], [147.080337, -43.164672], [147.081295, -43.165888], [147.083117, -43.165102], [147.082714, -43.166004], [147.083826, -43.166185], [147.083755, -43.164744], [147.082305, -43.162919], [147.083839, -43.1644], [147.085191, -43.1663], [147.084898, -43.16749], [147.085771, -43.1695], [147.08667, -43.170164], [147.087999, -43.170052], [147.089083, -43.1686], [147.090462, -43.169258], [147.094744, -43.1689], [147.094052, -43.170172], [147.094496, -43.170415], [147.094825, -43.169856], [147.094841, -43.170844], [147.095964, -43.171228], [147.095454, -43.171293], [147.094131, -43.170647], [147.09267, -43.171347], [147.096385, -43.171775], [147.095428, -43.171786], [147.093167, -43.171431], [147.094092, -43.171945], [147.092949, -43.17301], [147.09277, -43.174681], [147.089465, -43.177565], [147.093203, -43.177908], [147.092175, -43.180451], [147.095636, -43.182816], [147.098249, -43.183689], [147.101161, -43.182982], [147.104214, -43.185288], [147.109018, -43.185291], [147.103952, -43.185932], [147.103559, -43.185253], [147.100957, -43.187503], [147.094445, -43.188042], [147.094653, -43.188678], [147.098547, -43.189096], [147.101026, -43.190252], [147.102135, -43.19206], [147.101669, -43.193925], [147.100445, -43.194237], [147.101107, -43.196037], [147.102066, -43.197591], [147.104641, -43.197576], [147.105621, -43.198464], [147.103816, -43.20116], [147.105195, -43.203741], [147.101938, -43.205806], [147.101844, -43.206563], [147.102505, -43.207172], [147.102926, -43.206491], [147.107196, -43.206805], [147.108985, -43.205975], [147.115224, -43.209287], [147.115767, -43.210532], [147.117335, -43.211114], [147.117825, -43.2106], [147.11769, -43.211055], [147.11736, -43.211243], [147.115645, -43.21058], [147.115064, -43.210097], [147.114156, -43.210685], [147.112952, -43.212566], [147.11372, -43.213002], [147.113302, -43.214613], [147.107617, -43.213663], [147.103687, -43.215056], [147.098298, -43.215113], [147.092446, -43.218564], [147.091407, -43.22008], [147.091701, -43.222889], [147.093151, -43.22416], [147.091881, -43.224999], [147.096796, -43.224906], [147.097235, -43.225672], [147.094464, -43.226939], [147.095267, -43.228026], [147.094269, -43.228711], [147.097241, -43.228915], [147.0941, -43.231414], [147.097893, -43.23165], [147.096257, -43.234422], [147.094517, -43.235096], [147.09776, -43.235797], [147.099285, -43.238028], [147.098429, -43.238833], [147.096954, -43.238178], [147.097116, -43.239854], [147.095352, -43.241306], [147.090518, -43.240278], [147.091206, -43.240922], [147.089295, -43.242278], [147.089181, -43.243973], [147.092019, -43.245462], [147.09945, -43.244899], [147.100512, -43.246237], [147.100297, -43.248525], [147.095451, -43.248948], [147.100296, -43.251523], [147.104126, -43.252029], [147.10561, -43.25084], [147.108492, -43.251003], [147.108123, -43.24887], [147.110834, -43.24848], [147.112445, -43.24659], [147.118672, -43.246488], [147.121559, -43.247625], [147.118847, -43.245203], [147.120092, -43.243843], [147.123118, -43.242831], [147.127331, -43.24328], [147.129084, -43.247314], [147.130066, -43.24792], [147.136937, -43.248843], [147.138896, -43.24802], [147.143969, -43.249994], [147.14746, -43.245977], [147.146106, -43.244987], [147.148247, -43.245331], [147.149116, -43.243609], [147.150529, -43.242888], [147.151165, -43.241125], [147.150641, -43.242954], [147.150231, -43.243452], [147.149182, -43.243932], [147.148548, -43.246188], [147.143369, -43.250689], [147.142102, -43.253558], [147.141894, -43.255315], [147.143016, -43.25696], [147.143531, -43.26105], [147.142265, -43.265575], [147.144406, -43.267929], [147.146098, -43.267856], [147.146594, -43.269697], [147.14559, -43.271059], [147.143277, -43.270329], [147.142145, -43.271216], [147.1441, -43.272669], [147.146369, -43.271837], [147.147926, -43.272281], [147.152119, -43.276294], [147.154465, -43.275759], [147.161879, -43.277859], [147.167749, -43.283386], [147.173461, -43.281774], [147.176737, -43.278462], [147.18184, -43.276701], [147.186364, -43.277571], [147.188996, -43.276249], [147.193532, -43.277142], [147.196351, -43.276852], [147.206305, -43.278619], [147.214434, -43.281439], [147.223059, -43.28018], [147.231885, -43.276129], [147.234682, -43.271964], [147.239324, -43.271157], [147.240398, -43.269352], [147.242502, -43.268117], [147.241723, -43.266095], [147.240937, -43.266351], [147.240065, -43.265401], [147.240596, -43.26369], [147.242601, -43.261662], [147.240488, -43.259679], [147.240448, -43.256604], [147.241941, -43.253442], [147.250334, -43.241812], [147.255559, -43.238154], [147.256252, -43.234379], [147.258114, -43.232519], [147.260061, -43.22871], [147.25953, -43.224919], [147.260971, -43.223451], [147.259013, -43.221474], [147.259696, -43.217641], [147.258737, -43.217535], [147.259808, -43.217259], [147.260375, -43.214434], [147.259405, -43.210725], [147.25704, -43.208526], [147.257594, -43.205742], [147.25614, -43.204619], [147.256102, -43.201963], [147.257236, -43.200111], [147.25543, -43.196589], [147.252307, -43.193468], [147.251818, -43.191726], [147.252864, -43.189335], [147.255438, -43.188368], [147.247495, -43.18593], [147.241992, -43.181988], [147.240921, -43.181955], [147.241661, -43.181737], [147.242579, -43.182027], [147.242785, -43.180589], [147.244043, -43.179481], [147.242421, -43.179488], [147.239514, -43.17726], [147.239457, -43.173482], [147.241988, -43.172175], [147.241521, -43.170951], [147.242578, -43.1697], [147.248407, -43.166291], [147.241502, -43.164365], [147.239268, -43.16267], [147.239482, -43.163267], [147.239137, -43.162686], [147.239222, -43.161315], [147.241811, -43.159647], [147.239321, -43.157268], [147.239306, -43.154981], [147.238584, -43.154448], [147.247989, -43.151727], [147.246779, -43.149854], [147.241628, -43.148676], [147.242408, -43.148701], [147.242439, -43.14775], [147.245092, -43.144781], [147.2493, -43.143982], [147.247181, -43.142286], [147.247936, -43.14061], [147.256247, -43.138576], [147.255535, -43.137085], [147.252437, -43.136232], [147.251693, -43.135099], [147.251424, -43.133743], [147.252761, -43.132332], [147.256045, -43.131467], [147.259863, -43.132264], [147.262483, -43.131618], [147.26277, -43.130832], [147.262321, -43.129154], [147.260021, -43.129262], [147.257002, -43.127128], [147.249847, -43.128192], [147.249281, -43.1248], [147.248291, -43.12598], [147.248981, -43.124894], [147.249699, -43.124497], [147.246385, -43.122312], [147.24732, -43.121977], [147.248942, -43.122682], [147.253461, -43.121607], [147.258162, -43.123406], [147.269388, -43.121944], [147.272087, -43.118919], [147.270984, -43.116324], [147.271491, -43.1148], [147.2689, -43.11312], [147.263032, -43.112038], [147.26121, -43.108612], [147.260167, -43.107927], [147.25916, -43.108273], [147.259807, -43.107107], [147.257671, -43.106513], [147.260567, -43.106505], [147.261918, -43.105659], [147.267824, -43.107634], [147.269286, -43.107402], [147.269535, -43.106155], [147.270878, -43.106514], [147.272067, -43.104791], [147.274287, -43.104451], [147.280972, -43.107587], [147.28297, -43.110705], [147.28529, -43.110991], [147.285887, -43.103521], [147.292598, -43.099472], [147.294178, -43.09726], [147.296693, -43.096637], [147.298102, -43.093391], [147.300248, -43.092332], [147.300379, -43.089036], [147.301233, -43.087908], [147.300493, -43.084758], [147.293245, -43.081816], [147.291748, -43.079853], [147.283199, -43.07879], [147.279037, -43.074919], [147.275027, -43.075298], [147.27251, -43.073773], [147.271181, -43.074621], [147.270809, -43.073758], [147.266603, -43.072536], [147.258021, -43.072051], [147.255641, -43.073164], [147.257599, -43.071784], [147.258087, -43.069488], [147.264634, -43.066175], [147.261965, -43.060966], [147.258893, -43.060916], [147.257517, -43.06294], [147.256316, -43.063459], [147.256854, -43.062775], [147.256076, -43.062668], [147.257604, -43.062179], [147.257505, -43.06149], [147.256304, -43.062103], [147.25874, -43.060195], [147.262118, -43.060294], [147.26333, -43.061523], [147.26636, -43.058409], [147.26672, -43.057719], [147.265136, -43.057095], [147.265423, -43.056027], [147.266297, -43.054888], [147.268285, -43.054962], [147.268573, -43.054358], [147.26709, -43.051705], [147.265971, -43.051631], [147.265389, -43.050638], [147.265732, -43.049692], [147.267928, -43.050222], [147.268056, -43.048056], [147.266276, -43.04804], [147.267222, -43.047215], [147.267323, -43.044117], [147.269683, -43.043076], [147.270794, -43.043845], [147.273501, -43.042362], [147.272044, -43.039666], [147.275086, -43.038979], [147.274952, -43.038209], [147.276434, -43.037381], [147.277103, -43.033736], [147.276947, -43.030552], [147.276143, -43.029805], [147.279916, -43.026768], [147.275994, -43.023294], [147.27439, -43.023423], [147.273898, -43.024694], [147.269164, -43.026998], [147.265062, -43.026352], [147.266105, -43.024413], [147.268571, -43.024321], [147.268229, -43.023533], [147.268615, -43.02375], [147.268816, -43.024602], [147.268945, -43.023958], [147.269593, -43.02358], [147.269544, -43.023772], [147.269003, -43.024173], [147.269663, -43.025236], [147.269599, -43.023858], [147.270054, -43.023847], [147.270518, -43.02459], [147.271123, -43.02416], [147.270881, -43.022824], [147.269102, -43.022201], [147.269951, -43.020448], [147.270938, -43.020268], [147.272318, -43.015944], [147.274897, -43.014758], [147.276927, -43.011625], [147.27884, -43.010499], [147.285343, -43.009769], [147.284934, -43.008305], [147.285932, -43.009565], [147.2852, -43.01283], [147.28657, -43.014049], [147.285935, -43.01564], [147.287671, -43.018265], [147.28766, -43.020045], [147.288635, -43.019843], [147.289537, -43.018094], [147.290368, -43.019538], [147.28989, -43.020804], [147.292387, -43.021642], [147.29101, -43.022413], [147.290088, -43.024961], [147.290993, -43.027096], [147.293736, -43.027723], [147.29321, -43.029166], [147.294966, -43.031536], [147.296021, -43.0316], [147.295772, -43.033108], [147.296951, -43.033319], [147.296815, -43.035849], [147.29867, -43.036491], [147.300673, -43.038985], [147.300155, -43.040924], [147.30194, -43.044822], [147.303923, -43.045202], [147.305382, -43.049119], [147.307712, -43.050369], [147.307592, -43.052331], [147.310468, -43.054189], [147.311152, -43.056714], [147.315259, -43.060062], [147.322669, -43.060697], [147.329274, -43.057556], [147.333442, -43.058639], [147.334947, -43.057971], [147.335205, -43.056869], [147.337825, -43.05647], [147.337922, -43.054537], [147.342968, -43.052812], [147.344355, -43.051527], [147.343934, -43.04962], [147.345149, -43.049127], [147.34081, -43.043163], [147.337937, -43.0422], [147.337413, -43.041247], [147.337821, -43.039766], [147.337279, -43.039112], [147.33891, -43.039045], [147.337936, -43.036697], [147.338569, -43.036045], [147.336616, -43.031495], [147.337052, -43.031071], [147.334844, -43.029384], [147.335459, -43.027402], [147.334209, -43.026569], [147.334922, -43.026168], [147.334556, -43.024956], [147.333233, -43.024322], [147.334213, -43.023818], [147.334158, -43.022512], [147.332765, -43.022079], [147.330729, -43.018121], [147.328829, -43.016841], [147.330434, -43.010675], [147.327817, -43.009355], [147.329322, -43.007877], [147.325453, -43.007737], [147.32415, -43.006165], [147.325547, -43.00197], [147.326904, -43.00034], [147.328477, -43.000059], [147.329306, -42.998336], [147.328679, -42.996839], [147.329931, -42.995829], [147.329401, -42.994481], [147.329965, -42.993975], [147.328875, -42.992322], [147.329546, -42.991568], [147.329174, -42.99015], [147.33042, -42.989362], [147.328493, -42.986581], [147.324292, -42.984032], [147.324121, -42.983113], [147.325607, -42.980614], [147.329554, -42.977814], [147.327971, -42.977706], [147.324673, -42.975623], [147.324548, -42.977677], [147.322603, -42.979489], [147.320781, -42.979615], [147.317071, -42.97748], [147.314835, -42.974152], [147.31564, -42.974427], [147.316324, -42.973687], [147.315986, -42.974384], [147.315362, -42.974786], [147.31626, -42.97501], [147.317238, -42.977359], [147.321578, -42.979526], [147.323409, -42.97795], [147.323235, -42.97574], [147.32422, -42.974379], [147.328476, -42.977419], [147.338563, -42.974427], [147.338751, -42.969721], [147.340385, -42.96955], [147.339791, -42.967707], [147.341401, -42.966912], [147.340776, -42.961879], [147.342595, -42.95953], [147.338767, -42.959035], [147.337223, -42.958999], [147.334816, -42.959825], [147.332374, -42.959789], [147.331799, -42.958891], [147.330362, -42.959717], [147.329285, -42.959753], [147.328315, -42.960184], [147.328099, -42.961154], [147.320484, -42.96119], [147.314701, -42.961765], [147.310534, -42.964674], [147.307948, -42.963956], [147.306296, -42.964638], [147.303781, -42.962807], [147.302129, -42.962052], [147.300441, -42.962196], [147.293652, -42.963166], [147.290635, -42.96198], [147.287833, -42.961873], [147.282445, -42.960292], [147.280218, -42.958927], [147.275584, -42.957311], [147.273142, -42.957814], [147.271777, -42.957203], [147.269406, -42.953108], [147.26937, -42.947612], [147.265958, -42.944523], [147.260641, -42.941901], [147.254966, -42.941434], [147.250009, -42.938704], [147.247531, -42.937555], [147.245052, -42.9354], [147.241173, -42.934178], [147.239664, -42.932526], [147.236611, -42.897145], [147.231438, -42.90634], [147.192034, -42.908316], [147.149325, -42.914279], [147.074728, -42.898564], [147.062228, -42.905604], [147.051165, -42.902443], [147.04082, -42.901437], [147.0299, -42.896265], [147.029757, -42.893104], [147.031337, -42.889943], [147.004181, -42.890374], [146.989813, -42.889368], [146.965388, -42.891523], [146.951882, -42.883334], [146.94283, -42.886207], [146.932772, -42.886351], [146.927025, -42.892816], [146.93191, -42.899426], [146.935646, -42.906035], [146.93737, -42.91638], [146.943692, -42.919541], [146.946278, -42.923708], [146.942112, -42.92888], [146.918836, -42.935489], [146.914525, -42.940806], [146.903031, -42.941524], [146.893979, -42.93707], [146.881479, -42.935633], [146.884783, -42.94253], [146.881191, -42.94957], [146.875013, -42.954886], [146.867254, -42.954599], [146.86553, -42.951007], [146.863519, -42.945978], [146.857197, -42.943823], [146.853461, -42.941668], [146.849582, -42.933909], [146.845559, -42.929024], [146.844266, -42.918391], [146.840674, -42.914225], [146.838806, -42.906897], [146.817254, -42.900575], [146.806478, -42.895259], [146.802311, -42.902443], [146.784782, -42.903449], [146.774006, -42.893104], [146.772426, -42.885632], [146.767397, -42.880173], [146.748144, -42.872845], [146.739092, -42.87227], [146.731908, -42.871839], [146.722856, -42.861063], [146.71754, -42.85977], [146.71093, -42.862213], [146.704178, -42.858621], [146.69843, -42.859339], [146.694838, -42.859626], [146.689666, -42.85431], [146.68435, -42.855316], [146.675298, -42.854597], [146.670125, -42.850862], [146.663229, -42.854454], [146.658487, -42.850143], [146.650729, -42.850718], [146.64843, -42.862787], [146.654895, -42.875144], [146.654752, -42.88477], [146.660642, -42.902587], [146.652596, -42.907328], [146.649435, -42.921696], [146.648286, -42.930604], [146.460352, -42.781608], [146.29627, -42.844396], [145.963076, -42.748131], [145.966811, -42.755315], [145.967674, -42.760774], [145.973708, -42.770401], [145.979024, -42.773131], [145.982904, -42.79066], [145.992818, -42.784482], [145.996841, -42.79224], [146.006611, -42.797988], [146.017387, -42.805315], [146.019973, -42.810488], [146.012645, -42.81954], [146.00776, -42.821982], [145.981611, -42.820114], [145.985059, -42.83362], [145.9898, -42.842672], [145.991524, -42.853592], [146.004887, -42.867672], [145.997846, -42.875431], [145.989657, -42.883477], [145.976869, -42.88046], [145.97457, -42.886638], [145.964369, -42.888937], [145.964369, -42.89842], [145.951869, -42.89842], [145.93592, -42.902874], [145.933909, -42.90819], [145.93592, -42.917098], [145.939656, -42.922127], [145.939512, -42.928593], [145.948564, -42.936926], [145.955748, -42.942386], [145.965518, -42.953162], [145.97572, -42.963363], [145.987789, -42.978019], [145.993249, -42.980605], [145.992243, -42.984628], [145.992243, -42.990088], [145.990375, -42.996553], [145.979024, -43.014944], [145.977013, -43.019542], [145.978881, -43.024858], [145.975289, -43.031324], [145.977444, -43.039801], [145.975145, -43.052301], [145.977013, -43.062071], [145.980605, -43.066382], [145.980892, -43.071698], [145.974139, -43.07644], [145.977875, -43.082043], [145.980317, -43.089802], [145.984484, -43.088652], [145.988507, -43.092101], [145.990662, -43.096555], [145.992818, -43.103164], [145.988795, -43.105607], [145.98276, -43.125291], [145.979743, -43.128452], [145.982042, -43.134486], [145.979312, -43.134055], [145.977444, -43.132331], [145.972271, -43.130607], [145.965087, -43.13032], [145.962645, -43.127446], [145.960633, -43.128883], [145.955461, -43.139515], [145.946696, -43.142963], [145.943104, -43.148854], [145.937513, -43.150538], [145.940454, -43.150439]]], [[[147.28202, -43.504564], [147.282225, -43.506067], [147.284055, -43.505882], [147.284491, -43.506485], [147.285999, -43.506193], [147.286363, -43.504607], [147.287325, -43.504136], [147.287874, -43.504982], [147.288314, -43.503972], [147.289106, -43.504087], [147.289459, -43.5055], [147.291016, -43.505045], [147.289759, -43.506129], [147.290023, -43.506858], [147.290811, -43.506045], [147.29062, -43.507532], [147.292236, -43.509112], [147.29261, -43.51238], [147.293506, -43.510874], [147.293931, -43.511827], [147.29415, -43.510953], [147.296406, -43.511929], [147.295705, -43.512723], [147.296217, -43.513802], [147.294018, -43.514339], [147.294719, -43.516165], [147.295881, -43.515901], [147.295803, -43.515154], [147.296746, -43.515683], [147.297126, -43.514809], [147.297462, -43.515357], [147.298847, -43.515146], [147.298807, -43.514507], [147.299886, -43.515027], [147.299434, -43.513659], [147.300236, -43.513405], [147.302024, -43.514526], [147.301641, -43.512249], [147.30235, -43.512913], [147.302978, -43.512461], [147.301558, -43.510403], [147.308002, -43.507666], [147.309587, -43.505446], [147.312833, -43.503988], [147.316268, -43.501151], [147.318938, -43.500658], [147.321998, -43.501594], [147.322105, -43.503134], [147.322444, -43.501746], [147.323921, -43.502643], [147.32337, -43.501338], [147.324843, -43.499272], [147.326275, -43.498683], [147.325766, -43.498215], [147.326656, -43.49805], [147.327404, -43.494492], [147.324735, -43.490438], [147.324505, -43.484478], [147.320956, -43.477366], [147.320411, -43.474891], [147.320875, -43.469109], [147.323221, -43.466203], [147.324988, -43.461471], [147.324606, -43.459428], [147.325954, -43.457326], [147.326964, -43.449733], [147.331283, -43.441625], [147.334513, -43.439123], [147.344451, -43.437623], [147.343505, -43.436705], [147.344205, -43.436461], [147.343065, -43.436536], [147.342606, -43.435548], [147.343471, -43.43533], [147.342904, -43.431756], [147.344954, -43.430532], [147.344795, -43.429656], [147.346277, -43.42916], [147.343622, -43.429481], [147.340531, -43.42776], [147.337912, -43.423253], [147.340814, -43.420492], [147.341376, -43.41794], [147.347098, -43.415869], [147.347841, -43.411973], [147.349045, -43.410407], [147.347817, -43.408587], [147.348567, -43.405234], [147.351203, -43.405268], [147.35139, -43.404537], [147.350536, -43.404248], [147.351996, -43.402444], [147.355533, -43.404299], [147.356273, -43.403096], [147.35816, -43.403123], [147.35837, -43.402097], [147.359998, -43.402049], [147.360968, -43.400293], [147.359555, -43.399759], [147.359279, -43.398393], [147.360943, -43.397339], [147.364497, -43.392121], [147.365331, -43.392527], [147.365273, -43.391624], [147.366129, -43.392047], [147.36675, -43.391114], [147.368575, -43.391427], [147.369686, -43.393441], [147.371227, -43.391846], [147.369664, -43.390598], [147.370256, -43.38905], [147.372621, -43.390074], [147.374194, -43.388914], [147.377175, -43.390931], [147.378708, -43.390492], [147.379301, -43.389369], [147.378472, -43.388476], [147.379201, -43.387993], [147.378181, -43.38685], [147.37894, -43.386005], [147.377689, -43.383105], [147.379662, -43.383135], [147.37839, -43.381549], [147.379861, -43.381159], [147.380411, -43.378909], [147.381483, -43.378317], [147.380926, -43.375325], [147.381959, -43.37178], [147.381, -43.366661], [147.381635, -43.365798], [147.379637, -43.361319], [147.376643, -43.357839], [147.373803, -43.355704], [147.371671, -43.35543], [147.37072, -43.353802], [147.369201, -43.353676], [147.369741, -43.352673], [147.369094, -43.352038], [147.370406, -43.351883], [147.369958, -43.351494], [147.366562, -43.350467], [147.36557, -43.353348], [147.363338, -43.355746], [147.358513, -43.358655], [147.357911, -43.362607], [147.354772, -43.363865], [147.351478, -43.364071], [147.350482, -43.367751], [147.347979, -43.368652], [147.335856, -43.366788], [147.334431, -43.367735], [147.335342, -43.366809], [147.33498, -43.366121], [147.340009, -43.366941], [147.332296, -43.363453], [147.326925, -43.358381], [147.327317, -43.356115], [147.328972, -43.355744], [147.325975, -43.354232], [147.323557, -43.350584], [147.322623, -43.346598], [147.320303, -43.343981], [147.320437, -43.343867], [147.320931, -43.344001], [147.321728, -43.345511], [147.321684, -43.341837], [147.32377, -43.339626], [147.322156, -43.335371], [147.324506, -43.334257], [147.325297, -43.332336], [147.323228, -43.330649], [147.323852, -43.327361], [147.322436, -43.325456], [147.323051, -43.325076], [147.322432, -43.324619], [147.324347, -43.323019], [147.32392, -43.321553], [147.323229, -43.321474], [147.324702, -43.320173], [147.324436, -43.318823], [147.322767, -43.318126], [147.323914, -43.317987], [147.323712, -43.317105], [147.322487, -43.31637], [147.321452, -43.314212], [147.321976, -43.313058], [147.320332, -43.309848], [147.32525, -43.298155], [147.335821, -43.283401], [147.349096, -43.270377], [147.367918, -43.256946], [147.384241, -43.24877], [147.401028, -43.242805], [147.402463, -43.243692], [147.402975, -43.242934], [147.405473, -43.24261], [147.40521, -43.241953], [147.406082, -43.2415], [147.407341, -43.241946], [147.409686, -43.240821], [147.415942, -43.240573], [147.417819, -43.241296], [147.419148, -43.242948], [147.419237, -43.246892], [147.420315, -43.247923], [147.421222, -43.252656], [147.422912, -43.252866], [147.423275, -43.253747], [147.424474, -43.252491], [147.425984, -43.253548], [147.426942, -43.253049], [147.426696, -43.251402], [147.427615, -43.252497], [147.429242, -43.252564], [147.431004, -43.250891], [147.429795, -43.250661], [147.430887, -43.250045], [147.429921, -43.249265], [147.430361, -43.248777], [147.429092, -43.248728], [147.430457, -43.246589], [147.430896, -43.242571], [147.431635, -43.242469], [147.432907, -43.239528], [147.432648, -43.237701], [147.431115, -43.236851], [147.432301, -43.235694], [147.431708, -43.233589], [147.433271, -43.231656], [147.432347, -43.229913], [147.433186, -43.228361], [147.432446, -43.226536], [147.432736, -43.224149], [147.431971, -43.223963], [147.432257, -43.222548], [147.431093, -43.221553], [147.43149, -43.220272], [147.429715, -43.218244], [147.43016, -43.216721], [147.429511, -43.215471], [147.428187, -43.214558], [147.428819, -43.21334], [147.427699, -43.211633], [147.427952, -43.209084], [147.424983, -43.207024], [147.42659, -43.206153], [147.424935, -43.205376], [147.423953, -43.205785], [147.4229, -43.204798], [147.416198, -43.205786], [147.415474, -43.20442], [147.413894, -43.203751], [147.413962, -43.202841], [147.41174, -43.201939], [147.411746, -43.200976], [147.410771, -43.200547], [147.410482, -43.197874], [147.411582, -43.196762], [147.411472, -43.195034], [147.413374, -43.194135], [147.412593, -43.193229], [147.40913, -43.192665], [147.40954, -43.191339], [147.408376, -43.190245], [147.40854, -43.189011], [147.411451, -43.186389], [147.411471, -43.185669], [147.410274, -43.185142], [147.411539, -43.184822], [147.411277, -43.184283], [147.413098, -43.184285], [147.412349, -43.182586], [147.413356, -43.182339], [147.413644, -43.181276], [147.41287, -43.18136], [147.412861, -43.180027], [147.410874, -43.177468], [147.411389, -43.177141], [147.409046, -43.176358], [147.409722, -43.176166], [147.408901, -43.174989], [147.409935, -43.175013], [147.408712, -43.174359], [147.409792, -43.173888], [147.40895, -43.173089], [147.409762, -43.173104], [147.408875, -43.172891], [147.409439, -43.172619], [147.405422, -43.169878], [147.409119, -43.168892], [147.406362, -43.166813], [147.393862, -43.164632], [147.39247, -43.162431], [147.392719, -43.161079], [147.39445, -43.160443], [147.39308, -43.159763], [147.393974, -43.157365], [147.391058, -43.155187], [147.392107, -43.153824], [147.391876, -43.152429], [147.394864, -43.150302], [147.392982, -43.144573], [147.394466, -43.143883], [147.395882, -43.14422], [147.396945, -43.143109], [147.395017, -43.141702], [147.394215, -43.137436], [147.395698, -43.136567], [147.397226, -43.13712], [147.398993, -43.134593], [147.399474, -43.134942], [147.399579, -43.134068], [147.398753, -43.133729], [147.400273, -43.132994], [147.400253, -43.13177], [147.398309, -43.131461], [147.39904, -43.130594], [147.397964, -43.12949], [147.400187, -43.129168], [147.400091, -43.127655], [147.400789, -43.127283], [147.397754, -43.12552], [147.395721, -43.122898], [147.396123, -43.122563], [147.391158, -43.122616], [147.389599, -43.121063], [147.389986, -43.120018], [147.389307, -43.119516], [147.390183, -43.11836], [147.389036, -43.117626], [147.389978, -43.116929], [147.389052, -43.116428], [147.390821, -43.116242], [147.391417, -43.11515], [147.388773, -43.115006], [147.386589, -43.109808], [147.383829, -43.108674], [147.38509, -43.107877], [147.384653, -43.106752], [147.385464, -43.106696], [147.385022, -43.104878], [147.386963, -43.104655], [147.387983, -43.102662], [147.384857, -43.103951], [147.382886, -43.103203], [147.382801, -43.101464], [147.377776, -43.101688], [147.376826, -43.100935], [147.377212, -43.099862], [147.375151, -43.09832], [147.375686, -43.095365], [147.376578, -43.094624], [147.374408, -43.089272], [147.371418, -43.088669], [147.367326, -43.090537], [147.365157, -43.089581], [147.362672, -43.086914], [147.36175, -43.084837], [147.362639, -43.083492], [147.362833, -43.080493], [147.365645, -43.078782], [147.365421, -43.07618], [147.367631, -43.071824], [147.357056, -43.063546], [147.351017, -43.064087], [147.351967, -43.064858], [147.351863, -43.065948], [147.349833, -43.067512], [147.349067, -43.071072], [147.34616, -43.073971], [147.346239, -43.074943], [147.337107, -43.082832], [147.333835, -43.084382], [147.329109, -43.08526], [147.32252, -43.084433], [147.322784, -43.085593], [147.326107, -43.08662], [147.326723, -43.089238], [147.324977, -43.091512], [147.322583, -43.091699], [147.322167, -43.09451], [147.323228, -43.097551], [147.321245, -43.099123], [147.321745, -43.100706], [147.31792, -43.104787], [147.317133, -43.109427], [147.315173, -43.110774], [147.307756, -43.11201], [147.306632, -43.113382], [147.307497, -43.11428], [147.311359, -43.1149], [147.311279, -43.118394], [147.313158, -43.118128], [147.314736, -43.118934], [147.326967, -43.116567], [147.330082, -43.114881], [147.330118, -43.115154], [147.329639, -43.115173], [147.330601, -43.116624], [147.330095, -43.117774], [147.325527, -43.120921], [147.325179, -43.122606], [147.323209, -43.124268], [147.32263, -43.126485], [147.324819, -43.128928], [147.328409, -43.130998], [147.332847, -43.128905], [147.333125, -43.125636], [147.334278, -43.12511], [147.338377, -43.119425], [147.339206, -43.120305], [147.342157, -43.120404], [147.342802, -43.121564], [147.346104, -43.121827], [147.345875, -43.123761], [147.346726, -43.124173], [147.346164, -43.124733], [147.347072, -43.126666], [147.346431, -43.128595], [147.353227, -43.128061], [147.355181, -43.125731], [147.356919, -43.118081], [147.361158, -43.113575], [147.36061, -43.116449], [147.3618, -43.117396], [147.359839, -43.117055], [147.357998, -43.119753], [147.360055, -43.12044], [147.35814, -43.123039], [147.359835, -43.122691], [147.361808, -43.123811], [147.360634, -43.126993], [147.360464, -43.129416], [147.361258, -43.130629], [147.358135, -43.132728], [147.358142, -43.133746], [147.359313, -43.1343], [147.357467, -43.13608], [147.358114, -43.137366], [147.356876, -43.138054], [147.355908, -43.140758], [147.353988, -43.140413], [147.352418, -43.139067], [147.353825, -43.135623], [147.355811, -43.134645], [147.352864, -43.131178], [147.337218, -43.136556], [147.335553, -43.140234], [147.333767, -43.141933], [147.329781, -43.141548], [147.331863, -43.151295], [147.329223, -43.152275], [147.327225, -43.151092], [147.32486, -43.148109], [147.321928, -43.147181], [147.320368, -43.145123], [147.317359, -43.143502], [147.316678, -43.142765], [147.317839, -43.141357], [147.316787, -43.13991], [147.30963, -43.139885], [147.309159, -43.13913], [147.310151, -43.135912], [147.312161, -43.134547], [147.310204, -43.1343], [147.305216, -43.137511], [147.29264, -43.14092], [147.290289, -43.14288], [147.282118, -43.144332], [147.282183, -43.145178], [147.2807, -43.146352], [147.28251, -43.146843], [147.285284, -43.145576], [147.29045, -43.145689], [147.292492, -43.148538], [147.294363, -43.148849], [147.294884, -43.152035], [147.292664, -43.153464], [147.292475, -43.155013], [147.295912, -43.156085], [147.296076, -43.157039], [147.294041, -43.158566], [147.286922, -43.159079], [147.283081, -43.158449], [147.275981, -43.16605], [147.27628, -43.166958], [147.281217, -43.167766], [147.280088, -43.168408], [147.279248, -43.170427], [147.279719, -43.170775], [147.281936, -43.169034], [147.281783, -43.167845], [147.284142, -43.167236], [147.283658, -43.16893], [147.284937, -43.171503], [147.291659, -43.169828], [147.297039, -43.170471], [147.298572, -43.169558], [147.298616, -43.168405], [147.300954, -43.168462], [147.300595, -43.175703], [147.298547, -43.179284], [147.299489, -43.180866], [147.309817, -43.17946], [147.317643, -43.176972], [147.328801, -43.169773], [147.330412, -43.169507], [147.334589, -43.170782], [147.336476, -43.169435], [147.340143, -43.171675], [147.342299, -43.169994], [147.341633, -43.171977], [147.343983, -43.172015], [147.343152, -43.172304], [147.343599, -43.173655], [147.34289, -43.174594], [147.339043, -43.175236], [147.337645, -43.178337], [147.335757, -43.179685], [147.333544, -43.179898], [147.332974, -43.181593], [147.329433, -43.182008], [147.331948, -43.182874], [147.332149, -43.183657], [147.330813, -43.184688], [147.331789, -43.185297], [147.335631, -43.183575], [147.3386, -43.184206], [147.342555, -43.182843], [147.345701, -43.184338], [147.346782, -43.186081], [147.350371, -43.185386], [147.354661, -43.186652], [147.356644, -43.184845], [147.359091, -43.18445], [147.359335, -43.182036], [147.361447, -43.179292], [147.360924, -43.178132], [147.361713, -43.176301], [147.366313, -43.176034], [147.370357, -43.177435], [147.374269, -43.177359], [147.378961, -43.176046], [147.377895, -43.176779], [147.383971, -43.18236], [147.386307, -43.187863], [147.385216, -43.190443], [147.38646, -43.196517], [147.385607, -43.197772], [147.383347, -43.198509], [147.385012, -43.199061], [147.385111, -43.201096], [147.384187, -43.20299], [147.382895, -43.203013], [147.383817, -43.204766], [147.382033, -43.209004], [147.380893, -43.2098], [147.376716, -43.209192], [147.377552, -43.211054], [147.376514, -43.214353], [147.37236, -43.215555], [147.369464, -43.215105], [147.36514, -43.208563], [147.360573, -43.210613], [147.358664, -43.212501], [147.353043, -43.213347], [147.349515, -43.212169], [147.350909, -43.214857], [147.353739, -43.216595], [147.352312, -43.218941], [147.350444, -43.219577], [147.342959, -43.217555], [147.341157, -43.219082], [147.346328, -43.221201], [147.347255, -43.226088], [147.351788, -43.228577], [147.354172, -43.227688], [147.356119, -43.23005], [147.355593, -43.234797], [147.353676, -43.237702], [147.348364, -43.237062], [147.350287, -43.239542], [147.349393, -43.242606], [147.350872, -43.242728], [147.352492, -43.241678], [147.354538, -43.242014], [147.35689, -43.243916], [147.358445, -43.246675], [147.358713, -43.252446], [147.357665, -43.256322], [147.354897, -43.261418], [147.335559, -43.282741], [147.328822, -43.288416], [147.317638, -43.294773], [147.313355, -43.295496], [147.308365, -43.295024], [147.307905, -43.295411], [147.309248, -43.29566], [147.308529, -43.295755], [147.308905, -43.296401], [147.307593, -43.295867], [147.306862, -43.296833], [147.305749, -43.29617], [147.305815, -43.297016], [147.305439, -43.295765], [147.305495, -43.294725], [147.306723, -43.293749], [147.306768, -43.290462], [147.302942, -43.287132], [147.303368, -43.285978], [147.301286, -43.281049], [147.301449, -43.279167], [147.298894, -43.275914], [147.297969, -43.273143], [147.298578, -43.271763], [147.29785, -43.269028], [147.299276, -43.268412], [147.29938, -43.266917], [147.302201, -43.26428], [147.300412, -43.261214], [147.297448, -43.259754], [147.298156, -43.258474], [147.297335, -43.256837], [147.294938, -43.255402], [147.293131, -43.241043], [147.291765, -43.241003], [147.288694, -43.245468], [147.289435, -43.248384], [147.288629, -43.249889], [147.288882, -43.251258], [147.287888, -43.252161], [147.289828, -43.255874], [147.287728, -43.257402], [147.286104, -43.265938], [147.283285, -43.26916], [147.28135, -43.269129], [147.275325, -43.271917], [147.271597, -43.276041], [147.271157, -43.279626], [147.272001, -43.280839], [147.271186, -43.283362], [147.272868, -43.2847], [147.272591, -43.286024], [147.273617, -43.286787], [147.271493, -43.288566], [147.272304, -43.290554], [147.270609, -43.291954], [147.271378, -43.293114], [147.27108, -43.295519], [147.268401, -43.297362], [147.26344, -43.299021], [147.255376, -43.29872], [147.253233, -43.299418], [147.25155, -43.30079], [147.250673, -43.303386], [147.24678, -43.304327], [147.24515, -43.306771], [147.243096, -43.308171], [147.242082, -43.313297], [147.241484, -43.312626], [147.241396, -43.313865], [147.241977, -43.313447], [147.242591, -43.314145], [147.242246, -43.320509], [147.240112, -43.323503], [147.241484, -43.327489], [147.240417, -43.329166], [147.239074, -43.329439], [147.238277, -43.330764], [147.232225, -43.331794], [147.230245, -43.333464], [147.227398, -43.334226], [147.226107, -43.335183], [147.224725, -43.338598], [147.222336, -43.339846], [147.222971, -43.341267], [147.222595, -43.343199], [147.224672, -43.344176], [147.225693, -43.346731], [147.22306, -43.351951], [147.22496, -43.351946], [147.22728, -43.355383], [147.229661, -43.355215], [147.231553, -43.356247], [147.232964, -43.360576], [147.234549, -43.361878], [147.234263, -43.364508], [147.233314, -43.364942], [147.227707, -43.363873], [147.222871, -43.364423], [147.221855, -43.363416], [147.218025, -43.362334], [147.218165, -43.363594], [147.219253, -43.363916], [147.219937, -43.36541], [147.220272, -43.36947], [147.221585, -43.370611], [147.219162, -43.376424], [147.215441, -43.378502], [147.212788, -43.382357], [147.209198, -43.383057], [147.205246, -43.382749], [147.200327, -43.381056], [147.198482, -43.379069], [147.197963, -43.375639], [147.200449, -43.369425], [147.199261, -43.368581], [147.198861, -43.366885], [147.195312, -43.36491], [147.195609, -43.361267], [147.190979, -43.360554], [147.189345, -43.359089], [147.187236, -43.35948], [147.185182, -43.3577], [147.184918, -43.355809], [147.18589, -43.354881], [147.187494, -43.355058], [147.189194, -43.354119], [147.190004, -43.352587], [147.188574, -43.349104], [147.18344, -43.35299], [147.181085, -43.353291], [147.179097, -43.352555], [147.179373, -43.354108], [147.178489, -43.35591], [147.180383, -43.357663], [147.179413, -43.359267], [147.181033, -43.36057], [147.182006, -43.368403], [147.179811, -43.373259], [147.182265, -43.376488], [147.183646, -43.380088], [147.183059, -43.382124], [147.185944, -43.384685], [147.185854, -43.387657], [147.182953, -43.391821], [147.180723, -43.393626], [147.175365, -43.393951], [147.174592, -43.400147], [147.17361, -43.401715], [147.174072, -43.403389], [147.170781, -43.405987], [147.169213, -43.406052], [147.168604, -43.404694], [147.167887, -43.408738], [147.169052, -43.410222], [147.170454, -43.40823], [147.174112, -43.409116], [147.175746, -43.414444], [147.175543, -43.416911], [147.174335, -43.417976], [147.172246, -43.417232], [147.171717, -43.418241], [147.173503, -43.420534], [147.174277, -43.423514], [147.17832, -43.424543], [147.178861, -43.423813], [147.177895, -43.422914], [147.178202, -43.422175], [147.181643, -43.420395], [147.18286, -43.418341], [147.184873, -43.418094], [147.187383, -43.419108], [147.18962, -43.427231], [147.192417, -43.428757], [147.190574, -43.432056], [147.18642, -43.43118], [147.184617, -43.431562], [147.180968, -43.434449], [147.174268, -43.437809], [147.176448, -43.439444], [147.179315, -43.439692], [147.180557, -43.441887], [147.180376, -43.443265], [147.17886, -43.444465], [147.179518, -43.445481], [147.175301, -43.448954], [147.173718, -43.448732], [147.171781, -43.449842], [147.171415, -43.451725], [147.172885, -43.451281], [147.175709, -43.453474], [147.177748, -43.453187], [147.179013, -43.454667], [147.180114, -43.454773], [147.180625, -43.456222], [147.179668, -43.458433], [147.177022, -43.458302], [147.172855, -43.462027], [147.163777, -43.464994], [147.161514, -43.464907], [147.15936, -43.463802], [147.159589, -43.461632], [147.162354, -43.459954], [147.161905, -43.458594], [147.15611, -43.459332], [147.152522, -43.458297], [147.153371, -43.456423], [147.151835, -43.455087], [147.151283, -43.451991], [147.149772, -43.450804], [147.147047, -43.450537], [147.145553, -43.448865], [147.14381, -43.448813], [147.142144, -43.444367], [147.141105, -43.444175], [147.140149, -43.442141], [147.138082, -43.440752], [147.138154, -43.439725], [147.134673, -43.436183], [147.133383, -43.433559], [147.131375, -43.432735], [147.130731, -43.429585], [147.128506, -43.427207], [147.127579, -43.423187], [147.125571, -43.420079], [147.122344, -43.416462], [147.117263, -43.413372], [147.115894, -43.411377], [147.114091, -43.411433], [147.112217, -43.412971], [147.105062, -43.411222], [147.101518, -43.41221], [147.099874, -43.411374], [147.098752, -43.412554], [147.097146, -43.412367], [147.098988, -43.413428], [147.098372, -43.414465], [147.099473, -43.415364], [147.098932, -43.417112], [147.094239, -43.417412], [147.091857, -43.419008], [147.092242, -43.42053], [147.093935, -43.420519], [147.092898, -43.421132], [147.094343, -43.42087], [147.093282, -43.421978], [147.094184, -43.421996], [147.093543, -43.423158], [147.094186, -43.423238], [147.093213, -43.424554], [147.094015, -43.424589], [147.094412, -43.425318], [147.093807, -43.425598], [147.094586, -43.425876], [147.093797, -43.427003], [147.094749, -43.426957], [147.094206, -43.427605], [147.094923, -43.427749], [147.093898, -43.428398], [147.095714, -43.428243], [147.09553, -43.429126], [147.097076, -43.42998], [147.096831, -43.431565], [147.098302, -43.431897], [147.097909, -43.433023], [147.100639, -43.432796], [147.101777, -43.433479], [147.102014, -43.434811], [147.103361, -43.435053], [147.102436, -43.435991], [147.106586, -43.434915], [147.107256, -43.436698], [147.10865, -43.435571], [147.109789, -43.436416], [147.110405, -43.435704], [147.111482, -43.43691], [147.11461, -43.437294], [147.11557, -43.442065], [147.117092, -43.44341], [147.118124, -43.446354], [147.120042, -43.447613], [147.12056, -43.446892], [147.122845, -43.446718], [147.123766, -43.449665], [147.124594, -43.44962], [147.12378, -43.450386], [147.124425, -43.451511], [147.126315, -43.451226], [147.124711, -43.452542], [147.124973, -43.45355], [147.126565, -43.452432], [147.127507, -43.453655], [147.128124, -43.453105], [147.128534, -43.454393], [147.130302, -43.454228], [147.129883, -43.45513], [147.132266, -43.453983], [147.132947, -43.454442], [147.132518, -43.45618], [147.133916, -43.456376], [147.133806, -43.457277], [147.13565, -43.458103], [147.135876, -43.459746], [147.135087, -43.46071], [147.136262, -43.461087], [147.136549, -43.462041], [147.135302, -43.462628], [147.136378, -43.462996], [147.135154, -43.463222], [147.136766, -43.465363], [147.136127, -43.466751], [147.134496, -43.467149], [147.135597, -43.467454], [147.134832, -43.468508], [147.133449, -43.469122], [147.134413, -43.469139], [147.135356, -43.470623], [147.134743, -43.473037], [147.135823, -43.474783], [147.133084, -43.477595], [147.133633, -43.480058], [147.132496, -43.480168], [147.133858, -43.480814], [147.13229, -43.48223], [147.133589, -43.482444], [147.134681, -43.483938], [147.133549, -43.486893], [147.134609, -43.485198], [147.136107, -43.485759], [147.137291, -43.484497], [147.139183, -43.484395], [147.139422, -43.485985], [147.141167, -43.486595], [147.140673, -43.486983], [147.141244, -43.487919], [147.138949, -43.490002], [147.139284, -43.490658], [147.137447, -43.493344], [147.139177, -43.49273], [147.140849, -43.493376], [147.143332, -43.492166], [147.144534, -43.493326], [147.145322, -43.496477], [147.14641, -43.496791], [147.146917, -43.496511], [147.146406, -43.495152], [147.150755, -43.490384], [147.149296, -43.488273], [147.150034, -43.486624], [147.155456, -43.483807], [147.159709, -43.483351], [147.163582, -43.484092], [147.164192, -43.48564], [147.165712, -43.485413], [147.166555, -43.48624], [147.165975, -43.486556], [147.167584, -43.487031], [147.16905, -43.489636], [147.170791, -43.488661], [147.170823, -43.486666], [147.172789, -43.486654], [147.174204, -43.488372], [147.177842, -43.488897], [147.178191, -43.490067], [147.177513, -43.490573], [147.178359, -43.492309], [147.179124, -43.491912], [147.178341, -43.490617], [147.179393, -43.490606], [147.179044, -43.489814], [147.180504, -43.490154], [147.182007, -43.488342], [147.182837, -43.488863], [147.181977, -43.486757], [147.182295, -43.48555], [147.184148, -43.484629], [147.184064, -43.481639], [147.18536, -43.480566], [147.186699, -43.481878], [147.187056, -43.481337], [147.185737, -43.478512], [147.182754, -43.477662], [147.179048, -43.474453], [147.178637, -43.473598], [147.179557, -43.471256], [147.183069, -43.46727], [147.185785, -43.466005], [147.187788, -43.466155], [147.189004, -43.467504], [147.19131, -43.466068], [147.191908, -43.466859], [147.193018, -43.466551], [147.194215, -43.462029], [147.196955, -43.45664], [147.198386, -43.455809], [147.197606, -43.455414], [147.199097, -43.454052], [147.199334, -43.454808], [147.200087, -43.454519], [147.20038, -43.453402], [147.202597, -43.454721], [147.203519, -43.453198], [147.202997, -43.448589], [147.201894, -43.447582], [147.199867, -43.447577], [147.198981, -43.444958], [147.201603, -43.441811], [147.200614, -43.437878], [147.199051, -43.436016], [147.199794, -43.432873], [147.201736, -43.429646], [147.20217, -43.426835], [147.201362, -43.421686], [147.202858, -43.418099], [147.205374, -43.416924], [147.207486, -43.416875], [147.209563, -43.417286], [147.213422, -43.415145], [147.220011, -43.413313], [147.227259, -43.41257], [147.235368, -43.414057], [147.234352, -43.416608], [147.235788, -43.417262], [147.235313, -43.419064], [147.236179, -43.419548], [147.240404, -43.416316], [147.241714, -43.413905], [147.240774, -43.416234], [147.243283, -43.419696], [147.243591, -43.422423], [147.242747, -43.424784], [147.240371, -43.42668], [147.237653, -43.426857], [147.235611, -43.429135], [147.225905, -43.433909], [147.209719, -43.433769], [147.207971, -43.432188], [147.208084, -43.429341], [147.204578, -43.429835], [147.201959, -43.433684], [147.2015, -43.437017], [147.203554, -43.437851], [147.215202, -43.436658], [147.227859, -43.437669], [147.232484, -43.438515], [147.232616, -43.440883], [147.233533, -43.44153], [147.235932, -43.438661], [147.23794, -43.440197], [147.240129, -43.440696], [147.242227, -43.439994], [147.245864, -43.440396], [147.246263, -43.44184], [147.251576, -43.447627], [147.255796, -43.457721], [147.254947, -43.461676], [147.250786, -43.46571], [147.248625, -43.466336], [147.247372, -43.465168], [147.244207, -43.465013], [147.242975, -43.463115], [147.240378, -43.465903], [147.241805, -43.467323], [147.242906, -43.467383], [147.242948, -43.468653], [147.241424, -43.471096], [147.242454, -43.471878], [147.241292, -43.471943], [147.240371, -43.473584], [147.24332, -43.472074], [147.24331, -43.472803], [147.246946, -43.472876], [147.246808, -43.47556], [147.244992, -43.475843], [147.244889, -43.478004], [147.242728, -43.478558], [147.244636, -43.479526], [147.241459, -43.479776], [147.242685, -43.480386], [147.24165, -43.4811], [147.24259, -43.481242], [147.241862, -43.48163], [147.242619, -43.48243], [147.245123, -43.480732], [147.245928, -43.481091], [147.245342, -43.482884], [147.246747, -43.484816], [147.244877, -43.487262], [147.245352, -43.488449], [147.244523, -43.488487], [147.246059, -43.489132], [147.245158, -43.489377], [147.246064, -43.490339], [147.246308, -43.492454], [147.247759, -43.493424], [147.249775, -43.493392], [147.254734, -43.490391], [147.255712, -43.490506], [147.256249, -43.488794], [147.259577, -43.489065], [147.263072, -43.48786], [147.262643, -43.48895], [147.263732, -43.488957], [147.264223, -43.491081], [147.265853, -43.490419], [147.266329, -43.491724], [147.267861, -43.491478], [147.267533, -43.492739], [147.269635, -43.492689], [147.268266, -43.493421], [147.270726, -43.493299], [147.269382, -43.49413], [147.269083, -43.49649], [147.269482, -43.497281], [147.270427, -43.49546], [147.271627, -43.495674], [147.270901, -43.499179], [147.272311, -43.499392], [147.271773, -43.500564], [147.274483, -43.50098], [147.275458, -43.500465], [147.275356, -43.499727], [147.277212, -43.50001], [147.278137, -43.502025], [147.27955, -43.502688], [147.278712, -43.50332], [147.279446, -43.504345], [147.281364, -43.504403], [147.28202, -43.504564]]], [[[147.262657, -42.731427], [147.261262, -42.734921], [147.262591, -42.736665], [147.264796, -42.737525], [147.265584, -42.738953], [147.259375, -42.741303], [147.258477, -42.745082], [147.256084, -42.748636], [147.258602, -42.751396], [147.261626, -42.752108], [147.262256, -42.75358], [147.263649, -42.754279], [147.262702, -42.755316], [147.266683, -42.755655], [147.265768, -42.75675], [147.262962, -42.757121], [147.262956, -42.759686], [147.261518, -42.761183], [147.263097, -42.762893], [147.261914, -42.763296], [147.260522, -42.765294], [147.261611, -42.767399], [147.263192, -42.767843], [147.262908, -42.768897], [147.264781, -42.775113], [147.264169, -42.777483], [147.264677, -42.778498], [147.270837, -42.782239], [147.273685, -42.781378], [147.276733, -42.782361], [147.280564, -42.781811], [147.280572, -42.780686], [147.282849, -42.779817], [147.284152, -42.777749], [147.285786, -42.782488], [147.291134, -42.786309], [147.292742, -42.789744], [147.292394, -42.791108], [147.289249, -42.793549], [147.289859, -42.79526], [147.287751, -42.794713], [147.285101, -42.796557], [147.281926, -42.797003], [147.281117, -42.798647], [147.281622, -42.801062], [147.284677, -42.803645], [147.292475, -42.80712], [147.293231, -42.809065], [147.297469, -42.810358], [147.300743, -42.810002], [147.301765, -42.811265], [147.308256, -42.812402], [147.310372, -42.814829], [147.312217, -42.81561], [147.312097, -42.817714], [147.313459, -42.815352], [147.314909, -42.815087], [147.319935, -42.816675], [147.320684, -42.818309], [147.317551, -42.821243], [147.317373, -42.824903], [147.319567, -42.825508], [147.321042, -42.827229], [147.322856, -42.826513], [147.322451, -42.828244], [147.324536, -42.829603], [147.326579, -42.829533], [147.32644, -42.830416], [147.327421, -42.830923], [147.330036, -42.835426], [147.335053, -42.833706], [147.331269, -42.837], [147.333777, -42.841081], [147.336914, -42.840376], [147.339833, -42.838159], [147.344669, -42.837347], [147.347047, -42.8352], [147.347051, -42.835382], [147.347011, -42.835472], [147.346711, -42.835849], [147.344636, -42.837507], [147.345343, -42.838538], [147.341802, -42.839612], [147.34147, -42.840766], [147.338547, -42.84286], [147.337784, -42.845709], [147.338411, -42.846664], [147.343246, -42.848271], [147.344275, -42.850832], [147.348453, -42.851357], [147.350217, -42.853124], [147.355048, -42.850021], [147.355115, -42.848293], [147.358626, -42.84868], [147.359009, -42.84976], [147.357425, -42.850348], [147.356985, -42.852323], [147.355106, -42.853567], [147.354622, -42.857453], [147.35283, -42.858082], [147.350539, -42.860591], [147.351596, -42.863245], [147.349911, -42.863942], [147.350198, -42.865184], [147.355186, -42.8655], [147.353246, -42.867582], [147.353427, -42.86947], [147.35094, -42.870474], [147.352402, -42.875777], [147.355941, -42.875654], [147.357752, -42.873903], [147.360302, -42.873366], [147.362701, -42.871554], [147.364603, -42.872172], [147.365664, -42.870159], [147.368508, -42.871301], [147.368682, -42.872081], [147.367768, -42.872519], [147.368974, -42.872384], [147.369213, -42.872626], [147.368454, -42.872569], [147.367069, -42.874358], [147.365304, -42.873977], [147.363513, -42.875315], [147.363062, -42.87863], [147.366546, -42.882554], [147.367775, -42.882654], [147.369829, -42.881382], [147.370601, -42.879366], [147.378646, -42.879009], [147.383907, -42.879796], [147.386092, -42.882279], [147.391682, -42.880684], [147.401078, -42.882589], [147.404691, -42.884291], [147.405423, -42.887322], [147.403263, -42.888648], [147.405042, -42.891345], [147.409727, -42.893759], [147.411991, -42.899631], [147.414141, -42.901646], [147.417327, -42.908852], [147.417333, -42.911246], [147.415796, -42.91375], [147.412321, -42.916099], [147.411098, -42.918281], [147.409231, -42.918964], [147.411138, -42.921163], [147.410995, -42.923373], [147.411677, -42.924257], [147.411266, -42.929168], [147.409515, -42.93111], [147.409596, -42.934002], [147.408057, -42.935199], [147.40893, -42.938809], [147.413645, -42.937756], [147.41579, -42.939362], [147.418327, -42.939546], [147.419056, -42.940621], [147.421401, -42.939748], [147.423469, -42.936395], [147.423744, -42.933977], [147.426954, -42.930655], [147.42807, -42.928226], [147.430598, -42.92529], [147.433419, -42.924363], [147.434461, -42.921384], [147.433934, -42.918688], [147.435198, -42.917066], [147.433855, -42.915762], [147.433947, -42.914062], [147.431961, -42.911859], [147.432992, -42.909613], [147.435069, -42.908677], [147.439544, -42.907865], [147.446437, -42.908197], [147.452341, -42.909392], [147.458487, -42.911718], [147.460507, -42.909745], [147.463481, -42.908729], [147.467308, -42.909042], [147.472182, -42.907181], [147.479007, -42.90631], [147.483633, -42.9095], [147.484472, -42.911399], [147.482958, -42.912342], [147.485493, -42.912981], [147.485806, -42.916097], [147.485001, -42.918414], [147.483821, -42.919411], [147.48415, -42.922385], [147.485702, -42.924497], [147.486463, -42.923825], [147.488134, -42.924305], [147.491424, -42.927146], [147.487996, -42.928994], [147.484436, -42.928569], [147.482992, -42.92753], [147.479589, -42.92003], [147.476991, -42.91859], [147.474517, -42.918455], [147.46972, -42.921495], [147.464751, -42.92345], [147.463657, -42.928781], [147.463899, -42.93121], [147.462417, -42.932907], [147.460472, -42.933195], [147.459971, -42.934774], [147.456313, -42.936679], [147.456411, -42.9391], [147.454641, -42.94091], [147.455837, -42.943638], [147.455889, -42.948558], [147.453086, -42.950742], [147.448806, -42.950042], [147.450737, -42.953205], [147.452834, -42.954107], [147.45235, -42.959576], [147.450819, -42.962353], [147.44774, -42.964186], [147.446254, -42.96386], [147.44606, -42.964527], [147.446338, -42.966037], [147.448119, -42.967551], [147.449326, -42.970179], [147.448374, -42.973466], [147.445469, -42.977265], [147.445379, -42.978391], [147.446468, -42.976841], [147.44925, -42.976323], [147.452191, -42.973642], [147.452558, -42.972055], [147.460461, -42.972956], [147.463038, -42.970813], [147.465332, -42.970171], [147.469276, -42.971571], [147.472935, -42.974281], [147.476252, -42.977843], [147.478482, -42.982108], [147.479192, -42.985211], [147.478607, -42.987963], [147.476816, -42.989115], [147.474957, -42.98863], [147.472423, -42.990478], [147.472709, -42.994947], [147.468829, -42.999289], [147.470505, -43.005399], [147.471253, -43.006411], [147.472757, -43.006649], [147.473392, -43.008779], [147.469966, -43.012486], [147.473683, -43.015071], [147.472859, -43.017227], [147.474064, -43.018685], [147.471992, -43.021408], [147.472811, -43.023309], [147.470205, -43.025718], [147.460727, -43.030829], [147.452226, -43.032634], [147.437424, -43.030303], [147.43017, -43.027621], [147.42883, -43.026321], [147.428971, -43.023632], [147.428046, -43.021563], [147.425901, -43.019626], [147.426545, -43.016763], [147.428281, -43.014913], [147.427736, -43.013002], [147.424318, -43.009703], [147.422711, -43.007005], [147.417537, -43.002823], [147.419231, -42.999299], [147.419681, -42.993559], [147.417869, -42.984372], [147.408549, -42.981767], [147.4053, -42.979723], [147.403757, -42.977578], [147.404227, -42.974944], [147.408451, -42.973797], [147.408715, -42.970598], [147.407781, -42.969589], [147.40798, -42.968158], [147.410581, -42.966747], [147.408085, -42.965376], [147.408966, -42.964269], [147.408787, -42.962914], [147.406168, -42.962502], [147.40409, -42.963166], [147.405177, -42.964855], [147.405233, -42.96574], [147.404047, -42.966752], [147.404934, -42.967504], [147.401378, -42.973607], [147.399514, -42.974593], [147.394957, -42.97423], [147.391862, -42.97595], [147.393367, -42.978], [147.396847, -42.978702], [147.401115, -42.981226], [147.40407, -42.984539], [147.403655, -42.986311], [147.404722, -42.989502], [147.403844, -42.991555], [147.401727, -42.99311], [147.398552, -42.99239], [147.400608, -42.996553], [147.398289, -42.998425], [147.398277, -42.999737], [147.39964, -43.000597], [147.397822, -43.002217], [147.398196, -43.003125], [147.396971, -43.004864], [147.397036, -43.006683], [147.398421, -43.006953], [147.399448, -43.008434], [147.400739, -43.007279], [147.404861, -43.008148], [147.408343, -43.01033], [147.41271, -43.014469], [147.415475, -43.020382], [147.415683, -43.024247], [147.414661, -43.027422], [147.411905, -43.028772], [147.409759, -43.032419], [147.406408, -43.03331], [147.404125, -43.036945], [147.408489, -43.038135], [147.411354, -43.040714], [147.411432, -43.043242], [147.407595, -43.044522], [147.408385, -43.046474], [147.414302, -43.046654], [147.415567, -43.049686], [147.416795, -43.049358], [147.418807, -43.050493], [147.418817, -43.049048], [147.420327, -43.048566], [147.419666, -43.048421], [147.421052, -43.046414], [147.422775, -43.045679], [147.423026, -43.043283], [147.441208, -43.036948], [147.456651, -43.033598], [147.471607, -43.033578], [147.477069, -43.032643], [147.480519, -43.030529], [147.48213, -43.030865], [147.482331, -43.028716], [147.483748, -43.029269], [147.484315, -43.028681], [147.484182, -43.026933], [147.500455, -43.022061], [147.511414, -43.020506], [147.512464, -43.021343], [147.513307, -43.021058], [147.513355, -43.019786], [147.514864, -43.019481], [147.517935, -43.021128], [147.52137, -43.020832], [147.52316, -43.017895], [147.520003, -43.016312], [147.520418, -43.014391], [147.523473, -43.013856], [147.524223, -43.012406], [147.525579, -43.011851], [147.525459, -43.010179], [147.5288, -43.006036], [147.52779, -43.000689], [147.526359, -43.000166], [147.523277, -42.996592], [147.523768, -42.995071], [147.523075, -42.993747], [147.523747, -42.992724], [147.531129, -42.989315], [147.542082, -42.986836], [147.548513, -42.986272], [147.549348, -42.988044], [147.549527, -42.987558], [147.550879, -42.988638], [147.55154, -42.987753], [147.551018, -42.986692], [147.552301, -42.987302], [147.554055, -42.985713], [147.553183, -42.983826], [147.551439, -42.983579], [147.549738, -42.982085], [147.550476, -42.980971], [147.549804, -42.97989], [147.550453, -42.979747], [147.549291, -42.979337], [147.549861, -42.977503], [147.54885, -42.975916], [147.550564, -42.975657], [147.550713, -42.974153], [147.548848, -42.971632], [147.550008, -42.9682], [147.5475, -42.964942], [147.543862, -42.963144], [147.544227, -42.961792], [147.541801, -42.959318], [147.540072, -42.959278], [147.540603, -42.95979], [147.540181, -42.962777], [147.537792, -42.964301], [147.532072, -42.964859], [147.530718, -42.964051], [147.530505, -42.961736], [147.528268, -42.961348], [147.527659, -42.962009], [147.529206, -42.964284], [147.530176, -42.969605], [147.531938, -42.970473], [147.533967, -42.97], [147.535828, -42.970606], [147.538123, -42.972201], [147.539201, -42.97491], [147.53801, -42.978247], [147.534675, -42.982368], [147.528667, -42.985174], [147.52547, -42.98558], [147.522774, -42.984624], [147.520344, -42.981736], [147.517772, -42.973772], [147.516134, -42.97304], [147.515242, -42.971254], [147.511046, -42.970106], [147.509146, -42.967315], [147.508791, -42.964536], [147.511949, -42.962365], [147.514865, -42.961908], [147.517165, -42.964263], [147.518198, -42.963502], [147.518228, -42.960741], [147.51682, -42.960795], [147.515067, -42.959565], [147.51331, -42.955415], [147.513891, -42.9529], [147.516461, -42.952129], [147.514942, -42.95265], [147.519084, -42.951805], [147.522858, -42.952288], [147.524019, -42.954781], [147.527405, -42.957355], [147.532867, -42.958348], [147.537346, -42.962142], [147.538668, -42.961644], [147.535693, -42.959423], [147.534127, -42.956974], [147.534316, -42.952802], [147.536652, -42.950663], [147.535947, -42.949929], [147.536722, -42.94845], [147.534818, -42.944502], [147.536449, -42.941586], [147.532093, -42.93628], [147.53225, -42.934154], [147.530507, -42.931312], [147.526977, -42.928736], [147.525226, -42.926031], [147.521773, -42.924905], [147.517393, -42.926187], [147.514715, -42.925034], [147.512857, -42.922164], [147.512554, -42.916173], [147.500855, -42.917294], [147.49703, -42.914985], [147.494968, -42.911283], [147.495267, -42.904666], [147.497925, -42.89854], [147.501192, -42.894386], [147.500809, -42.891742], [147.50337, -42.88818], [147.503982, -42.885852], [147.511077, -42.87607], [147.510455, -42.872717], [147.503042, -42.866884], [147.503627, -42.86429], [147.51553, -42.85494], [147.529161, -42.847302], [147.543218, -42.84231], [147.564561, -42.837869], [147.57424, -42.837173], [147.589138, -42.838209], [147.596944, -42.840457], [147.608012, -42.845857], [147.613383, -42.845985], [147.609976, -42.84175], [147.600593, -42.83608], [147.597992, -42.831845], [147.594934, -42.829823], [147.591655, -42.828232], [147.578578, -42.825114], [147.574016, -42.824614], [147.560131, -42.825428], [147.547155, -42.825146], [147.532302, -42.828035], [147.522242, -42.827978], [147.517861, -42.825842], [147.51442, -42.821704], [147.513089, -42.817116], [147.51452, -42.815153], [147.514677, -42.813181], [147.513154, -42.811323], [147.512303, -42.811382], [147.511393, -42.813195], [147.509601, -42.813839], [147.503569, -42.812528], [147.502725, -42.814027], [147.502556, -42.819075], [147.491197, -42.827953], [147.488402, -42.828832], [147.484005, -42.826744], [147.481114, -42.826743], [147.476307, -42.823063], [147.474942, -42.818967], [147.473569, -42.818821], [147.472449, -42.820922], [147.471699, -42.820715], [147.473461, -42.818671], [147.474547, -42.818332], [147.475345, -42.81854], [147.475208, -42.817792], [147.47582, -42.817811], [147.47536, -42.817453], [147.474754, -42.817666], [147.47466, -42.815752], [147.477549, -42.812896], [147.481203, -42.812924], [147.489816, -42.815033], [147.489014, -42.813723], [147.487707, -42.812562], [147.48385, -42.810748], [147.485406, -42.80794], [147.483719, -42.810388], [147.479949, -42.811775], [147.481892, -42.811519], [147.47574, -42.812639], [147.468542, -42.811583], [147.465769, -42.811945], [147.459999, -42.809509], [147.458347, -42.807781], [147.457733, -42.805614], [147.458381, -42.805116], [147.454792, -42.803659], [147.454512, -42.801141], [147.451493, -42.800389], [147.452029, -42.7986], [147.450202, -42.798358], [147.447396, -42.799339], [147.447095, -42.796728], [147.444785, -42.79648], [147.445151, -42.795435], [147.447744, -42.795039], [147.444224, -42.793254], [147.445642, -42.790176], [147.44359, -42.789806], [147.443852, -42.788578], [147.443052, -42.78799], [147.439744, -42.787531], [147.437091, -42.78577], [147.437236, -42.783655], [147.435971, -42.783398], [147.436161, -42.782237], [147.435201, -42.781257], [147.436069, -42.780777], [147.438089, -42.781459], [147.436513, -42.780066], [147.436487, -42.776991], [147.434096, -42.775572], [147.434906, -42.775719], [147.434631, -42.774071], [147.431073, -42.771048], [147.424679, -42.770688], [147.417064, -42.781033], [147.412107, -42.788361], [147.40011, -42.796694], [147.382365, -42.788289], [147.331646, -42.796192], [147.329563, -42.794539], [147.327587, -42.793821], [147.325863, -42.791019], [147.323708, -42.790373], [147.32378, -42.787499], [147.321265, -42.785487], [147.321194, -42.784015], [147.315554, -42.784446], [147.29296, -42.76354], [147.291883, -42.750322], [147.289656, -42.750609], [147.288399, -42.744574], [147.279275, -42.74285], [147.277551, -42.730781], [147.264691, -42.733942], [147.262653, -42.731351], [147.262657, -42.731427]]], [[[147.223421, -42.737187], [147.221951, -42.738273], [147.22484, -42.738942], [147.228639, -42.742157], [147.230667, -42.742828], [147.234957, -42.740915], [147.240014, -42.743688], [147.247779, -42.746509], [147.248284, -42.750291], [147.249962, -42.750971], [147.254474, -42.757489], [147.256732, -42.757012], [147.257137, -42.755913], [147.252229, -42.751215], [147.253077, -42.748853], [147.256873, -42.745206], [147.258712, -42.740696], [147.260275, -42.73942], [147.264674, -42.73899], [147.261469, -42.73647], [147.260631, -42.734713], [147.262294, -42.730894], [147.260453, -42.728554], [147.253987, -42.730278], [147.246588, -42.728339], [147.240194, -42.729488], [147.232148, -42.727548], [147.226041, -42.725968], [147.222521, -42.724387], [147.219688, -42.737109], [147.223421, -42.737187]]], [[[146.339383, -43.596378], [146.338626, -43.597553], [146.341206, -43.599621], [146.34183, -43.601443], [146.341235, -43.601494], [146.341172, -43.602718], [146.341906, -43.603497], [146.344597, -43.60561], [146.347899, -43.604981], [146.351604, -43.607324], [146.351599, -43.606568], [146.354022, -43.606023], [146.354891, -43.607046], [146.356791, -43.606579], [146.356399, -43.607342], [146.360622, -43.606429], [146.361502, -43.605255], [146.364085, -43.604666], [146.364274, -43.604379], [146.363675, -43.603664], [146.364523, -43.603138], [146.364057, -43.602667], [146.365362, -43.602251], [146.366658, -43.600358], [146.370551, -43.600128], [146.371403, -43.599223], [146.375016, -43.598523], [146.375615, -43.599291], [146.375439, -43.598318], [146.376427, -43.598629], [146.376632, -43.596758], [146.377614, -43.596448], [146.375078, -43.591383], [146.376538, -43.590346], [146.375308, -43.588278], [146.376705, -43.58734], [146.374655, -43.586761], [146.374252, -43.587389], [146.372594, -43.587155], [146.372288, -43.588036], [146.367419, -43.588117], [146.364915, -43.589427], [146.36104, -43.589189], [146.360885, -43.589764], [146.359916, -43.58894], [146.351351, -43.587045], [146.351592, -43.587704], [146.347539, -43.586699], [146.348177, -43.587261], [146.347051, -43.587174], [146.346965, -43.588254], [146.345353, -43.588407], [146.339293, -43.587526], [146.341063, -43.588733], [146.340047, -43.589952], [146.338722, -43.589882], [146.339082, -43.590956], [146.337733, -43.590831], [146.337278, -43.591666], [146.337907, -43.593038], [146.336781, -43.59187], [146.338, -43.594776], [146.339383, -43.596378]]], [[[146.27131, -43.648198], [146.271575, -43.648812], [146.270852, -43.649176], [146.271497, -43.650126], [146.270674, -43.650553], [146.271475, -43.650927], [146.270466, -43.651308], [146.270207, -43.653296], [146.269149, -43.653577], [146.270111, -43.654997], [146.268276, -43.656012], [146.268664, -43.656717], [146.267983, -43.656613], [146.26802, -43.657685], [146.267055, -43.657481], [146.267358, -43.658104], [146.269212, -43.65862], [146.274392, -43.656852], [146.280784, -43.656425], [146.282087, -43.655388], [146.282512, -43.656066], [146.284343, -43.654394], [146.284106, -43.653447], [146.28534, -43.651788], [146.286411, -43.651435], [146.285642, -43.651412], [146.284905, -43.648778], [146.283133, -43.646543], [146.284161, -43.645613], [146.279212, -43.643718], [146.279313, -43.642494], [146.280169, -43.642437], [146.281023, -43.640506], [146.278143, -43.638732], [146.276129, -43.636135], [146.274399, -43.636718], [146.274927, -43.638081], [146.273641, -43.637812], [146.275801, -43.638663], [146.274236, -43.638851], [146.275138, -43.639145], [146.275513, -43.639949], [146.274581, -43.640132], [146.276177, -43.641412], [146.274521, -43.640996], [146.27374, -43.641973], [146.275064, -43.643188], [146.272113, -43.644286], [146.273709, -43.644522], [146.273097, -43.646985], [146.27131, -43.648198]]], [[[146.999908, -43.12072], [147.001696, -43.118651], [147.001376, -43.117892], [147.00617, -43.113104], [147.007645, -43.108404], [147.012927, -43.10409], [147.013419, -43.102483], [147.013576, -43.104492], [147.011818, -43.105894], [147.009813, -43.109457], [147.009411, -43.114928], [147.008227, -43.11406], [147.009105, -43.113434], [147.008083, -43.11394], [147.00783, -43.114991], [147.010075, -43.115689], [147.013611, -43.111723], [147.015156, -43.108226], [147.019011, -43.103371], [147.017823, -43.099167], [147.020111, -43.090727], [147.015679, -43.08994], [147.012438, -43.094088], [147.010182, -43.099086], [147.004912, -43.104127], [147.008591, -43.101605], [147.004578, -43.106443], [147.00362, -43.112458], [147.000188, -43.119386], [146.999908, -43.12072]]], [[[147.478625, -43.056664], [147.479631, -43.056552], [147.48183, -43.058181], [147.483094, -43.061184], [147.486718, -43.063475], [147.486585, -43.064681], [147.488359, -43.065394], [147.489053, -43.063041], [147.490641, -43.06352], [147.490717, -43.060755], [147.489037, -43.059629], [147.49038, -43.056911], [147.485794, -43.050024], [147.486906, -43.049344], [147.485946, -43.046025], [147.483832, -43.044161], [147.480732, -43.044877], [147.47642, -43.044643], [147.472132, -43.045822], [147.472677, -43.048017], [147.475301, -43.050699], [147.476688, -43.050657], [147.476414, -43.051856], [147.478354, -43.053288], [147.478078, -43.054163], [147.479425, -43.055256], [147.478754, -43.055907], [147.478625, -43.056664]]], [[[147.039862, -43.053902], [147.035042, -43.055337], [147.030661, -43.058595], [147.030513, -43.061839], [147.024815, -43.070623], [147.023812, -43.076466], [147.027207, -43.075248], [147.023502, -43.077438], [147.028779, -43.075728], [147.032955, -43.070883], [147.036232, -43.063656], [147.03997, -43.058509], [147.041365, -43.052895], [147.039995, -43.054205], [147.039819, -43.057666], [147.039629, -43.054684], [147.039862, -43.053902]]], [[[147.098708, -43.40834], [147.10097, -43.409401], [147.103015, -43.406338], [147.102543, -43.404357], [147.103749, -43.402213], [147.10287, -43.400656], [147.103795, -43.400115], [147.104531, -43.396827], [147.105617, -43.3968], [147.105801, -43.395917], [147.102612, -43.393813], [147.101965, -43.391058], [147.100418, -43.389196], [147.098678, -43.389548], [147.098174, -43.391025], [147.099954, -43.392239], [147.100081, -43.394049], [147.096563, -43.394935], [147.096218, -43.395583], [147.097282, -43.396573], [147.094049, -43.398601], [147.095819, -43.400896], [147.096366, -43.403561], [147.098708, -43.40834]]], [[[147.020375, -43.090719], [147.027954, -43.081587], [147.029567, -43.078084], [147.029333, -43.076364], [147.023388, -43.078389], [147.020768, -43.080605], [147.016031, -43.089592], [147.020375, -43.090719]]], [[[146.534526, -43.563785], [146.528934, -43.563695], [146.52491, -43.566276], [146.523131, -43.569544], [146.520858, -43.571746], [146.52091, -43.573774], [146.51977, -43.574884], [146.520378, -43.575742], [146.517075, -43.577772], [146.515127, -43.582058], [146.51869, -43.579208], [146.521102, -43.579184], [146.52203, -43.576779], [146.521497, -43.575347], [146.522479, -43.573892], [146.524758, -43.571658], [146.526587, -43.572536], [146.528102, -43.57218], [146.527905, -43.569317], [146.52925, -43.567689], [146.530231, -43.567699], [146.534526, -43.563785]]], [[[146.285371, -43.620976], [146.287693, -43.622737], [146.286975, -43.623723], [146.287678, -43.624042], [146.290796, -43.622396], [146.293686, -43.623242], [146.294534, -43.622797], [146.29442, -43.621987], [146.295182, -43.622414], [146.295527, -43.620472], [146.297123, -43.619707], [146.296008, -43.61862], [146.296793, -43.618219], [146.296612, -43.616715], [146.294961, -43.615948], [146.295516, -43.615069], [146.293392, -43.614417], [146.292455, -43.612961], [146.29089, -43.613312], [146.290964, -43.614338], [146.290322, -43.61411], [146.291079, -43.615123], [146.289859, -43.615691], [146.290209, -43.616477], [146.28876, -43.616396], [146.289301, -43.617741], [146.286263, -43.617929], [146.287652, -43.618856], [146.285371, -43.620976]]], [[[147.126608, -43.262351], [147.127542, -43.264092], [147.130777, -43.264528], [147.133873, -43.259496], [147.134314, -43.257341], [147.132855, -43.253923], [147.134195, -43.252812], [147.132138, -43.252202], [147.129748, -43.252992], [147.129178, -43.255444], [147.127719, -43.256781], [147.127046, -43.260053], [147.126608, -43.262351]]], [[[147.14085, -43.293396], [147.144692, -43.294181], [147.14521, -43.292162], [147.147018, -43.29164], [147.147971, -43.290031], [147.148138, -43.285191], [147.146796, -43.285096], [147.142492, -43.28826], [147.138237, -43.289659], [147.138188, -43.290664], [147.13955, -43.291773], [147.14085, -43.293396]]], [[[145.970114, -43.418352], [145.971353, -43.418402], [145.969855, -43.416398], [145.96983, -43.414321], [145.970408, -43.414419], [145.970864, -43.412934], [145.970253, -43.412185], [145.968562, -43.412262], [145.968567, -43.41307], [145.967665, -43.413243], [145.967686, -43.417307], [145.964459, -43.419045], [145.963359, -43.422184], [145.965264, -43.422112], [145.963439, -43.423217], [145.964229, -43.423803], [145.964555, -43.423059], [145.96495, -43.424042], [145.966138, -43.424006], [145.966658, -43.425434], [145.96812, -43.425608], [145.968352, -43.424118], [145.969501, -43.424046], [145.967638, -43.419522], [145.968972, -43.41988], [145.969745, -43.419053], [145.970114, -43.418352]]], [[[147.219157, -43.320019], [147.225362, -43.32052], [147.225417, -43.32223], [147.227685, -43.321731], [147.224744, -43.316757], [147.223298, -43.31604], [147.217331, -43.316384], [147.21581, -43.318746], [147.219157, -43.320019]]], [[[147.005397, -43.129655], [147.003006, -43.13155], [147.004912, -43.130785], [147.005998, -43.129119], [147.006914, -43.121551], [147.006269, -43.121787], [147.009644, -43.116161], [147.007552, -43.11498], [147.007832, -43.113854], [147.00866, -43.113297], [147.007942, -43.11274], [147.006034, -43.113977], [147.006385, -43.114851], [147.004803, -43.117347], [147.005943, -43.118427], [147.007488, -43.116755], [147.003095, -43.125002], [147.003744, -43.125394], [147.005354, -43.123703], [147.005805, -43.125532], [147.005397, -43.129655]]], [[[147.040306, -43.339294], [147.041799, -43.338501], [147.045981, -43.338707], [147.047422, -43.337238], [147.04557, -43.334754], [147.043041, -43.334683], [147.037616, -43.33689], [147.037234, -43.3378], [147.040306, -43.339294]]], [[[146.35934, -43.537037], [146.35926, -43.53519], [146.36006, -43.535582], [146.360328, -43.534908], [146.360678, -43.535747], [146.361205, -43.534949], [146.361628, -43.535915], [146.363558, -43.536034], [146.364946, -43.534664], [146.364262, -43.533796], [146.362648, -43.534219], [146.359248, -43.532849], [146.358204, -43.533311], [146.357581, -43.532462], [146.355, -43.533104], [146.355684, -43.535125], [146.354598, -43.535974], [146.354686, -43.537001], [146.356739, -43.537175], [146.356661, -43.536382], [146.357213, -43.536854], [146.358594, -43.534979], [146.358056, -43.536678], [146.35934, -43.537037]]], [[[145.965866, -43.327283], [145.966444, -43.328703], [145.964607, -43.32842], [145.966205, -43.329555], [145.964449, -43.329406], [145.964351, -43.330453], [145.963532, -43.330722], [145.9642, -43.332066], [145.964807, -43.331633], [145.964388, -43.332438], [145.965834, -43.334306], [145.966975, -43.33479], [145.966096, -43.33307], [145.966327, -43.329979], [145.969612, -43.327391], [145.969696, -43.326273], [145.967202, -43.325465], [145.967905, -43.326104], [145.966936, -43.32661], [145.967188, -43.327183], [145.966526, -43.326933], [145.965866, -43.327283]]], [[[146.996069, -43.534022], [146.996557, -43.534564], [146.998498, -43.53373], [146.997224, -43.532226], [146.998848, -43.531105], [146.998089, -43.529289], [146.998903, -43.52867], [146.999609, -43.524246], [146.995154, -43.5272], [146.995521, -43.528363], [146.997967, -43.529757], [146.9971, -43.531617], [146.997142, -43.532642], [146.996069, -43.534022]]], [[[147.134506, -43.494198], [147.13401, -43.49355], [147.132157, -43.494398], [147.131987, -43.49611], [147.133758, -43.496972], [147.133888, -43.499359], [147.136542, -43.497257], [147.13724, -43.494113], [147.134506, -43.494198]]], [[[146.273007, -43.631784], [146.272195, -43.632374], [146.272913, -43.63245], [146.274418, -43.632001], [146.275289, -43.632744], [146.274565, -43.633199], [146.275719, -43.633143], [146.274896, -43.633498], [146.27672, -43.634374], [146.278576, -43.631586], [146.277582, -43.630715], [146.27581, -43.631712], [146.27529, -43.630628], [146.274623, -43.631444], [146.274327, -43.630289], [146.273315, -43.629968], [146.273009, -43.63065], [146.271767, -43.629841], [146.269904, -43.631089], [146.270751, -43.631815], [146.273007, -43.631784]]], [[[146.372501, -43.740334], [146.375037, -43.738649], [146.374999, -43.737786], [146.372652, -43.736075], [146.370467, -43.735975], [146.369874, -43.73689], [146.37159, -43.738675], [146.371129, -43.74015], [146.372501, -43.740334]]], [[[147.292613, -43.528272], [147.295142, -43.526807], [147.293791, -43.523803], [147.291639, -43.524061], [147.291611, -43.525673], [147.292613, -43.528272]]], [[[145.968464, -43.323782], [145.968167, -43.32422], [145.969221, -43.323858], [145.968442, -43.324993], [145.969877, -43.325635], [145.97106, -43.32424], [145.969753, -43.321825], [145.968782, -43.322036], [145.968345, -43.320949], [145.966976, -43.321941], [145.96706, -43.322335], [145.967596, -43.322387], [145.967052, -43.323264], [145.968464, -43.323782]]], [[[146.58316, -43.57094], [146.584645, -43.568858], [146.58763, -43.567655], [146.585774, -43.567353], [146.582284, -43.569315], [146.58075, -43.570784], [146.580777, -43.571745], [146.5814, -43.5717], [146.58316, -43.57094]]], [[[146.976588, -43.483638], [146.97798, -43.481211], [146.979762, -43.479924], [146.97783, -43.479762], [146.973848, -43.483549], [146.976588, -43.483638]]], [[[147.009842, -43.477291], [147.012399, -43.476364], [147.010096, -43.475157], [147.006495, -43.476013], [147.006443, -43.476937], [147.007787, -43.476677], [147.009842, -43.477291]]], [[[146.375062, -43.642051], [146.373895, -43.64208], [146.372528, -43.643657], [146.373921, -43.645628], [146.375864, -43.643604], [146.375055, -43.64269], [146.375062, -43.642051]]], [[[146.979714, -43.32849], [146.982862, -43.328426], [146.980223, -43.326806], [146.976589, -43.326908], [146.979714, -43.32849]]], [[[146.152412, -43.380975], [146.154556, -43.379928], [146.155624, -43.378851], [146.155474, -43.377692], [146.152916, -43.378786], [146.152382, -43.380424], [146.152412, -43.380975]]], [[[145.981867, -43.356499], [145.983643, -43.354236], [145.9847, -43.351682], [145.982447, -43.35354], [145.981503, -43.356077], [145.981867, -43.356499]]], [[[147.488651, -42.820804], [147.489411, -42.818806], [147.487231, -42.81846], [147.486345, -42.819872], [147.488651, -42.820804]]], [[[146.160561, -43.37608], [146.161727, -43.374882], [146.159678, -43.374183], [146.157701, -43.375721], [146.160561, -43.37608]]], [[[146.248602, -43.66244], [146.252525, -43.66215], [146.253788, -43.661294], [146.251985, -43.660696], [146.250812, -43.661256], [146.248602, -43.66244]]], [[[146.119708, -43.530969], [146.119116, -43.527923], [146.117066, -43.52813], [146.116965, -43.52861], [146.118506, -43.530058], [146.119708, -43.530969]]], [[[147.373677, -43.35045], [147.374268, -43.350268], [147.370015, -43.348941], [147.367973, -43.349893], [147.373677, -43.35045]]], [[[145.996215, -43.331197], [145.996436, -43.328403], [145.995078, -43.327906], [145.994221, -43.32912], [145.996215, -43.331197]]], [[[146.98754, -43.329791], [146.98809, -43.329906], [146.987246, -43.32748], [146.984566, -43.327824], [146.98754, -43.329791]]], [[[146.993185, -43.553113], [146.995855, -43.552237], [146.992539, -43.550908], [146.992272, -43.551346], [146.993185, -43.553113]]], [[[146.145141, -43.368724], [146.148917, -43.36992], [146.148811, -43.368532], [146.147578, -43.368092], [146.145141, -43.368724]]], [[[147.292656, -43.174752], [147.293965, -43.17337], [147.293764, -43.172605], [147.2923, -43.172366], [147.291657, -43.174295], [147.292656, -43.174752]]], [[[145.931373, -43.412993], [145.932065, -43.410816], [145.932875, -43.410979], [145.93087, -43.410193], [145.930467, -43.410798], [145.931351, -43.411508], [145.929115, -43.411726], [145.931373, -43.412993]]], [[[145.932989, -43.421371], [145.934871, -43.420108], [145.932152, -43.419456], [145.931543, -43.420425], [145.932989, -43.421371]]], [[[147.007515, -43.339345], [147.009304, -43.337923], [147.008206, -43.337148], [147.006195, -43.338202], [147.007515, -43.339345]]], [[[147.290101, -43.199215], [147.291664, -43.196645], [147.29017, -43.195667], [147.289589, -43.197641], [147.290343, -43.198395], [147.290101, -43.199215]]], [[[147.004872, -43.133207], [147.005177, -43.130929], [147.00451, -43.131359], [147.003215, -43.136796], [147.004872, -43.133207]]], [[[147.207728, -43.419072], [147.209124, -43.419087], [147.209095, -43.417737], [147.207338, -43.416948], [147.207565, -43.418253], [147.207728, -43.419072]]], [[[146.010519, -43.338402], [146.013118, -43.337852], [146.011116, -43.337247], [146.008337, -43.338518], [146.010519, -43.338402]]], [[[147.341685, -43.441803], [147.341206, -43.440224], [147.340268, -43.440344], [147.339506, -43.438882], [147.33894, -43.439776], [147.341685, -43.441803]]], [[[147.008808, -43.111014], [147.009315, -43.108097], [147.008032, -43.108509], [147.008323, -43.110262], [147.008808, -43.111014]]], [[[146.155854, -43.372611], [146.156381, -43.371898], [146.154148, -43.371159], [146.154198, -43.372205], [146.155854, -43.372611]]], [[[146.254334, -43.662297], [146.256771, -43.662844], [146.257933, -43.662167], [146.257328, -43.661938], [146.256088, -43.661921], [146.254334, -43.662297]]], [[[145.96521, -43.33483], [145.966024, -43.337505], [145.96607, -43.335786], [145.967613, -43.335198], [145.966059, -43.334954], [145.96521, -43.33483]]], [[[146.944715, -43.492853], [146.947128, -43.49214], [146.946753, -43.490962], [146.94593, -43.491565], [146.944715, -43.492853]]], [[[145.96044, -43.346007], [145.959265, -43.347004], [145.959845, -43.347486], [145.961602, -43.346419], [145.96044, -43.346007]]], [[[147.297992, -43.525053], [147.29721, -43.526691], [147.297951, -43.526701], [147.299095, -43.525302], [147.297992, -43.525053]]], [[[146.266095, -43.66204], [146.267011, -43.661082], [146.266109, -43.660842], [146.264502, -43.661453], [146.266095, -43.66204]]], [[[146.1431, -43.367876], [146.144426, -43.368001], [146.140534, -43.366331], [146.140782, -43.366976], [146.1431, -43.367876]]], [[[146.007478, -43.458918], [146.008884, -43.457642], [146.008269, -43.457258], [146.008111, -43.457857], [146.006417, -43.457722], [146.007478, -43.458918]]], [[[146.383857, -43.639063], [146.38163, -43.63861], [146.382168, -43.639405], [146.383998, -43.639865], [146.383857, -43.639063]]], [[[146.602786, -43.571289], [146.604091, -43.571224], [146.603714, -43.570641], [146.601759, -43.571212], [146.602015, -43.572537], [146.602786, -43.571289]]], [[[147.008622, -43.096703], [147.00959, -43.094404], [147.008875, -43.094734], [147.007683, -43.097957], [147.008622, -43.096703]]], [[[146.901755, -43.517648], [146.903493, -43.518535], [146.903694, -43.518229], [146.902804, -43.516884], [146.901755, -43.517648]]], [[[146.558987, -43.515618], [146.561124, -43.515078], [146.55933, -43.515043], [146.558878, -43.51437], [146.557994, -43.51477], [146.558987, -43.515618]]], [[[147.297049, -43.527064], [147.297117, -43.525821], [147.295822, -43.526562], [147.295863, -43.527481], [147.297049, -43.527064]]], [[[147.358646, -43.404676], [147.360049, -43.404483], [147.359613, -43.403398], [147.358684, -43.403567], [147.358646, -43.404676]]], [[[147.016982, -43.113462], [147.018319, -43.111807], [147.017295, -43.111651], [147.016662, -43.113071], [147.016982, -43.113462]]], [[[146.00722, -43.459005], [146.005806, -43.457991], [146.005503, -43.458533], [146.006304, -43.45962], [146.00722, -43.459005]]], [[[146.260436, -43.663354], [146.263761, -43.663213], [146.262035, -43.662455], [146.26092, -43.663276], [146.260436, -43.663354]]], [[[146.984516, -43.330969], [146.987298, -43.331458], [146.986738, -43.330927], [146.985342, -43.33041], [146.984516, -43.330969]]], [[[147.298463, -43.528383], [147.29687, -43.528469], [147.296441, -43.52928], [147.297185, -43.529593], [147.297616, -43.529007], [147.298463, -43.528383]]], [[[146.36616, -43.535724], [146.367566, -43.536146], [146.367009, -43.535018], [146.365843, -43.535245], [146.365918, -43.536335], [146.36616, -43.535724]]], [[[146.001655, -43.439295], [146.003462, -43.438487], [146.001672, -43.438288], [146.001207, -43.438937], [146.001655, -43.439295]]], [[[146.048765, -43.339232], [146.050708, -43.339126], [146.050148, -43.338468], [146.048193, -43.338931], [146.048765, -43.339232]]], [[[145.958628, -43.425889], [145.959665, -43.425326], [145.958425, -43.424479], [145.958222, -43.425647], [145.958628, -43.425889]]], [[[147.416426, -43.059084], [147.417865, -43.0587], [147.417873, -43.057864], [147.41723, -43.057884], [147.416426, -43.059084]]], [[[145.91887, -43.206769], [145.920531, -43.205424], [145.918983, -43.205905], [145.918227, -43.206934], [145.91887, -43.206769]]], [[[145.921419, -43.419], [145.920915, -43.41772], [145.920079, -43.418417], [145.920416, -43.418849], [145.921419, -43.419]]], [[[147.274777, -43.020518], [147.27339, -43.019567], [147.273374, -43.020106], [147.274125, -43.021064], [147.274777, -43.020518]]], [[[147.302309, -43.517217], [147.30217, -43.516542], [147.301637, -43.516427], [147.300813, -43.517365], [147.302309, -43.517217]]], [[[146.010475, -43.45904], [146.010798, -43.458784], [146.009901, -43.458222], [146.008965, -43.45879], [146.010475, -43.45904]]], [[[146.380135, -43.535549], [146.379734, -43.534853], [146.379012, -43.535291], [146.37919, -43.536066], [146.380135, -43.535549]]], [[[147.48556, -43.068635], [147.486184, -43.068443], [147.485599, -43.067446], [147.484951, -43.067809], [147.48556, -43.068635]]], [[[146.901353, -43.516869], [146.902431, -43.51621], [146.901615, -43.515818], [146.900945, -43.516497], [146.901353, -43.516869]]], [[[146.973725, -43.448078], [146.973826, -43.447294], [146.972894, -43.447386], [146.972905, -43.448293], [146.973725, -43.448078]]], [[[146.162546, -43.519173], [146.163403, -43.517445], [146.162491, -43.517726], [146.162494, -43.518076], [146.162546, -43.519173]]], [[[146.947589, -43.484048], [146.948084, -43.483125], [146.94754, -43.481593], [146.947428, -43.481777], [146.947614, -43.483045], [146.947589, -43.484048]]], [[[147.364122, -43.400082], [147.364057, -43.39862], [147.363642, -43.398754], [147.363489, -43.399731], [147.364122, -43.400082]]], [[[147.247648, -43.493685], [147.247726, -43.494567], [147.248505, -43.49434], [147.248341, -43.493638], [147.247648, -43.493685]]], [[[146.256701, -43.630212], [146.258248, -43.629385], [146.25697, -43.629466], [146.256631, -43.629824], [146.256701, -43.630212]]], [[[146.925968, -43.545322], [146.926512, -43.544922], [146.926143, -43.544438], [146.925383, -43.544647], [146.925968, -43.545322]]], [[[147.272047, -43.024574], [147.272787, -43.024209], [147.271599, -43.024066], [147.271018, -43.024471], [147.272047, -43.024574]]], [[[147.30613, -43.295611], [147.305618, -43.295822], [147.306928, -43.296691], [147.306583, -43.295871], [147.30613, -43.295611]]], [[[145.929753, -43.389825], [145.930293, -43.389694], [145.930078, -43.388499], [145.929677, -43.389159], [145.929753, -43.389825]]], [[[145.932462, -43.408939], [145.93168, -43.409714], [145.932263, -43.409905], [145.932645, -43.409631], [145.932462, -43.408939]]], [[[147.03233, -43.324167], [147.032424, -43.323864], [147.031441, -43.323573], [147.031529, -43.324287], [147.03233, -43.324167]]], [[[145.958872, -43.348574], [145.959995, -43.348044], [145.958548, -43.34807], [145.958567, -43.34861], [145.958872, -43.348574]]], [[[146.323726, -43.529682], [146.324092, -43.529072], [146.323574, -43.528853], [146.323087, -43.529282], [146.323726, -43.529682]]], [[[146.32069, -43.535516], [146.31916, -43.535093], [146.319255, -43.535472], [146.320131, -43.535702], [146.32069, -43.535516]]], [[[145.969476, -43.425548], [145.970028, -43.425869], [145.969821, -43.424522], [145.969446, -43.42521], [145.969476, -43.425548]]], [[[147.180411, -43.287829], [147.18088, -43.287282], [147.180321, -43.287156], [147.179711, -43.287658], [147.180411, -43.287829]]], [[[147.208522, -43.419935], [147.209249, -43.419501], [147.2091, -43.419276], [147.208186, -43.419296], [147.208522, -43.419935]]], [[[147.206989, -43.423242], [147.206998, -43.422135], [147.206689, -43.422415], [147.206421, -43.423252], [147.206989, -43.423242]]], [[[146.323648, -43.533328], [146.324531, -43.532955], [146.323817, -43.532582], [146.323466, -43.533012], [146.323648, -43.533328]]], [[[146.418939, -43.539173], [146.419401, -43.538735], [146.418935, -43.538309], [146.418498, -43.538712], [146.418939, -43.539173]]], [[[146.096825, -43.557197], [146.096514, -43.556388], [146.096254, -43.556955], [146.096764, -43.557855], [146.096825, -43.557197]]], [[[145.966252, -43.427325], [145.966039, -43.427461], [145.966717, -43.428173], [145.967304, -43.428109], [145.966252, -43.427325]]], [[[147.177682, -43.4934], [147.178137, -43.492814], [147.17784, -43.492598], [147.17721, -43.492734], [147.177682, -43.4934]]], [[[145.922609, -43.41999], [145.922237, -43.418192], [145.92216, -43.418353], [145.92212, -43.419445], [145.922609, -43.41999]]], [[[147.130189, -43.499102], [147.130631, -43.4982], [147.130149, -43.498462], [147.129559, -43.499346], [147.130189, -43.499102]]], [[[147.173979, -43.427269], [147.174545, -43.426422], [147.17373, -43.426738], [147.173645, -43.427314], [147.173979, -43.427269]]], [[[147.249456, -43.494122], [147.249145, -43.493655], [147.248886, -43.493898], [147.249162, -43.494879], [147.249456, -43.494122]]], [[[146.160327, -43.318709], [146.161182, -43.318371], [146.159987, -43.318245], [146.159925, -43.318598], [146.160327, -43.318709]]], [[[146.979185, -43.326258], [146.9808, -43.326343], [146.977299, -43.326025], [146.977821, -43.326318], [146.979185, -43.326258]]], [[[147.306991, -43.295223], [147.306811, -43.295193], [147.307066, -43.29653], [147.307335, -43.295793], [147.306991, -43.295223]]], [[[147.018012, -43.080289], [147.018614, -43.079674], [147.018063, -43.079428], [147.017864, -43.080146], [147.018012, -43.080289]]], [[[147.244332, -43.47769], [147.243699, -43.477151], [147.243305, -43.477512], [147.2438, -43.477709], [147.244332, -43.47769]]], [[[145.926507, -43.417837], [145.926158, -43.417588], [145.925897, -43.418042], [145.926289, -43.418447], [145.926507, -43.417837]]], [[[147.042028, -43.331376], [147.041572, -43.33104], [147.041398, -43.33145], [147.041904, -43.331861], [147.042028, -43.331376]]], [[[147.193305, -43.467046], [147.193304, -43.466668], [147.192858, -43.466858], [147.192676, -43.467605], [147.193305, -43.467046]]], [[[147.298622, -43.52742], [147.299054, -43.527139], [147.298769, -43.526942], [147.297831, -43.527539], [147.298622, -43.52742]]], [[[147.029719, -43.076883], [147.029903, -43.075964], [147.029296, -43.076193], [147.02949, -43.076467], [147.029719, -43.076883]]], [[[146.357055, -43.537753], [146.356016, -43.537639], [146.35599, -43.537756], [146.356902, -43.538103], [146.357055, -43.537753]]], [[[147.18688, -43.480464], [147.187127, -43.480293], [147.186779, -43.479699], [147.186433, -43.479925], [147.18688, -43.480464]]], [[[146.154144, -43.519424], [146.154432, -43.518747], [146.154002, -43.518817], [146.153733, -43.519212], [146.154144, -43.519424]]], [[[146.122905, -43.528839], [146.122564, -43.528874], [146.122756, -43.529354], [146.123292, -43.529616], [146.122905, -43.528839]]], [[[147.107881, -43.441556], [147.108094, -43.441623], [147.108079, -43.440875], [147.10756, -43.441019], [147.107881, -43.441556]]], [[[146.257831, -43.629004], [146.257025, -43.629061], [146.256984, -43.629304], [146.257815, -43.629346], [146.257831, -43.629004]]], [[[147.004389, -43.104633], [147.003468, -43.106077], [147.003923, -43.106022], [147.004046, -43.105348], [147.004389, -43.104633]]], [[[147.412766, -43.195209], [147.413197, -43.195306], [147.413206, -43.194766], [147.412652, -43.194804], [147.412766, -43.195209]]], [[[146.99676, -43.338066], [146.997518, -43.337901], [146.997042, -43.337594], [146.996654, -43.337732], [146.99676, -43.338066]]], [[[147.291742, -43.51186], [147.292176, -43.512201], [147.292061, -43.511283], [147.291777, -43.5115], [147.291742, -43.51186]]], [[[147.039017, -43.060315], [147.039635, -43.059246], [147.039142, -43.059663], [147.03871, -43.060446], [147.039017, -43.060315]]], [[[145.960045, -43.344978], [145.959407, -43.345038], [145.95985, -43.345333], [145.960436, -43.345437], [145.960045, -43.344978]]], [[[145.962698, -43.346327], [145.963179, -43.345834], [145.962752, -43.345696], [145.962492, -43.345938], [145.962698, -43.346327]]], [[[145.93335, -43.409768], [145.933399, -43.40916], [145.933019, -43.409309], [145.932958, -43.409811], [145.93335, -43.409768]]], [[[147.152247, -43.491105], [147.152631, -43.491447], [147.152579, -43.4907], [147.152122, -43.490835], [147.152247, -43.491105]]], [[[147.382445, -43.372704], [147.382375, -43.371777], [147.38219, -43.372144], [147.382055, -43.372659], [147.382445, -43.372704]]], [[[147.177914, -43.492454], [147.177801, -43.491977], [147.177443, -43.492167], [147.177333, -43.492491], [147.177914, -43.492454]]], [[[146.246949, -43.661727], [146.247497, -43.661532], [146.246657, -43.661293], [146.246666, -43.661572], [146.246949, -43.661727]]], [[[147.270359, -43.025085], [147.270952, -43.025144], [147.270396, -43.024636], [147.270162, -43.024845], [147.270359, -43.025085]]], [[[147.168632, -43.490267], [147.168357, -43.489439], [147.168148, -43.489669], [147.168235, -43.490007], [147.168632, -43.490267]]], [[[145.999792, -43.425476], [145.999403, -43.425952], [145.999655, -43.426019], [146.000144, -43.425515], [145.999792, -43.425476]]], [[[145.966075, -43.326849], [145.965647, -43.326409], [145.965594, -43.326701], [145.965878, -43.327188], [145.966075, -43.326849]]], [[[147.004734, -43.476077], [147.00487, -43.475672], [147.004544, -43.475704], [147.004164, -43.476062], [147.004734, -43.476077]]], [[[146.108625, -43.558602], [146.108444, -43.558353], [146.108222, -43.558463], [146.108416, -43.559095], [146.108625, -43.558602]]], [[[146.972107, -43.446912], [146.972876, -43.446614], [146.972515, -43.446493], [146.972216, -43.446551], [146.972107, -43.446912]]], [[[147.34062, -43.367366], [147.340847, -43.3673], [147.340287, -43.366948], [147.340057, -43.367196], [147.34062, -43.367366]]], [[[146.976921, -43.326449], [146.977571, -43.326374], [146.977346, -43.326211], [146.976582, -43.326241], [146.976921, -43.326449]]], [[[146.947199, -43.489038], [146.947291, -43.488592], [146.946961, -43.48853], [146.946877, -43.488933], [146.947199, -43.489038]]], [[[147.133316, -43.498404], [147.133538, -43.498161], [147.13287, -43.49827], [147.132723, -43.498522], [147.133316, -43.498404]]], [[[146.069628, -43.559397], [146.068684, -43.559552], [146.069257, -43.559498], [146.06969, -43.559969], [146.069628, -43.559397]]], [[[146.178808, -43.358834], [146.178976, -43.358819], [146.17794, -43.358243], [146.178295, -43.358646], [146.178808, -43.358834]]], [[[146.998581, -43.33675], [146.998805, -43.336432], [146.998659, -43.336401], [146.998049, -43.336702], [146.998581, -43.33675]]], [[[146.604797, -43.561314], [146.6052, -43.561388], [146.604685, -43.561006], [146.60449, -43.561474], [146.604797, -43.561314]]], [[[146.419967, -43.539098], [146.419742, -43.539349], [146.420947, -43.538869], [146.420588, -43.538921], [146.419967, -43.539098]]], [[[146.995747, -43.338241], [146.99613, -43.338011], [146.995594, -43.33788], [146.995625, -43.338223], [146.995747, -43.338241]]], [[[147.15021, -43.492981], [147.150073, -43.492504], [147.149877, -43.493305], [147.150025, -43.493179], [147.15021, -43.492981]]], [[[147.008885, -43.340084], [147.00849, -43.339877], [147.008379, -43.340138], [147.00854, -43.340282], [147.008885, -43.340084]]], [[[146.977184, -43.325759], [146.977555, -43.325623], [146.977232, -43.325514], [146.976773, -43.325682], [146.977184, -43.325759]]], [[[147.136691, -43.497482], [147.13705, -43.497709], [147.137086, -43.497511], [147.136863, -43.497247], [147.136691, -43.497482]]], [[[147.135209, -43.498891], [147.135431, -43.49842], [147.135196, -43.498447], [147.135073, -43.498882], [147.135209, -43.498891]]], [[[147.010301, -43.107411], [147.010395, -43.107102], [147.010252, -43.107107], [147.009906, -43.107408], [147.010301, -43.107411]]], [[[147.482465, -43.03096], [147.482645, -43.030583], [147.482258, -43.030847], [147.482154, -43.031085], [147.482465, -43.03096]]], [[[146.639399, -43.585392], [146.63981, -43.585123], [146.639686, -43.585036], [146.639403, -43.585088], [146.639399, -43.585392]]], [[[147.106811, -43.436356], [147.106946, -43.435978], [147.106748, -43.43605], [147.106552, -43.436518], [147.106811, -43.436356]]], [[[146.639918, -43.587942], [146.640092, -43.587526], [146.63981, -43.587671], [146.639689, -43.587936], [146.639918, -43.587942]]], [[[147.271995, -43.021905], [147.271628, -43.021727], [147.271886, -43.022152], [147.271998, -43.022214], [147.271995, -43.021905]]], [[[145.953062, -43.423778], [145.953041, -43.423686], [145.952675, -43.423885], [145.952853, -43.424091], [145.953062, -43.423778]]], [[[147.297771, -43.527944], [147.297795, -43.527773], [147.297326, -43.52799], [147.297426, -43.528116], [147.297771, -43.527944]]], [[[146.640198, -43.589383], [146.640427, -43.589133], [146.640397, -43.58907], [146.640004, -43.589117], [146.640198, -43.589383]]], [[[146.154385, -43.373932], [146.153961, -43.37387], [146.154118, -43.374067], [146.154385, -43.374157], [146.154385, -43.373932]]], [[[147.108239, -43.440388], [147.108263, -43.440262], [147.107917, -43.440281], [147.107992, -43.440587], [147.108239, -43.440388]]], [[[147.489616, -43.072066], [147.48938, -43.071725], [147.489308, -43.072059], [147.489407, -43.072139], [147.489616, -43.072066]]], [[[147.366446, -43.392073], [147.366216, -43.392286], [147.366442, -43.392426], [147.366537, -43.392246], [147.366446, -43.392073]]], [[[145.961994, -43.345583], [145.962082, -43.345535], [145.961647, -43.345377], [145.96157, -43.345557], [145.961994, -43.345583]]], [[[147.010551, -43.106933], [147.010688, -43.106851], [147.010528, -43.106672], [147.010279, -43.106759], [147.010551, -43.106933]]], [[[147.425716, -43.254008], [147.425949, -43.253846], [147.425457, -43.253928], [147.425421, -43.254072], [147.425716, -43.254008]]], [[[147.247143, -43.49419], [147.247168, -43.494235], [147.24729, -43.493749], [147.247056, -43.493902], [147.247143, -43.49419]]], [[[147.392103, -42.976979], [147.392201, -42.976963], [147.391937, -42.976457], [147.391903, -42.976602], [147.392103, -42.976979]]], [[[145.95368, -43.424849], [145.95392, -43.424656], [145.953658, -43.424587], [145.953583, -43.424736], [145.95368, -43.424849]]], [[[147.271285, -43.022083], [147.271282, -43.021856], [147.271138, -43.021843], [147.271056, -43.022033], [147.271285, -43.022083]]], [[[147.490972, -42.818203], [147.491096, -42.818403], [147.49084, -42.817095], [147.490941, -42.817703], [147.490972, -42.818203]]], [[[147.403129, -42.968683], [147.403128, -42.968575], [147.402847, -42.968675], [147.402811, -42.968837], [147.403129, -42.968683]]], [[[147.261614, -43.224008], [147.261489, -43.223648], [147.261416, -43.223783], [147.261441, -43.223945], [147.261614, -43.224008]]], [[[147.49023, -42.818586], [147.48997, -42.81828], [147.489935, -42.818398], [147.490071, -42.818577], [147.49023, -42.818586]]], [[[147.271373, -43.025063], [147.271544, -43.025017], [147.271005, -43.024909], [147.271193, -43.025035], [147.271373, -43.025063]]], [[[147.489546, -43.071121], [147.489398, -43.071023], [147.489337, -43.071032], [147.489363, -43.071257], [147.489546, -43.071121]]], [[[147.48268, -43.030999], [147.482788, -43.030803], [147.482577, -43.030946], [147.482553, -43.031072], [147.48268, -43.030999]]], [[[147.484634, -43.036511], [147.484819, -43.036241], [147.484765, -43.03625], [147.484581, -43.036427], [147.484634, -43.036511]]], [[[147.484442, -43.036489], [147.484306, -43.036303], [147.484269, -43.036322], [147.48428, -43.036491], [147.484442, -43.036489]]], [[[147.271266, -43.021728], [147.271273, -43.021698], [147.271129, -43.021696], [147.270982, -43.021879], [147.271266, -43.021728]]], [[[147.482813, -43.031148], [147.482809, -43.031112], [147.482619, -43.031166], [147.482716, -43.031222], [147.482813, -43.031148]]], [[[147.484332, -43.036973], [147.484389, -43.036981], [147.484338, -43.036837], [147.484319, -43.036917], [147.484332, -43.036973]]], [[[145.928375, -43.177928], [145.928363, -43.177917], [145.92834, -43.177998], [145.928375, -43.177928]]]]}}, {"type": "Feature", "properties": {"index": "LYNS", "division": "Lyons", "state": "Tasmania", "year": "1992", "proclaimed": "19920401", "quota": "0", "electors": "0", "deviation": ""}, "geometry": {"type": "MultiPolygon", "coordinates": [[[[145.090846, -41.653578], [145.091435, -41.651796], [145.090174, -41.651302], [145.089802, -41.650572], [145.091126, -41.650319], [145.092087, -41.649062], [145.096402, -41.649407], [145.104053, -41.643745], [145.097088, -41.649483], [145.095483, -41.649784], [145.092225, -41.649371], [145.090354, -41.651053], [145.091599, -41.651586], [145.091417, -41.653397], [145.094382, -41.652229], [145.097691, -41.652562], [145.100957, -41.654257], [145.10381, -41.654629], [145.103775, -41.655895], [145.094685, -41.653287], [145.08372, -41.657007], [145.081232, -41.657116], [145.079554, -41.656284], [145.076657, -41.652367], [145.074519, -41.651765], [145.070198, -41.652151], [145.066696, -41.651233], [145.062093, -41.647983], [145.061085, -41.645762], [145.061373, -41.643398], [145.065354, -41.63836], [145.065983, -41.636421], [145.059011, -41.627477], [145.05681, -41.627838], [145.054049, -41.630509], [145.051069, -41.630062], [145.050451, -41.629392], [145.050811, -41.626079], [145.049925, -41.6251], [145.04033, -41.621631], [145.034723, -41.618396], [145.026903, -41.618999], [145.015412, -41.617494], [145.005252, -41.617822], [144.998774, -41.621343], [144.995907, -41.626002], [144.993942, -41.627277], [144.991442, -41.62792], [144.984892, -41.627765], [144.976099, -41.630086], [144.972441, -41.633731], [144.963997, -41.638378], [144.958723, -41.646756], [144.955508, -41.649319], [144.95108, -41.650671], [144.942679, -41.655166], [144.937868, -41.656549], [144.93047, -41.66185], [144.929747, -41.664142], [144.927274, -41.66555], [144.924912, -41.665608], [144.926382, -41.67287], [144.926936, -41.671272], [144.928801, -41.671292], [144.931804, -41.673355], [144.933047, -41.673352], [144.935892, -41.676224], [144.938741, -41.676107], [144.941072, -41.678031], [144.941846, -41.677634], [144.941418, -41.678172], [144.941097, -41.678166], [144.938568, -41.676131], [144.936616, -41.676401], [144.93583, -41.676334], [144.933084, -41.673491], [144.931784, -41.673457], [144.929318, -41.671912], [144.928746, -41.671355], [144.92869, -41.671764], [144.92844, -41.671858], [144.927516, -41.671408], [144.927219, -41.675902], [144.926202, -41.677086], [144.923179, -41.678333], [144.922061, -41.680458], [144.920265, -41.680515], [144.919915, -41.68144], [144.918378, -41.681228], [144.914914, -41.683461], [144.912793, -41.683635], [144.912289, -41.685158], [144.913324, -41.685521], [144.911097, -41.686697], [144.911599, -41.687551], [144.910987, -41.68793], [144.912232, -41.688956], [144.91122, -41.691228], [144.912359, -41.691054], [144.912744, -41.691764], [144.911985, -41.693866], [144.913783, -41.693765], [144.914028, -41.695711], [144.915242, -41.695888], [144.915888, -41.697057], [144.91609, -41.698221], [144.915145, -41.699636], [144.915651, -41.701087], [144.917271, -41.702193], [144.917383, -41.703694], [144.918813, -41.704065], [144.918147, -41.705967], [144.918958, -41.706062], [144.919043, -41.707424], [144.917626, -41.707702], [144.918078, -41.708356], [144.91711, -41.709128], [144.917721, -41.7101], [144.919395, -41.710531], [144.920102, -41.711675], [144.919526, -41.713044], [144.921059, -41.713031], [144.920318, -41.714031], [144.922047, -41.71511], [144.921855, -41.716106], [144.923437, -41.716919], [144.924384, -41.716512], [144.925575, -41.718066], [144.928762, -41.719419], [144.928538, -41.720375], [144.926503, -41.720528], [144.927021, -41.720933], [144.929359, -41.720775], [144.930842, -41.721789], [144.931199, -41.721292], [144.931775, -41.722439], [144.934198, -41.723747], [144.934046, -41.724538], [144.938055, -41.724409], [144.938967, -41.722455], [144.940944, -41.722587], [144.941691, -41.721668], [144.940822, -41.720685], [144.942681, -41.720712], [144.943241, -41.718984], [144.944758, -41.718162], [144.944325, -41.717748], [144.946267, -41.717913], [144.947862, -41.716469], [144.954941, -41.716772], [144.962298, -41.720608], [144.969557, -41.726494], [144.972188, -41.730159], [144.973929, -41.72933], [144.97539, -41.729587], [144.972588, -41.732058], [144.974237, -41.732267], [144.978577, -41.738103], [144.985053, -41.735538], [144.984789, -41.735963], [144.980747, -41.738028], [144.980118, -41.739562], [144.984678, -41.742348], [144.988426, -41.74636], [144.993217, -41.746445], [144.991209, -41.747075], [144.990653, -41.747996], [144.994957, -41.75382], [144.996194, -41.756865], [144.997317, -41.7568], [144.996887, -41.755112], [144.997551, -41.754884], [144.999131, -41.755101], [144.998718, -41.755213], [144.997592, -41.755022], [144.997238, -41.755239], [144.997582, -41.757053], [144.994606, -41.759115], [144.995414, -41.760147], [144.994948, -41.762164], [144.996804, -41.762757], [144.996768, -41.763741], [144.998047, -41.763676], [145.003879, -41.766504], [145.004316, -41.768195], [145.009502, -41.766851], [145.010145, -41.767371], [145.009544, -41.766912], [145.007083, -41.768383], [145.004506, -41.768898], [145.004588, -41.769558], [145.00693, -41.770138], [145.008095, -41.772766], [145.007832, -41.773594], [145.004789, -41.774451], [145.006446, -41.774354], [145.006747, -41.776188], [145.006375, -41.777302], [145.004804, -41.777415], [145.005967, -41.778514], [145.004806, -41.778826], [145.006683, -41.779398], [145.007052, -41.783692], [145.007801, -41.784597], [145.009437, -41.784533], [145.011, -41.786199], [145.009459, -41.786437], [145.012878, -41.787463], [145.010635, -41.790175], [145.015506, -41.791454], [145.01495, -41.793156], [145.013172, -41.7932], [145.015644, -41.793827], [145.014601, -41.794862], [145.015698, -41.796212], [145.015876, -41.795518], [145.018962, -41.795253], [145.021133, -41.796675], [145.020026, -41.798493], [145.017924, -41.799532], [145.018912, -41.799377], [145.018389, -41.799927], [145.019089, -41.800027], [145.020176, -41.798866], [145.02286, -41.801956], [145.022849, -41.803655], [145.02365, -41.804546], [145.028955, -41.806096], [145.031221, -41.805336], [145.032888, -41.806018], [145.033133, -41.807898], [145.031692, -41.809005], [145.031641, -41.80996], [145.026801, -41.809801], [145.02731, -41.811771], [145.028683, -41.812009], [145.028205, -41.812958], [145.029104, -41.813326], [145.028914, -41.812531], [145.030189, -41.813932], [145.03413, -41.81392], [145.035753, -41.814966], [145.0393, -41.812874], [145.041761, -41.816332], [145.042773, -41.816428], [145.043269, -41.817977], [145.043771, -41.81767], [145.043845, -41.819124], [145.044726, -41.819225], [145.045217, -41.820616], [145.045981, -41.820594], [145.045205, -41.819724], [145.046278, -41.820776], [145.046833, -41.82046], [145.046847, -41.821252], [145.048384, -41.820828], [145.051691, -41.821524], [145.056788, -41.824076], [145.055468, -41.824373], [145.061898, -41.833466], [145.068595, -41.83618], [145.067498, -41.836819], [145.067418, -41.838518], [145.068265, -41.838933], [145.067508, -41.839372], [145.06756, -41.840878], [145.069127, -41.842206], [145.068532, -41.843905], [145.069342, -41.844665], [145.068563, -41.844865], [145.069964, -41.846959], [145.07027, -41.851727], [145.072422, -41.854474], [145.07146, -41.854712], [145.076206, -41.856914], [145.07813, -41.859235], [145.079808, -41.85984], [145.078803, -41.860539], [145.080096, -41.861752], [145.080838, -41.861595], [145.081617, -41.862963], [145.084483, -41.863404], [145.08408, -41.864234], [145.085533, -41.864955], [145.08581, -41.866485], [145.088954, -41.867843], [145.090124, -41.869277], [145.090921, -41.868839], [145.092412, -41.870592], [145.094844, -41.871093], [145.094106, -41.871255], [145.095037, -41.872179], [145.097909, -41.871908], [145.099731, -41.873535], [145.101312, -41.873538], [145.101103, -41.874252], [145.10292, -41.875347], [145.102227, -41.875939], [145.103988, -41.875869], [145.104916, -41.878204], [145.104873, -41.877468], [145.109202, -41.877107], [145.107319, -41.877917], [145.107971, -41.879632], [145.109192, -41.879831], [145.108608, -41.880653], [145.110923, -41.881725], [145.111453, -41.882921], [145.114085, -41.883351], [145.113338, -41.884327], [145.113778, -41.885133], [145.11295, -41.88484], [145.112215, -41.885598], [145.11447, -41.885532], [145.114547, -41.886714], [145.117818, -41.886685], [145.117513, -41.887314], [145.118686, -41.887976], [145.118149, -41.888253], [145.120567, -41.889227], [145.120326, -41.889817], [145.121364, -41.890369], [145.121513, -41.890955], [145.120512, -41.89109], [145.121851, -41.891482], [145.120786, -41.891909], [145.121678, -41.8929], [145.120946, -41.893792], [145.122408, -41.8947], [145.121614, -41.895357], [145.122302, -41.8955], [145.121757, -41.895969], [145.122404, -41.896708], [145.121577, -41.896907], [145.123817, -41.897918], [145.123172, -41.898113], [145.124106, -41.89907], [145.123514, -41.899449], [145.124607, -41.899573], [145.124435, -41.900499], [145.12576, -41.900163], [145.125155, -41.900765], [145.127483, -41.901607], [145.127078, -41.902313], [145.129812, -41.902896], [145.128964, -41.903783], [145.130238, -41.903556], [145.133075, -41.905634], [145.13718, -41.907117], [145.139486, -41.908897], [145.138791, -41.909682], [145.140696, -41.909667], [145.140882, -41.910658], [145.140316, -41.910695], [145.14091, -41.911006], [145.148181, -41.913362], [145.147695, -41.913663], [145.15193, -41.913818], [145.154939, -41.920328], [145.154075, -41.920242], [145.156397, -41.922025], [145.156669, -41.923172], [145.158059, -41.923125], [145.160171, -41.92499], [145.163204, -41.926009], [145.167699, -41.926361], [145.169036, -41.927439], [145.170557, -41.927099], [145.173969, -41.928457], [145.174755, -41.930613], [145.173928, -41.931645], [145.178808, -41.933297], [145.180687, -41.935975], [145.181324, -41.937709], [145.180243, -41.93792], [145.180984, -41.93834], [145.180254, -41.938911], [145.187506, -41.941154], [145.189044, -41.944441], [145.193915, -41.946325], [145.19481, -41.9489], [145.197907, -41.946425], [145.20038, -41.941663], [145.199509, -41.93939], [145.204115, -41.936815], [145.199807, -41.939588], [145.200892, -41.941536], [145.198378, -41.946972], [145.196877, -41.948587], [145.197193, -41.95], [145.200471, -41.953402], [145.202413, -41.958922], [145.200812, -41.957813], [145.196722, -41.950501], [145.193999, -41.949086], [145.190641, -41.945348], [145.190559, -41.946133], [145.192847, -41.950845], [145.196282, -41.954264], [145.212112, -41.981364], [145.214724, -41.984537], [145.217766, -41.991718], [145.22037, -41.99523], [145.220749, -41.997138], [145.235237, -42.02333], [145.251857, -42.060057], [145.252736, -42.059954], [145.252988, -42.058798], [145.25124, -42.052632], [145.24877, -42.04947], [145.248753, -42.046392], [145.246543, -42.042222], [145.246634, -42.039322], [145.244843, -42.031128], [145.245641, -42.027693], [145.248118, -42.024505], [145.248984, -42.021193], [145.253297, -42.018618], [145.255919, -42.018984], [145.260091, -42.022352], [145.267714, -42.022905], [145.259359, -42.022612], [145.255711, -42.019588], [145.253247, -42.019488], [145.24588, -42.031124], [145.247927, -42.038428], [145.246811, -42.040487], [145.249484, -42.046163], [145.249739, -42.048779], [145.251883, -42.052036], [145.253475, -42.057731], [145.253504, -42.059935], [145.252, -42.062569], [145.25489, -42.068521], [145.255635, -42.07446], [145.257211, -42.08016], [145.258368, -42.081743], [145.258303, -42.084604], [145.258992, -42.086871], [145.259847, -42.087319], [145.259307, -42.089122], [145.262102, -42.099218], [145.261593, -42.101057], [145.261982, -42.103694], [145.262819, -42.104438], [145.262265, -42.105515], [145.263105, -42.108424], [145.262894, -42.111036], [145.263729, -42.112306], [145.26329, -42.117256], [145.264045, -42.118046], [145.263912, -42.127002], [145.264492, -42.127472], [145.26345, -42.143617], [145.264108, -42.144824], [145.263025, -42.146083], [145.262287, -42.14962], [145.25957, -42.168154], [145.256775, -42.178151], [145.249852, -42.190408], [145.241282, -42.199986], [145.229788, -42.208412], [145.224495, -42.213816], [145.222778, -42.216756], [145.223136, -42.218705], [145.22792, -42.221463], [145.240597, -42.220256], [145.249216, -42.220926], [145.256892, -42.225305], [145.259384, -42.228956], [145.268076, -42.232105], [145.274099, -42.232869], [145.280442, -42.23194], [145.289682, -42.227293], [145.289635, -42.224042], [145.285872, -42.217202], [145.288028, -42.21243], [145.287374, -42.210758], [145.287713, -42.208566], [145.289836, -42.206427], [145.287918, -42.201418], [145.290374, -42.198512], [145.290786, -42.197431], [145.290158, -42.196647], [145.288849, -42.196361], [145.283538, -42.198016], [145.287615, -42.20014], [145.287196, -42.201952], [145.287872, -42.205578], [145.289163, -42.206712], [145.285037, -42.210097], [145.281167, -42.210465], [145.274596, -42.208772], [145.268583, -42.203669], [145.268149, -42.202388], [145.272671, -42.198907], [145.275488, -42.195023], [145.276739, -42.194429], [145.277139, -42.191637], [145.280458, -42.189339], [145.281817, -42.186678], [145.286918, -42.183313], [145.289559, -42.183773], [145.291595, -42.183193], [145.293762, -42.179167], [145.299866, -42.179674], [145.302319, -42.17906], [145.303153, -42.181959], [145.309542, -42.17647], [145.310164, -42.173414], [145.311872, -42.173929], [145.311339, -42.174828], [145.311897, -42.175791], [145.317155, -42.176745], [145.318164, -42.176185], [145.317637, -42.17467], [145.318421, -42.17284], [145.315503, -42.168541], [145.315737, -42.167296], [145.314174, -42.166151], [145.314545, -42.163642], [145.312742, -42.162578], [145.311765, -42.160365], [145.313543, -42.158825], [145.31631, -42.160429], [145.315341, -42.158831], [145.315747, -42.15776], [145.312445, -42.15732], [145.311406, -42.156313], [145.311409, -42.154198], [145.307835, -42.152513], [145.30357, -42.15281], [145.305522, -42.151453], [145.305443, -42.150383], [145.307823, -42.148906], [145.309922, -42.149582], [145.311425, -42.151766], [145.312705, -42.151115], [145.311581, -42.152121], [145.312703, -42.151889], [145.314018, -42.154312], [145.319867, -42.153794], [145.32306, -42.156568], [145.326836, -42.155353], [145.330015, -42.153006], [145.329643, -42.152629], [145.331725, -42.152732], [145.333926, -42.15176], [145.334788, -42.153095], [145.334336, -42.155455], [145.330313, -42.156988], [145.325976, -42.160731], [145.32592, -42.162051], [145.328678, -42.164447], [145.329374, -42.167078], [145.329377, -42.170533], [145.328528, -42.171859], [145.329134, -42.173299], [145.33109, -42.174392], [145.333177, -42.173702], [145.335147, -42.171356], [145.334948, -42.1688], [145.336301, -42.167103], [145.3469, -42.168585], [145.351992, -42.173401], [145.354592, -42.174629], [145.35732, -42.174761], [145.359658, -42.177352], [145.360446, -42.180842], [145.360161, -42.188541], [145.358753, -42.190454], [145.356296, -42.19124], [145.359073, -42.192409], [145.364033, -42.192437], [145.371681, -42.193945], [145.377563, -42.196574], [145.386773, -42.19639], [145.391113, -42.193171], [145.393237, -42.193652], [145.395964, -42.195692], [145.401574, -42.195042], [145.408715, -42.197833], [145.412132, -42.197725], [145.415685, -42.196506], [145.419574, -42.19684], [145.42045, -42.196044], [145.419269, -42.19257], [145.420454, -42.190887], [145.424181, -42.1893], [145.428577, -42.188723], [145.432127, -42.191511], [145.432964, -42.188811], [145.433831, -42.188288], [145.443531, -42.190459], [145.444284, -42.192292], [145.447131, -42.194039], [145.446826, -42.196892], [145.447763, -42.198733], [145.449066, -42.199429], [145.456489, -42.195846], [145.46, -42.195059], [145.464064, -42.192256], [145.466852, -42.193293], [145.469668, -42.19667], [145.470473, -42.196085], [145.471083, -42.193389], [145.467736, -42.18987], [145.467567, -42.188887], [145.471562, -42.184938], [145.473351, -42.184726], [145.477468, -42.186068], [145.480928, -42.183935], [145.483107, -42.183696], [145.484379, -42.184294], [145.485452, -42.186432], [145.486997, -42.186539], [145.492187, -42.184182], [145.49124, -42.18057], [145.492393, -42.178883], [145.497839, -42.17775], [145.499953, -42.176319], [145.498153, -42.177854], [145.49217, -42.179778], [145.492385, -42.184565], [145.487023, -42.186916], [145.485215, -42.186636], [145.483181, -42.18407], [145.480816, -42.184263], [145.477354, -42.186396], [145.473235, -42.184939], [145.471508, -42.185374], [145.470376, -42.186908], [145.468168, -42.188312], [145.468127, -42.189771], [145.471418, -42.193003], [145.470756, -42.196478], [145.469823, -42.197144], [145.468757, -42.196824], [145.466226, -42.193136], [145.463897, -42.192569], [145.460124, -42.195396], [145.45718, -42.195858], [145.449001, -42.199769], [145.446447, -42.19785], [145.446751, -42.194171], [145.44368, -42.192373], [145.443306, -42.190802], [145.438019, -42.190127], [145.434023, -42.188706], [145.432423, -42.191879], [145.428242, -42.189055], [145.423696, -42.189805], [145.419838, -42.192379], [145.420972, -42.195777], [145.420421, -42.197047], [145.415409, -42.197059], [145.411219, -42.198418], [145.407653, -42.198216], [145.400971, -42.195383], [145.396836, -42.196468], [145.391194, -42.193728], [145.388002, -42.196803], [145.384573, -42.197856], [145.37544, -42.197145], [145.372841, -42.195462], [145.368123, -42.194084], [145.363815, -42.194097], [145.35974, -42.195723], [145.356292, -42.1941], [145.353112, -42.196655], [145.350815, -42.201467], [145.348205, -42.202527], [145.347626, -42.205355], [145.346049, -42.20679], [145.346433, -42.207555], [145.350209, -42.208787], [145.350626, -42.210517], [145.351736, -42.210652], [145.355898, -42.208666], [145.35732, -42.20709], [145.35598, -42.205752], [145.355849, -42.203711], [145.35739, -42.202003], [145.358425, -42.202103], [145.359314, -42.203605], [145.361546, -42.202982], [145.365465, -42.204765], [145.3706, -42.202192], [145.372257, -42.202138], [145.371815, -42.203189], [145.369169, -42.204786], [145.37034, -42.205754], [145.371956, -42.205794], [145.370065, -42.205934], [145.369255, -42.207995], [145.363995, -42.209866], [145.366898, -42.211329], [145.369245, -42.214741], [145.37153, -42.220799], [145.371811, -42.224361], [145.371084, -42.227413], [145.36429, -42.230434], [145.360909, -42.233798], [145.360632, -42.235355], [145.364115, -42.237742], [145.366869, -42.242065], [145.366423, -42.247211], [145.36396, -42.249895], [145.364972, -42.25023], [145.364827, -42.251677], [145.367259, -42.252082], [145.368175, -42.250521], [145.371598, -42.250155], [145.377435, -42.251744], [145.380403, -42.254375], [145.385977, -42.262515], [145.389458, -42.263331], [145.391539, -42.267387], [145.393463, -42.267991], [145.394389, -42.271211], [145.397013, -42.273211], [145.399698, -42.277471], [145.402938, -42.279341], [145.403388, -42.280561], [145.409959, -42.283623], [145.413759, -42.287484], [145.416788, -42.288025], [145.418335, -42.28928], [145.42299, -42.289975], [145.426352, -42.293553], [145.427818, -42.301502], [145.429857, -42.303469], [145.430375, -42.305396], [145.429854, -42.309711], [145.432466, -42.314304], [145.439245, -42.315238], [145.44554, -42.317134], [145.44686, -42.318363], [145.448636, -42.318308], [145.448651, -42.318928], [145.453877, -42.319336], [145.456449, -42.321099], [145.463377, -42.32346], [145.464438, -42.3264], [145.463981, -42.330854], [145.464833, -42.330984], [145.464224, -42.331853], [145.465309, -42.332885], [145.464462, -42.334117], [145.466685, -42.336783], [145.466131, -42.342648], [145.467109, -42.343495], [145.46756, -42.346129], [145.471948, -42.347696], [145.475515, -42.347349], [145.478337, -42.348707], [145.479373, -42.35491], [145.480365, -42.355816], [145.479326, -42.360082], [145.480962, -42.362128], [145.480852, -42.36448], [145.482422, -42.364905], [145.486397, -42.363212], [145.488177, -42.359192], [145.492642, -42.355928], [145.490377, -42.355722], [145.488954, -42.357261], [145.484933, -42.356658], [145.484709, -42.35571], [145.486916, -42.355144], [145.489854, -42.352491], [145.487132, -42.351625], [145.48615, -42.350426], [145.483351, -42.35107], [145.480031, -42.348919], [145.48054, -42.347241], [145.481213, -42.346644], [145.484014, -42.347006], [145.485102, -42.343958], [145.487514, -42.345107], [145.489247, -42.344636], [145.489724, -42.343183], [145.487598, -42.343051], [145.486826, -42.341979], [145.487559, -42.341546], [145.488483, -42.342119], [145.490055, -42.341587], [145.49113, -42.34287], [145.493516, -42.343457], [145.497503, -42.343016], [145.497868, -42.342384], [145.494766, -42.339042], [145.496356, -42.3386], [145.49831, -42.339187], [145.498684, -42.338408], [145.493931, -42.336699], [145.491408, -42.33685], [145.490711, -42.335429], [145.493849, -42.333942], [145.496399, -42.334343], [145.49303, -42.331149], [145.49388, -42.330599], [145.493809, -42.328329], [145.492724, -42.327272], [145.493851, -42.327184], [145.494187, -42.325148], [145.492314, -42.324834], [145.492105, -42.324092], [145.49356, -42.324034], [145.493075, -42.322884], [145.494117, -42.321867], [145.494225, -42.322797], [145.497326, -42.324987], [145.496773, -42.328213], [145.498685, -42.330235], [145.500591, -42.330877], [145.49946, -42.332343], [145.505146, -42.332567], [145.50849, -42.334637], [145.51198, -42.334799], [145.517507, -42.339768], [145.517522, -42.340924], [145.513126, -42.341549], [145.516236, -42.344082], [145.518349, -42.349893], [145.523469, -42.355375], [145.525349, -42.357993], [145.524934, -42.35876], [145.526736, -42.360539], [145.527013, -42.36221], [145.525833, -42.364621], [145.522711, -42.36704], [145.519607, -42.368087], [145.51519, -42.366781], [145.509644, -42.367435], [145.504828, -42.364193], [145.502588, -42.364012], [145.502078, -42.364885], [145.503028, -42.366717], [145.507134, -42.370093], [145.511825, -42.37202], [145.512366, -42.374196], [145.518063, -42.373049], [145.522791, -42.374972], [145.530178, -42.372616], [145.529673, -42.371296], [145.530822, -42.368375], [145.532628, -42.366891], [145.532711, -42.36313], [145.541254, -42.359195], [145.541852, -42.356207], [145.544184, -42.354597], [145.541434, -42.353805], [145.544447, -42.35387], [145.544253, -42.35313], [145.542903, -42.353119], [145.543745, -42.352124], [145.547296, -42.352641], [145.549062, -42.353768], [145.549569, -42.355322], [145.551869, -42.355501], [145.555421, -42.357204], [145.557614, -42.357028], [145.557406, -42.358209], [145.554303, -42.358184], [145.553211, -42.359039], [145.555273, -42.359154], [145.553486, -42.359426], [145.555649, -42.359758], [145.556659, -42.360955], [145.556895, -42.362594], [145.555765, -42.364042], [145.549924, -42.366903], [145.549683, -42.368186], [145.547363, -42.369816], [145.543795, -42.370107], [145.543406, -42.36799], [145.54256, -42.369195], [145.543189, -42.375001], [145.545318, -42.376379], [145.545438, -42.378347], [145.545327, -42.379669], [145.543425, -42.380664], [145.543672, -42.382918], [145.542711, -42.38314], [145.544658, -42.385152], [145.54863, -42.386197], [145.549886, -42.38796], [145.547844, -42.390168], [145.545719, -42.391028], [145.536235, -42.387129], [145.536852, -42.387929], [145.536473, -42.388992], [145.534601, -42.389897], [145.533899, -42.392427], [145.535031, -42.393379], [145.534397, -42.394657], [145.535411, -42.395894], [145.534463, -42.397351], [145.533534, -42.396961], [145.533774, -42.397982], [145.535609, -42.398372], [145.536691, -42.399666], [145.535697, -42.40359], [145.533581, -42.404247], [145.534685, -42.404373], [145.534827, -42.40548], [145.533002, -42.406404], [145.533742, -42.406894], [145.533295, -42.408479], [145.528777, -42.41305], [145.522653, -42.417687], [145.51958, -42.418992], [145.520417, -42.420912], [145.524841, -42.421685], [145.525506, -42.423619], [145.522475, -42.427367], [145.51568, -42.43087], [145.515379, -42.432476], [145.514318, -42.432683], [145.513056, -42.434502], [145.523383, -42.441034], [145.524527, -42.443517], [145.53085, -42.447113], [145.534238, -42.447447], [145.536486, -42.445954], [145.537214, -42.443775], [145.539109, -42.441734], [145.544429, -42.438614], [145.547694, -42.437411], [145.557118, -42.436072], [145.563257, -42.43784], [145.565961, -42.439822], [145.569214, -42.44028], [145.571268, -42.441602], [145.578925, -42.443998], [145.580151, -42.446165], [145.578512, -42.444462], [145.574988, -42.44418], [145.581413, -42.448115], [145.593582, -42.450668], [145.596457, -42.449837], [145.598209, -42.446353], [145.601407, -42.445564], [145.60429, -42.446569], [145.606518, -42.450566], [145.608294, -42.450703], [145.613584, -42.448247], [145.616414, -42.445469], [145.611561, -42.440919], [145.609252, -42.436456], [145.610497, -42.434762], [145.612914, -42.434366], [145.615648, -42.43522], [145.621212, -42.442394], [145.625766, -42.44448], [145.627233, -42.444133], [145.629211, -42.442165], [145.634966, -42.440019], [145.638499, -42.436541], [145.645783, -42.434272], [145.650241, -42.434488], [145.658533, -42.436853], [145.66423, -42.440806], [145.673267, -42.44273], [145.673829, -42.448296], [145.675609, -42.453559], [145.675847, -42.459921], [145.67696, -42.464823], [145.674375, -42.471952], [145.675382, -42.474792], [145.673479, -42.482851], [145.674835, -42.48925], [145.674204, -42.49211], [145.674628, -42.494059], [145.676888, -42.496371], [145.67875, -42.502002], [145.67822, -42.506398], [145.674452, -42.508531], [145.674157, -42.509575], [145.675699, -42.518039], [145.671735, -42.522027], [145.669325, -42.526215], [145.667096, -42.527739], [145.672775, -42.531537], [145.674067, -42.534117], [145.673265, -42.536525], [145.668221, -42.536869], [145.667354, -42.538005], [145.667897, -42.539378], [145.67193, -42.542849], [145.673855, -42.547978], [145.672218, -42.553896], [145.671843, -42.560717], [145.674638, -42.563171], [145.679235, -42.563467], [145.682201, -42.566526], [145.683417, -42.569301], [145.69061, -42.568392], [145.693735, -42.570073], [145.697417, -42.569905], [145.701175, -42.571647], [145.707227, -42.576837], [145.709734, -42.580495], [145.710992, -42.585097], [145.718659, -42.589459], [145.722234, -42.589088], [145.728199, -42.582465], [145.72929, -42.582031], [145.732252, -42.583541], [145.736712, -42.589292], [145.741359, -42.591139], [145.737466, -42.590631], [145.735904, -42.589327], [145.731812, -42.583735], [145.729697, -42.582795], [145.727077, -42.584147], [145.722184, -42.590039], [145.718173, -42.590035], [145.709458, -42.584485], [145.709299, -42.581433], [145.706923, -42.577386], [145.698605, -42.570882], [145.693361, -42.570949], [145.689699, -42.569778], [145.683637, -42.571045], [145.679648, -42.565804], [145.676166, -42.564312], [145.674243, -42.564609], [145.670983, -42.562363], [145.670291, -42.553709], [145.672292, -42.550009], [145.672251, -42.547747], [145.669964, -42.542614], [145.666338, -42.539845], [145.666151, -42.538227], [145.667395, -42.535817], [145.671522, -42.535474], [145.672542, -42.534346], [145.670549, -42.531579], [145.666337, -42.52912], [145.665285, -42.527497], [145.673942, -42.517432], [145.672218, -42.511525], [145.672208, -42.508595], [145.672926, -42.507361], [145.676307, -42.505561], [145.677123, -42.504088], [145.675636, -42.49696], [145.672787, -42.493821], [145.672278, -42.492156], [145.673162, -42.488104], [145.67171, -42.482822], [145.6734, -42.474652], [145.672494, -42.470051], [145.674814, -42.4651], [145.674599, -42.460781], [145.671367, -42.44776], [145.671991, -42.444866], [145.67102, -42.443486], [145.665988, -42.4434], [145.662846, -42.442437], [145.658144, -42.438261], [145.648221, -42.435776], [145.644774, -42.435914], [145.641737, -42.43707], [145.635138, -42.44169], [145.630775, -42.442874], [145.626303, -42.445889], [145.622714, -42.445007], [145.619939, -42.443292], [145.614073, -42.436538], [145.61149, -42.435811], [145.61114, -42.436584], [145.612529, -42.4388], [145.618204, -42.445481], [145.613669, -42.450771], [145.60815, -42.453045], [145.605887, -42.452526], [145.604321, -42.451163], [145.6034, -42.449527], [145.603573, -42.448116], [145.601515, -42.447094], [145.5994, -42.447793], [145.59727, -42.450975], [145.592239, -42.451972], [145.587103, -42.450365], [145.57944, -42.449908], [145.570284, -42.444809], [145.561237, -42.441501], [145.55474, -42.44041], [145.549395, -42.440742], [145.544191, -42.442176], [145.540799, -42.443767], [145.539495, -42.445311], [145.540829, -42.445668], [145.53943, -42.445422], [145.536673, -42.448621], [145.531057, -42.449533], [145.524184, -42.446277], [145.519008, -42.441295], [145.515629, -42.439346], [145.509014, -42.436192], [145.504825, -42.435973], [145.503907, -42.433461], [145.502251, -42.431882], [145.495216, -42.429633], [145.494054, -42.42848], [145.493356, -42.425999], [145.493746, -42.423585], [145.491948, -42.422257], [145.486287, -42.422586], [145.481931, -42.426878], [145.478228, -42.42892], [145.468338, -42.431424], [145.465229, -42.433186], [145.460954, -42.434004], [145.460167, -42.434894], [145.458028, -42.434789], [145.453232, -42.43916], [145.452654, -42.442002], [145.454647, -42.442643], [145.456687, -42.440527], [145.460683, -42.440528], [145.46152, -42.439673], [145.461176, -42.438061], [145.462353, -42.439255], [145.464886, -42.438919], [145.46564, -42.437987], [145.465821, -42.439546], [145.469904, -42.439105], [145.473877, -42.440561], [145.469737, -42.442018], [145.464043, -42.442595], [145.466348, -42.443658], [145.46644, -42.444774], [145.467753, -42.445486], [145.469303, -42.448007], [145.469062, -42.448989], [145.470956, -42.450429], [145.470691, -42.45253], [145.472726, -42.458647], [145.472447, -42.463935], [145.475514, -42.466053], [145.474551, -42.469181], [145.475323, -42.47113], [145.473209, -42.473547], [145.478538, -42.473821], [145.480201, -42.475379], [145.479186, -42.47781], [145.477284, -42.47872], [145.478709, -42.480243], [145.476737, -42.486008], [145.478362, -42.488998], [145.477562, -42.490671], [145.474939, -42.492002], [145.472726, -42.497765], [145.474457, -42.499114], [145.474104, -42.500121], [145.472315, -42.500994], [145.477974, -42.506061], [145.475873, -42.51309], [145.477182, -42.514614], [145.478262, -42.514579], [145.480411, -42.517675], [145.481796, -42.525698], [145.48091, -42.52597], [145.479514, -42.524914], [145.476269, -42.526494], [145.473909, -42.525843], [145.47324, -42.523781], [145.471202, -42.521521], [145.467638, -42.521017], [145.466096, -42.519052], [145.467018, -42.516304], [145.46587, -42.513613], [145.466257, -42.512016], [145.465059, -42.509922], [145.465571, -42.507753], [145.46331, -42.50414], [145.463169, -42.501343], [145.461906, -42.500602], [145.463064, -42.497666], [145.462269, -42.494575], [145.46402, -42.493365], [145.463782, -42.492377], [145.465378, -42.491979], [145.464409, -42.491149], [145.465525, -42.489721], [145.465877, -42.488504], [145.465066, -42.487652], [145.465878, -42.48697], [145.46355, -42.481433], [145.462398, -42.48133], [145.463704, -42.477833], [145.462225, -42.475149], [145.462455, -42.472633], [145.460877, -42.471081], [145.461138, -42.469908], [145.460206, -42.468237], [145.46037, -42.466168], [145.459104, -42.462765], [145.46013, -42.462051], [145.457859, -42.460569], [145.459181, -42.458265], [145.4574, -42.456069], [145.457619, -42.454235], [145.456681, -42.452773], [145.455003, -42.452147], [145.455457, -42.450775], [145.453705, -42.450087], [145.454025, -42.448894], [145.45184, -42.446998], [145.451741, -42.444932], [145.450007, -42.443292], [145.449831, -42.441528], [145.447918, -42.438409], [145.44664, -42.437442], [145.447519, -42.43348], [145.446507, -42.429065], [145.448402, -42.424928], [145.447626, -42.419922], [145.448372, -42.41746], [145.450838, -42.416694], [145.450603, -42.415037], [145.45175, -42.413649], [145.450556, -42.409891], [145.452003, -42.405292], [145.453279, -42.404432], [145.448124, -42.404087], [145.442448, -42.401174], [145.441704, -42.39887], [145.439221, -42.397065], [145.439737, -42.393124], [145.438001, -42.391778], [145.436476, -42.388879], [145.434858, -42.38932], [145.43442, -42.387884], [145.435423, -42.386385], [145.433699, -42.386815], [145.432034, -42.386113], [145.432218, -42.384554], [145.430727, -42.381948], [145.428516, -42.383348], [145.427345, -42.381188], [145.426368, -42.381725], [145.424888, -42.381184], [145.42405, -42.377062], [145.423261, -42.378214], [145.420352, -42.377977], [145.41895, -42.374237], [145.417689, -42.374584], [145.41568, -42.373481], [145.415589, -42.371743], [145.412657, -42.371697], [145.411967, -42.369922], [145.409201, -42.370673], [145.404919, -42.373432], [145.39756, -42.374864], [145.393513, -42.374271], [145.390273, -42.371874], [145.39063, -42.370158], [145.389897, -42.370018], [145.389551, -42.367752], [145.386267, -42.367715], [145.383782, -42.366059], [145.383829, -42.365161], [145.381076, -42.36478], [145.380275, -42.363764], [145.3805, -42.361969], [145.378787, -42.360799], [145.373363, -42.360414], [145.373119, -42.358917], [145.373906, -42.358624], [145.372301, -42.357121], [145.37291, -42.355839], [145.370943, -42.355483], [145.370093, -42.353476], [145.369343, -42.35427], [145.36812, -42.353992], [145.366204, -42.355727], [145.364228, -42.354889], [145.363907, -42.352145], [145.36077, -42.350734], [145.359967, -42.34877], [145.358275, -42.349128], [145.357233, -42.348154], [145.355052, -42.348225], [145.355724, -42.346894], [145.35482, -42.346607], [145.354746, -42.345207], [145.35349, -42.343875], [145.351893, -42.344275], [145.349226, -42.341646], [145.347124, -42.342786], [145.344284, -42.341551], [145.340304, -42.337055], [145.339627, -42.33731], [145.339623, -42.338537], [145.341213, -42.343338], [145.339246, -42.343334], [145.338658, -42.344635], [145.337962, -42.34441], [145.337508, -42.342293], [145.338146, -42.341681], [145.337118, -42.339483], [145.334048, -42.339682], [145.331752, -42.3387], [145.332084, -42.335002], [145.33114, -42.333316], [145.330972, -42.330395], [145.32037, -42.327629], [145.316252, -42.3251], [145.315997, -42.323192], [145.310036, -42.320457], [145.309391, -42.315758], [145.311026, -42.308927], [145.310454, -42.307348], [145.311588, -42.298902], [145.312994, -42.295551], [145.315444, -42.292442], [145.317507, -42.285349], [145.315277, -42.285921], [145.316012, -42.287934], [145.307557, -42.29384], [145.306703, -42.295413], [145.299572, -42.296653], [145.292655, -42.295823], [145.290196, -42.290804], [145.291911, -42.287711], [145.291146, -42.284292], [145.289586, -42.282895], [145.285846, -42.282396], [145.282196, -42.282917], [145.279138, -42.281619], [145.275451, -42.283584], [145.271484, -42.28458], [145.270565, -42.289415], [145.266261, -42.290977], [145.25802, -42.290195], [145.253472, -42.288472], [145.250207, -42.282058], [145.251003, -42.280264], [145.253573, -42.279866], [145.254653, -42.278504], [145.254573, -42.27258], [145.255416, -42.270611], [145.254965, -42.26811], [145.256062, -42.267325], [145.246868, -42.264233], [145.241348, -42.264402], [145.237054, -42.263355], [145.235993, -42.262113], [145.236322, -42.260163], [145.234495, -42.257256], [145.235712, -42.252348], [145.232538, -42.247891], [145.235607, -42.24531], [145.235782, -42.244082], [145.234136, -42.243605], [145.233516, -42.242544], [145.225764, -42.243813], [145.221007, -42.242017], [145.220036, -42.238476], [145.221168, -42.235219], [145.220275, -42.234685], [145.222106, -42.231895], [145.223925, -42.231864], [145.224859, -42.22842], [145.223146, -42.226896], [145.221067, -42.226707], [145.220678, -42.222919], [145.214453, -42.218816], [145.214005, -42.214028], [145.214981, -42.212144], [145.214323, -42.212053], [145.214475, -42.21128], [145.211062, -42.211315], [145.209097, -42.210126], [145.208595, -42.202655], [145.207299, -42.200093], [145.207132, -42.200323], [145.208497, -42.202835], [145.208754, -42.207399], [145.199764, -42.207912], [145.199996, -42.207164], [145.198369, -42.205287], [145.199703, -42.204608], [145.199911, -42.202276], [145.197628, -42.198979], [145.197955, -42.197699], [145.193091, -42.196776], [145.190203, -42.195293], [145.186329, -42.195158], [145.185955, -42.194501], [145.184351, -42.196126], [145.183589, -42.194178], [145.180001, -42.194456], [145.178677, -42.193237], [145.17711, -42.193085], [145.175215, -42.19479], [145.17579, -42.196932], [145.173074, -42.197345], [145.171365, -42.196743], [145.170958, -42.197582], [145.166948, -42.19603], [145.167082, -42.197411], [145.166038, -42.196615], [145.165367, -42.197331], [145.166157, -42.198188], [145.165903, -42.199245], [145.167028, -42.199629], [145.167477, -42.197741], [145.169796, -42.200581], [145.170679, -42.200651], [145.17197, -42.204489], [145.172585, -42.204126], [145.176409, -42.206447], [145.175062, -42.207885], [145.173487, -42.208252], [145.174551, -42.208438], [145.173523, -42.209612], [145.173943, -42.209927], [145.178495, -42.207605], [145.181305, -42.207755], [145.181772, -42.209123], [145.183182, -42.207998], [145.184884, -42.20855], [145.18653, -42.207233], [145.189224, -42.207066], [145.19011, -42.208012], [145.18835, -42.209115], [145.18786, -42.210956], [145.18952, -42.210378], [145.191162, -42.210886], [145.191682, -42.213333], [145.190366, -42.215789], [145.1882, -42.215546], [145.187471, -42.216973], [145.188253, -42.218264], [145.186136, -42.221687], [145.187863, -42.221799], [145.188919, -42.224271], [145.192021, -42.224983], [145.19362, -42.228312], [145.192451, -42.231365], [145.191592, -42.231823], [145.192219, -42.232039], [145.190953, -42.232226], [145.190969, -42.23331], [145.189931, -42.233633], [145.190252, -42.23552], [145.189364, -42.237025], [145.190146, -42.23748], [145.19069, -42.239873], [145.189418, -42.240961], [145.189954, -42.242553], [145.189129, -42.2421], [145.189167, -42.242615], [145.193854, -42.245415], [145.194999, -42.245039], [145.19474, -42.247004], [145.195493, -42.246339], [145.197288, -42.248054], [145.19918, -42.247669], [145.199428, -42.249914], [145.201131, -42.25017], [145.20091, -42.251032], [145.202142, -42.250827], [145.20184, -42.251456], [145.20255, -42.251123], [145.203381, -42.252736], [145.204611, -42.252679], [145.205139, -42.254297], [145.20588, -42.254422], [145.206476, -42.255423], [145.205338, -42.256777], [145.206404, -42.258017], [145.205219, -42.258391], [145.20649, -42.259165], [145.205104, -42.259746], [145.206554, -42.26054], [145.205729, -42.261677], [145.207414, -42.261692], [145.207317, -42.262866], [145.209087, -42.263153], [145.208119, -42.266484], [145.211709, -42.272152], [145.211313, -42.274077], [145.212248, -42.274356], [145.211932, -42.274955], [145.213726, -42.277729], [145.213864, -42.279445], [145.213064, -42.280604], [145.213966, -42.28236], [145.211682, -42.28546], [145.210209, -42.28521], [145.211097, -42.287297], [145.210309, -42.287227], [145.210578, -42.288627], [145.209192, -42.288795], [145.211151, -42.28942], [145.210856, -42.291391], [145.211715, -42.292334], [145.211091, -42.295251], [145.212028, -42.29503], [145.212743, -42.296], [145.212464, -42.297446], [145.213811, -42.298368], [145.212673, -42.298204], [145.208982, -42.303495], [145.209373, -42.304067], [145.203206, -42.307535], [145.201078, -42.307609], [145.19912, -42.309786], [145.19828, -42.309464], [145.199071, -42.310478], [145.198538, -42.311206], [145.196214, -42.311945], [145.194996, -42.311279], [145.195251, -42.312015], [145.194008, -42.312137], [145.194179, -42.312841], [145.195702, -42.312806], [145.196386, -42.313656], [145.19554, -42.318614], [145.196615, -42.318801], [145.196651, -42.32012], [145.197297, -42.319848], [145.196325, -42.322185], [145.197373, -42.324243], [145.196409, -42.324574], [145.196542, -42.325415], [145.197431, -42.326121], [145.196851, -42.326002], [145.196129, -42.327835], [145.197151, -42.327216], [145.197381, -42.329324], [145.199508, -42.330124], [145.200185, -42.331737], [145.20423, -42.333266], [145.20352, -42.334189], [145.204782, -42.334702], [145.205033, -42.336148], [145.209834, -42.338349], [145.21027, -42.339406], [145.211169, -42.339212], [145.210863, -42.34135], [145.209883, -42.34133], [145.212216, -42.34235], [145.211283, -42.342861], [145.212309, -42.343724], [145.21283, -42.346143], [145.211933, -42.346069], [145.212719, -42.347817], [145.213142, -42.347157], [145.213731, -42.347504], [145.214632, -42.350702], [145.214899, -42.35019], [145.214891, -42.348901], [145.216033, -42.350163], [145.217492, -42.349508], [145.217241, -42.350462], [145.217721, -42.349782], [145.218528, -42.35146], [145.219359, -42.35097], [145.220256, -42.35186], [145.2203, -42.353466], [145.220899, -42.35315], [145.223181, -42.355295], [145.222561, -42.35958], [145.220795, -42.361988], [145.22228, -42.362681], [145.219472, -42.36232], [145.217837, -42.361238], [145.217945, -42.363877], [145.217363, -42.364875], [145.215638, -42.364946], [145.215295, -42.365895], [145.21786, -42.368017], [145.218761, -42.36744], [145.221109, -42.367932], [145.221818, -42.366613], [145.222975, -42.366251], [145.225786, -42.36656], [145.226609, -42.367491], [145.22659, -42.369552], [145.228496, -42.370632], [145.229093, -42.375804], [145.22748, -42.377068], [145.227986, -42.378433], [145.226446, -42.380914], [145.225052, -42.381527], [145.224458, -42.383476], [145.225046, -42.385206], [145.224319, -42.386391], [145.226545, -42.385913], [145.228184, -42.386636], [145.228336, -42.387599], [145.233688, -42.391783], [145.23552, -42.394714], [145.236213, -42.394116], [145.235329, -42.391511], [145.236475, -42.390049], [145.237556, -42.390086], [145.237121, -42.390432], [145.236419, -42.39022], [145.236202, -42.391113], [145.237046, -42.391565], [145.237452, -42.395332], [145.235031, -42.396853], [145.236076, -42.396641], [145.234337, -42.399212], [145.235868, -42.404423], [145.237833, -42.406738], [145.240456, -42.406003], [145.24496, -42.406157], [145.244709, -42.406373], [145.241818, -42.406658], [145.241027, -42.406439], [145.239964, -42.406927], [145.238439, -42.406685], [145.238428, -42.411237], [145.239314, -42.411062], [145.239027, -42.411845], [145.241007, -42.412962], [145.236717, -42.413548], [145.237807, -42.414755], [145.236724, -42.415694], [145.236946, -42.416718], [145.234738, -42.416746], [145.234628, -42.417479], [145.237771, -42.418139], [145.241334, -42.421642], [145.240354, -42.42236], [145.241045, -42.424901], [145.24012, -42.425486], [145.243768, -42.425932], [145.245576, -42.429976], [145.244025, -42.431579], [145.242953, -42.431387], [145.243094, -42.431914], [145.244812, -42.432311], [145.244048, -42.432703], [145.24514, -42.43288], [145.244172, -42.434503], [145.243297, -42.434629], [145.249715, -42.438285], [145.250875, -42.437902], [145.252516, -42.439901], [145.250179, -42.441471], [145.251134, -42.441719], [145.251441, -42.443099], [145.25389, -42.443508], [145.253733, -42.445351], [145.251695, -42.44613], [145.254074, -42.447797], [145.252852, -42.44931], [145.252927, -42.451338], [145.251912, -42.451988], [145.253087, -42.453485], [145.25155, -42.452637], [145.247451, -42.45318], [145.248235, -42.453635], [145.246356, -42.455616], [145.245865, -42.462021], [145.244455, -42.463559], [145.244949, -42.464616], [145.24382, -42.46448], [145.242897, -42.466456], [145.239289, -42.466002], [145.238306, -42.46915], [145.23596, -42.470994], [145.236012, -42.472303], [145.237935, -42.472794], [145.239031, -42.475015], [145.240048, -42.475397], [145.239857, -42.477733], [145.240667, -42.478211], [145.240285, -42.478989], [145.241172, -42.480439], [145.241917, -42.48054], [145.242089, -42.481969], [145.247422, -42.481888], [145.243962, -42.484235], [145.244484, -42.486698], [145.246434, -42.487164], [145.248638, -42.485976], [145.250004, -42.486968], [145.252036, -42.486163], [145.255029, -42.488749], [145.254833, -42.491048], [145.254071, -42.491482], [145.25479, -42.492348], [145.253091, -42.493169], [145.253327, -42.495157], [145.257305, -42.496314], [145.258043, -42.499785], [145.257318, -42.499838], [145.259439, -42.500368], [145.261198, -42.503988], [145.25902, -42.506309], [145.259967, -42.511118], [145.258407, -42.513883], [145.258172, -42.51753], [145.25587, -42.518308], [145.254683, -42.51793], [145.253168, -42.519995], [145.254211, -42.521127], [145.253161, -42.521034], [145.252826, -42.522088], [145.253952, -42.522958], [145.253819, -42.52407], [145.255672, -42.52174], [145.258044, -42.522313], [145.259572, -42.523137], [145.260958, -42.525838], [145.263873, -42.526242], [145.267469, -42.528593], [145.266183, -42.532237], [145.266753, -42.535222], [145.26807, -42.535928], [145.269173, -42.537893], [145.271127, -42.538424], [145.270239, -42.539994], [145.271577, -42.541547], [145.271056, -42.54383], [145.274171, -42.545857], [145.275148, -42.548363], [145.27439, -42.549399], [145.27627, -42.551948], [145.277286, -42.551106], [145.278268, -42.551666], [145.279767, -42.551216], [145.279309, -42.5515], [145.280694, -42.55291], [145.279149, -42.555202], [145.276266, -42.554461], [145.275023, -42.555288], [145.275128, -42.556017], [145.280056, -42.557959], [145.277903, -42.560296], [145.278095, -42.561939], [145.277206, -42.561702], [145.277743, -42.563207], [145.279384, -42.562762], [145.281911, -42.564664], [145.283056, -42.563331], [145.284901, -42.563577], [145.286523, -42.566617], [145.28607, -42.567703], [145.287351, -42.567971], [145.288134, -42.569457], [145.291733, -42.567383], [145.295016, -42.567493], [145.301435, -42.570927], [145.30342, -42.570861], [145.304412, -42.571212], [145.304444, -42.572087], [145.303442, -42.571067], [145.301479, -42.573371], [145.300603, -42.573151], [145.299221, -42.577243], [145.299354, -42.578379], [145.301901, -42.579974], [145.301745, -42.582466], [145.30245, -42.582716], [145.301426, -42.584169], [145.30391, -42.585035], [145.304261, -42.586043], [145.301616, -42.586646], [145.301406, -42.588478], [145.300044, -42.589196], [145.300658, -42.590012], [145.299345, -42.592442], [145.297263, -42.593266], [145.297817, -42.593517], [145.297283, -42.594172], [145.295831, -42.594049], [145.295363, -42.595223], [145.295619, -42.595857], [145.298628, -42.595719], [145.300357, -42.598979], [145.301714, -42.599051], [145.300266, -42.599513], [145.299047, -42.601147], [145.297308, -42.600297], [145.297152, -42.601352], [145.295866, -42.600921], [145.293759, -42.601659], [145.294914, -42.603363], [145.293967, -42.604578], [145.290658, -42.607444], [145.287019, -42.608312], [145.285856, -42.610054], [145.284234, -42.609626], [145.28497, -42.61198], [145.28343, -42.611958], [145.28083, -42.614927], [145.274989, -42.614179], [145.273183, -42.612428], [145.270236, -42.612945], [145.269322, -42.614425], [145.266442, -42.612037], [145.265049, -42.61218], [145.265189, -42.613046], [145.262981, -42.61275], [145.262733, -42.614129], [145.263908, -42.614144], [145.264114, -42.614889], [145.263193, -42.61587], [145.264143, -42.61591], [145.262611, -42.616851], [145.263517, -42.619057], [145.262096, -42.61903], [145.263129, -42.619471], [145.262578, -42.619827], [145.263443, -42.621334], [145.262948, -42.621623], [145.264636, -42.620866], [145.266011, -42.621405], [145.266058, -42.622962], [145.267523, -42.621905], [145.267916, -42.623385], [145.269035, -42.623542], [145.268155, -42.623801], [145.270686, -42.623986], [145.268561, -42.624904], [145.270591, -42.624775], [145.268918, -42.6259], [145.270245, -42.62629], [145.268885, -42.62722], [145.269996, -42.627776], [145.270848, -42.627209], [145.270585, -42.627852], [145.271365, -42.628115], [145.269963, -42.629315], [145.272259, -42.629349], [145.272808, -42.630246], [145.274185, -42.630403], [145.274129, -42.631177], [145.274768, -42.630003], [145.276138, -42.629857], [145.276819, -42.628549], [145.27934, -42.62727], [145.280083, -42.628439], [145.281548, -42.62853], [145.282461, -42.630663], [145.283946, -42.63141], [145.283695, -42.632228], [145.28455, -42.631494], [145.285383, -42.632372], [145.286381, -42.631692], [145.285362, -42.631104], [145.284987, -42.628494], [145.286394, -42.628147], [145.288098, -42.629043], [145.288241, -42.623922], [145.290029, -42.622514], [145.301821, -42.619467], [145.31181, -42.620658], [145.312212, -42.622347], [145.313974, -42.622477], [145.314674, -42.624163], [145.31703, -42.62481], [145.319175, -42.627021], [145.323421, -42.627626], [145.324166, -42.629934], [145.326058, -42.630137], [145.327229, -42.628895], [145.329944, -42.628674], [145.333125, -42.629638], [145.33578, -42.632571], [145.335366, -42.636072], [145.335916, -42.63698], [145.332616, -42.636223], [145.331365, -42.637156], [145.330772, -42.639345], [145.331546, -42.641022], [145.330728, -42.643293], [145.32809, -42.644968], [145.327771, -42.646095], [145.328694, -42.646795], [145.329123, -42.645967], [145.330967, -42.646163], [145.332711, -42.648142], [145.332198, -42.65132], [145.333268, -42.65172], [145.333617, -42.652535], [145.332715, -42.653284], [145.334116, -42.654278], [145.333637, -42.657772], [145.334781, -42.657367], [145.334738, -42.656254], [145.338303, -42.651025], [145.339849, -42.651539], [145.340861, -42.655009], [145.341503, -42.653865], [145.342778, -42.654185], [145.343932, -42.652281], [145.346262, -42.650946], [145.357591, -42.653716], [145.365017, -42.656786], [145.36621, -42.656512], [145.365938, -42.657272], [145.367516, -42.659801], [145.366289, -42.660308], [145.366695, -42.661486], [145.366063, -42.661538], [145.365429, -42.663614], [145.366669, -42.667548], [145.365461, -42.669316], [145.366076, -42.669684], [145.365272, -42.670005], [145.365933, -42.670424], [145.367238, -42.681399], [145.366012, -42.682594], [145.366942, -42.685923], [145.365795, -42.686136], [145.366033, -42.687104], [145.365324, -42.687453], [145.367304, -42.690627], [145.365816, -42.689161], [145.369171, -42.693483], [145.372313, -42.692982], [145.374018, -42.694586], [145.373836, -42.697073], [145.372961, -42.696795], [145.372589, -42.698303], [145.374713, -42.699023], [145.375666, -42.703077], [145.37604, -42.702602], [145.376105, -42.703519], [145.377144, -42.703926], [145.376381, -42.705608], [145.377058, -42.706817], [145.376216, -42.707176], [145.376066, -42.708863], [145.377204, -42.708522], [145.379398, -42.709392], [145.377914, -42.710081], [145.377541, -42.713571], [145.378635, -42.713754], [145.377971, -42.713975], [145.378572, -42.714415], [145.377875, -42.715369], [145.37896, -42.716978], [145.379021, -42.719204], [145.380354, -42.719687], [145.379493, -42.720847], [145.381349, -42.720883], [145.379947, -42.721962], [145.380684, -42.722577], [145.380102, -42.722898], [145.380685, -42.722795], [145.381532, -42.721262], [145.381829, -42.722813], [145.382324, -42.72184], [145.382729, -42.722947], [145.38338, -42.722648], [145.382649, -42.72476], [145.383611, -42.724744], [145.383023, -42.725207], [145.383267, -42.728225], [145.384913, -42.727428], [145.386393, -42.72763], [145.385895, -42.72841], [145.386785, -42.728125], [145.388738, -42.724612], [145.392741, -42.724385], [145.393248, -42.721451], [145.394176, -42.721288], [145.394313, -42.723321], [145.391875, -42.728665], [145.392533, -42.729601], [145.391751, -42.731968], [145.392817, -42.73207], [145.392685, -42.734723], [145.39327, -42.734201], [145.393801, -42.735472], [145.395271, -42.736101], [145.395984, -42.735499], [145.396699, -42.736405], [145.396653, -42.737263], [145.395071, -42.736518], [145.394203, -42.737506], [145.392002, -42.736176], [145.391101, -42.737503], [145.390741, -42.736253], [145.390175, -42.736711], [145.389751, -42.735542], [145.388789, -42.735584], [145.389395, -42.736428], [145.387538, -42.738466], [145.389045, -42.740934], [145.389794, -42.740727], [145.389516, -42.741919], [145.391332, -42.743028], [145.387775, -42.742898], [145.387501, -42.743502], [145.386806, -42.742354], [145.38642, -42.745955], [145.384481, -42.745139], [145.384962, -42.745949], [145.383357, -42.745986], [145.383538, -42.746983], [145.38059, -42.748167], [145.381362, -42.749486], [145.380325, -42.750179], [145.381145, -42.750887], [145.380091, -42.750722], [145.379487, -42.751929], [145.379901, -42.753929], [145.379709, -42.75384], [145.37961, -42.753191], [145.379282, -42.753619], [145.380003, -42.755115], [145.380998, -42.754754], [145.380924, -42.756829], [145.381533, -42.756532], [145.381716, -42.757302], [145.379809, -42.757672], [145.380717, -42.758082], [145.381089, -42.759492], [145.382015, -42.758761], [145.381511, -42.760624], [145.382657, -42.760955], [145.382524, -42.762692], [145.383563, -42.7639], [145.382719, -42.764406], [145.384447, -42.766033], [145.382637, -42.768704], [145.385495, -42.772172], [145.388535, -42.770045], [145.388954, -42.771139], [145.390081, -42.77109], [145.390938, -42.772475], [145.391903, -42.772568], [145.392276, -42.774669], [145.393904, -42.774842], [145.394831, -42.776204], [145.397011, -42.776377], [145.396834, -42.774959], [145.398083, -42.775404], [145.398676, -42.777023], [145.399058, -42.776231], [145.399292, -42.777131], [145.39982, -42.776805], [145.399939, -42.77599], [145.401033, -42.776722], [145.400531, -42.777144], [145.401098, -42.778128], [145.40191, -42.778229], [145.40203, -42.776711], [145.402281, -42.778239], [145.403673, -42.776467], [145.404643, -42.777537], [145.405206, -42.776067], [145.406751, -42.776181], [145.40684, -42.77749], [145.407902, -42.777114], [145.406442, -42.779414], [145.406985, -42.780844], [145.410337, -42.779892], [145.414582, -42.780799], [145.40984, -42.780624], [145.407043, -42.782458], [145.407693, -42.783902], [145.407195, -42.784572], [145.408424, -42.785938], [145.410473, -42.785262], [145.411553, -42.786364], [145.41187, -42.788781], [145.411256, -42.789932], [145.410052, -42.79016], [145.410419, -42.791439], [145.41314, -42.792907], [145.413368, -42.796354], [145.418968, -42.802107], [145.417483, -42.803526], [145.418313, -42.80838], [145.419702, -42.808977], [145.419026, -42.80913], [145.421096, -42.812596], [145.426322, -42.814915], [145.424195, -42.814522], [145.422181, -42.813724], [145.419727, -42.814809], [145.421402, -42.821916], [145.423663, -42.824152], [145.42384, -42.827561], [145.425995, -42.82893], [145.424005, -42.828375], [145.42288, -42.829531], [145.42211, -42.835552], [145.420743, -42.836328], [145.421483, -42.8372], [145.420851, -42.837089], [145.42215, -42.837566], [145.422033, -42.838591], [145.424496, -42.837512], [145.425624, -42.838116], [145.426, -42.839833], [145.424882, -42.840417], [145.424601, -42.841757], [145.42545, -42.842631], [145.426875, -42.842588], [145.427571, -42.845232], [145.429043, -42.845881], [145.428098, -42.846469], [145.429449, -42.848193], [145.429298, -42.849942], [145.43069, -42.851432], [145.431722, -42.850446], [145.432606, -42.851505], [145.434553, -42.852003], [145.436868, -42.854475], [145.436444, -42.85541], [145.434914, -42.855438], [145.435641, -42.857335], [145.434411, -42.857792], [145.435141, -42.857911], [145.434516, -42.858244], [145.434844, -42.859188], [145.436536, -42.860195], [145.436017, -42.860956], [145.437294, -42.864154], [145.438305, -42.864119], [145.437663, -42.86468], [145.43898, -42.865299], [145.438132, -42.865428], [145.438624, -42.86693], [145.43737, -42.867211], [145.443736, -42.869094], [145.439037, -42.868717], [145.43717, -42.87092], [145.435783, -42.871304], [145.436439, -42.872345], [145.43567, -42.872201], [145.436027, -42.873448], [145.436928, -42.874786], [145.437831, -42.874247], [145.437759, -42.875595], [145.4389, -42.874956], [145.439258, -42.875867], [145.440757, -42.875844], [145.440563, -42.876693], [145.441626, -42.876127], [145.441252, -42.877794], [145.443004, -42.878217], [145.443561, -42.879423], [145.442788, -42.880903], [145.443851, -42.883217], [145.449064, -42.887041], [145.449216, -42.888505], [145.45068, -42.88969], [145.449674, -42.889763], [145.449812, -42.890704], [145.451339, -42.891931], [145.454225, -42.892393], [145.453316, -42.893674], [145.454145, -42.895815], [145.45184, -42.896647], [145.451969, -42.897817], [145.453758, -42.898398], [145.454034, -42.900467], [145.455445, -42.900047], [145.455106, -42.90098], [145.457276, -42.901087], [145.458743, -42.905374], [145.464796, -42.904862], [145.468213, -42.90639], [145.470861, -42.90531], [145.473028, -42.907011], [145.475683, -42.911699], [145.476049, -42.914216], [145.477383, -42.913627], [145.477773, -42.914306], [145.480895, -42.914482], [145.482739, -42.915923], [145.483283, -42.914973], [145.486788, -42.914587], [145.486699, -42.913626], [145.487621, -42.913388], [145.48741, -42.913597], [145.486795, -42.913667], [145.487176, -42.914234], [145.486707, -42.914765], [145.483543, -42.915608], [145.48424, -42.917279], [145.481955, -42.919287], [145.481624, -42.920645], [145.483237, -42.920834], [145.48372, -42.922035], [145.482552, -42.922467], [145.482579, -42.9235], [145.483874, -42.923898], [145.484626, -42.926241], [145.483296, -42.928615], [145.481462, -42.929419], [145.481562, -42.931079], [145.484111, -42.93047], [145.483681, -42.931443], [145.484373, -42.931627], [145.485334, -42.930373], [145.487772, -42.930881], [145.490462, -42.929234], [145.489016, -42.93045], [145.488973, -42.932055], [145.489953, -42.932117], [145.489993, -42.933696], [145.490493, -42.933133], [145.491363, -42.934159], [145.491325, -42.936965], [145.494058, -42.93822], [145.493837, -42.939825], [145.494788, -42.940434], [145.493295, -42.940444], [145.494108, -42.942005], [145.493093, -42.943685], [145.494488, -42.943591], [145.493119, -42.945106], [145.492952, -42.946921], [145.494861, -42.946627], [145.495538, -42.947551], [145.494983, -42.948711], [145.495695, -42.948536], [145.49526, -42.949822], [145.497848, -42.949379], [145.497356, -42.950084], [145.498715, -42.950576], [145.500849, -42.94834], [145.504398, -42.948712], [145.501276, -42.948932], [145.499368, -42.951225], [145.495727, -42.95126], [145.495599, -42.953163], [145.496355, -42.953364], [145.495885, -42.954925], [145.492197, -42.955964], [145.492641, -42.958511], [145.493091, -42.957805], [145.493777, -42.959124], [145.496579, -42.957993], [145.496418, -42.959781], [145.495389, -42.960785], [145.496266, -42.962204], [145.495812, -42.963074], [145.498664, -42.96318], [145.496874, -42.963865], [145.4974, -42.964352], [145.496576, -42.965247], [145.497297, -42.965702], [145.494647, -42.969159], [145.49658, -42.970535], [145.495565, -42.972235], [145.496019, -42.972623], [145.493596, -42.973962], [145.496366, -42.974018], [145.495632, -42.975135], [145.497137, -42.975004], [145.496984, -42.975755], [145.499452, -42.97618], [145.50077, -42.975368], [145.503499, -42.976446], [145.499933, -42.9801], [145.501233, -42.980644], [145.500095, -42.981638], [145.500323, -42.982648], [145.499322, -42.983643], [145.499945, -42.983816], [145.498795, -42.984493], [145.500397, -42.985863], [145.496031, -42.987916], [145.497086, -42.988801], [145.495077, -42.989463], [145.495783, -42.990232], [145.49503, -42.990258], [145.494879, -42.991523], [145.496329, -42.991427], [145.496495, -42.99033], [145.497999, -42.989593], [145.499125, -42.989722], [145.499251, -42.988801], [145.501331, -42.988825], [145.502722, -42.986722], [145.50972, -42.984232], [145.512706, -42.981429], [145.518027, -42.98117], [145.524105, -42.982879], [145.532349, -42.983369], [145.5337, -42.98152], [145.538326, -42.980802], [145.540387, -42.977625], [145.544306, -42.978472], [145.545371, -42.977433], [145.547447, -42.977534], [145.550087, -42.975439], [145.552364, -42.97704], [145.554558, -42.977159], [145.553747, -42.975079], [145.554036, -42.973401], [145.554903, -42.972818], [145.557198, -42.974325], [145.559867, -42.973085], [145.561365, -42.9711], [145.564346, -42.972456], [145.568103, -42.971172], [145.573023, -42.972348], [145.577077, -42.971065], [145.580456, -42.973981], [145.587504, -42.97396], [145.590878, -42.975064], [145.590637, -42.972519], [145.59172, -42.973796], [145.592298, -42.977618], [145.592948, -42.977783], [145.592584, -42.979965], [145.594659, -42.980502], [145.596689, -42.983776], [145.598096, -42.98391], [145.599814, -42.985507], [145.599229, -42.985851], [145.600405, -42.985955], [145.600286, -42.986863], [145.60144, -42.986814], [145.601338, -42.986993], [145.600501, -42.98717], [145.600097, -42.987635], [145.599302, -42.987536], [145.600261, -42.988511], [145.599921, -42.990497], [145.601378, -42.991136], [145.604159, -42.990792], [145.606026, -42.989572], [145.606264, -42.990448], [145.607522, -42.99068], [145.606974, -42.991069], [145.607418, -42.993119], [145.605352, -42.993877], [145.606108, -42.994652], [145.604434, -42.995982], [145.605007, -42.996664], [145.602935, -42.99717], [145.606073, -42.999442], [145.604325, -42.999673], [145.604325, -43.00024], [145.605262, -43.000567], [145.604943, -43.001185], [145.605578, -43.000777], [145.605913, -43.001674], [145.607411, -43.001611], [145.60892, -42.999386], [145.608503, -43.001625], [145.611722, -43.002501], [145.609252, -43.002687], [145.612076, -43.004207], [145.610105, -43.004571], [145.611117, -43.006537], [145.609928, -43.009179], [145.616836, -43.01254], [145.616352, -43.013309], [145.616993, -43.014253], [145.620288, -43.014564], [145.622704, -43.015701], [145.622916, -43.017234], [145.624365, -43.016667], [145.624489, -43.018235], [145.626566, -43.017566], [145.627819, -43.018041], [145.627249, -43.01888], [145.630479, -43.019279], [145.634895, -43.02333], [145.636974, -43.024192], [145.637106, -43.024906], [145.639835, -43.025262], [145.64104, -43.026834], [145.643957, -43.024771], [145.641774, -43.026411], [145.642183, -43.027307], [145.640943, -43.027337], [145.639937, -43.026218], [145.639083, -43.026523], [145.638457, -43.027632], [145.639177, -43.031126], [145.637775, -43.032387], [145.640075, -43.032703], [145.640222, -43.034416], [145.64289, -43.037545], [145.641426, -43.038797], [145.640986, -43.041503], [145.641928, -43.041081], [145.642124, -43.042218], [145.643557, -43.041245], [145.64415, -43.042774], [145.644799, -43.041728], [145.64656, -43.042019], [145.645867, -43.045631], [145.646555, -43.046755], [145.647234, -43.046016], [145.647633, -43.048506], [145.648148, -43.048008], [145.648501, -43.048696], [145.648679, -43.04787], [145.651932, -43.049548], [145.652772, -43.047675], [145.654095, -43.04725], [145.654569, -43.048002], [145.654681, -43.046824], [145.65703, -43.044421], [145.658877, -43.044721], [145.660026, -43.043816], [145.66148, -43.044698], [145.661642, -43.044051], [145.662871, -43.046254], [145.664476, -43.045814], [145.665828, -43.047999], [145.667713, -43.048282], [145.668382, -43.049695], [145.670825, -43.049715], [145.674432, -43.052719], [145.676881, -43.052477], [145.67782, -43.051038], [145.682228, -43.050468], [145.680901, -43.051101], [145.684483, -43.053538], [145.686897, -43.05841], [145.685803, -43.064764], [145.684189, -43.067303], [145.68453, -43.068549], [145.686528, -43.069356], [145.68862, -43.069127], [145.690306, -43.067283], [145.691198, -43.0675], [145.689237, -43.069603], [145.685664, -43.070696], [145.685836, -43.071257], [145.683639, -43.070034], [145.683181, -43.067336], [145.680848, -43.066733], [145.679862, -43.068064], [145.678847, -43.067836], [145.674848, -43.070464], [145.674913, -43.075427], [145.676321, -43.076758], [145.672512, -43.077956], [145.669752, -43.081184], [145.670477, -43.083372], [145.672092, -43.084246], [145.671838, -43.085783], [145.672793, -43.085911], [145.673835, -43.088291], [145.675888, -43.088234], [145.676833, -43.091171], [145.67597, -43.091296], [145.674807, -43.093912], [145.673901, -43.093803], [145.673956, -43.094659], [145.67198, -43.093987], [145.669629, -43.094735], [145.668022, -43.093464], [145.666093, -43.094063], [145.665188, -43.09326], [145.664039, -43.094129], [145.664792, -43.094543], [145.664496, -43.095134], [145.665051, -43.094474], [145.664951, -43.096247], [145.666217, -43.095676], [145.666101, -43.097053], [145.666428, -43.095598], [145.667167, -43.096606], [145.667753, -43.095685], [145.667962, -43.096822], [145.668591, -43.096154], [145.668115, -43.098265], [145.66879, -43.097714], [145.669634, -43.099606], [145.670051, -43.099089], [145.670791, -43.100097], [145.671547, -43.099763], [145.672204, -43.101212], [145.671316, -43.100832], [145.671499, -43.102005], [145.671944, -43.102452], [145.672566, -43.101549], [145.673661, -43.102598], [145.672757, -43.104073], [145.673376, -43.106727], [145.674282, -43.106297], [145.674292, -43.103541], [145.674936, -43.103891], [145.67561, -43.102836], [145.676509, -43.103315], [145.676962, -43.101123], [145.67759, -43.101067], [145.677685, -43.102356], [145.678516, -43.102014], [145.678834, -43.103198], [145.678796, -43.100973], [145.680234, -43.100981], [145.680337, -43.1019], [145.680502, -43.101074], [145.681674, -43.103185], [145.682155, -43.101354], [145.682755, -43.100893], [145.68317, -43.101609], [145.683356, -43.100387], [145.683753, -43.10194], [145.684681, -43.102194], [145.68388, -43.102302], [145.684837, -43.102961], [145.68453, -43.104101], [145.687319, -43.105258], [145.686204, -43.106245], [145.688058, -43.106906], [145.686785, -43.108377], [145.688255, -43.109195], [145.687301, -43.108959], [145.689272, -43.110513], [145.690476, -43.112823], [145.69152, -43.112276], [145.691567, -43.11351], [145.690727, -43.113708], [145.69182, -43.113783], [145.693489, -43.115604], [145.694264, -43.118494], [145.694756, -43.117311], [145.696429, -43.1167], [145.696578, -43.118322], [145.69666, -43.116792], [145.698837, -43.119069], [145.700526, -43.114783], [145.70153, -43.118424], [145.70107, -43.120427], [145.701461, -43.119342], [145.702832, -43.119591], [145.703462, -43.118265], [145.705048, -43.118823], [145.705179, -43.115538], [145.708473, -43.118483], [145.709323, -43.115476], [145.711264, -43.11376], [145.711456, -43.1146], [145.711657, -43.112045], [145.712406, -43.112666], [145.71362, -43.112202], [145.7147, -43.108153], [145.716158, -43.106017], [145.716771, -43.1067], [145.714835, -43.110541], [145.715424, -43.111763], [145.718387, -43.109959], [145.720792, -43.109572], [145.72733, -43.111888], [145.73111, -43.113927], [145.732781, -43.119853], [145.736226, -43.116731], [145.733626, -43.120007], [145.732076, -43.120061], [145.730727, -43.119353], [145.728686, -43.12169], [145.725973, -43.121497], [145.724969, -43.122477], [145.725769, -43.122476], [145.724699, -43.123059], [145.724134, -43.124791], [145.72606, -43.124389], [145.725993, -43.125288], [145.726501, -43.125096], [145.725201, -43.129089], [145.726258, -43.12965], [145.725593, -43.130336], [145.725995, -43.132258], [145.724958, -43.133678], [145.721452, -43.134351], [145.721246, -43.135375], [145.721835, -43.13485], [145.721709, -43.135587], [145.72241, -43.135577], [145.721643, -43.136352], [145.7231, -43.13608], [145.723347, -43.13665], [145.724136, -43.135938], [145.723546, -43.137706], [145.72432, -43.137129], [145.72445, -43.138004], [145.726439, -43.136928], [145.726959, -43.13796], [145.726199, -43.139041], [145.726894, -43.138112], [145.727193, -43.139736], [145.728633, -43.139059], [145.7292, -43.139606], [145.730229, -43.138609], [145.730224, -43.139437], [145.732661, -43.137528], [145.731894, -43.138942], [145.733547, -43.137475], [145.733158, -43.138443], [145.73411, -43.139993], [145.734827, -43.139236], [145.734357, -43.141131], [145.734555, -43.140493], [145.737572, -43.140887], [145.737633, -43.140924], [145.737606, -43.141005], [145.737014, -43.1417], [145.737142, -43.142665], [145.737841, -43.142151], [145.737306, -43.143045], [145.738042, -43.14254], [145.738319, -43.143417], [145.739132, -43.142777], [145.738837, -43.143359], [145.739688, -43.143207], [145.739332, -43.143779], [145.741034, -43.143528], [145.740172, -43.144815], [145.741058, -43.145356], [145.741218, -43.148356], [145.741334, -43.147511], [145.741794, -43.149038], [145.743822, -43.148547], [145.743311, -43.150648], [145.744082, -43.150243], [145.743397, -43.151253], [145.744512, -43.152039], [145.74364, -43.151976], [145.74556, -43.153158], [145.746023, -43.152722], [145.744963, -43.154665], [145.74457, -43.154633], [145.746149, -43.156182], [145.745212, -43.156918], [145.747489, -43.156259], [145.74638, -43.157544], [145.74686, -43.158098], [145.749747, -43.157698], [145.750314, -43.160072], [145.752698, -43.161377], [145.753079, -43.162606], [145.753749, -43.162334], [145.755242, -43.163908], [145.757941, -43.164892], [145.75769, -43.166915], [145.759252, -43.169381], [145.7587, -43.169925], [145.756673, -43.169146], [145.755503, -43.169827], [145.754764, -43.172304], [145.755464, -43.172969], [145.755486, -43.171888], [145.756044, -43.174092], [145.756714, -43.173784], [145.756575, -43.174593], [145.757986, -43.17478], [145.757393, -43.175512], [145.757809, -43.176831], [145.760041, -43.180223], [145.75966, -43.181408], [145.760869, -43.184366], [145.759488, -43.183909], [145.759158, -43.184995], [145.758436, -43.184168], [145.758762, -43.187521], [145.757432, -43.186957], [145.757406, -43.187642], [145.758456, -43.190489], [145.761298, -43.191763], [145.762126, -43.192808], [145.761563, -43.193252], [145.763196, -43.194044], [145.763248, -43.193288], [145.764022, -43.193377], [145.763812, -43.192195], [145.765697, -43.193918], [145.765805, -43.19282], [145.766224, -43.19341], [145.766496, -43.192747], [145.766711, -43.193676], [145.767188, -43.192601], [145.767578, -43.193398], [145.768198, -43.191964], [145.767236, -43.189603], [145.768731, -43.185621], [145.772087, -43.188899], [145.774155, -43.188273], [145.775702, -43.189667], [145.776113, -43.188159], [145.778016, -43.187189], [145.78222, -43.187396], [145.78295, -43.186611], [145.786663, -43.188649], [145.787729, -43.188264], [145.788092, -43.189808], [145.790486, -43.189455], [145.792521, -43.190512], [145.79396, -43.192391], [145.795265, -43.192405], [145.793151, -43.193491], [145.792568, -43.194979], [145.791364, -43.194228], [145.792669, -43.196088], [145.792041, -43.195487], [145.791236, -43.196379], [145.79049, -43.196101], [145.791029, -43.196881], [145.788723, -43.19777], [145.789185, -43.199248], [145.790161, -43.199681], [145.789868, -43.200831], [145.79078, -43.201371], [145.793192, -43.200758], [145.792426, -43.201533], [145.796435, -43.200513], [145.792914, -43.202376], [145.796988, -43.201131], [145.797139, -43.202249], [145.793674, -43.203788], [145.797462, -43.203342], [145.797573, -43.203964], [145.799047, -43.204097], [145.799389, -43.204875], [145.79766, -43.205784], [145.800749, -43.205844], [145.80144, -43.207004], [145.802761, -43.20681], [145.803467, -43.210356], [145.804375, -43.208007], [145.806558, -43.207786], [145.807892, -43.209456], [145.804714, -43.208901], [145.80416, -43.212614], [145.802973, -43.214177], [145.803556, -43.215174], [145.802542, -43.215443], [145.801422, -43.217916], [145.800072, -43.218919], [145.796684, -43.219055], [145.800018, -43.22234], [145.799568, -43.223939], [145.802317, -43.225633], [145.802277, -43.227056], [145.803047, -43.22737], [145.804555, -43.226413], [145.808787, -43.229177], [145.809365, -43.232974], [145.811115, -43.23482], [145.80836, -43.236529], [145.804119, -43.235503], [145.804176, -43.237008], [145.806012, -43.238828], [145.805982, -43.240385], [145.80804, -43.242216], [145.803897, -43.242425], [145.80249, -43.243176], [145.804213, -43.243915], [145.80462, -43.245107], [145.804976, -43.244571], [145.804912, -43.245345], [145.805886, -43.245274], [145.805287, -43.245655], [145.808494, -43.246715], [145.807474, -43.247244], [145.807615, -43.248218], [145.806434, -43.248143], [145.806481, -43.248873], [145.810854, -43.249484], [145.813955, -43.2484], [145.816169, -43.249846], [145.820562, -43.250098], [145.818217, -43.250326], [145.816317, -43.251747], [145.81632, -43.252837], [145.818374, -43.254299], [145.817788, -43.255812], [145.818721, -43.258186], [145.81699, -43.260226], [145.816046, -43.264941], [145.814817, -43.266055], [145.815185, -43.268365], [145.817484, -43.269524], [145.818005, -43.271785], [145.817972, -43.274669], [145.81701, -43.276305], [145.815706, -43.276574], [145.816836, -43.277827], [145.815667, -43.278516], [145.817945, -43.280475], [145.818921, -43.279822], [145.818894, -43.280801], [145.819662, -43.280732], [145.819919, -43.281925], [145.820922, -43.282439], [145.822766, -43.280481], [145.822894, -43.281074], [145.824293, -43.280944], [145.823954, -43.281474], [145.825183, -43.281063], [145.82544, -43.281742], [145.826205, -43.280888], [145.828771, -43.281549], [145.82979, -43.283009], [145.827834, -43.284164], [145.828622, -43.286807], [145.830089, -43.2884], [145.830791, -43.287802], [145.831674, -43.288565], [145.833524, -43.28726], [145.834384, -43.289477], [145.834231, -43.28829], [145.835227, -43.288408], [145.836827, -43.291197], [145.837173, -43.291103], [145.837002, -43.290048], [145.837543, -43.290307], [145.83774, -43.29213], [145.838728, -43.292466], [145.83798, -43.292472], [145.83857, -43.293989], [145.83941, -43.293554], [145.839212, -43.294696], [145.840224, -43.292698], [145.841458, -43.294233], [145.842114, -43.292917], [145.843751, -43.293212], [145.846194, -43.291321], [145.84772, -43.291738], [145.847774, -43.293586], [145.850504, -43.292605], [145.851022, -43.293491], [145.850504, -43.293931], [145.851283, -43.294182], [145.850053, -43.296903], [145.851936, -43.297316], [145.853364, -43.300159], [145.853251, -43.30159], [145.850818, -43.302817], [145.850787, -43.30492], [145.849374, -43.305729], [145.847864, -43.305738], [145.845541, -43.303984], [145.84496, -43.304757], [145.843549, -43.304268], [145.843983, -43.30509], [145.843057, -43.304978], [145.843644, -43.305612], [145.842359, -43.306627], [145.843883, -43.307093], [145.843257, -43.307524], [145.845595, -43.309471], [145.845613, -43.310446], [145.843844, -43.309999], [145.84332, -43.310914], [145.839394, -43.309753], [145.84152, -43.310494], [145.838609, -43.310912], [145.838767, -43.312989], [145.840139, -43.313259], [145.839108, -43.314267], [145.840274, -43.314715], [145.841139, -43.313548], [145.841203, -43.31523], [145.841598, -43.314638], [145.842437, -43.315347], [145.843346, -43.313196], [145.84452, -43.314036], [145.844476, -43.31334], [145.844985, -43.314128], [145.845803, -43.313214], [145.8472, -43.314064], [145.846091, -43.312161], [145.84626, -43.310833], [145.848108, -43.31034], [145.848976, -43.308305], [145.849948, -43.308545], [145.849343, -43.307368], [145.850358, -43.307538], [145.850545, -43.306778], [145.851395, -43.308062], [145.85305, -43.307908], [145.854671, -43.309287], [145.855242, -43.310316], [145.854609, -43.310643], [145.854853, -43.311994], [145.860012, -43.318133], [145.862524, -43.318465], [145.863031, -43.317548], [145.863505, -43.319117], [145.870537, -43.322614], [145.870161, -43.321935], [145.872508, -43.321051], [145.871461, -43.320016], [145.873255, -43.319841], [145.872572, -43.318645], [145.87317, -43.318308], [145.872336, -43.317668], [145.874368, -43.316622], [145.873702, -43.315996], [145.87471, -43.316059], [145.874287, -43.315441], [145.875086, -43.315803], [145.874678, -43.314789], [145.875596, -43.31478], [145.874266, -43.313465], [145.876196, -43.313424], [145.875746, -43.312491], [145.878681, -43.3108], [145.879574, -43.311493], [145.880857, -43.310834], [145.882414, -43.311821], [145.883076, -43.311198], [145.885025, -43.312119], [145.886365, -43.311723], [145.886539, -43.312393], [145.887929, -43.311679], [145.888041, -43.312337], [145.888528, -43.311543], [145.88961, -43.312927], [145.889403, -43.311933], [145.890536, -43.312856], [145.890443, -43.311761], [145.893339, -43.314631], [145.894271, -43.313461], [145.89518, -43.314535], [145.894155, -43.312695], [145.896102, -43.313239], [145.894662, -43.311643], [145.895599, -43.312041], [145.895142, -43.310466], [145.895998, -43.311072], [145.895286, -43.307885], [145.894205, -43.306878], [145.895073, -43.306456], [145.894666, -43.305872], [145.895436, -43.306026], [145.894271, -43.304638], [145.895656, -43.304634], [145.895006, -43.30388], [145.896335, -43.30391], [145.896053, -43.302956], [145.897227, -43.302538], [145.89658, -43.301819], [145.898974, -43.30154], [145.898603, -43.300557], [145.899256, -43.300831], [145.899177, -43.3003], [145.901217, -43.301213], [145.900731, -43.300247], [145.902312, -43.300934], [145.901701, -43.300076], [145.902488, -43.29958], [145.903145, -43.300092], [145.904118, -43.299235], [145.906199, -43.299964], [145.906078, -43.299168], [145.90705, -43.299732], [145.906912, -43.298996], [145.908689, -43.298635], [145.910231, -43.299898], [145.912342, -43.299772], [145.917192, -43.302548], [145.917012, -43.301602], [145.918137, -43.301992], [145.91824, -43.301448], [145.922787, -43.303134], [145.921168, -43.301764], [145.922879, -43.301932], [145.922013, -43.299845], [145.924958, -43.301962], [145.923937, -43.300723], [145.925095, -43.301148], [145.92487, -43.300155], [145.92603, -43.30133], [145.925921, -43.30034], [145.926633, -43.300487], [145.925707, -43.298632], [145.920475, -43.295251], [145.92083, -43.292497], [145.920125, -43.291979], [145.921049, -43.289741], [145.920095, -43.28864], [145.920683, -43.28701], [145.920172, -43.286305], [145.920935, -43.286373], [145.920103, -43.285689], [145.921694, -43.283726], [145.922273, -43.283972], [145.92068, -43.280419], [145.92232, -43.279564], [145.921952, -43.27866], [145.92379, -43.277986], [145.922555, -43.276473], [145.925075, -43.274703], [145.926482, -43.272459], [145.924864, -43.270046], [145.925108, -43.26803], [145.923948, -43.267433], [145.916767, -43.267396], [145.907871, -43.265335], [145.903386, -43.266438], [145.901083, -43.26546], [145.903683, -43.267354], [145.904612, -43.269533], [145.904522, -43.271855], [145.903179, -43.27302], [145.901681, -43.273111], [145.900627, -43.275381], [145.899114, -43.275631], [145.899029, -43.279709], [145.897572, -43.281734], [145.895211, -43.283362], [145.891772, -43.284316], [145.89015, -43.2828], [145.888962, -43.282827], [145.888816, -43.284263], [145.887092, -43.2864], [145.880696, -43.289684], [145.875173, -43.287821], [145.874967, -43.286715], [145.871825, -43.286053], [145.871618, -43.284556], [145.869386, -43.28296], [145.869327, -43.281245], [145.864872, -43.277756], [145.864401, -43.275739], [145.865087, -43.274262], [145.864071, -43.273252], [145.864555, -43.271932], [145.862489, -43.273027], [145.862839, -43.272566], [145.863839, -43.272214], [145.864163, -43.271749], [145.869541, -43.271345], [145.87567, -43.273186], [145.875409, -43.27172], [145.876671, -43.271074], [145.875227, -43.270036], [145.875173, -43.269073], [145.876923, -43.267214], [145.873009, -43.268133], [145.869671, -43.265414], [145.871227, -43.261476], [145.869933, -43.260958], [145.87013, -43.260004], [145.871797, -43.258673], [145.873943, -43.258576], [145.875924, -43.260353], [145.880723, -43.259302], [145.883844, -43.26163], [145.885089, -43.260915], [145.884407, -43.25881], [145.885922, -43.258278], [145.884629, -43.258998], [145.886285, -43.259938], [145.888181, -43.262611], [145.89287, -43.264137], [145.894244, -43.263549], [145.897146, -43.264139], [145.898803, -43.263429], [145.899825, -43.259538], [145.901146, -43.258425], [145.901831, -43.255896], [145.905692, -43.249738], [145.90749, -43.248351], [145.911375, -43.247433], [145.914994, -43.249656], [145.917441, -43.247833], [145.92673, -43.24774], [145.926446, -43.24709], [145.927217, -43.246709], [145.926618, -43.245722], [145.928463, -43.24519], [145.926765, -43.242248], [145.928477, -43.238041], [145.926128, -43.235047], [145.924952, -43.2312], [145.922585, -43.227882], [145.922703, -43.226776], [145.924202, -43.226232], [145.924841, -43.224941], [145.920825, -43.222923], [145.921179, -43.218937], [145.919454, -43.217607], [145.919613, -43.215582], [145.916566, -43.215922], [145.913922, -43.217833], [145.91644, -43.215399], [145.913645, -43.208484], [145.916801, -43.20475], [145.920675, -43.204904], [145.920064, -43.203997], [145.917441, -43.203324], [145.916605, -43.20192], [145.913812, -43.201156], [145.913157, -43.197854], [145.910817, -43.195814], [145.910036, -43.194087], [145.909866, -43.192564], [145.911404, -43.189796], [145.912532, -43.189347], [145.91308, -43.193126], [145.913377, -43.190319], [145.9158, -43.18828], [145.909794, -43.187655], [145.908648, -43.187014], [145.909706, -43.185674], [145.911249, -43.18468], [145.911144, -43.185084], [145.908899, -43.186746], [145.909014, -43.18718], [145.914685, -43.187324], [145.915992, -43.18784], [145.915951, -43.188777], [145.913715, -43.190646], [145.913901, -43.191945], [145.918861, -43.188462], [145.921137, -43.188519], [145.924971, -43.190212], [145.927102, -43.189413], [145.927569, -43.187391], [145.926007, -43.185882], [145.92572, -43.183331], [145.92834, -43.177998], [145.928363, -43.177917], [145.926122, -43.17587], [145.921679, -43.174531], [145.919467, -43.171557], [145.920629, -43.167165], [145.920472, -43.161382], [145.926238, -43.156664], [145.933458, -43.155957], [145.93494, -43.154224], [145.93519, -43.151876], [145.937513, -43.150538], [145.943104, -43.148854], [145.946696, -43.142963], [145.955461, -43.139515], [145.960633, -43.128883], [145.962645, -43.127446], [145.965087, -43.13032], [145.972271, -43.130607], [145.977444, -43.132331], [145.979312, -43.134055], [145.982042, -43.134486], [145.979743, -43.128452], [145.98276, -43.125291], [145.988795, -43.105607], [145.992818, -43.103164], [145.990662, -43.096555], [145.988507, -43.092101], [145.984484, -43.088652], [145.980317, -43.089802], [145.977875, -43.082043], [145.974139, -43.07644], [145.980892, -43.071698], [145.980605, -43.066382], [145.977013, -43.062071], [145.975145, -43.052301], [145.977444, -43.039801], [145.975289, -43.031324], [145.978881, -43.024858], [145.977013, -43.019542], [145.979024, -43.014944], [145.990375, -42.996553], [145.992243, -42.990088], [145.992243, -42.984628], [145.993249, -42.980605], [145.987789, -42.978019], [145.97572, -42.963363], [145.965518, -42.953162], [145.955748, -42.942386], [145.948564, -42.936926], [145.939512, -42.928593], [145.939656, -42.922127], [145.93592, -42.917098], [145.933909, -42.90819], [145.93592, -42.902874], [145.951869, -42.89842], [145.964369, -42.89842], [145.964369, -42.888937], [145.97457, -42.886638], [145.976869, -42.88046], [145.989657, -42.883477], [145.997846, -42.875431], [146.004887, -42.867672], [145.991524, -42.853592], [145.9898, -42.842672], [145.985059, -42.83362], [145.981611, -42.820114], [146.00776, -42.821982], [146.012645, -42.81954], [146.019973, -42.810488], [146.017387, -42.805315], [146.006611, -42.797988], [145.996841, -42.79224], [145.992818, -42.784482], [145.982904, -42.79066], [145.979024, -42.773131], [145.973708, -42.770401], [145.967674, -42.760774], [145.966811, -42.755315], [145.963076, -42.748131], [146.29627, -42.844396], [146.460352, -42.781608], [146.648286, -42.930604], [146.649435, -42.921696], [146.652596, -42.907328], [146.660642, -42.902587], [146.654752, -42.88477], [146.654895, -42.875144], [146.64843, -42.862787], [146.650729, -42.850718], [146.658487, -42.850143], [146.663229, -42.854454], [146.670125, -42.850862], [146.675298, -42.854597], [146.68435, -42.855316], [146.689666, -42.85431], [146.694838, -42.859626], [146.69843, -42.859339], [146.704178, -42.858621], [146.71093, -42.862213], [146.71754, -42.85977], [146.722856, -42.861063], [146.731908, -42.871839], [146.739092, -42.87227], [146.748144, -42.872845], [146.767397, -42.880173], [146.772426, -42.885632], [146.774006, -42.893104], [146.784782, -42.903449], [146.802311, -42.902443], [146.806478, -42.895259], [146.817254, -42.900575], [146.838806, -42.906897], [146.840674, -42.914225], [146.844266, -42.918391], [146.845559, -42.929024], [146.849582, -42.933909], [146.853461, -42.941668], [146.857197, -42.943823], [146.863519, -42.945978], [146.86553, -42.951007], [146.867254, -42.954599], [146.875013, -42.954886], [146.881191, -42.94957], [146.884783, -42.94253], [146.881479, -42.935633], [146.893979, -42.93707], [146.903031, -42.941524], [146.914525, -42.940806], [146.918836, -42.935489], [146.942112, -42.92888], [146.946278, -42.923708], [146.943692, -42.919541], [146.93737, -42.91638], [146.935646, -42.906035], [146.93191, -42.899426], [146.927025, -42.892816], [146.932772, -42.886351], [146.94283, -42.886207], [146.951882, -42.883334], [146.965388, -42.891523], [146.989813, -42.889368], [147.004181, -42.890374], [147.031337, -42.889943], [147.029757, -42.893104], [147.0299, -42.896265], [147.04082, -42.901437], [147.051165, -42.902443], [147.062228, -42.905604], [147.074728, -42.898564], [147.149325, -42.914279], [147.158844, -42.859249], [147.150834, -42.858064], [147.151085, -42.856232], [147.145159, -42.855334], [147.145949, -42.85009], [147.135496, -42.848042], [147.136071, -42.844235], [147.137939, -42.844558], [147.138729, -42.840535], [147.146236, -42.841541], [147.147026, -42.83662], [147.151229, -42.836979], [147.152343, -42.832489], [147.161754, -42.834033], [147.163298, -42.830154], [147.165848, -42.830477], [147.167896, -42.824012], [147.169764, -42.824299], [147.172889, -42.814421], [147.183198, -42.811116], [147.198536, -42.79955], [147.199218, -42.796605], [147.201984, -42.796425], [147.204427, -42.786152], [147.20123, -42.786044], [147.201876, -42.781087], [147.203852, -42.780836], [147.203996, -42.778106], [147.205684, -42.778034], [147.205684, -42.775771], [147.208126, -42.775412], [147.208629, -42.770922], [147.212509, -42.765031], [147.213442, -42.76478], [147.214125, -42.763163], [147.216352, -42.76345], [147.21707, -42.761331], [147.22095, -42.76187], [147.221776, -42.759068], [147.223356, -42.759032], [147.226912, -42.750549], [147.225974, -42.750332], [147.224635, -42.748598], [147.223481, -42.749137], [147.221684, -42.748671], [147.207509, -42.740877], [147.201693, -42.740354], [147.195448, -42.741044], [147.191201, -42.74338], [147.187274, -42.743], [147.184759, -42.744581], [147.180365, -42.745175], [147.177599, -42.746929], [147.172987, -42.748147], [147.165986, -42.751435], [147.15552, -42.752435], [147.152847, -42.753715], [147.147354, -42.758244], [147.144277, -42.762838], [147.142844, -42.768027], [147.14061, -42.76933], [147.13245, -42.771656], [147.122935, -42.770951], [147.112674, -42.776702], [147.111632, -42.775588], [147.116558, -42.771424], [147.120775, -42.769496], [147.123064, -42.769102], [147.130835, -42.77001], [147.139875, -42.767072], [147.141658, -42.765289], [147.139764, -42.76641], [147.141471, -42.764801], [147.14405, -42.758423], [147.150007, -42.7518], [147.154663, -42.74998], [147.161939, -42.749562], [147.170699, -42.74485], [147.177527, -42.742608], [147.175897, -42.74105], [147.177858, -42.742546], [147.18598, -42.740918], [147.186301, -42.739994], [147.18335, -42.740416], [147.184453, -42.739759], [147.183265, -42.73982], [147.184099, -42.739253], [147.179101, -42.739844], [147.180514, -42.739339], [147.179779, -42.739288], [147.183312, -42.738978], [147.185776, -42.737059], [147.184273, -42.736018], [147.183827, -42.733809], [147.1846, -42.732518], [147.18397, -42.732291], [147.191446, -42.727361], [147.198991, -42.725319], [147.203873, -42.726579], [147.214594, -42.737002], [147.219688, -42.737109], [147.222521, -42.724387], [147.226041, -42.725968], [147.232148, -42.727548], [147.240194, -42.729488], [147.246588, -42.728339], [147.253987, -42.730278], [147.260453, -42.728554], [147.262294, -42.730894], [147.262597, -42.730198], [147.262653, -42.731351], [147.264691, -42.733942], [147.277551, -42.730781], [147.279275, -42.74285], [147.288399, -42.744574], [147.289656, -42.750609], [147.291883, -42.750322], [147.29296, -42.76354], [147.315554, -42.784446], [147.321194, -42.784015], [147.321265, -42.785487], [147.32378, -42.787499], [147.323708, -42.790373], [147.325863, -42.791019], [147.327587, -42.793821], [147.329563, -42.794539], [147.331646, -42.796192], [147.382365, -42.788289], [147.40011, -42.796694], [147.412107, -42.788361], [147.417064, -42.781033], [147.424679, -42.770688], [147.431073, -42.771048], [147.434631, -42.774071], [147.435465, -42.77575], [147.436611, -42.775915], [147.438184, -42.780022], [147.442755, -42.780595], [147.445127, -42.783309], [147.44746, -42.780712], [147.446037, -42.779581], [147.445872, -42.778053], [147.448442, -42.775934], [147.454908, -42.774489], [147.457004, -42.776531], [147.458346, -42.776662], [147.457731, -42.777556], [147.459073, -42.776787], [147.457853, -42.77457], [147.453815, -42.772185], [147.450935, -42.771636], [147.449075, -42.768928], [147.448792, -42.765468], [147.446798, -42.762955], [147.447065, -42.761161], [147.445873, -42.758313], [147.44731, -42.756337], [147.449706, -42.756394], [147.448008, -42.758221], [147.449217, -42.760047], [147.449855, -42.76382], [147.451158, -42.765585], [147.450922, -42.763795], [147.451559, -42.763518], [147.451409, -42.764163], [147.454152, -42.766993], [147.453999, -42.768082], [147.45677, -42.767907], [147.457837, -42.766314], [147.459808, -42.768546], [147.465124, -42.770133], [147.465536, -42.769056], [147.463741, -42.768362], [147.46625, -42.767592], [147.467807, -42.768893], [147.46745, -42.770522], [147.468533, -42.771074], [147.468149, -42.772863], [147.463617, -42.777549], [147.456874, -42.781351], [147.452924, -42.781526], [147.456723, -42.78533], [147.466344, -42.792329], [147.469494, -42.793097], [147.474413, -42.793003], [147.475962, -42.795778], [147.479999, -42.797273], [147.481176, -42.79938], [147.487252, -42.803107], [147.488117, -42.802161], [147.492251, -42.801145], [147.491364, -42.797786], [147.492954, -42.796101], [147.49915, -42.793952], [147.503118, -42.790806], [147.503592, -42.789152], [147.506615, -42.786475], [147.509987, -42.785437], [147.512009, -42.783012], [147.513046, -42.78289], [147.517906, -42.783697], [147.52085, -42.785432], [147.519664, -42.788457], [147.521483, -42.789027], [147.522481, -42.790753], [147.523961, -42.791338], [147.524285, -42.792969], [147.52348, -42.794664], [147.525528, -42.796726], [147.525374, -42.798386], [147.526344, -42.800215], [147.52517, -42.801765], [147.525683, -42.802825], [147.528351, -42.80424], [147.52769, -42.805102], [147.530845, -42.804312], [147.53521, -42.805304], [147.536257, -42.803665], [147.538633, -42.803051], [147.539722, -42.80117], [147.537607, -42.79997], [147.537239, -42.798137], [147.538009, -42.797313], [147.534868, -42.793056], [147.53053, -42.791113], [147.531749, -42.786257], [147.529414, -42.784745], [147.529172, -42.783821], [147.530835, -42.781071], [147.532645, -42.782421], [147.532743, -42.781312], [147.535132, -42.782019], [147.534694, -42.778889], [147.533952, -42.778185], [147.5326, -42.778485], [147.534344, -42.777544], [147.534334, -42.775304], [147.535174, -42.774981], [147.537008, -42.780405], [147.538028, -42.779653], [147.536892, -42.78228], [147.538544, -42.784556], [147.539925, -42.785162], [147.544703, -42.783838], [147.550349, -42.785344], [147.551833, -42.788426], [147.551738, -42.793318], [147.554068, -42.794474], [147.554843, -42.795936], [147.557913, -42.796223], [147.559597, -42.797335], [147.561441, -42.797088], [147.561781, -42.7944], [147.562968, -42.79332], [147.562457, -42.79261], [147.565597, -42.793008], [147.566814, -42.792284], [147.564214, -42.788879], [147.565502, -42.788378], [147.564344, -42.788852], [147.567667, -42.792452], [147.567176, -42.793753], [147.564966, -42.793346], [147.56514, -42.794264], [147.576237, -42.795628], [147.581773, -42.798595], [147.58659, -42.798721], [147.592067, -42.801082], [147.587838, -42.797638], [147.592235, -42.796776], [147.594124, -42.794443], [147.593358, -42.794748], [147.594296, -42.793682], [147.592276, -42.792754], [147.591179, -42.790096], [147.59298, -42.789266], [147.592562, -42.787186], [147.595193, -42.784521], [147.594213, -42.782241], [147.590557, -42.782438], [147.588835, -42.780141], [147.585385, -42.778262], [147.589034, -42.779866], [147.591226, -42.781911], [147.594183, -42.781572], [147.595952, -42.783662], [147.597024, -42.789461], [147.600761, -42.791008], [147.600729, -42.793048], [147.597702, -42.796115], [147.603343, -42.798117], [147.602089, -42.798137], [147.598655, -42.797096], [147.599936, -42.797834], [147.600984, -42.799885], [147.601229, -42.803164], [147.598816, -42.805282], [147.594514, -42.807066], [147.59605, -42.807738], [147.59673, -42.813354], [147.600054, -42.818006], [147.602004, -42.82267], [147.606897, -42.821952], [147.608012, -42.822883], [147.608127, -42.823626], [147.605434, -42.826281], [147.606509, -42.82899], [147.605553, -42.83061], [147.610658, -42.835125], [147.616443, -42.837203], [147.621242, -42.842508], [147.62163, -42.847985], [147.620752, -42.850623], [147.616382, -42.851417], [147.61535, -42.854478], [147.612708, -42.85697], [147.607277, -42.855797], [147.607553, -42.857922], [147.611358, -42.861272], [147.611417, -42.863562], [147.610119, -42.865916], [147.606962, -42.866552], [147.605973, -42.869225], [147.610328, -42.869289], [147.613679, -42.867771], [147.623473, -42.869473], [147.63643, -42.873011], [147.644286, -42.876913], [147.646929, -42.876149], [147.653294, -42.878772], [147.65319, -42.877802], [147.650008, -42.876501], [147.650173, -42.875698], [147.65209, -42.87611], [147.652179, -42.875228], [147.653037, -42.875061], [147.656678, -42.875986], [147.659675, -42.874509], [147.660481, -42.873303], [147.662046, -42.87363], [147.664271, -42.872478], [147.665589, -42.870002], [147.669951, -42.87031], [147.670625, -42.869407], [147.675905, -42.86787], [147.67799, -42.865781], [147.678615, -42.863663], [147.678807, -42.863902], [147.678822, -42.864146], [147.678335, -42.864969], [147.678922, -42.865118], [147.684065, -42.862716], [147.686908, -42.863928], [147.690394, -42.863754], [147.691203, -42.865337], [147.690925, -42.867563], [147.696408, -42.86983], [147.695946, -42.871419], [147.696807, -42.872561], [147.699141, -42.872445], [147.700693, -42.87139], [147.699528, -42.873427], [147.696331, -42.87383], [147.694151, -42.871904], [147.694483, -42.869757], [147.690153, -42.8679], [147.689412, -42.86497], [147.684137, -42.864386], [147.680505, -42.865469], [147.681253, -42.867652], [147.679388, -42.870008], [147.680679, -42.871844], [147.680045, -42.872822], [147.677888, -42.873034], [147.677242, -42.874522], [147.671173, -42.873544], [147.667609, -42.875242], [147.664092, -42.874247], [147.660971, -42.87609], [147.656127, -42.881995], [147.654018, -42.881627], [147.647514, -42.877892], [147.642487, -42.877525], [147.640051, -42.87963], [147.639267, -42.884483], [147.641854, -42.890014], [147.645511, -42.890495], [147.648447, -42.893131], [147.650596, -42.892711], [147.651917, -42.889239], [147.654034, -42.889014], [147.653545, -42.887621], [147.65446, -42.886363], [147.657766, -42.886122], [147.660275, -42.886946], [147.667898, -42.891214], [147.670495, -42.893653], [147.669186, -42.896502], [147.669982, -42.899418], [147.668637, -42.901669], [147.676705, -42.900568], [147.680122, -42.903635], [147.680197, -42.900089], [147.682655, -42.898287], [147.688125, -42.896698], [147.688756, -42.895288], [147.687582, -42.893741], [147.689496, -42.892246], [147.69498, -42.891238], [147.69891, -42.892517], [147.700499, -42.893951], [147.704233, -42.894464], [147.706938, -42.892236], [147.711167, -42.892454], [147.714063, -42.891244], [147.717125, -42.887127], [147.721994, -42.886558], [147.725315, -42.888261], [147.729598, -42.892458], [147.72966, -42.893194], [147.727606, -42.894748], [147.728915, -42.89574], [147.728321, -42.898855], [147.731549, -42.897899], [147.732561, -42.896417], [147.734893, -42.896393], [147.736001, -42.894821], [147.742442, -42.895011], [147.745556, -42.896277], [147.749591, -42.896728], [147.751498, -42.898117], [147.751211, -42.900743], [147.751873, -42.90114], [147.75702, -42.900338], [147.759001, -42.90146], [147.76131, -42.901493], [147.766927, -42.906846], [147.767218, -42.905257], [147.770346, -42.903436], [147.769378, -42.900416], [147.77089, -42.899199], [147.773543, -42.898717], [147.777166, -42.899581], [147.777619, -42.901272], [147.778726, -42.901594], [147.781698, -42.899662], [147.790243, -42.903176], [147.792351, -42.901026], [147.790773, -42.898239], [147.790239, -42.895373], [147.791443, -42.89262], [147.794848, -42.891665], [147.802348, -42.893145], [147.807082, -42.89011], [147.814782, -42.88853], [147.814811, -42.885536], [147.815903, -42.884922], [147.817579, -42.885522], [147.818007, -42.883756], [147.819934, -42.881972], [147.822065, -42.881736], [147.822203, -42.880706], [147.827254, -42.880365], [147.825892, -42.876594], [147.827944, -42.875216], [147.828003, -42.873411], [147.829045, -42.872114], [147.82868, -42.868062], [147.832438, -42.865739], [147.835137, -42.865391], [147.838241, -42.867791], [147.839591, -42.871852], [147.838964, -42.874055], [147.837421, -42.874495], [147.839346, -42.87529], [147.839522, -42.876367], [147.842688, -42.87639], [147.84311, -42.875169], [147.844756, -42.874177], [147.844439, -42.872864], [147.845372, -42.871638], [147.835673, -42.864804], [147.836046, -42.863945], [147.834806, -42.862605], [147.835115, -42.86094], [147.836548, -42.859251], [147.838075, -42.858935], [147.841499, -42.858685], [147.842145, -42.85998], [147.843156, -42.859893], [147.840178, -42.854901], [147.839905, -42.852537], [147.841135, -42.849245], [147.844038, -42.845775], [147.849002, -42.843954], [147.854811, -42.846723], [147.854952, -42.849045], [147.855542, -42.84913], [147.855227, -42.847373], [147.856929, -42.846569], [147.853259, -42.842873], [147.853409, -42.838032], [147.855678, -42.83483], [147.857658, -42.834575], [147.856417, -42.833142], [147.856441, -42.831647], [147.858334, -42.828648], [147.861142, -42.827069], [147.860596, -42.825602], [147.862071, -42.822059], [147.861939, -42.820159], [147.862536, -42.8194], [147.86296, -42.820377], [147.86357, -42.82], [147.864558, -42.814657], [147.865131, -42.815137], [147.864671, -42.816452], [147.864177, -42.816792], [147.864056, -42.819983], [147.865348, -42.822778], [147.868033, -42.824702], [147.867254, -42.82641], [147.86765, -42.829242], [147.868666, -42.832805], [147.870538, -42.835084], [147.870476, -42.83687], [147.880205, -42.845032], [147.884098, -42.84552], [147.882033, -42.842832], [147.878328, -42.840404], [147.873337, -42.831452], [147.869535, -42.818752], [147.869015, -42.808125], [147.869884, -42.797906], [147.872278, -42.786681], [147.879125, -42.769865], [147.882555, -42.763572], [147.884478, -42.761729], [147.884228, -42.76093], [147.885537, -42.761298], [147.885839, -42.759179], [147.887498, -42.757015], [147.889795, -42.756588], [147.891731, -42.754957], [147.892779, -42.753398], [147.89195, -42.752778], [147.892661, -42.751493], [147.896007, -42.748859], [147.896413, -42.747114], [147.900273, -42.743707], [147.903114, -42.742885], [147.903952, -42.744182], [147.904997, -42.744023], [147.904387, -42.743444], [147.907692, -42.742056], [147.907614, -42.740213], [147.90906, -42.74066], [147.909598, -42.739508], [147.927133, -42.739027], [147.933313, -42.73728], [147.938087, -42.734406], [147.942831, -42.728308], [147.946552, -42.72801], [147.944838, -42.726857], [147.946234, -42.726062], [147.943357, -42.721969], [147.943199, -42.720769], [147.944191, -42.720379], [147.943246, -42.718231], [147.944096, -42.716705], [147.941925, -42.71371], [147.946032, -42.712207], [147.947273, -42.709103], [147.945862, -42.707381], [147.940601, -42.705852], [147.939657, -42.707506], [147.942166, -42.707642], [147.941837, -42.709327], [147.938142, -42.713337], [147.939797, -42.710833], [147.938839, -42.711495], [147.937042, -42.711025], [147.936205, -42.711749], [147.936994, -42.710908], [147.939136, -42.711288], [147.937022, -42.708847], [147.937387, -42.707515], [147.938311, -42.707708], [147.93774, -42.706918], [147.938956, -42.707566], [147.940501, -42.705842], [147.939997, -42.704351], [147.938708, -42.703674], [147.938763, -42.700692], [147.940978, -42.69735], [147.94546, -42.694827], [147.944014, -42.693934], [147.944987, -42.692393], [147.944942, -42.690436], [147.947, -42.689763], [147.949704, -42.690664], [147.948638, -42.689195], [147.948917, -42.688274], [147.951682, -42.686516], [147.957541, -42.685019], [147.958276, -42.68309], [147.957898, -42.681442], [147.960694, -42.681102], [147.962163, -42.679592], [147.959295, -42.676073], [147.960795, -42.674], [147.960972, -42.67185], [147.962992, -42.669542], [147.962198, -42.66816], [147.959275, -42.66694], [147.953484, -42.66107], [147.953965, -42.658673], [147.957296, -42.654589], [147.957056, -42.653182], [147.956679, -42.654825], [147.954255, -42.657169], [147.95163, -42.654402], [147.94534, -42.654157], [147.94386, -42.654376], [147.944261, -42.654936], [147.943671, -42.655051], [147.942873, -42.654384], [147.943997, -42.653996], [147.942408, -42.653464], [147.939925, -42.654511], [147.940794, -42.653555], [147.941601, -42.653389], [147.936191, -42.648563], [147.933725, -42.647877], [147.933606, -42.64841], [147.93259, -42.647763], [147.932636, -42.647711], [147.933089, -42.647544], [147.932374, -42.646473], [147.92975, -42.644901], [147.930296, -42.644734], [147.933783, -42.647565], [147.935059, -42.647644], [147.932137, -42.643431], [147.934215, -42.645572], [147.935157, -42.645868], [147.934249, -42.64435], [147.93539, -42.64591], [147.93638, -42.645822], [147.936801, -42.645931], [147.93697, -42.647541], [147.938703, -42.64801], [147.937945, -42.644896], [147.938434, -42.645561], [147.939331, -42.647996], [147.940206, -42.647692], [147.94585, -42.650127], [147.952936, -42.651714], [147.95414, -42.653645], [147.955735, -42.652906], [147.955435, -42.652479], [147.954832, -42.653228], [147.954987, -42.651128], [147.955068, -42.65225], [147.957712, -42.652588], [147.957695, -42.64802], [147.95548, -42.644901], [147.943989, -42.640385], [147.936438, -42.636304], [147.932941, -42.63369], [147.931612, -42.631559], [147.935499, -42.626521], [147.938648, -42.625712], [147.937571, -42.620652], [147.939841, -42.618661], [147.940716, -42.616626], [147.93854, -42.614601], [147.940675, -42.614089], [147.942463, -42.611446], [147.944514, -42.61127], [147.945698, -42.610174], [147.946346, -42.608489], [147.945527, -42.606344], [147.936138, -42.603713], [147.936213, -42.601906], [147.932327, -42.6001], [147.932506, -42.597448], [147.931468, -42.596472], [147.931693, -42.593556], [147.930351, -42.593234], [147.930378, -42.594642], [147.928026, -42.595391], [147.923282, -42.591844], [147.91726, -42.590013], [147.915753, -42.588093], [147.914574, -42.582791], [147.911649, -42.582558], [147.910613, -42.581337], [147.908788, -42.576854], [147.907718, -42.569437], [147.904591, -42.568062], [147.902503, -42.565956], [147.899105, -42.565324], [147.898561, -42.567913], [147.896178, -42.568975], [147.891843, -42.568809], [147.886938, -42.566491], [147.881807, -42.566941], [147.878848, -42.563784], [147.877874, -42.56054], [147.878981, -42.554155], [147.874473, -42.558284], [147.871432, -42.558966], [147.858726, -42.558959], [147.85279, -42.561028], [147.851242, -42.560374], [147.850751, -42.558618], [147.852794, -42.560544], [147.857537, -42.558187], [147.87161, -42.55724], [147.873827, -42.556306], [147.878442, -42.552249], [147.882108, -42.550918], [147.881803, -42.552693], [147.888446, -42.54526], [147.896627, -42.546201], [147.899769, -42.548063], [147.90288, -42.546625], [147.904936, -42.546555], [147.907453, -42.547829], [147.91337, -42.548512], [147.916524, -42.544766], [147.915035, -42.543567], [147.915653, -42.542505], [147.913749, -42.541648], [147.915569, -42.538163], [147.91527, -42.535694], [147.912947, -42.53212], [147.913282, -42.530651], [147.910219, -42.531201], [147.902162, -42.526697], [147.9007, -42.524449], [147.897307, -42.524029], [147.89788, -42.523768], [147.898827, -42.523718], [147.898598, -42.521309], [147.901705, -42.51772], [147.905611, -42.515626], [147.905423, -42.514935], [147.907479, -42.515473], [147.909414, -42.514562], [147.907628, -42.510776], [147.908865, -42.510991], [147.908967, -42.510442], [147.906221, -42.509357], [147.905098, -42.50669], [147.905278, -42.506046], [147.905614, -42.505758], [147.905151, -42.506558], [147.906427, -42.508297], [147.906366, -42.509299], [147.908794, -42.510014], [147.908393, -42.508887], [147.908994, -42.508664], [147.913896, -42.510941], [147.91532, -42.509549], [147.918568, -42.508333], [147.918671, -42.503544], [147.920015, -42.502622], [147.920921, -42.499434], [147.922028, -42.500006], [147.922147, -42.499348], [147.923938, -42.498832], [147.922954, -42.498243], [147.923733, -42.496786], [147.923152, -42.498304], [147.924251, -42.498725], [147.92403, -42.499165], [147.922925, -42.499359], [147.923245, -42.500268], [147.922406, -42.501223], [147.922504, -42.503075], [147.923861, -42.50485], [147.921553, -42.505182], [147.92187, -42.506418], [147.920616, -42.508671], [147.917995, -42.509649], [147.915044, -42.512767], [147.914208, -42.516288], [147.917667, -42.519543], [147.919065, -42.519766], [147.920126, -42.52153], [147.921888, -42.522232], [147.922696, -42.524975], [147.925634, -42.525963], [147.927109, -42.529192], [147.930358, -42.530803], [147.925504, -42.534081], [147.926601, -42.535604], [147.925191, -42.53816], [147.928992, -42.538666], [147.931027, -42.540192], [147.931303, -42.541032], [147.930307, -42.542537], [147.932202, -42.545816], [147.930717, -42.546746], [147.932352, -42.550122], [147.937564, -42.548504], [147.937939, -42.547186], [147.940814, -42.546923], [147.942426, -42.547455], [147.942459, -42.549306], [147.945502, -42.550145], [147.94897, -42.55323], [147.952013, -42.55287], [147.952885, -42.55178], [147.955031, -42.551446], [147.954914, -42.550135], [147.956153, -42.549766], [147.954869, -42.549045], [147.956255, -42.547626], [147.955975, -42.546281], [147.954962, -42.546136], [147.95501, -42.544986], [147.957864, -42.543433], [147.957235, -42.542139], [147.958241, -42.541772], [147.957465, -42.541308], [147.957264, -42.53931], [147.95585, -42.539242], [147.955037, -42.538191], [147.956442, -42.537606], [147.956492, -42.536607], [147.959527, -42.535472], [147.957759, -42.534619], [147.958835, -42.533867], [147.957855, -42.532655], [147.958205, -42.531939], [147.965107, -42.530403], [147.966459, -42.529799], [147.966392, -42.529067], [147.968245, -42.529113], [147.968165, -42.527666], [147.969116, -42.527188], [147.969576, -42.525352], [147.966928, -42.523153], [147.968728, -42.520332], [147.971864, -42.519536], [147.975255, -42.516159], [147.983241, -42.515998], [147.985549, -42.519318], [147.985457, -42.52137], [147.987071, -42.521617], [147.988776, -42.524541], [147.994823, -42.526537], [147.995132, -42.524916], [147.996288, -42.524627], [147.996198, -42.52336], [147.998375, -42.521185], [147.997983, -42.519904], [147.995629, -42.518464], [147.99585, -42.517787], [148.002658, -42.516806], [148.011032, -42.509549], [148.009852, -42.508468], [148.007384, -42.508469], [148.005749, -42.506908], [148.002983, -42.507241], [148.002328, -42.506234], [148.003118, -42.505343], [148.00164, -42.502867], [147.997042, -42.501569], [147.997581, -42.500301], [147.994993, -42.496387], [147.994402, -42.489953], [147.992056, -42.490538], [147.992755, -42.495604], [147.991421, -42.499955], [147.990017, -42.500588], [147.988523, -42.498345], [147.990601, -42.495374], [147.991787, -42.4902], [147.991418, -42.489398], [147.988727, -42.488767], [147.992189, -42.488764], [147.992946, -42.48948], [147.994641, -42.488932], [147.996728, -42.476206], [147.998921, -42.474601], [147.999329, -42.471054], [148.001046, -42.468863], [148.000487, -42.467763], [148.003655, -42.465813], [148.003318, -42.464274], [148.004104, -42.463617], [148.007483, -42.462049], [148.010253, -42.462346], [148.007543, -42.458225], [148.008713, -42.456311], [148.00871, -42.453685], [148.009829, -42.453529], [148.009088, -42.452597], [148.012105, -42.450774], [148.008747, -42.447271], [148.009812, -42.445133], [148.009135, -42.442859], [148.010153, -42.442163], [148.009872, -42.44028], [148.005994, -42.439589], [148.000035, -42.440372], [147.99258, -42.43753], [147.99019, -42.438198], [147.98819, -42.440666], [147.984482, -42.440988], [147.983653, -42.439167], [147.982776, -42.438944], [147.981435, -42.440501], [147.981025, -42.439969], [147.980382, -42.441367], [147.978812, -42.441473], [147.978033, -42.440668], [147.976956, -42.441039], [147.977286, -42.440679], [147.977975, -42.440571], [147.978956, -42.441377], [147.98035, -42.441114], [147.980886, -42.439841], [147.981875, -42.438953], [147.981606, -42.437671], [147.986212, -42.439208], [147.988046, -42.438988], [147.99081, -42.437046], [147.992894, -42.436904], [147.997502, -42.438569], [147.996824, -42.437144], [147.997216, -42.435732], [147.995723, -42.435019], [147.998159, -42.434122], [147.998899, -42.432996], [147.998396, -42.431836], [147.99585, -42.430315], [147.994083, -42.427505], [147.994024, -42.424967], [147.995178, -42.424341], [147.995028, -42.421927], [147.993436, -42.420617], [147.993284, -42.418245], [147.987787, -42.415278], [147.98537, -42.415189], [147.984674, -42.413989], [147.985803, -42.41258], [147.985523, -42.411453], [147.980836, -42.406995], [147.981042, -42.405396], [147.980503, -42.405351], [147.983275, -42.40214], [147.985203, -42.395369], [147.988047, -42.390135], [147.987756, -42.389042], [147.988889, -42.388775], [147.997366, -42.37892], [147.999715, -42.377385], [148.002608, -42.376883], [148.002892, -42.37551], [148.006531, -42.375344], [148.008584, -42.373728], [148.009062, -42.372437], [148.007831, -42.370938], [148.008812, -42.36951], [148.008183, -42.367016], [148.009847, -42.363239], [148.014237, -42.358158], [148.016534, -42.357661], [148.016773, -42.355663], [148.018325, -42.353933], [148.022349, -42.352906], [148.022507, -42.351146], [148.025041, -42.351002], [148.026865, -42.34964], [148.025802, -42.348835], [148.023174, -42.349063], [148.021794, -42.348045], [148.022731, -42.344236], [148.023928, -42.343905], [148.02459, -42.342416], [148.023177, -42.341907], [148.021363, -42.338959], [148.019139, -42.338055], [148.019617, -42.336699], [148.017734, -42.333948], [148.017851, -42.330902], [148.015516, -42.32777], [148.016214, -42.326307], [148.015169, -42.324856], [148.016278, -42.324194], [148.014536, -42.320515], [148.016548, -42.319595], [148.017118, -42.318092], [148.018785, -42.317675], [148.018485, -42.315007], [148.015267, -42.314143], [148.011297, -42.316762], [148.004235, -42.314783], [147.999993, -42.315114], [147.996058, -42.311551], [147.993686, -42.313954], [147.99032, -42.314973], [147.990547, -42.317249], [147.991594, -42.31739], [147.992169, -42.318535], [147.988518, -42.321231], [147.988281, -42.322142], [147.985818, -42.321407], [147.987846, -42.322962], [147.988072, -42.324824], [147.985996, -42.323999], [147.983019, -42.32509], [147.978283, -42.325359], [147.977957, -42.326088], [147.979011, -42.327426], [147.981226, -42.327548], [147.98066, -42.328666], [147.981426, -42.329761], [147.978796, -42.330533], [147.975743, -42.33388], [147.982336, -42.334913], [147.984269, -42.33706], [147.985851, -42.337244], [147.984563, -42.337373], [147.983328, -42.33666], [147.979234, -42.337497], [147.975854, -42.336324], [147.97089, -42.339396], [147.969214, -42.341557], [147.96763, -42.340891], [147.965378, -42.337674], [147.963331, -42.338302], [147.96289, -42.340022], [147.960139, -42.34144], [147.959844, -42.342947], [147.961528, -42.345395], [147.959312, -42.351579], [147.959637, -42.352846], [147.963041, -42.354806], [147.962038, -42.357338], [147.960316, -42.354761], [147.9572, -42.353741], [147.954403, -42.34748], [147.95664, -42.346347], [147.954941, -42.343884], [147.951333, -42.343867], [147.949209, -42.346123], [147.947398, -42.346295], [147.946932, -42.347991], [147.945481, -42.346355], [147.945833, -42.348492], [147.943869, -42.349591], [147.945484, -42.34843], [147.945113, -42.347075], [147.941838, -42.348478], [147.944832, -42.346859], [147.944289, -42.345872], [147.940317, -42.346352], [147.93717, -42.34848], [147.934872, -42.348584], [147.93145, -42.34731], [147.931806, -42.345379], [147.930962, -42.344172], [147.93579, -42.336659], [147.936344, -42.340652], [147.943687, -42.343173], [147.941263, -42.3419], [147.938094, -42.337252], [147.937583, -42.334918], [147.938966, -42.332802], [147.939523, -42.332852], [147.93814, -42.334606], [147.938592, -42.337445], [147.939734, -42.338382], [147.940107, -42.337003], [147.940055, -42.338331], [147.942164, -42.341298], [147.944064, -42.342377], [147.948441, -42.340301], [147.949717, -42.337844], [147.947638, -42.338927], [147.945141, -42.338751], [147.943681, -42.337279], [147.944744, -42.336101], [147.952921, -42.336661], [147.958992, -42.334999], [147.95366, -42.332503], [147.954829, -42.332681], [147.960179, -42.334992], [147.970437, -42.332961], [147.970614, -42.331705], [147.973625, -42.328725], [147.974862, -42.328406], [147.970389, -42.32587], [147.972501, -42.323262], [147.971625, -42.322966], [147.97207, -42.322141], [147.971139, -42.320687], [147.970438, -42.320765], [147.970723, -42.320441], [147.971207, -42.320421], [147.971914, -42.321126], [147.974553, -42.319523], [147.973939, -42.318598], [147.976736, -42.31675], [147.977748, -42.315214], [147.977447, -42.314104], [147.979928, -42.313951], [147.979502, -42.312711], [147.981168, -42.311963], [147.979702, -42.309262], [147.977559, -42.307399], [147.978992, -42.308045], [147.979147, -42.308646], [147.980333, -42.308995], [147.981285, -42.31059], [147.984748, -42.309819], [147.987851, -42.310128], [147.988251, -42.307238], [147.989783, -42.309951], [147.994061, -42.309524], [147.995789, -42.308435], [147.996129, -42.309466], [147.994707, -42.310117], [147.995286, -42.310509], [148.000346, -42.309933], [148.001005, -42.308763], [148.000166, -42.307457], [148.000247, -42.30408], [148.00235, -42.298664], [148.004206, -42.298312], [148.003679, -42.296382], [148.008018, -42.29256], [148.010523, -42.291923], [148.01167, -42.292394], [148.009956, -42.290918], [148.010456, -42.288729], [148.012518, -42.2864], [148.015615, -42.285468], [148.015709, -42.281438], [148.012468, -42.279697], [148.012118, -42.277697], [148.013457, -42.275214], [148.015839, -42.274584], [148.015243, -42.272362], [148.016516, -42.271488], [148.018448, -42.271631], [148.019079, -42.27076], [148.015294, -42.270587], [148.014807, -42.268237], [148.017073, -42.268138], [148.017432, -42.266052], [148.023606, -42.261393], [148.025279, -42.261569], [148.026122, -42.262634], [148.027506, -42.261985], [148.028151, -42.26061], [148.026873, -42.260292], [148.027582, -42.259943], [148.026835, -42.259663], [148.027216, -42.258767], [148.024629, -42.256301], [148.024437, -42.254426], [148.020201, -42.253768], [148.018082, -42.250411], [148.016349, -42.249786], [148.014939, -42.250452], [148.013167, -42.249462], [148.011802, -42.244901], [148.013583, -42.23935], [148.021583, -42.232141], [148.021361, -42.230785], [148.024066, -42.229575], [148.02543, -42.226773], [148.029478, -42.225046], [148.031743, -42.217563], [148.03522, -42.21602], [148.036572, -42.213646], [148.040659, -42.212615], [148.040782, -42.211179], [148.042129, -42.210908], [148.042671, -42.209639], [148.045832, -42.209218], [148.045559, -42.206912], [148.043259, -42.206125], [148.043948, -42.203008], [148.049919, -42.19891], [148.059535, -42.195242], [148.060597, -42.195516], [148.061473, -42.194567], [148.063345, -42.194512], [148.063704, -42.193438], [148.065971, -42.192517], [148.066867, -42.18993], [148.068659, -42.188329], [148.068009, -42.187151], [148.068955, -42.186611], [148.068195, -42.185595], [148.069059, -42.183563], [148.068934, -42.181129], [148.070147, -42.178654], [148.071898, -42.177812], [148.072255, -42.17487], [148.07639, -42.170596], [148.081404, -42.168861], [148.083129, -42.169041], [148.083882, -42.167915], [148.084051, -42.166403], [148.081055, -42.165831], [148.078859, -42.163013], [148.080197, -42.159798], [148.080022, -42.15634], [148.076759, -42.155627], [148.076231, -42.152897], [148.072485, -42.152897], [148.07129, -42.15419], [148.071575, -42.153352], [148.072343, -42.1528], [148.076466, -42.152401], [148.076744, -42.148175], [148.078679, -42.145417], [148.081257, -42.143929], [148.080861, -42.141874], [148.077744, -42.140488], [148.078169, -42.137455], [148.076684, -42.134761], [148.077708, -42.133679], [148.076611, -42.132595], [148.077375, -42.131146], [148.084636, -42.126621], [148.085092, -42.125511], [148.083528, -42.124475], [148.08014, -42.125148], [148.077699, -42.123417], [148.075869, -42.123244], [148.073624, -42.118626], [148.073813, -42.116326], [148.072275, -42.115352], [148.072926, -42.112709], [148.069177, -42.112664], [148.070034, -42.112076], [148.066613, -42.113914], [148.06176, -42.113337], [148.061169, -42.11438], [148.061638, -42.115619], [148.06106, -42.116092], [148.059536, -42.116439], [148.055919, -42.116137], [148.05502, -42.114929], [148.052199, -42.118917], [148.049696, -42.119204], [148.046666, -42.118418], [148.052251, -42.118745], [148.054903, -42.114764], [148.055685, -42.115089], [148.056134, -42.11609], [148.060656, -42.116072], [148.061543, -42.115454], [148.061016, -42.114407], [148.061466, -42.113375], [148.061858, -42.113147], [148.065662, -42.113747], [148.069178, -42.111893], [148.072218, -42.111213], [148.072993, -42.112401], [148.077667, -42.107802], [148.08321, -42.103867], [148.089999, -42.100146], [148.09735, -42.09738], [148.110463, -42.094271], [148.123932, -42.092425], [148.141902, -42.091189], [148.165537, -42.09135], [148.199884, -42.09417], [148.217964, -42.096768], [148.231032, -42.09953], [148.232938, -42.099336], [148.235198, -42.097901], [148.234228, -42.09805], [148.234871, -42.094341], [148.233427, -42.092572], [148.211365, -42.084914], [148.183822, -42.08189], [148.176155, -42.084641], [148.167508, -42.084963], [148.156747, -42.079035], [148.154128, -42.076156], [148.154358, -42.075409], [148.150762, -42.074493], [148.148398, -42.075449], [148.145289, -42.075497], [148.136632, -42.079024], [148.129601, -42.080244], [148.123755, -42.079783], [148.125616, -42.079564], [148.126437, -42.078378], [148.129865, -42.078], [148.129026, -42.077458], [148.118673, -42.07635], [148.114843, -42.078333], [148.108974, -42.079921], [148.103309, -42.082914], [148.095293, -42.082548], [148.092038, -42.081552], [148.089229, -42.079641], [148.084406, -42.075904], [148.081552, -42.072447], [148.079796, -42.072126], [148.078021, -42.073546], [148.075783, -42.072721], [148.074928, -42.071595], [148.075324, -42.066212], [148.073524, -42.065245], [148.069221, -42.065872], [148.068883, -42.067911], [148.067489, -42.068771], [148.06396, -42.068366], [148.06492, -42.067986], [148.067587, -42.068605], [148.06876, -42.067867], [148.068635, -42.066509], [148.068799, -42.066141], [148.06924, -42.065796], [148.070274, -42.065429], [148.073332, -42.065067], [148.075232, -42.065871], [148.076613, -42.062981], [148.079573, -42.060883], [148.076795, -42.056296], [148.076013, -42.053773], [148.0767, -42.054081], [148.07715, -42.056148], [148.077404, -42.054303], [148.077297, -42.056331], [148.078983, -42.058551], [148.079842, -42.060778], [148.075697, -42.065393], [148.075775, -42.072196], [148.077453, -42.072956], [148.079884, -42.071453], [148.082336, -42.071351], [148.085527, -42.075448], [148.093656, -42.081067], [148.103526, -42.081775], [148.108728, -42.078878], [148.116472, -42.076476], [148.119449, -42.074726], [148.126791, -42.074003], [148.127959, -42.072768], [148.127408, -42.071248], [148.126202, -42.070737], [148.124127, -42.071653], [148.122972, -42.070386], [148.116797, -42.071824], [148.114646, -42.073634], [148.118298, -42.070229], [148.124106, -42.06654], [148.1295, -42.061124], [148.131873, -42.061009], [148.135281, -42.062975], [148.137951, -42.060672], [148.138425, -42.061749], [148.137693, -42.061957], [148.139578, -42.063381], [148.152399, -42.062255], [148.157502, -42.056907], [148.165024, -42.051755], [148.162984, -42.050404], [148.157816, -42.049836], [148.157327, -42.048808], [148.15798, -42.047813], [148.160657, -42.047222], [148.162513, -42.044109], [148.16285, -42.039652], [148.161647, -42.038144], [148.154976, -42.035182], [148.148676, -42.033852], [148.146761, -42.034651], [148.146783, -42.035791], [148.14528, -42.037291], [148.147702, -42.03946], [148.150797, -42.04019], [148.150709, -42.044665], [148.148927, -42.048243], [148.142924, -42.05158], [148.14185, -42.051666], [148.139775, -42.050127], [148.140845, -42.049582], [148.141801, -42.0462], [148.140358, -42.045814], [148.137935, -42.04672], [148.137211, -42.046691], [148.136658, -42.046338], [148.136572, -42.04509], [148.133264, -42.043949], [148.136651, -42.044968], [148.136828, -42.046379], [148.137897, -42.046629], [148.138372, -42.046138], [148.138657, -42.046044], [148.142212, -42.045452], [148.140473, -42.043415], [148.141994, -42.041128], [148.146078, -42.041482], [148.144587, -42.03719], [148.145316, -42.03556], [148.144693, -42.034304], [148.145202, -42.032709], [148.14351, -42.029777], [148.144802, -42.02742], [148.145867, -42.026966], [148.143354, -42.022801], [148.143417, -42.020525], [148.145366, -42.015408], [148.14807, -42.014375], [148.153689, -42.010224], [148.152684, -42.006878], [148.15354, -42.005184], [148.162272, -41.99958], [148.163207, -41.997963], [148.164744, -41.997749], [148.164208, -41.997489], [148.165862, -41.996286], [148.170989, -41.997075], [148.172218, -41.998214], [148.172239, -42.000916], [148.169228, -42.002945], [148.172102, -42.003779], [148.171835, -42.004551], [148.172698, -42.005529], [148.171397, -42.006105], [148.173337, -42.006813], [148.172875, -42.008263], [148.173422, -42.008975], [148.175947, -42.009878], [148.179268, -42.009168], [148.184307, -42.011125], [148.184133, -42.012215], [148.185994, -42.012851], [148.186239, -42.014474], [148.187, -42.014604], [148.187023, -42.01852], [148.1892, -42.018373], [148.198259, -42.02066], [148.199337, -42.020234], [148.200299, -42.01729], [148.205057, -42.016441], [148.210876, -42.010453], [148.213123, -42.004763], [148.215491, -42.003332], [148.215825, -42.004212], [148.217554, -42.002963], [148.217841, -42.001674], [148.214907, -41.998547], [148.213018, -41.99791], [148.212291, -41.99628], [148.211974, -41.994832], [148.214534, -41.992498], [148.213758, -41.991439], [148.210666, -41.990611], [148.212047, -41.99043], [148.21491, -41.991745], [148.215802, -41.98803], [148.213596, -41.987245], [148.217158, -41.988371], [148.21645, -41.987019], [148.214088, -41.985999], [148.215675, -41.98651], [148.215309, -41.985388], [148.217119, -41.987316], [148.217672, -41.988543], [148.218734, -41.988663], [148.218606, -41.98798], [148.219759, -41.989788], [148.221927, -41.990265], [148.230875, -41.984062], [148.235661, -41.984441], [148.240014, -41.985963], [148.24331, -41.988302], [148.244213, -41.989429], [148.24541, -41.992375], [148.245256, -41.997476], [148.243049, -42.002531], [148.23953, -42.006273], [148.233304, -42.00935], [148.231312, -42.012824], [148.229687, -42.013667], [148.23023, -42.014678], [148.228051, -42.017325], [148.227927, -42.02025], [148.226496, -42.022181], [148.22453, -42.022993], [148.223958, -42.022462], [148.224398, -42.020291], [148.222077, -42.020941], [148.221193, -42.024303], [148.217861, -42.027916], [148.218617, -42.028268], [148.217988, -42.028554], [148.218574, -42.028918], [148.218271, -42.030425], [148.217518, -42.030716], [148.218266, -42.031307], [148.215577, -42.032616], [148.21431, -42.035654], [148.211552, -42.03734], [148.209722, -42.036997], [148.208792, -42.038648], [148.206653, -42.039409], [148.202144, -42.038366], [148.200764, -42.038951], [148.192954, -42.036052], [148.189215, -42.037274], [148.185103, -42.040526], [148.179861, -42.04304], [148.172684, -42.043377], [148.170926, -42.046014], [148.171325, -42.047715], [148.170605, -42.051273], [148.174078, -42.052432], [148.1746, -42.054347], [148.173159, -42.055798], [148.169807, -42.055569], [148.163343, -42.057437], [148.159399, -42.060094], [148.158893, -42.062223], [148.156829, -42.065179], [148.157478, -42.074732], [148.158208, -42.075886], [148.162198, -42.077946], [148.172687, -42.078697], [148.18168, -42.077046], [148.18697, -42.077836], [148.18877, -42.077275], [148.191335, -42.074814], [148.192963, -42.072642], [148.193201, -42.070074], [148.194189, -42.068896], [148.197645, -42.067186], [148.202654, -42.066792], [148.210724, -42.068371], [148.221071, -42.068837], [148.224628, -42.071414], [148.224506, -42.073482], [148.223791, -42.073876], [148.224371, -42.074645], [148.223338, -42.075793], [148.224647, -42.076886], [148.217596, -42.074876], [148.213229, -42.071434], [148.208124, -42.076074], [148.208443, -42.077391], [148.229061, -42.084812], [148.232345, -42.087422], [148.241674, -42.091033], [148.24094, -42.094369], [148.236525, -42.096848], [148.236793, -42.101073], [148.237327, -42.102114], [148.239241, -42.102334], [148.237781, -42.102489], [148.243563, -42.105125], [148.244174, -42.110751], [148.247311, -42.113198], [148.247575, -42.116841], [148.249953, -42.116224], [148.251074, -42.114526], [148.256558, -42.114624], [148.258459, -42.112794], [148.263988, -42.112893], [148.266106, -42.113659], [148.268426, -42.109987], [148.268504, -42.110544], [148.268385, -42.110875], [148.270908, -42.111318], [148.267864, -42.111093], [148.267619, -42.112348], [148.273162, -42.11436], [148.282802, -42.120953], [148.283477, -42.122179], [148.282027, -42.124539], [148.28273, -42.126872], [148.283651, -42.127215], [148.283392, -42.128068], [148.286721, -42.127358], [148.288946, -42.128734], [148.289424, -42.127582], [148.291281, -42.127121], [148.291373, -42.126404], [148.294435, -42.124586], [148.297799, -42.126531], [148.298424, -42.12564], [148.298061, -42.126466], [148.300351, -42.128733], [148.302408, -42.134095], [148.300896, -42.134725], [148.301137, -42.13535], [148.297832, -42.136473], [148.298796, -42.137121], [148.297604, -42.140164], [148.295408, -42.139956], [148.29184, -42.141264], [148.289133, -42.14365], [148.287586, -42.142867], [148.285537, -42.144303], [148.285997, -42.144853], [148.285301, -42.145432], [148.283437, -42.144771], [148.281251, -42.146083], [148.275246, -42.146864], [148.272561, -42.148554], [148.265034, -42.155713], [148.265137, -42.156646], [148.263211, -42.158354], [148.262838, -42.159644], [148.263423, -42.160384], [148.261228, -42.160921], [148.260847, -42.164936], [148.259259, -42.165704], [148.260679, -42.167769], [148.264011, -42.169186], [148.265757, -42.169198], [148.266786, -42.167961], [148.268649, -42.168751], [148.271446, -42.168477], [148.279955, -42.175157], [148.287767, -42.184477], [148.291519, -42.190358], [148.291229, -42.195255], [148.289716, -42.196163], [148.290618, -42.197235], [148.290475, -42.198604], [148.288004, -42.199799], [148.28738, -42.201594], [148.283421, -42.203558], [148.28125, -42.205756], [148.279805, -42.205568], [148.278152, -42.207306], [148.276665, -42.207707], [148.276529, -42.208494], [148.278265, -42.209821], [148.276441, -42.21062], [148.276658, -42.212006], [148.275039, -42.213008], [148.274131, -42.214442], [148.274599, -42.215097], [148.273062, -42.215176], [148.27256, -42.216884], [148.271569, -42.216831], [148.273156, -42.220526], [148.270114, -42.22503], [148.269671, -42.227026], [148.269611, -42.226751], [148.26988, -42.225868], [148.269643, -42.22557], [148.26483, -42.22854], [148.262304, -42.229013], [148.260487, -42.227343], [148.258939, -42.227492], [148.258967, -42.229012], [148.256939, -42.229916], [148.25394, -42.228446], [148.250746, -42.231449], [148.252806, -42.234142], [148.251974, -42.238123], [148.252617, -42.241009], [148.251566, -42.243045], [148.253048, -42.244389], [148.254214, -42.247998], [148.256578, -42.250479], [148.258021, -42.250864], [148.257732, -42.252078], [148.261503, -42.254384], [148.267235, -42.254678], [148.269025, -42.254053], [148.270371, -42.256162], [148.271292, -42.255634], [148.271569, -42.256535], [148.274296, -42.257029], [148.275961, -42.254213], [148.27991, -42.254491], [148.283458, -42.25617], [148.288799, -42.260449], [148.291189, -42.264209], [148.29164, -42.270545], [148.293578, -42.272996], [148.293618, -42.275167], [148.291791, -42.276065], [148.29098, -42.278792], [148.291518, -42.280746], [148.293006, -42.28185], [148.29572, -42.283048], [148.300227, -42.28189], [148.302804, -42.282254], [148.302302, -42.281343], [148.304478, -42.281118], [148.305949, -42.27945], [148.309091, -42.279296], [148.308654, -42.27856], [148.309223, -42.277898], [148.30839, -42.276806], [148.311965, -42.277722], [148.313958, -42.276631], [148.313593, -42.276029], [148.314562, -42.275988], [148.314222, -42.274707], [148.311152, -42.273091], [148.309275, -42.273154], [148.308256, -42.270852], [148.306958, -42.270599], [148.308367, -42.268973], [148.308013, -42.266702], [148.308579, -42.2661], [148.310933, -42.266249], [148.310503, -42.265185], [148.314159, -42.265321], [148.314745, -42.266645], [148.315664, -42.265795], [148.315502, -42.264913], [148.317908, -42.265478], [148.32041, -42.26438], [148.320161, -42.263543], [148.318026, -42.263072], [148.318868, -42.262482], [148.318703, -42.261414], [148.320711, -42.261915], [148.32101, -42.260747], [148.319487, -42.259705], [148.318333, -42.260189], [148.317555, -42.259612], [148.319389, -42.257907], [148.318694, -42.25736], [148.319057, -42.256099], [148.320771, -42.256616], [148.321154, -42.254603], [148.322987, -42.254437], [148.324277, -42.252773], [148.322911, -42.249512], [148.323034, -42.246867], [148.320902, -42.245057], [148.323173, -42.243268], [148.322297, -42.241204], [148.323315, -42.240117], [148.322889, -42.23937], [148.323998, -42.238517], [148.32432, -42.236962], [148.325569, -42.237073], [148.326918, -42.23358], [148.328068, -42.233053], [148.327871, -42.229921], [148.330017, -42.230784], [148.330634, -42.229945], [148.331452, -42.230343], [148.332084, -42.228043], [148.334759, -42.228827], [148.338586, -42.228192], [148.346225, -42.223802], [148.347018, -42.220623], [148.344669, -42.221182], [148.342986, -42.219874], [148.343688, -42.218269], [148.342897, -42.217453], [148.344249, -42.21488], [148.342662, -42.212269], [148.342897, -42.211152], [148.34345, -42.209996], [148.34483, -42.210946], [148.346408, -42.207786], [148.348727, -42.207027], [148.349364, -42.2053], [148.351633, -42.203578], [148.353614, -42.197332], [148.355137, -42.195488], [148.354966, -42.193742], [148.355721, -42.193316], [148.354122, -42.190433], [148.354587, -42.190087], [148.351786, -42.188311], [148.350897, -42.185774], [148.351524, -42.185438], [148.350859, -42.184945], [148.352812, -42.184183], [148.352454, -42.182114], [148.354722, -42.181204], [148.354741, -42.180512], [148.356872, -42.180884], [148.356171, -42.178968], [148.355013, -42.180114], [148.349605, -42.179932], [148.348604, -42.181687], [148.346503, -42.181918], [148.345442, -42.183595], [148.343531, -42.181418], [148.338795, -42.181123], [148.338792, -42.180087], [148.336092, -42.178642], [148.334861, -42.176679], [148.333952, -42.177633], [148.332613, -42.175606], [148.325194, -42.173829], [148.323276, -42.172574], [148.32336, -42.171819], [148.320539, -42.171961], [148.320513, -42.171127], [148.318768, -42.170972], [148.317312, -42.169756], [148.315867, -42.169995], [148.315592, -42.169199], [148.313995, -42.170719], [148.313984, -42.171752], [148.312315, -42.171698], [148.309911, -42.173612], [148.311121, -42.173956], [148.309968, -42.175565], [148.306679, -42.175619], [148.301286, -42.172741], [148.297735, -42.166374], [148.299637, -42.163619], [148.299188, -42.161696], [148.307726, -42.160472], [148.310354, -42.161205], [148.31345, -42.160206], [148.315593, -42.15832], [148.315924, -42.155961], [148.31814, -42.155119], [148.319603, -42.155478], [148.318769, -42.154048], [148.320175, -42.153814], [148.320826, -42.150093], [148.324203, -42.149314], [148.323882, -42.14606], [148.320428, -42.137319], [148.31935, -42.13652], [148.317989, -42.136695], [148.319499, -42.135064], [148.319607, -42.132453], [148.321356, -42.131918], [148.324716, -42.132604], [148.325972, -42.130705], [148.327982, -42.131618], [148.330243, -42.131319], [148.33068, -42.132121], [148.332981, -42.131578], [148.334757, -42.132606], [148.335771, -42.131904], [148.336695, -42.132551], [148.337411, -42.132151], [148.33809, -42.133001], [148.338011, -42.131938], [148.335599, -42.130819], [148.334397, -42.127459], [148.33634, -42.125743], [148.344028, -42.123163], [148.345143, -42.121378], [148.345388, -42.118468], [148.344895, -42.116826], [148.342801, -42.115788], [148.342949, -42.11438], [148.340163, -42.111335], [148.342918, -42.108726], [148.341913, -42.107623], [148.342767, -42.106646], [148.341412, -42.106266], [148.341848, -42.105247], [148.34058, -42.104147], [148.340522, -42.102683], [148.335827, -42.10337], [148.335698, -42.105177], [148.333105, -42.10552], [148.330471, -42.101351], [148.328082, -42.100175], [148.328123, -42.097932], [148.325642, -42.09622], [148.325989, -42.094812], [148.325324, -42.093955], [148.326167, -42.094274], [148.325911, -42.093319], [148.325186, -42.093683], [148.323629, -42.09194], [148.324736, -42.090196], [148.324203, -42.087175], [148.325479, -42.085507], [148.32476, -42.085093], [148.324633, -42.083019], [148.321616, -42.079993], [148.319305, -42.079321], [148.317101, -42.077456], [148.317794, -42.072583], [148.315866, -42.072183], [148.314552, -42.070036], [148.313706, -42.070259], [148.314073, -42.069725], [148.312837, -42.06924], [148.312568, -42.065453], [148.311937, -42.064971], [148.312067, -42.063966], [148.31288, -42.063748], [148.310414, -42.062295], [148.311451, -42.060624], [148.30961, -42.057028], [148.30879, -42.056832], [148.308226, -42.057981], [148.307071, -42.057395], [148.30627, -42.058002], [148.302997, -42.056476], [148.300816, -42.057751], [148.297974, -42.05708], [148.296398, -42.055641], [148.295698, -42.053568], [148.291117, -42.050716], [148.288276, -42.04725], [148.284634, -42.038985], [148.283447, -42.032806], [148.283754, -42.003786], [148.28613, -41.992802], [148.28853, -41.991024], [148.288252, -41.989028], [148.290681, -41.987477], [148.289148, -41.98669], [148.289377, -41.982665], [148.29353, -41.971533], [148.297936, -41.965853], [148.30239, -41.963306], [148.304237, -41.963221], [148.305826, -41.964157], [148.3098, -41.961411], [148.309957, -41.959623], [148.308755, -41.958807], [148.309069, -41.957729], [148.307359, -41.956601], [148.306924, -41.954124], [148.30352, -41.951962], [148.302505, -41.949813], [148.301795, -41.942811], [148.302524, -41.9369], [148.306511, -41.931273], [148.308566, -41.930204], [148.310371, -41.9306], [148.31122, -41.929175], [148.314457, -41.929034], [148.31629, -41.927703], [148.316977, -41.925463], [148.319679, -41.925063], [148.321185, -41.923037], [148.320327, -41.921554], [148.322596, -41.91949], [148.322448, -41.917962], [148.32359, -41.917201], [148.32166, -41.914859], [148.320871, -41.912051], [148.317784, -41.909959], [148.318677, -41.90838], [148.319268, -41.903099], [148.317575, -41.902414], [148.316942, -41.903421], [148.314173, -41.903879], [148.31142, -41.900842], [148.311307, -41.899089], [148.30862, -41.8976], [148.309164, -41.894583], [148.308635, -41.895131], [148.308173, -41.894172], [148.305839, -41.894403], [148.304951, -41.892835], [148.305435, -41.891952], [148.304019, -41.8913], [148.307379, -41.888253], [148.304439, -41.885007], [148.303872, -41.882737], [148.305142, -41.881293], [148.307495, -41.881673], [148.309039, -41.88041], [148.308335, -41.879759], [148.309125, -41.879214], [148.308185, -41.877216], [148.311269, -41.876718], [148.310938, -41.873282], [148.305861, -41.870249], [148.305669, -41.868455], [148.303967, -41.868975], [148.302966, -41.872052], [148.299858, -41.872723], [148.295818, -41.870532], [148.296101, -41.869104], [148.292164, -41.867508], [148.291335, -41.867831], [148.291766, -41.867051], [148.290947, -41.865728], [148.289834, -41.866627], [148.287446, -41.865809], [148.285916, -41.862581], [148.286479, -41.860883], [148.283668, -41.858982], [148.28271, -41.859107], [148.282494, -41.857855], [148.280122, -41.85708], [148.279291, -41.855783], [148.277189, -41.855732], [148.276768, -41.854674], [148.27741, -41.853689], [148.27435, -41.851785], [148.272561, -41.848887], [148.267856, -41.836327], [148.266892, -41.827873], [148.267251, -41.823402], [148.264479, -41.810011], [148.264784, -41.801748], [148.266786, -41.793376], [148.271109, -41.782453], [148.276412, -41.774812], [148.281543, -41.762149], [148.284295, -41.757798], [148.289201, -41.751909], [148.292448, -41.749725], [148.294942, -41.749035], [148.298548, -41.749356], [148.299603, -41.752274], [148.299764, -41.751366], [148.302798, -41.750675], [148.301962, -41.74874], [148.30477, -41.748176], [148.302347, -41.744993], [148.3047, -41.742275], [148.302147, -41.740755], [148.302808, -41.739419], [148.300399, -41.739781], [148.299382, -41.741233], [148.29675, -41.74063], [148.289322, -41.734822], [148.285953, -41.728425], [148.284073, -41.719999], [148.286076, -41.706729], [148.287896, -41.701127], [148.290717, -41.696535], [148.293415, -41.696272], [148.29523, -41.693173], [148.292586, -41.691924], [148.290998, -41.689969], [148.289053, -41.684514], [148.289697, -41.671587], [148.293183, -41.658961], [148.297403, -41.651268], [148.30149, -41.645818], [148.307358, -41.640529], [148.312096, -41.639165], [148.312813, -41.635953], [148.315581, -41.633912], [148.314182, -41.631937], [148.315352, -41.628312], [148.314168, -41.626211], [148.317457, -41.62496], [148.318127, -41.622893], [148.320296, -41.621392], [148.319123, -41.619346], [148.319965, -41.616774], [148.31928, -41.612954], [148.320789, -41.610946], [148.318714, -41.609915], [148.319364, -41.609023], [148.318387, -41.607134], [148.31926, -41.604814], [148.318301, -41.599878], [148.31954, -41.598412], [148.319152, -41.596062], [148.318087, -41.595195], [148.31862, -41.594103], [148.317291, -41.592215], [148.317707, -41.58909], [148.316081, -41.586275], [148.316873, -41.582412], [148.315228, -41.580855], [148.316349, -41.579084], [148.314979, -41.577301], [148.316653, -41.575378], [148.314652, -41.574665], [148.315196, -41.572058], [148.314586, -41.571299], [148.310909, -41.571736], [148.305033, -41.568491], [148.303237, -41.564932], [148.303304, -41.562435], [148.299263, -41.558037], [148.294726, -41.559529], [148.293344, -41.559193], [148.292575, -41.557239], [148.290365, -41.558341], [148.288018, -41.558195], [148.288641, -41.557755], [148.290664, -41.55785], [148.290891, -41.557296], [148.286169, -41.552486], [148.283796, -41.547276], [148.283244, -41.544395], [148.284714, -41.54354], [148.285881, -41.541538], [148.284723, -41.53959], [148.285084, -41.538445], [148.282991, -41.537213], [148.282085, -41.535661], [148.281852, -41.531111], [148.279849, -41.527802], [148.279234, -41.52284], [148.280173, -41.519979], [148.282007, -41.519473], [148.279186, -41.518919], [148.278979, -41.515844], [148.276494, -41.51344], [148.277261, -41.512198], [148.27526, -41.510786], [148.274885, -41.505521], [148.275621, -41.503499], [148.272712, -41.502498], [148.270515, -41.502904], [148.269455, -41.504934], [148.26713, -41.506367], [148.26748, -41.505431], [148.266317, -41.505623], [148.269578, -41.503965], [148.266005, -41.501167], [148.26554, -41.501194], [148.263722, -41.502802], [148.265048, -41.500319], [148.264296, -41.49962], [148.263975, -41.500467], [148.263674, -41.500045], [148.263964, -41.499472], [148.26149, -41.497572], [148.262833, -41.496838], [148.262503, -41.491472], [148.259319, -41.490391], [148.259575, -41.48865], [148.258128, -41.488053], [148.257352, -41.486454], [148.253737, -41.486215], [148.252348, -41.487069], [148.249273, -41.486025], [148.250991, -41.485427], [148.250097, -41.484585], [148.251772, -41.483785], [148.250358, -41.483324], [148.251699, -41.483655], [148.252228, -41.482736], [148.253609, -41.482534], [148.253093, -41.480278], [148.251906, -41.479262], [148.253103, -41.477852], [148.254384, -41.477998], [148.254719, -41.479055], [148.2574, -41.480791], [148.255937, -41.48506], [148.258729, -41.485365], [148.261891, -41.489361], [148.262217, -41.487286], [148.26336, -41.48611], [148.263535, -41.482338], [148.264304, -41.481935], [148.264225, -41.487797], [148.262794, -41.487569], [148.262645, -41.489039], [148.267142, -41.498433], [148.267504, -41.500799], [148.26961, -41.502517], [148.271, -41.502425], [148.268742, -41.497359], [148.266246, -41.485072], [148.265768, -41.472388], [148.267056, -41.463183], [148.266477, -41.462171], [148.264442, -41.462405], [148.259196, -41.459774], [148.254129, -41.459219], [148.249614, -41.456645], [148.247543, -41.458416], [148.246365, -41.46043], [148.246595, -41.461575], [148.245791, -41.461963], [148.247091, -41.463616], [148.246735, -41.466368], [148.244241, -41.467412], [148.242051, -41.467224], [148.23182, -41.460712], [148.230225, -41.457773], [148.229347, -41.455202], [148.231357, -41.450646], [148.232393, -41.442921], [148.231358, -41.442874], [148.230473, -41.444296], [148.228004, -41.445095], [148.223867, -41.441714], [148.222254, -41.441881], [148.221745, -41.442784], [148.224405, -41.445033], [148.221921, -41.447025], [148.217, -41.447869], [148.21719, -41.450521], [148.216218, -41.451327], [148.21687, -41.450278], [148.216515, -41.448005], [148.219702, -41.446929], [148.215209, -41.445895], [148.210467, -41.447091], [148.207869, -41.444641], [148.204733, -41.448143], [148.201542, -41.448137], [148.200345, -41.447353], [148.203969, -41.444258], [148.205124, -41.441083], [148.20087, -41.440875], [148.197882, -41.442357], [148.200861, -41.440566], [148.202469, -41.440458], [148.205429, -41.440982], [148.204932, -41.443478], [148.20104, -41.447301], [148.202354, -41.448038], [148.204712, -41.447683], [148.206962, -41.445436], [148.207169, -41.443993], [148.208682, -41.444133], [148.210543, -41.446649], [148.214586, -41.445518], [148.221836, -41.446457], [148.223476, -41.444538], [148.221038, -41.443], [148.222711, -41.441165], [148.224058, -41.441312], [148.226504, -41.443432], [148.228926, -41.444314], [148.230109, -41.44345], [148.228222, -41.443454], [148.226673, -41.440904], [148.226525, -41.439683], [148.227346, -41.441208], [148.228419, -41.440972], [148.22777, -41.437848], [148.224981, -41.434489], [148.227981, -41.432568], [148.225389, -41.432139], [148.224839, -41.43135], [148.225807, -41.432101], [148.22763, -41.431612], [148.228167, -41.432255], [148.22794, -41.433173], [148.225766, -41.434739], [148.22822, -41.43745], [148.230143, -41.442885], [148.232414, -41.441934], [148.233417, -41.442777], [148.232967, -41.449309], [148.23078, -41.456235], [148.232911, -41.460398], [148.238894, -41.463888], [148.23999, -41.465486], [148.244398, -41.46657], [148.246058, -41.465135], [148.245892, -41.463074], [148.244209, -41.465077], [148.242048, -41.464694], [148.240477, -41.463906], [148.240035, -41.463193], [148.241035, -41.463102], [148.236802, -41.460294], [148.236244, -41.459146], [148.239775, -41.45778], [148.239953, -41.45688], [148.243628, -41.459138], [148.242914, -41.460078], [148.243899, -41.462532], [148.246348, -41.457455], [148.248357, -41.455717], [148.250195, -41.45537], [148.252403, -41.455664], [148.255779, -41.458189], [148.259364, -41.458395], [148.262956, -41.460234], [148.264843, -41.458498], [148.264294, -41.457421], [148.266176, -41.451924], [148.266785, -41.453282], [148.266156, -41.455823], [148.264596, -41.457464], [148.2662, -41.458325], [148.265859, -41.460235], [148.266379, -41.461667], [148.26723, -41.461698], [148.268012, -41.454884], [148.270582, -41.445717], [148.274441, -41.438046], [148.276076, -41.436208], [148.277338, -41.435915], [148.277472, -41.4343], [148.275955, -41.43123], [148.279182, -41.416605], [148.284045, -41.406324], [148.290054, -41.398553], [148.290825, -41.386289], [148.292406, -41.379616], [148.295704, -41.371693], [148.29356, -41.37033], [148.292371, -41.370469], [148.286844, -41.376209], [148.289456, -41.377473], [148.289102, -41.380463], [148.284349, -41.379605], [148.281817, -41.378284], [148.279404, -41.378774], [148.279316, -41.377417], [148.280467, -41.37594], [148.279165, -41.373697], [148.279642, -41.372496], [148.279124, -41.371733], [148.279561, -41.372097], [148.280216, -41.370923], [148.283457, -41.372367], [148.28623, -41.370632], [148.29374, -41.369317], [148.294219, -41.368231], [148.292036, -41.365645], [148.289642, -41.365205], [148.288368, -41.36574], [148.286734, -41.364822], [148.288624, -41.364721], [148.288199, -41.363796], [148.288801, -41.363257], [148.290791, -41.364891], [148.293041, -41.36493], [148.294133, -41.36726], [148.295815, -41.368232], [148.294043, -41.369407], [148.29577, -41.370327], [148.297268, -41.369997], [148.30134, -41.366183], [148.303791, -41.361364], [148.30582, -41.360089], [148.305596, -41.358226], [148.307511, -41.357063], [148.308326, -41.355402], [148.309725, -41.354967], [148.309307, -41.35339], [148.314344, -41.344693], [148.318448, -41.333124], [148.320964, -41.319962], [148.327304, -41.306454], [148.334278, -41.298153], [148.342571, -41.290382], [148.348268, -41.286476], [148.353189, -41.2869], [148.353842, -41.285729], [148.353262, -41.2851], [148.354071, -41.285092], [148.353717, -41.284027], [148.356919, -41.283033], [148.358946, -41.281473], [148.358317, -41.279942], [148.359084, -41.279556], [148.359099, -41.276453], [148.358624, -41.275473], [148.356502, -41.274737], [148.356402, -41.27395], [148.355563, -41.273872], [148.35418, -41.275342], [148.352065, -41.274793], [148.348022, -41.276287], [148.348492, -41.276998], [148.347105, -41.277116], [148.346988, -41.278642], [148.345275, -41.278969], [148.343611, -41.280485], [148.341091, -41.280624], [148.339386, -41.282044], [148.335842, -41.280727], [148.332382, -41.277733], [148.332008, -41.276489], [148.331406, -41.279337], [148.331816, -41.283025], [148.329643, -41.285787], [148.325026, -41.289069], [148.325978, -41.289752], [148.325753, -41.289006], [148.327749, -41.287981], [148.329283, -41.288282], [148.329428, -41.290007], [148.326948, -41.292489], [148.326849, -41.294725], [148.32349, -41.298533], [148.319678, -41.299972], [148.317847, -41.299752], [148.317278, -41.300254], [148.319057, -41.301298], [148.315953, -41.301352], [148.313922, -41.303134], [148.311794, -41.306246], [148.31172, -41.309062], [148.311483, -41.308039], [148.310812, -41.308355], [148.312006, -41.311992], [148.309474, -41.316973], [148.299535, -41.323262], [148.291494, -41.32468], [148.285882, -41.328411], [148.27475, -41.337885], [148.27158, -41.339573], [148.269722, -41.339641], [148.268199, -41.338379], [148.266607, -41.338296], [148.265285, -41.338752], [148.264678, -41.340444], [148.263092, -41.340695], [148.262356, -41.339451], [148.262896, -41.338545], [148.261229, -41.338564], [148.259818, -41.337527], [148.258956, -41.33396], [148.256252, -41.332534], [148.255911, -41.330395], [148.253902, -41.330502], [148.252504, -41.329623], [148.249526, -41.330007], [148.247161, -41.328072], [148.244822, -41.329604], [148.240615, -41.327029], [148.240514, -41.324789], [148.237841, -41.324117], [148.238732, -41.323067], [148.235737, -41.322684], [148.238505, -41.321446], [148.239382, -41.320049], [148.240878, -41.320157], [148.241839, -41.323391], [148.243778, -41.324268], [148.244211, -41.32601], [148.246822, -41.326024], [148.247189, -41.327684], [148.248517, -41.327998], [148.248124, -41.327669], [148.252002, -41.323734], [148.255471, -41.323634], [148.257652, -41.321308], [148.258482, -41.321344], [148.257647, -41.323588], [148.258927, -41.3251], [148.261583, -41.321405], [148.263333, -41.32145], [148.263953, -41.322339], [148.265554, -41.321174], [148.268654, -41.322005], [148.269151, -41.320518], [148.271019, -41.320589], [148.270618, -41.319409], [148.274111, -41.317976], [148.274651, -41.317362], [148.273817, -41.316872], [148.274807, -41.317325], [148.275955, -41.315405], [148.276992, -41.315201], [148.274382, -41.31499], [148.277544, -41.31411], [148.27813, -41.311925], [148.277207, -41.312312], [148.275547, -41.313946], [148.274327, -41.314429], [148.268627, -41.314087], [148.273573, -41.313678], [148.276134, -41.312281], [148.275973, -41.311305], [148.274118, -41.312356], [148.271814, -41.310715], [148.272246, -41.310199], [148.271402, -41.309483], [148.271225, -41.307471], [148.274993, -41.301735], [148.27445, -41.291279], [148.27583, -41.289235], [148.28016, -41.286238], [148.280115, -41.280832], [148.279322, -41.278853], [148.281601, -41.276556], [148.281173, -41.279225], [148.283161, -41.281764], [148.290126, -41.282912], [148.293156, -41.282268], [148.295442, -41.282706], [148.294264, -41.285014], [148.294221, -41.287771], [148.296237, -41.288803], [148.296917, -41.290775], [148.294995, -41.293882], [148.291184, -41.297494], [148.291841, -41.300352], [148.290613, -41.304037], [148.296997, -41.304803], [148.301659, -41.304376], [148.302229, -41.303512], [148.307776, -41.302225], [148.312539, -41.298949], [148.309943, -41.294517], [148.309885, -41.288513], [148.316698, -41.283776], [148.316297, -41.282472], [148.318307, -41.279836], [148.321224, -41.279222], [148.324611, -41.279623], [148.324329, -41.280048], [148.329166, -41.275874], [148.33049, -41.275557], [148.330384, -41.273032], [148.333317, -41.271103], [148.332433, -41.268177], [148.334697, -41.264716], [148.334569, -41.262144], [148.338333, -41.260004], [148.337867, -41.258989], [148.338824, -41.257418], [148.336975, -41.257043], [148.338562, -41.255649], [148.338153, -41.254367], [148.336661, -41.253018], [148.333662, -41.253237], [148.333795, -41.252518], [148.331852, -41.251688], [148.331943, -41.250641], [148.329249, -41.248583], [148.327825, -41.250879], [148.325208, -41.25221], [148.32034, -41.252927], [148.318147, -41.255004], [148.315758, -41.254537], [148.315869, -41.253436], [148.315086, -41.252979], [148.316213, -41.251], [148.313375, -41.248537], [148.312474, -41.248583], [148.312858, -41.248101], [148.31214, -41.248412], [148.313003, -41.247224], [148.312111, -41.246739], [148.310785, -41.248028], [148.310859, -41.249143], [148.309969, -41.249292], [148.309908, -41.248364], [148.308251, -41.249579], [148.308941, -41.250048], [148.307434, -41.250135], [148.306521, -41.251347], [148.301625, -41.251911], [148.300385, -41.25346], [148.299338, -41.252524], [148.300112, -41.251828], [148.299571, -41.251536], [148.295922, -41.256014], [148.294196, -41.255576], [148.290036, -41.256644], [148.289435, -41.25772], [148.288904, -41.25681], [148.287613, -41.256935], [148.293148, -41.253737], [148.291161, -41.251134], [148.288081, -41.252274], [148.285034, -41.251479], [148.287988, -41.250247], [148.289807, -41.250808], [148.291411, -41.249878], [148.294453, -41.250956], [148.298398, -41.250011], [148.295467, -41.248954], [148.296137, -41.248518], [148.299865, -41.250687], [148.300279, -41.251469], [148.300152, -41.252881], [148.301675, -41.251431], [148.303845, -41.251477], [148.297466, -41.248365], [148.292372, -41.243215], [148.293748, -41.241751], [148.292794, -41.241752], [148.293523, -41.240741], [148.292463, -41.240816], [148.293262, -41.240089], [148.292436, -41.240418], [148.292374, -41.239053], [148.290927, -41.238795], [148.290834, -41.238154], [148.2935, -41.235988], [148.2922, -41.235681], [148.290414, -41.236526], [148.289238, -41.23586], [148.283663, -41.227757], [148.279291, -41.230436], [148.281981, -41.227801], [148.283941, -41.227212], [148.283355, -41.223891], [148.284309, -41.222905], [148.282894, -41.221772], [148.28226, -41.218887], [148.284802, -41.216505], [148.283873, -41.216263], [148.282698, -41.213827], [148.280639, -41.212937], [148.284559, -41.211156], [148.284484, -41.210393], [148.285534, -41.210176], [148.285286, -41.209251], [148.282531, -41.208629], [148.280073, -41.209308], [148.278767, -41.208317], [148.275182, -41.20877], [148.273911, -41.207842], [148.269118, -41.210183], [148.270212, -41.20861], [148.269517, -41.207024], [148.267836, -41.20578], [148.265407, -41.206068], [148.265833, -41.204274], [148.262008, -41.203334], [148.262342, -41.202393], [148.2631, -41.202971], [148.266973, -41.202656], [148.269297, -41.204939], [148.271259, -41.204415], [148.272543, -41.205088], [148.273262, -41.207479], [148.275632, -41.207706], [148.272387, -41.201495], [148.270575, -41.193623], [148.27083, -41.186337], [148.271941, -41.180612], [148.2711, -41.180433], [148.270226, -41.181747], [148.269169, -41.18612], [148.267424, -41.187013], [148.265897, -41.185917], [148.264736, -41.188955], [148.261944, -41.188356], [148.261731, -41.1892], [148.259312, -41.19003], [148.255321, -41.189616], [148.25287, -41.190939], [148.254739, -41.189174], [148.25927, -41.187584], [148.262609, -41.184106], [148.266158, -41.182714], [148.269566, -41.182875], [148.269945, -41.180457], [148.269042, -41.179225], [148.272414, -41.180164], [148.275549, -41.177073], [148.277601, -41.176228], [148.280608, -41.177001], [148.280099, -41.174848], [148.281073, -41.173356], [148.280454, -41.172726], [148.281657, -41.172155], [148.280888, -41.170446], [148.2849, -41.168601], [148.284345, -41.168266], [148.284971, -41.167694], [148.283959, -41.16743], [148.284262, -41.166591], [148.283113, -41.165596], [148.283457, -41.164937], [148.282595, -41.165258], [148.284284, -41.16186], [148.280434, -41.161291], [148.27696, -41.157642], [148.275981, -41.15141], [148.271165, -41.150096], [148.271656, -41.151298], [148.270761, -41.151899], [148.26991, -41.152255], [148.270502, -41.151258], [148.268043, -41.151794], [148.270298, -41.150416], [148.268037, -41.147942], [148.268573, -41.145213], [148.270731, -41.149511], [148.2727, -41.149187], [148.270654, -41.145181], [148.271367, -41.143515], [148.270192, -41.142119], [148.270726, -41.139802], [148.270058, -41.137109], [148.270815, -41.136649], [148.269632, -41.132226], [148.269515, -41.126026], [148.270855, -41.123066], [148.271076, -41.118412], [148.273676, -41.110275], [148.276987, -41.104215], [148.282989, -41.097912], [148.284665, -41.093043], [148.284871, -41.089782], [148.288491, -41.086297], [148.289192, -41.080467], [148.292553, -41.071333], [148.295815, -41.068268], [148.296049, -41.065674], [148.298152, -41.063829], [148.293479, -41.062602], [148.289712, -41.060361], [148.287739, -41.058151], [148.286848, -41.054343], [148.28219, -41.052229], [148.27575, -41.053899], [148.271023, -41.051781], [148.267866, -41.0533], [148.269148, -41.050996], [148.267258, -41.049715], [148.26364, -41.049948], [148.263424, -41.050975], [148.26204, -41.051786], [148.249497, -41.051097], [148.260469, -41.048985], [148.260948, -41.047892], [148.259992, -41.045274], [148.262419, -41.042172], [148.263885, -41.042274], [148.26912, -41.038131], [148.274746, -41.03616], [148.276206, -41.034389], [148.281162, -41.033398], [148.284903, -41.035383], [148.28633, -41.035244], [148.290856, -41.032682], [148.290909, -41.03184], [148.293865, -41.028949], [148.294629, -41.030927], [148.291096, -41.032287], [148.292614, -41.034531], [148.291367, -41.036545], [148.289599, -41.04353], [148.286325, -41.048437], [148.287738, -41.049568], [148.287999, -41.051816], [148.291158, -41.058189], [148.296827, -41.061945], [148.293814, -41.056272], [148.294041, -41.047377], [148.297119, -41.036492], [148.301579, -41.029206], [148.303972, -41.029217], [148.304805, -41.026871], [148.306888, -41.024725], [148.308412, -41.023979], [148.309816, -41.024301], [148.308385, -41.022559], [148.31164, -41.0184], [148.314633, -41.017279], [148.314503, -41.015941], [148.317336, -41.013892], [148.316818, -41.013279], [148.320125, -41.008941], [148.325715, -41.005255], [148.330583, -41.000004], [148.340658, -40.993979], [148.34449, -40.993335], [148.346231, -40.994497], [148.349892, -40.995132], [148.349459, -40.992895], [148.346551, -40.991387], [148.346493, -40.990143], [148.344917, -40.989545], [148.344817, -40.987731], [148.342395, -40.989396], [148.33885, -40.988462], [148.336744, -40.988926], [148.335993, -40.990879], [148.332655, -40.991445], [148.327688, -40.990425], [148.323833, -40.987847], [148.322471, -40.986292], [148.32249, -40.984688], [148.31815, -40.981118], [148.316658, -40.978924], [148.316639, -40.971309], [148.314444, -40.969078], [148.308657, -40.969668], [148.31303, -40.968979], [148.305803, -40.964518], [148.303189, -40.958503], [148.302404, -40.958733], [148.30256, -40.959521], [148.30084, -40.955083], [148.299519, -40.954071], [148.298476, -40.954737], [148.298663, -40.954254], [148.298991, -40.95398], [148.299428, -40.95395], [148.299969, -40.954159], [148.301174, -40.955135], [148.302595, -40.957387], [148.302958, -40.957324], [148.301018, -40.949993], [148.302471, -40.945895], [148.301975, -40.941664], [148.298005, -40.941221], [148.294746, -40.939484], [148.293535, -40.938275], [148.293676, -40.936782], [148.291702, -40.936117], [148.289513, -40.933228], [148.28654, -40.932712], [148.283933, -40.930908], [148.274334, -40.920672], [148.268098, -40.910613], [148.267282, -40.907408], [148.26822, -40.901713], [148.267382, -40.900505], [148.263945, -40.899176], [148.262924, -40.900366], [148.259933, -40.90023], [148.25867, -40.901409], [148.257882, -40.904223], [148.258366, -40.90159], [148.259002, -40.900375], [148.260528, -40.899839], [148.262644, -40.900018], [148.26381, -40.898863], [148.261752, -40.894924], [148.261912, -40.892453], [148.259773, -40.891139], [148.2566, -40.890707], [148.255282, -40.889266], [148.25313, -40.889852], [148.248281, -40.886879], [148.243583, -40.888219], [148.23751, -40.886118], [148.232645, -40.882357], [148.230954, -40.879797], [148.230909, -40.878162], [148.226812, -40.876383], [148.22187, -40.869413], [148.219803, -40.862333], [148.220207, -40.853753], [148.223797, -40.847354], [148.222758, -40.84604], [148.218424, -40.846393], [148.210738, -40.845054], [148.197595, -40.839431], [148.185088, -40.830838], [148.182359, -40.8272], [148.182647, -40.824936], [148.180452, -40.823643], [148.17837, -40.820913], [148.175846, -40.820862], [148.175979, -40.824113], [148.173544, -40.826043], [148.17418, -40.827955], [148.176669, -40.828691], [148.177703, -40.832271], [148.176419, -40.836343], [148.173803, -40.838722], [148.171726, -40.839155], [148.160486, -40.83816], [148.156192, -40.837008], [148.154261, -40.838008], [148.154852, -40.839474], [148.159343, -40.840679], [148.158045, -40.840496], [148.154615, -40.839514], [148.154206, -40.839101], [148.154092, -40.83785], [148.147948, -40.836717], [148.144089, -40.834616], [148.137493, -40.833704], [148.130598, -40.828903], [148.128636, -40.829261], [148.128814, -40.830862], [148.127335, -40.833138], [148.12566, -40.832656], [148.127039, -40.83603], [148.126512, -40.836037], [148.126579, -40.83939], [148.125573, -40.854621], [148.122268, -40.858069], [148.126435, -40.859649], [148.124854, -40.867264], [148.119107, -40.866259], [148.114509, -40.869132], [148.109768, -40.87373], [148.097412, -40.872868], [148.095544, -40.877466], [148.088934, -40.88077], [148.080457, -40.889535], [148.084911, -40.892983], [148.091664, -40.894133], [148.091664, -40.901173], [148.096406, -40.911087], [148.093676, -40.922725], [148.085199, -40.935656], [148.085342, -40.940254], [148.084337, -40.942984], [148.085486, -40.947007], [148.08175, -40.950455], [148.084911, -40.954191], [148.084911, -40.959076], [148.078733, -40.972295], [148.079739, -40.979047], [148.078589, -40.986375], [148.072986, -40.995427], [148.078015, -40.99514], [148.079308, -41.004479], [148.079308, -41.009364], [148.080601, -41.012812], [148.074279, -41.016261], [148.074135, -41.027037], [148.069538, -41.034077], [148.072699, -41.044997], [148.077871, -41.051319], [148.079739, -41.061664], [148.070543, -41.068991], [148.070256, -41.0756], [148.066664, -41.079049], [148.063359, -41.086089], [148.067957, -41.096003], [148.062785, -41.105773], [148.066377, -41.115256], [148.073992, -41.121291], [148.082325, -41.124595], [148.079595, -41.128044], [148.081032, -41.132498], [148.078158, -41.137096], [147.93922, -41.175171], [147.89353, -41.167125], [147.843242, -41.364541], [147.678584, -41.363966], [147.609905, -41.383507], [147.651572, -41.479485], [147.578727, -41.518135], [147.573554, -41.514112], [147.550709, -41.524888], [147.540508, -41.510233], [147.529013, -41.514399], [147.52887, -41.52302], [147.507174, -41.531497], [147.499415, -41.523595], [147.486628, -41.528193], [147.47499, -41.517704], [147.467231, -41.522302], [147.456742, -41.523164], [147.434041, -41.532503], [147.439213, -41.539543], [147.406885, -41.553768], [147.401713, -41.547877], [147.387632, -41.553911], [147.347114, -41.515261], [147.310476, -41.532359], [147.301137, -41.522589], [147.285619, -41.530923], [147.275131, -41.52417], [147.261625, -41.531928], [147.246682, -41.528767], [147.230877, -41.512819], [147.226854, -41.505779], [147.220532, -41.497589], [147.201566, -41.506641], [147.185762, -41.485663], [147.153721, -41.501037], [147.147758, -41.495649], [147.135617, -41.501181], [147.128361, -41.493925], [147.101924, -41.50858], [147.099769, -41.507215], [147.093232, -41.513106], [147.089065, -41.510233], [147.070027, -41.523451], [147.06895, -41.519716], [147.066076, -41.516842], [147.066795, -41.514256], [147.06543, -41.512388], [147.063777, -41.511526], [147.066651, -41.509299], [147.067405, -41.507323], [147.071285, -41.50172], [147.073655, -41.499924], [147.0752, -41.499097], [147.076601, -41.498307], [147.078864, -41.497481], [147.077678, -41.495685], [147.077104, -41.4945], [147.077319, -41.493745], [147.075667, -41.49274], [147.075703, -41.489543], [147.073907, -41.485771], [147.07326, -41.482359], [147.071644, -41.48103], [147.069848, -41.480311], [147.066471, -41.481101], [147.064783, -41.479844], [147.063669, -41.479198], [147.062556, -41.478515], [147.064496, -41.47539], [147.065214, -41.474384], [147.065681, -41.473091], [147.066974, -41.472553], [147.067908, -41.471798], [147.069165, -41.471439], [147.066363, -41.468278], [147.065465, -41.467524], [147.06604, -41.465943], [147.065394, -41.463537], [147.064819, -41.462028], [147.063238, -41.460519], [147.062305, -41.459514], [147.060832, -41.458687], [147.061407, -41.457753], [147.06349, -41.458328], [147.064388, -41.457215], [147.065591, -41.456083], [147.065807, -41.455275], [147.06604, -41.454754], [147.065555, -41.453982], [147.066166, -41.453659], [147.067387, -41.453766], [147.068734, -41.452976], [147.069273, -41.452024], [147.070225, -41.451485], [147.068573, -41.451485], [147.0678, -41.451288], [147.067172, -41.451198], [147.066202, -41.450408], [147.064136, -41.450246], [147.062897, -41.449725], [147.061442, -41.449205], [147.061029, -41.448091], [147.060347, -41.447911], [147.058084, -41.446295], [147.057401, -41.445666], [147.05539, -41.445002], [147.0546, -41.441158], [147.048332, -41.436866], [147.046176, -41.43058], [147.043285, -41.42803], [147.042908, -41.42688], [147.045512, -41.420971], [147.045943, -41.418834], [147.050325, -41.419068], [147.05072, -41.411991], [147.049661, -41.411201], [147.049679, -41.410447], [147.050092, -41.408687], [147.048655, -41.408633], [147.046087, -41.412512], [147.046212, -41.414254], [147.044811, -41.415889], [147.04438, -41.417056], [147.043447, -41.418511], [147.040519, -41.418224], [147.037861, -41.418852], [147.035921, -41.418421], [147.034341, -41.417918], [147.031755, -41.416553], [147.031341, -41.415763], [147.029671, -41.414434], [147.029689, -41.413338], [147.030372, -41.412261], [147.029707, -41.411542], [147.02739, -41.41068], [147.026474, -41.409693], [147.025002, -41.409279], [147.023511, -41.409459], [147.022056, -41.409836], [147.02026, -41.409675], [147.01938, -41.409333], [147.017692, -41.409423], [147.016345, -41.410159], [147.009197, -41.404933], [147.008353, -41.403945], [147.006431, -41.403389], [147.004886, -41.403586], [147.003881, -41.404179], [147.002282, -41.40373], [147.000809, -41.40285], [146.998852, -41.402904], [146.997792, -41.402383], [146.99684, -41.402724], [146.996122, -41.403047], [146.994847, -41.402706], [146.993859, -41.402293], [146.993338, -41.400892], [146.99438, -41.400102], [146.994559, -41.399419], [146.994218, -41.398755], [146.994326, -41.397767], [146.994901, -41.397174], [146.995691, -41.396761], [146.996176, -41.395342], [146.996858, -41.394983], [146.998115, -41.394085], [146.998852, -41.393439], [146.999876, -41.393493], [147.00072, -41.393834], [147.002408, -41.393978], [147.003521, -41.394373], [147.004437, -41.393834], [147.007167, -41.392756], [147.007958, -41.391535], [147.007724, -41.390583], [147.006305, -41.389003], [147.005695, -41.387961], [147.004384, -41.386237], [147.004186, -41.384459], [147.002857, -41.383363], [147.002929, -41.382304], [147.003593, -41.379861], [147.004743, -41.379322], [147.005766, -41.377544], [147.006862, -41.375946], [147.008676, -41.375694], [147.012034, -41.375784], [147.013256, -41.376754], [147.014872, -41.376161], [147.015626, -41.375137], [147.017351, -41.374455], [147.019362, -41.374186], [147.020799, -41.373844], [147.023403, -41.373934], [147.024517, -41.373306], [147.026313, -41.372874], [147.026941, -41.371204], [147.029366, -41.370468], [147.030515, -41.369749], [147.03197, -41.369444], [147.034251, -41.369426], [147.040609, -41.369408], [147.029492, -41.358632], [147.033772, -41.3558], [147.033847, -41.35485], [147.032701, -41.354023], [147.033195, -41.353502], [147.033995, -41.353436], [147.034253, -41.352462], [147.032583, -41.3511], [147.031145, -41.348859], [147.029767, -41.345468], [147.024884, -41.342214], [147.024849, -41.341052], [147.021165, -41.339578], [147.02058, -41.338055], [147.016672, -41.336699], [147.011648, -41.332151], [147.010039, -41.329443], [147.008196, -41.328577], [147.009735, -41.326542], [147.004923, -41.321225], [146.999831, -41.32269], [146.996617, -41.321066], [146.991743, -41.321429], [146.989069, -41.320532], [146.987032, -41.321197], [146.98478, -41.318795], [146.983083, -41.318741], [146.982193, -41.317092], [146.977792, -41.315598], [146.976988, -41.313975], [146.973368, -41.312638], [146.973461, -41.311258], [146.97063, -41.30922], [146.971061, -41.308403], [146.970315, -41.306909], [146.969038, -41.306885], [146.971356, -41.304073], [146.969928, -41.30146], [146.971001, -41.299839], [146.969561, -41.298705], [146.970107, -41.297668], [146.968412, -41.29633], [146.964994, -41.295961], [146.962052, -41.294391], [146.969994, -41.296265], [146.969391, -41.294541], [146.971391, -41.2935], [146.973631, -41.294107], [146.974775, -41.293089], [146.975237, -41.290505], [146.977252, -41.288199], [146.976959, -41.286019], [146.978907, -41.280676], [146.977269, -41.276384], [146.977223, -41.274845], [146.978294, -41.273239], [146.969708, -41.268858], [146.967584, -41.263312], [146.96922, -41.259175], [146.974005, -41.254889], [146.97473, -41.251689], [146.97357, -41.253193], [146.970887, -41.254289], [146.971512, -41.255112], [146.970727, -41.255676], [146.970766, -41.254364], [146.968293, -41.25385], [146.966286, -41.251708], [146.956718, -41.257877], [146.956436, -41.259398], [146.954926, -41.260683], [146.951373, -41.261013], [146.94741, -41.259848], [146.945779, -41.260201], [146.946474, -41.25907], [146.945152, -41.254203], [146.94205, -41.251828], [146.941694, -41.249985], [146.939371, -41.249218], [146.938276, -41.246383], [146.935439, -41.243139], [146.934238, -41.243019], [146.935599, -41.235814], [146.933817, -41.231375], [146.927813, -41.228752], [146.923884, -41.224703], [146.921024, -41.224432], [146.916696, -41.221802], [146.915783, -41.222174], [146.916259, -41.220891], [146.914451, -41.218464], [146.909988, -41.217063], [146.910322, -41.216171], [146.907262, -41.213418], [146.90177, -41.210328], [146.901271, -41.208731], [146.899969, -41.208265], [146.899984, -41.205981], [146.897505, -41.202552], [146.897501, -41.19957], [146.899087, -41.198875], [146.901427, -41.201295], [146.901003, -41.202987], [146.901657, -41.204112], [146.902855, -41.204896], [146.906019, -41.204799], [146.905965, -41.206007], [146.907239, -41.206215], [146.907938, -41.202207], [146.906894, -41.200157], [146.910087, -41.201017], [146.913561, -41.199996], [146.915606, -41.197787], [146.915362, -41.194353], [146.917306, -41.191922], [146.916475, -41.190252], [146.908609, -41.188807], [146.909838, -41.188455], [146.909387, -41.187843], [146.910781, -41.185858], [146.913765, -41.187586], [146.915992, -41.187042], [146.917473, -41.183969], [146.916994, -41.18238], [146.920707, -41.182326], [146.923302, -41.18047], [146.923301, -41.179163], [146.924748, -41.179948], [146.928784, -41.178903], [146.929048, -41.176973], [146.927631, -41.174239], [146.924578, -41.172849], [146.92315, -41.169772], [146.917368, -41.168942], [146.913787, -41.166603], [146.911618, -41.166154], [146.90858, -41.161822], [146.90404, -41.158865], [146.899289, -41.159019], [146.894231, -41.155916], [146.892677, -41.155723], [146.891316, -41.154265], [146.877814, -41.149989], [146.876399, -41.150298], [146.873058, -41.153893], [146.872011, -41.157373], [146.868762, -41.160926], [146.868029, -41.16267], [146.869199, -41.166534], [146.86794, -41.166887], [146.868737, -41.165287], [146.867158, -41.164149], [146.865205, -41.164388], [146.864387, -41.16679], [146.860603, -41.168893], [146.859823, -41.170405], [146.860116, -41.172137], [146.857484, -41.171168], [146.854822, -41.172299], [146.851733, -41.170588], [146.851456, -41.168856], [146.843708, -41.167412], [146.841541, -41.164864], [146.836156, -41.162534], [146.83534, -41.163402], [146.834072, -41.163131], [146.835678, -41.166028], [146.840771, -41.168907], [146.84153, -41.171653], [146.84399, -41.174279], [146.84463, -41.175684], [146.843396, -41.176925], [146.844326, -41.178167], [146.843925, -41.180075], [146.847862, -41.182454], [146.849735, -41.184632], [146.852226, -41.185621], [146.853225, -41.18735], [146.855596, -41.189], [146.857579, -41.19303], [146.853679, -41.190578], [146.854755, -41.189614], [146.852674, -41.188328], [146.844989, -41.186343], [146.845083, -41.187195], [146.841314, -41.18846], [146.840697, -41.190227], [146.838614, -41.19173], [146.839064, -41.191725], [146.839813, -41.191196], [146.841089, -41.191811], [146.84002, -41.191391], [146.83913, -41.192006], [146.83698, -41.192368], [146.839009, -41.200033], [146.837919, -41.197181], [146.836022, -41.19603], [146.835219, -41.196109], [146.835076, -41.196996], [146.834093, -41.195384], [146.833885, -41.192656], [146.835885, -41.190093], [146.832731, -41.186449], [146.829891, -41.186615], [146.833764, -41.185463], [146.835015, -41.186144], [146.834633, -41.183476], [146.838083, -41.178657], [146.837927, -41.17652], [146.836633, -41.175933], [146.835258, -41.17354], [146.834297, -41.174599], [146.832353, -41.17232], [146.829788, -41.171541], [146.827029, -41.171821], [146.825571, -41.170441], [146.826502, -41.169352], [146.826249, -41.168457], [146.823481, -41.170643], [146.821114, -41.170147], [146.822634, -41.169213], [146.822993, -41.166836], [146.824579, -41.164284], [146.824665, -41.161959], [146.823322, -41.159774], [146.824811, -41.158513], [146.823218, -41.158384], [146.82243, -41.156429], [146.823647, -41.151953], [146.825045, -41.152269], [146.824084, -41.149349], [146.823051, -41.150267], [146.81991, -41.148886], [146.818599, -41.147815], [146.817942, -41.145442], [146.815491, -41.144536], [146.812431, -41.145631], [146.808768, -41.144755], [146.807225, -41.142929], [146.806961, -41.140575], [146.805235, -41.141553], [146.806319, -41.142273], [146.805989, -41.145543], [146.804197, -41.146631], [146.799648, -41.147445], [146.798447, -41.148604], [146.79699, -41.147155], [146.798463, -41.146859], [146.796907, -41.146525], [146.793347, -41.146439], [146.791896, -41.14578], [146.790177, -41.146078], [146.787817, -41.149696], [146.785728, -41.150606], [146.787664, -41.154286], [146.784617, -41.151794], [146.782767, -41.153473], [146.780814, -41.153655], [146.778074, -41.157374], [146.773967, -41.158862], [146.773961, -41.15992], [146.774838, -41.160136], [146.773418, -41.161494], [146.775026, -41.163387], [146.774539, -41.163435], [146.773241, -41.16291], [146.773408, -41.164833], [146.770639, -41.165274], [146.771717, -41.164596], [146.769959, -41.16302], [146.770866, -41.161105], [146.770662, -41.15959], [146.76997, -41.159061], [146.767708, -41.160071], [146.771337, -41.15709], [146.768714, -41.155998], [146.768693, -41.153255], [146.770072, -41.152627], [146.767391, -41.151979], [146.766922, -41.15257], [146.765306, -41.152686], [146.766799, -41.15227], [146.766806, -41.150568], [146.763244, -41.149663], [146.764058, -41.149407], [146.76726, -41.150451], [146.772936, -41.14942], [146.778275, -41.151478], [146.779107, -41.149258], [146.780918, -41.148365], [146.780304, -41.146887], [146.781996, -41.147297], [146.78146, -41.145203], [146.783075, -41.145667], [146.78418, -41.143962], [146.785782, -41.143275], [146.785734, -41.141251], [146.789451, -41.13928], [146.795489, -41.139212], [146.79804, -41.139993], [146.800645, -41.137075], [146.800853, -41.134292], [146.805432, -41.136348], [146.810342, -41.135734], [146.810905, -41.138477], [146.814056, -41.139795], [146.815504, -41.138317], [146.81826, -41.137865], [146.818235, -41.13691], [146.820089, -41.137656], [146.816694, -41.13462], [146.811768, -41.133371], [146.810304, -41.130746], [146.810883, -41.129928], [146.809841, -41.128463], [146.812132, -41.125586], [146.812055, -41.123602], [146.810076, -41.121891], [146.811023, -41.118021], [146.808442, -41.116032], [146.809935, -41.115106], [146.808661, -41.115564], [146.806548, -41.112835], [146.810839, -41.113084], [146.81191, -41.113505], [146.811925, -41.114384], [146.813147, -41.114112], [146.813833, -41.114884], [146.812754, -41.116306], [146.814623, -41.115335], [146.814448, -41.113846], [146.813642, -41.112687], [146.812657, -41.112189], [146.813963, -41.113383], [146.813975, -41.114475], [146.81098, -41.112982], [146.805636, -41.112101], [146.804132, -41.110795], [146.803163, -41.111432], [146.806043, -41.114525], [146.806115, -41.115506], [146.799049, -41.115113], [146.797105, -41.116418], [146.797578, -41.117084], [146.796126, -41.116045], [146.796151, -41.111175], [146.794473, -41.111486], [146.793635, -41.113439], [146.788144, -41.112045], [146.789386, -41.111885], [146.789486, -41.11111], [146.790396, -41.112041], [146.791998, -41.11175], [146.792643, -41.11086], [146.792238, -41.108342], [146.796625, -41.108472], [146.79438, -41.109173], [146.797196, -41.108761], [146.797658, -41.107075], [146.798656, -41.10684], [146.792571, -41.101722], [146.790844, -41.095441], [146.788191, -41.092335], [146.782301, -41.089284], [146.777292, -41.083698], [146.769767, -41.080314], [146.768381, -41.078841], [146.760514, -41.078584], [146.751768, -41.084398], [146.744522, -41.084775], [146.742644, -41.083482], [146.743104, -41.079916], [146.740613, -41.077898], [146.730552, -41.077387], [146.729316, -41.076461], [146.729111, -41.074372], [146.727753, -41.072711], [146.719432, -41.070753], [146.718814, -41.066724], [146.71543, -41.064342], [146.712163, -41.063308], [146.707594, -41.063722], [146.70632, -41.064302], [146.706385, -41.06532], [146.713076, -41.073438], [146.713516, -41.075036], [146.697014, -41.089693], [146.67852, -41.100169], [146.679081, -41.100766], [146.674063, -41.101394], [146.667507, -41.098475], [146.666478, -41.097337], [146.664882, -41.097618], [146.659779, -41.095891], [146.655748, -41.093107], [146.652826, -41.092496], [146.651706, -41.094605], [146.647095, -41.093819], [146.647399, -41.094725], [146.646576, -41.095615], [146.644149, -41.095302], [146.643512, -41.096439], [146.642277, -41.096686], [146.642073, -41.097728], [146.644019, -41.099726], [146.644263, -41.101873], [146.647908, -41.108371], [146.648005, -41.110049], [146.642598, -41.114581], [146.636888, -41.115093], [146.636652, -41.116291], [146.635065, -41.116964], [146.634959, -41.119399], [146.635978, -41.1213], [146.633371, -41.125721], [146.633113, -41.125118], [146.632071, -41.125555], [146.624043, -41.131374], [146.609959, -41.139052], [146.594907, -41.144835], [146.585213, -41.14719], [146.57199, -41.148803], [146.565381, -41.147913], [146.564451, -41.146471], [146.563752, -41.149484], [146.564958, -41.15096], [146.56215, -41.154136], [146.56151, -41.157484], [146.563403, -41.161022], [146.566707, -41.163766], [146.574986, -41.161109], [146.575514, -41.16047], [146.57415, -41.160544], [146.578425, -41.157329], [146.577148, -41.156172], [146.57874, -41.155996], [146.579209, -41.155145], [146.582287, -41.156476], [146.587622, -41.157191], [146.587727, -41.158028], [146.589311, -41.158771], [146.591547, -41.157527], [146.594156, -41.157487], [146.595414, -41.156004], [146.599576, -41.157312], [146.600758, -41.154408], [146.601556, -41.154079], [146.600199, -41.152464], [146.601509, -41.152567], [146.601657, -41.151886], [146.603594, -41.153648], [146.607719, -41.155235], [146.609586, -41.15845], [146.606745, -41.155735], [146.604134, -41.15558], [146.601621, -41.159306], [146.59775, -41.160298], [146.595729, -41.16195], [146.595022, -41.164375], [146.595792, -41.167662], [146.598832, -41.167515], [146.600583, -41.164909], [146.601857, -41.164729], [146.603919, -41.166264], [146.604957, -41.168196], [146.606777, -41.167079], [146.607877, -41.168591], [146.606841, -41.167492], [146.606171, -41.168095], [146.605433, -41.168373], [146.604084, -41.168424], [146.602498, -41.166138], [146.598425, -41.1682], [146.595303, -41.167972], [146.593729, -41.166665], [146.591149, -41.166358], [146.591107, -41.164981], [146.586984, -41.166285], [146.584768, -41.167896], [146.582073, -41.174828], [146.582035, -41.179352], [146.582938, -41.181006], [146.578354, -41.184684], [146.582199, -41.188941], [146.58289, -41.188662], [146.583255, -41.190846], [146.581853, -41.194494], [146.578055, -41.197681], [146.581569, -41.19762], [146.587055, -41.200864], [146.589172, -41.204705], [146.58906, -41.206423], [146.590526, -41.208356], [146.593696, -41.208886], [146.59443, -41.209699], [146.59548, -41.209322], [146.594995, -41.209916], [146.594284, -41.20999], [146.591723, -41.209081], [146.588828, -41.21029], [146.587867, -41.214271], [146.58972, -41.214491], [146.591213, -41.213061], [146.592831, -41.213111], [146.596763, -41.217175], [146.597144, -41.215481], [146.598369, -41.215005], [146.598936, -41.213473], [146.600775, -41.213011], [146.602111, -41.210795], [146.603645, -41.209683], [146.604881, -41.209834], [146.604638, -41.209087], [146.606553, -41.209091], [146.609228, -41.21204], [146.6083, -41.213504], [146.606058, -41.211803], [146.603282, -41.21238], [146.601852, -41.214849], [146.600374, -41.21564], [146.600466, -41.217331], [146.601858, -41.21868], [146.601668, -41.22054], [146.603207, -41.221797], [146.600621, -41.223484], [146.599365, -41.225783], [146.601125, -41.226922], [146.599973, -41.228848], [146.602041, -41.229692], [146.603594, -41.228937], [146.605573, -41.232889], [146.608866, -41.233748], [146.60506, -41.232978], [146.604362, -41.231068], [146.603142, -41.23059], [146.601613, -41.230974], [146.599562, -41.233032], [146.598769, -41.235078], [146.600494, -41.238446], [146.599678, -41.240738], [146.600625, -41.240754], [146.599303, -41.241331], [146.599636, -41.242251], [146.598931, -41.242224], [146.597459, -41.244453], [146.597187, -41.245738], [146.598109, -41.246593], [146.595039, -41.250654], [146.595992, -41.251831], [146.604219, -41.25398], [146.605369, -41.255727], [146.605563, -41.258958], [146.607563, -41.258595], [146.606795, -41.259365], [146.605332, -41.259063], [146.603427, -41.256689], [146.6036, -41.254233], [146.600412, -41.25368], [146.598895, -41.254841], [146.593914, -41.251432], [146.596286, -41.247973], [146.595121, -41.244858], [146.596471, -41.243295], [146.597192, -41.239598], [146.594607, -41.23353], [146.595131, -41.229558], [146.593201, -41.225942], [146.595469, -41.224331], [146.596177, -41.219731], [146.593682, -41.217524], [146.591847, -41.21758], [146.590593, -41.216415], [146.590191, -41.217445], [146.586218, -41.216474], [146.585543, -41.214214], [146.587454, -41.208831], [146.585691, -41.207186], [146.585031, -41.20509], [146.583077, -41.205938], [146.582832, -41.209415], [146.58489, -41.213949], [146.583226, -41.217244], [146.584369, -41.219381], [146.583418, -41.222754], [146.581675, -41.22452], [146.577594, -41.226249], [146.57745, -41.227457], [146.573322, -41.231425], [146.569511, -41.232072], [146.568773, -41.233048], [146.569874, -41.234184], [146.574343, -41.234112], [146.575239, -41.233311], [146.575234, -41.23411], [146.576152, -41.233855], [146.57597, -41.239366], [146.577787, -41.2397], [146.57793, -41.240574], [146.57584, -41.239761], [146.57259, -41.243645], [146.570773, -41.244451], [146.567885, -41.243396], [146.565982, -41.244247], [146.566262, -41.24511], [146.565564, -41.247871], [146.565895, -41.249338], [146.565151, -41.250544], [146.566364, -41.251946], [146.565167, -41.25103], [146.564942, -41.250144], [146.565981, -41.245317], [146.565097, -41.244451], [146.568936, -41.240691], [146.570347, -41.240894], [146.570271, -41.242501], [146.571744, -41.242465], [146.572988, -41.239339], [146.568094, -41.238473], [146.566794, -41.23931], [146.563476, -41.23923], [146.562975, -41.238211], [146.561097, -41.238444], [146.564211, -41.237121], [146.563789, -41.234514], [146.564472, -41.233802], [146.563937, -41.232624], [146.564666, -41.228168], [146.567611, -41.226336], [146.567606, -41.227199], [146.570533, -41.227453], [146.572741, -41.224422], [146.57386, -41.224276], [146.573902, -41.223022], [146.575442, -41.222329], [146.575723, -41.220171], [146.572156, -41.21751], [146.569755, -41.216876], [146.569012, -41.216181], [146.569568, -41.21525], [146.569795, -41.216813], [146.570501, -41.216533], [146.568035, -41.211302], [146.568361, -41.210149], [146.567421, -41.208033], [146.567846, -41.203634], [146.565365, -41.201505], [146.563801, -41.198212], [146.562497, -41.198196], [146.562407, -41.197311], [146.564867, -41.19444], [146.563538, -41.192743], [146.569001, -41.18972], [146.572984, -41.189146], [146.569206, -41.184996], [146.568063, -41.180734], [146.568919, -41.177839], [146.566139, -41.176031], [146.563002, -41.176376], [146.562147, -41.174581], [146.559574, -41.174247], [146.558956, -41.173241], [146.554682, -41.172394], [146.553638, -41.171486], [146.549222, -41.171191], [146.547639, -41.169971], [146.547116, -41.171617], [146.541171, -41.175358], [146.540374, -41.179138], [146.540931, -41.175296], [146.545201, -41.172274], [146.547982, -41.168461], [146.556775, -41.171166], [146.557318, -41.172323], [146.558527, -41.172486], [146.560837, -41.169821], [146.560305, -41.16903], [146.561194, -41.169324], [146.560453, -41.167991], [146.559677, -41.169011], [146.558279, -41.169033], [146.558506, -41.168296], [146.560512, -41.167617], [146.558707, -41.165401], [146.561994, -41.167384], [146.556521, -41.162161], [146.554487, -41.161565], [146.554396, -41.160764], [146.551963, -41.160883], [146.54608, -41.158954], [146.541777, -41.155056], [146.541391, -41.153104], [146.541975, -41.151719], [146.544827, -41.150635], [146.544474, -41.149325], [146.545663, -41.147903], [146.544103, -41.146483], [146.542043, -41.142528], [146.542634, -41.141773], [146.54226, -41.138265], [146.54381, -41.136583], [146.543006, -41.134886], [146.543366, -41.131141], [146.545716, -41.129549], [146.544356, -41.12874], [146.544479, -41.126951], [146.54378, -41.126535], [146.540894, -41.126605], [146.5375, -41.125259], [146.537321, -41.124176], [146.535676, -41.12367], [146.536523, -41.122895], [146.533976, -41.120827], [146.533501, -41.119009], [146.531894, -41.118429], [146.530756, -41.118549], [146.530523, -41.119994], [146.527306, -41.121996], [146.528669, -41.124969], [146.527684, -41.125399], [146.529647, -41.12664], [146.527544, -41.130501], [146.52341, -41.132341], [146.523603, -41.13329], [146.519351, -41.136185], [146.493271, -41.149395], [146.476941, -41.155873], [146.465277, -41.159568], [146.459363, -41.16087], [146.454127, -41.161057], [146.451316, -41.160608], [146.450346, -41.15943], [146.448621, -41.160504], [146.432853, -41.161321], [146.426954, -41.163193], [146.424382, -41.162339], [146.418621, -41.166137], [146.412352, -41.168747], [146.406234, -41.170158], [146.406075, -41.170212], [146.405435, -41.18196], [146.399832, -41.182678], [146.393222, -41.203512], [146.383021, -41.203224], [146.379429, -41.209403], [146.376177, -41.211198], [146.376284, -41.211915], [146.381086, -41.219102], [146.385075, -41.221676], [146.38571, -41.22329], [146.390701, -41.224392], [146.3994, -41.227416], [146.400335, -41.228252], [146.401722, -41.230722], [146.400284, -41.231796], [146.400488, -41.233444], [146.395813, -41.23174], [146.396225, -41.230347], [146.397788, -41.229262], [146.397043, -41.227907], [146.395719, -41.227764], [146.397264, -41.228443], [146.396657, -41.228713], [146.391798, -41.227809], [146.391784, -41.228711], [146.393143, -41.228634], [146.392012, -41.229179], [146.392734, -41.228817], [146.391251, -41.228685], [146.392488, -41.231218], [146.39555, -41.233506], [146.394188, -41.233156], [146.39291, -41.231954], [146.390706, -41.233151], [146.390795, -41.233773], [146.389511, -41.232826], [146.388244, -41.234073], [146.388846, -41.235943], [146.38805, -41.234171], [146.388325, -41.233512], [146.389149, -41.232749], [146.392516, -41.231825], [146.389992, -41.228766], [146.389181, -41.229807], [146.388817, -41.228765], [146.38635, -41.22836], [146.38506, -41.233228], [146.384955, -41.233008], [146.384955, -41.232457], [146.38349, -41.234453], [146.388562, -41.238242], [146.387104, -41.237654], [146.383245, -41.234606], [146.385131, -41.230415], [146.384725, -41.228853], [146.38141, -41.231938], [146.379602, -41.229855], [146.378694, -41.23017], [146.379284, -41.229645], [146.374908, -41.228185], [146.37468, -41.229372], [146.372275, -41.229313], [146.372357, -41.229039], [146.37267, -41.228819], [146.37408, -41.228868], [146.372476, -41.226064], [146.369657, -41.226997], [146.36836, -41.226583], [146.368173, -41.227409], [146.368005, -41.226897], [146.368323, -41.226416], [146.369858, -41.226044], [146.369426, -41.225486], [146.370671, -41.225548], [146.370231, -41.224105], [146.370501, -41.223947], [146.37179, -41.224484], [146.372955, -41.223759], [146.37227, -41.22322], [146.373166, -41.223055], [146.371375, -41.222392], [146.372481, -41.222461], [146.372892, -41.22271], [146.372355, -41.222075], [146.371604, -41.221788], [146.37184, -41.221768], [146.372353, -41.221977], [146.37165, -41.221092], [146.372464, -41.220568], [146.371122, -41.217406], [146.370101, -41.218411], [146.369771, -41.220335], [146.369504, -41.220193], [146.369422, -41.219873], [146.369756, -41.219703], [146.368752, -41.219909], [146.368562, -41.22043], [146.368294, -41.219556], [146.367361, -41.219503], [146.365409, -41.221195], [146.364349, -41.221163], [146.364899, -41.221634], [146.365254, -41.222918], [146.364752, -41.221607], [146.363854, -41.222009], [146.359806, -41.222149], [146.360104, -41.221881], [146.36324, -41.221507], [146.364444, -41.221694], [146.364023, -41.221048], [146.365159, -41.220444], [146.36526, -41.218316], [146.366961, -41.218038], [146.367967, -41.216687], [146.367257, -41.216122], [146.347676, -41.226931], [146.350262, -41.235121], [146.344659, -41.237707], [146.343797, -41.246328], [146.337044, -41.249777], [146.322963, -41.253512], [146.318509, -41.262277], [146.320089, -41.269892], [146.257732, -41.264432], [146.255864, -41.268886], [146.251985, -41.27176], [146.247675, -41.278369], [146.23345, -41.277076], [146.230002, -41.272622], [146.226841, -41.271329], [146.222818, -41.273771], [146.217358, -41.275495], [146.215634, -41.278369], [146.211467, -41.279518], [146.208163, -41.282536], [146.208163, -41.287133], [146.203421, -41.286846], [146.200116, -41.289576], [146.197387, -41.291156], [146.203421, -41.291875], [146.203134, -41.294748], [146.203421, -41.298053], [146.197674, -41.296185], [146.194369, -41.30107], [146.195806, -41.305093], [146.202128, -41.304375], [146.204571, -41.311846], [146.198249, -41.310697], [146.197243, -41.312565], [146.199254, -41.315869], [146.192501, -41.317737], [146.185748, -41.316157], [146.185317, -41.320467], [146.183162, -41.325209], [146.181007, -41.331818], [146.175403, -41.337278], [146.176409, -41.341444], [146.168938, -41.34245], [146.166639, -41.345468], [146.155719, -41.357106], [146.151122, -41.357249], [146.145087, -41.362134], [146.137903, -41.361703], [146.136035, -41.363571], [146.13661, -41.368025], [146.127127, -41.368744], [146.12569, -41.368025], [146.114627, -41.371474], [146.113765, -41.374347], [146.114914, -41.377939], [146.117788, -41.379089], [146.117213, -41.38383], [146.112328, -41.385554], [146.104426, -41.395612], [146.105, -41.398198], [146.102701, -41.402221], [146.094655, -41.404376], [146.092644, -41.40998], [146.093075, -41.415296], [146.090058, -41.416733], [146.085172, -41.420469], [146.084885, -41.427365], [146.087615, -41.429664], [146.090632, -41.430526], [146.091063, -41.434693], [146.089339, -41.442021], [146.090489, -41.449923], [146.084167, -41.45409], [146.065488, -41.447768], [145.953705, -41.44748], [145.850256, -41.467596], [145.847095, -41.546117], [145.850902, -41.55014], [145.849465, -41.553085], [145.849465, -41.560054], [145.846951, -41.562065], [145.848388, -41.567812], [145.848388, -41.583905], [145.845514, -41.584551], [145.841276, -41.58685], [145.835528, -41.58685], [145.831721, -41.589652], [145.827051, -41.591089], [145.826117, -41.593459], [145.82152, -41.59504], [145.817353, -41.598775], [145.811031, -41.600069], [145.805427, -41.60208], [145.80083, -41.600356], [145.799321, -41.598057], [145.795585, -41.596117], [145.789335, -41.598704], [145.781648, -41.607971], [145.781648, -41.614437], [145.778272, -41.617813], [145.776332, -41.623273], [145.754205, -41.623919], [145.743358, -41.62629], [145.73682, -41.626362], [145.732366, -41.623129], [145.736245, -41.617023], [145.736461, -41.611419], [145.733587, -41.609623], [145.727625, -41.617454], [145.721949, -41.621333], [145.715053, -41.630816], [145.704708, -41.64073], [145.697883, -41.641233], [145.691705, -41.646046], [145.691058, -41.653302], [145.68725, -41.659265], [145.680138, -41.662713], [145.68136, -41.667239], [145.680066, -41.670975], [145.672308, -41.667167], [145.658227, -41.679667], [145.646589, -41.681607], [145.65248, -41.687929], [145.645368, -41.695328], [145.642135, -41.698418], [145.640626, -41.705314], [145.620798, -41.71882], [145.085518, -41.640874], [145.083394, -41.655817], [145.090846, -41.653578]]], [[[147.821794, -42.9078], [147.820994, -42.912048], [147.822261, -42.914785], [147.822886, -42.918971], [147.820771, -42.920586], [147.8215, -42.922381], [147.817845, -42.926754], [147.816532, -42.926941], [147.814552, -42.925127], [147.811578, -42.925997], [147.813322, -42.927937], [147.812628, -42.930788], [147.814768, -42.931696], [147.813465, -42.933969], [147.813405, -42.936539], [147.815161, -42.937962], [147.816997, -42.937187], [147.818363, -42.935134], [147.818286, -42.933184], [147.820759, -42.933199], [147.821605, -42.931877], [147.825393, -42.932886], [147.826846, -42.936547], [147.82792, -42.936523], [147.828899, -42.935193], [147.833264, -42.934657], [147.833079, -42.935018], [147.832452, -42.935283], [147.834933, -42.939114], [147.834335, -42.94284], [147.833501, -42.943639], [147.832154, -42.943111], [147.830079, -42.94404], [147.829474, -42.945647], [147.83024, -42.945859], [147.829492, -42.946674], [147.831238, -42.947874], [147.834034, -42.945553], [147.837048, -42.947847], [147.840294, -42.947118], [147.848034, -42.943059], [147.850697, -42.939136], [147.853753, -42.937796], [147.85603, -42.935763], [147.857744, -42.935458], [147.857175, -42.935791], [147.859661, -42.937781], [147.859553, -42.938976], [147.857976, -42.940069], [147.859349, -42.940774], [147.861336, -42.940078], [147.859861, -42.941709], [147.862909, -42.942973], [147.865878, -42.947061], [147.853799, -42.945877], [147.849537, -42.948553], [147.847999, -42.951638], [147.848837, -42.953652], [147.853151, -42.956326], [147.853477, -42.957937], [147.854803, -42.958205], [147.850054, -42.958753], [147.841826, -42.957597], [147.839603, -42.958466], [147.835989, -42.962227], [147.833009, -42.963294], [147.830846, -42.965246], [147.818348, -42.96515], [147.817308, -42.962162], [147.813137, -42.961279], [147.811311, -42.962254], [147.811587, -42.96421], [147.813646, -42.966701], [147.818956, -42.969832], [147.820245, -42.973532], [147.82186, -42.974259], [147.822602, -42.976101], [147.825207, -42.976294], [147.83011, -42.970517], [147.832381, -42.970556], [147.83398, -42.971071], [147.835412, -42.973178], [147.836836, -42.977511], [147.836831, -42.978284], [147.835622, -42.978774], [147.836543, -42.980556], [147.838416, -42.980218], [147.844726, -42.982536], [147.851593, -42.983421], [147.856779, -42.982517], [147.855377, -42.983383], [147.853545, -42.986388], [147.849225, -42.987614], [147.849115, -42.989582], [147.84531, -42.989946], [147.843746, -42.991552], [147.838997, -42.990701], [147.837899, -42.991561], [147.83774, -42.992689], [147.838535, -42.993381], [147.841162, -42.993347], [147.842908, -42.998155], [147.840467, -42.999457], [147.839707, -43.001928], [147.838229, -43.002578], [147.839301, -43.003979], [147.845083, -43.004334], [147.850974, -43.007916], [147.847389, -43.011257], [147.84686, -43.013058], [147.861926, -43.014358], [147.87016, -43.010868], [147.876661, -43.013957], [147.877654, -43.015155], [147.879542, -43.014819], [147.881163, -43.016714], [147.886465, -43.01841], [147.890829, -43.018423], [147.891667, -43.019299], [147.896346, -43.019035], [147.897696, -43.018377], [147.897624, -43.017271], [147.909115, -43.016914], [147.914521, -43.015132], [147.920637, -43.015393], [147.924024, -43.014685], [147.924995, -43.015889], [147.924985, -43.017651], [147.923517, -43.018725], [147.919063, -43.017961], [147.911937, -43.019401], [147.908184, -43.019209], [147.906436, -43.020423], [147.899844, -43.020948], [147.896584, -43.022938], [147.895464, -43.022842], [147.895265, -43.022106], [147.893144, -43.022172], [147.890227, -43.023456], [147.886756, -43.023433], [147.880589, -43.024904], [147.875121, -43.022894], [147.872443, -43.023363], [147.871112, -43.024642], [147.869122, -43.029192], [147.869033, -43.031621], [147.866105, -43.033697], [147.864019, -43.034094], [147.864103, -43.035248], [147.863127, -43.035575], [147.863269, -43.039413], [147.86559, -43.041409], [147.864745, -43.043897], [147.865294, -43.04478], [147.864916, -43.048144], [147.863856, -43.049332], [147.864783, -43.050482], [147.864454, -43.053765], [147.86064, -43.055619], [147.859966, -43.057443], [147.858505, -43.056889], [147.85878, -43.057634], [147.857832, -43.056744], [147.859652, -43.053846], [147.858453, -43.050696], [147.856233, -43.048986], [147.856244, -43.047262], [147.858178, -43.045128], [147.857213, -43.042627], [147.855954, -43.041062], [147.85123, -43.039307], [147.849864, -43.035814], [147.847551, -43.035537], [147.844949, -43.036603], [147.843647, -43.035962], [147.845668, -43.033205], [147.845436, -43.030682], [147.844173, -43.031405], [147.841483, -43.030861], [147.841541, -43.031845], [147.839974, -43.033206], [147.841547, -43.034778], [147.84014, -43.036873], [147.840717, -43.037594], [147.838248, -43.038697], [147.835922, -43.041115], [147.838187, -43.04435], [147.842668, -43.04665], [147.843112, -43.048656], [147.844355, -43.049932], [147.844411, -43.052429], [147.845522, -43.054767], [147.840701, -43.0604], [147.839466, -43.060897], [147.835327, -43.059778], [147.834437, -43.058623], [147.828559, -43.058523], [147.826603, -43.055237], [147.826252, -43.055928], [147.820367, -43.05694], [147.81923, -43.058157], [147.817368, -43.058551], [147.81568, -43.060461], [147.812434, -43.060471], [147.813146, -43.059161], [147.812849, -43.056233], [147.808039, -43.054615], [147.808267, -43.051856], [147.807055, -43.049858], [147.806686, -43.046425], [147.80318, -43.049135], [147.80148, -43.049473], [147.797487, -43.049028], [147.795589, -43.046285], [147.794247, -43.046247], [147.795076, -43.050564], [147.792329, -43.051659], [147.790415, -43.051441], [147.786894, -43.04835], [147.784976, -43.047893], [147.783792, -43.049755], [147.783302, -43.052791], [147.782437, -43.051871], [147.780729, -43.052053], [147.780409, -43.049414], [147.779525, -43.04881], [147.777948, -43.053599], [147.773829, -43.054938], [147.771962, -43.052463], [147.772233, -43.049967], [147.769762, -43.048637], [147.770614, -43.046515], [147.768457, -43.045452], [147.767082, -43.041541], [147.766845, -43.032732], [147.762943, -43.034241], [147.762452, -43.035408], [147.763917, -43.035594], [147.761108, -43.037552], [147.761147, -43.039486], [147.759722, -43.04093], [147.759817, -43.042978], [147.759037, -43.044137], [147.755565, -43.044557], [147.749379, -43.043379], [147.747022, -43.040857], [147.746287, -43.038401], [147.748832, -43.035337], [147.744227, -43.031953], [147.744182, -43.029802], [147.746007, -43.027764], [147.744928, -43.026268], [147.745717, -43.023344], [147.74502, -43.02166], [147.741747, -43.01935], [147.742421, -43.017616], [147.740866, -43.016197], [147.740676, -43.014292], [147.739713, -43.014412], [147.737089, -43.017936], [147.734391, -43.018945], [147.731729, -43.021931], [147.731375, -43.023647], [147.727805, -43.025975], [147.72624, -43.026901], [147.718453, -43.027975], [147.719182, -43.027469], [147.72597, -43.026071], [147.727584, -43.025236], [147.72639, -43.0246], [147.727317, -43.020633], [147.726912, -43.018714], [147.721831, -43.01682], [147.72223, -43.015735], [147.721205, -43.014109], [147.723018, -43.012923], [147.720116, -43.011629], [147.719123, -43.00989], [147.719705, -43.009004], [147.718045, -43.01016], [147.713225, -43.011281], [147.710174, -43.009482], [147.710062, -43.009942], [147.709346, -43.010127], [147.709985, -43.009699], [147.707583, -43.006776], [147.708831, -43.005676], [147.708038, -43.003555], [147.709328, -43.002208], [147.709209, -43.000162], [147.710158, -42.998226], [147.712153, -42.996767], [147.713889, -42.997945], [147.714605, -42.997536], [147.713634, -42.993662], [147.714063, -42.991562], [147.716036, -42.990183], [147.717398, -42.990558], [147.719793, -42.986527], [147.723601, -42.98609], [147.722989, -42.982099], [147.726457, -42.979433], [147.725234, -42.976798], [147.727084, -42.975955], [147.729913, -42.970938], [147.731457, -42.970285], [147.734999, -42.97068], [147.736114, -42.969827], [147.73584, -42.968856], [147.734195, -42.968874], [147.733064, -42.967794], [147.729326, -42.967235], [147.726291, -42.964228], [147.731363, -42.957165], [147.72914, -42.956913], [147.728375, -42.953209], [147.726748, -42.952621], [147.726004, -42.949524], [147.720787, -42.949859], [147.718091, -42.951903], [147.715476, -42.952053], [147.714491, -42.951366], [147.713153, -42.952499], [147.713997, -42.954045], [147.713765, -42.955626], [147.709739, -42.956797], [147.705359, -42.95662], [147.699784, -42.9534], [147.701178, -42.948741], [147.699749, -42.944628], [147.696376, -42.9437], [147.695861, -42.942274], [147.69454, -42.94202], [147.693972, -42.940197], [147.690865, -42.940378], [147.686155, -42.937825], [147.682708, -42.937449], [147.678979, -42.934567], [147.675616, -42.934749], [147.675071, -42.935718], [147.6724, -42.935827], [147.666107, -42.938648], [147.664409, -42.943582], [147.665885, -42.94805], [147.667117, -42.948159], [147.671207, -42.951322], [147.675717, -42.956967], [147.6751, -42.959676], [147.669513, -42.961612], [147.668944, -42.963543], [147.672997, -42.964635], [147.676587, -42.967302], [147.6797, -42.97063], [147.679589, -42.972572], [147.680299, -42.973423], [147.685157, -42.974694], [147.683644, -42.974578], [147.684509, -42.976525], [147.68455, -42.981497], [147.683543, -42.984987], [147.680746, -42.990025], [147.673898, -42.996653], [147.66752, -42.999909], [147.658491, -42.99701], [147.65789, -42.995449], [147.655605, -42.995133], [147.655434, -42.993732], [147.652957, -42.992725], [147.646498, -42.994676], [147.640734, -42.99356], [147.638867, -42.99519], [147.635582, -42.996418], [147.631906, -42.996637], [147.627181, -42.998419], [147.623181, -43.001467], [147.624111, -43.001727], [147.622148, -43.002354], [147.622415, -43.003039], [147.621413, -43.003447], [147.618452, -43.008307], [147.618702, -43.010603], [147.61957, -43.010496], [147.618865, -43.012369], [147.61945, -43.013599], [147.618727, -43.014335], [147.618985, -43.017572], [147.620131, -43.017625], [147.620516, -43.01853], [147.621674, -43.018082], [147.621249, -43.019366], [147.622322, -43.019036], [147.621702, -43.020033], [147.623868, -43.019551], [147.625371, -43.020668], [147.624824, -43.022002], [147.621605, -43.024339], [147.622765, -43.025941], [147.623795, -43.026039], [147.623195, -43.026968], [147.624242, -43.027128], [147.623598, -43.027526], [147.625105, -43.028123], [147.625636, -43.029553], [147.623048, -43.031207], [147.622473, -43.035702], [147.625025, -43.038463], [147.625699, -43.038304], [147.625553, -43.039132], [147.627553, -43.03925], [147.627099, -43.040097], [147.628333, -43.040258], [147.627444, -43.041875], [147.625656, -43.042437], [147.627579, -43.043352], [147.627442, -43.044349], [147.624983, -43.046916], [147.623944, -43.050088], [147.622388, -43.051575], [147.624568, -43.053021], [147.623576, -43.053822], [147.623281, -43.056156], [147.622608, -43.056307], [147.623455, -43.056264], [147.623945, -43.057242], [147.622997, -43.060847], [147.623293, -43.062452], [147.624122, -43.062719], [147.622666, -43.065157], [147.624126, -43.066087], [147.623872, -43.067856], [147.626088, -43.068081], [147.625682, -43.068969], [147.627423, -43.069209], [147.627515, -43.072556], [147.626873, -43.073305], [147.628485, -43.074282], [147.62982, -43.073826], [147.632363, -43.074742], [147.635716, -43.073362], [147.641437, -43.075647], [147.644454, -43.078322], [147.644292, -43.079169], [147.645438, -43.078912], [147.646366, -43.080121], [147.646253, -43.081454], [147.647309, -43.081092], [147.650347, -43.083275], [147.649934, -43.08879], [147.65074, -43.089445], [147.651696, -43.088636], [147.652319, -43.089471], [147.655034, -43.089992], [147.655576, -43.089336], [147.656486, -43.089945], [147.660257, -43.086652], [147.661917, -43.086516], [147.665077, -43.088037], [147.664907, -43.088979], [147.669466, -43.087204], [147.673726, -43.088687], [147.676952, -43.091412], [147.675482, -43.095027], [147.677232, -43.096362], [147.6773, -43.097986], [147.679678, -43.096755], [147.682679, -43.098238], [147.68305, -43.101717], [147.684502, -43.101895], [147.684186, -43.102438], [147.68507, -43.101962], [147.686363, -43.102589], [147.692299, -43.099843], [147.694368, -43.100001], [147.695574, -43.098564], [147.698826, -43.099208], [147.700878, -43.097509], [147.705859, -43.098295], [147.707167, -43.102112], [147.708502, -43.102469], [147.712359, -43.10138], [147.71286, -43.099639], [147.715264, -43.098485], [147.717493, -43.098154], [147.717511, -43.099108], [147.718927, -43.098681], [147.719498, -43.098045], [147.718872, -43.097316], [147.720219, -43.095246], [147.7198, -43.096779], [147.720734, -43.097388], [147.723375, -43.095035], [147.724963, -43.095362], [147.730106, -43.094174], [147.73276, -43.091096], [147.735999, -43.096156], [147.73963, -43.096696], [147.740828, -43.096038], [147.741178, -43.098009], [147.740577, -43.098523], [147.741782, -43.101984], [147.741418, -43.104052], [147.743205, -43.105093], [147.7442, -43.107253], [147.745669, -43.107815], [147.745384, -43.110585], [147.747515, -43.112124], [147.739307, -43.109256], [147.737261, -43.107149], [147.738357, -43.104958], [147.733443, -43.104412], [147.732498, -43.102085], [147.730179, -43.100332], [147.728175, -43.100115], [147.719108, -43.102993], [147.716379, -43.105208], [147.717349, -43.10542], [147.71663, -43.106349], [147.717671, -43.107318], [147.721444, -43.1054], [147.723302, -43.105459], [147.727649, -43.109806], [147.73113, -43.109414], [147.734104, -43.110809], [147.735804, -43.114307], [147.735735, -43.118502], [147.734303, -43.121702], [147.731142, -43.124916], [147.726344, -43.126267], [147.725028, -43.124802], [147.722563, -43.124348], [147.721214, -43.122417], [147.717491, -43.120842], [147.708596, -43.122174], [147.706206, -43.121603], [147.703396, -43.122145], [147.698499, -43.126846], [147.697105, -43.130466], [147.693127, -43.132408], [147.690217, -43.137605], [147.686128, -43.137774], [147.685138, -43.13873], [147.689239, -43.140109], [147.690859, -43.14328], [147.694875, -43.14374], [147.698166, -43.14569], [147.695872, -43.147349], [147.697002, -43.148122], [147.698205, -43.150818], [147.695702, -43.151649], [147.694818, -43.152927], [147.698442, -43.155013], [147.699012, -43.156351], [147.698577, -43.157683], [147.699728, -43.157365], [147.701488, -43.160114], [147.69962, -43.162461], [147.697201, -43.163137], [147.696967, -43.165202], [147.694551, -43.167179], [147.695794, -43.168151], [147.695699, -43.169629], [147.697567, -43.171216], [147.69768, -43.172225], [147.699375, -43.172489], [147.698769, -43.173618], [147.701124, -43.174816], [147.701292, -43.176982], [147.702687, -43.176641], [147.703158, -43.178016], [147.705771, -43.179295], [147.706967, -43.178434], [147.706676, -43.179078], [147.707761, -43.179665], [147.711087, -43.177919], [147.715518, -43.178358], [147.71515, -43.182468], [147.715782, -43.183766], [147.713815, -43.185163], [147.71422, -43.185911], [147.71317, -43.186919], [147.713197, -43.18942], [147.711182, -43.189115], [147.710787, -43.190326], [147.710961, -43.19141], [147.712244, -43.191991], [147.711661, -43.192617], [147.712391, -43.193512], [147.711578, -43.194282], [147.71353, -43.194728], [147.71455, -43.196152], [147.716858, -43.197239], [147.716623, -43.198315], [147.717379, -43.198847], [147.720211, -43.193846], [147.722121, -43.193308], [147.724311, -43.194425], [147.72677, -43.197962], [147.729677, -43.199039], [147.7342, -43.198691], [147.733131, -43.199646], [147.73427, -43.200612], [147.739805, -43.198273], [147.740248, -43.198976], [147.742057, -43.198204], [147.7418, -43.199035], [147.746035, -43.197569], [147.746165, -43.198762], [147.744321, -43.200472], [147.743811, -43.204817], [147.7465, -43.205612], [147.750715, -43.209033], [147.752559, -43.209136], [147.753925, -43.206229], [147.759765, -43.206975], [147.761764, -43.206283], [147.763604, -43.206766], [147.769074, -43.211036], [147.772034, -43.21085], [147.773719, -43.212325], [147.776399, -43.213157], [147.777741, -43.214312], [147.777913, -43.216294], [147.780363, -43.217743], [147.781999, -43.220769], [147.782569, -43.220511], [147.782889, -43.222389], [147.781993, -43.222061], [147.781412, -43.223058], [147.78284, -43.224137], [147.780877, -43.231326], [147.781535, -43.231097], [147.78178, -43.232587], [147.781104, -43.232939], [147.784278, -43.234661], [147.785749, -43.236631], [147.785626, -43.237978], [147.787396, -43.236424], [147.788736, -43.236864], [147.788652, -43.235583], [147.789452, -43.235199], [147.790732, -43.236998], [147.793651, -43.237406], [147.796171, -43.240746], [147.797451, -43.240549], [147.797994, -43.241918], [147.799729, -43.24234], [147.79752, -43.239222], [147.799489, -43.239325], [147.800593, -43.238258], [147.79971, -43.236958], [147.800475, -43.236507], [147.799206, -43.233395], [147.799839, -43.233084], [147.798971, -43.232], [147.799548, -43.231336], [147.800429, -43.231784], [147.800176, -43.231166], [147.799378, -43.230808], [147.800727, -43.230185], [147.800396, -43.228303], [147.799342, -43.22769], [147.800197, -43.227436], [147.79926, -43.224792], [147.798384, -43.224421], [147.799647, -43.22436], [147.799394, -43.223074], [147.798037, -43.221806], [147.798597, -43.221302], [147.796718, -43.220742], [147.798527, -43.220076], [147.797548, -43.219158], [147.797429, -43.217457], [147.800497, -43.2186], [147.801982, -43.21761], [147.80186, -43.216373], [147.804151, -43.21587], [147.803329, -43.214542], [147.804115, -43.214023], [147.803955, -43.212419], [147.804863, -43.212313], [147.804385, -43.211105], [147.805317, -43.210851], [147.805363, -43.210051], [147.807283, -43.209563], [147.807769, -43.208283], [147.809422, -43.209442], [147.812872, -43.209087], [147.813513, -43.207995], [147.812958, -43.206973], [147.815389, -43.20614], [147.814978, -43.20402], [147.81734, -43.205959], [147.819081, -43.205837], [147.820135, -43.203508], [147.819183, -43.201796], [147.820805, -43.202303], [147.821804, -43.201525], [147.820989, -43.200748], [147.822472, -43.201016], [147.822755, -43.198992], [147.822018, -43.197971], [147.825498, -43.197593], [147.828047, -43.1992], [147.830466, -43.199314], [147.832345, -43.195804], [147.833682, -43.194848], [147.833693, -43.19368], [147.837282, -43.195961], [147.838904, -43.195389], [147.839207, -43.193087], [147.838131, -43.191444], [147.843336, -43.188037], [147.844425, -43.188478], [147.844472, -43.187533], [147.8452, -43.188755], [147.8463, -43.187877], [147.847116, -43.189706], [147.848465, -43.189749], [147.849819, -43.196708], [147.851522, -43.196995], [147.85313, -43.195669], [147.852774, -43.197498], [147.855833, -43.200769], [147.85944, -43.201195], [147.859584, -43.204392], [147.861111, -43.20555], [147.860196, -43.207022], [147.860838, -43.20822], [147.862937, -43.203599], [147.867127, -43.208102], [147.871825, -43.208074], [147.874616, -43.206364], [147.875176, -43.203078], [147.867299, -43.199703], [147.866474, -43.197929], [147.868307, -43.194339], [147.870703, -43.19293], [147.872402, -43.192857], [147.874023, -43.193516], [147.874554, -43.194603], [147.876931, -43.194962], [147.877174, -43.19336], [147.876253, -43.19171], [147.872074, -43.190297], [147.871292, -43.188236], [147.870019, -43.187244], [147.870939, -43.18636], [147.870427, -43.185622], [147.868939, -43.185473], [147.868189, -43.184214], [147.865559, -43.182831], [147.864596, -43.182801], [147.863797, -43.184426], [147.860126, -43.186406], [147.856892, -43.185442], [147.854031, -43.18264], [147.852999, -43.179577], [147.853595, -43.177299], [147.856814, -43.172378], [147.861932, -43.169857], [147.865012, -43.169785], [147.87069, -43.164288], [147.870556, -43.162665], [147.870797, -43.161823], [147.871399, -43.161167], [147.870181, -43.160471], [147.871336, -43.157692], [147.870258, -43.155204], [147.870823, -43.154814], [147.87033, -43.15184], [147.868454, -43.150924], [147.868356, -43.153244], [147.866466, -43.154578], [147.867215, -43.156228], [147.864806, -43.159513], [147.865763, -43.161212], [147.86135, -43.164949], [147.859446, -43.164852], [147.856945, -43.162996], [147.854467, -43.162323], [147.855304, -43.159376], [147.851038, -43.157957], [147.845553, -43.154347], [147.853528, -43.149204], [147.851166, -43.148418], [147.851269, -43.14704], [147.857395, -43.145348], [147.858804, -43.142885], [147.860058, -43.142472], [147.859599, -43.141929], [147.858696, -43.142561], [147.856549, -43.142177], [147.855834, -43.141232], [147.856936, -43.139179], [147.856501, -43.137859], [147.854695, -43.137532], [147.853939, -43.138132], [147.854428, -43.136018], [147.855675, -43.134782], [147.857162, -43.13418], [147.860418, -43.134913], [147.861764, -43.135719], [147.862529, -43.137586], [147.865608, -43.137894], [147.866095, -43.137281], [147.861994, -43.13267], [147.860962, -43.130265], [147.857534, -43.129713], [147.856631, -43.127231], [147.851886, -43.125732], [147.851826, -43.124805], [147.850384, -43.124099], [147.851758, -43.122365], [147.854691, -43.121581], [147.857979, -43.124421], [147.857574, -43.121666], [147.854089, -43.120202], [147.853766, -43.117945], [147.859882, -43.11289], [147.860222, -43.109466], [147.863332, -43.107856], [147.864105, -43.107911], [147.863999, -43.110969], [147.865109, -43.111315], [147.864918, -43.115066], [147.865667, -43.116658], [147.864257, -43.117845], [147.863801, -43.121383], [147.866532, -43.125484], [147.86729, -43.129281], [147.869649, -43.131021], [147.871465, -43.13102], [147.877154, -43.126342], [147.883246, -43.122763], [147.886423, -43.123264], [147.88735, -43.123981], [147.887361, -43.12744], [147.888302, -43.127682], [147.88762, -43.128101], [147.887425, -43.130679], [147.888765, -43.138199], [147.894681, -43.138209], [147.888967, -43.140917], [147.888164, -43.142676], [147.893674, -43.148502], [147.894349, -43.151086], [147.893377, -43.153324], [147.895553, -43.155064], [147.895138, -43.155939], [147.893677, -43.156022], [147.891796, -43.158556], [147.893726, -43.163734], [147.892715, -43.165173], [147.894326, -43.165914], [147.893463, -43.170591], [147.894317, -43.171421], [147.894397, -43.174084], [147.895217, -43.174526], [147.894812, -43.176872], [147.896313, -43.178264], [147.894876, -43.181078], [147.895498, -43.183517], [147.894518, -43.188021], [147.89663, -43.190994], [147.898471, -43.190655], [147.898773, -43.191208], [147.900207, -43.190119], [147.90294, -43.189967], [147.904024, -43.189333], [147.90401, -43.188202], [147.906924, -43.187841], [147.909595, -43.189503], [147.916506, -43.189563], [147.919367, -43.191497], [147.919194, -43.192144], [147.924037, -43.193594], [147.926062, -43.196989], [147.92991, -43.197472], [147.93176, -43.198854], [147.934701, -43.197573], [147.934755, -43.196518], [147.936887, -43.195027], [147.945057, -43.19464], [147.946562, -43.196846], [147.945928, -43.197771], [147.946449, -43.198822], [147.948563, -43.200499], [147.948023, -43.202779], [147.94969, -43.204424], [147.94926, -43.205739], [147.949868, -43.205668], [147.950257, -43.20687], [147.948592, -43.211744], [147.946177, -43.212935], [147.94832, -43.213509], [147.949493, -43.215749], [147.951124, -43.214639], [147.951929, -43.216021], [147.952079, -43.215376], [147.953828, -43.215213], [147.954047, -43.215882], [147.957441, -43.216956], [147.95772, -43.217759], [147.95965, -43.216326], [147.960463, -43.216894], [147.960933, -43.216355], [147.96136, -43.21726], [147.962572, -43.21555], [147.965523, -43.21695], [147.967269, -43.216497], [147.968135, -43.217155], [147.968597, -43.216334], [147.971479, -43.216846], [147.972567, -43.217823], [147.97212, -43.219767], [147.975338, -43.221143], [147.976825, -43.218738], [147.978074, -43.218829], [147.979459, -43.222896], [147.980005, -43.221908], [147.981705, -43.222722], [147.983677, -43.221817], [147.985256, -43.223108], [147.983769, -43.223875], [147.985151, -43.223737], [147.984933, -43.224692], [147.986038, -43.224196], [147.986111, -43.22318], [147.987321, -43.223697], [147.990078, -43.222179], [147.993938, -43.221982], [147.995586, -43.222985], [147.995164, -43.223873], [147.996458, -43.223797], [147.996545, -43.225055], [147.998926, -43.224686], [147.998492, -43.226295], [147.999444, -43.226158], [148.001318, -43.227698], [148.003576, -43.226985], [148.003331, -43.225793], [148.004816, -43.226361], [148.004216, -43.225378], [148.005655, -43.225409], [148.005566, -43.224232], [148.007328, -43.22522], [148.006832, -43.224175], [148.008184, -43.224164], [148.007826, -43.222797], [148.011504, -43.221681], [148.01031, -43.219352], [148.00665, -43.218516], [148.003553, -43.219471], [147.999848, -43.218713], [147.995354, -43.216163], [147.992705, -43.215615], [147.98976, -43.212614], [147.98703, -43.21177], [147.987326, -43.210151], [147.98518, -43.207303], [147.982926, -43.206296], [147.978975, -43.206094], [147.974243, -43.202928], [147.972698, -43.203051], [147.971916, -43.200128], [147.966927, -43.19727], [147.966729, -43.19524], [147.963553, -43.191258], [147.964843, -43.188846], [147.964097, -43.187026], [147.964495, -43.186172], [147.963572, -43.18534], [147.964917, -43.183201], [147.967106, -43.182041], [147.969237, -43.178858], [147.969103, -43.177901], [147.979594, -43.168347], [147.981289, -43.161723], [147.982497, -43.160623], [147.981945, -43.159955], [147.983168, -43.156111], [147.985524, -43.156218], [147.985015, -43.155013], [147.986102, -43.153857], [147.991855, -43.15398], [147.99111, -43.152408], [147.993512, -43.151631], [147.99383, -43.150193], [147.995308, -43.149835], [147.996646, -43.148538], [147.996746, -43.147078], [147.997537, -43.146949], [147.996697, -43.144958], [147.997934, -43.145144], [147.997509, -43.144195], [148.000026, -43.145757], [148.001024, -43.144731], [148.001745, -43.145819], [148.002975, -43.145096], [148.002985, -43.142901], [148.004896, -43.142433], [148.005787, -43.138932], [148.004416, -43.13822], [148.002088, -43.140298], [148.000073, -43.140663], [147.998207, -43.139509], [147.99716, -43.140413], [147.995968, -43.140297], [147.994591, -43.139169], [147.993682, -43.139632], [147.993684, -43.14099], [147.991667, -43.141202], [147.990337, -43.140105], [147.988303, -43.140024], [147.988293, -43.138635], [147.982741, -43.135675], [147.980622, -43.136172], [147.978661, -43.134698], [147.975524, -43.135542], [147.972237, -43.13483], [147.967684, -43.141669], [147.963387, -43.142729], [147.958174, -43.140139], [147.956541, -43.138913], [147.956381, -43.137091], [147.954355, -43.136598], [147.955502, -43.133307], [147.958716, -43.132522], [147.959847, -43.130501], [147.956904, -43.127311], [147.953788, -43.128243], [147.952814, -43.127705], [147.954581, -43.12572], [147.961667, -43.125202], [147.964856, -43.126303], [147.968076, -43.126375], [147.970512, -43.125039], [147.970227, -43.12284], [147.972681, -43.122001], [147.973611, -43.119622], [147.974247, -43.119905], [147.974618, -43.122731], [147.978719, -43.123675], [147.980612, -43.123308], [147.980085, -43.121556], [147.978623, -43.120538], [147.978842, -43.119671], [147.977242, -43.118501], [147.978093, -43.117947], [147.977355, -43.117837], [147.977313, -43.115962], [147.977591, -43.114269], [147.980106, -43.112047], [147.978775, -43.111547], [147.978358, -43.110352], [147.980543, -43.10899], [147.981089, -43.107373], [147.980014, -43.107207], [147.978712, -43.10551], [147.974541, -43.104541], [147.973512, -43.102803], [147.970726, -43.102556], [147.970995, -43.101826], [147.970138, -43.101608], [147.970665, -43.100255], [147.968506, -43.098982], [147.968883, -43.097392], [147.967506, -43.096365], [147.968522, -43.09568], [147.966278, -43.093499], [147.966381, -43.09191], [147.962239, -43.088168], [147.962858, -43.086257], [147.965021, -43.085794], [147.966439, -43.084519], [147.964416, -43.08392], [147.96382, -43.082827], [147.962522, -43.082696], [147.959899, -43.080641], [147.958679, -43.07812], [147.959385, -43.076261], [147.955776, -43.072461], [147.954418, -43.068856], [147.955951, -43.068195], [147.954705, -43.066805], [147.955022, -43.065476], [147.956209, -43.0658], [147.955695, -43.064419], [147.953724, -43.062831], [147.950673, -43.062881], [147.949213, -43.06122], [147.946004, -43.060801], [147.945066, -43.059229], [147.946024, -43.0581], [147.949168, -43.057722], [147.948821, -43.055451], [147.949396, -43.054577], [147.954041, -43.05207], [147.952648, -43.050884], [147.953331, -43.05057], [147.951791, -43.049735], [147.952148, -43.048971], [147.950001, -43.048203], [147.949075, -43.04658], [147.951723, -43.044755], [147.950023, -43.044196], [147.951884, -43.043953], [147.951684, -43.042379], [147.952633, -43.04243], [147.952434, -43.041813], [147.953306, -43.041395], [147.951394, -43.03832], [147.949671, -43.037726], [147.950681, -43.036877], [147.949766, -43.036323], [147.950849, -43.036301], [147.949925, -43.035658], [147.950217, -43.034764], [147.94855, -43.033065], [147.94693, -43.033513], [147.947154, -43.035933], [147.940082, -43.036405], [147.935524, -43.034973], [147.929264, -43.029615], [147.926429, -43.021228], [147.927269, -43.014225], [147.930506, -43.009893], [147.935417, -43.006901], [147.942344, -43.008968], [147.942373, -43.005169], [147.943964, -43.003445], [147.948333, -43.001581], [147.950332, -43.002085], [147.95316, -43.001298], [147.95362, -43.000093], [147.952742, -42.999162], [147.953308, -42.997696], [147.954096, -42.997126], [147.954886, -42.997595], [147.954069, -42.996511], [147.955297, -42.996534], [147.956058, -42.995112], [147.955448, -42.992577], [147.956541, -42.992731], [147.957118, -42.991498], [147.959536, -42.990926], [147.960902, -42.989387], [147.959542, -42.986602], [147.961326, -42.984066], [147.963763, -42.983819], [147.964387, -42.982892], [147.969864, -42.983952], [147.974593, -42.982622], [147.976332, -42.983354], [147.9776, -42.982215], [147.976594, -42.981233], [147.97824, -42.980801], [147.979631, -42.98143], [147.980916, -42.979501], [147.983342, -42.978604], [147.98442, -42.979207], [147.985323, -42.977716], [147.989074, -42.975436], [147.988199, -42.97535], [147.988136, -42.973853], [147.988702, -42.973719], [147.98752, -42.97294], [147.986307, -42.9705], [147.987184, -42.969983], [147.989147, -42.970919], [147.991741, -42.970292], [147.994796, -42.971633], [147.995688, -42.969396], [147.994102, -42.968546], [147.995622, -42.968339], [147.995824, -42.967364], [147.998566, -42.965934], [147.99951, -42.964206], [147.998028, -42.959759], [147.992639, -42.958176], [147.992329, -42.956175], [147.994986, -42.956146], [147.993773, -42.954889], [147.996223, -42.954134], [147.996587, -42.951398], [147.993751, -42.952877], [147.989642, -42.952301], [147.986877, -42.950952], [147.986757, -42.949596], [147.988253, -42.94936], [147.988385, -42.948425], [147.986752, -42.947661], [147.986724, -42.946481], [147.985364, -42.945196], [147.986625, -42.945113], [147.987068, -42.944167], [147.985933, -42.942414], [147.983432, -42.94126], [147.985367, -42.940027], [147.98498, -42.939188], [147.986841, -42.938181], [147.986817, -42.936928], [147.989333, -42.935295], [147.989597, -42.934065], [147.995307, -42.929294], [147.995024, -42.927519], [147.997744, -42.921256], [147.998048, -42.917549], [147.997375, -42.916914], [147.998862, -42.914565], [147.996132, -42.911499], [147.995589, -42.909741], [147.993934, -42.909536], [147.992618, -42.907667], [147.991287, -42.907318], [147.987892, -42.902542], [147.984734, -42.900326], [147.983846, -42.896323], [147.984769, -42.893681], [147.98406, -42.890432], [147.982614, -42.89069], [147.975531, -42.888668], [147.975499, -42.887852], [147.974394, -42.888591], [147.974573, -42.887903], [147.972711, -42.888238], [147.97267, -42.886117], [147.973391, -42.885217], [147.972158, -42.885083], [147.973322, -42.884573], [147.973126, -42.883293], [147.970173, -42.8844], [147.968958, -42.883245], [147.96626, -42.884875], [147.964623, -42.884523], [147.964836, -42.883992], [147.963311, -42.884578], [147.962629, -42.883832], [147.960916, -42.88488], [147.957801, -42.881936], [147.957611, -42.87994], [147.958498, -42.877932], [147.960271, -42.877225], [147.965307, -42.877274], [147.967208, -42.875538], [147.97134, -42.874248], [147.971602, -42.87285], [147.972289, -42.872757], [147.971235, -42.8726], [147.971281, -42.871809], [147.972466, -42.8714], [147.971913, -42.870976], [147.972652, -42.870329], [147.973833, -42.870216], [147.97364, -42.869559], [147.972981, -42.869809], [147.973354, -42.869006], [147.972447, -42.869153], [147.972646, -42.867413], [147.971349, -42.867886], [147.970947, -42.866941], [147.969863, -42.867371], [147.968981, -42.866293], [147.96994, -42.866197], [147.970888, -42.864223], [147.96862, -42.86422], [147.965596, -42.866077], [147.960788, -42.867373], [147.957898, -42.871603], [147.957062, -42.871163], [147.953494, -42.872959], [147.950195, -42.872721], [147.946999, -42.874057], [147.946554, -42.873481], [147.945641, -42.87431], [147.945047, -42.877115], [147.939856, -42.877176], [147.933918, -42.874468], [147.928124, -42.870275], [147.920356, -42.861292], [147.92022, -42.860317], [147.922303, -42.858673], [147.922731, -42.856671], [147.923688, -42.856291], [147.922885, -42.855608], [147.923499, -42.855571], [147.922873, -42.854074], [147.92345, -42.853791], [147.922425, -42.853558], [147.923078, -42.852719], [147.921465, -42.851849], [147.921889, -42.851506], [147.918941, -42.851806], [147.91737, -42.852825], [147.915811, -42.851803], [147.918298, -42.848252], [147.922191, -42.846356], [147.920414, -42.84581], [147.920823, -42.844732], [147.919321, -42.844112], [147.920763, -42.844119], [147.920112, -42.843015], [147.917121, -42.844069], [147.915451, -42.847608], [147.913017, -42.847871], [147.911429, -42.847653], [147.909746, -42.845523], [147.907621, -42.845288], [147.907067, -42.843705], [147.905578, -42.843734], [147.905642, -42.84222], [147.903896, -42.842434], [147.902593, -42.844493], [147.901176, -42.843406], [147.891706, -42.842525], [147.889176, -42.844636], [147.891049, -42.846408], [147.891308, -42.848507], [147.890135, -42.850272], [147.887709, -42.851179], [147.883128, -42.850112], [147.87963, -42.853645], [147.880591, -42.856199], [147.884786, -42.858473], [147.885242, -42.861884], [147.883281, -42.863225], [147.879893, -42.863613], [147.876541, -42.862777], [147.873638, -42.863024], [147.872099, -42.865199], [147.873374, -42.86817], [147.871735, -42.87108], [147.869924, -42.872089], [147.865536, -42.870956], [147.864935, -42.872576], [147.863155, -42.872766], [147.861124, -42.874994], [147.862721, -42.876032], [147.868498, -42.875233], [147.873078, -42.878241], [147.874596, -42.877007], [147.873895, -42.874429], [147.875195, -42.873542], [147.876915, -42.873625], [147.881885, -42.876959], [147.885862, -42.87655], [147.891784, -42.878601], [147.89503, -42.877953], [147.903957, -42.882359], [147.904858, -42.88447], [147.904945, -42.893067], [147.90213, -42.895447], [147.900413, -42.899846], [147.902599, -42.901367], [147.907805, -42.908754], [147.905785, -42.9062], [147.899237, -42.901655], [147.899366, -42.900361], [147.895002, -42.894433], [147.89337, -42.894991], [147.889462, -42.893064], [147.884089, -42.894684], [147.882084, -42.892835], [147.877784, -42.890935], [147.877021, -42.888964], [147.874906, -42.888496], [147.87333, -42.889081], [147.872545, -42.891975], [147.873935, -42.894213], [147.873839, -42.894629], [147.873074, -42.892964], [147.868456, -42.893741], [147.861779, -42.890746], [147.859784, -42.891717], [147.853427, -42.889941], [147.843996, -42.890772], [147.840835, -42.88865], [147.837244, -42.891999], [147.834185, -42.891745], [147.829276, -42.893616], [147.826716, -42.89177], [147.825538, -42.891768], [147.824502, -42.892528], [147.824044, -42.894507], [147.820194, -42.89538], [147.816086, -42.8948], [147.811937, -42.889855], [147.807601, -42.890276], [147.802901, -42.893233], [147.804394, -42.894447], [147.804338, -42.89553], [147.807775, -42.897295], [147.809197, -42.899498], [147.813444, -42.898726], [147.815305, -42.899477], [147.821794, -42.9078]]], [[[148.09781, -42.585333], [148.089546, -42.584973], [148.083127, -42.580132], [148.082614, -42.577182], [148.08101, -42.576286], [148.081231, -42.575211], [148.080426, -42.575762], [148.080733, -42.574802], [148.07978, -42.574266], [148.079142, -42.572273], [148.077344, -42.572029], [148.072855, -42.569308], [148.067397, -42.570657], [148.065161, -42.573837], [148.065374, -42.575104], [148.062784, -42.576919], [148.064656, -42.578383], [148.063664, -42.580563], [148.061028, -42.581959], [148.055647, -42.582514], [148.052767, -42.5851], [148.052989, -42.586335], [148.055343, -42.587591], [148.055399, -42.589226], [148.053407, -42.592276], [148.051275, -42.592651], [148.050534, -42.594414], [148.047326, -42.59657], [148.04896, -42.598253], [148.048401, -42.599694], [148.050018, -42.601097], [148.048133, -42.603129], [148.048836, -42.606202], [148.047561, -42.607039], [148.047748, -42.607854], [148.046543, -42.60829], [148.045165, -42.610415], [148.039602, -42.614126], [148.037347, -42.614819], [148.036431, -42.615922], [148.037062, -42.619372], [148.034217, -42.621106], [148.030626, -42.621167], [148.029998, -42.62187], [148.030319, -42.623129], [148.028333, -42.624713], [148.02907, -42.625364], [148.028209, -42.628269], [148.024705, -42.629317], [148.026622, -42.630113], [148.02602, -42.631326], [148.031156, -42.631615], [148.034277, -42.634912], [148.035078, -42.637105], [148.033487, -42.638425], [148.036231, -42.63879], [148.038781, -42.643021], [148.038913, -42.646132], [148.037887, -42.649197], [148.034627, -42.652578], [148.031433, -42.653706], [148.029545, -42.655953], [148.028081, -42.656107], [148.026029, -42.657753], [148.019798, -42.659827], [148.015139, -42.658968], [148.013303, -42.660283], [148.009353, -42.661306], [148.012844, -42.661546], [148.014925, -42.662596], [148.016242, -42.664499], [148.021211, -42.665342], [148.025478, -42.668188], [148.029566, -42.666899], [148.032295, -42.664927], [148.037118, -42.666084], [148.0386, -42.664033], [148.03794, -42.662138], [148.041119, -42.660766], [148.040362, -42.656761], [148.043303, -42.654962], [148.049712, -42.655681], [148.056848, -42.658933], [148.063155, -42.664646], [148.065565, -42.668673], [148.066515, -42.675581], [148.063262, -42.682874], [148.057269, -42.68559], [148.05471, -42.686045], [148.051109, -42.685433], [148.048988, -42.683045], [148.045407, -42.682141], [148.038744, -42.684106], [148.038397, -42.685071], [148.039347, -42.68714], [148.035367, -42.6913], [148.03429, -42.698869], [148.031927, -42.700006], [148.030789, -42.702921], [148.027954, -42.704866], [148.028597, -42.708476], [148.026094, -42.710977], [148.02554, -42.712943], [148.0217, -42.714694], [148.019614, -42.717639], [148.015611, -42.718389], [148.012714, -42.720336], [148.015275, -42.722892], [148.013879, -42.725518], [148.013695, -42.727738], [148.011709, -42.73006], [148.01323, -42.734013], [148.013072, -42.736956], [148.014492, -42.737437], [148.013483, -42.74164], [148.01396, -42.742222], [148.016272, -42.741985], [148.016092, -42.741018], [148.024052, -42.740965], [148.024779, -42.738763], [148.026575, -42.737516], [148.02935, -42.737318], [148.029046, -42.736528], [148.029769, -42.736532], [148.029192, -42.736395], [148.030017, -42.735151], [148.033741, -42.733431], [148.04192, -42.725175], [148.047965, -42.722658], [148.052098, -42.721857], [148.053559, -42.724911], [148.054165, -42.724361], [148.058395, -42.725357], [148.058451, -42.723398], [148.061718, -42.725729], [148.062592, -42.724663], [148.063382, -42.725999], [148.065919, -42.725098], [148.067886, -42.726383], [148.067245, -42.723369], [148.064479, -42.721763], [148.062925, -42.719473], [148.064215, -42.719621], [148.063409, -42.718618], [148.065643, -42.718516], [148.065282, -42.717338], [148.071153, -42.720875], [148.074106, -42.721488], [148.074483, -42.720962], [148.075816, -42.722997], [148.079401, -42.724377], [148.084143, -42.723252], [148.085386, -42.723837], [148.086168, -42.722747], [148.08552, -42.72077], [148.08646, -42.720195], [148.089681, -42.721671], [148.093028, -42.720886], [148.092629, -42.720395], [148.093462, -42.72025], [148.092213, -42.718343], [148.092397, -42.716047], [148.0935, -42.715885], [148.09325, -42.714982], [148.095189, -42.716428], [148.096229, -42.71609], [148.095635, -42.713995], [148.094602, -42.713194], [148.095204, -42.71335], [148.094684, -42.713108], [148.093321, -42.712935], [148.093004, -42.713199], [148.092707, -42.712805], [148.094966, -42.71207], [148.094602, -42.711182], [148.096308, -42.711196], [148.093423, -42.708761], [148.094077, -42.70759], [148.09362, -42.707212], [148.094895, -42.706827], [148.094418, -42.704509], [148.086968, -42.697978], [148.087753, -42.697618], [148.086703, -42.695856], [148.086863, -42.694708], [148.0878, -42.694641], [148.087108, -42.693578], [148.08894, -42.693374], [148.087409, -42.692346], [148.087873, -42.691932], [148.086797, -42.690876], [148.087633, -42.690775], [148.087118, -42.689474], [148.08536, -42.687946], [148.083863, -42.688062], [148.08348, -42.686545], [148.081177, -42.684657], [148.078485, -42.684646], [148.074751, -42.68662], [148.073009, -42.686568], [148.070041, -42.684636], [148.068213, -42.681236], [148.068256, -42.677299], [148.07098, -42.671003], [148.075411, -42.66597], [148.081273, -42.661757], [148.08348, -42.660832], [148.086025, -42.661445], [148.094327, -42.661024], [148.095839, -42.662946], [148.097784, -42.661889], [148.099522, -42.662003], [148.099589, -42.661314], [148.101172, -42.661895], [148.102925, -42.660321], [148.104618, -42.661477], [148.108754, -42.660355], [148.109945, -42.661194], [148.111306, -42.660343], [148.110845, -42.659946], [148.112098, -42.659731], [148.115501, -42.66326], [148.117188, -42.663524], [148.117548, -42.662462], [148.118304, -42.664253], [148.121012, -42.663615], [148.117807, -42.665088], [148.115913, -42.667279], [148.116553, -42.668164], [148.119586, -42.668692], [148.121488, -42.667525], [148.121472, -42.666313], [148.123869, -42.666696], [148.124413, -42.667787], [148.125568, -42.667468], [148.12462, -42.666112], [148.127909, -42.665444], [148.127259, -42.664446], [148.128843, -42.663491], [148.128608, -42.662714], [148.130201, -42.661845], [148.13029, -42.660962], [148.133278, -42.660114], [148.135108, -42.660824], [148.140012, -42.666407], [148.14452, -42.667372], [148.14442, -42.666812], [148.146353, -42.666842], [148.145456, -42.666154], [148.146489, -42.66557], [148.145534, -42.664785], [148.146819, -42.664924], [148.146125, -42.663378], [148.1472, -42.66265], [148.147079, -42.660986], [148.147667, -42.661145], [148.146877, -42.659219], [148.148755, -42.659281], [148.148566, -42.6581], [148.150099, -42.658039], [148.150932, -42.656492], [148.151899, -42.656668], [148.151794, -42.654792], [148.152487, -42.654954], [148.152987, -42.65356], [148.157747, -42.652518], [148.158655, -42.650202], [148.160929, -42.649761], [148.162596, -42.650767], [148.163565, -42.649581], [148.166953, -42.65038], [148.167803, -42.649529], [148.16895, -42.649659], [148.168295, -42.648904], [148.168979, -42.648194], [148.167535, -42.646874], [148.166394, -42.647486], [148.164434, -42.645999], [148.162149, -42.645944], [148.162129, -42.644422], [148.160843, -42.643204], [148.150533, -42.640702], [148.149997, -42.638843], [148.148288, -42.637649], [148.149135, -42.63787], [148.140673, -42.631168], [148.141859, -42.629979], [148.14091, -42.628397], [148.142143, -42.628101], [148.142127, -42.626725], [148.13914, -42.626217], [148.138164, -42.624662], [148.13629, -42.623816], [148.135802, -42.621259], [148.136571, -42.620858], [148.135348, -42.619962], [148.135659, -42.618544], [148.136517, -42.61829], [148.136135, -42.617737], [148.13837, -42.617879], [148.13794, -42.617541], [148.135822, -42.616992], [148.137014, -42.615585], [148.136224, -42.614977], [148.137016, -42.614564], [148.13403, -42.6136], [148.134438, -42.612583], [148.137066, -42.611886], [148.136742, -42.611002], [148.13783, -42.611118], [148.136953, -42.60934], [148.138549, -42.608441], [148.136052, -42.607405], [148.134776, -42.607714], [148.134208, -42.606271], [148.132276, -42.605563], [148.133598, -42.604115], [148.129074, -42.602785], [148.129433, -42.600881], [148.128814, -42.599967], [148.129486, -42.598389], [148.127205, -42.598166], [148.128864, -42.597067], [148.126688, -42.595968], [148.126011, -42.593996], [148.124963, -42.594141], [148.123349, -42.59268], [148.123762, -42.589597], [148.121892, -42.589203], [148.12185, -42.587222], [148.120142, -42.585011], [148.110114, -42.58286], [148.106574, -42.583906], [148.102929, -42.583296], [148.102491, -42.584153], [148.101692, -42.5834], [148.100687, -42.584175], [148.09781, -42.585333]]], [[[148.316286, -42.310953], [148.315558, -42.309903], [148.316921, -42.309847], [148.317288, -42.306932], [148.319392, -42.306181], [148.316776, -42.304999], [148.317217, -42.303814], [148.315343, -42.303318], [148.315805, -42.302218], [148.312951, -42.301577], [148.312906, -42.300265], [148.31091, -42.300096], [148.305236, -42.296023], [148.303727, -42.296217], [148.302886, -42.294229], [148.300612, -42.294875], [148.299018, -42.292671], [148.296875, -42.2933], [148.294441, -42.291861], [148.292023, -42.292564], [148.290859, -42.294006], [148.288194, -42.29397], [148.287932, -42.295347], [148.288776, -42.29681], [148.285008, -42.29974], [148.286302, -42.300501], [148.285597, -42.300458], [148.285342, -42.30033], [148.283334, -42.298127], [148.282237, -42.298631], [148.282144, -42.299523], [148.280307, -42.300126], [148.27924, -42.302213], [148.279417, -42.301416], [148.280099, -42.300176], [148.277306, -42.299107], [148.27487, -42.297086], [148.26807, -42.297104], [148.260103, -42.293564], [148.253691, -42.293559], [148.24941, -42.297503], [148.238925, -42.302294], [148.236136, -42.306489], [148.235618, -42.309907], [148.236108, -42.311651], [148.237145, -42.312094], [148.236565, -42.317678], [148.242164, -42.323212], [148.246164, -42.325216], [148.248328, -42.327355], [148.252374, -42.328652], [148.255118, -42.327841], [148.258235, -42.328652], [148.259648, -42.328052], [148.262777, -42.329636], [148.273115, -42.327371], [148.277068, -42.324644], [148.2797, -42.325917], [148.282744, -42.331022], [148.286632, -42.333194], [148.288986, -42.332029], [148.294867, -42.331849], [148.294617, -42.334002], [148.292652, -42.334423], [148.29233, -42.33596], [148.295224, -42.336204], [148.297303, -42.337823], [148.299569, -42.337508], [148.298508, -42.339643], [148.297143, -42.339546], [148.298984, -42.341176], [148.299793, -42.339919], [148.301512, -42.339783], [148.300479, -42.338231], [148.300687, -42.336835], [148.305987, -42.341225], [148.304135, -42.342804], [148.304643, -42.343784], [148.305722, -42.342858], [148.307526, -42.343426], [148.308586, -42.342708], [148.314059, -42.345059], [148.314003, -42.343451], [148.316796, -42.344104], [148.317915, -42.3441], [148.317728, -42.343266], [148.320283, -42.343766], [148.321331, -42.343213], [148.320779, -42.342232], [148.321542, -42.341694], [148.323947, -42.341652], [148.326253, -42.343087], [148.327137, -42.342627], [148.326957, -42.341785], [148.331585, -42.341984], [148.332914, -42.341168], [148.332382, -42.340493], [148.336785, -42.3425], [148.338065, -42.343553], [148.337736, -42.344162], [148.338861, -42.344402], [148.338511, -42.342908], [148.339981, -42.344044], [148.341147, -42.34294], [148.343392, -42.343027], [148.342785, -42.341046], [148.34597, -42.341738], [148.345051, -42.340132], [148.340955, -42.338792], [148.334883, -42.339985], [148.334756, -42.33911], [148.332205, -42.338204], [148.330616, -42.336631], [148.329685, -42.333959], [148.327771, -42.334479], [148.326331, -42.333767], [148.324717, -42.329049], [148.325947, -42.32747], [148.32512, -42.326354], [148.327101, -42.325125], [148.328333, -42.325378], [148.328631, -42.324651], [148.330161, -42.32503], [148.331732, -42.322649], [148.328378, -42.322017], [148.328174, -42.321211], [148.325507, -42.32094], [148.324819, -42.319554], [148.322599, -42.319266], [148.320411, -42.320278], [148.320937, -42.321529], [148.319538, -42.321832], [148.319444, -42.323696], [148.317774, -42.323439], [148.317399, -42.321494], [148.315898, -42.319834], [148.316987, -42.319956], [148.316492, -42.317955], [148.314489, -42.316691], [148.315058, -42.312819], [148.316286, -42.310953]]], [[[147.639311, -42.954912], [147.642393, -42.955454], [147.644514, -42.958856], [147.646268, -42.959054], [147.648942, -42.954287], [147.648587, -42.949148], [147.647344, -42.947782], [147.647507, -42.946637], [147.645392, -42.946109], [147.643755, -42.943706], [147.643478, -42.944346], [147.641598, -42.942995], [147.640053, -42.943666], [147.638751, -42.945616], [147.635825, -42.946945], [147.635258, -42.948303], [147.635266, -42.949305], [147.636727, -42.949939], [147.637074, -42.951523], [147.638795, -42.952454], [147.638871, -42.953266], [147.639311, -42.954912]]], [[[147.997832, -43.234199], [147.997609, -43.239244], [147.996392, -43.240473], [147.998929, -43.24341], [147.998388, -43.243959], [147.999405, -43.245086], [147.99858, -43.246079], [147.999139, -43.246564], [147.999574, -43.245106], [148.000483, -43.245778], [148.001434, -43.244957], [148.004155, -43.245185], [148.005852, -43.243071], [148.007417, -43.243699], [148.007503, -43.241367], [148.008499, -43.24132], [148.008257, -43.238671], [148.009523, -43.236664], [148.008652, -43.234146], [148.006237, -43.232507], [148.004595, -43.232535], [148.003216, -43.231462], [148.003612, -43.231149], [148.00026, -43.231984], [147.997832, -43.234199]]], [[[147.784463, -42.950491], [147.788184, -42.95095], [147.789687, -42.949128], [147.788197, -42.945074], [147.78428, -42.942386], [147.783893, -42.940695], [147.781711, -42.939967], [147.77923, -42.942634], [147.779926, -42.945502], [147.782256, -42.946921], [147.782288, -42.947932], [147.784463, -42.950491]]], [[[148.348138, -41.348728], [148.347447, -41.347741], [148.346023, -41.34797], [148.346096, -41.347057], [148.34499, -41.347226], [148.344515, -41.345003], [148.339473, -41.345081], [148.335625, -41.348033], [148.338141, -41.349924], [148.342865, -41.349125], [148.342599, -41.350607], [148.34373, -41.350781], [148.344127, -41.351925], [148.343198, -41.352766], [148.34407, -41.353128], [148.345637, -41.352522], [148.345041, -41.35208], [148.348258, -41.351053], [148.348138, -41.348728]]], [[[147.670393, -43.140366], [147.67242, -43.140531], [147.672863, -43.141326], [147.67526, -43.13722], [147.675351, -43.134234], [147.672761, -43.12921], [147.671344, -43.130168], [147.669106, -43.135465], [147.670159, -43.138597], [147.670393, -43.140366]]], [[[147.976824, -42.318221], [147.977057, -42.319701], [147.975865, -42.320993], [147.976862, -42.32307], [147.983292, -42.318728], [147.98241, -42.315785], [147.981485, -42.315266], [147.978751, -42.315986], [147.977965, -42.317365], [147.976824, -42.318221]]], [[[145.300539, -42.186799], [145.297239, -42.186391], [145.295431, -42.18523], [145.294411, -42.187526], [145.292816, -42.188218], [145.294268, -42.190354], [145.294082, -42.191539], [145.294708, -42.190435], [145.298802, -42.190647], [145.300471, -42.188723], [145.300539, -42.186799]]], [[[147.455406, -42.768994], [147.452361, -42.770337], [147.456052, -42.77205], [147.458479, -42.772012], [147.462785, -42.774286], [147.462194, -42.772592], [147.464789, -42.771547], [147.457364, -42.769527], [147.456889, -42.769129], [147.455406, -42.768994]]], [[[147.820379, -42.951529], [147.822399, -42.954287], [147.824594, -42.952473], [147.826979, -42.951929], [147.825751, -42.950513], [147.823949, -42.950864], [147.819665, -42.949099], [147.818512, -42.949394], [147.818183, -42.950449], [147.820379, -42.951529]]], [[[146.394708, -41.226205], [146.395255, -41.227267], [146.397348, -41.227526], [146.398413, -41.228934], [146.396296, -41.231674], [146.399897, -41.232819], [146.40015, -41.231613], [146.401511, -41.23066], [146.399424, -41.227678], [146.394708, -41.226205]]], [[[148.146701, -42.0694], [148.151365, -42.066748], [148.149936, -42.065977], [148.146319, -42.066624], [148.143439, -42.067581], [148.143098, -42.068771], [148.146701, -42.0694]]], [[[146.575301, -41.211775], [146.576901, -41.209111], [146.579338, -41.208164], [146.578576, -41.207077], [146.576194, -41.206656], [146.57358, -41.208571], [146.574205, -41.211853], [146.575301, -41.211775]]], [[[146.574947, -41.171909], [146.573455, -41.167999], [146.572278, -41.167836], [146.568555, -41.170059], [146.572342, -41.171898], [146.572509, -41.171038], [146.574947, -41.171909]]], [[[145.49757, -42.345789], [145.499098, -42.348069], [145.501422, -42.348676], [145.503485, -42.346811], [145.503671, -42.345597], [145.505658, -42.345545], [145.5063, -42.344836], [145.50378, -42.344652], [145.502776, -42.345798], [145.500635, -42.34589], [145.49757, -42.345789]]], [[[147.84804, -43.027714], [147.854094, -43.026402], [147.853384, -43.02507], [147.850596, -43.024733], [147.847526, -43.0258], [147.846537, -43.027266], [147.84804, -43.027714]]], [[[148.313063, -42.35778], [148.311339, -42.360026], [148.315758, -42.362278], [148.316997, -42.360159], [148.315315, -42.358972], [148.313063, -42.35778]]], [[[146.375448, -41.2274], [146.375912, -41.226504], [146.377802, -41.226444], [146.37781, -41.225426], [146.37962, -41.22585], [146.378945, -41.222193], [146.377928, -41.222407], [146.37692, -41.224805], [146.37411, -41.226119], [146.375448, -41.2274]]], [[[145.786211, -43.226284], [145.785649, -43.224837], [145.787158, -43.224493], [145.787672, -43.223391], [145.785257, -43.222239], [145.785168, -43.223013], [145.784291, -43.221914], [145.784576, -43.223025], [145.78313, -43.223334], [145.78273, -43.224869], [145.784241, -43.226071], [145.78564, -43.225251], [145.786211, -43.226284]]], [[[148.143362, -42.073497], [148.149498, -42.071649], [148.149957, -42.070746], [148.146166, -42.070755], [148.142314, -42.072429], [148.143362, -42.073497]]], [[[147.194204, -42.734144], [147.2008, -42.735459], [147.198565, -42.732508], [147.196071, -42.732488], [147.195639, -42.733435], [147.194204, -42.734144]]], [[[147.78398, -42.913723], [147.785547, -42.91312], [147.786872, -42.909576], [147.783877, -42.910516], [147.782841, -42.912956], [147.78398, -42.913723]]], [[[146.862274, -41.147985], [146.864686, -41.146672], [146.863283, -41.143977], [146.861107, -41.146114], [146.86075, -41.147412], [146.862274, -41.147985]]], [[[145.447696, -42.333854], [145.448422, -42.33566], [145.451285, -42.336323], [145.453988, -42.335413], [145.450342, -42.334457], [145.449232, -42.333434], [145.447696, -42.333854]]], [[[148.071279, -42.564457], [148.072352, -42.562926], [148.069504, -42.561048], [148.068293, -42.561699], [148.068006, -42.563114], [148.071279, -42.564457]]], [[[145.44631, -42.388358], [145.445704, -42.389349], [145.446157, -42.390281], [145.445512, -42.390587], [145.446653, -42.390632], [145.449346, -42.38796], [145.450198, -42.388045], [145.449946, -42.387423], [145.451074, -42.38631], [145.44971, -42.386512], [145.44631, -42.388358]]], [[[146.565184, -41.238144], [146.567234, -41.238169], [146.568516, -41.237676], [146.569179, -41.236177], [146.566498, -41.235488], [146.565793, -41.236976], [146.565184, -41.238144]]], [[[148.290134, -41.860205], [148.290469, -41.859012], [148.291594, -41.85892], [148.291749, -41.85768], [148.290925, -41.857319], [148.291151, -41.856459], [148.290006, -41.856164], [148.288817, -41.857973], [148.290134, -41.860205]]], [[[148.198036, -42.076767], [148.199295, -42.076681], [148.200626, -42.075268], [148.200472, -42.0743], [148.198897, -42.073826], [148.197428, -42.075817], [148.198036, -42.076767]]], [[[147.188238, -42.734237], [147.18852, -42.733718], [147.187619, -42.73325], [147.186414, -42.735203], [147.187229, -42.735535], [147.188422, -42.734428], [147.189761, -42.735273], [147.190102, -42.734067], [147.191043, -42.733738], [147.191793, -42.733934], [147.191488, -42.734728], [147.192617, -42.73467], [147.1919, -42.734293], [147.192309, -42.733436], [147.190453, -42.732737], [147.190631, -42.733343], [147.188238, -42.734237]]], [[[146.563325, -41.173343], [146.563962, -41.174969], [146.567087, -41.175424], [146.568332, -41.176394], [146.569346, -41.17548], [146.568921, -41.174936], [146.569818, -41.175187], [146.56911, -41.174852], [146.567946, -41.175059], [146.563325, -41.173343]]], [[[148.261418, -42.176681], [148.260211, -42.177983], [148.260854, -42.179235], [148.263121, -42.178332], [148.263542, -42.176678], [148.261418, -42.176681]]], [[[145.81978, -43.299404], [145.818452, -43.296362], [145.817788, -43.295792], [145.816819, -43.29639], [145.815824, -43.294842], [145.816964, -43.29773], [145.817858, -43.297414], [145.817647, -43.298115], [145.819073, -43.299168], [145.81978, -43.299404]]], [[[145.27506, -42.604052], [145.276407, -42.60602], [145.278013, -42.606306], [145.277782, -42.603755], [145.27649, -42.603714], [145.27506, -42.604052]]], [[[147.975764, -42.881092], [147.974797, -42.880845], [147.974019, -42.882799], [147.977074, -42.882968], [147.977601, -42.881202], [147.976589, -42.881144], [147.975769, -42.881919], [147.975764, -42.881092]]], [[[146.39041, -41.227679], [146.395117, -41.227614], [146.39348, -41.225907], [146.393002, -41.226183], [146.394516, -41.227568], [146.3929, -41.226769], [146.391587, -41.225624], [146.391425, -41.227203], [146.389437, -41.226605], [146.39041, -41.227679]]], [[[147.946164, -42.343123], [147.950651, -42.342667], [147.948202, -42.341544], [147.944354, -42.342886], [147.946164, -42.343123]]], [[[148.008719, -43.135491], [148.006746, -43.136564], [148.008115, -43.13835], [148.009703, -43.138264], [148.008719, -43.135491]]], [[[148.301969, -41.397378], [148.30157, -41.398913], [148.303193, -41.399074], [148.304595, -41.397702], [148.30421, -41.396695], [148.301969, -41.397378]]], [[[147.558981, -42.814735], [147.561128, -42.814177], [147.559229, -42.81109], [147.55878, -42.811943], [147.558981, -42.814735]]], [[[148.053382, -43.120991], [148.051019, -43.120822], [148.052459, -43.122783], [148.054591, -43.122976], [148.053382, -43.120991]]], [[[145.274332, -42.558909], [145.275697, -42.558894], [145.27666, -42.557766], [145.27452, -42.55651], [145.273991, -42.55697], [145.274332, -42.558909]]], [[[146.573493, -41.236615], [146.575451, -41.23522], [146.573889, -41.23488], [146.570829, -41.235543], [146.573493, -41.236615]]], [[[145.815226, -43.281054], [145.814237, -43.278734], [145.811916, -43.27917], [145.812243, -43.279972], [145.814031, -43.280451], [145.815226, -43.281054]]], [[[147.974979, -42.856744], [147.977057, -42.85541], [147.975336, -42.854384], [147.974099, -42.856213], [147.974979, -42.856744]]], [[[147.976948, -42.643763], [147.979767, -42.642965], [147.977572, -42.641819], [147.976596, -42.64233], [147.976948, -42.643763]]], [[[147.601807, -42.866117], [147.600527, -42.866934], [147.600826, -42.868211], [147.602195, -42.868504], [147.602452, -42.866492], [147.601807, -42.866117]]], [[[148.348549, -42.117804], [148.350268, -42.117547], [148.346978, -42.115568], [148.346856, -42.116484], [148.348549, -42.117804]]], [[[145.379127, -42.774165], [145.378032, -42.774415], [145.378958, -42.776799], [145.379679, -42.776257], [145.379233, -42.77561], [145.380326, -42.775527], [145.379127, -42.774165]]], [[[148.006441, -43.139224], [148.007481, -43.139224], [148.006819, -43.137033], [148.005112, -43.138015], [148.006441, -43.139224]]], [[[147.950663, -42.340914], [147.954671, -42.339714], [147.951166, -42.340593], [147.950066, -42.338964], [147.951353, -42.338051], [147.949258, -42.339143], [147.949556, -42.340474], [147.950663, -42.340914]]], [[[148.329952, -40.923288], [148.328047, -40.924235], [148.330846, -40.92593], [148.33012, -40.924882], [148.329952, -40.923288]]], [[[147.190199, -42.737365], [147.191358, -42.73768], [147.193473, -42.736789], [147.190421, -42.736182], [147.190779, -42.737156], [147.190199, -42.737365]]], [[[146.567487, -41.171603], [146.569159, -41.171333], [146.566824, -41.169522], [146.566833, -41.170471], [146.567487, -41.171603]]], [[[148.026184, -42.252401], [148.024811, -42.253332], [148.026492, -42.254068], [148.02723, -42.25295], [148.026184, -42.252401]]], [[[148.3136, -41.870364], [148.312508, -41.870541], [148.311789, -41.871679], [148.313198, -41.872116], [148.313559, -41.870998], [148.3136, -41.870364]]], [[[147.94703, -43.03323], [147.94821, -43.032756], [147.945522, -43.03116], [147.945956, -43.032198], [147.94703, -43.03323]]], [[[147.954547, -42.340334], [147.952702, -42.341766], [147.956254, -42.342923], [147.953044, -42.34156], [147.955496, -42.341139], [147.953927, -42.340882], [147.957023, -42.339831], [147.954547, -42.340334]]], [[[145.297992, -42.181528], [145.299851, -42.182678], [145.300811, -42.182434], [145.299821, -42.181424], [145.297992, -42.181528]]], [[[147.936475, -42.645899], [147.935508, -42.646015], [147.934401, -42.64588], [147.936573, -42.647513], [147.936716, -42.646527], [147.936475, -42.645899]]], [[[145.285966, -42.188066], [145.286603, -42.187164], [145.285327, -42.186647], [145.284424, -42.187493], [145.285966, -42.188066]]], [[[146.554071, -41.149704], [146.55387, -41.150523], [146.555493, -41.151283], [146.55576, -41.150937], [146.55504, -41.149891], [146.554071, -41.149704]]], [[[148.128725, -42.070578], [148.12926, -42.069693], [148.127891, -42.069682], [148.126548, -42.070628], [148.128725, -42.070578]]], [[[148.340759, -41.250665], [148.340745, -41.249669], [148.339699, -41.249378], [148.338921, -41.250401], [148.340759, -41.250665]]], [[[146.546515, -41.124826], [146.548654, -41.123773], [146.547123, -41.123615], [146.545873, -41.124625], [146.546515, -41.124826]]], [[[145.272231, -42.272587], [145.273537, -42.271263], [145.272837, -42.2708], [145.271722, -42.271982], [145.272231, -42.272587]]], [[[148.313155, -41.874326], [148.312243, -41.872203], [148.311567, -41.872538], [148.312034, -41.873732], [148.313155, -41.874326]]], [[[145.285217, -42.633273], [145.285839, -42.634708], [145.286778, -42.634564], [145.28671, -42.633655], [145.285217, -42.633273]]], [[[147.972756, -42.881316], [147.972739, -42.882659], [147.973801, -42.882722], [147.973828, -42.881563], [147.972756, -42.881316]]], [[[148.355288, -42.118452], [148.356045, -42.119408], [148.357152, -42.119147], [148.3565, -42.118225], [148.355288, -42.118452]]], [[[145.488335, -42.969662], [145.489519, -42.970227], [145.490638, -42.96941], [145.489164, -42.969145], [145.488966, -42.969436], [145.488335, -42.969662]]], [[[148.152736, -42.063677], [148.15376, -42.062687], [148.152847, -42.062678], [148.151293, -42.063144], [148.152736, -42.063677]]], [[[147.650107, -42.906796], [147.649144, -42.90674], [147.649457, -42.908328], [147.650378, -42.907529], [147.650107, -42.906796]]], [[[145.26938, -42.629362], [145.269843, -42.628666], [145.268768, -42.628732], [145.267471, -42.629859], [145.26938, -42.629362]]], [[[148.330106, -40.922631], [148.330834, -40.922056], [148.329583, -40.921329], [148.329154, -40.922001], [148.330106, -40.922631]]], [[[145.223379, -42.420477], [145.224153, -42.419756], [145.223182, -42.418961], [145.222751, -42.419529], [145.223379, -42.420477]]], [[[148.1446, -42.065357], [148.144022, -42.065846], [148.14531, -42.066161], [148.146187, -42.065401], [148.1446, -42.065357]]], [[[146.604971, -41.257631], [146.604932, -41.255692], [146.604248, -41.256133], [146.604266, -41.257076], [146.604971, -41.257631]]], [[[147.845494, -43.006895], [147.846768, -43.005785], [147.845675, -43.005689], [147.845058, -43.006229], [147.845494, -43.006895]]], [[[148.31272, -42.356363], [148.313555, -42.356178], [148.311867, -42.355126], [148.311514, -42.355493], [148.31272, -42.356363]]], [[[147.977696, -42.882174], [147.977517, -42.882914], [147.97852, -42.882903], [147.979048, -42.882075], [147.977696, -42.882174]]], [[[148.185895, -42.038291], [148.187275, -42.036455], [148.186245, -42.036524], [148.186121, -42.037199], [148.185895, -42.038291]]], [[[148.219059, -42.026154], [148.219809, -42.02542], [148.218303, -42.025531], [148.218082, -42.026343], [148.219059, -42.026154]]], [[[145.301546, -42.181201], [145.301784, -42.180663], [145.30084, -42.180291], [145.30007, -42.180951], [145.301546, -42.181201]]], [[[148.353328, -42.202928], [148.353972, -42.203746], [148.354537, -42.203297], [148.354375, -42.202427], [148.353328, -42.202928]]], [[[147.867952, -43.149427], [147.868112, -43.148905], [147.867197, -43.148584], [147.866762, -43.149701], [147.867952, -43.149427]]], [[[148.313452, -42.355663], [148.313821, -42.355351], [148.31313, -42.354601], [148.31212, -42.355072], [148.313452, -42.355663]]], [[[148.26884, -42.124343], [148.268618, -42.124863], [148.269622, -42.124999], [148.270274, -42.124082], [148.26884, -42.124343]]], [[[148.321667, -40.922643], [148.321726, -40.921575], [148.320873, -40.921951], [148.320721, -40.922691], [148.321667, -40.922643]]], [[[144.936149, -41.725309], [144.937818, -41.724965], [144.93518, -41.725025], [144.935549, -41.7259], [144.936149, -41.725309]]], [[[147.946978, -43.214458], [147.947292, -43.213507], [147.946443, -43.213652], [147.945907, -43.214296], [147.946978, -43.214458]]], [[[145.378147, -42.777727], [145.378893, -42.777356], [145.378079, -42.776636], [145.377474, -42.777042], [145.378147, -42.777727]]], [[[147.15049, -42.752753], [147.151728, -42.751764], [147.150387, -42.752379], [147.148341, -42.754219], [147.15049, -42.752753]]], [[[146.42732, -41.147368], [146.426385, -41.147069], [146.426342, -41.147475], [146.427595, -41.148455], [146.42732, -41.147368]]], [[[146.569719, -41.177722], [146.570029, -41.177166], [146.568884, -41.176723], [146.569039, -41.177683], [146.569719, -41.177722]]], [[[146.77089, -41.153303], [146.771164, -41.152655], [146.769889, -41.152837], [146.769752, -41.153393], [146.77089, -41.153303]]], [[[148.35879, -42.116019], [148.358305, -42.117137], [148.359071, -42.117332], [148.359247, -42.116666], [148.35879, -42.116019]]], [[[147.186455, -42.735868], [147.18607, -42.734827], [147.185044, -42.734644], [147.185981, -42.735644], [147.185819, -42.735785], [147.186455, -42.735868]]], [[[147.959996, -43.075565], [147.959464, -43.07574], [147.960108, -43.076716], [147.960671, -43.076105], [147.959996, -43.075565]]], [[[148.244847, -41.992262], [148.244626, -41.996475], [148.245177, -41.994921], [148.244806, -41.99401], [148.244847, -41.992262]]], [[[147.983362, -42.322255], [147.982564, -42.322487], [147.983037, -42.323387], [147.98357, -42.322895], [147.983362, -42.322255]]], [[[145.19783, -42.250013], [145.198037, -42.248726], [145.197631, -42.248714], [145.197201, -42.249603], [145.19783, -42.250013]]], [[[147.999719, -42.959687], [147.999207, -42.959903], [147.999776, -42.960339], [148.001142, -42.960235], [147.999719, -42.959687]]], [[[148.357678, -42.117786], [148.357837, -42.116824], [148.357158, -42.116644], [148.356983, -42.117327], [148.357678, -42.117786]]], [[[148.214747, -42.004104], [148.214111, -42.004841], [148.215257, -42.005035], [148.215297, -42.004596], [148.214747, -42.004104]]], [[[148.176905, -42.014104], [148.177769, -42.013511], [148.177813, -42.012598], [148.177191, -42.013131], [148.176905, -42.014104]]], [[[147.186517, -42.736686], [147.184428, -42.735563], [147.184593, -42.736132], [147.185569, -42.736513], [147.186517, -42.736686]]], [[[145.216164, -42.211363], [145.216675, -42.211299], [145.216265, -42.21043], [145.215444, -42.210937], [145.216164, -42.211363]]], [[[147.94092, -42.648609], [147.939688, -42.648675], [147.940755, -42.649133], [147.941827, -42.64892], [147.94092, -42.648609]]], [[[145.810049, -43.280319], [145.809607, -43.280435], [145.810708, -43.28158], [145.81082, -43.281013], [145.810049, -43.280319]]], [[[148.151845, -42.070497], [148.150855, -42.070483], [148.151274, -42.07122], [148.152132, -42.070869], [148.151845, -42.070497]]], [[[145.178292, -42.208055], [145.177627, -42.208406], [145.176913, -42.209361], [145.177608, -42.209378], [145.178055, -42.20825], [145.178292, -42.208055]]], [[[147.600794, -42.864445], [147.601482, -42.864624], [147.601328, -42.863852], [147.600417, -42.863763], [147.600794, -42.864445]]], [[[145.358706, -42.19363], [145.358442, -42.193869], [145.359296, -42.19474], [145.359405, -42.193845], [145.358706, -42.19363]]], [[[148.187956, -42.035942], [148.187758, -42.035725], [148.186693, -42.035824], [148.186088, -42.036412], [148.187956, -42.035942]]], [[[147.1939, -42.727333], [147.196007, -42.726855], [147.195191, -42.72657], [147.19466, -42.726827], [147.1939, -42.727333]]], [[[148.338714, -42.133581], [148.339452, -42.133713], [148.339307, -42.133105], [148.33836, -42.132807], [148.338714, -42.133581]]], [[[147.952175, -42.341107], [147.953365, -42.340705], [147.951205, -42.340825], [147.950717, -42.34102], [147.952175, -42.341107]]], [[[145.669516, -43.081847], [145.669031, -43.080977], [145.668688, -43.081496], [145.668919, -43.082192], [145.669516, -43.081847]]], [[[147.19651, -42.731114], [147.196882, -42.730821], [147.196577, -42.730368], [147.195484, -42.731023], [147.19651, -42.731114]]], [[[147.995288, -43.216088], [147.996095, -43.215888], [147.995504, -43.215289], [147.994825, -43.215826], [147.995288, -43.216088]]], [[[148.289021, -41.209877], [148.289385, -41.209117], [148.288523, -41.209031], [148.288408, -41.209462], [148.289021, -41.209877]]], [[[148.357348, -40.999836], [148.355564, -40.999788], [148.356453, -41.000212], [148.356488, -41.000479], [148.357348, -40.999836]]], [[[147.98233, -43.106968], [147.984521, -43.106824], [147.982385, -43.106599], [147.98215, -43.106869], [147.98233, -43.106968]]], [[[145.177461, -42.308215], [145.177651, -42.308272], [145.177561, -42.306683], [145.177175, -42.30686], [145.177461, -42.308215]]], [[[147.938082, -42.648544], [147.936932, -42.648297], [147.937505, -42.648806], [147.938182, -42.649127], [147.938082, -42.648544]]], [[[148.293155, -41.167958], [148.293752, -41.167057], [148.29293, -41.167243], [148.292862, -41.167701], [148.293155, -41.167958]]], [[[147.971452, -43.100757], [147.971948, -43.100523], [147.971413, -43.099877], [147.971073, -43.100426], [147.971452, -43.100757]]], [[[148.325182, -42.083135], [148.325497, -42.083263], [148.325667, -42.082521], [148.324793, -42.082632], [148.325182, -42.083135]]], [[[148.248327, -40.885233], [148.249071, -40.885421], [148.24855, -40.884593], [148.248128, -40.88485], [148.248327, -40.885233]]], [[[148.189191, -42.036515], [148.190341, -42.035977], [148.189468, -42.035806], [148.189271, -42.036081], [148.189191, -42.036515]]], [[[146.554676, -41.153376], [146.555468, -41.154059], [146.555556, -41.153866], [146.555326, -41.153151], [146.554676, -41.153376]]], [[[148.011845, -43.220373], [148.011926, -43.219901], [148.01132, -43.219843], [148.010951, -43.220303], [148.011845, -43.220373]]], [[[145.691436, -43.113905], [145.690354, -43.113929], [145.690689, -43.114356], [145.691541, -43.114177], [145.691436, -43.113905]]], [[[145.627626, -43.019542], [145.627662, -43.020164], [145.628529, -43.019769], [145.628351, -43.019542], [145.627626, -43.019542]]], [[[147.941034, -43.010247], [147.941335, -43.009755], [147.940705, -43.009511], [147.94042, -43.0098], [147.941034, -43.010247]]], [[[146.907988, -41.206789], [146.908254, -41.206233], [146.907446, -41.206362], [146.907214, -41.206667], [146.907988, -41.206789]]], [[[147.710348, -43.191845], [147.710633, -43.191831], [147.710183, -43.191102], [147.70956, -43.191097], [147.710348, -43.191845]]], [[[145.166099, -42.196339], [145.166502, -42.196462], [145.166184, -42.195428], [145.165852, -42.19565], [145.166099, -42.196339]]], [[[147.837627, -43.003491], [147.837041, -43.003431], [147.836913, -43.003764], [147.837466, -43.004193], [147.837627, -43.003491]]], [[[148.322924, -40.914945], [148.323945, -40.914879], [148.323776, -40.914526], [148.323056, -40.914564], [148.322924, -40.914945]]], [[[147.96554, -43.217859], [147.966, -43.217845], [147.965943, -43.217187], [147.965257, -43.217503], [147.96554, -43.217859]]], [[[147.531085, -42.815449], [147.531726, -42.815581], [147.53098, -42.81416], [147.531184, -42.814896], [147.531085, -42.815449]]], [[[147.966695, -43.085217], [147.967124, -43.084623], [147.966592, -43.084549], [147.966277, -43.085177], [147.966695, -43.085217]]], [[[145.459092, -42.385008], [145.459763, -42.38507], [145.459452, -42.384333], [145.459122, -42.384552], [145.459092, -42.385008]]], [[[145.182569, -42.219467], [145.182732, -42.218819], [145.182015, -42.218929], [145.182305, -42.219512], [145.182569, -42.219467]]], [[[147.857169, -42.939783], [147.857264, -42.939342], [147.856433, -42.939526], [147.856446, -42.939883], [147.857169, -42.939783]]], [[[146.592242, -41.166211], [146.592604, -41.16552], [146.591928, -41.165769], [146.59178, -41.166287], [146.592242, -41.166211]]], [[[148.244775, -41.991129], [148.243965, -41.989983], [148.244015, -41.990462], [148.244604, -41.991114], [148.244788, -41.992073], [148.244775, -41.991129]]], [[[146.771717, -41.153446], [146.771962, -41.152828], [146.771347, -41.152915], [146.771241, -41.153397], [146.771717, -41.153446]]], [[[148.30926, -42.271001], [148.309477, -42.270795], [148.308909, -42.270447], [148.30828, -42.270551], [148.30926, -42.271001]]], [[[148.292421, -41.16925], [148.292986, -41.16951], [148.293639, -41.168913], [148.293344, -41.16882], [148.292866, -41.169197], [148.292421, -41.16925]]], [[[145.180534, -42.209585], [145.181009, -42.209082], [145.18048, -42.208915], [145.180186, -42.209398], [145.180534, -42.209585]]], [[[147.911677, -42.511234], [147.910954, -42.511346], [147.911768, -42.511689], [147.912212, -42.511514], [147.911677, -42.511234]]], [[[147.18637, -42.734616], [147.186654, -42.73385], [147.186085, -42.733674], [147.18617, -42.734166], [147.18637, -42.734616]]], [[[145.912399, -43.196145], [145.912164, -43.196214], [145.912595, -43.19698], [145.912897, -43.196555], [145.912399, -43.196145]]], [[[147.941368, -43.009513], [147.941491, -43.009351], [147.94063, -43.0091], [147.940393, -43.009462], [147.941368, -43.009513]]], [[[146.596616, -41.247552], [146.596887, -41.246999], [146.596235, -41.246934], [146.596151, -41.247185], [146.596616, -41.247552]]], [[[145.68828, -43.112644], [145.689019, -43.112554], [145.68801, -43.111462], [145.688442, -43.111935], [145.68828, -43.112644]]], [[[147.793783, -43.239111], [147.794268, -43.239144], [147.793938, -43.238533], [147.793537, -43.238639], [147.793783, -43.239111]]], [[[147.77952, -43.225644], [147.779514, -43.225849], [147.780671, -43.225094], [147.779948, -43.225212], [147.77952, -43.225644]]], [[[147.657175, -42.941874], [147.656607, -42.941865], [147.657054, -42.942307], [147.657554, -42.942433], [147.657175, -42.941874]]], [[[147.975802, -42.856687], [147.976695, -42.856482], [147.976482, -42.856254], [147.975644, -42.856448], [147.975802, -42.856687]]], [[[144.945071, -41.719013], [144.945379, -41.718645], [144.944856, -41.718455], [144.944569, -41.718759], [144.945071, -41.719013]]], [[[145.1786, -42.307539], [145.178549, -42.306683], [145.178249, -42.306899], [145.178285, -42.307558], [145.1786, -42.307539]]], [[[148.315622, -42.363017], [148.315573, -42.362628], [148.314961, -42.362688], [148.315164, -42.363141], [148.315622, -42.363017]]], [[[147.727177, -43.111137], [147.727512, -43.111022], [147.726722, -43.110696], [147.726462, -43.111025], [147.727177, -43.111137]]], [[[147.780047, -43.236468], [147.779778, -43.237258], [147.780372, -43.236882], [147.780302, -43.236517], [147.780047, -43.236468]]], [[[145.073885, -41.85676], [145.074621, -41.856771], [145.074152, -41.856366], [145.073667, -41.856542], [145.073885, -41.85676]]], [[[147.983889, -43.225019], [147.984446, -43.224635], [147.98382, -43.224528], [147.983597, -43.224867], [147.983889, -43.225019]]], [[[145.290328, -42.184903], [145.290932, -42.184741], [145.290575, -42.184341], [145.290237, -42.184598], [145.290328, -42.184903]]], [[[147.911025, -42.512533], [147.911654, -42.512341], [147.910858, -42.512036], [147.910791, -42.512279], [147.911025, -42.512533]]], [[[148.003943, -42.960645], [148.003546, -42.959756], [148.003361, -42.959866], [148.003459, -42.960342], [148.003943, -42.960645]]], [[[148.338489, -41.260533], [148.338803, -41.25988], [148.338483, -41.259929], [148.338134, -41.260442], [148.338489, -41.260533]]], [[[147.727374, -43.112208], [147.727593, -43.111803], [147.727054, -43.111833], [147.726884, -43.112242], [147.727374, -43.112208]]], [[[145.608874, -43.009112], [145.607441, -43.009014], [145.607634, -43.009142], [145.608465, -43.009314], [145.608874, -43.009112]]], [[[147.626179, -43.076056], [147.626285, -43.075867], [147.625882, -43.07553], [147.625576, -43.075958], [147.626179, -43.076056]]], [[[146.792937, -41.109363], [146.793209, -41.1089], [146.792914, -41.10866], [146.792645, -41.108943], [146.792937, -41.109363]]], [[[148.309809, -41.888813], [148.310092, -41.888557], [148.309623, -41.888196], [148.309441, -41.888533], [148.309809, -41.888813]]], [[[145.187292, -42.211175], [145.187589, -42.211251], [145.187612, -42.210379], [145.187293, -42.210753], [145.187292, -42.211175]]], [[[145.16535, -42.196084], [145.16511, -42.195733], [145.164827, -42.195906], [145.16499, -42.196438], [145.16535, -42.196084]]], [[[148.24406, -41.990664], [148.243333, -41.990052], [148.243348, -41.99039], [148.243552, -41.990682], [148.24406, -41.990664]]], [[[147.948261, -43.216164], [147.948583, -43.21629], [147.948508, -43.215531], [147.948179, -43.215766], [147.948261, -43.216164]]], [[[145.807945, -43.304572], [145.808359, -43.304764], [145.808364, -43.304149], [145.807891, -43.304338], [145.807945, -43.304572]]], [[[147.835849, -43.005603], [147.836126, -43.005235], [147.835642, -43.005166], [147.835444, -43.00559], [147.835849, -43.005603]]], [[[148.233568, -40.877069], [148.234036, -40.877406], [148.234107, -40.877199], [148.233703, -40.876661], [148.233568, -40.877069]]], [[[147.189452, -42.732184], [147.189348, -42.732391], [147.189852, -42.732361], [147.190099, -42.731828], [147.189452, -42.732184]]], [[[147.197176, -42.730793], [147.198089, -42.730885], [147.197171, -42.730463], [147.197015, -42.730539], [147.197176, -42.730793]]], [[[146.566531, -41.170794], [146.566484, -41.170528], [146.565838, -41.170362], [146.565724, -41.170562], [146.566531, -41.170794]]], [[[148.328027, -41.248527], [148.328446, -41.248675], [148.328544, -41.248218], [148.328349, -41.248061], [148.328027, -41.248527]]], [[[147.186998, -42.733188], [147.186873, -42.73274], [147.186546, -42.732868], [147.186531, -42.733262], [147.186998, -42.733188]]], [[[148.340054, -42.346904], [148.340377, -42.346555], [148.339734, -42.346524], [148.339629, -42.346744], [148.340054, -42.346904]]], [[[147.704946, -43.180092], [147.704991, -43.17932], [147.704742, -43.17937], [147.704698, -43.179958], [147.704946, -43.180092]]], [[[148.038487, -43.120039], [148.038837, -43.119854], [148.038624, -43.119621], [148.038066, -43.119717], [148.038487, -43.120039]]], [[[145.106608, -41.878401], [145.107098, -41.878427], [145.107116, -41.877924], [145.10671, -41.878135], [145.106608, -41.878401]]], [[[145.034, -41.815296], [145.034172, -41.815196], [145.033569, -41.814793], [145.033318, -41.814971], [145.034, -41.815296]]], [[[148.323348, -40.915819], [148.324186, -40.915426], [148.323723, -40.915265], [148.323502, -40.915554], [148.323348, -40.915819]]], [[[148.005743, -42.959684], [148.005854, -42.959297], [148.005309, -42.959244], [148.005232, -42.959414], [148.005743, -42.959684]]], [[[144.933651, -41.725342], [144.935044, -41.725553], [144.933677, -41.725035], [144.934018, -41.725235], [144.933651, -41.725342]]], [[[147.988325, -42.973087], [147.988136, -42.972459], [147.987768, -42.972723], [147.987988, -42.972929], [147.988325, -42.973087]]], [[[145.188401, -42.23833], [145.188714, -42.238239], [145.188631, -42.237897], [145.188156, -42.237928], [145.188401, -42.23833]]], [[[148.320478, -40.912947], [148.321005, -40.912867], [148.320444, -40.912544], [148.320239, -40.912678], [148.320478, -40.912947]]], [[[148.332717, -42.229715], [148.332982, -42.22942], [148.332828, -42.229156], [148.332462, -42.229342], [148.332717, -42.229715]]], [[[144.936299, -41.725942], [144.936735, -41.725801], [144.936546, -41.725477], [144.93622, -41.725559], [144.936299, -41.725942]]], [[[147.188035, -42.732837], [147.188299, -42.732372], [147.187975, -42.732362], [147.187713, -42.732714], [147.188035, -42.732837]]], [[[148.286293, -42.336375], [148.286664, -42.336379], [148.286425, -42.336034], [148.285897, -42.336125], [148.286293, -42.336375]]], [[[148.203476, -40.840367], [148.203748, -40.840109], [148.203556, -40.839859], [148.203176, -40.840079], [148.203476, -40.840367]]], [[[145.196923, -42.250002], [145.196825, -42.249972], [145.196738, -42.250549], [145.197165, -42.250529], [145.196923, -42.250002]]], [[[147.859686, -43.212967], [147.859844, -43.212068], [147.859511, -43.212463], [147.859504, -43.21273], [147.859686, -43.212967]]], [[[145.19189, -42.230712], [145.192232, -42.230585], [145.192049, -42.230269], [145.191642, -42.230423], [145.19189, -42.230712]]], [[[148.33561, -42.22968], [148.335692, -42.229329], [148.33508, -42.229529], [148.335353, -42.229764], [148.33561, -42.22968]]], [[[148.31614, -41.87694], [148.316191, -41.87658], [148.315587, -41.876692], [148.315574, -41.876804], [148.31614, -41.87694]]], [[[147.18617, -42.734646], [147.185985, -42.734169], [147.185702, -42.734232], [147.185815, -42.73461], [147.18617, -42.734646]]], [[[145.667416, -43.082381], [145.667665, -43.082222], [145.667207, -43.081848], [145.66708, -43.082026], [145.667416, -43.082381]]], [[[145.197249, -42.250365], [145.197519, -42.25038], [145.197185, -42.249805], [145.196975, -42.249843], [145.197249, -42.250365]]], [[[148.262765, -40.892485], [148.263545, -40.892526], [148.263545, -40.892446], [148.263159, -40.892201], [148.262765, -40.892485]]], [[[147.781887, -43.22535], [147.782239, -43.225189], [147.781809, -43.224958], [147.781591, -43.225347], [147.781887, -43.22535]]], [[[148.236067, -40.875463], [148.236132, -40.875182], [148.23571, -40.875007], [148.235734, -40.875404], [148.236067, -40.875463]]], [[[147.938476, -42.649062], [147.93923, -42.649225], [147.938503, -42.648775], [147.93835, -42.648925], [147.938476, -42.649062]]], [[[148.178583, -40.819592], [148.179114, -40.819272], [148.178776, -40.819144], [148.178546, -40.819241], [148.178583, -40.819592]]], [[[145.096303, -41.872767], [145.095794, -41.872444], [145.095675, -41.872629], [145.096016, -41.872907], [145.096303, -41.872767]]], [[[145.295041, -42.18258], [145.295356, -42.182465], [145.295185, -42.182056], [145.294888, -42.182378], [145.295041, -42.18258]]], [[[144.916103, -41.709981], [144.916461, -41.709974], [144.916319, -41.709653], [144.915819, -41.709766], [144.916103, -41.709981]]], [[[148.00194, -42.960222], [148.002294, -42.959892], [148.001839, -42.959753], [148.001774, -42.959999], [148.00194, -42.960222]]], [[[145.06848, -41.84236], [145.068624, -41.841987], [145.068226, -41.841876], [145.068174, -41.842132], [145.06848, -41.84236]]], [[[148.313834, -42.364276], [148.313934, -42.36425], [148.313787, -42.36381], [148.313385, -42.364005], [148.313834, -42.364276]]], [[[145.806442, -43.304816], [145.806264, -43.304854], [145.806415, -43.305224], [145.806822, -43.305469], [145.806442, -43.304816]]], [[[145.222385, -42.223703], [145.222297, -42.223141], [145.222161, -42.223186], [145.222026, -42.223552], [145.222385, -42.223703]]], [[[148.339808, -42.133735], [148.339586, -42.133797], [148.340062, -42.134155], [148.340282, -42.13405], [148.339808, -42.133735]]], [[[148.186959, -42.03526], [148.186642, -42.035462], [148.186782, -42.035539], [148.18745, -42.035452], [148.186959, -42.03526]]], [[[148.220672, -42.024632], [148.221, -42.024362], [148.220638, -42.024255], [148.220446, -42.024639], [148.220672, -42.024632]]], [[[145.288923, -42.214881], [145.289142, -42.214761], [145.288617, -42.214616], [145.288333, -42.214769], [145.288923, -42.214881]]], [[[148.267603, -42.17691], [148.267729, -42.176631], [148.267345, -42.176577], [148.267235, -42.17683], [148.267603, -42.17691]]], [[[145.067985, -41.844497], [145.068464, -41.844533], [145.068333, -41.844248], [145.067902, -41.844331], [145.067985, -41.844497]]], [[[148.004241, -43.145499], [148.004403, -43.145218], [148.004185, -43.145113], [148.003878, -43.145321], [148.004241, -43.145499]]], [[[147.823309, -42.977709], [147.823448, -42.977545], [147.823016, -42.977345], [147.822886, -42.977542], [147.823309, -42.977709]]], [[[147.188254, -42.73618], [147.188401, -42.735904], [147.188061, -42.735771], [147.188001, -42.736109], [147.188254, -42.73618]]], [[[145.188196, -42.224043], [145.188196, -42.223535], [145.187951, -42.223624], [145.187892, -42.223842], [145.188196, -42.224043]]], [[[148.231755, -40.877608], [148.231876, -40.877955], [148.232124, -40.8779], [148.231956, -40.877473], [148.231755, -40.877608]]], [[[147.981372, -43.112137], [147.980067, -43.111685], [147.980245, -43.111937], [147.980854, -43.111998], [147.981372, -43.112137]]], [[[144.914562, -41.707708], [144.914813, -41.70744], [144.914557, -41.707379], [144.914224, -41.707657], [144.914562, -41.707708]]], [[[148.006206, -43.139176], [148.005858, -43.1391], [148.005811, -43.139217], [148.006089, -43.139566], [148.006206, -43.139176]]], [[[146.592541, -41.159121], [146.592762, -41.159016], [146.592643, -41.158757], [146.592286, -41.158847], [146.592541, -41.159121]]], [[[147.191787, -42.731712], [147.191709, -42.731858], [147.192095, -42.732016], [147.192115, -42.731667], [147.191787, -42.731712]]], [[[146.565702, -41.244701], [146.565738, -41.24402], [146.56565, -41.244068], [146.565483, -41.244392], [146.565702, -41.244701]]], [[[147.185783, -42.733777], [147.185962, -42.733468], [147.185712, -42.73342], [147.185514, -42.73375], [147.185783, -42.733777]]], [[[147.19073, -42.732281], [147.190982, -42.732154], [147.190695, -42.731962], [147.190423, -42.7322], [147.19073, -42.732281]]], [[[148.009215, -43.135385], [148.009308, -43.135182], [148.008956, -43.135014], [148.008841, -43.1352], [148.009215, -43.135385]]], [[[145.189073, -42.243718], [145.188843, -42.242708], [145.18874, -42.242888], [145.188914, -42.243414], [145.189073, -42.243718]]], [[[146.388949, -41.225019], [146.389458, -41.224962], [146.389231, -41.224804], [146.388687, -41.224929], [146.388949, -41.225019]]], [[[145.19181, -42.244919], [145.192241, -42.245059], [145.191834, -42.244709], [145.191423, -42.245007], [145.19181, -42.244919]]], [[[148.325127, -42.084875], [148.324916, -42.084407], [148.324838, -42.084497], [148.324849, -42.08491], [148.325127, -42.084875]]], [[[147.458249, -42.767798], [147.457795, -42.767701], [147.45783, -42.767853], [147.458081, -42.76807], [147.458249, -42.767798]]], [[[147.909379, -42.510059], [147.909575, -42.509835], [147.909127, -42.509745], [147.909052, -42.509854], [147.909379, -42.510059]]], [[[147.452588, -42.780845], [147.452712, -42.780687], [147.452528, -42.78063], [147.452009, -42.780802], [147.452588, -42.780845]]], [[[147.189872, -42.737504], [147.190106, -42.737426], [147.189929, -42.737271], [147.189449, -42.737372], [147.189872, -42.737504]]], [[[147.188319, -42.735461], [147.18815, -42.735478], [147.188794, -42.73584], [147.188674, -42.73557], [147.188319, -42.735461]]], [[[148.00995, -42.456949], [148.010142, -42.456869], [148.009956, -42.456569], [148.009739, -42.456877], [148.00995, -42.456949]]], [[[147.909525, -42.510817], [147.909113, -42.510444], [147.90921, -42.510836], [147.909289, -42.510911], [147.909525, -42.510817]]], [[[147.191441, -42.732042], [147.191552, -42.731892], [147.191171, -42.731784], [147.191102, -42.732014], [147.191441, -42.732042]]], [[[148.211361, -42.011011], [148.211515, -42.011081], [148.211621, -42.010708], [148.211381, -42.010664], [148.211361, -42.011011]]], [[[148.350974, -42.208223], [148.351157, -42.208171], [148.350886, -42.207817], [148.350749, -42.20796], [148.350974, -42.208223]]], [[[147.185213, -42.73386], [147.18539, -42.733679], [147.185214, -42.733593], [147.184846, -42.733749], [147.185213, -42.73386]]], [[[147.942199, -43.009272], [147.941568, -43.009322], [147.941651, -43.009409], [147.942069, -43.009456], [147.942199, -43.009272]]], [[[147.601466, -42.864774], [147.601285, -42.86505], [147.601602, -42.86507], [147.601679, -42.864866], [147.601466, -42.864774]]], [[[148.329126, -42.232003], [148.328757, -42.231975], [148.329034, -42.23233], [148.329133, -42.232141], [148.329126, -42.232003]]], [[[147.909823, -42.515321], [147.909952, -42.514956], [147.909733, -42.514885], [147.909667, -42.515073], [147.909823, -42.515321]]], [[[148.295358, -41.868628], [148.296149, -41.868432], [148.295827, -41.868326], [148.295714, -41.868427], [148.295358, -41.868628]]], [[[147.695627, -43.155375], [147.695754, -43.15511], [147.695442, -43.155029], [147.695419, -43.155205], [147.695627, -43.155375]]], [[[146.547102, -41.133151], [146.547088, -41.133025], [146.546854, -41.133065], [146.546698, -41.133415], [146.547102, -41.133151]]], [[[144.911665, -41.709157], [144.911415, -41.709359], [144.911561, -41.709435], [144.911886, -41.709327], [144.911665, -41.709157]]], [[[146.8229, -41.139527], [146.823074, -41.139544], [146.822983, -41.139257], [146.822649, -41.139394], [146.8229, -41.139527]]], [[[147.189221, -42.731867], [147.189311, -42.731679], [147.189022, -42.731629], [147.188915, -42.731839], [147.189221, -42.731867]]], [[[145.608425, -43.011133], [145.608599, -43.010991], [145.608114, -43.010786], [145.608171, -43.010913], [145.608425, -43.011133]]], [[[148.313161, -41.875393], [148.312679, -41.875217], [148.312709, -41.875344], [148.312849, -41.875504], [148.313161, -41.875393]]], [[[148.210065, -42.013245], [148.21031, -42.013021], [148.209924, -42.013023], [148.209868, -42.013184], [148.210065, -42.013245]]], [[[147.535401, -42.805742], [147.535548, -42.805768], [147.535392, -42.80541], [147.535184, -42.805462], [147.535401, -42.805742]]], [[[147.197585, -42.731155], [147.197604, -42.731056], [147.197089, -42.731012], [147.19702, -42.731115], [147.197585, -42.731155]]], [[[148.320158, -42.134722], [148.320267, -42.134701], [148.320157, -42.134333], [148.31998, -42.134545], [148.320158, -42.134722]]], [[[147.945901, -42.34631], [147.946268, -42.346188], [147.945867, -42.346151], [147.945596, -42.346291], [147.945901, -42.34631]]], [[[147.960642, -43.075715], [147.960373, -43.075407], [147.960298, -43.075642], [147.96043, -43.075738], [147.960642, -43.075715]]], [[[147.871271, -43.161858], [147.871242, -43.16161], [147.871016, -43.161634], [147.870997, -43.161823], [147.871271, -43.161858]]], [[[147.738736, -43.105505], [147.738859, -43.105527], [147.738933, -43.105329], [147.738678, -43.105157], [147.738736, -43.105505]]], [[[148.006452, -43.14002], [148.006578, -43.140007], [148.006411, -43.139676], [148.006261, -43.139878], [148.006452, -43.14002]]], [[[146.596912, -41.246176], [146.597175, -41.246068], [146.597094, -41.245911], [146.596845, -41.245983], [146.596912, -41.246176]]], [[[147.457293, -42.777671], [147.457268, -42.777774], [147.457881, -42.777774], [147.457606, -42.777662], [147.457293, -42.777671]]], [[[148.038918, -43.120548], [148.038913, -43.120312], [148.038798, -43.120301], [148.03861, -43.120517], [148.038918, -43.120548]]], [[[145.033827, -41.814384], [145.03368, -41.814249], [145.033523, -41.814357], [145.033685, -41.814554], [145.033827, -41.814384]]], [[[148.318294, -42.170198], [148.318728, -42.170434], [148.318732, -42.17036], [148.318587, -42.170173], [148.318294, -42.170198]]], [[[147.69635, -43.155106], [147.696589, -43.155062], [147.696346, -43.154905], [147.696142, -43.155076], [147.69635, -43.155106]]], [[[148.056785, -43.122853], [148.056962, -43.122693], [148.056707, -43.122675], [148.056539, -43.122825], [148.056785, -43.122853]]], [[[148.282545, -41.857813], [148.282709, -41.857716], [148.282537, -41.85753], [148.282407, -41.857703], [148.282545, -41.857813]]], [[[147.988076, -42.321786], [147.987958, -42.321533], [147.987845, -42.321607], [147.987814, -42.321782], [147.988076, -42.321786]]], [[[148.026376, -42.254732], [148.026614, -42.254533], [148.026375, -42.254518], [148.026227, -42.254716], [148.026376, -42.254732]]], [[[147.547558, -42.793231], [147.547726, -42.793103], [147.547595, -42.792996], [147.547373, -42.793118], [147.547558, -42.793231]]], [[[147.186842, -42.732612], [147.186946, -42.732469], [147.186756, -42.73231], [147.186683, -42.732502], [147.186842, -42.732612]]], [[[147.192322, -42.734103], [147.192766, -42.734097], [147.192726, -42.733991], [147.192476, -42.733976], [147.192322, -42.734103]]], [[[147.187099, -42.732167], [147.187147, -42.732358], [147.187359, -42.732258], [147.187323, -42.732114], [147.187099, -42.732167]]], [[[146.584771, -41.201988], [146.584882, -41.201839], [146.584567, -41.201868], [146.584486, -41.201994], [146.584771, -41.201988]]], [[[145.223066, -42.224655], [145.223085, -42.224472], [145.222919, -42.224385], [145.222878, -42.224627], [145.223066, -42.224655]]], [[[147.959376, -42.991349], [147.959414, -42.991255], [147.959016, -42.99126], [147.958979, -42.991366], [147.959376, -42.991349]]], [[[147.909935, -42.509686], [147.909692, -42.509571], [147.909666, -42.509686], [147.909912, -42.509863], [147.909935, -42.509686]]], [[[147.953793, -43.001373], [147.953882, -43.001121], [147.95373, -43.00111], [147.953636, -43.001323], [147.953793, -43.001373]]], [[[147.185344, -42.735613], [147.185389, -42.735438], [147.185256, -42.735353], [147.185124, -42.73553], [147.185344, -42.735613]]], [[[147.459008, -42.76929], [147.458958, -42.769503], [147.459134, -42.769574], [147.459172, -42.769387], [147.459008, -42.76929]]], [[[147.941748, -43.0092], [147.941777, -43.009138], [147.941456, -43.00906], [147.941325, -43.00917], [147.941748, -43.0092]]], [[[147.187766, -42.732363], [147.187867, -42.732118], [147.187689, -42.732159], [147.1876, -42.732339], [147.187766, -42.732363]]], [[[147.981515, -43.112407], [147.981777, -43.112365], [147.981695, -43.112258], [147.981362, -43.112314], [147.981515, -43.112407]]], [[[148.335921, -42.231755], [148.336118, -42.231816], [148.336045, -42.231567], [148.335869, -42.231626], [148.335921, -42.231755]]], [[[148.026671, -42.254321], [148.026731, -42.254184], [148.026419, -42.254267], [148.026443, -42.254387], [148.026671, -42.254321]]], [[[147.186101, -42.732933], [147.186348, -42.733104], [147.186393, -42.732986], [147.186302, -42.732886], [147.186101, -42.732933]]], [[[147.985881, -42.323756], [147.985585, -42.32368], [147.985655, -42.323801], [147.985898, -42.32387], [147.985881, -42.323756]]], [[[148.246272, -40.834644], [148.24592, -40.834686], [148.246328, -40.834797], [148.246272, -40.834644]]], [[[145.200597, -42.199713], [145.200717, -42.199714], [145.200678, -42.199502], [145.200503, -42.199584], [145.200597, -42.199713]]], [[[147.18863, -42.735414], [147.188727, -42.735253], [147.188568, -42.735245], [147.188478, -42.735305], [147.18863, -42.735414]]], [[[147.719506, -42.988325], [147.719124, -42.988298], [147.719148, -42.988346], [147.719342, -42.988405], [147.719506, -42.988325]]], [[[147.96042, -42.987108], [147.96025, -42.987067], [147.960218, -42.987178], [147.960353, -42.987237], [147.96042, -42.987108]]], [[[147.871273, -43.159513], [147.871251, -43.159326], [147.871131, -43.15937], [147.871126, -43.159471], [147.871273, -43.159513]]], [[[145.19454, -42.195867], [145.194478, -42.196061], [145.194635, -42.196051], [145.194628, -42.19596], [145.19454, -42.195867]]], [[[146.416774, -41.154657], [146.416963, -41.154663], [146.416885, -41.154546], [146.416718, -41.15461], [146.416774, -41.154657]]], [[[148.179138, -40.820069], [148.179169, -40.819939], [148.179097, -40.819949], [148.17896, -40.820101], [148.179138, -40.820069]]], [[[146.388869, -41.226478], [146.38879, -41.226476], [146.389042, -41.226688], [146.388983, -41.226543], [146.388869, -41.226478]]], [[[148.280287, -41.85687], [148.280558, -41.856704], [148.280463, -41.856647], [148.280329, -41.85683], [148.280287, -41.85687]]], [[[145.618869, -43.014907], [145.618758, -43.014897], [145.61883, -43.014988], [145.618989, -43.015026], [145.618869, -43.014907]]], [[[148.313267, -41.874139], [148.313244, -41.87394], [148.313185, -41.874011], [148.313184, -41.874132], [148.313267, -41.874139]]], [[[147.894448, -43.189592], [147.894597, -43.189637], [147.894628, -43.189571], [147.894541, -43.189528], [147.894448, -43.189592]]], [[[148.005149, -43.245454], [148.005148, -43.245347], [148.005053, -43.245335], [148.005041, -43.245419], [148.005149, -43.245454]]], [[[148.327497, -40.933935], [148.327647, -40.933888], [148.327616, -40.933828], [148.32754, -40.93382], [148.327497, -40.933935]]]]}}]}