{"type": "FeatureCollection", "features": [{"type": "Feature", "properties": {"index": "ASTN", "division": "Aston", "state": "Victoria", "year": "1994", "proclaimed": "19941220", "quota": "0", "electors": "0", "deviation": ""}, "geometry": {"type": "Polygon", "coordinates": [[[145.194945, -37.86494], [145.192607, -37.871798], [145.192919, -37.873564], [145.191309, -37.876629], [145.191932, -37.881409], [145.193906, -37.883643], [145.19479, -37.886864], [145.195465, -37.888943], [145.197803, -37.890605], [145.198894, -37.894762], [145.20144, -37.896008], [145.203778, -37.89632], [145.207155, -37.898294], [145.205492, -37.901775], [145.20305, -37.902399], [145.204765, -37.90536], [145.204505, -37.906867], [145.205284, -37.908633], [145.205336, -37.91066], [145.204609, -37.91279], [145.204141, -37.915647], [145.203986, -37.918453], [145.205181, -37.920739], [145.206791, -37.923441], [145.206635, -37.926246], [145.207882, -37.927389], [145.208454, -37.930351], [145.21074, -37.932273], [145.211831, -37.934039], [145.214896, -37.935702], [145.216299, -37.936793], [145.218377, -37.936793], [145.219832, -37.938196], [145.22004, -37.939495], [145.219364, -37.940897], [145.221131, -37.941261], [145.220923, -37.94282], [145.222326, -37.943547], [145.223728, -37.945573], [145.226066, -37.946612], [145.227313, -37.948535], [145.227313, -37.950197], [145.227781, -37.951756], [145.229427, -37.952148], [145.233717, -37.941891], [145.243925, -37.94342], [145.245157, -37.948597], [145.257978, -37.958263], [145.270504, -37.958756], [145.277407, -37.960038], [145.284607, -37.961714], [145.290524, -37.962898], [145.292957, -37.963593], [145.29953, -37.931338], [145.281035, -37.922765], [145.277138, -37.917414], [145.296309, -37.903542], [145.294491, -37.899801], [145.294595, -37.8971], [145.287269, -37.88941], [145.28145, -37.883903], [145.257499, -37.876006], [145.263058, -37.865615], [145.265396, -37.863693], [145.266747, -37.860316], [145.271423, -37.837403], [145.271137, -37.836227], [145.270955, -37.835481], [145.269189, -37.832312], [145.266955, -37.832624], [145.264253, -37.831429], [145.261915, -37.827896], [145.251732, -37.825194], [145.248095, -37.825454], [145.241861, -37.832156], [145.213234, -37.832156], [145.191153, -37.836676], [145.172501, -37.834702], [145.169072, -37.85564], [145.169072, -37.86203], [145.194945, -37.86494]]]}}, {"type": "Feature", "properties": {"index": "BLRT", "division": "Ballarat", "state": "Victoria", "year": "1994", "proclaimed": "19941220", "quota": "0", "electors": "0", "deviation": ""}, "geometry": {"type": "Polygon", "coordinates": [[[143.721319, -37.786232], [143.7395, -37.794023], [143.791172, -37.798124], [143.84011, -37.806326], [143.8993, -37.811247], [143.907912, -37.804959], [143.915704, -37.80865], [143.923769, -37.813298], [143.934431, -37.813708], [143.935798, -37.821363], [143.954116, -37.819723], [143.957123, -37.82396], [143.978585, -37.825737], [143.988564, -37.821363], [144.019868, -37.820543], [144.053769, -37.827104], [144.062517, -37.797031], [144.121521, -37.798073], [144.126068, -37.797993], [144.224427, -37.807683], [144.243397, -37.807817], [144.24648, -37.805068], [144.25801, -37.805605], [144.267812, -37.817547], [144.286833, -37.819145], [144.287972, -37.814117], [144.298563, -37.815994], [144.302286, -37.810837], [144.30748, -37.775296], [144.316639, -37.774476], [144.320877, -37.765043], [144.319783, -37.757115], [144.322654, -37.753151], [144.326071, -37.745496], [144.323064, -37.738387], [144.327985, -37.729092], [144.322244, -37.726495], [144.330172, -37.693824], [144.334683, -37.668808], [144.337097, -37.645958], [144.343842, -37.646116], [144.349857, -37.650354], [144.359562, -37.65008], [144.355461, -37.641058], [144.347806, -37.638188], [144.337007, -37.634497], [144.340835, -37.626158], [144.338784, -37.615359], [144.361476, -37.607294], [144.353411, -37.600596], [144.353274, -37.595811], [144.344662, -37.581595], [144.35013, -37.562867], [144.348353, -37.556852], [144.351907, -37.553572], [144.346713, -37.542089], [144.36626, -37.438199], [144.36298, -37.433961], [144.35177, -37.42945], [144.337554, -37.43068], [144.334136, -37.426306], [144.343705, -37.416737], [144.3191, -37.401153], [144.314862, -37.410449], [144.308984, -37.413046], [144.301465, -37.425896], [144.292033, -37.432731], [144.273306, -37.43027], [144.264967, -37.433961], [144.262233, -37.426032], [144.256629, -37.423709], [144.255808, -37.416464], [144.268111, -37.38475], [144.2785, -37.376411], [144.293869, -37.381298], [144.311308, -37.371217], [144.300099, -37.369986], [144.293127, -37.365612], [144.285309, -37.354359], [144.288753, -37.348935], [144.299962, -37.338956], [144.291487, -37.338819], [144.278227, -37.337315], [144.282191, -37.324466], [144.292892, -37.320278], [144.296544, -37.309566], [144.307495, -37.307278], [144.30625, -37.298083], [144.309941, -37.284687], [144.317869, -37.280723], [144.323611, -37.254613], [144.336044, -37.249187], [144.344525, -37.222626], [144.353137, -37.209776], [144.36503, -37.203625], [144.376239, -37.199524], [144.374326, -37.191185], [144.369678, -37.191595], [144.359836, -37.190912], [144.361476, -37.179566], [144.367627, -37.17362], [144.331539, -37.170339], [144.31951, -37.166101], [144.29422, -37.164734], [144.282738, -37.206154], [144.229016, -37.197132], [144.186092, -37.193578], [144.188416, -37.165418], [144.121981, -37.158309], [144.121844, -37.151611], [144.102433, -37.148877], [144.075504, -37.147647], [144.067439, -37.183325], [144.061834, -37.205334], [144.067849, -37.21955], [144.062107, -37.228299], [144.061561, -37.244156], [144.051102, -37.245338], [144.041876, -37.252768], [144.036392, -37.265171], [144.029847, -37.259193], [144.010254, -37.258469], [144.000867, -37.249897], [143.993895, -37.23322], [143.985146, -37.227205], [143.966415, -37.224869], [143.956604, -37.216049], [143.9478, -37.19709], [143.958328, -37.18148], [143.959174, -37.158583], [143.92705, -37.153525], [143.876882, -37.144366], [143.848995, -37.142453], [143.830268, -37.134797], [143.807849, -37.132474], [143.787618, -37.134387], [143.775315, -37.131927], [143.733759, -37.125365], [143.717765, -37.111422], [143.703822, -37.111422], [143.682224, -37.11484], [143.652423, -37.109098], [143.628365, -37.110328], [143.626588, -37.100623], [143.613054, -37.102537], [143.583391, -37.103083], [143.567871, -37.096546], [143.552224, -37.094061], [143.560016, -37.036648], [143.571498, -37.034324], [143.575326, -37.014913], [143.592003, -37.011222], [143.595284, -36.990581], [143.57888, -36.980739], [143.58011, -36.967069], [143.59173, -36.9575], [143.584485, -36.949708], [143.565484, -36.949435], [143.551814, -36.946838], [143.536914, -36.951485], [143.518005, -36.945263], [143.48989, -36.946838], [143.468838, -36.939319], [143.455168, -36.937064], [143.440952, -36.935697], [143.432203, -36.929135], [143.422087, -36.930092], [143.411972, -36.926538], [143.396115, -36.934467], [143.373696, -36.93351], [143.366104, -36.926407], [143.348954, -36.922984], [143.347724, -36.915466], [143.330363, -36.910954], [143.244107, -36.905213], [143.241099, -36.911365], [143.22907, -36.907264], [143.211709, -36.906443], [143.210206, -36.900839], [143.179448, -36.898378], [143.178492, -36.905213], [143.120682, -36.899929], [143.108092, -36.898652], [143.094832, -36.901112], [143.076378, -36.898242], [143.067083, -36.894141], [143.060248, -36.891817], [143.050406, -36.87842], [143.033728, -36.86311], [143.024433, -36.848894], [143.007619, -36.821144], [143.001331, -36.80392], [142.99585, -36.78204], [142.98407, -36.76899], [142.953873, -36.746971], [142.929975, -36.713973], [142.927505, -36.62326], [142.922379, -36.616249], [142.915909, -36.600109], [142.830078, -36.59724], [142.830566, -36.60693], [142.827451, -36.613773], [142.816925, -36.620745], [142.810637, -36.64207], [142.802002, -36.648029], [142.796158, -36.660622], [142.780853, -36.666962], [142.777878, -36.671452], [142.771542, -36.670913], [142.765664, -36.677474], [142.757645, -36.679462], [142.752991, -36.684391], [142.748303, -36.700576], [142.740511, -36.706728], [142.730532, -36.714109], [142.728561, -36.724483], [142.736496, -36.729263], [142.742783, -36.73336], [142.745956, -36.742493], [142.759239, -36.746644], [142.761289, -36.758126], [142.470245, -36.761986], [142.465897, -36.766155], [142.474634, -36.77576], [142.476547, -36.779998], [142.479965, -36.792027], [142.507813, -36.810146], [142.507168, -36.825382], [142.523435, -36.841785], [142.539398, -36.854874], [142.5464, -36.86229], [142.565979, -36.874226], [142.567452, -36.882111], [142.557473, -36.882385], [142.556516, -36.909724], [142.558156, -36.941301], [142.541479, -36.94882], [142.523435, -36.950323], [142.509384, -36.949547], [142.492951, -36.953604], [142.460964, -36.959892], [142.475044, -36.985592], [142.47231, -36.996527], [142.48967, -37.022227], [142.50293, -37.060912], [142.507851, -37.095633], [142.505254, -37.107526], [142.505117, -37.121879], [142.501563, -37.144571], [142.508261, -37.159335], [142.51742, -37.16699], [142.525212, -37.178199], [142.521658, -37.184761], [142.508945, -37.178062], [142.496779, -37.172594], [142.489944, -37.174645], [142.493088, -37.184897], [142.501426, -37.189955], [142.50293, -37.228367], [142.513182, -37.257621], [142.510449, -37.26924], [142.509765, -37.280723], [142.514549, -37.294666], [142.601626, -37.296579], [142.593834, -37.28496], [142.597115, -37.274845], [142.600806, -37.268966], [142.596295, -37.258304], [142.594244, -37.237936], [142.599166, -37.231785], [142.593698, -37.220575], [142.576884, -37.202121], [142.567315, -37.189545], [142.533414, -37.143614], [142.52986, -37.135002], [142.534917, -37.128988], [142.581121, -37.109577], [142.580438, -37.158651], [142.715632, -37.157148], [142.717546, -37.142384], [142.728619, -37.141427], [142.738051, -37.147579], [142.744065, -37.149766], [142.758009, -37.150996], [142.765527, -37.144435], [142.766074, -37.152363], [142.781657, -37.159471], [142.783845, -37.16986], [142.807357, -37.170954], [142.819386, -37.174098], [142.833603, -37.183394], [142.836063, -37.191869], [142.834696, -37.202668], [142.839478, -37.209652], [142.84198, -37.218784], [142.854244, -37.217705], [142.859438, -37.217158], [142.862856, -37.222079], [142.859438, -37.228367], [142.871878, -37.231238], [142.868597, -37.238483], [142.873245, -37.247642], [142.8809, -37.245591], [142.886505, -37.24231], [142.898261, -37.246138], [142.90783, -37.24067], [142.921636, -37.24067], [142.913708, -37.232468], [142.912887, -37.220029], [142.922593, -37.215244], [142.929838, -37.21251], [142.933802, -37.208546], [142.953213, -37.209366], [142.959365, -37.171774], [142.966751, -37.170433], [142.972488, -37.177926], [142.990942, -37.178883], [142.991079, -37.184761], [143.026347, -37.185991], [143.037966, -37.190775], [143.049449, -37.184897], [143.055737, -37.187221], [143.064212, -37.149492], [143.089249, -37.15731], [143.112198, -37.15815], [143.12529, -37.171501], [143.130646, -37.174419], [143.151627, -37.173851], [143.16275, -37.180038], [143.167114, -37.17857], [143.176132, -37.186218], [143.187514, -37.191322], [143.195169, -37.182027], [143.195032, -37.173825], [143.205558, -37.166306], [143.211572, -37.160428], [143.22438, -37.15453], [143.234401, -37.162205], [143.236801, -37.170959], [143.246841, -37.174098], [143.257776, -37.1823], [143.267482, -37.185034], [143.269653, -37.19569], [143.269259, -37.204035], [143.271103, -37.217758], [143.281693, -37.225849], [143.288807, -37.232468], [143.28569, -37.245667], [143.283752, -37.258957], [143.289139, -37.272797], [143.290584, -37.28455], [143.301246, -37.283867], [143.308491, -37.292068], [143.31683, -37.29822], [143.325442, -37.298767], [143.331867, -37.305465], [143.341982, -37.301227], [143.350184, -37.299724], [143.356199, -37.301364], [143.351825, -37.31271], [143.366861, -37.313667], [143.371948, -37.329376], [143.384644, -37.330246], [143.394611, -37.329387], [143.3983, -37.321209], [143.409374, -37.323372], [143.415799, -37.326926], [143.413749, -37.337589], [143.414842, -37.344287], [143.417191, -37.350998], [143.422224, -37.356453], [143.420994, -37.364382], [143.428239, -37.375591], [143.435074, -37.380102], [143.435684, -37.385628], [143.443329, -37.388187], [143.444946, -37.400238], [143.455673, -37.402225], [143.463917, -37.408535], [143.470068, -37.413456], [143.462823, -37.424392], [143.470889, -37.432321], [143.474169, -37.437652], [143.511898, -37.44476], [143.549763, -37.4572], [143.560289, -37.462668], [143.598701, -37.468546], [143.613054, -37.467179], [143.619343, -37.468546], [143.615378, -37.481805], [143.613601, -37.498892], [143.595694, -37.526779], [143.603896, -37.533477], [143.614558, -37.534571], [143.626314, -37.53047], [143.637113, -37.534981], [143.647502, -37.536621], [143.656935, -37.540175], [143.667324, -37.539082], [143.65297, -37.623971], [143.682907, -37.641879], [143.715851, -37.642699], [143.731435, -37.636821], [143.737723, -37.637641], [143.728017, -37.678924], [143.72583, -37.711868], [143.719679, -37.745496], [143.718859, -37.775843], [143.70806, -37.787462], [143.711548, -37.790466], [143.721319, -37.786232]]]}}, {"type": "Feature", "properties": {"index": "BATM", "division": "Batman", "state": "Victoria", "year": "1994", "proclaimed": "19941220", "quota": "0", "electors": "0", "deviation": ""}, "geometry": {"type": "Polygon", "coordinates": [[[145.003037, -37.79597], [145.00444, -37.796697], [145.004544, -37.797684], [145.006934, -37.79732], [145.008545, -37.79571], [145.010363, -37.795918], [145.009791, -37.797736], [145.006986, -37.799191], [145.009246, -37.79984], [145.012129, -37.79945], [145.013922, -37.800048], [145.015221, -37.802178], [145.017715, -37.803243], [145.020598, -37.803815], [145.021274, -37.80262], [145.019923, -37.800905], [145.018832, -37.799658], [145.020676, -37.799165], [145.02039, -37.798307], [145.01839, -37.797139], [145.01891, -37.795684], [145.017832, -37.795034], [145.01587, -37.794827], [145.01426, -37.793696], [145.014299, -37.792515], [145.017351, -37.793034], [145.019078, -37.793346], [145.019728, -37.792411], [145.018598, -37.790242], [145.01765, -37.789189], [145.015078, -37.787709], [145.014013, -37.786371], [145.015286, -37.786215], [145.018962, -37.786748], [145.021105, -37.787007], [145.022507, -37.786397], [145.023871, -37.786436], [145.025638, -37.787033], [145.028495, -37.787384], [145.02969, -37.788891], [145.031561, -37.79019], [145.036522, -37.79006], [145.040523, -37.789956], [145.041744, -37.788332], [145.041549, -37.787605], [145.041068, -37.786748], [145.04138, -37.786202], [145.042016, -37.78667], [145.0429, -37.786994], [145.043653, -37.786397], [145.044523, -37.785267], [145.045095, -37.784189], [145.044315, -37.784189], [145.043146, -37.784747], [145.041601, -37.78502], [145.040393, -37.784007], [145.039614, -37.783942], [145.038743, -37.783539], [145.037977, -37.783357], [145.037704, -37.782552], [145.036938, -37.782111], [145.036847, -37.781448], [145.037678, -37.78163], [145.038068, -37.781071], [145.038003, -37.780604], [145.038471, -37.779902], [145.038471, -37.779162], [145.037665, -37.779162], [145.036691, -37.779565], [145.03647, -37.77911], [145.035691, -37.778902], [145.034522, -37.778785], [145.03486, -37.778058], [145.034964, -37.777578], [145.034964, -37.776941], [145.03486, -37.776396], [145.035301, -37.77585], [145.035847, -37.775421], [145.035782, -37.774863], [145.035171, -37.774304], [145.034652, -37.773538], [145.034236, -37.772759], [145.03421, -37.772304], [145.035158, -37.772577], [145.036198, -37.772707], [145.036665, -37.771421], [145.036029, -37.770525], [145.035055, -37.770875], [145.034457, -37.771122], [145.033431, -37.771109], [145.032639, -37.770914], [145.032015, -37.770369], [145.031561, -37.768888], [145.031379, -37.768459], [145.031522, -37.767771], [145.031392, -37.767174], [145.031119, -37.76655], [145.031197, -37.766173], [145.030716, -37.765186], [145.030041, -37.764836], [145.028846, -37.764446], [145.028015, -37.7639], [145.027976, -37.762978], [145.028313, -37.761731], [145.029145, -37.760835], [145.030028, -37.760355], [145.029482, -37.759224], [145.029171, -37.758185], [145.029547, -37.757575], [145.030885, -37.757458], [145.031742, -37.757211], [145.03221, -37.756692], [145.031742, -37.756042], [145.031106, -37.755679], [145.030807, -37.754873], [145.03121, -37.753782], [145.031638, -37.753042], [145.031833, -37.752561], [145.0316, -37.751626], [145.031716, -37.750587], [145.032457, -37.749626], [145.033405, -37.748898], [145.033989, -37.748587], [145.03508, -37.748158], [145.035769, -37.747678], [145.03586, -37.746911], [145.035808, -37.745846], [145.035106, -37.74569], [145.033665, -37.745742], [145.033522, -37.745093], [145.034548, -37.744391], [145.035016, -37.743781], [145.034652, -37.742872], [145.034028, -37.742014], [145.033353, -37.74156], [145.032781, -37.740858], [145.032769, -37.740027], [145.032366, -37.739144], [145.032197, -37.737962], [145.032794, -37.737248], [145.033431, -37.736832], [145.033756, -37.736234], [145.033886, -37.735325], [145.034561, -37.735091], [145.035626, -37.735117], [145.037042, -37.734988], [145.037912, -37.734364], [145.038445, -37.733689], [145.039601, -37.732948], [145.04025, -37.732429], [145.03964, -37.731546], [145.038847, -37.730896], [145.03838, -37.730156], [145.039678, -37.730208], [145.040315, -37.730286], [145.040042, -37.729052], [145.039367, -37.728363], [145.038458, -37.728337], [145.038211, -37.727831], [145.038691, -37.727246], [145.038912, -37.727025], [145.038419, -37.726753], [145.037951, -37.72635], [145.03747, -37.725311], [145.036821, -37.724636], [145.036431, -37.723934], [145.035353, -37.723363], [145.034782, -37.723025], [145.034873, -37.721999], [145.034782, -37.720934], [145.042536, -37.717648], [145.045186, -37.713387], [145.057499, -37.702269], [145.058408, -37.700035], [145.044765, -37.698687], [145.043918, -37.699071], [145.042913, -37.699668], [145.041848, -37.699226], [145.04081, -37.69827], [145.02339, -37.696821], [145.022086, -37.696278], [144.975683, -37.691329], [144.973945, -37.691215], [144.972672, -37.691061], [144.971533, -37.691656], [144.970329, -37.692416], [144.971468, -37.692999], [144.972206, -37.692846], [144.97324, -37.69289], [144.973511, -37.69318], [144.974268, -37.694071], [144.975125, -37.694473], [144.975748, -37.694862], [144.976301, -37.694766], [144.977359, -37.694213], [144.978112, -37.694551], [144.978335, -37.695872], [144.97836, -37.69665], [144.978973, -37.697362], [144.980083, -37.697843], [144.97994, -37.6991], [144.97944, -37.69988], [144.979668, -37.700826], [144.980771, -37.701203], [144.981592, -37.70173], [144.982153, -37.702562], [144.982272, -37.703528], [144.981061, -37.70391], [144.980024, -37.703886], [144.978825, -37.704758], [144.979507, -37.705749], [144.98052, -37.70654], [144.980817, -37.707365], [144.979758, -37.707726], [144.979151, -37.70837], [144.977982, -37.708968], [144.977354, -37.710983], [144.97876, -37.71133], [144.979037, -37.712187], [144.978625, -37.712906], [144.977377, -37.713114], [144.977307, -37.713696], [144.978101, -37.714], [144.979792, -37.714203], [144.980554, -37.714683], [144.980502, -37.715826], [144.979956, -37.716216], [144.978606, -37.716709], [144.978401, -37.717381], [144.978424, -37.718109], [144.978707, -37.718921], [144.978061, -37.719295], [144.976787, -37.719177], [144.975432, -37.71935], [144.97462, -37.719689], [144.97315, -37.720398], [144.971661, -37.721362], [144.970685, -37.721821], [144.96971, -37.72194], [144.968576, -37.722851], [144.968651, -37.723742], [144.96817, -37.724801], [144.968799, -37.72606], [144.968105, -37.726806], [144.967098, -37.727516], [144.966318, -37.728269], [144.966221, -37.729082], [144.96694, -37.729737], [144.967388, -37.730016], [144.967724, -37.730709], [144.966994, -37.730867], [144.966936, -37.731907], [144.967603, -37.732347], [144.968708, -37.732815], [144.969695, -37.733101], [144.970942, -37.733932], [144.972117, -37.734497], [144.97292, -37.734478], [144.97367, -37.734088], [144.97439, -37.73365], [144.975488, -37.732841], [144.976257, -37.733456], [144.975852, -37.734306], [144.976323, -37.73499], [144.976662, -37.735642], [144.976635, -37.736486], [144.97715, -37.736963], [144.977754, -37.738213], [144.978203, -37.738998], [144.978712, -37.739454], [144.979385, -37.740037], [144.979411, -37.741102], [144.979125, -37.741959], [144.979447, -37.743329], [144.98034, -37.74419], [144.981229, -37.744844], [144.981627, -37.745934], [144.981395, -37.746095], [144.980281, -37.746244], [144.980201, -37.746802], [144.980611, -37.747481], [144.98094, -37.748045], [144.981078, -37.749266], [144.980856, -37.749193], [144.980777, -37.750188], [144.980959, -37.75121], [144.981465, -37.751796], [144.981201, -37.752308], [144.980082, -37.75287], [144.979512, -37.754064], [144.979801, -37.756223], [144.980075, -37.75783], [144.980636, -37.75889], [144.981187, -37.759808], [144.981896, -37.760702], [144.982621, -37.761524], [144.981723, -37.762118], [144.981361, -37.762921], [144.98258, -37.763495], [144.983112, -37.76409], [144.983947, -37.76503], [144.985048, -37.765884], [144.984959, -37.766743], [144.983951, -37.767407], [144.983989, -37.768721], [144.984035, -37.770379], [144.984892, -37.771366], [144.985944, -37.772703], [144.987126, -37.774561], [144.987978, -37.774995], [144.988673, -37.775275], [144.988794, -37.776116], [144.988971, -37.776847], [144.989575, -37.77757], [144.989952, -37.778633], [144.990261, -37.779737], [144.991388, -37.780071], [144.992, -37.78048], [144.992195, -37.781559], [144.992918, -37.782932], [144.99466, -37.784276], [144.995959, -37.784952], [144.99734, -37.785642], [144.998066, -37.785487], [144.999154, -37.784822], [145.000712, -37.783722], [145.001206, -37.783333], [145.002271, -37.783315], [145.003492, -37.78425], [145.004075, -37.785303], [145.005155, -37.786043], [145.006711, -37.786464], [145.00783, -37.787368], [145.008298, -37.788459], [145.00757, -37.789784], [145.006151, -37.790451], [145.005222, -37.791483], [145.004347, -37.79262], [145.001933, -37.794265], [145.001252, -37.795065], [145.001998, -37.796853], [145.003037, -37.79597]]]}}, {"type": "Feature", "properties": {"index": "BDGO", "division": "Bendigo", "state": "Victoria", "year": "1994", "proclaimed": "19941220", "quota": "0", "electors": "0", "deviation": ""}, "geometry": {"type": "Polygon", "coordinates": [[[144.730475, -37.09225], [144.738267, -37.083912], [144.757951, -37.083091], [144.761505, -37.075983], [144.772851, -37.079401], [144.779823, -37.071335], [144.79404, -37.060126], [144.807436, -37.058622], [144.813997, -37.054111], [144.820012, -37.043996], [144.838466, -37.043722], [144.849402, -37.040852], [144.85528, -37.034837], [144.85323, -37.024448], [144.876332, -37.023764], [144.886174, -37.018297], [144.890548, -37.015153], [144.894513, -37.005857], [144.891232, -36.995195], [144.892189, -36.985352], [144.934428, -36.984259], [144.936616, -36.972229], [144.953293, -36.971956], [144.953703, -36.95856], [144.984733, -36.95897], [144.989791, -36.950494], [144.994812, -36.948639], [144.995942, -36.940515], [145.004281, -36.937918], [145.039412, -36.938055], [145.037089, -36.917687], [145.047478, -36.906751], [145.063471, -36.905794], [145.080285, -36.901283], [145.095869, -36.891167], [145.070033, -36.862324], [145.04447, -36.864921], [145.013987, -36.860957], [144.992525, -36.838949], [144.979265, -36.835668], [144.938019, -36.83683], [144.934428, -36.822545], [144.936205, -36.747771], [144.937239, -36.737351], [144.895008, -36.739057], [144.879561, -36.748352], [144.769714, -36.752781], [144.762684, -36.748489], [144.757627, -36.751223], [144.749835, -36.746849], [144.743683, -36.759288], [144.723999, -36.762569], [144.682716, -36.763116], [144.661665, -36.763389], [144.660434, -36.748216], [144.661801, -36.729351], [144.514988, -36.726481], [144.515671, -36.715818], [144.520729, -36.707616], [144.520456, -36.699141], [144.528111, -36.691623], [144.52483, -36.680003], [144.522096, -36.663599], [144.536996, -36.658405], [144.53809, -36.647196], [144.547684, -36.63586], [144.553673, -36.633389], [144.556817, -36.621223], [144.567291, -36.613712], [144.572922, -36.608562], [144.572948, -36.602495], [144.586014, -36.598381], [144.583954, -36.586502], [144.589661, -36.58263], [144.587711, -36.571192], [144.581286, -36.565997], [144.585114, -36.560119], [144.602748, -36.560803], [144.602611, -36.549867], [144.610641, -36.54525], [144.604662, -36.535377], [144.614504, -36.530319], [144.619064, -36.528152], [144.603431, -36.520477], [144.610214, -36.516159], [144.608899, -36.510224], [144.620483, -36.508331], [144.616281, -36.498468], [144.623535, -36.493481], [144.621246, -36.484001], [144.633423, -36.480461], [144.640732, -36.47385], [144.654282, -36.472569], [144.655182, -36.464802], [144.666458, -36.460308], [144.665492, -36.453358], [144.669403, -36.447971], [144.66011, -36.44128], [144.661148, -36.43306], [144.672104, -36.424549], [144.664945, -36.408658], [144.615461, -36.410982], [144.514031, -36.411528], [144.483684, -36.408931], [144.470014, -36.411118], [144.42217, -36.410982], [144.411781, -36.403463], [144.398521, -36.411392], [144.368994, -36.409205], [144.366944, -36.397859], [144.357922, -36.397312], [144.352727, -36.39075], [144.342065, -36.39116], [144.337417, -36.491497], [144.138824, -36.491474], [144.137291, -36.498605], [143.983719, -36.491699], [143.984894, -36.481216], [143.976852, -36.468529], [143.973937, -36.44912], [143.961182, -36.440777], [143.954407, -36.428196], [143.929784, -36.426702], [143.920868, -36.416847], [143.914063, -36.414262], [143.908447, -36.405277], [143.895199, -36.403463], [143.891479, -36.396469], [143.884308, -36.385239], [143.871979, -36.37661], [143.868133, -36.371066], [143.867859, -36.361187], [143.866302, -36.356018], [143.862528, -36.345503], [143.873464, -36.343179], [143.865768, -36.331409], [143.872097, -36.324042], [143.869019, -36.316467], [143.878249, -36.31584], [143.882523, -36.311207], [143.878659, -36.304904], [143.87532, -36.298538], [143.884263, -36.296155], [143.890141, -36.293421], [143.883041, -36.286007], [143.886587, -36.273463], [143.885986, -36.263359], [143.894516, -36.246397], [143.894789, -36.235188], [143.891645, -36.221382], [143.900394, -36.218648], [143.899689, -36.202816], [143.838743, -36.193632], [143.812497, -36.191445], [143.800741, -36.186113], [143.753717, -36.182833], [143.745651, -36.186934], [143.732939, -36.183379], [143.714484, -36.180782], [143.69357, -36.18666], [143.665136, -36.182969], [143.653107, -36.190078], [143.638207, -36.18666], [143.634106, -36.193358], [143.614421, -36.193358], [143.599658, -36.190351], [143.598564, -36.181329], [143.522697, -36.17053], [143.530899, -36.181056], [143.529122, -36.201424], [143.544022, -36.203884], [143.545389, -36.213726], [143.56275, -36.218648], [143.552087, -36.224936], [143.551267, -36.233001], [143.538964, -36.24298], [143.530762, -36.246261], [143.51969, -36.248174], [143.521877, -36.261024], [143.504106, -36.260751], [143.508344, -36.280298], [143.513948, -36.291781], [143.479364, -36.291508], [143.475673, -36.328279], [143.485242, -36.338532], [143.480457, -36.355072], [143.479911, -36.3738], [143.439311, -36.364231], [143.439585, -36.383915], [143.447922, -36.393192], [143.445053, -36.410572], [143.443412, -36.423421], [143.448333, -36.435177], [143.444643, -36.452674], [143.441088, -36.462653], [143.424275, -36.468258], [143.410878, -36.470035], [143.408828, -36.498742], [143.389827, -36.496281], [143.37643, -36.49013], [143.365084, -36.488899], [143.358933, -36.485619], [143.346493, -36.49054], [143.335421, -36.486986], [143.319017, -36.475913], [143.33091, -36.503526], [143.336517, -36.513485], [143.351883, -36.513943], [143.376434, -36.534122], [143.383972, -36.537502], [143.395981, -36.546864], [143.411484, -36.555992], [143.424622, -36.562412], [143.435347, -36.57871], [143.441772, -36.590603], [143.443276, -36.605366], [143.44754, -36.620872], [143.46091, -36.624367], [143.469795, -36.622863], [143.478954, -36.628741], [143.49358, -36.631612], [143.494553, -36.649464], [143.504243, -36.662096], [143.500763, -36.674793], [143.490026, -36.702422], [143.486335, -36.719646], [143.474594, -36.723824], [143.476083, -36.735366], [143.464951, -36.738815], [143.468155, -36.746712], [143.463135, -36.752895], [143.470139, -36.761345], [143.477587, -36.764756], [143.483322, -36.775864], [143.49317, -36.789635], [143.5052, -36.799887], [143.512035, -36.810823], [143.507114, -36.821896], [143.500336, -36.830032], [143.504684, -36.842655], [143.511351, -36.863999], [143.508754, -36.88382], [143.499048, -36.894072], [143.486882, -36.895713], [143.480184, -36.907059], [143.468428, -36.916764], [143.468838, -36.939319], [143.48989, -36.946838], [143.518005, -36.945263], [143.536914, -36.951485], [143.551814, -36.946838], [143.565484, -36.949435], [143.584485, -36.949708], [143.59173, -36.9575], [143.58011, -36.967069], [143.57888, -36.980739], [143.595284, -36.990581], [143.592003, -37.011222], [143.575326, -37.014913], [143.571498, -37.034324], [143.560016, -37.036648], [143.552224, -37.094061], [143.567871, -37.096546], [143.583391, -37.103083], [143.613054, -37.102537], [143.626588, -37.100623], [143.628365, -37.110328], [143.652423, -37.109098], [143.682224, -37.11484], [143.703822, -37.111422], [143.717765, -37.111422], [143.733759, -37.125365], [143.775315, -37.131927], [143.787618, -37.134387], [143.807849, -37.132474], [143.830268, -37.134797], [143.848995, -37.142453], [143.876882, -37.144366], [143.92705, -37.153525], [143.959174, -37.158583], [143.958328, -37.18148], [143.9478, -37.19709], [143.956604, -37.216049], [143.966415, -37.224869], [143.985146, -37.227205], [143.993895, -37.23322], [144.000867, -37.249897], [144.010254, -37.258469], [144.029847, -37.259193], [144.036392, -37.265171], [144.041876, -37.252768], [144.051102, -37.245338], [144.061561, -37.244156], [144.062107, -37.228299], [144.067849, -37.21955], [144.061834, -37.205334], [144.067439, -37.183325], [144.075504, -37.147647], [144.102433, -37.148877], [144.121844, -37.151611], [144.121981, -37.158309], [144.188416, -37.165418], [144.186092, -37.193578], [144.229016, -37.197132], [144.282738, -37.206154], [144.29422, -37.164734], [144.31951, -37.166101], [144.331539, -37.170339], [144.367627, -37.17362], [144.365845, -37.159676], [144.469057, -37.169792], [144.483274, -37.17321], [144.501865, -37.172799], [144.525924, -37.180181], [144.527701, -37.153525], [144.541016, -37.128094], [144.548479, -37.114019], [144.558731, -37.107868], [144.575408, -37.104724], [144.581013, -37.097205], [144.601791, -37.109782], [144.691875, -37.107048], [144.702674, -37.098162], [144.714891, -37.099222], [144.730475, -37.09225]]]}}, {"type": "Feature", "properties": {"index": "BRCE", "division": "Bruce", "state": "Victoria", "year": "1994", "proclaimed": "19941220", "quota": "0", "electors": "0", "deviation": ""}, "geometry": {"type": "Polygon", "coordinates": [[[145.200185, -37.983954], [145.202355, -37.975423], [145.209727, -37.976089], [145.210985, -37.969604], [145.230956, -37.97207], [145.237317, -37.972637], [145.236454, -37.969185], [145.235049, -37.967311], [145.233619, -37.966054], [145.233717, -37.96418], [145.232731, -37.962355], [145.232928, -37.961123], [145.233767, -37.95989], [145.233767, -37.957375], [145.233767, -37.955008], [145.232632, -37.95269], [145.229427, -37.952148], [145.227781, -37.951756], [145.227313, -37.950197], [145.227313, -37.948535], [145.226066, -37.946612], [145.223728, -37.945573], [145.222326, -37.943547], [145.220923, -37.94282], [145.221131, -37.941261], [145.219364, -37.940897], [145.22004, -37.939495], [145.219832, -37.938196], [145.218377, -37.936793], [145.216299, -37.936793], [145.214896, -37.935702], [145.211831, -37.934039], [145.21074, -37.932273], [145.208454, -37.930351], [145.207882, -37.927389], [145.206635, -37.926246], [145.206791, -37.923441], [145.205181, -37.920739], [145.203986, -37.918453], [145.204141, -37.915647], [145.204609, -37.91279], [145.205336, -37.91066], [145.205284, -37.908633], [145.204505, -37.906867], [145.204765, -37.90536], [145.20305, -37.902399], [145.205492, -37.901775], [145.207155, -37.898294], [145.203778, -37.89632], [145.20144, -37.896008], [145.198894, -37.894762], [145.197803, -37.890605], [145.195465, -37.888943], [145.19479, -37.886864], [145.193906, -37.883643], [145.191932, -37.881409], [145.191309, -37.876629], [145.192919, -37.873564], [145.192607, -37.871798], [145.194945, -37.86494], [145.169072, -37.86203], [145.16689, -37.874239], [145.147926, -37.871694], [145.139094, -37.921518], [145.14351, -37.92448], [145.140289, -37.939287], [145.169218, -37.961197], [145.200185, -37.983954]]]}}, {"type": "Feature", "properties": {"index": "BRKE", "division": "Burke", "state": "Victoria", "year": "1994", "proclaimed": "19941220", "quota": "0", "electors": "0", "deviation": ""}, "geometry": {"type": "Polygon", "coordinates": [[[144.296702, -37.828407], [144.298496, -37.82997], [144.299875, -37.83092], [144.300608, -37.83054], [144.301112, -37.830773], [144.300808, -37.832125], [144.301533, -37.8323], [144.301881, -37.833556], [144.302969, -37.834022], [144.303614, -37.835036], [144.304831, -37.834729], [144.305367, -37.8355], [144.305199, -37.836606], [144.306506, -37.836536], [144.307475, -37.83656], [144.307735, -37.83719], [144.308905, -37.83649], [144.310114, -37.836762], [144.311266, -37.837075], [144.311954, -37.836943], [144.312667, -37.835859], [144.313261, -37.837025], [144.314248, -37.836841], [144.315321, -37.83731], [144.314751, -37.838919], [144.316058, -37.838718], [144.316915, -37.839996], [144.317428, -37.83956], [144.317701, -37.840729], [144.318706, -37.840326], [144.31941, -37.841164], [144.320398, -37.840661], [144.321287, -37.841427], [144.321253, -37.842773], [144.322326, -37.84351], [144.322734, -37.844655], [144.323767, -37.844214], [144.324621, -37.844969], [144.324773, -37.84434], [144.326082, -37.844251], [144.326783, -37.844047], [144.328761, -37.844952], [144.330448, -37.846289], [144.331676, -37.845991], [144.332785, -37.845158], [144.333683, -37.845009], [144.334894, -37.843745], [144.336067, -37.843879], [144.338547, -37.843041], [144.338728, -37.84444], [144.341161, -37.844985], [144.342169, -37.844397], [144.341295, -37.843309], [144.342904, -37.843563], [144.34344, -37.845086], [144.345264, -37.845154], [144.345016, -37.844013], [144.346088, -37.842673], [144.347086, -37.841979], [144.34864, -37.842977], [144.349334, -37.84256], [144.351953, -37.843376], [144.352825, -37.844985], [144.354463, -37.844989], [144.357732, -37.828222], [144.358667, -37.826116], [144.361797, -37.810818], [144.39912, -37.81523], [144.403249, -37.805822], [144.404539, -37.805504], [144.406531, -37.804368], [144.406218, -37.801529], [144.404706, -37.798734], [144.400953, -37.796757], [144.399009, -37.79431], [144.400417, -37.789819], [144.39978, -37.78606], [144.399344, -37.784691], [144.399579, -37.782512], [144.399914, -37.781507], [144.40045, -37.779463], [144.40017, -37.77774], [144.401355, -37.776279], [144.40449, -37.77321], [144.47768, -37.78101], [144.49058, -37.7057], [144.493254, -37.704489], [144.495835, -37.704623], [144.4977, -37.7068], [144.500292, -37.708544], [144.509643, -37.708611], [144.515374, -37.707874], [144.517553, -37.709013], [144.520267, -37.709281], [144.522144, -37.70955], [144.52425, -37.70966], [144.52709, -37.70922], [144.532769, -37.707673], [144.534545, -37.709147], [144.536489, -37.710421], [144.536656, -37.711829], [144.536321, -37.712499], [144.536858, -37.714108], [144.538098, -37.715247], [144.539665, -37.716866], [144.540142, -37.717292], [144.540477, -37.719168], [144.539472, -37.720408], [144.536522, -37.720911], [144.540142, -37.720911], [144.54218, -37.72009], [144.54292, -37.72108], [144.545169, -37.721112], [144.5478, -37.72061], [144.551236, -37.722185], [144.553146, -37.722822], [144.554252, -37.722352], [144.556464, -37.722721], [144.55871, -37.724397], [144.560151, -37.725838], [144.561156, -37.728352], [144.561994, -37.730094], [144.563569, -37.731804], [144.56441, -37.73405], [144.565, -37.73602], [144.566251, -37.739646], [144.568329, -37.742126], [144.57271, -37.746456], [144.575915, -37.747031], [144.576607, -37.749232], [144.576674, -37.75198], [144.577853, -37.754201], [144.579623, -37.75627], [144.582603, -37.757608], [144.58143, -37.75906], [144.580092, -37.761431], [144.579958, -37.763576], [144.579623, -37.765922], [144.578752, -37.770413], [144.579824, -37.773832], [144.58268, -37.77528], [144.58368, -37.77746], [144.58542, -37.77995], [144.58914, -37.78162], [144.591018, -37.784155], [144.588002, -37.786166], [144.589075, -37.787573], [144.590721, -37.789686], [144.586326, -37.79307], [144.583645, -37.79498], [144.578919, -37.799069], [144.581735, -37.801851], [144.577411, -37.80718], [144.57689, -37.809854], [144.577327, -37.81241], [144.577696, -37.81395], [144.57837, -37.815697], [144.576607, -37.816598], [144.573796, -37.816725], [144.572877, -37.818681], [144.57572, -37.819719], [144.579375, -37.820186], [144.581207, -37.820512], [144.584035, -37.820132], [144.584585, -37.819088], [144.586027, -37.819372], [144.586799, -37.818274], [144.587901, -37.816095], [144.589745, -37.818139], [144.59148, -37.82227], [144.590482, -37.823837], [144.588931, -37.824288], [144.59143, -37.82527], [144.59422, -37.82511], [144.59504, -37.82417], [144.59605, -37.82471], [144.596889, -37.824343], [144.598698, -37.825586], [144.600972, -37.826652], [144.60381, -37.82756], [144.603888, -37.829736], [144.602916, -37.830842], [144.603236, -37.832526], [144.604647, -37.833326], [144.606235, -37.834011], [144.60811, -37.83551], [144.609385, -37.835366], [144.61068, -37.836291], [144.609821, -37.837545], [144.609284, -37.838986], [144.610826, -37.840628], [144.613914, -37.841851], [144.616758, -37.842673], [144.617811, -37.843478], [144.617305, -37.845125], [144.617127, -37.847097], [144.618034, -37.848494], [144.619037, -37.850079], [144.619674, -37.851722], [144.621519, -37.851299], [144.622892, -37.851755], [144.624031, -37.8538], [144.624068, -37.855142], [144.62533, -37.855745], [144.624901, -37.856646], [144.625175, -37.857073], [144.624668, -37.857788], [144.623038, -37.858232], [144.623026, -37.859028], [144.624875, -37.860482], [144.627148, -37.860871], [144.62945, -37.86097], [144.631907, -37.863083], [144.633784, -37.864692], [144.635795, -37.867709], [144.638743, -37.865603], [144.643537, -37.866871], [144.646607, -37.866295], [144.647079, -37.866885], [144.648552, -37.859193], [144.666762, -37.860824], [144.669614, -37.84623], [144.677718, -37.803005], [144.768843, -37.811999], [144.787586, -37.813648], [144.791041, -37.786365], [144.79299, -37.771569], [144.791129, -37.771762], [144.790468, -37.771586], [144.788847, -37.772077], [144.788177, -37.77297], [144.787003, -37.772856], [144.786653, -37.77102], [144.787652, -37.769869], [144.788438, -37.769331], [144.786717, -37.769167], [144.785259, -37.769089], [144.784902, -37.767214], [144.78398, -37.7663], [144.782151, -37.765934], [144.782353, -37.764517], [144.782299, -37.76335], [144.781028, -37.763686], [144.779341, -37.763855], [144.778057, -37.763623], [144.77741, -37.764371], [144.77762, -37.765208], [144.776222, -37.765738], [144.775391, -37.766388], [144.777652, -37.752657], [144.756765, -37.750593], [144.757207, -37.749035], [144.757671, -37.747905], [144.759003, -37.747748], [144.75944, -37.74638], [144.759779, -37.744151], [144.76043, -37.74389], [144.760677, -37.742162], [144.761775, -37.74109], [144.762844, -37.740047], [144.76274, -37.738696], [144.761887, -37.737458], [144.763973, -37.725619], [144.732853, -37.721644], [144.725443, -37.720485], [144.692489, -37.716472], [144.697186, -37.687192], [144.702697, -37.658515], [144.710934, -37.614366], [144.748517, -37.61843], [144.751609, -37.617027], [144.751702, -37.621284], [144.754258, -37.621288], [144.755661, -37.620508], [144.757298, -37.619028], [144.759298, -37.618924], [144.761452, -37.62149], [144.764805, -37.622742], [144.766676, -37.622535], [144.770027, -37.621625], [144.772884, -37.622353], [144.777612, -37.623574], [144.778885, -37.627886], [144.780184, -37.629341], [144.792263, -37.630795], [144.793896, -37.629135], [144.795744, -37.630718], [144.796991, -37.631861], [144.798498, -37.631471], [144.801145, -37.631489], [144.802966, -37.631393], [144.803226, -37.63012], [144.800238, -37.629211], [144.799797, -37.628561], [144.801381, -37.627678], [144.803615, -37.626977], [144.802394, -37.625028], [144.799563, -37.623885], [144.796965, -37.623704], [144.794627, -37.624353], [144.79603, -37.622898], [144.798316, -37.621002], [144.802602, -37.618508], [144.803589, -37.61695], [144.802057, -37.615079], [144.800758, -37.613287], [144.800576, -37.611598], [144.80068, -37.609598], [144.801927, -37.609052], [144.8168, -37.599605], [144.80894, -37.590241], [144.810333, -37.581772], [144.823293, -37.573564], [144.82901, -37.566792], [144.829308, -37.553469], [144.843307, -37.554291], [144.851726, -37.55634], [144.852546, -37.54308], [144.850359, -37.532008], [144.856934, -37.527763], [144.8669, -37.518338], [144.86731, -37.504258], [144.875946, -37.502811], [144.884003, -37.504051], [144.886963, -37.49369], [144.893146, -37.491682], [144.895743, -37.477738], [144.901352, -37.469353], [144.894974, -37.460121], [144.898911, -37.44672], [144.900254, -37.414721], [144.898575, -37.402802], [144.905175, -37.39654], [144.9116, -37.394489], [144.909139, -37.387655], [144.916248, -37.381093], [144.922946, -37.375078], [144.918571, -37.362502], [144.915974, -37.348832], [144.900391, -37.347192], [144.853093, -37.319989], [144.848582, -37.286908], [144.831358, -37.284037], [144.821579, -37.274113], [144.82548, -37.232912], [144.818756, -37.229061], [144.817005, -37.217739], [144.799507, -37.212134], [144.784197, -37.216509], [144.774902, -37.22266], [144.738677, -37.220883], [144.716942, -37.211724], [144.721726, -37.186708], [144.718172, -37.175089], [144.714345, -37.161693], [144.742094, -37.161283], [144.740864, -37.128885], [144.724324, -37.12082], [144.721043, -37.109611], [144.714891, -37.099222], [144.702674, -37.098162], [144.691875, -37.107048], [144.601791, -37.109782], [144.581013, -37.097205], [144.575408, -37.104724], [144.558731, -37.107868], [144.548479, -37.114019], [144.541016, -37.128094], [144.527701, -37.153525], [144.525924, -37.180181], [144.501865, -37.172799], [144.483274, -37.17321], [144.469057, -37.169792], [144.365845, -37.159676], [144.367627, -37.17362], [144.361476, -37.179566], [144.359836, -37.190912], [144.369678, -37.191595], [144.374326, -37.191185], [144.376239, -37.199524], [144.36503, -37.203625], [144.353137, -37.209776], [144.344525, -37.222626], [144.336044, -37.249187], [144.323611, -37.254613], [144.317869, -37.280723], [144.309941, -37.284687], [144.30625, -37.298083], [144.307495, -37.307278], [144.296544, -37.309566], [144.292892, -37.320278], [144.282191, -37.324466], [144.278227, -37.337315], [144.291487, -37.338819], [144.299962, -37.338956], [144.288753, -37.348935], [144.285309, -37.354359], [144.293127, -37.365612], [144.300099, -37.369986], [144.311308, -37.371217], [144.293869, -37.381298], [144.2785, -37.376411], [144.268111, -37.38475], [144.255808, -37.416464], [144.256629, -37.423709], [144.262233, -37.426032], [144.264967, -37.433961], [144.273306, -37.43027], [144.292033, -37.432731], [144.301465, -37.425896], [144.308984, -37.413046], [144.314862, -37.410449], [144.3191, -37.401153], [144.343705, -37.416737], [144.334136, -37.426306], [144.337554, -37.43068], [144.35177, -37.42945], [144.36298, -37.433961], [144.36626, -37.438199], [144.346713, -37.542089], [144.351907, -37.553572], [144.348353, -37.556852], [144.35013, -37.562867], [144.344662, -37.581595], [144.353274, -37.595811], [144.353411, -37.600596], [144.361476, -37.607294], [144.338784, -37.615359], [144.340835, -37.626158], [144.337007, -37.634497], [144.347806, -37.638188], [144.355461, -37.641058], [144.359562, -37.65008], [144.349857, -37.650354], [144.343842, -37.646116], [144.337097, -37.645958], [144.334683, -37.668808], [144.330172, -37.693824], [144.322244, -37.726495], [144.327985, -37.729092], [144.323064, -37.738387], [144.326071, -37.745496], [144.322654, -37.753151], [144.319783, -37.757115], [144.320877, -37.765043], [144.316639, -37.774476], [144.30748, -37.775296], [144.302286, -37.810837], [144.298563, -37.815994], [144.296702, -37.828407]]]}}, {"type": "Feature", "properties": {"index": "CLWL", "division": "Calwell", "state": "Victoria", "year": "1994", "proclaimed": "19941220", "quota": "0", "electors": "0", "deviation": ""}, "geometry": {"type": "Polygon", "coordinates": [[[144.782169, -37.727666], [144.802376, -37.728313], [144.815125, -37.729571], [144.823122, -37.726831], [144.825603, -37.726778], [144.827611, -37.727503], [144.828774, -37.727655], [144.829691, -37.727904], [144.829475, -37.728681], [144.828981, -37.729195], [144.83019, -37.729389], [144.830879, -37.728747], [144.831054, -37.727308], [144.831658, -37.725837], [144.832645, -37.725577], [144.834859, -37.72613], [144.836343, -37.727129], [144.837347, -37.728201], [144.839056, -37.728574], [144.841088, -37.728902], [144.842101, -37.731058], [144.842594, -37.732591], [144.844361, -37.733604], [144.846602, -37.733601], [144.847514, -37.732922], [144.84792, -37.73163], [144.847908, -37.729694], [144.847339, -37.728161], [144.845599, -37.727458], [144.843537, -37.7274], [144.842179, -37.727603], [144.83976, -37.727068], [144.838413, -37.726158], [144.838986, -37.724677], [144.840345, -37.724315], [144.840265, -37.722832], [144.840127, -37.721317], [144.841218, -37.7202], [144.841997, -37.718901], [144.841746, -37.717292], [144.840492, -37.718174], [144.839113, -37.718174], [144.837965, -37.717333], [144.837846, -37.715548], [144.839763, -37.714745], [144.840828, -37.713965], [144.841036, -37.712459], [144.839981, -37.711899], [144.839399, -37.710848], [144.838528, -37.710409], [144.83823, -37.709679], [144.838125, -37.708597], [144.83849, -37.707471], [144.838268, -37.70585], [144.83704, -37.70552], [144.836256, -37.704977], [144.83562, -37.70415], [144.834438, -37.703393], [144.843322, -37.702717], [144.850388, -37.703445], [144.860863, -37.706121], [144.88361, -37.708616], [144.885935, -37.70731], [144.888548, -37.710754], [144.891124, -37.710004], [144.898183, -37.709247], [144.901356, -37.712607], [144.901703, -37.71392], [144.902889, -37.714332], [144.902331, -37.71624], [144.902444, -37.716974], [144.903517, -37.716744], [144.904534, -37.715998], [144.905153, -37.716549], [144.905353, -37.717299], [144.906976, -37.716933], [144.908176, -37.717245], [144.909652, -37.717817], [144.910528, -37.71863], [144.910537, -37.719098], [144.909321, -37.719481], [144.90919, -37.720362], [144.909827, -37.720976], [144.912769, -37.718856], [144.915309, -37.720891], [144.920051, -37.721478], [144.921006, -37.72119], [144.922621, -37.721456], [144.915809, -37.69945], [144.915806, -37.694715], [144.921186, -37.694807], [144.937526, -37.693813], [144.9375, -37.69306], [144.948306, -37.692307], [144.960905, -37.691995], [144.965783, -37.690556], [144.965893, -37.691709], [144.967783, -37.691697], [144.969276, -37.692302], [144.970329, -37.692416], [144.971533, -37.691656], [144.972672, -37.691061], [144.97317, -37.690076], [144.97343, -37.68953], [144.973196, -37.688933], [144.972183, -37.688959], [144.97093, -37.68844], [144.97091, -37.687218], [144.971507, -37.684387], [144.972572, -37.682828], [144.97278, -37.681633], [144.972936, -37.680958], [144.973663, -37.681062], [144.974988, -37.680386], [144.974157, -37.680179], [144.974001, -37.679035], [144.973482, -37.677918], [144.972832, -37.677087], [144.97346, -37.67655], [144.974469, -37.676256], [144.975768, -37.6761], [144.976027, -37.676308], [144.97673, -37.67692], [144.977664, -37.676516], [144.9771, -37.67581], [144.97662, -37.67507], [144.975534, -37.674204], [144.975508, -37.673346], [144.976495, -37.672281], [144.975794, -37.671684], [144.974521, -37.671424], [144.974209, -37.670203], [144.97435, -37.66872], [144.975742, -37.667683], [144.976027, -37.666099], [144.975534, -37.665345], [144.973819, -37.664332], [144.97235, -37.66372], [144.972624, -37.66215], [144.973352, -37.661059], [144.973118, -37.660462], [144.972598, -37.6595], [144.973897, -37.659163], [144.975352, -37.659059], [144.97704, -37.658695], [144.976183, -37.657526], [144.97504, -37.655604], [144.97558, -37.65449], [144.974936, -37.651967], [144.976209, -37.650408], [144.974469, -37.647265], [144.973144, -37.646901], [144.971377, -37.646382], [144.969793, -37.645291], [144.969559, -37.644304], [144.967819, -37.643784], [144.967793, -37.642433], [144.968858, -37.640511], [144.968754, -37.639368], [144.966805, -37.638952], [144.965299, -37.637939], [144.964701, -37.635783], [144.962779, -37.635757], [144.960103, -37.635367], [144.957999, -37.634328], [144.95696, -37.632276], [144.957194, -37.630744], [144.954752, -37.631081], [144.951271, -37.631029], [144.948206, -37.629808], [144.919833, -37.626467], [144.911992, -37.631491], [144.910643, -37.638489], [144.881462, -37.634766], [144.818383, -37.627528], [144.81959, -37.620152], [144.812941, -37.614664], [144.811201, -37.613261], [144.809495, -37.613919], [144.80559, -37.614066], [144.804005, -37.612949], [144.802654, -37.610845], [144.801927, -37.609052], [144.80068, -37.609598], [144.800576, -37.611598], [144.800758, -37.613287], [144.802057, -37.615079], [144.803589, -37.61695], [144.802602, -37.618508], [144.798316, -37.621002], [144.79603, -37.622898], [144.794627, -37.624353], [144.796965, -37.623704], [144.799563, -37.623885], [144.802394, -37.625028], [144.803615, -37.626977], [144.801381, -37.627678], [144.799797, -37.628561], [144.800238, -37.629211], [144.803226, -37.63012], [144.802966, -37.631393], [144.801145, -37.631489], [144.798498, -37.631471], [144.796991, -37.631861], [144.795744, -37.630718], [144.793896, -37.629135], [144.792263, -37.630795], [144.780184, -37.629341], [144.778885, -37.627886], [144.777612, -37.623574], [144.772884, -37.622353], [144.770027, -37.621625], [144.766676, -37.622535], [144.764805, -37.622742], [144.761452, -37.62149], [144.759298, -37.618924], [144.757298, -37.619028], [144.755661, -37.620508], [144.754258, -37.621288], [144.751702, -37.621284], [144.751609, -37.617027], [144.748517, -37.61843], [144.710934, -37.614366], [144.702697, -37.658515], [144.697186, -37.687192], [144.692489, -37.716472], [144.725443, -37.720485], [144.732853, -37.721644], [144.763973, -37.725619], [144.782169, -37.727666]]]}}, {"type": "Feature", "properties": {"index": "CSEY", "division": "Casey", "state": "Victoria", "year": "1994", "proclaimed": "19941220", "quota": "0", "electors": "0", "deviation": ""}, "geometry": {"type": "Polygon", "coordinates": [[[145.286701, -37.717763], [145.287023, -37.718781], [145.288048, -37.718883], [145.288046, -37.719322], [145.288245, -37.719519], [145.288113, -37.719771], [145.287697, -37.719681], [145.287677, -37.720144], [145.28786, -37.720444], [145.287471, -37.720695], [145.288, -37.720798], [145.28816, -37.720917], [145.28788, -37.721164], [145.287668, -37.721735], [145.288078, -37.722289], [145.28858, -37.722095], [145.288869, -37.722291], [145.288871, -37.722703], [145.28956, -37.723164], [145.289272, -37.723725], [145.289511, -37.724213], [145.290058, -37.724499], [145.289902, -37.724996], [145.290311, -37.726048], [145.29054, -37.726205], [145.290479, -37.725999], [145.29077, -37.726062], [145.29113, -37.72648], [145.291457, -37.726754], [145.291265, -37.72714], [145.291373, -37.727358], [145.291682, -37.727407], [145.29163, -37.727782], [145.291003, -37.728161], [145.291302, -37.728514], [145.291755, -37.729058], [145.291663, -37.729464], [145.291271, -37.729393], [145.291051, -37.729731], [145.291377, -37.729782], [145.291181, -37.730046], [145.290875, -37.731983], [145.290843, -37.732393], [145.290553, -37.732728], [145.290531, -37.7331], [145.290239, -37.733238], [145.290392, -37.733796], [145.288895, -37.733426], [145.288477, -37.734155], [145.287892, -37.734821], [145.28799, -37.735767], [145.287686, -37.736122], [145.287816, -37.737016], [145.287514, -37.737496], [145.28801, -37.738181], [145.288565, -37.738264], [145.289242, -37.738871], [145.289191, -37.739521], [145.292545, -37.746502], [145.291817, -37.748164], [145.293079, -37.750225], [145.2923, -37.752901], [145.292764, -37.754931], [145.29305, -37.758957], [145.295485, -37.760493], [145.29642, -37.761662], [145.294842, -37.76324], [145.278515, -37.761705], [145.27215, -37.762874], [145.271345, -37.764563], [145.27215, -37.766096], [145.27215, -37.768122], [145.261448, -37.767264], [145.260928, -37.768252], [145.262383, -37.769628], [145.259941, -37.770512], [145.258382, -37.771083], [145.257707, -37.772824], [145.256122, -37.781422], [145.255031, -37.789086], [145.257291, -37.795398], [145.253966, -37.79784], [145.257941, -37.801295], [145.269111, -37.799658], [145.273839, -37.800749], [145.280489, -37.798619], [145.289945, -37.799606], [145.288386, -37.806776], [145.287711, -37.825688], [145.287191, -37.828181], [145.287295, -37.833117], [145.294205, -37.834248], [145.295776, -37.834808], [145.303345, -37.839958], [145.305466, -37.84063], [145.312576, -37.84161], [145.31813, -37.846077], [145.324402, -37.84697], [145.325717, -37.84651], [145.333727, -37.83183], [145.347268, -37.832434], [145.350368, -37.833556], [145.353267, -37.831428], [145.355429, -37.830557], [145.355479, -37.829367], [145.357641, -37.825245], [145.361746, -37.823049], [145.36483, -37.82744], [145.366706, -37.831495], [145.367829, -37.832936], [145.369153, -37.83359], [145.369857, -37.834143], [145.369153, -37.834495], [145.367645, -37.83483], [145.36788, -37.835651], [145.369371, -37.836992], [145.368516, -37.83788], [145.368701, -37.841667], [145.369488, -37.843527], [145.371114, -37.844466], [145.372119, -37.84904], [145.37098, -37.850012], [145.369907, -37.851185], [145.368868, -37.85204], [145.368801, -37.853632], [145.369254, -37.854302], [145.370812, -37.853984], [145.373091, -37.854051], [145.373694, -37.855258], [145.372186, -37.855609], [145.37041, -37.855995], [145.369572, -37.857419], [145.370309, -37.85824], [145.371164, -37.859346], [145.371332, -37.860721], [145.370678, -37.861843], [145.37036, -37.863519], [145.36979, -37.865011], [145.370125, -37.866837], [145.370645, -37.868446], [145.370645, -37.86987], [145.37051, -37.871714], [145.371063, -37.873138], [145.371147, -37.87473], [145.371348, -37.876557], [145.369337, -37.875719], [145.367645, -37.875702], [145.365567, -37.874646], [145.364059, -37.874445], [145.362065, -37.873406], [145.359249, -37.877579], [145.358948, -37.879221], [145.360288, -37.881131], [145.360221, -37.882372], [145.359182, -37.88388], [145.358948, -37.885589], [145.360791, -37.885522], [145.363372, -37.884382], [145.366723, -37.883746], [145.371248, -37.885254], [145.372689, -37.886259], [145.374834, -37.8877], [145.378638, -37.88755], [145.38023, -37.890231], [145.381805, -37.891069], [145.384134, -37.891923], [145.385877, -37.892828], [145.387268, -37.894202], [145.388341, -37.895861], [145.389832, -37.896984], [145.391843, -37.898794], [145.394541, -37.898895], [145.395781, -37.899799], [145.39677, -37.90119], [145.398965, -37.902866], [145.40225, -37.902045], [145.405199, -37.904609], [145.408131, -37.905614], [145.409723, -37.907005], [145.414399, -37.909217], [145.41775, -37.91215], [145.421638, -37.913256], [145.423314, -37.91287], [145.43858, -37.914597], [145.43858, -37.913826], [145.438848, -37.912502], [145.439485, -37.91148], [145.439636, -37.91086], [145.439787, -37.910105], [145.441647, -37.908497], [145.441446, -37.907743], [145.441496, -37.906804], [145.441781, -37.905732], [145.441865, -37.904944], [145.442468, -37.903905], [145.443021, -37.902548], [145.442853, -37.900973], [145.442351, -37.899766], [145.441111, -37.897152], [145.44044, -37.896867], [145.440055, -37.895811], [145.439401, -37.894856], [145.439401, -37.893448], [145.441111, -37.892108], [145.443993, -37.891437], [145.446793, -37.888077], [145.447906, -37.885246], [145.4505, -37.882816], [145.451874, -37.882526], [145.457092, -37.879349], [145.458023, -37.877808], [145.457077, -37.876415], [145.457199, -37.875408], [145.458344, -37.874386], [145.458328, -37.873257], [145.456741, -37.871796], [145.456604, -37.871128], [145.457153, -37.868416], [145.456833, -37.864819], [145.456253, -37.862797], [145.456238, -37.861107], [145.45694, -37.859745], [145.456589, -37.856709], [145.465973, -37.853275], [145.467529, -37.853275], [145.468536, -37.854057], [145.468842, -37.856647], [145.471115, -37.856968], [145.473099, -37.855835], [145.474792, -37.853458], [145.475754, -37.851086], [145.479996, -37.848476], [145.479538, -37.844307], [145.478226, -37.840595], [145.47818, -37.836208], [145.479446, -37.834957], [145.481293, -37.833935], [145.48085, -37.830906], [145.482941, -37.827847], [145.488281, -37.822186], [145.489395, -37.819588], [145.492218, -37.816757], [145.493622, -37.814716], [145.498077, -37.812416], [145.500153, -37.810265], [145.500717, -37.809135], [145.501312, -37.808487], [145.502701, -37.808624], [145.505249, -37.808407], [145.50795, -37.807068], [145.508652, -37.807068], [145.510651, -37.806618], [145.51236, -37.805824], [145.514343, -37.805386], [145.51619, -37.805946], [145.516479, -37.805614], [145.516617, -37.801216], [145.515915, -37.801105], [145.515625, -37.802227], [145.51506, -37.802456], [145.514633, -37.801888], [145.515198, -37.800087], [145.51593, -37.799416], [145.518631, -37.798744], [145.516907, -37.797726], [145.517349, -37.794006], [145.517639, -37.793674], [145.51976, -37.793674], [145.52034, -37.793007], [145.520477, -37.791756], [145.518509, -37.789505], [145.518509, -37.788944], [145.519211, -37.787136], [145.518514, -37.786987], [145.517792, -37.786915], [145.516663, -37.786346], [145.512268, -37.786224], [145.511376, -37.785965], [145.510284, -37.785206], [145.50972, -37.783855], [145.509171, -37.778786], [145.509445, -37.777546], [145.512299, -37.772705], [145.513, -37.773945], [145.513428, -37.773605], [145.51387, -37.771694], [145.513319, -37.767866], [145.528915, -37.768566], [145.529617, -37.768005], [145.531189, -37.767784], [145.531754, -37.767105], [145.531204, -37.763275], [145.530075, -37.759335], [145.524689, -37.755047], [145.524704, -37.751434], [145.523438, -37.749516], [145.520599, -37.746815], [145.516907, -37.744217], [145.517349, -37.743195], [145.513657, -37.741726], [145.513657, -37.738457], [145.513382, -37.737896], [145.512115, -37.737335], [145.509415, -37.737328], [145.508698, -37.737885], [145.50502, -37.735516], [145.502045, -37.734276], [145.501297, -37.732925], [145.500098, -37.732642], [145.498627, -37.730965], [145.497528, -37.729317], [145.500732, -37.723106], [145.501297, -37.719246], [145.503082, -37.718056], [145.505219, -37.715466], [145.506073, -37.713665], [145.50766, -37.706905], [145.508514, -37.705444], [145.508514, -37.704094], [145.507095, -37.703186], [145.505112, -37.703976], [145.503265, -37.700817], [145.503555, -37.699017], [145.500931, -37.698215], [145.499969, -37.696236], [145.495895, -37.691036], [145.492706, -37.682827], [145.491272, -37.681145], [145.488846, -37.679466], [145.488266, -37.678455], [145.48851, -37.673836], [145.487625, -37.669224], [145.486908, -37.668667], [145.486328, -37.667095], [145.487503, -37.665237], [145.484619, -37.666084], [145.484177, -37.665077], [145.484879, -37.663944], [145.483749, -37.663616], [145.479645, -37.664425], [145.478943, -37.665897], [145.477676, -37.666576], [145.474823, -37.664116], [145.472839, -37.664684], [145.47229, -37.665817], [145.472183, -37.670216], [145.471207, -37.672245], [145.466843, -37.676094], [145.465714, -37.675995], [145.46257, -37.673985], [145.454895, -37.671097], [145.453476, -37.671215], [145.446136, -37.673958], [145.440598, -37.673534], [145.429642, -37.668186], [145.429626, -37.666836], [145.430618, -37.666035], [145.429749, -37.663456], [145.424606, -37.658405], [145.423477, -37.658466], [145.420914, -37.657978], [145.420212, -37.658768], [145.422363, -37.661575], [145.422516, -37.663937], [145.42012, -37.664627], [145.417999, -37.664295], [145.412613, -37.665565], [145.407532, -37.669086], [145.406021, -37.672806], [145.406708, -37.674908], [145.405899, -37.675735], [145.401215, -37.675537], [145.399216, -37.673515], [145.400192, -37.672047], [145.398758, -37.669468], [145.396469, -37.667557], [145.392197, -37.666225], [145.389648, -37.666126], [145.385101, -37.663555], [145.383652, -37.662067], [145.381973, -37.662445], [145.380981, -37.662006], [145.379974, -37.660767], [145.378845, -37.660328], [145.376862, -37.660446], [145.374466, -37.662815], [145.364182, -37.670528], [145.362762, -37.670536], [145.361908, -37.671219], [145.361771, -37.671886], [145.363159, -37.674038], [145.362228, -37.674927], [145.361084, -37.674255], [145.359512, -37.672016], [145.358658, -37.671455], [145.357666, -37.671455], [145.354279, -37.673168], [145.352066, -37.680496], [145.352081, -37.682117], [145.351089, -37.682526], [145.34549, -37.673767], [145.343643, -37.673546], [145.339417, -37.676048], [145.330566, -37.688587], [145.327454, -37.689606], [145.326462, -37.688938], [145.318253, -37.691338], [145.317551, -37.692017], [145.31764, -37.692423], [145.31897, -37.693699], [145.318436, -37.697197], [145.317169, -37.698097], [145.315186, -37.698448], [145.314331, -37.699348], [145.320053, -37.706196], [145.322052, -37.707039], [145.321487, -37.707767], [145.320206, -37.707779], [145.314102, -37.706787], [145.311142, -37.709949], [145.312302, -37.714458], [145.311325, -37.715469], [145.309067, -37.716499], [145.301971, -37.716408], [145.301392, -37.71608], [145.301239, -37.714729], [145.298691, -37.713047], [145.295593, -37.713818], [145.294724, -37.712719], [145.291016, -37.711609], [145.289017, -37.709476], [145.289291, -37.708237], [145.290985, -37.706539], [145.292252, -37.703159], [145.291809, -37.70282], [145.286011, -37.703747], [145.284454, -37.704769], [145.283203, -37.708378], [145.28363, -37.709728], [145.285492, -37.7113], [145.286636, -37.714439], [145.286652, -37.715347], [145.285753, -37.717152], [145.286701, -37.717763]]]}}, {"type": "Feature", "properties": {"index": "CHSM", "division": "Chisholm", "state": "Victoria", "year": "1994", "proclaimed": "19941220", "quota": "0", "electors": "0", "deviation": ""}, "geometry": {"type": "Polygon", "coordinates": [[[145.140289, -37.939287], [145.14351, -37.92448], [145.139094, -37.921518], [145.147926, -37.871694], [145.16689, -37.874239], [145.169072, -37.86203], [145.150654, -37.859666], [145.151589, -37.852626], [145.139795, -37.85112], [145.135068, -37.852211], [145.132392, -37.851977], [145.142211, -37.798515], [145.139795, -37.799061], [145.137431, -37.799321], [145.136418, -37.797658], [145.135561, -37.79758], [145.133613, -37.797268], [145.131976, -37.796229], [145.130651, -37.796775], [145.12982, -37.797061], [145.128469, -37.79784], [145.126989, -37.798152], [145.12569, -37.798671], [145.124391, -37.799087], [145.122624, -37.798204], [145.121066, -37.797814], [145.118754, -37.796541], [145.117922, -37.796359], [145.116208, -37.795554], [145.115039, -37.795944], [145.113688, -37.795684], [145.112052, -37.795268], [145.110571, -37.795216], [145.108856, -37.794801], [145.108908, -37.793606], [145.108155, -37.792151], [145.106337, -37.791969], [145.106233, -37.792333], [145.105713, -37.793138], [145.106544, -37.793761], [145.105635, -37.794749], [145.103635, -37.796723], [145.103479, -37.798411], [145.104544, -37.800645], [145.103973, -37.801788], [145.104466, -37.80288], [145.104466, -37.803035], [145.103609, -37.80714], [145.103453, -37.808439], [145.102544, -37.809608], [145.102518, -37.810699], [145.101609, -37.811582], [145.102414, -37.812024], [145.10205, -37.814621], [145.100829, -37.818206], [145.100492, -37.820336], [145.100206, -37.823765], [145.098543, -37.824311], [145.099037, -37.825298], [145.098933, -37.826077], [145.099946, -37.826415], [145.095504, -37.85034], [145.086827, -37.899074], [145.140289, -37.939287]]]}}, {"type": "Feature", "properties": {"index": "CGMT", "division": "Corangamite", "state": "Victoria", "year": "1994", "proclaimed": "19941220", "quota": "0", "electors": "0", "deviation": ""}, "geometry": {"type": "MultiPolygon", "coordinates": [[[[143.12298, -38.676794], [143.129854, -38.683927], [143.134317, -38.686792], [143.138333, -38.690933], [143.151032, -38.700585], [143.153966, -38.70402], [143.154715, -38.706537], [143.157889, -38.706495], [143.164033, -38.711347], [143.167562, -38.715569], [143.173252, -38.720466], [143.175893, -38.72483], [143.178617, -38.725935], [143.179248, -38.728218], [143.181997, -38.729252], [143.182753, -38.731224], [143.185484, -38.732509], [143.185605, -38.733816], [143.188633, -38.733497], [143.189635, -38.734177], [143.190419, -38.735648], [143.190311, -38.740194], [143.194282, -38.741436], [143.196138, -38.741258], [143.196806, -38.742288], [143.196519, -38.744177], [143.201514, -38.745939], [143.21462, -38.75667], [143.215322, -38.758393], [143.2179, -38.758464], [143.219958, -38.760278], [143.224497, -38.75953], [143.225262, -38.760958], [143.228773, -38.761064], [143.230971, -38.762202], [143.232964, -38.766436], [143.238593, -38.767989], [143.24044, -38.76731], [143.249107, -38.768013], [143.251487, -38.770111], [143.254992, -38.770368], [143.256187, -38.771405], [143.255564, -38.771707], [143.259696, -38.772964], [143.257867, -38.771816], [143.257632, -38.770702], [143.261831, -38.769307], [143.265872, -38.769134], [143.26607, -38.768155], [143.264859, -38.766193], [143.267387, -38.763093], [143.271492, -38.764189], [143.272159, -38.763625], [143.271417, -38.76237], [143.273385, -38.761283], [143.275979, -38.762048], [143.276838, -38.761396], [143.280148, -38.76294], [143.279203, -38.762004], [143.280792, -38.761588], [143.280481, -38.758931], [143.283623, -38.758904], [143.285306, -38.757746], [143.296397, -38.755329], [143.296953, -38.754833], [143.296321, -38.753629], [143.298944, -38.751467], [143.302169, -38.750179], [143.308709, -38.751461], [143.312696, -38.751402], [143.32143, -38.754114], [143.324677, -38.756472], [143.327535, -38.757208], [143.329997, -38.756612], [143.330689, -38.755015], [143.334395, -38.756526], [143.334664, -38.755555], [143.336488, -38.755208], [143.337279, -38.755778], [143.339085, -38.754805], [143.339426, -38.755553], [143.34214, -38.755999], [143.343656, -38.754953], [143.347566, -38.755787], [143.348177, -38.755288], [143.347406, -38.754238], [143.350881, -38.754606], [143.351691, -38.755393], [143.352734, -38.754553], [143.354641, -38.75505], [143.356589, -38.75395], [143.363949, -38.757453], [143.37305, -38.759713], [143.383537, -38.765702], [143.385871, -38.766127], [143.39023, -38.769227], [143.394874, -38.771064], [143.401765, -38.776349], [143.401523, -38.777415], [143.402255, -38.778246], [143.40143, -38.778675], [143.40211, -38.779593], [143.401515, -38.78017], [143.403133, -38.780987], [143.405396, -38.779509], [143.408288, -38.782763], [143.413963, -38.78233], [143.415797, -38.780905], [143.416915, -38.781876], [143.420259, -38.781991], [143.420199, -38.782979], [143.422804, -38.781762], [143.423557, -38.78278], [143.425222, -38.782344], [143.428687, -38.783354], [143.433444, -38.789215], [143.444008, -38.795008], [143.446455, -38.798186], [143.450637, -38.800075], [143.458167, -38.806214], [143.464115, -38.80886], [143.467952, -38.814623], [143.486636, -38.830531], [143.492038, -38.83625], [143.493839, -38.840692], [143.492826, -38.843893], [143.496591, -38.845104], [143.499343, -38.847067], [143.49962, -38.848496], [143.502197, -38.84946], [143.502668, -38.852557], [143.505744, -38.853644], [143.505987, -38.854831], [143.510128, -38.856537], [143.510919, -38.85758], [143.518679, -38.85514], [143.521737, -38.856019], [143.527497, -38.856088], [143.534456, -38.854379], [143.536507, -38.855032], [143.538495, -38.853967], [143.540566, -38.854934], [143.543612, -38.853436], [143.549849, -38.853847], [143.553936, -38.855709], [143.555651, -38.854938], [143.558418, -38.850865], [143.560078, -38.850187], [143.561522, -38.848401], [143.561826, -38.847184], [143.560647, -38.845499], [143.561468, -38.845096], [143.562332, -38.845994], [143.564887, -38.845214], [143.572052, -38.841511], [143.579608, -38.835984], [143.584311, -38.830366], [143.584403, -38.828827], [143.583138, -38.826549], [143.585652, -38.821825], [143.587143, -38.82041], [143.588805, -38.820204], [143.58918, -38.818643], [143.592583, -38.816141], [143.595247, -38.815409], [143.597516, -38.812861], [143.597123, -38.811288], [143.603728, -38.8065], [143.609777, -38.800397], [143.611072, -38.800077], [143.616031, -38.795509], [143.621282, -38.793701], [143.622207, -38.792524], [143.625059, -38.792957], [143.628175, -38.791961], [143.640128, -38.790661], [143.644027, -38.791795], [143.646427, -38.791286], [143.650243, -38.78868], [143.652507, -38.788564], [143.654185, -38.786275], [143.659333, -38.784112], [143.65988, -38.783053], [143.661742, -38.782651], [143.662307, -38.781234], [143.666012, -38.779379], [143.666103, -38.778593], [143.664203, -38.777299], [143.665319, -38.770812], [143.666695, -38.768315], [143.669194, -38.766282], [143.679941, -38.760838], [143.677493, -38.759367], [143.674584, -38.758921], [143.674717, -38.75718], [143.673887, -38.758132], [143.672052, -38.757604], [143.670873, -38.755731], [143.670413, -38.752384], [143.671353, -38.748526], [143.673791, -38.745155], [143.681545, -38.737487], [143.687747, -38.734435], [143.690489, -38.733536], [143.692154, -38.733805], [143.698521, -38.730279], [143.704618, -38.728085], [143.709464, -38.727593], [143.709769, -38.726188], [143.711052, -38.725387], [143.716841, -38.72563], [143.722661, -38.722251], [143.72665, -38.721796], [143.727368, -38.721058], [143.726503, -38.720116], [143.726678, -38.719062], [143.728555, -38.717798], [143.738818, -38.715031], [143.743763, -38.71508], [143.747381, -38.713197], [143.749989, -38.713156], [143.753885, -38.710257], [143.756722, -38.706707], [143.760759, -38.706776], [143.762932, -38.704969], [143.764373, -38.704821], [143.768629, -38.706482], [143.770917, -38.705973], [143.772376, -38.704713], [143.774775, -38.705468], [143.776225, -38.704718], [143.776647, -38.702526], [143.794385, -38.697619], [143.801801, -38.697847], [143.803921, -38.696869], [143.805387, -38.695022], [143.81041, -38.693026], [143.814918, -38.693723], [143.819022, -38.691911], [143.820217, -38.6929], [143.822237, -38.692247], [143.824951, -38.693192], [143.828862, -38.692557], [143.830696, -38.693352], [143.837008, -38.692793], [143.840925, -38.69025], [143.841117, -38.687418], [143.840192, -38.68599], [143.83996, -38.682604], [143.841044, -38.681938], [143.842147, -38.679003], [143.844486, -38.677491], [143.85296, -38.675186], [143.85766, -38.674723], [143.861215, -38.672813], [143.866226, -38.671668], [143.86561, -38.670513], [143.863485, -38.669517], [143.863073, -38.666831], [143.864494, -38.665275], [143.86487, -38.66148], [143.87096, -38.656818], [143.870284, -38.655271], [143.873173, -38.652196], [143.876151, -38.651657], [143.881115, -38.649141], [143.881658, -38.64812], [143.883958, -38.647759], [143.884783, -38.645322], [143.887295, -38.643385], [143.894276, -38.641497], [143.892177, -38.639378], [143.891448, -38.635151], [143.896352, -38.632832], [143.899283, -38.630072], [143.903166, -38.629301], [143.908008, -38.626017], [143.910271, -38.623094], [143.912698, -38.617635], [143.916337, -38.614148], [143.915713, -38.611719], [143.919214, -38.607181], [143.920287, -38.604889], [143.919845, -38.603699], [143.921579, -38.60147], [143.919538, -38.596947], [143.923066, -38.593108], [143.926549, -38.590537], [143.934004, -38.587989], [143.938206, -38.583361], [143.945055, -38.580767], [143.948661, -38.576691], [143.955072, -38.576745], [143.956635, -38.575588], [143.960157, -38.575683], [143.965091, -38.570825], [143.966698, -38.567026], [143.971968, -38.566854], [143.974348, -38.565237], [143.976861, -38.56092], [143.976281, -38.559017], [143.977008, -38.556699], [143.975654, -38.556498], [143.975458, -38.555658], [143.97956, -38.555602], [143.983469, -38.55416], [143.986192, -38.551322], [143.986836, -38.548451], [143.981818, -38.544663], [143.977136, -38.542552], [143.977313, -38.538415], [143.979728, -38.532276], [143.988924, -38.520629], [143.993194, -38.517412], [143.998582, -38.511611], [144.001329, -38.510583], [144.01231, -38.497273], [144.015313, -38.49582], [144.018056, -38.492772], [144.022548, -38.490975], [144.024134, -38.49117], [144.025174, -38.48952], [144.030488, -38.486576], [144.030941, -38.484441], [144.032599, -38.484238], [144.03327, -38.485029], [144.033177, -38.48228], [144.034242, -38.481489], [144.033291, -38.479367], [144.036497, -38.475775], [144.04566, -38.472384], [144.066507, -38.468769], [144.0941, -38.468475], [144.104758, -38.469255], [144.105168, -38.468261], [144.106633, -38.467783], [144.107301, -38.465409], [144.110044, -38.461488], [144.117618, -38.457955], [144.119998, -38.449005], [144.125249, -38.446145], [144.128224, -38.439599], [144.130623, -38.437938], [144.131643, -38.435725], [144.133818, -38.434529], [144.140048, -38.432127], [144.147794, -38.430383], [144.184016, -38.428699], [144.18073, -38.427891], [144.179317, -38.42618], [144.179069, -38.42348], [144.180587, -38.418909], [144.187318, -38.414477], [144.192903, -38.414663], [144.194617, -38.410043], [144.200022, -38.406675], [144.225261, -38.398993], [144.235134, -38.397384], [144.23778, -38.397865], [144.238678, -38.396986], [144.244943, -38.396274], [144.251328, -38.396518], [144.254013, -38.395472], [144.252691, -38.394218], [144.253655, -38.392751], [144.251804, -38.390422], [144.25157, -38.388411], [144.252799, -38.386179], [144.256633, -38.382747], [144.260266, -38.381121], [144.265851, -38.380458], [144.269159, -38.3784], [144.270146, -38.376565], [144.272622, -38.37461], [144.27951, -38.372347], [144.283364, -38.368464], [144.285698, -38.367601], [144.289054, -38.360995], [144.296751, -38.356028], [144.297734, -38.352257], [144.301119, -38.350761], [144.30348, -38.348258], [144.309662, -38.346344], [144.310027, -38.345583], [144.318827, -38.34562], [144.318474, -38.34337], [144.320073, -38.342006], [144.327444, -38.340177], [144.327563, -38.339376], [144.325842, -38.338099], [144.32568, -38.336212], [144.32822, -38.331225], [144.327205, -38.3283], [144.32849, -38.326166], [144.332286, -38.323258], [144.341461, -38.319854], [144.352992, -38.31735], [144.37088, -38.310966], [144.377881, -38.305836], [144.378165, -38.304458], [144.376457, -38.302596], [144.390119, -38.29802], [144.398054, -38.297054], [144.400454, -38.295025], [144.403175, -38.294802], [144.406016, -38.292038], [144.409813, -38.290862], [144.413392, -38.290791], [144.417845, -38.286805], [144.42358, -38.284386], [144.425601, -38.284635], [144.426827, -38.282555], [144.428618, -38.281629], [144.439494, -38.281725], [144.47555, -38.287966], [144.485499, -38.288189], [144.499893, -38.29049], [144.501729, -38.289508], [144.49939, -38.288786], [144.496968, -38.286633], [144.494878, -38.282627], [144.4977, -38.28244], [144.497562, -38.283262], [144.498754, -38.283505], [144.502941, -38.278451], [144.508432, -38.274791], [144.512125, -38.27348], [144.525566, -38.271326], [144.538709, -38.271631], [144.549255, -38.272844], [144.569064, -38.277295], [144.603842, -38.288731], [144.607191, -38.290549], [144.613879, -38.292253], [144.61618, -38.287751], [144.61465, -38.285571], [144.614872, -38.283473], [144.617724, -38.277983], [144.620173, -38.275913], [144.629912, -38.273084], [144.644275, -38.271744], [144.650478, -38.272081], [144.659776, -38.273912], [144.662555, -38.271149], [144.664168, -38.267582], [144.668018, -38.265685], [144.672246, -38.265268], [144.666765, -38.26224], [144.662829, -38.263643], [144.65804, -38.26347], [144.655698, -38.2655], [144.652387, -38.266733], [144.648621, -38.266566], [144.64238, -38.269753], [144.632984, -38.269788], [144.632275, -38.269088], [144.634256, -38.266536], [144.637022, -38.2661], [144.625353, -38.256829], [144.62399, -38.257499], [144.62488, -38.254779], [144.627092, -38.253009], [144.626127, -38.251645], [144.623171, -38.251465], [144.624807, -38.25093], [144.623856, -38.249894], [144.626963, -38.249193], [144.629335, -38.251993], [144.633802, -38.247289], [144.633839, -38.245926], [144.636619, -38.242544], [144.640608, -38.238742], [144.64433, -38.23651], [144.644684, -38.23416], [144.64982, -38.230156], [144.654642, -38.22426], [144.657048, -38.223069], [144.658478, -38.22022], [144.662124, -38.217334], [144.666154, -38.210062], [144.67385, -38.206943], [144.677842, -38.202189], [144.680672, -38.201667], [144.682246, -38.199931], [144.686582, -38.197462], [144.693947, -38.194342], [144.697434, -38.196354], [144.696854, -38.199], [144.698452, -38.200062], [144.701535, -38.199558], [144.703393, -38.201527], [144.703376, -38.203009], [144.70174, -38.205892], [144.70165, -38.20917], [144.699644, -38.213478], [144.693989, -38.217055], [144.695406, -38.21808], [144.698505, -38.217185], [144.695743, -38.21976], [144.698738, -38.219032], [144.699033, -38.217936], [144.701876, -38.215902], [144.700308, -38.218114], [144.70009, -38.219531], [144.700912, -38.219617], [144.706371, -38.21022], [144.710614, -38.19784], [144.710697, -38.194632], [144.71241, -38.188489], [144.714501, -38.184646], [144.715991, -38.179016], [144.71963, -38.173256], [144.719214, -38.170239], [144.716208, -38.163214], [144.716035, -38.156835], [144.717205, -38.149421], [144.7202, -38.146631], [144.714613, -38.142968], [144.713404, -38.140076], [144.711656, -38.138533], [144.711455, -38.136768], [144.709234, -38.134779], [144.706332, -38.130171], [144.699852, -38.127848], [144.692223, -38.119967], [144.677777, -38.115298], [144.673072, -38.114791], [144.669158, -38.112767], [144.665409, -38.111957], [144.661622, -38.111781], [144.65488, -38.113083], [144.649906, -38.112763], [144.636695, -38.107999], [144.631382, -38.107385], [144.626315, -38.11209], [144.601875, -38.125876], [144.594579, -38.128977], [144.580173, -38.139101], [144.581767, -38.14075], [144.585212, -38.143134], [144.590662, -38.145778], [144.595683, -38.147981], [144.5838, -38.159808], [144.579508, -38.16158], [144.577557, -38.16551], [144.57242, -38.164875], [144.568017, -38.187433], [144.476486, -38.176659], [144.473906, -38.191676], [144.477716, -38.192743], [144.473849, -38.211576], [144.470832, -38.210705], [144.468285, -38.210303], [144.466207, -38.2098], [144.463191, -38.209565], [144.460744, -38.209364], [144.456856, -38.210336], [144.454477, -38.213185], [144.453672, -38.214961], [144.45327, -38.216704], [144.45203, -38.218715], [144.45069, -38.22138], [144.44893, -38.22277], [144.447237, -38.225686], [144.445997, -38.228401], [144.445629, -38.226558], [144.444958, -38.224681], [144.440803, -38.223843], [144.438222, -38.224245], [144.434703, -38.226356], [144.433865, -38.227798], [144.434301, -38.229909], [144.43296, -38.231116], [144.431351, -38.230881], [144.428905, -38.232657], [144.427765, -38.234735], [144.425687, -38.234333], [144.42413, -38.23302], [144.422516, -38.230885], [144.423446, -38.228888], [144.42381, -38.226993], [144.423743, -38.224446], [144.423475, -38.222335], [144.423517, -38.221343], [144.42179, -38.22029], [144.42123, -38.21962], [144.418113, -38.219989], [144.415867, -38.217642], [144.41435, -38.216383], [144.413085, -38.21476], [144.411443, -38.214123], [144.409499, -38.214626], [144.406195, -38.214967], [144.404957, -38.216694], [144.402561, -38.218715], [144.400691, -38.219885], [144.398171, -38.21838], [144.396663, -38.216402], [144.395155, -38.214392], [144.393713, -38.212615], [144.392507, -38.211241], [144.391334, -38.209766], [144.389122, -38.208996], [144.387882, -38.208124], [144.386943, -38.205041], [144.385301, -38.201019], [144.384664, -38.197902], [144.383223, -38.195522], [144.380944, -38.193746], [144.378935, -38.192674], [144.376285, -38.193009], [144.372967, -38.193813], [144.370253, -38.193277], [144.366968, -38.191433], [144.364857, -38.188786], [144.364344, -38.185936], [144.365056, -38.183945], [144.364418, -38.181875], [144.363281, -38.179904], [144.362142, -38.178396], [144.361036, -38.176352], [144.360835, -38.174776], [144.360159, -38.173025], [144.360969, -38.171391], [144.359337, -38.169325], [144.35755, -38.166565], [144.354836, -38.165526], [144.352992, -38.164856], [144.350732, -38.164655], [144.346457, -38.163917], [144.340692, -38.16385], [144.335866, -38.164051], [144.333755, -38.164436], [144.331475, -38.166364], [144.330001, -38.167537], [144.326381, -38.16499], [144.323934, -38.162074], [144.322761, -38.159527], [144.321585, -38.156399], [144.321052, -38.15393], [144.322778, -38.152115], [144.324102, -38.150746], [144.32427, -38.148668], [144.323264, -38.146724], [144.321354, -38.144847], [144.318538, -38.144311], [144.315924, -38.144411], [144.313454, -38.145092], [144.312626, -38.146284], [144.309433, -38.145322], [144.308853, -38.143708], [144.309288, -38.140959], [144.309858, -38.139853], [144.31026, -38.137206], [144.311433, -38.136133], [144.311199, -38.135027], [144.308795, -38.134731], [144.307575, -38.133178], [144.308348, -38.131137], [144.308484, -38.128894], [144.309799, -38.127155], [144.310848, -38.125664], [144.310662, -38.124202], [144.309815, -38.123096], [144.309791, -38.121152], [144.309657, -38.11961], [144.311283, -38.11813], [144.313344, -38.118973], [144.315187, -38.117968], [144.315645, -38.116121], [144.31636, -38.114415], [144.315388, -38.114046], [144.313501, -38.11507], [144.311868, -38.115499], [144.310484, -38.116436], [144.309325, -38.114857], [144.309339, -38.113863], [144.306407, -38.11446], [144.304864, -38.113879], [144.306372, -38.112371], [144.307351, -38.111624], [144.307609, -38.110367], [144.305635, -38.110427], [144.303892, -38.111265], [144.302552, -38.110695], [144.301647, -38.108483], [144.300071, -38.107343], [144.300541, -38.105332], [144.2991, -38.104428], [144.297687, -38.10492], [144.295078, -38.104092], [144.291961, -38.103891], [144.289615, -38.101445], [144.288371, -38.100036], [144.289227, -38.098857], [144.287101, -38.098864], [144.285459, -38.0993], [144.283314, -38.099166], [144.281169, -38.098227], [144.27959, -38.098465], [144.278186, -38.095881], [144.276007, -38.094272], [144.27498, -38.093105], [144.276477, -38.092194], [144.277447, -38.091991], [144.277884, -38.090753], [144.277821, -38.089084], [144.279057, -38.088039], [144.279749, -38.087677], [144.278868, -38.086807], [144.279962, -38.085994], [144.28028, -38.084984], [144.279719, -38.083753], [144.280934, -38.083749], [144.281276, -38.082504], [144.282258, -38.083562], [144.283582, -38.082911], [144.284319, -38.083212], [144.283984, -38.081872], [144.28487, -38.08096], [144.284134, -38.080038], [144.28643, -38.079047], [144.285924, -38.077966], [144.284143, -38.077451], [144.283917, -38.076174], [144.285291, -38.07594], [144.284453, -38.075035], [144.283079, -38.075604], [144.282411, -38.074712], [144.2808, -38.074197], [144.280577, -38.073488], [144.281766, -38.073571], [144.2808, -38.072689], [144.279191, -38.072454], [144.278454, -38.071381], [144.278488, -38.070443], [144.276678, -38.070175], [144.276544, -38.068734], [144.276482, -38.067524], [144.274935, -38.067192], [144.273974, -38.066595], [144.271952, -38.06555], [144.270075, -38.067192], [144.269155, -38.067861], [144.268285, -38.068522], [144.266824, -38.067628], [144.265147, -38.067301], [144.264273, -38.066595], [144.262394, -38.066611], [144.260657, -38.066823], [144.261438, -38.065971], [144.259216, -38.065583], [144.259386, -38.064784], [144.258881, -38.063727], [144.259685, -38.062969], [144.259701, -38.0614], [144.258861, -38.060515], [144.257604, -38.059777], [144.258943, -38.058977], [144.262065, -38.057338], [144.263473, -38.054188], [144.26354, -38.05087], [144.262903, -38.04896], [144.261294, -38.048457], [144.262903, -38.046982], [144.262367, -38.044871], [144.260892, -38.043999], [144.260758, -38.040983], [144.257172, -38.04038], [144.258647, -38.038067], [144.258579, -38.035453], [144.256367, -38.033811], [144.254055, -38.033744], [144.25124, -38.031062], [144.250871, -38.02942], [144.251474, -38.028147], [144.249798, -38.026638], [144.249028, -38.02379], [144.251575, -38.023656], [144.250737, -38.020505], [144.248123, -38.01893], [144.246547, -38.017857], [144.246983, -38.01645], [144.246045, -38.014606], [144.245524, -38.013297], [144.245124, -38.012071], [144.242822, -38.011313], [144.24219, -38.01045], [144.242686, -38.009502], [144.242166, -38.008886], [144.240941, -38.008988], [144.241096, -38.007433], [144.242056, -38.006261], [144.242736, -38.004877], [144.242716, -38.003198], [144.243903, -38.00336], [144.243337, -38.002254], [144.241989, -38.002273], [144.242177, -38.001491], [144.243419, -38.001118], [144.243707, -37.999996], [144.243933, -37.999625], [144.242829, -37.999082], [144.242966, -37.997883], [144.244771, -37.997916], [144.246784, -37.997526], [144.246229, -37.995909], [144.245911, -37.994397], [144.245911, -37.993492], [144.245475, -37.99262], [144.246939, -37.991797], [144.247318, -37.990878], [144.246581, -37.99014], [144.246715, -37.98957], [144.245608, -37.989627], [144.245643, -37.988196], [144.246782, -37.988263], [144.247151, -37.98709], [144.24638, -37.986688], [144.24552, -37.985638], [144.244826, -37.985482], [144.244116, -37.984172], [144.243308, -37.983458], [144.241956, -37.983135], [144.239844, -37.982566], [144.240226, -37.981512], [144.241386, -37.980555], [144.242148, -37.979675], [144.241858, -37.978341], [144.24028, -37.976801], [144.240012, -37.975259], [144.241118, -37.974623], [144.241319, -37.973684], [144.239978, -37.972947], [144.239911, -37.97164], [144.239447, -37.969127], [144.238303, -37.968054], [144.236256, -37.966417], [144.235756, -37.965238], [144.235729, -37.963463], [144.236358, -37.962856], [144.236063, -37.961335], [144.235658, -37.959401], [144.235688, -37.957697], [144.236663, -37.956452], [144.235454, -37.954413], [144.236124, -37.952402], [144.236491, -37.951074], [144.236359, -37.950022], [144.237029, -37.949687], [144.23666, -37.948313], [144.23599, -37.94838], [144.234851, -37.947207], [144.234951, -37.945665], [144.234046, -37.94476], [144.234281, -37.943922], [144.235482, -37.943737], [144.236627, -37.942448], [144.202528, -37.938218], [144.2081, -37.91283], [144.212243, -37.91029], [144.21208, -37.907531], [144.212898, -37.90605], [144.21387, -37.900654], [144.217151, -37.899683], [144.218596, -37.898342], [144.221847, -37.898241], [144.223723, -37.897135], [144.225332, -37.894856], [144.226673, -37.892108], [144.228583, -37.889929], [144.231941, -37.888], [144.233946, -37.885137], [144.236336, -37.881863], [144.238772, -37.878936], [144.240838, -37.876419], [144.243081, -37.874802], [144.245475, -37.874076], [144.248254, -37.873699], [144.236676, -37.869914], [144.234201, -37.86652], [144.233175, -37.862815], [144.232751, -37.858782], [144.233242, -37.853029], [144.233745, -37.849242], [144.233443, -37.847164], [144.232299, -37.844027], [144.231868, -37.840662], [144.231633, -37.836807], [144.230158, -37.834059], [144.228181, -37.832853], [144.224863, -37.832551], [144.218864, -37.830138], [144.210787, -37.825278], [144.211157, -37.823387], [144.211759, -37.821893], [144.21377, -37.82132], [144.21597, -37.82024], [144.21826, -37.818005], [144.220741, -37.814587], [144.224427, -37.807683], [144.126068, -37.797993], [144.121521, -37.798073], [144.062517, -37.797031], [144.053769, -37.827104], [144.019868, -37.820543], [143.988564, -37.821363], [143.978585, -37.825737], [143.957123, -37.82396], [143.954116, -37.819723], [143.935798, -37.821363], [143.934431, -37.813708], [143.923769, -37.813298], [143.915704, -37.80865], [143.907912, -37.804959], [143.8993, -37.811247], [143.84011, -37.806326], [143.791172, -37.798124], [143.7395, -37.794023], [143.721319, -37.786232], [143.711548, -37.790466], [143.697124, -37.790196], [143.69562, -37.797304], [143.687008, -37.800448], [143.682087, -37.812341], [143.688644, -37.822346], [143.678259, -37.832709], [143.665957, -37.844192], [143.665634, -37.853306], [143.660751, -37.865486], [143.655568, -37.873445], [143.655106, -37.883667], [143.643948, -37.890806], [143.639574, -37.897777], [143.644318, -37.906898], [143.640671, -37.912537], [143.640121, -37.917188], [143.634243, -37.926484], [143.622623, -37.929491], [143.614285, -37.943571], [143.610092, -37.949398], [143.614304, -37.962208], [143.619616, -37.961615], [143.620316, -37.967136], [143.624537, -37.971321], [143.62439, -37.978828], [143.63561, -37.979796], [143.647502, -37.98458], [143.653244, -37.991005], [143.652481, -37.999977], [143.649963, -38.01069], [143.636017, -38.01252], [143.631099, -38.017798], [143.629654, -38.028519], [143.6244, -38.034749], [143.618522, -38.032425], [143.615242, -38.038986], [143.618522, -38.047188], [143.622487, -38.059218], [143.627818, -38.065506], [143.632602, -38.073844], [143.634445, -38.08194], [143.630005, -38.092572], [143.630552, -38.100227], [143.626588, -38.104328], [143.630278, -38.111573], [143.62235, -38.115264], [143.613054, -38.114444], [143.60786, -38.120458], [143.598838, -38.117588], [143.593917, -38.109932], [143.591183, -38.109796], [143.585578, -38.105148], [143.580247, -38.106788], [143.575189, -38.102277], [143.571225, -38.101731], [143.566304, -38.095716], [143.558922, -38.09722], [143.548806, -38.097356], [143.540878, -38.090795], [143.53336, -38.077808], [143.515179, -38.072887], [143.499869, -38.070974], [143.490163, -38.072067], [143.47827, -38.059491], [143.466241, -38.051836], [143.451751, -38.047188], [143.436304, -38.053476], [143.425778, -38.067693], [143.41744, -38.077398], [143.410878, -38.094622], [143.404043, -38.095853], [143.397208, -38.108976], [143.40336, -38.121005], [143.412108, -38.127293], [143.41744, -38.139186], [143.418807, -38.147251], [143.424411, -38.156957], [143.416346, -38.159144], [143.407461, -38.152446], [143.399122, -38.143834], [143.388323, -38.148208], [143.382445, -38.148755], [143.369459, -38.137272], [143.364127, -38.136178], [143.356746, -38.132761], [143.339795, -38.146568], [143.351961, -38.160921], [143.357976, -38.171173], [143.366041, -38.175001], [143.368912, -38.181426], [143.355789, -38.179102], [143.341572, -38.184296], [143.338018, -38.197419], [143.336788, -38.204664], [143.337608, -38.211362], [143.341299, -38.21765], [143.342939, -38.228586], [143.344033, -38.236515], [143.345126, -38.247861], [143.340615, -38.254012], [143.346767, -38.260027], [143.347177, -38.270143], [143.346767, -38.277798], [143.366998, -38.277934], [143.37602, -38.274107], [143.378481, -38.283402], [143.384222, -38.28682], [143.387503, -38.292151], [143.401993, -38.285043], [143.411972, -38.276294], [143.410741, -38.286683], [143.407871, -38.293928], [143.414022, -38.298576], [143.401719, -38.299259], [143.40582, -38.309238], [143.411972, -38.313749], [143.413202, -38.323728], [143.411425, -38.338765], [143.420857, -38.342729], [143.419764, -38.351478], [143.401309, -38.356262], [143.386078, -38.353443], [143.367955, -38.350248], [143.354695, -38.343413], [143.347314, -38.343959], [143.339522, -38.355032], [143.347443, -38.367172], [143.352235, -38.379091], [143.368775, -38.40397], [143.361667, -38.454548], [143.336241, -38.452634], [143.324075, -38.454411], [143.312319, -38.452361], [143.284843, -38.447987], [143.279511, -38.452224], [143.277051, -38.469311], [143.259417, -38.471225], [143.246567, -38.468491], [143.233854, -38.472045], [143.226473, -38.485989], [143.224695, -38.507724], [143.238365, -38.510184], [143.236862, -38.518249], [143.224559, -38.524127], [143.211846, -38.524127], [143.205694, -38.524537], [143.201594, -38.529869], [143.192161, -38.526588], [143.1856, -38.516199], [143.175894, -38.515789], [143.165779, -38.523034], [143.178902, -38.537797], [143.182593, -38.546683], [143.177125, -38.561036], [143.182319, -38.568964], [143.189838, -38.57785], [143.195989, -38.580857], [143.197356, -38.588922], [143.196536, -38.598491], [143.189291, -38.608607], [143.167282, -38.616535], [143.147735, -38.620499], [143.14254, -38.628291], [143.131331, -38.631982], [143.126683, -38.646062], [143.127777, -38.655494], [143.120395, -38.659322], [143.120122, -38.66643], [143.116161, -38.673271], [143.12298, -38.676794]]], [[[144.680908, -38.239133], [144.680197, -38.23784], [144.67872, -38.237599], [144.674002, -38.241482], [144.672277, -38.244269], [144.670317, -38.245129], [144.666455, -38.249864], [144.663739, -38.250696], [144.663081, -38.252844], [144.663585, -38.254283], [144.667174, -38.255033], [144.667715, -38.256151], [144.668549, -38.259389], [144.667331, -38.262063], [144.67191, -38.264362], [144.671665, -38.263662], [144.672995, -38.262822], [144.670464, -38.259782], [144.670743, -38.261272], [144.670379, -38.261878], [144.6698, -38.261121], [144.669868, -38.262926], [144.667672, -38.262109], [144.66975, -38.257941], [144.668797, -38.258965], [144.667849, -38.255016], [144.672476, -38.255213], [144.670107, -38.257231], [144.67081, -38.25745], [144.680005, -38.252937], [144.688728, -38.251607], [144.697939, -38.248103], [144.702137, -38.243412], [144.700155, -38.241645], [144.696582, -38.241234], [144.695005, -38.24244], [144.689714, -38.242815], [144.688534, -38.243934], [144.689935, -38.244577], [144.689344, -38.246739], [144.686205, -38.248153], [144.682342, -38.247752], [144.678828, -38.250631], [144.677954, -38.24921], [144.678183, -38.247487], [144.680169, -38.243357], [144.680908, -38.239133]]], [[[144.666095, -38.257122], [144.664248, -38.258896], [144.661919, -38.258875], [144.664535, -38.260048], [144.666438, -38.259197], [144.666769, -38.257622], [144.666095, -38.257122]]], [[[144.686269, -38.245889], [144.68769, -38.245411], [144.686114, -38.244305], [144.684339, -38.244925], [144.686269, -38.245889]]], [[[144.638128, -38.267397], [144.638933, -38.26737], [144.6385, -38.266652], [144.637614, -38.267012], [144.638128, -38.267397]]], [[[143.26597, -38.769814], [143.264849, -38.769796], [143.264871, -38.770086], [143.265432, -38.770162], [143.26597, -38.769814]]], [[[143.402789, -38.781513], [143.402938, -38.781116], [143.402622, -38.781063], [143.402517, -38.781407], [143.402789, -38.781513]]], [[[144.639557, -38.267634], [144.639898, -38.267543], [144.639426, -38.267238], [144.63934, -38.267439], [144.639557, -38.267634]]]]}}, {"type": "Feature", "properties": {"index": "CRIO", "division": "Corio", "state": "Victoria", "year": "1994", "proclaimed": "19941220", "quota": "0", "electors": "0", "deviation": ""}, "geometry": {"type": "Polygon", "coordinates": [[[144.576123, -38.141948], [144.565753, -38.150843], [144.557972, -38.154858], [144.554373, -38.155902], [144.550558, -38.155156], [144.54691, -38.156765], [144.542845, -38.156587], [144.536645, -38.158556], [144.531568, -38.158534], [144.527042, -38.160288], [144.520481, -38.159501], [144.505379, -38.161943], [144.497936, -38.161013], [144.48981, -38.163447], [144.478136, -38.164482], [144.468743, -38.163053], [144.460334, -38.159726], [144.452463, -38.155831], [144.442823, -38.149522], [144.432694, -38.139704], [144.428682, -38.132061], [144.429647, -38.130661], [144.428243, -38.13061], [144.425598, -38.123813], [144.426031, -38.125397], [144.424751, -38.126299], [144.420991, -38.132493], [144.418575, -38.140449], [144.419173, -38.147048], [144.416599, -38.155329], [144.406396, -38.154644], [144.40264, -38.155458], [144.400347, -38.152998], [144.39649, -38.151889], [144.394561, -38.149598], [144.388768, -38.148685], [144.384821, -38.144736], [144.3848, -38.143255], [144.373929, -38.146697], [144.368573, -38.146523], [144.367264, -38.144968], [144.365166, -38.144831], [144.357382, -38.13975], [144.355617, -38.137201], [144.355795, -38.133042], [144.358755, -38.125129], [144.358296, -38.122865], [144.359908, -38.122211], [144.36016, -38.120548], [144.3591, -38.119852], [144.360078, -38.115209], [144.366582, -38.109905], [144.365191, -38.107949], [144.36097, -38.106703], [144.361606, -38.105136], [144.367352, -38.104775], [144.371958, -38.101203], [144.376324, -38.100996], [144.380845, -38.097199], [144.381575, -38.097352], [144.383237, -38.092254], [144.383275, -38.089615], [144.382157, -38.089155], [144.38257, -38.086498], [144.384524, -38.085418], [144.383299, -38.083885], [144.385392, -38.08231], [144.386299, -38.079665], [144.388972, -38.078015], [144.388751, -38.07713], [144.397943, -38.073816], [144.404115, -38.077859], [144.406845, -38.081434], [144.41352, -38.084488], [144.443259, -38.086266], [144.444082, -38.086881], [144.443489, -38.088479], [144.441475, -38.08959], [144.441848, -38.090581], [144.444841, -38.0918], [144.445706, -38.089735], [144.447526, -38.088717], [144.447908, -38.086692], [144.450252, -38.0854], [144.450675, -38.083992], [144.453894, -38.081928], [144.455486, -38.081875], [144.455876, -38.082964], [144.457831, -38.082285], [144.456704, -38.080718], [144.457882, -38.077768], [144.459936, -38.076896], [144.462655, -38.077459], [144.464016, -38.076715], [144.466655, -38.077634], [144.46754, -38.079558], [144.46689, -38.081151], [144.469018, -38.081818], [144.470912, -38.083542], [144.475218, -38.078503], [144.47811, -38.076774], [144.481505, -38.07778], [144.482994, -38.079897], [144.483014, -38.077922], [144.484974, -38.078202], [144.485169, -38.079607], [144.485583, -38.0782], [144.487431, -38.07828], [144.490852, -38.082474], [144.492574, -38.082756], [144.49448, -38.085023], [144.496174, -38.085363], [144.498534, -38.087497], [144.503729, -38.088496], [144.50536, -38.089931], [144.505369, -38.091454], [144.506846, -38.091508], [144.508247, -38.088432], [144.510226, -38.087795], [144.509534, -38.087021], [144.511487, -38.083236], [144.511644, -38.073191], [144.512624, -38.070366], [144.514119, -38.06943], [144.513776, -38.068136], [144.515685, -38.064305], [144.516935, -38.05867], [144.517894, -38.053136], [144.516615, -38.050637], [144.517517, -38.053427], [144.515551, -38.061151], [144.513995, -38.06129], [144.512013, -38.059008], [144.512499, -38.056433], [144.513909, -38.054868], [144.512443, -38.051807], [144.515692, -38.045604], [144.519994, -38.044119], [144.534374, -38.042974], [144.535027, -38.042638], [144.533471, -38.042509], [144.53531, -38.042284], [144.539377, -38.039492], [144.536724, -38.04137], [144.53429, -38.044514], [144.520522, -38.048505], [144.517071, -38.048612], [144.519247, -38.049097], [144.533681, -38.045005], [144.535363, -38.043898], [144.536665, -38.041685], [144.538912, -38.040196], [144.547622, -38.037854], [144.550731, -38.036062], [144.555715, -38.036254], [144.557251, -38.037865], [144.558663, -38.037541], [144.558764, -38.035132], [144.562033, -38.032934], [144.561984, -38.032075], [144.562963, -38.031464], [144.562933, -38.029123], [144.564103, -38.027139], [144.566775, -38.02609], [144.566452, -38.025185], [144.567493, -38.022783], [144.570006, -38.021511], [144.575427, -38.020483], [144.576688, -38.016421], [144.580975, -38.011522], [144.585707, -38.008049], [144.589248, -38.006446], [144.588203, -38.004518], [144.581366, -38.00301], [144.578149, -38.00177], [144.574395, -37.999759], [144.571915, -37.997715], [144.571948, -37.995503], [144.570976, -37.993827], [144.569334, -37.992486], [144.568194, -37.990743], [144.566854, -37.988431], [144.566787, -37.986621], [144.565413, -37.98528], [144.56377, -37.986152], [144.562028, -37.986018], [144.559782, -37.984711], [144.557335, -37.984778], [144.553749, -37.984107], [144.55318, -37.981527], [144.552074, -37.979114], [144.552007, -37.976399], [144.549694, -37.97412], [144.548428, -37.973965], [144.547817, -37.973248], [144.54829, -37.971881], [144.545605, -37.971874], [144.543494, -37.971372], [144.541349, -37.971472], [144.537796, -37.971975], [144.535953, -37.972243], [144.533573, -37.970768], [144.531026, -37.971874], [144.528445, -37.972813], [144.526501, -37.973718], [144.524155, -37.973852], [144.522982, -37.976332], [144.523284, -37.978242], [144.52246, -37.98003], [144.520904, -37.980119], [144.519497, -37.98089], [144.517452, -37.980488], [144.516246, -37.979382], [144.51472, -37.979708], [144.512928, -37.978946], [144.511352, -37.977941], [144.510514, -37.978276], [144.509073, -37.978209], [144.509107, -37.976399], [144.50862, -37.974545], [144.507062, -37.973986], [144.504716, -37.97422], [144.499387, -37.974455], [144.495851, -37.974321], [144.495322, -37.971684], [144.495164, -37.967651], [144.495567, -37.966311], [144.496694, -37.964883], [144.495701, -37.963864], [144.493857, -37.962691], [144.49198, -37.961619], [144.489634, -37.960848], [144.488693, -37.958666], [144.487322, -37.956323], [144.485705, -37.955164], [144.484643, -37.953637], [144.483132, -37.952569], [144.48092, -37.951296], [144.480317, -37.949721], [144.479171, -37.948058], [144.477401, -37.945833], [144.478329, -37.944517], [144.480024, -37.944686], [144.481376, -37.94442], [144.480164, -37.943404], [144.479676, -37.94252], [144.477971, -37.942079], [144.476548, -37.941116], [144.477234, -37.939733], [144.479077, -37.938728], [144.477455, -37.937202], [144.476161, -37.936314], [144.474854, -37.935812], [144.47437, -37.933923], [144.476061, -37.9337], [144.477234, -37.932259], [144.476999, -37.930315], [144.476262, -37.929209], [144.475524, -37.928405], [144.47663, -37.927701], [144.478407, -37.927701], [144.480078, -37.926523], [144.480217, -37.924618], [144.481021, -37.923914], [144.482328, -37.92321], [144.481122, -37.921903], [144.477904, -37.922037], [144.476967, -37.920235], [144.477262, -37.919291], [144.477621, -37.91806], [144.476849, -37.917086], [144.477234, -37.916306], [144.478407, -37.915535], [144.478581, -37.914107], [144.478675, -37.911781], [144.478273, -37.910508], [144.48025, -37.90977], [144.481691, -37.909536], [144.482764, -37.909134], [144.484434, -37.90929], [144.484439, -37.907788], [144.484741, -37.906586], [144.484741, -37.905212], [144.484373, -37.903738], [144.484364, -37.902658], [144.483334, -37.90233], [144.482797, -37.90119], [144.481658, -37.900051], [144.48149, -37.898945], [144.481725, -37.897604], [144.481524, -37.896331], [144.479781, -37.895191], [144.480518, -37.893348], [144.480451, -37.892041], [144.48085, -37.890881], [144.480619, -37.889829], [144.478574, -37.88822], [144.477234, -37.887282], [144.475695, -37.887122], [144.474318, -37.886913], [144.473413, -37.888421], [144.471774, -37.887486], [144.471838, -37.886097], [144.47281, -37.884801], [144.472743, -37.88336], [144.472106, -37.88269], [144.470899, -37.883528], [144.469324, -37.883628], [144.467749, -37.881785], [144.466945, -37.880847], [144.465604, -37.878936], [144.464062, -37.877763], [144.463895, -37.876925], [144.463023, -37.875551], [144.460811, -37.874043], [144.458583, -37.874119], [144.457225, -37.872531], [144.456045, -37.871155], [144.455784, -37.870423], [144.454778, -37.869887], [144.454678, -37.869083], [144.454443, -37.867809], [144.45327, -37.867474], [144.450891, -37.867574], [144.450019, -37.868144], [144.448813, -37.868345], [144.447305, -37.867239], [144.447237, -37.866368], [144.446936, -37.865362], [144.446064, -37.864223], [144.444288, -37.864156], [144.442512, -37.863486], [144.441808, -37.862111], [144.441774, -37.861307], [144.441305, -37.860302], [144.438289, -37.858358], [144.437216, -37.857084], [144.435876, -37.85695], [144.43544, -37.855542], [144.433965, -37.854839], [144.43266, -37.855621], [144.431519, -37.856179], [144.431404, -37.857439], [144.430343, -37.858184], [144.429206, -37.856347], [144.428368, -37.854436], [144.428233, -37.852461], [144.427411, -37.851534], [144.425788, -37.85142], [144.42524, -37.850446], [144.424669, -37.848983], [144.423408, -37.848404], [144.421931, -37.846708], [144.421665, -37.844717], [144.422034, -37.842773], [144.422705, -37.841452], [144.422671, -37.840259], [144.422034, -37.839723], [144.421907, -37.838489], [144.42247, -37.836472], [144.423068, -37.835302], [144.422979, -37.833876], [144.421129, -37.833556], [144.419788, -37.832383], [144.419973, -37.830128], [144.419353, -37.828563], [144.41818, -37.827121], [144.419353, -37.82625], [144.420961, -37.825154], [144.420904, -37.82425], [144.419749, -37.823356], [144.419989, -37.822429], [144.420191, -37.820888], [144.419116, -37.819833], [144.417632, -37.819602], [144.417007, -37.818944], [144.416336, -37.817771], [144.414822, -37.816553], [144.415632, -37.815693], [144.416537, -37.814721], [144.416806, -37.811269], [144.415498, -37.809962], [144.413186, -37.809392], [144.411958, -37.809864], [144.410136, -37.809505], [144.408818, -37.80845], [144.407756, -37.809425], [144.406717, -37.808889], [144.405243, -37.806845], [144.404539, -37.805504], [144.403249, -37.805822], [144.39912, -37.81523], [144.361797, -37.810818], [144.358667, -37.826116], [144.357732, -37.828222], [144.354463, -37.844989], [144.352825, -37.844985], [144.351953, -37.843376], [144.349334, -37.84256], [144.34864, -37.842977], [144.347086, -37.841979], [144.346088, -37.842673], [144.345016, -37.844013], [144.345264, -37.845154], [144.34344, -37.845086], [144.342904, -37.843563], [144.341295, -37.843309], [144.342169, -37.844397], [144.341161, -37.844985], [144.338728, -37.84444], [144.338547, -37.843041], [144.336067, -37.843879], [144.334894, -37.843745], [144.333683, -37.845009], [144.332785, -37.845158], [144.331676, -37.845991], [144.330448, -37.846289], [144.328761, -37.844952], [144.326783, -37.844047], [144.326082, -37.844251], [144.324773, -37.84434], [144.324621, -37.844969], [144.323767, -37.844214], [144.322734, -37.844655], [144.322326, -37.84351], [144.321253, -37.842773], [144.321287, -37.841427], [144.320398, -37.840661], [144.31941, -37.841164], [144.318706, -37.840326], [144.317701, -37.840729], [144.317428, -37.83956], [144.316915, -37.839996], [144.316058, -37.838718], [144.314751, -37.838919], [144.315321, -37.83731], [144.314248, -37.836841], [144.313261, -37.837025], [144.312667, -37.835859], [144.311954, -37.836943], [144.311266, -37.837075], [144.310114, -37.836762], [144.308905, -37.83649], [144.307735, -37.83719], [144.307475, -37.83656], [144.306506, -37.836536], [144.305199, -37.836606], [144.305367, -37.8355], [144.304831, -37.834729], [144.303614, -37.835036], [144.302969, -37.834022], [144.301881, -37.833556], [144.301533, -37.8323], [144.300808, -37.832125], [144.301112, -37.830773], [144.300608, -37.83054], [144.299875, -37.83092], [144.298496, -37.82997], [144.296702, -37.828407], [144.298563, -37.815994], [144.287972, -37.814117], [144.286833, -37.819145], [144.267812, -37.817547], [144.25801, -37.805605], [144.24648, -37.805068], [144.243397, -37.807817], [144.224427, -37.807683], [144.220741, -37.814587], [144.21826, -37.818005], [144.21597, -37.82024], [144.21377, -37.82132], [144.211759, -37.821893], [144.211157, -37.823387], [144.210787, -37.825278], [144.218864, -37.830138], [144.224863, -37.832551], [144.228181, -37.832853], [144.230158, -37.834059], [144.231633, -37.836807], [144.231868, -37.840662], [144.232299, -37.844027], [144.233443, -37.847164], [144.233745, -37.849242], [144.233242, -37.853029], [144.232751, -37.858782], [144.233175, -37.862815], [144.234201, -37.86652], [144.236676, -37.869914], [144.248254, -37.873699], [144.245475, -37.874076], [144.243081, -37.874802], [144.240838, -37.876419], [144.238772, -37.878936], [144.236336, -37.881863], [144.233946, -37.885137], [144.231941, -37.888], [144.228583, -37.889929], [144.226673, -37.892108], [144.225332, -37.894856], [144.223723, -37.897135], [144.221847, -37.898241], [144.218596, -37.898342], [144.217151, -37.899683], [144.21387, -37.900654], [144.212898, -37.90605], [144.21208, -37.907531], [144.212243, -37.91029], [144.2081, -37.91283], [144.202528, -37.938218], [144.236627, -37.942448], [144.235482, -37.943737], [144.234281, -37.943922], [144.234046, -37.94476], [144.234951, -37.945665], [144.234851, -37.947207], [144.23599, -37.94838], [144.23666, -37.948313], [144.237029, -37.949687], [144.236359, -37.950022], [144.236491, -37.951074], [144.236124, -37.952402], [144.235454, -37.954413], [144.236663, -37.956452], [144.235688, -37.957697], [144.235658, -37.959401], [144.236063, -37.961335], [144.236358, -37.962856], [144.235729, -37.963463], [144.235756, -37.965238], [144.236256, -37.966417], [144.238303, -37.968054], [144.239447, -37.969127], [144.239911, -37.97164], [144.239978, -37.972947], [144.241319, -37.973684], [144.241118, -37.974623], [144.240012, -37.975259], [144.24028, -37.976801], [144.241858, -37.978341], [144.242148, -37.979675], [144.241386, -37.980555], [144.240226, -37.981512], [144.239844, -37.982566], [144.241956, -37.983135], [144.243308, -37.983458], [144.244116, -37.984172], [144.244826, -37.985482], [144.24552, -37.985638], [144.24638, -37.986688], [144.247151, -37.98709], [144.246782, -37.988263], [144.245643, -37.988196], [144.245608, -37.989627], [144.246715, -37.98957], [144.246581, -37.99014], [144.247318, -37.990878], [144.246939, -37.991797], [144.245475, -37.99262], [144.245911, -37.993492], [144.245911, -37.994397], [144.246229, -37.995909], [144.246784, -37.997526], [144.244771, -37.997916], [144.242966, -37.997883], [144.242829, -37.999082], [144.243933, -37.999625], [144.243707, -37.999996], [144.243419, -38.001118], [144.242177, -38.001491], [144.241989, -38.002273], [144.243337, -38.002254], [144.243903, -38.00336], [144.242716, -38.003198], [144.242736, -38.004877], [144.242056, -38.006261], [144.241096, -38.007433], [144.240941, -38.008988], [144.242166, -38.008886], [144.242686, -38.009502], [144.24219, -38.01045], [144.242822, -38.011313], [144.245124, -38.012071], [144.245524, -38.013297], [144.246045, -38.014606], [144.246983, -38.01645], [144.246547, -38.017857], [144.248123, -38.01893], [144.250737, -38.020505], [144.251575, -38.023656], [144.249028, -38.02379], [144.249798, -38.026638], [144.251474, -38.028147], [144.250871, -38.02942], [144.25124, -38.031062], [144.254055, -38.033744], [144.256367, -38.033811], [144.258579, -38.035453], [144.258647, -38.038067], [144.257172, -38.04038], [144.260758, -38.040983], [144.260892, -38.043999], [144.262367, -38.044871], [144.262903, -38.046982], [144.261294, -38.048457], [144.262903, -38.04896], [144.26354, -38.05087], [144.263473, -38.054188], [144.262065, -38.057338], [144.258943, -38.058977], [144.257604, -38.059777], [144.258861, -38.060515], [144.259701, -38.0614], [144.259685, -38.062969], [144.258881, -38.063727], [144.259386, -38.064784], [144.259216, -38.065583], [144.261438, -38.065971], [144.260657, -38.066823], [144.262394, -38.066611], [144.264273, -38.066595], [144.265147, -38.067301], [144.266824, -38.067628], [144.268285, -38.068522], [144.269155, -38.067861], [144.270075, -38.067192], [144.271952, -38.06555], [144.273974, -38.066595], [144.274935, -38.067192], [144.276482, -38.067524], [144.276544, -38.068734], [144.276678, -38.070175], [144.278488, -38.070443], [144.278454, -38.071381], [144.279191, -38.072454], [144.2808, -38.072689], [144.281766, -38.073571], [144.280577, -38.073488], [144.2808, -38.074197], [144.282411, -38.074712], [144.283079, -38.075604], [144.284453, -38.075035], [144.285291, -38.07594], [144.283917, -38.076174], [144.284143, -38.077451], [144.285924, -38.077966], [144.28643, -38.079047], [144.284134, -38.080038], [144.28487, -38.08096], [144.283984, -38.081872], [144.284319, -38.083212], [144.283582, -38.082911], [144.282258, -38.083562], [144.281276, -38.082504], [144.280934, -38.083749], [144.279719, -38.083753], [144.28028, -38.084984], [144.279962, -38.085994], [144.278868, -38.086807], [144.279749, -38.087677], [144.279057, -38.088039], [144.277821, -38.089084], [144.277884, -38.090753], [144.277447, -38.091991], [144.276477, -38.092194], [144.27498, -38.093105], [144.276007, -38.094272], [144.278186, -38.095881], [144.27959, -38.098465], [144.281169, -38.098227], [144.283314, -38.099166], [144.285459, -38.0993], [144.287101, -38.098864], [144.289227, -38.098857], [144.288371, -38.100036], [144.289615, -38.101445], [144.291961, -38.103891], [144.295078, -38.104092], [144.297687, -38.10492], [144.2991, -38.104428], [144.300541, -38.105332], [144.300071, -38.107343], [144.301647, -38.108483], [144.302552, -38.110695], [144.303892, -38.111265], [144.305635, -38.110427], [144.307609, -38.110367], [144.307351, -38.111624], [144.306372, -38.112371], [144.304864, -38.113879], [144.306407, -38.11446], [144.309339, -38.113863], [144.309325, -38.114857], [144.310484, -38.116436], [144.311868, -38.115499], [144.313501, -38.11507], [144.315388, -38.114046], [144.31636, -38.114415], [144.315645, -38.116121], [144.315187, -38.117968], [144.313344, -38.118973], [144.311283, -38.11813], [144.309657, -38.11961], [144.309791, -38.121152], [144.309815, -38.123096], [144.310662, -38.124202], [144.310848, -38.125664], [144.309799, -38.127155], [144.308484, -38.128894], [144.308348, -38.131137], [144.307575, -38.133178], [144.308795, -38.134731], [144.311199, -38.135027], [144.311433, -38.136133], [144.31026, -38.137206], [144.309858, -38.139853], [144.309288, -38.140959], [144.308853, -38.143708], [144.309433, -38.145322], [144.312626, -38.146284], [144.313454, -38.145092], [144.315924, -38.144411], [144.318538, -38.144311], [144.321354, -38.144847], [144.323264, -38.146724], [144.32427, -38.148668], [144.324102, -38.150746], [144.322778, -38.152115], [144.321052, -38.15393], [144.321585, -38.156399], [144.322761, -38.159527], [144.323934, -38.162074], [144.326381, -38.16499], [144.330001, -38.167537], [144.331475, -38.166364], [144.333755, -38.164436], [144.335866, -38.164051], [144.340692, -38.16385], [144.346457, -38.163917], [144.350732, -38.164655], [144.352992, -38.164856], [144.354836, -38.165526], [144.35755, -38.166565], [144.359337, -38.169325], [144.360969, -38.171391], [144.360159, -38.173025], [144.360835, -38.174776], [144.361036, -38.176352], [144.362142, -38.178396], [144.363281, -38.179904], [144.364418, -38.181875], [144.365056, -38.183945], [144.364344, -38.185936], [144.364857, -38.188786], [144.366968, -38.191433], [144.370253, -38.193277], [144.372967, -38.193813], [144.376285, -38.193009], [144.378935, -38.192674], [144.380944, -38.193746], [144.383223, -38.195522], [144.384664, -38.197902], [144.385301, -38.201019], [144.386943, -38.205041], [144.387882, -38.208124], [144.389122, -38.208996], [144.391334, -38.209766], [144.392507, -38.211241], [144.393713, -38.212615], [144.395155, -38.214392], [144.396663, -38.216402], [144.398171, -38.21838], [144.400691, -38.219885], [144.402561, -38.218715], [144.404957, -38.216694], [144.406195, -38.214967], [144.409499, -38.214626], [144.411443, -38.214123], [144.413085, -38.21476], [144.41435, -38.216383], [144.415867, -38.217642], [144.418113, -38.219989], [144.42123, -38.21962], [144.42179, -38.22029], [144.423517, -38.221343], [144.423475, -38.222335], [144.423743, -38.224446], [144.42381, -38.226993], [144.423446, -38.228888], [144.422516, -38.230885], [144.42413, -38.23302], [144.425687, -38.234333], [144.427765, -38.234735], [144.428905, -38.232657], [144.431351, -38.230881], [144.43296, -38.231116], [144.434301, -38.229909], [144.433865, -38.227798], [144.434703, -38.226356], [144.438222, -38.224245], [144.440803, -38.223843], [144.444958, -38.224681], [144.445629, -38.226558], [144.445997, -38.228401], [144.447237, -38.225686], [144.44893, -38.22277], [144.45069, -38.22138], [144.45203, -38.218715], [144.45327, -38.216704], [144.453672, -38.214961], [144.454477, -38.213185], [144.456856, -38.210336], [144.460744, -38.209364], [144.463191, -38.209565], [144.466207, -38.2098], [144.468285, -38.210303], [144.470832, -38.210705], [144.473849, -38.211576], [144.477716, -38.192743], [144.473906, -38.191676], [144.476486, -38.176659], [144.568017, -38.187433], [144.57242, -38.164875], [144.577557, -38.16551], [144.579508, -38.16158], [144.5838, -38.159808], [144.595683, -38.147981], [144.590662, -38.145778], [144.585212, -38.143134], [144.581767, -38.14075], [144.580173, -38.139101], [144.576123, -38.141948]]]}}, {"type": "Feature", "properties": {"index": "DEKN", "division": "Deakin", "state": "Victoria", "year": "1994", "proclaimed": "19941220", "quota": "0", "electors": "0", "deviation": ""}, "geometry": {"type": "Polygon", "coordinates": [[[145.132392, -37.851977], [145.135068, -37.852211], [145.139795, -37.85112], [145.151589, -37.852626], [145.150654, -37.859666], [145.169072, -37.86203], [145.169072, -37.85564], [145.172501, -37.834702], [145.191153, -37.836676], [145.213234, -37.832156], [145.241861, -37.832156], [145.248095, -37.825454], [145.251732, -37.825194], [145.261915, -37.827896], [145.264253, -37.831429], [145.266955, -37.832624], [145.269189, -37.832312], [145.270955, -37.835481], [145.271137, -37.836227], [145.272774, -37.836079], [145.275553, -37.835455], [145.277995, -37.835975], [145.279788, -37.835143], [145.281086, -37.832961], [145.284593, -37.833013], [145.287295, -37.833117], [145.287191, -37.828181], [145.287711, -37.825688], [145.288386, -37.806776], [145.289945, -37.799606], [145.280489, -37.798619], [145.273839, -37.800749], [145.269111, -37.799658], [145.257941, -37.801295], [145.253966, -37.79784], [145.257291, -37.795398], [145.255031, -37.789086], [145.256122, -37.781422], [145.237834, -37.779188], [145.235314, -37.793761], [145.221676, -37.792307], [145.220092, -37.792515], [145.218221, -37.790982], [145.21713, -37.790956], [145.213545, -37.811062], [145.212766, -37.810439], [145.211857, -37.808854], [145.210896, -37.807711], [145.208142, -37.808101], [145.207207, -37.80649], [145.206064, -37.806984], [145.20531, -37.805971], [145.203882, -37.804698], [145.203752, -37.803919], [145.190373, -37.803841], [145.185412, -37.799944], [145.184632, -37.804672], [145.178268, -37.804308], [145.177696, -37.803477], [145.17541, -37.803763], [145.172709, -37.803789], [145.170111, -37.803425], [145.167305, -37.802724], [145.164916, -37.802516], [145.162837, -37.802698], [145.160395, -37.802256], [145.157928, -37.801321], [145.15294, -37.800801], [145.150758, -37.799139], [145.149199, -37.799502], [145.147693, -37.800516], [145.14603, -37.799554], [145.144367, -37.798463], [145.142211, -37.798515], [145.132392, -37.851977]]]}}, {"type": "Feature", "properties": {"index": "DKLY", "division": "Dunkley", "state": "Victoria", "year": "1994", "proclaimed": "19941220", "quota": "0", "electors": "0", "deviation": ""}, "geometry": {"type": "Polygon", "coordinates": [[[145.123873, -38.091401], [145.124504, -38.108031], [145.122489, -38.128151], [145.11763, -38.144105], [145.112255, -38.15212], [145.103311, -38.156409], [145.096949, -38.163173], [145.093246, -38.164222], [145.091199, -38.162621], [145.08755, -38.164238], [145.084028, -38.171029], [145.082395, -38.17193], [145.081612, -38.171332], [145.081202, -38.172569], [145.078292, -38.173882], [145.078374, -38.17555], [145.073957, -38.180281], [145.071279, -38.188753], [145.065143, -38.197547], [145.061688, -38.201202], [145.053148, -38.206305], [145.049046, -38.210671], [145.044952, -38.213405], [145.042599, -38.213852], [145.041158, -38.213062], [145.038592, -38.214632], [145.03542, -38.21494], [145.034025, -38.214574], [145.033874, -38.212129], [145.03242, -38.212673], [145.033537, -38.216981], [145.031794, -38.218538], [145.031692, -38.223573], [145.028908, -38.22641], [145.025502, -38.226506], [145.026596, -38.22784], [145.02551, -38.229597], [145.026714, -38.23278], [145.025691, -38.234286], [145.027611, -38.235102], [145.027466, -38.236632], [145.02859, -38.239029], [145.027394, -38.242731], [145.027405, -38.242754], [145.046091, -38.246171], [145.051373, -38.247666], [145.078906, -38.25459], [145.083262, -38.247244], [145.083815, -38.244188], [145.086773, -38.237882], [145.087, -38.236549], [145.099386, -38.224912], [145.10709, -38.216915], [145.109235, -38.213729], [145.110795, -38.210251], [145.117719, -38.20505], [145.128252, -38.200174], [145.140929, -38.188374], [145.141027, -38.186911], [145.138589, -38.177874], [145.138556, -38.177094], [145.139239, -38.174494], [145.139239, -38.173551], [145.149966, -38.174754], [145.150844, -38.175176], [145.164984, -38.177322], [145.204187, -38.18223], [145.208576, -38.183758], [145.218751, -38.184961], [145.230518, -38.121735], [145.159133, -38.112958], [145.14431, -38.11104], [145.143123, -38.110715], [145.142473, -38.109935], [145.142522, -38.109269], [145.142002, -38.108765], [145.140815, -38.108505], [145.139938, -38.107627], [145.140003, -38.105547], [145.140653, -38.103466], [145.142083, -38.100931], [145.144359, -38.09716], [145.147284, -38.093844], [145.149235, -38.090528], [145.149235, -38.087798], [145.148585, -38.083344], [145.141661, -38.082499], [145.138638, -38.083214], [145.136265, -38.082564], [145.131519, -38.083669], [145.12778, -38.081524], [145.123912, -38.082272], [145.124448, -38.084734], [145.122756, -38.085036], [145.123873, -38.091401]]]}}, {"type": "Feature", "properties": {"index": "FLND", "division": "Flinders", "state": "Victoria", "year": "1994", "proclaimed": "19941220", "quota": "0", "electors": "0", "deviation": ""}, "geometry": {"type": "MultiPolygon", "coordinates": [[[[145.424303, -38.14607], [145.425392, -38.140809], [145.417248, -38.136519], [145.410059, -38.132865], [145.407042, -38.131324], [145.404445, -38.127587], [145.402132, -38.125777], [145.400909, -38.123682], [145.40044, -38.120967], [145.401546, -38.118068], [145.400423, -38.116108], [145.399283, -38.113393], [145.400423, -38.110963], [145.400591, -38.109941], [145.400356, -38.107813], [145.398345, -38.104277], [145.398663, -38.101612], [145.397976, -38.100238], [145.396451, -38.099384], [145.394977, -38.098412], [145.394206, -38.097725], [145.392966, -38.097406], [145.391726, -38.09635], [145.390385, -38.094909], [145.388626, -38.094021], [145.387687, -38.094189], [145.384872, -38.093552], [145.384721, -38.092697], [145.384151, -38.091843], [145.38328, -38.091541], [145.382408, -38.09072], [145.38261, -38.089714], [145.381772, -38.08948], [145.381034, -38.088206], [145.381085, -38.087217], [145.381537, -38.085944], [145.380716, -38.085005], [145.379794, -38.083631], [145.37971, -38.081671], [145.378621, -38.080313], [145.376392, -38.079576], [145.335236, -38.074415], [145.298241, -38.069707], [145.288206, -38.121287], [145.291214, -38.129127], [145.249053, -38.124147], [145.230518, -38.121735], [145.218751, -38.184961], [145.208576, -38.183758], [145.204187, -38.18223], [145.164984, -38.177322], [145.150844, -38.175176], [145.149966, -38.174754], [145.139239, -38.173551], [145.139239, -38.174494], [145.138556, -38.177094], [145.138589, -38.177874], [145.141027, -38.186911], [145.140929, -38.188374], [145.128252, -38.200174], [145.117719, -38.20505], [145.110795, -38.210251], [145.109235, -38.213729], [145.10709, -38.216915], [145.099386, -38.224912], [145.087, -38.236549], [145.086773, -38.237882], [145.083815, -38.244188], [145.083262, -38.247244], [145.078906, -38.25459], [145.051373, -38.247666], [145.046091, -38.246171], [145.027405, -38.242754], [145.028454, -38.244947], [145.028268, -38.246738], [145.02561, -38.253352], [145.01537, -38.264741], [145.008046, -38.27014], [145.006352, -38.27104], [145.003127, -38.270301], [145.001311, -38.270875], [145.001117, -38.275043], [144.999972, -38.275973], [144.999725, -38.277525], [144.99344, -38.282909], [144.99121, -38.286644], [144.986982, -38.290766], [144.984251, -38.295546], [144.98283, -38.296413], [144.983625, -38.298357], [144.989823, -38.30032], [144.991653, -38.302707], [144.994327, -38.304469], [144.993151, -38.310025], [144.988387, -38.316711], [144.979164, -38.324355], [144.968498, -38.330345], [144.945309, -38.340869], [144.923174, -38.349256], [144.906167, -38.352948], [144.88706, -38.359311], [144.859627, -38.367048], [144.850929, -38.368747], [144.836723, -38.370407], [144.814684, -38.368549], [144.810999, -38.366753], [144.800366, -38.365352], [144.774547, -38.35947], [144.766733, -38.356385], [144.763081, -38.35341], [144.762342, -38.351936], [144.763528, -38.348336], [144.759704, -38.34704], [144.758231, -38.344888], [144.75041, -38.342702], [144.74554, -38.339896], [144.744308, -38.338297], [144.745689, -38.335956], [144.744937, -38.336325], [144.74219, -38.334731], [144.739869, -38.331589], [144.739992, -38.327319], [144.738872, -38.326547], [144.739085, -38.32469], [144.735739, -38.323942], [144.734143, -38.32248], [144.723124, -38.320614], [144.718272, -38.317624], [144.71559, -38.318813], [144.707343, -38.317795], [144.705211, -38.316636], [144.70485, -38.315237], [144.691994, -38.310792], [144.680224, -38.305219], [144.674306, -38.30587], [144.667201, -38.308146], [144.66541, -38.307146], [144.662164, -38.307342], [144.65523, -38.30516], [144.652895, -38.301541], [144.6515, -38.301854], [144.651908, -38.304077], [144.661932, -38.310258], [144.66211, -38.311805], [144.663948, -38.311121], [144.666036, -38.312161], [144.669521, -38.315036], [144.669801, -38.316606], [144.673386, -38.317168], [144.674759, -38.319897], [144.677947, -38.319655], [144.684139, -38.323702], [144.684739, -38.324815], [144.688186, -38.32557], [144.690343, -38.328856], [144.691448, -38.328593], [144.693448, -38.330487], [144.695408, -38.330712], [144.709685, -38.337851], [144.722847, -38.344729], [144.724921, -38.346633], [144.727639, -38.346115], [144.728581, -38.347479], [144.730563, -38.348243], [144.732027, -38.350816], [144.735991, -38.35239], [144.735408, -38.353386], [144.736358, -38.354367], [144.738249, -38.353222], [144.73949, -38.353733], [144.73917, -38.354465], [144.741749, -38.353947], [144.742315, -38.354697], [144.741239, -38.355424], [144.741869, -38.356966], [144.743727, -38.358044], [144.743507, -38.359751], [144.745106, -38.359724], [144.745809, -38.361065], [144.746906, -38.360608], [144.752367, -38.363947], [144.753313, -38.367695], [144.755735, -38.367966], [144.760107, -38.37059], [144.763325, -38.372742], [144.764102, -38.374565], [144.767064, -38.374008], [144.767959, -38.376061], [144.767411, -38.376575], [144.771482, -38.37832], [144.771925, -38.379721], [144.773874, -38.380398], [144.773908, -38.381194], [144.780881, -38.386081], [144.78146, -38.387644], [144.78446, -38.389547], [144.78833, -38.389806], [144.78725, -38.390709], [144.788749, -38.392404], [144.791059, -38.393216], [144.798927, -38.400664], [144.801912, -38.401953], [144.80909, -38.408392], [144.813704, -38.411108], [144.818944, -38.41635], [144.823382, -38.418829], [144.830883, -38.425287], [144.838574, -38.430328], [144.845887, -38.437212], [144.846443, -38.438907], [144.851033, -38.441558], [144.85151, -38.442811], [144.855274, -38.444961], [144.85675, -38.446827], [144.860767, -38.449431], [144.861971, -38.451511], [144.869378, -38.457159], [144.871995, -38.459953], [144.873912, -38.46351], [144.875706, -38.464859], [144.87677, -38.467879], [144.882024, -38.472344], [144.884705, -38.476283], [144.886653, -38.477217], [144.884941, -38.481234], [144.884967, -38.483162], [144.884164, -38.483834], [144.884347, -38.486885], [144.885097, -38.48716], [144.885241, -38.488525], [144.88412, -38.489144], [144.884871, -38.48981], [144.883815, -38.490979], [144.884835, -38.491667], [144.885143, -38.493361], [144.886854, -38.493906], [144.886785, -38.495507], [144.886139, -38.495641], [144.887096, -38.498705], [144.888051, -38.499297], [144.889018, -38.499004], [144.888985, -38.497961], [144.890441, -38.49822], [144.888689, -38.497379], [144.888505, -38.496307], [144.894658, -38.491456], [144.901503, -38.491581], [144.902734, -38.490314], [144.906408, -38.491128], [144.911152, -38.489253], [144.914641, -38.490302], [144.91532, -38.491245], [144.914923, -38.492764], [144.919537, -38.494708], [144.919238, -38.496055], [144.918199, -38.496357], [144.918641, -38.497017], [144.924398, -38.497396], [144.924806, -38.496262], [144.927886, -38.49542], [144.928714, -38.496178], [144.931532, -38.495813], [144.932392, -38.494794], [144.93741, -38.497082], [144.938, -38.496468], [144.936344, -38.494201], [144.938862, -38.495154], [144.943486, -38.495123], [144.9427, -38.49128], [144.945082, -38.489707], [144.946491, -38.490157], [144.948099, -38.489585], [144.948813, -38.488548], [144.951176, -38.488141], [144.952833, -38.489228], [144.959076, -38.48683], [144.960881, -38.487371], [144.963024, -38.486565], [144.967303, -38.486717], [144.967899, -38.487448], [144.971016, -38.48759], [144.971693, -38.489456], [144.973851, -38.489683], [144.97363, -38.490415], [144.976631, -38.490335], [144.976764, -38.489434], [144.978745, -38.489591], [144.980056, -38.487075], [144.984361, -38.485274], [144.987412, -38.485833], [144.989227, -38.484152], [144.990497, -38.484422], [144.990607, -38.485317], [144.992037, -38.484749], [144.993899, -38.48592], [144.99668, -38.484081], [145.006597, -38.481005], [145.008423, -38.481263], [145.010999, -38.479662], [145.014612, -38.480176], [145.017739, -38.483178], [145.026691, -38.483221], [145.030092, -38.485197], [145.029908, -38.486223], [145.030816, -38.485885], [145.031265, -38.487081], [145.033293, -38.485482], [145.033133, -38.484619], [145.03107, -38.483755], [145.029761, -38.481809], [145.027909, -38.481677], [145.026074, -38.480207], [145.025161, -38.478328], [145.025135, -38.475332], [145.026652, -38.472356], [145.026758, -38.470363], [145.032156, -38.464694], [145.031857, -38.461147], [145.032854, -38.458724], [145.032028, -38.457358], [145.032913, -38.455295], [145.036909, -38.452074], [145.037667, -38.449663], [145.040571, -38.44694], [145.039286, -38.445518], [145.039592, -38.444312], [145.045302, -38.439293], [145.044853, -38.437483], [145.045825, -38.435761], [145.047772, -38.434477], [145.047157, -38.433781], [145.047671, -38.434346], [145.04922, -38.433726], [145.048903, -38.432333], [145.050472, -38.42984], [145.05323, -38.429096], [145.057262, -38.429612], [145.060123, -38.427322], [145.066338, -38.425142], [145.070798, -38.424624], [145.076384, -38.425446], [145.07889, -38.423266], [145.076903, -38.422837], [145.076563, -38.421669], [145.079327, -38.415831], [145.084225, -38.411146], [145.089362, -38.40825], [145.091347, -38.405775], [145.096149, -38.402507], [145.105492, -38.401753], [145.10701, -38.400848], [145.111835, -38.400917], [145.1145, -38.398558], [145.114478, -38.39681], [145.116334, -38.395079], [145.121486, -38.393379], [145.124529, -38.393841], [145.12552, -38.39222], [145.129747, -38.390506], [145.134105, -38.390213], [145.14122, -38.392118], [145.152931, -38.393159], [145.165683, -38.396735], [145.172766, -38.396296], [145.185486, -38.398777], [145.203583, -38.405015], [145.210572, -38.406608], [145.222677, -38.407116], [145.231641, -38.409613], [145.234572, -38.409613], [145.234753, -38.40601], [145.233475, -38.406139], [145.233238, -38.407848], [145.230531, -38.407771], [145.232844, -38.406999], [145.229383, -38.404314], [145.229511, -38.401369], [145.228268, -38.398641], [145.226462, -38.397717], [145.221529, -38.397986], [145.221045, -38.39739], [145.221979, -38.396378], [145.221627, -38.395815], [145.217753, -38.393953], [145.219222, -38.39196], [145.218745, -38.388519], [145.215199, -38.383113], [145.207854, -38.381399], [145.203973, -38.378695], [145.198776, -38.37797], [145.195198, -38.37592], [145.191777, -38.376085], [145.183986, -38.374587], [145.184809, -38.373844], [145.184776, -38.371743], [145.192699, -38.372981], [145.192671, -38.368987], [145.193762, -38.366562], [145.196407, -38.366586], [145.200203, -38.369705], [145.201316, -38.373658], [145.208534, -38.375992], [145.210923, -38.378673], [145.2153, -38.379837], [145.221952, -38.377797], [145.2217, -38.375184], [145.223442, -38.373274], [145.222468, -38.37244], [145.22106, -38.373228], [145.218904, -38.372499], [145.214793, -38.368757], [145.213463, -38.365909], [145.213301, -38.357044], [145.215332, -38.35299], [145.218094, -38.350272], [145.218781, -38.347604], [145.215683, -38.345106], [145.214767, -38.342381], [145.209042, -38.341924], [145.206455, -38.340793], [145.204892, -38.339161], [145.204671, -38.33709], [145.201439, -38.336102], [145.198342, -38.333811], [145.197094, -38.332037], [145.197897, -38.329227], [145.194951, -38.328388], [145.194069, -38.327184], [145.1941, -38.325347], [145.192849, -38.324507], [145.192898, -38.322389], [145.191617, -38.320616], [145.191988, -38.320724], [145.193362, -38.322905], [145.195308, -38.323764], [145.198042, -38.321221], [145.195303, -38.316693], [145.195216, -38.3145], [145.195961, -38.313795], [145.197445, -38.315623], [145.19855, -38.315586], [145.200511, -38.31171], [145.199546, -38.309731], [145.198132, -38.309866], [145.199016, -38.30942], [145.198323, -38.309106], [145.199665, -38.308894], [145.199181, -38.307431], [145.197136, -38.307581], [145.195869, -38.301701], [145.193885, -38.299738], [145.195745, -38.298306], [145.192934, -38.296557], [145.196268, -38.298008], [145.199878, -38.29657], [145.200749, -38.294583], [145.199986, -38.293078], [145.201207, -38.294005], [145.201375, -38.296587], [145.203388, -38.297354], [145.206034, -38.299895], [145.206203, -38.3038], [145.211297, -38.304085], [145.22302, -38.306462], [145.223458, -38.299818], [145.22563, -38.298749], [145.225869, -38.293542], [145.227965, -38.292209], [145.227847, -38.290233], [145.221839, -38.289973], [145.221038, -38.287122], [145.221854, -38.280623], [145.225654, -38.272428], [145.237231, -38.264239], [145.239974, -38.261454], [145.246931, -38.253703], [145.249325, -38.248908], [145.251317, -38.248925], [145.251343, -38.247536], [145.250121, -38.247267], [145.261731, -38.242426], [145.261488, -38.241072], [145.259649, -38.24012], [145.259357, -38.238938], [145.255046, -38.237433], [145.253302, -38.235679], [145.252739, -38.231911], [145.255552, -38.232477], [145.255381, -38.230152], [145.254169, -38.228189], [145.255405, -38.227979], [145.255331, -38.226436], [145.252619, -38.226398], [145.251604, -38.227236], [145.251313, -38.226684], [145.252522, -38.225254], [145.253926, -38.225426], [145.254508, -38.223212], [145.259059, -38.22575], [145.260293, -38.223424], [145.258995, -38.222342], [145.26097, -38.222872], [145.261456, -38.224453], [145.261915, -38.2235], [145.261358, -38.222433], [145.262894, -38.222079], [145.26792, -38.224662], [145.271575, -38.222965], [145.271237, -38.224338], [145.273637, -38.229236], [145.278629, -38.2344], [145.274081, -38.240842], [145.273622, -38.242977], [145.274882, -38.243396], [145.274132, -38.244101], [145.27624, -38.245264], [145.277426, -38.244692], [145.276773, -38.245588], [145.279873, -38.246807], [145.28915, -38.247147], [145.298309, -38.248493], [145.301913, -38.247429], [145.312667, -38.248052], [145.312447, -38.246698], [145.31126, -38.24647], [145.321378, -38.242481], [145.322151, -38.241109], [145.322855, -38.242633], [145.324841, -38.242155], [145.325348, -38.240859], [145.323991, -38.240536], [145.325319, -38.237924], [145.324882, -38.237124], [145.325972, -38.237218], [145.326405, -38.235083], [145.329094, -38.236111], [145.330595, -38.235271], [145.330984, -38.236186], [145.332582, -38.236147], [145.333767, -38.235345], [145.333475, -38.234431], [145.334685, -38.233877], [145.335191, -38.232295], [145.33696, -38.233094], [145.338458, -38.231206], [145.341337, -38.229565], [145.342978, -38.226286], [145.341597, -38.225696], [145.339583, -38.223086], [145.340206, -38.21874], [145.343808, -38.216491], [145.342137, -38.215861], [145.34291, -38.215003], [145.347072, -38.21357], [145.353378, -38.214725], [145.365584, -38.222111], [145.370355, -38.222793], [145.384366, -38.22097], [145.389657, -38.222444], [145.390028, -38.221536], [145.388484, -38.220646], [145.387714, -38.218701], [145.389834, -38.220679], [145.391936, -38.219549], [145.390739, -38.220986], [145.391788, -38.221331], [145.390989, -38.222226], [145.391925, -38.224129], [145.398201, -38.226136], [145.410917, -38.228048], [145.416098, -38.225922], [145.418121, -38.223439], [145.419117, -38.22046], [145.422123, -38.217306], [145.424791, -38.216035], [145.429939, -38.216606], [145.430646, -38.216389], [145.429929, -38.215118], [145.432466, -38.216114], [145.435577, -38.215461], [145.435722, -38.217352], [145.436902, -38.217543], [145.439085, -38.21632], [145.438031, -38.214987], [145.438385, -38.214401], [145.439378, -38.21623], [145.441053, -38.216868], [145.441756, -38.218692], [145.448315, -38.219393], [145.452466, -38.21876], [145.452782, -38.220555], [145.456562, -38.223078], [145.456838, -38.225563], [145.459991, -38.228038], [145.461763, -38.227762], [145.464166, -38.229289], [145.470729, -38.228902], [145.474365, -38.229513], [145.47918, -38.232301], [145.483008, -38.231982], [145.48559, -38.234142], [145.488988, -38.233414], [145.489474, -38.23513], [145.488272, -38.236151], [145.488532, -38.238329], [145.489443, -38.239603], [145.491037, -38.239706], [145.491593, -38.240687], [145.491017, -38.242471], [145.492847, -38.24389], [145.490844, -38.245521], [145.490359, -38.250641], [145.491637, -38.253652], [145.494533, -38.256295], [145.494684, -38.260934], [145.496585, -38.262894], [145.495936, -38.263622], [145.497732, -38.264474], [145.497964, -38.274077], [145.501434, -38.280288], [145.504597, -38.283536], [145.510566, -38.285932], [145.512051, -38.287547], [145.514112, -38.288072], [145.51795, -38.290894], [145.522134, -38.298944], [145.521462, -38.304687], [145.515497, -38.317852], [145.516625, -38.32025], [145.516432, -38.330166], [145.515332, -38.3378], [145.516986, -38.338994], [145.517538, -38.337789], [145.521361, -38.336858], [145.524116, -38.334452], [145.530325, -38.334395], [145.540721, -38.336905], [145.545145, -38.339536], [145.550952, -38.346755], [145.552463, -38.35245], [145.551354, -38.362237], [145.548956, -38.368146], [145.548933, -38.371688], [145.546218, -38.376089], [145.542195, -38.386766], [145.536826, -38.393317], [145.534822, -38.397928], [145.529798, -38.403711], [145.520649, -38.411388], [145.51868, -38.413893], [145.515409, -38.415475], [145.499618, -38.416845], [145.489876, -38.415096], [145.485882, -38.411934], [145.484196, -38.408579], [145.482331, -38.40826], [145.481275, -38.407126], [145.459478, -38.40871], [145.453556, -38.41266], [145.448492, -38.411763], [145.444377, -38.408695], [145.44072, -38.407942], [145.428308, -38.410486], [145.424039, -38.408181], [145.421102, -38.408082], [145.418353, -38.40659], [145.416381, -38.406995], [145.416662, -38.407857], [145.423355, -38.412455], [145.427195, -38.418006], [145.432868, -38.428709], [145.433813, -38.434868], [145.433401, -38.438763], [145.429031, -38.442551], [145.428157, -38.444475], [145.428019, -38.445811], [145.429469, -38.44842], [145.429689, -38.45423], [145.428272, -38.46083], [145.425598, -38.465784], [145.423273, -38.468243], [145.420085, -38.470626], [145.417718, -38.471373], [145.421243, -38.473234], [145.427422, -38.474637], [145.432528, -38.480368], [145.433363, -38.481674], [145.431917, -38.482638], [145.431024, -38.486089], [145.432235, -38.486404], [145.43448, -38.493623], [145.432233, -38.494543], [145.431766, -38.496581], [145.429025, -38.496448], [145.430245, -38.498043], [145.428122, -38.501164], [145.428131, -38.504104], [145.426828, -38.507133], [145.425264, -38.509094], [145.419706, -38.512983], [145.417759, -38.513642], [145.413081, -38.513434], [145.405164, -38.516145], [145.403176, -38.515601], [145.398314, -38.516305], [145.393502, -38.518676], [145.389246, -38.519573], [145.382315, -38.519113], [145.376464, -38.520293], [145.367749, -38.52002], [145.364379, -38.520622], [145.363217, -38.52135], [145.363881, -38.524033], [145.370118, -38.527003], [145.370859, -38.530362], [145.370212, -38.531594], [145.371802, -38.535972], [145.376137, -38.537967], [145.37876, -38.537154], [145.379278, -38.535897], [145.384357, -38.535558], [145.390159, -38.53652], [145.390746, -38.535778], [145.393128, -38.535655], [145.397543, -38.536878], [145.399077, -38.536236], [145.400021, -38.536966], [145.402585, -38.536622], [145.402764, -38.53736], [145.404585, -38.537674], [145.40889, -38.536853], [145.410096, -38.538424], [145.412288, -38.537422], [145.413032, -38.538044], [145.416565, -38.537364], [145.41785, -38.537847], [145.423688, -38.536479], [145.424605, -38.537666], [145.423992, -38.538809], [145.425377, -38.538777], [145.424985, -38.539367], [145.429559, -38.538184], [145.431186, -38.539404], [145.432735, -38.539304], [145.432995, -38.540833], [145.434682, -38.539549], [145.439576, -38.541566], [145.440325, -38.542351], [145.439712, -38.543399], [145.440221, -38.543994], [145.445468, -38.543938], [145.448085, -38.545533], [145.448523, -38.54747], [145.450219, -38.548508], [145.453102, -38.548226], [145.455232, -38.549876], [145.4575, -38.548301], [145.458591, -38.548802], [145.458828, -38.550139], [145.461067, -38.549423], [145.462326, -38.550382], [145.463833, -38.550312], [145.465507, -38.551841], [145.468475, -38.550311], [145.470923, -38.551695], [145.473452, -38.551171], [145.479371, -38.553637], [145.48004, -38.556178], [145.48194, -38.555308], [145.483686, -38.556001], [145.491413, -38.562196], [145.502314, -38.573096], [145.5042, -38.575772], [145.540957, -38.574466], [145.548476, -38.565581], [145.576263, -38.564369], [145.573355, -38.546033], [145.605889, -38.544666], [145.640884, -38.548494], [145.656877, -38.51596], [145.698297, -38.516096], [145.694879, -38.501743], [145.688454, -38.491901], [145.672734, -38.482605], [145.679569, -38.470576], [145.674648, -38.465791], [145.686814, -38.45964], [145.68326, -38.456223], [145.693376, -38.411386], [145.698023, -38.397169], [145.693786, -38.38473], [145.694879, -38.370786], [145.671504, -38.37106], [145.665665, -38.364517], [145.6998, -38.355066], [145.698433, -38.340713], [145.711283, -38.320208], [145.7147, -38.295876], [145.733565, -38.293552], [145.737256, -38.279746], [145.735752, -38.255413], [145.717161, -38.256233], [145.71142, -38.248168], [145.714564, -38.21044], [145.702534, -38.207569], [145.701851, -38.196496], [145.679159, -38.195129], [145.680936, -38.175718], [145.652229, -38.16943], [145.588938, -38.166013], [145.574858, -38.154667], [145.55039, -38.159998], [145.5359, -38.165466], [145.523733, -38.158358], [145.448776, -38.148678], [145.424303, -38.14607]]], [[[145.271145, -38.383007], [145.272572, -38.383304], [145.271417, -38.384162], [145.27423, -38.384132], [145.275828, -38.385148], [145.276375, -38.386512], [145.276656, -38.391737], [145.27523, -38.393532], [145.27428, -38.398218], [145.270131, -38.402326], [145.265638, -38.402815], [145.267003, -38.402954], [145.266835, -38.403909], [145.268684, -38.402855], [145.270604, -38.40441], [145.27109, -38.407771], [145.269931, -38.408898], [145.272418, -38.40969], [145.27462, -38.409004], [145.276347, -38.406067], [145.280658, -38.40529], [145.281335, -38.404372], [145.279467, -38.401902], [145.278103, -38.396671], [145.275393, -38.394888], [145.276492, -38.394677], [145.282699, -38.397285], [145.287134, -38.39565], [145.300311, -38.398518], [145.303157, -38.399815], [145.304736, -38.401579], [145.307813, -38.401172], [145.311056, -38.40191], [145.313821, -38.403423], [145.315427, -38.406063], [145.317397, -38.406989], [145.318649, -38.409478], [145.318182, -38.411484], [145.319763, -38.412854], [145.324759, -38.410997], [145.329332, -38.414687], [145.329633, -38.413373], [145.33371, -38.41186], [145.337181, -38.412381], [145.340163, -38.414227], [145.342582, -38.41445], [145.345001, -38.417523], [145.348895, -38.419905], [145.352552, -38.420049], [145.353448, -38.418914], [145.354336, -38.414141], [145.35836, -38.411912], [145.358888, -38.408488], [145.361463, -38.406521], [145.364029, -38.405595], [145.367118, -38.405695], [145.368539, -38.404298], [145.371088, -38.403769], [145.374841, -38.405571], [145.376011, -38.409461], [145.379, -38.409946], [145.379013, -38.408189], [145.379956, -38.407104], [145.385943, -38.406721], [145.384381, -38.399786], [145.3875, -38.397933], [145.392378, -38.396471], [145.392923, -38.394401], [145.392682, -38.392885], [145.389656, -38.38946], [145.390367, -38.385129], [145.392508, -38.382853], [145.397441, -38.38035], [145.402604, -38.375078], [145.406087, -38.372763], [145.414506, -38.370103], [145.420638, -38.370217], [145.426461, -38.371668], [145.435268, -38.369215], [145.440554, -38.369827], [145.443238, -38.368787], [145.447948, -38.370318], [145.451761, -38.36763], [145.458997, -38.366097], [145.476252, -38.366455], [145.479357, -38.36316], [145.4824, -38.361468], [145.49347, -38.357341], [145.500011, -38.353593], [145.502613, -38.353033], [145.503371, -38.354479], [145.50341, -38.353293], [145.495184, -38.345172], [145.492215, -38.343217], [145.489969, -38.340495], [145.490033, -38.339158], [145.485261, -38.339005], [145.48195, -38.336439], [145.477707, -38.335577], [145.472552, -38.332312], [145.466336, -38.325728], [145.465034, -38.318917], [145.459541, -38.311585], [145.457252, -38.309455], [145.45237, -38.306856], [145.448105, -38.306165], [145.440973, -38.307716], [145.434942, -38.307297], [145.425553, -38.308227], [145.41086, -38.304493], [145.39756, -38.307436], [145.38591, -38.312524], [145.380546, -38.313576], [145.372237, -38.314154], [145.358369, -38.311382], [145.351993, -38.311261], [145.349674, -38.309925], [145.347542, -38.310217], [145.33838, -38.304427], [145.33501, -38.297823], [145.33036, -38.292367], [145.319566, -38.29], [145.314269, -38.285921], [145.311289, -38.286289], [145.304055, -38.282519], [145.297261, -38.282015], [145.290272, -38.28367], [145.28866, -38.287265], [145.289132, -38.293673], [145.291521, -38.293844], [145.28878, -38.294506], [145.287283, -38.296171], [145.286481, -38.302841], [145.288889, -38.303554], [145.290004, -38.302863], [145.289441, -38.303734], [145.286701, -38.303394], [145.285981, -38.305631], [145.286874, -38.307273], [145.29166, -38.307915], [145.294586, -38.305865], [145.296355, -38.305709], [145.29658, -38.30783], [145.297551, -38.308192], [145.297586, -38.30934], [145.295352, -38.310278], [145.295355, -38.311195], [145.295279, -38.310221], [145.297386, -38.309319], [145.297357, -38.308249], [145.296727, -38.308269], [145.296411, -38.307945], [145.296016, -38.305805], [145.292194, -38.308162], [145.288291, -38.308092], [145.284951, -38.317154], [145.282781, -38.320616], [145.282161, -38.323884], [145.283129, -38.323367], [145.28316, -38.325411], [145.281182, -38.336459], [145.278303, -38.346514], [145.27351, -38.357488], [145.273498, -38.36459], [145.277596, -38.374983], [145.276638, -38.377649], [145.277276, -38.378915], [145.276105, -38.379421], [145.274387, -38.382073], [145.271145, -38.383007]]], [[[145.252273, -38.504667], [145.25547, -38.503872], [145.263306, -38.508131], [145.269571, -38.506961], [145.269872, -38.505165], [145.271355, -38.504911], [145.272732, -38.50553], [145.274374, -38.508715], [145.287143, -38.510328], [145.292707, -38.512903], [145.296586, -38.513609], [145.298558, -38.515573], [145.30347, -38.516458], [145.308383, -38.518813], [145.31339, -38.522378], [145.31337, -38.523431], [145.316751, -38.524459], [145.328525, -38.534261], [145.34179, -38.546706], [145.346451, -38.553647], [145.345832, -38.557312], [145.341969, -38.558363], [145.343202, -38.559176], [145.342827, -38.560172], [145.344076, -38.55983], [145.344849, -38.56235], [145.350478, -38.563246], [145.351239, -38.563974], [145.350862, -38.565254], [145.350385, -38.564969], [145.351917, -38.566171], [145.351033, -38.566728], [145.351562, -38.567249], [145.352869, -38.566723], [145.354556, -38.567547], [145.356673, -38.566176], [145.361082, -38.565828], [145.360607, -38.563358], [145.358466, -38.561456], [145.358463, -38.559966], [145.360128, -38.558184], [145.361826, -38.557982], [145.361158, -38.556319], [145.362405, -38.556255], [145.362147, -38.554746], [145.363128, -38.553545], [145.364351, -38.553403], [145.363499, -38.551319], [145.362638, -38.550513], [145.35592, -38.550002], [145.354342, -38.5484], [145.353727, -38.546336], [145.349315, -38.544605], [145.344004, -38.540243], [145.341453, -38.537311], [145.340937, -38.534988], [145.343553, -38.528545], [145.343752, -38.525231], [145.34623, -38.521853], [145.34984, -38.51924], [145.361862, -38.516924], [145.363734, -38.515459], [145.362372, -38.513929], [145.362882, -38.51258], [145.360224, -38.511976], [145.362841, -38.511983], [145.359329, -38.511266], [145.359457, -38.509609], [145.357568, -38.508449], [145.353636, -38.508101], [145.35219, -38.509056], [145.349934, -38.506958], [145.349812, -38.509246], [145.347939, -38.50906], [145.347299, -38.510303], [145.344047, -38.508993], [145.343457, -38.509639], [145.340183, -38.509782], [145.33804, -38.508984], [145.33631, -38.507208], [145.334761, -38.507043], [145.332812, -38.50479], [145.329065, -38.506524], [145.328014, -38.506096], [145.32795, -38.506936], [145.322814, -38.507169], [145.320182, -38.509392], [145.317384, -38.5084], [145.317022, -38.509625], [145.316071, -38.509855], [145.310874, -38.509012], [145.310042, -38.508155], [145.299307, -38.507545], [145.297319, -38.506446], [145.296364, -38.502857], [145.297248, -38.499759], [145.298916, -38.498775], [145.299453, -38.496942], [145.30086, -38.496449], [145.304458, -38.497325], [145.307102, -38.493997], [145.304029, -38.489987], [145.305573, -38.485438], [145.303564, -38.485111], [145.301083, -38.488302], [145.299519, -38.488874], [145.295616, -38.489183], [145.293145, -38.488543], [145.290972, -38.486567], [145.291489, -38.485054], [145.290528, -38.484125], [145.290741, -38.48049], [145.297066, -38.476055], [145.300549, -38.468569], [145.302075, -38.466898], [145.310106, -38.465686], [145.309644, -38.463231], [145.310412, -38.460624], [145.309151, -38.459413], [145.304109, -38.459413], [145.29631, -38.457148], [145.295531, -38.458132], [145.292172, -38.458162], [145.290147, -38.456731], [145.288688, -38.457066], [145.28891, -38.457876], [145.287214, -38.459829], [145.280823, -38.461306], [145.280452, -38.460655], [145.286477, -38.459055], [145.286752, -38.457093], [145.284832, -38.455872], [145.282232, -38.456482], [145.282211, -38.457642], [145.280878, -38.457192], [145.281115, -38.458825], [145.279417, -38.459147], [145.278802, -38.460414], [145.278665, -38.459519], [145.277841, -38.459621], [145.276173, -38.461361], [145.275678, -38.460472], [145.274203, -38.460642], [145.274338, -38.459398], [145.27325, -38.460288], [145.273543, -38.459145], [145.274947, -38.458266], [145.278758, -38.4577], [145.279393, -38.45646], [145.27879, -38.455869], [145.279674, -38.455296], [145.279129, -38.454373], [145.28029, -38.455076], [145.282525, -38.454855], [145.282555, -38.453994], [145.283212, -38.454787], [145.285175, -38.453778], [145.28703, -38.454193], [145.289243, -38.452919], [145.291972, -38.453058], [145.294328, -38.451958], [145.302496, -38.453855], [145.30122, -38.453135], [145.299307, -38.452608], [145.298132, -38.451646], [145.299379, -38.452202], [145.298597, -38.451454], [145.289915, -38.450098], [145.274336, -38.451218], [145.248644, -38.448847], [145.244137, -38.447859], [145.243413, -38.446882], [145.240334, -38.447541], [145.239972, -38.4458], [145.239447, -38.445926], [145.239786, -38.447055], [145.236509, -38.447159], [145.229074, -38.449857], [145.219755, -38.449847], [145.214535, -38.448829], [145.206569, -38.449742], [145.201891, -38.451273], [145.200057, -38.451025], [145.193814, -38.45648], [145.183983, -38.45998], [145.180155, -38.462457], [145.178393, -38.462378], [145.1745, -38.464877], [145.168188, -38.466355], [145.165431, -38.465358], [145.165155, -38.468021], [145.163263, -38.468792], [145.162429, -38.470784], [145.156032, -38.475482], [145.156496, -38.476496], [145.15574, -38.479479], [145.152367, -38.482912], [145.152216, -38.488699], [145.151138, -38.490511], [145.148284, -38.492305], [145.148956, -38.498459], [145.147128, -38.503198], [145.143884, -38.50573], [145.138888, -38.505811], [145.137165, -38.507398], [145.133465, -38.508426], [145.131186, -38.508245], [145.128861, -38.505406], [145.127384, -38.505541], [145.126293, -38.506384], [145.126412, -38.507673], [145.125305, -38.509525], [145.121116, -38.51098], [145.121047, -38.513637], [145.116561, -38.516882], [145.116156, -38.518351], [145.119725, -38.519496], [145.120408, -38.518343], [145.127032, -38.517948], [145.128194, -38.517538], [145.128418, -38.516598], [145.128925, -38.517746], [145.130087, -38.517623], [145.130215, -38.518248], [145.132261, -38.51624], [145.131671, -38.517833], [145.133394, -38.516635], [145.132903, -38.518329], [145.134856, -38.516692], [145.134825, -38.517805], [145.136943, -38.516017], [145.142057, -38.514916], [145.145388, -38.516438], [145.149312, -38.514408], [145.15002, -38.510721], [145.153793, -38.509478], [145.163627, -38.510462], [145.165288, -38.511729], [145.16578, -38.513773], [145.168727, -38.513138], [145.16754, -38.510739], [145.17066, -38.509575], [145.172538, -38.510144], [145.174469, -38.514333], [145.176585, -38.513236], [145.183982, -38.512956], [145.185738, -38.513604], [145.187055, -38.515788], [145.189006, -38.514972], [145.190159, -38.515716], [145.192132, -38.514686], [145.194583, -38.515681], [145.195442, -38.516757], [145.19486, -38.518586], [145.196416, -38.517934], [145.197993, -38.518564], [145.200941, -38.516605], [145.203572, -38.517309], [145.208273, -38.520952], [145.208946, -38.522196], [145.208149, -38.522916], [145.209209, -38.525129], [145.212472, -38.524898], [145.213066, -38.525461], [145.213978, -38.524616], [145.216718, -38.524379], [145.217376, -38.525607], [145.216881, -38.526114], [145.220128, -38.527183], [145.220464, -38.52957], [145.221203, -38.529953], [145.222768, -38.525702], [145.224776, -38.52394], [145.22725, -38.523816], [145.228728, -38.521006], [145.23027, -38.52082], [145.228803, -38.519944], [145.229396, -38.518782], [145.230485, -38.518945], [145.229783, -38.518022], [145.232565, -38.516755], [145.23202, -38.51571], [145.233548, -38.51631], [145.232996, -38.512758], [145.235298, -38.512121], [145.234553, -38.511085], [145.235427, -38.510866], [145.235421, -38.50952], [145.240388, -38.506681], [145.243979, -38.50784], [145.246517, -38.507574], [145.246876, -38.505131], [145.250682, -38.504083], [145.252273, -38.504667]]], [[[145.344233, -38.507409], [145.346123, -38.508676], [145.345195, -38.507646], [145.344952, -38.505354], [145.345679, -38.504116], [145.343352, -38.50364], [145.342786, -38.502838], [145.343412, -38.501732], [145.341826, -38.500511], [145.342159, -38.499281], [145.340428, -38.497342], [145.337289, -38.495783], [145.337812, -38.493414], [145.336882, -38.493594], [145.335118, -38.496607], [145.333175, -38.498157], [145.332958, -38.499493], [145.335667, -38.501871], [145.340165, -38.502312], [145.341061, -38.503896], [145.343704, -38.505272], [145.344241, -38.506688], [145.344233, -38.507409]]], [[[145.369792, -38.411738], [145.368843, -38.411276], [145.36607, -38.416389], [145.368507, -38.419095], [145.372103, -38.417613], [145.370108, -38.416116], [145.369542, -38.414008], [145.369792, -38.411738]]], [[[145.208876, -38.333095], [145.210462, -38.330803], [145.212735, -38.32931], [145.211431, -38.326777], [145.209861, -38.326603], [145.20806, -38.328032], [145.208324, -38.331404], [145.208876, -38.333095]]], [[[145.296479, -38.455076], [145.295562, -38.454187], [145.293549, -38.453991], [145.289077, -38.455038], [145.296479, -38.455076]]], [[[145.110899, -38.519664], [145.112163, -38.518623], [145.109718, -38.518351], [145.109602, -38.519353], [145.110899, -38.519664]]], [[[144.889538, -38.500816], [144.889714, -38.500088], [144.889115, -38.499746], [144.888558, -38.500276], [144.889538, -38.500816]]], [[[145.114342, -38.518805], [145.114942, -38.518332], [145.113783, -38.518512], [145.11379, -38.518788], [145.114342, -38.518805]]], [[[144.906652, -38.493473], [144.907326, -38.493735], [144.90743, -38.493373], [144.907093, -38.493262], [144.906652, -38.493473]]], [[[144.885132, -38.496379], [144.88535, -38.496076], [144.884825, -38.495887], [144.88472, -38.4962], [144.885132, -38.496379]]], [[[144.906382, -38.493447], [144.906899, -38.492967], [144.90676, -38.492911], [144.906167, -38.493191], [144.906382, -38.493447]]], [[[144.888046, -38.502966], [144.888597, -38.502761], [144.888259, -38.502541], [144.888056, -38.502629], [144.888046, -38.502966]]], [[[144.740932, -38.355975], [144.741085, -38.355872], [144.740693, -38.355786], [144.740423, -38.355969], [144.740932, -38.355975]]], [[[144.884781, -38.495812], [144.884791, -38.495644], [144.884504, -38.495673], [144.884376, -38.495958], [144.884781, -38.495812]]], [[[145.348141, -38.421752], [145.348314, -38.421562], [145.348073, -38.421407], [145.347923, -38.421693], [145.348141, -38.421752]]], [[[144.787561, -38.393607], [144.787822, -38.393622], [144.787813, -38.393387], [144.787543, -38.393395], [144.787561, -38.393607]]], [[[144.907083, -38.493062], [144.907412, -38.493156], [144.907145, -38.492867], [144.906963, -38.492852], [144.907083, -38.493062]]], [[[144.894369, -38.493596], [144.894483, -38.493304], [144.894305, -38.493263], [144.894191, -38.493419], [144.894369, -38.493596]]], [[[144.740073, -38.357035], [144.739993, -38.357178], [144.74032, -38.357287], [144.74032, -38.357092], [144.740073, -38.357035]]], [[[144.740046, -38.355986], [144.740116, -38.355747], [144.739872, -38.355866], [144.739878, -38.356083], [144.740046, -38.355986]]], [[[144.885972, -38.494724], [144.886035, -38.49455], [144.885765, -38.494573], [144.885732, -38.494728], [144.885972, -38.494724]]], [[[144.734138, -38.35251], [144.734356, -38.352252], [144.734292, -38.352201], [144.734036, -38.352384], [144.734138, -38.35251]]], [[[145.344292, -38.561569], [145.343932, -38.561419], [145.34389, -38.56151], [145.344064, -38.561621], [145.344292, -38.561569]]], [[[145.347543, -38.563206], [145.347369, -38.563061], [145.347351, -38.563376], [145.347437, -38.563376], [145.347543, -38.563206]]], [[[144.736263, -38.354374], [144.736103, -38.354287], [144.736009, -38.354419], [144.736074, -38.354546], [144.736263, -38.354374]]], [[[144.885995, -38.49742], [144.886198, -38.497304], [144.886142, -38.497225], [144.88584, -38.497406], [144.885995, -38.49742]]], [[[144.740747, -38.358359], [144.740812, -38.358296], [144.740689, -38.358157], [144.740558, -38.35833], [144.740747, -38.358359]]], [[[144.885899, -38.495177], [144.885937, -38.495079], [144.885723, -38.495076], [144.885692, -38.495196], [144.885899, -38.495177]]], [[[144.885608, -38.495703], [144.885602, -38.495584], [144.885394, -38.495605], [144.885473, -38.495719], [144.885608, -38.495703]]], [[[145.351003, -38.565827], [145.351132, -38.56577], [145.350916, -38.565704], [145.35086, -38.565857], [145.351003, -38.565827]]], [[[144.740369, -38.358485], [144.740299, -38.358357], [144.74018, -38.358461], [144.740194, -38.358536], [144.740369, -38.358485]]], [[[144.885764, -38.496967], [144.885752, -38.496868], [144.885566, -38.496915], [144.885678, -38.496997], [144.885764, -38.496967]]], [[[144.731454, -38.350376], [144.73141, -38.35025], [144.731316, -38.350272], [144.731359, -38.350399], [144.731454, -38.350376]]]]}}, {"type": "Feature", "properties": {"index": "GLBD", "division": "Gellibrand", "state": "Victoria", "year": "1994", "proclaimed": "19941220", "quota": "0", "electors": "0", "deviation": ""}, "geometry": {"type": "Polygon", "coordinates": [[[144.868582, -37.858712], [144.872491, -37.860081], [144.874646, -37.861723], [144.874437, -37.863592], [144.878621, -37.868083], [144.879486, -37.867666], [144.879544, -37.866432], [144.882677, -37.865786], [144.883837, -37.866158], [144.883655, -37.867371], [144.88505, -37.86828], [144.88818, -37.868516], [144.890154, -37.867488], [144.89215, -37.867605], [144.900795, -37.87222], [144.904253, -37.872525], [144.915524, -37.865543], [144.913271, -37.864791], [144.913541, -37.864093], [144.911555, -37.862068], [144.909737, -37.861548], [144.908586, -37.862437], [144.907627, -37.861808], [144.906077, -37.862357], [144.903624, -37.861466], [144.902042, -37.854318], [144.895277, -37.848421], [144.896268, -37.847511], [144.897981, -37.84764], [144.899379, -37.849657], [144.905593, -37.851732], [144.899656, -37.849094], [144.897218, -37.844112], [144.898568, -37.844966], [144.900774, -37.848528], [144.903892, -37.850008], [144.900722, -37.848374], [144.899413, -37.845638], [144.901188, -37.847148], [144.897148, -37.842552], [144.897908, -37.84174], [144.897155, -37.840693], [144.897753, -37.833315], [144.899051, -37.83038], [144.900896, -37.826951], [144.906585, -37.821937], [144.90678, -37.820802], [144.906359, -37.818453], [144.905724, -37.816713], [144.905475, -37.814769], [144.905473, -37.813613], [144.906026, -37.811267], [144.907249, -37.807295], [144.90891, -37.80313], [144.910504, -37.800578], [144.91235, -37.799533], [144.913986, -37.800106], [144.914942, -37.800157], [144.915913, -37.799419], [144.916224, -37.798111], [144.915795, -37.797023], [144.914287, -37.796034], [144.912664, -37.795056], [144.910249, -37.794174], [144.908037, -37.793604], [144.905925, -37.792682], [144.904216, -37.791677], [144.902758, -37.790638], [144.90271, -37.789622], [144.903303, -37.788162], [144.903579, -37.787219], [144.903964, -37.785711], [144.90373, -37.784672], [144.902138, -37.78298], [144.90068, -37.782192], [144.898786, -37.781287], [144.897563, -37.780298], [144.897127, -37.778589], [144.896759, -37.776729], [144.896072, -37.774601], [144.89587, -37.77306], [144.896759, -37.771685], [144.897851, -37.771141], [144.899926, -37.77016], [144.900992, -37.770012], [144.901974, -37.769554], [144.902213, -37.768433], [144.901988, -37.766876], [144.901732, -37.765667], [144.900862, -37.765121], [144.899121, -37.764758], [144.897303, -37.764779], [144.895705, -37.76516], [144.893896, -37.765775], [144.892484, -37.764953], [144.891237, -37.763576], [144.890016, -37.762433], [144.888136, -37.761758], [144.886249, -37.761913], [144.884959, -37.7616], [144.884197, -37.760516], [144.884694, -37.758569], [144.88521, -37.757133], [144.885298, -37.75609], [144.883574, -37.755808], [144.881106, -37.756172], [144.880394, -37.757098], [144.880188, -37.757369], [144.878137, -37.758991], [144.876196, -37.760303], [144.873524, -37.761423], [144.872715, -37.761991], [144.87079, -37.766516], [144.873235, -37.768433], [144.874437, -37.768999], [144.874508, -37.770745], [144.87365, -37.772096], [144.87204, -37.772798], [144.870169, -37.772564], [144.868611, -37.772356], [144.866247, -37.772122], [144.864974, -37.773759], [144.862636, -37.775317], [144.86043, -37.776387], [144.856885, -37.77558], [144.855563, -37.774793], [144.853701, -37.773836], [144.852258, -37.772317], [144.851713, -37.770421], [144.85179, -37.76881], [144.852817, -37.767337], [144.854284, -37.765849], [144.854458, -37.764907], [144.854018, -37.763238], [144.853366, -37.762268], [144.851453, -37.762004], [144.849297, -37.760887], [144.848258, -37.75977], [144.848284, -37.757614], [144.849688, -37.755899], [144.849646, -37.754031], [144.848907, -37.75273], [144.848154, -37.750808], [144.847237, -37.748846], [144.846254, -37.747429], [144.823547, -37.771336], [144.822763, -37.77376], [144.823319, -37.775279], [144.823787, -37.776058], [144.823886, -37.776442], [144.804096, -37.774051], [144.798329, -37.771297], [144.795871, -37.770566], [144.79299, -37.771569], [144.791041, -37.786365], [144.811643, -37.788613], [144.817877, -37.79053], [144.825157, -37.78826], [144.825844, -37.789098], [144.826145, -37.790104], [144.826347, -37.790791], [144.82581, -37.791327], [144.825676, -37.791796], [144.826213, -37.792416], [144.82615, -37.793352], [144.825341, -37.793606], [144.824336, -37.793606], [144.823509, -37.79386], [144.822962, -37.794528], [144.82271, -37.79488], [144.822132, -37.79506], [144.821909, -37.7956], [144.82161, -37.796362], [144.822224, -37.797041], [144.822341, -37.797745], [144.821403, -37.798114], [144.821085, -37.798868], [144.821031, -37.799431], [144.8214, -37.79981], [144.821671, -37.800577], [144.822124, -37.801197], [144.823163, -37.800762], [144.824436, -37.800142], [144.825492, -37.799672], [144.826766, -37.799404], [144.827721, -37.799086], [144.82891, -37.798056], [144.829608, -37.797566], [144.830804, -37.796974], [144.831826, -37.797527], [144.832614, -37.798281], [144.832076, -37.798864], [144.831124, -37.799259], [144.830478, -37.799353], [144.829899, -37.79984], [144.830117, -37.800678], [144.83038, -37.80121], [144.83173, -37.80113], [144.832375, -37.801598], [144.832949, -37.80284], [144.833737, -37.804029], [144.834189, -37.805102], [144.83465, -37.805873], [144.834089, -37.806912], [144.833066, -37.807716], [144.831877, -37.808856], [144.83129, -37.80961], [144.830838, -37.810347], [144.83, -37.810766], [144.829053, -37.811194], [144.828626, -37.811922], [144.828408, -37.812425], [144.82814, -37.813246], [144.828685, -37.814358], [144.828827, -37.814939], [144.828592, -37.815776], [144.827821, -37.816397], [144.826983, -37.816765], [144.825978, -37.817234], [144.825525, -37.818273], [144.825291, -37.81896], [144.825517, -37.820226], [144.825894, -37.820821], [144.82643, -37.821508], [144.826967, -37.822111], [144.827593, -37.822899], [144.828089, -37.823485], [144.828357, -37.824591], [144.827939, -37.825211], [144.827386, -37.824926], [144.826916, -37.824876], [144.826563, -37.825229], [144.827278, -37.826521], [144.827503, -37.826954], [144.827821, -37.827842], [144.828288, -37.828914], [144.828642, -37.82925], [144.829463, -37.829333], [144.830536, -37.829317], [144.83129, -37.829266], [144.831676, -37.829501], [144.831977, -37.830406], [144.832698, -37.830758], [144.833402, -37.830607], [144.833854, -37.830875], [144.834524, -37.831428], [144.835312, -37.832082], [144.835714, -37.832584], [144.836435, -37.833137], [144.836803, -37.834109], [144.837122, -37.834998], [144.837256, -37.836037], [144.837172, -37.836874], [144.837021, -37.837461], [144.835982, -37.837964], [144.834843, -37.838433], [144.834407, -37.838802], [144.834306, -37.839975], [144.83439, -37.84036], [144.834675, -37.841449], [144.835295, -37.842388], [144.835681, -37.842773], [144.835379, -37.84351], [144.834524, -37.844198], [144.834093, -37.844757], [144.834429, -37.845673], [144.834977, -37.846577], [144.836569, -37.848152], [144.837172, -37.84899], [144.838177, -37.850431], [144.83863, -37.851185], [144.838194, -37.852174], [144.837742, -37.853213], [144.838412, -37.853867], [144.839451, -37.85447], [144.840801, -37.854787], [144.842216, -37.855124], [144.843624, -37.85504], [144.844529, -37.855408], [144.845232, -37.855861], [144.846037, -37.855542], [144.846774, -37.855492], [144.848132, -37.85576], [144.849254, -37.856297], [144.850126, -37.856682], [144.852086, -37.856883], [144.852995, -37.856195], [144.854025, -37.855914], [144.855019, -37.856146], [144.856091, -37.856615], [144.857885, -37.857403], [144.859125, -37.857721], [144.86075, -37.857822], [144.862325, -37.857855], [144.863681, -37.858055], [144.865509, -37.858375], [144.866867, -37.858844], [144.867208, -37.85908], [144.868582, -37.858712]]]}}, {"type": "Feature", "properties": {"index": "GIPP", "division": "Gippsland", "state": "Victoria", "year": "1994", "proclaimed": "19941220", "quota": "0", "electors": "0", "deviation": ""}, "geometry": {"type": "MultiPolygon", "coordinates": [[[[146.433453, -37.616025], [146.43961, -37.616077], [146.455193, -37.618947], [146.459978, -37.627149], [146.48349, -37.64369], [146.494699, -37.648338], [146.510693, -37.682375], [146.502354, -37.693858], [146.500167, -37.705887], [146.479116, -37.989536], [146.490735, -37.982017], [146.508916, -37.982017], [146.528053, -37.961923], [146.544731, -37.963837], [146.564005, -37.977916], [146.573574, -37.977096], [146.580545, -37.974226], [146.573437, -38.020566], [146.568516, -38.031639], [146.57248, -38.042438], [146.570293, -38.054604], [146.534342, -38.054604], [146.522039, -38.074152], [146.481029, -38.075109], [146.480893, -38.085088], [146.483063, -38.091648], [146.483763, -38.09616], [146.503311, -38.114888], [146.515614, -38.119262], [146.51329, -38.13922], [146.511103, -38.152616], [146.516981, -38.163142], [146.532074, -38.166676], [146.545166, -38.161434], [146.562365, -38.149336], [146.584646, -38.151113], [146.610619, -38.158494], [146.637497, -38.149357], [146.645187, -38.146835], [146.661774, -38.152035], [146.694142, -38.150429], [146.708768, -38.155624], [146.711365, -38.167653], [146.704254, -38.177803], [146.68676, -38.199777], [146.681975, -38.214267], [146.67038, -38.216984], [146.657506, -38.220145], [146.655655, -38.232044], [146.655746, -38.241066], [146.6437, -38.250492], [146.628418, -38.268585], [146.626203, -38.28412], [146.620461, -38.296013], [146.600754, -38.309177], [146.601395, -38.325417], [146.600093, -38.336749], [146.59494, -38.349308], [146.593805, -38.361491], [146.588837, -38.372658], [146.585603, -38.394982], [146.582703, -38.411667], [146.57373, -38.415878], [146.565782, -38.416033], [146.565782, -38.427379], [146.553889, -38.428063], [146.529557, -38.427789], [146.526413, -38.436265], [146.50044, -38.441049], [146.495804, -38.449806], [146.470367, -38.455949], [146.449726, -38.461007], [146.431955, -38.468662], [146.421976, -38.481648], [146.39778, -38.48944], [146.386024, -38.496549], [146.378369, -38.506391], [146.368664, -38.513909], [146.37056, -38.521919], [146.374405, -38.524572], [146.378779, -38.529083], [146.361829, -38.535644], [146.339957, -38.533047], [146.323827, -38.526349], [146.320136, -38.51801], [146.309747, -38.518557], [146.297854, -38.527989], [146.285825, -38.520744], [146.287465, -38.509261], [146.294027, -38.503657], [146.287602, -38.497095], [146.259305, -38.492584], [146.266277, -38.478094], [146.265867, -38.469209], [146.248369, -38.466748], [146.243175, -38.456359], [146.249463, -38.450618], [146.267507, -38.454446], [146.276392, -38.450891], [146.273932, -38.440776], [146.253564, -38.438862], [146.239757, -38.437085], [146.228411, -38.434078], [146.23716, -38.416717], [146.239757, -38.389651], [146.246729, -38.378168], [146.241534, -38.37229], [146.225267, -38.369693], [146.231556, -38.35821], [146.239347, -38.352195], [146.249873, -38.352606], [146.256298, -38.333331], [146.253427, -38.321165], [146.233469, -38.321712], [146.211598, -38.316381], [146.202042, -38.324322], [146.194647, -38.332921], [146.196424, -38.341123], [146.174826, -38.340713], [146.175236, -38.350145], [146.151997, -38.346728], [146.127118, -38.358757], [146.118643, -38.343037], [146.104426, -38.327043], [146.091577, -38.324582], [146.084195, -38.316107], [146.068475, -38.31392], [146.045646, -38.331691], [146.027602, -38.332238], [146.011062, -38.329777], [145.992334, -38.32759], [145.986183, -38.321438], [145.979484, -38.316107], [145.975657, -38.310639], [145.963491, -38.318568], [145.955562, -38.325676], [145.945857, -38.327453], [145.940936, -38.332238], [145.911819, -38.330871], [145.908538, -38.340986], [145.896099, -38.342217], [145.88571, -38.334561], [145.880105, -38.319525], [145.87368, -38.326223], [145.828296, -38.319661], [145.834585, -38.310639], [145.813644, -38.276073], [145.790705, -38.273184], [145.778128, -38.265939], [145.763916, -38.279255], [145.75612, -38.272501], [145.750652, -38.278789], [145.737256, -38.279746], [145.733565, -38.293552], [145.7147, -38.295876], [145.711283, -38.320208], [145.698433, -38.340713], [145.6998, -38.355066], [145.665665, -38.364517], [145.671504, -38.37106], [145.694879, -38.370786], [145.693786, -38.38473], [145.698023, -38.397169], [145.693376, -38.411386], [145.68326, -38.456223], [145.686814, -38.45964], [145.674648, -38.465791], [145.679569, -38.470576], [145.672734, -38.482605], [145.688454, -38.491901], [145.694879, -38.501743], [145.698297, -38.516096], [145.656877, -38.51596], [145.640884, -38.548494], [145.605889, -38.544666], [145.573355, -38.546033], [145.576263, -38.564369], [145.548476, -38.565581], [145.540957, -38.574466], [145.5042, -38.575772], [145.505236, -38.577242], [145.510635, -38.582506], [145.510954, -38.583953], [145.523282, -38.595492], [145.535022, -38.60923], [145.537514, -38.61109], [145.545492, -38.62241], [145.552306, -38.636118], [145.557991, -38.644355], [145.560625, -38.651407], [145.562745, -38.651815], [145.566556, -38.655422], [145.571781, -38.655218], [145.578526, -38.658314], [145.584244, -38.665021], [145.588741, -38.668313], [145.595943, -38.670522], [145.600175, -38.674583], [145.606696, -38.678782], [145.610002, -38.676545], [145.615325, -38.676071], [145.617756, -38.673954], [145.619799, -38.673883], [145.621187, -38.674876], [145.622834, -38.673462], [145.627375, -38.672919], [145.633179, -38.674556], [145.634748, -38.672699], [145.637136, -38.673377], [145.638566, -38.672436], [145.64098, -38.673228], [145.641967, -38.675056], [145.64415, -38.674131], [145.644867, -38.675655], [145.649669, -38.676704], [145.650871, -38.678091], [145.653012, -38.677949], [145.652686, -38.676634], [145.656874, -38.676923], [145.659755, -38.674908], [145.658809, -38.671974], [145.660976, -38.672079], [145.663959, -38.670674], [145.665934, -38.671296], [145.666973, -38.670261], [145.672021, -38.671595], [145.670709, -38.668605], [145.674176, -38.666874], [145.67489, -38.664867], [145.680373, -38.662727], [145.680461, -38.661409], [145.68256, -38.659244], [145.682357, -38.658139], [145.685478, -38.655798], [145.685976, -38.654117], [145.688938, -38.651209], [145.698532, -38.648205], [145.704364, -38.647321], [145.708479, -38.647722], [145.713306, -38.646078], [145.714004, -38.645141], [145.729472, -38.64484], [145.730765, -38.648135], [145.762713, -38.664924], [145.781747, -38.678371], [145.793582, -38.68807], [145.833104, -38.728809], [145.846483, -38.745339], [145.869527, -38.776148], [145.883292, -38.803535], [145.884694, -38.808731], [145.887049, -38.81341], [145.886668, -38.814111], [145.887814, -38.814427], [145.894276, -38.822901], [145.894669, -38.827114], [145.898072, -38.835896], [145.897261, -38.83808], [145.900151, -38.84316], [145.899099, -38.846804], [145.900818, -38.847424], [145.901651, -38.848796], [145.903335, -38.849024], [145.904667, -38.854525], [145.9084, -38.857841], [145.914922, -38.872133], [145.916566, -38.879952], [145.913471, -38.882727], [145.914536, -38.883952], [145.914372, -38.88586], [145.912654, -38.88661], [145.91341, -38.887613], [145.912396, -38.888668], [145.911776, -38.891754], [145.910638, -38.892758], [145.913099, -38.892324], [145.914692, -38.89366], [145.915006, -38.895021], [145.914146, -38.896814], [145.911955, -38.898609], [145.914163, -38.898486], [145.91483, -38.900034], [145.916293, -38.900781], [145.916558, -38.901604], [145.915206, -38.901773], [145.914724, -38.902607], [145.915921, -38.902387], [145.917071, -38.903892], [145.918553, -38.904329], [145.918916, -38.906944], [145.921209, -38.90721], [145.921197, -38.90961], [145.924113, -38.907873], [145.926007, -38.90565], [145.927502, -38.906522], [145.929571, -38.904292], [145.933586, -38.901911], [145.936897, -38.897382], [145.940007, -38.896113], [145.943754, -38.896196], [145.946569, -38.895353], [145.949618, -38.896553], [145.956953, -38.896314], [145.962911, -38.898794], [145.965488, -38.896176], [145.971568, -38.896987], [145.975218, -38.895501], [145.979368, -38.895077], [145.982659, -38.892316], [145.982629, -38.890884], [145.985989, -38.889813], [145.991682, -38.886015], [145.993546, -38.885887], [145.994944, -38.884044], [145.998085, -38.882304], [146.001653, -38.881556], [146.002555, -38.879138], [146.00383, -38.878069], [146.006286, -38.87792], [146.00664, -38.876314], [146.004263, -38.874326], [146.004456, -38.872826], [146.002977, -38.869156], [146.001101, -38.866938], [146.001527, -38.861425], [145.998142, -38.860223], [145.997129, -38.857964], [145.996587, -38.852292], [145.997844, -38.846554], [146.001681, -38.839291], [146.003574, -38.837645], [146.005197, -38.83346], [146.006753, -38.831932], [146.009184, -38.825995], [146.015925, -38.821783], [146.021503, -38.819715], [146.024739, -38.817078], [146.033608, -38.813189], [146.040441, -38.811622], [146.050603, -38.811031], [146.063194, -38.811773], [146.085329, -38.816291], [146.109356, -38.824974], [146.133534, -38.837409], [146.171246, -38.862292], [146.184202, -38.869509], [146.199668, -38.882998], [146.219911, -38.90277], [146.233903, -38.918669], [146.246879, -38.938487], [146.248643, -38.943683], [146.250489, -38.945695], [146.252269, -38.950739], [146.254866, -38.954753], [146.264612, -38.968392], [146.269497, -38.97296], [146.267308, -38.976933], [146.269994, -38.979322], [146.270781, -38.981238], [146.267684, -38.98625], [146.268896, -38.988338], [146.267295, -38.991191], [146.264941, -38.99123], [146.26488, -38.990348], [146.264117, -38.990945], [146.261061, -38.990378], [146.25992, -38.991236], [146.257564, -38.991379], [146.257056, -38.992535], [146.253284, -38.99228], [146.252937, -38.993548], [146.248572, -38.993948], [146.248966, -38.99602], [146.251243, -38.99564], [146.253309, -38.994246], [146.257328, -38.993853], [146.258681, -38.994277], [146.258311, -38.994842], [146.260523, -38.997371], [146.262775, -38.998723], [146.264614, -38.997815], [146.264208, -38.996063], [146.265146, -38.995314], [146.274329, -38.996389], [146.274854, -38.997528], [146.276534, -38.99814], [146.277169, -39.001013], [146.279522, -39.001956], [146.28165, -39.006657], [146.285745, -39.009246], [146.286217, -39.010331], [146.289656, -39.011311], [146.291848, -39.013118], [146.289747, -39.013734], [146.292513, -39.015816], [146.291866, -39.019169], [146.288867, -39.019134], [146.286395, -39.020538], [146.284393, -39.022803], [146.283915, -39.024887], [146.288276, -39.025918], [146.288137, -39.026915], [146.288957, -39.027215], [146.290403, -39.026441], [146.289606, -39.025144], [146.291704, -39.022491], [146.292866, -39.022543], [146.293281, -39.023447], [146.295582, -39.023497], [146.296371, -39.02456], [146.29921, -39.022949], [146.300698, -39.023767], [146.303027, -39.02347], [146.307152, -39.028165], [146.306193, -39.030923], [146.306921, -39.032], [146.305555, -39.032872], [146.303947, -39.03645], [146.304711, -39.039363], [146.305671, -39.039587], [146.308437, -39.038142], [146.311044, -39.035421], [146.312154, -39.032926], [146.312897, -39.03355], [146.313624, -39.033084], [146.313415, -39.031606], [146.316705, -39.02884], [146.321307, -39.027927], [146.322311, -39.028476], [146.323121, -39.027488], [146.324559, -39.028121], [146.32601, -39.027514], [146.328584, -39.027812], [146.328016, -39.028178], [146.327355, -39.028195], [146.325987, -39.02764], [146.325257, -39.028203], [146.324061, -39.028363], [146.323147, -39.027738], [146.322003, -39.028845], [146.319597, -39.028481], [146.316712, -39.029388], [146.31403, -39.031815], [146.321669, -39.036198], [146.326362, -39.041118], [146.322873, -39.046121], [146.321503, -39.046706], [146.320157, -39.049383], [146.316942, -39.052255], [146.318463, -39.053445], [146.320974, -39.053606], [146.324233, -39.052858], [146.327187, -39.050303], [146.329326, -39.049706], [146.332345, -39.051335], [146.334104, -39.053382], [146.335158, -39.055917], [146.334821, -39.058521], [146.336795, -39.059935], [146.347532, -39.060684], [146.348141, -39.060084], [146.348905, -39.060501], [146.349975, -39.059235], [146.351106, -39.059692], [146.352339, -39.058857], [146.351398, -39.059846], [146.349908, -39.05946], [146.349056, -39.060698], [146.342982, -39.060987], [146.342568, -39.069564], [146.343539, -39.07156], [146.342246, -39.071701], [146.340412, -39.075398], [146.340665, -39.076953], [146.338812, -39.07641], [146.33642, -39.078798], [146.335033, -39.079089], [146.324272, -39.076834], [146.323255, -39.077815], [146.32143, -39.077981], [146.320745, -39.080457], [146.322422, -39.082359], [146.321444, -39.087887], [146.323302, -39.089677], [146.324679, -39.093973], [146.331906, -39.098833], [146.332455, -39.100534], [146.334316, -39.101672], [146.333615, -39.103712], [146.334695, -39.106468], [146.33982, -39.11047], [146.342354, -39.110426], [146.344363, -39.113793], [146.343499, -39.117491], [146.344225, -39.118568], [146.343837, -39.121098], [146.345818, -39.125384], [146.352331, -39.125255], [146.355546, -39.127545], [146.356203, -39.128852], [146.357108, -39.129027], [146.357168, -39.128025], [146.359517, -39.128965], [146.363331, -39.132247], [146.367189, -39.132055], [146.368081, -39.134042], [146.371936, -39.133418], [146.374506, -39.133839], [146.375016, -39.134346], [146.373811, -39.13674], [146.374896, -39.136673], [146.377504, -39.133459], [146.379256, -39.133338], [146.379432, -39.13185], [146.381127, -39.129601], [146.384202, -39.129568], [146.385344, -39.127355], [146.386821, -39.126836], [146.387825, -39.125091], [146.38745, -39.129556], [146.39017, -39.131633], [146.389002, -39.132835], [146.389269, -39.133921], [146.394999, -39.134433], [146.398358, -39.131902], [146.406585, -39.130992], [146.408126, -39.129026], [146.412907, -39.127898], [146.414476, -39.125858], [146.416015, -39.125521], [146.420917, -39.125853], [146.422115, -39.127042], [146.422062, -39.129879], [146.424812, -39.130994], [146.426635, -39.129755], [146.426542, -39.12709], [146.424868, -39.125981], [146.424905, -39.124337], [146.423754, -39.124282], [146.421853, -39.122485], [146.423638, -39.118661], [146.424134, -39.114659], [146.427783, -39.113599], [146.431753, -39.114822], [146.431018, -39.113258], [146.430128, -39.113531], [146.427021, -39.111433], [146.42686, -39.108278], [146.431856, -39.109298], [146.434851, -39.107727], [146.436264, -39.10271], [146.435481, -39.100597], [146.437442, -39.0937], [146.440504, -39.091994], [146.441603, -39.089754], [146.441212, -39.088588], [146.438622, -39.087264], [146.437771, -39.08982], [146.43593, -39.089975], [146.425291, -39.083549], [146.42591, -39.075517], [146.430837, -39.065779], [146.438019, -39.063808], [146.441215, -39.064681], [146.444151, -39.063937], [146.444486, -39.061062], [146.447018, -39.057341], [146.450182, -39.055445], [146.455289, -39.054116], [146.459328, -39.058161], [146.460844, -39.058183], [146.463576, -39.061366], [146.466607, -39.061664], [146.469051, -39.063777], [146.470964, -39.063409], [146.473769, -39.065214], [146.474631, -39.065091], [146.475825, -39.063044], [146.477876, -39.065952], [146.47977, -39.066834], [146.480859, -39.065868], [146.480945, -39.061956], [146.483433, -39.060705], [146.482064, -39.057594], [146.480335, -39.057517], [146.479133, -39.05268], [146.477424, -39.053141], [146.475507, -39.055289], [146.47446, -39.05494], [146.474532, -39.05178], [146.477262, -39.048902], [146.476849, -39.047848], [146.477728, -39.043765], [146.475014, -39.043941], [146.473041, -39.046342], [146.470749, -39.04417], [146.471082, -39.042504], [146.470367, -39.040903], [146.467985, -39.039445], [146.465708, -39.04224], [146.464332, -39.042296], [146.462806, -39.039264], [146.460439, -39.036915], [146.462955, -39.034643], [146.46427, -39.034924], [146.465171, -39.036208], [146.468339, -39.036511], [146.470757, -39.035718], [146.471096, -39.034267], [146.466572, -39.031551], [146.464, -39.028932], [146.465625, -39.029148], [146.47013, -39.026438], [146.473269, -39.028922], [146.476341, -39.027741], [146.475392, -39.025666], [146.474201, -39.025322], [146.473422, -39.02717], [146.46919, -39.023197], [146.464605, -39.022254], [146.461433, -39.019624], [146.452523, -39.019935], [146.445131, -39.017683], [146.442908, -39.02212], [146.437194, -39.021014], [146.434793, -39.019383], [146.432855, -39.016749], [146.431755, -39.010977], [146.432316, -39.008565], [146.442066, -39.007294], [146.444512, -39.00569], [146.445691, -39.003708], [146.446216, -38.998008], [146.442816, -38.992363], [146.443205, -38.991082], [146.44172, -38.990164], [146.43611, -38.981022], [146.444379, -38.960348], [146.450981, -38.947851], [146.462142, -38.930886], [146.474089, -38.916245], [146.474993, -38.917131], [146.477206, -38.917056], [146.47938, -38.915691], [146.479105, -38.913932], [146.480287, -38.912917], [146.484368, -38.911558], [146.485231, -38.911755], [146.485352, -38.912861], [146.486538, -38.912823], [146.489295, -38.910464], [146.48578, -38.908593], [146.486277, -38.907032], [146.487354, -38.906503], [146.485991, -38.903752], [146.486782, -38.897362], [146.487757, -38.896882], [146.486375, -38.895666], [146.48741, -38.894269], [146.485319, -38.892285], [146.483554, -38.891927], [146.482157, -38.89296], [146.482261, -38.89229], [146.480599, -38.89139], [146.481351, -38.891209], [146.481655, -38.885526], [146.484081, -38.884466], [146.484472, -38.883179], [146.482048, -38.881665], [146.479132, -38.882692], [146.473559, -38.881248], [146.472373, -38.879274], [146.472648, -38.877797], [146.470876, -38.878359], [146.469402, -38.877107], [146.46785, -38.871049], [146.468963, -38.860498], [146.474331, -38.845966], [146.474634, -38.84281], [146.475955, -38.842488], [146.474283, -38.840779], [146.47315, -38.837847], [146.471441, -38.836522], [146.470605, -38.831786], [146.473383, -38.823058], [146.472463, -38.82141], [146.47295, -38.817063], [146.478891, -38.799272], [146.479284, -38.79572], [146.478636, -38.79178], [146.476041, -38.788736], [146.474234, -38.788859], [146.473898, -38.789582], [146.47472, -38.790326], [146.472757, -38.789137], [146.469762, -38.7855], [146.468584, -38.78163], [146.467056, -38.780916], [146.464773, -38.780774], [146.460291, -38.782373], [146.458364, -38.78098], [146.455753, -38.781632], [146.452204, -38.780372], [146.449026, -38.780908], [146.447364, -38.779072], [146.444277, -38.777907], [146.441003, -38.780137], [146.43796, -38.778922], [146.437417, -38.780442], [146.436184, -38.780966], [146.436205, -38.782696], [146.437449, -38.783307], [146.438267, -38.785605], [146.437321, -38.786912], [146.43732, -38.790055], [146.435847, -38.790744], [146.437042, -38.792815], [146.435645, -38.795912], [146.427541, -38.798416], [146.427689, -38.801167], [146.426963, -38.802162], [146.42073, -38.803807], [146.422814, -38.805987], [146.423154, -38.808695], [146.423053, -38.810057], [146.42046, -38.811044], [146.420235, -38.816449], [146.419426, -38.818332], [146.421422, -38.818278], [146.421861, -38.819509], [146.421583, -38.823103], [146.422181, -38.8238], [146.421983, -38.82582], [146.421335, -38.82601], [146.421131, -38.833708], [146.418351, -38.845823], [146.414861, -38.852078], [146.412647, -38.853295], [146.408871, -38.850184], [146.396156, -38.85218], [146.395468, -38.851786], [146.396294, -38.851111], [146.393215, -38.850494], [146.387841, -38.856009], [146.382027, -38.85974], [146.378754, -38.860448], [146.36871, -38.86005], [146.362252, -38.866147], [146.352575, -38.868224], [146.347248, -38.872137], [146.34667, -38.875576], [146.336055, -38.880536], [146.335357, -38.882269], [146.335721, -38.88549], [146.332155, -38.887421], [146.332853, -38.889014], [146.330752, -38.891809], [146.330623, -38.89474], [146.327625, -38.897864], [146.326266, -38.901155], [146.323098, -38.903579], [146.315678, -38.905689], [146.309278, -38.90526], [146.307047, -38.906388], [146.304665, -38.905969], [146.302246, -38.90663], [146.292616, -38.904551], [146.289289, -38.90091], [146.287195, -38.894454], [146.288102, -38.884574], [146.293138, -38.879101], [146.292728, -38.876466], [146.287203, -38.870223], [146.286255, -38.866022], [146.270271, -38.86014], [146.271037, -38.859229], [146.269809, -38.857098], [146.269753, -38.853884], [146.268845, -38.852795], [146.268184, -38.842782], [146.266927, -38.841761], [146.267447, -38.84039], [146.266747, -38.837483], [146.265843, -38.836789], [146.26646, -38.834644], [146.265182, -38.832846], [146.265719, -38.83127], [146.264202, -38.827135], [146.263936, -38.823443], [146.264202, -38.821614], [146.267469, -38.819753], [146.268869, -38.817355], [146.267812, -38.815015], [146.26927, -38.807897], [146.270715, -38.806374], [146.272814, -38.806048], [146.263981, -38.805495], [146.255599, -38.807617], [146.250534, -38.809876], [146.240932, -38.811134], [146.233048, -38.809044], [146.227541, -38.800488], [146.225147, -38.786135], [146.222969, -38.778113], [146.219831, -38.776697], [146.218497, -38.771826], [146.206426, -38.767602], [146.203696, -38.765357], [146.200629, -38.759374], [146.201156, -38.756551], [146.197167, -38.754112], [146.196215, -38.750581], [146.192187, -38.743224], [146.190498, -38.742258], [146.190615, -38.744047], [146.18556, -38.74337], [146.188624, -38.731199], [146.192597, -38.728737], [146.197161, -38.730954], [146.197084, -38.732547], [146.194329, -38.733995], [146.195376, -38.735871], [146.198547, -38.73623], [146.198273, -38.734349], [146.200302, -38.733681], [146.201434, -38.736376], [146.202396, -38.736185], [146.205445, -38.73815], [146.204816, -38.740634], [146.208165, -38.738213], [146.210699, -38.737946], [146.205884, -38.736614], [146.204663, -38.735404], [146.207869, -38.734892], [146.207458, -38.732723], [146.208843, -38.731498], [146.209898, -38.73155], [146.209833, -38.730549], [146.211033, -38.729374], [146.210668, -38.728486], [146.206188, -38.729465], [146.200636, -38.733016], [146.199638, -38.732043], [146.200666, -38.729944], [146.2001, -38.727773], [146.198917, -38.727838], [146.198821, -38.729158], [146.198189, -38.729253], [146.192048, -38.726245], [146.194244, -38.723609], [146.195911, -38.724612], [146.195222, -38.722575], [146.19666, -38.718858], [146.199527, -38.716096], [146.200623, -38.716198], [146.201582, -38.718478], [146.204103, -38.720053], [146.207761, -38.720121], [146.210154, -38.716862], [146.213181, -38.719708], [146.214149, -38.716667], [146.211937, -38.717384], [146.210794, -38.714936], [146.208572, -38.71321], [146.206445, -38.715372], [146.202718, -38.71335], [146.206339, -38.712446], [146.208876, -38.710449], [146.211229, -38.710954], [146.217947, -38.710258], [146.221275, -38.70702], [146.226385, -38.70567], [146.226086, -38.704139], [146.229248, -38.701188], [146.228828, -38.697641], [146.227641, -38.69701], [146.224327, -38.698405], [146.218989, -38.697368], [146.216356, -38.698], [146.212288, -38.697274], [146.21364, -38.69561], [146.213007, -38.694919], [146.213296, -38.693513], [146.212059, -38.692854], [146.212592, -38.692883], [146.213503, -38.693423], [146.213339, -38.694984], [146.214996, -38.695741], [146.2227, -38.696356], [146.227669, -38.694719], [146.231156, -38.695179], [146.23074, -38.692027], [146.227605, -38.689144], [146.228564, -38.688791], [146.23136, -38.689763], [146.234927, -38.688224], [146.238395, -38.688824], [146.239796, -38.687243], [146.240237, -38.684995], [146.243941, -38.682832], [146.245366, -38.68367], [146.242645, -38.688071], [146.243754, -38.695281], [146.252627, -38.697512], [146.253938, -38.697293], [146.255814, -38.695522], [146.255442, -38.695083], [146.2528, -38.696189], [146.252082, -38.695716], [146.253855, -38.689775], [146.25835, -38.692122], [146.260931, -38.689944], [146.260937, -38.687706], [146.259921, -38.687487], [146.26056, -38.687323], [146.261053, -38.687555], [146.26157, -38.688546], [146.261155, -38.690896], [146.26646, -38.691028], [146.267487, -38.68791], [146.283922, -38.692171], [146.284456, -38.693686], [146.291719, -38.695268], [146.303482, -38.691742], [146.309838, -38.691763], [146.319315, -38.689474], [146.319733, -38.687813], [146.325719, -38.688086], [146.328907, -38.687036], [146.331755, -38.689239], [146.331131, -38.69018], [146.33173, -38.690804], [146.33884, -38.690666], [146.339119, -38.690167], [146.336696, -38.689831], [146.337284, -38.688882], [146.33478, -38.689745], [146.330068, -38.686711], [146.330815, -38.686287], [146.331821, -38.681068], [146.338211, -38.680321], [146.337259, -38.678014], [146.337207, -38.675456], [146.338036, -38.674033], [146.339434, -38.674011], [146.344903, -38.676587], [146.346505, -38.674546], [146.350706, -38.67292], [146.357761, -38.676185], [146.360926, -38.680854], [146.363772, -38.681243], [146.367569, -38.683609], [146.370004, -38.684104], [146.371128, -38.683746], [146.37137, -38.682422], [146.372992, -38.682372], [146.373191, -38.681277], [146.377291, -38.681496], [146.378002, -38.682278], [146.377264, -38.683517], [146.380986, -38.685645], [146.381078, -38.686713], [146.380017, -38.687672], [146.377281, -38.687889], [146.37982, -38.691287], [146.378874, -38.699638], [146.379652, -38.702371], [146.38217, -38.704573], [146.383765, -38.707462], [146.384161, -38.715159], [146.382568, -38.718107], [146.383265, -38.717951], [146.384599, -38.719929], [146.387054, -38.720748], [146.392545, -38.720861], [146.389988, -38.720749], [146.393144, -38.71962], [146.405734, -38.722323], [146.411203, -38.721218], [146.413815, -38.717871], [146.409916, -38.719359], [146.406495, -38.718274], [146.409553, -38.714455], [146.410331, -38.711911], [146.412488, -38.71116], [146.416087, -38.707812], [146.41791, -38.707611], [146.418471, -38.705654], [146.420294, -38.705906], [146.428605, -38.703577], [146.433445, -38.701115], [146.4391, -38.699711], [146.439306, -38.697166], [146.437775, -38.696612], [146.437202, -38.694436], [146.442035, -38.695528], [146.445084, -38.695017], [146.446918, -38.696813], [146.448144, -38.696497], [146.449302, -38.694231], [146.450296, -38.69396], [146.450632, -38.69721], [146.448838, -38.69926], [146.449105, -38.699838], [146.456393, -38.69917], [146.461052, -38.699583], [146.46214, -38.699974], [146.463062, -38.70208], [146.466643, -38.701724], [146.466766, -38.700551], [146.470821, -38.698494], [146.474756, -38.698738], [146.480503, -38.697487], [146.486922, -38.698018], [146.487856, -38.69634], [146.492968, -38.69676], [146.493451, -38.692876], [146.492567, -38.690838], [146.493441, -38.687765], [146.492029, -38.684547], [146.494669, -38.679739], [146.49524, -38.682715], [146.496099, -38.683276], [146.496503, -38.687195], [146.499262, -38.686574], [146.499719, -38.685311], [146.50198, -38.684319], [146.50449, -38.681867], [146.504133, -38.682966], [146.505195, -38.686107], [146.504521, -38.687881], [146.502378, -38.689628], [146.502874, -38.691509], [146.514712, -38.694242], [146.521301, -38.694453], [146.525741, -38.692445], [146.523198, -38.692047], [146.522919, -38.690375], [146.522552, -38.691611], [146.519659, -38.690715], [146.519551, -38.689962], [146.520776, -38.689111], [146.522491, -38.688853], [146.522759, -38.690125], [146.523189, -38.689031], [146.526562, -38.68961], [146.530584, -38.688884], [146.533181, -38.68646], [146.534644, -38.689263], [146.537238, -38.68938], [146.538934, -38.68895], [146.538203, -38.687858], [146.5412, -38.685376], [146.540721, -38.687336], [146.541468, -38.687712], [146.539853, -38.689221], [146.539061, -38.689046], [146.54028, -38.690399], [146.538966, -38.691731], [146.539161, -38.698269], [146.539936, -38.699378], [146.544319, -38.701645], [146.551209, -38.703789], [146.551265, -38.702901], [146.553037, -38.702322], [146.551002, -38.699466], [146.550789, -38.69757], [146.551141, -38.691526], [146.552764, -38.68929], [146.555359, -38.688657], [146.556421, -38.693005], [146.555906, -38.694445], [146.557173, -38.695093], [146.560615, -38.694765], [146.562451, -38.698048], [146.562356, -38.694633], [146.564065, -38.693905], [146.56601, -38.694302], [146.566746, -38.691119], [146.565164, -38.68801], [146.560999, -38.68598], [146.561413, -38.684348], [146.563125, -38.68318], [146.561925, -38.683063], [146.557654, -38.685888], [146.554647, -38.686654], [146.550779, -38.685592], [146.546743, -38.686622], [146.546085, -38.685488], [146.54651, -38.68452], [146.550404, -38.683899], [146.55099, -38.684765], [146.551205, -38.683817], [146.554637, -38.683644], [146.561266, -38.680613], [146.562044, -38.67973], [146.559713, -38.679364], [146.562535, -38.67824], [146.564971, -38.67952], [146.569232, -38.679768], [146.57214, -38.683307], [146.572188, -38.679276], [146.570571, -38.677816], [146.572005, -38.6777], [146.575226, -38.679127], [146.574816, -38.680908], [146.576523, -38.684581], [146.575529, -38.689699], [146.576824, -38.692143], [146.577075, -38.68238], [146.577653, -38.681157], [146.580423, -38.679462], [146.580053, -38.681374], [146.583827, -38.681423], [146.581222, -38.683002], [146.581512, -38.68528], [146.584812, -38.686608], [146.581403, -38.687886], [146.581915, -38.691036], [146.580985, -38.692494], [146.581421, -38.694003], [146.57979, -38.696207], [146.580528, -38.697476], [146.582693, -38.698475], [146.587261, -38.693262], [146.58213, -38.691696], [146.585517, -38.689635], [146.586687, -38.688442], [146.586656, -38.687332], [146.58932, -38.685283], [146.59367, -38.684768], [146.590438, -38.683753], [146.592872, -38.682624], [146.585991, -38.683126], [146.585298, -38.681604], [146.587005, -38.681071], [146.586705, -38.678936], [146.587574, -38.67741], [146.584681, -38.677821], [146.58442, -38.677087], [146.596436, -38.67601], [146.602435, -38.676593], [146.596768, -38.677967], [146.597618, -38.679103], [146.600644, -38.679571], [146.60676, -38.677828], [146.609795, -38.677804], [146.60958, -38.676641], [146.607128, -38.675859], [146.607592, -38.675267], [146.620338, -38.673729], [146.630443, -38.671109], [146.6379, -38.670241], [146.641029, -38.668902], [146.644123, -38.666065], [146.649215, -38.664058], [146.651491, -38.65966], [146.652795, -38.658737], [146.651895, -38.654712], [146.650444, -38.655299], [146.647337, -38.654522], [146.645934, -38.650711], [146.647284, -38.646682], [146.65312, -38.642985], [146.656379, -38.647102], [146.659773, -38.646785], [146.666366, -38.653267], [146.668556, -38.656487], [146.670659, -38.66291], [146.6701, -38.665434], [146.666336, -38.666947], [146.665407, -38.670157], [146.662847, -38.671216], [146.657551, -38.671491], [146.661622, -38.671922], [146.666463, -38.671013], [146.667336, -38.670147], [146.673164, -38.671237], [146.679129, -38.670496], [146.68547, -38.672054], [146.693049, -38.675756], [146.695142, -38.674933], [146.697708, -38.67535], [146.694343, -38.672813], [146.69449, -38.671383], [146.696106, -38.669995], [146.699332, -38.669237], [146.7002, -38.667491], [146.704206, -38.664758], [146.707456, -38.664697], [146.709638, -38.667128], [146.711252, -38.666992], [146.712103, -38.663164], [146.716388, -38.660899], [146.715322, -38.659683], [146.714059, -38.65518], [146.712502, -38.653514], [146.712966, -38.651168], [146.712251, -38.64974], [146.712913, -38.647777], [146.71524, -38.648594], [146.717022, -38.647085], [146.719628, -38.648399], [146.722388, -38.64826], [146.723268, -38.648869], [146.721048, -38.653382], [146.724115, -38.653156], [146.728546, -38.658582], [146.731398, -38.660501], [146.742174, -38.664925], [146.739201, -38.662091], [146.742853, -38.660633], [146.743619, -38.661764], [146.746305, -38.662688], [146.749327, -38.661129], [146.751113, -38.655015], [146.753518, -38.652583], [146.757983, -38.650955], [146.758566, -38.651805], [146.761664, -38.651755], [146.766993, -38.654214], [146.774479, -38.653646], [146.776554, -38.654217], [146.776863, -38.653978], [146.77463, -38.653535], [146.76801, -38.65334], [146.769714, -38.651855], [146.769783, -38.649838], [146.766508, -38.650138], [146.768868, -38.647956], [146.777425, -38.646056], [146.777689, -38.644884], [146.77793, -38.645785], [146.779654, -38.646338], [146.785908, -38.646241], [146.785959, -38.645009], [146.787081, -38.644282], [146.785981, -38.643525], [146.790072, -38.640699], [146.787022, -38.636387], [146.78655, -38.632598], [146.794947, -38.625396], [146.794093, -38.624837], [146.790196, -38.625673], [146.785457, -38.623962], [146.784707, -38.622794], [146.789138, -38.622829], [146.791357, -38.624431], [146.795792, -38.623008], [146.797647, -38.626456], [146.796357, -38.627517], [146.799439, -38.628656], [146.798462, -38.624829], [146.800017, -38.621463], [146.798097, -38.620209], [146.800025, -38.620749], [146.801689, -38.618958], [146.807324, -38.617358], [146.808636, -38.61505], [146.811546, -38.613762], [146.814499, -38.613828], [146.815571, -38.61179], [146.825352, -38.609723], [146.827676, -38.610186], [146.828406, -38.613083], [146.831199, -38.612548], [146.833461, -38.614478], [146.842038, -38.616373], [146.843148, -38.615698], [146.844255, -38.611846], [146.844011, -38.609145], [146.846523, -38.609359], [146.847387, -38.608693], [146.844731, -38.606629], [146.843514, -38.605063], [146.844005, -38.604835], [146.847951, -38.606541], [146.852998, -38.606114], [146.865246, -38.607591], [146.870898, -38.607079], [146.872623, -38.608912], [146.87873, -38.606582], [146.88038, -38.604531], [146.882549, -38.604607], [146.886967, -38.605743], [146.887359, -38.606548], [146.886116, -38.610216], [146.884147, -38.611473], [146.886424, -38.614398], [146.887387, -38.613221], [146.885212, -38.61243], [146.884951, -38.61167], [146.886288, -38.611778], [146.887618, -38.609957], [146.88958, -38.611671], [146.898674, -38.612218], [146.900497, -38.611156], [146.899706, -38.607892], [146.901591, -38.606189], [146.906269, -38.605961], [146.906836, -38.604607], [146.910578, -38.603359], [146.917243, -38.599572], [146.921027, -38.595348], [146.923668, -38.594155], [146.925517, -38.594225], [146.925257, -38.595779], [146.923122, -38.596178], [146.921229, -38.597807], [146.921003, -38.598804], [146.918898, -38.600251], [146.918444, -38.601941], [146.914972, -38.603292], [146.913337, -38.605194], [146.907374, -38.608262], [146.903039, -38.607453], [146.901955, -38.607956], [146.901938, -38.609536], [146.903263, -38.611623], [146.903225, -38.613845], [146.900038, -38.617141], [146.897038, -38.618508], [146.892656, -38.618839], [146.890563, -38.618231], [146.887146, -38.620153], [146.884753, -38.624513], [146.884904, -38.627116], [146.881982, -38.630008], [146.881938, -38.634531], [146.883139, -38.634634], [146.910141, -38.613929], [146.931966, -38.596016], [146.990134, -38.54096], [147.067248, -38.475119], [147.100716, -38.448673], [147.126098, -38.430193], [147.175621, -38.3893], [147.240034, -38.340385], [147.271174, -38.314985], [147.376278, -38.23235], [147.378931, -38.229558], [147.413644, -38.202928], [147.43071, -38.188249], [147.476303, -38.15175], [147.50836, -38.128009], [147.575267, -38.081863], [147.582687, -38.076001], [147.642131, -38.036875], [147.677115, -38.015186], [147.72613, -37.986855], [147.75127, -37.973341], [147.788216, -37.955322], [147.850921, -37.929414], [147.951982, -37.894066], [147.973451, -37.890051], [147.978327, -37.889854], [147.983082, -37.887433], [148.003523, -37.880338], [148.051889, -37.8672], [148.059201, -37.866413], [148.062344, -37.86721], [148.069638, -37.865332], [148.12018, -37.848323], [148.179178, -37.831635], [148.23004, -37.820614], [148.260492, -37.815057], [148.289615, -37.810988], [148.36761, -37.803864], [148.448176, -37.80172], [148.522937, -37.801485], [148.545195, -37.802896], [148.548163, -37.801971], [148.551987, -37.803445], [148.581396, -37.802004], [148.591944, -37.802345], [148.611081, -37.803733], [148.626577, -37.808219], [148.640622, -37.804957], [148.649968, -37.803705], [148.673529, -37.801881], [148.691027, -37.801441], [148.704555, -37.801971], [148.717029, -37.804438], [148.726188, -37.808764], [148.72572, -37.810439], [148.726965, -37.812352], [148.725689, -37.813497], [148.727786, -37.815437], [148.728209, -37.814746], [148.729194, -37.81503], [148.730515, -37.81246], [148.729869, -37.812179], [148.73446, -37.807652], [148.737701, -37.807298], [148.73772, -37.806576], [148.738828, -37.806881], [148.739691, -37.806141], [148.74067, -37.807112], [148.740885, -37.806457], [148.741794, -37.807011], [148.742552, -37.806025], [148.743233, -37.806237], [148.743374, -37.804879], [148.741668, -37.803548], [148.742629, -37.800523], [148.749187, -37.797037], [148.768468, -37.792326], [148.808733, -37.786417], [148.841989, -37.784526], [148.860797, -37.785001], [148.870336, -37.786041], [148.878991, -37.788384], [148.880624, -37.789831], [148.88415, -37.789958], [148.888671, -37.787121], [148.894292, -37.786604], [148.900715, -37.784547], [148.926358, -37.781403], [149.00179, -37.780324], [149.017898, -37.780975], [149.023989, -37.780256], [149.124226, -37.777287], [149.1757, -37.778201], [149.184214, -37.78013], [149.186667, -37.778842], [149.192801, -37.7797], [149.199399, -37.777903], [149.213458, -37.777487], [149.237187, -37.779081], [149.246711, -37.780474], [149.257981, -37.7846], [149.265928, -37.789319], [149.267304, -37.790717], [149.266703, -37.791515], [149.268096, -37.791581], [149.268803, -37.7928], [149.266773, -37.794749], [149.265391, -37.798457], [149.266281, -37.79928], [149.269774, -37.799613], [149.269489, -37.801696], [149.272315, -37.803082], [149.273777, -37.802393], [149.275498, -37.803777], [149.277231, -37.802915], [149.276829, -37.801885], [149.277768, -37.801023], [149.277093, -37.800299], [149.277976, -37.800457], [149.277868, -37.79928], [149.280011, -37.796972], [149.281349, -37.797084], [149.282965, -37.79934], [149.283491, -37.798341], [149.284031, -37.799266], [149.284915, -37.798878], [149.284744, -37.796389], [149.285413, -37.796345], [149.283783, -37.795347], [149.28459, -37.793357], [149.286269, -37.792953], [149.286695, -37.790706], [149.287867, -37.789745], [149.292448, -37.78746], [149.308946, -37.782816], [149.319369, -37.782132], [149.324112, -37.779931], [149.340379, -37.776913], [149.36635, -37.775024], [149.375577, -37.776013], [149.379954, -37.777649], [149.382538, -37.777123], [149.38578, -37.778023], [149.388946, -37.776197], [149.394365, -37.775415], [149.401991, -37.775563], [149.402645, -37.776362], [149.405488, -37.773822], [149.410689, -37.773205], [149.420793, -37.774032], [149.422243, -37.775], [149.421979, -37.77656], [149.431022, -37.777377], [149.433345, -37.776666], [149.435918, -37.774569], [149.436076, -37.773582], [149.438818, -37.773043], [149.439085, -37.772055], [149.446107, -37.771088], [149.451258, -37.771285], [149.453219, -37.769834], [149.461888, -37.769302], [149.469712, -37.769531], [149.473696, -37.770477], [149.474987, -37.77161], [149.480839, -37.773183], [149.481881, -37.774479], [149.484958, -37.775441], [149.485712, -37.774551], [149.488689, -37.774378], [149.489977, -37.772154], [149.491825, -37.772554], [149.49131, -37.771082], [149.492105, -37.771022], [149.491652, -37.770709], [149.492679, -37.770276], [149.493266, -37.768672], [149.495556, -37.768225], [149.495035, -37.767013], [149.49659, -37.765556], [149.49551, -37.763401], [149.496536, -37.76196], [149.496018, -37.760898], [149.497207, -37.759932], [149.497035, -37.756577], [149.497804, -37.75703], [149.498466, -37.756368], [149.496514, -37.756078], [149.496934, -37.753367], [149.499918, -37.751038], [149.506664, -37.748564], [149.512486, -37.747382], [149.516419, -37.749082], [149.517732, -37.747068], [149.517391, -37.746337], [149.519627, -37.745095], [149.517218, -37.743915], [149.517215, -37.743214], [149.519875, -37.742019], [149.521023, -37.739858], [149.525501, -37.737284], [149.537438, -37.733075], [149.541352, -37.73446], [149.542118, -37.731598], [149.542435, -37.732853], [149.543166, -37.732916], [149.542955, -37.731672], [149.544627, -37.731521], [149.54363, -37.731133], [149.544897, -37.730826], [149.544449, -37.730034], [149.54514, -37.729675], [149.56629, -37.724577], [149.58104, -37.72261], [149.587974, -37.722526], [149.590257, -37.72296], [149.590738, -37.724051], [149.592058, -37.724082], [149.59447, -37.72636], [149.595839, -37.726576], [149.596272, -37.725515], [149.59815, -37.725446], [149.597648, -37.724113], [149.598348, -37.722344], [149.597425, -37.721457], [149.598638, -37.721167], [149.598315, -37.720429], [149.600154, -37.717114], [149.600828, -37.712062], [149.604404, -37.710248], [149.603949, -37.709624], [149.605537, -37.708783], [149.605962, -37.706973], [149.616596, -37.700613], [149.633612, -37.695289], [149.636226, -37.695118], [149.640708, -37.692718], [149.647169, -37.69091], [149.664537, -37.688077], [149.666752, -37.688393], [149.673773, -37.686359], [149.676489, -37.68413], [149.677329, -37.685082], [149.677706, -37.683992], [149.67698, -37.683732], [149.676696, -37.681875], [149.677881, -37.680858], [149.678983, -37.676455], [149.677877, -37.674035], [149.678839, -37.672084], [149.680595, -37.672009], [149.682057, -37.670522], [149.681005, -37.669008], [149.68306, -37.667331], [149.681856, -37.665577], [149.682392, -37.664158], [149.68468, -37.662472], [149.687218, -37.661948], [149.687765, -37.660288], [149.68958, -37.659795], [149.688672, -37.657914], [149.690092, -37.657656], [149.690481, -37.656402], [149.692124, -37.655468], [149.69295, -37.655877], [149.693228, -37.654858], [149.693979, -37.655387], [149.69397, -37.654779], [149.694972, -37.654903], [149.695219, -37.653352], [149.694523, -37.652703], [149.697434, -37.651414], [149.700002, -37.647239], [149.70223, -37.646994], [149.702444, -37.645043], [149.705402, -37.643327], [149.706531, -37.643525], [149.708005, -37.639563], [149.708994, -37.638372], [149.709537, -37.638688], [149.710999, -37.631797], [149.712979, -37.629537], [149.712881, -37.628091], [149.713776, -37.628313], [149.714534, -37.625823], [149.715246, -37.626059], [149.716504, -37.622155], [149.717358, -37.621846], [149.716982, -37.621049], [149.718361, -37.620871], [149.717728, -37.619833], [149.719232, -37.619373], [149.716756, -37.616605], [149.718389, -37.615598], [149.717804, -37.614132], [149.718823, -37.613044], [149.718381, -37.611745], [149.720681, -37.611487], [149.719998, -37.610429], [149.720621, -37.609034], [149.723132, -37.607965], [149.722652, -37.606605], [149.727576, -37.601066], [149.729734, -37.599515], [149.732202, -37.599162], [149.731526, -37.59515], [149.73341, -37.592987], [149.73589, -37.591771], [149.735156, -37.591285], [149.735473, -37.589621], [149.736962, -37.588452], [149.736653, -37.587952], [149.738748, -37.585037], [149.749024, -37.579082], [149.757939, -37.575571], [149.765416, -37.573855], [149.762002, -37.568424], [149.760812, -37.567789], [149.760994, -37.566909], [149.775248, -37.557838], [149.795527, -37.549758], [149.808189, -37.546556], [149.819715, -37.544829], [149.831667, -37.544187], [149.844884, -37.545671], [149.858347, -37.541938], [149.874016, -37.540254], [149.889556, -37.540765], [149.898842, -37.542675], [149.906609, -37.542865], [149.915934, -37.532285], [149.92477, -37.526348], [149.936035, -37.521259], [149.957638, -37.51517], [149.960185, -37.515456], [149.963433, -37.517902], [149.964395, -37.517956], [149.962751, -37.517155], [149.962257, -37.515776], [149.964685, -37.511652], [149.968688, -37.510434], [149.976679, -37.50506], [149.504912, -37.321672], [149.199775, -37.201189], [148.821603, -37.050028], [148.194946, -36.796253], [148.19167, -36.798415], [148.189672, -36.801635], [148.186682, -36.804121], [148.182473, -36.804895], [148.179595, -36.796326], [148.176124, -36.796743], [148.168182, -36.792494], [148.163898, -36.794789], [148.163087, -36.79403], [148.163778, -36.79239], [148.161364, -36.79221], [148.160479, -36.793042], [148.158546, -36.793151], [148.15698, -36.79152], [148.157745, -36.790161], [148.156663, -36.790013], [148.152634, -36.79154], [148.151746, -36.793092], [148.149902, -36.791667], [148.148659, -36.79195], [148.149028, -36.794189], [148.14641, -36.795363], [148.144061, -36.795791], [148.143404, -36.794986], [148.141909, -36.795327], [148.141044, -36.794682], [148.137563, -36.795244], [148.136767, -36.79453], [148.136547, -36.795784], [148.134014, -36.795131], [148.135689, -36.796524], [148.135094, -36.797083], [148.131766, -36.79673], [148.129732, -36.795656], [148.126771, -36.796451], [148.12631, -36.801436], [148.122465, -36.801145], [148.122633, -36.802101], [148.121057, -36.803682], [148.121991, -36.804293], [148.120653, -36.804858], [148.120152, -36.806079], [148.117962, -36.804939], [148.117663, -36.803612], [148.115638, -36.802234], [148.114343, -36.802764], [148.112903, -36.800242], [148.108888, -36.800865], [148.108031, -36.798777], [148.110535, -36.798269], [148.10882, -36.797001], [148.107589, -36.794262], [148.106433, -36.793845], [148.104708, -36.789827], [148.103788, -36.791221], [148.101641, -36.790035], [148.100162, -36.791559], [148.097983, -36.787161], [148.098594, -36.78675], [148.101638, -36.788875], [148.103728, -36.787965], [148.105548, -36.784759], [148.104716, -36.780507], [148.108854, -36.776773], [148.108483, -36.775368], [148.110804, -36.773972], [148.111133, -36.771445], [148.112864, -36.768127], [148.116066, -36.765652], [148.119639, -36.765562], [148.121644, -36.764687], [148.122112, -36.762181], [148.126081, -36.759417], [148.120209, -36.759449], [148.119441, -36.758634], [148.120472, -36.756303], [148.123013, -36.754668], [148.125738, -36.754169], [148.125978, -36.753288], [148.128478, -36.752735], [148.128872, -36.751852], [148.127669, -36.751075], [148.128612, -36.75039], [148.129857, -36.750265], [148.131527, -36.751399], [148.132654, -36.750847], [148.133191, -36.746976], [148.131872, -36.744942], [148.13477, -36.743471], [148.136703, -36.738436], [148.130936, -36.735551], [148.130703, -36.734683], [148.132193, -36.733441], [147.974318, -36.601915], [147.539345, -36.734648], [147.535654, -36.745994], [147.523762, -36.746131], [147.524308, -36.752966], [147.523898, -36.766636], [147.512689, -36.76937], [147.502573, -36.768139], [147.494918, -36.774427], [147.483982, -36.774291], [147.466895, -36.781262], [147.462794, -36.794522], [147.460197, -36.806141], [147.448031, -36.807098], [147.434908, -36.793292], [147.421101, -36.782766], [147.407295, -36.779895], [147.403741, -36.763765], [147.395949, -36.75693], [147.380229, -36.752282], [147.324593, -36.745311], [147.302037, -36.723439], [147.286454, -36.735058], [147.288504, -36.759391], [147.26759, -36.775658], [147.276202, -36.78714], [147.289963, -36.801563], [147.292605, -36.812019], [147.283173, -36.820495], [147.297936, -36.822408], [147.311333, -36.824459], [147.322405, -36.818854], [147.332111, -36.823775], [147.337169, -36.838539], [147.339903, -36.856993], [147.331291, -36.86], [147.316254, -36.872577], [147.306548, -36.885153], [147.296005, -36.906712], [147.28577, -36.916183], [147.268546, -36.967308], [147.258294, -36.998339], [147.287958, -37.001209], [147.307505, -37.010505], [147.340176, -37.025678], [147.35822, -37.028412], [147.373804, -37.023218], [147.381596, -37.03347], [147.372847, -37.055752], [147.377085, -37.080904], [147.373941, -37.094847], [147.362427, -37.098225], [147.35904, -37.110431], [147.317758, -37.109884], [147.325003, -37.123144], [147.32842, -37.143239], [147.339493, -37.15103], [147.34291, -37.161556], [147.354119, -37.174269], [147.361091, -37.185205], [147.381186, -37.195731], [147.32596, -37.274058], [146.851071, -37.198738], [146.822774, -37.197781], [146.820587, -37.183564], [146.808284, -37.180147], [146.783269, -37.169485], [146.762217, -37.138591], [146.751008, -37.140505], [146.735561, -37.151987], [146.709315, -37.152671], [146.684026, -37.139138], [146.652859, -37.135447], [146.64329, -37.120683], [146.637138, -37.124921], [146.640419, -37.146656], [146.643387, -37.168739], [146.433453, -37.616025]]], [[[146.584341, -38.73866], [146.580405, -38.735002], [146.571759, -38.736026], [146.571828, -38.738239], [146.568725, -38.739797], [146.567251, -38.741694], [146.567845, -38.742279], [146.560846, -38.744566], [146.560055, -38.74577], [146.551728, -38.749103], [146.551047, -38.749612], [146.551923, -38.750196], [146.55152, -38.750848], [146.541735, -38.756056], [146.542553, -38.756921], [146.548095, -38.756898], [146.546112, -38.757743], [146.542038, -38.758328], [146.53867, -38.756654], [146.527728, -38.758799], [146.523315, -38.760487], [146.518825, -38.76011], [146.512465, -38.762573], [146.509791, -38.761711], [146.508341, -38.762219], [146.508259, -38.76306], [146.504466, -38.761887], [146.500916, -38.763043], [146.499562, -38.762699], [146.498951, -38.761699], [146.499516, -38.76141], [146.49953, -38.76239], [146.500569, -38.762856], [146.501712, -38.760905], [146.498078, -38.758685], [146.503485, -38.759328], [146.504017, -38.76017], [146.508699, -38.759381], [146.517408, -38.756086], [146.51945, -38.755133], [146.520652, -38.753555], [146.523886, -38.752655], [146.524034, -38.752014], [146.520411, -38.750133], [146.519257, -38.753118], [146.515616, -38.752788], [146.513485, -38.75421], [146.511483, -38.753526], [146.509288, -38.753998], [146.508245, -38.752904], [146.5129, -38.746332], [146.522874, -38.742773], [146.524234, -38.741817], [146.524189, -38.74017], [146.525365, -38.739109], [146.528679, -38.737708], [146.533384, -38.738877], [146.53923, -38.730258], [146.541851, -38.728365], [146.541644, -38.727745], [146.534224, -38.7293], [146.523971, -38.728412], [146.524751, -38.729716], [146.526756, -38.730397], [146.523542, -38.729828], [146.51899, -38.732651], [146.521157, -38.734738], [146.517845, -38.734587], [146.513451, -38.737561], [146.512901, -38.736969], [146.511866, -38.73757], [146.508177, -38.73723], [146.506026, -38.733586], [146.512006, -38.733304], [146.515585, -38.730698], [146.51231, -38.725414], [146.508843, -38.72574], [146.504233, -38.727493], [146.503076, -38.726791], [146.506026, -38.725191], [146.505907, -38.723533], [146.507254, -38.722046], [146.507005, -38.721227], [146.510131, -38.719098], [146.509583, -38.718534], [146.505775, -38.719478], [146.497558, -38.728093], [146.495, -38.729122], [146.490342, -38.729488], [146.486181, -38.728683], [146.481961, -38.729682], [146.480304, -38.728444], [146.482068, -38.726606], [146.477581, -38.72959], [146.475146, -38.729678], [146.471343, -38.728367], [146.470193, -38.732253], [146.470801, -38.734823], [146.471875, -38.735454], [146.46812, -38.738223], [146.466213, -38.738575], [146.466124, -38.737856], [146.464605, -38.739122], [146.467431, -38.744911], [146.471391, -38.749915], [146.48652, -38.765174], [146.494759, -38.774837], [146.522979, -38.781657], [146.529398, -38.783937], [146.537354, -38.78941], [146.54534, -38.790889], [146.552988, -38.789282], [146.56096, -38.785142], [146.564746, -38.782713], [146.581002, -38.768754], [146.597634, -38.759484], [146.606076, -38.756816], [146.610975, -38.756223], [146.614997, -38.756614], [146.621087, -38.758974], [146.625876, -38.759302], [146.656002, -38.755387], [146.661386, -38.751749], [146.666365, -38.749507], [146.667733, -38.747811], [146.666068, -38.744841], [146.663243, -38.74443], [146.666725, -38.746498], [146.664908, -38.749311], [146.658968, -38.752527], [146.655605, -38.753021], [146.654581, -38.755002], [146.644394, -38.755631], [146.628897, -38.758168], [146.622089, -38.758196], [146.615349, -38.755527], [146.618859, -38.755449], [146.621638, -38.753613], [146.60872, -38.751221], [146.607222, -38.749481], [146.60475, -38.750544], [146.604412, -38.752094], [146.601349, -38.752087], [146.601708, -38.751058], [146.600049, -38.749786], [146.599488, -38.747727], [146.602596, -38.746082], [146.60293, -38.744193], [146.593526, -38.742994], [146.588825, -38.746967], [146.584271, -38.747864], [146.584142, -38.746887], [146.590293, -38.742541], [146.591965, -38.742534], [146.590546, -38.741179], [146.587685, -38.740194], [146.585898, -38.742869], [146.583591, -38.743131], [146.582941, -38.742375], [146.584077, -38.739666], [146.584341, -38.73866]]], [[[146.801063, -38.627229], [146.801977, -38.631149], [146.800977, -38.632991], [146.798226, -38.633461], [146.795543, -38.630409], [146.791104, -38.632691], [146.792214, -38.636854], [146.794777, -38.640928], [146.79394, -38.645303], [146.799445, -38.647151], [146.808108, -38.647869], [146.809153, -38.648757], [146.80834, -38.647476], [146.813084, -38.647805], [146.813892, -38.648549], [146.811243, -38.649046], [146.821842, -38.650542], [146.823084, -38.650227], [146.823248, -38.649446], [146.820976, -38.650389], [146.819849, -38.648563], [146.814695, -38.649109], [146.817723, -38.647381], [146.823016, -38.645951], [146.831493, -38.641471], [146.84159, -38.638701], [146.848129, -38.635411], [146.853635, -38.634359], [146.856913, -38.631629], [146.859531, -38.630587], [146.869449, -38.629466], [146.87821, -38.626484], [146.878538, -38.622624], [146.880623, -38.616834], [146.879105, -38.614999], [146.873627, -38.616349], [146.865941, -38.616386], [146.858756, -38.613602], [146.851407, -38.612415], [146.846138, -38.614357], [146.84502, -38.614089], [146.843548, -38.617492], [146.830937, -38.617047], [146.828085, -38.615952], [146.827057, -38.617792], [146.830105, -38.618068], [146.831623, -38.619166], [146.82849, -38.619242], [146.825275, -38.620739], [146.825576, -38.619608], [146.823857, -38.617349], [146.824599, -38.616013], [146.823808, -38.614425], [146.824258, -38.612327], [146.818929, -38.613265], [146.815121, -38.616296], [146.810412, -38.616293], [146.808549, -38.618627], [146.803557, -38.620084], [146.801564, -38.6235], [146.80149, -38.625248], [146.801063, -38.627229]]], [[[146.66688, -38.708169], [146.665876, -38.707708], [146.663073, -38.708544], [146.662105, -38.707785], [146.668882, -38.704384], [146.670754, -38.70458], [146.672742, -38.702865], [146.666682, -38.702679], [146.664279, -38.701552], [146.659686, -38.702518], [146.656629, -38.702176], [146.648772, -38.705871], [146.648136, -38.705706], [146.648284, -38.704305], [146.651233, -38.701605], [146.653285, -38.701074], [146.640905, -38.699597], [146.638297, -38.701861], [146.638281, -38.703337], [146.636955, -38.704575], [146.637772, -38.706009], [146.636377, -38.706549], [146.633968, -38.705268], [146.630454, -38.705796], [146.627255, -38.704659], [146.627974, -38.703228], [146.636037, -38.701552], [146.636721, -38.698645], [146.634346, -38.698724], [146.631555, -38.701236], [146.628518, -38.702003], [146.620039, -38.702039], [146.617728, -38.700866], [146.614453, -38.701181], [146.61494, -38.699089], [146.619398, -38.697987], [146.618435, -38.697518], [146.606002, -38.699165], [146.599833, -38.701927], [146.593524, -38.70749], [146.5883, -38.710178], [146.587886, -38.711301], [146.589065, -38.712202], [146.585827, -38.713076], [146.585294, -38.715426], [146.58613, -38.716854], [146.602196, -38.726832], [146.603224, -38.726751], [146.604937, -38.724112], [146.602332, -38.723619], [146.600442, -38.72443], [146.599304, -38.722681], [146.595553, -38.720125], [146.598425, -38.718954], [146.598184, -38.718191], [146.601402, -38.718118], [146.601101, -38.716521], [146.606399, -38.717974], [146.599171, -38.719513], [146.60183, -38.722403], [146.605851, -38.722585], [146.608122, -38.723913], [146.612049, -38.723113], [146.612473, -38.721841], [146.614985, -38.721127], [146.612598, -38.722634], [146.617603, -38.723829], [146.619202, -38.723314], [146.619849, -38.721689], [146.621661, -38.721497], [146.622088, -38.723401], [146.618329, -38.724194], [146.626289, -38.724626], [146.628934, -38.724095], [146.626367, -38.724111], [146.630664, -38.721437], [146.633602, -38.720968], [146.632196, -38.722618], [146.633243, -38.722948], [146.636785, -38.721762], [146.638935, -38.719956], [146.641679, -38.720579], [146.650007, -38.718713], [146.652866, -38.718895], [146.659855, -38.715031], [146.665105, -38.715328], [146.670824, -38.714308], [146.672903, -38.715017], [146.676404, -38.711383], [146.677604, -38.708338], [146.676323, -38.709462], [146.674503, -38.70958], [146.675954, -38.706912], [146.673487, -38.706232], [146.671818, -38.707265], [146.670177, -38.7064], [146.667875, -38.706628], [146.66688, -38.708169]]], [[[146.488396, -38.713214], [146.487019, -38.713876], [146.481747, -38.712149], [146.477566, -38.711853], [146.470343, -38.71366], [146.470046, -38.712595], [146.462516, -38.712593], [146.463058, -38.714008], [146.462233, -38.714299], [146.459216, -38.713064], [146.45552, -38.712798], [146.457094, -38.711657], [146.455583, -38.710839], [146.451102, -38.710531], [146.445231, -38.713015], [146.443089, -38.717744], [146.440684, -38.720876], [146.438685, -38.725533], [146.438632, -38.727589], [146.441996, -38.728898], [146.448202, -38.728658], [146.45039, -38.727236], [146.460895, -38.723826], [146.463215, -38.72223], [146.465461, -38.719193], [146.468395, -38.717321], [146.476545, -38.719548], [146.478333, -38.71779], [146.483765, -38.71785], [146.486952, -38.721193], [146.493338, -38.725194], [146.494468, -38.724387], [146.494056, -38.723171], [146.499395, -38.71943], [146.499727, -38.717684], [146.501663, -38.716954], [146.501898, -38.71592], [146.500302, -38.715326], [146.496255, -38.71757], [146.490855, -38.714625], [146.491058, -38.713683], [146.488396, -38.713214]]], [[[146.833073, -38.679501], [146.839625, -38.672214], [146.858781, -38.655913], [146.868265, -38.646187], [146.876884, -38.640531], [146.879039, -38.638149], [146.872265, -38.640806], [146.863934, -38.638501], [146.860432, -38.642495], [146.854789, -38.646859], [146.85091, -38.648109], [146.849666, -38.649794], [146.848314, -38.649231], [146.848759, -38.649774], [146.847685, -38.650071], [146.847121, -38.651517], [146.846616, -38.650328], [146.84452, -38.651568], [146.844705, -38.652241], [146.843196, -38.652081], [146.842097, -38.653465], [146.839308, -38.653284], [146.840676, -38.652484], [146.835528, -38.654171], [146.835237, -38.654811], [146.836643, -38.655787], [146.851283, -38.655965], [146.853571, -38.653353], [146.856329, -38.652006], [146.85737, -38.651823], [146.858094, -38.652723], [146.853784, -38.65339], [146.853465, -38.65466], [146.851515, -38.656191], [146.852917, -38.655848], [146.849455, -38.657148], [146.849211, -38.658463], [146.8469, -38.659633], [146.844793, -38.662201], [146.838161, -38.665068], [146.836791, -38.666738], [146.836308, -38.670553], [146.833506, -38.675788], [146.833692, -38.677045], [146.83108, -38.679039], [146.82836, -38.679343], [146.833073, -38.679501]]], [[[146.757171, -38.691522], [146.759257, -38.691291], [146.775246, -38.684044], [146.78775, -38.6807], [146.810031, -38.681296], [146.825015, -38.684272], [146.81857, -38.684741], [146.8212, -38.685257], [146.825502, -38.685003], [146.826416, -38.683243], [146.823398, -38.68125], [146.823592, -38.68261], [146.820382, -38.682601], [146.80631, -38.679823], [146.811484, -38.679104], [146.819657, -38.67929], [146.822006, -38.678779], [146.821975, -38.677818], [146.813871, -38.678329], [146.810026, -38.677482], [146.813583, -38.676741], [146.812801, -38.676163], [146.804607, -38.677488], [146.798672, -38.675767], [146.780436, -38.680956], [146.767007, -38.686581], [146.763646, -38.687031], [146.758408, -38.689088], [146.755575, -38.689295], [146.755588, -38.688321], [146.752869, -38.689586], [146.754795, -38.690629], [146.757171, -38.691522]]], [[[146.731633, -38.676777], [146.733185, -38.675823], [146.735158, -38.675875], [146.739461, -38.672843], [146.734128, -38.671531], [146.733192, -38.669967], [146.730671, -38.669837], [146.72772, -38.667203], [146.7277, -38.664641], [146.730214, -38.664731], [146.727793, -38.661227], [146.725755, -38.662862], [146.725302, -38.665735], [146.72069, -38.66684], [146.72211, -38.673344], [146.72062, -38.67646], [146.716228, -38.677759], [146.712187, -38.676117], [146.709894, -38.676575], [146.711306, -38.67684], [146.712936, -38.678414], [146.713083, -38.680284], [146.715366, -38.683904], [146.716634, -38.683214], [146.71671, -38.682236], [146.719556, -38.681399], [146.723538, -38.678396], [146.723526, -38.677521], [146.725212, -38.676968], [146.725228, -38.675921], [146.726605, -38.674939], [146.726511, -38.672302], [146.729028, -38.672924], [146.729103, -38.674886], [146.731633, -38.676777]]], [[[146.712958, -38.684602], [146.709978, -38.683318], [146.70981, -38.681894], [146.711768, -38.681666], [146.710175, -38.677169], [146.707733, -38.67673], [146.702216, -38.68148], [146.698984, -38.682581], [146.696778, -38.68448], [146.696231, -38.690865], [146.697937, -38.691644], [146.6985, -38.693129], [146.698679, -38.692362], [146.702049, -38.691043], [146.712936, -38.689138], [146.715718, -38.687214], [146.71493, -38.685861], [146.711786, -38.686967], [146.71026, -38.685822], [146.708498, -38.685736], [146.70954, -38.684978], [146.712958, -38.684602]]], [[[149.916564, -37.5662], [149.917873, -37.566422], [149.916161, -37.56327], [149.918114, -37.563267], [149.918083, -37.561211], [149.915329, -37.55924], [149.913987, -37.55548], [149.912199, -37.554779], [149.909521, -37.551028], [149.904809, -37.548305], [149.906742, -37.550443], [149.90871, -37.555365], [149.908207, -37.558458], [149.906892, -37.558084], [149.904583, -37.558942], [149.904302, -37.561104], [149.905894, -37.564138], [149.905633, -37.566527], [149.906602, -37.566646], [149.906303, -37.567536], [149.907753, -37.56773], [149.907822, -37.568389], [149.911723, -37.569606], [149.913443, -37.569322], [149.913301, -37.569823], [149.915065, -37.56893], [149.916337, -37.56967], [149.917732, -37.569103], [149.918469, -37.568333], [149.917077, -37.567553], [149.916564, -37.5662]]], [[[146.222884, -39.077976], [146.224704, -39.08035], [146.224889, -39.085173], [146.226206, -39.08651], [146.231287, -39.086859], [146.23145, -39.088674], [146.232769, -39.089109], [146.232314, -39.090326], [146.234358, -39.093702], [146.233888, -39.095711], [146.236681, -39.097853], [146.238722, -39.095173], [146.239047, -39.093134], [146.240068, -39.092498], [146.241442, -39.088848], [146.239487, -39.087343], [146.235718, -39.086072], [146.233976, -39.0836], [146.232971, -39.083756], [146.232216, -39.085384], [146.23111, -39.085231], [146.229099, -39.082366], [146.228812, -39.080692], [146.2277, -39.080235], [146.228032, -39.078696], [146.226536, -39.075331], [146.226379, -39.072638], [146.223202, -39.070881], [146.221056, -39.072682], [146.221683, -39.073761], [146.222884, -39.077976]]], [[[146.630467, -38.725401], [146.645122, -38.726004], [146.652636, -38.727206], [146.667986, -38.720805], [146.669254, -38.718315], [146.663476, -38.721062], [146.661633, -38.720843], [146.660376, -38.71933], [146.654984, -38.721973], [146.651127, -38.722834], [146.648543, -38.722114], [146.646449, -38.723273], [146.643836, -38.722427], [146.642084, -38.723157], [146.638591, -38.721867], [146.635089, -38.723756], [146.630725, -38.723982], [146.630167, -38.723291], [146.629732, -38.724299], [146.630467, -38.725401]]], [[[146.787612, -38.669845], [146.793258, -38.667528], [146.791285, -38.66695], [146.790773, -38.664845], [146.791952, -38.665194], [146.797574, -38.662511], [146.797947, -38.661887], [146.796852, -38.661388], [146.797397, -38.660939], [146.799437, -38.660955], [146.801518, -38.662641], [146.805729, -38.661147], [146.80518, -38.659913], [146.80611, -38.659378], [146.807895, -38.659718], [146.810287, -38.658915], [146.815287, -38.659533], [146.815367, -38.658919], [146.809675, -38.6581], [146.801197, -38.65849], [146.798435, -38.657311], [146.799026, -38.656369], [146.804124, -38.655571], [146.808847, -38.656205], [146.803773, -38.654976], [146.794058, -38.65682], [146.789878, -38.662305], [146.788582, -38.666149], [146.785995, -38.668918], [146.787612, -38.669845]]], [[[146.687044, -38.725369], [146.686975, -38.726421], [146.685269, -38.727529], [146.681315, -38.727882], [146.680222, -38.727107], [146.679924, -38.725672], [146.679197, -38.726783], [146.680651, -38.728215], [146.682561, -38.728634], [146.685352, -38.727975], [146.690171, -38.724714], [146.696372, -38.718476], [146.707408, -38.711641], [146.712505, -38.707315], [146.723211, -38.700873], [146.731213, -38.697831], [146.7322, -38.696272], [146.725819, -38.696222], [146.721021, -38.6985], [146.721187, -38.700862], [146.709963, -38.707694], [146.707366, -38.710332], [146.703456, -38.710651], [146.700917, -38.711807], [146.70065, -38.712471], [146.701734, -38.712966], [146.697939, -38.714205], [146.69314, -38.720068], [146.689046, -38.723425], [146.687044, -38.725369]]], [[[146.668929, -38.68415], [146.671963, -38.686361], [146.67779, -38.688578], [146.679023, -38.689759], [146.679885, -38.689751], [146.679275, -38.688974], [146.683364, -38.689702], [146.683844, -38.689158], [146.683015, -38.686964], [146.681375, -38.686207], [146.681854, -38.685319], [146.677292, -38.685067], [146.676565, -38.684137], [146.678624, -38.681913], [146.677797, -38.680022], [146.678311, -38.678991], [146.682199, -38.67901], [146.685401, -38.677859], [146.675803, -38.676801], [146.669594, -38.680677], [146.668709, -38.682194], [146.668929, -38.68415]]], [[[146.756873, -38.658392], [146.762139, -38.659747], [146.763477, -38.658823], [146.763632, -38.659816], [146.768347, -38.661019], [146.771934, -38.661236], [146.774377, -38.659768], [146.772799, -38.660118], [146.771389, -38.65861], [146.772309, -38.657039], [146.771871, -38.65645], [146.770338, -38.65685], [146.767945, -38.655207], [146.761408, -38.653293], [146.756677, -38.65386], [146.757029, -38.654502], [146.755678, -38.655495], [146.7562, -38.656523], [146.756873, -38.658392]]], [[[146.325646, -39.147297], [146.326447, -39.145172], [146.328437, -39.144437], [146.329872, -39.141674], [146.329135, -39.139279], [146.327623, -39.140168], [146.324694, -39.138258], [146.322769, -39.138832], [146.319354, -39.138442], [146.312072, -39.134765], [146.312245, -39.135853], [146.314059, -39.13693], [146.317779, -39.142319], [146.325646, -39.147297]]], [[[146.242519, -39.02459], [146.242279, -39.027174], [146.239907, -39.027089], [146.238308, -39.028468], [146.240787, -39.029639], [146.243913, -39.028473], [146.244681, -39.027184], [146.244287, -39.025747], [146.246214, -39.024515], [146.24392, -39.022742], [146.244144, -39.020636], [146.241426, -39.017844], [146.241782, -39.016931], [146.240735, -39.016618], [146.239077, -39.019233], [146.239595, -39.020319], [146.236718, -39.021356], [146.23643, -39.022394], [146.238198, -39.023162], [146.242519, -39.02459]]], [[[146.621794, -38.750117], [146.623447, -38.750398], [146.627874, -38.748288], [146.634694, -38.749315], [146.637588, -38.748628], [146.640747, -38.746632], [146.642563, -38.7472], [146.640474, -38.744219], [146.631017, -38.747778], [146.628565, -38.74732], [146.623493, -38.747916], [146.622738, -38.748641], [146.621794, -38.750117]]], [[[146.224731, -38.972046], [146.233823, -38.96781], [146.232596, -38.966521], [146.230566, -38.966019], [146.226442, -38.966977], [146.223987, -38.966698], [146.222943, -38.968191], [146.223912, -38.969713], [146.223582, -38.971395], [146.224731, -38.972046]]], [[[146.313089, -39.158669], [146.314522, -39.158224], [146.315424, -39.156624], [146.312794, -39.155362], [146.31225, -39.152663], [146.308928, -39.149974], [146.306631, -39.15249], [146.310349, -39.157522], [146.313089, -39.158669]]], [[[146.544458, -38.744814], [146.54783, -38.745547], [146.552867, -38.743362], [146.552148, -38.742705], [146.553392, -38.74123], [146.550414, -38.74207], [146.549018, -38.741487], [146.546654, -38.7429], [146.546138, -38.741644], [146.54895, -38.739823], [146.545923, -38.739708], [146.543951, -38.742311], [146.544458, -38.744814]]], [[[146.626932, -38.690087], [146.623395, -38.692298], [146.621751, -38.694793], [146.625311, -38.695498], [146.630169, -38.697813], [146.634077, -38.697163], [146.628302, -38.694986], [146.626043, -38.692034], [146.626932, -38.690087]]], [[[146.508387, -38.914743], [146.509585, -38.91358], [146.510829, -38.914075], [146.51363, -38.912862], [146.513961, -38.910208], [146.513253, -38.908651], [146.510392, -38.909399], [146.509424, -38.911093], [146.507457, -38.911609], [146.505924, -38.91305], [146.50611, -38.913726], [146.508387, -38.914743]]], [[[146.359539, -39.140832], [146.362758, -39.139846], [146.367751, -39.140175], [146.368313, -39.139124], [146.365765, -39.138082], [146.36031, -39.137457], [146.357056, -39.137714], [146.356208, -39.139001], [146.359539, -39.140832]]], [[[146.60048, -38.686665], [146.607272, -38.686324], [146.608327, -38.685968], [146.608733, -38.684329], [146.60606, -38.683478], [146.60135, -38.684131], [146.598513, -38.685737], [146.60048, -38.686665]]], [[[146.237838, -39.109941], [146.241272, -39.108282], [146.23851, -39.105744], [146.237772, -39.10219], [146.236697, -39.100974], [146.235676, -39.101633], [146.236505, -39.102834], [146.23557, -39.104484], [146.237838, -39.109941]]], [[[146.659067, -38.922013], [146.660647, -38.926873], [146.665327, -38.925993], [146.664577, -38.923473], [146.662067, -38.922113], [146.659067, -38.922013]]], [[[146.236897, -39.117738], [146.238139, -39.116922], [146.239317, -39.114292], [146.238552, -39.111866], [146.237061, -39.111841], [146.234685, -39.113538], [146.233897, -39.114822], [146.23433, -39.11547], [146.236897, -39.117738]]], [[[146.743378, -38.670154], [146.748142, -38.668967], [146.746946, -38.667873], [146.742286, -38.666886], [146.739856, -38.667242], [146.738045, -38.668837], [146.743378, -38.670154]]], [[[146.731677, -38.662188], [146.728928, -38.661801], [146.730585, -38.663003], [146.731945, -38.667654], [146.73448, -38.667521], [146.736299, -38.668877], [146.737216, -38.666924], [146.732908, -38.664374], [146.731677, -38.662188]]], [[[146.778272, -38.659986], [146.780072, -38.660068], [146.782978, -38.658102], [146.775739, -38.656508], [146.772903, -38.657717], [146.773817, -38.658666], [146.775257, -38.658043], [146.775824, -38.658522], [146.777227, -38.65727], [146.77757, -38.658788], [146.778272, -38.659986]]], [[[146.673367, -38.938904], [146.678097, -38.943184], [146.679047, -38.942314], [146.678957, -38.940774], [146.677397, -38.938714], [146.674667, -38.937294], [146.673367, -38.938904]]], [[[146.745235, -38.674644], [146.742785, -38.675543], [146.739764, -38.679253], [146.743996, -38.679429], [146.743582, -38.678544], [146.745633, -38.677994], [146.743877, -38.676221], [146.745235, -38.674644]]], [[[146.510029, -38.724507], [146.511223, -38.724653], [146.516835, -38.72107], [146.509617, -38.721681], [146.510077, -38.723562], [146.510029, -38.724507]]], [[[146.567102, -38.698919], [146.571151, -38.698317], [146.570266, -38.696164], [146.567602, -38.697205], [146.563989, -38.696671], [146.563093, -38.69727], [146.567102, -38.698919]]], [[[146.820611, -38.661382], [146.821666, -38.659992], [146.821067, -38.659698], [146.820823, -38.660807], [146.819368, -38.6608], [146.819868, -38.661491], [146.816079, -38.662911], [146.814235, -38.66248], [146.811615, -38.664764], [146.803172, -38.666018], [146.809251, -38.666139], [146.808743, -38.665706], [146.813828, -38.664387], [146.817583, -38.662797], [146.820611, -38.661382]]], [[[146.551793, -38.702972], [146.551597, -38.7038], [146.56172, -38.705099], [146.561362, -38.703777], [146.560281, -38.703218], [146.557906, -38.704179], [146.553894, -38.70241], [146.553384, -38.702974], [146.551793, -38.702972]]], [[[146.651575, -38.67338], [146.65562, -38.672868], [146.655719, -38.67193], [146.654627, -38.671154], [146.654906, -38.669507], [146.652366, -38.670353], [146.651207, -38.672815], [146.651575, -38.67338]]], [[[146.567641, -38.715883], [146.572442, -38.715012], [146.567423, -38.713306], [146.565208, -38.713183], [146.564934, -38.713857], [146.567641, -38.715883]]], [[[146.757327, -38.673175], [146.755823, -38.672647], [146.753634, -38.67561], [146.755286, -38.676508], [146.762486, -38.67306], [146.758151, -38.674909], [146.756989, -38.674021], [146.757327, -38.673175]]], [[[146.239911, -39.114715], [146.240393, -39.116181], [146.242257, -39.117642], [146.243363, -39.11759], [146.2438, -39.115633], [146.24227, -39.114019], [146.241251, -39.114041], [146.239911, -39.114715]]], [[[146.695746, -38.709613], [146.693087, -38.710003], [146.692343, -38.708678], [146.691851, -38.709703], [146.694785, -38.710468], [146.696695, -38.709353], [146.698037, -38.710173], [146.699964, -38.709551], [146.695827, -38.70808], [146.695143, -38.707098], [146.692594, -38.70754], [146.6939, -38.70868], [146.69605, -38.708926], [146.695746, -38.709613]]], [[[146.681587, -38.955325], [146.684287, -38.953815], [146.680757, -38.952575], [146.679587, -38.953215], [146.679377, -38.954475], [146.681587, -38.955325]]], [[[146.368878, -38.844313], [146.37065, -38.843785], [146.370927, -38.841137], [146.368169, -38.841224], [146.368162, -38.84333], [146.368878, -38.844313]]], [[[146.593753, -38.687983], [146.59314, -38.689281], [146.587718, -38.690582], [146.589283, -38.691991], [146.593701, -38.68978], [146.593992, -38.688677], [146.593753, -38.687983]]], [[[146.646127, -38.683704], [146.648633, -38.683487], [146.649639, -38.684765], [146.651103, -38.683487], [146.649106, -38.683022], [146.646083, -38.683492], [146.643426, -38.684453], [146.642176, -38.686228], [146.642816, -38.687371], [146.644872, -38.68783], [146.642629, -38.686062], [146.646127, -38.683704]]], [[[146.705086, -38.951744], [146.707426, -38.950874], [146.706966, -38.949614], [146.704616, -38.949004], [146.703596, -38.949694], [146.703686, -38.950724], [146.705086, -38.951744]]], [[[146.723798, -38.683634], [146.721371, -38.684985], [146.719034, -38.685226], [146.721954, -38.686236], [146.724844, -38.685273], [146.724927, -38.684352], [146.723798, -38.683634]]], [[[146.293209, -39.159036], [146.294932, -39.159001], [146.296063, -39.156468], [146.294023, -39.156067], [146.292856, -39.157791], [146.293209, -39.159036]]], [[[146.872258, -38.631604], [146.872716, -38.632663], [146.876288, -38.63239], [146.877814, -38.631164], [146.878686, -38.628358], [146.877398, -38.631004], [146.875703, -38.63229], [146.874038, -38.632041], [146.875967, -38.630035], [146.873535, -38.630955], [146.872258, -38.631604]]], [[[146.653537, -38.661635], [146.656433, -38.660536], [146.658077, -38.658902], [146.655695, -38.658639], [146.65488, -38.659475], [146.653537, -38.661635]]], [[[146.65265, -38.686652], [146.657558, -38.685932], [146.656328, -38.685454], [146.652375, -38.685394], [146.650931, -38.686095], [146.65265, -38.686652]]], [[[146.574439, -38.704224], [146.572715, -38.700225], [146.573012, -38.701714], [146.571116, -38.704384], [146.574439, -38.704224]]], [[[149.845038, -37.557518], [149.846645, -37.556889], [149.844816, -37.554618], [149.843237, -37.55702], [149.845038, -37.557518]]], [[[146.68892, -38.709962], [146.687314, -38.710401], [146.68878, -38.709694], [146.688594, -38.708922], [146.687121, -38.709812], [146.686914, -38.710968], [146.689244, -38.712003], [146.689222, -38.710482], [146.68892, -38.709962]]], [[[146.728317, -38.685657], [146.729546, -38.686077], [146.732757, -38.685181], [146.732214, -38.684611], [146.728891, -38.685061], [146.727879, -38.684372], [146.728317, -38.685657]]], [[[146.531739, -38.715876], [146.536478, -38.716432], [146.532807, -38.715395], [146.528759, -38.71287], [146.531739, -38.715876]]], [[[146.277001, -38.772594], [146.278549, -38.772769], [146.279686, -38.771566], [146.277769, -38.770963], [146.276433, -38.771591], [146.277001, -38.772594]]], [[[146.820161, -38.664762], [146.824508, -38.663454], [146.82857, -38.660988], [146.827464, -38.660632], [146.825355, -38.662542], [146.820161, -38.664762]]], [[[146.759707, -38.670586], [146.756908, -38.672139], [146.757461, -38.672944], [146.760993, -38.670241], [146.75945, -38.669938], [146.758717, -38.670418], [146.759707, -38.670586]]], [[[146.464104, -38.737844], [146.465973, -38.736766], [146.465182, -38.735373], [146.464273, -38.735099], [146.463918, -38.735896], [146.464104, -38.737844]]], [[[146.729947, -38.678469], [146.729442, -38.676892], [146.728609, -38.676906], [146.727427, -38.678694], [146.729947, -38.678469]]], [[[146.750947, -38.674301], [146.748365, -38.676585], [146.75068, -38.676263], [146.751278, -38.67462], [146.750947, -38.674301]]], [[[146.683203, -38.674758], [146.684519, -38.674915], [146.681851, -38.672886], [146.680514, -38.672941], [146.683203, -38.674758]]], [[[146.576755, -38.699841], [146.577775, -38.701089], [146.578299, -38.699729], [146.577433, -38.698256], [146.577058, -38.699207], [146.576755, -38.699841]]], [[[146.527749, -38.741913], [146.528466, -38.740864], [146.527036, -38.740134], [146.526275, -38.741423], [146.527749, -38.741913]]], [[[146.53923, -38.747792], [146.541755, -38.747172], [146.541285, -38.746825], [146.541891, -38.746008], [146.541203, -38.745973], [146.54, -38.746818], [146.53923, -38.747792]]], [[[146.68733, -38.699106], [146.687295, -38.697779], [146.690017, -38.696972], [146.689488, -38.696224], [146.688378, -38.696501], [146.68709, -38.697808], [146.68733, -38.699106]]], [[[146.606785, -38.680254], [146.605887, -38.681226], [146.607855, -38.681695], [146.607588, -38.680235], [146.606785, -38.680254]]], [[[146.703309, -38.702559], [146.704389, -38.702201], [146.702675, -38.70152], [146.701335, -38.702627], [146.703309, -38.702559]]], [[[146.748536, -38.664654], [146.749761, -38.664204], [146.747609, -38.663444], [146.74675, -38.663933], [146.748536, -38.664654]]], [[[146.62697, -38.680096], [146.628782, -38.68023], [146.631028, -38.67892], [146.628605, -38.679715], [146.626829, -38.679496], [146.62697, -38.680096]]], [[[146.795699, -38.666868], [146.799806, -38.6662], [146.798087, -38.665836], [146.796444, -38.666553], [146.795699, -38.666868]]], [[[146.689532, -38.686484], [146.689884, -38.685139], [146.688978, -38.68521], [146.688509, -38.686664], [146.689532, -38.686484]]], [[[146.394061, -38.80721], [146.394361, -38.806675], [146.393219, -38.806437], [146.392613, -38.807362], [146.394061, -38.80721]]], [[[146.745695, -38.673241], [146.747053, -38.671607], [146.746001, -38.671725], [146.745806, -38.672103], [146.745695, -38.673241]]], [[[146.570922, -38.69091], [146.570972, -38.689834], [146.570614, -38.689811], [146.569757, -38.690999], [146.570922, -38.69091]]], [[[146.793327, -38.666433], [146.794856, -38.667075], [146.795058, -38.666385], [146.794132, -38.666175], [146.793327, -38.666433]]], [[[146.878903, -38.610289], [146.881534, -38.610621], [146.881048, -38.609971], [146.880116, -38.610404], [146.880485, -38.609888], [146.878903, -38.610289]]], [[[146.691502, -38.680897], [146.691734, -38.680679], [146.688551, -38.681156], [146.688231, -38.681466], [146.691502, -38.680897]]], [[[146.302881, -39.153926], [146.302238, -39.153199], [146.301822, -39.153953], [146.302366, -39.154254], [146.302881, -39.153926]]], [[[146.299272, -39.155419], [146.299503, -39.154647], [146.299169, -39.154459], [146.298538, -39.155591], [146.299272, -39.155419]]], [[[146.734659, -38.678267], [146.734877, -38.678123], [146.73405, -38.677766], [146.733351, -38.678397], [146.734659, -38.678267]]], [[[146.305612, -39.151662], [146.304458, -39.151195], [146.304378, -39.151669], [146.304986, -39.151941], [146.305612, -39.151662]]], [[[146.540463, -38.746146], [146.541274, -38.745102], [146.54083, -38.745133], [146.540077, -38.745906], [146.540463, -38.746146]]], [[[146.823756, -38.680054], [146.823947, -38.680114], [146.82291, -38.677495], [146.822899, -38.677941], [146.823756, -38.680054]]], [[[146.802473, -38.676014], [146.804314, -38.676846], [146.80415, -38.676407], [146.803162, -38.676078], [146.802473, -38.676014]]], [[[146.709359, -38.676251], [146.710351, -38.675842], [146.707811, -38.676249], [146.707694, -38.676375], [146.709359, -38.676251]]], [[[146.57904, -38.701954], [146.579748, -38.702726], [146.580708, -38.702103], [146.580611, -38.702001], [146.579759, -38.702348], [146.57904, -38.701954]]], [[[146.811195, -38.667318], [146.811429, -38.667332], [146.810932, -38.666412], [146.810534, -38.666595], [146.811195, -38.667318]]], [[[146.687511, -38.700346], [146.689954, -38.700781], [146.687891, -38.70034], [146.687601, -38.699391], [146.687511, -38.700346]]], [[[146.733619, -38.682142], [146.733814, -38.681718], [146.732764, -38.682076], [146.732706, -38.682253], [146.733619, -38.682142]]], [[[146.812798, -38.667706], [146.813154, -38.667592], [146.81285, -38.667291], [146.812425, -38.667403], [146.812798, -38.667706]]], [[[146.85303, -38.636167], [146.853286, -38.635608], [146.852833, -38.635895], [146.852739, -38.636234], [146.85303, -38.636167]]], [[[146.576393, -38.707247], [146.576609, -38.707404], [146.576884, -38.707056], [146.576561, -38.707004], [146.576393, -38.707247]]], [[[146.685894, -38.68508], [146.685804, -38.686282], [146.685971, -38.686133], [146.685866, -38.685509], [146.685894, -38.68508]]]]}}, {"type": "Feature", "properties": {"index": "GDST", "division": "Goldstein", "state": "Victoria", "year": "1994", "proclaimed": "19941220", "quota": "0", "electors": "0", "deviation": ""}, "geometry": {"type": "Polygon", "coordinates": [[[144.985912, -37.893195], [144.985754, -37.896998], [144.983382, -37.901502], [144.984049, -37.903352], [144.9837, -37.905999], [144.985676, -37.908605], [144.984775, -37.911759], [144.985395, -37.912891], [144.984792, -37.913367], [144.986142, -37.915242], [144.986113, -37.917548], [144.987407, -37.919984], [144.987222, -37.921435], [144.986148, -37.922308], [144.986705, -37.923457], [144.985835, -37.924019], [144.985526, -37.926238], [144.989863, -37.929098], [144.997952, -37.938161], [144.999121, -37.941672], [144.992151, -37.94002], [144.993125, -37.94416], [145.001293, -37.950703], [145.010226, -37.96121], [145.01135, -37.963461], [145.010409, -37.964312], [145.011424, -37.967527], [145.010897, -37.968962], [145.009323, -37.96945], [145.014133, -37.974622], [145.01715, -37.979182], [145.017945, -37.981804], [145.021531, -37.98312], [145.023384, -37.985601], [145.026986, -37.988055], [145.027886, -37.990651], [145.029673, -37.991958], [145.030763, -37.994595], [145.034698, -37.99491], [145.037916, -37.996447], [145.042128, -37.992783], [145.043007, -37.991002], [145.045943, -37.990126], [145.051408, -37.986726], [145.051708, -37.98684], [145.055185, -37.967656], [145.053508, -37.965092], [145.038977, -37.944586], [145.043082, -37.945106], [145.034301, -37.932844], [145.048381, -37.934663], [145.053369, -37.905776], [145.056694, -37.88915], [145.054222, -37.88829], [145.046131, -37.887264], [145.044798, -37.889674], [145.028792, -37.887778], [145.025998, -37.902089], [145.006215, -37.899879], [145.005858, -37.897876], [145.000734, -37.888114], [144.996922, -37.883693], [144.992292, -37.883286], [144.99067, -37.89174], [144.984711, -37.891245], [144.985912, -37.893195]]]}}, {"type": "Feature", "properties": {"index": "HGNS", "division": "Higgins", "state": "Victoria", "year": "1994", "proclaimed": "19941220", "quota": "0", "electors": "0", "deviation": ""}, "geometry": {"type": "Polygon", "coordinates": [[[145.054222, -37.88829], [145.056694, -37.88915], [145.067241, -37.889566], [145.086827, -37.899074], [145.095504, -37.85034], [145.078476, -37.848496], [145.069514, -37.834312], [145.06928, -37.832831], [145.056447, -37.831377], [145.052706, -37.851743], [145.05068, -37.85086], [145.046056, -37.84873], [145.042627, -37.847535], [145.040601, -37.846599], [145.040133, -37.844469], [145.039769, -37.841975], [145.038263, -37.839949], [145.037016, -37.838495], [145.035145, -37.837871], [145.03234, -37.837663], [145.029534, -37.837767], [145.026833, -37.836312], [145.024339, -37.834182], [145.023558, -37.833981], [145.022542, -37.83287], [145.021749, -37.83239], [145.020048, -37.831611], [145.018346, -37.831494], [145.016759, -37.831792], [145.015785, -37.831314], [145.014566, -37.830805], [145.012709, -37.830824], [145.011475, -37.831494], [145.010922, -37.832244], [145.009917, -37.832935], [145.00915, -37.832585], [145.007961, -37.831682], [145.006682, -37.831455], [145.005267, -37.83126], [145.004072, -37.831675], [145.004201, -37.833195], [145.004214, -37.834338], [145.003513, -37.834494], [145.001812, -37.833819], [145.000552, -37.833429], [144.999427, -37.833692], [144.997358, -37.834068], [144.996069, -37.833902], [144.993728, -37.833235], [144.990511, -37.832065], [144.987756, -37.830201], [144.987925, -37.831408], [144.983279, -37.855677], [144.989986, -37.856448], [144.991471, -37.857279], [144.992301, -37.857683], [145.015469, -37.860963], [145.028975, -37.866697], [145.030025, -37.867426], [145.031073, -37.868372], [145.032027, -37.868224], [145.033078, -37.868578], [145.039202, -37.874676], [145.040291, -37.875212], [145.044577, -37.876026], [145.046623, -37.877318], [145.049644, -37.881185], [145.046131, -37.887264], [145.054222, -37.88829]]]}}, {"type": "Feature", "properties": {"index": "HOLT", "division": "Holt", "state": "Victoria", "year": "1994", "proclaimed": "19941220", "quota": "0", "electors": "0", "deviation": ""}, "geometry": {"type": "Polygon", "coordinates": [[[145.140642, -38.010755], [145.164533, -38.013319], [145.168577, -38.012308], [145.173458, -38.011346], [145.181718, -38.010977], [145.188794, -38.011494], [145.232928, -38.016746], [145.241952, -38.023107], [145.243629, -38.026707], [145.244763, -38.033364], [145.246119, -38.036076], [145.247105, -38.036372], [145.24888, -38.037925], [145.257954, -38.050672], [145.262836, -38.058612], [145.266337, -38.066058], [145.298241, -38.069707], [145.305318, -38.035238], [145.306107, -38.030109], [145.306107, -38.028088], [145.306649, -38.025573], [145.307832, -38.022614], [145.308079, -38.01936], [145.314194, -37.989625], [145.313355, -37.986814], [145.311629, -37.985581], [145.310199, -37.983263], [145.310397, -37.981192], [145.311876, -37.979417], [145.313996, -37.977593], [145.315476, -37.973155], [145.316733, -37.967632], [145.30512, -37.966448], [145.296047, -37.964476], [145.292957, -37.963593], [145.290524, -37.962898], [145.284607, -37.961714], [145.277407, -37.960038], [145.270504, -37.958756], [145.257978, -37.958263], [145.245157, -37.948597], [145.243925, -37.94342], [145.233717, -37.941891], [145.229427, -37.952148], [145.232632, -37.95269], [145.233767, -37.955008], [145.233767, -37.957375], [145.233767, -37.95989], [145.232928, -37.961123], [145.232731, -37.962355], [145.233717, -37.96418], [145.233619, -37.966054], [145.235049, -37.967311], [145.236454, -37.969185], [145.237317, -37.972637], [145.230956, -37.97207], [145.210985, -37.969604], [145.209727, -37.976089], [145.202355, -37.975423], [145.200185, -37.983954], [145.169218, -37.961197], [145.166851, -37.973327], [145.148605, -37.97101], [145.144587, -37.990833], [145.140642, -38.010755]]]}}, {"type": "Feature", "properties": {"index": "HTHM", "division": "Hotham", "state": "Victoria", "year": "1994", "proclaimed": "19941220", "quota": "0", "electors": "0", "deviation": ""}, "geometry": {"type": "Polygon", "coordinates": [[[145.073726, -37.967533], [145.072394, -37.974166], [145.080999, -37.975127], [145.079495, -37.982844], [145.144587, -37.990833], [145.148605, -37.97101], [145.166851, -37.973327], [145.169218, -37.961197], [145.140289, -37.939287], [145.086827, -37.899074], [145.067241, -37.889566], [145.056694, -37.88915], [145.053369, -37.905776], [145.048381, -37.934663], [145.034301, -37.932844], [145.043082, -37.945106], [145.038977, -37.944586], [145.053508, -37.965092], [145.073726, -37.967533]]]}}, {"type": "Feature", "properties": {"index": "INDI", "division": "Indi", "state": "Victoria", "year": "1994", "proclaimed": "19941220", "quota": "0", "electors": "0", "deviation": ""}, "geometry": {"type": "Polygon", "coordinates": [[[145.305328, -36.594685], [145.298318, -36.607793], [145.303513, -36.622693], [145.297363, -36.636044], [145.288066, -36.639917], [145.28916, -36.652493], [145.297516, -36.664215], [145.282325, -36.701841], [145.284102, -36.720568], [145.298935, -36.734764], [145.34111, -36.750744], [145.387665, -36.771442], [145.428182, -36.798623], [145.428455, -36.823502], [145.444175, -36.829927], [145.462493, -36.846467], [145.460989, -36.862187], [145.456751, -36.8749], [145.458255, -36.890211], [145.460852, -36.897045], [145.49366, -36.90429], [145.494343, -36.928076], [145.504049, -36.934227], [145.509243, -36.942976], [145.511294, -36.958423], [145.529065, -36.96143], [145.526331, -36.974417], [145.529611, -36.984669], [145.52387, -36.993964], [145.508499, -36.990921], [145.498444, -36.993633], [145.487098, -37.001209], [145.491547, -37.015972], [145.479853, -37.027045], [145.49571, -37.033743], [145.502682, -37.044953], [145.50897, -37.06327], [145.525237, -37.078854], [145.542461, -37.089243], [145.567067, -37.094437], [145.562829, -37.067645], [145.562966, -37.046866], [145.555994, -37.025268], [145.563102, -37.012008], [145.56898, -37.0049], [145.567067, -36.994374], [145.572535, -36.988633], [145.570211, -36.975783], [145.570894, -36.96225], [145.585794, -36.961704], [145.603702, -36.936961], [145.618328, -36.941609], [145.637056, -36.94407], [145.646164, -36.94651], [145.65305, -36.933817], [145.666993, -36.931493], [145.697477, -36.931357], [145.706362, -36.924522], [145.718528, -36.928896], [145.733155, -36.919737], [145.747371, -36.928486], [145.766782, -36.933954], [145.787287, -36.93163], [145.793439, -36.924932], [145.800137, -36.924522], [145.801504, -36.917277], [145.822692, -36.91714], [145.839779, -36.920147], [145.857687, -36.915773], [145.864111, -36.903197], [145.859327, -36.890757], [145.871903, -36.884743], [145.884343, -36.890894], [145.90242, -36.911716], [145.914416, -36.924385], [145.931367, -36.921924], [145.936288, -36.913859], [145.949684, -36.905521], [145.956656, -36.895952], [145.956383, -36.880915], [145.976887, -36.877361], [145.988233, -36.868339], [145.999169, -36.859864], [146.006004, -36.853849], [146.017213, -36.864785], [146.031703, -36.895132], [146.045373, -36.905657], [146.054805, -36.906204], [146.066561, -36.863828], [146.083648, -36.862871], [146.111125, -36.87162], [146.144752, -36.874354], [146.150357, -36.888297], [146.170807, -36.891674], [146.184433, -36.893356], [146.194784, -36.903334], [146.205036, -36.906751], [146.218994, -36.913704], [146.241398, -36.914406], [146.260262, -36.912629], [146.272838, -36.922608], [146.278306, -36.934501], [146.292374, -36.938473], [146.301955, -36.94489], [146.313164, -36.945026], [146.317949, -36.953365], [146.336676, -36.953638], [146.347749, -36.96225], [146.363469, -36.972913], [146.643387, -37.168739], [146.640419, -37.146656], [146.637138, -37.124921], [146.64329, -37.120683], [146.652859, -37.135447], [146.684026, -37.139138], [146.709315, -37.152671], [146.735561, -37.151987], [146.751008, -37.140505], [146.762217, -37.138591], [146.783269, -37.169485], [146.808284, -37.180147], [146.820587, -37.183564], [146.822774, -37.197781], [146.851071, -37.198738], [147.32596, -37.274058], [147.381186, -37.195731], [147.361091, -37.185205], [147.354119, -37.174269], [147.34291, -37.161556], [147.339493, -37.15103], [147.32842, -37.143239], [147.325003, -37.123144], [147.317758, -37.109884], [147.35904, -37.110431], [147.362427, -37.098225], [147.373941, -37.094847], [147.377085, -37.080904], [147.372847, -37.055752], [147.381596, -37.03347], [147.373804, -37.023218], [147.35822, -37.028412], [147.340176, -37.025678], [147.307505, -37.010505], [147.287958, -37.001209], [147.258294, -36.998339], [147.268546, -36.967308], [147.28577, -36.916183], [147.296005, -36.906712], [147.306548, -36.885153], [147.316254, -36.872577], [147.331291, -36.86], [147.339903, -36.856993], [147.337169, -36.838539], [147.332111, -36.823775], [147.322405, -36.818854], [147.311333, -36.824459], [147.297936, -36.822408], [147.283173, -36.820495], [147.292605, -36.812019], [147.289963, -36.801563], [147.276202, -36.78714], [147.26759, -36.775658], [147.288504, -36.759391], [147.286454, -36.735058], [147.302037, -36.723439], [147.324593, -36.745311], [147.380229, -36.752282], [147.395949, -36.75693], [147.403741, -36.763765], [147.407295, -36.779895], [147.421101, -36.782766], [147.434908, -36.793292], [147.448031, -36.807098], [147.460197, -36.806141], [147.462794, -36.794522], [147.466895, -36.781262], [147.483982, -36.774291], [147.494918, -36.774427], [147.502573, -36.768139], [147.512689, -36.76937], [147.523898, -36.766636], [147.524308, -36.752966], [147.523762, -36.746131], [147.535654, -36.745994], [147.539345, -36.734648], [147.974318, -36.601915], [148.132193, -36.733441], [148.134081, -36.731867], [148.13605, -36.732788], [148.139093, -36.732213], [148.140593, -36.729841], [148.14332, -36.728082], [148.143528, -36.7261], [148.144799, -36.724381], [148.148399, -36.721994], [148.149098, -36.719743], [148.154557, -36.720236], [148.158498, -36.716983], [148.161825, -36.71553], [148.161887, -36.71207], [148.162576, -36.711532], [148.165672, -36.711295], [148.168121, -36.714122], [148.170243, -36.712799], [148.171811, -36.710281], [148.173114, -36.702566], [148.180859, -36.697217], [148.182048, -36.692128], [148.182638, -36.691871], [148.182982, -36.692942], [148.184861, -36.692385], [148.185501, -36.690629], [148.189056, -36.688129], [148.185739, -36.687971], [148.187611, -36.686118], [148.18504, -36.685354], [148.184016, -36.683153], [148.18543, -36.683102], [148.18954, -36.678991], [148.189304, -36.676184], [148.190233, -36.674971], [148.195689, -36.672792], [148.198473, -36.673015], [148.199262, -36.672218], [148.199326, -36.670359], [148.197204, -36.669495], [148.196219, -36.667768], [148.197579, -36.664775], [148.203512, -36.662293], [148.200447, -36.659567], [148.20076, -36.658542], [148.203878, -36.656468], [148.203137, -36.653704], [148.206537, -36.653693], [148.208355, -36.65113], [148.211171, -36.650519], [148.211605, -36.647872], [148.209664, -36.646908], [148.209702, -36.644993], [148.211586, -36.643173], [148.212177, -36.639838], [148.216236, -36.63948], [148.215459, -36.638237], [148.213366, -36.637262], [148.211863, -36.632975], [148.212941, -36.63264], [148.2151, -36.634472], [148.216502, -36.628482], [148.21849, -36.62806], [148.22067, -36.625757], [148.219662, -36.623468], [148.219547, -36.619558], [148.218584, -36.618599], [148.215839, -36.620161], [148.214245, -36.619967], [148.216351, -36.616601], [148.213473, -36.614974], [148.214196, -36.61049], [148.210066, -36.612659], [148.204262, -36.61265], [148.202781, -36.611915], [148.203597, -36.610023], [148.206887, -36.608293], [148.208257, -36.608611], [148.208126, -36.610977], [148.209778, -36.610393], [148.21138, -36.606395], [148.21586, -36.604498], [148.215639, -36.603404], [148.213088, -36.601867], [148.212699, -36.600807], [148.216512, -36.59959], [148.217563, -36.598239], [148.211417, -36.595318], [148.211624, -36.59374], [148.210605, -36.592979], [148.209319, -36.592678], [148.206772, -36.59375], [148.204782, -36.592632], [148.203574, -36.588771], [148.20512, -36.588368], [148.20599, -36.586932], [148.203538, -36.586444], [148.201814, -36.588109], [148.196969, -36.585634], [148.194808, -36.586064], [148.19033, -36.584891], [148.189598, -36.581042], [148.191207, -36.577923], [148.190134, -36.57662], [148.185795, -36.578523], [148.18181, -36.578798], [148.179193, -36.580044], [148.176124, -36.577526], [148.173158, -36.578435], [148.171313, -36.578138], [148.170276, -36.574295], [148.169411, -36.573696], [148.165915, -36.57441], [148.165395, -36.575356], [148.165992, -36.576709], [148.165121, -36.578229], [148.160713, -36.579776], [148.160156, -36.579087], [148.162475, -36.574911], [148.162578, -36.572838], [148.156627, -36.57161], [148.158797, -36.565631], [148.151892, -36.561122], [148.150489, -36.558336], [148.149075, -36.558874], [148.149319, -36.561568], [148.146965, -36.563309], [148.141494, -36.565338], [148.137496, -36.565566], [148.135743, -36.567433], [148.13341, -36.566921], [148.132814, -36.56541], [148.133367, -36.563034], [148.131666, -36.561802], [148.131032, -36.558916], [148.124337, -36.550642], [148.126218, -36.548122], [148.129258, -36.54592], [148.128671, -36.541626], [148.134045, -36.539068], [148.133325, -36.536633], [148.133724, -36.534346], [148.135023, -36.534338], [148.136858, -36.532753], [148.13653, -36.530679], [148.139815, -36.525445], [148.132188, -36.51681], [148.129993, -36.5132], [148.12815, -36.508519], [148.128351, -36.502615], [148.125898, -36.501392], [148.125973, -36.499545], [148.124859, -36.498708], [148.11763, -36.495476], [148.119539, -36.493536], [148.120008, -36.491297], [148.123707, -36.48952], [148.126424, -36.485274], [148.126108, -36.484301], [148.119093, -36.481884], [148.12373, -36.480642], [148.124946, -36.479229], [148.125082, -36.47725], [148.123407, -36.47481], [148.124, -36.472735], [148.122429, -36.471045], [148.124663, -36.464713], [148.123718, -36.464167], [148.123599, -36.462837], [148.12225, -36.462605], [148.121358, -36.461309], [148.117925, -36.461126], [148.115533, -36.459064], [148.111307, -36.457244], [148.106346, -36.456299], [148.101736, -36.457113], [148.099473, -36.455613], [148.087601, -36.451895], [148.087856, -36.448213], [148.086746, -36.445001], [148.087734, -36.442108], [148.08635, -36.440021], [148.086774, -36.438561], [148.088334, -36.437572], [148.087818, -36.43504], [148.086847, -36.432002], [148.08302, -36.430793], [148.081535, -36.426363], [148.079352, -36.425167], [148.079072, -36.424115], [148.08028, -36.422101], [148.076266, -36.417993], [148.071767, -36.418004], [148.069906, -36.416716], [148.06752, -36.416949], [148.059945, -36.415538], [148.054636, -36.408689], [148.05845, -36.40671], [148.057546, -36.405111], [148.058428, -36.403115], [148.058163, -36.400804], [148.053782, -36.398881], [148.049675, -36.398852], [148.047045, -36.396206], [148.046383, -36.390637], [148.042615, -36.392147], [148.038615, -36.391209], [148.037583, -36.390225], [148.038266, -36.387688], [148.045359, -36.382383], [148.045048, -36.381142], [148.038199, -36.378545], [148.043747, -36.374784], [148.040263, -36.371675], [148.043026, -36.369358], [148.043338, -36.36772], [148.045966, -36.367038], [148.044702, -36.36574], [148.042165, -36.367296], [148.03829, -36.367715], [148.037836, -36.366246], [148.042347, -36.360356], [148.042124, -36.357181], [148.044693, -36.353843], [148.048959, -36.355632], [148.047938, -36.352994], [148.045279, -36.351666], [148.046589, -36.349767], [148.048212, -36.349111], [148.047845, -36.346311], [148.049095, -36.345508], [148.050686, -36.342142], [148.053762, -36.341348], [148.054097, -36.340012], [148.052394, -36.338425], [148.052635, -36.336318], [148.055613, -36.334386], [148.054936, -36.332326], [148.051547, -36.328818], [148.051243, -36.324557], [148.053233, -36.323212], [148.058048, -36.322361], [148.058941, -36.320046], [148.058138, -36.318521], [148.054856, -36.316661], [148.050285, -36.319025], [148.047055, -36.318453], [148.047525, -36.31712], [148.046457, -36.315245], [148.043265, -36.313314], [148.038498, -36.31457], [148.035011, -36.310577], [148.038057, -36.305225], [148.040722, -36.306078], [148.04254, -36.30441], [148.041198, -36.300455], [148.04232, -36.299413], [148.043928, -36.299479], [148.042413, -36.298507], [148.040543, -36.299357], [148.039369, -36.29891], [148.035234, -36.292329], [148.035939, -36.291565], [148.038994, -36.292943], [148.040011, -36.292653], [148.040019, -36.29149], [148.038321, -36.289588], [148.039798, -36.287875], [148.038529, -36.28657], [148.040119, -36.284157], [148.036038, -36.284878], [148.033753, -36.28223], [148.035054, -36.280572], [148.037688, -36.280435], [148.035041, -36.278923], [148.03294, -36.275321], [148.035203, -36.272727], [148.032952, -36.269088], [148.034011, -36.266644], [148.032828, -36.26586], [148.036001, -36.264601], [148.036338, -36.26311], [148.038833, -36.262117], [148.038676, -36.259221], [148.036309, -36.256398], [148.034443, -36.255455], [148.036054, -36.253052], [148.0344, -36.250684], [148.03282, -36.249368], [148.030819, -36.249367], [148.02884, -36.247044], [148.029993, -36.245551], [148.02887, -36.244571], [148.029472, -36.243478], [148.033135, -36.241002], [148.035341, -36.240688], [148.033993, -36.237688], [148.0349, -36.234116], [148.034406, -36.23324], [148.032017, -36.232787], [148.031596, -36.229049], [148.029893, -36.228447], [148.029047, -36.226598], [148.026821, -36.22587], [148.026096, -36.223042], [148.027482, -36.221743], [148.028937, -36.222883], [148.030053, -36.222677], [148.031639, -36.218906], [148.032983, -36.217922], [148.033309, -36.215925], [148.037279, -36.217197], [148.036249, -36.21497], [148.038829, -36.213052], [148.037037, -36.209446], [148.039885, -36.208583], [148.04062, -36.206951], [148.039654, -36.203454], [148.038285, -36.202051], [148.039022, -36.197775], [148.036324, -36.197791], [148.035012, -36.19577], [148.036623, -36.194746], [148.034971, -36.192713], [148.032152, -36.193393], [148.032245, -36.191922], [148.029908, -36.190845], [148.030023, -36.188739], [148.029204, -36.187954], [148.027508, -36.188251], [148.026747, -36.187054], [148.025135, -36.188547], [148.024359, -36.187883], [148.025575, -36.185634], [148.024199, -36.184734], [148.024412, -36.182846], [148.02204, -36.181448], [148.023052, -36.179611], [148.021819, -36.176462], [148.02341, -36.17391], [148.024857, -36.175639], [148.02617, -36.175886], [148.026412, -36.173453], [148.023702, -36.170842], [148.025209, -36.168421], [148.029142, -36.168675], [148.030423, -36.164858], [148.033692, -36.164762], [148.034795, -36.162983], [148.034224, -36.162061], [148.031146, -36.161252], [148.027135, -36.161731], [148.024652, -36.159097], [148.024393, -36.15636], [148.022899, -36.153457], [148.024551, -36.15304], [148.025637, -36.154609], [148.028969, -36.155367], [148.029013, -36.153398], [148.031401, -36.15175], [148.030893, -36.150056], [148.031493, -36.149501], [148.03282, -36.150091], [148.034216, -36.15245], [148.035191, -36.152536], [148.035771, -36.150424], [148.034021, -36.148689], [148.035569, -36.146606], [148.034978, -36.144448], [148.037358, -36.142709], [148.037726, -36.140797], [148.034634, -36.141202], [148.032995, -36.142896], [148.029065, -36.140049], [148.023447, -36.13984], [148.022076, -36.141625], [148.020319, -36.141641], [148.01876, -36.140564], [148.018478, -36.139219], [148.015973, -36.139091], [148.014062, -36.13743], [148.010551, -36.139294], [148.010843, -36.136913], [148.009997, -36.135882], [148.008202, -36.137793], [148.009195, -36.14006], [148.007839, -36.140689], [148.005263, -36.139766], [148.006686, -36.136315], [148.005106, -36.135764], [148.003509, -36.137126], [148.004519, -36.139879], [148.003704, -36.140564], [148.002388, -36.140057], [147.999707, -36.137485], [148.000174, -36.136161], [148.00246, -36.1361], [148.002029, -36.134846], [148.003366, -36.132621], [148.002972, -36.131081], [147.999355, -36.128438], [147.999514, -36.126963], [148.000679, -36.12573], [148.000537, -36.124355], [147.999812, -36.123711], [147.997462, -36.124787], [147.995015, -36.123028], [147.991766, -36.122789], [147.990652, -36.121272], [147.991433, -36.120239], [147.995359, -36.118733], [147.993098, -36.117347], [147.993149, -36.116603], [147.99675, -36.116741], [147.998229, -36.115919], [147.998016, -36.115003], [147.993795, -36.115981], [147.99228, -36.114857], [147.993281, -36.111949], [147.996301, -36.11259], [147.995714, -36.110701], [147.994797, -36.11045], [147.992874, -36.111549], [147.991074, -36.111251], [147.992535, -36.109474], [147.995676, -36.108811], [147.995867, -36.107208], [147.994012, -36.106194], [147.99408, -36.10502], [147.997662, -36.1047], [147.995841, -36.102641], [147.996931, -36.100507], [147.999218, -36.098655], [147.997739, -36.098473], [147.996207, -36.100207], [147.994019, -36.100367], [147.994228, -36.098993], [147.99599, -36.097673], [147.995492, -36.095727], [147.993373, -36.094942], [147.993676, -36.096416], [147.99283, -36.097262], [147.991133, -36.095632], [147.991396, -36.094644], [147.993861, -36.093445], [147.993793, -36.092708], [147.992909, -36.092251], [147.990794, -36.093256], [147.987405, -36.093074], [147.986681, -36.092631], [147.986873, -36.091471], [147.989147, -36.090051], [147.984966, -36.090901], [147.982086, -36.088427], [147.980798, -36.0885], [147.980247, -36.086482], [147.983279, -36.08489], [147.984194, -36.083114], [147.982954, -36.081751], [147.982357, -36.082114], [147.981524, -36.080053], [147.982389, -36.077891], [147.985279, -36.079363], [147.985876, -36.080879], [147.988039, -36.082279], [147.990313, -36.080973], [147.992889, -36.081071], [147.990802, -36.079931], [147.991404, -36.079727], [147.988471, -36.078858], [147.988582, -36.075465], [147.991548, -36.075539], [147.9924, -36.074242], [147.990256, -36.072762], [147.992007, -36.06997], [147.989518, -36.070444], [147.989467, -36.068478], [147.990551, -36.066399], [147.994466, -36.065622], [147.994586, -36.064174], [147.992359, -36.064979], [147.991305, -36.064108], [147.99439, -36.062773], [147.994686, -36.061112], [147.99601, -36.06154], [147.996156, -36.062764], [147.99742, -36.061352], [147.996483, -36.059893], [147.999192, -36.058482], [147.997129, -36.05637], [147.997793, -36.053034], [147.99666, -36.05073], [147.99736, -36.047981], [147.999692, -36.046204], [147.997902, -36.045761], [147.995843, -36.048154], [147.992141, -36.048703], [147.991455, -36.049649], [147.992376, -36.051909], [147.99126, -36.052559], [147.989906, -36.05144], [147.989161, -36.049164], [147.988121, -36.049395], [147.98862, -36.052243], [147.986485, -36.051659], [147.985705, -36.049526], [147.987145, -36.046418], [147.984688, -36.046104], [147.983968, -36.044818], [147.984631, -36.043601], [147.987317, -36.044339], [147.988128, -36.043396], [147.984212, -36.042943], [147.983227, -36.04439], [147.981746, -36.044749], [147.98102, -36.042846], [147.982358, -36.041327], [147.981774, -36.040254], [147.9804, -36.041444], [147.979403, -36.046427], [147.975018, -36.047001], [147.973234, -36.046314], [147.974372, -36.042753], [147.973135, -36.040836], [147.97426, -36.038505], [147.971551, -36.04277], [147.970426, -36.043394], [147.968518, -36.043289], [147.969291, -36.041284], [147.971389, -36.040652], [147.971528, -36.039592], [147.969764, -36.039207], [147.968143, -36.04014], [147.967986, -36.042297], [147.965944, -36.043735], [147.966706, -36.045882], [147.964964, -36.046853], [147.960712, -36.045826], [147.95914, -36.044038], [147.956353, -36.044012], [147.956679, -36.04277], [147.959896, -36.042248], [147.958994, -36.040974], [147.955116, -36.041909], [147.95302, -36.043972], [147.94988, -36.043603], [147.949302, -36.046137], [147.946797, -36.045781], [147.945687, -36.046584], [147.944222, -36.046256], [147.943197, -36.043866], [147.94071, -36.043839], [147.937669, -36.042394], [147.937105, -36.043555], [147.9376, -36.046134], [147.934261, -36.047637], [147.930324, -36.044233], [147.923974, -36.042491], [147.923338, -36.041517], [147.923865, -36.040028], [147.928101, -36.037567], [147.924601, -36.037527], [147.923613, -36.03664], [147.923752, -36.035709], [147.927702, -36.035194], [147.931018, -36.036391], [147.931559, -36.035267], [147.928929, -36.034007], [147.927133, -36.030954], [147.924058, -36.029138], [147.917828, -36.02755], [147.915288, -36.028382], [147.91149, -36.026597], [147.911701, -36.025437], [147.914238, -36.024548], [147.915058, -36.023067], [147.910841, -36.022151], [147.910471, -36.021349], [147.9133, -36.019996], [147.916174, -36.020009], [147.916138, -36.019264], [147.912782, -36.018082], [147.915004, -36.013481], [147.917083, -36.011204], [147.913982, -36.009113], [147.91654, -36.004785], [147.915067, -36.003803], [147.914131, -36.001613], [147.911523, -36.00286], [147.908543, -36.001473], [147.909096, -36.000346], [147.913997, -35.997954], [147.912342, -35.995198], [147.906414, -35.995928], [147.901813, -35.992498], [147.895698, -35.993018], [147.895818, -35.993964], [147.897967, -35.994372], [147.89918, -35.995522], [147.898894, -35.998455], [147.897506, -35.999861], [147.893604, -35.998293], [147.88866, -35.997677], [147.88508, -35.998286], [147.884735, -35.998961], [147.886159, -36.000823], [147.88288, -36.001798], [147.881437, -35.999405], [147.882086, -35.99659], [147.879451, -35.995614], [147.873121, -35.991006], [147.870131, -35.993595], [147.868344, -35.992328], [147.868067, -35.99042], [147.866396, -35.989664], [147.86424, -35.990398], [147.86362, -35.991439], [147.864546, -35.991524], [147.863794, -35.992145], [147.861983, -35.992291], [147.860903, -35.991501], [147.861445, -35.98816], [147.860198, -35.987175], [147.858775, -35.987304], [147.857051, -35.988862], [147.849626, -35.989733], [147.848543, -35.988612], [147.849192, -35.986654], [147.84842, -35.985139], [147.846957, -35.984832], [147.84525, -35.986286], [147.842588, -35.986316], [147.834764, -35.979671], [147.830851, -35.979774], [147.829458, -35.978163], [147.825887, -35.979332], [147.82619, -35.980112], [147.825212, -35.980404], [147.821833, -35.978724], [147.820787, -35.979527], [147.817498, -35.979741], [147.814135, -35.977775], [147.813232, -35.975991], [147.815885, -35.972759], [147.815785, -35.971813], [147.813491, -35.97157], [147.8112, -35.967299], [147.806153, -35.965057], [147.802144, -35.965215], [147.79644, -35.963833], [147.793174, -35.964542], [147.791266, -35.966327], [147.788168, -35.967245], [147.783998, -35.96581], [147.780284, -35.965905], [147.779025, -35.967986], [147.776849, -35.968614], [147.772957, -35.964922], [147.768359, -35.965382], [147.766797, -35.964158], [147.766747, -35.962595], [147.767975, -35.96116], [147.773436, -35.960064], [147.773261, -35.958863], [147.763447, -35.95881], [147.759653, -35.955598], [147.756893, -35.954771], [147.749467, -35.957475], [147.741292, -35.95649], [147.728571, -35.947514], [147.72149, -35.946913], [147.718672, -35.945513], [147.716862, -35.942905], [147.718042, -35.939835], [147.717756, -35.938559], [147.714075, -35.935284], [147.711306, -35.930035], [147.708415, -35.928545], [147.703972, -35.92999], [147.693465, -35.936375], [147.686809, -35.93855], [147.682086, -35.942566], [147.679217, -35.943862], [147.674763, -35.944595], [147.672293, -35.94253], [147.664558, -35.943702], [147.660878, -35.94322], [147.646777, -35.946008], [147.642417, -35.949707], [147.641919, -35.953376], [147.639449, -35.958045], [147.639534, -35.959938], [147.637771, -35.96211], [147.633468, -35.962787], [147.631165, -35.964373], [147.625883, -35.965144], [147.623581, -35.96697], [147.620516, -35.967582], [147.614732, -35.971782], [147.601438, -35.979118], [147.596803, -35.976472], [147.594685, -35.974134], [147.593487, -35.970786], [147.591893, -35.969859], [147.586549, -35.969426], [147.582327, -35.967786], [147.580424, -35.968153], [147.578252, -35.9704], [147.576462, -35.971067], [147.571573, -35.968993], [147.563887, -35.969858], [147.553654, -35.967198], [147.549115, -35.96455], [147.548484, -35.968791], [147.551783, -35.971006], [147.551214, -35.972196], [147.547583, -35.974567], [147.547654, -35.978625], [147.554002, -35.975826], [147.558887, -35.972489], [147.562222, -35.974133], [147.56542, -35.978603], [147.5688, -35.977856], [147.581428, -35.978027], [147.582916, -35.979946], [147.584027, -35.984648], [147.583737, -35.985897], [147.579606, -35.988526], [147.568508, -35.991807], [147.565988, -35.994927], [147.556189, -36.002737], [147.551873, -36.004095], [147.548434, -36.00291], [147.546545, -35.997359], [147.542622, -35.996529], [147.537527, -35.994198], [147.531096, -35.990292], [147.527515, -35.986754], [147.521359, -35.986936], [147.519533, -35.983213], [147.520076, -35.979738], [147.515501, -35.977435], [147.514925, -35.976369], [147.51667, -35.973283], [147.519527, -35.971021], [147.521288, -35.967107], [147.525458, -35.965096], [147.525267, -35.963338], [147.523228, -35.961389], [147.516085, -35.958912], [147.514996, -35.959321], [147.512973, -35.962423], [147.511421, -35.962412], [147.507139, -35.958333], [147.50713, -35.955536], [147.504922, -35.9527], [147.500876, -35.950527], [147.498602, -35.946642], [147.494112, -35.943549], [147.491594, -35.943854], [147.488462, -35.948724], [147.484001, -35.94843], [147.481553, -35.949223], [147.481317, -35.947006], [147.479766, -35.945505], [147.478835, -35.942689], [147.476341, -35.943444], [147.477706, -35.944175], [147.471234, -35.9433], [147.464072, -35.944137], [147.459132, -35.946942], [147.457889, -35.949142], [147.454421, -35.951598], [147.456156, -35.957779], [147.453704, -35.960169], [147.450685, -35.960804], [147.445043, -35.958586], [147.443125, -35.955629], [147.439713, -35.955958], [147.435204, -35.95304], [147.431041, -35.952994], [147.421983, -35.948836], [147.417815, -35.948652], [147.415185, -35.946984], [147.41181, -35.948207], [147.408408, -35.948232], [147.407064, -35.947057], [147.406796, -35.945074], [147.404631, -35.943495], [147.396745, -35.947279], [147.395408, -35.949083], [147.393738, -35.949116], [147.39184, -35.94764], [147.391478, -35.949076], [147.390342, -35.949266], [147.390541, -35.951077], [147.392414, -35.953061], [147.392646, -35.955045], [147.391496, -35.956253], [147.38888, -35.956711], [147.387144, -35.959006], [147.388159, -35.95991], [147.392674, -35.959037], [147.394157, -35.96047], [147.393017, -35.962258], [147.388225, -35.963455], [147.388937, -35.966328], [147.3931, -35.970225], [147.392324, -35.970434], [147.392666, -35.971867], [147.391468, -35.971868], [147.392616, -35.972852], [147.392344, -35.973533], [147.391207, -35.973917], [147.383679, -35.972352], [147.373916, -35.977868], [147.376545, -35.976678], [147.375863, -35.978364], [147.372028, -35.980688], [147.374297, -35.979685], [147.373948, -35.981167], [147.374685, -35.98065], [147.374856, -35.982317], [147.370895, -35.982355], [147.367125, -35.985156], [147.36639, -35.986516], [147.36188, -35.988275], [147.358193, -35.991276], [147.357649, -35.994246], [147.35318, -36.000759], [147.355545, -36.004339], [147.355287, -36.009832], [147.352122, -36.010783], [147.348922, -36.012946], [147.34568, -36.018772], [147.346224, -36.024544], [147.34895, -36.027402], [147.351805, -36.028744], [147.352825, -36.031749], [147.34713, -36.036757], [147.343779, -36.042176], [147.341434, -36.043755], [147.332299, -36.047014], [147.329417, -36.054198], [147.324426, -36.057393], [147.321708, -36.058173], [147.319949, -36.060987], [147.318797, -36.061036], [147.317938, -36.060094], [147.318126, -36.054902], [147.312972, -36.052807], [147.31107, -36.054476], [147.314383, -36.056301], [147.3155, -36.058808], [147.313033, -36.061171], [147.310582, -36.060957], [147.306669, -36.05719], [147.306788, -36.053855], [147.30353, -36.051995], [147.302261, -36.050042], [147.302401, -36.048962], [147.304901, -36.04831], [147.304779, -36.04743], [147.301465, -36.047659], [147.29999, -36.044975], [147.297701, -36.046699], [147.296489, -36.044729], [147.290687, -36.042757], [147.2874, -36.0435], [147.285177, -36.039439], [147.282689, -36.040114], [147.279958, -36.043287], [147.266837, -36.039359], [147.263604, -36.039264], [147.25178, -36.04158], [147.242378, -36.038482], [147.238868, -36.043316], [147.232035, -36.042381], [147.224823, -36.048506], [147.22092, -36.048564], [147.214937, -36.046699], [147.206299, -36.050136], [147.203481, -36.049481], [147.195534, -36.043894], [147.193345, -36.044923], [147.187598, -36.042335], [147.186963, -36.041138], [147.187746, -36.038269], [147.184521, -36.038482], [147.180819, -36.037409], [147.1689, -36.033189], [147.166805, -36.031459], [147.164456, -36.030798], [147.161202, -36.031244], [147.159138, -36.033606], [147.155279, -36.035965], [147.149304, -36.031977], [147.146666, -36.036891], [147.144361, -36.037765], [147.142819, -36.035846], [147.144716, -36.032596], [147.144691, -36.031271], [147.141429, -36.028673], [147.136967, -36.028545], [147.131335, -36.024394], [147.1308, -36.020012], [147.127391, -36.018047], [147.128284, -36.015293], [147.127364, -36.013336], [147.128425, -36.011689], [147.125132, -36.008365], [147.127158, -36.005468], [147.122882, -36.00371], [147.125581, -36.000062], [147.123129, -35.997317], [147.124931, -35.995641], [147.124957, -35.994702], [147.123357, -35.994498], [147.122113, -35.995717], [147.121896, -35.998558], [147.120767, -36.00034], [147.119098, -36.000415], [147.116686, -35.998508], [147.111931, -36.000922], [147.115622, -36.003728], [147.116664, -36.006555], [147.11628, -36.007635], [147.112579, -36.008207], [147.10682, -36.004825], [147.106403, -36.007904], [147.109732, -36.008627], [147.110572, -36.009559], [147.109228, -36.012549], [147.107442, -36.012634], [147.105176, -36.010738], [147.098074, -36.010246], [147.098612, -36.012412], [147.105457, -36.011755], [147.106255, -36.013173], [147.106364, -36.016455], [147.104335, -36.019054], [147.101029, -36.019976], [147.099999, -36.015684], [147.097671, -36.015823], [147.097322, -36.016766], [147.098341, -36.019013], [147.096632, -36.021866], [147.099332, -36.024197], [147.099095, -36.026194], [147.097034, -36.028357], [147.093586, -36.026269], [147.09214, -36.02765], [147.092787, -36.028849], [147.098128, -36.031446], [147.103712, -36.032854], [147.103288, -36.034213], [147.100177, -36.035907], [147.09978, -36.03894], [147.096384, -36.038599], [147.096637, -36.040545], [147.098812, -36.041519], [147.099206, -36.042587], [147.097003, -36.046784], [147.09435, -36.04696], [147.093717, -36.043747], [147.091582, -36.043861], [147.091829, -36.046828], [147.095578, -36.04978], [147.095444, -36.05271], [147.093019, -36.052942], [147.091575, -36.049491], [147.0904, -36.049226], [147.088222, -36.053201], [147.085088, -36.052465], [147.080529, -36.053814], [147.080872, -36.055001], [147.084197, -36.054976], [147.085439, -36.055874], [147.079313, -36.056618], [147.078624, -36.059531], [147.075946, -36.060902], [147.074524, -36.064091], [147.071623, -36.063497], [147.068791, -36.060448], [147.066649, -36.063444], [147.06757, -36.067237], [147.066811, -36.068622], [147.064893, -36.068768], [147.063947, -36.065609], [147.061812, -36.066155], [147.059515, -36.07404], [147.060473, -36.077057], [147.06299, -36.080331], [147.06302, -36.082492], [147.057791, -36.085488], [147.05965, -36.088324], [147.059339, -36.089504], [147.052367, -36.090321], [147.051757, -36.095285], [147.050147, -36.098179], [147.055695, -36.100282], [147.052963, -36.107881], [147.050689, -36.108023], [147.048853, -36.103825], [147.042344, -36.104305], [147.041598, -36.105404], [147.042832, -36.107591], [147.042121, -36.109591], [147.034141, -36.115239], [147.032485, -36.114324], [147.031777, -36.110496], [147.026326, -36.105425], [147.022777, -36.099895], [147.019062, -36.099144], [147.017788, -36.101353], [147.018176, -36.104221], [147.017397, -36.10594], [147.01531, -36.106326], [147.013473, -36.104721], [147.013245, -36.103217], [147.015158, -36.09992], [147.01306, -36.096911], [147.013063, -36.094906], [147.016317, -36.090929], [147.016319, -36.089798], [147.011846, -36.087918], [147.008435, -36.089596], [147.006396, -36.089115], [147.005514, -36.087839], [147.005867, -36.086886], [147.00829, -36.085494], [147.007444, -36.083732], [147.003577, -36.083914], [147.002747, -36.084678], [147.002799, -36.086039], [146.999318, -36.087278], [146.993198, -36.085941], [146.990447, -36.086148], [146.987045, -36.089172], [146.984227, -36.0939], [146.981298, -36.094876], [146.978354, -36.092839], [146.97733, -36.090841], [146.976527, -36.085172], [146.975388, -36.085029], [146.972589, -36.082113], [146.966637, -36.083655], [146.964333, -36.080524], [146.96269, -36.082244], [146.96108, -36.082069], [146.959636, -36.07955], [146.956824, -36.078061], [146.956031, -36.079164], [146.958928, -36.082844], [146.959141, -36.084548], [146.955033, -36.088774], [146.956022, -36.090077], [146.958317, -36.090749], [146.958653, -36.091895], [146.956302, -36.092886], [146.952212, -36.092485], [146.950837, -36.093488], [146.95035, -36.094442], [146.952042, -36.099775], [146.949147, -36.101164], [146.948492, -36.103049], [146.949268, -36.106775], [146.952094, -36.108208], [146.952498, -36.110788], [146.949882, -36.11283], [146.946897, -36.113906], [146.945682, -36.115516], [146.943705, -36.115989], [146.939106, -36.113131], [146.933957, -36.111482], [146.93281, -36.109147], [146.928183, -36.105854], [146.92748, -36.102531], [146.928673, -36.101722], [146.929858, -36.098984], [146.926804, -36.097178], [146.924083, -36.098123], [146.921467, -36.10086], [146.924847, -36.104093], [146.925304, -36.106774], [146.924058, -36.108315], [146.92161, -36.108837], [146.918078, -36.107926], [146.916458, -36.111473], [146.914594, -36.112705], [146.907763, -36.111284], [146.906032, -36.109623], [146.905538, -36.107103], [146.911843, -36.10632], [146.912402, -36.104636], [146.909561, -36.102691], [146.90867, -36.099511], [146.906922, -36.098607], [146.904149, -36.098886], [146.903347, -36.097994], [146.906099, -36.091664], [146.902957, -36.086937], [146.904034, -36.086063], [146.906945, -36.086078], [146.90691, -36.084946], [146.901122, -36.083041], [146.899022, -36.085462], [146.894522, -36.085849], [146.890075, -36.088111], [146.884548, -36.08681], [146.880556, -36.087524], [146.876809, -36.082907], [146.876557, -36.080048], [146.874217, -36.076955], [146.872952, -36.073681], [146.86453, -36.073084], [146.864175, -36.074517], [146.866238, -36.077785], [146.865675, -36.078834], [146.861168, -36.081595], [146.860001, -36.083508], [146.857158, -36.084918], [146.854404, -36.084966], [146.851505, -36.08385], [146.849026, -36.08647], [146.846681, -36.086549], [146.844277, -36.084488], [146.841113, -36.084419], [146.8367, -36.082073], [146.834118, -36.085969], [146.83302, -36.086547], [146.829785, -36.08609], [146.825026, -36.088724], [146.821573, -36.086862], [146.821215, -36.084587], [146.821938, -36.082786], [146.824359, -36.081437], [146.827545, -36.077526], [146.827081, -36.076562], [146.82421, -36.076134], [146.823576, -36.07503], [146.823419, -36.074357], [146.825822, -36.072524], [146.825542, -36.070847], [146.824748, -36.069928], [146.822861, -36.069785], [146.81798, -36.074175], [146.816301, -36.074377], [146.814799, -36.072844], [146.814676, -36.070365], [146.818228, -36.069188], [146.81838, -36.067834], [146.817393, -36.067303], [146.813157, -36.067887], [146.813139, -36.065809], [146.814733, -36.064106], [146.806232, -36.060811], [146.804024, -36.058046], [146.803936, -36.055194], [146.802947, -36.055281], [146.800782, -36.058364], [146.799017, -36.058434], [146.796558, -36.057207], [146.79457, -36.058545], [146.793364, -36.061238], [146.798604, -36.062489], [146.798566, -36.063965], [146.796181, -36.065138], [146.794358, -36.065131], [146.791726, -36.063584], [146.789618, -36.063785], [146.788563, -36.064833], [146.787008, -36.06436], [146.786566, -36.063281], [146.788883, -36.060618], [146.787826, -36.059342], [146.784183, -36.059331], [146.781338, -36.060436], [146.781108, -36.061396], [146.783475, -36.063244], [146.781955, -36.064621], [146.780471, -36.064536], [146.777699, -36.060738], [146.775686, -36.059277], [146.771287, -36.058045], [146.768266, -36.058992], [146.767155, -36.055669], [146.765313, -36.056727], [146.765503, -36.058433], [146.764706, -36.05975], [146.762818, -36.059519], [146.759612, -36.057237], [146.759985, -36.055876], [146.763071, -36.052913], [146.762315, -36.051665], [146.759649, -36.052603], [146.75647, -36.051816], [146.755846, -36.052862], [146.758382, -36.055086], [146.758128, -36.056229], [146.756361, -36.056917], [146.752811, -36.055471], [146.753049, -36.05657], [146.755852, -36.058431], [146.753707, -36.060687], [146.749851, -36.061277], [146.746994, -36.058832], [146.747809, -36.053233], [146.748741, -36.05192], [146.74687, -36.051305], [146.750628, -36.050572], [146.751434, -36.045534], [146.753104, -36.043388], [146.752929, -36.042113], [146.751322, -36.041408], [146.749274, -36.042266], [146.747251, -36.045933], [146.744626, -36.047837], [146.739841, -36.045102], [146.737003, -36.047742], [146.735203, -36.048098], [146.73319, -36.045906], [146.730065, -36.044724], [146.731592, -36.038668], [146.735136, -36.03672], [146.732874, -36.034459], [146.732358, -36.030981], [146.729889, -36.031168], [146.728387, -36.029551], [146.729171, -36.027651], [146.732846, -36.026586], [146.731645, -36.023725], [146.72723, -36.02682], [146.722451, -36.028612], [146.719716, -36.028555], [146.716275, -36.026477], [146.712501, -36.0292], [146.706375, -36.029985], [146.706133, -36.03073], [146.709976, -36.034014], [146.70743, -36.035932], [146.705687, -36.035744], [146.70219, -36.033599], [146.697939, -36.033525], [146.696373, -36.031371], [146.692785, -36.03142], [146.689585, -36.030373], [146.689177, -36.031698], [146.691159, -36.032819], [146.694332, -36.032932], [146.694675, -36.034752], [146.690115, -36.038322], [146.689473, -36.040455], [146.687311, -36.040865], [146.683891, -36.039613], [146.681893, -36.03816], [146.67972, -36.033414], [146.682559, -36.030814], [146.682508, -36.029508], [146.680764, -36.029005], [146.677118, -36.029947], [146.675291, -36.028746], [146.676599, -36.026959], [146.682131, -36.025563], [146.680767, -36.022841], [146.678886, -36.021875], [146.674085, -36.021876], [146.672572, -36.025606], [146.671354, -36.025891], [146.668508, -36.0216], [146.669327, -36.018309], [146.668316, -36.017843], [146.665988, -36.018694], [146.665387, -36.020793], [146.66706, -36.024584], [146.669603, -36.026596], [146.66943, -36.028149], [146.664987, -36.029146], [146.661747, -36.026122], [146.655918, -36.026195], [146.655033, -36.024475], [146.658154, -36.021885], [146.656712, -36.02114], [146.65367, -36.021736], [146.651453, -36.021016], [146.650459, -36.019938], [146.650356, -36.01803], [146.653755, -36.017056], [146.657587, -36.017792], [146.65879, -36.016258], [146.658518, -36.014426], [146.657549, -36.013805], [146.652276, -36.014799], [146.650212, -36.013844], [146.649309, -36.01025], [146.650739, -36.00769], [146.648354, -36.007177], [146.645094, -36.007722], [146.643855, -36.00677], [146.642917, -36.004201], [146.641864, -36.003965], [146.641206, -36.00572], [146.642587, -36.00874], [146.64036, -36.009315], [146.636752, -36.005672], [146.631425, -36.003927], [146.630856, -36.002306], [146.633615, -36.000362], [146.633415, -35.999708], [146.628432, -35.999846], [146.626683, -35.998466], [146.626455, -35.996446], [146.625785, -35.996147], [146.624634, -35.996672], [146.623485, -35.999077], [146.621169, -35.999166], [146.620377, -35.998247], [146.62212, -35.995015], [146.619676, -35.993163], [146.61753, -35.993627], [146.615673, -35.996588], [146.613626, -35.995886], [146.612944, -35.994376], [146.613138, -35.990399], [146.609047, -35.989047], [146.60783, -35.986692], [146.608292, -35.985372], [146.611673, -35.984571], [146.616315, -35.982146], [146.615984, -35.980812], [146.611848, -35.980617], [146.610906, -35.979316], [146.612024, -35.978145], [146.618684, -35.975546], [146.617065, -35.973828], [146.611356, -35.972053], [146.607411, -35.974077], [146.603639, -35.972653], [146.602059, -35.975594], [146.600976, -35.975744], [146.599978, -35.974624], [146.599521, -35.970619], [146.598945, -35.970731], [146.594841, -35.974335], [146.589826, -35.973826], [146.583708, -35.975065], [146.583434, -35.976651], [146.586722, -35.980613], [146.586833, -35.981769], [146.585972, -35.982997], [146.582019, -35.983354], [146.579224, -35.981918], [146.577223, -35.978784], [146.569702, -35.979011], [146.568178, -35.977681], [146.567376, -35.975183], [146.566171, -35.974914], [146.564352, -35.976133], [146.562691, -35.975608], [146.562397, -35.973125], [146.565872, -35.970941], [146.561947, -35.968718], [146.561087, -35.970611], [146.558964, -35.971502], [146.560243, -35.976423], [146.559108, -35.978629], [146.557862, -35.979049], [146.555023, -35.978151], [146.552269, -35.979189], [146.552106, -35.980085], [146.554604, -35.982135], [146.554934, -35.983689], [146.553701, -35.9853], [146.549886, -35.985563], [146.550798, -35.987933], [146.554926, -35.987162], [146.555955, -35.9878], [146.555934, -35.988786], [146.554334, -35.990403], [146.549186, -35.992198], [146.538256, -35.984243], [146.537856, -35.98206], [146.536674, -35.982169], [146.533945, -35.984363], [146.531688, -35.98364], [146.531305, -35.982224], [146.532439, -35.976018], [146.528658, -35.973288], [146.525935, -35.9699], [146.523001, -35.970401], [146.5201, -35.969228], [146.519703, -35.967137], [146.521671, -35.963611], [146.519438, -35.960261], [146.517741, -35.960146], [146.515934, -35.963225], [146.512633, -35.964075], [146.502279, -35.957865], [146.501028, -35.95949], [146.501061, -35.963716], [146.497973, -35.967425], [146.497658, -35.971305], [146.496578, -35.973244], [146.501213, -35.979087], [146.498902, -35.981439], [146.492429, -35.985248], [146.493052, -35.986157], [146.496574, -35.986288], [146.500507, -35.983868], [146.502561, -35.984179], [146.50325, -35.986052], [146.502682, -35.98829], [146.498301, -35.991444], [146.490311, -35.99137], [146.48793, -35.990102], [146.486349, -35.985726], [146.48064, -35.987009], [146.476698, -35.983278], [146.473165, -35.984051], [146.469804, -35.981241], [146.469046, -35.982197], [146.469205, -35.984134], [146.467358, -35.984165], [146.465186, -35.979795], [146.468471, -35.977474], [146.468777, -35.975541], [146.462568, -35.97068], [146.463078, -35.968234], [146.462117, -35.96621], [146.460309, -35.965428], [146.45849, -35.966797], [146.45652, -35.966485], [146.453757, -35.962167], [146.451426, -35.963763], [146.448885, -35.964131], [146.447387, -35.965619], [146.445926, -35.972948], [146.44483, -35.97492], [146.443029, -35.97581], [146.441214, -35.975612], [146.438615, -35.972807], [146.438521, -35.969222], [146.436691, -35.966927], [146.42906, -35.965351], [146.427247, -35.963996], [146.425428, -35.964049], [146.422463, -35.965627], [146.421717, -35.96664], [146.42191, -35.968085], [146.424808, -35.972691], [146.422599, -35.973542], [146.419404, -35.97324], [146.419075, -35.974726], [146.420641, -35.976698], [146.418971, -35.978356], [146.417175, -35.977779], [146.414773, -35.974999], [146.414783, -35.979614], [146.412184, -35.981115], [146.41261, -35.981955], [146.415716, -35.982588], [146.416168, -35.9836], [146.402839, -35.988792], [146.398381, -35.995734], [146.397956, -35.999565], [146.400108, -36.004783], [146.399064, -36.00723], [146.396912, -36.008173], [146.394672, -36.007105], [146.388376, -36.007118], [146.38446, -36.009256], [146.380402, -36.013244], [146.378588, -36.022517], [146.379172, -36.02689], [146.380954, -36.029896], [146.386396, -36.032818], [146.387694, -36.035441], [146.385824, -36.037727], [146.383324, -36.039196], [146.376051, -36.038459], [146.376069, -36.039238], [146.379781, -36.042361], [146.380244, -36.044626], [146.37901, -36.045844], [146.373571, -36.046835], [146.370813, -36.050553], [146.369476, -36.051061], [146.367258, -36.050392], [146.364692, -36.04787], [146.362033, -36.04346], [146.359046, -36.041225], [146.355996, -36.040491], [146.351917, -36.042506], [146.350363, -36.041847], [146.347119, -36.038013], [146.345903, -36.029222], [146.33858, -36.026344], [146.334643, -36.027783], [146.331484, -36.026583], [146.330686, -36.028261], [146.328632, -36.029777], [146.3278, -36.03204], [146.325803, -36.03367], [146.326498, -36.035085], [146.33086, -36.035429], [146.332161, -36.036884], [146.32999, -36.040325], [146.330344, -36.042773], [146.329279, -36.04332], [146.32739, -36.043392], [146.323842, -36.041622], [146.321722, -36.042451], [146.323041, -36.043014], [146.319492, -36.042308], [146.31839, -36.039843], [146.316456, -36.038518], [146.315106, -36.040029], [146.315587, -36.044754], [146.312859, -36.045497], [146.308822, -36.039401], [146.306881, -36.03984], [146.30646, -36.042305], [146.305386, -36.04331], [146.302416, -36.042714], [146.30107, -36.040961], [146.301602, -36.037178], [146.301033, -36.036701], [146.298734, -36.037898], [146.297374, -36.039764], [146.298087, -36.042804], [146.297307, -36.044768], [146.300808, -36.043849], [146.302404, -36.045222], [146.300219, -36.047701], [146.297807, -36.047639], [146.292818, -36.045707], [146.291411, -36.043576], [146.291813, -36.039416], [146.291242, -36.038871], [146.288008, -36.039708], [146.284469, -36.042151], [146.28269, -36.040836], [146.284107, -36.037848], [146.287163, -36.036233], [146.29139, -36.035869], [146.290816, -36.035038], [146.286653, -36.033626], [146.28636, -36.030307], [146.288214, -36.029675], [146.292507, -36.030215], [146.293212, -36.028962], [146.292175, -36.02716], [146.292075, -36.024687], [146.285695, -36.027781], [146.283618, -36.027373], [146.282304, -36.026009], [146.281611, -36.023974], [146.282389, -36.023037], [146.291414, -36.020134], [146.288739, -36.018105], [146.288112, -36.015143], [146.286439, -36.014366], [146.28459, -36.014231], [146.281404, -36.016648], [146.278828, -36.01582], [146.278507, -36.01368], [146.283447, -36.01172], [146.282889, -36.011002], [146.277228, -36.011583], [146.275265, -36.012559], [146.277096, -36.017218], [146.274562, -36.019997], [146.276539, -36.021391], [146.276837, -36.020346], [146.278675, -36.019623], [146.279125, -36.020707], [146.278102, -36.022433], [146.278784, -36.023625], [146.273455, -36.026636], [146.271708, -36.026763], [146.268052, -36.025175], [146.268227, -36.022036], [146.267597, -36.021239], [146.263163, -36.021936], [146.261381, -36.021468], [146.260651, -36.018026], [146.261911, -36.01599], [146.260216, -36.015728], [146.260839, -36.017235], [146.260334, -36.01741], [146.258132, -36.014781], [146.257285, -36.012176], [146.256539, -36.01359], [146.253291, -36.01556], [146.252565, -36.018726], [146.251504, -36.019638], [146.249127, -36.018923], [146.248205, -36.017166], [146.245279, -36.017782], [146.244834, -36.019549], [146.245707, -36.020722], [146.250496, -36.021512], [146.251229, -36.022744], [146.249402, -36.024452], [146.241721, -36.023614], [146.244453, -36.027064], [146.243078, -36.028895], [146.239614, -36.028083], [146.239544, -36.029378], [146.238132, -36.027979], [146.233893, -36.028502], [146.232668, -36.029885], [146.232513, -36.031157], [146.233194, -36.031553], [146.232084, -36.033175], [146.22981, -36.03413], [146.228357, -36.032812], [146.228829, -36.029648], [146.228287, -36.029034], [146.221503, -36.030249], [146.220444, -36.031459], [146.221867, -36.035114], [146.220754, -36.036564], [146.218671, -36.036968], [146.214289, -36.036025], [146.213431, -36.037497], [146.215267, -36.036442], [146.214774, -36.037831], [146.211243, -36.038645], [146.210159, -36.03753], [146.212065, -36.033818], [146.216375, -36.033354], [146.214134, -36.029579], [146.212685, -36.028547], [146.211296, -36.02922], [146.209343, -36.032474], [146.205458, -36.035765], [146.206874, -36.035011], [146.207167, -36.035994], [146.209869, -36.034177], [146.211028, -36.034455], [146.207927, -36.035862], [146.205352, -36.039075], [146.20087, -36.038018], [146.197916, -36.036102], [146.200383, -36.033371], [146.200051, -36.032664], [146.19925, -36.03291], [146.198957, -36.03061], [146.197836, -36.029907], [146.195244, -36.032776], [146.194285, -36.035463], [146.195674, -36.033506], [146.198008, -36.032781], [146.197038, -36.034413], [146.190551, -36.038465], [146.189899, -36.039466], [146.190677, -36.039701], [146.189282, -36.041119], [146.185384, -36.041992], [146.182908, -36.039539], [146.178834, -36.038323], [146.178544, -36.036706], [146.182161, -36.035693], [146.182649, -36.034124], [146.18135, -36.033268], [146.178456, -36.033922], [146.177249, -36.033409], [146.178454, -36.028844], [146.175821, -36.024285], [146.175483, -36.021356], [146.174467, -36.020423], [146.172245, -36.020696], [146.163159, -36.024548], [146.160596, -36.024186], [146.158733, -36.022334], [146.157033, -36.021911], [146.155069, -36.024389], [146.153663, -36.024883], [146.148055, -36.021845], [146.146083, -36.019949], [146.146113, -36.014752], [146.145534, -36.014317], [146.141778, -36.017379], [146.137157, -36.01845], [146.133666, -36.020629], [146.132241, -36.020494], [146.130925, -36.017748], [146.132595, -36.014895], [146.13188, -36.010237], [146.134274, -36.009043], [146.140504, -36.009035], [146.138056, -36.004928], [146.134331, -36.00309], [146.131712, -36.004444], [146.130299, -36.008842], [146.125609, -36.010599], [146.123924, -36.013967], [146.121474, -36.014737], [146.119885, -36.016925], [146.110734, -36.015721], [146.108815, -36.014476], [146.108404, -36.013572], [146.109486, -36.011498], [146.114342, -36.008482], [146.1109, -36.007009], [146.106462, -36.007895], [146.10137, -36.013247], [146.097986, -36.012758], [146.094189, -36.009625], [146.092244, -36.009741], [146.090921, -36.010612], [146.090768, -36.012203], [146.096315, -36.016194], [146.096839, -36.017601], [146.096083, -36.020246], [146.093631, -36.021107], [146.088638, -36.019085], [146.085382, -36.01926], [146.081066, -36.017638], [146.075681, -36.017791], [146.074685, -36.011358], [146.073173, -36.009481], [146.071761, -36.009915], [146.073152, -36.013683], [146.07118, -36.015138], [146.059621, -36.014264], [146.058138, -36.011907], [146.056599, -35.999258], [146.052346, -35.995466], [146.051393, -35.996284], [146.052725, -36.000634], [146.051755, -36.002477], [146.050022, -36.002948], [146.043705, -35.999837], [146.040902, -36.001086], [146.03883, -36.000858], [146.036145, -35.999143], [146.033477, -35.995111], [146.031488, -35.994714], [146.027863, -35.997136], [146.023113, -35.99841], [146.021278, -36.001174], [146.017906, -36.002786], [146.015925, -36.005423], [146.013323, -36.005444], [146.006157, -36.002634], [146.001235, -36.008555], [145.989449, -36.013018], [145.984626, -36.012734], [145.98171, -36.011727], [145.978678, -36.009375], [145.975485, -36.008801], [145.97466, -36.01457], [145.973501, -36.015786], [145.97207, -36.015747], [145.96934, -36.013208], [145.970809, -36.010345], [145.973475, -36.00842], [145.971314, -36.005652], [145.967772, -36.005838], [145.962189, -36.009369], [145.959999, -36.008818], [145.958336, -36.006973], [145.957851, -36.003426], [145.958847, -36.00357], [145.965009, -35.997503], [145.96504, -35.996656], [145.960486, -35.99582], [145.956361, -35.992697], [145.952904, -35.992161], [145.952615, -35.9855], [145.951555, -35.982911], [145.949755, -35.98293], [145.948257, -35.985191], [145.945958, -35.98324], [145.945488, -35.980583], [145.946147, -35.978718], [145.950359, -35.978742], [145.951491, -35.976571], [145.949183, -35.972136], [145.944754, -35.969371], [145.944171, -35.966874], [145.947325, -35.964897], [145.954206, -35.964774], [145.954998, -35.962906], [145.953716, -35.961556], [145.952385, -35.960995], [145.946074, -35.961334], [145.943577, -35.962816], [145.939054, -35.968343], [145.935735, -35.969617], [145.934624, -35.972692], [145.930516, -35.97276], [145.928, -35.973947], [145.926023, -35.973117], [145.924995, -35.971558], [145.925348, -35.969973], [145.928254, -35.967343], [145.927766, -35.965877], [145.925821, -35.964563], [145.914889, -35.964542], [145.914177, -35.965538], [145.915071, -35.968791], [145.913815, -35.969562], [145.912421, -35.969083], [145.910741, -35.96676], [145.908561, -35.966058], [145.906084, -35.963262], [145.90477, -35.964497], [145.904963, -35.969006], [145.902934, -35.968856], [145.900138, -35.964452], [145.900756, -35.961529], [145.903747, -35.959727], [145.908792, -35.958404], [145.910314, -35.955962], [145.908409, -35.953744], [145.902693, -35.952496], [145.894427, -35.953249], [145.892338, -35.954271], [145.891406, -35.956479], [145.889989, -35.957322], [145.885268, -35.955358], [145.883282, -35.957214], [145.880541, -35.957766], [145.876365, -35.955343], [145.870564, -35.955475], [145.867892, -35.957506], [145.863278, -35.958656], [145.860595, -35.96054], [145.854042, -35.959927], [145.852602, -35.961478], [145.853906, -35.965593], [145.852177, -35.966977], [145.84849, -35.967799], [145.847975, -35.968689], [145.859313, -35.971565], [145.859796, -35.973016], [145.858624, -35.974814], [145.853802, -35.976609], [145.851196, -35.975525], [145.848273, -35.972963], [145.845548, -35.97346], [145.844438, -35.975035], [145.84855, -35.97856], [145.848589, -35.980899], [145.844621, -35.982937], [145.840021, -35.983244], [145.837005, -35.983088], [145.836078, -35.982114], [145.836363, -35.97759], [145.835813, -35.976849], [145.831193, -35.976986], [145.827548, -35.975438], [145.824444, -35.979314], [145.828613, -35.979816], [145.829099, -35.981341], [145.828252, -35.982982], [145.824585, -35.984704], [145.818195, -35.982314], [145.811375, -35.984142], [145.811392, -35.985465], [145.815793, -35.98686], [145.81668, -35.9882], [145.815005, -35.991016], [145.811662, -35.991769], [145.808656, -35.990754], [145.806835, -35.988936], [145.808444, -35.984416], [145.80798, -35.983762], [145.805835, -35.982811], [145.802792, -35.983719], [145.798677, -35.982971], [145.7953, -35.98363], [145.793445, -35.982817], [145.792779, -35.981167], [145.792732, -35.972801], [145.791768, -35.972731], [145.789705, -35.974834], [145.788024, -35.975251], [145.784551, -35.971989], [145.778781, -35.973005], [145.777006, -35.972559], [145.776913, -35.971008], [145.778391, -35.969398], [145.778694, -35.966981], [145.78139, -35.96379], [145.780772, -35.96217], [145.778211, -35.960243], [145.773266, -35.962686], [145.768313, -35.963086], [145.76735, -35.966041], [145.766105, -35.966687], [145.764249, -35.965924], [145.762958, -35.961448], [145.757897, -35.958088], [145.75417, -35.96135], [145.746109, -35.964239], [145.743511, -35.962318], [145.744772, -35.959708], [145.744316, -35.959135], [145.739016, -35.95907], [145.733785, -35.96035], [145.731027, -35.958734], [145.730746, -35.957631], [145.73171, -35.95619], [145.736799, -35.954819], [145.734238, -35.951348], [145.730029, -35.951087], [145.728333, -35.952055], [145.72966, -36.094318], [145.691411, -36.09767], [145.674187, -36.100404], [145.534755, -36.10013], [145.532841, -36.294242], [145.796668, -36.299983], [145.79982, -36.323906], [145.772609, -36.440235], [145.765411, -36.441029], [145.750464, -36.432307], [145.738205, -36.433456], [145.733673, -36.425858], [145.71957, -36.421234], [145.705217, -36.428479], [145.665207, -36.431358], [145.636731, -36.418363], [145.626616, -36.420004], [145.596816, -36.426839], [145.566742, -36.42014], [145.551979, -36.418227], [145.530853, -36.423481], [145.52915, -36.52034], [145.333945, -36.518426], [145.332168, -36.528815], [145.323693, -36.541528], [145.328751, -36.55055], [145.319045, -36.556702], [145.31057, -36.571875], [145.297225, -36.574985], [145.305328, -36.594685]]]}}, {"type": "Feature", "properties": {"index": "ISAC", "division": "Isaacs", "state": "Victoria", "year": "1994", "proclaimed": "19941220", "quota": "0", "electors": "0", "deviation": ""}, "geometry": {"type": "Polygon", "coordinates": [[[145.062214, -37.990841], [145.069741, -37.995609], [145.077095, -38.001749], [145.082174, -38.007099], [145.084479, -38.010557], [145.084145, -38.011152], [145.084848, -38.010369], [145.084511, -38.011306], [145.086158, -38.010835], [145.090609, -38.014952], [145.099517, -38.026878], [145.112784, -38.051975], [145.117036, -38.062937], [145.119588, -38.073219], [145.125353, -38.071062], [145.125612, -38.071656], [145.119793, -38.074099], [145.122252, -38.082164], [145.122756, -38.085036], [145.124448, -38.084734], [145.123912, -38.082272], [145.12778, -38.081524], [145.131519, -38.083669], [145.136265, -38.082564], [145.138638, -38.083214], [145.141661, -38.082499], [145.148585, -38.083344], [145.149235, -38.087798], [145.149235, -38.090528], [145.147284, -38.093844], [145.144359, -38.09716], [145.142083, -38.100931], [145.140653, -38.103466], [145.140003, -38.105547], [145.139938, -38.107627], [145.140815, -38.108505], [145.142002, -38.108765], [145.142522, -38.109269], [145.142473, -38.109935], [145.143123, -38.110715], [145.14431, -38.11104], [145.159133, -38.112958], [145.230518, -38.121735], [145.249053, -38.124147], [145.291214, -38.129127], [145.288206, -38.121287], [145.298241, -38.069707], [145.266337, -38.066058], [145.262836, -38.058612], [145.257954, -38.050672], [145.24888, -38.037925], [145.247105, -38.036372], [145.246119, -38.036076], [145.244763, -38.033364], [145.243629, -38.026707], [145.241952, -38.023107], [145.232928, -38.016746], [145.188794, -38.011494], [145.181718, -38.010977], [145.173458, -38.011346], [145.168577, -38.012308], [145.164533, -38.013319], [145.140642, -38.010755], [145.144587, -37.990833], [145.079495, -37.982844], [145.080999, -37.975127], [145.072394, -37.974166], [145.073726, -37.967533], [145.053508, -37.965092], [145.055185, -37.967656], [145.051708, -37.98684], [145.062214, -37.990841]]]}}, {"type": "Feature", "properties": {"index": "JAGA", "division": "Jagajaga", "state": "Victoria", "year": "1994", "proclaimed": "19941220", "quota": "0", "electors": "0", "deviation": ""}, "geometry": {"type": "Polygon", "coordinates": [[[145.040951, -37.783098], [145.041926, -37.78202], [145.043185, -37.781487], [145.043614, -37.780474], [145.044731, -37.780968], [145.0449, -37.780188], [145.046082, -37.780734], [145.04755, -37.780058], [145.047654, -37.780864], [145.048745, -37.781084], [145.050303, -37.781552], [145.051563, -37.78202], [145.051849, -37.7835], [145.053278, -37.784617], [145.054875, -37.78502], [145.055733, -37.784111], [145.055005, -37.783981], [145.053784, -37.78415], [145.053369, -37.783539], [145.053784, -37.782137], [145.054382, -37.781253], [145.055226, -37.7815], [145.055174, -37.782227], [145.055953, -37.782163], [145.057551, -37.781305], [145.059006, -37.781084], [145.060162, -37.780149], [145.061084, -37.780045], [145.061837, -37.780903], [145.062902, -37.781396], [145.063889, -37.781461], [145.064474, -37.781773], [145.064279, -37.782591], [145.065019, -37.783059], [145.066214, -37.783565], [145.067344, -37.783539], [145.067773, -37.782604], [145.067072, -37.781851], [145.066929, -37.781227], [145.067578, -37.781149], [145.067422, -37.780292], [145.06763, -37.778084], [145.068435, -37.776473], [145.069604, -37.774889], [145.069267, -37.774032], [145.069059, -37.772707], [145.070721, -37.771304], [145.071449, -37.771538], [145.072384, -37.772239], [145.074228, -37.772733], [145.075397, -37.773902], [145.076385, -37.773278], [145.075553, -37.772239], [145.075553, -37.771044], [145.073891, -37.770291], [145.072254, -37.768758], [145.071787, -37.767719], [145.072644, -37.76681], [145.074696, -37.767303], [145.07706, -37.767433], [145.076748, -37.766108], [145.078021, -37.765043], [145.07958, -37.762654], [145.078852, -37.761692], [145.077502, -37.760861], [145.077346, -37.759354], [145.076411, -37.758835], [145.075397, -37.759224], [145.073163, -37.759952], [145.073033, -37.758705], [145.073891, -37.75764], [145.075917, -37.757432], [145.077424, -37.757666], [145.079216, -37.758341], [145.080177, -37.757978], [145.079892, -37.757328], [145.077917, -37.756627], [145.077346, -37.755146], [145.078203, -37.754159], [145.080099, -37.754159], [145.080827, -37.75551], [145.081502, -37.756341], [145.082385, -37.755821], [145.083061, -37.754964], [145.081996, -37.754445], [145.08184, -37.752808], [145.083009, -37.751665], [145.084308, -37.752107], [145.08571, -37.752938], [145.087919, -37.75286], [145.089867, -37.753873], [145.091919, -37.754055], [145.093192, -37.753094], [145.093841, -37.751899], [145.094699, -37.750132], [145.095738, -37.749353], [145.097089, -37.749015], [145.098361, -37.749171], [145.10018, -37.75112], [145.103115, -37.753146], [145.107064, -37.754886], [145.109869, -37.755562], [145.111012, -37.755276], [145.11335, -37.75499], [145.114623, -37.753068], [145.116935, -37.752678], [145.118806, -37.752263], [145.120962, -37.75234], [145.121845, -37.751483], [145.121533, -37.750418], [145.122157, -37.749379], [145.123274, -37.749717], [145.124547, -37.750678], [145.125794, -37.751068], [145.125612, -37.750314], [145.124729, -37.749353], [145.124053, -37.74808], [145.122806, -37.747613], [145.121507, -37.748314], [145.12078, -37.748392], [145.120416, -37.74634], [145.120131, -37.744547], [145.121637, -37.742105], [145.123014, -37.740832], [145.125404, -37.740417], [145.127664, -37.741274], [145.130573, -37.742261], [145.133275, -37.742963], [145.134756, -37.741612], [145.136522, -37.740651], [145.137561, -37.738508], [145.142887, -37.739313], [145.145666, -37.738352], [145.147251, -37.737676], [145.148887, -37.737235], [145.149771, -37.738404], [145.150654, -37.736767], [145.151927, -37.735598], [145.153563, -37.734273], [145.15507, -37.734065], [145.15707, -37.734897], [145.159616, -37.736689], [145.16224, -37.738014], [145.165071, -37.734195], [145.168422, -37.734975], [145.171098, -37.734689], [145.17406, -37.735208], [145.175722, -37.734611], [145.176398, -37.736299], [145.177229, -37.738482], [145.179463, -37.738144], [145.179229, -37.736144], [145.178658, -37.734351], [145.178865, -37.733312], [145.180398, -37.731857], [145.181281, -37.730169], [145.183619, -37.73048], [145.185594, -37.730532], [145.187646, -37.730221], [145.18949, -37.732117], [145.192192, -37.731546], [145.193595, -37.731883], [145.193075, -37.733338], [145.191724, -37.734507], [145.191075, -37.73739], [145.193335, -37.739261], [145.196192, -37.741001], [145.198504, -37.740092], [145.198219, -37.737027], [145.198037, -37.734065], [145.199465, -37.731987], [145.202011, -37.730948], [145.204115, -37.731416], [145.206168, -37.731494], [145.208765, -37.730558], [145.208817, -37.729286], [145.21009, -37.728662], [145.211545, -37.726818], [145.211051, -37.725519], [145.208947, -37.724739], [145.206921, -37.724168], [145.204505, -37.723986], [145.203362, -37.722999], [145.20383, -37.72157], [145.206168, -37.720531], [145.206895, -37.718921], [145.206531, -37.717128], [145.20557, -37.715595], [145.204765, -37.713595], [145.205025, -37.709751], [145.200271, -37.708426], [145.195023, -37.707075], [145.195881, -37.705075], [145.195439, -37.70401], [145.19627, -37.702841], [145.196972, -37.70123], [145.196686, -37.700165], [145.195101, -37.700399], [145.193647, -37.699801], [145.19227, -37.699827], [145.190477, -37.700295], [145.188659, -37.700632], [145.187724, -37.700035], [145.186529, -37.699827], [145.184762, -37.701646], [145.183567, -37.701256], [145.183359, -37.702581], [145.180372, -37.703646], [145.178424, -37.703516], [145.175151, -37.703022], [145.172033, -37.701957], [145.167877, -37.702841], [145.164136, -37.702892], [145.161019, -37.70323], [145.158499, -37.704555], [145.156499, -37.704165], [145.154551, -37.704399], [145.153901, -37.703542], [145.154161, -37.702711], [145.153693, -37.701801], [145.153693, -37.700632], [145.154758, -37.699437], [145.154291, -37.698243], [145.151745, -37.69697], [145.152109, -37.695411], [145.152342, -37.692813], [145.153122, -37.690813], [145.156135, -37.688787], [145.152602, -37.687981], [145.151485, -37.688189], [145.149771, -37.687878], [145.14291, -37.686963], [145.136912, -37.686163], [145.131379, -37.690216], [145.129898, -37.691618], [145.128651, -37.692761], [145.127924, -37.694398], [145.126287, -37.696268], [145.122832, -37.697203], [145.122339, -37.69897], [145.121819, -37.700736], [145.120572, -37.700373], [145.11335, -37.699723], [145.108337, -37.699827], [145.107402, -37.700165], [145.107168, -37.7011], [145.108207, -37.701282], [145.108648, -37.702321], [145.109584, -37.702503], [145.110649, -37.703178], [145.110311, -37.704139], [145.110155, -37.705282], [145.111636, -37.705282], [145.111584, -37.706451], [145.109843, -37.706322], [145.108856, -37.705023], [145.091867, -37.703984], [145.080905, -37.70336], [145.058408, -37.700035], [145.057499, -37.702269], [145.045186, -37.713387], [145.042536, -37.717648], [145.034782, -37.720934], [145.034873, -37.721999], [145.034782, -37.723025], [145.035353, -37.723363], [145.036431, -37.723934], [145.036821, -37.724636], [145.03747, -37.725311], [145.037951, -37.72635], [145.038419, -37.726753], [145.038912, -37.727025], [145.038691, -37.727246], [145.038211, -37.727831], [145.038458, -37.728337], [145.039367, -37.728363], [145.040042, -37.729052], [145.040315, -37.730286], [145.039678, -37.730208], [145.03838, -37.730156], [145.038847, -37.730896], [145.03964, -37.731546], [145.04025, -37.732429], [145.039601, -37.732948], [145.038445, -37.733689], [145.037912, -37.734364], [145.037042, -37.734988], [145.035626, -37.735117], [145.034561, -37.735091], [145.033886, -37.735325], [145.033756, -37.736234], [145.033431, -37.736832], [145.032794, -37.737248], [145.032197, -37.737962], [145.032366, -37.739144], [145.032769, -37.740027], [145.032781, -37.740858], [145.033353, -37.74156], [145.034028, -37.742014], [145.034652, -37.742872], [145.035016, -37.743781], [145.034548, -37.744391], [145.033522, -37.745093], [145.033665, -37.745742], [145.035106, -37.74569], [145.035808, -37.745846], [145.03586, -37.746911], [145.035769, -37.747678], [145.03508, -37.748158], [145.033989, -37.748587], [145.033405, -37.748898], [145.032457, -37.749626], [145.031716, -37.750587], [145.0316, -37.751626], [145.031833, -37.752561], [145.031638, -37.753042], [145.03121, -37.753782], [145.030807, -37.754873], [145.031106, -37.755679], [145.031742, -37.756042], [145.03221, -37.756692], [145.031742, -37.757211], [145.030885, -37.757458], [145.029547, -37.757575], [145.029171, -37.758185], [145.029482, -37.759224], [145.030028, -37.760355], [145.029145, -37.760835], [145.028313, -37.761731], [145.027976, -37.762978], [145.028015, -37.7639], [145.028846, -37.764446], [145.030041, -37.764836], [145.030716, -37.765186], [145.031197, -37.766173], [145.031119, -37.76655], [145.031392, -37.767174], [145.031522, -37.767771], [145.031379, -37.768459], [145.031561, -37.768888], [145.032015, -37.770369], [145.032639, -37.770914], [145.033431, -37.771109], [145.034457, -37.771122], [145.035055, -37.770875], [145.036029, -37.770525], [145.036665, -37.771421], [145.036198, -37.772707], [145.035158, -37.772577], [145.03421, -37.772304], [145.034236, -37.772759], [145.034652, -37.773538], [145.035171, -37.774304], [145.035782, -37.774863], [145.035847, -37.775421], [145.035301, -37.77585], [145.03486, -37.776396], [145.034964, -37.776941], [145.034964, -37.777578], [145.03486, -37.778058], [145.034522, -37.778785], [145.035691, -37.778902], [145.03647, -37.77911], [145.036691, -37.779565], [145.037665, -37.779162], [145.038471, -37.779162], [145.038471, -37.779902], [145.038003, -37.780604], [145.038068, -37.781071], [145.037678, -37.78163], [145.036847, -37.781448], [145.036938, -37.782111], [145.037704, -37.782552], [145.037977, -37.783357], [145.038743, -37.783539], [145.039614, -37.783942], [145.040393, -37.784007], [145.040951, -37.783098]]]}}, {"type": "Feature", "properties": {"index": "KOOY", "division": "Kooyong", "state": "Victoria", "year": "1994", "proclaimed": "19941220", "quota": "0", "electors": "0", "deviation": ""}, "geometry": {"type": "Polygon", "coordinates": [[[145.099946, -37.826415], [145.098933, -37.826077], [145.099037, -37.825298], [145.098543, -37.824311], [145.100206, -37.823765], [145.100492, -37.820336], [145.100829, -37.818206], [145.10205, -37.814621], [145.102414, -37.812024], [145.101609, -37.811582], [145.102518, -37.810699], [145.102544, -37.809608], [145.103453, -37.808439], [145.103609, -37.80714], [145.104466, -37.803035], [145.104466, -37.80288], [145.103973, -37.801788], [145.104544, -37.800645], [145.103479, -37.798411], [145.103635, -37.796723], [145.105635, -37.794749], [145.106544, -37.793761], [145.105713, -37.793138], [145.106233, -37.792333], [145.106337, -37.791969], [145.104076, -37.790397], [145.102076, -37.788215], [145.100414, -37.785695], [145.099556, -37.783565], [145.098517, -37.781591], [145.09501, -37.77998], [145.085918, -37.780006], [145.083009, -37.779617], [145.081424, -37.778993], [145.080489, -37.77785], [145.077787, -37.776941], [145.075787, -37.778032], [145.0748, -37.779747], [145.073579, -37.779617], [145.071683, -37.779617], [145.071267, -37.780552], [145.070488, -37.781123], [145.067578, -37.781149], [145.066929, -37.781227], [145.067072, -37.781851], [145.067773, -37.782604], [145.067344, -37.783539], [145.066214, -37.783565], [145.065019, -37.783059], [145.064279, -37.782591], [145.064474, -37.781773], [145.063889, -37.781461], [145.062902, -37.781396], [145.061837, -37.780903], [145.061084, -37.780045], [145.060162, -37.780149], [145.059006, -37.781084], [145.057551, -37.781305], [145.055953, -37.782163], [145.055174, -37.782227], [145.055226, -37.7815], [145.054382, -37.781253], [145.053784, -37.782137], [145.053369, -37.783539], [145.053784, -37.78415], [145.055005, -37.783981], [145.055733, -37.784111], [145.054875, -37.78502], [145.053278, -37.784617], [145.051849, -37.7835], [145.051563, -37.78202], [145.050303, -37.781552], [145.048745, -37.781084], [145.047654, -37.780864], [145.04755, -37.780058], [145.046082, -37.780734], [145.0449, -37.780188], [145.044731, -37.780968], [145.043614, -37.780474], [145.043185, -37.781487], [145.041926, -37.78202], [145.040951, -37.783098], [145.040393, -37.784007], [145.041601, -37.78502], [145.043146, -37.784747], [145.044315, -37.784189], [145.045095, -37.784189], [145.044523, -37.785267], [145.043653, -37.786397], [145.0429, -37.786994], [145.042016, -37.78667], [145.04138, -37.786202], [145.041068, -37.786748], [145.041549, -37.787605], [145.041744, -37.788332], [145.040523, -37.789956], [145.036522, -37.79006], [145.031561, -37.79019], [145.02969, -37.788891], [145.028495, -37.787384], [145.025638, -37.787033], [145.023871, -37.786436], [145.022507, -37.786397], [145.021105, -37.787007], [145.018962, -37.786748], [145.015286, -37.786215], [145.014013, -37.786371], [145.015078, -37.787709], [145.01765, -37.789189], [145.018598, -37.790242], [145.019728, -37.792411], [145.019078, -37.793346], [145.017351, -37.793034], [145.014299, -37.792515], [145.01426, -37.793696], [145.01587, -37.794827], [145.017832, -37.795034], [145.01891, -37.795684], [145.01839, -37.797139], [145.02039, -37.798307], [145.020676, -37.799165], [145.018832, -37.799658], [145.019923, -37.800905], [145.021274, -37.80262], [145.020598, -37.803815], [145.017715, -37.803243], [145.015221, -37.802178], [145.013922, -37.800048], [145.012129, -37.79945], [145.009246, -37.79984], [145.006986, -37.799191], [145.009791, -37.797736], [145.010363, -37.795918], [145.008545, -37.79571], [145.006934, -37.79732], [145.004544, -37.797684], [145.00444, -37.796697], [145.003037, -37.79597], [145.001998, -37.796853], [145.000128, -37.797216], [145.000024, -37.798463], [145.002778, -37.799191], [145.005583, -37.800749], [145.007817, -37.802412], [145.008025, -37.804178], [145.004596, -37.805217], [145.001583, -37.804386], [145.000076, -37.805737], [145.001271, -37.806828], [145.005323, -37.806724], [145.008285, -37.806828], [145.009376, -37.808543], [145.009324, -37.81066], [145.014, -37.810725], [145.01587, -37.811192], [145.014623, -37.815011], [145.015247, -37.819947], [145.015714, -37.82322], [145.016857, -37.82535], [145.018987, -37.826025], [145.021689, -37.825921], [145.022832, -37.827168], [145.023767, -37.828519], [145.025534, -37.829662], [145.027456, -37.831377], [145.027092, -37.832728], [145.025534, -37.833663], [145.024339, -37.834182], [145.026833, -37.836312], [145.029534, -37.837767], [145.03234, -37.837663], [145.035145, -37.837871], [145.037016, -37.838495], [145.038263, -37.839949], [145.039769, -37.841975], [145.040133, -37.844469], [145.040601, -37.846599], [145.042627, -37.847535], [145.046056, -37.84873], [145.05068, -37.85086], [145.052706, -37.851743], [145.056447, -37.831377], [145.06928, -37.832831], [145.069514, -37.834312], [145.078476, -37.848496], [145.095504, -37.85034], [145.099946, -37.826415]]]}}, {"type": "Feature", "properties": {"index": "LTRB", "division": "La Trobe", "state": "Victoria", "year": "1994", "proclaimed": "19941220", "quota": "0", "electors": "0", "deviation": ""}, "geometry": {"type": "Polygon", "coordinates": [[[145.50795, -37.807068], [145.505249, -37.808407], [145.502701, -37.808624], [145.501312, -37.808487], [145.500717, -37.809135], [145.500153, -37.810265], [145.498077, -37.812416], [145.493622, -37.814716], [145.492218, -37.816757], [145.489395, -37.819588], [145.488281, -37.822186], [145.482941, -37.827847], [145.48085, -37.830906], [145.481293, -37.833935], [145.479446, -37.834957], [145.47818, -37.836208], [145.478226, -37.840595], [145.479538, -37.844307], [145.479996, -37.848476], [145.475754, -37.851086], [145.474792, -37.853458], [145.473099, -37.855835], [145.471115, -37.856968], [145.468842, -37.856647], [145.468536, -37.854057], [145.467529, -37.853275], [145.465973, -37.853275], [145.456589, -37.856709], [145.45694, -37.859745], [145.456238, -37.861107], [145.456253, -37.862797], [145.456833, -37.864819], [145.457153, -37.868416], [145.456604, -37.871128], [145.456741, -37.871796], [145.458328, -37.873257], [145.458344, -37.874386], [145.457199, -37.875408], [145.457077, -37.876415], [145.458023, -37.877808], [145.457092, -37.879349], [145.451874, -37.882526], [145.4505, -37.882816], [145.447906, -37.885246], [145.446793, -37.888077], [145.443993, -37.891437], [145.441111, -37.892108], [145.439401, -37.893448], [145.439401, -37.894856], [145.440055, -37.895811], [145.44044, -37.896867], [145.441111, -37.897152], [145.442351, -37.899766], [145.442853, -37.900973], [145.443021, -37.902548], [145.442468, -37.903905], [145.441865, -37.904944], [145.441781, -37.905732], [145.441496, -37.906804], [145.441446, -37.907743], [145.441647, -37.908497], [145.439787, -37.910105], [145.439636, -37.91086], [145.439485, -37.91148], [145.438848, -37.912502], [145.43858, -37.913826], [145.43858, -37.914597], [145.423314, -37.91287], [145.421638, -37.913256], [145.41775, -37.91215], [145.414399, -37.909217], [145.409723, -37.907005], [145.408131, -37.905614], [145.405199, -37.904609], [145.40225, -37.902045], [145.398965, -37.902866], [145.39677, -37.90119], [145.395781, -37.899799], [145.394541, -37.898895], [145.391843, -37.898794], [145.389832, -37.896984], [145.388341, -37.895861], [145.387268, -37.894202], [145.385877, -37.892828], [145.384134, -37.891923], [145.381805, -37.891069], [145.38023, -37.890231], [145.378638, -37.88755], [145.374834, -37.8877], [145.372689, -37.886259], [145.371248, -37.885254], [145.366723, -37.883746], [145.363372, -37.884382], [145.360791, -37.885522], [145.358948, -37.885589], [145.359182, -37.88388], [145.360221, -37.882372], [145.360288, -37.881131], [145.358948, -37.879221], [145.359249, -37.877579], [145.362065, -37.873406], [145.364059, -37.874445], [145.365567, -37.874646], [145.367645, -37.875702], [145.369337, -37.875719], [145.371348, -37.876557], [145.371147, -37.87473], [145.371063, -37.873138], [145.37051, -37.871714], [145.370645, -37.86987], [145.370645, -37.868446], [145.370125, -37.866837], [145.36979, -37.865011], [145.37036, -37.863519], [145.370678, -37.861843], [145.371332, -37.860721], [145.371164, -37.859346], [145.370309, -37.85824], [145.369572, -37.857419], [145.37041, -37.855995], [145.372186, -37.855609], [145.373694, -37.855258], [145.373091, -37.854051], [145.370812, -37.853984], [145.369254, -37.854302], [145.368801, -37.853632], [145.368868, -37.85204], [145.369907, -37.851185], [145.37098, -37.850012], [145.372119, -37.84904], [145.371114, -37.844466], [145.369488, -37.843527], [145.368701, -37.841667], [145.368516, -37.83788], [145.369371, -37.836992], [145.36788, -37.835651], [145.367645, -37.83483], [145.369153, -37.834495], [145.369857, -37.834143], [145.369153, -37.83359], [145.367829, -37.832936], [145.366706, -37.831495], [145.36483, -37.82744], [145.361746, -37.823049], [145.357641, -37.825245], [145.355479, -37.829367], [145.355429, -37.830557], [145.353267, -37.831428], [145.350368, -37.833556], [145.347268, -37.832434], [145.333727, -37.83183], [145.325717, -37.84651], [145.324402, -37.84697], [145.31813, -37.846077], [145.312576, -37.84161], [145.305466, -37.84063], [145.303345, -37.839958], [145.295776, -37.834808], [145.294205, -37.834248], [145.287295, -37.833117], [145.284593, -37.833013], [145.281086, -37.832961], [145.279788, -37.835143], [145.277995, -37.835975], [145.275553, -37.835455], [145.272774, -37.836079], [145.271137, -37.836227], [145.271423, -37.837403], [145.266747, -37.860316], [145.265396, -37.863693], [145.263058, -37.865615], [145.257499, -37.876006], [145.28145, -37.883903], [145.287269, -37.88941], [145.294595, -37.8971], [145.294491, -37.899801], [145.296309, -37.903542], [145.277138, -37.917414], [145.281035, -37.922765], [145.29953, -37.931338], [145.292957, -37.963593], [145.296047, -37.964476], [145.30512, -37.966448], [145.316733, -37.967632], [145.315476, -37.973155], [145.313996, -37.977593], [145.311876, -37.979417], [145.310397, -37.981192], [145.310199, -37.983263], [145.311629, -37.985581], [145.313355, -37.986814], [145.314194, -37.989625], [145.308079, -38.01936], [145.307832, -38.022614], [145.306649, -38.025573], [145.306107, -38.028088], [145.306107, -38.030109], [145.305318, -38.035238], [145.298241, -38.069707], [145.335236, -38.074415], [145.376392, -38.079576], [145.378621, -38.080313], [145.37971, -38.081671], [145.379794, -38.083631], [145.380716, -38.085005], [145.381537, -38.085944], [145.381085, -38.087217], [145.381034, -38.088206], [145.381772, -38.08948], [145.38261, -38.089714], [145.382408, -38.09072], [145.38328, -38.091541], [145.384151, -38.091843], [145.384721, -38.092697], [145.384872, -38.093552], [145.387687, -38.094189], [145.388626, -38.094021], [145.390385, -38.094909], [145.391726, -38.09635], [145.392966, -38.097406], [145.394206, -38.097725], [145.394977, -38.098412], [145.396451, -38.099384], [145.397976, -38.100238], [145.398663, -38.101612], [145.398345, -38.104277], [145.400356, -38.107813], [145.400591, -38.109941], [145.400423, -38.110963], [145.399283, -38.113393], [145.400423, -38.116108], [145.401546, -38.118068], [145.40044, -38.120967], [145.400909, -38.123682], [145.402132, -38.125777], [145.404445, -38.127587], [145.407042, -38.131324], [145.410059, -38.132865], [145.417248, -38.136519], [145.425392, -38.140809], [145.424303, -38.14607], [145.448776, -38.148678], [145.453644, -38.124809], [145.452728, -38.119637], [145.452286, -38.118629], [145.451675, -38.115589], [145.453964, -38.115459], [145.455658, -38.11364], [145.456343, -38.111751], [145.455539, -38.108902], [145.455292, -38.108128], [145.452576, -38.107018], [145.451263, -38.105568], [145.450176, -38.103171], [145.449356, -38.101418], [145.449171, -38.097641], [145.449417, -38.09499], [145.451081, -38.092245], [145.452484, -38.089787], [145.452154, -38.087284], [145.452422, -38.086413], [145.452489, -38.084436], [145.45269, -38.083497], [145.452925, -38.080782], [145.453729, -38.078503], [145.455304, -38.076124], [145.456343, -38.074046], [145.457081, -38.072906], [145.458555, -38.071365], [145.459527, -38.069991], [145.461487, -38.068867], [145.463837, -38.063328], [145.465694, -38.061444], [145.465962, -38.06007], [145.466331, -38.059065], [145.465761, -38.057992], [145.466314, -38.056785], [145.466901, -38.055964], [145.468277, -38.054398], [145.467789, -38.053534], [145.467554, -38.052797], [145.468375, -38.05144], [145.468933, -38.050449], [145.469213, -38.049278], [145.468074, -38.048641], [145.466649, -38.048474], [145.465979, -38.048239], [145.466582, -38.047301], [145.466264, -38.047049], [145.465191, -38.046362], [145.464605, -38.045407], [145.463968, -38.043765], [145.46313, -38.041603], [145.462936, -38.037426], [145.464188, -38.035496], [145.461304, -38.032936], [145.459305, -38.031826], [145.458817, -38.027779], [145.457245, -38.026997], [145.45694, -38.025417], [145.459846, -38.0227], [145.46184, -38.020974], [145.463432, -38.020555], [145.465007, -38.020874], [145.466843, -38.020386], [145.46871, -38.019097], [145.469716, -38.018427], [145.472598, -38.015746], [145.474224, -38.015779], [145.478162, -38.015444], [145.479653, -38.014238], [145.48024, -38.012344], [145.480508, -38.010903], [145.481161, -38.008238], [145.481983, -38.006362], [145.481714, -38.004971], [145.481011, -38.003814], [145.483089, -38.001485], [145.484027, -37.999977], [145.485183, -37.998821], [145.486842, -37.998603], [145.487915, -37.998821], [145.488736, -37.99743], [145.489959, -37.997128], [145.491199, -37.996961], [145.492255, -37.99624], [145.493948, -37.999206], [145.500349, -38.000161], [145.503315, -38.001619], [145.504941, -38.002172], [145.506717, -38.004133], [145.507471, -38.004954], [145.508058, -38.006026], [145.508091, -38.007719], [145.508024, -38.009663], [145.509733, -38.010149], [145.510471, -38.010568], [145.511593, -38.011355], [145.512347, -38.012076], [145.51285, -38.011707], [145.512498, -38.010836], [145.512331, -38.009663], [145.513554, -38.008557], [145.514241, -38.008138], [145.514342, -38.005842], [145.514325, -38.00539], [145.517174, -38.005289], [145.518431, -38.004384], [145.519134, -38.002809], [145.5221, -38.002775], [145.521363, -38.000982], [145.521983, -37.999608], [145.523676, -37.999323], [145.526742, -37.998553], [145.527798, -37.996625], [145.530697, -37.996391], [145.530094, -37.991849], [145.530814, -37.991296], [145.529993, -37.990023], [145.529608, -37.988515], [145.530496, -37.987844], [145.528686, -37.986185], [145.526977, -37.984426], [145.5282, -37.983672], [145.52748, -37.982381], [145.52634, -37.981158], [145.525335, -37.980421], [145.525553, -37.978292], [145.525988, -37.976801], [145.526273, -37.97541], [145.526457, -37.973517], [145.530513, -37.97531], [145.532725, -37.978829], [145.534334, -37.97898], [145.535289, -37.98089], [145.546852, -37.986688], [145.55156, -37.987559], [145.550203, -37.985951], [145.550522, -37.984895], [145.552868, -37.984275], [145.556186, -37.984459], [145.559755, -37.984191], [145.558565, -37.981259], [145.584724, -37.981879], [145.586534, -37.983135], [145.589198, -37.984174], [145.590891, -37.984057], [145.594443, -37.983001], [145.596169, -37.982298], [145.597091, -37.975276], [145.595114, -37.973835], [145.595281, -37.972964], [145.601448, -37.963613], [145.609492, -37.961669], [145.615122, -37.962875], [145.617066, -37.961166], [145.617502, -37.951212], [145.629567, -37.949201], [145.627054, -37.941526], [145.611201, -37.937806], [145.607917, -37.939113], [145.605202, -37.936566], [145.598298, -37.938041], [145.594678, -37.93613], [145.59203, -37.938845], [145.588612, -37.938644], [145.585696, -37.933382], [145.594075, -37.930265], [145.595516, -37.923897], [145.601515, -37.92135], [145.607581, -37.916959], [145.609894, -37.919238], [145.617435, -37.919305], [145.622027, -37.91515], [145.625043, -37.916859], [145.62759, -37.913742], [145.625814, -37.911966], [145.625278, -37.911061], [145.626149, -37.902179], [145.603358, -37.901576], [145.603593, -37.898224], [145.590287, -37.896817], [145.587448, -37.897976], [145.585602, -37.897076], [145.58432, -37.896957], [145.575226, -37.898296], [145.574661, -37.899315], [145.568134, -37.897386], [145.567413, -37.896824], [145.56842, -37.895027], [145.56813, -37.893677], [145.564148, -37.887806], [145.563309, -37.887474], [145.56189, -37.885326], [145.560962, -37.881902], [145.559118, -37.880394], [145.556135, -37.879422], [145.554325, -37.877512], [145.553238, -37.875736], [145.552811, -37.874275], [145.551544, -37.873257], [145.545441, -37.872017], [145.54187, -37.872456], [145.539612, -37.870766], [145.537766, -37.868057], [145.532654, -37.866806], [145.531235, -37.867374], [145.529678, -37.866127], [145.529099, -37.863766], [145.526809, -37.861357], [145.524994, -37.860718], [145.522318, -37.860151], [145.519704, -37.858877], [145.518188, -37.857887], [145.51506, -37.856865], [145.511932, -37.857086], [145.509369, -37.856075], [145.505829, -37.853477], [145.503845, -37.851105], [145.499542, -37.849617], [145.49675, -37.846355], [145.494903, -37.8446], [145.494583, -37.843216], [145.496826, -37.840267], [145.498053, -37.837427], [145.498589, -37.835048], [145.498184, -37.832947], [145.499494, -37.830423], [145.500687, -37.827297], [145.500809, -37.825947], [145.501036, -37.823619], [145.50107, -37.820971], [145.50107, -37.818257], [145.501205, -37.816376], [145.502808, -37.816517], [145.503799, -37.814827], [145.504857, -37.813497], [145.507217, -37.811565], [145.508652, -37.807068], [145.50795, -37.807068]]]}}, {"type": "Feature", "properties": {"index": "LALR", "division": "Lalor", "state": "Victoria", "year": "1994", "proclaimed": "19941220", "quota": "0", "electors": "0", "deviation": ""}, "geometry": {"type": "Polygon", "coordinates": [[[144.591845, -38.005271], [144.591578, -38.004446], [144.598826, -38.003861], [144.605831, -38.001866], [144.623074, -38.000136], [144.633063, -38.001827], [144.634532, -38.001286], [144.639915, -38.002063], [144.651639, -38.001638], [144.659015, -37.994875], [144.678595, -37.981547], [144.679654, -37.979964], [144.688341, -37.973636], [144.691322, -37.974701], [144.694195, -37.974496], [144.699239, -37.97311], [144.70006, -37.971937], [144.702368, -37.97116], [144.707922, -37.965071], [144.714143, -37.961367], [144.721605, -37.954777], [144.721299, -37.95357], [144.723354, -37.951443], [144.729215, -37.948736], [144.735586, -37.943135], [144.741574, -37.941089], [144.741404, -37.940569], [144.744038, -37.939266], [144.753646, -37.939152], [144.761028, -37.937347], [144.769531, -37.931218], [144.773836, -37.929182], [144.781368, -37.92764], [144.792834, -37.927342], [144.796078, -37.923861], [144.79917, -37.92317], [144.797013, -37.917642], [144.796732, -37.912194], [144.798231, -37.907707], [144.797479, -37.907387], [144.79795, -37.905305], [144.801304, -37.899249], [144.80103, -37.898496], [144.807636, -37.891284], [144.808557, -37.885543], [144.808174, -37.884643], [144.808197, -37.886924], [144.807488, -37.887451], [144.808455, -37.881675], [144.807735, -37.880643], [144.81439, -37.875144], [144.819566, -37.872528], [144.825186, -37.870944], [144.840431, -37.871444], [144.84242, -37.869492], [144.845644, -37.868205], [144.850369, -37.863943], [144.856185, -37.863435], [144.861666, -37.859841], [144.86112, -37.860708], [144.867208, -37.85908], [144.866867, -37.858844], [144.865509, -37.858375], [144.863681, -37.858055], [144.862325, -37.857855], [144.86075, -37.857822], [144.859125, -37.857721], [144.857885, -37.857403], [144.856091, -37.856615], [144.855019, -37.856146], [144.854025, -37.855914], [144.852995, -37.856195], [144.852086, -37.856883], [144.850126, -37.856682], [144.849254, -37.856297], [144.848132, -37.85576], [144.846774, -37.855492], [144.846037, -37.855542], [144.845232, -37.855861], [144.844529, -37.855408], [144.843624, -37.85504], [144.842216, -37.855124], [144.840801, -37.854787], [144.839451, -37.85447], [144.838412, -37.853867], [144.837742, -37.853213], [144.838194, -37.852174], [144.83863, -37.851185], [144.838177, -37.850431], [144.837172, -37.84899], [144.836569, -37.848152], [144.834977, -37.846577], [144.834429, -37.845673], [144.834093, -37.844757], [144.834524, -37.844198], [144.835379, -37.84351], [144.835681, -37.842773], [144.835295, -37.842388], [144.834675, -37.841449], [144.83439, -37.84036], [144.834306, -37.839975], [144.834407, -37.838802], [144.834843, -37.838433], [144.835982, -37.837964], [144.837021, -37.837461], [144.837172, -37.836874], [144.837256, -37.836037], [144.837122, -37.834998], [144.836803, -37.834109], [144.836435, -37.833137], [144.835714, -37.832584], [144.835312, -37.832082], [144.834524, -37.831428], [144.833854, -37.830875], [144.833402, -37.830607], [144.832698, -37.830758], [144.831977, -37.830406], [144.831676, -37.829501], [144.83129, -37.829266], [144.830536, -37.829317], [144.829463, -37.829333], [144.828642, -37.82925], [144.828288, -37.828914], [144.827821, -37.827842], [144.827503, -37.826954], [144.827278, -37.826521], [144.826563, -37.825229], [144.826916, -37.824876], [144.827386, -37.824926], [144.827939, -37.825211], [144.828357, -37.824591], [144.828089, -37.823485], [144.827593, -37.822899], [144.826967, -37.822111], [144.82643, -37.821508], [144.825894, -37.820821], [144.825517, -37.820226], [144.825291, -37.81896], [144.825525, -37.818273], [144.825978, -37.817234], [144.826983, -37.816765], [144.827821, -37.816397], [144.828592, -37.815776], [144.828827, -37.814939], [144.828685, -37.814358], [144.82814, -37.813246], [144.828408, -37.812425], [144.828626, -37.811922], [144.829053, -37.811194], [144.83, -37.810766], [144.830838, -37.810347], [144.83129, -37.80961], [144.831877, -37.808856], [144.833066, -37.807716], [144.834089, -37.806912], [144.83465, -37.805873], [144.834189, -37.805102], [144.833737, -37.804029], [144.832949, -37.80284], [144.832375, -37.801598], [144.83173, -37.80113], [144.83038, -37.80121], [144.830117, -37.800678], [144.829899, -37.79984], [144.830478, -37.799353], [144.831124, -37.799259], [144.832076, -37.798864], [144.832614, -37.798281], [144.831826, -37.797527], [144.830804, -37.796974], [144.829608, -37.797566], [144.82891, -37.798056], [144.827721, -37.799086], [144.826766, -37.799404], [144.825492, -37.799672], [144.824436, -37.800142], [144.823163, -37.800762], [144.822124, -37.801197], [144.821671, -37.800577], [144.8214, -37.79981], [144.821031, -37.799431], [144.821085, -37.798868], [144.821403, -37.798114], [144.822341, -37.797745], [144.822224, -37.797041], [144.82161, -37.796362], [144.821909, -37.7956], [144.822132, -37.79506], [144.82271, -37.79488], [144.822962, -37.794528], [144.823509, -37.79386], [144.824336, -37.793606], [144.825341, -37.793606], [144.82615, -37.793352], [144.826213, -37.792416], [144.825676, -37.791796], [144.82581, -37.791327], [144.826347, -37.790791], [144.826145, -37.790104], [144.825844, -37.789098], [144.825157, -37.78826], [144.817877, -37.79053], [144.811643, -37.788613], [144.791041, -37.786365], [144.787586, -37.813648], [144.768843, -37.811999], [144.677718, -37.803005], [144.669614, -37.84623], [144.666762, -37.860824], [144.648552, -37.859193], [144.647079, -37.866885], [144.646607, -37.866295], [144.643537, -37.866871], [144.638743, -37.865603], [144.635795, -37.867709], [144.633784, -37.864692], [144.631907, -37.863083], [144.62945, -37.86097], [144.627148, -37.860871], [144.624875, -37.860482], [144.623026, -37.859028], [144.623038, -37.858232], [144.624668, -37.857788], [144.625175, -37.857073], [144.624901, -37.856646], [144.62533, -37.855745], [144.624068, -37.855142], [144.624031, -37.8538], [144.622892, -37.851755], [144.621519, -37.851299], [144.619674, -37.851722], [144.619037, -37.850079], [144.618034, -37.848494], [144.617127, -37.847097], [144.617305, -37.845125], [144.617811, -37.843478], [144.616758, -37.842673], [144.613914, -37.841851], [144.610826, -37.840628], [144.609284, -37.838986], [144.609821, -37.837545], [144.61068, -37.836291], [144.609385, -37.835366], [144.60811, -37.83551], [144.606235, -37.834011], [144.604647, -37.833326], [144.603236, -37.832526], [144.602916, -37.830842], [144.603888, -37.829736], [144.60381, -37.82756], [144.600972, -37.826652], [144.598698, -37.825586], [144.596889, -37.824343], [144.59605, -37.82471], [144.59504, -37.82417], [144.59422, -37.82511], [144.59143, -37.82527], [144.588931, -37.824288], [144.590482, -37.823837], [144.59148, -37.82227], [144.589745, -37.818139], [144.587901, -37.816095], [144.586799, -37.818274], [144.586027, -37.819372], [144.584585, -37.819088], [144.584035, -37.820132], [144.581207, -37.820512], [144.579375, -37.820186], [144.57572, -37.819719], [144.572877, -37.818681], [144.573796, -37.816725], [144.576607, -37.816598], [144.57837, -37.815697], [144.577696, -37.81395], [144.577327, -37.81241], [144.57689, -37.809854], [144.577411, -37.80718], [144.581735, -37.801851], [144.578919, -37.799069], [144.583645, -37.79498], [144.586326, -37.79307], [144.590721, -37.789686], [144.589075, -37.787573], [144.588002, -37.786166], [144.591018, -37.784155], [144.58914, -37.78162], [144.58542, -37.77995], [144.58368, -37.77746], [144.58268, -37.77528], [144.579824, -37.773832], [144.578752, -37.770413], [144.579623, -37.765922], [144.579958, -37.763576], [144.580092, -37.761431], [144.58143, -37.75906], [144.582603, -37.757608], [144.579623, -37.75627], [144.577853, -37.754201], [144.576674, -37.75198], [144.576607, -37.749232], [144.575915, -37.747031], [144.57271, -37.746456], [144.568329, -37.742126], [144.566251, -37.739646], [144.565, -37.73602], [144.56441, -37.73405], [144.563569, -37.731804], [144.561994, -37.730094], [144.561156, -37.728352], [144.560151, -37.725838], [144.55871, -37.724397], [144.556464, -37.722721], [144.554252, -37.722352], [144.553146, -37.722822], [144.551236, -37.722185], [144.5478, -37.72061], [144.545169, -37.721112], [144.54292, -37.72108], [144.54218, -37.72009], [144.540142, -37.720911], [144.536522, -37.720911], [144.539472, -37.720408], [144.540477, -37.719168], [144.540142, -37.717292], [144.539665, -37.716866], [144.538098, -37.715247], [144.536858, -37.714108], [144.536321, -37.712499], [144.536656, -37.711829], [144.536489, -37.710421], [144.534545, -37.709147], [144.532769, -37.707673], [144.52709, -37.70922], [144.52425, -37.70966], [144.522144, -37.70955], [144.520267, -37.709281], [144.517553, -37.709013], [144.515374, -37.707874], [144.509643, -37.708611], [144.500292, -37.708544], [144.4977, -37.7068], [144.495835, -37.704623], [144.493254, -37.704489], [144.49058, -37.7057], [144.47768, -37.78101], [144.40449, -37.77321], [144.401355, -37.776279], [144.40017, -37.77774], [144.40045, -37.779463], [144.399914, -37.781507], [144.399579, -37.782512], [144.399344, -37.784691], [144.39978, -37.78606], [144.400417, -37.789819], [144.399009, -37.79431], [144.400953, -37.796757], [144.404706, -37.798734], [144.406218, -37.801529], [144.406531, -37.804368], [144.404539, -37.805504], [144.405243, -37.806845], [144.406717, -37.808889], [144.407756, -37.809425], [144.408818, -37.80845], [144.410136, -37.809505], [144.411958, -37.809864], [144.413186, -37.809392], [144.415498, -37.809962], [144.416806, -37.811269], [144.416537, -37.814721], [144.415632, -37.815693], [144.414822, -37.816553], [144.416336, -37.817771], [144.417007, -37.818944], [144.417632, -37.819602], [144.419116, -37.819833], [144.420191, -37.820888], [144.419989, -37.822429], [144.419749, -37.823356], [144.420904, -37.82425], [144.420961, -37.825154], [144.419353, -37.82625], [144.41818, -37.827121], [144.419353, -37.828563], [144.419973, -37.830128], [144.419788, -37.832383], [144.421129, -37.833556], [144.422979, -37.833876], [144.423068, -37.835302], [144.42247, -37.836472], [144.421907, -37.838489], [144.422034, -37.839723], [144.422671, -37.840259], [144.422705, -37.841452], [144.422034, -37.842773], [144.421665, -37.844717], [144.421931, -37.846708], [144.423408, -37.848404], [144.424669, -37.848983], [144.42524, -37.850446], [144.425788, -37.85142], [144.427411, -37.851534], [144.428233, -37.852461], [144.428368, -37.854436], [144.429206, -37.856347], [144.430343, -37.858184], [144.431404, -37.857439], [144.431519, -37.856179], [144.43266, -37.855621], [144.433965, -37.854839], [144.43544, -37.855542], [144.435876, -37.85695], [144.437216, -37.857084], [144.438289, -37.858358], [144.441305, -37.860302], [144.441774, -37.861307], [144.441808, -37.862111], [144.442512, -37.863486], [144.444288, -37.864156], [144.446064, -37.864223], [144.446936, -37.865362], [144.447237, -37.866368], [144.447305, -37.867239], [144.448813, -37.868345], [144.450019, -37.868144], [144.450891, -37.867574], [144.45327, -37.867474], [144.454443, -37.867809], [144.454678, -37.869083], [144.454778, -37.869887], [144.455784, -37.870423], [144.456045, -37.871155], [144.457225, -37.872531], [144.458583, -37.874119], [144.460811, -37.874043], [144.463023, -37.875551], [144.463895, -37.876925], [144.464062, -37.877763], [144.465604, -37.878936], [144.466945, -37.880847], [144.467749, -37.881785], [144.469324, -37.883628], [144.470899, -37.883528], [144.472106, -37.88269], [144.472743, -37.88336], [144.47281, -37.884801], [144.471838, -37.886097], [144.471774, -37.887486], [144.473413, -37.888421], [144.474318, -37.886913], [144.475695, -37.887122], [144.477234, -37.887282], [144.478574, -37.88822], [144.480619, -37.889829], [144.48085, -37.890881], [144.480451, -37.892041], [144.480518, -37.893348], [144.479781, -37.895191], [144.481524, -37.896331], [144.481725, -37.897604], [144.48149, -37.898945], [144.481658, -37.900051], [144.482797, -37.90119], [144.483334, -37.90233], [144.484364, -37.902658], [144.484373, -37.903738], [144.484741, -37.905212], [144.484741, -37.906586], [144.484439, -37.907788], [144.484434, -37.90929], [144.482764, -37.909134], [144.481691, -37.909536], [144.48025, -37.90977], [144.478273, -37.910508], [144.478675, -37.911781], [144.478581, -37.914107], [144.478407, -37.915535], [144.477234, -37.916306], [144.476849, -37.917086], [144.477621, -37.91806], [144.477262, -37.919291], [144.476967, -37.920235], [144.477904, -37.922037], [144.481122, -37.921903], [144.482328, -37.92321], [144.481021, -37.923914], [144.480217, -37.924618], [144.480078, -37.926523], [144.478407, -37.927701], [144.47663, -37.927701], [144.475524, -37.928405], [144.476262, -37.929209], [144.476999, -37.930315], [144.477234, -37.932259], [144.476061, -37.9337], [144.47437, -37.933923], [144.474854, -37.935812], [144.476161, -37.936314], [144.477455, -37.937202], [144.479077, -37.938728], [144.477234, -37.939733], [144.476548, -37.941116], [144.477971, -37.942079], [144.479676, -37.94252], [144.480164, -37.943404], [144.481376, -37.94442], [144.480024, -37.944686], [144.478329, -37.944517], [144.477401, -37.945833], [144.479171, -37.948058], [144.480317, -37.949721], [144.48092, -37.951296], [144.483132, -37.952569], [144.484643, -37.953637], [144.485705, -37.955164], [144.487322, -37.956323], [144.488693, -37.958666], [144.489634, -37.960848], [144.49198, -37.961619], [144.493857, -37.962691], [144.495701, -37.963864], [144.496694, -37.964883], [144.495567, -37.966311], [144.495164, -37.967651], [144.495322, -37.971684], [144.495851, -37.974321], [144.499387, -37.974455], [144.504716, -37.97422], [144.507062, -37.973986], [144.50862, -37.974545], [144.509107, -37.976399], [144.509073, -37.978209], [144.510514, -37.978276], [144.511352, -37.977941], [144.512928, -37.978946], [144.51472, -37.979708], [144.516246, -37.979382], [144.517452, -37.980488], [144.519497, -37.98089], [144.520904, -37.980119], [144.52246, -37.98003], [144.523284, -37.978242], [144.522982, -37.976332], [144.524155, -37.973852], [144.526501, -37.973718], [144.528445, -37.972813], [144.531026, -37.971874], [144.533573, -37.970768], [144.535953, -37.972243], [144.537796, -37.971975], [144.541349, -37.971472], [144.543494, -37.971372], [144.545605, -37.971874], [144.54829, -37.971881], [144.547817, -37.973248], [144.548428, -37.973965], [144.549694, -37.97412], [144.552007, -37.976399], [144.552074, -37.979114], [144.55318, -37.981527], [144.553749, -37.984107], [144.557335, -37.984778], [144.559782, -37.984711], [144.562028, -37.986018], [144.56377, -37.986152], [144.565413, -37.98528], [144.566787, -37.986621], [144.566854, -37.988431], [144.568194, -37.990743], [144.569334, -37.992486], [144.570976, -37.993827], [144.571948, -37.995503], [144.571915, -37.997715], [144.574395, -37.999759], [144.578149, -38.00177], [144.581366, -38.00301], [144.588203, -38.004518], [144.589248, -38.006446], [144.591845, -38.005271]]]}}, {"type": "Feature", "properties": {"index": "MLLE", "division": "Mallee", "state": "Victoria", "year": "1994", "proclaimed": "19941220", "quota": "0", "electors": "0", "deviation": ""}, "geometry": {"type": "Polygon", "coordinates": [[[143.800162, -35.433449], [143.796887, -35.429671], [143.793655, -35.429351], [143.792602, -35.426009], [143.790286, -35.424827], [143.790117, -35.422477], [143.787106, -35.4225], [143.785345, -35.423439], [143.782718, -35.422736], [143.780975, -35.42377], [143.776679, -35.424062], [143.77196, -35.423953], [143.76889, -35.421798], [143.765367, -35.423503], [143.762852, -35.423066], [143.762445, -35.421366], [143.765671, -35.41817], [143.765962, -35.415858], [143.764419, -35.41563], [143.760218, -35.417489], [143.758914, -35.416707], [143.758802, -35.415427], [143.761547, -35.410283], [143.763346, -35.40965], [143.764998, -35.41005], [143.766062, -35.408997], [143.768595, -35.408421], [143.768648, -35.407389], [143.76716, -35.406741], [143.766973, -35.404047], [143.768823, -35.401809], [143.762893, -35.400593], [143.764387, -35.392584], [143.762378, -35.392067], [143.757213, -35.394522], [143.754145, -35.392519], [143.751575, -35.392465], [143.751004, -35.387835], [143.745875, -35.38866], [143.745759, -35.386553], [143.744914, -35.386465], [143.744303, -35.39044], [143.741316, -35.391771], [143.739632, -35.393595], [143.734988, -35.392858], [143.732048, -35.394083], [143.730437, -35.390512], [143.72687, -35.390215], [143.715041, -35.392908], [143.712187, -35.392036], [143.709175, -35.392538], [143.708431, -35.391767], [143.709227, -35.388605], [143.711788, -35.386637], [143.711685, -35.38469], [143.709169, -35.384035], [143.707747, -35.386405], [143.705986, -35.386995], [143.705551, -35.388968], [143.703349, -35.389408], [143.701287, -35.387019], [143.703932, -35.380451], [143.703762, -35.37869], [143.702284, -35.377882], [143.701135, -35.378292], [143.70081, -35.379733], [143.697951, -35.38129], [143.697002, -35.38379], [143.693148, -35.383917], [143.6923, -35.382323], [143.692858, -35.377882], [143.689315, -35.377286], [143.688448, -35.37065], [143.684521, -35.368446], [143.683295, -35.368977], [143.683341, -35.373608], [143.682627, -35.374091], [143.678982, -35.373491], [143.677116, -35.372068], [143.676631, -35.370719], [143.674654, -35.37162], [143.66979, -35.371044], [143.667922, -35.371554], [143.666648, -35.37645], [143.664155, -35.377673], [143.666782, -35.379144], [143.665779, -35.382186], [143.66795, -35.384351], [143.668081, -35.385735], [143.666541, -35.386535], [143.663289, -35.38499], [143.660482, -35.385928], [143.65714, -35.384999], [143.655628, -35.390887], [143.652398, -35.391434], [143.653874, -35.394879], [143.648955, -35.395428], [143.647328, -35.398727], [143.642338, -35.401037], [143.640043, -35.400859], [143.637648, -35.396091], [143.634198, -35.396742], [143.63124, -35.395512], [143.630723, -35.393285], [143.629381, -35.392368], [143.630936, -35.38931], [143.634639, -35.386581], [143.633019, -35.383467], [143.629919, -35.384765], [143.627655, -35.38108], [143.626297, -35.380962], [143.624153, -35.383102], [143.624693, -35.387903], [143.62317, -35.388417], [143.620416, -35.387682], [143.618706, -35.385261], [143.619012, -35.382054], [143.616348, -35.380432], [143.613314, -35.376958], [143.616578, -35.372088], [143.616037, -35.368884], [143.613605, -35.367664], [143.609751, -35.37002], [143.608678, -35.368972], [143.608457, -35.36658], [143.606068, -35.3654], [143.603015, -35.365407], [143.602601, -35.36413], [143.603759, -35.362136], [143.60242, -35.359901], [143.60037, -35.358407], [143.599453, -35.356155], [143.597555, -35.355202], [143.598448, -35.352111], [143.596182, -35.350536], [143.590341, -35.35035], [143.589527, -35.349542], [143.589417, -35.347149], [143.584453, -35.346003], [143.581993, -35.341109], [143.579963, -35.33972], [143.574981, -35.340787], [143.573374, -35.339426], [143.573725, -35.337346], [143.572661, -35.337367], [143.57065, -35.34063], [143.570353, -35.342664], [143.566839, -35.343646], [143.564768, -35.342129], [143.563963, -35.33913], [143.561843, -35.337174], [143.563835, -35.332559], [143.563384, -35.329774], [143.564347, -35.328535], [143.563591, -35.326602], [143.561696, -35.325294], [143.561868, -35.32398], [143.563664, -35.322417], [143.562909, -35.31913], [143.563613, -35.31637], [143.566483, -35.313872], [143.567688, -35.308341], [143.572512, -35.306026], [143.569019, -35.302447], [143.571119, -35.301322], [143.574143, -35.303398], [143.577937, -35.303197], [143.576715, -35.29935], [143.577075, -35.298415], [143.582353, -35.298009], [143.579694, -35.295615], [143.581666, -35.292157], [143.581101, -35.290233], [143.582191, -35.288933], [143.582127, -35.287789], [143.584158, -35.286273], [143.586737, -35.286468], [143.586666, -35.284647], [143.59086, -35.281659], [143.590281, -35.280352], [143.584534, -35.279255], [143.585322, -35.276842], [143.587724, -35.276859], [143.590779, -35.273771], [143.58974, -35.272226], [143.587449, -35.272194], [143.585131, -35.273486], [143.582431, -35.272823], [143.580789, -35.269144], [143.583208, -35.266647], [143.583507, -35.265005], [143.578449, -35.267441], [143.575134, -35.265441], [143.574408, -35.266424], [143.575194, -35.268512], [143.573824, -35.269152], [143.57169, -35.267959], [143.570992, -35.265524], [143.572079, -35.263847], [143.572037, -35.260671], [143.574076, -35.256505], [143.572102, -35.254754], [143.57155, -35.252048], [143.570128, -35.2507], [143.569816, -35.246243], [143.567544, -35.245821], [143.563717, -35.243545], [143.563919, -35.242356], [143.566705, -35.240235], [143.566559, -35.239151], [143.564179, -35.237991], [143.564473, -35.236094], [143.569129, -35.23501], [143.572954, -35.235194], [143.574053, -35.234698], [143.575282, -35.232485], [143.578074, -35.231665], [143.576236, -35.230318], [143.575889, -35.226388], [143.578053, -35.222565], [143.580984, -35.220036], [143.580053, -35.214299], [143.575586, -35.21195], [143.570828, -35.206905], [143.563433, -35.202506], [143.561473, -35.203153], [143.559459, -35.202716], [143.553542, -35.205664], [143.547023, -35.206173], [143.546491, -35.207617], [143.549665, -35.211499], [143.548335, -35.21379], [143.543169, -35.216482], [143.535842, -35.217095], [143.530677, -35.218687], [143.529155, -35.219921], [143.524888, -35.219753], [143.522783, -35.218306], [143.519786, -35.21272], [143.518322, -35.21162], [143.515683, -35.212898], [143.512332, -35.212519], [143.50722, -35.214142], [143.504913, -35.2139], [143.501446, -35.217946], [143.49752, -35.218271], [143.493951, -35.220047], [143.48406, -35.21843], [143.479356, -35.219139], [143.4741, -35.218555], [143.471482, -35.219293], [143.46613, -35.214742], [143.465849, -35.207649], [143.464932, -35.206042], [143.464691, -35.202616], [143.463593, -35.20218], [143.460738, -35.203744], [143.459218, -35.203414], [143.458226, -35.198832], [143.455972, -35.196353], [143.451889, -35.195302], [143.450222, -35.19386], [143.449452, -35.191937], [143.450128, -35.189803], [143.449486, -35.189112], [143.44502, -35.190015], [143.439162, -35.189385], [143.436508, -35.190723], [143.433799, -35.190663], [143.433873, -35.193504], [143.431641, -35.195037], [143.428491, -35.193715], [143.42697, -35.190168], [143.425835, -35.189387], [143.417489, -35.194888], [143.413882, -35.194527], [143.412216, -35.193325], [143.409506, -35.194302], [143.40795, -35.19361], [143.404215, -35.193715], [143.400498, -35.189882], [143.398997, -35.190273], [143.396691, -35.193098], [143.394677, -35.192377], [143.393505, -35.190002], [143.39096, -35.188708], [143.39312, -35.185523], [143.391088, -35.184786], [143.388763, -35.186273], [143.386969, -35.183462], [143.387372, -35.182215], [143.391637, -35.180292], [143.393669, -35.178128], [143.393815, -35.176821], [143.391875, -35.175392], [143.39182, -35.172567], [143.389806, -35.171078], [143.387665, -35.172475], [143.384699, -35.171438], [143.384919, -35.173692], [143.38426, -35.174113], [143.382722, -35.174112], [143.381936, -35.17312], [143.382558, -35.169949], [143.384663, -35.167154], [143.384864, -35.165245], [143.387445, -35.162315], [143.385944, -35.161954], [143.382613, -35.16281], [143.382394, -35.161787], [143.3834, -35.160841], [143.386933, -35.15979], [143.385834, -35.158557], [143.382668, -35.157369], [143.382284, -35.156061], [143.384645, -35.152815], [143.389439, -35.150292], [143.391141, -35.147181], [143.390647, -35.145107], [143.386695, -35.143197], [143.387042, -35.13759], [143.376651, -35.129034], [143.373905, -35.122603], [143.368768, -35.119805], [143.365968, -35.120298], [143.361967, -35.1169], [143.362135, -35.114361], [143.359026, -35.111328], [143.359742, -35.109047], [143.357705, -35.104907], [143.3582, -35.103931], [143.360962, -35.103814], [143.360762, -35.103032], [143.352884, -35.09963], [143.352296, -35.10033], [143.353374, -35.10259], [143.352641, -35.103025], [143.350979, -35.102649], [143.348769, -35.100634], [143.348231, -35.102017], [143.35008, -35.10442], [143.348103, -35.10544], [143.346021, -35.10335], [143.345787, -35.101397], [143.344309, -35.099157], [143.344569, -35.096423], [143.340858, -35.095714], [143.341134, -35.094633], [143.345871, -35.09378], [143.346, -35.09312], [143.340924, -35.088488], [143.342006, -35.087092], [143.345023, -35.08702], [143.341644, -35.085079], [143.343659, -35.082482], [143.340953, -35.082434], [143.338048, -35.08138], [143.337446, -35.080418], [143.342989, -35.079101], [143.34292, -35.076517], [143.34552, -35.074056], [143.343641, -35.071846], [143.339036, -35.070384], [143.339058, -35.068191], [143.340416, -35.065428], [143.341898, -35.064543], [143.346777, -35.065825], [143.347398, -35.066607], [143.347047, -35.068304], [143.349659, -35.069929], [143.350758, -35.068397], [143.350838, -35.064702], [143.348664, -35.063694], [143.347861, -35.062461], [143.344554, -35.061632], [143.342011, -35.058746], [143.340811, -35.059269], [143.341628, -35.062365], [143.338813, -35.062137], [143.337663, -35.061294], [143.336806, -35.059821], [143.339094, -35.05769], [143.339885, -35.055047], [143.337264, -35.048645], [143.335876, -35.048102], [143.334302, -35.049347], [143.334042, -35.0516], [143.335026, -35.053344], [143.334183, -35.0545], [143.331495, -35.054963], [143.330492, -35.05388], [143.33227, -35.050817], [143.333321, -35.046161], [143.33634, -35.044227], [143.336543, -35.043219], [143.334533, -35.043053], [143.332134, -35.045604], [143.328679, -35.0459], [143.327841, -35.044187], [143.329473, -35.041439], [143.325541, -35.042726], [143.324428, -35.041989], [143.325291, -35.040097], [143.32776, -35.039124], [143.327817, -35.037937], [143.324107, -35.037962], [143.322081, -35.036727], [143.322869, -35.035406], [143.32766, -35.033865], [143.328811, -35.034211], [143.330486, -35.037428], [143.335987, -35.037375], [143.334533, -35.032941], [143.335234, -35.029367], [143.332898, -35.027921], [143.334929, -35.026302], [143.332318, -35.025201], [143.331864, -35.023804], [143.332744, -35.022152], [143.335123, -35.020563], [143.333318, -35.018187], [143.334109, -35.015108], [143.335938, -35.014089], [143.336527, -35.012001], [143.338117, -35.010891], [143.337098, -35.009223], [143.337211, -35.007044], [143.335588, -35.005209], [143.33583, -35.002986], [143.330225, -34.997792], [143.329708, -34.995744], [143.32626, -34.993093], [143.323501, -34.994537], [143.319579, -34.99374], [143.318825, -34.992943], [143.317769, -34.986369], [143.320678, -34.9843], [143.320959, -34.982296], [143.3232, -34.981542], [143.323717, -34.979085], [143.321325, -34.973761], [143.323006, -34.970206], [143.322338, -34.969343], [143.319601, -34.968697], [143.320054, -34.966908], [143.31917, -34.964667], [143.319213, -34.959947], [143.319795, -34.95596], [143.317812, -34.953913], [143.317704, -34.952598], [143.318372, -34.951779], [143.321109, -34.95193], [143.322704, -34.950874], [143.322682, -34.949796], [143.319945, -34.947706], [143.322532, -34.946218], [143.321626, -34.943374], [143.322014, -34.942339], [143.32417, -34.943244], [143.327316, -34.942382], [143.327962, -34.94068], [143.329449, -34.939926], [143.331798, -34.941068], [143.332078, -34.939171], [143.333371, -34.938503], [143.334664, -34.939106], [143.334578, -34.941844], [143.336195, -34.94318], [143.336561, -34.944775], [143.339492, -34.943632], [143.34141, -34.940335], [143.340095, -34.939494], [143.338651, -34.940464], [143.337509, -34.940163], [143.337574, -34.936606], [143.34085, -34.935378], [143.342789, -34.932533], [143.339298, -34.928438], [143.33891, -34.925895], [143.33975, -34.923977], [143.339384, -34.922986], [143.341043, -34.921887], [143.341884, -34.919042], [143.340526, -34.91374], [143.338586, -34.912619], [143.336173, -34.913439], [143.333414, -34.911262], [143.33197, -34.90749], [143.32988, -34.906391], [143.332423, -34.904538], [143.330311, -34.90346], [143.329427, -34.901456], [143.327703, -34.900809], [143.327638, -34.898977], [143.326151, -34.898158], [143.32807, -34.895033], [143.322746, -34.891779], [143.321389, -34.88846], [143.323328, -34.88624], [143.323652, -34.883826], [143.326626, -34.883912], [143.32725, -34.882318], [143.333618, -34.885453], [143.333769, -34.886219], [143.331852, -34.887943], [143.332218, -34.888363], [143.335709, -34.886003], [143.334071, -34.884581], [143.33601, -34.883158], [143.336668, -34.879203], [143.337627, -34.879375], [143.338855, -34.881369], [143.341732, -34.88112], [143.342928, -34.878836], [143.340805, -34.877823], [143.34239, -34.875765], [143.340461, -34.874709], [143.33865, -34.875743], [143.337336, -34.874806], [143.338404, -34.870312], [143.343486, -34.865919], [143.348624, -34.864785], [143.347906, -34.862121], [143.349589, -34.859985], [143.352563, -34.858235], [143.347351, -34.856093], [143.34521, -34.853463], [143.348701, -34.847826], [143.351793, -34.846917], [143.355179, -34.847408], [143.354957, -34.846039], [143.347384, -34.846434], [143.343326, -34.848245], [143.341191, -34.846309], [143.341937, -34.845065], [143.346547, -34.84257], [143.35152, -34.838488], [143.350618, -34.83423], [143.354204, -34.829765], [143.351829, -34.825255], [143.351614, -34.823196], [143.355449, -34.819243], [143.359559, -34.816899], [143.357022, -34.812088], [143.35197, -34.810654], [143.347559, -34.807302], [143.347414, -34.80392], [143.351698, -34.795494], [143.351185, -34.794063], [143.347876, -34.791635], [143.34506, -34.790743], [143.336538, -34.793414], [143.332986, -34.793207], [143.331327, -34.791587], [143.33079, -34.787467], [143.32909, -34.786358], [143.326016, -34.787401], [143.321731, -34.790944], [143.318269, -34.790842], [143.315041, -34.789405], [143.313441, -34.78753], [143.31295, -34.785784], [143.313591, -34.782379], [143.312698, -34.78075], [143.308844, -34.779939], [143.304476, -34.781122], [143.301184, -34.78371], [143.296991, -34.78539], [143.295572, -34.786776], [143.295093, -34.790287], [143.294285, -34.790822], [143.29225, -34.790325], [143.2875, -34.78503], [143.284327, -34.785245], [143.287204, -34.79317], [143.286873, -34.794985], [143.283662, -34.795215], [143.276736, -34.79226], [143.273566, -34.78908], [143.273674, -34.786077], [143.27616, -34.782311], [143.2718, -34.779662], [143.273502, -34.777452], [143.273005, -34.776412], [143.266513, -34.775263], [143.262707, -34.77358], [143.261972, -34.77712], [143.259459, -34.778542], [143.257728, -34.778542], [143.256004, -34.777898], [143.252798, -34.774807], [143.25213, -34.772803], [143.252446, -34.769306], [143.254282, -34.766647], [143.257761, -34.765172], [143.264953, -34.764029], [143.271585, -34.759485], [143.271435, -34.758267], [143.267692, -34.755954], [143.267412, -34.755005], [143.268583, -34.753017], [143.27388, -34.75336], [143.274016, -34.752685], [143.265285, -34.748558], [143.263304, -34.751201], [143.256756, -34.753311], [143.252044, -34.757343], [143.248933, -34.757853], [143.245997, -34.756845], [143.244164, -34.754877], [143.243308, -34.751837], [143.243379, -34.747871], [143.242449, -34.746193], [143.24066, -34.74546], [143.237893, -34.747333], [143.231698, -34.746843], [143.228775, -34.747789], [143.227354, -34.750673], [143.228938, -34.757759], [143.226785, -34.758815], [143.224384, -34.758733], [143.219952, -34.755237], [143.2191, -34.752649], [143.221271, -34.742895], [143.217237, -34.741094], [143.213847, -34.738496], [143.213929, -34.736637], [143.214858, -34.735448], [143.222453, -34.732416], [143.218847, -34.729471], [143.212934, -34.730453], [143.205612, -34.73439], [143.201855, -34.734377], [143.200006, -34.733418], [143.196549, -34.728639], [143.196836, -34.723793], [143.195807, -34.720827], [143.19658, -34.719064], [143.199179, -34.717034], [143.191752, -34.712786], [143.184111, -34.714943], [143.180903, -34.717092], [143.179282, -34.717329], [143.177919, -34.71513], [143.181285, -34.711676], [143.181641, -34.710281], [143.180987, -34.709482], [143.179737, -34.709702], [143.175625, -34.713202], [143.173197, -34.719709], [143.171126, -34.72026], [143.16536, -34.718136], [143.163915, -34.716746], [143.16367, -34.715308], [143.166, -34.707089], [143.165802, -34.70199], [143.163978, -34.69902], [143.161689, -34.697916], [143.158702, -34.698032], [143.156377, -34.699335], [143.153673, -34.705342], [143.147954, -34.708797], [143.147514, -34.710761], [143.148742, -34.713895], [143.1474, -34.714757], [143.138133, -34.710196], [143.134948, -34.707791], [143.133722, -34.705964], [143.133463, -34.700577], [143.125782, -34.701126], [143.120606, -34.703659], [143.117841, -34.703076], [143.117022, -34.700512], [143.11808, -34.698348], [143.119921, -34.696901], [143.127675, -34.694529], [143.128428, -34.693651], [143.127791, -34.692661], [143.125655, -34.692347], [143.122063, -34.693599], [143.112921, -34.698924], [143.109779, -34.701611], [143.107243, -34.701466], [143.10656, -34.699494], [143.110208, -34.692678], [143.110727, -34.689063], [143.110066, -34.688804], [143.111605, -34.687127], [143.11565, -34.685678], [143.119693, -34.687564], [143.121272, -34.687401], [143.112525, -34.680819], [143.110984, -34.681152], [143.108511, -34.689471], [143.106488, -34.692328], [143.104118, -34.694001], [143.097286, -34.696237], [143.094501, -34.700496], [143.092828, -34.701273], [143.090001, -34.701285], [143.079602, -34.697974], [143.076222, -34.695958], [143.071845, -34.689406], [143.071643, -34.679528], [143.070763, -34.67838], [143.066981, -34.679472], [143.066275, -34.686173], [143.064859, -34.689416], [143.058404, -34.697109], [143.054822, -34.698855], [143.050935, -34.699254], [143.046952, -34.697085], [143.043819, -34.692206], [143.043344, -34.686633], [143.040422, -34.685888], [143.037736, -34.688503], [143.037519, -34.69168], [143.039093, -34.69444], [143.043471, -34.697576], [143.044386, -34.699301], [143.042549, -34.701396], [143.039468, -34.702611], [143.037152, -34.701225], [143.034681, -34.697047], [143.029424, -34.691851], [143.029773, -34.687401], [143.032925, -34.683715], [143.032502, -34.682928], [143.026798, -34.681779], [143.024196, -34.682922], [143.023045, -34.684952], [143.022575, -34.691659], [143.021785, -34.692862], [143.015447, -34.694833], [143.010179, -34.693658], [143.008036, -34.690781], [143.008007, -34.685967], [143.016882, -34.676597], [143.017281, -34.67366], [143.016169, -34.672353], [143.013301, -34.67112], [143.001138, -34.669667], [142.999, -34.670276], [142.996475, -34.674003], [142.994573, -34.673872], [142.993056, -34.672494], [142.990898, -34.668237], [142.990729, -34.663545], [142.989313, -34.662579], [142.987447, -34.666989], [142.986066, -34.668396], [142.975282, -34.670861], [142.976094, -34.672904], [142.981509, -34.677583], [142.982428, -34.68274], [142.981453, -34.68545], [142.978838, -34.688763], [142.977304, -34.693264], [142.976248, -34.694388], [142.972708, -34.695207], [142.9678, -34.691878], [142.967534, -34.688925], [142.964594, -34.682575], [142.962973, -34.675683], [142.958111, -34.671106], [142.957736, -34.669637], [142.959264, -34.664982], [142.957199, -34.665152], [142.952409, -34.669369], [142.948867, -34.669674], [142.945243, -34.66645], [142.943725, -34.662017], [142.941895, -34.661202], [142.938045, -34.661581], [142.935194, -34.660775], [142.933927, -34.659417], [142.932606, -34.655515], [142.930641, -34.655124], [142.924412, -34.656946], [142.922267, -34.656482], [142.92119, -34.654454], [142.924713, -34.649591], [142.924905, -34.648279], [142.923844, -34.647856], [142.918246, -34.650612], [142.910166, -34.651061], [142.901526, -34.654958], [142.900544, -34.657368], [142.900976, -34.661015], [142.900417, -34.662726], [142.899275, -34.663537], [142.895154, -34.663897], [142.893269, -34.665679], [142.894325, -34.667379], [142.899365, -34.66883], [142.900368, -34.670333], [142.900176, -34.671464], [142.896402, -34.673279], [142.891362, -34.671847], [142.890776, -34.673901], [142.893919, -34.676777], [142.893886, -34.678797], [142.888955, -34.680218], [142.886815, -34.679808], [142.885219, -34.677207], [142.887173, -34.673426], [142.886457, -34.672085], [142.883405, -34.672269], [142.877667, -34.674907], [142.875881, -34.674859], [142.874045, -34.673405], [142.872651, -34.670415], [142.872151, -34.664119], [142.869291, -34.664072], [142.864182, -34.667108], [142.862101, -34.666747], [142.860551, -34.665162], [142.861283, -34.662403], [142.867826, -34.658891], [142.869568, -34.657158], [142.872024, -34.652061], [142.871867, -34.650292], [142.869731, -34.64749], [142.864381, -34.644002], [142.863472, -34.639075], [142.861977, -34.638571], [142.860024, -34.639802], [142.860458, -34.644231], [142.859095, -34.644941], [142.856742, -34.643541], [142.855209, -34.639522], [142.856813, -34.636508], [142.862068, -34.633704], [142.865469, -34.629949], [142.868183, -34.628391], [142.868177, -34.627306], [142.863153, -34.62837], [142.860804, -34.627886], [142.855826, -34.620695], [142.852466, -34.619195], [142.849012, -34.619337], [142.847623, -34.620116], [142.846588, -34.624697], [142.845088, -34.626497], [142.840679, -34.625752], [142.839467, -34.623659], [142.839674, -34.617233], [142.83824, -34.613044], [142.83557, -34.611128], [142.827151, -34.610118], [142.825038, -34.60878], [142.824032, -34.606162], [142.825172, -34.601916], [142.823118, -34.600251], [142.820651, -34.600613], [142.818514, -34.603133], [142.818464, -34.605361], [142.820156, -34.609934], [142.818507, -34.612357], [142.804997, -34.608401], [142.802966, -34.60624], [142.802942, -34.601669], [142.803838, -34.599708], [142.806952, -34.597894], [142.809726, -34.594992], [142.811426, -34.59142], [142.810259, -34.589093], [142.805191, -34.58827], [142.803072, -34.588898], [142.802121, -34.589749], [142.799577, -34.597496], [142.797919, -34.597628], [142.795345, -34.597116], [142.793546, -34.594771], [142.787687, -34.590178], [142.786718, -34.588217], [142.78664, -34.584259], [142.801374, -34.579034], [142.800142, -34.57597], [142.796633, -34.574047], [142.796435, -34.571949], [142.802711, -34.564742], [142.809125, -34.56197], [142.810104, -34.560855], [142.805408, -34.553901], [142.802162, -34.552461], [142.798554, -34.552442], [142.79417, -34.551271], [142.792633, -34.549743], [142.791428, -34.546389], [142.789373, -34.547113], [142.788001, -34.551217], [142.788879, -34.554514], [142.788646, -34.557411], [142.787195, -34.559362], [142.782709, -34.561601], [142.782512, -34.564933], [142.778003, -34.567368], [142.77163, -34.566], [142.769991, -34.568882], [142.771895, -34.571811], [142.778679, -34.574085], [142.783854, -34.577492], [142.784068, -34.580393], [142.780337, -34.579136], [142.769306, -34.578206], [142.758482, -34.579787], [142.750243, -34.576262], [142.748291, -34.576759], [142.745504, -34.583192], [142.745699, -34.586273], [142.749168, -34.588973], [142.758802, -34.588267], [142.762411, -34.589287], [142.763532, -34.590732], [142.763974, -34.594657], [142.763405, -34.596958], [142.761766, -34.598485], [142.753357, -34.602501], [142.743966, -34.60296], [142.732111, -34.599729], [142.728213, -34.596845], [142.725129, -34.592705], [142.722756, -34.59236], [142.719618, -34.594054], [142.71783, -34.598804], [142.714821, -34.600442], [142.713275, -34.600545], [142.704294, -34.59757], [142.700852, -34.598276], [142.699646, -34.600096], [142.699486, -34.602912], [142.703865, -34.611209], [142.703692, -34.613953], [142.700544, -34.615755], [142.691465, -34.615512], [142.689383, -34.61664], [142.689504, -34.618298], [142.691339, -34.619535], [142.696747, -34.618918], [142.701489, -34.619844], [142.707544, -34.618876], [142.708902, -34.621788], [142.707965, -34.623433], [142.703095, -34.623194], [142.700788, -34.624516], [142.699051, -34.631266], [142.694956, -34.635913], [142.697372, -34.640981], [142.689172, -34.651925], [142.68967, -34.653379], [142.693234, -34.656358], [142.695436, -34.65997], [142.701643, -34.659352], [142.705483, -34.660362], [142.709066, -34.662674], [142.710898, -34.667905], [142.710436, -34.676748], [142.707446, -34.679458], [142.704252, -34.679142], [142.698862, -34.677072], [142.689005, -34.671665], [142.68496, -34.670774], [142.680539, -34.672882], [142.680729, -34.674718], [142.678929, -34.680153], [142.679682, -34.685057], [142.681963, -34.690345], [142.685283, -34.694744], [142.689417, -34.698338], [142.691089, -34.701397], [142.690513, -34.704759], [142.687368, -34.706858], [142.68538, -34.709555], [142.684489, -34.714057], [142.688829, -34.717514], [142.698189, -34.721037], [142.69956, -34.722921], [142.698961, -34.725138], [142.694436, -34.726572], [142.690561, -34.72667], [142.681835, -34.721805], [142.678646, -34.722345], [142.67594, -34.7268], [142.676553, -34.729046], [142.679575, -34.731006], [142.684876, -34.732294], [142.686657, -34.733929], [142.686292, -34.735322], [142.684657, -34.736553], [142.678954, -34.739202], [142.671178, -34.737751], [142.667412, -34.735908], [142.664237, -34.730297], [142.663737, -34.723298], [142.661412, -34.721707], [142.652175, -34.72946], [142.642564, -34.731664], [142.637334, -34.735043], [142.632066, -34.733761], [142.623491, -34.727519], [142.620947, -34.72758], [142.618316, -34.728751], [142.616798, -34.731008], [142.616298, -34.736723], [142.619486, -34.744516], [142.619211, -34.75435], [142.620498, -34.757128], [142.623337, -34.75973], [142.626335, -34.760646], [142.639584, -34.757503], [142.642943, -34.758936], [142.646391, -34.763394], [142.64444, -34.775338], [142.63869, -34.780753], [142.632212, -34.784136], [142.622475, -34.785842], [142.61578, -34.785261], [142.605571, -34.780231], [142.594879, -34.772469], [142.585793, -34.77042], [142.576501, -34.771523], [142.571651, -34.769771], [142.567176, -34.766928], [142.563154, -34.769169], [142.560794, -34.774284], [142.556744, -34.775373], [142.550326, -34.768872], [142.550767, -34.764439], [142.55014, -34.76266], [142.547574, -34.762027], [142.538793, -34.762876], [142.533406, -34.753025], [142.529208, -34.758777], [142.526373, -34.759804], [142.524612, -34.759584], [142.507428, -34.748839], [142.508299, -34.745884], [142.512722, -34.74309], [142.511671, -34.740888], [142.510128, -34.740354], [142.50204, -34.740913], [142.499571, -34.739194], [142.500312, -34.735456], [142.501829, -34.732639], [142.507608, -34.72821], [142.51241, -34.723182], [142.51316, -34.721381], [142.512785, -34.719505], [142.509408, -34.713651], [142.518864, -34.703671], [142.517888, -34.701344], [142.511809, -34.700219], [142.50468, -34.703821], [142.502729, -34.704271], [142.499744, -34.703137], [142.498902, -34.700664], [142.499794, -34.698949], [142.502083, -34.697898], [142.505392, -34.698107], [142.509398, -34.697097], [142.51316, -34.695007], [142.514379, -34.69215], [142.513369, -34.689886], [142.509502, -34.686089], [142.508282, -34.682292], [142.506367, -34.680202], [142.505043, -34.680099], [142.500918, -34.682651], [142.499365, -34.681863], [142.497432, -34.677577], [142.497428, -34.674295], [142.498495, -34.671778], [142.503769, -34.667479], [142.513613, -34.665774], [142.515842, -34.664918], [142.517288, -34.663397], [142.517112, -34.662569], [142.512903, -34.660479], [142.509689, -34.656806], [142.507081, -34.656396], [142.503818, -34.657861], [142.502162, -34.663096], [142.499825, -34.664766], [142.497334, -34.665018], [142.489333, -34.662527], [142.486878, -34.663517], [142.486577, -34.666162], [142.488614, -34.667159], [142.494028, -34.666421], [142.495806, -34.667302], [142.496254, -34.668544], [142.493117, -34.672202], [142.488799, -34.673323], [142.480269, -34.673634], [142.475586, -34.672618], [142.472994, -34.670206], [142.471311, -34.665749], [142.472119, -34.657128], [142.471654, -34.651796], [142.476075, -34.642672], [142.479908, -34.639866], [142.483832, -34.638399], [142.483644, -34.636435], [142.482334, -34.635455], [142.480249, -34.635408], [142.47451, -34.639278], [142.471077, -34.640135], [142.467136, -34.638136], [142.465141, -34.634174], [142.461545, -34.634389], [142.456457, -34.636325], [142.453435, -34.635103], [142.45239, -34.63365], [142.452496, -34.63194], [142.453684, -34.630321], [142.459743, -34.629325], [142.463988, -34.626677], [142.463038, -34.623194], [142.458359, -34.619166], [142.45916, -34.616289], [142.463011, -34.613894], [142.468257, -34.612934], [142.467918, -34.611937], [142.461811, -34.608548], [142.461307, -34.606565], [142.462978, -34.603881], [142.469212, -34.601525], [142.469199, -34.596732], [142.471264, -34.592677], [142.469582, -34.590402], [142.467438, -34.589351], [142.459999, -34.589435], [142.458363, -34.587575], [142.45873, -34.585226], [142.466247, -34.582977], [142.467054, -34.581159], [142.472705, -34.576695], [142.472397, -34.57408], [142.467968, -34.564295], [142.464854, -34.561731], [142.459733, -34.560228], [142.454787, -34.557591], [142.450974, -34.557979], [142.448847, -34.559483], [142.44865, -34.561623], [142.451608, -34.572796], [142.454095, -34.57603], [142.457686, -34.578769], [142.458747, -34.581498], [142.457502, -34.584177], [142.451622, -34.584265], [142.449636, -34.582877], [142.444922, -34.57549], [142.434747, -34.576146], [142.430178, -34.574793], [142.428641, -34.572575], [142.429344, -34.566579], [142.428319, -34.564301], [142.426062, -34.562348], [142.423719, -34.562682], [142.421527, -34.565214], [142.418521, -34.566913], [142.411971, -34.569207], [142.409502, -34.569244], [142.407693, -34.567972], [142.40628, -34.565617], [142.40664, -34.561722], [142.409877, -34.556617], [142.41069, -34.553473], [142.406667, -34.547834], [142.405558, -34.541508], [142.403305, -34.542003], [142.401508, -34.54564], [142.399831, -34.546958], [142.392498, -34.549364], [142.390211, -34.549119], [142.388526, -34.548065], [142.386586, -34.54513], [142.376705, -34.540985], [142.37581, -34.538272], [142.378304, -34.533515], [142.378183, -34.532145], [142.376935, -34.532128], [142.374139, -34.534711], [142.371538, -34.534912], [142.370318, -34.534281], [142.367695, -34.530446], [142.368408, -34.527088], [142.370189, -34.526356], [142.382877, -34.523968], [142.398521, -34.524248], [142.399907, -34.523873], [142.400571, -34.522747], [142.394769, -34.516887], [142.392777, -34.515876], [142.389169, -34.516136], [142.383916, -34.519138], [142.380693, -34.51948], [142.377204, -34.518347], [142.374942, -34.515284], [142.376057, -34.512156], [142.380702, -34.509137], [142.384718, -34.505336], [142.386727, -34.499091], [142.388765, -34.497398], [142.39378, -34.495234], [142.394681, -34.493484], [142.391071, -34.492007], [142.382512, -34.490992], [142.377726, -34.491397], [142.375346, -34.492537], [142.372386, -34.495699], [142.37137, -34.497978], [142.371109, -34.502713], [142.369722, -34.503819], [142.360296, -34.499885], [142.359576, -34.498779], [142.359067, -34.493555], [142.359779, -34.491228], [142.361417, -34.487859], [142.364268, -34.484715], [142.372474, -34.480656], [142.374698, -34.477007], [142.378212, -34.476549], [142.382997, -34.479341], [142.384163, -34.478091], [142.380464, -34.467886], [142.379267, -34.466704], [142.377863, -34.467033], [142.376029, -34.470227], [142.372335, -34.471697], [142.364401, -34.469328], [142.358632, -34.472036], [142.356339, -34.472296], [142.353334, -34.469582], [142.352896, -34.467567], [142.354061, -34.46425], [142.358036, -34.462268], [142.360885, -34.459239], [142.362399, -34.453514], [142.365136, -34.447402], [142.364445, -34.445327], [142.36067, -34.442029], [142.360823, -34.4405], [142.362699, -34.438053], [142.367029, -34.436514], [142.367936, -34.435415], [142.36345, -34.433334], [142.360842, -34.432997], [142.359897, -34.431933], [142.360503, -34.430485], [142.363892, -34.427654], [142.365066, -34.424816], [142.364539, -34.422704], [142.361062, -34.422166], [142.354529, -34.424061], [142.351836, -34.422288], [142.352636, -34.419081], [142.359457, -34.414069], [142.360695, -34.411768], [142.359563, -34.409975], [142.35399, -34.408895], [142.352573, -34.40794], [142.351817, -34.406477], [142.352413, -34.404512], [142.356477, -34.400426], [142.355403, -34.399513], [142.351724, -34.399164], [142.350969, -34.396629], [142.351891, -34.394745], [142.359865, -34.390131], [142.363897, -34.38568], [142.367964, -34.385517], [142.3724, -34.388267], [142.373927, -34.388151], [142.373739, -34.386407], [142.370652, -34.383289], [142.369764, -34.379948], [142.370326, -34.374634], [142.368057, -34.37065], [142.369266, -34.369414], [142.377248, -34.367251], [142.378269, -34.36475], [142.376419, -34.362843], [142.374847, -34.362447], [142.366151, -34.365086], [142.364111, -34.364058], [142.36353, -34.362158], [142.364249, -34.360996], [142.371317, -34.357848], [142.379925, -34.360398], [142.383832, -34.363448], [142.387511, -34.363779], [142.389752, -34.362799], [142.39127, -34.361431], [142.3915, -34.360112], [142.388759, -34.358333], [142.386321, -34.355254], [142.384486, -34.349843], [142.384459, -34.346915], [142.385622, -34.344568], [142.388302, -34.343054], [142.397, -34.343802], [142.397676, -34.341202], [142.396798, -34.338095], [142.392206, -34.334715], [142.385702, -34.334001], [142.379621, -34.330897], [142.373234, -34.331521], [142.368436, -34.326913], [142.36188, -34.328092], [142.357405, -34.331469], [142.352059, -34.333077], [142.347159, -34.337216], [142.330924, -34.339378], [142.32161, -34.336936], [142.319328, -34.334852], [142.318074, -34.33157], [142.316257, -34.33012], [142.301653, -34.329055], [142.294386, -34.32345], [142.292443, -34.323761], [142.290679, -34.325949], [142.286588, -34.326951], [142.283873, -34.326567], [142.280476, -34.322024], [142.279993, -34.3198], [142.280597, -34.315901], [142.284023, -34.31076], [142.288257, -34.306447], [142.290727, -34.306045], [142.29682, -34.30741], [142.298886, -34.305703], [142.298083, -34.30453], [142.291512, -34.301955], [142.286132, -34.296536], [142.282908, -34.298043], [142.277452, -34.30315], [142.273673, -34.304021], [142.272191, -34.30357], [142.270799, -34.301607], [142.269335, -34.296103], [142.267332, -34.295284], [142.253057, -34.306139], [142.248807, -34.307202], [142.238544, -34.30782], [142.235894, -34.306973], [142.231929, -34.30216], [142.232465, -34.296749], [142.234237, -34.295157], [142.23748, -34.294801], [142.243689, -34.291924], [142.247957, -34.287703], [142.248845, -34.284983], [142.247974, -34.282064], [142.245226, -34.279071], [142.244714, -34.277193], [142.245454, -34.273782], [142.249383, -34.267597], [142.248993, -34.265054], [142.246205, -34.261324], [142.241857, -34.25806], [142.238542, -34.25714], [142.234044, -34.25714], [142.23242, -34.256053], [142.23229, -34.255036], [142.233029, -34.25188], [142.234771, -34.24944], [142.237402, -34.24836], [142.241469, -34.248136], [142.243579, -34.245768], [142.244968, -34.237881], [142.24403, -34.232457], [142.241433, -34.228443], [142.236088, -34.225355], [142.235334, -34.223748], [142.241759, -34.217275], [142.241796, -34.216051], [142.242266, -34.217148], [142.243779, -34.216518], [142.24372, -34.20987], [142.238324, -34.204652], [142.235645, -34.204042], [142.234683, -34.205292], [142.236607, -34.20531], [142.237077, -34.20612], [142.237525, -34.205508], [142.238561, -34.206528], [142.231821, -34.20894], [142.232967, -34.20997], [142.232315, -34.211099], [142.233731, -34.21333], [142.23313, -34.214407], [142.233035, -34.212883], [142.229263, -34.207713], [142.227544, -34.196988], [142.227191, -34.196144], [142.227211, -34.198135], [142.22529, -34.189059], [142.220713, -34.182046], [142.219102, -34.181064], [142.216447, -34.180837], [142.20634, -34.183728], [142.19858, -34.183496], [142.190805, -34.180811], [142.183613, -34.175672], [142.181209, -34.176661], [142.180265, -34.181592], [142.178309, -34.183743], [142.175995, -34.184426], [142.168373, -34.183731], [142.165944, -34.182777], [142.163404, -34.176396], [142.166691, -34.172545], [142.166529, -34.171395], [142.165196, -34.171032], [142.161481, -34.172384], [142.159255, -34.171482], [142.161366, -34.163796], [142.166654, -34.15548], [142.166803, -34.153657], [142.165577, -34.152124], [142.162462, -34.151261], [142.158446, -34.151692], [142.150979, -34.149157], [142.146367, -34.148972], [142.142974, -34.151802], [142.139815, -34.159021], [142.135161, -34.160738], [142.132056, -34.160384], [142.123826, -34.156503], [142.120343, -34.156705], [142.11842, -34.161155], [142.121586, -34.172397], [142.119613, -34.174909], [142.112352, -34.175057], [142.105411, -34.177525], [142.103569, -34.177159], [142.098626, -34.173805], [142.093059, -34.171915], [142.090207, -34.171928], [142.085825, -34.173682], [142.08277, -34.173545], [142.081624, -34.171886], [142.080663, -34.164986], [142.077538, -34.157346], [142.074641, -34.155232], [142.067601, -34.153594], [142.065345, -34.150611], [142.065283, -34.147328], [142.066602, -34.144692], [142.068921, -34.143253], [142.073873, -34.142296], [142.077177, -34.13871], [142.077742, -34.135635], [142.075638, -34.131418], [142.066928, -34.127218], [142.061797, -34.125801], [142.048822, -34.125384], [142.040524, -34.128851], [142.036144, -34.129537], [142.031957, -34.128078], [142.029669, -34.126116], [142.028868, -34.12339], [142.027564, -34.122981], [142.028737, -34.122731], [142.028533, -34.118893], [142.023852, -34.115054], [142.0294, -34.118211], [142.034257, -34.110943], [142.040628, -34.107291], [142.042265, -34.105298], [142.041977, -34.103063], [142.038529, -34.09989], [142.036848, -34.099306], [142.035086, -34.09981], [142.0306, -34.104476], [142.025965, -34.106535], [142.021076, -34.106474], [142.015452, -34.104089], [142.012927, -34.105246], [142.013043, -34.107452], [142.014992, -34.108896], [142.014742, -34.113476], [142.01653, -34.117324], [142.023454, -34.120606], [142.024303, -34.1219], [142.023905, -34.123873], [142.02124, -34.125258], [142.01332, -34.125264], [142.010272, -34.123497], [142.005018, -34.122116], [141.998472, -34.11855], [141.996244, -34.118992], [141.995205, -34.120118], [141.996083, -34.12012], [141.993007, -34.121299], [141.991064, -34.120233], [141.988292, -34.115917], [141.984896, -34.112942], [141.978235, -34.112616], [141.972657, -34.115023], [141.969742, -34.119898], [141.969028, -34.125747], [141.972333, -34.133125], [141.971663, -34.13525], [141.970437, -34.136107], [141.967084, -34.136981], [141.962377, -34.135999], [141.961207, -34.134232], [141.95671, -34.131615], [141.954002, -34.129021], [141.948051, -34.120527], [141.945003, -34.119477], [141.941202, -34.120913], [141.939213, -34.123454], [141.938049, -34.128856], [141.938516, -34.130882], [141.938943, -34.130265], [141.93909, -34.132834], [141.938303, -34.13615], [141.936302, -34.137689], [141.93299, -34.138238], [141.928528, -34.136928], [141.925629, -34.134605], [141.925875, -34.132249], [141.928582, -34.128874], [141.929784, -34.12579], [141.927744, -34.122685], [141.926528, -34.122228], [141.922592, -34.11457], [141.920548, -34.114071], [141.913321, -34.115542], [141.908169, -34.114381], [141.903505, -34.11115], [141.900686, -34.111198], [141.893571, -34.114046], [141.884744, -34.114984], [141.885164, -34.117867], [141.88865, -34.121495], [141.888789, -34.124415], [141.886359, -34.127436], [141.880873, -34.130614], [141.877847, -34.136849], [141.876627, -34.137418], [141.874757, -34.135934], [141.872499, -34.131468], [141.867763, -34.128652], [141.86329, -34.12816], [141.856067, -34.131313], [141.853257, -34.131233], [141.851498, -34.12992], [141.852671, -34.125745], [141.850694, -34.124307], [141.847806, -34.126221], [141.844088, -34.131811], [141.841383, -34.132452], [141.839049, -34.13116], [141.832663, -34.130184], [141.825395, -34.127681], [141.815292, -34.121318], [141.806553, -34.120267], [141.801314, -34.115521], [141.797763, -34.114976], [141.79325, -34.115862], [141.790717, -34.115175], [141.786445, -34.111685], [141.784087, -34.112259], [141.780441, -34.116612], [141.776886, -34.116878], [141.775599, -34.116003], [141.774679, -34.113853], [141.775548, -34.110466], [141.779287, -34.104299], [141.778934, -34.102525], [141.777897, -34.101774], [141.771007, -34.104712], [141.76273, -34.111349], [141.759313, -34.112307], [141.756947, -34.112097], [141.753308, -34.110054], [141.752623, -34.106242], [141.754013, -34.104006], [141.761441, -34.10057], [141.762447, -34.09912], [141.761836, -34.097537], [141.760007, -34.096619], [141.758252, -34.096783], [141.752611, -34.102409], [141.746343, -34.103403], [141.743173, -34.101646], [141.734494, -34.092238], [141.729691, -34.090896], [141.72658, -34.092095], [141.725457, -34.095159], [141.72619, -34.098565], [141.729771, -34.102701], [141.729935, -34.105442], [141.725504, -34.109662], [141.723535, -34.112667], [141.720288, -34.114589], [141.715692, -34.114733], [141.713282, -34.113061], [141.711394, -34.109032], [141.71058, -34.09862], [141.707415, -34.096068], [141.704907, -34.095686], [141.694038, -34.098696], [141.688571, -34.102316], [141.67745, -34.101225], [141.674511, -34.10254], [141.664125, -34.110839], [141.654672, -34.116688], [141.641857, -34.119741], [141.635074, -34.12039], [141.632653, -34.121484], [141.630527, -34.125816], [141.630057, -34.129696], [141.632119, -34.140138], [141.63044, -34.143394], [141.627982, -34.145417], [141.625308, -34.146116], [141.621309, -34.145181], [141.618239, -34.143509], [141.615343, -34.139051], [141.613484, -34.138429], [141.611817, -34.139023], [141.62096, -34.149286], [141.621019, -34.154264], [141.618538, -34.156287], [141.615604, -34.157078], [141.612543, -34.156777], [141.609386, -34.153781], [141.608258, -34.150828], [141.60458, -34.149115], [141.602597, -34.149449], [141.597986, -34.153963], [141.595301, -34.154806], [141.587322, -34.150749], [141.584484, -34.151403], [141.583501, -34.153627], [141.585615, -34.156511], [141.590093, -34.157807], [141.595848, -34.15538], [141.597953, -34.155442], [141.600484, -34.157405], [141.602959, -34.162254], [141.60384, -34.165532], [141.602561, -34.168794], [141.59316, -34.172772], [141.589922, -34.175267], [141.589383, -34.177353], [141.590326, -34.180217], [141.592834, -34.181927], [141.601266, -34.181949], [141.604947, -34.183933], [141.605942, -34.187987], [141.603285, -34.191228], [141.600015, -34.192272], [141.595833, -34.191788], [141.59278, -34.189764], [141.591459, -34.187146], [141.589743, -34.186893], [141.588245, -34.188352], [141.588787, -34.19147], [141.588113, -34.195991], [141.586262, -34.198291], [141.583921, -34.198816], [141.576981, -34.196478], [141.573114, -34.196018], [141.567201, -34.191509], [141.560468, -34.1909], [141.55824, -34.191938], [141.557806, -34.195232], [141.556495, -34.197294], [141.550405, -34.200342], [141.547738, -34.200841], [141.544466, -34.200198], [141.538047, -34.192704], [141.535967, -34.191523], [141.533546, -34.191434], [141.531299, -34.193067], [141.530805, -34.195559], [141.536431, -34.204932], [141.536102, -34.207729], [141.533863, -34.210697], [141.531062, -34.212404], [141.519626, -34.213273], [141.513662, -34.21613], [141.510071, -34.216479], [141.506082, -34.213835], [141.506149, -34.210498], [141.508513, -34.208387], [141.512421, -34.208389], [141.517199, -34.2068], [141.518577, -34.203159], [141.514628, -34.198207], [141.507657, -34.194177], [141.506669, -34.190619], [141.51071, -34.185769], [141.517318, -34.183865], [141.518558, -34.182489], [141.518744, -34.18091], [141.517488, -34.179572], [141.513209, -34.17913], [141.510846, -34.177705], [141.504717, -34.169154], [141.50049, -34.158791], [141.494967, -34.154611], [141.489767, -34.15409], [141.487374, -34.154867], [141.485749, -34.157137], [141.486076, -34.161311], [141.482801, -34.163425], [141.479121, -34.162781], [141.472961, -34.15945], [141.471192, -34.159204], [141.470262, -34.159758], [141.470191, -34.162635], [141.468952, -34.164254], [141.466962, -34.16547], [141.463981, -34.165842], [141.450643, -34.161004], [141.448557, -34.162464], [141.449257, -34.165626], [141.448822, -34.167468], [141.447124, -34.168412], [141.444539, -34.168015], [141.441193, -34.164979], [141.43544, -34.162384], [141.432802, -34.15994], [141.43209, -34.154496], [141.434746, -34.147759], [141.433901, -34.145904], [141.430168, -34.145583], [141.421001, -34.14979], [141.417155, -34.150778], [141.411923, -34.149965], [141.407404, -34.1464], [141.40607, -34.14196], [141.407737, -34.136651], [141.410318, -34.132187], [141.409807, -34.129583], [141.408248, -34.127856], [141.405922, -34.126881], [141.403364, -34.127205], [141.392368, -34.134338], [141.388118, -34.13473], [141.386465, -34.133743], [141.385513, -34.131924], [141.38585, -34.129705], [141.384549, -34.124974], [141.381587, -34.122143], [141.371762, -34.119701], [141.369693, -34.120204], [141.36954, -34.122495], [141.37177, -34.126411], [141.370895, -34.127361], [141.368758, -34.127115], [141.364394, -34.121112], [141.362657, -34.112947], [141.361284, -34.111463], [141.358972, -34.110723], [141.351774, -34.111138], [141.348504, -34.112311], [141.346955, -34.11512], [141.347556, -34.121585], [141.346407, -34.124348], [141.341433, -34.12805], [141.332942, -34.130653], [141.331271, -34.133246], [141.330869, -34.135709], [141.331423, -34.135987], [141.328125, -34.138557], [141.324937, -34.138782], [141.323208, -34.137578], [141.323115, -34.133159], [141.32615, -34.129823], [141.325922, -34.126866], [141.322619, -34.125476], [141.31677, -34.12726], [141.3145, -34.126309], [141.31353, -34.12486], [141.313395, -34.123814], [141.31842, -34.116306], [141.318572, -34.113528], [141.317451, -34.112413], [141.313762, -34.111666], [141.303241, -34.113857], [141.30079, -34.113718], [141.297965, -34.111617], [141.299057, -34.10796], [141.298544, -34.10696], [141.283701, -34.103874], [141.279847, -34.099067], [141.275357, -34.098157], [141.268692, -34.09213], [141.265883, -34.088122], [141.26301, -34.081274], [141.259566, -34.078134], [141.255358, -34.07753], [141.252089, -34.078899], [141.250482, -34.081445], [141.249401, -34.086381], [141.247444, -34.08808], [141.244529, -34.088266], [141.242543, -34.087341], [141.241669, -34.085125], [141.241671, -34.08195], [141.24611, -34.07626], [141.247217, -34.073209], [141.244723, -34.068966], [141.244264, -34.063763], [141.241808, -34.061315], [141.239511, -34.061626], [141.237524, -34.06393], [141.236858, -34.066312], [141.237255, -34.06853], [141.236188, -34.070678], [141.231794, -34.073158], [141.228468, -34.073651], [141.226223, -34.072988], [141.222235, -34.068945], [141.221687, -34.066647], [141.222729, -34.06301], [141.222119, -34.061677], [141.21967, -34.061645], [141.217153, -34.064761], [141.215756, -34.065395], [141.213663, -34.06464], [141.213116, -34.062675], [141.210913, -34.061209], [141.208387, -34.060952], [141.205907, -34.061723], [141.201917, -34.065481], [141.199831, -34.072131], [141.198034, -34.073243], [141.193095, -34.074243], [141.192411, -34.078339], [141.187449, -34.079294], [141.187765, -34.080277], [141.192953, -34.083262], [141.194487, -34.08602], [141.194437, -34.087608], [141.191908, -34.090958], [141.18623, -34.091977], [141.181479, -34.090992], [141.178612, -34.088561], [141.177824, -34.084855], [141.17488, -34.081288], [141.174786, -34.078123], [141.175648, -34.075425], [141.174668, -34.073334], [141.172598, -34.073382], [141.17117, -34.074412], [141.169036, -34.080647], [141.165854, -34.083212], [141.158877, -34.084582], [141.15367, -34.082118], [141.152847, -34.079531], [141.153638, -34.070565], [141.15318, -34.068915], [141.151174, -34.067925], [141.146137, -34.069618], [141.143847, -34.067799], [141.144842, -34.066318], [141.153443, -34.064189], [141.153484, -34.062971], [141.151105, -34.059655], [141.151481, -34.057625], [141.153416, -34.055152], [141.153111, -34.054521], [141.144988, -34.056398], [141.143756, -34.05851], [141.144098, -34.062189], [141.142973, -34.063534], [141.139885, -34.06324], [141.137639, -34.061628], [141.137106, -34.059924], [141.137936, -34.058128], [141.137307, -34.057561], [141.135263, -34.05971], [141.128236, -34.063433], [141.120338, -34.064866], [141.106917, -34.061054], [141.104053, -34.058224], [141.101054, -34.051201], [141.097564, -34.050095], [141.094238, -34.050656], [141.08759, -34.055026], [141.087257, -34.057173], [141.08791, -34.059295], [141.094075, -34.059558], [141.095561, -34.060666], [141.097558, -34.067311], [141.097587, -34.070035], [141.096691, -34.073138], [141.094915, -34.074799], [141.092404, -34.076405], [141.089218, -34.076696], [141.085314, -34.075022], [141.082796, -34.070911], [141.083021, -34.068719], [141.08604, -34.06502], [141.08491, -34.062288], [141.081626, -34.061154], [141.076655, -34.063655], [141.071951, -34.06291], [141.068512, -34.059521], [141.065601, -34.050062], [141.061715, -34.054979], [141.052951, -34.057544], [141.049019, -34.061126], [141.045617, -34.061858], [141.042463, -34.061101], [141.040772, -34.059109], [141.039446, -34.051408], [141.040149, -34.049324], [141.043527, -34.044949], [141.043439, -34.042704], [141.041369, -34.039502], [141.036405, -34.036167], [141.034336, -34.035735], [141.032787, -34.036394], [141.031077, -34.0413], [141.032498, -34.045422], [141.032272, -34.047], [141.02367, -34.051151], [141.023562, -34.053297], [141.026998, -34.056172], [141.027454, -34.057489], [141.026307, -34.059383], [141.023262, -34.059699], [141.018427, -34.056021], [141.018274, -34.049393], [141.017017, -34.047264], [141.009898, -34.045218], [141.006582, -34.042124], [141.002779, -34.040636], [141.00187, -34.039103], [141.001772, -34.037642], [141.003679, -34.033331], [141.00266, -34.030112], [141.003776, -34.027604], [141.005899, -34.025954], [141.011467, -34.025836], [141.012311, -34.024655], [141.004816, -34.023365], [141.002956, -34.021892], [141.00061, -34.020082], [140.998139, -34.019698], [140.994677, -34.022905], [140.994503, -34.02943], [140.993443, -34.031056], [140.990792, -34.031866], [140.988431, -34.030777], [140.985413, -34.026759], [140.98541, -34.020513], [140.981586, -34.017772], [140.980453, -34.016013], [140.981103, -34.014131], [140.985743, -34.012298], [140.986818, -34.011307], [140.986747, -34.010237], [140.984758, -34.009207], [140.976463, -34.009852], [140.97532, -34.009321], [140.975867, -34.007343], [140.979519, -34.006087], [140.980821, -34.004606], [140.980575, -33.999996], [140.97966, -33.998784], [140.976321, -33.99721], [140.970656, -33.997851], [140.969273, -33.997216], [140.968271, -33.996052], [140.967679, -33.989832], [140.969513, -33.985386], [140.969287, -33.98348], [140.965699, -33.980719], [140.963616, -33.980648], [140.962516, -34.095833], [140.961682, -34.095818], [140.964438, -34.492743], [140.966309, -34.495465], [140.964445, -34.497253], [140.966225, -35.389142], [140.963103, -35.748535], [140.963888, -35.996066], [140.967592, -36.374847], [140.96932, -36.793047], [140.971882, -37.036072], [140.971702, -37.09323], [140.984451, -37.094296], [140.997192, -37.101315], [141.011765, -37.099274], [141.032812, -37.0997], [141.044571, -37.114292], [141.05523, -37.132508], [141.066696, -37.137852], [141.076904, -37.141571], [141.099106, -37.144402], [141.117218, -37.155972], [141.150452, -37.172653], [141.171997, -37.181664], [141.201224, -37.177345], [141.221455, -37.175978], [141.260004, -37.171877], [141.286523, -37.170783], [141.304184, -37.17625], [141.295578, -37.187222], [141.284683, -37.20031], [141.280746, -37.210861], [141.283401, -37.221821], [141.294846, -37.229019], [141.301895, -37.249931], [141.311066, -37.249561], [141.321518, -37.236672], [141.345612, -37.237911], [141.36763, -37.224239], [141.384979, -37.211979], [141.408997, -37.217918], [141.42897, -37.220108], [141.466614, -37.218929], [141.487, -37.221897], [141.500045, -37.210152], [141.511215, -37.212158], [141.52861, -37.205738], [141.547409, -37.199677], [141.57103, -37.190369], [141.578237, -37.175158], [141.589172, -37.164222], [141.611954, -37.168098], [141.627655, -37.160187], [141.645096, -37.160965], [141.66709, -37.149458], [141.672409, -37.162025], [141.689392, -37.167866], [141.702087, -37.181126], [141.712906, -37.184116], [141.723137, -37.181719], [141.738007, -37.181084], [141.747055, -37.174934], [141.763947, -37.176826], [141.786102, -37.169956], [141.805923, -37.173313], [141.834656, -37.172085], [141.836594, -37.157333], [141.847321, -37.153214], [141.865302, -37.144264], [141.885681, -37.140865], [141.898361, -37.137985], [141.904785, -37.123924], [141.910049, -37.114365], [141.919724, -37.119473], [141.925125, -37.134705], [141.924744, -37.151043], [141.929581, -37.168293], [141.91506, -37.183633], [141.912903, -37.202145], [141.900146, -37.216633], [141.883667, -37.217014], [141.872411, -37.222728], [141.857374, -37.229837], [141.859834, -37.236398], [141.860108, -37.252529], [141.878699, -37.240773], [141.898657, -37.237218], [141.925171, -37.226303], [141.936859, -37.228714], [141.951202, -37.231915], [141.967006, -37.230383], [141.974934, -37.246787], [141.989151, -37.251435], [142.000907, -37.271119], [142.011296, -37.295178], [142.029613, -37.310489], [142.042736, -37.292718], [142.072263, -37.282602], [142.075817, -37.25909], [142.08648, -37.237765], [142.105071, -37.200583], [142.124482, -37.201404], [142.152642, -37.166409], [142.161664, -37.144537], [142.170959, -37.137429], [142.173218, -37.126232], [142.186432, -37.11142], [142.195496, -37.093761], [142.203308, -37.087791], [142.211968, -37.102434], [142.215796, -37.116377], [142.235153, -37.12273], [142.255712, -37.162855], [142.272389, -37.167776], [142.278677, -37.180352], [142.31311, -37.191891], [142.341285, -37.204684], [142.37001, -37.228268], [142.399792, -37.231477], [142.415102, -37.2446], [142.419476, -37.25827], [142.435606, -37.258817], [142.461306, -37.261824], [142.461334, -37.277588], [142.476013, -37.283207], [142.494354, -37.290398], [142.514549, -37.294666], [142.509765, -37.280723], [142.510449, -37.26924], [142.513182, -37.257621], [142.50293, -37.228367], [142.501426, -37.189955], [142.493088, -37.184897], [142.489944, -37.174645], [142.496779, -37.172594], [142.508945, -37.178062], [142.521658, -37.184761], [142.525212, -37.178199], [142.51742, -37.16699], [142.508261, -37.159335], [142.501563, -37.144571], [142.505117, -37.121879], [142.505254, -37.107526], [142.507851, -37.095633], [142.50293, -37.060912], [142.48967, -37.022227], [142.47231, -36.996527], [142.475044, -36.985592], [142.460964, -36.959892], [142.492951, -36.953604], [142.509384, -36.949547], [142.523435, -36.950323], [142.541479, -36.94882], [142.558156, -36.941301], [142.556516, -36.909724], [142.557473, -36.882385], [142.567452, -36.882111], [142.565979, -36.874226], [142.5464, -36.86229], [142.539398, -36.854874], [142.523435, -36.841785], [142.507168, -36.825382], [142.507813, -36.810146], [142.479965, -36.792027], [142.476547, -36.779998], [142.474634, -36.77576], [142.465897, -36.766155], [142.470245, -36.761986], [142.761289, -36.758126], [142.759239, -36.746644], [142.745956, -36.742493], [142.742783, -36.73336], [142.736496, -36.729263], [142.728561, -36.724483], [142.730532, -36.714109], [142.740511, -36.706728], [142.748303, -36.700576], [142.752991, -36.684391], [142.757645, -36.679462], [142.765664, -36.677474], [142.771542, -36.670913], [142.777878, -36.671452], [142.780853, -36.666962], [142.796158, -36.660622], [142.802002, -36.648029], [142.810637, -36.64207], [142.816925, -36.620745], [142.827451, -36.613773], [142.830566, -36.60693], [142.830078, -36.59724], [142.915909, -36.600109], [142.922379, -36.616249], [142.927505, -36.62326], [142.929975, -36.713973], [142.953873, -36.746971], [142.98407, -36.76899], [142.99585, -36.78204], [143.001331, -36.80392], [143.007619, -36.821144], [143.024433, -36.848894], [143.033728, -36.86311], [143.050406, -36.87842], [143.060248, -36.891817], [143.067083, -36.894141], [143.076378, -36.898242], [143.094832, -36.901112], [143.108092, -36.898652], [143.120682, -36.899929], [143.178492, -36.905213], [143.179448, -36.898378], [143.210206, -36.900839], [143.211709, -36.906443], [143.22907, -36.907264], [143.241099, -36.911365], [143.244107, -36.905213], [143.330363, -36.910954], [143.347724, -36.915466], [143.348954, -36.922984], [143.366104, -36.926407], [143.373696, -36.93351], [143.396115, -36.934467], [143.411972, -36.926538], [143.422087, -36.930092], [143.432203, -36.929135], [143.440952, -36.935697], [143.455168, -36.937064], [143.468838, -36.939319], [143.468428, -36.916764], [143.480184, -36.907059], [143.486882, -36.895713], [143.499048, -36.894072], [143.508754, -36.88382], [143.511351, -36.863999], [143.504684, -36.842655], [143.500336, -36.830032], [143.507114, -36.821896], [143.512035, -36.810823], [143.5052, -36.799887], [143.49317, -36.789635], [143.483322, -36.775864], [143.477587, -36.764756], [143.470139, -36.761345], [143.463135, -36.752895], [143.468155, -36.746712], [143.464951, -36.738815], [143.476083, -36.735366], [143.474594, -36.723824], [143.486335, -36.719646], [143.490026, -36.702422], [143.500763, -36.674793], [143.504243, -36.662096], [143.494553, -36.649464], [143.49358, -36.631612], [143.478954, -36.628741], [143.469795, -36.622863], [143.46091, -36.624367], [143.44754, -36.620872], [143.443276, -36.605366], [143.441772, -36.590603], [143.435347, -36.57871], [143.424622, -36.562412], [143.411484, -36.555992], [143.395981, -36.546864], [143.383972, -36.537502], [143.376434, -36.534122], [143.351883, -36.513943], [143.336517, -36.513485], [143.33091, -36.503526], [143.319017, -36.475913], [143.335421, -36.486986], [143.346493, -36.49054], [143.358933, -36.485619], [143.365084, -36.488899], [143.37643, -36.49013], [143.389827, -36.496281], [143.408828, -36.498742], [143.410878, -36.470035], [143.424275, -36.468258], [143.441088, -36.462653], [143.444643, -36.452674], [143.448333, -36.435177], [143.443412, -36.423421], [143.445053, -36.410572], [143.447922, -36.393192], [143.439585, -36.383915], [143.439311, -36.364231], [143.479911, -36.3738], [143.480457, -36.355072], [143.485242, -36.338532], [143.475673, -36.328279], [143.479364, -36.291508], [143.513948, -36.291781], [143.508344, -36.280298], [143.504106, -36.260751], [143.521877, -36.261024], [143.51969, -36.248174], [143.530762, -36.246261], [143.538964, -36.24298], [143.551267, -36.233001], [143.552087, -36.224936], [143.56275, -36.218648], [143.545389, -36.213726], [143.544022, -36.203884], [143.529122, -36.201424], [143.530899, -36.181056], [143.522697, -36.17053], [143.508891, -36.163832], [143.507797, -36.147975], [143.501099, -36.132528], [143.510941, -36.128837], [143.505473, -36.100404], [143.480457, -36.099447], [143.479911, -35.985167], [143.433707, -35.981887], [143.424001, -35.988585], [143.417419, -36.007103], [143.403824, -36.016792], [143.38846, -36.016061], [143.37397, -36.009363], [143.375063, -35.998017], [143.370416, -35.990499], [143.361393, -35.98298], [143.363444, -35.928574], [143.373696, -35.931172], [143.379301, -35.893443], [143.382992, -35.881824], [143.376704, -35.872392], [143.381488, -35.856535], [143.380941, -35.846009], [143.380941, -35.836987], [143.363444, -35.830835], [143.355379, -35.822634], [143.356062, -35.802812], [143.352781, -35.789553], [143.357293, -35.784085], [143.364948, -35.771235], [143.370826, -35.760299], [143.372056, -35.74745], [143.352235, -35.727492], [143.348681, -35.716693], [143.335297, -35.705772], [143.338838, -35.69195], [143.342939, -35.678691], [143.33009, -35.672676], [143.322024, -35.666114], [143.319837, -35.653128], [143.291404, -35.641509], [143.28949, -35.573433], [143.39051, -35.5748], [143.405547, -35.566872], [143.63807, -35.571109], [143.632055, -35.497839], [143.704779, -35.497566], [143.710794, -35.492645], [143.727471, -35.495105], [143.744695, -35.497566], [143.793632, -35.499479], [143.805389, -35.496472], [143.803497, -35.474564], [143.792812, -35.458197], [143.80145, -35.433807], [143.800162, -35.433449]]]}}, {"type": "Feature", "properties": {"index": "MBYN", "division": "Maribyrnong", "state": "Victoria", "year": "1994", "proclaimed": "19941220", "quota": "0", "electors": "0", "deviation": ""}, "geometry": {"type": "Polygon", "coordinates": [[[144.919266, -37.766092], [144.917074, -37.761716], [144.916522, -37.759349], [144.916068, -37.756958], [144.908015, -37.756182], [144.910064, -37.744606], [144.892537, -37.737304], [144.892931, -37.734706], [144.89083, -37.734373], [144.890108, -37.73295], [144.890157, -37.730715], [144.891572, -37.724986], [144.891312, -37.722908], [144.892377, -37.717226], [144.891678, -37.715653], [144.888548, -37.710754], [144.885935, -37.70731], [144.88361, -37.708616], [144.860863, -37.706121], [144.850388, -37.703445], [144.843322, -37.702717], [144.834438, -37.703393], [144.83562, -37.70415], [144.836256, -37.704977], [144.83704, -37.70552], [144.838268, -37.70585], [144.83849, -37.707471], [144.838125, -37.708597], [144.83823, -37.709679], [144.838528, -37.710409], [144.839399, -37.710848], [144.839981, -37.711899], [144.841036, -37.712459], [144.840828, -37.713965], [144.839763, -37.714745], [144.837846, -37.715548], [144.837965, -37.717333], [144.839113, -37.718174], [144.840492, -37.718174], [144.841746, -37.717292], [144.841997, -37.718901], [144.841218, -37.7202], [144.840127, -37.721317], [144.840265, -37.722832], [144.840345, -37.724315], [144.838986, -37.724677], [144.838413, -37.726158], [144.83976, -37.727068], [144.842179, -37.727603], [144.843537, -37.7274], [144.845599, -37.727458], [144.847339, -37.728161], [144.847908, -37.729694], [144.84792, -37.73163], [144.847514, -37.732922], [144.846602, -37.733601], [144.844361, -37.733604], [144.842594, -37.732591], [144.842101, -37.731058], [144.841088, -37.728902], [144.839056, -37.728574], [144.837347, -37.728201], [144.836343, -37.727129], [144.834859, -37.72613], [144.832645, -37.725577], [144.831658, -37.725837], [144.831054, -37.727308], [144.830879, -37.728747], [144.83019, -37.729389], [144.828981, -37.729195], [144.829475, -37.728681], [144.829691, -37.727904], [144.828774, -37.727655], [144.827611, -37.727503], [144.825603, -37.726778], [144.823122, -37.726831], [144.815125, -37.729571], [144.802376, -37.728313], [144.782169, -37.727666], [144.763973, -37.725619], [144.761887, -37.737458], [144.76274, -37.738696], [144.762844, -37.740047], [144.761775, -37.74109], [144.760677, -37.742162], [144.76043, -37.74389], [144.759779, -37.744151], [144.75944, -37.74638], [144.759003, -37.747748], [144.757671, -37.747905], [144.757207, -37.749035], [144.756765, -37.750593], [144.777652, -37.752657], [144.775391, -37.766388], [144.776222, -37.765738], [144.77762, -37.765208], [144.77741, -37.764371], [144.778057, -37.763623], [144.779341, -37.763855], [144.781028, -37.763686], [144.782299, -37.76335], [144.782353, -37.764517], [144.782151, -37.765934], [144.78398, -37.7663], [144.784902, -37.767214], [144.785259, -37.769089], [144.786717, -37.769167], [144.788438, -37.769331], [144.787652, -37.769869], [144.786653, -37.77102], [144.787003, -37.772856], [144.788177, -37.77297], [144.788847, -37.772077], [144.790468, -37.771586], [144.791129, -37.771762], [144.79299, -37.771569], [144.795871, -37.770566], [144.798329, -37.771297], [144.804096, -37.774051], [144.823886, -37.776442], [144.823787, -37.776058], [144.823319, -37.775279], [144.822763, -37.77376], [144.823547, -37.771336], [144.846254, -37.747429], [144.847237, -37.748846], [144.848154, -37.750808], [144.848907, -37.75273], [144.849646, -37.754031], [144.849688, -37.755899], [144.848284, -37.757614], [144.848258, -37.75977], [144.849297, -37.760887], [144.851453, -37.762004], [144.853366, -37.762268], [144.854018, -37.763238], [144.854458, -37.764907], [144.854284, -37.765849], [144.852817, -37.767337], [144.85179, -37.76881], [144.851713, -37.770421], [144.852258, -37.772317], [144.853701, -37.773836], [144.855563, -37.774793], [144.856885, -37.77558], [144.86043, -37.776387], [144.862636, -37.775317], [144.864974, -37.773759], [144.866247, -37.772122], [144.868611, -37.772356], [144.870169, -37.772564], [144.87204, -37.772798], [144.87365, -37.772096], [144.874508, -37.770745], [144.874437, -37.768999], [144.873235, -37.768433], [144.87079, -37.766516], [144.872715, -37.761991], [144.873524, -37.761423], [144.876196, -37.760303], [144.878137, -37.758991], [144.880188, -37.757369], [144.880394, -37.757098], [144.881106, -37.756172], [144.883574, -37.755808], [144.885298, -37.75609], [144.88521, -37.757133], [144.884694, -37.758569], [144.884197, -37.760516], [144.884959, -37.7616], [144.886249, -37.761913], [144.888136, -37.761758], [144.890016, -37.762433], [144.891237, -37.763576], [144.892484, -37.764953], [144.893896, -37.765775], [144.895705, -37.76516], [144.897303, -37.764779], [144.899121, -37.764758], [144.900862, -37.765121], [144.901732, -37.765667], [144.901988, -37.766876], [144.902213, -37.768433], [144.901974, -37.769554], [144.900992, -37.770012], [144.920617, -37.772228], [144.919266, -37.766092]]]}}, {"type": "Feature", "properties": {"index": "MCEW", "division": "McEwen", "state": "Victoria", "year": "1994", "proclaimed": "19941220", "quota": "0", "electors": "0", "deviation": ""}, "geometry": {"type": "Polygon", "coordinates": [[[144.802654, -37.610845], [144.804005, -37.612949], [144.80559, -37.614066], [144.809495, -37.613919], [144.811201, -37.613261], [144.812941, -37.614664], [144.81959, -37.620152], [144.818383, -37.627528], [144.881462, -37.634766], [144.910643, -37.638489], [144.911992, -37.631491], [144.919833, -37.626467], [144.948206, -37.629808], [144.951271, -37.631029], [144.954752, -37.631081], [144.957194, -37.630744], [144.98656, -37.628944], [145.057706, -37.637614], [145.068079, -37.642823], [145.069537, -37.642132], [145.070605, -37.641732], [145.078216, -37.641706], [145.096742, -37.628014], [145.113771, -37.61623], [145.13578, -37.619788], [145.133127, -37.634727], [145.132015, -37.639238], [145.131418, -37.641758], [145.131677, -37.643732], [145.131314, -37.645862], [145.128248, -37.648824], [145.125988, -37.649161], [145.123209, -37.649967], [145.12152, -37.651162], [145.120377, -37.652616], [145.121936, -37.654201], [145.124586, -37.65498], [145.126794, -37.656773], [145.126014, -37.658539], [145.12456, -37.661293], [145.123754, -37.663579], [145.124949, -37.665008], [145.123823, -37.667983], [145.123326, -37.670702], [145.124793, -37.671112], [145.126, -37.671255], [145.1263, -37.672048], [145.129236, -37.672437], [145.131288, -37.673061], [145.140133, -37.674217], [145.141588, -37.674334], [145.142835, -37.674412], [145.144445, -37.674645], [145.146835, -37.675165], [145.14664, -37.675477], [145.144874, -37.6761], [145.144653, -37.677581], [145.144095, -37.678061], [145.144125, -37.679559], [145.14291, -37.686963], [145.149771, -37.687878], [145.151485, -37.688189], [145.152602, -37.687981], [145.156135, -37.688787], [145.153122, -37.690813], [145.152342, -37.692813], [145.152109, -37.695411], [145.151745, -37.69697], [145.154291, -37.698243], [145.154758, -37.699437], [145.153693, -37.700632], [145.153693, -37.701801], [145.154161, -37.702711], [145.153901, -37.703542], [145.154551, -37.704399], [145.156499, -37.704165], [145.158499, -37.704555], [145.161019, -37.70323], [145.164136, -37.702892], [145.167877, -37.702841], [145.172033, -37.701957], [145.175151, -37.703022], [145.178424, -37.703516], [145.180372, -37.703646], [145.183359, -37.702581], [145.183567, -37.701256], [145.184762, -37.701646], [145.186529, -37.699827], [145.187724, -37.700035], [145.188659, -37.700632], [145.190477, -37.700295], [145.19227, -37.699827], [145.193647, -37.699801], [145.195101, -37.700399], [145.196686, -37.700165], [145.196972, -37.70123], [145.19627, -37.702841], [145.195439, -37.70401], [145.195881, -37.705075], [145.195023, -37.707075], [145.200271, -37.708426], [145.205025, -37.709751], [145.204765, -37.713595], [145.20557, -37.715595], [145.206531, -37.717128], [145.206895, -37.718921], [145.206168, -37.720531], [145.20383, -37.72157], [145.203362, -37.722999], [145.204505, -37.723986], [145.206921, -37.724168], [145.208947, -37.724739], [145.211051, -37.725519], [145.211545, -37.726818], [145.21009, -37.728662], [145.208817, -37.729286], [145.208765, -37.730558], [145.211519, -37.729987], [145.21487, -37.731442], [145.21552, -37.73365], [145.211831, -37.735546], [145.208142, -37.737131], [145.204843, -37.737546], [145.201803, -37.737546], [145.201284, -37.738871], [145.202765, -37.740716], [145.204349, -37.741885], [145.2077, -37.741261], [145.211207, -37.739676], [145.214299, -37.739209], [145.217078, -37.738482], [145.219936, -37.736741], [145.222819, -37.736403], [145.225651, -37.736273], [145.227391, -37.737235], [145.229054, -37.738508], [145.230223, -37.737962], [145.229417, -37.737105], [145.228378, -37.73539], [145.227365, -37.733598], [145.228352, -37.732351], [145.232379, -37.732039], [145.235184, -37.730844], [145.237626, -37.732455], [145.239678, -37.73513], [145.241549, -37.73617], [145.243367, -37.735234], [145.242588, -37.733624], [145.240822, -37.731857], [145.241445, -37.730714], [145.242094, -37.728974], [145.241419, -37.728324], [145.239627, -37.727857], [145.236977, -37.727311], [145.236405, -37.724817], [145.236249, -37.723129], [145.23599, -37.721804], [145.236691, -37.720453], [145.238743, -37.721674], [145.240146, -37.724272], [145.241159, -37.725908], [145.243575, -37.725051], [145.243523, -37.723051], [145.242822, -37.721129], [145.243471, -37.719466], [145.246614, -37.720401], [145.249212, -37.720973], [145.250745, -37.718687], [145.253836, -37.718115], [145.255577, -37.715284], [145.256044, -37.713621], [145.255239, -37.711023], [145.258122, -37.711127], [145.26059, -37.709595], [145.262227, -37.708919], [145.263915, -37.707958], [145.266357, -37.708296], [145.26841, -37.707698], [145.269916, -37.706088], [145.269475, -37.705672], [145.267942, -37.705542], [145.267526, -37.704555], [145.269708, -37.704139], [145.272618, -37.704633], [145.272878, -37.706503], [145.27241, -37.708088], [145.273891, -37.708945], [145.275605, -37.71014], [145.27254, -37.715466], [145.273969, -37.716557], [145.27667, -37.715933], [145.27706, -37.714011], [145.278878, -37.713154], [145.281658, -37.713907], [145.282541, -37.715595], [145.282541, -37.718219], [145.283501, -37.719082], [145.285753, -37.717152], [145.286652, -37.715347], [145.286636, -37.714439], [145.285492, -37.7113], [145.28363, -37.709728], [145.283203, -37.708378], [145.284454, -37.704769], [145.286011, -37.703747], [145.291809, -37.70282], [145.292252, -37.703159], [145.290985, -37.706539], [145.289291, -37.708237], [145.289017, -37.709476], [145.291016, -37.711609], [145.294724, -37.712719], [145.295593, -37.713818], [145.298691, -37.713047], [145.301239, -37.714729], [145.301392, -37.71608], [145.301971, -37.716408], [145.309067, -37.716499], [145.311325, -37.715469], [145.312302, -37.714458], [145.311142, -37.709949], [145.314102, -37.706787], [145.320206, -37.707779], [145.321487, -37.707767], [145.322052, -37.707039], [145.320053, -37.706196], [145.314331, -37.699348], [145.315186, -37.698448], [145.317169, -37.698097], [145.318436, -37.697197], [145.31897, -37.693699], [145.31764, -37.692423], [145.317551, -37.692017], [145.318253, -37.691338], [145.326462, -37.688938], [145.327454, -37.689606], [145.330566, -37.688587], [145.339417, -37.676048], [145.343643, -37.673546], [145.34549, -37.673767], [145.351089, -37.682526], [145.352081, -37.682117], [145.352066, -37.680496], [145.354279, -37.673168], [145.357666, -37.671455], [145.358658, -37.671455], [145.359512, -37.672016], [145.361084, -37.674255], [145.362228, -37.674927], [145.363159, -37.674038], [145.361771, -37.671886], [145.361908, -37.671219], [145.362762, -37.670536], [145.364182, -37.670528], [145.374466, -37.662815], [145.376862, -37.660446], [145.378845, -37.660328], [145.379974, -37.660767], [145.380981, -37.662006], [145.381973, -37.662445], [145.383652, -37.662067], [145.385101, -37.663555], [145.389648, -37.666126], [145.392197, -37.666225], [145.396469, -37.667557], [145.398758, -37.669468], [145.400192, -37.672047], [145.399216, -37.673515], [145.401215, -37.675537], [145.405899, -37.675735], [145.406708, -37.674908], [145.406021, -37.672806], [145.407532, -37.669086], [145.412613, -37.665565], [145.417999, -37.664295], [145.42012, -37.664627], [145.422516, -37.663937], [145.422363, -37.661575], [145.420212, -37.658768], [145.420914, -37.657978], [145.423477, -37.658466], [145.424606, -37.658405], [145.429749, -37.663456], [145.430618, -37.666035], [145.429626, -37.666836], [145.429642, -37.668186], [145.440598, -37.673534], [145.446136, -37.673958], [145.453476, -37.671215], [145.454895, -37.671097], [145.46257, -37.673985], [145.465714, -37.675995], [145.466843, -37.676094], [145.471207, -37.672245], [145.472183, -37.670216], [145.47229, -37.665817], [145.472839, -37.664684], [145.474823, -37.664116], [145.477676, -37.666576], [145.478943, -37.665897], [145.479645, -37.664425], [145.483749, -37.663616], [145.484879, -37.663944], [145.484177, -37.665077], [145.484619, -37.666084], [145.487503, -37.665237], [145.486328, -37.667095], [145.486908, -37.668667], [145.487625, -37.669224], [145.48851, -37.673836], [145.488266, -37.678455], [145.488846, -37.679466], [145.491272, -37.681145], [145.492706, -37.682827], [145.495895, -37.691036], [145.499969, -37.696236], [145.500931, -37.698215], [145.503555, -37.699017], [145.503265, -37.700817], [145.505112, -37.703976], [145.507095, -37.703186], [145.508514, -37.704094], [145.508514, -37.705444], [145.50766, -37.706905], [145.506073, -37.713665], [145.505219, -37.715466], [145.503082, -37.718056], [145.501297, -37.719246], [145.500732, -37.723106], [145.497528, -37.729317], [145.498627, -37.730965], [145.500098, -37.732642], [145.501297, -37.732925], [145.502045, -37.734276], [145.50502, -37.735516], [145.508698, -37.737885], [145.509415, -37.737328], [145.512115, -37.737335], [145.513382, -37.737896], [145.513657, -37.738457], [145.513657, -37.741726], [145.517349, -37.743195], [145.516907, -37.744217], [145.520599, -37.746815], [145.523438, -37.749516], [145.524704, -37.751434], [145.524689, -37.755047], [145.530075, -37.759335], [145.531204, -37.763275], [145.531754, -37.767105], [145.531189, -37.767784], [145.529617, -37.768005], [145.528915, -37.768566], [145.513319, -37.767866], [145.51387, -37.771694], [145.513428, -37.773605], [145.513, -37.773945], [145.512299, -37.772705], [145.509445, -37.777546], [145.509171, -37.778786], [145.50972, -37.783855], [145.510284, -37.785206], [145.511376, -37.785965], [145.512268, -37.786224], [145.516663, -37.786346], [145.517792, -37.786915], [145.518514, -37.786987], [145.519211, -37.787136], [145.518509, -37.788944], [145.518509, -37.789505], [145.520477, -37.791756], [145.52034, -37.793007], [145.51976, -37.793674], [145.517639, -37.793674], [145.517349, -37.794006], [145.516907, -37.797726], [145.518631, -37.798744], [145.51593, -37.799416], [145.515198, -37.800087], [145.514633, -37.801888], [145.51506, -37.802456], [145.515625, -37.802227], [145.515915, -37.801105], [145.516617, -37.801216], [145.516479, -37.805614], [145.51619, -37.805946], [145.514343, -37.805386], [145.51236, -37.805824], [145.510651, -37.806618], [145.508652, -37.807068], [145.507217, -37.811565], [145.504857, -37.813497], [145.503799, -37.814827], [145.502808, -37.816517], [145.501205, -37.816376], [145.50107, -37.818257], [145.50107, -37.820971], [145.501036, -37.823619], [145.500809, -37.825947], [145.500687, -37.827297], [145.499494, -37.830423], [145.498184, -37.832947], [145.498589, -37.835048], [145.498053, -37.837427], [145.496826, -37.840267], [145.494583, -37.843216], [145.494903, -37.8446], [145.49675, -37.846355], [145.499542, -37.849617], [145.503845, -37.851105], [145.505829, -37.853477], [145.509369, -37.856075], [145.511932, -37.857086], [145.51506, -37.856865], [145.518188, -37.857887], [145.519704, -37.858877], [145.522318, -37.860151], [145.524994, -37.860718], [145.526809, -37.861357], [145.529099, -37.863766], [145.529678, -37.866127], [145.531235, -37.867374], [145.532654, -37.866806], [145.537766, -37.868057], [145.539612, -37.870766], [145.54187, -37.872456], [145.545441, -37.872017], [145.551544, -37.873257], [145.552811, -37.874275], [145.553238, -37.875736], [145.554325, -37.877512], [145.556135, -37.879422], [145.559118, -37.880394], [145.560962, -37.881902], [145.56189, -37.885326], [145.563309, -37.887474], [145.564148, -37.887806], [145.56813, -37.893677], [145.56842, -37.895027], [145.567413, -37.896824], [145.568134, -37.897386], [145.574661, -37.899315], [145.575226, -37.898296], [145.58432, -37.896957], [145.585602, -37.897076], [145.587448, -37.897976], [145.590287, -37.896817], [145.603593, -37.898224], [145.603358, -37.901576], [145.626149, -37.902179], [145.625278, -37.911061], [145.625814, -37.911966], [145.62759, -37.913742], [145.634732, -37.92064], [145.654143, -37.921597], [145.655784, -37.913532], [145.672871, -37.914078], [145.672461, -37.904646], [145.679022, -37.899042], [145.685447, -37.898495], [145.691735, -37.888653], [145.723039, -37.888379], [145.734112, -37.905603], [145.765279, -37.905603], [145.77143, -37.895488], [145.773834, -37.886082], [145.781937, -37.879093], [145.798843, -37.876492], [145.811203, -37.868935], [145.820915, -37.857759], [145.81244, -37.851334], [145.813807, -37.843542], [145.813396, -37.832196], [145.801094, -37.823448], [145.810799, -37.809368], [145.819958, -37.807044], [145.832808, -37.813879], [145.842103, -37.809915], [145.846614, -37.801849], [145.848664, -37.795698], [145.862334, -37.794468], [145.872723, -37.797338], [145.87409, -37.808411], [145.890904, -37.823038], [145.906761, -37.824405], [145.913186, -37.820304], [145.925491, -37.828671], [145.936015, -37.824815], [145.935604, -37.815382], [145.928086, -37.80349], [145.935074, -37.797783], [145.924942, -37.789683], [145.924258, -37.773553], [145.943259, -37.770682], [145.94613, -37.75879], [145.988233, -37.766581], [145.997939, -37.769999], [146.00946, -37.762569], [146.029379, -37.776834], [146.042912, -37.772459], [146.058633, -37.773006], [146.076677, -37.770956], [146.089936, -37.758653], [146.102239, -37.760157], [146.110715, -37.775057], [146.1196, -37.778064], [146.124931, -37.788863], [146.134227, -37.79023], [146.140651, -37.785719], [146.147213, -37.771502], [146.164437, -37.766035], [146.174552, -37.769315], [146.193827, -37.764257], [146.20813, -37.776669], [146.218022, -37.776697], [146.270514, -37.80595], [146.239621, -37.608285], [146.263953, -37.610609], [146.27899, -37.601587], [146.287192, -37.597213], [146.302775, -37.596939], [146.319726, -37.59981], [146.35349, -37.625919], [146.38083, -37.627559], [146.384657, -37.608422], [146.399557, -37.603501], [146.413501, -37.611156], [146.423343, -37.61594], [146.433453, -37.616025], [146.643387, -37.168739], [146.363469, -36.972913], [146.347749, -36.96225], [146.336676, -36.953638], [146.317949, -36.953365], [146.313164, -36.945026], [146.301955, -36.94489], [146.292374, -36.938473], [146.278306, -36.934501], [146.272838, -36.922608], [146.260262, -36.912629], [146.241398, -36.914406], [146.218994, -36.913704], [146.205036, -36.906751], [146.194784, -36.903334], [146.184433, -36.893356], [146.170807, -36.891674], [146.150357, -36.888297], [146.144752, -36.874354], [146.111125, -36.87162], [146.083648, -36.862871], [146.066561, -36.863828], [146.054805, -36.906204], [146.045373, -36.905657], [146.031703, -36.895132], [146.017213, -36.864785], [146.006004, -36.853849], [145.999169, -36.859864], [145.988233, -36.868339], [145.976887, -36.877361], [145.956383, -36.880915], [145.956656, -36.895952], [145.949684, -36.905521], [145.936288, -36.913859], [145.931367, -36.921924], [145.914416, -36.924385], [145.90242, -36.911716], [145.884343, -36.890894], [145.871903, -36.884743], [145.859327, -36.890757], [145.864111, -36.903197], [145.857687, -36.915773], [145.839779, -36.920147], [145.822692, -36.91714], [145.801504, -36.917277], [145.800137, -36.924522], [145.793439, -36.924932], [145.787287, -36.93163], [145.766782, -36.933954], [145.747371, -36.928486], [145.733155, -36.919737], [145.718528, -36.928896], [145.706362, -36.924522], [145.697477, -36.931357], [145.666993, -36.931493], [145.65305, -36.933817], [145.646164, -36.94651], [145.637056, -36.94407], [145.618328, -36.941609], [145.603702, -36.936961], [145.585794, -36.961704], [145.570894, -36.96225], [145.570211, -36.975783], [145.572535, -36.988633], [145.567067, -36.994374], [145.56898, -37.0049], [145.563102, -37.012008], [145.555994, -37.025268], [145.562966, -37.046866], [145.562829, -37.067645], [145.567067, -37.094437], [145.542461, -37.089243], [145.525237, -37.078854], [145.50897, -37.06327], [145.502682, -37.044953], [145.49571, -37.033743], [145.479853, -37.027045], [145.491547, -37.015972], [145.487098, -37.001209], [145.498444, -36.993633], [145.508499, -36.990921], [145.52387, -36.993964], [145.529611, -36.984669], [145.526331, -36.974417], [145.529065, -36.96143], [145.511294, -36.958423], [145.509243, -36.942976], [145.504049, -36.934227], [145.494343, -36.928076], [145.49366, -36.90429], [145.460852, -36.897045], [145.458255, -36.890211], [145.456751, -36.8749], [145.460989, -36.862187], [145.462493, -36.846467], [145.444175, -36.829927], [145.428455, -36.823502], [145.428182, -36.798623], [145.387665, -36.771442], [145.34111, -36.750744], [145.298935, -36.734764], [145.284102, -36.720568], [145.282325, -36.701841], [145.297516, -36.664215], [145.28916, -36.652493], [145.288066, -36.639917], [145.297363, -36.636044], [145.303513, -36.622693], [145.298318, -36.607793], [145.305328, -36.594685], [145.297225, -36.574985], [145.280958, -36.576352], [145.258813, -36.580453], [145.240905, -36.590842], [145.227372, -36.585784], [145.215343, -36.602598], [145.229149, -36.614901], [145.235574, -36.624743], [145.234207, -36.634995], [145.222998, -36.628571], [145.219307, -36.631988], [145.216492, -36.642685], [145.204544, -36.642651], [145.20468, -36.657551], [145.214645, -36.666126], [145.217803, -36.679969], [145.211273, -36.685955], [145.200169, -36.683387], [145.183902, -36.68325], [145.181732, -36.693443], [145.172556, -36.696236], [145.166952, -36.686667], [145.16039, -36.673954], [145.084386, -36.672861], [145.062241, -36.664522], [145.041463, -36.649759], [145.040369, -36.667119], [145.040096, -36.680516], [145.03039, -36.681609], [145.017131, -36.676278], [144.998813, -36.687624], [144.993482, -36.697877], [144.937225, -36.700939], [144.939486, -36.71469], [144.937239, -36.737351], [144.936205, -36.747771], [144.934428, -36.822545], [144.938019, -36.83683], [144.979265, -36.835668], [144.992525, -36.838949], [145.013987, -36.860957], [145.04447, -36.864921], [145.070033, -36.862324], [145.095869, -36.891167], [145.080285, -36.901283], [145.063471, -36.905794], [145.047478, -36.906751], [145.037089, -36.917687], [145.039412, -36.938055], [145.004281, -36.937918], [144.995942, -36.940515], [144.994812, -36.948639], [144.989791, -36.950494], [144.984733, -36.95897], [144.953703, -36.95856], [144.953293, -36.971956], [144.936616, -36.972229], [144.934428, -36.984259], [144.892189, -36.985352], [144.891232, -36.995195], [144.894513, -37.005857], [144.890548, -37.015153], [144.886174, -37.018297], [144.876332, -37.023764], [144.85323, -37.024448], [144.85528, -37.034837], [144.849402, -37.040852], [144.838466, -37.043722], [144.820012, -37.043996], [144.813997, -37.054111], [144.807436, -37.058622], [144.79404, -37.060126], [144.779823, -37.071335], [144.772851, -37.079401], [144.761505, -37.075983], [144.757951, -37.083091], [144.738267, -37.083912], [144.730475, -37.09225], [144.714891, -37.099222], [144.721043, -37.109611], [144.724324, -37.12082], [144.740864, -37.128885], [144.742094, -37.161283], [144.714345, -37.161693], [144.718172, -37.175089], [144.721726, -37.186708], [144.716942, -37.211724], [144.738677, -37.220883], [144.774902, -37.22266], [144.784197, -37.216509], [144.799507, -37.212134], [144.817005, -37.217739], [144.818756, -37.229061], [144.82548, -37.232912], [144.821579, -37.274113], [144.831358, -37.284037], [144.848582, -37.286908], [144.853093, -37.319989], [144.900391, -37.347192], [144.915974, -37.348832], [144.918571, -37.362502], [144.922946, -37.375078], [144.916248, -37.381093], [144.909139, -37.387655], [144.9116, -37.394489], [144.905175, -37.39654], [144.898575, -37.402802], [144.900254, -37.414721], [144.898911, -37.44672], [144.894974, -37.460121], [144.901352, -37.469353], [144.895743, -37.477738], [144.893146, -37.491682], [144.886963, -37.49369], [144.884003, -37.504051], [144.875946, -37.502811], [144.86731, -37.504258], [144.8669, -37.518338], [144.856934, -37.527763], [144.850359, -37.532008], [144.852546, -37.54308], [144.851726, -37.55634], [144.843307, -37.554291], [144.829308, -37.553469], [144.82901, -37.566792], [144.823293, -37.573564], [144.810333, -37.581772], [144.80894, -37.590241], [144.8168, -37.599605], [144.801927, -37.609052], [144.802654, -37.610845]]]}}, {"type": "Feature", "properties": {"index": "MMLN", "division": "McMillan", "state": "Victoria", "year": "1994", "proclaimed": "19941220", "quota": "0", "electors": "0", "deviation": ""}, "geometry": {"type": "Polygon", "coordinates": [[[145.625043, -37.916859], [145.622027, -37.91515], [145.617435, -37.919305], [145.609894, -37.919238], [145.607581, -37.916959], [145.601515, -37.92135], [145.595516, -37.923897], [145.594075, -37.930265], [145.585696, -37.933382], [145.588612, -37.938644], [145.59203, -37.938845], [145.594678, -37.93613], [145.598298, -37.938041], [145.605202, -37.936566], [145.607917, -37.939113], [145.611201, -37.937806], [145.627054, -37.941526], [145.629567, -37.949201], [145.617502, -37.951212], [145.617066, -37.961166], [145.615122, -37.962875], [145.609492, -37.961669], [145.601448, -37.963613], [145.595281, -37.972964], [145.595114, -37.973835], [145.597091, -37.975276], [145.596169, -37.982298], [145.594443, -37.983001], [145.590891, -37.984057], [145.589198, -37.984174], [145.586534, -37.983135], [145.584724, -37.981879], [145.558565, -37.981259], [145.559755, -37.984191], [145.556186, -37.984459], [145.552868, -37.984275], [145.550522, -37.984895], [145.550203, -37.985951], [145.55156, -37.987559], [145.546852, -37.986688], [145.535289, -37.98089], [145.534334, -37.97898], [145.532725, -37.978829], [145.530513, -37.97531], [145.526457, -37.973517], [145.526273, -37.97541], [145.525988, -37.976801], [145.525553, -37.978292], [145.525335, -37.980421], [145.52634, -37.981158], [145.52748, -37.982381], [145.5282, -37.983672], [145.526977, -37.984426], [145.528686, -37.986185], [145.530496, -37.987844], [145.529608, -37.988515], [145.529993, -37.990023], [145.530814, -37.991296], [145.530094, -37.991849], [145.530697, -37.996391], [145.527798, -37.996625], [145.526742, -37.998553], [145.523676, -37.999323], [145.521983, -37.999608], [145.521363, -38.000982], [145.5221, -38.002775], [145.519134, -38.002809], [145.518431, -38.004384], [145.517174, -38.005289], [145.514325, -38.00539], [145.514342, -38.005842], [145.514241, -38.008138], [145.513554, -38.008557], [145.512331, -38.009663], [145.512498, -38.010836], [145.51285, -38.011707], [145.512347, -38.012076], [145.511593, -38.011355], [145.510471, -38.010568], [145.509733, -38.010149], [145.508024, -38.009663], [145.508091, -38.007719], [145.508058, -38.006026], [145.507471, -38.004954], [145.506717, -38.004133], [145.504941, -38.002172], [145.503315, -38.001619], [145.500349, -38.000161], [145.493948, -37.999206], [145.492255, -37.99624], [145.491199, -37.996961], [145.489959, -37.997128], [145.488736, -37.99743], [145.487915, -37.998821], [145.486842, -37.998603], [145.485183, -37.998821], [145.484027, -37.999977], [145.483089, -38.001485], [145.481011, -38.003814], [145.481714, -38.004971], [145.481983, -38.006362], [145.481161, -38.008238], [145.480508, -38.010903], [145.48024, -38.012344], [145.479653, -38.014238], [145.478162, -38.015444], [145.474224, -38.015779], [145.472598, -38.015746], [145.469716, -38.018427], [145.46871, -38.019097], [145.466843, -38.020386], [145.465007, -38.020874], [145.463432, -38.020555], [145.46184, -38.020974], [145.459846, -38.0227], [145.45694, -38.025417], [145.457245, -38.026997], [145.458817, -38.027779], [145.459305, -38.031826], [145.461304, -38.032936], [145.464188, -38.035496], [145.462936, -38.037426], [145.46313, -38.041603], [145.463968, -38.043765], [145.464605, -38.045407], [145.465191, -38.046362], [145.466264, -38.047049], [145.466582, -38.047301], [145.465979, -38.048239], [145.466649, -38.048474], [145.468074, -38.048641], [145.469213, -38.049278], [145.468933, -38.050449], [145.468375, -38.05144], [145.467554, -38.052797], [145.467789, -38.053534], [145.468277, -38.054398], [145.466901, -38.055964], [145.466314, -38.056785], [145.465761, -38.057992], [145.466331, -38.059065], [145.465962, -38.06007], [145.465694, -38.061444], [145.463837, -38.063328], [145.461487, -38.068867], [145.459527, -38.069991], [145.458555, -38.071365], [145.457081, -38.072906], [145.456343, -38.074046], [145.455304, -38.076124], [145.453729, -38.078503], [145.452925, -38.080782], [145.45269, -38.083497], [145.452489, -38.084436], [145.452422, -38.086413], [145.452154, -38.087284], [145.452484, -38.089787], [145.451081, -38.092245], [145.449417, -38.09499], [145.449171, -38.097641], [145.449356, -38.101418], [145.450176, -38.103171], [145.451263, -38.105568], [145.452576, -38.107018], [145.455292, -38.108128], [145.455539, -38.108902], [145.456343, -38.111751], [145.455658, -38.11364], [145.453964, -38.115459], [145.451675, -38.115589], [145.452286, -38.118629], [145.452728, -38.119637], [145.453644, -38.124809], [145.448776, -38.148678], [145.523733, -38.158358], [145.5359, -38.165466], [145.55039, -38.159998], [145.574858, -38.154667], [145.588938, -38.166013], [145.652229, -38.16943], [145.680936, -38.175718], [145.679159, -38.195129], [145.701851, -38.196496], [145.702534, -38.207569], [145.714564, -38.21044], [145.71142, -38.248168], [145.717161, -38.256233], [145.735752, -38.255413], [145.737256, -38.279746], [145.750652, -38.278789], [145.75612, -38.272501], [145.763916, -38.279255], [145.778128, -38.265939], [145.790705, -38.273184], [145.813644, -38.276073], [145.834585, -38.310639], [145.828296, -38.319661], [145.87368, -38.326223], [145.880105, -38.319525], [145.88571, -38.334561], [145.896099, -38.342217], [145.908538, -38.340986], [145.911819, -38.330871], [145.940936, -38.332238], [145.945857, -38.327453], [145.955562, -38.325676], [145.963491, -38.318568], [145.975657, -38.310639], [145.979484, -38.316107], [145.986183, -38.321438], [145.992334, -38.32759], [146.011062, -38.329777], [146.027602, -38.332238], [146.045646, -38.331691], [146.068475, -38.31392], [146.084195, -38.316107], [146.091577, -38.324582], [146.104426, -38.327043], [146.118643, -38.343037], [146.127118, -38.358757], [146.151997, -38.346728], [146.175236, -38.350145], [146.174826, -38.340713], [146.196424, -38.341123], [146.194647, -38.332921], [146.202042, -38.324322], [146.211598, -38.316381], [146.233469, -38.321712], [146.253427, -38.321165], [146.256298, -38.333331], [146.249873, -38.352606], [146.239347, -38.352195], [146.231556, -38.35821], [146.225267, -38.369693], [146.241534, -38.37229], [146.246729, -38.378168], [146.239757, -38.389651], [146.23716, -38.416717], [146.228411, -38.434078], [146.239757, -38.437085], [146.253564, -38.438862], [146.273932, -38.440776], [146.276392, -38.450891], [146.267507, -38.454446], [146.249463, -38.450618], [146.243175, -38.456359], [146.248369, -38.466748], [146.265867, -38.469209], [146.266277, -38.478094], [146.259305, -38.492584], [146.287602, -38.497095], [146.294027, -38.503657], [146.287465, -38.509261], [146.285825, -38.520744], [146.297854, -38.527989], [146.309747, -38.518557], [146.320136, -38.51801], [146.323827, -38.526349], [146.339957, -38.533047], [146.361829, -38.535644], [146.378779, -38.529083], [146.374405, -38.524572], [146.37056, -38.521919], [146.368664, -38.513909], [146.378369, -38.506391], [146.386024, -38.496549], [146.39778, -38.48944], [146.421976, -38.481648], [146.431955, -38.468662], [146.449726, -38.461007], [146.470367, -38.455949], [146.495804, -38.449806], [146.50044, -38.441049], [146.526413, -38.436265], [146.529557, -38.427789], [146.553889, -38.428063], [146.565782, -38.427379], [146.565782, -38.416033], [146.57373, -38.415878], [146.582703, -38.411667], [146.585603, -38.394982], [146.588837, -38.372658], [146.593805, -38.361491], [146.59494, -38.349308], [146.600093, -38.336749], [146.601395, -38.325417], [146.600754, -38.309177], [146.620461, -38.296013], [146.626203, -38.28412], [146.628418, -38.268585], [146.6437, -38.250492], [146.655746, -38.241066], [146.655655, -38.232044], [146.657506, -38.220145], [146.67038, -38.216984], [146.681975, -38.214267], [146.68676, -38.199777], [146.704254, -38.177803], [146.711365, -38.167653], [146.708768, -38.155624], [146.694142, -38.150429], [146.661774, -38.152035], [146.645187, -38.146835], [146.637497, -38.149357], [146.610619, -38.158494], [146.584646, -38.151113], [146.562365, -38.149336], [146.545166, -38.161434], [146.532074, -38.166676], [146.516981, -38.163142], [146.511103, -38.152616], [146.51329, -38.13922], [146.515614, -38.119262], [146.503311, -38.114888], [146.483763, -38.09616], [146.483063, -38.091648], [146.480893, -38.085088], [146.481029, -38.075109], [146.522039, -38.074152], [146.534342, -38.054604], [146.570293, -38.054604], [146.57248, -38.042438], [146.568516, -38.031639], [146.573437, -38.020566], [146.580545, -37.974226], [146.573574, -37.977096], [146.564005, -37.977916], [146.544731, -37.963837], [146.528053, -37.961923], [146.508916, -37.982017], [146.490735, -37.982017], [146.479116, -37.989536], [146.500167, -37.705887], [146.502354, -37.693858], [146.510693, -37.682375], [146.494699, -37.648338], [146.48349, -37.64369], [146.459978, -37.627149], [146.455193, -37.618947], [146.43961, -37.616077], [146.433453, -37.616025], [146.423343, -37.61594], [146.413501, -37.611156], [146.399557, -37.603501], [146.384657, -37.608422], [146.38083, -37.627559], [146.35349, -37.625919], [146.319726, -37.59981], [146.302775, -37.596939], [146.287192, -37.597213], [146.27899, -37.601587], [146.263953, -37.610609], [146.239621, -37.608285], [146.270514, -37.80595], [146.218022, -37.776697], [146.20813, -37.776669], [146.193827, -37.764257], [146.174552, -37.769315], [146.164437, -37.766035], [146.147213, -37.771502], [146.140651, -37.785719], [146.134227, -37.79023], [146.124931, -37.788863], [146.1196, -37.778064], [146.110715, -37.775057], [146.102239, -37.760157], [146.089936, -37.758653], [146.076677, -37.770956], [146.058633, -37.773006], [146.042912, -37.772459], [146.029379, -37.776834], [146.00946, -37.762569], [145.997939, -37.769999], [145.988233, -37.766581], [145.94613, -37.75879], [145.943259, -37.770682], [145.924258, -37.773553], [145.924942, -37.789683], [145.935074, -37.797783], [145.928086, -37.80349], [145.935604, -37.815382], [145.936015, -37.824815], [145.925491, -37.828671], [145.913186, -37.820304], [145.906761, -37.824405], [145.890904, -37.823038], [145.87409, -37.808411], [145.872723, -37.797338], [145.862334, -37.794468], [145.848664, -37.795698], [145.846614, -37.801849], [145.842103, -37.809915], [145.832808, -37.813879], [145.819958, -37.807044], [145.810799, -37.809368], [145.801094, -37.823448], [145.813396, -37.832196], [145.813807, -37.843542], [145.81244, -37.851334], [145.820915, -37.857759], [145.811203, -37.868935], [145.798843, -37.876492], [145.781937, -37.879093], [145.773834, -37.886082], [145.77143, -37.895488], [145.765279, -37.905603], [145.734112, -37.905603], [145.723039, -37.888379], [145.691735, -37.888653], [145.685447, -37.898495], [145.679022, -37.899042], [145.672461, -37.904646], [145.672871, -37.914078], [145.655784, -37.913532], [145.654143, -37.921597], [145.634732, -37.92064], [145.62759, -37.913742], [145.625043, -37.916859]]]}}, {"type": "Feature", "properties": {"index": "MELB", "division": "Melbourne", "state": "Victoria", "year": "1994", "proclaimed": "19941220", "quota": "0", "electors": "0", "deviation": ""}, "geometry": {"type": "Polygon", "coordinates": [[[144.912716, -37.820768], [144.921418, -37.818898], [144.926899, -37.819391], [144.93264, -37.820379], [144.945551, -37.823184], [144.951318, -37.82373], [144.954851, -37.823158], [144.962229, -37.820534], [144.965398, -37.819249], [144.967932, -37.818708], [144.97158, -37.818547], [144.973749, -37.81921], [144.975074, -37.820106], [144.975893, -37.821366], [144.977347, -37.8236], [144.978698, -37.825418], [144.980283, -37.826639], [144.982166, -37.827379], [144.983758, -37.827743], [144.985335, -37.828211], [144.986595, -37.829029], [144.987756, -37.830201], [144.990511, -37.832065], [144.993728, -37.833235], [144.996069, -37.833902], [144.997358, -37.834068], [144.999427, -37.833692], [145.000552, -37.833429], [145.001812, -37.833819], [145.003513, -37.834494], [145.004214, -37.834338], [145.004201, -37.833195], [145.004072, -37.831675], [145.005267, -37.83126], [145.006682, -37.831455], [145.007961, -37.831682], [145.00915, -37.832585], [145.009917, -37.832935], [145.010922, -37.832244], [145.011475, -37.831494], [145.012709, -37.830824], [145.014566, -37.830805], [145.015785, -37.831314], [145.016759, -37.831792], [145.018346, -37.831494], [145.020048, -37.831611], [145.021749, -37.83239], [145.022542, -37.83287], [145.023558, -37.833981], [145.024339, -37.834182], [145.025534, -37.833663], [145.027092, -37.832728], [145.027456, -37.831377], [145.025534, -37.829662], [145.023767, -37.828519], [145.022832, -37.827168], [145.021689, -37.825921], [145.018987, -37.826025], [145.016857, -37.82535], [145.015714, -37.82322], [145.015247, -37.819947], [145.014623, -37.815011], [145.01587, -37.811192], [145.014, -37.810725], [145.009324, -37.81066], [145.009376, -37.808543], [145.008285, -37.806828], [145.005323, -37.806724], [145.001271, -37.806828], [145.000076, -37.805737], [145.001583, -37.804386], [145.004596, -37.805217], [145.008025, -37.804178], [145.007817, -37.802412], [145.005583, -37.800749], [145.002778, -37.799191], [145.000024, -37.798463], [145.000128, -37.797216], [145.001998, -37.796853], [145.001252, -37.795065], [145.001933, -37.794265], [145.004347, -37.79262], [145.005222, -37.791483], [145.006151, -37.790451], [145.00757, -37.789784], [145.008298, -37.788459], [145.00783, -37.787368], [145.006711, -37.786464], [145.005155, -37.786043], [145.004075, -37.785303], [145.003492, -37.78425], [145.002271, -37.783315], [145.001206, -37.783333], [145.000712, -37.783722], [144.999154, -37.784822], [144.998066, -37.785487], [144.99734, -37.785642], [144.995959, -37.784952], [144.99466, -37.784276], [144.992918, -37.782932], [144.992195, -37.781559], [144.992, -37.78048], [144.991388, -37.780071], [144.990261, -37.779737], [144.989952, -37.778633], [144.989575, -37.77757], [144.988971, -37.776847], [144.988794, -37.776116], [144.988673, -37.775275], [144.987978, -37.774995], [144.987126, -37.774561], [144.985944, -37.772703], [144.984892, -37.771366], [144.984035, -37.770379], [144.983989, -37.768721], [144.983951, -37.767407], [144.983155, -37.767316], [144.981068, -37.76748], [144.9624, -37.765495], [144.96213, -37.767049], [144.938167, -37.764186], [144.93801, -37.7663], [144.937722, -37.76723], [144.937885, -37.7686], [144.935904, -37.769519], [144.93517, -37.770678], [144.937499, -37.771028], [144.938479, -37.771629], [144.937629, -37.772708], [144.936525, -37.773648], [144.935018, -37.773347], [144.927296, -37.772634], [144.926415, -37.77285], [144.920617, -37.772228], [144.900992, -37.770012], [144.899926, -37.77016], [144.897851, -37.771141], [144.896759, -37.771685], [144.89587, -37.77306], [144.896072, -37.774601], [144.896759, -37.776729], [144.897127, -37.778589], [144.897563, -37.780298], [144.898786, -37.781287], [144.90068, -37.782192], [144.902138, -37.78298], [144.90373, -37.784672], [144.903964, -37.785711], [144.903579, -37.787219], [144.903303, -37.788162], [144.90271, -37.789622], [144.902758, -37.790638], [144.904216, -37.791677], [144.905925, -37.792682], [144.908037, -37.793604], [144.910249, -37.794174], [144.912664, -37.795056], [144.914287, -37.796034], [144.915795, -37.797023], [144.916224, -37.798111], [144.915913, -37.799419], [144.914942, -37.800157], [144.913986, -37.800106], [144.91235, -37.799533], [144.910504, -37.800578], [144.90891, -37.80313], [144.907249, -37.807295], [144.906026, -37.811267], [144.905473, -37.813613], [144.905475, -37.814769], [144.905724, -37.816713], [144.906359, -37.818453], [144.90678, -37.820802], [144.906585, -37.821937], [144.912716, -37.820768]]]}}, {"type": "Feature", "properties": {"index": "MBPT", "division": "Melbourne Ports", "state": "Victoria", "year": "1994", "proclaimed": "19941220", "quota": "0", "electors": "0", "deviation": ""}, "geometry": {"type": "Polygon", "coordinates": [[[144.899165, -37.840396], [144.902096, -37.844398], [144.907213, -37.849526], [144.905515, -37.847667], [144.906335, -37.846798], [144.903215, -37.841399], [144.905739, -37.840155], [144.906138, -37.841712], [144.912499, -37.849458], [144.914515, -37.848485], [144.912579, -37.845837], [144.914709, -37.844442], [144.913404, -37.841967], [144.918525, -37.839688], [144.925849, -37.839845], [144.926912, -37.840035], [144.92524, -37.844988], [144.92585, -37.845125], [144.927165, -37.841327], [144.929298, -37.841631], [144.931276, -37.843017], [144.929856, -37.847323], [144.930592, -37.847171], [144.931891, -37.843299], [144.933359, -37.843838], [144.933996, -37.842207], [144.935592, -37.842548], [144.939939, -37.845184], [144.963316, -37.855467], [144.970308, -37.860787], [144.971138, -37.863254], [144.970903, -37.864367], [144.969681, -37.864589], [144.975649, -37.870405], [144.975479, -37.87161], [144.973113, -37.872488], [144.974279, -37.873509], [144.975503, -37.878642], [144.977313, -37.878684], [144.975741, -37.879136], [144.975658, -37.882121], [144.98284, -37.888208], [144.984711, -37.891245], [144.99067, -37.89174], [144.992292, -37.883286], [144.996922, -37.883693], [145.000734, -37.888114], [145.005858, -37.897876], [145.006215, -37.899879], [145.025998, -37.902089], [145.028792, -37.887778], [145.044798, -37.889674], [145.046131, -37.887264], [145.049644, -37.881185], [145.046623, -37.877318], [145.044577, -37.876026], [145.040291, -37.875212], [145.039202, -37.874676], [145.033078, -37.868578], [145.032027, -37.868224], [145.031073, -37.868372], [145.030025, -37.867426], [145.028975, -37.866697], [145.015469, -37.860963], [144.992301, -37.857683], [144.991471, -37.857279], [144.989986, -37.856448], [144.983279, -37.855677], [144.987925, -37.831408], [144.987756, -37.830201], [144.986595, -37.829029], [144.985335, -37.828211], [144.983758, -37.827743], [144.982166, -37.827379], [144.980283, -37.826639], [144.978698, -37.825418], [144.977347, -37.8236], [144.975893, -37.821366], [144.975074, -37.820106], [144.973749, -37.81921], [144.97158, -37.818547], [144.967932, -37.818708], [144.965398, -37.819249], [144.962229, -37.820534], [144.954851, -37.823158], [144.951318, -37.82373], [144.945551, -37.823184], [144.93264, -37.820379], [144.926899, -37.819391], [144.921418, -37.818898], [144.912716, -37.820768], [144.906585, -37.821937], [144.900896, -37.826951], [144.899051, -37.83038], [144.897753, -37.833315], [144.897155, -37.840693], [144.897908, -37.84174], [144.899165, -37.840396]]]}}, {"type": "Feature", "properties": {"index": "MNZS", "division": "Menzies", "state": "Victoria", "year": "1994", "proclaimed": "19941220", "quota": "0", "electors": "0", "deviation": ""}, "geometry": {"type": "Polygon", "coordinates": [[[145.108155, -37.792151], [145.108908, -37.793606], [145.108856, -37.794801], [145.110571, -37.795216], [145.112052, -37.795268], [145.113688, -37.795684], [145.115039, -37.795944], [145.116208, -37.795554], [145.117922, -37.796359], [145.118754, -37.796541], [145.121066, -37.797814], [145.122624, -37.798204], [145.124391, -37.799087], [145.12569, -37.798671], [145.126989, -37.798152], [145.128469, -37.79784], [145.12982, -37.797061], [145.130651, -37.796775], [145.131976, -37.796229], [145.133613, -37.797268], [145.135561, -37.79758], [145.136418, -37.797658], [145.137431, -37.799321], [145.139795, -37.799061], [145.142211, -37.798515], [145.144367, -37.798463], [145.14603, -37.799554], [145.147693, -37.800516], [145.149199, -37.799502], [145.150758, -37.799139], [145.15294, -37.800801], [145.157928, -37.801321], [145.160395, -37.802256], [145.162837, -37.802698], [145.164916, -37.802516], [145.167305, -37.802724], [145.170111, -37.803425], [145.172709, -37.803789], [145.17541, -37.803763], [145.177696, -37.803477], [145.178268, -37.804308], [145.184632, -37.804672], [145.185412, -37.799944], [145.190373, -37.803841], [145.203752, -37.803919], [145.203882, -37.804698], [145.20531, -37.805971], [145.206064, -37.806984], [145.207207, -37.80649], [145.208142, -37.808101], [145.210896, -37.807711], [145.211857, -37.808854], [145.212766, -37.810439], [145.213545, -37.811062], [145.21713, -37.790956], [145.218221, -37.790982], [145.220092, -37.792515], [145.221676, -37.792307], [145.235314, -37.793761], [145.237834, -37.779188], [145.256122, -37.781422], [145.257707, -37.772824], [145.258382, -37.771083], [145.259941, -37.770512], [145.262383, -37.769628], [145.260928, -37.768252], [145.261448, -37.767264], [145.27215, -37.768122], [145.27215, -37.766096], [145.271345, -37.764563], [145.27215, -37.762874], [145.278515, -37.761705], [145.294842, -37.76324], [145.29642, -37.761662], [145.295485, -37.760493], [145.29305, -37.758957], [145.292764, -37.754931], [145.2923, -37.752901], [145.293079, -37.750225], [145.291817, -37.748164], [145.292545, -37.746502], [145.289191, -37.739521], [145.289242, -37.738871], [145.288565, -37.738264], [145.28801, -37.738181], [145.287514, -37.737496], [145.287816, -37.737016], [145.287686, -37.736122], [145.28799, -37.735767], [145.287892, -37.734821], [145.288477, -37.734155], [145.288895, -37.733426], [145.290392, -37.733796], [145.290239, -37.733238], [145.290531, -37.7331], [145.290553, -37.732728], [145.290843, -37.732393], [145.290875, -37.731983], [145.291181, -37.730046], [145.291377, -37.729782], [145.291051, -37.729731], [145.291271, -37.729393], [145.291663, -37.729464], [145.291755, -37.729058], [145.291302, -37.728514], [145.291003, -37.728161], [145.29163, -37.727782], [145.291682, -37.727407], [145.291373, -37.727358], [145.291265, -37.72714], [145.291457, -37.726754], [145.29113, -37.72648], [145.29077, -37.726062], [145.290479, -37.725999], [145.29054, -37.726205], [145.290311, -37.726048], [145.289902, -37.724996], [145.290058, -37.724499], [145.289511, -37.724213], [145.289272, -37.723725], [145.28956, -37.723164], [145.288871, -37.722703], [145.288869, -37.722291], [145.28858, -37.722095], [145.288078, -37.722289], [145.287668, -37.721735], [145.28788, -37.721164], [145.28816, -37.720917], [145.288, -37.720798], [145.287471, -37.720695], [145.28786, -37.720444], [145.287677, -37.720144], [145.287697, -37.719681], [145.288113, -37.719771], [145.288245, -37.719519], [145.288046, -37.719322], [145.288048, -37.718883], [145.287023, -37.718781], [145.286701, -37.717763], [145.285753, -37.717152], [145.283501, -37.719082], [145.282541, -37.718219], [145.282541, -37.715595], [145.281658, -37.713907], [145.278878, -37.713154], [145.27706, -37.714011], [145.27667, -37.715933], [145.273969, -37.716557], [145.27254, -37.715466], [145.275605, -37.71014], [145.273891, -37.708945], [145.27241, -37.708088], [145.272878, -37.706503], [145.272618, -37.704633], [145.269708, -37.704139], [145.267526, -37.704555], [145.267942, -37.705542], [145.269475, -37.705672], [145.269916, -37.706088], [145.26841, -37.707698], [145.266357, -37.708296], [145.263915, -37.707958], [145.262227, -37.708919], [145.26059, -37.709595], [145.258122, -37.711127], [145.255239, -37.711023], [145.256044, -37.713621], [145.255577, -37.715284], [145.253836, -37.718115], [145.250745, -37.718687], [145.249212, -37.720973], [145.246614, -37.720401], [145.243471, -37.719466], [145.242822, -37.721129], [145.243523, -37.723051], [145.243575, -37.725051], [145.241159, -37.725908], [145.240146, -37.724272], [145.238743, -37.721674], [145.236691, -37.720453], [145.23599, -37.721804], [145.236249, -37.723129], [145.236405, -37.724817], [145.236977, -37.727311], [145.239627, -37.727857], [145.241419, -37.728324], [145.242094, -37.728974], [145.241445, -37.730714], [145.240822, -37.731857], [145.242588, -37.733624], [145.243367, -37.735234], [145.241549, -37.73617], [145.239678, -37.73513], [145.237626, -37.732455], [145.235184, -37.730844], [145.232379, -37.732039], [145.228352, -37.732351], [145.227365, -37.733598], [145.228378, -37.73539], [145.229417, -37.737105], [145.230223, -37.737962], [145.229054, -37.738508], [145.227391, -37.737235], [145.225651, -37.736273], [145.222819, -37.736403], [145.219936, -37.736741], [145.217078, -37.738482], [145.214299, -37.739209], [145.211207, -37.739676], [145.2077, -37.741261], [145.204349, -37.741885], [145.202765, -37.740716], [145.201284, -37.738871], [145.201803, -37.737546], [145.204843, -37.737546], [145.208142, -37.737131], [145.211831, -37.735546], [145.21552, -37.73365], [145.21487, -37.731442], [145.211519, -37.729987], [145.208765, -37.730558], [145.206168, -37.731494], [145.204115, -37.731416], [145.202011, -37.730948], [145.199465, -37.731987], [145.198037, -37.734065], [145.198219, -37.737027], [145.198504, -37.740092], [145.196192, -37.741001], [145.193335, -37.739261], [145.191075, -37.73739], [145.191724, -37.734507], [145.193075, -37.733338], [145.193595, -37.731883], [145.192192, -37.731546], [145.18949, -37.732117], [145.187646, -37.730221], [145.185594, -37.730532], [145.183619, -37.73048], [145.181281, -37.730169], [145.180398, -37.731857], [145.178865, -37.733312], [145.178658, -37.734351], [145.179229, -37.736144], [145.179463, -37.738144], [145.177229, -37.738482], [145.176398, -37.736299], [145.175722, -37.734611], [145.17406, -37.735208], [145.171098, -37.734689], [145.168422, -37.734975], [145.165071, -37.734195], [145.16224, -37.738014], [145.159616, -37.736689], [145.15707, -37.734897], [145.15507, -37.734065], [145.153563, -37.734273], [145.151927, -37.735598], [145.150654, -37.736767], [145.149771, -37.738404], [145.148887, -37.737235], [145.147251, -37.737676], [145.145666, -37.738352], [145.142887, -37.739313], [145.137561, -37.738508], [145.136522, -37.740651], [145.134756, -37.741612], [145.133275, -37.742963], [145.130573, -37.742261], [145.127664, -37.741274], [145.125404, -37.740417], [145.123014, -37.740832], [145.121637, -37.742105], [145.120131, -37.744547], [145.120416, -37.74634], [145.12078, -37.748392], [145.121507, -37.748314], [145.122806, -37.747613], [145.124053, -37.74808], [145.124729, -37.749353], [145.125612, -37.750314], [145.125794, -37.751068], [145.124547, -37.750678], [145.123274, -37.749717], [145.122157, -37.749379], [145.121533, -37.750418], [145.121845, -37.751483], [145.120962, -37.75234], [145.118806, -37.752263], [145.116935, -37.752678], [145.114623, -37.753068], [145.11335, -37.75499], [145.111012, -37.755276], [145.109869, -37.755562], [145.107064, -37.754886], [145.103115, -37.753146], [145.10018, -37.75112], [145.098361, -37.749171], [145.097089, -37.749015], [145.095738, -37.749353], [145.094699, -37.750132], [145.093841, -37.751899], [145.093192, -37.753094], [145.091919, -37.754055], [145.089867, -37.753873], [145.087919, -37.75286], [145.08571, -37.752938], [145.084308, -37.752107], [145.083009, -37.751665], [145.08184, -37.752808], [145.081996, -37.754445], [145.083061, -37.754964], [145.082385, -37.755821], [145.081502, -37.756341], [145.080827, -37.75551], [145.080099, -37.754159], [145.078203, -37.754159], [145.077346, -37.755146], [145.077917, -37.756627], [145.079892, -37.757328], [145.080177, -37.757978], [145.079216, -37.758341], [145.077424, -37.757666], [145.075917, -37.757432], [145.073891, -37.75764], [145.073033, -37.758705], [145.073163, -37.759952], [145.075397, -37.759224], [145.076411, -37.758835], [145.077346, -37.759354], [145.077502, -37.760861], [145.078852, -37.761692], [145.07958, -37.762654], [145.078021, -37.765043], [145.076748, -37.766108], [145.07706, -37.767433], [145.074696, -37.767303], [145.072644, -37.76681], [145.071787, -37.767719], [145.072254, -37.768758], [145.073891, -37.770291], [145.075553, -37.771044], [145.075553, -37.772239], [145.076385, -37.773278], [145.075397, -37.773902], [145.074228, -37.772733], [145.072384, -37.772239], [145.071449, -37.771538], [145.070721, -37.771304], [145.069059, -37.772707], [145.069267, -37.774032], [145.069604, -37.774889], [145.068435, -37.776473], [145.06763, -37.778084], [145.067422, -37.780292], [145.067578, -37.781149], [145.070488, -37.781123], [145.071267, -37.780552], [145.071683, -37.779617], [145.073579, -37.779617], [145.0748, -37.779747], [145.075787, -37.778032], [145.077787, -37.776941], [145.080489, -37.77785], [145.081424, -37.778993], [145.083009, -37.779617], [145.085918, -37.780006], [145.09501, -37.77998], [145.098517, -37.781591], [145.099556, -37.783565], [145.100414, -37.785695], [145.102076, -37.788215], [145.104076, -37.790397], [145.106337, -37.791969], [145.108155, -37.792151]]]}}, {"type": "Feature", "properties": {"index": "MRRY", "division": "Murray", "state": "Victoria", "year": "1994", "proclaimed": "19941220", "quota": "0", "electors": "0", "deviation": ""}, "geometry": {"type": "Polygon", "coordinates": [[[144.939486, -36.71469], [144.937225, -36.700939], [144.993482, -36.697877], [144.998813, -36.687624], [145.017131, -36.676278], [145.03039, -36.681609], [145.040096, -36.680516], [145.040369, -36.667119], [145.041463, -36.649759], [145.062241, -36.664522], [145.084386, -36.672861], [145.16039, -36.673954], [145.166952, -36.686667], [145.172556, -36.696236], [145.181732, -36.693443], [145.183902, -36.68325], [145.200169, -36.683387], [145.211273, -36.685955], [145.217803, -36.679969], [145.214645, -36.666126], [145.20468, -36.657551], [145.204544, -36.642651], [145.216492, -36.642685], [145.219307, -36.631988], [145.222998, -36.628571], [145.234207, -36.634995], [145.235574, -36.624743], [145.229149, -36.614901], [145.215343, -36.602598], [145.227372, -36.585784], [145.240905, -36.590842], [145.258813, -36.580453], [145.280958, -36.576352], [145.297225, -36.574985], [145.31057, -36.571875], [145.319045, -36.556702], [145.328751, -36.55055], [145.323693, -36.541528], [145.332168, -36.528815], [145.333945, -36.518426], [145.52915, -36.52034], [145.530853, -36.423481], [145.551979, -36.418227], [145.566742, -36.42014], [145.596816, -36.426839], [145.626616, -36.420004], [145.636731, -36.418363], [145.665207, -36.431358], [145.705217, -36.428479], [145.71957, -36.421234], [145.733673, -36.425858], [145.738205, -36.433456], [145.750464, -36.432307], [145.765411, -36.441029], [145.772609, -36.440235], [145.79982, -36.323906], [145.796668, -36.299983], [145.532841, -36.294242], [145.534755, -36.10013], [145.674187, -36.100404], [145.691411, -36.09767], [145.72966, -36.094318], [145.728333, -35.952055], [145.724759, -35.954096], [145.721452, -35.951519], [145.716766, -35.950594], [145.715669, -35.947806], [145.717288, -35.945047], [145.721073, -35.944104], [145.726457, -35.946352], [145.727241, -35.945162], [145.7263, -35.942312], [145.722712, -35.93864], [145.721456, -35.935382], [145.720274, -35.934449], [145.717864, -35.936786], [145.714419, -35.937389], [145.710844, -35.935655], [145.709269, -35.932952], [145.70669, -35.93205], [145.700302, -35.936966], [145.697327, -35.936501], [145.69617, -35.934082], [145.697646, -35.929924], [145.695704, -35.927405], [145.695763, -35.925792], [145.697709, -35.92474], [145.702143, -35.926781], [145.703269, -35.925702], [145.702764, -35.924038], [145.698181, -35.920977], [145.695139, -35.920592], [145.687314, -35.923933], [145.686245, -35.925598], [145.687673, -35.929057], [145.685852, -35.930615], [145.68204, -35.929844], [145.678332, -35.926179], [145.673992, -35.925924], [145.673506, -35.923178], [145.678799, -35.919441], [145.67948, -35.917789], [145.679053, -35.916829], [145.676745, -35.91668], [145.674692, -35.918512], [145.6712, -35.919844], [145.669121, -35.919586], [145.668344, -35.918316], [145.668557, -35.912891], [145.667159, -35.912325], [145.663462, -35.91342], [145.661528, -35.912416], [145.658919, -35.902848], [145.657449, -35.900686], [145.651183, -35.899688], [145.647284, -35.89309], [145.64552, -35.893241], [145.643101, -35.894746], [145.63973, -35.894239], [145.636779, -35.88931], [145.633259, -35.889126], [145.631737, -35.888072], [145.631458, -35.884336], [145.62957, -35.880105], [145.627299, -35.879892], [145.62532, -35.883103], [145.623423, -35.884533], [145.621206, -35.884589], [145.620321, -35.883884], [145.620027, -35.88233], [145.620903, -35.880357], [145.625465, -35.87729], [145.62778, -35.876659], [145.628134, -35.875409], [145.626007, -35.873483], [145.623012, -35.87307], [145.619795, -35.87526], [145.617121, -35.875518], [145.615683, -35.874762], [145.614857, -35.87257], [145.616509, -35.870606], [145.619148, -35.86914], [145.62832, -35.867775], [145.628623, -35.86566], [145.626347, -35.862758], [145.624984, -35.862165], [145.615988, -35.864875], [145.613415, -35.86636], [145.61115, -35.86985], [145.609646, -35.870311], [145.607057, -35.870136], [145.603134, -35.867783], [145.601748, -35.867857], [145.60165, -35.870244], [145.606474, -35.874998], [145.601134, -35.875008], [145.595469, -35.869704], [145.595233, -35.867384], [145.598046, -35.862972], [145.598028, -35.861458], [145.594118, -35.860943], [145.588695, -35.862565], [145.586792, -35.861245], [145.58815, -35.857736], [145.592464, -35.855515], [145.593727, -35.851058], [145.59323, -35.849077], [145.581563, -35.848255], [145.579436, -35.844615], [145.577066, -35.842766], [145.576421, -35.839846], [145.574664, -35.837797], [145.570989, -35.837131], [145.568501, -35.833856], [145.564011, -35.83419], [145.563703, -35.831634], [145.567077, -35.828699], [145.567528, -35.827668], [145.56684, -35.826497], [145.564206, -35.825852], [145.561106, -35.828321], [145.557997, -35.82823], [145.557321, -35.825788], [145.55989, -35.82269], [145.557221, -35.820185], [145.55706, -35.818861], [145.558485, -35.817192], [145.562942, -35.816155], [145.563639, -35.814955], [145.562836, -35.813449], [145.560931, -35.812903], [145.554247, -35.814662], [145.546741, -35.812894], [145.544797, -35.815125], [145.542419, -35.82165], [145.541113, -35.822247], [145.538763, -35.821813], [145.536673, -35.819912], [145.536542, -35.817377], [145.541889, -35.808905], [145.539683, -35.807895], [145.535239, -35.808184], [145.533866, -35.805832], [145.535789, -35.802953], [145.535398, -35.801983], [145.532065, -35.80508], [145.526793, -35.807088], [145.526613, -35.808429], [145.528313, -35.809857], [145.52815, -35.811532], [145.523669, -35.813839], [145.523455, -35.815829], [145.524433, -35.816842], [145.524098, -35.815755], [145.52485, -35.815792], [145.525361, -35.816853], [145.52251, -35.818486], [145.515771, -35.817185], [145.512749, -35.815381], [145.511959, -35.81209], [145.506756, -35.812097], [145.502556, -35.809449], [145.500308, -35.810339], [145.495543, -35.80901], [145.494516, -35.810342], [145.494301, -35.813982], [145.491977, -35.815076], [145.489132, -35.814196], [145.487653, -35.812542], [145.485988, -35.812461], [145.483759, -35.81379], [145.48221, -35.813475], [145.477944, -35.810843], [145.47636, -35.812314], [145.474539, -35.812387], [145.472128, -35.80923], [145.471521, -35.811322], [145.467819, -35.813629], [145.46909, -35.818175], [145.46403, -35.821898], [145.46441, -35.825062], [145.46344, -35.826274], [145.460561, -35.827255], [145.456898, -35.826041], [145.454869, -35.824559], [145.453393, -35.82141], [145.450658, -35.821418], [145.447955, -35.826676], [145.448441, -35.829103], [145.44896, -35.828558], [145.449143, -35.829126], [145.447267, -35.831501], [145.4446, -35.832384], [145.443589, -35.834746], [145.442293, -35.835642], [145.439888, -35.835535], [145.436865, -35.830044], [145.435823, -35.829583], [145.434194, -35.830045], [145.431442, -35.833906], [145.429425, -35.834457], [145.42689, -35.832919], [145.426323, -35.830344], [145.424978, -35.828741], [145.419874, -35.828174], [145.418777, -35.828738], [145.417937, -35.830855], [145.416538, -35.8314], [145.412575, -35.830601], [145.411772, -35.83194], [145.412544, -35.834403], [145.409675, -35.836824], [145.411107, -35.839979], [145.409912, -35.843429], [145.411945, -35.846411], [145.410625, -35.848613], [145.404824, -35.850879], [145.399005, -35.849641], [145.392047, -35.850714], [145.38715, -35.850142], [145.379967, -35.855011], [145.377364, -35.858778], [145.374242, -35.859508], [145.369442, -35.858344], [145.366075, -35.860173], [145.360656, -35.861202], [145.358819, -35.865416], [145.3554, -35.867067], [145.352396, -35.865795], [145.350066, -35.86046], [145.3479, -35.860312], [145.34401, -35.862683], [145.341486, -35.862384], [145.335915, -35.858598], [145.333228, -35.854928], [145.327473, -35.853619], [145.324453, -35.850686], [145.322277, -35.851556], [145.31822, -35.854962], [145.312189, -35.855683], [145.30904, -35.860465], [145.301671, -35.85848], [145.296542, -35.860566], [145.294329, -35.859815], [145.292734, -35.857974], [145.292657, -35.853821], [145.288652, -35.854766], [145.285228, -35.856705], [145.284014, -35.856467], [145.283047, -35.854784], [145.285017, -35.850654], [145.2825, -35.85126], [145.280536, -35.853438], [145.278659, -35.853356], [145.277673, -35.852221], [145.277229, -35.849181], [145.272698, -35.845203], [145.27056, -35.845931], [145.267074, -35.852446], [145.263257, -35.851539], [145.262023, -35.849904], [145.258317, -35.850588], [145.258048, -35.848032], [145.264174, -35.842289], [145.259646, -35.839441], [145.259705, -35.837261], [145.260717, -35.835426], [145.255762, -35.835819], [145.252959, -35.83502], [145.246178, -35.830321], [145.24049, -35.833672], [145.236917, -35.832428], [145.235267, -35.829682], [145.229136, -35.833347], [145.225029, -35.832184], [145.223059, -35.835759], [145.220094, -35.836712], [145.224365, -35.839599], [145.22408, -35.84154], [145.22276, -35.84244], [145.21864, -35.842405], [145.215925, -35.841423], [145.215522, -35.840358], [145.217136, -35.837643], [145.215221, -35.836248], [145.212283, -35.83585], [145.207378, -35.837973], [145.197807, -35.834799], [145.196514, -35.835212], [145.194836, -35.837389], [145.193388, -35.837637], [145.189806, -35.834267], [145.186215, -35.835278], [145.18263, -35.835252], [145.181719, -35.838127], [145.182347, -35.840783], [145.181014, -35.842026], [145.171752, -35.838718], [145.168085, -35.842544], [145.163607, -35.842937], [145.157329, -35.842035], [145.153456, -35.843045], [145.152942, -35.841248], [145.15583, -35.839964], [145.157502, -35.838108], [145.15917, -35.831077], [145.154889, -35.830203], [145.149898, -35.833224], [145.147473, -35.833501], [145.14385, -35.832192], [145.140774, -35.828818], [145.139579, -35.828538], [145.138862, -35.829323], [145.138723, -35.833119], [145.136636, -35.83427], [145.134336, -35.832044], [145.134032, -35.827384], [145.130553, -35.828164], [145.128627, -35.826865], [145.127683, -35.820716], [145.126159, -35.821827], [145.125949, -35.825239], [145.127439, -35.828273], [145.126435, -35.829671], [145.124186, -35.829454], [145.122949, -35.828074], [145.121978, -35.82413], [145.122322, -35.820804], [145.120754, -35.820821], [145.117712, -35.824949], [145.115336, -35.826038], [145.113888, -35.824504], [145.115504, -35.821114], [145.114092, -35.820548], [145.103985, -35.828553], [145.10201, -35.828485], [145.100232, -35.825783], [145.09943, -35.825789], [145.09832, -35.82888], [145.094812, -35.831337], [145.093427, -35.83484], [145.091922, -35.835957], [145.090299, -35.834531], [145.089418, -35.83093], [145.09309, -35.8288], [145.093407, -35.827913], [145.09238, -35.826333], [145.089998, -35.825457], [145.087278, -35.825881], [145.084522, -35.828016], [145.077423, -35.827408], [145.077977, -35.830557], [145.07648, -35.831822], [145.075215, -35.83082], [145.07549, -35.827265], [145.07412, -35.826732], [145.072903, -35.827614], [145.073233, -35.830912], [145.071826, -35.83323], [145.068662, -35.835182], [145.061056, -35.837309], [145.059348, -35.837057], [145.057711, -35.835631], [145.053845, -35.835172], [145.05331, -35.836036], [145.054449, -35.835893], [145.054391, -35.837714], [145.052865, -35.83871], [145.050862, -35.838738], [145.049387, -35.836997], [145.051631, -35.834089], [145.049713, -35.833671], [145.048348, -35.834552], [145.046209, -35.83798], [145.040976, -35.841653], [145.039345, -35.841063], [145.039502, -35.838515], [145.038799, -35.838372], [145.037003, -35.842167], [145.037816, -35.84519], [145.036191, -35.846958], [145.029903, -35.849566], [145.024576, -35.84713], [145.022841, -35.853404], [145.018998, -35.856647], [145.013197, -35.857668], [145.010056, -35.856326], [145.006969, -35.856243], [145.004784, -35.854719], [145.003671, -35.851398], [145.000748, -35.849332], [144.99971, -35.854914], [144.998582, -35.854975], [144.994752, -35.852386], [144.992263, -35.852338], [144.993881, -35.854226], [144.993374, -35.855895], [144.991257, -35.856398], [144.989701, -35.85482], [144.991742, -35.858308], [144.991436, -35.858984], [144.987772, -35.857565], [144.984987, -35.857518], [144.983468, -35.858041], [144.98199, -35.859934], [144.979146, -35.858386], [144.975488, -35.86078], [144.970795, -35.861049], [144.970909, -35.863398], [144.968187, -35.865528], [144.969694, -35.867878], [144.968954, -35.871117], [144.972389, -35.873516], [144.972391, -35.874776], [144.970784, -35.875974], [144.970998, -35.877186], [144.969735, -35.878722], [144.97266, -35.880633], [144.974954, -35.883845], [144.972719, -35.888342], [144.968353, -35.891423], [144.964745, -35.895903], [144.96505, -35.897701], [144.967263, -35.901089], [144.966979, -35.90519], [144.964948, -35.905625], [144.961907, -35.911517], [144.958533, -35.911586], [144.955412, -35.915163], [144.952797, -35.916636], [144.952193, -35.918973], [144.952922, -35.921225], [144.951754, -35.922545], [144.951939, -35.924587], [144.950066, -35.926218], [144.948917, -35.931602], [144.951499, -35.935151], [144.950379, -35.937571], [144.950466, -35.941977], [144.952046, -35.943183], [144.95264, -35.944929], [144.955269, -35.946457], [144.95399, -35.952494], [144.957455, -35.957828], [144.957378, -35.961005], [144.955028, -35.962517], [144.94984, -35.963448], [144.944906, -35.963311], [144.941531, -35.966787], [144.93668, -35.966198], [144.931005, -35.96847], [144.92928, -35.972133], [144.926648, -35.973336], [144.925894, -35.97468], [144.925488, -35.978229], [144.924044, -35.981399], [144.923606, -35.988768], [144.924535, -35.989878], [144.927095, -35.989527], [144.929694, -35.990598], [144.931384, -35.992225], [144.932101, -35.995169], [144.936221, -35.999542], [144.942548, -36.001931], [144.945759, -36.004312], [144.947161, -36.007996], [144.945219, -36.011018], [144.945499, -36.012186], [144.953958, -36.016398], [144.95457, -36.018822], [144.957663, -36.019785], [144.960334, -36.017739], [144.961831, -36.018216], [144.962317, -36.026914], [144.965714, -36.028567], [144.966557, -36.029915], [144.966643, -36.033432], [144.965518, -36.037478], [144.967217, -36.039635], [144.967808, -36.042078], [144.97185, -36.04505], [144.982057, -36.048278], [144.983343, -36.050057], [144.984011, -36.054765], [144.985932, -36.056509], [144.986997, -36.063946], [144.98327, -36.068165], [144.981909, -36.072316], [144.980295, -36.073325], [144.976088, -36.073696], [144.973894, -36.076128], [144.970518, -36.076576], [144.965353, -36.079211], [144.961746, -36.078689], [144.95788, -36.080048], [144.954205, -36.079201], [144.951777, -36.082459], [144.94829, -36.082904], [144.946624, -36.082469], [144.94361, -36.079236], [144.940102, -36.078328], [144.93646, -36.075805], [144.936771, -36.074079], [144.938211, -36.072941], [144.937711, -36.069985], [144.936635, -36.069083], [144.93397, -36.069091], [144.932614, -36.067049], [144.92301, -36.065801], [144.913502, -36.063022], [144.908534, -36.064044], [144.903866, -36.06087], [144.902766, -36.061383], [144.902702, -36.06295], [144.901607, -36.063625], [144.897977, -36.062381], [144.895534, -36.063619], [144.891663, -36.063109], [144.88905, -36.06364], [144.886693, -36.061714], [144.883614, -36.061831], [144.881394, -36.060178], [144.875012, -36.057649], [144.866577, -36.059618], [144.86346, -36.059112], [144.862655, -36.059755], [144.863705, -36.061135], [144.864303, -36.065707], [144.863549, -36.068551], [144.860611, -36.06921], [144.861487, -36.071732], [144.859653, -36.071798], [144.857597, -36.068985], [144.857964, -36.06773], [144.860541, -36.06646], [144.858011, -36.065207], [144.856312, -36.065627], [144.854667, -36.06731], [144.853874, -36.069522], [144.854567, -36.070986], [144.856692, -36.072475], [144.856474, -36.073553], [144.852587, -36.07397], [144.851447, -36.071795], [144.849565, -36.071203], [144.847176, -36.072881], [144.8475, -36.074465], [144.849771, -36.076678], [144.85061, -36.081335], [144.84916, -36.081994], [144.846534, -36.080973], [144.844943, -36.083126], [144.841959, -36.082973], [144.842523, -36.08512], [144.841562, -36.08695], [144.843915, -36.092275], [144.839791, -36.094427], [144.843052, -36.096162], [144.84242, -36.099871], [144.840293, -36.100466], [144.835527, -36.09846], [144.834106, -36.100453], [144.830312, -36.102701], [144.823805, -36.102637], [144.819903, -36.107947], [144.818465, -36.107353], [144.817208, -36.104987], [144.81143, -36.102258], [144.809893, -36.102428], [144.810377, -36.103807], [144.816144, -36.108924], [144.81634, -36.109865], [144.815004, -36.110778], [144.813453, -36.110615], [144.80746, -36.107242], [144.806398, -36.107457], [144.807868, -36.110143], [144.807132, -36.11342], [144.812141, -36.112664], [144.813362, -36.113912], [144.81301, -36.115393], [144.8098, -36.118155], [144.809056, -36.122532], [144.80787, -36.123628], [144.805787, -36.123842], [144.804043, -36.123035], [144.801253, -36.119883], [144.796794, -36.120026], [144.794782, -36.117285], [144.793082, -36.119273], [144.791695, -36.12278], [144.790289, -36.123016], [144.788038, -36.121262], [144.785264, -36.122301], [144.788111, -36.124965], [144.788205, -36.126374], [144.786867, -36.12768], [144.780771, -36.128317], [144.777064, -36.129837], [144.77345, -36.125438], [144.773616, -36.120896], [144.771143, -36.1192], [144.771896, -36.116132], [144.768416, -36.115851], [144.766328, -36.118543], [144.764132, -36.119611], [144.756867, -36.118781], [144.754211, -36.122345], [144.748239, -36.121746], [144.744794, -36.116363], [144.74333, -36.112], [144.743471, -36.109001], [144.740569, -36.107576], [144.731268, -36.111952], [144.735147, -36.115379], [144.734659, -36.116514], [144.726379, -36.117781], [144.725125, -36.115829], [144.72548, -36.112365], [144.723285, -36.114126], [144.72106, -36.114634], [144.718402, -36.113565], [144.717445, -36.112113], [144.717604, -36.110088], [144.719693, -36.106216], [144.719131, -36.10068], [144.725415, -36.098826], [144.723346, -36.094712], [144.723841, -36.092585], [144.725922, -36.090903], [144.725675, -36.089438], [144.72048, -36.090899], [144.719172, -36.089297], [144.719473, -36.086166], [144.715385, -36.086214], [144.71184, -36.091293], [144.706461, -36.092948], [144.703468, -36.091602], [144.701589, -36.088627], [144.698886, -36.087259], [144.697522, -36.094047], [144.695716, -36.093886], [144.692896, -36.091191], [144.688262, -36.095871], [144.685975, -36.096187], [144.683907, -36.095138], [144.684783, -36.090269], [144.68238, -36.083976], [144.686008, -36.081054], [144.686331, -36.075354], [144.691537, -36.073121], [144.692444, -36.069839], [144.691765, -36.068762], [144.688838, -36.067859], [144.687949, -36.066381], [144.689639, -36.062862], [144.689004, -36.061417], [144.67865, -36.062479], [144.679485, -36.065812], [144.678538, -36.069273], [144.674114, -36.067961], [144.671184, -36.071338], [144.668596, -36.071729], [144.667856, -36.068596], [144.665701, -36.071628], [144.666415, -36.074905], [144.664631, -36.077042], [144.660513, -36.075502], [144.660037, -36.072455], [144.658022, -36.07038], [144.656663, -36.072029], [144.656116, -36.075101], [144.654966, -36.075349], [144.652797, -36.073603], [144.654147, -36.067023], [144.6522, -36.063055], [144.653473, -36.059447], [144.653191, -36.05324], [144.649747, -36.051109], [144.646888, -36.050954], [144.646154, -36.051759], [144.646412, -36.056118], [144.643921, -36.056664], [144.641315, -36.055441], [144.637537, -36.047425], [144.632744, -36.048097], [144.629359, -36.05104], [144.624999, -36.052081], [144.625729, -36.055484], [144.627458, -36.058538], [144.627414, -36.060358], [144.626288, -36.0618], [144.624571, -36.061889], [144.621096, -36.059684], [144.6183, -36.059708], [144.619725, -36.063171], [144.625081, -36.063303], [144.62785, -36.064323], [144.628221, -36.065259], [144.627637, -36.066618], [144.624566, -36.067945], [144.620976, -36.071019], [144.622152, -36.076207], [144.619782, -36.077467], [144.61767, -36.077192], [144.614827, -36.07426], [144.610447, -36.071504], [144.610909, -36.070198], [144.615825, -36.066582], [144.6115, -36.066424], [144.608914, -36.064948], [144.608432, -36.063641], [144.610824, -36.059795], [144.610992, -36.056436], [144.613418, -36.053303], [144.613696, -36.051073], [144.616918, -36.048397], [144.617551, -36.046904], [144.617003, -36.044837], [144.613047, -36.042804], [144.613614, -36.041346], [144.617181, -36.040424], [144.618897, -36.039088], [144.618443, -36.037935], [144.615361, -36.035692], [144.615473, -36.031593], [144.610759, -36.032977], [144.605957, -36.036542], [144.606403, -36.037957], [144.610145, -36.039339], [144.608761, -36.041808], [144.605702, -36.042765], [144.603901, -36.042495], [144.598917, -36.037411], [144.593512, -36.042539], [144.590991, -36.043318], [144.589839, -36.042159], [144.588812, -36.038352], [144.584677, -36.03927], [144.582515, -36.038135], [144.583414, -36.033034], [144.581339, -36.029783], [144.583301, -36.028768], [144.585813, -36.028972], [144.586445, -36.027182], [144.584358, -36.025752], [144.58204, -36.02246], [144.579332, -36.021027], [144.577086, -36.021549], [144.573142, -36.024615], [144.571127, -36.024079], [144.570499, -36.017098], [144.566402, -36.01826], [144.564167, -36.016998], [144.564055, -36.014129], [144.565084, -36.013168], [144.565223, -36.010809], [144.563385, -36.007806], [144.5623, -36.00737], [144.561195, -36.00796], [144.561683, -36.010836], [144.561037, -36.013058], [144.557655, -36.014107], [144.556437, -36.012947], [144.553661, -36.002984], [144.549043, -36.005233], [144.547188, -36.004952], [144.546641, -36.003994], [144.547455, -36.000622], [144.542172, -36.001794], [144.539704, -36.001274], [144.535745, -35.999462], [144.530517, -35.994829], [144.528307, -35.993871], [144.518738, -35.995954], [144.51614, -35.995438], [144.514795, -35.993311], [144.514919, -35.991337], [144.5124, -35.989958], [144.512009, -35.988895], [144.516782, -35.98597], [144.516029, -35.982349], [144.516507, -35.97907], [144.517232, -35.977433], [144.521738, -35.973158], [144.521099, -35.970266], [144.519124, -35.969522], [144.516544, -35.970113], [144.513245, -35.97489], [144.50995, -35.973945], [144.509539, -35.972655], [144.51112, -35.969241], [144.514728, -35.966697], [144.514487, -35.965639], [144.513047, -35.965202], [144.51108, -35.966079], [144.508924, -35.969667], [144.506888, -35.971057], [144.504256, -35.971464], [144.501128, -35.970606], [144.499187, -35.967825], [144.502549, -35.962959], [144.50296, -35.959581], [144.5019, -35.958039], [144.500886, -35.958262], [144.499834, -35.960674], [144.500113, -35.964501], [144.497327, -35.968454], [144.496109, -35.969104], [144.493963, -35.968592], [144.491575, -35.965206], [144.490475, -35.96494], [144.490713, -35.965811], [144.489453, -35.965685], [144.48739, -35.963983], [144.488638, -35.957123], [144.487174, -35.957155], [144.483381, -35.959997], [144.48123, -35.958609], [144.481336, -35.957025], [144.483553, -35.954925], [144.483088, -35.95387], [144.481833, -35.9536], [144.482379, -35.951755], [144.487884, -35.951203], [144.487583, -35.949511], [144.484643, -35.948873], [144.483027, -35.949488], [144.481383, -35.952752], [144.479758, -35.953295], [144.477678, -35.951439], [144.480899, -35.947388], [144.479415, -35.945275], [144.476441, -35.945708], [144.478746, -35.946775], [144.476187, -35.946397], [144.474964, -35.947885], [144.473086, -35.947332], [144.47176, -35.945817], [144.468479, -35.946857], [144.466691, -35.945927], [144.466551, -35.944401], [144.46755, -35.943285], [144.471833, -35.941798], [144.472233, -35.940725], [144.470243, -35.939512], [144.464123, -35.940942], [144.463247, -35.939237], [144.463686, -35.938337], [144.467576, -35.935228], [144.466553, -35.933602], [144.46389, -35.933357], [144.461827, -35.934421], [144.461822, -35.938405], [144.460553, -35.939596], [144.45855, -35.938815], [144.458491, -35.936487], [144.457585, -35.935739], [144.453283, -35.937153], [144.449505, -35.935378], [144.446974, -35.935531], [144.445467, -35.933444], [144.445597, -35.93114], [144.444493, -35.932369], [144.442413, -35.932937], [144.439135, -35.931164], [144.438697, -35.928937], [144.440115, -35.925876], [144.439345, -35.924652], [144.435659, -35.924862], [144.433961, -35.923572], [144.432658, -35.920011], [144.426505, -35.918744], [144.425898, -35.916631], [144.426752, -35.913503], [144.423826, -35.912855], [144.422947, -35.911628], [144.423428, -35.906005], [144.421315, -35.905572], [144.420351, -35.906255], [144.4208, -35.910843], [144.418363, -35.911178], [144.416979, -35.910472], [144.415708, -35.908669], [144.416945, -35.905721], [144.42101, -35.902682], [144.424964, -35.902361], [144.425193, -35.901122], [144.424381, -35.900194], [144.418931, -35.900185], [144.41705, -35.901821], [144.415778, -35.90448], [144.414623, -35.904896], [144.409719, -35.904791], [144.407927, -35.904013], [144.407329, -35.901629], [144.408376, -35.898742], [144.412176, -35.896714], [144.416641, -35.898036], [144.417172, -35.896713], [144.414646, -35.895], [144.415267, -35.893959], [144.418183, -35.89322], [144.413545, -35.892417], [144.412218, -35.886566], [144.40688, -35.883828], [144.407695, -35.882638], [144.411441, -35.881862], [144.41151, -35.881125], [144.410318, -35.880657], [144.405038, -35.882238], [144.403628, -35.880666], [144.404312, -35.878707], [144.408647, -35.875159], [144.407564, -35.874766], [144.404229, -35.876154], [144.403672, -35.875583], [144.40405, -35.874177], [144.409759, -35.872642], [144.410936, -35.871189], [144.409039, -35.86994], [144.40617, -35.871329], [144.403671, -35.870851], [144.401926, -35.86802], [144.403312, -35.86695], [144.408104, -35.865675], [144.405189, -35.860321], [144.406973, -35.859602], [144.410686, -35.860521], [144.411388, -35.859003], [144.407121, -35.858461], [144.404271, -35.85995], [144.400723, -35.86044], [144.400043, -35.862282], [144.398635, -35.862667], [144.397247, -35.859401], [144.394448, -35.860665], [144.388885, -35.85848], [144.390801, -35.853393], [144.390318, -35.850553], [144.38859, -35.850911], [144.388281, -35.854258], [144.386959, -35.855085], [144.381433, -35.852423], [144.381716, -35.850212], [144.384493, -35.846559], [144.383978, -35.845412], [144.380587, -35.8435], [144.381263, -35.842451], [144.384173, -35.842496], [144.384314, -35.841922], [144.376258, -35.841143], [144.374382, -35.8403], [144.372936, -35.83815], [144.373755, -35.836158], [144.375232, -35.835352], [144.381575, -35.837023], [144.382044, -35.833175], [144.378613, -35.832515], [144.374902, -35.834615], [144.372731, -35.83363], [144.372189, -35.83195], [144.374001, -35.829701], [144.379392, -35.829359], [144.378918, -35.828627], [144.374962, -35.828081], [144.374271, -35.826903], [144.374821, -35.82532], [144.378993, -35.821635], [144.383502, -35.821814], [144.384118, -35.819565], [144.381482, -35.818634], [144.375242, -35.820616], [144.373808, -35.819106], [144.373625, -35.816948], [144.372438, -35.816688], [144.370969, -35.81862], [144.371831, -35.823362], [144.368707, -35.824799], [144.366602, -35.824176], [144.364806, -35.820937], [144.366143, -35.815991], [144.368868, -35.81323], [144.373089, -35.812736], [144.376709, -35.814708], [144.377484, -35.814346], [144.378004, -35.812013], [144.37747, -35.8111], [144.367842, -35.812459], [144.366709, -35.811253], [144.367307, -35.809905], [144.372193, -35.808371], [144.372375, -35.805545], [144.375707, -35.802139], [144.375726, -35.801211], [144.372976, -35.79842], [144.373822, -35.796915], [144.376852, -35.795593], [144.37685, -35.792979], [144.374411, -35.790772], [144.370163, -35.790435], [144.367743, -35.791716], [144.36525, -35.795835], [144.362329, -35.795834], [144.361844, -35.792101], [144.355338, -35.788479], [144.356176, -35.786893], [144.359412, -35.786026], [144.360283, -35.784811], [144.358888, -35.784834], [144.354507, -35.78718], [144.352408, -35.78644], [144.351546, -35.785069], [144.35144, -35.782606], [144.353146, -35.778209], [144.353261, -35.775724], [144.352227, -35.775233], [144.347998, -35.775996], [144.346837, -35.774645], [144.349519, -35.771514], [144.349111, -35.767142], [144.346979, -35.767411], [144.344834, -35.770698], [144.342948, -35.771549], [144.341565, -35.771239], [144.340624, -35.769947], [144.342305, -35.764631], [144.341522, -35.763901], [144.339308, -35.76497], [144.338365, -35.768365], [144.336395, -35.770394], [144.334029, -35.769377], [144.33245, -35.76598], [144.331024, -35.764984], [144.327555, -35.765529], [144.324466, -35.768624], [144.322621, -35.768565], [144.318651, -35.766574], [144.318822, -35.764767], [144.322068, -35.764253], [144.322571, -35.763444], [144.321641, -35.757889], [144.323428, -35.756703], [144.32796, -35.75575], [144.329122, -35.753739], [144.327832, -35.752646], [144.323144, -35.753272], [144.317776, -35.752134], [144.316474, -35.753358], [144.316456, -35.756521], [144.314671, -35.757013], [144.312787, -35.754501], [144.313857, -35.750298], [144.311708, -35.749439], [144.309898, -35.750308], [144.307991, -35.756377], [144.306756, -35.757241], [144.304866, -35.757226], [144.303419, -35.756202], [144.299985, -35.751789], [144.297996, -35.752078], [144.29704, -35.754535], [144.295276, -35.754379], [144.294294, -35.753004], [144.294516, -35.750711], [144.300096, -35.745591], [144.301278, -35.742986], [144.30091, -35.741121], [144.297422, -35.739645], [144.29606, -35.737091], [144.28939, -35.738554], [144.285542, -35.736953], [144.2823, -35.739935], [144.27784, -35.740754], [144.278407, -35.744227], [144.274353, -35.746372], [144.271441, -35.750704], [144.271364, -35.752965], [144.270499, -35.753999], [144.268267, -35.753959], [144.264496, -35.751403], [144.261239, -35.748994], [144.262038, -35.746002], [144.258922, -35.741776], [144.253942, -35.738363], [144.254745, -35.735281], [144.251621, -35.732578], [144.253249, -35.72992], [144.252355, -35.729566], [144.249479, -35.730582], [144.247574, -35.729394], [144.247959, -35.726257], [144.247069, -35.723542], [144.24815, -35.721034], [144.245177, -35.720704], [144.242887, -35.718831], [144.23769, -35.718595], [144.23057, -35.715449], [144.225645, -35.71026], [144.223096, -35.709831], [144.221419, -35.708478], [144.215952, -35.706477], [144.215049, -35.704491], [144.21574, -35.701154], [144.219697, -35.698883], [144.218881, -35.697873], [144.216664, -35.697758], [144.216207, -35.696297], [144.217438, -35.695199], [144.221647, -35.693952], [144.219558, -35.6924], [144.215136, -35.692135], [144.213483, -35.686671], [144.208286, -35.687416], [144.20662, -35.685782], [144.203888, -35.687765], [144.20291, -35.686976], [144.20343, -35.68506], [144.202779, -35.684396], [144.199359, -35.686497], [144.195139, -35.685858], [144.194278, -35.683305], [144.191539, -35.680772], [144.190128, -35.681298], [144.188353, -35.68058], [144.188302, -35.678569], [144.189658, -35.676753], [144.187221, -35.676318], [144.186453, -35.675227], [144.187931, -35.674054], [144.189935, -35.673902], [144.186735, -35.672872], [144.186788, -35.670431], [144.185471, -35.67049], [144.180296, -35.67347], [144.176788, -35.672397], [144.174426, -35.674559], [144.172986, -35.67403], [144.171815, -35.671848], [144.168675, -35.671946], [144.166803, -35.670829], [144.16437, -35.671889], [144.162351, -35.671526], [144.161849, -35.670099], [144.162597, -35.667981], [144.161129, -35.666107], [144.160925, -35.66375], [144.158304, -35.661353], [144.158449, -35.658193], [144.154433, -35.657485], [144.153244, -35.654887], [144.151454, -35.653349], [144.154, -35.650066], [144.155488, -35.650146], [144.156513, -35.651756], [144.157023, -35.651083], [144.153554, -35.646151], [144.150532, -35.646676], [144.149573, -35.646039], [144.149752, -35.644728], [144.152629, -35.642678], [144.15061, -35.64263], [144.146569, -35.644508], [144.148101, -35.645526], [144.147425, -35.647152], [144.142927, -35.647253], [144.140697, -35.646614], [144.139285, -35.641947], [144.137992, -35.640735], [144.13572, -35.640032], [144.132958, -35.641337], [144.131488, -35.640761], [144.131665, -35.638576], [144.13047, -35.635581], [144.131449, -35.633513], [144.130476, -35.633247], [144.12877, -35.634648], [144.127756, -35.634571], [144.12636, -35.631643], [144.123651, -35.630542], [144.117546, -35.625926], [144.117303, -35.624388], [144.119886, -35.621025], [144.118173, -35.619839], [144.116222, -35.620387], [144.114822, -35.619713], [144.113572, -35.616718], [144.115933, -35.614611], [144.115885, -35.612861], [144.114505, -35.610413], [144.111877, -35.608926], [144.111014, -35.607436], [144.111985, -35.605927], [144.114158, -35.605339], [144.113386, -35.604401], [144.113511, -35.60216], [144.109704, -35.602132], [144.108901, -35.600229], [144.111088, -35.598939], [144.109829, -35.598359], [144.10334, -35.598059], [144.103765, -35.596672], [144.106195, -35.595387], [144.105461, -35.593702], [144.105766, -35.591691], [144.105015, -35.59078], [144.10203, -35.591556], [144.100573, -35.588808], [144.098167, -35.58884], [144.096322, -35.587074], [144.092046, -35.58754], [144.08584, -35.584334], [144.079628, -35.584337], [144.075853, -35.581037], [144.072583, -35.580561], [144.071849, -35.578308], [144.070644, -35.578378], [144.069638, -35.580255], [144.068513, -35.580218], [144.06608, -35.577663], [144.062285, -35.576768], [144.062265, -35.573398], [144.064166, -35.57119], [144.063958, -35.570545], [144.053732, -35.565114], [144.050345, -35.564841], [144.0468, -35.563141], [144.046594, -35.560055], [144.047879, -35.556292], [144.045897, -35.554396], [144.046108, -35.552572], [144.044001, -35.552583], [144.043203, -35.555393], [144.041478, -35.555802], [144.038764, -35.553437], [144.040005, -35.550286], [144.039215, -35.549257], [144.037647, -35.549912], [144.036639, -35.553628], [144.034082, -35.555971], [144.031834, -35.553834], [144.029404, -35.556315], [144.018886, -35.552946], [144.015161, -35.554684], [144.012702, -35.554073], [144.00941, -35.558065], [144.009675, -35.559243], [144.012137, -35.560674], [144.012297, -35.5623], [144.009646, -35.563307], [144.003065, -35.560809], [143.996709, -35.555977], [143.992994, -35.556439], [143.989865, -35.554663], [143.989588, -35.552962], [143.992419, -35.550571], [143.996354, -35.549268], [143.999221, -35.545367], [143.998944, -35.544354], [143.995632, -35.542196], [143.99688, -35.539443], [143.996841, -35.53625], [143.99581, -35.534989], [143.992426, -35.534094], [143.989263, -35.535357], [143.986283, -35.534346], [143.976941, -35.533989], [143.974476, -35.532309], [143.971511, -35.52474], [143.969322, -35.523078], [143.970939, -35.520017], [143.966451, -35.517821], [143.962441, -35.51398], [143.963634, -35.509602], [143.964776, -35.508366], [143.966979, -35.508322], [143.968586, -35.510314], [143.972536, -35.509249], [143.970179, -35.507725], [143.968651, -35.505279], [143.970286, -35.502754], [143.970101, -35.500078], [143.967546, -35.50048], [143.968319, -35.502296], [143.966886, -35.50289], [143.963502, -35.499737], [143.961001, -35.498992], [143.960009, -35.500427], [143.961003, -35.503408], [143.958981, -35.50448], [143.953061, -35.503832], [143.948832, -35.500832], [143.945836, -35.50219], [143.94192, -35.501656], [143.939383, -35.502785], [143.936755, -35.502901], [143.935855, -35.505864], [143.933355, -35.50661], [143.932251, -35.502232], [143.932803, -35.501238], [143.935652, -35.50097], [143.935045, -35.499288], [143.93317, -35.499384], [143.929898, -35.50164], [143.924052, -35.501621], [143.922049, -35.499633], [143.918261, -35.500761], [143.916515, -35.499136], [143.917267, -35.497034], [143.912221, -35.494889], [143.91142, -35.496843], [143.91236, -35.499347], [143.910761, -35.499519], [143.908776, -35.498524], [143.906183, -35.499958], [143.90486, -35.498888], [143.903875, -35.495256], [143.90505, -35.494528], [143.90768, -35.494986], [143.907733, -35.494162], [143.905046, -35.493513], [143.901411, -35.495238], [143.899389, -35.495257], [143.894671, -35.492388], [143.887497, -35.485303], [143.883841, -35.48573], [143.880574, -35.487285], [143.876584, -35.486166], [143.875663, -35.485423], [143.875067, -35.482309], [143.87236, -35.480157], [143.87138, -35.477828], [143.869748, -35.478749], [143.870269, -35.481193], [143.8697, -35.481729], [143.8672, -35.480933], [143.863865, -35.477234], [143.86269, -35.477562], [143.861117, -35.480106], [143.858784, -35.479978], [143.858245, -35.477323], [143.860424, -35.474548], [143.853853, -35.468775], [143.856102, -35.464339], [143.855435, -35.461838], [143.852937, -35.461806], [143.84969, -35.463322], [143.846035, -35.463292], [143.839981, -35.457709], [143.837098, -35.457849], [143.833936, -35.45629], [143.82703, -35.455101], [143.821804, -35.449343], [143.822146, -35.445942], [143.816784, -35.446086], [143.81506, -35.447045], [143.813021, -35.446265], [143.812357, -35.445082], [143.813034, -35.443438], [143.819068, -35.439606], [143.818018, -35.437545], [143.81539, -35.436633], [143.813588, -35.434955], [143.811273, -35.434768], [143.80859, -35.433282], [143.805854, -35.433344], [143.803781, -35.434456], [143.80145, -35.433807], [143.792812, -35.458197], [143.803497, -35.474564], [143.805389, -35.496472], [143.793632, -35.499479], [143.744695, -35.497566], [143.727471, -35.495105], [143.710794, -35.492645], [143.704779, -35.497566], [143.632055, -35.497839], [143.63807, -35.571109], [143.405547, -35.566872], [143.39051, -35.5748], [143.28949, -35.573433], [143.291404, -35.641509], [143.319837, -35.653128], [143.322024, -35.666114], [143.33009, -35.672676], [143.342939, -35.678691], [143.338838, -35.69195], [143.335297, -35.705772], [143.348681, -35.716693], [143.352235, -35.727492], [143.372056, -35.74745], [143.370826, -35.760299], [143.364948, -35.771235], [143.357293, -35.784085], [143.352781, -35.789553], [143.356062, -35.802812], [143.355379, -35.822634], [143.363444, -35.830835], [143.380941, -35.836987], [143.380941, -35.846009], [143.381488, -35.856535], [143.376704, -35.872392], [143.382992, -35.881824], [143.379301, -35.893443], [143.373696, -35.931172], [143.363444, -35.928574], [143.361393, -35.98298], [143.370416, -35.990499], [143.375063, -35.998017], [143.37397, -36.009363], [143.38846, -36.016061], [143.403824, -36.016792], [143.417419, -36.007103], [143.424001, -35.988585], [143.433707, -35.981887], [143.479911, -35.985167], [143.480457, -36.099447], [143.505473, -36.100404], [143.510941, -36.128837], [143.501099, -36.132528], [143.507797, -36.147975], [143.508891, -36.163832], [143.522697, -36.17053], [143.598564, -36.181329], [143.599658, -36.190351], [143.614421, -36.193358], [143.634106, -36.193358], [143.638207, -36.18666], [143.653107, -36.190078], [143.665136, -36.182969], [143.69357, -36.18666], [143.714484, -36.180782], [143.732939, -36.183379], [143.745651, -36.186934], [143.753717, -36.182833], [143.800741, -36.186113], [143.812497, -36.191445], [143.838743, -36.193632], [143.899689, -36.202816], [143.900394, -36.218648], [143.891645, -36.221382], [143.894789, -36.235188], [143.894516, -36.246397], [143.885986, -36.263359], [143.886587, -36.273463], [143.883041, -36.286007], [143.890141, -36.293421], [143.884263, -36.296155], [143.87532, -36.298538], [143.878659, -36.304904], [143.882523, -36.311207], [143.878249, -36.31584], [143.869019, -36.316467], [143.872097, -36.324042], [143.865768, -36.331409], [143.873464, -36.343179], [143.862528, -36.345503], [143.866302, -36.356018], [143.867859, -36.361187], [143.868133, -36.371066], [143.871979, -36.37661], [143.884308, -36.385239], [143.891479, -36.396469], [143.895199, -36.403463], [143.908447, -36.405277], [143.914063, -36.414262], [143.920868, -36.416847], [143.929784, -36.426702], [143.954407, -36.428196], [143.961182, -36.440777], [143.973937, -36.44912], [143.976852, -36.468529], [143.984894, -36.481216], [143.983719, -36.491699], [144.137291, -36.498605], [144.138824, -36.491474], [144.337417, -36.491497], [144.342065, -36.39116], [144.352727, -36.39075], [144.357922, -36.397312], [144.366944, -36.397859], [144.368994, -36.409205], [144.398521, -36.411392], [144.411781, -36.403463], [144.42217, -36.410982], [144.470014, -36.411118], [144.483684, -36.408931], [144.514031, -36.411528], [144.615461, -36.410982], [144.664945, -36.408658], [144.672104, -36.424549], [144.661148, -36.43306], [144.66011, -36.44128], [144.669403, -36.447971], [144.665492, -36.453358], [144.666458, -36.460308], [144.655182, -36.464802], [144.654282, -36.472569], [144.640732, -36.47385], [144.633423, -36.480461], [144.621246, -36.484001], [144.623535, -36.493481], [144.616281, -36.498468], [144.620483, -36.508331], [144.608899, -36.510224], [144.610214, -36.516159], [144.603431, -36.520477], [144.619064, -36.528152], [144.614504, -36.530319], [144.604662, -36.535377], [144.610641, -36.54525], [144.602611, -36.549867], [144.602748, -36.560803], [144.585114, -36.560119], [144.581286, -36.565997], [144.587711, -36.571192], [144.589661, -36.58263], [144.583954, -36.586502], [144.586014, -36.598381], [144.572948, -36.602495], [144.572922, -36.608562], [144.567291, -36.613712], [144.556817, -36.621223], [144.553673, -36.633389], [144.547684, -36.63586], [144.53809, -36.647196], [144.536996, -36.658405], [144.522096, -36.663599], [144.52483, -36.680003], [144.528111, -36.691623], [144.520456, -36.699141], [144.520729, -36.707616], [144.515671, -36.715818], [144.514988, -36.726481], [144.661801, -36.729351], [144.660434, -36.748216], [144.661665, -36.763389], [144.682716, -36.763116], [144.723999, -36.762569], [144.743683, -36.759288], [144.749835, -36.746849], [144.757627, -36.751223], [144.762684, -36.748489], [144.769714, -36.752781], [144.879561, -36.748352], [144.895008, -36.739057], [144.937239, -36.737351], [144.939486, -36.71469]]]}}, {"type": "Feature", "properties": {"index": "SCLN", "division": "Scullin", "state": "Victoria", "year": "1994", "proclaimed": "19941220", "quota": "0", "electors": "0", "deviation": ""}, "geometry": {"type": "Polygon", "coordinates": [[[144.95696, -37.632276], [144.957999, -37.634328], [144.960103, -37.635367], [144.962779, -37.635757], [144.964701, -37.635783], [144.965299, -37.637939], [144.966805, -37.638952], [144.968754, -37.639368], [144.968858, -37.640511], [144.967793, -37.642433], [144.967819, -37.643784], [144.969559, -37.644304], [144.969793, -37.645291], [144.971377, -37.646382], [144.973144, -37.646901], [144.974469, -37.647265], [144.976209, -37.650408], [144.974936, -37.651967], [144.97558, -37.65449], [144.97504, -37.655604], [144.976183, -37.657526], [144.97704, -37.658695], [144.975352, -37.659059], [144.973897, -37.659163], [144.972598, -37.6595], [144.973118, -37.660462], [144.973352, -37.661059], [144.972624, -37.66215], [144.97235, -37.66372], [144.973819, -37.664332], [144.975534, -37.665345], [144.976027, -37.666099], [144.975742, -37.667683], [144.97435, -37.66872], [144.974209, -37.670203], [144.974521, -37.671424], [144.975794, -37.671684], [144.976495, -37.672281], [144.975508, -37.673346], [144.975534, -37.674204], [144.97662, -37.67507], [144.9771, -37.67581], [144.977664, -37.676516], [144.97673, -37.67692], [144.976027, -37.676308], [144.975768, -37.6761], [144.974469, -37.676256], [144.97346, -37.67655], [144.972832, -37.677087], [144.973482, -37.677918], [144.974001, -37.679035], [144.974157, -37.680179], [144.974988, -37.680386], [144.973663, -37.681062], [144.972936, -37.680958], [144.97278, -37.681633], [144.972572, -37.682828], [144.971507, -37.684387], [144.97091, -37.687218], [144.97093, -37.68844], [144.972183, -37.688959], [144.973196, -37.688933], [144.97343, -37.68953], [144.97317, -37.690076], [144.972672, -37.691061], [144.973945, -37.691215], [144.975683, -37.691329], [145.022086, -37.696278], [145.02339, -37.696821], [145.04081, -37.69827], [145.041848, -37.699226], [145.042913, -37.699668], [145.043918, -37.699071], [145.044765, -37.698687], [145.058408, -37.700035], [145.080905, -37.70336], [145.091867, -37.703984], [145.108856, -37.705023], [145.109843, -37.706322], [145.111584, -37.706451], [145.111636, -37.705282], [145.110155, -37.705282], [145.110311, -37.704139], [145.110649, -37.703178], [145.109584, -37.702503], [145.108648, -37.702321], [145.108207, -37.701282], [145.107168, -37.7011], [145.107402, -37.700165], [145.108337, -37.699827], [145.11335, -37.699723], [145.120572, -37.700373], [145.121819, -37.700736], [145.122339, -37.69897], [145.122832, -37.697203], [145.126287, -37.696268], [145.127924, -37.694398], [145.128651, -37.692761], [145.129898, -37.691618], [145.131379, -37.690216], [145.136912, -37.686163], [145.14291, -37.686963], [145.144125, -37.679559], [145.144095, -37.678061], [145.144653, -37.677581], [145.144874, -37.6761], [145.14664, -37.675477], [145.146835, -37.675165], [145.144445, -37.674645], [145.142835, -37.674412], [145.141588, -37.674334], [145.140133, -37.674217], [145.131288, -37.673061], [145.129236, -37.672437], [145.1263, -37.672048], [145.126, -37.671255], [145.124793, -37.671112], [145.123326, -37.670702], [145.123823, -37.667983], [145.124949, -37.665008], [145.123754, -37.663579], [145.12456, -37.661293], [145.126014, -37.658539], [145.126794, -37.656773], [145.124586, -37.65498], [145.121936, -37.654201], [145.120377, -37.652616], [145.12152, -37.651162], [145.123209, -37.649967], [145.125988, -37.649161], [145.128248, -37.648824], [145.131314, -37.645862], [145.131677, -37.643732], [145.131418, -37.641758], [145.132015, -37.639238], [145.133127, -37.634727], [145.13578, -37.619788], [145.113771, -37.61623], [145.096742, -37.628014], [145.078216, -37.641706], [145.070605, -37.641732], [145.069537, -37.642132], [145.068079, -37.642823], [145.057706, -37.637614], [144.98656, -37.628944], [144.957194, -37.630744], [144.95696, -37.632276]]]}}, {"type": "Feature", "properties": {"index": "WNNN", "division": "Wannon", "state": "Victoria", "year": "1994", "proclaimed": "19941220", "quota": "0", "electors": "0", "deviation": ""}, "geometry": {"type": "MultiPolygon", "coordinates": [[[[140.971275, -37.228803], [140.973019, -37.310127], [140.973872, -37.462093], [140.972116, -37.717588], [140.973568, -37.718049], [140.972011, -37.730752], [140.965735, -38.055989], [140.990804, -38.059799], [141.028512, -38.071588], [141.041531, -38.077078], [141.046363, -38.07999], [141.051394, -38.081376], [141.059571, -38.085668], [141.086916, -38.096975], [141.100559, -38.105497], [141.105487, -38.106153], [141.115429, -38.111667], [141.119692, -38.112564], [141.128368, -38.11625], [141.150129, -38.126841], [141.179889, -38.143733], [141.184425, -38.144919], [141.227776, -38.170649], [141.26201, -38.19454], [141.29528, -38.220641], [141.332569, -38.251933], [141.338744, -38.258669], [141.35761, -38.274759], [141.379581, -38.300769], [141.387304, -38.311209], [141.392104, -38.319729], [141.396496, -38.331326], [141.397693, -38.338554], [141.396268, -38.340826], [141.391653, -38.343952], [141.39014, -38.346881], [141.383506, -38.349351], [141.381612, -38.351235], [141.378788, -38.352336], [141.375723, -38.355335], [141.371639, -38.357118], [141.37156, -38.359476], [141.368328, -38.360514], [141.36726, -38.36403], [141.365531, -38.365317], [141.366426, -38.36751], [141.364618, -38.370042], [141.364091, -38.377011], [141.36584, -38.378251], [141.36657, -38.380397], [141.370796, -38.382961], [141.374319, -38.386757], [141.385957, -38.386625], [141.389162, -38.387271], [141.394896, -38.389653], [141.401186, -38.39501], [141.406873, -38.396216], [141.411011, -38.395685], [141.413232, -38.396287], [141.414213, -38.39487], [141.413086, -38.39332], [141.413876, -38.391245], [141.410814, -38.387784], [141.409073, -38.381889], [141.409374, -38.379999], [141.405321, -38.375132], [141.404817, -38.37341], [141.404826, -38.371767], [141.407068, -38.369077], [141.411992, -38.366042], [141.418813, -38.363405], [141.434371, -38.360306], [141.447329, -38.359666], [141.46102, -38.362096], [141.499203, -38.378465], [141.519235, -38.390029], [141.519359, -38.391344], [141.520633, -38.392135], [141.520032, -38.392646], [141.520953, -38.393258], [141.520636, -38.393765], [141.523303, -38.395944], [141.523796, -38.397557], [141.524928, -38.397635], [141.528466, -38.404854], [141.527754, -38.407049], [141.525571, -38.409247], [141.521222, -38.411026], [141.522003, -38.413272], [141.521144, -38.413564], [141.521271, -38.41471], [141.52352, -38.415193], [141.523503, -38.415979], [141.525121, -38.416693], [141.525616, -38.419333], [141.524896, -38.421146], [141.526091, -38.421703], [141.526249, -38.423141], [141.530374, -38.425224], [141.530737, -38.426614], [141.535845, -38.427665], [141.536548, -38.428541], [141.535894, -38.428663], [141.539101, -38.431024], [141.541718, -38.431034], [141.542898, -38.431955], [141.542787, -38.432968], [141.546284, -38.431795], [141.547147, -38.430756], [141.54904, -38.432067], [141.55041, -38.432046], [141.551283, -38.431021], [141.55162, -38.427837], [141.553403, -38.427807], [141.553472, -38.426703], [141.555222, -38.426576], [141.555061, -38.425838], [141.555861, -38.42627], [141.555654, -38.424945], [141.556351, -38.424455], [141.555767, -38.423528], [141.557522, -38.422355], [141.555506, -38.416961], [141.556231, -38.416518], [141.555845, -38.414598], [141.557077, -38.413219], [141.556714, -38.409533], [141.557676, -38.408937], [141.557894, -38.405684], [141.560007, -38.40526], [141.560979, -38.404158], [141.565683, -38.403573], [141.567087, -38.401447], [141.567751, -38.397345], [141.56956, -38.395563], [141.569806, -38.392991], [141.573078, -38.389705], [141.57503, -38.38979], [141.579269, -38.38784], [141.590651, -38.388368], [141.600641, -38.391197], [141.602917, -38.392912], [141.604392, -38.392313], [141.605112, -38.392984], [141.606732, -38.39281], [141.607064, -38.393634], [141.609919, -38.393201], [141.611609, -38.394209], [141.614846, -38.39302], [141.614778, -38.394206], [141.616911, -38.396697], [141.616512, -38.398213], [141.617244, -38.40025], [141.623178, -38.404209], [141.624099, -38.405887], [141.626417, -38.406344], [141.627715, -38.404908], [141.628137, -38.400292], [141.625506, -38.395836], [141.627968, -38.393458], [141.63523, -38.392164], [141.646817, -38.392469], [141.647701, -38.393574], [141.649119, -38.393819], [141.650257, -38.393048], [141.643924, -38.38645], [141.642976, -38.383849], [141.641426, -38.38314], [141.642665, -38.378299], [141.636519, -38.377172], [141.634154, -38.375386], [141.633038, -38.371819], [141.627774, -38.366285], [141.627898, -38.36525], [141.625059, -38.361992], [141.625758, -38.361235], [141.626843, -38.361867], [141.624242, -38.357487], [141.623691, -38.357882], [141.621082, -38.354187], [141.621899, -38.349612], [141.624574, -38.344453], [141.62406, -38.3442], [141.62211, -38.347999], [141.623594, -38.341701], [141.619598, -38.342392], [141.607931, -38.342272], [141.608037, -38.340196], [141.609972, -38.337309], [141.608813, -38.33561], [141.60981, -38.332772], [141.608025, -38.331613], [141.607197, -38.329436], [141.60462, -38.328292], [141.602692, -38.325379], [141.600728, -38.324228], [141.59922, -38.321074], [141.601621, -38.313185], [141.611232, -38.304841], [141.621812, -38.300337], [141.632318, -38.294221], [141.637442, -38.292845], [141.650375, -38.284339], [141.65561, -38.282578], [141.663604, -38.275561], [141.66902, -38.274651], [141.679524, -38.267864], [141.70217, -38.260038], [141.704748, -38.258015], [141.703613, -38.259334], [141.742014, -38.253109], [141.769645, -38.253559], [141.804004, -38.258812], [141.845274, -38.261408], [141.88151, -38.265811], [141.889746, -38.267381], [141.899882, -38.270614], [141.903538, -38.271112], [141.90415, -38.270711], [141.903504, -38.269872], [141.905669, -38.271499], [141.929505, -38.278215], [141.97036, -38.29455], [142.00267, -38.310335], [142.014478, -38.316892], [142.036664, -38.331614], [142.044499, -38.338595], [142.050145, -38.340711], [142.059516, -38.347718], [142.073813, -38.355897], [142.098318, -38.365508], [142.106005, -38.370002], [142.105863, -38.371539], [142.113072, -38.371608], [142.117804, -38.373532], [142.118405, -38.374506], [142.11972, -38.37427], [142.124188, -38.378012], [142.124706, -38.377164], [142.126883, -38.377277], [142.128523, -38.377935], [142.129687, -38.38004], [142.133471, -38.379837], [142.136453, -38.380713], [142.143451, -38.386579], [142.144815, -38.39061], [142.1458, -38.391487], [142.147231, -38.389581], [142.153378, -38.391882], [142.154758, -38.390293], [142.156899, -38.391256], [142.158868, -38.390962], [142.162947, -38.391949], [142.165268, -38.390766], [142.166195, -38.391697], [142.173482, -38.389988], [142.176718, -38.391819], [142.179318, -38.392052], [142.180871, -38.39174], [142.180334, -38.390286], [142.18665, -38.391953], [142.188328, -38.393158], [142.187793, -38.394627], [142.189017, -38.394719], [142.188741, -38.393503], [142.190939, -38.392962], [142.190738, -38.394117], [142.19416, -38.393863], [142.197634, -38.395125], [142.20451, -38.393223], [142.205497, -38.393649], [142.206277, -38.392625], [142.208279, -38.39374], [142.211437, -38.392773], [142.212557, -38.394258], [142.216038, -38.394795], [142.2163, -38.39406], [142.217941, -38.394404], [142.21927, -38.392235], [142.222455, -38.392093], [142.224448, -38.39345], [142.226488, -38.391655], [142.229695, -38.392818], [142.233573, -38.392431], [142.234999, -38.393353], [142.23451, -38.394494], [142.238035, -38.395704], [142.238569, -38.39452], [142.243049, -38.392172], [142.243092, -38.393329], [142.241565, -38.394589], [142.242608, -38.39448], [142.242566, -38.39579], [142.244905, -38.396468], [142.247385, -38.395544], [142.248457, -38.393943], [142.255037, -38.39119], [142.253632, -38.39069], [142.253471, -38.389873], [142.251524, -38.390655], [142.250043, -38.390285], [142.249498, -38.389516], [142.251079, -38.388187], [142.246632, -38.389564], [142.243958, -38.387985], [142.243024, -38.38239], [142.244323, -38.378032], [142.247753, -38.373222], [142.251004, -38.37026], [142.261528, -38.364586], [142.27309, -38.362323], [142.280141, -38.36234], [142.284078, -38.363371], [142.285598, -38.364919], [142.28596, -38.366494], [142.286067, -38.364514], [142.292184, -38.360399], [142.294988, -38.35973], [142.299981, -38.360118], [142.304041, -38.35906], [142.309371, -38.356322], [142.313089, -38.35711], [142.316959, -38.359978], [142.327961, -38.357093], [142.334477, -38.358421], [142.336165, -38.357306], [142.33543, -38.35571], [142.336861, -38.353614], [142.342442, -38.352408], [142.343942, -38.351327], [142.348108, -38.351366], [142.353633, -38.350135], [142.372518, -38.349483], [142.404414, -38.362614], [142.420745, -38.370795], [142.422356, -38.372398], [142.434259, -38.378788], [142.437824, -38.382587], [142.442262, -38.385413], [142.444969, -38.385628], [142.447212, -38.386985], [142.44998, -38.390494], [142.453288, -38.391484], [142.455387, -38.393383], [142.455024, -38.395373], [142.45381, -38.396052], [142.45687, -38.395361], [142.459283, -38.397141], [142.463079, -38.397335], [142.464297, -38.399133], [142.467186, -38.398804], [142.468116, -38.39952], [142.467661, -38.400561], [142.468534, -38.40047], [142.471121, -38.402464], [142.471653, -38.40431], [142.472721, -38.404321], [142.472037, -38.40247], [142.472772, -38.401661], [142.47482, -38.402561], [142.474682, -38.404322], [142.476099, -38.403764], [142.476156, -38.402732], [142.480598, -38.401392], [142.476245, -38.402572], [142.47606, -38.402041], [142.476194, -38.398244], [142.478862, -38.395027], [142.485778, -38.393411], [142.492181, -38.393871], [142.499899, -38.396746], [142.509026, -38.403355], [142.518091, -38.403963], [142.527525, -38.406023], [142.537907, -38.410175], [142.540641, -38.412231], [142.542445, -38.41217], [142.555417, -38.419077], [142.559619, -38.420439], [142.560632, -38.42165], [142.563319, -38.422004], [142.564167, -38.423756], [142.568443, -38.426173], [142.570163, -38.426336], [142.578131, -38.431213], [142.578547, -38.43276], [142.583048, -38.434652], [142.584578, -38.436662], [142.587375, -38.436431], [142.588344, -38.438335], [142.591956, -38.439508], [142.598362, -38.444375], [142.598458, -38.445294], [142.601338, -38.44505], [142.603201, -38.448286], [142.608017, -38.449465], [142.615115, -38.452688], [142.616165, -38.455537], [142.617438, -38.455388], [142.617522, -38.456495], [142.618501, -38.456939], [142.619353, -38.45625], [142.619286, -38.457062], [142.620723, -38.457122], [142.622212, -38.459387], [142.624793, -38.459205], [142.62635, -38.45992], [142.628415, -38.461758], [142.630375, -38.462225], [142.631926, -38.463972], [142.644362, -38.471013], [142.647634, -38.474322], [142.650732, -38.475635], [142.651759, -38.47709], [142.662901, -38.48374], [142.66802, -38.48909], [142.670511, -38.490407], [142.672994, -38.489149], [142.672913, -38.490781], [142.674078, -38.491812], [142.675566, -38.490393], [142.676771, -38.490566], [142.676385, -38.492473], [142.675097, -38.493818], [142.678069, -38.492912], [142.677427, -38.494764], [142.679376, -38.493197], [142.684028, -38.495133], [142.685471, -38.497449], [142.6867, -38.497907], [142.686615, -38.498686], [142.690181, -38.499983], [142.691089, -38.501508], [142.690559, -38.50341], [142.693662, -38.504035], [142.694764, -38.502826], [142.696085, -38.503185], [142.696428, -38.504137], [142.695144, -38.504622], [142.694953, -38.506099], [142.700673, -38.509455], [142.699923, -38.512394], [142.706131, -38.511818], [142.708058, -38.514266], [142.712763, -38.515785], [142.717184, -38.519249], [142.720624, -38.520696], [142.732061, -38.529084], [142.734727, -38.532318], [142.747096, -38.540483], [142.749535, -38.543924], [142.75135, -38.543858], [142.75397, -38.545665], [142.753793, -38.546938], [142.756049, -38.54791], [142.757011, -38.549563], [142.760387, -38.549573], [142.762153, -38.551794], [142.767254, -38.553944], [142.768903, -38.556203], [142.772928, -38.557442], [142.773203, -38.558948], [142.774959, -38.559204], [142.776154, -38.561504], [142.779184, -38.560791], [142.779584, -38.561435], [142.778051, -38.561894], [142.777948, -38.562975], [142.779966, -38.562617], [142.77981, -38.563508], [142.784324, -38.565204], [142.784374, -38.566476], [142.785699, -38.566539], [142.787658, -38.569124], [142.790402, -38.568863], [142.79147, -38.571292], [142.794025, -38.569766], [142.796339, -38.569702], [142.795651, -38.572276], [142.796749, -38.573204], [142.797894, -38.572576], [142.800379, -38.574319], [142.800567, -38.573521], [142.802662, -38.574127], [142.802824, -38.572619], [142.80425, -38.571653], [142.807602, -38.571536], [142.814514, -38.575991], [142.814862, -38.577155], [142.815661, -38.577029], [142.81613, -38.579462], [142.818599, -38.577877], [142.818834, -38.576576], [142.82106, -38.577173], [142.822997, -38.576436], [142.824911, -38.578464], [142.824489, -38.579898], [142.826924, -38.579721], [142.827684, -38.580098], [142.827299, -38.580926], [142.828124, -38.580886], [142.828254, -38.581565], [142.827231, -38.58203], [142.827872, -38.582685], [142.826003, -38.583172], [142.826772, -38.584128], [142.82519, -38.58473], [142.828371, -38.587043], [142.832497, -38.588207], [142.836798, -38.587227], [142.8399, -38.587402], [142.84309, -38.588831], [142.844204, -38.590378], [142.845244, -38.590063], [142.846223, -38.591097], [142.845921, -38.591795], [142.847459, -38.591214], [142.847437, -38.59248], [142.848142, -38.59151], [142.849235, -38.592816], [142.85018, -38.591427], [142.852333, -38.591827], [142.852211, -38.593273], [142.853296, -38.594608], [142.856977, -38.59622], [142.859126, -38.598676], [142.859138, -38.599816], [142.857487, -38.600314], [142.858487, -38.600513], [142.858665, -38.601484], [142.857133, -38.601687], [142.858523, -38.602438], [142.858772, -38.603716], [142.857631, -38.605289], [142.860483, -38.604239], [142.860981, -38.605262], [142.860272, -38.605717], [142.861686, -38.606005], [142.862622, -38.605074], [142.865371, -38.605784], [142.866422, -38.60383], [142.869187, -38.603837], [142.871848, -38.604997], [142.872658, -38.607351], [142.871935, -38.609106], [142.873872, -38.608992], [142.873111, -38.610155], [142.878087, -38.609874], [142.881795, -38.608207], [142.886196, -38.60883], [142.888778, -38.610824], [142.8922, -38.609649], [142.895791, -38.609627], [142.897454, -38.610656], [142.90065, -38.610166], [142.900495, -38.611043], [142.901355, -38.610492], [142.903478, -38.611107], [142.903391, -38.612256], [142.904422, -38.611864], [142.905036, -38.613214], [142.906794, -38.613662], [142.906162, -38.614248], [142.906822, -38.615809], [142.908147, -38.614846], [142.908062, -38.615712], [142.908795, -38.615298], [142.910115, -38.616465], [142.909876, -38.617664], [142.910988, -38.618392], [142.912161, -38.617534], [142.912749, -38.618659], [142.913431, -38.61781], [142.914514, -38.618514], [142.914396, -38.619544], [142.915504, -38.61882], [142.915442, -38.619753], [142.915885, -38.618901], [142.919423, -38.618361], [142.920082, -38.616538], [142.920459, -38.618254], [142.921447, -38.617274], [142.921418, -38.618474], [142.922772, -38.618736], [142.921685, -38.619068], [142.921557, -38.620079], [142.924274, -38.618745], [142.926984, -38.621779], [142.928027, -38.620736], [142.929795, -38.621218], [142.931813, -38.623264], [142.929846, -38.624073], [142.930516, -38.62451], [142.9313, -38.623846], [142.931342, -38.624995], [142.934025, -38.625107], [142.934387, -38.626136], [142.937026, -38.627336], [142.93794, -38.62622], [142.937654, -38.622454], [142.939877, -38.622452], [142.944448, -38.624313], [142.945897, -38.623248], [142.947884, -38.619768], [142.953001, -38.620764], [142.955535, -38.622075], [142.963173, -38.622557], [142.967495, -38.624483], [142.974874, -38.625363], [142.97898, -38.625281], [142.980781, -38.623825], [142.982364, -38.624392], [142.983311, -38.622907], [142.985008, -38.623478], [142.987085, -38.621868], [142.995213, -38.623152], [142.999939, -38.622971], [143.003159, -38.624038], [143.010538, -38.6238], [143.015378, -38.6245], [143.021214, -38.625906], [143.022549, -38.628543], [143.026182, -38.628896], [143.029332, -38.630512], [143.028369, -38.631238], [143.030148, -38.630807], [143.030234, -38.631437], [143.028708, -38.631937], [143.036962, -38.631887], [143.037018, -38.632977], [143.03909, -38.633759], [143.038226, -38.63681], [143.040302, -38.637127], [143.040976, -38.639415], [143.043509, -38.637727], [143.04485, -38.639547], [143.047998, -38.639159], [143.048741, -38.640068], [143.053358, -38.640573], [143.053646, -38.641974], [143.05503, -38.641398], [143.056734, -38.643155], [143.056021, -38.644374], [143.056912, -38.643757], [143.058168, -38.645004], [143.05499, -38.64787], [143.057478, -38.647187], [143.058933, -38.647713], [143.060332, -38.64575], [143.060314, -38.64729], [143.061847, -38.646803], [143.06356, -38.647875], [143.065884, -38.647072], [143.065313, -38.64813], [143.067161, -38.647425], [143.067927, -38.647446], [143.066643, -38.648089], [143.068608, -38.647826], [143.069835, -38.646596], [143.070545, -38.646932], [143.068174, -38.648556], [143.071606, -38.647516], [143.072295, -38.648056], [143.071034, -38.649034], [143.071689, -38.649236], [143.071066, -38.649893], [143.075026, -38.648551], [143.075737, -38.648961], [143.075081, -38.650127], [143.07668, -38.650913], [143.080833, -38.651018], [143.081372, -38.652357], [143.0804, -38.654342], [143.083191, -38.653241], [143.083977, -38.653899], [143.084038, -38.654865], [143.086166, -38.654558], [143.08706, -38.65684], [143.092213, -38.658594], [143.094625, -38.65837], [143.096342, -38.660171], [143.103112, -38.663791], [143.104325, -38.66549], [143.10411, -38.66681], [143.104705, -38.666064], [143.105815, -38.666206], [143.111753, -38.669096], [143.115316, -38.671688], [143.115955, -38.673165], [143.116161, -38.673271], [143.120122, -38.66643], [143.120395, -38.659322], [143.127777, -38.655494], [143.126683, -38.646062], [143.131331, -38.631982], [143.14254, -38.628291], [143.147735, -38.620499], [143.167282, -38.616535], [143.189291, -38.608607], [143.196536, -38.598491], [143.197356, -38.588922], [143.195989, -38.580857], [143.189838, -38.57785], [143.182319, -38.568964], [143.177125, -38.561036], [143.182593, -38.546683], [143.178902, -38.537797], [143.165779, -38.523034], [143.175894, -38.515789], [143.1856, -38.516199], [143.192161, -38.526588], [143.201594, -38.529869], [143.205694, -38.524537], [143.211846, -38.524127], [143.224559, -38.524127], [143.236862, -38.518249], [143.238365, -38.510184], [143.224695, -38.507724], [143.226473, -38.485989], [143.233854, -38.472045], [143.246567, -38.468491], [143.259417, -38.471225], [143.277051, -38.469311], [143.279511, -38.452224], [143.284843, -38.447987], [143.312319, -38.452361], [143.324075, -38.454411], [143.336241, -38.452634], [143.361667, -38.454548], [143.368775, -38.40397], [143.352235, -38.379091], [143.347443, -38.367172], [143.339522, -38.355032], [143.347314, -38.343959], [143.354695, -38.343413], [143.367955, -38.350248], [143.386078, -38.353443], [143.401309, -38.356262], [143.419764, -38.351478], [143.420857, -38.342729], [143.411425, -38.338765], [143.413202, -38.323728], [143.411972, -38.313749], [143.40582, -38.309238], [143.401719, -38.299259], [143.414022, -38.298576], [143.407871, -38.293928], [143.410741, -38.286683], [143.411972, -38.276294], [143.401993, -38.285043], [143.387503, -38.292151], [143.384222, -38.28682], [143.378481, -38.283402], [143.37602, -38.274107], [143.366998, -38.277934], [143.346767, -38.277798], [143.347177, -38.270143], [143.346767, -38.260027], [143.340615, -38.254012], [143.345126, -38.247861], [143.344033, -38.236515], [143.342939, -38.228586], [143.341299, -38.21765], [143.337608, -38.211362], [143.336788, -38.204664], [143.338018, -38.197419], [143.341572, -38.184296], [143.355789, -38.179102], [143.368912, -38.181426], [143.366041, -38.175001], [143.357976, -38.171173], [143.351961, -38.160921], [143.339795, -38.146568], [143.356746, -38.132761], [143.364127, -38.136178], [143.369459, -38.137272], [143.382445, -38.148755], [143.388323, -38.148208], [143.399122, -38.143834], [143.407461, -38.152446], [143.416346, -38.159144], [143.424411, -38.156957], [143.418807, -38.147251], [143.41744, -38.139186], [143.412108, -38.127293], [143.40336, -38.121005], [143.397208, -38.108976], [143.404043, -38.095853], [143.410878, -38.094622], [143.41744, -38.077398], [143.425778, -38.067693], [143.436304, -38.053476], [143.451751, -38.047188], [143.466241, -38.051836], [143.47827, -38.059491], [143.490163, -38.072067], [143.499869, -38.070974], [143.515179, -38.072887], [143.53336, -38.077808], [143.540878, -38.090795], [143.548806, -38.097356], [143.558922, -38.09722], [143.566304, -38.095716], [143.571225, -38.101731], [143.575189, -38.102277], [143.580247, -38.106788], [143.585578, -38.105148], [143.591183, -38.109796], [143.593917, -38.109932], [143.598838, -38.117588], [143.60786, -38.120458], [143.613054, -38.114444], [143.62235, -38.115264], [143.630278, -38.111573], [143.626588, -38.104328], [143.630552, -38.100227], [143.630005, -38.092572], [143.634445, -38.08194], [143.632602, -38.073844], [143.627818, -38.065506], [143.622487, -38.059218], [143.618522, -38.047188], [143.615242, -38.038986], [143.618522, -38.032425], [143.6244, -38.034749], [143.629654, -38.028519], [143.631099, -38.017798], [143.636017, -38.01252], [143.649963, -38.01069], [143.652481, -37.999977], [143.653244, -37.991005], [143.647502, -37.98458], [143.63561, -37.979796], [143.62439, -37.978828], [143.624537, -37.971321], [143.620316, -37.967136], [143.619616, -37.961615], [143.614304, -37.962208], [143.610092, -37.949398], [143.614285, -37.943571], [143.622623, -37.929491], [143.634243, -37.926484], [143.640121, -37.917188], [143.640671, -37.912537], [143.644318, -37.906898], [143.639574, -37.897777], [143.643948, -37.890806], [143.655106, -37.883667], [143.655568, -37.873445], [143.660751, -37.865486], [143.665634, -37.853306], [143.665957, -37.844192], [143.678259, -37.832709], [143.688644, -37.822346], [143.682087, -37.812341], [143.687008, -37.800448], [143.69562, -37.797304], [143.697124, -37.790196], [143.711548, -37.790466], [143.70806, -37.787462], [143.718859, -37.775843], [143.719679, -37.745496], [143.72583, -37.711868], [143.728017, -37.678924], [143.737723, -37.637641], [143.731435, -37.636821], [143.715851, -37.642699], [143.682907, -37.641879], [143.65297, -37.623971], [143.667324, -37.539082], [143.656935, -37.540175], [143.647502, -37.536621], [143.637113, -37.534981], [143.626314, -37.53047], [143.614558, -37.534571], [143.603896, -37.533477], [143.595694, -37.526779], [143.613601, -37.498892], [143.615378, -37.481805], [143.619343, -37.468546], [143.613054, -37.467179], [143.598701, -37.468546], [143.560289, -37.462668], [143.549763, -37.4572], [143.511898, -37.44476], [143.474169, -37.437652], [143.470889, -37.432321], [143.462823, -37.424392], [143.470068, -37.413456], [143.463917, -37.408535], [143.455673, -37.402225], [143.444946, -37.400238], [143.443329, -37.388187], [143.435684, -37.385628], [143.435074, -37.380102], [143.428239, -37.375591], [143.420994, -37.364382], [143.422224, -37.356453], [143.417191, -37.350998], [143.414842, -37.344287], [143.413749, -37.337589], [143.415799, -37.326926], [143.409374, -37.323372], [143.3983, -37.321209], [143.394611, -37.329387], [143.384644, -37.330246], [143.371948, -37.329376], [143.366861, -37.313667], [143.351825, -37.31271], [143.356199, -37.301364], [143.350184, -37.299724], [143.341982, -37.301227], [143.331867, -37.305465], [143.325442, -37.298767], [143.31683, -37.29822], [143.308491, -37.292068], [143.301246, -37.283867], [143.290584, -37.28455], [143.289139, -37.272797], [143.283752, -37.258957], [143.28569, -37.245667], [143.288807, -37.232468], [143.281693, -37.225849], [143.271103, -37.217758], [143.269259, -37.204035], [143.269653, -37.19569], [143.267482, -37.185034], [143.257776, -37.1823], [143.246841, -37.174098], [143.236801, -37.170959], [143.234401, -37.162205], [143.22438, -37.15453], [143.211572, -37.160428], [143.205558, -37.166306], [143.195032, -37.173825], [143.195169, -37.182027], [143.187514, -37.191322], [143.176132, -37.186218], [143.167114, -37.17857], [143.16275, -37.180038], [143.151627, -37.173851], [143.130646, -37.174419], [143.12529, -37.171501], [143.112198, -37.15815], [143.089249, -37.15731], [143.064212, -37.149492], [143.055737, -37.187221], [143.049449, -37.184897], [143.037966, -37.190775], [143.026347, -37.185991], [142.991079, -37.184761], [142.990942, -37.178883], [142.972488, -37.177926], [142.966751, -37.170433], [142.959365, -37.171774], [142.953213, -37.209366], [142.933802, -37.208546], [142.929838, -37.21251], [142.922593, -37.215244], [142.912887, -37.220029], [142.913708, -37.232468], [142.921636, -37.24067], [142.90783, -37.24067], [142.898261, -37.246138], [142.886505, -37.24231], [142.8809, -37.245591], [142.873245, -37.247642], [142.868597, -37.238483], [142.871878, -37.231238], [142.859438, -37.228367], [142.862856, -37.222079], [142.859438, -37.217158], [142.854244, -37.217705], [142.84198, -37.218784], [142.839478, -37.209652], [142.834696, -37.202668], [142.836063, -37.191869], [142.833603, -37.183394], [142.819386, -37.174098], [142.807357, -37.170954], [142.783845, -37.16986], [142.781657, -37.159471], [142.766074, -37.152363], [142.765527, -37.144435], [142.758009, -37.150996], [142.744065, -37.149766], [142.738051, -37.147579], [142.728619, -37.141427], [142.717546, -37.142384], [142.715632, -37.157148], [142.580438, -37.158651], [142.581121, -37.109577], [142.534917, -37.128988], [142.52986, -37.135002], [142.533414, -37.143614], [142.567315, -37.189545], [142.576884, -37.202121], [142.593698, -37.220575], [142.599166, -37.231785], [142.594244, -37.237936], [142.596295, -37.258304], [142.600806, -37.268966], [142.597115, -37.274845], [142.593834, -37.28496], [142.601626, -37.296579], [142.514549, -37.294666], [142.494354, -37.290398], [142.476013, -37.283207], [142.461334, -37.277588], [142.461306, -37.261824], [142.435606, -37.258817], [142.419476, -37.25827], [142.415102, -37.2446], [142.399792, -37.231477], [142.37001, -37.228268], [142.341285, -37.204684], [142.31311, -37.191891], [142.278677, -37.180352], [142.272389, -37.167776], [142.255712, -37.162855], [142.235153, -37.12273], [142.215796, -37.116377], [142.211968, -37.102434], [142.203308, -37.087791], [142.195496, -37.093761], [142.186432, -37.11142], [142.173218, -37.126232], [142.170959, -37.137429], [142.161664, -37.144537], [142.152642, -37.166409], [142.124482, -37.201404], [142.105071, -37.200583], [142.08648, -37.237765], [142.075817, -37.25909], [142.072263, -37.282602], [142.042736, -37.292718], [142.029613, -37.310489], [142.011296, -37.295178], [142.000907, -37.271119], [141.989151, -37.251435], [141.974934, -37.246787], [141.967006, -37.230383], [141.951202, -37.231915], [141.936859, -37.228714], [141.925171, -37.226303], [141.898657, -37.237218], [141.878699, -37.240773], [141.860108, -37.252529], [141.859834, -37.236398], [141.857374, -37.229837], [141.872411, -37.222728], [141.883667, -37.217014], [141.900146, -37.216633], [141.912903, -37.202145], [141.91506, -37.183633], [141.929581, -37.168293], [141.924744, -37.151043], [141.925125, -37.134705], [141.919724, -37.119473], [141.910049, -37.114365], [141.904785, -37.123924], [141.898361, -37.137985], [141.885681, -37.140865], [141.865302, -37.144264], [141.847321, -37.153214], [141.836594, -37.157333], [141.834656, -37.172085], [141.805923, -37.173313], [141.786102, -37.169956], [141.763947, -37.176826], [141.747055, -37.174934], [141.738007, -37.181084], [141.723137, -37.181719], [141.712906, -37.184116], [141.702087, -37.181126], [141.689392, -37.167866], [141.672409, -37.162025], [141.66709, -37.149458], [141.645096, -37.160965], [141.627655, -37.160187], [141.611954, -37.168098], [141.589172, -37.164222], [141.578237, -37.175158], [141.57103, -37.190369], [141.547409, -37.199677], [141.52861, -37.205738], [141.511215, -37.212158], [141.500045, -37.210152], [141.487, -37.221897], [141.466614, -37.218929], [141.42897, -37.220108], [141.408997, -37.217918], [141.384979, -37.211979], [141.36763, -37.224239], [141.345612, -37.237911], [141.321518, -37.236672], [141.311066, -37.249561], [141.301895, -37.249931], [141.294846, -37.229019], [141.283401, -37.221821], [141.280746, -37.210861], [141.284683, -37.20031], [141.295578, -37.187222], [141.304184, -37.17625], [141.286523, -37.170783], [141.260004, -37.171877], [141.221455, -37.175978], [141.201224, -37.177345], [141.171997, -37.181664], [141.150452, -37.172653], [141.117218, -37.155972], [141.099106, -37.144402], [141.076904, -37.141571], [141.066696, -37.137852], [141.05523, -37.132508], [141.044571, -37.114292], [141.032812, -37.0997], [141.011765, -37.099274], [140.997192, -37.101315], [140.984451, -37.094296], [140.971702, -37.09323], [140.971275, -37.228803]]], [[[141.994317, -38.41588], [141.993481, -38.417372], [141.996133, -38.417969], [141.997817, -38.421863], [141.996164, -38.423585], [141.998351, -38.423358], [141.998223, -38.425003], [141.999012, -38.425446], [142.001304, -38.422796], [142.003234, -38.422545], [142.007711, -38.419586], [142.008772, -38.416787], [142.014239, -38.412576], [142.012405, -38.411535], [142.009299, -38.412536], [142.007625, -38.411711], [142.000429, -38.413189], [141.995417, -38.415564], [141.994317, -38.41588]]], [[[143.065331, -38.649143], [143.065901, -38.648667], [143.063548, -38.648541], [143.061813, -38.649864], [143.065331, -38.649143]]], [[[143.02244, -38.629642], [143.022598, -38.62907], [143.021828, -38.629392], [143.021873, -38.630156], [143.02244, -38.629642]]], [[[143.068655, -38.649601], [143.07024, -38.649215], [143.07087, -38.648436], [143.07008, -38.648928], [143.068655, -38.649601]]], [[[143.072377, -38.65045], [143.073155, -38.649535], [143.072101, -38.650109], [143.071926, -38.650581], [143.072377, -38.65045]]], [[[143.081252, -38.655469], [143.08209, -38.655566], [143.082074, -38.655157], [143.081628, -38.654921], [143.081252, -38.655469]]], [[[143.087765, -38.658385], [143.088513, -38.658534], [143.088495, -38.658114], [143.088192, -38.658012], [143.087765, -38.658385]]], [[[143.047899, -38.641592], [143.048184, -38.641128], [143.047401, -38.641199], [143.047004, -38.641042], [143.047899, -38.641592]]], [[[143.095466, -38.660891], [143.095271, -38.661276], [143.095624, -38.661332], [143.095846, -38.660892], [143.095466, -38.660891]]], [[[143.074378, -38.651299], [143.074521, -38.651305], [143.07459, -38.650919], [143.074146, -38.650923], [143.074378, -38.651299]]], [[[143.076609, -38.651651], [143.076773, -38.65133], [143.076517, -38.651325], [143.076247, -38.651759], [143.076609, -38.651651]]], [[[143.103102, -38.664589], [143.102726, -38.664467], [143.10275, -38.66464], [143.102993, -38.664822], [143.103102, -38.664589]]], [[[143.075656, -38.652298], [143.075771, -38.652112], [143.075362, -38.652115], [143.075371, -38.652304], [143.075656, -38.652298]]], [[[143.10108, -38.663541], [143.101164, -38.663437], [143.100802, -38.663306], [143.100655, -38.663458], [143.10108, -38.663541]]], [[[143.075479, -38.65126], [143.075555, -38.651091], [143.075274, -38.651045], [143.075251, -38.651301], [143.075479, -38.65126]]], [[[143.057008, -38.644605], [143.057069, -38.644515], [143.056741, -38.644514], [143.056711, -38.644779], [143.057008, -38.644605]]], [[[143.083674, -38.653981], [143.083683, -38.653719], [143.083518, -38.653732], [143.083459, -38.653947], [143.083674, -38.653981]]], [[[143.108174, -38.668442], [143.108186, -38.668299], [143.107847, -38.668483], [143.10804, -38.668549], [143.108174, -38.668442]]], [[[143.099661, -38.662622], [143.099785, -38.662519], [143.099628, -38.662375], [143.099508, -38.662574], [143.099661, -38.662622]]], [[[143.107273, -38.668322], [143.106954, -38.668465], [143.107113, -38.668537], [143.107215, -38.668538], [143.107273, -38.668322]]]]}}, {"type": "Feature", "properties": {"index": "WLLS", "division": "Wills", "state": "Victoria", "year": "1994", "proclaimed": "19941220", "quota": "0", "electors": "0", "deviation": ""}, "geometry": {"type": "Polygon", "coordinates": [[[144.984959, -37.766743], [144.985048, -37.765884], [144.983947, -37.76503], [144.983112, -37.76409], [144.98258, -37.763495], [144.981361, -37.762921], [144.981723, -37.762118], [144.982621, -37.761524], [144.981896, -37.760702], [144.981187, -37.759808], [144.980636, -37.75889], [144.980075, -37.75783], [144.979801, -37.756223], [144.979512, -37.754064], [144.980082, -37.75287], [144.981201, -37.752308], [144.981465, -37.751796], [144.980959, -37.75121], [144.980777, -37.750188], [144.980856, -37.749193], [144.981078, -37.749266], [144.98094, -37.748045], [144.980611, -37.747481], [144.980201, -37.746802], [144.980281, -37.746244], [144.981395, -37.746095], [144.981627, -37.745934], [144.981229, -37.744844], [144.98034, -37.74419], [144.979447, -37.743329], [144.979125, -37.741959], [144.979411, -37.741102], [144.979385, -37.740037], [144.978712, -37.739454], [144.978203, -37.738998], [144.977754, -37.738213], [144.97715, -37.736963], [144.976635, -37.736486], [144.976662, -37.735642], [144.976323, -37.73499], [144.975852, -37.734306], [144.976257, -37.733456], [144.975488, -37.732841], [144.97439, -37.73365], [144.97367, -37.734088], [144.97292, -37.734478], [144.972117, -37.734497], [144.970942, -37.733932], [144.969695, -37.733101], [144.968708, -37.732815], [144.967603, -37.732347], [144.966936, -37.731907], [144.966994, -37.730867], [144.967724, -37.730709], [144.967388, -37.730016], [144.96694, -37.729737], [144.966221, -37.729082], [144.966318, -37.728269], [144.967098, -37.727516], [144.968105, -37.726806], [144.968799, -37.72606], [144.96817, -37.724801], [144.968651, -37.723742], [144.968576, -37.722851], [144.96971, -37.72194], [144.970685, -37.721821], [144.971661, -37.721362], [144.97315, -37.720398], [144.97462, -37.719689], [144.975432, -37.71935], [144.976787, -37.719177], [144.978061, -37.719295], [144.978707, -37.718921], [144.978424, -37.718109], [144.978401, -37.717381], [144.978606, -37.716709], [144.979956, -37.716216], [144.980502, -37.715826], [144.980554, -37.714683], [144.979792, -37.714203], [144.978101, -37.714], [144.977307, -37.713696], [144.977377, -37.713114], [144.978625, -37.712906], [144.979037, -37.712187], [144.97876, -37.71133], [144.977354, -37.710983], [144.977982, -37.708968], [144.979151, -37.70837], [144.979758, -37.707726], [144.980817, -37.707365], [144.98052, -37.70654], [144.979507, -37.705749], [144.978825, -37.704758], [144.980024, -37.703886], [144.981061, -37.70391], [144.982272, -37.703528], [144.982153, -37.702562], [144.981592, -37.70173], [144.980771, -37.701203], [144.979668, -37.700826], [144.97944, -37.69988], [144.97994, -37.6991], [144.980083, -37.697843], [144.978973, -37.697362], [144.97836, -37.69665], [144.978335, -37.695872], [144.978112, -37.694551], [144.977359, -37.694213], [144.976301, -37.694766], [144.975748, -37.694862], [144.975125, -37.694473], [144.974268, -37.694071], [144.973511, -37.69318], [144.97324, -37.69289], [144.972206, -37.692846], [144.971468, -37.692999], [144.970329, -37.692416], [144.969276, -37.692302], [144.967783, -37.691697], [144.965893, -37.691709], [144.965783, -37.690556], [144.960905, -37.691995], [144.948306, -37.692307], [144.9375, -37.69306], [144.937526, -37.693813], [144.921186, -37.694807], [144.915806, -37.694715], [144.915809, -37.69945], [144.922621, -37.721456], [144.921006, -37.72119], [144.920051, -37.721478], [144.915309, -37.720891], [144.912769, -37.718856], [144.909827, -37.720976], [144.90919, -37.720362], [144.909321, -37.719481], [144.910537, -37.719098], [144.910528, -37.71863], [144.909652, -37.717817], [144.908176, -37.717245], [144.906976, -37.716933], [144.905353, -37.717299], [144.905153, -37.716549], [144.904534, -37.715998], [144.903517, -37.716744], [144.902444, -37.716974], [144.902331, -37.71624], [144.902889, -37.714332], [144.901703, -37.71392], [144.901356, -37.712607], [144.898183, -37.709247], [144.891124, -37.710004], [144.888548, -37.710754], [144.891678, -37.715653], [144.892377, -37.717226], [144.891312, -37.722908], [144.891572, -37.724986], [144.890157, -37.730715], [144.890108, -37.73295], [144.89083, -37.734373], [144.892931, -37.734706], [144.892537, -37.737304], [144.910064, -37.744606], [144.908015, -37.756182], [144.916068, -37.756958], [144.916522, -37.759349], [144.917074, -37.761716], [144.919266, -37.766092], [144.920617, -37.772228], [144.926415, -37.77285], [144.927296, -37.772634], [144.935018, -37.773347], [144.936525, -37.773648], [144.937629, -37.772708], [144.938479, -37.771629], [144.937499, -37.771028], [144.93517, -37.770678], [144.935904, -37.769519], [144.937885, -37.7686], [144.937722, -37.76723], [144.93801, -37.7663], [144.938167, -37.764186], [144.96213, -37.767049], [144.9624, -37.765495], [144.981068, -37.76748], [144.983155, -37.767316], [144.983951, -37.767407], [144.984959, -37.766743]]]}}]}